trial,final_step,trapped,contact_dead,boundary_dead
0,1,1,1,0
1,1,1,1,0
2,2,1,1,0
3,2,1,1,0
4,3,1,1,0
5,5,1,1,0
6,9,1,1,0
7,7,1,1,0
8,4,1,1,0
9,8,1,1,0
10,4,1,1,0
11,2,1,1,0
12,7,1,1,0
13,3,1,1,0
14,5,1,1,0
15,3,1,1,0
16,6,1,1,0
17,8,1,1,0
18,5,1,1,0
19,5,1,1,0
20,7,1,1,0
21,2,1,1,0
22,3,1,1,0
23,6,1,1,0
24,1,1,1,0
25,1,1,1,0
26,2,1,1,0
27,2,1,1,0
28,6,1,1,0
29,14,1,1,0
30,5,1,1,0
31,1,1,1,0
32,1,1,1,0
33,12,1,1,0
34,1,1,1,0
35,7,1,1,0
36,3,1,1,0
37,1,1,1,0
38,1,1,1,0
39,8,1,1,0
40,1,1,1,0
41,3,1,1,0
42,2,1,1,0
43,7,1,1,0
44,8,1,1,0
45,4,1,1,0
46,5,1,1,0
47,3,1,1,0
48,1,1,1,0
49,9,1,1,0
50,7,1,1,0
51,10,1,1,0
52,1,1,1,0
53,6,1,1,0
54,3,1,1,0
55,2,1,1,0
56,1,1,1,0
57,10,1,1,0
58,5,1,1,0
59,4,1,1,0
60,1,1,1,0
61,3,1,1,0
62,3,1,1,0
63,2,1,1,0
64,13,1,1,0
65,3,1,1,0
66,5,1,1,0
67,1,1,1,0
68,4,1,1,0
69,1,1,1,0
70,1,1,1,0
71,1,1,1,0
72,7,1,1,0
73,1,1,1,0
74,3,1,1,0
75,3,1,1,0
76,1,1,1,0
77,1,1,1,0
78,9,1,1,0
79,1,1,1,0
80,1,1,1,0
81,5,1,1,0
82,6,1,1,0
83,1,1,1,0
84,9,1,1,0
85,7,1,1,0
86,2,1,1,0
87,1,1,1,0
88,2,1,1,0
89,4,1,1,0
90,12,1,1,0
91,3,1,1,0
92,1,1,1,0
93,2,1,1,0
94,1,1,1,0
95,4,1,1,0
96,4,1,1,0
97,4,1,1,0
98,3,1,1,0
99,4,1,1,0
100,1,1,1,0
101,3,1,1,0
102,4,1,1,0
103,7,1,1,0
104,4,1,1,0
105,3,1,1,0
106,1,1,1,0
107,5,1,1,0
108,2,1,1,0
109,3,1,1,0
110,3,1,1,0
111,3,1,1,0
112,6,1,1,0
113,5,1,1,0
114,8,1,1,0
115,1,1,1,0
116,3,1,1,0
117,7,1,1,0
118,2,1,1,0
119,8,1,1,0
120,6,1,1,0
121,2,1,1,0
122,5,1,1,0
123,3,1,1,0
124,2,1,1,0
125,2,1,1,0
126,4,1,1,0
127,2,1,1,0
128,4,1,1,0
129,2,1,1,0
130,3,1,1,0
131,1,1,1,0
132,3,1,1,0
133,2,1,1,0
134,4,1,1,0
135,6,1,1,0
136,8,1,1,0
137,1,1,1,0
138,4,1,1,0
139,1,1,1,0
140,3,1,1,0
141,3,1,1,0
142,2,1,1,0
143,5,1,1,0
144,4,1,1,0
145,1,1,1,0
146,3,1,1,0
147,3,1,1,0
148,5,1,1,0
149,1,1,1,0
150,4,1,1,0
151,7,1,1,0
152,1,1,1,0
153,6,1,1,0
154,1,1,1,0
155,1,1,1,0
156,4,1,1,0
157,1,1,1,0
158,6,1,1,0
159,1,1,1,0
160,3,1,1,0
161,1,1,1,0
162,6,1,1,0
163,1,1,1,0
164,8,1,1,0
165,2,1,1,0
166,6,1,1,0
167,3,1,1,0
168,1,1,1,0
169,3,1,1,0
170,7,1,1,0
171,3,1,1,0
172,9,1,1,0
173,1,1,1,0
174,5,1,1,0
175,3,1,1,0
176,3,1,1,0
177,11,1,1,0
178,2,1,1,0
179,6,1,1,0
180,1,1,1,0
181,1,1,1,0
182,4,1,1,0
183,1,1,1,0
184,2,1,1,0
185,3,1,1,0
186,6,1,1,0
187,2,1,1,0
188,7,1,1,0
189,3,1,1,0
190,6,1,1,0
191,7,1,1,0
192,5,1,1,0
193,2,1,1,0
194,4,1,1,0
195,1,1,1,0
196,1,1,1,0
197,3,1,1,0
198,2,1,1,0
199,2,1,1,0
200,3,1,1,0
201,1,1,1,0
202,1,1,1,0
203,9,1,1,0
204,2,1,1,0
205,4,1,1,0
206,1,1,1,0
207,9,1,1,0
208,3,1,1,0
209,7,1,1,0
210,1,1,1,0
211,1,1,1,0
212,1,1,1,0
213,6,1,1,0
214,3,1,1,0
215,1,1,1,0
216,7,1,1,0
217,2,1,1,0
218,1,1,1,0
219,4,1,1,0
220,1,1,1,0
221,6,1,1,0
222,1,1,1,0
223,3,1,1,0
224,6,1,1,0
225,2,1,1,0
226,2,1,1,0
227,1,1,1,0
228,3,1,1,0
229,2,1,1,0
230,5,1,1,0
231,5,1,1,0
232,3,1,1,0
233,9,1,1,0
234,1,1,1,0
235,1,1,1,0
236,5,1,1,0
237,2,1,1,0
238,3,1,1,0
239,4,1,1,0
240,1,1,1,0
241,4,1,1,0
242,3,1,1,0
243,1,1,1,0
244,2,1,1,0
245,1,1,1,0
246,1,1,1,0
247,2,1,1,0
248,5,1,1,0
249,2,1,1,0
250,1,1,1,0
251,2,1,1,0
252,3,1,1,0
253,3,1,1,0
254,2,1,1,0
255,3,1,1,0
256,5,1,1,0
257,4,1,1,0
258,3,1,1,0
259,2,1,1,0
260,1,1,1,0
261,6,1,1,0
262,2,1,1,0
263,1,1,1,0
264,6,1,1,0
265,2,1,1,0
266,1,1,1,0
267,1,1,1,0
268,1,1,1,0
269,20,1,1,0
270,2,1,1,0
271,1,1,1,0
272,9,1,1,0
273,4,1,1,0
274,1,1,1,0
275,1,1,1,0
276,1,1,1,0
277,2,1,1,0
278,5,1,1,0
279,7,1,1,0
280,3,1,1,0
281,4,1,1,0
282,8,1,1,0
283,5,1,1,0
284,8,1,1,0
285,3,1,1,0
286,3,1,1,0
287,1,1,1,0
288,3,1,1,0
289,1,1,1,0
290,2,1,1,0
291,6,1,1,0
292,2,1,1,0
293,1,1,1,0
294,10,1,1,0
295,6,1,1,0
296,1,1,1,0
297,1,1,1,0
298,2,1,1,0
299,1,1,1,0
300,4,1,1,0
301,8,1,1,0
302,4,1,1,0
303,6,1,1,0
304,1,1,1,0
305,5,1,1,0
306,1,1,1,0
307,2,1,1,0
308,4,1,1,0
309,1,1,1,0
310,4,1,1,0
311,1,1,1,0
312,1,1,1,0
313,3,1,1,0
314,1,1,1,0
315,1,1,1,0
316,5,1,1,0
317,3,1,1,0
318,1,1,1,0
319,2,1,1,0
320,3,1,1,0
321,2,1,1,0
322,3,1,1,0
323,1,1,1,0
324,1,1,1,0
325,5,1,1,0
326,3,1,1,0
327,3,1,1,0
328,2,1,1,0
329,2,1,1,0
330,6,1,1,0
331,1,1,1,0
332,3,1,1,0
333,2,1,1,0
334,1,1,1,0
335,1,1,1,0
336,2,1,1,0
337,1,1,1,0
338,5,1,1,0
339,3,1,1,0
340,7,1,1,0
341,7,1,1,0
342,3,1,1,0
343,2,1,1,0
344,2,1,1,0
345,2,1,1,0
346,15,1,1,0
347,4,1,1,0
348,1,1,1,0
349,2,1,1,0
350,1,1,1,0
351,3,1,1,0
352,9,1,1,0
353,4,1,1,0
354,6,1,1,0
355,4,1,1,0
356,2,1,1,0
357,6,1,1,0
358,4,1,1,0
359,2,1,1,0
360,1,1,1,0
361,1,1,1,0
362,1,1,1,0
363,2,1,1,0
364,1,1,1,0
365,7,1,1,0
366,3,1,1,0
367,2,1,1,0
368,1,1,1,0
369,3,1,1,0
370,8,1,1,0
371,4,1,1,0
372,1,1,1,0
373,2,1,1,0
374,3,1,1,0
375,3,1,1,0
376,1,1,1,0
377,2,1,1,0
378,1,1,1,0
379,2,1,1,0
380,1,1,1,0
381,1,1,1,0
382,15,1,1,0
383,1,1,1,0
384,1,1,1,0
385,6,1,1,0
386,5,1,1,0
387,1,1,1,0
388,6,1,1,0
389,5,1,1,0
390,1,1,1,0
391,1,1,1,0
392,2,1,1,0
393,7,1,1,0
394,11,1,1,0
395,4,1,1,0
396,4,1,1,0
397,5,1,1,0
398,1,1,1,0
399,3,1,1,0
400,4,1,1,0
401,5,1,1,0
402,3,1,1,0
403,6,1,1,0
404,1,1,1,0
405,3,1,1,0
406,4,1,1,0
407,1,1,1,0
408,11,1,1,0
409,3,1,1,0
410,1,1,1,0
411,1,1,1,0
412,3,1,1,0
413,4,1,1,0
414,1,1,1,0
415,1,1,1,0
416,4,1,1,0
417,1,1,1,0
418,10,1,1,0
419,3,1,1,0
420,2,1,1,0
421,11,1,1,0
422,2,1,1,0
423,1,1,1,0
424,3,1,1,0
425,3,1,1,0
426,6,1,1,0
427,3,1,1,0
428,3,1,1,0
429,7,1,1,0
430,2,1,1,0
431,2,1,1,0
432,2,1,1,0
433,2,1,1,0
434,3,1,1,0
435,10,1,1,0
436,7,1,1,0
437,7,1,1,0
438,9,1,1,0
439,2,1,1,0
440,2,1,1,0
441,8,1,1,0
442,2,1,1,0
443,7,1,1,0
444,2,1,1,0
445,4,1,1,0
446,7,1,1,0
447,2,1,1,0
448,6,1,1,0
449,4,1,1,0
450,2,1,1,0
451,2,1,1,0
452,1,1,1,0
453,3,1,1,0
454,9,1,1,0
455,2,1,1,0
456,2,1,1,0
457,3,1,1,0
458,8,1,1,0
459,3,1,1,0
460,1,1,1,0
461,5,1,1,0
462,3,1,1,0
463,1,1,1,0
464,11,1,1,0
465,2,1,1,0
466,1,1,1,0
467,1,1,1,0
468,5,1,1,0
469,1,1,1,0
470,3,1,1,0
471,3,1,1,0
472,3,1,1,0
473,3,1,1,0
474,4,1,1,0
475,3,1,1,0
476,4,1,1,0
477,5,1,1,0
478,1,1,1,0
479,2,1,1,0
480,1,1,1,0
481,1,1,1,0
482,1,1,1,0
483,1,1,1,0
484,1,1,1,0
485,3,1,1,0
486,2,1,1,0
487,1,1,1,0
488,3,1,1,0
489,3,1,1,0
490,2,1,1,0
491,8,1,1,0
492,1,1,1,0
493,5,1,1,0
494,3,1,1,0
495,3,1,1,0
496,28,1,1,0
497,5,1,1,0
498,4,1,1,0
499,4,1,1,0
500,6,1,1,0
501,8,1,1,0
502,1,1,1,0
503,5,1,1,0
504,5,1,1,0
505,1,1,1,0
506,3,1,1,0
507,1,1,1,0
508,1,1,1,0
509,7,1,1,0
510,5,1,1,0
511,2,1,1,0
512,6,1,1,0
513,5,1,1,0
514,4,1,1,0
515,2,1,1,0
516,2,1,1,0
517,5,1,1,0
518,3,1,1,0
519,1,1,1,0
520,1,1,1,0
521,1,1,1,0
522,7,1,1,0
523,1,1,1,0
524,16,1,1,0
525,1,1,1,0
526,1,1,1,0
527,1,1,1,0
528,2,1,1,0
529,4,1,1,0
530,4,1,1,0
531,6,1,1,0
532,6,1,1,0
533,3,1,1,0
534,3,1,1,0
535,3,1,1,0
536,4,1,1,0
537,3,1,1,0
538,1,1,1,0
539,4,1,1,0
540,1,1,1,0
541,1,1,1,0
542,8,1,1,0
543,3,1,1,0
544,6,1,1,0
545,3,1,1,0
546,8,1,1,0
547,3,1,1,0
548,6,1,1,0
549,1,1,1,0
550,3,1,1,0
551,2,1,1,0
552,6,1,1,0
553,6,1,1,0
554,2,1,1,0
555,1,1,1,0
556,6,1,1,0
557,2,1,1,0
558,4,1,1,0
559,2,1,1,0
560,1,1,1,0
561,1,1,1,0
562,3,1,1,0
563,3,1,1,0
564,3,1,1,0
565,1,1,1,0
566,6,1,1,0
567,4,1,1,0
568,1,1,1,0
569,7,1,1,0
570,2,1,1,0
571,2,1,1,0
572,4,1,1,0
573,6,1,1,0
574,3,1,1,0
575,2,1,1,0
576,1,1,1,0
577,2,1,1,0
578,2,1,1,0
579,1,1,1,0
580,6,1,1,0
581,4,1,1,0
582,3,1,1,0
583,5,1,1,0
584,1,1,1,0
585,1,1,1,0
586,1,1,1,0
587,11,1,1,0
588,6,1,1,0
589,5,1,1,0
590,7,1,1,0
591,3,1,1,0
592,2,1,1,0
593,3,1,1,0
594,1,1,1,0
595,1,1,1,0
596,11,1,1,0
597,2,1,1,0
598,1,1,1,0
599,3,1,1,0
600,7,1,1,0
601,1,1,1,0
602,3,1,1,0
603,1,1,1,0
604,3,1,1,0
605,2,1,1,0
606,1,1,1,0
607,1,1,1,0
608,3,1,1,0
609,1,1,1,0
610,1,1,1,0
611,2,1,1,0
612,1,1,1,0
613,2,1,1,0
614,2,1,1,0
615,5,1,1,0
616,2,1,1,0
617,3,1,1,0
618,3,1,1,0
619,8,1,1,0
620,3,1,1,0
621,6,1,1,0
622,1,1,1,0
623,3,1,1,0
624,2,1,1,0
625,3,1,1,0
626,1,1,1,0
627,25,1,1,0
628,7,1,1,0
629,4,1,1,0
630,3,1,1,0
631,1,1,1,0
632,1,1,1,0
633,9,1,1,0
634,4,1,1,0
635,9,1,1,0
636,3,1,1,0
637,1,1,1,0
638,2,1,1,0
639,4,1,1,0
640,6,1,1,0
641,4,1,1,0
642,2,1,1,0
643,2,1,1,0
644,6,1,1,0
645,1,1,1,0
646,1,1,1,0
647,2,1,1,0
648,2,1,1,0
649,5,1,1,0
650,1,1,1,0
651,3,1,1,0
652,4,1,1,0
653,3,1,1,0
654,3,1,1,0
655,1,1,1,0
656,9,1,1,0
657,7,1,1,0
658,3,1,1,0
659,1,1,1,0
660,1,1,1,0
661,5,1,1,0
662,1,1,1,0
663,1,1,1,0
664,2,1,1,0
665,1,1,1,0
666,5,1,1,0
667,1,1,1,0
668,2,1,1,0
669,4,1,1,0
670,6,1,1,0
671,9,1,1,0
672,3,1,1,0
673,4,1,1,0
674,2,1,1,0
675,2,1,1,0
676,5,1,1,0
677,5,1,1,0
678,3,1,1,0
679,18,1,1,0
680,1,1,1,0
681,14,1,1,0
682,4,1,1,0
683,3,1,1,0
684,1,1,1,0
685,3,1,1,0
686,3,1,1,0
687,4,1,1,0
688,2,1,1,0
689,3,1,1,0
690,2,1,1,0
691,1,1,1,0
692,2,1,1,0
693,5,1,1,0
694,4,1,1,0
695,4,1,1,0
696,4,1,1,0
697,1,1,1,0
698,4,1,1,0
699,1,1,1,0
700,3,1,1,0
701,3,1,1,0
702,3,1,1,0
703,1,1,1,0
704,4,1,1,0
705,4,1,1,0
706,2,1,1,0
707,2,1,1,0
708,5,1,1,0
709,2,1,1,0
710,6,1,1,0
711,2,1,1,0
712,1,1,1,0
713,5,1,1,0
714,1,1,1,0
715,6,1,1,0
716,2,1,1,0
717,3,1,1,0
718,4,1,1,0
719,1,1,1,0
720,4,1,1,0
721,5,1,1,0
722,6,1,1,0
723,1,1,1,0
724,8,1,1,0
725,1,1,1,0
726,4,1,1,0
727,2,1,1,0
728,13,1,1,0
729,4,1,1,0
730,2,1,1,0
731,2,1,1,0
732,1,1,1,0
733,1,1,1,0
734,5,1,1,0
735,2,1,1,0
736,2,1,1,0
737,1,1,1,0
738,6,1,1,0
739,3,1,1,0
740,4,1,1,0
741,1,1,1,0
742,1,1,1,0
743,1,1,1,0
744,2,1,1,0
745,7,1,1,0
746,4,1,1,0
747,3,1,1,0
748,3,1,1,0
749,2,1,1,0
750,3,1,1,0
751,1,1,1,0
752,5,1,1,0
753,5,1,1,0
754,2,1,1,0
755,7,1,1,0
756,10,1,1,0
757,1,1,1,0
758,3,1,1,0
759,1,1,1,0
760,4,1,1,0
761,1,1,1,0
762,4,1,1,0
763,4,1,1,0
764,5,1,1,0
765,3,1,1,0
766,1,1,1,0
767,2,1,1,0
768,1,1,1,0
769,2,1,1,0
770,2,1,1,0
771,3,1,1,0
772,6,1,1,0
773,6,1,1,0
774,1,1,1,0
775,3,1,1,0
776,6,1,1,0
777,5,1,1,0
778,4,1,1,0
779,4,1,1,0
780,2,1,1,0
781,9,1,1,0
782,2,1,1,0
783,2,1,1,0
784,1,1,1,0
785,8,1,1,0
786,1,1,1,0
787,3,1,1,0
788,8,1,1,0
789,8,1,1,0
790,3,1,1,0
791,2,1,1,0
792,8,1,1,0
793,9,1,1,0
794,2,1,1,0
795,2,1,1,0
796,10,1,1,0
797,2,1,1,0
798,1,1,1,0
799,5,1,1,0
800,3,1,1,0
801,2,1,1,0
802,1,1,1,0
803,3,1,1,0
804,2,1,1,0
805,3,1,1,0
806,7,1,1,0
807,1,1,1,0
808,2,1,1,0
809,11,1,1,0
810,2,1,1,0
811,1,1,1,0
812,1,1,1,0
813,2,1,1,0
814,2,1,1,0
815,1,1,1,0
816,1,1,1,0
817,1,1,1,0
818,1,1,1,0
819,3,1,1,0
820,4,1,1,0
821,11,1,1,0
822,7,1,1,0
823,6,1,1,0
824,8,1,1,0
825,9,1,1,0
826,3,1,1,0
827,5,1,1,0
828,2,1,1,0
829,2,1,1,0
830,2,1,1,0
831,6,1,1,0
832,1,1,1,0
833,3,1,1,0
834,1,1,1,0
835,2,1,1,0
836,5,1,1,0
837,4,1,1,0
838,1,1,1,0
839,6,1,1,0
840,1,1,1,0
841,5,1,1,0
842,3,1,1,0
843,1,1,1,0
844,4,1,1,0
845,1,1,1,0
846,4,1,1,0
847,3,1,1,0
848,1,1,1,0
849,3,1,1,0
850,11,1,1,0
851,3,1,1,0
852,7,1,1,0
853,5,1,1,0
854,2,1,1,0
855,1,1,1,0
856,4,1,1,0
857,7,1,1,0
858,9,1,1,0
859,3,1,1,0
860,3,1,1,0
861,7,1,1,0
862,2,1,1,0
863,1,1,1,0
864,2,1,1,0
865,1,1,1,0
866,1,1,1,0
867,5,1,1,0
868,6,1,1,0
869,4,1,1,0
870,7,1,1,0
871,4,1,1,0
872,3,1,1,0
873,5,1,1,0
874,5,1,1,0
875,7,1,1,0
876,3,1,1,0
877,2,1,1,0
878,1,1,1,0
879,2,1,1,0
880,2,1,1,0
881,6,1,1,0
882,5,1,1,0
883,3,1,1,0
884,6,1,1,0
885,2,1,1,0
886,8,1,1,0
887,1,1,1,0
888,3,1,1,0
889,3,1,1,0
890,7,1,1,0
891,5,1,1,0
892,2,1,1,0
893,1,1,1,0
894,3,1,1,0
895,2,1,1,0
896,1,1,1,0
897,3,1,1,0
898,2,1,1,0
899,1,1,1,0
900,9,1,1,0
901,3,1,1,0
902,8,1,1,0
903,6,1,1,0
904,1,1,1,0
905,3,1,1,0
906,3,1,1,0
907,1,1,1,0
908,3,1,1,0
909,1,1,1,0
910,2,1,1,0
911,7,1,1,0
912,1,1,1,0
913,3,1,1,0
914,1,1,1,0
915,1,1,1,0
916,1,1,1,0
917,3,1,1,0
918,1,1,1,0
919,2,1,1,0
920,1,1,1,0
921,2,1,1,0
922,6,1,1,0
923,4,1,1,0
924,2,1,1,0
925,3,1,1,0
926,4,1,1,0
927,3,1,1,0
928,5,1,1,0
929,1,1,1,0
930,3,1,1,0
931,1,1,1,0
932,3,1,1,0
933,2,1,1,0
934,4,1,1,0
935,5,1,1,0
936,2,1,1,0
937,5,1,1,0
938,4,1,1,0
939,3,1,1,0
940,1,1,1,0
941,7,1,1,0
942,6,1,1,0
943,2,1,1,0
944,1,1,1,0
945,1,1,1,0
946,4,1,1,0
947,4,1,1,0
948,1,1,1,0
949,3,1,1,0
950,3,1,1,0
951,3,1,1,0
952,10,1,1,0
953,2,1,1,0
954,9,1,1,0
955,2,1,1,0
956,3,1,1,0
957,3,1,1,0
958,1,1,1,0
959,1,1,1,0
960,1,1,1,0
961,12,1,1,0
962,4,1,1,0
963,5,1,1,0
964,5,1,1,0
965,4,1,1,0
966,1,1,1,0
967,3,1,1,0
968,2,1,1,0
969,1,1,1,0
970,5,1,1,0
971,6,1,1,0
972,6,1,1,0
973,5,1,1,0
974,4,1,1,0
975,2,1,1,0
976,5,1,1,0
977,4,1,1,0
978,2,1,1,0
979,1,1,1,0
980,6,1,1,0
981,4,1,1,0
982,5,1,1,0
983,14,1,1,0
984,16,1,1,0
985,1,1,1,0
986,4,1,1,0
987,2,1,1,0
988,1,1,1,0
989,11,1,1,0
990,6,1,1,0
991,10,1,1,0
992,3,1,1,0
993,2,1,1,0
994,4,1,1,0
995,1,1,1,0
996,7,1,1,0
997,2,1,1,0
998,2,1,1,0
999,7,1,1,0
1000,1,1,1,0
1001,2,1,1,0
1002,5,1,1,0
1003,1,1,1,0
1004,6,1,1,0
1005,1,1,1,0
1006,2,1,1,0
1007,3,1,1,0
1008,1,1,1,0
1009,1,1,1,0
1010,1,1,1,0
1011,4,1,1,0
1012,11,1,1,0
1013,9,1,1,0
1014,6,1,1,0
1015,3,1,1,0
1016,15,1,1,0
1017,13,1,1,0
1018,3,1,1,0
1019,6,1,1,0
1020,1,1,1,0
1021,4,1,1,0
1022,1,1,1,0
1023,9,1,1,0
1024,5,1,1,0
1025,4,1,1,0
1026,4,1,1,0
1027,4,1,1,0
1028,5,1,1,0
1029,2,1,1,0
1030,5,1,1,0
1031,5,1,1,0
1032,6,1,1,0
1033,4,1,1,0
1034,6,1,1,0
1035,3,1,1,0
1036,6,1,1,0
1037,2,1,1,0
1038,1,1,1,0
1039,4,1,1,0
1040,3,1,1,0
1041,1,1,1,0
1042,3,1,1,0
1043,4,1,1,0
1044,1,1,1,0
1045,5,1,1,0
1046,3,1,1,0
1047,5,1,1,0
1048,2,1,1,0
1049,1,1,1,0
1050,4,1,1,0
1051,1,1,1,0
1052,3,1,1,0
1053,2,1,1,0
1054,2,1,1,0
1055,12,1,1,0
1056,4,1,1,0
1057,3,1,1,0
1058,2,1,1,0
1059,5,1,1,0
1060,2,1,1,0
1061,3,1,1,0
1062,1,1,1,0
1063,1,1,1,0
1064,1,1,1,0
1065,2,1,1,0
1066,5,1,1,0
1067,1,1,1,0
1068,2,1,1,0
1069,14,1,1,0
1070,2,1,1,0
1071,4,1,1,0
1072,1,1,1,0
1073,3,1,1,0
1074,2,1,1,0
1075,3,1,1,0
1076,1,1,1,0
1077,6,1,1,0
1078,1,1,1,0
1079,8,1,1,0
1080,7,1,1,0
1081,13,1,1,0
1082,2,1,1,0
1083,2,1,1,0
1084,7,1,1,0
1085,3,1,1,0
1086,2,1,1,0
1087,3,1,1,0
1088,16,1,1,0
1089,4,1,1,0
1090,3,1,1,0
1091,1,1,1,0
1092,1,1,1,0
1093,2,1,1,0
1094,1,1,1,0
1095,3,1,1,0
1096,5,1,1,0
1097,4,1,1,0
1098,4,1,1,0
1099,7,1,1,0
1100,1,1,1,0
1101,7,1,1,0
1102,1,1,1,0
1103,3,1,1,0
1104,3,1,1,0
1105,5,1,1,0
1106,1,1,1,0
1107,3,1,1,0
1108,6,1,1,0
1109,4,1,1,0
1110,1,1,1,0
1111,5,1,1,0
1112,2,1,1,0
1113,2,1,1,0
1114,2,1,1,0
1115,2,1,1,0
1116,3,1,1,0
1117,11,1,1,0
1118,6,1,1,0
1119,5,1,1,0
1120,1,1,1,0
1121,5,1,1,0
1122,7,1,1,0
1123,1,1,1,0
1124,1,1,1,0
1125,3,1,1,0
1126,1,1,1,0
1127,5,1,1,0
1128,3,1,1,0
1129,6,1,1,0
1130,4,1,1,0
1131,2,1,1,0
1132,4,1,1,0
1133,6,1,1,0
1134,2,1,1,0
1135,2,1,1,0
1136,2,1,1,0
1137,2,1,1,0
1138,7,1,1,0
1139,2,1,1,0
1140,4,1,1,0
1141,3,1,1,0
1142,4,1,1,0
1143,5,1,1,0
1144,7,1,1,0
1145,4,1,1,0
1146,3,1,1,0
1147,6,1,1,0
1148,1,1,1,0
1149,2,1,1,0
1150,3,1,1,0
1151,2,1,1,0
1152,1,1,1,0
1153,6,1,1,0
1154,8,1,1,0
1155,3,1,1,0
1156,6,1,1,0
1157,6,1,1,0
1158,4,1,1,0
1159,1,1,1,0
1160,3,1,1,0
1161,2,1,1,0
1162,3,1,1,0
1163,2,1,1,0
1164,4,1,1,0
1165,6,1,1,0
1166,5,1,1,0
1167,7,1,1,0
1168,1,1,1,0
1169,6,1,1,0
1170,1,1,1,0
1171,5,1,1,0
1172,4,1,1,0
1173,5,1,1,0
1174,4,1,1,0
1175,4,1,1,0
1176,4,1,1,0
1177,2,1,1,0
1178,1,1,1,0
1179,5,1,1,0
1180,9,1,1,0
1181,2,1,1,0
1182,3,1,1,0
1183,1,1,1,0
1184,1,1,1,0
1185,1,1,1,0
1186,3,1,1,0
1187,3,1,1,0
1188,2,1,1,0
1189,2,1,1,0
1190,4,1,1,0
1191,3,1,1,0
1192,8,1,1,0
1193,6,1,1,0
1194,3,1,1,0
1195,6,1,1,0
1196,1,1,1,0
1197,2,1,1,0
1198,3,1,1,0
1199,1,1,1,0
1200,1,1,1,0
1201,3,1,1,0
1202,7,1,1,0
1203,3,1,1,0
1204,7,1,1,0
1205,12,1,1,0
1206,6,1,1,0
1207,12,1,1,0
1208,10,1,1,0
1209,1,1,1,0
1210,3,1,1,0
1211,1,1,1,0
1212,2,1,1,0
1213,8,1,1,0
1214,3,1,1,0
1215,2,1,1,0
1216,5,1,1,0
1217,2,1,1,0
1218,4,1,1,0
1219,5,1,1,0
1220,3,1,1,0
1221,1,1,1,0
1222,6,1,1,0
1223,1,1,1,0
1224,6,1,1,0
1225,4,1,1,0
1226,9,1,1,0
1227,1,1,1,0
1228,2,1,1,0
1229,1,1,1,0
1230,1,1,1,0
1231,2,1,1,0
1232,7,1,1,0
1233,2,1,1,0
1234,2,1,1,0
1235,1,1,1,0
1236,4,1,1,0
1237,4,1,1,0
1238,3,1,1,0
1239,4,1,1,0
1240,1,1,1,0
1241,2,1,1,0
1242,3,1,1,0
1243,5,1,1,0
1244,5,1,1,0
1245,1,1,1,0
1246,3,1,1,0
1247,1,1,1,0
1248,2,1,1,0
1249,1,1,1,0
1250,5,1,1,0
1251,3,1,1,0
1252,3,1,1,0
1253,1,1,1,0
1254,7,1,1,0
1255,5,1,1,0
1256,1,1,1,0
1257,5,1,1,0
1258,1,1,1,0
1259,2,1,1,0
1260,5,1,1,0
1261,2,1,1,0
1262,4,1,1,0
1263,1,1,1,0
1264,1,1,1,0
1265,9,1,1,0
1266,9,1,1,0
1267,3,1,1,0
1268,1,1,1,0
1269,3,1,1,0
1270,2,1,1,0
1271,7,1,1,0
1272,6,1,1,0
1273,4,1,1,0
1274,1,1,1,0
1275,9,1,1,0
1276,1,1,1,0
1277,1,1,1,0
1278,6,1,1,0
1279,1,1,1,0
1280,1,1,1,0
1281,1,1,1,0
1282,4,1,1,0
1283,4,1,1,0
1284,3,1,1,0
1285,3,1,1,0
1286,2,1,1,0
1287,4,1,1,0
1288,1,1,1,0
1289,12,1,1,0
1290,2,1,1,0
1291,3,1,1,0
1292,4,1,1,0
1293,1,1,1,0
1294,3,1,1,0
1295,1,1,1,0
1296,2,1,1,0
1297,1,1,1,0
1298,2,1,1,0
1299,3,1,1,0
1300,1,1,1,0
1301,4,1,1,0
1302,2,1,1,0
1303,1,1,1,0
1304,1,1,1,0
1305,7,1,1,0
1306,2,1,1,0
1307,1,1,1,0
1308,1,1,1,0
1309,1,1,1,0
1310,3,1,1,0
1311,5,1,1,0
1312,5,1,1,0
1313,2,1,1,0
1314,7,1,1,0
1315,3,1,1,0
1316,3,1,1,0
1317,1,1,1,0
1318,4,1,1,0
1319,4,1,1,0
1320,5,1,1,0
1321,4,1,1,0
1322,2,1,1,0
1323,1,1,1,0
1324,2,1,1,0
1325,4,1,1,0
1326,4,1,1,0
1327,8,1,1,0
1328,5,1,1,0
1329,10,1,1,0
1330,3,1,1,0
1331,1,1,1,0
1332,6,1,1,0
1333,11,1,1,0
1334,9,1,1,0
1335,9,1,1,0
1336,1,1,1,0
1337,2,1,1,0
1338,1,1,1,0
1339,3,1,1,0
1340,1,1,1,0
1341,1,1,1,0
1342,2,1,1,0
1343,1,1,1,0
1344,1,1,1,0
1345,1,1,1,0
1346,4,1,1,0
1347,1,1,1,0
1348,1,1,1,0
1349,4,1,1,0
1350,4,1,1,0
1351,7,1,1,0
1352,1,1,1,0
1353,3,1,1,0
1354,3,1,1,0
1355,3,1,1,0
1356,2,1,1,0
1357,1,1,1,0
1358,2,1,1,0
1359,3,1,1,0
1360,1,1,1,0
1361,9,1,1,0
1362,3,1,1,0
1363,4,1,1,0
1364,1,1,1,0
1365,1,1,1,0
1366,7,1,1,0
1367,5,1,1,0
1368,4,1,1,0
1369,4,1,1,0
1370,4,1,1,0
1371,12,1,1,0
1372,3,1,1,0
1373,3,1,1,0
1374,1,1,1,0
1375,8,1,1,0
1376,3,1,1,0
1377,1,1,1,0
1378,3,1,1,0
1379,5,1,1,0
1380,5,1,1,0
1381,3,1,1,0
1382,3,1,1,0
1383,6,1,1,0
1384,1,1,1,0
1385,2,1,1,0
1386,18,1,1,0
1387,1,1,1,0
1388,2,1,1,0
1389,4,1,1,0
1390,1,1,1,0
1391,2,1,1,0
1392,7,1,1,0
1393,3,1,1,0
1394,9,1,1,0
1395,5,1,1,0
1396,10,1,1,0
1397,2,1,1,0
1398,7,1,1,0
1399,7,1,1,0
1400,8,1,1,0
1401,6,1,1,0
1402,1,1,1,0
1403,2,1,1,0
1404,2,1,1,0
1405,4,1,1,0
1406,1,1,1,0
1407,1,1,1,0
1408,2,1,1,0
1409,3,1,1,0
1410,1,1,1,0
1411,1,1,1,0
1412,11,1,1,0
1413,4,1,1,0
1414,3,1,1,0
1415,3,1,1,0
1416,6,1,1,0
1417,4,1,1,0
1418,2,1,1,0
1419,4,1,1,0
1420,3,1,1,0
1421,2,1,1,0
1422,3,1,1,0
1423,1,1,1,0
1424,7,1,1,0
1425,1,1,1,0
1426,5,1,1,0
1427,3,1,1,0
1428,3,1,1,0
1429,1,1,1,0
1430,7,1,1,0
1431,11,1,1,0
1432,8,1,1,0
1433,4,1,1,0
1434,4,1,1,0
1435,1,1,1,0
1436,1,1,1,0
1437,2,1,1,0
1438,4,1,1,0
1439,1,1,1,0
1440,5,1,1,0
1441,3,1,1,0
1442,1,1,1,0
1443,6,1,1,0
1444,4,1,1,0
1445,3,1,1,0
1446,1,1,1,0
1447,10,1,1,0
1448,2,1,1,0
1449,2,1,1,0
1450,4,1,1,0
1451,1,1,1,0
1452,6,1,1,0
1453,1,1,1,0
1454,4,1,1,0
1455,17,1,1,0
1456,7,1,1,0
1457,1,1,1,0
1458,3,1,1,0
1459,5,1,1,0
1460,3,1,1,0
1461,5,1,1,0
1462,4,1,1,0
1463,2,1,1,0
1464,1,1,1,0
1465,3,1,1,0
1466,2,1,1,0
1467,1,1,1,0
1468,8,1,1,0
1469,1,1,1,0
1470,3,1,1,0
1471,1,1,1,0
1472,5,1,1,0
1473,1,1,1,0
1474,3,1,1,0
1475,2,1,1,0
1476,3,1,1,0
1477,3,1,1,0
1478,3,1,1,0
1479,2,1,1,0
1480,1,1,1,0
1481,1,1,1,0
1482,1,1,1,0
1483,5,1,1,0
1484,2,1,1,0
1485,5,1,1,0
1486,5,1,1,0
1487,2,1,1,0
1488,5,1,1,0
1489,5,1,1,0
1490,2,1,1,0
1491,5,1,1,0
1492,3,1,1,0
1493,1,1,1,0
1494,1,1,1,0
1495,3,1,1,0
1496,6,1,1,0
1497,3,1,1,0
1498,17,1,1,0
1499,4,1,1,0
1500,12,1,1,0
1501,7,1,1,0
1502,1,1,1,0
1503,5,1,1,0
1504,1,1,1,0
1505,4,1,1,0
1506,2,1,1,0
1507,1,1,1,0
1508,1,1,1,0
1509,3,1,1,0
1510,1,1,1,0
1511,10,1,1,0
1512,2,1,1,0
1513,1,1,1,0
1514,7,1,1,0
1515,3,1,1,0
1516,4,1,1,0
1517,2,1,1,0
1518,1,1,1,0
1519,3,1,1,0
1520,1,1,1,0
1521,4,1,1,0
1522,1,1,1,0
1523,1,1,1,0
1524,6,1,1,0
1525,9,1,1,0
1526,1,1,1,0
1527,3,1,1,0
1528,1,1,1,0
1529,7,1,1,0
1530,7,1,1,0
1531,2,1,1,0
1532,3,1,1,0
1533,5,1,1,0
1534,3,1,1,0
1535,5,1,1,0
1536,1,1,1,0
1537,1,1,1,0
1538,2,1,1,0
1539,5,1,1,0
1540,3,1,1,0
1541,8,1,1,0
1542,6,1,1,0
1543,3,1,1,0
1544,1,1,1,0
1545,1,1,1,0
1546,3,1,1,0
1547,1,1,1,0
1548,3,1,1,0
1549,3,1,1,0
1550,1,1,1,0
1551,6,1,1,0
1552,7,1,1,0
1553,3,1,1,0
1554,1,1,1,0
1555,2,1,1,0
1556,3,1,1,0
1557,9,1,1,0
1558,6,1,1,0
1559,2,1,1,0
1560,6,1,1,0
1561,3,1,1,0
1562,1,1,1,0
1563,1,1,1,0
1564,2,1,1,0
1565,4,1,1,0
1566,4,1,1,0
1567,5,1,1,0
1568,6,1,1,0
1569,3,1,1,0
1570,2,1,1,0
1571,6,1,1,0
1572,1,1,1,0
1573,4,1,1,0
1574,1,1,1,0
1575,1,1,1,0
1576,5,1,1,0
1577,1,1,1,0
1578,2,1,1,0
1579,4,1,1,0
1580,1,1,1,0
1581,2,1,1,0
1582,4,1,1,0
1583,5,1,1,0
1584,3,1,1,0
1585,5,1,1,0
1586,10,1,1,0
1587,1,1,1,0
1588,1,1,1,0
1589,2,1,1,0
1590,1,1,1,0
1591,9,1,1,0
1592,1,1,1,0
1593,8,1,1,0
1594,1,1,1,0
1595,6,1,1,0
1596,1,1,1,0
1597,5,1,1,0
1598,2,1,1,0
1599,1,1,1,0
1600,13,1,1,0
1601,3,1,1,0
1602,4,1,1,0
1603,4,1,1,0
1604,4,1,1,0
1605,3,1,1,0
1606,2,1,1,0
1607,2,1,1,0
1608,3,1,1,0
1609,18,1,1,0
1610,3,1,1,0
1611,2,1,1,0
1612,2,1,1,0
1613,1,1,1,0
1614,2,1,1,0
1615,3,1,1,0
1616,2,1,1,0
1617,1,1,1,0
1618,3,1,1,0
1619,1,1,1,0
1620,5,1,1,0
1621,7,1,1,0
1622,1,1,1,0
1623,1,1,1,0
1624,3,1,1,0
1625,1,1,1,0
1626,3,1,1,0
1627,3,1,1,0
1628,1,1,1,0
1629,2,1,1,0
1630,1,1,1,0
1631,2,1,1,0
1632,3,1,1,0
1633,4,1,1,0
1634,7,1,1,0
1635,1,1,1,0
1636,1,1,1,0
1637,2,1,1,0
1638,4,1,1,0
1639,3,1,1,0
1640,1,1,1,0
1641,7,1,1,0
1642,3,1,1,0
1643,3,1,1,0
1644,1,1,1,0
1645,3,1,1,0
1646,1,1,1,0
1647,4,1,1,0
1648,3,1,1,0
1649,8,1,1,0
1650,2,1,1,0
1651,1,1,1,0
1652,1,1,1,0
1653,1,1,1,0
1654,13,1,1,0
1655,3,1,1,0
1656,3,1,1,0
1657,5,1,1,0
1658,1,1,1,0
1659,1,1,1,0
1660,2,1,1,0
1661,3,1,1,0
1662,2,1,1,0
1663,3,1,1,0
1664,7,1,1,0
1665,2,1,1,0
1666,2,1,1,0
1667,3,1,1,0
1668,1,1,1,0
1669,1,1,1,0
1670,4,1,1,0
1671,2,1,1,0
1672,1,1,1,0
1673,4,1,1,0
1674,4,1,1,0
1675,1,1,1,0
1676,1,1,1,0
1677,3,1,1,0
1678,1,1,1,0
1679,1,1,1,0
1680,2,1,1,0
1681,3,1,1,0
1682,4,1,1,0
1683,2,1,1,0
1684,1,1,1,0
1685,5,1,1,0
1686,6,1,1,0
1687,2,1,1,0
1688,8,1,1,0
1689,1,1,1,0
1690,11,1,1,0
1691,4,1,1,0
1692,12,1,1,0
1693,1,1,1,0
1694,2,1,1,0
1695,2,1,1,0
1696,3,1,1,0
1697,2,1,1,0
1698,4,1,1,0
1699,1,1,1,0
1700,6,1,1,0
1701,1,1,1,0
1702,6,1,1,0
1703,1,1,1,0
1704,5,1,1,0
1705,5,1,1,0
1706,2,1,1,0
1707,2,1,1,0
1708,4,1,1,0
1709,4,1,1,0
1710,3,1,1,0
1711,2,1,1,0
1712,2,1,1,0
1713,5,1,1,0
1714,4,1,1,0
1715,1,1,1,0
1716,1,1,1,0
1717,3,1,1,0
1718,1,1,1,0
1719,4,1,1,0
1720,1,1,1,0
1721,7,1,1,0
1722,3,1,1,0
1723,5,1,1,0
1724,1,1,1,0
1725,2,1,1,0
1726,2,1,1,0
1727,3,1,1,0
1728,1,1,1,0
1729,1,1,1,0
1730,5,1,1,0
1731,1,1,1,0
1732,2,1,1,0
1733,5,1,1,0
1734,12,1,1,0
1735,2,1,1,0
1736,3,1,1,0
1737,1,1,1,0
1738,4,1,1,0
1739,5,1,1,0
1740,3,1,1,0
1741,1,1,1,0
1742,1,1,1,0
1743,5,1,1,0
1744,2,1,1,0
1745,1,1,1,0
1746,4,1,1,0
1747,5,1,1,0
1748,4,1,1,0
1749,4,1,1,0
1750,2,1,1,0
1751,2,1,1,0
1752,2,1,1,0
1753,4,1,1,0
1754,7,1,1,0
1755,8,1,1,0
1756,1,1,1,0
1757,5,1,1,0
1758,7,1,1,0
1759,2,1,1,0
1760,4,1,1,0
1761,2,1,1,0
1762,2,1,1,0
1763,1,1,1,0
1764,1,1,1,0
1765,2,1,1,0
1766,4,1,1,0
1767,1,1,1,0
1768,6,1,1,0
1769,2,1,1,0
1770,1,1,1,0
1771,5,1,1,0
1772,3,1,1,0
1773,13,1,1,0
1774,3,1,1,0
1775,7,1,1,0
1776,14,1,1,0
1777,4,1,1,0
1778,2,1,1,0
1779,5,1,1,0
1780,6,1,1,0
1781,2,1,1,0
1782,5,1,1,0
1783,1,1,1,0
1784,5,1,1,0
1785,1,1,1,0
1786,3,1,1,0
1787,4,1,1,0
1788,3,1,1,0
1789,3,1,1,0
1790,2,1,1,0
1791,1,1,1,0
1792,4,1,1,0
1793,2,1,1,0
1794,11,1,1,0
1795,3,1,1,0
1796,1,1,1,0
1797,3,1,1,0
1798,4,1,1,0
1799,2,1,1,0
1800,5,1,1,0
1801,6,1,1,0
1802,6,1,1,0
1803,2,1,1,0
1804,4,1,1,0
1805,3,1,1,0
1806,4,1,1,0
1807,9,1,1,0
1808,4,1,1,0
1809,3,1,1,0
1810,6,1,1,0
1811,6,1,1,0
1812,1,1,1,0
1813,5,1,1,0
1814,5,1,1,0
1815,5,1,1,0
1816,7,1,1,0
1817,3,1,1,0
1818,3,1,1,0
1819,1,1,1,0
1820,7,1,1,0
1821,8,1,1,0
1822,5,1,1,0
1823,7,1,1,0
1824,2,1,1,0
1825,2,1,1,0
1826,1,1,1,0
1827,2,1,1,0
1828,3,1,1,0
1829,4,1,1,0
1830,1,1,1,0
1831,5,1,1,0
1832,7,1,1,0
1833,5,1,1,0
1834,2,1,1,0
1835,1,1,1,0
1836,2,1,1,0
1837,1,1,1,0
1838,14,1,1,0
1839,6,1,1,0
1840,4,1,1,0
1841,1,1,1,0
1842,3,1,1,0
1843,3,1,1,0
1844,5,1,1,0
1845,14,1,1,0
1846,7,1,1,0
1847,5,1,1,0
1848,3,1,1,0
1849,2,1,1,0
1850,3,1,1,0
1851,2,1,1,0
1852,3,1,1,0
1853,5,1,1,0
1854,2,1,1,0
1855,1,1,1,0
1856,3,1,1,0
1857,1,1,1,0
1858,1,1,1,0
1859,2,1,1,0
1860,13,1,1,0
1861,6,1,1,0
1862,10,1,1,0
1863,7,1,1,0
1864,8,1,1,0
1865,2,1,1,0
1866,3,1,1,0
1867,10,1,1,0
1868,3,1,1,0
1869,2,1,1,0
1870,3,1,1,0
1871,4,1,1,0
1872,2,1,1,0
1873,1,1,1,0
1874,5,1,1,0
1875,2,1,1,0
1876,5,1,1,0
1877,3,1,1,0
1878,2,1,1,0
1879,2,1,1,0
1880,8,1,1,0
1881,4,1,1,0
1882,1,1,1,0
1883,11,1,1,0
1884,5,1,1,0
1885,1,1,1,0
1886,4,1,1,0
1887,4,1,1,0
1888,3,1,1,0
1889,8,1,1,0
1890,2,1,1,0
1891,1,1,1,0
1892,1,1,1,0
1893,7,1,1,0
1894,10,1,1,0
1895,2,1,1,0
1896,4,1,1,0
1897,2,1,1,0
1898,2,1,1,0
1899,1,1,1,0
1900,1,1,1,0
1901,1,1,1,0
1902,5,1,1,0
1903,1,1,1,0
1904,3,1,1,0
1905,4,1,1,0
1906,4,1,1,0
1907,6,1,1,0
1908,2,1,1,0
1909,5,1,1,0
1910,5,1,1,0
1911,5,1,1,0
1912,1,1,1,0
1913,3,1,1,0
1914,3,1,1,0
1915,4,1,1,0
1916,14,1,1,0
1917,1,1,1,0
1918,4,1,1,0
1919,5,1,1,0
1920,3,1,1,0
1921,2,1,1,0
1922,3,1,1,0
1923,8,1,1,0
1924,6,1,1,0
1925,2,1,1,0
1926,2,1,1,0
1927,3,1,1,0
1928,3,1,1,0
1929,5,1,1,0
1930,6,1,1,0
1931,14,1,1,0
1932,1,1,1,0
1933,4,1,1,0
1934,3,1,1,0
1935,1,1,1,0
1936,5,1,1,0
1937,1,1,1,0
1938,1,1,1,0
1939,2,1,1,0
1940,2,1,1,0
1941,1,1,1,0
1942,3,1,1,0
1943,1,1,1,0
1944,2,1,1,0
1945,4,1,1,0
1946,4,1,1,0
1947,1,1,1,0
1948,4,1,1,0
1949,14,1,1,0
1950,7,1,1,0
1951,1,1,1,0
1952,3,1,1,0
1953,1,1,1,0
1954,3,1,1,0
1955,1,1,1,0
1956,1,1,1,0
1957,5,1,1,0
1958,1,1,1,0
1959,1,1,1,0
1960,1,1,1,0
1961,2,1,1,0
1962,1,1,1,0
1963,1,1,1,0
1964,2,1,1,0
1965,1,1,1,0
1966,3,1,1,0
1967,5,1,1,0
1968,1,1,1,0
1969,4,1,1,0
1970,3,1,1,0
1971,2,1,1,0
1972,13,1,1,0
1973,5,1,1,0
1974,1,1,1,0
1975,2,1,1,0
1976,1,1,1,0
1977,5,1,1,0
1978,2,1,1,0
1979,2,1,1,0
1980,1,1,1,0
1981,2,1,1,0
1982,6,1,1,0
1983,4,1,1,0
1984,3,1,1,0
1985,5,1,1,0
1986,4,1,1,0
1987,2,1,1,0
1988,1,1,1,0
1989,2,1,1,0
1990,1,1,1,0
1991,2,1,1,0
1992,1,1,1,0
1993,2,1,1,0
1994,3,1,1,0
1995,4,1,1,0
1996,1,1,1,0
1997,11,1,1,0
1998,4,1,1,0
1999,6,1,1,0
2000,2,1,1,0
2001,1,1,1,0
2002,5,1,1,0
2003,1,1,1,0
2004,2,1,1,0
2005,3,1,1,0
2006,3,1,1,0
2007,7,1,1,0
2008,3,1,1,0
2009,3,1,1,0
2010,3,1,1,0
2011,3,1,1,0
2012,8,1,1,0
2013,2,1,1,0
2014,10,1,1,0
2015,2,1,1,0
2016,3,1,1,0
2017,2,1,1,0
2018,3,1,1,0
2019,4,1,1,0
2020,2,1,1,0
2021,8,1,1,0
2022,4,1,1,0
2023,1,1,1,0
2024,6,1,1,0
2025,1,1,1,0
2026,5,1,1,0
2027,1,1,1,0
2028,1,1,1,0
2029,4,1,1,0
2030,1,1,1,0
2031,2,1,1,0
2032,1,1,1,0
2033,4,1,1,0
2034,4,1,1,0
2035,4,1,1,0
2036,8,1,1,0
2037,2,1,1,0
2038,4,1,1,0
2039,3,1,1,0
2040,1,1,1,0
2041,9,1,1,0
2042,2,1,1,0
2043,5,1,1,0
2044,5,1,1,0
2045,7,1,1,0
2046,4,1,1,0
2047,7,1,1,0
2048,2,1,1,0
2049,2,1,1,0
2050,2,1,1,0
2051,3,1,1,0
2052,1,1,1,0
2053,1,1,1,0
2054,4,1,1,0
2055,1,1,1,0
2056,2,1,1,0
2057,7,1,1,0
2058,1,1,1,0
2059,1,1,1,0
2060,2,1,1,0
2061,1,1,1,0
2062,2,1,1,0
2063,4,1,1,0
2064,1,1,1,0
2065,4,1,1,0
2066,2,1,1,0
2067,1,1,1,0
2068,1,1,1,0
2069,2,1,1,0
2070,2,1,1,0
2071,8,1,1,0
2072,4,1,1,0
2073,4,1,1,0
2074,1,1,1,0
2075,4,1,1,0
2076,1,1,1,0
2077,3,1,1,0
2078,1,1,1,0
2079,12,1,1,0
2080,4,1,1,0
2081,1,1,1,0
2082,3,1,1,0
2083,3,1,1,0
2084,4,1,1,0
2085,2,1,1,0
2086,2,1,1,0
2087,2,1,1,0
2088,1,1,1,0
2089,3,1,1,0
2090,7,1,1,0
2091,6,1,1,0
2092,2,1,1,0
2093,3,1,1,0
2094,2,1,1,0
2095,2,1,1,0
2096,1,1,1,0
2097,1,1,1,0
2098,11,1,1,0
2099,3,1,1,0
2100,10,1,1,0
2101,6,1,1,0
2102,4,1,1,0
2103,1,1,1,0
2104,5,1,1,0
2105,8,1,1,0
2106,3,1,1,0
2107,2,1,1,0
2108,2,1,1,0
2109,2,1,1,0
2110,1,1,1,0
2111,2,1,1,0
2112,13,1,1,0
2113,4,1,1,0
2114,3,1,1,0
2115,4,1,1,0
2116,2,1,1,0
2117,9,1,1,0
2118,2,1,1,0
2119,1,1,1,0
2120,4,1,1,0
2121,5,1,1,0
2122,1,1,1,0
2123,3,1,1,0
2124,1,1,1,0
2125,1,1,1,0
2126,4,1,1,0
2127,1,1,1,0
2128,1,1,1,0
2129,4,1,1,0
2130,2,1,1,0
2131,9,1,1,0
2132,1,1,1,0
2133,2,1,1,0
2134,4,1,1,0
2135,1,1,1,0
2136,1,1,1,0
2137,6,1,1,0
2138,7,1,1,0
2139,1,1,1,0
2140,3,1,1,0
2141,14,1,1,0
2142,4,1,1,0
2143,9,1,1,0
2144,4,1,1,0
2145,9,1,1,0
2146,1,1,1,0
2147,5,1,1,0
2148,4,1,1,0
2149,14,1,1,0
2150,10,1,1,0
2151,3,1,1,0
2152,8,1,1,0
2153,2,1,1,0
2154,1,1,1,0
2155,4,1,1,0
2156,5,1,1,0
2157,5,1,1,0
2158,8,1,1,0
2159,1,1,1,0
2160,3,1,1,0
2161,1,1,1,0
2162,5,1,1,0
2163,1,1,1,0
2164,2,1,1,0
2165,4,1,1,0
2166,12,1,1,0
2167,2,1,1,0
2168,1,1,1,0
2169,6,1,1,0
2170,3,1,1,0
2171,1,1,1,0
2172,10,1,1,0
2173,4,1,1,0
2174,6,1,1,0
2175,2,1,1,0
2176,4,1,1,0
2177,3,1,1,0
2178,4,1,1,0
2179,4,1,1,0
2180,5,1,1,0
2181,2,1,1,0
2182,6,1,1,0
2183,1,1,1,0
2184,6,1,1,0
2185,3,1,1,0
2186,1,1,1,0
2187,7,1,1,0
2188,2,1,1,0
2189,6,1,1,0
2190,1,1,1,0
2191,1,1,1,0
2192,4,1,1,0
2193,9,1,1,0
2194,3,1,1,0
2195,9,1,1,0
2196,2,1,1,0
2197,9,1,1,0
2198,4,1,1,0
2199,1,1,1,0
2200,1,1,1,0
2201,2,1,1,0
2202,3,1,1,0
2203,12,1,1,0
2204,1,1,1,0
2205,1,1,1,0
2206,3,1,1,0
2207,7,1,1,0
2208,2,1,1,0
2209,13,1,1,0
2210,1,1,1,0
2211,6,1,1,0
2212,3,1,1,0
2213,2,1,1,0
2214,4,1,1,0
2215,10,1,1,0
2216,2,1,1,0
2217,2,1,1,0
2218,2,1,1,0
2219,7,1,1,0
2220,4,1,1,0
2221,4,1,1,0
2222,4,1,1,0
2223,1,1,1,0
2224,4,1,1,0
2225,19,1,1,0
2226,1,1,1,0
2227,7,1,1,0
2228,1,1,1,0
2229,2,1,1,0
2230,2,1,1,0
2231,3,1,1,0
2232,1,1,1,0
2233,5,1,1,0
2234,2,1,1,0
2235,2,1,1,0
2236,3,1,1,0
2237,1,1,1,0
2238,1,1,1,0
2239,2,1,1,0
2240,1,1,1,0
2241,9,1,1,0
2242,2,1,1,0
2243,2,1,1,0
2244,3,1,1,0
2245,9,1,1,0
2246,7,1,1,0
2247,4,1,1,0
2248,3,1,1,0
2249,2,1,1,0
2250,3,1,1,0
2251,2,1,1,0
2252,2,1,1,0
2253,1,1,1,0
2254,3,1,1,0
2255,7,1,1,0
2256,2,1,1,0
2257,2,1,1,0
2258,1,1,1,0
2259,1,1,1,0
2260,1,1,1,0
2261,6,1,1,0
2262,11,1,1,0
2263,4,1,1,0
2264,8,1,1,0
2265,5,1,1,0
2266,3,1,1,0
2267,1,1,1,0
2268,1,1,1,0
2269,7,1,1,0
2270,10,1,1,0
2271,6,1,1,0
2272,2,1,1,0
2273,3,1,1,0
2274,5,1,1,0
2275,1,1,1,0
2276,2,1,1,0
2277,9,1,1,0
2278,1,1,1,0
2279,4,1,1,0
2280,2,1,1,0
2281,6,1,1,0
2282,1,1,1,0
2283,1,1,1,0
2284,5,1,1,0
2285,4,1,1,0
2286,1,1,1,0
2287,2,1,1,0
2288,2,1,1,0
2289,3,1,1,0
2290,4,1,1,0
2291,1,1,1,0
2292,5,1,1,0
2293,5,1,1,0
2294,7,1,1,0
2295,2,1,1,0
2296,1,1,1,0
2297,3,1,1,0
2298,2,1,1,0
2299,1,1,1,0
2300,15,1,1,0
2301,1,1,1,0
2302,11,1,1,0
2303,5,1,1,0
2304,2,1,1,0
2305,7,1,1,0
2306,1,1,1,0
2307,4,1,1,0
2308,2,1,1,0
2309,1,1,1,0
2310,2,1,1,0
2311,4,1,1,0
2312,1,1,1,0
2313,5,1,1,0
2314,2,1,1,0
2315,6,1,1,0
2316,1,1,1,0
2317,6,1,1,0
2318,2,1,1,0
2319,3,1,1,0
2320,1,1,1,0
2321,8,1,1,0
2322,5,1,1,0
2323,3,1,1,0
2324,4,1,1,0
2325,4,1,1,0
2326,4,1,1,0
2327,3,1,1,0
2328,3,1,1,0
2329,5,1,1,0
2330,13,1,1,0
2331,6,1,1,0
2332,1,1,1,0
2333,1,1,1,0
2334,1,1,1,0
2335,8,1,1,0
2336,3,1,1,0
2337,1,1,1,0
2338,3,1,1,0
2339,3,1,1,0
2340,2,1,1,0
2341,1,1,1,0
2342,6,1,1,0
2343,1,1,1,0
2344,6,1,1,0
2345,1,1,1,0
2346,3,1,1,0
2347,6,1,1,0
2348,2,1,1,0
2349,2,1,1,0
2350,4,1,1,0
2351,4,1,1,0
2352,5,1,1,0
2353,4,1,1,0
2354,6,1,1,0
2355,3,1,1,0
2356,5,1,1,0
2357,4,1,1,0
2358,3,1,1,0
2359,5,1,1,0
2360,1,1,1,0
2361,4,1,1,0
2362,12,1,1,0
2363,2,1,1,0
2364,2,1,1,0
2365,2,1,1,0
2366,4,1,1,0
2367,1,1,1,0
2368,2,1,1,0
2369,1,1,1,0
2370,3,1,1,0
2371,4,1,1,0
2372,3,1,1,0
2373,3,1,1,0
2374,3,1,1,0
2375,4,1,1,0
2376,2,1,1,0
2377,2,1,1,0
2378,5,1,1,0
2379,1,1,1,0
2380,1,1,1,0
2381,5,1,1,0
2382,4,1,1,0
2383,2,1,1,0
2384,8,1,1,0
2385,16,1,1,0
2386,5,1,1,0
2387,2,1,1,0
2388,1,1,1,0
2389,3,1,1,0
2390,3,1,1,0
2391,1,1,1,0
2392,4,1,1,0
2393,1,1,1,0
2394,3,1,1,0
2395,4,1,1,0
2396,4,1,1,0
2397,1,1,1,0
2398,2,1,1,0
2399,4,1,1,0
2400,9,1,1,0
2401,1,1,1,0
2402,1,1,1,0
2403,2,1,1,0
2404,10,1,1,0
2405,1,1,1,0
2406,6,1,1,0
2407,3,1,1,0
2408,1,1,1,0
2409,5,1,1,0
2410,2,1,1,0
2411,3,1,1,0
2412,2,1,1,0
2413,4,1,1,0
2414,1,1,1,0
2415,4,1,1,0
2416,1,1,1,0
2417,4,1,1,0
2418,1,1,1,0
2419,4,1,1,0
2420,1,1,1,0
2421,6,1,1,0
2422,4,1,1,0
2423,4,1,1,0
2424,1,1,1,0
2425,6,1,1,0
2426,1,1,1,0
2427,4,1,1,0
2428,3,1,1,0
2429,1,1,1,0
2430,3,1,1,0
2431,6,1,1,0
2432,3,1,1,0
2433,1,1,1,0
2434,4,1,1,0
2435,6,1,1,0
2436,1,1,1,0
2437,2,1,1,0
2438,5,1,1,0
2439,1,1,1,0
2440,10,1,1,0
2441,9,1,1,0
2442,1,1,1,0
2443,2,1,1,0
2444,3,1,1,0
2445,1,1,1,0
2446,1,1,1,0
2447,6,1,1,0
2448,2,1,1,0
2449,1,1,1,0
2450,2,1,1,0
2451,4,1,1,0
2452,5,1,1,0
2453,1,1,1,0
2454,1,1,1,0
2455,1,1,1,0
2456,5,1,1,0
2457,1,1,1,0
2458,4,1,1,0
2459,1,1,1,0
2460,9,1,1,0
2461,1,1,1,0
2462,1,1,1,0
2463,1,1,1,0
2464,1,1,1,0
2465,10,1,1,0
2466,1,1,1,0
2467,1,1,1,0
2468,3,1,1,0
2469,2,1,1,0
2470,3,1,1,0
2471,6,1,1,0
2472,1,1,1,0
2473,2,1,1,0
2474,2,1,1,0
2475,4,1,1,0
2476,2,1,1,0
2477,1,1,1,0
2478,6,1,1,0
2479,1,1,1,0
2480,2,1,1,0
2481,8,1,1,0
2482,6,1,1,0
2483,4,1,1,0
2484,4,1,1,0
2485,1,1,1,0
2486,5,1,1,0
2487,2,1,1,0
2488,3,1,1,0
2489,8,1,1,0
2490,21,1,1,0
2491,8,1,1,0
2492,4,1,1,0
2493,1,1,1,0
2494,4,1,1,0
2495,2,1,1,0
2496,1,1,1,0
2497,2,1,1,0
2498,2,1,1,0
2499,6,1,1,0
2500,5,1,1,0
2501,5,1,1,0
2502,2,1,1,0
2503,1,1,1,0
2504,6,1,1,0
2505,5,1,1,0
2506,8,1,1,0
2507,1,1,1,0
2508,4,1,1,0
2509,8,1,1,0
2510,3,1,1,0
2511,2,1,1,0
2512,1,1,1,0
2513,3,1,1,0
2514,2,1,1,0
2515,6,1,1,0
2516,1,1,1,0
2517,1,1,1,0
2518,2,1,1,0
2519,1,1,1,0
2520,4,1,1,0
2521,1,1,1,0
2522,2,1,1,0
2523,3,1,1,0
2524,1,1,1,0
2525,1,1,1,0
2526,3,1,1,0
2527,5,1,1,0
2528,1,1,1,0
2529,1,1,1,0
2530,1,1,1,0
2531,4,1,1,0
2532,2,1,1,0
2533,6,1,1,0
2534,2,1,1,0
2535,1,1,1,0
2536,2,1,1,0
2537,1,1,1,0
2538,4,1,1,0
2539,1,1,1,0
2540,2,1,1,0
2541,1,1,1,0
2542,7,1,1,0
2543,1,1,1,0
2544,7,1,1,0
2545,1,1,1,0
2546,1,1,1,0
2547,1,1,1,0
2548,3,1,1,0
2549,1,1,1,0
2550,1,1,1,0
2551,7,1,1,0
2552,1,1,1,0
2553,3,1,1,0
2554,2,1,1,0
2555,3,1,1,0
2556,1,1,1,0
2557,1,1,1,0
2558,1,1,1,0
2559,4,1,1,0
2560,5,1,1,0
2561,4,1,1,0
2562,1,1,1,0
2563,1,1,1,0
2564,1,1,1,0
2565,3,1,1,0
2566,3,1,1,0
2567,2,1,1,0
2568,3,1,1,0
2569,6,1,1,0
2570,1,1,1,0
2571,1,1,1,0
2572,18,1,1,0
2573,5,1,1,0
2574,1,1,1,0
2575,1,1,1,0
2576,4,1,1,0
2577,3,1,1,0
2578,2,1,1,0
2579,5,1,1,0
2580,1,1,1,0
2581,1,1,1,0
2582,6,1,1,0
2583,6,1,1,0
2584,2,1,1,0
2585,10,1,1,0
2586,3,1,1,0
2587,2,1,1,0
2588,1,1,1,0
2589,1,1,1,0
2590,5,1,1,0
2591,8,1,1,0
2592,1,1,1,0
2593,3,1,1,0
2594,6,1,1,0
2595,6,1,1,0
2596,5,1,1,0
2597,6,1,1,0
2598,6,1,1,0
2599,3,1,1,0
2600,4,1,1,0
2601,3,1,1,0
2602,7,1,1,0
2603,4,1,1,0
2604,7,1,1,0
2605,1,1,1,0
2606,7,1,1,0
2607,2,1,1,0
2608,2,1,1,0
2609,5,1,1,0
2610,4,1,1,0
2611,4,1,1,0
2612,2,1,1,0
2613,2,1,1,0
2614,4,1,1,0
2615,1,1,1,0
2616,5,1,1,0
2617,1,1,1,0
2618,4,1,1,0
2619,2,1,1,0
2620,1,1,1,0
2621,1,1,1,0
2622,2,1,1,0
2623,2,1,1,0
2624,4,1,1,0
2625,2,1,1,0
2626,3,1,1,0
2627,1,1,1,0
2628,1,1,1,0
2629,5,1,1,0
2630,3,1,1,0
2631,1,1,1,0
2632,5,1,1,0
2633,2,1,1,0
2634,8,1,1,0
2635,3,1,1,0
2636,7,1,1,0
2637,1,1,1,0
2638,5,1,1,0
2639,4,1,1,0
2640,2,1,1,0
2641,7,1,1,0
2642,2,1,1,0
2643,4,1,1,0
2644,1,1,1,0
2645,7,1,1,0
2646,1,1,1,0
2647,1,1,1,0
2648,3,1,1,0
2649,5,1,1,0
2650,7,1,1,0
2651,7,1,1,0
2652,4,1,1,0
2653,7,1,1,0
2654,5,1,1,0
2655,6,1,1,0
2656,8,1,1,0
2657,8,1,1,0
2658,1,1,1,0
2659,3,1,1,0
2660,10,1,1,0
2661,6,1,1,0
2662,2,1,1,0
2663,2,1,1,0
2664,4,1,1,0
2665,2,1,1,0
2666,3,1,1,0
2667,1,1,1,0
2668,1,1,1,0
2669,10,1,1,0
2670,1,1,1,0
2671,3,1,1,0
2672,2,1,1,0
2673,5,1,1,0
2674,7,1,1,0
2675,3,1,1,0
2676,2,1,1,0
2677,7,1,1,0
2678,2,1,1,0
2679,5,1,1,0
2680,3,1,1,0
2681,1,1,1,0
2682,3,1,1,0
2683,3,1,1,0
2684,6,1,1,0
2685,1,1,1,0
2686,1,1,1,0
2687,1,1,1,0
2688,7,1,1,0
2689,3,1,1,0
2690,3,1,1,0
2691,2,1,1,0
2692,3,1,1,0
2693,2,1,1,0
2694,1,1,1,0
2695,7,1,1,0
2696,14,1,1,0
2697,3,1,1,0
2698,1,1,1,0
2699,1,1,1,0
2700,1,1,1,0
2701,1,1,1,0
2702,3,1,1,0
2703,2,1,1,0
2704,5,1,1,0
2705,2,1,1,0
2706,3,1,1,0
2707,20,1,1,0
2708,1,1,1,0
2709,1,1,1,0
2710,3,1,1,0
2711,1,1,1,0
2712,1,1,1,0
2713,1,1,1,0
2714,1,1,1,0
2715,3,1,1,0
2716,1,1,1,0
2717,3,1,1,0
2718,2,1,1,0
2719,1,1,1,0
2720,3,1,1,0
2721,2,1,1,0
2722,6,1,1,0
2723,3,1,1,0
2724,2,1,1,0
2725,3,1,1,0
2726,1,1,1,0
2727,3,1,1,0
2728,3,1,1,0
2729,6,1,1,0
2730,1,1,1,0
2731,1,1,1,0
2732,3,1,1,0
2733,4,1,1,0
2734,9,1,1,0
2735,1,1,1,0
2736,4,1,1,0
2737,1,1,1,0
2738,9,1,1,0
2739,6,1,1,0
2740,9,1,1,0
2741,1,1,1,0
2742,5,1,1,0
2743,1,1,1,0
2744,2,1,1,0
2745,1,1,1,0
2746,3,1,1,0
2747,2,1,1,0
2748,5,1,1,0
2749,4,1,1,0
2750,1,1,1,0
2751,1,1,1,0
2752,2,1,1,0
2753,3,1,1,0
2754,2,1,1,0
2755,5,1,1,0
2756,6,1,1,0
2757,5,1,1,0
2758,1,1,1,0
2759,5,1,1,0
2760,1,1,1,0
2761,4,1,1,0
2762,2,1,1,0
2763,1,1,1,0
2764,1,1,1,0
2765,3,1,1,0
2766,4,1,1,0
2767,2,1,1,0
2768,1,1,1,0
2769,1,1,1,0
2770,9,1,1,0
2771,4,1,1,0
2772,2,1,1,0
2773,1,1,1,0
2774,3,1,1,0
2775,3,1,1,0
2776,11,1,1,0
2777,1,1,1,0
2778,1,1,1,0
2779,7,1,1,0
2780,7,1,1,0
2781,7,1,1,0
2782,14,1,1,0
2783,1,1,1,0
2784,1,1,1,0
2785,3,1,1,0
2786,3,1,1,0
2787,8,1,1,0
2788,6,1,1,0
2789,4,1,1,0
2790,1,1,1,0
2791,3,1,1,0
2792,3,1,1,0
2793,1,1,1,0
2794,2,1,1,0
2795,10,1,1,0
2796,3,1,1,0
2797,4,1,1,0
2798,2,1,1,0
2799,3,1,1,0
2800,13,1,1,0
2801,3,1,1,0
2802,2,1,1,0
2803,7,1,1,0
2804,5,1,1,0
2805,6,1,1,0
2806,8,1,1,0
2807,1,1,1,0
2808,2,1,1,0
2809,3,1,1,0
2810,3,1,1,0
2811,1,1,1,0
2812,5,1,1,0
2813,12,1,1,0
2814,1,1,1,0
2815,2,1,1,0
2816,1,1,1,0
2817,1,1,1,0
2818,3,1,1,0
2819,1,1,1,0
2820,3,1,1,0
2821,6,1,1,0
2822,2,1,1,0
2823,1,1,1,0
2824,4,1,1,0
2825,4,1,1,0
2826,5,1,1,0
2827,2,1,1,0
2828,1,1,1,0
2829,2,1,1,0
2830,1,1,1,0
2831,4,1,1,0
2832,5,1,1,0
2833,4,1,1,0
2834,3,1,1,0
2835,10,1,1,0
2836,1,1,1,0
2837,13,1,1,0
2838,2,1,1,0
2839,1,1,1,0
2840,3,1,1,0
2841,3,1,1,0
2842,4,1,1,0
2843,2,1,1,0
2844,2,1,1,0
2845,1,1,1,0
2846,4,1,1,0
2847,6,1,1,0
2848,1,1,1,0
2849,1,1,1,0
2850,6,1,1,0
2851,6,1,1,0
2852,7,1,1,0
2853,6,1,1,0
2854,2,1,1,0
2855,1,1,1,0
2856,1,1,1,0
2857,11,1,1,0
2858,1,1,1,0
2859,4,1,1,0
2860,2,1,1,0
2861,3,1,1,0
2862,4,1,1,0
2863,1,1,1,0
2864,12,1,1,0
2865,1,1,1,0
2866,3,1,1,0
2867,3,1,1,0
2868,5,1,1,0
2869,5,1,1,0
2870,6,1,1,0
2871,1,1,1,0
2872,4,1,1,0
2873,6,1,1,0
2874,1,1,1,0
2875,1,1,1,0
2876,2,1,1,0
2877,4,1,1,0
2878,3,1,1,0
2879,1,1,1,0
2880,4,1,1,0
2881,8,1,1,0
2882,3,1,1,0
2883,3,1,1,0
2884,1,1,1,0
2885,4,1,1,0
2886,3,1,1,0
2887,1,1,1,0
2888,1,1,1,0
2889,3,1,1,0
2890,2,1,1,0
2891,4,1,1,0
2892,6,1,1,0
2893,2,1,1,0
2894,2,1,1,0
2895,9,1,1,0
2896,1,1,1,0
2897,5,1,1,0
2898,3,1,1,0
2899,13,1,1,0
2900,4,1,1,0
2901,2,1,1,0
2902,6,1,1,0
2903,6,1,1,0
2904,1,1,1,0
2905,1,1,1,0
2906,1,1,1,0
2907,2,1,1,0
2908,7,1,1,0
2909,2,1,1,0
2910,9,1,1,0
2911,4,1,1,0
2912,5,1,1,0
2913,5,1,1,0
2914,3,1,1,0
2915,4,1,1,0
2916,1,1,1,0
2917,9,1,1,0
2918,9,1,1,0
2919,2,1,1,0
2920,3,1,1,0
2921,2,1,1,0
2922,1,1,1,0
2923,1,1,1,0
2924,1,1,1,0
2925,3,1,1,0
2926,1,1,1,0
2927,2,1,1,0
2928,1,1,1,0
2929,7,1,1,0
2930,1,1,1,0
2931,6,1,1,0
2932,3,1,1,0
2933,7,1,1,0
2934,3,1,1,0
2935,3,1,1,0
2936,2,1,1,0
2937,1,1,1,0
2938,2,1,1,0
2939,1,1,1,0
2940,12,1,1,0
2941,3,1,1,0
2942,4,1,1,0
2943,4,1,1,0
2944,5,1,1,0
2945,1,1,1,0
2946,4,1,1,0
2947,6,1,1,0
2948,2,1,1,0
2949,3,1,1,0
2950,1,1,1,0
2951,1,1,1,0
2952,5,1,1,0
2953,1,1,1,0
2954,2,1,1,0
2955,5,1,1,0
2956,6,1,1,0
2957,3,1,1,0
2958,3,1,1,0
2959,2,1,1,0
2960,1,1,1,0
2961,1,1,1,0
2962,3,1,1,0
2963,4,1,1,0
2964,1,1,1,0
2965,1,1,1,0
2966,1,1,1,0
2967,2,1,1,0
2968,5,1,1,0
2969,4,1,1,0
2970,1,1,1,0
2971,5,1,1,0
2972,3,1,1,0
2973,10,1,1,0
2974,8,1,1,0
2975,2,1,1,0
2976,2,1,1,0
2977,1,1,1,0
2978,1,1,1,0
2979,1,1,1,0
2980,5,1,1,0
2981,4,1,1,0
2982,4,1,1,0
2983,5,1,1,0
2984,2,1,1,0
2985,4,1,1,0
2986,2,1,1,0
2987,2,1,1,0
2988,5,1,1,0
2989,2,1,1,0
2990,13,1,1,0
2991,1,1,1,0
2992,1,1,1,0
2993,2,1,1,0
2994,6,1,1,0
2995,3,1,1,0
2996,16,1,1,0
2997,4,1,1,0
2998,1,1,1,0
2999,1,1,1,0
3000,4,1,1,0
3001,2,1,1,0
3002,3,1,1,0
3003,3,1,1,0
3004,1,1,1,0
3005,6,1,1,0
3006,3,1,1,0
3007,2,1,1,0
3008,4,1,1,0
3009,7,1,1,0
3010,1,1,1,0
3011,9,1,1,0
3012,14,1,1,0
3013,4,1,1,0
3014,4,1,1,0
3015,5,1,1,0
3016,2,1,1,0
3017,1,1,1,0
3018,2,1,1,0
3019,3,1,1,0
3020,3,1,1,0
3021,4,1,1,0
3022,7,1,1,0
3023,3,1,1,0
3024,1,1,1,0
3025,3,1,1,0
3026,4,1,1,0
3027,1,1,1,0
3028,4,1,1,0
3029,2,1,1,0
3030,5,1,1,0
3031,2,1,1,0
3032,5,1,1,0
3033,5,1,1,0
3034,1,1,1,0
3035,4,1,1,0
3036,3,1,1,0
3037,2,1,1,0
3038,2,1,1,0
3039,8,1,1,0
3040,6,1,1,0
3041,5,1,1,0
3042,4,1,1,0
3043,4,1,1,0
3044,7,1,1,0
3045,7,1,1,0
3046,1,1,1,0
3047,4,1,1,0
3048,1,1,1,0
3049,3,1,1,0
3050,1,1,1,0
3051,2,1,1,0
3052,2,1,1,0
3053,6,1,1,0
3054,6,1,1,0
3055,1,1,1,0
3056,6,1,1,0
3057,3,1,1,0
3058,1,1,1,0
3059,5,1,1,0
3060,3,1,1,0
3061,2,1,1,0
3062,10,1,1,0
3063,2,1,1,0
3064,7,1,1,0
3065,9,1,1,0
3066,9,1,1,0
3067,4,1,1,0
3068,1,1,1,0
3069,3,1,1,0
3070,1,1,1,0
3071,1,1,1,0
3072,1,1,1,0
3073,5,1,1,0
3074,6,1,1,0
3075,2,1,1,0
3076,1,1,1,0
3077,5,1,1,0
3078,3,1,1,0
3079,3,1,1,0
3080,10,1,1,0
3081,1,1,1,0
3082,6,1,1,0
3083,1,1,1,0
3084,1,1,1,0
3085,6,1,1,0
3086,8,1,1,0
3087,9,1,1,0
3088,9,1,1,0
3089,1,1,1,0
3090,5,1,1,0
3091,9,1,1,0
3092,3,1,1,0
3093,11,1,1,0
3094,3,1,1,0
3095,1,1,1,0
3096,2,1,1,0
3097,2,1,1,0
3098,1,1,1,0
3099,2,1,1,0
3100,1,1,1,0
3101,4,1,1,0
3102,1,1,1,0
3103,2,1,1,0
3104,1,1,1,0
3105,2,1,1,0
3106,3,1,1,0
3107,1,1,1,0
3108,6,1,1,0
3109,7,1,1,0
3110,3,1,1,0
3111,3,1,1,0
3112,5,1,1,0
3113,3,1,1,0
3114,1,1,1,0
3115,12,1,1,0
3116,1,1,1,0
3117,5,1,1,0
3118,4,1,1,0
3119,1,1,1,0
3120,5,1,1,0
3121,4,1,1,0
3122,3,1,1,0
3123,7,1,1,0
3124,3,1,1,0
3125,3,1,1,0
3126,7,1,1,0
3127,1,1,1,0
3128,1,1,1,0
3129,3,1,1,0
3130,3,1,1,0
3131,1,1,1,0
3132,13,1,1,0
3133,4,1,1,0
3134,3,1,1,0
3135,3,1,1,0
3136,1,1,1,0
3137,1,1,1,0
3138,2,1,1,0
3139,1,1,1,0
3140,1,1,1,0
3141,2,1,1,0
3142,5,1,1,0
3143,1,1,1,0
3144,4,1,1,0
3145,2,1,1,0
3146,4,1,1,0
3147,1,1,1,0
3148,4,1,1,0
3149,1,1,1,0
3150,2,1,1,0
3151,6,1,1,0
3152,2,1,1,0
3153,2,1,1,0
3154,2,1,1,0
3155,9,1,1,0
3156,3,1,1,0
3157,5,1,1,0
3158,2,1,1,0
3159,4,1,1,0
3160,7,1,1,0
3161,3,1,1,0
3162,1,1,1,0
3163,3,1,1,0
3164,11,1,1,0
3165,2,1,1,0
3166,3,1,1,0
3167,3,1,1,0
3168,1,1,1,0
3169,1,1,1,0
3170,2,1,1,0
3171,1,1,1,0
3172,1,1,1,0
3173,2,1,1,0
3174,3,1,1,0
3175,4,1,1,0
3176,8,1,1,0
3177,10,1,1,0
3178,12,1,1,0
3179,3,1,1,0
3180,1,1,1,0
3181,1,1,1,0
3182,2,1,1,0
3183,4,1,1,0
3184,1,1,1,0
3185,1,1,1,0
3186,4,1,1,0
3187,3,1,1,0
3188,1,1,1,0
3189,4,1,1,0
3190,13,1,1,0
3191,5,1,1,0
3192,2,1,1,0
3193,1,1,1,0
3194,1,1,1,0
3195,2,1,1,0
3196,2,1,1,0
3197,2,1,1,0
3198,2,1,1,0
3199,2,1,1,0
3200,9,1,1,0
3201,4,1,1,0
3202,6,1,1,0
3203,9,1,1,0
3204,12,1,1,0
3205,1,1,1,0
3206,2,1,1,0
3207,3,1,1,0
3208,1,1,1,0
3209,1,1,1,0
3210,2,1,1,0
3211,2,1,1,0
3212,4,1,1,0
3213,1,1,1,0
3214,4,1,1,0
3215,4,1,1,0
3216,7,1,1,0
3217,3,1,1,0
3218,1,1,1,0
3219,2,1,1,0
3220,2,1,1,0
3221,2,1,1,0
3222,13,1,1,0
3223,1,1,1,0
3224,2,1,1,0
3225,15,1,1,0
3226,3,1,1,0
3227,1,1,1,0
3228,7,1,1,0
3229,1,1,1,0
3230,1,1,1,0
3231,2,1,1,0
3232,15,1,1,0
3233,2,1,1,0
3234,8,1,1,0
3235,8,1,1,0
3236,7,1,1,0
3237,8,1,1,0
3238,2,1,1,0
3239,5,1,1,0
3240,1,1,1,0
3241,5,1,1,0
3242,1,1,1,0
3243,1,1,1,0
3244,1,1,1,0
3245,1,1,1,0
3246,4,1,1,0
3247,6,1,1,0
3248,9,1,1,0
3249,1,1,1,0
3250,1,1,1,0
3251,4,1,1,0
3252,2,1,1,0
3253,1,1,1,0
3254,1,1,1,0
3255,7,1,1,0
3256,6,1,1,0
3257,5,1,1,0
3258,3,1,1,0
3259,1,1,1,0
3260,4,1,1,0
3261,3,1,1,0
3262,4,1,1,0
3263,1,1,1,0
3264,4,1,1,0
3265,3,1,1,0
3266,3,1,1,0
3267,1,1,1,0
3268,1,1,1,0
3269,1,1,1,0
3270,1,1,1,0
3271,5,1,1,0
3272,3,1,1,0
3273,3,1,1,0
3274,2,1,1,0
3275,2,1,1,0
3276,1,1,1,0
3277,4,1,1,0
3278,2,1,1,0
3279,1,1,1,0
3280,1,1,1,0
3281,6,1,1,0
3282,4,1,1,0
3283,1,1,1,0
3284,6,1,1,0
3285,4,1,1,0
3286,1,1,1,0
3287,5,1,1,0
3288,3,1,1,0
3289,3,1,1,0
3290,5,1,1,0
3291,1,1,1,0
3292,6,1,1,0
3293,4,1,1,0
3294,1,1,1,0
3295,2,1,1,0
3296,4,1,1,0
3297,5,1,1,0
3298,7,1,1,0
3299,2,1,1,0
3300,5,1,1,0
3301,6,1,1,0
3302,2,1,1,0
3303,4,1,1,0
3304,5,1,1,0
3305,2,1,1,0
3306,2,1,1,0
3307,6,1,1,0
3308,6,1,1,0
3309,1,1,1,0
3310,1,1,1,0
3311,4,1,1,0
3312,1,1,1,0
3313,11,1,1,0
3314,3,1,1,0
3315,7,1,1,0
3316,3,1,1,0
3317,6,1,1,0
3318,4,1,1,0
3319,1,1,1,0
3320,1,1,1,0
3321,11,1,1,0
3322,6,1,1,0
3323,6,1,1,0
3324,5,1,1,0
3325,9,1,1,0
3326,1,1,1,0
3327,2,1,1,0
3328,5,1,1,0
3329,1,1,1,0
3330,4,1,1,0
3331,3,1,1,0
3332,2,1,1,0
3333,1,1,1,0
3334,8,1,1,0
3335,3,1,1,0
3336,4,1,1,0
3337,2,1,1,0
3338,2,1,1,0
3339,1,1,1,0
3340,3,1,1,0
3341,5,1,1,0
3342,4,1,1,0
3343,4,1,1,0
3344,12,1,1,0
3345,2,1,1,0
3346,4,1,1,0
3347,1,1,1,0
3348,7,1,1,0
3349,3,1,1,0
3350,6,1,1,0
3351,4,1,1,0
3352,6,1,1,0
3353,2,1,1,0
3354,5,1,1,0
3355,9,1,1,0
3356,2,1,1,0
3357,1,1,1,0
3358,1,1,1,0
3359,1,1,1,0
3360,4,1,1,0
3361,1,1,1,0
3362,4,1,1,0
3363,1,1,1,0
3364,2,1,1,0
3365,8,1,1,0
3366,3,1,1,0
3367,2,1,1,0
3368,4,1,1,0
3369,5,1,1,0
3370,1,1,1,0
3371,14,1,1,0
3372,5,1,1,0
3373,2,1,1,0
3374,1,1,1,0
3375,1,1,1,0
3376,3,1,1,0
3377,3,1,1,0
3378,3,1,1,0
3379,5,1,1,0
3380,1,1,1,0
3381,3,1,1,0
3382,4,1,1,0
3383,1,1,1,0
3384,2,1,1,0
3385,11,1,1,0
3386,14,1,1,0
3387,1,1,1,0
3388,3,1,1,0
3389,2,1,1,0
3390,1,1,1,0
3391,5,1,1,0
3392,2,1,1,0
3393,4,1,1,0
3394,1,1,1,0
3395,2,1,1,0
3396,1,1,1,0
3397,6,1,1,0
3398,1,1,1,0
3399,1,1,1,0
3400,4,1,1,0
3401,1,1,1,0
3402,3,1,1,0
3403,6,1,1,0
3404,7,1,1,0
3405,4,1,1,0
3406,4,1,1,0
3407,1,1,1,0
3408,1,1,1,0
3409,4,1,1,0
3410,10,1,1,0
3411,2,1,1,0
3412,7,1,1,0
3413,3,1,1,0
3414,2,1,1,0
3415,1,1,1,0
3416,3,1,1,0
3417,2,1,1,0
3418,1,1,1,0
3419,3,1,1,0
3420,11,1,1,0
3421,1,1,1,0
3422,1,1,1,0
3423,4,1,1,0
3424,6,1,1,0
3425,3,1,1,0
3426,5,1,1,0
3427,1,1,1,0
3428,1,1,1,0
3429,5,1,1,0
3430,2,1,1,0
3431,5,1,1,0
3432,4,1,1,0
3433,2,1,1,0
3434,2,1,1,0
3435,1,1,1,0
3436,3,1,1,0
3437,5,1,1,0
3438,1,1,1,0
3439,3,1,1,0
3440,3,1,1,0
3441,1,1,1,0
3442,6,1,1,0
3443,3,1,1,0
3444,3,1,1,0
3445,3,1,1,0
3446,3,1,1,0
3447,1,1,1,0
3448,2,1,1,0
3449,4,1,1,0
3450,1,1,1,0
3451,3,1,1,0
3452,3,1,1,0
3453,1,1,1,0
3454,1,1,1,0
3455,6,1,1,0
3456,5,1,1,0
3457,4,1,1,0
3458,8,1,1,0
3459,1,1,1,0
3460,3,1,1,0
3461,5,1,1,0
3462,3,1,1,0
3463,1,1,1,0
3464,2,1,1,0
3465,7,1,1,0
3466,3,1,1,0
3467,9,1,1,0
3468,1,1,1,0
3469,3,1,1,0
3470,9,1,1,0
3471,2,1,1,0
3472,1,1,1,0
3473,2,1,1,0
3474,4,1,1,0
3475,1,1,1,0
3476,3,1,1,0
3477,3,1,1,0
3478,2,1,1,0
3479,5,1,1,0
3480,1,1,1,0
3481,1,1,1,0
3482,3,1,1,0
3483,2,1,1,0
3484,1,1,1,0
3485,1,1,1,0
3486,11,1,1,0
3487,3,1,1,0
3488,1,1,1,0
3489,2,1,1,0
3490,3,1,1,0
3491,5,1,1,0
3492,15,1,1,0
3493,6,1,1,0
3494,4,1,1,0
3495,11,1,1,0
3496,4,1,1,0
3497,2,1,1,0
3498,1,1,1,0
3499,12,1,1,0
3500,3,1,1,0
3501,6,1,1,0
3502,1,1,1,0
3503,4,1,1,0
3504,5,1,1,0
3505,2,1,1,0
3506,3,1,1,0
3507,2,1,1,0
3508,2,1,1,0
3509,2,1,1,0
3510,3,1,1,0
3511,2,1,1,0
3512,7,1,1,0
3513,4,1,1,0
3514,3,1,1,0
3515,1,1,1,0
3516,4,1,1,0
3517,2,1,1,0
3518,9,1,1,0
3519,4,1,1,0
3520,8,1,1,0
3521,8,1,1,0
3522,8,1,1,0
3523,4,1,1,0
3524,5,1,1,0
3525,13,1,1,0
3526,4,1,1,0
3527,1,1,1,0
3528,3,1,1,0
3529,5,1,1,0
3530,2,1,1,0
3531,9,1,1,0
3532,2,1,1,0
3533,3,1,1,0
3534,2,1,1,0
3535,1,1,1,0
3536,4,1,1,0
3537,2,1,1,0
3538,2,1,1,0
3539,2,1,1,0
3540,2,1,1,0
3541,1,1,1,0
3542,4,1,1,0
3543,1,1,1,0
3544,5,1,1,0
3545,1,1,1,0
3546,2,1,1,0
3547,1,1,1,0
3548,8,1,1,0
3549,4,1,1,0
3550,6,1,1,0
3551,1,1,1,0
3552,1,1,1,0
3553,1,1,1,0
3554,2,1,1,0
3555,2,1,1,0
3556,2,1,1,0
3557,16,1,1,0
3558,7,1,1,0
3559,3,1,1,0
3560,3,1,1,0
3561,2,1,1,0
3562,2,1,1,0
3563,3,1,1,0
3564,4,1,1,0
3565,1,1,1,0
3566,3,1,1,0
3567,2,1,1,0
3568,3,1,1,0
3569,13,1,1,0
3570,4,1,1,0
3571,2,1,1,0
3572,10,1,1,0
3573,1,1,1,0
3574,1,1,1,0
3575,4,1,1,0
3576,3,1,1,0
3577,8,1,1,0
3578,5,1,1,0
3579,1,1,1,0
3580,10,1,1,0
3581,5,1,1,0
3582,3,1,1,0
3583,1,1,1,0
3584,7,1,1,0
3585,10,1,1,0
3586,1,1,1,0
3587,1,1,1,0
3588,3,1,1,0
3589,2,1,1,0
3590,4,1,1,0
3591,4,1,1,0
3592,5,1,1,0
3593,3,1,1,0
3594,1,1,1,0
3595,5,1,1,0
3596,3,1,1,0
3597,4,1,1,0
3598,6,1,1,0
3599,5,1,1,0
3600,1,1,1,0
3601,3,1,1,0
3602,1,1,1,0
3603,2,1,1,0
3604,1,1,1,0
3605,12,1,1,0
3606,5,1,1,0
3607,8,1,1,0
3608,4,1,1,0
3609,1,1,1,0
3610,1,1,1,0
3611,6,1,1,0
3612,2,1,1,0
3613,3,1,1,0
3614,8,1,1,0
3615,1,1,1,0
3616,3,1,1,0
3617,7,1,1,0
3618,14,1,1,0
3619,6,1,1,0
3620,5,1,1,0
3621,2,1,1,0
3622,3,1,1,0
3623,2,1,1,0
3624,3,1,1,0
3625,3,1,1,0
3626,5,1,1,0
3627,5,1,1,0
3628,2,1,1,0
3629,1,1,1,0
3630,5,1,1,0
3631,4,1,1,0
3632,6,1,1,0
3633,1,1,1,0
3634,1,1,1,0
3635,4,1,1,0
3636,2,1,1,0
3637,3,1,1,0
3638,7,1,1,0
3639,7,1,1,0
3640,3,1,1,0
3641,5,1,1,0
3642,3,1,1,0
3643,7,1,1,0
3644,2,1,1,0
3645,2,1,1,0
3646,1,1,1,0
3647,3,1,1,0
3648,7,1,1,0
3649,4,1,1,0
3650,3,1,1,0
3651,3,1,1,0
3652,10,1,1,0
3653,3,1,1,0
3654,1,1,1,0
3655,4,1,1,0
3656,8,1,1,0
3657,1,1,1,0
3658,9,1,1,0
3659,4,1,1,0
3660,1,1,1,0
3661,3,1,1,0
3662,10,1,1,0
3663,1,1,1,0
3664,3,1,1,0
3665,4,1,1,0
3666,3,1,1,0
3667,5,1,1,0
3668,10,1,1,0
3669,1,1,1,0
3670,7,1,1,0
3671,1,1,1,0
3672,6,1,1,0
3673,5,1,1,0
3674,7,1,1,0
3675,3,1,1,0
3676,1,1,1,0
3677,4,1,1,0
3678,5,1,1,0
3679,2,1,1,0
3680,4,1,1,0
3681,1,1,1,0
3682,4,1,1,0
3683,9,1,1,0
3684,10,1,1,0
3685,2,1,1,0
3686,1,1,1,0
3687,6,1,1,0
3688,3,1,1,0
3689,2,1,1,0
3690,1,1,1,0
3691,1,1,1,0
3692,4,1,1,0
3693,8,1,1,0
3694,4,1,1,0
3695,1,1,1,0
3696,3,1,1,0
3697,2,1,1,0
3698,3,1,1,0
3699,2,1,1,0
3700,4,1,1,0
3701,1,1,1,0
3702,3,1,1,0
3703,3,1,1,0
3704,4,1,1,0
3705,1,1,1,0
3706,3,1,1,0
3707,1,1,1,0
3708,1,1,1,0
3709,3,1,1,0
3710,4,1,1,0
3711,4,1,1,0
3712,2,1,1,0
3713,4,1,1,0
3714,2,1,1,0
3715,1,1,1,0
3716,3,1,1,0
3717,3,1,1,0
3718,2,1,1,0
3719,1,1,1,0
3720,3,1,1,0
3721,1,1,1,0
3722,5,1,1,0
3723,3,1,1,0
3724,1,1,1,0
3725,7,1,1,0
3726,3,1,1,0
3727,2,1,1,0
3728,5,1,1,0
3729,7,1,1,0
3730,3,1,1,0
3731,2,1,1,0
3732,1,1,1,0
3733,1,1,1,0
3734,1,1,1,0
3735,1,1,1,0
3736,2,1,1,0
3737,3,1,1,0
3738,3,1,1,0
3739,4,1,1,0
3740,1,1,1,0
3741,4,1,1,0
3742,4,1,1,0
3743,1,1,1,0
3744,2,1,1,0
3745,1,1,1,0
3746,1,1,1,0
3747,4,1,1,0
3748,4,1,1,0
3749,3,1,1,0
3750,1,1,1,0
3751,1,1,1,0
3752,2,1,1,0
3753,1,1,1,0
3754,7,1,1,0
3755,3,1,1,0
3756,2,1,1,0
3757,4,1,1,0
3758,2,1,1,0
3759,1,1,1,0
3760,2,1,1,0
3761,7,1,1,0
3762,1,1,1,0
3763,5,1,1,0
3764,1,1,1,0
3765,1,1,1,0
3766,1,1,1,0
3767,5,1,1,0
3768,8,1,1,0
3769,1,1,1,0
3770,4,1,1,0
3771,9,1,1,0
3772,4,1,1,0
3773,3,1,1,0
3774,1,1,1,0
3775,1,1,1,0
3776,7,1,1,0
3777,12,1,1,0
3778,3,1,1,0
3779,1,1,1,0
3780,2,1,1,0
3781,2,1,1,0
3782,2,1,1,0
3783,3,1,1,0
3784,9,1,1,0
3785,6,1,1,0
3786,4,1,1,0
3787,3,1,1,0
3788,2,1,1,0
3789,6,1,1,0
3790,5,1,1,0
3791,1,1,1,0
3792,2,1,1,0
3793,3,1,1,0
3794,4,1,1,0
3795,6,1,1,0
3796,9,1,1,0
3797,2,1,1,0
3798,2,1,1,0
3799,3,1,1,0
3800,1,1,1,0
3801,11,1,1,0
3802,1,1,1,0
3803,9,1,1,0
3804,1,1,1,0
3805,1,1,1,0
3806,1,1,1,0
3807,5,1,1,0
3808,2,1,1,0
3809,3,1,1,0
3810,3,1,1,0
3811,5,1,1,0
3812,14,1,1,0
3813,4,1,1,0
3814,8,1,1,0
3815,1,1,1,0
3816,4,1,1,0
3817,1,1,1,0
3818,5,1,1,0
3819,1,1,1,0
3820,3,1,1,0
3821,2,1,1,0
3822,6,1,1,0
3823,3,1,1,0
3824,3,1,1,0
3825,7,1,1,0
3826,5,1,1,0
3827,2,1,1,0
3828,6,1,1,0
3829,3,1,1,0
3830,1,1,1,0
3831,2,1,1,0
3832,3,1,1,0
3833,2,1,1,0
3834,7,1,1,0
3835,3,1,1,0
3836,7,1,1,0
3837,2,1,1,0
3838,1,1,1,0
3839,3,1,1,0
3840,3,1,1,0
3841,14,1,1,0
3842,3,1,1,0
3843,2,1,1,0
3844,3,1,1,0
3845,3,1,1,0
3846,1,1,1,0
3847,7,1,1,0
3848,3,1,1,0
3849,4,1,1,0
3850,1,1,1,0
3851,2,1,1,0
3852,3,1,1,0
3853,4,1,1,0
3854,4,1,1,0
3855,6,1,1,0
3856,5,1,1,0
3857,2,1,1,0
3858,2,1,1,0
3859,1,1,1,0
3860,9,1,1,0
3861,7,1,1,0
3862,6,1,1,0
3863,1,1,1,0
3864,7,1,1,0
3865,5,1,1,0
3866,1,1,1,0
3867,2,1,1,0
3868,3,1,1,0
3869,4,1,1,0
3870,6,1,1,0
3871,6,1,1,0
3872,5,1,1,0
3873,1,1,1,0
3874,2,1,1,0
3875,6,1,1,0
3876,3,1,1,0
3877,1,1,1,0
3878,4,1,1,0
3879,7,1,1,0
3880,1,1,1,0
3881,3,1,1,0
3882,2,1,1,0
3883,8,1,1,0
3884,4,1,1,0
3885,1,1,1,0
3886,4,1,1,0
3887,3,1,1,0
3888,1,1,1,0
3889,3,1,1,0
3890,2,1,1,0
3891,2,1,1,0
3892,5,1,1,0
3893,4,1,1,0
3894,1,1,1,0
3895,4,1,1,0
3896,4,1,1,0
3897,3,1,1,0
3898,1,1,1,0
3899,1,1,1,0
3900,4,1,1,0
3901,12,1,1,0
3902,13,1,1,0
3903,1,1,1,0
3904,2,1,1,0
3905,5,1,1,0
3906,1,1,1,0
3907,5,1,1,0
3908,3,1,1,0
3909,7,1,1,0
3910,1,1,1,0
3911,5,1,1,0
3912,12,1,1,0
3913,3,1,1,0
3914,1,1,1,0
3915,3,1,1,0
3916,5,1,1,0
3917,8,1,1,0
3918,6,1,1,0
3919,3,1,1,0
3920,1,1,1,0
3921,3,1,1,0
3922,2,1,1,0
3923,1,1,1,0
3924,1,1,1,0
3925,3,1,1,0
3926,10,1,1,0
3927,4,1,1,0
3928,2,1,1,0
3929,8,1,1,0
3930,5,1,1,0
3931,1,1,1,0
3932,1,1,1,0
3933,3,1,1,0
3934,2,1,1,0
3935,2,1,1,0
3936,5,1,1,0
3937,1,1,1,0
3938,6,1,1,0
3939,3,1,1,0
3940,14,1,1,0
3941,2,1,1,0
3942,1,1,1,0
3943,3,1,1,0
3944,2,1,1,0
3945,5,1,1,0
3946,1,1,1,0
3947,2,1,1,0
3948,1,1,1,0
3949,15,1,1,0
3950,1,1,1,0
3951,2,1,1,0
3952,3,1,1,0
3953,5,1,1,0
3954,5,1,1,0
3955,1,1,1,0
3956,7,1,1,0
3957,14,1,1,0
3958,1,1,1,0
3959,1,1,1,0
3960,4,1,1,0
3961,9,1,1,0
3962,1,1,1,0
3963,4,1,1,0
3964,1,1,1,0
3965,4,1,1,0
3966,4,1,1,0
3967,7,1,1,0
3968,4,1,1,0
3969,3,1,1,0
3970,7,1,1,0
3971,1,1,1,0
3972,1,1,1,0
3973,7,1,1,0
3974,1,1,1,0
3975,1,1,1,0
3976,8,1,1,0
3977,4,1,1,0
3978,3,1,1,0
3979,4,1,1,0
3980,2,1,1,0
3981,3,1,1,0
3982,1,1,1,0
3983,2,1,1,0
3984,1,1,1,0
3985,3,1,1,0
3986,4,1,1,0
3987,3,1,1,0
3988,2,1,1,0
3989,3,1,1,0
3990,2,1,1,0
3991,9,1,1,0
3992,4,1,1,0
3993,1,1,1,0
3994,6,1,1,0
3995,2,1,1,0
3996,1,1,1,0
3997,1,1,1,0
3998,2,1,1,0
3999,2,1,1,0
4000,1,1,1,0
4001,3,1,1,0
4002,3,1,1,0
4003,2,1,1,0
4004,4,1,1,0
4005,1,1,1,0
4006,3,1,1,0
4007,1,1,1,0
4008,1,1,1,0
4009,4,1,1,0
4010,1,1,1,0
4011,1,1,1,0
4012,1,1,1,0
4013,9,1,1,0
4014,5,1,1,0
4015,1,1,1,0
4016,1,1,1,0
4017,3,1,1,0
4018,5,1,1,0
4019,6,1,1,0
4020,1,1,1,0
4021,2,1,1,0
4022,4,1,1,0
4023,1,1,1,0
4024,4,1,1,0
4025,1,1,1,0
4026,3,1,1,0
4027,1,1,1,0
4028,3,1,1,0
4029,2,1,1,0
4030,2,1,1,0
4031,4,1,1,0
4032,4,1,1,0
4033,3,1,1,0
4034,1,1,1,0
4035,3,1,1,0
4036,2,1,1,0
4037,4,1,1,0
4038,3,1,1,0
4039,6,1,1,0
4040,3,1,1,0
4041,14,1,1,0
4042,1,1,1,0
4043,4,1,1,0
4044,2,1,1,0
4045,1,1,1,0
4046,4,1,1,0
4047,1,1,1,0
4048,1,1,1,0
4049,1,1,1,0
4050,2,1,1,0
4051,6,1,1,0
4052,7,1,1,0
4053,1,1,1,0
4054,1,1,1,0
4055,4,1,1,0
4056,6,1,1,0
4057,6,1,1,0
4058,2,1,1,0
4059,2,1,1,0
4060,1,1,1,0
4061,1,1,1,0
4062,7,1,1,0
4063,1,1,1,0
4064,5,1,1,0
4065,3,1,1,0
4066,3,1,1,0
4067,3,1,1,0
4068,4,1,1,0
4069,3,1,1,0
4070,8,1,1,0
4071,2,1,1,0
4072,10,1,1,0
4073,9,1,1,0
4074,12,1,1,0
4075,9,1,1,0
4076,8,1,1,0
4077,2,1,1,0
4078,1,1,1,0
4079,2,1,1,0
4080,3,1,1,0
4081,5,1,1,0
4082,11,1,1,0
4083,3,1,1,0
4084,2,1,1,0
4085,5,1,1,0
4086,2,1,1,0
4087,1,1,1,0
4088,4,1,1,0
4089,11,1,1,0
4090,7,1,1,0
4091,3,1,1,0
4092,4,1,1,0
4093,1,1,1,0
4094,2,1,1,0
4095,8,1,1,0
4096,7,1,1,0
4097,11,1,1,0
4098,2,1,1,0
4099,5,1,1,0
4100,1,1,1,0
4101,4,1,1,0
4102,7,1,1,0
4103,1,1,1,0
4104,1,1,1,0
4105,3,1,1,0
4106,5,1,1,0
4107,1,1,1,0
4108,6,1,1,0
4109,2,1,1,0
4110,2,1,1,0
4111,4,1,1,0
4112,11,1,1,0
4113,1,1,1,0
4114,2,1,1,0
4115,1,1,1,0
4116,1,1,1,0
4117,1,1,1,0
4118,1,1,1,0
4119,2,1,1,0
4120,1,1,1,0
4121,1,1,1,0
4122,4,1,1,0
4123,4,1,1,0
4124,1,1,1,0
4125,3,1,1,0
4126,2,1,1,0
4127,3,1,1,0
4128,4,1,1,0
4129,4,1,1,0
4130,3,1,1,0
4131,4,1,1,0
4132,1,1,1,0
4133,1,1,1,0
4134,1,1,1,0
4135,5,1,1,0
4136,2,1,1,0
4137,3,1,1,0
4138,1,1,1,0
4139,2,1,1,0
4140,3,1,1,0
4141,4,1,1,0
4142,3,1,1,0
4143,2,1,1,0
4144,3,1,1,0
4145,5,1,1,0
4146,11,1,1,0
4147,1,1,1,0
4148,2,1,1,0
4149,3,1,1,0
4150,14,1,1,0
4151,2,1,1,0
4152,2,1,1,0
4153,5,1,1,0
4154,11,1,1,0
4155,6,1,1,0
4156,5,1,1,0
4157,2,1,1,0
4158,3,1,1,0
4159,2,1,1,0
4160,2,1,1,0
4161,1,1,1,0
4162,2,1,1,0
4163,3,1,1,0
4164,4,1,1,0
4165,2,1,1,0
4166,1,1,1,0
4167,6,1,1,0
4168,1,1,1,0
4169,4,1,1,0
4170,3,1,1,0
4171,3,1,1,0
4172,3,1,1,0
4173,5,1,1,0
4174,5,1,1,0
4175,1,1,1,0
4176,5,1,1,0
4177,4,1,1,0
4178,2,1,1,0
4179,4,1,1,0
4180,6,1,1,0
4181,3,1,1,0
4182,4,1,1,0
4183,4,1,1,0
4184,4,1,1,0
4185,5,1,1,0
4186,2,1,1,0
4187,6,1,1,0
4188,2,1,1,0
4189,9,1,1,0
4190,7,1,1,0
4191,4,1,1,0
4192,5,1,1,0
4193,1,1,1,0
4194,5,1,1,0
4195,2,1,1,0
4196,6,1,1,0
4197,4,1,1,0
4198,1,1,1,0
4199,3,1,1,0
4200,1,1,1,0
4201,1,1,1,0
4202,4,1,1,0
4203,1,1,1,0
4204,2,1,1,0
4205,3,1,1,0
4206,1,1,1,0
4207,9,1,1,0
4208,2,1,1,0
4209,1,1,1,0
4210,1,1,1,0
4211,2,1,1,0
4212,7,1,1,0
4213,1,1,1,0
4214,5,1,1,0
4215,1,1,1,0
4216,5,1,1,0
4217,1,1,1,0
4218,1,1,1,0
4219,1,1,1,0
4220,6,1,1,0
4221,1,1,1,0
4222,1,1,1,0
4223,5,1,1,0
4224,5,1,1,0
4225,2,1,1,0
4226,1,1,1,0
4227,3,1,1,0
4228,14,1,1,0
4229,5,1,1,0
4230,1,1,1,0
4231,1,1,1,0
4232,4,1,1,0
4233,3,1,1,0
4234,6,1,1,0
4235,3,1,1,0
4236,3,1,1,0
4237,7,1,1,0
4238,7,1,1,0
4239,2,1,1,0
4240,8,1,1,0
4241,3,1,1,0
4242,1,1,1,0
4243,2,1,1,0
4244,2,1,1,0
4245,4,1,1,0
4246,2,1,1,0
4247,12,1,1,0
4248,3,1,1,0
4249,5,1,1,0
4250,2,1,1,0
4251,2,1,1,0
4252,2,1,1,0
4253,1,1,1,0
4254,2,1,1,0
4255,1,1,1,0
4256,2,1,1,0
4257,2,1,1,0
4258,1,1,1,0
4259,5,1,1,0
4260,3,1,1,0
4261,1,1,1,0
4262,5,1,1,0
4263,1,1,1,0
4264,1,1,1,0
4265,2,1,1,0
4266,6,1,1,0
4267,2,1,1,0
4268,7,1,1,0
4269,1,1,1,0
4270,3,1,1,0
4271,1,1,1,0
4272,3,1,1,0
4273,1,1,1,0
4274,1,1,1,0
4275,1,1,1,0
4276,2,1,1,0
4277,1,1,1,0
4278,5,1,1,0
4279,2,1,1,0
4280,4,1,1,0
4281,2,1,1,0
4282,5,1,1,0
4283,5,1,1,0
4284,5,1,1,0
4285,8,1,1,0
4286,5,1,1,0
4287,2,1,1,0
4288,3,1,1,0
4289,3,1,1,0
4290,4,1,1,0
4291,4,1,1,0
4292,1,1,1,0
4293,4,1,1,0
4294,2,1,1,0
4295,3,1,1,0
4296,7,1,1,0
4297,3,1,1,0
4298,7,1,1,0
4299,2,1,1,0
4300,3,1,1,0
4301,1,1,1,0
4302,1,1,1,0
4303,5,1,1,0
4304,6,1,1,0
4305,1,1,1,0
4306,2,1,1,0
4307,3,1,1,0
4308,1,1,1,0
4309,8,1,1,0
4310,1,1,1,0
4311,3,1,1,0
4312,3,1,1,0
4313,1,1,1,0
4314,1,1,1,0
4315,3,1,1,0
4316,1,1,1,0
4317,1,1,1,0
4318,3,1,1,0
4319,4,1,1,0
4320,1,1,1,0
4321,1,1,1,0
4322,6,1,1,0
4323,1,1,1,0
4324,3,1,1,0
4325,4,1,1,0
4326,3,1,1,0
4327,1,1,1,0
4328,4,1,1,0
4329,1,1,1,0
4330,2,1,1,0
4331,2,1,1,0
4332,3,1,1,0
4333,9,1,1,0
4334,1,1,1,0
4335,6,1,1,0
4336,1,1,1,0
4337,1,1,1,0
4338,1,1,1,0
4339,1,1,1,0
4340,3,1,1,0
4341,2,1,1,0
4342,3,1,1,0
4343,3,1,1,0
4344,2,1,1,0
4345,6,1,1,0
4346,2,1,1,0
4347,4,1,1,0
4348,1,1,1,0
4349,4,1,1,0
4350,1,1,1,0
4351,1,1,1,0
4352,1,1,1,0
4353,3,1,1,0
4354,3,1,1,0
4355,1,1,1,0
4356,3,1,1,0
4357,1,1,1,0
4358,4,1,1,0
4359,1,1,1,0
4360,1,1,1,0
4361,3,1,1,0
4362,5,1,1,0
4363,2,1,1,0
4364,1,1,1,0
4365,1,1,1,0
4366,3,1,1,0
4367,1,1,1,0
4368,17,1,1,0
4369,1,1,1,0
4370,5,1,1,0
4371,6,1,1,0
4372,5,1,1,0
4373,11,1,1,0
4374,3,1,1,0
4375,5,1,1,0
4376,6,1,1,0
4377,1,1,1,0
4378,2,1,1,0
4379,6,1,1,0
4380,4,1,1,0
4381,1,1,1,0
4382,1,1,1,0
4383,1,1,1,0
4384,3,1,1,0
4385,1,1,1,0
4386,1,1,1,0
4387,5,1,1,0
4388,3,1,1,0
4389,2,1,1,0
4390,4,1,1,0
4391,6,1,1,0
4392,3,1,1,0
4393,12,1,1,0
4394,5,1,1,0
4395,1,1,1,0
4396,5,1,1,0
4397,4,1,1,0
4398,1,1,1,0
4399,1,1,1,0
4400,6,1,1,0
4401,2,1,1,0
4402,4,1,1,0
4403,4,1,1,0
4404,2,1,1,0
4405,1,1,1,0
4406,1,1,1,0
4407,5,1,1,0
4408,5,1,1,0
4409,3,1,1,0
4410,3,1,1,0
4411,3,1,1,0
4412,4,1,1,0
4413,8,1,1,0
4414,1,1,1,0
4415,4,1,1,0
4416,5,1,1,0
4417,7,1,1,0
4418,3,1,1,0
4419,4,1,1,0
4420,7,1,1,0
4421,2,1,1,0
4422,5,1,1,0
4423,2,1,1,0
4424,3,1,1,0
4425,2,1,1,0
4426,4,1,1,0
4427,6,1,1,0
4428,5,1,1,0
4429,2,1,1,0
4430,5,1,1,0
4431,1,1,1,0
4432,1,1,1,0
4433,5,1,1,0
4434,2,1,1,0
4435,1,1,1,0
4436,1,1,1,0
4437,1,1,1,0
4438,4,1,1,0
4439,9,1,1,0
4440,1,1,1,0
4441,3,1,1,0
4442,1,1,1,0
4443,4,1,1,0
4444,4,1,1,0
4445,3,1,1,0
4446,8,1,1,0
4447,3,1,1,0
4448,1,1,1,0
4449,5,1,1,0
4450,10,1,1,0
4451,2,1,1,0
4452,6,1,1,0
4453,5,1,1,0
4454,2,1,1,0
4455,5,1,1,0
4456,6,1,1,0
4457,3,1,1,0
4458,2,1,1,0
4459,5,1,1,0
4460,1,1,1,0
4461,3,1,1,0
4462,2,1,1,0
4463,4,1,1,0
4464,1,1,1,0
4465,6,1,1,0
4466,2,1,1,0
4467,3,1,1,0
4468,6,1,1,0
4469,1,1,1,0
4470,2,1,1,0
4471,4,1,1,0
4472,6,1,1,0
4473,10,1,1,0
4474,5,1,1,0
4475,3,1,1,0
4476,1,1,1,0
4477,2,1,1,0
4478,4,1,1,0
4479,2,1,1,0
4480,2,1,1,0
4481,3,1,1,0
4482,1,1,1,0
4483,2,1,1,0
4484,5,1,1,0
4485,11,1,1,0
4486,5,1,1,0
4487,2,1,1,0
4488,3,1,1,0
4489,2,1,1,0
4490,1,1,1,0
4491,1,1,1,0
4492,2,1,1,0
4493,1,1,1,0
4494,1,1,1,0
4495,1,1,1,0
4496,6,1,1,0
4497,1,1,1,0
4498,4,1,1,0
4499,11,1,1,0
4500,1,1,1,0
4501,1,1,1,0
4502,7,1,1,0
4503,1,1,1,0
4504,3,1,1,0
4505,12,1,1,0
4506,3,1,1,0
4507,1,1,1,0
4508,2,1,1,0
4509,5,1,1,0
4510,1,1,1,0
4511,2,1,1,0
4512,4,1,1,0
4513,2,1,1,0
4514,3,1,1,0
4515,5,1,1,0
4516,2,1,1,0
4517,2,1,1,0
4518,1,1,1,0
4519,1,1,1,0
4520,1,1,1,0
4521,6,1,1,0
4522,6,1,1,0
4523,5,1,1,0
4524,3,1,1,0
4525,5,1,1,0
4526,5,1,1,0
4527,1,1,1,0
4528,3,1,1,0
4529,4,1,1,0
4530,6,1,1,0
4531,2,1,1,0
4532,3,1,1,0
4533,2,1,1,0
4534,5,1,1,0
4535,5,1,1,0
4536,1,1,1,0
4537,1,1,1,0
4538,1,1,1,0
4539,1,1,1,0
4540,3,1,1,0
4541,5,1,1,0
4542,1,1,1,0
4543,4,1,1,0
4544,3,1,1,0
4545,6,1,1,0
4546,11,1,1,0
4547,8,1,1,0
4548,12,1,1,0
4549,2,1,1,0
4550,4,1,1,0
4551,1,1,1,0
4552,1,1,1,0
4553,4,1,1,0
4554,1,1,1,0
4555,1,1,1,0
4556,4,1,1,0
4557,8,1,1,0
4558,1,1,1,0
4559,4,1,1,0
4560,1,1,1,0
4561,1,1,1,0
4562,4,1,1,0
4563,4,1,1,0
4564,2,1,1,0
4565,5,1,1,0
4566,3,1,1,0
4567,2,1,1,0
4568,6,1,1,0
4569,1,1,1,0
4570,10,1,1,0
4571,1,1,1,0
4572,1,1,1,0
4573,1,1,1,0
4574,2,1,1,0
4575,5,1,1,0
4576,5,1,1,0
4577,3,1,1,0
4578,3,1,1,0
4579,9,1,1,0
4580,3,1,1,0
4581,3,1,1,0
4582,4,1,1,0
4583,9,1,1,0
4584,7,1,1,0
4585,3,1,1,0
4586,1,1,1,0
4587,3,1,1,0
4588,8,1,1,0
4589,6,1,1,0
4590,5,1,1,0
4591,2,1,1,0
4592,10,1,1,0
4593,1,1,1,0
4594,1,1,1,0
4595,3,1,1,0
4596,5,1,1,0
4597,5,1,1,0
4598,1,1,1,0
4599,10,1,1,0
4600,3,1,1,0
4601,3,1,1,0
4602,2,1,1,0
4603,6,1,1,0
4604,1,1,1,0
4605,4,1,1,0
4606,2,1,1,0
4607,6,1,1,0
4608,4,1,1,0
4609,10,1,1,0
4610,2,1,1,0
4611,2,1,1,0
4612,1,1,1,0
4613,6,1,1,0
4614,3,1,1,0
4615,3,1,1,0
4616,3,1,1,0
4617,1,1,1,0
4618,4,1,1,0
4619,12,1,1,0
4620,3,1,1,0
4621,3,1,1,0
4622,1,1,1,0
4623,3,1,1,0
4624,2,1,1,0
4625,1,1,1,0
4626,3,1,1,0
4627,2,1,1,0
4628,3,1,1,0
4629,2,1,1,0
4630,6,1,1,0
4631,2,1,1,0
4632,1,1,1,0
4633,1,1,1,0
4634,7,1,1,0
4635,5,1,1,0
4636,4,1,1,0
4637,4,1,1,0
4638,1,1,1,0
4639,1,1,1,0
4640,3,1,1,0
4641,1,1,1,0
4642,3,1,1,0
4643,4,1,1,0
4644,4,1,1,0
4645,2,1,1,0
4646,5,1,1,0
4647,2,1,1,0
4648,6,1,1,0
4649,2,1,1,0
4650,3,1,1,0
4651,1,1,1,0
4652,3,1,1,0
4653,5,1,1,0
4654,5,1,1,0
4655,4,1,1,0
4656,4,1,1,0
4657,2,1,1,0
4658,5,1,1,0
4659,3,1,1,0
4660,4,1,1,0
4661,6,1,1,0
4662,9,1,1,0
4663,3,1,1,0
4664,1,1,1,0
4665,2,1,1,0
4666,2,1,1,0
4667,12,1,1,0
4668,1,1,1,0
4669,1,1,1,0
4670,5,1,1,0
4671,3,1,1,0
4672,4,1,1,0
4673,2,1,1,0
4674,1,1,1,0
4675,3,1,1,0
4676,16,1,1,0
4677,3,1,1,0
4678,3,1,1,0
4679,1,1,1,0
4680,6,1,1,0
4681,2,1,1,0
4682,1,1,1,0
4683,8,1,1,0
4684,8,1,1,0
4685,1,1,1,0
4686,3,1,1,0
4687,6,1,1,0
4688,2,1,1,0
4689,2,1,1,0
4690,3,1,1,0
4691,4,1,1,0
4692,7,1,1,0
4693,7,1,1,0
4694,5,1,1,0
4695,3,1,1,0
4696,2,1,1,0
4697,2,1,1,0
4698,3,1,1,0
4699,1,1,1,0
4700,1,1,1,0
4701,1,1,1,0
4702,6,1,1,0
4703,1,1,1,0
4704,11,1,1,0
4705,1,1,1,0
4706,2,1,1,0
4707,1,1,1,0
4708,8,1,1,0
4709,1,1,1,0
4710,2,1,1,0
4711,1,1,1,0
4712,1,1,1,0
4713,1,1,1,0
4714,4,1,1,0
4715,1,1,1,0
4716,4,1,1,0
4717,1,1,1,0
4718,3,1,1,0
4719,1,1,1,0
4720,3,1,1,0
4721,3,1,1,0
4722,7,1,1,0
4723,1,1,1,0
4724,1,1,1,0
4725,1,1,1,0
4726,1,1,1,0
4727,5,1,1,0
4728,3,1,1,0
4729,4,1,1,0
4730,2,1,1,0
4731,3,1,1,0
4732,4,1,1,0
4733,2,1,1,0
4734,3,1,1,0
4735,1,1,1,0
4736,2,1,1,0
4737,3,1,1,0
4738,6,1,1,0
4739,3,1,1,0
4740,1,1,1,0
4741,2,1,1,0
4742,4,1,1,0
4743,1,1,1,0
4744,6,1,1,0
4745,2,1,1,0
4746,10,1,1,0
4747,5,1,1,0
4748,1,1,1,0
4749,1,1,1,0
4750,4,1,1,0
4751,1,1,1,0
4752,3,1,1,0
4753,1,1,1,0
4754,12,1,1,0
4755,3,1,1,0
4756,5,1,1,0
4757,2,1,1,0
4758,3,1,1,0
4759,2,1,1,0
4760,3,1,1,0
4761,6,1,1,0
4762,2,1,1,0
4763,4,1,1,0
4764,1,1,1,0
4765,3,1,1,0
4766,1,1,1,0
4767,2,1,1,0
4768,5,1,1,0
4769,1,1,1,0
4770,12,1,1,0
4771,1,1,1,0
4772,5,1,1,0
4773,2,1,1,0
4774,1,1,1,0
4775,9,1,1,0
4776,7,1,1,0
4777,2,1,1,0
4778,4,1,1,0
4779,6,1,1,0
4780,6,1,1,0
4781,3,1,1,0
4782,2,1,1,0
4783,4,1,1,0
4784,2,1,1,0
4785,3,1,1,0
4786,1,1,1,0
4787,9,1,1,0
4788,1,1,1,0
4789,1,1,1,0
4790,8,1,1,0
4791,2,1,1,0
4792,1,1,1,0
4793,1,1,1,0
4794,4,1,1,0
4795,1,1,1,0
4796,4,1,1,0
4797,1,1,1,0
4798,7,1,1,0
4799,4,1,1,0
4800,2,1,1,0
4801,4,1,1,0
4802,7,1,1,0
4803,8,1,1,0
4804,6,1,1,0
4805,6,1,1,0
4806,4,1,1,0
4807,3,1,1,0
4808,7,1,1,0
4809,4,1,1,0
4810,2,1,1,0
4811,3,1,1,0
4812,1,1,1,0
4813,3,1,1,0
4814,1,1,1,0
4815,7,1,1,0
4816,13,1,1,0
4817,5,1,1,0
4818,3,1,1,0
4819,2,1,1,0
4820,1,1,1,0
4821,1,1,1,0
4822,7,1,1,0
4823,9,1,1,0
4824,2,1,1,0
4825,3,1,1,0
4826,2,1,1,0
4827,3,1,1,0
4828,3,1,1,0
4829,9,1,1,0
4830,1,1,1,0
4831,7,1,1,0
4832,1,1,1,0
4833,1,1,1,0
4834,1,1,1,0
4835,4,1,1,0
4836,1,1,1,0
4837,9,1,1,0
4838,2,1,1,0
4839,3,1,1,0
4840,7,1,1,0
4841,5,1,1,0
4842,2,1,1,0
4843,3,1,1,0
4844,6,1,1,0
4845,9,1,1,0
4846,1,1,1,0
4847,1,1,1,0
4848,3,1,1,0
4849,1,1,1,0
4850,1,1,1,0
4851,4,1,1,0
4852,13,1,1,0
4853,3,1,1,0
4854,2,1,1,0
4855,3,1,1,0
4856,1,1,1,0
4857,1,1,1,0
4858,4,1,1,0
4859,2,1,1,0
4860,5,1,1,0
4861,2,1,1,0
4862,12,1,1,0
4863,14,1,1,0
4864,1,1,1,0
4865,5,1,1,0
4866,1,1,1,0
4867,2,1,1,0
4868,1,1,1,0
4869,8,1,1,0
4870,1,1,1,0
4871,5,1,1,0
4872,1,1,1,0
4873,1,1,1,0
4874,5,1,1,0
4875,1,1,1,0
4876,1,1,1,0
4877,1,1,1,0
4878,2,1,1,0
4879,7,1,1,0
4880,4,1,1,0
4881,4,1,1,0
4882,3,1,1,0
4883,5,1,1,0
4884,7,1,1,0
4885,9,1,1,0
4886,6,1,1,0
4887,4,1,1,0
4888,3,1,1,0
4889,1,1,1,0
4890,1,1,1,0
4891,1,1,1,0
4892,5,1,1,0
4893,1,1,1,0
4894,3,1,1,0
4895,1,1,1,0
4896,5,1,1,0
4897,1,1,1,0
4898,4,1,1,0
4899,6,1,1,0
4900,5,1,1,0
4901,4,1,1,0
4902,2,1,1,0
4903,1,1,1,0
4904,1,1,1,0
4905,2,1,1,0
4906,5,1,1,0
4907,2,1,1,0
4908,9,1,1,0
4909,2,1,1,0
4910,2,1,1,0
4911,1,1,1,0
4912,2,1,1,0
4913,7,1,1,0
4914,1,1,1,0
4915,4,1,1,0
4916,1,1,1,0
4917,3,1,1,0
4918,1,1,1,0
4919,4,1,1,0
4920,1,1,1,0
4921,1,1,1,0
4922,5,1,1,0
4923,6,1,1,0
4924,4,1,1,0
4925,6,1,1,0
4926,8,1,1,0
4927,6,1,1,0
4928,7,1,1,0
4929,2,1,1,0
4930,1,1,1,0
4931,3,1,1,0
4932,3,1,1,0
4933,1,1,1,0
4934,1,1,1,0
4935,1,1,1,0
4936,6,1,1,0
4937,3,1,1,0
4938,4,1,1,0
4939,13,1,1,0
4940,1,1,1,0
4941,5,1,1,0
4942,2,1,1,0
4943,2,1,1,0
4944,8,1,1,0
4945,2,1,1,0
4946,1,1,1,0
4947,1,1,1,0
4948,7,1,1,0
4949,8,1,1,0
4950,1,1,1,0
4951,2,1,1,0
4952,1,1,1,0
4953,3,1,1,0
4954,5,1,1,0
4955,9,1,1,0
4956,4,1,1,0
4957,2,1,1,0
4958,1,1,1,0
4959,2,1,1,0
4960,4,1,1,0
4961,3,1,1,0
4962,3,1,1,0
4963,9,1,1,0
4964,4,1,1,0
4965,6,1,1,0
4966,4,1,1,0
4967,8,1,1,0
4968,2,1,1,0
4969,1,1,1,0
4970,3,1,1,0
4971,2,1,1,0
4972,9,1,1,0
4973,1,1,1,0
4974,11,1,1,0
4975,2,1,1,0
4976,5,1,1,0
4977,2,1,1,0
4978,3,1,1,0
4979,3,1,1,0
4980,3,1,1,0
4981,9,1,1,0
4982,5,1,1,0
4983,3,1,1,0
4984,4,1,1,0
4985,4,1,1,0
4986,2,1,1,0
4987,3,1,1,0
4988,2,1,1,0
4989,5,1,1,0
4990,1,1,1,0
4991,3,1,1,0
4992,6,1,1,0
4993,1,1,1,0
4994,1,1,1,0
4995,2,1,1,0
4996,2,1,1,0
4997,5,1,1,0
4998,2,1,1,0
4999,5,1,1,0
5000,3,1,1,0
5001,1,1,1,0
5002,2,1,1,0
5003,8,1,1,0
5004,4,1,1,0
5005,2,1,1,0
5006,4,1,1,0
5007,3,1,1,0
5008,2,1,1,0
5009,1,1,1,0
5010,1,1,1,0
5011,1,1,1,0
5012,1,1,1,0
5013,7,1,1,0
5014,4,1,1,0
5015,4,1,1,0
5016,1,1,1,0
5017,1,1,1,0
5018,1,1,1,0
5019,6,1,1,0
5020,4,1,1,0
5021,1,1,1,0
5022,5,1,1,0
5023,3,1,1,0
5024,1,1,1,0
5025,1,1,1,0
5026,1,1,1,0
5027,11,1,1,0
5028,12,1,1,0
5029,7,1,1,0
5030,1,1,1,0
5031,5,1,1,0
5032,2,1,1,0
5033,1,1,1,0
5034,3,1,1,0
5035,12,1,1,0
5036,5,1,1,0
5037,8,1,1,0
5038,10,1,1,0
5039,4,1,1,0
5040,5,1,1,0
5041,1,1,1,0
5042,1,1,1,0
5043,3,1,1,0
5044,2,1,1,0
5045,5,1,1,0
5046,6,1,1,0
5047,3,1,1,0
5048,4,1,1,0
5049,1,1,1,0
5050,1,1,1,0
5051,3,1,1,0
5052,9,1,1,0
5053,10,1,1,0
5054,1,1,1,0
5055,3,1,1,0
5056,9,1,1,0
5057,4,1,1,0
5058,2,1,1,0
5059,2,1,1,0
5060,2,1,1,0
5061,5,1,1,0
5062,3,1,1,0
5063,3,1,1,0
5064,3,1,1,0
5065,3,1,1,0
5066,2,1,1,0
5067,3,1,1,0
5068,1,1,1,0
5069,1,1,1,0
5070,1,1,1,0
5071,3,1,1,0
5072,4,1,1,0
5073,4,1,1,0
5074,1,1,1,0
5075,3,1,1,0
5076,6,1,1,0
5077,1,1,1,0
5078,1,1,1,0
5079,10,1,1,0
5080,10,1,1,0
5081,4,1,1,0
5082,12,1,1,0
5083,2,1,1,0
5084,2,1,1,0
5085,9,1,1,0
5086,5,1,1,0
5087,4,1,1,0
5088,3,1,1,0
5089,4,1,1,0
5090,3,1,1,0
5091,2,1,1,0
5092,5,1,1,0
5093,1,1,1,0
5094,3,1,1,0
5095,1,1,1,0
5096,5,1,1,0
5097,5,1,1,0
5098,1,1,1,0
5099,12,1,1,0
5100,1,1,1,0
5101,6,1,1,0
5102,3,1,1,0
5103,5,1,1,0
5104,10,1,1,0
5105,1,1,1,0
5106,2,1,1,0
5107,1,1,1,0
5108,1,1,1,0
5109,2,1,1,0
5110,1,1,1,0
5111,2,1,1,0
5112,4,1,1,0
5113,1,1,1,0
5114,2,1,1,0
5115,4,1,1,0
5116,9,1,1,0
5117,6,1,1,0
5118,2,1,1,0
5119,15,1,1,0
5120,1,1,1,0
5121,3,1,1,0
5122,4,1,1,0
5123,3,1,1,0
5124,1,1,1,0
5125,8,1,1,0
5126,5,1,1,0
5127,1,1,1,0
5128,5,1,1,0
5129,4,1,1,0
5130,9,1,1,0
5131,1,1,1,0
5132,1,1,1,0
5133,1,1,1,0
5134,3,1,1,0
5135,2,1,1,0
5136,1,1,1,0
5137,3,1,1,0
5138,2,1,1,0
5139,2,1,1,0
5140,2,1,1,0
5141,4,1,1,0
5142,3,1,1,0
5143,4,1,1,0
5144,5,1,1,0
5145,1,1,1,0
5146,6,1,1,0
5147,6,1,1,0
5148,2,1,1,0
5149,2,1,1,0
5150,6,1,1,0
5151,5,1,1,0
5152,2,1,1,0
5153,8,1,1,0
5154,3,1,1,0
5155,3,1,1,0
5156,8,1,1,0
5157,1,1,1,0
5158,1,1,1,0
5159,5,1,1,0
5160,14,1,1,0
5161,3,1,1,0
5162,4,1,1,0
5163,3,1,1,0
5164,7,1,1,0
5165,8,1,1,0
5166,1,1,1,0
5167,3,1,1,0
5168,2,1,1,0
5169,1,1,1,0
5170,4,1,1,0
5171,4,1,1,0
5172,3,1,1,0
5173,3,1,1,0
5174,2,1,1,0
5175,2,1,1,0
5176,3,1,1,0
5177,3,1,1,0
5178,1,1,1,0
5179,10,1,1,0
5180,1,1,1,0
5181,5,1,1,0
5182,1,1,1,0
5183,2,1,1,0
5184,1,1,1,0
5185,3,1,1,0
5186,2,1,1,0
5187,5,1,1,0
5188,13,1,1,0
5189,5,1,1,0
5190,3,1,1,0
5191,15,1,1,0
5192,3,1,1,0
5193,1,1,1,0
5194,5,1,1,0
5195,3,1,1,0
5196,6,1,1,0
5197,6,1,1,0
5198,3,1,1,0
5199,4,1,1,0
5200,1,1,1,0
5201,1,1,1,0
5202,1,1,1,0
5203,3,1,1,0
5204,2,1,1,0
5205,1,1,1,0
5206,1,1,1,0
5207,1,1,1,0
5208,1,1,1,0
5209,2,1,1,0
5210,1,1,1,0
5211,16,1,1,0
5212,3,1,1,0
5213,3,1,1,0
5214,1,1,1,0
5215,4,1,1,0
5216,5,1,1,0
5217,2,1,1,0
5218,5,1,1,0
5219,2,1,1,0
5220,1,1,1,0
5221,1,1,1,0
5222,6,1,1,0
5223,1,1,1,0
5224,5,1,1,0
5225,5,1,1,0
5226,7,1,1,0
5227,1,1,1,0
5228,3,1,1,0
5229,1,1,1,0
5230,3,1,1,0
5231,9,1,1,0
5232,1,1,1,0
5233,9,1,1,0
5234,1,1,1,0
5235,7,1,1,0
5236,4,1,1,0
5237,3,1,1,0
5238,2,1,1,0
5239,5,1,1,0
5240,3,1,1,0
5241,5,1,1,0
5242,1,1,1,0
5243,3,1,1,0
5244,1,1,1,0
5245,1,1,1,0
5246,2,1,1,0
5247,2,1,1,0
5248,1,1,1,0
5249,8,1,1,0
5250,2,1,1,0
5251,7,1,1,0
5252,4,1,1,0
5253,5,1,1,0
5254,1,1,1,0
5255,4,1,1,0
5256,4,1,1,0
5257,3,1,1,0
5258,8,1,1,0
5259,1,1,1,0
5260,1,1,1,0
5261,2,1,1,0
5262,4,1,1,0
5263,2,1,1,0
5264,1,1,1,0
5265,2,1,1,0
5266,4,1,1,0
5267,1,1,1,0
5268,5,1,1,0
5269,4,1,1,0
5270,2,1,1,0
5271,1,1,1,0
5272,11,1,1,0
5273,7,1,1,0
5274,2,1,1,0
5275,7,1,1,0
5276,4,1,1,0
5277,2,1,1,0
5278,2,1,1,0
5279,2,1,1,0
5280,3,1,1,0
5281,5,1,1,0
5282,6,1,1,0
5283,1,1,1,0
5284,1,1,1,0
5285,2,1,1,0
5286,5,1,1,0
5287,4,1,1,0
5288,3,1,1,0
5289,2,1,1,0
5290,2,1,1,0
5291,4,1,1,0
5292,7,1,1,0
5293,1,1,1,0
5294,3,1,1,0
5295,6,1,1,0
5296,1,1,1,0
5297,3,1,1,0
5298,3,1,1,0
5299,3,1,1,0
5300,3,1,1,0
5301,3,1,1,0
5302,3,1,1,0
5303,1,1,1,0
5304,3,1,1,0
5305,1,1,1,0
5306,3,1,1,0
5307,3,1,1,0
5308,5,1,1,0
5309,4,1,1,0
5310,3,1,1,0
5311,1,1,1,0
5312,5,1,1,0
5313,2,1,1,0
5314,4,1,1,0
5315,3,1,1,0
5316,4,1,1,0
5317,1,1,1,0
5318,5,1,1,0
5319,5,1,1,0
5320,3,1,1,0
5321,2,1,1,0
5322,5,1,1,0
5323,4,1,1,0
5324,1,1,1,0
5325,1,1,1,0
5326,1,1,1,0
5327,4,1,1,0
5328,3,1,1,0
5329,3,1,1,0
5330,1,1,1,0
5331,1,1,1,0
5332,1,1,1,0
5333,3,1,1,0
5334,1,1,1,0
5335,9,1,1,0
5336,2,1,1,0
5337,7,1,1,0
5338,1,1,1,0
5339,2,1,1,0
5340,1,1,1,0
5341,3,1,1,0
5342,3,1,1,0
5343,4,1,1,0
5344,3,1,1,0
5345,4,1,1,0
5346,3,1,1,0
5347,1,1,1,0
5348,1,1,1,0
5349,5,1,1,0
5350,3,1,1,0
5351,2,1,1,0
5352,1,1,1,0
5353,8,1,1,0
5354,5,1,1,0
5355,9,1,1,0
5356,2,1,1,0
5357,7,1,1,0
5358,3,1,1,0
5359,3,1,1,0
5360,1,1,1,0
5361,3,1,1,0
5362,5,1,1,0
5363,1,1,1,0
5364,2,1,1,0
5365,4,1,1,0
5366,2,1,1,0
5367,1,1,1,0
5368,1,1,1,0
5369,2,1,1,0
5370,1,1,1,0
5371,5,1,1,0
5372,9,1,1,0
5373,1,1,1,0
5374,2,1,1,0
5375,6,1,1,0
5376,9,1,1,0
5377,2,1,1,0
5378,1,1,1,0
5379,1,1,1,0
5380,1,1,1,0
5381,1,1,1,0
5382,3,1,1,0
5383,1,1,1,0
5384,1,1,1,0
5385,1,1,1,0
5386,2,1,1,0
5387,11,1,1,0
5388,7,1,1,0
5389,2,1,1,0
5390,6,1,1,0
5391,1,1,1,0
5392,3,1,1,0
5393,2,1,1,0
5394,3,1,1,0
5395,3,1,1,0
5396,4,1,1,0
5397,3,1,1,0
5398,1,1,1,0
5399,1,1,1,0
5400,4,1,1,0
5401,1,1,1,0
5402,4,1,1,0
5403,1,1,1,0
5404,2,1,1,0
5405,3,1,1,0
5406,7,1,1,0
5407,1,1,1,0
5408,1,1,1,0
5409,4,1,1,0
5410,7,1,1,0
5411,7,1,1,0
5412,4,1,1,0
5413,4,1,1,0
5414,9,1,1,0
5415,3,1,1,0
5416,2,1,1,0
5417,1,1,1,0
5418,11,1,1,0
5419,6,1,1,0
5420,3,1,1,0
5421,7,1,1,0
5422,3,1,1,0
5423,2,1,1,0
5424,2,1,1,0
5425,1,1,1,0
5426,8,1,1,0
5427,2,1,1,0
5428,3,1,1,0
5429,1,1,1,0
5430,4,1,1,0
5431,5,1,1,0
5432,6,1,1,0
5433,2,1,1,0
5434,2,1,1,0
5435,1,1,1,0
5436,4,1,1,0
5437,4,1,1,0
5438,4,1,1,0
5439,3,1,1,0
5440,5,1,1,0
5441,3,1,1,0
5442,3,1,1,0
5443,3,1,1,0
5444,2,1,1,0
5445,1,1,1,0
5446,4,1,1,0
5447,3,1,1,0
5448,10,1,1,0
5449,1,1,1,0
5450,3,1,1,0
5451,1,1,1,0
5452,4,1,1,0
5453,4,1,1,0
5454,5,1,1,0
5455,1,1,1,0
5456,1,1,1,0
5457,1,1,1,0
5458,7,1,1,0
5459,2,1,1,0
5460,7,1,1,0
5461,1,1,1,0
5462,10,1,1,0
5463,2,1,1,0
5464,9,1,1,0
5465,2,1,1,0
5466,1,1,1,0
5467,2,1,1,0
5468,3,1,1,0
5469,1,1,1,0
5470,5,1,1,0
5471,4,1,1,0
5472,2,1,1,0
5473,5,1,1,0
5474,1,1,1,0
5475,1,1,1,0
5476,3,1,1,0
5477,5,1,1,0
5478,6,1,1,0
5479,8,1,1,0
5480,1,1,1,0
5481,1,1,1,0
5482,4,1,1,0
5483,5,1,1,0
5484,3,1,1,0
5485,3,1,1,0
5486,3,1,1,0
5487,1,1,1,0
5488,8,1,1,0
5489,2,1,1,0
5490,8,1,1,0
5491,2,1,1,0
5492,5,1,1,0
5493,2,1,1,0
5494,5,1,1,0
5495,5,1,1,0
5496,9,1,1,0
5497,3,1,1,0
5498,1,1,1,0
5499,5,1,1,0
5500,4,1,1,0
5501,4,1,1,0
5502,2,1,1,0
5503,3,1,1,0
5504,3,1,1,0
5505,4,1,1,0
5506,4,1,1,0
5507,7,1,1,0
5508,2,1,1,0
5509,1,1,1,0
5510,2,1,1,0
5511,3,1,1,0
5512,2,1,1,0
5513,1,1,1,0
5514,1,1,1,0
5515,7,1,1,0
5516,1,1,1,0
5517,6,1,1,0
5518,1,1,1,0
5519,2,1,1,0
5520,1,1,1,0
5521,10,1,1,0
5522,3,1,1,0
5523,1,1,1,0
5524,4,1,1,0
5525,1,1,1,0
5526,2,1,1,0
5527,2,1,1,0
5528,8,1,1,0
5529,1,1,1,0
5530,5,1,1,0
5531,4,1,1,0
5532,2,1,1,0
5533,3,1,1,0
5534,8,1,1,0
5535,4,1,1,0
5536,6,1,1,0
5537,2,1,1,0
5538,5,1,1,0
5539,7,1,1,0
5540,1,1,1,0
5541,2,1,1,0
5542,3,1,1,0
5543,6,1,1,0
5544,1,1,1,0
5545,2,1,1,0
5546,1,1,1,0
5547,1,1,1,0
5548,4,1,1,0
5549,1,1,1,0
5550,7,1,1,0
5551,3,1,1,0
5552,3,1,1,0
5553,6,1,1,0
5554,1,1,1,0
5555,3,1,1,0
5556,1,1,1,0
5557,4,1,1,0
5558,7,1,1,0
5559,15,1,1,0
5560,2,1,1,0
5561,6,1,1,0
5562,11,1,1,0
5563,2,1,1,0
5564,2,1,1,0
5565,4,1,1,0
5566,3,1,1,0
5567,2,1,1,0
5568,2,1,1,0
5569,2,1,1,0
5570,4,1,1,0
5571,1,1,1,0
5572,3,1,1,0
5573,10,1,1,0
5574,11,1,1,0
5575,4,1,1,0
5576,6,1,1,0
5577,2,1,1,0
5578,4,1,1,0
5579,3,1,1,0
5580,4,1,1,0
5581,4,1,1,0
5582,3,1,1,0
5583,8,1,1,0
5584,1,1,1,0
5585,3,1,1,0
5586,1,1,1,0
5587,1,1,1,0
5588,6,1,1,0
5589,1,1,1,0
5590,3,1,1,0
5591,2,1,1,0
5592,2,1,1,0
5593,2,1,1,0
5594,1,1,1,0
5595,9,1,1,0
5596,1,1,1,0
5597,1,1,1,0
5598,3,1,1,0
5599,1,1,1,0
5600,3,1,1,0
5601,4,1,1,0
5602,7,1,1,0
5603,1,1,1,0
5604,2,1,1,0
5605,3,1,1,0
5606,4,1,1,0
5607,3,1,1,0
5608,1,1,1,0
5609,1,1,1,0
5610,3,1,1,0
5611,2,1,1,0
5612,2,1,1,0
5613,1,1,1,0
5614,4,1,1,0
5615,2,1,1,0
5616,4,1,1,0
5617,3,1,1,0
5618,1,1,1,0
5619,3,1,1,0
5620,4,1,1,0
5621,4,1,1,0
5622,4,1,1,0
5623,4,1,1,0
5624,6,1,1,0
5625,2,1,1,0
5626,10,1,1,0
5627,2,1,1,0
5628,1,1,1,0
5629,11,1,1,0
5630,9,1,1,0
5631,1,1,1,0
5632,5,1,1,0
5633,1,1,1,0
5634,1,1,1,0
5635,2,1,1,0
5636,2,1,1,0
5637,5,1,1,0
5638,1,1,1,0
5639,7,1,1,0
5640,7,1,1,0
5641,5,1,1,0
5642,2,1,1,0
5643,3,1,1,0
5644,1,1,1,0
5645,2,1,1,0
5646,7,1,1,0
5647,1,1,1,0
5648,5,1,1,0
5649,5,1,1,0
5650,2,1,1,0
5651,1,1,1,0
5652,4,1,1,0
5653,2,1,1,0
5654,2,1,1,0
5655,1,1,1,0
5656,3,1,1,0
5657,6,1,1,0
5658,2,1,1,0
5659,1,1,1,0
5660,9,1,1,0
5661,2,1,1,0
5662,5,1,1,0
5663,1,1,1,0
5664,1,1,1,0
5665,3,1,1,0
5666,11,1,1,0
5667,2,1,1,0
5668,3,1,1,0
5669,4,1,1,0
5670,1,1,1,0
5671,3,1,1,0
5672,1,1,1,0
5673,2,1,1,0
5674,5,1,1,0
5675,1,1,1,0
5676,7,1,1,0
5677,3,1,1,0
5678,5,1,1,0
5679,6,1,1,0
5680,5,1,1,0
5681,3,1,1,0
5682,2,1,1,0
5683,6,1,1,0
5684,3,1,1,0
5685,3,1,1,0
5686,3,1,1,0
5687,9,1,1,0
5688,1,1,1,0
5689,2,1,1,0
5690,1,1,1,0
5691,2,1,1,0
5692,9,1,1,0
5693,2,1,1,0
5694,4,1,1,0
5695,6,1,1,0
5696,3,1,1,0
5697,1,1,1,0
5698,6,1,1,0
5699,6,1,1,0
5700,7,1,1,0
5701,3,1,1,0
5702,4,1,1,0
5703,1,1,1,0
5704,1,1,1,0
5705,4,1,1,0
5706,6,1,1,0
5707,3,1,1,0
5708,3,1,1,0
5709,6,1,1,0
5710,2,1,1,0
5711,5,1,1,0
5712,1,1,1,0
5713,1,1,1,0
5714,7,1,1,0
5715,5,1,1,0
5716,6,1,1,0
5717,2,1,1,0
5718,1,1,1,0
5719,6,1,1,0
5720,10,1,1,0
5721,5,1,1,0
5722,2,1,1,0
5723,2,1,1,0
5724,3,1,1,0
5725,4,1,1,0
5726,5,1,1,0
5727,4,1,1,0
5728,4,1,1,0
5729,5,1,1,0
5730,1,1,1,0
5731,3,1,1,0
5732,2,1,1,0
5733,1,1,1,0
5734,1,1,1,0
5735,3,1,1,0
5736,2,1,1,0
5737,3,1,1,0
5738,1,1,1,0
5739,5,1,1,0
5740,3,1,1,0
5741,9,1,1,0
5742,7,1,1,0
5743,9,1,1,0
5744,1,1,1,0
5745,6,1,1,0
5746,4,1,1,0
5747,1,1,1,0
5748,3,1,1,0
5749,1,1,1,0
5750,1,1,1,0
5751,3,1,1,0
5752,4,1,1,0
5753,4,1,1,0
5754,1,1,1,0
5755,5,1,1,0
5756,2,1,1,0
5757,13,1,1,0
5758,3,1,1,0
5759,1,1,1,0
5760,3,1,1,0
5761,1,1,1,0
5762,4,1,1,0
5763,4,1,1,0
5764,7,1,1,0
5765,5,1,1,0
5766,3,1,1,0
5767,5,1,1,0
5768,4,1,1,0
5769,1,1,1,0
5770,1,1,1,0
5771,8,1,1,0
5772,6,1,1,0
5773,3,1,1,0
5774,1,1,1,0
5775,1,1,1,0
5776,1,1,1,0
5777,1,1,1,0
5778,7,1,1,0
5779,3,1,1,0
5780,3,1,1,0
5781,1,1,1,0
5782,4,1,1,0
5783,9,1,1,0
5784,9,1,1,0
5785,1,1,1,0
5786,5,1,1,0
5787,3,1,1,0
5788,3,1,1,0
5789,1,1,1,0
5790,6,1,1,0
5791,4,1,1,0
5792,6,1,1,0
5793,4,1,1,0
5794,2,1,1,0
5795,4,1,1,0
5796,8,1,1,0
5797,8,1,1,0
5798,2,1,1,0
5799,3,1,1,0
5800,6,1,1,0
5801,1,1,1,0
5802,1,1,1,0
5803,4,1,1,0
5804,9,1,1,0
5805,12,1,1,0
5806,8,1,1,0
5807,6,1,1,0
5808,1,1,1,0
5809,1,1,1,0
5810,2,1,1,0
5811,5,1,1,0
5812,1,1,1,0
5813,2,1,1,0
5814,1,1,1,0
5815,2,1,1,0
5816,5,1,1,0
5817,1,1,1,0
5818,4,1,1,0
5819,4,1,1,0
5820,4,1,1,0
5821,4,1,1,0
5822,5,1,1,0
5823,3,1,1,0
5824,3,1,1,0
5825,5,1,1,0
5826,2,1,1,0
5827,1,1,1,0
5828,1,1,1,0
5829,3,1,1,0
5830,5,1,1,0
5831,1,1,1,0
5832,3,1,1,0
5833,2,1,1,0
5834,6,1,1,0
5835,7,1,1,0
5836,6,1,1,0
5837,8,1,1,0
5838,3,1,1,0
5839,5,1,1,0
5840,5,1,1,0
5841,2,1,1,0
5842,5,1,1,0
5843,1,1,1,0
5844,1,1,1,0
5845,2,1,1,0
5846,3,1,1,0
5847,3,1,1,0
5848,6,1,1,0
5849,5,1,1,0
5850,1,1,1,0
5851,3,1,1,0
5852,1,1,1,0
5853,2,1,1,0
5854,4,1,1,0
5855,2,1,1,0
5856,1,1,1,0
5857,4,1,1,0
5858,1,1,1,0
5859,1,1,1,0
5860,1,1,1,0
5861,1,1,1,0
5862,1,1,1,0
5863,7,1,1,0
5864,3,1,1,0
5865,19,1,1,0
5866,3,1,1,0
5867,8,1,1,0
5868,9,1,1,0
5869,3,1,1,0
5870,9,1,1,0
5871,3,1,1,0
5872,1,1,1,0
5873,1,1,1,0
5874,5,1,1,0
5875,4,1,1,0
5876,6,1,1,0
5877,5,1,1,0
5878,9,1,1,0
5879,3,1,1,0
5880,4,1,1,0
5881,5,1,1,0
5882,5,1,1,0
5883,4,1,1,0
5884,3,1,1,0
5885,4,1,1,0
5886,4,1,1,0
5887,2,1,1,0
5888,4,1,1,0
5889,1,1,1,0
5890,5,1,1,0
5891,7,1,1,0
5892,8,1,1,0
5893,4,1,1,0
5894,6,1,1,0
5895,18,1,1,0
5896,2,1,1,0
5897,1,1,1,0
5898,5,1,1,0
5899,1,1,1,0
5900,1,1,1,0
5901,2,1,1,0
5902,3,1,1,0
5903,2,1,1,0
5904,3,1,1,0
5905,1,1,1,0
5906,6,1,1,0
5907,1,1,1,0
5908,4,1,1,0
5909,1,1,1,0
5910,3,1,1,0
5911,5,1,1,0
5912,5,1,1,0
5913,1,1,1,0
5914,4,1,1,0
5915,6,1,1,0
5916,1,1,1,0
5917,1,1,1,0
5918,4,1,1,0
5919,1,1,1,0
5920,5,1,1,0
5921,8,1,1,0
5922,5,1,1,0
5923,1,1,1,0
5924,3,1,1,0
5925,2,1,1,0
5926,2,1,1,0
5927,14,1,1,0
5928,2,1,1,0
5929,6,1,1,0
5930,4,1,1,0
5931,2,1,1,0
5932,6,1,1,0
5933,4,1,1,0
5934,3,1,1,0
5935,3,1,1,0
5936,3,1,1,0
5937,7,1,1,0
5938,5,1,1,0
5939,1,1,1,0
5940,6,1,1,0
5941,3,1,1,0
5942,3,1,1,0
5943,8,1,1,0
5944,6,1,1,0
5945,12,1,1,0
5946,8,1,1,0
5947,4,1,1,0
5948,1,1,1,0
5949,1,1,1,0
5950,2,1,1,0
5951,1,1,1,0
5952,6,1,1,0
5953,5,1,1,0
5954,1,1,1,0
5955,5,1,1,0
5956,5,1,1,0
5957,1,1,1,0
5958,1,1,1,0
5959,2,1,1,0
5960,4,1,1,0
5961,3,1,1,0
5962,5,1,1,0
5963,8,1,1,0
5964,2,1,1,0
5965,2,1,1,0
5966,1,1,1,0
5967,1,1,1,0
5968,6,1,1,0
5969,4,1,1,0
5970,1,1,1,0
5971,6,1,1,0
5972,1,1,1,0
5973,6,1,1,0
5974,2,1,1,0
5975,7,1,1,0
5976,18,1,1,0
5977,5,1,1,0
5978,1,1,1,0
5979,11,1,1,0
5980,4,1,1,0
5981,5,1,1,0
5982,3,1,1,0
5983,13,1,1,0
5984,2,1,1,0
5985,2,1,1,0
5986,1,1,1,0
5987,1,1,1,0
5988,5,1,1,0
5989,2,1,1,0
5990,3,1,1,0
5991,2,1,1,0
5992,4,1,1,0
5993,1,1,1,0
5994,1,1,1,0
5995,3,1,1,0
5996,1,1,1,0
5997,1,1,1,0
5998,4,1,1,0
5999,10,1,1,0
6000,2,1,1,0
6001,4,1,1,0
6002,1,1,1,0
6003,3,1,1,0
6004,1,1,1,0
6005,4,1,1,0
6006,8,1,1,0
6007,5,1,1,0
6008,3,1,1,0
6009,14,1,1,0
6010,1,1,1,0
6011,3,1,1,0
6012,2,1,1,0
6013,3,1,1,0
6014,4,1,1,0
6015,2,1,1,0
6016,1,1,1,0
6017,1,1,1,0
6018,3,1,1,0
6019,1,1,1,0
6020,7,1,1,0
6021,5,1,1,0
6022,2,1,1,0
6023,5,1,1,0
6024,1,1,1,0
6025,2,1,1,0
6026,4,1,1,0
6027,1,1,1,0
6028,1,1,1,0
6029,5,1,1,0
6030,7,1,1,0
6031,2,1,1,0
6032,3,1,1,0
6033,2,1,1,0
6034,1,1,1,0
6035,13,1,1,0
6036,5,1,1,0
6037,2,1,1,0
6038,3,1,1,0
6039,1,1,1,0
6040,2,1,1,0
6041,1,1,1,0
6042,1,1,1,0
6043,4,1,1,0
6044,2,1,1,0
6045,9,1,1,0
6046,2,1,1,0
6047,5,1,1,0
6048,9,1,1,0
6049,2,1,1,0
6050,1,1,1,0
6051,10,1,1,0
6052,3,1,1,0
6053,5,1,1,0
6054,7,1,1,0
6055,11,1,1,0
6056,7,1,1,0
6057,3,1,1,0
6058,3,1,1,0
6059,2,1,1,0
6060,2,1,1,0
6061,3,1,1,0
6062,10,1,1,0
6063,1,1,1,0
6064,3,1,1,0
6065,4,1,1,0
6066,5,1,1,0
6067,5,1,1,0
6068,1,1,1,0
6069,1,1,1,0
6070,3,1,1,0
6071,5,1,1,0
6072,8,1,1,0
6073,1,1,1,0
6074,5,1,1,0
6075,3,1,1,0
6076,1,1,1,0
6077,13,1,1,0
6078,6,1,1,0
6079,2,1,1,0
6080,2,1,1,0
6081,4,1,1,0
6082,2,1,1,0
6083,2,1,1,0
6084,4,1,1,0
6085,3,1,1,0
6086,2,1,1,0
6087,1,1,1,0
6088,8,1,1,0
6089,8,1,1,0
6090,12,1,1,0
6091,10,1,1,0
6092,4,1,1,0
6093,4,1,1,0
6094,2,1,1,0
6095,4,1,1,0
6096,1,1,1,0
6097,3,1,1,0
6098,2,1,1,0
6099,12,1,1,0
6100,1,1,1,0
6101,1,1,1,0
6102,3,1,1,0
6103,3,1,1,0
6104,8,1,1,0
6105,2,1,1,0
6106,2,1,1,0
6107,4,1,1,0
6108,15,1,1,0
6109,2,1,1,0
6110,3,1,1,0
6111,3,1,1,0
6112,3,1,1,0
6113,5,1,1,0
6114,2,1,1,0
6115,2,1,1,0
6116,1,1,1,0
6117,7,1,1,0
6118,6,1,1,0
6119,1,1,1,0
6120,2,1,1,0
6121,1,1,1,0
6122,6,1,1,0
6123,2,1,1,0
6124,10,1,1,0
6125,2,1,1,0
6126,1,1,1,0
6127,19,1,1,0
6128,2,1,1,0
6129,2,1,1,0
6130,3,1,1,0
6131,3,1,1,0
6132,1,1,1,0
6133,1,1,1,0
6134,11,1,1,0
6135,2,1,1,0
6136,9,1,1,0
6137,5,1,1,0
6138,1,1,1,0
6139,2,1,1,0
6140,4,1,1,0
6141,1,1,1,0
6142,1,1,1,0
6143,3,1,1,0
6144,5,1,1,0
6145,3,1,1,0
6146,7,1,1,0
6147,2,1,1,0
6148,3,1,1,0
6149,2,1,1,0
6150,9,1,1,0
6151,18,1,1,0
6152,3,1,1,0
6153,7,1,1,0
6154,3,1,1,0
6155,3,1,1,0
6156,2,1,1,0
6157,11,1,1,0
6158,2,1,1,0
6159,4,1,1,0
6160,6,1,1,0
6161,3,1,1,0
6162,11,1,1,0
6163,3,1,1,0
6164,8,1,1,0
6165,1,1,1,0
6166,3,1,1,0
6167,20,1,1,0
6168,2,1,1,0
6169,3,1,1,0
6170,1,1,1,0
6171,6,1,1,0
6172,2,1,1,0
6173,4,1,1,0
6174,2,1,1,0
6175,1,1,1,0
6176,3,1,1,0
6177,1,1,1,0
6178,6,1,1,0
6179,9,1,1,0
6180,1,1,1,0
6181,2,1,1,0
6182,1,1,1,0
6183,1,1,1,0
6184,3,1,1,0
6185,3,1,1,0
6186,4,1,1,0
6187,1,1,1,0
6188,2,1,1,0
6189,1,1,1,0
6190,4,1,1,0
6191,3,1,1,0
6192,3,1,1,0
6193,3,1,1,0
6194,3,1,1,0
6195,1,1,1,0
6196,1,1,1,0
6197,2,1,1,0
6198,8,1,1,0
6199,1,1,1,0
6200,2,1,1,0
6201,1,1,1,0
6202,1,1,1,0
6203,12,1,1,0
6204,1,1,1,0
6205,4,1,1,0
6206,2,1,1,0
6207,3,1,1,0
6208,1,1,1,0
6209,8,1,1,0
6210,4,1,1,0
6211,8,1,1,0
6212,6,1,1,0
6213,2,1,1,0
6214,3,1,1,0
6215,4,1,1,0
6216,3,1,1,0
6217,4,1,1,0
6218,3,1,1,0
6219,1,1,1,0
6220,6,1,1,0
6221,1,1,1,0
6222,2,1,1,0
6223,9,1,1,0
6224,5,1,1,0
6225,4,1,1,0
6226,2,1,1,0
6227,1,1,1,0
6228,5,1,1,0
6229,5,1,1,0
6230,3,1,1,0
6231,5,1,1,0
6232,2,1,1,0
6233,2,1,1,0
6234,3,1,1,0
6235,3,1,1,0
6236,1,1,1,0
6237,3,1,1,0
6238,3,1,1,0
6239,1,1,1,0
6240,2,1,1,0
6241,5,1,1,0
6242,1,1,1,0
6243,4,1,1,0
6244,4,1,1,0
6245,1,1,1,0
6246,3,1,1,0
6247,6,1,1,0
6248,3,1,1,0
6249,2,1,1,0
6250,2,1,1,0
6251,7,1,1,0
6252,1,1,1,0
6253,3,1,1,0
6254,3,1,1,0
6255,2,1,1,0
6256,1,1,1,0
6257,3,1,1,0
6258,6,1,1,0
6259,5,1,1,0
6260,2,1,1,0
6261,6,1,1,0
6262,4,1,1,0
6263,3,1,1,0
6264,3,1,1,0
6265,2,1,1,0
6266,3,1,1,0
6267,6,1,1,0
6268,2,1,1,0
6269,2,1,1,0
6270,3,1,1,0
6271,8,1,1,0
6272,5,1,1,0
6273,5,1,1,0
6274,2,1,1,0
6275,1,1,1,0
6276,2,1,1,0
6277,1,1,1,0
6278,4,1,1,0
6279,3,1,1,0
6280,1,1,1,0
6281,1,1,1,0
6282,1,1,1,0
6283,6,1,1,0
6284,10,1,1,0
6285,1,1,1,0
6286,2,1,1,0
6287,5,1,1,0
6288,15,1,1,0
6289,5,1,1,0
6290,4,1,1,0
6291,11,1,1,0
6292,3,1,1,0
6293,3,1,1,0
6294,2,1,1,0
6295,1,1,1,0
6296,3,1,1,0
6297,9,1,1,0
6298,4,1,1,0
6299,5,1,1,0
6300,2,1,1,0
6301,1,1,1,0
6302,2,1,1,0
6303,1,1,1,0
6304,2,1,1,0
6305,1,1,1,0
6306,1,1,1,0
6307,1,1,1,0
6308,4,1,1,0
6309,2,1,1,0
6310,4,1,1,0
6311,1,1,1,0
6312,3,1,1,0
6313,4,1,1,0
6314,1,1,1,0
6315,5,1,1,0
6316,5,1,1,0
6317,8,1,1,0
6318,6,1,1,0
6319,1,1,1,0
6320,4,1,1,0
6321,2,1,1,0
6322,9,1,1,0
6323,2,1,1,0
6324,3,1,1,0
6325,7,1,1,0
6326,3,1,1,0
6327,3,1,1,0
6328,1,1,1,0
6329,2,1,1,0
6330,1,1,1,0
6331,3,1,1,0
6332,3,1,1,0
6333,1,1,1,0
6334,3,1,1,0
6335,1,1,1,0
6336,3,1,1,0
6337,3,1,1,0
6338,4,1,1,0
6339,9,1,1,0
6340,4,1,1,0
6341,3,1,1,0
6342,5,1,1,0
6343,6,1,1,0
6344,2,1,1,0
6345,3,1,1,0
6346,2,1,1,0
6347,5,1,1,0
6348,12,1,1,0
6349,11,1,1,0
6350,4,1,1,0
6351,1,1,1,0
6352,1,1,1,0
6353,1,1,1,0
6354,2,1,1,0
6355,6,1,1,0
6356,4,1,1,0
6357,3,1,1,0
6358,10,1,1,0
6359,6,1,1,0
6360,2,1,1,0
6361,4,1,1,0
6362,3,1,1,0
6363,2,1,1,0
6364,2,1,1,0
6365,2,1,1,0
6366,4,1,1,0
6367,1,1,1,0
6368,4,1,1,0
6369,3,1,1,0
6370,1,1,1,0
6371,2,1,1,0
6372,2,1,1,0
6373,1,1,1,0
6374,3,1,1,0
6375,1,1,1,0
6376,2,1,1,0
6377,1,1,1,0
6378,10,1,1,0
6379,1,1,1,0
6380,2,1,1,0
6381,1,1,1,0
6382,9,1,1,0
6383,8,1,1,0
6384,2,1,1,0
6385,7,1,1,0
6386,1,1,1,0
6387,8,1,1,0
6388,1,1,1,0
6389,1,1,1,0
6390,1,1,1,0
6391,8,1,1,0
6392,1,1,1,0
6393,2,1,1,0
6394,5,1,1,0
6395,2,1,1,0
6396,1,1,1,0
6397,3,1,1,0
6398,9,1,1,0
6399,3,1,1,0
6400,2,1,1,0
6401,2,1,1,0
6402,1,1,1,0
6403,5,1,1,0
6404,5,1,1,0
6405,3,1,1,0
6406,8,1,1,0
6407,2,1,1,0
6408,3,1,1,0
6409,4,1,1,0
6410,5,1,1,0
6411,2,1,1,0
6412,2,1,1,0
6413,2,1,1,0
6414,5,1,1,0
6415,3,1,1,0
6416,7,1,1,0
6417,4,1,1,0
6418,3,1,1,0
6419,5,1,1,0
6420,3,1,1,0
6421,4,1,1,0
6422,1,1,1,0
6423,9,1,1,0
6424,3,1,1,0
6425,2,1,1,0
6426,6,1,1,0
6427,1,1,1,0
6428,1,1,1,0
6429,5,1,1,0
6430,3,1,1,0
6431,3,1,1,0
6432,5,1,1,0
6433,3,1,1,0
6434,1,1,1,0
6435,4,1,1,0
6436,3,1,1,0
6437,5,1,1,0
6438,3,1,1,0
6439,3,1,1,0
6440,3,1,1,0
6441,1,1,1,0
6442,2,1,1,0
6443,1,1,1,0
6444,6,1,1,0
6445,7,1,1,0
6446,7,1,1,0
6447,1,1,1,0
6448,5,1,1,0
6449,2,1,1,0
6450,2,1,1,0
6451,1,1,1,0
6452,14,1,1,0
6453,1,1,1,0
6454,2,1,1,0
6455,3,1,1,0
6456,3,1,1,0
6457,5,1,1,0
6458,9,1,1,0
6459,2,1,1,0
6460,1,1,1,0
6461,1,1,1,0
6462,2,1,1,0
6463,4,1,1,0
6464,2,1,1,0
6465,9,1,1,0
6466,8,1,1,0
6467,2,1,1,0
6468,8,1,1,0
6469,3,1,1,0
6470,1,1,1,0
6471,1,1,1,0
6472,8,1,1,0
6473,1,1,1,0
6474,3,1,1,0
6475,1,1,1,0
6476,3,1,1,0
6477,2,1,1,0
6478,4,1,1,0
6479,4,1,1,0
6480,7,1,1,0
6481,11,1,1,0
6482,1,1,1,0
6483,3,1,1,0
6484,1,1,1,0
6485,1,1,1,0
6486,7,1,1,0
6487,1,1,1,0
6488,1,1,1,0
6489,3,1,1,0
6490,3,1,1,0
6491,8,1,1,0
6492,4,1,1,0
6493,8,1,1,0
6494,4,1,1,0
6495,7,1,1,0
6496,2,1,1,0
6497,1,1,1,0
6498,3,1,1,0
6499,3,1,1,0
6500,3,1,1,0
6501,5,1,1,0
6502,3,1,1,0
6503,3,1,1,0
6504,3,1,1,0
6505,2,1,1,0
6506,5,1,1,0
6507,7,1,1,0
6508,1,1,1,0
6509,1,1,1,0
6510,1,1,1,0
6511,5,1,1,0
6512,1,1,1,0
6513,1,1,1,0
6514,1,1,1,0
6515,4,1,1,0
6516,1,1,1,0
6517,1,1,1,0
6518,2,1,1,0
6519,4,1,1,0
6520,3,1,1,0
6521,2,1,1,0
6522,8,1,1,0
6523,1,1,1,0
6524,1,1,1,0
6525,3,1,1,0
6526,2,1,1,0
6527,1,1,1,0
6528,4,1,1,0
6529,6,1,1,0
6530,3,1,1,0
6531,4,1,1,0
6532,2,1,1,0
6533,1,1,1,0
6534,3,1,1,0
6535,9,1,1,0
6536,11,1,1,0
6537,5,1,1,0
6538,11,1,1,0
6539,3,1,1,0
6540,9,1,1,0
6541,5,1,1,0
6542,2,1,1,0
6543,1,1,1,0
6544,8,1,1,0
6545,3,1,1,0
6546,3,1,1,0
6547,14,1,1,0
6548,2,1,1,0
6549,1,1,1,0
6550,8,1,1,0
6551,3,1,1,0
6552,1,1,1,0
6553,4,1,1,0
6554,2,1,1,0
6555,4,1,1,0
6556,3,1,1,0
6557,11,1,1,0
6558,4,1,1,0
6559,2,1,1,0
6560,1,1,1,0
6561,2,1,1,0
6562,2,1,1,0
6563,3,1,1,0
6564,6,1,1,0
6565,2,1,1,0
6566,4,1,1,0
6567,2,1,1,0
6568,8,1,1,0
6569,6,1,1,0
6570,5,1,1,0
6571,13,1,1,0
6572,1,1,1,0
6573,4,1,1,0
6574,2,1,1,0
6575,2,1,1,0
6576,3,1,1,0
6577,2,1,1,0
6578,5,1,1,0
6579,1,1,1,0
6580,3,1,1,0
6581,2,1,1,0
6582,5,1,1,0
6583,5,1,1,0
6584,1,1,1,0
6585,1,1,1,0
6586,4,1,1,0
6587,1,1,1,0
6588,2,1,1,0
6589,1,1,1,0
6590,5,1,1,0
6591,3,1,1,0
6592,8,1,1,0
6593,2,1,1,0
6594,3,1,1,0
6595,5,1,1,0
6596,2,1,1,0
6597,3,1,1,0
6598,1,1,1,0
6599,2,1,1,0
6600,2,1,1,0
6601,9,1,1,0
6602,1,1,1,0
6603,1,1,1,0
6604,2,1,1,0
6605,2,1,1,0
6606,3,1,1,0
6607,4,1,1,0
6608,1,1,1,0
6609,1,1,1,0
6610,5,1,1,0
6611,3,1,1,0
6612,11,1,1,0
6613,4,1,1,0
6614,1,1,1,0
6615,3,1,1,0
6616,2,1,1,0
6617,1,1,1,0
6618,1,1,1,0
6619,2,1,1,0
6620,3,1,1,0
6621,4,1,1,0
6622,7,1,1,0
6623,5,1,1,0
6624,1,1,1,0
6625,1,1,1,0
6626,2,1,1,0
6627,3,1,1,0
6628,1,1,1,0
6629,1,1,1,0
6630,4,1,1,0
6631,7,1,1,0
6632,10,1,1,0
6633,5,1,1,0
6634,5,1,1,0
6635,3,1,1,0
6636,7,1,1,0
6637,4,1,1,0
6638,6,1,1,0
6639,3,1,1,0
6640,12,1,1,0
6641,6,1,1,0
6642,3,1,1,0
6643,4,1,1,0
6644,1,1,1,0
6645,1,1,1,0
6646,3,1,1,0
6647,7,1,1,0
6648,1,1,1,0
6649,2,1,1,0
6650,2,1,1,0
6651,1,1,1,0
6652,4,1,1,0
6653,2,1,1,0
6654,1,1,1,0
6655,2,1,1,0
6656,4,1,1,0
6657,5,1,1,0
6658,1,1,1,0
6659,5,1,1,0
6660,6,1,1,0
6661,5,1,1,0
6662,1,1,1,0
6663,8,1,1,0
6664,1,1,1,0
6665,6,1,1,0
6666,2,1,1,0
6667,5,1,1,0
6668,5,1,1,0
6669,3,1,1,0
6670,4,1,1,0
6671,7,1,1,0
6672,3,1,1,0
6673,4,1,1,0
6674,1,1,1,0
6675,3,1,1,0
6676,4,1,1,0
6677,1,1,1,0
6678,3,1,1,0
6679,1,1,1,0
6680,1,1,1,0
6681,2,1,1,0
6682,1,1,1,0
6683,12,1,1,0
6684,3,1,1,0
6685,3,1,1,0
6686,7,1,1,0
6687,4,1,1,0
6688,1,1,1,0
6689,5,1,1,0
6690,1,1,1,0
6691,3,1,1,0
6692,2,1,1,0
6693,2,1,1,0
6694,2,1,1,0
6695,1,1,1,0
6696,9,1,1,0
6697,7,1,1,0
6698,3,1,1,0
6699,3,1,1,0
6700,1,1,1,0
6701,6,1,1,0
6702,7,1,1,0
6703,4,1,1,0
6704,12,1,1,0
6705,4,1,1,0
6706,10,1,1,0
6707,3,1,1,0
6708,5,1,1,0
6709,3,1,1,0
6710,1,1,1,0
6711,1,1,1,0
6712,3,1,1,0
6713,5,1,1,0
6714,7,1,1,0
6715,2,1,1,0
6716,1,1,1,0
6717,6,1,1,0
6718,3,1,1,0
6719,3,1,1,0
6720,1,1,1,0
6721,2,1,1,0
6722,5,1,1,0
6723,6,1,1,0
6724,2,1,1,0
6725,1,1,1,0
6726,2,1,1,0
6727,3,1,1,0
6728,5,1,1,0
6729,4,1,1,0
6730,1,1,1,0
6731,4,1,1,0
6732,1,1,1,0
6733,11,1,1,0
6734,1,1,1,0
6735,1,1,1,0
6736,3,1,1,0
6737,1,1,1,0
6738,3,1,1,0
6739,3,1,1,0
6740,4,1,1,0
6741,9,1,1,0
6742,5,1,1,0
6743,2,1,1,0
6744,8,1,1,0
6745,3,1,1,0
6746,1,1,1,0
6747,6,1,1,0
6748,5,1,1,0
6749,1,1,1,0
6750,1,1,1,0
6751,4,1,1,0
6752,6,1,1,0
6753,2,1,1,0
6754,8,1,1,0
6755,6,1,1,0
6756,2,1,1,0
6757,2,1,1,0
6758,1,1,1,0
6759,10,1,1,0
6760,1,1,1,0
6761,5,1,1,0
6762,14,1,1,0
6763,6,1,1,0
6764,4,1,1,0
6765,4,1,1,0
6766,5,1,1,0
6767,5,1,1,0
6768,1,1,1,0
6769,3,1,1,0
6770,1,1,1,0
6771,3,1,1,0
6772,1,1,1,0
6773,2,1,1,0
6774,4,1,1,0
6775,4,1,1,0
6776,7,1,1,0
6777,5,1,1,0
6778,2,1,1,0
6779,1,1,1,0
6780,2,1,1,0
6781,2,1,1,0
6782,2,1,1,0
6783,2,1,1,0
6784,1,1,1,0
6785,9,1,1,0
6786,5,1,1,0
6787,1,1,1,0
6788,3,1,1,0
6789,2,1,1,0
6790,4,1,1,0
6791,3,1,1,0
6792,6,1,1,0
6793,2,1,1,0
6794,3,1,1,0
6795,2,1,1,0
6796,4,1,1,0
6797,6,1,1,0
6798,1,1,1,0
6799,5,1,1,0
6800,2,1,1,0
6801,4,1,1,0
6802,8,1,1,0
6803,10,1,1,0
6804,3,1,1,0
6805,8,1,1,0
6806,3,1,1,0
6807,6,1,1,0
6808,2,1,1,0
6809,5,1,1,0
6810,1,1,1,0
6811,1,1,1,0
6812,2,1,1,0
6813,2,1,1,0
6814,2,1,1,0
6815,1,1,1,0
6816,1,1,1,0
6817,2,1,1,0
6818,6,1,1,0
6819,4,1,1,0
6820,3,1,1,0
6821,4,1,1,0
6822,4,1,1,0
6823,1,1,1,0
6824,4,1,1,0
6825,2,1,1,0
6826,1,1,1,0
6827,4,1,1,0
6828,5,1,1,0
6829,5,1,1,0
6830,1,1,1,0
6831,2,1,1,0
6832,2,1,1,0
6833,5,1,1,0
6834,2,1,1,0
6835,3,1,1,0
6836,2,1,1,0
6837,6,1,1,0
6838,8,1,1,0
6839,6,1,1,0
6840,2,1,1,0
6841,3,1,1,0
6842,15,1,1,0
6843,10,1,1,0
6844,3,1,1,0
6845,1,1,1,0
6846,8,1,1,0
6847,4,1,1,0
6848,2,1,1,0
6849,7,1,1,0
6850,3,1,1,0
6851,7,1,1,0
6852,8,1,1,0
6853,1,1,1,0
6854,3,1,1,0
6855,4,1,1,0
6856,6,1,1,0
6857,3,1,1,0
6858,2,1,1,0
6859,5,1,1,0
6860,5,1,1,0
6861,2,1,1,0
6862,13,1,1,0
6863,13,1,1,0
6864,4,1,1,0
6865,2,1,1,0
6866,3,1,1,0
6867,2,1,1,0
6868,3,1,1,0
6869,1,1,1,0
6870,4,1,1,0
6871,5,1,1,0
6872,1,1,1,0
6873,1,1,1,0
6874,4,1,1,0
6875,4,1,1,0
6876,4,1,1,0
6877,2,1,1,0
6878,3,1,1,0
6879,4,1,1,0
6880,5,1,1,0
6881,3,1,1,0
6882,2,1,1,0
6883,1,1,1,0
6884,5,1,1,0
6885,8,1,1,0
6886,4,1,1,0
6887,11,1,1,0
6888,5,1,1,0
6889,2,1,1,0
6890,1,1,1,0
6891,23,1,1,0
6892,1,1,1,0
6893,5,1,1,0
6894,4,1,1,0
6895,5,1,1,0
6896,5,1,1,0
6897,6,1,1,0
6898,2,1,1,0
6899,1,1,1,0
6900,7,1,1,0
6901,2,1,1,0
6902,10,1,1,0
6903,5,1,1,0
6904,1,1,1,0
6905,7,1,1,0
6906,2,1,1,0
6907,3,1,1,0
6908,2,1,1,0
6909,3,1,1,0
6910,2,1,1,0
6911,1,1,1,0
6912,3,1,1,0
6913,5,1,1,0
6914,2,1,1,0
6915,1,1,1,0
6916,2,1,1,0
6917,3,1,1,0
6918,9,1,1,0
6919,1,1,1,0
6920,2,1,1,0
6921,3,1,1,0
6922,3,1,1,0
6923,1,1,1,0
6924,3,1,1,0
6925,4,1,1,0
6926,3,1,1,0
6927,3,1,1,0
6928,4,1,1,0
6929,6,1,1,0
6930,1,1,1,0
6931,5,1,1,0
6932,3,1,1,0
6933,1,1,1,0
6934,3,1,1,0
6935,5,1,1,0
6936,5,1,1,0
6937,1,1,1,0
6938,3,1,1,0
6939,1,1,1,0
6940,1,1,1,0
6941,1,1,1,0
6942,3,1,1,0
6943,4,1,1,0
6944,9,1,1,0
6945,1,1,1,0
6946,1,1,1,0
6947,2,1,1,0
6948,5,1,1,0
6949,4,1,1,0
6950,3,1,1,0
6951,2,1,1,0
6952,2,1,1,0
6953,6,1,1,0
6954,8,1,1,0
6955,2,1,1,0
6956,4,1,1,0
6957,1,1,1,0
6958,1,1,1,0
6959,1,1,1,0
6960,9,1,1,0
6961,7,1,1,0
6962,3,1,1,0
6963,1,1,1,0
6964,3,1,1,0
6965,3,1,1,0
6966,9,1,1,0
6967,10,1,1,0
6968,5,1,1,0
6969,1,1,1,0
6970,6,1,1,0
6971,2,1,1,0
6972,1,1,1,0
6973,6,1,1,0
6974,1,1,1,0
6975,2,1,1,0
6976,2,1,1,0
6977,3,1,1,0
6978,3,1,1,0
6979,5,1,1,0
6980,2,1,1,0
6981,3,1,1,0
6982,6,1,1,0
6983,14,1,1,0
6984,1,1,1,0
6985,4,1,1,0
6986,2,1,1,0
6987,2,1,1,0
6988,6,1,1,0
6989,8,1,1,0
6990,1,1,1,0
6991,1,1,1,0
6992,1,1,1,0
6993,5,1,1,0
6994,6,1,1,0
6995,7,1,1,0
6996,2,1,1,0
6997,17,1,1,0
6998,5,1,1,0
6999,9,1,1,0
7000,2,1,1,0
7001,6,1,1,0
7002,1,1,1,0
7003,1,1,1,0
7004,5,1,1,0
7005,6,1,1,0
7006,5,1,1,0
7007,1,1,1,0
7008,1,1,1,0
7009,1,1,1,0
7010,3,1,1,0
7011,1,1,1,0
7012,3,1,1,0
7013,1,1,1,0
7014,2,1,1,0
7015,3,1,1,0
7016,9,1,1,0
7017,1,1,1,0
7018,4,1,1,0
7019,2,1,1,0
7020,2,1,1,0
7021,1,1,1,0
7022,4,1,1,0
7023,2,1,1,0
7024,3,1,1,0
7025,1,1,1,0
7026,2,1,1,0
7027,6,1,1,0
7028,9,1,1,0
7029,1,1,1,0
7030,3,1,1,0
7031,5,1,1,0
7032,4,1,1,0
7033,1,1,1,0
7034,5,1,1,0
7035,8,1,1,0
7036,9,1,1,0
7037,4,1,1,0
7038,3,1,1,0
7039,3,1,1,0
7040,2,1,1,0
7041,5,1,1,0
7042,1,1,1,0
7043,4,1,1,0
7044,8,1,1,0
7045,4,1,1,0
7046,2,1,1,0
7047,1,1,1,0
7048,7,1,1,0
7049,11,1,1,0
7050,2,1,1,0
7051,2,1,1,0
7052,7,1,1,0
7053,9,1,1,0
7054,7,1,1,0
7055,1,1,1,0
7056,5,1,1,0
7057,13,1,1,0
7058,3,1,1,0
7059,5,1,1,0
7060,3,1,1,0
7061,5,1,1,0
7062,9,1,1,0
7063,2,1,1,0
7064,2,1,1,0
7065,2,1,1,0
7066,1,1,1,0
7067,3,1,1,0
7068,1,1,1,0
7069,1,1,1,0
7070,4,1,1,0
7071,2,1,1,0
7072,1,1,1,0
7073,1,1,1,0
7074,5,1,1,0
7075,5,1,1,0
7076,3,1,1,0
7077,7,1,1,0
7078,1,1,1,0
7079,3,1,1,0
7080,2,1,1,0
7081,4,1,1,0
7082,1,1,1,0
7083,5,1,1,0
7084,4,1,1,0
7085,2,1,1,0
7086,11,1,1,0
7087,1,1,1,0
7088,1,1,1,0
7089,3,1,1,0
7090,3,1,1,0
7091,2,1,1,0
7092,1,1,1,0
7093,2,1,1,0
7094,5,1,1,0
7095,1,1,1,0
7096,3,1,1,0
7097,1,1,1,0
7098,5,1,1,0
7099,3,1,1,0
7100,1,1,1,0
7101,1,1,1,0
7102,3,1,1,0
7103,3,1,1,0
7104,3,1,1,0
7105,1,1,1,0
7106,3,1,1,0
7107,8,1,1,0
7108,6,1,1,0
7109,4,1,1,0
7110,1,1,1,0
7111,1,1,1,0
7112,5,1,1,0
7113,14,1,1,0
7114,3,1,1,0
7115,6,1,1,0
7116,3,1,1,0
7117,10,1,1,0
7118,4,1,1,0
7119,4,1,1,0
7120,5,1,1,0
7121,4,1,1,0
7122,1,1,1,0
7123,1,1,1,0
7124,1,1,1,0
7125,14,1,1,0
7126,2,1,1,0
7127,5,1,1,0
7128,1,1,1,0
7129,4,1,1,0
7130,7,1,1,0
7131,3,1,1,0
7132,4,1,1,0
7133,3,1,1,0
7134,1,1,1,0
7135,1,1,1,0
7136,2,1,1,0
7137,4,1,1,0
7138,2,1,1,0
7139,5,1,1,0
7140,5,1,1,0
7141,3,1,1,0
7142,2,1,1,0
7143,1,1,1,0
7144,1,1,1,0
7145,1,1,1,0
7146,1,1,1,0
7147,14,1,1,0
7148,3,1,1,0
7149,2,1,1,0
7150,4,1,1,0
7151,1,1,1,0
7152,5,1,1,0
7153,1,1,1,0
7154,5,1,1,0
7155,3,1,1,0
7156,5,1,1,0
7157,3,1,1,0
7158,3,1,1,0
7159,2,1,1,0
7160,4,1,1,0
7161,4,1,1,0
7162,2,1,1,0
7163,1,1,1,0
7164,1,1,1,0
7165,3,1,1,0
7166,1,1,1,0
7167,1,1,1,0
7168,3,1,1,0
7169,9,1,1,0
7170,7,1,1,0
7171,8,1,1,0
7172,12,1,1,0
7173,2,1,1,0
7174,5,1,1,0
7175,3,1,1,0
7176,3,1,1,0
7177,1,1,1,0
7178,6,1,1,0
7179,3,1,1,0
7180,8,1,1,0
7181,9,1,1,0
7182,2,1,1,0
7183,14,1,1,0
7184,1,1,1,0
7185,8,1,1,0
7186,1,1,1,0
7187,7,1,1,0
7188,2,1,1,0
7189,2,1,1,0
7190,5,1,1,0
7191,2,1,1,0
7192,1,1,1,0
7193,2,1,1,0
7194,3,1,1,0
7195,2,1,1,0
7196,6,1,1,0
7197,3,1,1,0
7198,2,1,1,0
7199,4,1,1,0
7200,1,1,1,0
7201,9,1,1,0
7202,6,1,1,0
7203,1,1,1,0
7204,9,1,1,0
7205,2,1,1,0
7206,5,1,1,0
7207,4,1,1,0
7208,3,1,1,0
7209,2,1,1,0
7210,3,1,1,0
7211,1,1,1,0
7212,3,1,1,0
7213,3,1,1,0
7214,18,1,1,0
7215,7,1,1,0
7216,1,1,1,0
7217,7,1,1,0
7218,2,1,1,0
7219,7,1,1,0
7220,1,1,1,0
7221,2,1,1,0
7222,4,1,1,0
7223,2,1,1,0
7224,2,1,1,0
7225,3,1,1,0
7226,2,1,1,0
7227,1,1,1,0
7228,3,1,1,0
7229,4,1,1,0
7230,6,1,1,0
7231,1,1,1,0
7232,4,1,1,0
7233,2,1,1,0
7234,5,1,1,0
7235,3,1,1,0
7236,9,1,1,0
7237,1,1,1,0
7238,4,1,1,0
7239,2,1,1,0
7240,3,1,1,0
7241,1,1,1,0
7242,4,1,1,0
7243,8,1,1,0
7244,4,1,1,0
7245,6,1,1,0
7246,1,1,1,0
7247,5,1,1,0
7248,1,1,1,0
7249,2,1,1,0
7250,3,1,1,0
7251,2,1,1,0
7252,2,1,1,0
7253,1,1,1,0
7254,4,1,1,0
7255,8,1,1,0
7256,1,1,1,0
7257,4,1,1,0
7258,3,1,1,0
7259,1,1,1,0
7260,10,1,1,0
7261,9,1,1,0
7262,3,1,1,0
7263,4,1,1,0
7264,3,1,1,0
7265,7,1,1,0
7266,2,1,1,0
7267,2,1,1,0
7268,7,1,1,0
7269,4,1,1,0
7270,3,1,1,0
7271,7,1,1,0
7272,5,1,1,0
7273,2,1,1,0
7274,4,1,1,0
7275,2,1,1,0
7276,2,1,1,0
7277,6,1,1,0
7278,2,1,1,0
7279,2,1,1,0
7280,11,1,1,0
7281,4,1,1,0
7282,3,1,1,0
7283,1,1,1,0
7284,1,1,1,0
7285,9,1,1,0
7286,2,1,1,0
7287,1,1,1,0
7288,4,1,1,0
7289,5,1,1,0
7290,5,1,1,0
7291,2,1,1,0
7292,6,1,1,0
7293,8,1,1,0
7294,8,1,1,0
7295,1,1,1,0
7296,4,1,1,0
7297,2,1,1,0
7298,8,1,1,0
7299,1,1,1,0
7300,4,1,1,0
7301,1,1,1,0
7302,5,1,1,0
7303,6,1,1,0
7304,3,1,1,0
7305,1,1,1,0
7306,3,1,1,0
7307,1,1,1,0
7308,4,1,1,0
7309,6,1,1,0
7310,5,1,1,0
7311,1,1,1,0
7312,1,1,1,0
7313,4,1,1,0
7314,3,1,1,0
7315,2,1,1,0
7316,1,1,1,0
7317,1,1,1,0
7318,2,1,1,0
7319,2,1,1,0
7320,2,1,1,0
7321,3,1,1,0
7322,1,1,1,0
7323,3,1,1,0
7324,4,1,1,0
7325,3,1,1,0
7326,6,1,1,0
7327,2,1,1,0
7328,5,1,1,0
7329,1,1,1,0
7330,4,1,1,0
7331,2,1,1,0
7332,1,1,1,0
7333,4,1,1,0
7334,1,1,1,0
7335,4,1,1,0
7336,5,1,1,0
7337,7,1,1,0
7338,6,1,1,0
7339,4,1,1,0
7340,9,1,1,0
7341,2,1,1,0
7342,2,1,1,0
7343,1,1,1,0
7344,2,1,1,0
7345,8,1,1,0
7346,7,1,1,0
7347,5,1,1,0
7348,5,1,1,0
7349,4,1,1,0
7350,2,1,1,0
7351,8,1,1,0
7352,1,1,1,0
7353,3,1,1,0
7354,8,1,1,0
7355,1,1,1,0
7356,4,1,1,0
7357,1,1,1,0
7358,5,1,1,0
7359,3,1,1,0
7360,1,1,1,0
7361,7,1,1,0
7362,8,1,1,0
7363,4,1,1,0
7364,1,1,1,0
7365,1,1,1,0
7366,6,1,1,0
7367,1,1,1,0
7368,2,1,1,0
7369,1,1,1,0
7370,2,1,1,0
7371,2,1,1,0
7372,4,1,1,0
7373,2,1,1,0
7374,12,1,1,0
7375,9,1,1,0
7376,5,1,1,0
7377,6,1,1,0
7378,1,1,1,0
7379,9,1,1,0
7380,6,1,1,0
7381,1,1,1,0
7382,5,1,1,0
7383,7,1,1,0
7384,3,1,1,0
7385,1,1,1,0
7386,5,1,1,0
7387,3,1,1,0
7388,2,1,1,0
7389,3,1,1,0
7390,4,1,1,0
7391,8,1,1,0
7392,5,1,1,0
7393,8,1,1,0
7394,2,1,1,0
7395,8,1,1,0
7396,5,1,1,0
7397,2,1,1,0
7398,3,1,1,0
7399,6,1,1,0
7400,1,1,1,0
7401,2,1,1,0
7402,1,1,1,0
7403,3,1,1,0
7404,2,1,1,0
7405,1,1,1,0
7406,1,1,1,0
7407,1,1,1,0
7408,2,1,1,0
7409,1,1,1,0
7410,5,1,1,0
7411,1,1,1,0
7412,3,1,1,0
7413,3,1,1,0
7414,10,1,1,0
7415,2,1,1,0
7416,2,1,1,0
7417,3,1,1,0
7418,12,1,1,0
7419,5,1,1,0
7420,3,1,1,0
7421,1,1,1,0
7422,4,1,1,0
7423,4,1,1,0
7424,5,1,1,0
7425,5,1,1,0
7426,9,1,1,0
7427,5,1,1,0
7428,1,1,1,0
7429,2,1,1,0
7430,3,1,1,0
7431,5,1,1,0
7432,3,1,1,0
7433,1,1,1,0
7434,6,1,1,0
7435,7,1,1,0
7436,9,1,1,0
7437,2,1,1,0
7438,4,1,1,0
7439,1,1,1,0
7440,3,1,1,0
7441,2,1,1,0
7442,1,1,1,0
7443,1,1,1,0
7444,8,1,1,0
7445,5,1,1,0
7446,10,1,1,0
7447,10,1,1,0
7448,4,1,1,0
7449,5,1,1,0
7450,5,1,1,0
7451,3,1,1,0
7452,1,1,1,0
7453,4,1,1,0
7454,3,1,1,0
7455,4,1,1,0
7456,9,1,1,0
7457,1,1,1,0
7458,2,1,1,0
7459,1,1,1,0
7460,1,1,1,0
7461,5,1,1,0
7462,3,1,1,0
7463,2,1,1,0
7464,1,1,1,0
7465,2,1,1,0
7466,1,1,1,0
7467,2,1,1,0
7468,2,1,1,0
7469,1,1,1,0
7470,1,1,1,0
7471,2,1,1,0
7472,2,1,1,0
7473,3,1,1,0
7474,2,1,1,0
7475,8,1,1,0
7476,2,1,1,0
7477,2,1,1,0
7478,3,1,1,0
7479,3,1,1,0
7480,1,1,1,0
7481,3,1,1,0
7482,8,1,1,0
7483,1,1,1,0
7484,6,1,1,0
7485,3,1,1,0
7486,4,1,1,0
7487,1,1,1,0
7488,1,1,1,0
7489,2,1,1,0
7490,8,1,1,0
7491,5,1,1,0
7492,1,1,1,0
7493,1,1,1,0
7494,3,1,1,0
7495,4,1,1,0
7496,5,1,1,0
7497,5,1,1,0
7498,2,1,1,0
7499,3,1,1,0
7500,6,1,1,0
7501,1,1,1,0
7502,4,1,1,0
7503,1,1,1,0
7504,2,1,1,0
7505,1,1,1,0
7506,5,1,1,0
7507,1,1,1,0
7508,1,1,1,0
7509,9,1,1,0
7510,4,1,1,0
7511,2,1,1,0
7512,5,1,1,0
7513,3,1,1,0
7514,2,1,1,0
7515,2,1,1,0
7516,5,1,1,0
7517,4,1,1,0
7518,1,1,1,0
7519,3,1,1,0
7520,2,1,1,0
7521,3,1,1,0
7522,6,1,1,0
7523,2,1,1,0
7524,2,1,1,0
7525,3,1,1,0
7526,6,1,1,0
7527,1,1,1,0
7528,10,1,1,0
7529,3,1,1,0
7530,5,1,1,0
7531,9,1,1,0
7532,7,1,1,0
7533,3,1,1,0
7534,1,1,1,0
7535,2,1,1,0
7536,3,1,1,0
7537,4,1,1,0
7538,4,1,1,0
7539,4,1,1,0
7540,2,1,1,0
7541,6,1,1,0
7542,3,1,1,0
7543,2,1,1,0
7544,1,1,1,0
7545,1,1,1,0
7546,6,1,1,0
7547,2,1,1,0
7548,3,1,1,0
7549,3,1,1,0
7550,5,1,1,0
7551,10,1,1,0
7552,2,1,1,0
7553,1,1,1,0
7554,15,1,1,0
7555,1,1,1,0
7556,3,1,1,0
7557,1,1,1,0
7558,6,1,1,0
7559,1,1,1,0
7560,2,1,1,0
7561,5,1,1,0
7562,3,1,1,0
7563,3,1,1,0
7564,1,1,1,0
7565,5,1,1,0
7566,6,1,1,0
7567,3,1,1,0
7568,3,1,1,0
7569,4,1,1,0
7570,5,1,1,0
7571,5,1,1,0
7572,6,1,1,0
7573,3,1,1,0
7574,1,1,1,0
7575,5,1,1,0
7576,1,1,1,0
7577,3,1,1,0
7578,3,1,1,0
7579,3,1,1,0
7580,2,1,1,0
7581,1,1,1,0
7582,4,1,1,0
7583,3,1,1,0
7584,4,1,1,0
7585,4,1,1,0
7586,5,1,1,0
7587,2,1,1,0
7588,3,1,1,0
7589,2,1,1,0
7590,3,1,1,0
7591,1,1,1,0
7592,2,1,1,0
7593,5,1,1,0
7594,5,1,1,0
7595,3,1,1,0
7596,4,1,1,0
7597,2,1,1,0
7598,1,1,1,0
7599,3,1,1,0
7600,2,1,1,0
7601,3,1,1,0
7602,2,1,1,0
7603,4,1,1,0
7604,1,1,1,0
7605,1,1,1,0
7606,1,1,1,0
7607,3,1,1,0
7608,1,1,1,0
7609,2,1,1,0
7610,1,1,1,0
7611,2,1,1,0
7612,5,1,1,0
7613,9,1,1,0
7614,4,1,1,0
7615,1,1,1,0
7616,5,1,1,0
7617,10,1,1,0
7618,1,1,1,0
7619,4,1,1,0
7620,2,1,1,0
7621,1,1,1,0
7622,2,1,1,0
7623,1,1,1,0
7624,3,1,1,0
7625,6,1,1,0
7626,4,1,1,0
7627,4,1,1,0
7628,6,1,1,0
7629,5,1,1,0
7630,5,1,1,0
7631,4,1,1,0
7632,1,1,1,0
7633,2,1,1,0
7634,1,1,1,0
7635,1,1,1,0
7636,2,1,1,0
7637,9,1,1,0
7638,1,1,1,0
7639,1,1,1,0
7640,4,1,1,0
7641,2,1,1,0
7642,7,1,1,0
7643,1,1,1,0
7644,2,1,1,0
7645,2,1,1,0
7646,3,1,1,0
7647,3,1,1,0
7648,3,1,1,0
7649,3,1,1,0
7650,1,1,1,0
7651,1,1,1,0
7652,1,1,1,0
7653,6,1,1,0
7654,3,1,1,0
7655,3,1,1,0
7656,2,1,1,0
7657,5,1,1,0
7658,1,1,1,0
7659,3,1,1,0
7660,3,1,1,0
7661,5,1,1,0
7662,3,1,1,0
7663,3,1,1,0
7664,8,1,1,0
7665,3,1,1,0
7666,1,1,1,0
7667,2,1,1,0
7668,1,1,1,0
7669,1,1,1,0
7670,1,1,1,0
7671,1,1,1,0
7672,1,1,1,0
7673,15,1,1,0
7674,3,1,1,0
7675,3,1,1,0
7676,3,1,1,0
7677,4,1,1,0
7678,1,1,1,0
7679,2,1,1,0
7680,4,1,1,0
7681,1,1,1,0
7682,5,1,1,0
7683,9,1,1,0
7684,4,1,1,0
7685,3,1,1,0
7686,1,1,1,0
7687,4,1,1,0
7688,3,1,1,0
7689,11,1,1,0
7690,1,1,1,0
7691,2,1,1,0
7692,3,1,1,0
7693,2,1,1,0
7694,1,1,1,0
7695,3,1,1,0
7696,2,1,1,0
7697,2,1,1,0
7698,9,1,1,0
7699,8,1,1,0
7700,12,1,1,0
7701,3,1,1,0
7702,1,1,1,0
7703,4,1,1,0
7704,3,1,1,0
7705,2,1,1,0
7706,10,1,1,0
7707,1,1,1,0
7708,7,1,1,0
7709,4,1,1,0
7710,1,1,1,0
7711,1,1,1,0
7712,1,1,1,0
7713,7,1,1,0
7714,3,1,1,0
7715,3,1,1,0
7716,1,1,1,0
7717,5,1,1,0
7718,4,1,1,0
7719,2,1,1,0
7720,5,1,1,0
7721,6,1,1,0
7722,1,1,1,0
7723,1,1,1,0
7724,2,1,1,0
7725,7,1,1,0
7726,1,1,1,0
7727,3,1,1,0
7728,4,1,1,0
7729,4,1,1,0
7730,3,1,1,0
7731,1,1,1,0
7732,3,1,1,0
7733,1,1,1,0
7734,3,1,1,0
7735,1,1,1,0
7736,8,1,1,0
7737,1,1,1,0
7738,1,1,1,0
7739,4,1,1,0
7740,1,1,1,0
7741,1,1,1,0
7742,3,1,1,0
7743,8,1,1,0
7744,1,1,1,0
7745,3,1,1,0
7746,7,1,1,0
7747,2,1,1,0
7748,5,1,1,0
7749,5,1,1,0
7750,1,1,1,0
7751,4,1,1,0
7752,1,1,1,0
7753,3,1,1,0
7754,8,1,1,0
7755,8,1,1,0
7756,5,1,1,0
7757,11,1,1,0
7758,3,1,1,0
7759,6,1,1,0
7760,7,1,1,0
7761,3,1,1,0
7762,11,1,1,0
7763,5,1,1,0
7764,5,1,1,0
7765,3,1,1,0
7766,2,1,1,0
7767,3,1,1,0
7768,6,1,1,0
7769,2,1,1,0
7770,1,1,1,0
7771,4,1,1,0
7772,3,1,1,0
7773,4,1,1,0
7774,1,1,1,0
7775,5,1,1,0
7776,1,1,1,0
7777,2,1,1,0
7778,3,1,1,0
7779,5,1,1,0
7780,4,1,1,0
7781,3,1,1,0
7782,8,1,1,0
7783,3,1,1,0
7784,4,1,1,0
7785,2,1,1,0
7786,2,1,1,0
7787,3,1,1,0
7788,3,1,1,0
7789,5,1,1,0
7790,8,1,1,0
7791,2,1,1,0
7792,3,1,1,0
7793,4,1,1,0
7794,1,1,1,0
7795,7,1,1,0
7796,1,1,1,0
7797,1,1,1,0
7798,3,1,1,0
7799,4,1,1,0
7800,6,1,1,0
7801,10,1,1,0
7802,5,1,1,0
7803,2,1,1,0
7804,4,1,1,0
7805,6,1,1,0
7806,4,1,1,0
7807,5,1,1,0
7808,6,1,1,0
7809,11,1,1,0
7810,1,1,1,0
7811,1,1,1,0
7812,3,1,1,0
7813,7,1,1,0
7814,3,1,1,0
7815,4,1,1,0
7816,2,1,1,0
7817,1,1,1,0
7818,1,1,1,0
7819,3,1,1,0
7820,3,1,1,0
7821,2,1,1,0
7822,3,1,1,0
7823,3,1,1,0
7824,2,1,1,0
7825,3,1,1,0
7826,3,1,1,0
7827,1,1,1,0
7828,3,1,1,0
7829,1,1,1,0
7830,2,1,1,0
7831,2,1,1,0
7832,1,1,1,0
7833,2,1,1,0
7834,9,1,1,0
7835,2,1,1,0
7836,4,1,1,0
7837,2,1,1,0
7838,2,1,1,0
7839,5,1,1,0
7840,1,1,1,0
7841,6,1,1,0
7842,3,1,1,0
7843,1,1,1,0
7844,5,1,1,0
7845,4,1,1,0
7846,1,1,1,0
7847,4,1,1,0
7848,1,1,1,0
7849,2,1,1,0
7850,3,1,1,0
7851,4,1,1,0
7852,2,1,1,0
7853,8,1,1,0
7854,2,1,1,0
7855,1,1,1,0
7856,1,1,1,0
7857,3,1,1,0
7858,5,1,1,0
7859,8,1,1,0
7860,5,1,1,0
7861,4,1,1,0
7862,3,1,1,0
7863,3,1,1,0
7864,8,1,1,0
7865,2,1,1,0
7866,6,1,1,0
7867,2,1,1,0
7868,3,1,1,0
7869,11,1,1,0
7870,4,1,1,0
7871,2,1,1,0
7872,2,1,1,0
7873,2,1,1,0
7874,1,1,1,0
7875,5,1,1,0
7876,6,1,1,0
7877,3,1,1,0
7878,3,1,1,0
7879,4,1,1,0
7880,1,1,1,0
7881,5,1,1,0
7882,6,1,1,0
7883,4,1,1,0
7884,9,1,1,0
7885,1,1,1,0
7886,3,1,1,0
7887,7,1,1,0
7888,5,1,1,0
7889,1,1,1,0
7890,3,1,1,0
7891,6,1,1,0
7892,1,1,1,0
7893,1,1,1,0
7894,2,1,1,0
7895,3,1,1,0
7896,2,1,1,0
7897,5,1,1,0
7898,2,1,1,0
7899,5,1,1,0
7900,3,1,1,0
7901,1,1,1,0
7902,1,1,1,0
7903,4,1,1,0
7904,2,1,1,0
7905,1,1,1,0
7906,1,1,1,0
7907,2,1,1,0
7908,7,1,1,0
7909,9,1,1,0
7910,2,1,1,0
7911,5,1,1,0
7912,4,1,1,0
7913,1,1,1,0
7914,2,1,1,0
7915,4,1,1,0
7916,1,1,1,0
7917,3,1,1,0
7918,4,1,1,0
7919,2,1,1,0
7920,1,1,1,0
7921,4,1,1,0
7922,1,1,1,0
7923,4,1,1,0
7924,4,1,1,0
7925,2,1,1,0
7926,4,1,1,0
7927,2,1,1,0
7928,3,1,1,0
7929,4,1,1,0
7930,1,1,1,0
7931,7,1,1,0
7932,2,1,1,0
7933,1,1,1,0
7934,3,1,1,0
7935,6,1,1,0
7936,13,1,1,0
7937,1,1,1,0
7938,2,1,1,0
7939,5,1,1,0
7940,4,1,1,0
7941,1,1,1,0
7942,4,1,1,0
7943,4,1,1,0
7944,3,1,1,0
7945,2,1,1,0
7946,3,1,1,0
7947,2,1,1,0
7948,7,1,1,0
7949,2,1,1,0
7950,4,1,1,0
7951,3,1,1,0
7952,1,1,1,0
7953,1,1,1,0
7954,2,1,1,0
7955,2,1,1,0
7956,1,1,1,0
7957,1,1,1,0
7958,4,1,1,0
7959,1,1,1,0
7960,7,1,1,0
7961,2,1,1,0
7962,5,1,1,0
7963,9,1,1,0
7964,2,1,1,0
7965,2,1,1,0
7966,1,1,1,0
7967,5,1,1,0
7968,12,1,1,0
7969,4,1,1,0
7970,1,1,1,0
7971,8,1,1,0
7972,2,1,1,0
7973,1,1,1,0
7974,2,1,1,0
7975,2,1,1,0
7976,1,1,1,0
7977,3,1,1,0
7978,7,1,1,0
7979,1,1,1,0
7980,2,1,1,0
7981,2,1,1,0
7982,1,1,1,0
7983,5,1,1,0
7984,5,1,1,0
7985,1,1,1,0
7986,2,1,1,0
7987,1,1,1,0
7988,2,1,1,0
7989,2,1,1,0
7990,1,1,1,0
7991,1,1,1,0
7992,1,1,1,0
7993,1,1,1,0
7994,4,1,1,0
7995,1,1,1,0
7996,2,1,1,0
7997,2,1,1,0
7998,3,1,1,0
7999,3,1,1,0
8000,8,1,1,0
8001,2,1,1,0
8002,1,1,1,0
8003,8,1,1,0
8004,1,1,1,0
8005,1,1,1,0
8006,3,1,1,0
8007,2,1,1,0
8008,1,1,1,0
8009,6,1,1,0
8010,3,1,1,0
8011,4,1,1,0
8012,5,1,1,0
8013,2,1,1,0
8014,4,1,1,0
8015,8,1,1,0
8016,7,1,1,0
8017,1,1,1,0
8018,6,1,1,0
8019,6,1,1,0
8020,9,1,1,0
8021,3,1,1,0
8022,4,1,1,0
8023,2,1,1,0
8024,2,1,1,0
8025,3,1,1,0
8026,1,1,1,0
8027,1,1,1,0
8028,2,1,1,0
8029,1,1,1,0
8030,1,1,1,0
8031,6,1,1,0
8032,6,1,1,0
8033,1,1,1,0
8034,3,1,1,0
8035,6,1,1,0
8036,2,1,1,0
8037,4,1,1,0
8038,2,1,1,0
8039,11,1,1,0
8040,6,1,1,0
8041,1,1,1,0
8042,3,1,1,0
8043,3,1,1,0
8044,1,1,1,0
8045,1,1,1,0
8046,2,1,1,0
8047,11,1,1,0
8048,1,1,1,0
8049,1,1,1,0
8050,13,1,1,0
8051,2,1,1,0
8052,1,1,1,0
8053,5,1,1,0
8054,2,1,1,0
8055,3,1,1,0
8056,2,1,1,0
8057,1,1,1,0
8058,3,1,1,0
8059,1,1,1,0
8060,5,1,1,0
8061,3,1,1,0
8062,3,1,1,0
8063,4,1,1,0
8064,5,1,1,0
8065,3,1,1,0
8066,13,1,1,0
8067,1,1,1,0
8068,12,1,1,0
8069,1,1,1,0
8070,1,1,1,0
8071,5,1,1,0
8072,5,1,1,0
8073,8,1,1,0
8074,2,1,1,0
8075,1,1,1,0
8076,1,1,1,0
8077,4,1,1,0
8078,5,1,1,0
8079,6,1,1,0
8080,4,1,1,0
8081,2,1,1,0
8082,7,1,1,0
8083,7,1,1,0
8084,1,1,1,0
8085,1,1,1,0
8086,4,1,1,0
8087,3,1,1,0
8088,1,1,1,0
8089,11,1,1,0
8090,3,1,1,0
8091,1,1,1,0
8092,3,1,1,0
8093,1,1,1,0
8094,1,1,1,0
8095,1,1,1,0
8096,4,1,1,0
8097,6,1,1,0
8098,1,1,1,0
8099,1,1,1,0
8100,4,1,1,0
8101,3,1,1,0
8102,1,1,1,0
8103,2,1,1,0
8104,12,1,1,0
8105,2,1,1,0
8106,5,1,1,0
8107,2,1,1,0
8108,4,1,1,0
8109,12,1,1,0
8110,1,1,1,0
8111,2,1,1,0
8112,11,1,1,0
8113,3,1,1,0
8114,9,1,1,0
8115,1,1,1,0
8116,3,1,1,0
8117,4,1,1,0
8118,11,1,1,0
8119,1,1,1,0
8120,2,1,1,0
8121,1,1,1,0
8122,4,1,1,0
8123,1,1,1,0
8124,3,1,1,0
8125,4,1,1,0
8126,3,1,1,0
8127,5,1,1,0
8128,1,1,1,0
8129,1,1,1,0
8130,1,1,1,0
8131,1,1,1,0
8132,5,1,1,0
8133,2,1,1,0
8134,11,1,1,0
8135,1,1,1,0
8136,3,1,1,0
8137,1,1,1,0
8138,4,1,1,0
8139,6,1,1,0
8140,2,1,1,0
8141,8,1,1,0
8142,2,1,1,0
8143,6,1,1,0
8144,3,1,1,0
8145,3,1,1,0
8146,1,1,1,0
8147,6,1,1,0
8148,2,1,1,0
8149,3,1,1,0
8150,1,1,1,0
8151,2,1,1,0
8152,4,1,1,0
8153,2,1,1,0
8154,1,1,1,0
8155,6,1,1,0
8156,3,1,1,0
8157,2,1,1,0
8158,2,1,1,0
8159,5,1,1,0
8160,3,1,1,0
8161,1,1,1,0
8162,2,1,1,0
8163,1,1,1,0
8164,2,1,1,0
8165,2,1,1,0
8166,3,1,1,0
8167,7,1,1,0
8168,5,1,1,0
8169,1,1,1,0
8170,5,1,1,0
8171,8,1,1,0
8172,2,1,1,0
8173,2,1,1,0
8174,2,1,1,0
8175,2,1,1,0
8176,1,1,1,0
8177,4,1,1,0
8178,6,1,1,0
8179,6,1,1,0
8180,1,1,1,0
8181,3,1,1,0
8182,3,1,1,0
8183,3,1,1,0
8184,4,1,1,0
8185,1,1,1,0
8186,3,1,1,0
8187,2,1,1,0
8188,7,1,1,0
8189,4,1,1,0
8190,5,1,1,0
8191,1,1,1,0
8192,1,1,1,0
8193,1,1,1,0
8194,5,1,1,0
8195,6,1,1,0
8196,5,1,1,0
8197,2,1,1,0
8198,1,1,1,0
8199,11,1,1,0
8200,3,1,1,0
8201,1,1,1,0
8202,6,1,1,0
8203,7,1,1,0
8204,1,1,1,0
8205,2,1,1,0
8206,7,1,1,0
8207,5,1,1,0
8208,2,1,1,0
8209,11,1,1,0
8210,6,1,1,0
8211,4,1,1,0
8212,2,1,1,0
8213,1,1,1,0
8214,2,1,1,0
8215,3,1,1,0
8216,9,1,1,0
8217,5,1,1,0
8218,7,1,1,0
8219,4,1,1,0
8220,11,1,1,0
8221,8,1,1,0
8222,6,1,1,0
8223,1,1,1,0
8224,2,1,1,0
8225,2,1,1,0
8226,2,1,1,0
8227,7,1,1,0
8228,1,1,1,0
8229,1,1,1,0
8230,3,1,1,0
8231,1,1,1,0
8232,3,1,1,0
8233,7,1,1,0
8234,2,1,1,0
8235,2,1,1,0
8236,3,1,1,0
8237,4,1,1,0
8238,5,1,1,0
8239,1,1,1,0
8240,1,1,1,0
8241,1,1,1,0
8242,1,1,1,0
8243,1,1,1,0
8244,1,1,1,0
8245,13,1,1,0
8246,4,1,1,0
8247,3,1,1,0
8248,1,1,1,0
8249,3,1,1,0
8250,1,1,1,0
8251,3,1,1,0
8252,1,1,1,0
8253,4,1,1,0
8254,3,1,1,0
8255,5,1,1,0
8256,2,1,1,0
8257,1,1,1,0
8258,1,1,1,0
8259,3,1,1,0
8260,1,1,1,0
8261,5,1,1,0
8262,1,1,1,0
8263,7,1,1,0
8264,2,1,1,0
8265,7,1,1,0
8266,6,1,1,0
8267,3,1,1,0
8268,2,1,1,0
8269,3,1,1,0
8270,3,1,1,0
8271,1,1,1,0
8272,2,1,1,0
8273,2,1,1,0
8274,3,1,1,0
8275,1,1,1,0
8276,9,1,1,0
8277,7,1,1,0
8278,3,1,1,0
8279,6,1,1,0
8280,3,1,1,0
8281,2,1,1,0
8282,5,1,1,0
8283,4,1,1,0
8284,2,1,1,0
8285,4,1,1,0
8286,2,1,1,0
8287,2,1,1,0
8288,3,1,1,0
8289,2,1,1,0
8290,6,1,1,0
8291,3,1,1,0
8292,1,1,1,0
8293,7,1,1,0
8294,4,1,1,0
8295,3,1,1,0
8296,1,1,1,0
8297,1,1,1,0
8298,1,1,1,0
8299,1,1,1,0
8300,3,1,1,0
8301,2,1,1,0
8302,4,1,1,0
8303,1,1,1,0
8304,1,1,1,0
8305,1,1,1,0
8306,3,1,1,0
8307,3,1,1,0
8308,1,1,1,0
8309,3,1,1,0
8310,1,1,1,0
8311,1,1,1,0
8312,1,1,1,0
8313,3,1,1,0
8314,9,1,1,0
8315,1,1,1,0
8316,4,1,1,0
8317,5,1,1,0
8318,8,1,1,0
8319,1,1,1,0
8320,1,1,1,0
8321,3,1,1,0
8322,3,1,1,0
8323,2,1,1,0
8324,1,1,1,0
8325,2,1,1,0
8326,1,1,1,0
8327,2,1,1,0
8328,9,1,1,0
8329,2,1,1,0
8330,3,1,1,0
8331,5,1,1,0
8332,2,1,1,0
8333,3,1,1,0
8334,5,1,1,0
8335,3,1,1,0
8336,2,1,1,0
8337,12,1,1,0
8338,1,1,1,0
8339,5,1,1,0
8340,6,1,1,0
8341,5,1,1,0
8342,7,1,1,0
8343,4,1,1,0
8344,6,1,1,0
8345,12,1,1,0
8346,2,1,1,0
8347,1,1,1,0
8348,2,1,1,0
8349,3,1,1,0
8350,1,1,1,0
8351,1,1,1,0
8352,2,1,1,0
8353,2,1,1,0
8354,3,1,1,0
8355,3,1,1,0
8356,3,1,1,0
8357,4,1,1,0
8358,1,1,1,0
8359,6,1,1,0
8360,1,1,1,0
8361,6,1,1,0
8362,1,1,1,0
8363,3,1,1,0
8364,10,1,1,0
8365,2,1,1,0
8366,2,1,1,0
8367,3,1,1,0
8368,2,1,1,0
8369,3,1,1,0
8370,1,1,1,0
8371,4,1,1,0
8372,5,1,1,0
8373,4,1,1,0
8374,3,1,1,0
8375,3,1,1,0
8376,1,1,1,0
8377,8,1,1,0
8378,9,1,1,0
8379,2,1,1,0
8380,4,1,1,0
8381,2,1,1,0
8382,1,1,1,0
8383,2,1,1,0
8384,8,1,1,0
8385,3,1,1,0
8386,5,1,1,0
8387,1,1,1,0
8388,1,1,1,0
8389,4,1,1,0
8390,8,1,1,0
8391,3,1,1,0
8392,6,1,1,0
8393,2,1,1,0
8394,3,1,1,0
8395,1,1,1,0
8396,1,1,1,0
8397,5,1,1,0
8398,3,1,1,0
8399,3,1,1,0
8400,3,1,1,0
8401,2,1,1,0
8402,2,1,1,0
8403,1,1,1,0
8404,6,1,1,0
8405,9,1,1,0
8406,6,1,1,0
8407,1,1,1,0
8408,3,1,1,0
8409,2,1,1,0
8410,1,1,1,0
8411,6,1,1,0
8412,1,1,1,0
8413,4,1,1,0
8414,7,1,1,0
8415,4,1,1,0
8416,2,1,1,0
8417,1,1,1,0
8418,5,1,1,0
8419,3,1,1,0
8420,1,1,1,0
8421,2,1,1,0
8422,5,1,1,0
8423,2,1,1,0
8424,6,1,1,0
8425,2,1,1,0
8426,1,1,1,0
8427,2,1,1,0
8428,1,1,1,0
8429,4,1,1,0
8430,3,1,1,0
8431,5,1,1,0
8432,6,1,1,0
8433,6,1,1,0
8434,1,1,1,0
8435,7,1,1,0
8436,2,1,1,0
8437,4,1,1,0
8438,1,1,1,0
8439,4,1,1,0
8440,2,1,1,0
8441,4,1,1,0
8442,1,1,1,0
8443,1,1,1,0
8444,1,1,1,0
8445,2,1,1,0
8446,2,1,1,0
8447,8,1,1,0
8448,4,1,1,0
8449,7,1,1,0
8450,4,1,1,0
8451,5,1,1,0
8452,3,1,1,0
8453,1,1,1,0
8454,2,1,1,0
8455,3,1,1,0
8456,2,1,1,0
8457,2,1,1,0
8458,1,1,1,0
8459,6,1,1,0
8460,4,1,1,0
8461,5,1,1,0
8462,2,1,1,0
8463,3,1,1,0
8464,3,1,1,0
8465,1,1,1,0
8466,3,1,1,0
8467,3,1,1,0
8468,3,1,1,0
8469,3,1,1,0
8470,5,1,1,0
8471,1,1,1,0
8472,1,1,1,0
8473,4,1,1,0
8474,9,1,1,0
8475,7,1,1,0
8476,1,1,1,0
8477,3,1,1,0
8478,2,1,1,0
8479,1,1,1,0
8480,4,1,1,0
8481,2,1,1,0
8482,12,1,1,0
8483,2,1,1,0
8484,1,1,1,0
8485,1,1,1,0
8486,5,1,1,0
8487,1,1,1,0
8488,3,1,1,0
8489,4,1,1,0
8490,9,1,1,0
8491,3,1,1,0
8492,5,1,1,0
8493,1,1,1,0
8494,5,1,1,0
8495,1,1,1,0
8496,1,1,1,0
8497,5,1,1,0
8498,6,1,1,0
8499,5,1,1,0
8500,10,1,1,0
8501,1,1,1,0
8502,2,1,1,0
8503,1,1,1,0
8504,3,1,1,0
8505,2,1,1,0
8506,1,1,1,0
8507,4,1,1,0
8508,1,1,1,0
8509,1,1,1,0
8510,1,1,1,0
8511,6,1,1,0
8512,4,1,1,0
8513,4,1,1,0
8514,4,1,1,0
8515,3,1,1,0
8516,10,1,1,0
8517,1,1,1,0
8518,1,1,1,0
8519,3,1,1,0
8520,3,1,1,0
8521,2,1,1,0
8522,3,1,1,0
8523,4,1,1,0
8524,2,1,1,0
8525,5,1,1,0
8526,2,1,1,0
8527,8,1,1,0
8528,2,1,1,0
8529,3,1,1,0
8530,8,1,1,0
8531,1,1,1,0
8532,2,1,1,0
8533,2,1,1,0
8534,5,1,1,0
8535,4,1,1,0
8536,1,1,1,0
8537,4,1,1,0
8538,2,1,1,0
8539,1,1,1,0
8540,1,1,1,0
8541,3,1,1,0
8542,1,1,1,0
8543,3,1,1,0
8544,3,1,1,0
8545,1,1,1,0
8546,1,1,1,0
8547,4,1,1,0
8548,2,1,1,0
8549,7,1,1,0
8550,1,1,1,0
8551,1,1,1,0
8552,3,1,1,0
8553,3,1,1,0
8554,7,1,1,0
8555,3,1,1,0
8556,2,1,1,0
8557,7,1,1,0
8558,2,1,1,0
8559,4,1,1,0
8560,2,1,1,0
8561,1,1,1,0
8562,8,1,1,0
8563,11,1,1,0
8564,3,1,1,0
8565,3,1,1,0
8566,15,1,1,0
8567,5,1,1,0
8568,3,1,1,0
8569,2,1,1,0
8570,1,1,1,0
8571,2,1,1,0
8572,7,1,1,0
8573,2,1,1,0
8574,1,1,1,0
8575,2,1,1,0
8576,1,1,1,0
8577,1,1,1,0
8578,8,1,1,0
8579,1,1,1,0
8580,2,1,1,0
8581,1,1,1,0
8582,5,1,1,0
8583,1,1,1,0
8584,1,1,1,0
8585,6,1,1,0
8586,6,1,1,0
8587,3,1,1,0
8588,4,1,1,0
8589,1,1,1,0
8590,2,1,1,0
8591,11,1,1,0
8592,1,1,1,0
8593,1,1,1,0
8594,8,1,1,0
8595,1,1,1,0
8596,3,1,1,0
8597,7,1,1,0
8598,3,1,1,0
8599,1,1,1,0
8600,2,1,1,0
8601,3,1,1,0
8602,4,1,1,0
8603,1,1,1,0
8604,4,1,1,0
8605,5,1,1,0
8606,2,1,1,0
8607,5,1,1,0
8608,6,1,1,0
8609,3,1,1,0
8610,4,1,1,0
8611,5,1,1,0
8612,6,1,1,0
8613,4,1,1,0
8614,2,1,1,0
8615,5,1,1,0
8616,3,1,1,0
8617,2,1,1,0
8618,10,1,1,0
8619,11,1,1,0
8620,8,1,1,0
8621,4,1,1,0
8622,9,1,1,0
8623,6,1,1,0
8624,1,1,1,0
8625,5,1,1,0
8626,1,1,1,0
8627,1,1,1,0
8628,4,1,1,0
8629,2,1,1,0
8630,5,1,1,0
8631,2,1,1,0
8632,4,1,1,0
8633,1,1,1,0
8634,7,1,1,0
8635,2,1,1,0
8636,9,1,1,0
8637,1,1,1,0
8638,5,1,1,0
8639,3,1,1,0
8640,2,1,1,0
8641,8,1,1,0
8642,2,1,1,0
8643,1,1,1,0
8644,3,1,1,0
8645,2,1,1,0
8646,3,1,1,0
8647,1,1,1,0
8648,5,1,1,0
8649,7,1,1,0
8650,8,1,1,0
8651,4,1,1,0
8652,11,1,1,0
8653,1,1,1,0
8654,5,1,1,0
8655,1,1,1,0
8656,3,1,1,0
8657,2,1,1,0
8658,1,1,1,0
8659,1,1,1,0
8660,10,1,1,0
8661,2,1,1,0
8662,3,1,1,0
8663,2,1,1,0
8664,8,1,1,0
8665,5,1,1,0
8666,1,1,1,0
8667,1,1,1,0
8668,5,1,1,0
8669,1,1,1,0
8670,3,1,1,0
8671,1,1,1,0
8672,6,1,1,0
8673,7,1,1,0
8674,4,1,1,0
8675,1,1,1,0
8676,1,1,1,0
8677,10,1,1,0
8678,3,1,1,0
8679,12,1,1,0
8680,7,1,1,0
8681,4,1,1,0
8682,2,1,1,0
8683,1,1,1,0
8684,9,1,1,0
8685,6,1,1,0
8686,3,1,1,0
8687,6,1,1,0
8688,8,1,1,0
8689,1,1,1,0
8690,8,1,1,0
8691,10,1,1,0
8692,15,1,1,0
8693,15,1,1,0
8694,1,1,1,0
8695,3,1,1,0
8696,1,1,1,0
8697,11,1,1,0
8698,1,1,1,0
8699,1,1,1,0
8700,2,1,1,0
8701,2,1,1,0
8702,4,1,1,0
8703,11,1,1,0
8704,7,1,1,0
8705,5,1,1,0
8706,1,1,1,0
8707,1,1,1,0
8708,2,1,1,0
8709,2,1,1,0
8710,4,1,1,0
8711,3,1,1,0
8712,1,1,1,0
8713,1,1,1,0
8714,3,1,1,0
8715,3,1,1,0
8716,1,1,1,0
8717,1,1,1,0
8718,1,1,1,0
8719,7,1,1,0
8720,8,1,1,0
8721,2,1,1,0
8722,2,1,1,0
8723,2,1,1,0
8724,3,1,1,0
8725,3,1,1,0
8726,4,1,1,0
8727,3,1,1,0
8728,1,1,1,0
8729,5,1,1,0
8730,6,1,1,0
8731,1,1,1,0
8732,2,1,1,0
8733,1,1,1,0
8734,1,1,1,0
8735,5,1,1,0
8736,1,1,1,0
8737,4,1,1,0
8738,6,1,1,0
8739,6,1,1,0
8740,4,1,1,0
8741,3,1,1,0
8742,12,1,1,0
8743,4,1,1,0
8744,8,1,1,0
8745,1,1,1,0
8746,2,1,1,0
8747,4,1,1,0
8748,1,1,1,0
8749,5,1,1,0
8750,1,1,1,0
8751,12,1,1,0
8752,6,1,1,0
8753,4,1,1,0
8754,4,1,1,0
8755,2,1,1,0
8756,14,1,1,0
8757,3,1,1,0
8758,2,1,1,0
8759,1,1,1,0
8760,3,1,1,0
8761,8,1,1,0
8762,5,1,1,0
8763,3,1,1,0
8764,5,1,1,0
8765,1,1,1,0
8766,6,1,1,0
8767,3,1,1,0
8768,1,1,1,0
8769,2,1,1,0
8770,4,1,1,0
8771,7,1,1,0
8772,1,1,1,0
8773,3,1,1,0
8774,1,1,1,0
8775,5,1,1,0
8776,6,1,1,0
8777,8,1,1,0
8778,6,1,1,0
8779,7,1,1,0
8780,2,1,1,0
8781,7,1,1,0
8782,8,1,1,0
8783,4,1,1,0
8784,2,1,1,0
8785,4,1,1,0
8786,2,1,1,0
8787,2,1,1,0
8788,3,1,1,0
8789,3,1,1,0
8790,2,1,1,0
8791,3,1,1,0
8792,5,1,1,0
8793,5,1,1,0
8794,6,1,1,0
8795,1,1,1,0
8796,1,1,1,0
8797,3,1,1,0
8798,7,1,1,0
8799,5,1,1,0
8800,4,1,1,0
8801,1,1,1,0
8802,3,1,1,0
8803,5,1,1,0
8804,5,1,1,0
8805,6,1,1,0
8806,11,1,1,0
8807,2,1,1,0
8808,3,1,1,0
8809,1,1,1,0
8810,8,1,1,0
8811,1,1,1,0
8812,4,1,1,0
8813,6,1,1,0
8814,1,1,1,0
8815,5,1,1,0
8816,7,1,1,0
8817,3,1,1,0
8818,1,1,1,0
8819,2,1,1,0
8820,4,1,1,0
8821,7,1,1,0
8822,1,1,1,0
8823,2,1,1,0
8824,4,1,1,0
8825,4,1,1,0
8826,4,1,1,0
8827,3,1,1,0
8828,3,1,1,0
8829,1,1,1,0
8830,1,1,1,0
8831,3,1,1,0
8832,4,1,1,0
8833,4,1,1,0
8834,3,1,1,0
8835,10,1,1,0
8836,3,1,1,0
8837,1,1,1,0
8838,7,1,1,0
8839,17,1,1,0
8840,4,1,1,0
8841,2,1,1,0
8842,2,1,1,0
8843,3,1,1,0
8844,2,1,1,0
8845,7,1,1,0
8846,8,1,1,0
8847,1,1,1,0
8848,3,1,1,0
8849,1,1,1,0
8850,13,1,1,0
8851,2,1,1,0
8852,1,1,1,0
8853,3,1,1,0
8854,1,1,1,0
8855,1,1,1,0
8856,1,1,1,0
8857,1,1,1,0
8858,1,1,1,0
8859,2,1,1,0
8860,7,1,1,0
8861,1,1,1,0
8862,5,1,1,0
8863,5,1,1,0
8864,4,1,1,0
8865,6,1,1,0
8866,3,1,1,0
8867,1,1,1,0
8868,5,1,1,0
8869,11,1,1,0
8870,2,1,1,0
8871,3,1,1,0
8872,1,1,1,0
8873,5,1,1,0
8874,9,1,1,0
8875,9,1,1,0
8876,5,1,1,0
8877,4,1,1,0
8878,2,1,1,0
8879,2,1,1,0
8880,7,1,1,0
8881,6,1,1,0
8882,5,1,1,0
8883,13,1,1,0
8884,3,1,1,0
8885,3,1,1,0
8886,4,1,1,0
8887,4,1,1,0
8888,1,1,1,0
8889,3,1,1,0
8890,2,1,1,0
8891,5,1,1,0
8892,1,1,1,0
8893,2,1,1,0
8894,2,1,1,0
8895,3,1,1,0
8896,8,1,1,0
8897,1,1,1,0
8898,7,1,1,0
8899,7,1,1,0
8900,2,1,1,0
8901,3,1,1,0
8902,1,1,1,0
8903,2,1,1,0
8904,4,1,1,0
8905,2,1,1,0
8906,3,1,1,0
8907,1,1,1,0
8908,1,1,1,0
8909,1,1,1,0
8910,2,1,1,0
8911,3,1,1,0
8912,6,1,1,0
8913,2,1,1,0
8914,2,1,1,0
8915,1,1,1,0
8916,5,1,1,0
8917,9,1,1,0
8918,5,1,1,0
8919,4,1,1,0
8920,1,1,1,0
8921,5,1,1,0
8922,9,1,1,0
8923,6,1,1,0
8924,1,1,1,0
8925,3,1,1,0
8926,5,1,1,0
8927,1,1,1,0
8928,1,1,1,0
8929,5,1,1,0
8930,1,1,1,0
8931,3,1,1,0
8932,3,1,1,0
8933,3,1,1,0
8934,2,1,1,0
8935,6,1,1,0
8936,4,1,1,0
8937,5,1,1,0
8938,9,1,1,0
8939,4,1,1,0
8940,2,1,1,0
8941,8,1,1,0
8942,7,1,1,0
8943,2,1,1,0
8944,4,1,1,0
8945,3,1,1,0
8946,1,1,1,0
8947,13,1,1,0
8948,5,1,1,0
8949,2,1,1,0
8950,1,1,1,0
8951,3,1,1,0
8952,1,1,1,0
8953,2,1,1,0
8954,3,1,1,0
8955,2,1,1,0
8956,2,1,1,0
8957,4,1,1,0
8958,1,1,1,0
8959,7,1,1,0
8960,4,1,1,0
8961,1,1,1,0
8962,5,1,1,0
8963,13,1,1,0
8964,2,1,1,0
8965,4,1,1,0
8966,2,1,1,0
8967,5,1,1,0
8968,3,1,1,0
8969,4,1,1,0
8970,4,1,1,0
8971,3,1,1,0
8972,12,1,1,0
8973,2,1,1,0
8974,2,1,1,0
8975,4,1,1,0
8976,1,1,1,0
8977,4,1,1,0
8978,3,1,1,0
8979,1,1,1,0
8980,8,1,1,0
8981,1,1,1,0
8982,7,1,1,0
8983,1,1,1,0
8984,1,1,1,0
8985,4,1,1,0
8986,3,1,1,0
8987,2,1,1,0
8988,2,1,1,0
8989,1,1,1,0
8990,10,1,1,0
8991,2,1,1,0
8992,3,1,1,0
8993,2,1,1,0
8994,1,1,1,0
8995,1,1,1,0
8996,2,1,1,0
8997,8,1,1,0
8998,1,1,1,0
8999,2,1,1,0
9000,5,1,1,0
9001,5,1,1,0
9002,5,1,1,0
9003,2,1,1,0
9004,5,1,1,0
9005,3,1,1,0
9006,5,1,1,0
9007,1,1,1,0
9008,9,1,1,0
9009,5,1,1,0
9010,3,1,1,0
9011,7,1,1,0
9012,18,1,1,0
9013,2,1,1,0
9014,6,1,1,0
9015,5,1,1,0
9016,3,1,1,0
9017,2,1,1,0
9018,4,1,1,0
9019,2,1,1,0
9020,9,1,1,0
9021,6,1,1,0
9022,5,1,1,0
9023,3,1,1,0
9024,1,1,1,0
9025,1,1,1,0
9026,4,1,1,0
9027,3,1,1,0
9028,1,1,1,0
9029,2,1,1,0
9030,4,1,1,0
9031,3,1,1,0
9032,2,1,1,0
9033,6,1,1,0
9034,11,1,1,0
9035,2,1,1,0
9036,10,1,1,0
9037,1,1,1,0
9038,4,1,1,0
9039,2,1,1,0
9040,3,1,1,0
9041,7,1,1,0
9042,4,1,1,0
9043,3,1,1,0
9044,1,1,1,0
9045,1,1,1,0
9046,4,1,1,0
9047,2,1,1,0
9048,2,1,1,0
9049,4,1,1,0
9050,3,1,1,0
9051,3,1,1,0
9052,5,1,1,0
9053,5,1,1,0
9054,1,1,1,0
9055,10,1,1,0
9056,1,1,1,0
9057,5,1,1,0
9058,1,1,1,0
9059,3,1,1,0
9060,5,1,1,0
9061,3,1,1,0
9062,4,1,1,0
9063,3,1,1,0
9064,12,1,1,0
9065,7,1,1,0
9066,2,1,1,0
9067,7,1,1,0
9068,2,1,1,0
9069,5,1,1,0
9070,5,1,1,0
9071,2,1,1,0
9072,7,1,1,0
9073,1,1,1,0
9074,3,1,1,0
9075,4,1,1,0
9076,5,1,1,0
9077,6,1,1,0
9078,3,1,1,0
9079,8,1,1,0
9080,2,1,1,0
9081,2,1,1,0
9082,1,1,1,0
9083,4,1,1,0
9084,3,1,1,0
9085,4,1,1,0
9086,2,1,1,0
9087,4,1,1,0
9088,7,1,1,0
9089,7,1,1,0
9090,7,1,1,0
9091,4,1,1,0
9092,2,1,1,0
9093,2,1,1,0
9094,4,1,1,0
9095,2,1,1,0
9096,1,1,1,0
9097,9,1,1,0
9098,3,1,1,0
9099,1,1,1,0
9100,3,1,1,0
9101,5,1,1,0
9102,1,1,1,0
9103,4,1,1,0
9104,1,1,1,0
9105,3,1,1,0
9106,1,1,1,0
9107,6,1,1,0
9108,1,1,1,0
9109,3,1,1,0
9110,1,1,1,0
9111,3,1,1,0
9112,6,1,1,0
9113,8,1,1,0
9114,2,1,1,0
9115,6,1,1,0
9116,4,1,1,0
9117,1,1,1,0
9118,5,1,1,0
9119,3,1,1,0
9120,1,1,1,0
9121,1,1,1,0
9122,3,1,1,0
9123,1,1,1,0
9124,3,1,1,0
9125,3,1,1,0
9126,1,1,1,0
9127,2,1,1,0
9128,2,1,1,0
9129,3,1,1,0
9130,3,1,1,0
9131,3,1,1,0
9132,3,1,1,0
9133,4,1,1,0
9134,1,1,1,0
9135,7,1,1,0
9136,1,1,1,0
9137,1,1,1,0
9138,3,1,1,0
9139,6,1,1,0
9140,2,1,1,0
9141,4,1,1,0
9142,2,1,1,0
9143,2,1,1,0
9144,6,1,1,0
9145,2,1,1,0
9146,3,1,1,0
9147,3,1,1,0
9148,7,1,1,0
9149,2,1,1,0
9150,3,1,1,0
9151,3,1,1,0
9152,7,1,1,0
9153,1,1,1,0
9154,2,1,1,0
9155,13,1,1,0
9156,8,1,1,0
9157,1,1,1,0
9158,7,1,1,0
9159,2,1,1,0
9160,2,1,1,0
9161,2,1,1,0
9162,4,1,1,0
9163,3,1,1,0
9164,5,1,1,0
9165,7,1,1,0
9166,8,1,1,0
9167,2,1,1,0
9168,1,1,1,0
9169,3,1,1,0
9170,9,1,1,0
9171,4,1,1,0
9172,3,1,1,0
9173,2,1,1,0
9174,1,1,1,0
9175,1,1,1,0
9176,2,1,1,0
9177,4,1,1,0
9178,1,1,1,0
9179,2,1,1,0
9180,9,1,1,0
9181,2,1,1,0
9182,6,1,1,0
9183,3,1,1,0
9184,11,1,1,0
9185,1,1,1,0
9186,3,1,1,0
9187,5,1,1,0
9188,5,1,1,0
9189,1,1,1,0
9190,4,1,1,0
9191,3,1,1,0
9192,3,1,1,0
9193,2,1,1,0
9194,2,1,1,0
9195,21,1,1,0
9196,5,1,1,0
9197,2,1,1,0
9198,3,1,1,0
9199,1,1,1,0
9200,6,1,1,0
9201,4,1,1,0
9202,11,1,1,0
9203,2,1,1,0
9204,10,1,1,0
9205,2,1,1,0
9206,4,1,1,0
9207,1,1,1,0
9208,1,1,1,0
9209,3,1,1,0
9210,3,1,1,0
9211,1,1,1,0
9212,2,1,1,0
9213,1,1,1,0
9214,2,1,1,0
9215,3,1,1,0
9216,8,1,1,0
9217,10,1,1,0
9218,2,1,1,0
9219,3,1,1,0
9220,2,1,1,0
9221,8,1,1,0
9222,1,1,1,0
9223,4,1,1,0
9224,1,1,1,0
9225,2,1,1,0
9226,5,1,1,0
9227,3,1,1,0
9228,3,1,1,0
9229,1,1,1,0
9230,1,1,1,0
9231,3,1,1,0
9232,3,1,1,0
9233,1,1,1,0
9234,1,1,1,0
9235,2,1,1,0
9236,7,1,1,0
9237,8,1,1,0
9238,2,1,1,0
9239,2,1,1,0
9240,5,1,1,0
9241,1,1,1,0
9242,2,1,1,0
9243,2,1,1,0
9244,4,1,1,0
9245,1,1,1,0
9246,8,1,1,0
9247,6,1,1,0
9248,1,1,1,0
9249,6,1,1,0
9250,2,1,1,0
9251,5,1,1,0
9252,7,1,1,0
9253,6,1,1,0
9254,2,1,1,0
9255,6,1,1,0
9256,2,1,1,0
9257,9,1,1,0
9258,1,1,1,0
9259,2,1,1,0
9260,5,1,1,0
9261,8,1,1,0
9262,2,1,1,0
9263,1,1,1,0
9264,4,1,1,0
9265,5,1,1,0
9266,2,1,1,0
9267,3,1,1,0
9268,2,1,1,0
9269,1,1,1,0
9270,8,1,1,0
9271,8,1,1,0
9272,1,1,1,0
9273,2,1,1,0
9274,3,1,1,0
9275,2,1,1,0
9276,6,1,1,0
9277,7,1,1,0
9278,1,1,1,0
9279,3,1,1,0
9280,3,1,1,0
9281,1,1,1,0
9282,2,1,1,0
9283,1,1,1,0
9284,3,1,1,0
9285,3,1,1,0
9286,2,1,1,0
9287,2,1,1,0
9288,2,1,1,0
9289,3,1,1,0
9290,4,1,1,0
9291,3,1,1,0
9292,3,1,1,0
9293,4,1,1,0
9294,7,1,1,0
9295,4,1,1,0
9296,3,1,1,0
9297,2,1,1,0
9298,1,1,1,0
9299,1,1,1,0
9300,1,1,1,0
9301,4,1,1,0
9302,13,1,1,0
9303,5,1,1,0
9304,1,1,1,0
9305,6,1,1,0
9306,1,1,1,0
9307,3,1,1,0
9308,2,1,1,0
9309,1,1,1,0
9310,3,1,1,0
9311,3,1,1,0
9312,3,1,1,0
9313,3,1,1,0
9314,9,1,1,0
9315,3,1,1,0
9316,2,1,1,0
9317,5,1,1,0
9318,3,1,1,0
9319,4,1,1,0
9320,3,1,1,0
9321,2,1,1,0
9322,3,1,1,0
9323,2,1,1,0
9324,2,1,1,0
9325,2,1,1,0
9326,2,1,1,0
9327,6,1,1,0
9328,7,1,1,0
9329,3,1,1,0
9330,3,1,1,0
9331,1,1,1,0
9332,6,1,1,0
9333,1,1,1,0
9334,1,1,1,0
9335,3,1,1,0
9336,1,1,1,0
9337,5,1,1,0
9338,6,1,1,0
9339,1,1,1,0
9340,2,1,1,0
9341,1,1,1,0
9342,1,1,1,0
9343,5,1,1,0
9344,8,1,1,0
9345,1,1,1,0
9346,4,1,1,0
9347,1,1,1,0
9348,5,1,1,0
9349,1,1,1,0
9350,1,1,1,0
9351,5,1,1,0
9352,1,1,1,0
9353,1,1,1,0
9354,11,1,1,0
9355,1,1,1,0
9356,1,1,1,0
9357,8,1,1,0
9358,1,1,1,0
9359,5,1,1,0
9360,8,1,1,0
9361,1,1,1,0
9362,8,1,1,0
9363,1,1,1,0
9364,7,1,1,0
9365,3,1,1,0
9366,10,1,1,0
9367,1,1,1,0
9368,1,1,1,0
9369,8,1,1,0
9370,1,1,1,0
9371,8,1,1,0
9372,3,1,1,0
9373,6,1,1,0
9374,5,1,1,0
9375,4,1,1,0
9376,3,1,1,0
9377,1,1,1,0
9378,3,1,1,0
9379,4,1,1,0
9380,2,1,1,0
9381,1,1,1,0
9382,5,1,1,0
9383,1,1,1,0
9384,3,1,1,0
9385,7,1,1,0
9386,1,1,1,0
9387,1,1,1,0
9388,1,1,1,0
9389,3,1,1,0
9390,8,1,1,0
9391,2,1,1,0
9392,3,1,1,0
9393,5,1,1,0
9394,1,1,1,0
9395,15,1,1,0
9396,5,1,1,0
9397,3,1,1,0
9398,6,1,1,0
9399,2,1,1,0
9400,4,1,1,0
9401,3,1,1,0
9402,3,1,1,0
9403,2,1,1,0
9404,7,1,1,0
9405,6,1,1,0
9406,10,1,1,0
9407,1,1,1,0
9408,1,1,1,0
9409,2,1,1,0
9410,8,1,1,0
9411,5,1,1,0
9412,1,1,1,0
9413,9,1,1,0
9414,2,1,1,0
9415,4,1,1,0
9416,4,1,1,0
9417,4,1,1,0
9418,9,1,1,0
9419,4,1,1,0
9420,6,1,1,0
9421,8,1,1,0
9422,6,1,1,0
9423,5,1,1,0
9424,2,1,1,0
9425,5,1,1,0
9426,1,1,1,0
9427,10,1,1,0
9428,3,1,1,0
9429,1,1,1,0
9430,4,1,1,0
9431,5,1,1,0
9432,3,1,1,0
9433,4,1,1,0
9434,4,1,1,0
9435,3,1,1,0
9436,1,1,1,0
9437,1,1,1,0
9438,4,1,1,0
9439,3,1,1,0
9440,7,1,1,0
9441,1,1,1,0
9442,2,1,1,0
9443,2,1,1,0
9444,1,1,1,0
9445,2,1,1,0
9446,2,1,1,0
9447,4,1,1,0
9448,2,1,1,0
9449,3,1,1,0
9450,9,1,1,0
9451,3,1,1,0
9452,1,1,1,0
9453,5,1,1,0
9454,8,1,1,0
9455,3,1,1,0
9456,3,1,1,0
9457,2,1,1,0
9458,5,1,1,0
9459,10,1,1,0
9460,2,1,1,0
9461,4,1,1,0
9462,3,1,1,0
9463,2,1,1,0
9464,2,1,1,0
9465,1,1,1,0
9466,9,1,1,0
9467,2,1,1,0
9468,3,1,1,0
9469,3,1,1,0
9470,4,1,1,0
9471,3,1,1,0
9472,4,1,1,0
9473,1,1,1,0
9474,2,1,1,0
9475,1,1,1,0
9476,5,1,1,0
9477,6,1,1,0
9478,1,1,1,0
9479,1,1,1,0
9480,1,1,1,0
9481,4,1,1,0
9482,1,1,1,0
9483,5,1,1,0
9484,3,1,1,0
9485,2,1,1,0
9486,3,1,1,0
9487,5,1,1,0
9488,2,1,1,0
9489,5,1,1,0
9490,1,1,1,0
9491,1,1,1,0
9492,2,1,1,0
9493,1,1,1,0
9494,3,1,1,0
9495,5,1,1,0
9496,1,1,1,0
9497,4,1,1,0
9498,9,1,1,0
9499,6,1,1,0
9500,5,1,1,0
9501,8,1,1,0
9502,4,1,1,0
9503,5,1,1,0
9504,3,1,1,0
9505,7,1,1,0
9506,1,1,1,0
9507,8,1,1,0
9508,2,1,1,0
9509,5,1,1,0
9510,10,1,1,0
9511,6,1,1,0
9512,3,1,1,0
9513,3,1,1,0
9514,4,1,1,0
9515,2,1,1,0
9516,5,1,1,0
9517,3,1,1,0
9518,3,1,1,0
9519,1,1,1,0
9520,1,1,1,0
9521,3,1,1,0
9522,2,1,1,0
9523,3,1,1,0
9524,1,1,1,0
9525,8,1,1,0
9526,5,1,1,0
9527,3,1,1,0
9528,1,1,1,0
9529,7,1,1,0
9530,13,1,1,0
9531,5,1,1,0
9532,5,1,1,0
9533,2,1,1,0
9534,2,1,1,0
9535,3,1,1,0
9536,4,1,1,0
9537,1,1,1,0
9538,5,1,1,0
9539,8,1,1,0
9540,5,1,1,0
9541,7,1,1,0
9542,3,1,1,0
9543,3,1,1,0
9544,4,1,1,0
9545,3,1,1,0
9546,3,1,1,0
9547,1,1,1,0
9548,1,1,1,0
9549,1,1,1,0
9550,6,1,1,0
9551,4,1,1,0
9552,4,1,1,0
9553,1,1,1,0
9554,5,1,1,0
9555,5,1,1,0
9556,6,1,1,0
9557,2,1,1,0
9558,5,1,1,0
9559,6,1,1,0
9560,4,1,1,0
9561,2,1,1,0
9562,1,1,1,0
9563,7,1,1,0
9564,4,1,1,0
9565,3,1,1,0
9566,4,1,1,0
9567,4,1,1,0
9568,4,1,1,0
9569,2,1,1,0
9570,10,1,1,0
9571,4,1,1,0
9572,7,1,1,0
9573,5,1,1,0
9574,4,1,1,0
9575,2,1,1,0
9576,3,1,1,0
9577,6,1,1,0
9578,2,1,1,0
9579,4,1,1,0
9580,1,1,1,0
9581,4,1,1,0
9582,4,1,1,0
9583,2,1,1,0
9584,1,1,1,0
9585,1,1,1,0
9586,3,1,1,0
9587,8,1,1,0
9588,3,1,1,0
9589,9,1,1,0
9590,2,1,1,0
9591,1,1,1,0
9592,6,1,1,0
9593,3,1,1,0
9594,1,1,1,0
9595,6,1,1,0
9596,1,1,1,0
9597,1,1,1,0
9598,6,1,1,0
9599,2,1,1,0
9600,4,1,1,0
9601,8,1,1,0
9602,7,1,1,0
9603,3,1,1,0
9604,4,1,1,0
9605,2,1,1,0
9606,1,1,1,0
9607,9,1,1,0
9608,5,1,1,0
9609,2,1,1,0
9610,1,1,1,0
9611,6,1,1,0
9612,3,1,1,0
9613,2,1,1,0
9614,11,1,1,0
9615,3,1,1,0
9616,1,1,1,0
9617,3,1,1,0
9618,9,1,1,0
9619,1,1,1,0
9620,2,1,1,0
9621,1,1,1,0
9622,6,1,1,0
9623,12,1,1,0
9624,1,1,1,0
9625,3,1,1,0
9626,4,1,1,0
9627,7,1,1,0
9628,3,1,1,0
9629,3,1,1,0
9630,5,1,1,0
9631,2,1,1,0
9632,2,1,1,0
9633,6,1,1,0
9634,3,1,1,0
9635,2,1,1,0
9636,4,1,1,0
9637,6,1,1,0
9638,1,1,1,0
9639,4,1,1,0
9640,3,1,1,0
9641,1,1,1,0
9642,3,1,1,0
9643,3,1,1,0
9644,7,1,1,0
9645,1,1,1,0
9646,2,1,1,0
9647,1,1,1,0
9648,9,1,1,0
9649,1,1,1,0
9650,2,1,1,0
9651,7,1,1,0
9652,8,1,1,0
9653,3,1,1,0
9654,1,1,1,0
9655,4,1,1,0
9656,1,1,1,0
9657,1,1,1,0
9658,1,1,1,0
9659,1,1,1,0
9660,6,1,1,0
9661,3,1,1,0
9662,1,1,1,0
9663,1,1,1,0
9664,8,1,1,0
9665,1,1,1,0
9666,1,1,1,0
9667,3,1,1,0
9668,1,1,1,0
9669,2,1,1,0
9670,4,1,1,0
9671,1,1,1,0
9672,5,1,1,0
9673,2,1,1,0
9674,3,1,1,0
9675,3,1,1,0
9676,1,1,1,0
9677,2,1,1,0
9678,1,1,1,0
9679,3,1,1,0
9680,4,1,1,0
9681,2,1,1,0
9682,3,1,1,0
9683,9,1,1,0
9684,4,1,1,0
9685,7,1,1,0
9686,5,1,1,0
9687,5,1,1,0
9688,7,1,1,0
9689,2,1,1,0
9690,4,1,1,0
9691,4,1,1,0
9692,3,1,1,0
9693,6,1,1,0
9694,1,1,1,0
9695,2,1,1,0
9696,1,1,1,0
9697,4,1,1,0
9698,1,1,1,0
9699,3,1,1,0
9700,1,1,1,0
9701,6,1,1,0
9702,2,1,1,0
9703,1,1,1,0
9704,8,1,1,0
9705,12,1,1,0
9706,5,1,1,0
9707,1,1,1,0
9708,12,1,1,0
9709,4,1,1,0
9710,3,1,1,0
9711,2,1,1,0
9712,2,1,1,0
9713,14,1,1,0
9714,6,1,1,0
9715,10,1,1,0
9716,1,1,1,0
9717,11,1,1,0
9718,6,1,1,0
9719,1,1,1,0
9720,4,1,1,0
9721,7,1,1,0
9722,3,1,1,0
9723,3,1,1,0
9724,5,1,1,0
9725,1,1,1,0
9726,6,1,1,0
9727,1,1,1,0
9728,1,1,1,0
9729,3,1,1,0
9730,6,1,1,0
9731,15,1,1,0
9732,5,1,1,0
9733,2,1,1,0
9734,1,1,1,0
9735,9,1,1,0
9736,2,1,1,0
9737,4,1,1,0
9738,3,1,1,0
9739,1,1,1,0
9740,6,1,1,0
9741,2,1,1,0
9742,1,1,1,0
9743,4,1,1,0
9744,5,1,1,0
9745,1,1,1,0
9746,3,1,1,0
9747,1,1,1,0
9748,1,1,1,0
9749,2,1,1,0
9750,8,1,1,0
9751,4,1,1,0
9752,9,1,1,0
9753,2,1,1,0
9754,11,1,1,0
9755,4,1,1,0
9756,6,1,1,0
9757,3,1,1,0
9758,5,1,1,0
9759,4,1,1,0
9760,3,1,1,0
9761,13,1,1,0
9762,3,1,1,0
9763,6,1,1,0
9764,5,1,1,0
9765,7,1,1,0
9766,3,1,1,0
9767,5,1,1,0
9768,3,1,1,0
9769,7,1,1,0
9770,1,1,1,0
9771,4,1,1,0
9772,8,1,1,0
9773,1,1,1,0
9774,2,1,1,0
9775,3,1,1,0
9776,10,1,1,0
9777,4,1,1,0
9778,13,1,1,0
9779,4,1,1,0
9780,1,1,1,0
9781,2,1,1,0
9782,1,1,1,0
9783,7,1,1,0
9784,2,1,1,0
9785,4,1,1,0
9786,12,1,1,0
9787,1,1,1,0
9788,1,1,1,0
9789,2,1,1,0
9790,3,1,1,0
9791,1,1,1,0
9792,2,1,1,0
9793,1,1,1,0
9794,4,1,1,0
9795,4,1,1,0
9796,5,1,1,0
9797,11,1,1,0
9798,11,1,1,0
9799,6,1,1,0
9800,2,1,1,0
9801,1,1,1,0
9802,2,1,1,0
9803,1,1,1,0
9804,5,1,1,0
9805,1,1,1,0
9806,10,1,1,0
9807,1,1,1,0
9808,1,1,1,0
9809,5,1,1,0
9810,2,1,1,0
9811,3,1,1,0
9812,7,1,1,0
9813,3,1,1,0
9814,5,1,1,0
9815,5,1,1,0
9816,2,1,1,0
9817,2,1,1,0
9818,3,1,1,0
9819,2,1,1,0
9820,4,1,1,0
9821,4,1,1,0
9822,1,1,1,0
9823,3,1,1,0
9824,4,1,1,0
9825,1,1,1,0
9826,2,1,1,0
9827,1,1,1,0
9828,5,1,1,0
9829,1,1,1,0
9830,3,1,1,0
9831,8,1,1,0
9832,3,1,1,0
9833,10,1,1,0
9834,3,1,1,0
9835,4,1,1,0
9836,5,1,1,0
9837,4,1,1,0
9838,6,1,1,0
9839,1,1,1,0
9840,1,1,1,0
9841,4,1,1,0
9842,3,1,1,0
9843,1,1,1,0
9844,14,1,1,0
9845,3,1,1,0
9846,1,1,1,0
9847,1,1,1,0
9848,4,1,1,0
9849,3,1,1,0
9850,8,1,1,0
9851,1,1,1,0
9852,6,1,1,0
9853,1,1,1,0
9854,6,1,1,0
9855,2,1,1,0
9856,8,1,1,0
9857,7,1,1,0
9858,1,1,1,0
9859,7,1,1,0
9860,6,1,1,0
9861,5,1,1,0
9862,1,1,1,0
9863,1,1,1,0
9864,2,1,1,0
9865,1,1,1,0
9866,1,1,1,0
9867,3,1,1,0
9868,7,1,1,0
9869,1,1,1,0
9870,2,1,1,0
9871,1,1,1,0
9872,1,1,1,0
9873,5,1,1,0
9874,2,1,1,0
9875,13,1,1,0
9876,3,1,1,0
9877,5,1,1,0
9878,4,1,1,0
9879,1,1,1,0
9880,8,1,1,0
9881,5,1,1,0
9882,7,1,1,0
9883,1,1,1,0
9884,1,1,1,0
9885,1,1,1,0
9886,4,1,1,0
9887,8,1,1,0
9888,7,1,1,0
9889,1,1,1,0
9890,1,1,1,0
9891,4,1,1,0
9892,1,1,1,0
9893,9,1,1,0
9894,3,1,1,0
9895,4,1,1,0
9896,4,1,1,0
9897,1,1,1,0
9898,3,1,1,0
9899,7,1,1,0
9900,1,1,1,0
9901,3,1,1,0
9902,1,1,1,0
9903,13,1,1,0
9904,2,1,1,0
9905,3,1,1,0
9906,5,1,1,0
9907,4,1,1,0
9908,2,1,1,0
9909,2,1,1,0
9910,3,1,1,0
9911,5,1,1,0
9912,3,1,1,0
9913,3,1,1,0
9914,11,1,1,0
9915,7,1,1,0
9916,3,1,1,0
9917,1,1,1,0
9918,1,1,1,0
9919,7,1,1,0
9920,1,1,1,0
9921,1,1,1,0
9922,2,1,1,0
9923,1,1,1,0
9924,6,1,1,0
9925,1,1,1,0
9926,4,1,1,0
9927,8,1,1,0
9928,10,1,1,0
9929,1,1,1,0
9930,3,1,1,0
9931,1,1,1,0
9932,1,1,1,0
9933,6,1,1,0
9934,3,1,1,0
9935,4,1,1,0
9936,6,1,1,0
9937,1,1,1,0
9938,5,1,1,0
9939,4,1,1,0
9940,1,1,1,0
9941,4,1,1,0
9942,7,1,1,0
9943,3,1,1,0
9944,4,1,1,0
9945,1,1,1,0
9946,2,1,1,0
9947,1,1,1,0
9948,5,1,1,0
9949,3,1,1,0
9950,2,1,1,0
9951,4,1,1,0
9952,5,1,1,0
9953,1,1,1,0
9954,3,1,1,0
9955,2,1,1,0
9956,4,1,1,0
9957,9,1,1,0
9958,8,1,1,0
9959,1,1,1,0
9960,5,1,1,0
9961,6,1,1,0
9962,1,1,1,0
9963,4,1,1,0
9964,2,1,1,0
9965,2,1,1,0
9966,1,1,1,0
9967,4,1,1,0
9968,4,1,1,0
9969,7,1,1,0
9970,3,1,1,0
9971,1,1,1,0
9972,8,1,1,0
9973,5,1,1,0
9974,5,1,1,0
9975,1,1,1,0
9976,1,1,1,0
9977,1,1,1,0
9978,1,1,1,0
9979,5,1,1,0
9980,1,1,1,0
9981,1,1,1,0
9982,3,1,1,0
9983,1,1,1,0
9984,1,1,1,0
9985,4,1,1,0
9986,1,1,1,0
9987,2,1,1,0
9988,5,1,1,0
9989,7,1,1,0
9990,5,1,1,0
9991,3,1,1,0
9992,1,1,1,0
9993,4,1,1,0
9994,4,1,1,0
9995,3,1,1,0
9996,2,1,1,0
9997,3,1,1,0
9998,3,1,1,0
9999,1,1,1,0
