trial,final_step,trapped,contact_dead,boundary_dead
0,46,1,0,0
1,18,1,0,0
2,325,1,0,0
3,65,1,0,0
4,153,1,0,0
5,99,1,0,0
6,25,1,0,0
7,138,1,0,0
8,179,1,0,0
9,21,1,0,0
10,356,1,0,0
11,48,1,0,0
12,93,1,0,0
13,151,1,0,0
14,31,1,0,0
15,50,1,0,0
16,16,1,0,0
17,66,1,0,0
18,143,1,0,0
19,43,1,0,0
20,26,1,0,0
21,79,1,0,0
22,100,1,0,0
23,120,1,0,0
24,128,1,0,0
25,27,1,0,0
26,84,1,0,0
27,56,1,0,0
28,73,1,0,0
29,25,1,0,0
30,45,1,0,0
31,26,1,0,0
32,14,1,0,0
33,137,1,0,0
34,21,1,0,0
35,220,1,0,0
36,11,1,0,0
37,62,1,0,0
38,29,1,0,0
39,74,1,0,0
40,36,1,0,0
41,21,1,0,0
42,73,1,0,0
43,59,1,0,0
44,99,1,0,0
45,26,1,0,0
46,27,1,0,0
47,49,1,0,0
48,41,1,0,0
49,96,1,0,0
50,70,1,0,0
51,52,1,0,0
52,43,1,0,0
53,142,1,0,0
54,95,1,0,0
55,50,1,0,0
56,104,1,0,0
57,58,1,0,0
58,15,1,0,0
59,37,1,0,0
60,33,1,0,0
61,54,1,0,0
62,34,1,0,0
63,99,1,0,0
64,36,1,0,0
65,58,1,0,0
66,10,1,0,0
67,149,1,0,0
68,36,1,0,0
69,130,1,0,0
70,89,1,0,0
71,60,1,0,0
72,64,1,0,0
73,11,1,0,0
74,80,1,0,0
75,46,1,0,0
76,101,1,0,0
77,55,1,0,0
78,33,1,0,0
79,223,1,0,0
80,47,1,0,0
81,94,1,0,0
82,74,1,0,0
83,76,1,0,0
84,31,1,0,0
85,44,1,0,0
86,168,1,0,0
87,126,1,0,0
88,132,1,0,0
89,49,1,0,0
90,17,1,0,0
91,57,1,0,0
92,179,1,0,0
93,58,1,0,0
94,25,1,0,0
95,19,1,0,0
96,41,1,0,0
97,30,1,0,0
98,332,1,0,0
99,24,1,0,0
100,120,1,0,0
101,43,1,0,0
102,77,1,0,0
103,73,1,0,0
104,7,1,0,0
105,48,1,0,0
106,54,1,0,0
107,34,1,0,0
108,36,1,0,0
109,55,1,0,0
110,105,1,0,0
111,69,1,0,0
112,12,1,0,0
113,29,1,0,0
114,45,1,0,0
115,91,1,0,0
116,63,1,0,0
117,110,1,0,0
118,14,1,0,0
119,81,1,0,0
120,100,1,0,0
121,120,1,0,0
122,117,1,0,0
123,118,1,0,0
124,63,1,0,0
125,47,1,0,0
126,30,1,0,0
127,41,1,0,0
128,148,1,0,0
129,72,1,0,0
130,110,1,0,0
131,101,1,0,0
132,101,1,0,0
133,36,1,0,0
134,74,1,0,0
135,109,1,0,0
136,23,1,0,0
137,30,1,0,0
138,48,1,0,0
139,99,1,0,0
140,81,1,0,0
141,101,1,0,0
142,26,1,0,0
143,44,1,0,0
144,20,1,0,0
145,24,1,0,0
146,42,1,0,0
147,23,1,0,0
148,17,1,0,0
149,41,1,0,0
150,51,1,0,0
151,95,1,0,0
152,74,1,0,0
153,67,1,0,0
154,85,1,0,0
155,198,1,0,0
156,14,1,0,0
157,20,1,0,0
158,111,1,0,0
159,17,1,0,0
160,124,1,0,0
161,82,1,0,0
162,60,1,0,0
163,34,1,0,0
164,22,1,0,0
165,64,1,0,0
166,97,1,0,0
167,116,1,0,0
168,83,1,0,0
169,78,1,0,0
170,32,1,0,0
171,17,1,0,0
172,70,1,0,0
173,47,1,0,0
174,36,1,0,0
175,37,1,0,0
176,39,1,0,0
177,47,1,0,0
178,115,1,0,0
179,85,1,0,0
180,99,1,0,0
181,19,1,0,0
182,103,1,0,0
183,121,1,0,0
184,59,1,0,0
185,22,1,0,0
186,169,1,0,0
187,108,1,0,0
188,79,1,0,0
189,112,1,0,0
190,37,1,0,0
191,32,1,0,0
192,131,1,0,0
193,151,1,0,0
194,155,1,0,0
195,367,1,0,0
196,65,1,0,0
197,232,1,0,0
198,14,1,0,0
199,84,1,0,0
200,119,1,0,0
201,32,1,0,0
202,75,1,0,0
203,115,1,0,0
204,25,1,0,0
205,35,1,0,0
206,33,1,0,0
207,230,1,0,0
208,52,1,0,0
209,64,1,0,0
210,31,1,0,0
211,67,1,0,0
212,20,1,0,0
213,234,1,0,0
214,10,1,0,0
215,92,1,0,0
216,54,1,0,0
217,57,1,0,0
218,105,1,0,0
219,58,1,0,0
220,36,1,0,0
221,50,1,0,0
222,13,1,0,0
223,9,1,0,0
224,143,1,0,0
225,39,1,0,0
226,63,1,0,0
227,25,1,0,0
228,17,1,0,0
229,50,1,0,0
230,35,1,0,0
231,40,1,0,0
232,40,1,0,0
233,25,1,0,0
234,171,1,0,0
235,57,1,0,0
236,13,1,0,0
237,102,1,0,0
238,61,1,0,0
239,86,1,0,0
240,73,1,0,0
241,143,1,0,0
242,50,1,0,0
243,25,1,0,0
244,54,1,0,0
245,65,1,0,0
246,67,1,0,0
247,49,1,0,0
248,36,1,0,0
249,15,1,0,0
250,184,1,0,0
251,44,1,0,0
252,37,1,0,0
253,75,1,0,0
254,94,1,0,0
255,67,1,0,0
256,44,1,0,0
257,26,1,0,0
258,43,1,0,0
259,12,1,0,0
260,63,1,0,0
261,37,1,0,0
262,70,1,0,0
263,66,1,0,0
264,87,1,0,0
265,44,1,0,0
266,100,1,0,0
267,121,1,0,0
268,51,1,0,0
269,47,1,0,0
270,204,1,0,0
271,62,1,0,0
272,82,1,0,0
273,128,1,0,0
274,235,1,0,0
275,79,1,0,0
276,235,1,0,0
277,52,1,0,0
278,133,1,0,0
279,16,1,0,0
280,101,1,0,0
281,28,1,0,0
282,184,1,0,0
283,85,1,0,0
284,59,1,0,0
285,41,1,0,0
286,11,1,0,0
287,57,1,0,0
288,44,1,0,0
289,59,1,0,0
290,124,1,0,0
291,33,1,0,0
292,51,1,0,0
293,24,1,0,0
294,38,1,0,0
295,106,1,0,0
296,21,1,0,0
297,80,1,0,0
298,147,1,0,0
299,48,1,0,0
300,104,1,0,0
301,63,1,0,0
302,70,1,0,0
303,51,1,0,0
304,23,1,0,0
305,22,1,0,0
306,163,1,0,0
307,148,1,0,0
308,19,1,0,0
309,67,1,0,0
310,155,1,0,0
311,85,1,0,0
312,84,1,0,0
313,83,1,0,0
314,20,1,0,0
315,53,1,0,0
316,99,1,0,0
317,142,1,0,0
318,17,1,0,0
319,19,1,0,0
320,22,1,0,0
321,103,1,0,0
322,55,1,0,0
323,25,1,0,0
324,100,1,0,0
325,24,1,0,0
326,57,1,0,0
327,34,1,0,0
328,91,1,0,0
329,147,1,0,0
330,30,1,0,0
331,117,1,0,0
332,88,1,0,0
333,79,1,0,0
334,21,1,0,0
335,34,1,0,0
336,136,1,0,0
337,23,1,0,0
338,83,1,0,0
339,22,1,0,0
340,26,1,0,0
341,36,1,0,0
342,64,1,0,0
343,16,1,0,0
344,45,1,0,0
345,258,1,0,0
346,114,1,0,0
347,56,1,0,0
348,115,1,0,0
349,32,1,0,0
350,71,1,0,0
351,32,1,0,0
352,35,1,0,0
353,20,1,0,0
354,17,1,0,0
355,117,1,0,0
356,25,1,0,0
357,46,1,0,0
358,53,1,0,0
359,52,1,0,0
360,42,1,0,0
361,23,1,0,0
362,60,1,0,0
363,15,1,0,0
364,85,1,0,0
365,175,1,0,0
366,180,1,0,0
367,73,1,0,0
368,136,1,0,0
369,26,1,0,0
370,40,1,0,0
371,36,1,0,0
372,100,1,0,0
373,171,1,0,0
374,169,1,0,0
375,25,1,0,0
376,26,1,0,0
377,158,1,0,0
378,30,1,0,0
379,57,1,0,0
380,55,1,0,0
381,65,1,0,0
382,36,1,0,0
383,84,1,0,0
384,15,1,0,0
385,39,1,0,0
386,32,1,0,0
387,124,1,0,0
388,43,1,0,0
389,8,1,0,0
390,77,1,0,0
391,100,1,0,0
392,243,1,0,0
393,102,1,0,0
394,102,1,0,0
395,18,1,0,0
396,110,1,0,0
397,49,1,0,0
398,29,1,0,0
399,80,1,0,0
400,103,1,0,0
401,27,1,0,0
402,85,1,0,0
403,84,1,0,0
404,51,1,0,0
405,11,1,0,0
406,41,1,0,0
407,132,1,0,0
408,99,1,0,0
409,45,1,0,0
410,94,1,0,0
411,33,1,0,0
412,26,1,0,0
413,120,1,0,0
414,134,1,0,0
415,23,1,0,0
416,93,1,0,0
417,71,1,0,0
418,88,1,0,0
419,73,1,0,0
420,24,1,0,0
421,174,1,0,0
422,107,1,0,0
423,20,1,0,0
424,30,1,0,0
425,86,1,0,0
426,38,1,0,0
427,62,1,0,0
428,19,1,0,0
429,63,1,0,0
430,75,1,0,0
431,24,1,0,0
432,87,1,0,0
433,145,1,0,0
434,19,1,0,0
435,90,1,0,0
436,44,1,0,0
437,10,1,0,0
438,120,1,0,0
439,56,1,0,0
440,13,1,0,0
441,176,1,0,0
442,88,1,0,0
443,83,1,0,0
444,73,1,0,0
445,132,1,0,0
446,96,1,0,0
447,66,1,0,0
448,32,1,0,0
449,28,1,0,0
450,35,1,0,0
451,56,1,0,0
452,19,1,0,0
453,23,1,0,0
454,78,1,0,0
455,21,1,0,0
456,30,1,0,0
457,71,1,0,0
458,70,1,0,0
459,45,1,0,0
460,114,1,0,0
461,46,1,0,0
462,132,1,0,0
463,11,1,0,0
464,133,1,0,0
465,12,1,0,0
466,50,1,0,0
467,76,1,0,0
468,72,1,0,0
469,36,1,0,0
470,16,1,0,0
471,124,1,0,0
472,62,1,0,0
473,72,1,0,0
474,74,1,0,0
475,97,1,0,0
476,50,1,0,0
477,50,1,0,0
478,25,1,0,0
479,70,1,0,0
480,84,1,0,0
481,54,1,0,0
482,81,1,0,0
483,7,1,0,0
484,67,1,0,0
485,129,1,0,0
486,42,1,0,0
487,72,1,0,0
488,47,1,0,0
489,112,1,0,0
490,38,1,0,0
491,164,1,0,0
492,60,1,0,0
493,44,1,0,0
494,27,1,0,0
495,51,1,0,0
496,27,1,0,0
497,39,1,0,0
498,60,1,0,0
499,23,1,0,0
500,100,1,0,0
501,15,1,0,0
502,21,1,0,0
503,105,1,0,0
504,104,1,0,0
505,149,1,0,0
506,51,1,0,0
507,141,1,0,0
508,20,1,0,0
509,11,1,0,0
510,109,1,0,0
511,92,1,0,0
512,116,1,0,0
513,74,1,0,0
514,52,1,0,0
515,60,1,0,0
516,25,1,0,0
517,31,1,0,0
518,65,1,0,0
519,24,1,0,0
520,60,1,0,0
521,52,1,0,0
522,66,1,0,0
523,31,1,0,0
524,18,1,0,0
525,72,1,0,0
526,51,1,0,0
527,83,1,0,0
528,156,1,0,0
529,80,1,0,0
530,76,1,0,0
531,87,1,0,0
532,40,1,0,0
533,60,1,0,0
534,36,1,0,0
535,64,1,0,0
536,9,1,0,0
537,115,1,0,0
538,41,1,0,0
539,189,1,0,0
540,54,1,0,0
541,66,1,0,0
542,87,1,0,0
543,122,1,0,0
544,82,1,0,0
545,44,1,0,0
546,44,1,0,0
547,43,1,0,0
548,84,1,0,0
549,27,1,0,0
550,95,1,0,0
551,15,1,0,0
552,112,1,0,0
553,76,1,0,0
554,195,1,0,0
555,29,1,0,0
556,19,1,0,0
557,44,1,0,0
558,35,1,0,0
559,95,1,0,0
560,37,1,0,0
561,124,1,0,0
562,18,1,0,0
563,104,1,0,0
564,103,1,0,0
565,45,1,0,0
566,56,1,0,0
567,42,1,0,0
568,17,1,0,0
569,54,1,0,0
570,47,1,0,0
571,33,1,0,0
572,81,1,0,0
573,101,1,0,0
574,81,1,0,0
575,36,1,0,0
576,21,1,0,0
577,31,1,0,0
578,63,1,0,0
579,54,1,0,0
580,118,1,0,0
581,121,1,0,0
582,72,1,0,0
583,66,1,0,0
584,79,1,0,0
585,17,1,0,0
586,41,1,0,0
587,126,1,0,0
588,19,1,0,0
589,12,1,0,0
590,24,1,0,0
591,157,1,0,0
592,25,1,0,0
593,65,1,0,0
594,11,1,0,0
595,121,1,0,0
596,94,1,0,0
597,85,1,0,0
598,42,1,0,0
599,65,1,0,0
600,40,1,0,0
601,66,1,0,0
602,57,1,0,0
603,19,1,0,0
604,124,1,0,0
605,141,1,0,0
606,38,1,0,0
607,195,1,0,0
608,54,1,0,0
609,61,1,0,0
610,56,1,0,0
611,76,1,0,0
612,32,1,0,0
613,42,1,0,0
614,60,1,0,0
615,83,1,0,0
616,47,1,0,0
617,29,1,0,0
618,11,1,0,0
619,98,1,0,0
620,82,1,0,0
621,8,1,0,0
622,54,1,0,0
623,95,1,0,0
624,84,1,0,0
625,127,1,0,0
626,47,1,0,0
627,34,1,0,0
628,143,1,0,0
629,187,1,0,0
630,116,1,0,0
631,19,1,0,0
632,93,1,0,0
633,42,1,0,0
634,26,1,0,0
635,122,1,0,0
636,263,1,0,0
637,34,1,0,0
638,233,1,0,0
639,144,1,0,0
640,139,1,0,0
641,60,1,0,0
642,29,1,0,0
643,88,1,0,0
644,38,1,0,0
645,26,1,0,0
646,113,1,0,0
647,38,1,0,0
648,67,1,0,0
649,58,1,0,0
650,37,1,0,0
651,71,1,0,0
652,12,1,0,0
653,181,1,0,0
654,67,1,0,0
655,97,1,0,0
656,76,1,0,0
657,43,1,0,0
658,86,1,0,0
659,62,1,0,0
660,83,1,0,0
661,130,1,0,0
662,19,1,0,0
663,164,1,0,0
664,35,1,0,0
665,14,1,0,0
666,30,1,0,0
667,108,1,0,0
668,57,1,0,0
669,102,1,0,0
670,56,1,0,0
671,67,1,0,0
672,84,1,0,0
673,48,1,0,0
674,163,1,0,0
675,50,1,0,0
676,45,1,0,0
677,41,1,0,0
678,26,1,0,0
679,82,1,0,0
680,46,1,0,0
681,43,1,0,0
682,72,1,0,0
683,68,1,0,0
684,16,1,0,0
685,67,1,0,0
686,33,1,0,0
687,74,1,0,0
688,66,1,0,0
689,35,1,0,0
690,42,1,0,0
691,54,1,0,0
692,80,1,0,0
693,118,1,0,0
694,35,1,0,0
695,38,1,0,0
696,44,1,0,0
697,46,1,0,0
698,31,1,0,0
699,24,1,0,0
700,65,1,0,0
701,41,1,0,0
702,56,1,0,0
703,20,1,0,0
704,44,1,0,0
705,99,1,0,0
706,48,1,0,0
707,68,1,0,0
708,7,1,0,0
709,52,1,0,0
710,135,1,0,0
711,49,1,0,0
712,167,1,0,0
713,55,1,0,0
714,159,1,0,0
715,39,1,0,0
716,44,1,0,0
717,33,1,0,0
718,65,1,0,0
719,159,1,0,0
720,49,1,0,0
721,25,1,0,0
722,110,1,0,0
723,39,1,0,0
724,27,1,0,0
725,74,1,0,0
726,42,1,0,0
727,127,1,0,0
728,28,1,0,0
729,63,1,0,0
730,43,1,0,0
731,59,1,0,0
732,110,1,0,0
733,80,1,0,0
734,49,1,0,0
735,40,1,0,0
736,32,1,0,0
737,59,1,0,0
738,109,1,0,0
739,102,1,0,0
740,47,1,0,0
741,202,1,0,0
742,156,1,0,0
743,153,1,0,0
744,25,1,0,0
745,95,1,0,0
746,51,1,0,0
747,14,1,0,0
748,37,1,0,0
749,70,1,0,0
750,31,1,0,0
751,69,1,0,0
752,63,1,0,0
753,31,1,0,0
754,61,1,0,0
755,40,1,0,0
756,176,1,0,0
757,32,1,0,0
758,251,1,0,0
759,112,1,0,0
760,27,1,0,0
761,38,1,0,0
762,231,1,0,0
763,38,1,0,0
764,38,1,0,0
765,69,1,0,0
766,90,1,0,0
767,58,1,0,0
768,21,1,0,0
769,63,1,0,0
770,92,1,0,0
771,16,1,0,0
772,145,1,0,0
773,83,1,0,0
774,125,1,0,0
775,47,1,0,0
776,129,1,0,0
777,36,1,0,0
778,414,1,0,0
779,32,1,0,0
780,24,1,0,0
781,7,1,0,0
782,127,1,0,0
783,56,1,0,0
784,19,1,0,0
785,9,1,0,0
786,130,1,0,0
787,50,1,0,0
788,25,1,0,0
789,7,1,0,0
790,92,1,0,0
791,294,1,0,0
792,72,1,0,0
793,22,1,0,0
794,27,1,0,0
795,19,1,0,0
796,83,1,0,0
797,35,1,0,0
798,55,1,0,0
799,218,1,0,0
800,76,1,0,0
801,97,1,0,0
802,21,1,0,0
803,35,1,0,0
804,51,1,0,0
805,63,1,0,0
806,76,1,0,0
807,301,1,0,0
808,40,1,0,0
809,24,1,0,0
810,62,1,0,0
811,32,1,0,0
812,144,1,0,0
813,15,1,0,0
814,57,1,0,0
815,42,1,0,0
816,167,1,0,0
817,49,1,0,0
818,129,1,0,0
819,30,1,0,0
820,70,1,0,0
821,39,1,0,0
822,16,1,0,0
823,107,1,0,0
824,45,1,0,0
825,120,1,0,0
826,60,1,0,0
827,75,1,0,0
828,64,1,0,0
829,123,1,0,0
830,87,1,0,0
831,32,1,0,0
832,78,1,0,0
833,145,1,0,0
834,64,1,0,0
835,75,1,0,0
836,47,1,0,0
837,87,1,0,0
838,64,1,0,0
839,46,1,0,0
840,48,1,0,0
841,49,1,0,0
842,64,1,0,0
843,28,1,0,0
844,16,1,0,0
845,97,1,0,0
846,140,1,0,0
847,88,1,0,0
848,111,1,0,0
849,58,1,0,0
850,195,1,0,0
851,24,1,0,0
852,40,1,0,0
853,142,1,0,0
854,40,1,0,0
855,29,1,0,0
856,76,1,0,0
857,47,1,0,0
858,85,1,0,0
859,57,1,0,0
860,138,1,0,0
861,12,1,0,0
862,43,1,0,0
863,19,1,0,0
864,93,1,0,0
865,90,1,0,0
866,68,1,0,0
867,60,1,0,0
868,91,1,0,0
869,35,1,0,0
870,106,1,0,0
871,45,1,0,0
872,26,1,0,0
873,94,1,0,0
874,89,1,0,0
875,83,1,0,0
876,75,1,0,0
877,38,1,0,0
878,25,1,0,0
879,17,1,0,0
880,232,1,0,0
881,88,1,0,0
882,37,1,0,0
883,77,1,0,0
884,78,1,0,0
885,102,1,0,0
886,159,1,0,0
887,105,1,0,0
888,75,1,0,0
889,118,1,0,0
890,16,1,0,0
891,133,1,0,0
892,46,1,0,0
893,102,1,0,0
894,53,1,0,0
895,84,1,0,0
896,50,1,0,0
897,164,1,0,0
898,30,1,0,0
899,99,1,0,0
900,101,1,0,0
901,42,1,0,0
902,88,1,0,0
903,144,1,0,0
904,59,1,0,0
905,59,1,0,0
906,45,1,0,0
907,41,1,0,0
908,195,1,0,0
909,42,1,0,0
910,66,1,0,0
911,35,1,0,0
912,53,1,0,0
913,112,1,0,0
914,100,1,0,0
915,86,1,0,0
916,37,1,0,0
917,104,1,0,0
918,66,1,0,0
919,83,1,0,0
920,10,1,0,0
921,42,1,0,0
922,16,1,0,0
923,45,1,0,0
924,33,1,0,0
925,38,1,0,0
926,15,1,0,0
927,105,1,0,0
928,43,1,0,0
929,59,1,0,0
930,16,1,0,0
931,86,1,0,0
932,46,1,0,0
933,34,1,0,0
934,52,1,0,0
935,88,1,0,0
936,57,1,0,0
937,40,1,0,0
938,57,1,0,0
939,178,1,0,0
940,32,1,0,0
941,29,1,0,0
942,182,1,0,0
943,166,1,0,0
944,43,1,0,0
945,45,1,0,0
946,175,1,0,0
947,37,1,0,0
948,58,1,0,0
949,84,1,0,0
950,17,1,0,0
951,27,1,0,0
952,270,1,0,0
953,48,1,0,0
954,81,1,0,0
955,8,1,0,0
956,9,1,0,0
957,83,1,0,0
958,46,1,0,0
959,49,1,0,0
960,85,1,0,0
961,18,1,0,0
962,128,1,0,0
963,26,1,0,0
964,195,1,0,0
965,29,1,0,0
966,17,1,0,0
967,117,1,0,0
968,85,1,0,0
969,52,1,0,0
970,181,1,0,0
971,42,1,0,0
972,48,1,0,0
973,57,1,0,0
974,46,1,0,0
975,81,1,0,0
976,164,1,0,0
977,132,1,0,0
978,135,1,0,0
979,16,1,0,0
980,32,1,0,0
981,35,1,0,0
982,105,1,0,0
983,78,1,0,0
984,20,1,0,0
985,36,1,0,0
986,41,1,0,0
987,78,1,0,0
988,69,1,0,0
989,19,1,0,0
990,102,1,0,0
991,213,1,0,0
992,85,1,0,0
993,132,1,0,0
994,15,1,0,0
995,69,1,0,0
996,17,1,0,0
997,27,1,0,0
998,47,1,0,0
999,181,1,0,0
1000,48,1,0,0
1001,142,1,0,0
1002,29,1,0,0
1003,80,1,0,0
1004,55,1,0,0
1005,43,1,0,0
1006,158,1,0,0
1007,15,1,0,0
1008,67,1,0,0
1009,65,1,0,0
1010,40,1,0,0
1011,68,1,0,0
1012,59,1,0,0
1013,80,1,0,0
1014,200,1,0,0
1015,141,1,0,0
1016,36,1,0,0
1017,145,1,0,0
1018,124,1,0,0
1019,86,1,0,0
1020,35,1,0,0
1021,65,1,0,0
1022,69,1,0,0
1023,58,1,0,0
1024,129,1,0,0
1025,230,1,0,0
1026,60,1,0,0
1027,22,1,0,0
1028,19,1,0,0
1029,96,1,0,0
1030,97,1,0,0
1031,136,1,0,0
1032,154,1,0,0
1033,39,1,0,0
1034,44,1,0,0
1035,62,1,0,0
1036,37,1,0,0
1037,68,1,0,0
1038,53,1,0,0
1039,39,1,0,0
1040,137,1,0,0
1041,36,1,0,0
1042,18,1,0,0
1043,29,1,0,0
1044,77,1,0,0
1045,87,1,0,0
1046,58,1,0,0
1047,79,1,0,0
1048,73,1,0,0
1049,22,1,0,0
1050,19,1,0,0
1051,43,1,0,0
1052,65,1,0,0
1053,77,1,0,0
1054,45,1,0,0
1055,101,1,0,0
1056,36,1,0,0
1057,71,1,0,0
1058,39,1,0,0
1059,113,1,0,0
1060,66,1,0,0
1061,87,1,0,0
1062,108,1,0,0
1063,63,1,0,0
1064,68,1,0,0
1065,96,1,0,0
1066,172,1,0,0
1067,32,1,0,0
1068,108,1,0,0
1069,50,1,0,0
1070,36,1,0,0
1071,74,1,0,0
1072,42,1,0,0
1073,59,1,0,0
1074,71,1,0,0
1075,37,1,0,0
1076,47,1,0,0
1077,136,1,0,0
1078,43,1,0,0
1079,101,1,0,0
1080,71,1,0,0
1081,64,1,0,0
1082,24,1,0,0
1083,63,1,0,0
1084,28,1,0,0
1085,42,1,0,0
1086,143,1,0,0
1087,38,1,0,0
1088,67,1,0,0
1089,69,1,0,0
1090,42,1,0,0
1091,42,1,0,0
1092,63,1,0,0
1093,60,1,0,0
1094,44,1,0,0
1095,101,1,0,0
1096,68,1,0,0
1097,40,1,0,0
1098,63,1,0,0
1099,36,1,0,0
1100,11,1,0,0
1101,29,1,0,0
1102,134,1,0,0
1103,27,1,0,0
1104,9,1,0,0
1105,118,1,0,0
1106,23,1,0,0
1107,38,1,0,0
1108,98,1,0,0
1109,32,1,0,0
1110,73,1,0,0
1111,68,1,0,0
1112,112,1,0,0
1113,156,1,0,0
1114,130,1,0,0
1115,28,1,0,0
1116,36,1,0,0
1117,44,1,0,0
1118,18,1,0,0
1119,114,1,0,0
1120,88,1,0,0
1121,27,1,0,0
1122,107,1,0,0
1123,44,1,0,0
1124,176,1,0,0
1125,79,1,0,0
1126,33,1,0,0
1127,30,1,0,0
1128,207,1,0,0
1129,31,1,0,0
1130,28,1,0,0
1131,37,1,0,0
1132,39,1,0,0
1133,30,1,0,0
1134,24,1,0,0
1135,148,1,0,0
1136,26,1,0,0
1137,40,1,0,0
1138,80,1,0,0
1139,77,1,0,0
1140,24,1,0,0
1141,109,1,0,0
1142,45,1,0,0
1143,51,1,0,0
1144,41,1,0,0
1145,49,1,0,0
1146,40,1,0,0
1147,18,1,0,0
1148,69,1,0,0
1149,56,1,0,0
1150,153,1,0,0
1151,152,1,0,0
1152,169,1,0,0
1153,158,1,0,0
1154,22,1,0,0
1155,135,1,0,0
1156,37,1,0,0
1157,86,1,0,0
1158,13,1,0,0
1159,156,1,0,0
1160,19,1,0,0
1161,19,1,0,0
1162,19,1,0,0
1163,17,1,0,0
1164,61,1,0,0
1165,135,1,0,0
1166,41,1,0,0
1167,73,1,0,0
1168,110,1,0,0
1169,31,1,0,0
1170,48,1,0,0
1171,96,1,0,0
1172,114,1,0,0
1173,43,1,0,0
1174,61,1,0,0
1175,26,1,0,0
1176,62,1,0,0
1177,95,1,0,0
1178,40,1,0,0
1179,12,1,0,0
1180,50,1,0,0
1181,56,1,0,0
1182,73,1,0,0
1183,143,1,0,0
1184,150,1,0,0
1185,46,1,0,0
1186,13,1,0,0
1187,34,1,0,0
1188,58,1,0,0
1189,159,1,0,0
1190,242,1,0,0
1191,17,1,0,0
1192,119,1,0,0
1193,25,1,0,0
1194,32,1,0,0
1195,133,1,0,0
1196,83,1,0,0
1197,43,1,0,0
1198,98,1,0,0
1199,175,1,0,0
1200,72,1,0,0
1201,95,1,0,0
1202,176,1,0,0
1203,45,1,0,0
1204,19,1,0,0
1205,22,1,0,0
1206,31,1,0,0
1207,23,1,0,0
1208,177,1,0,0
1209,88,1,0,0
1210,175,1,0,0
1211,52,1,0,0
1212,184,1,0,0
1213,15,1,0,0
1214,67,1,0,0
1215,133,1,0,0
1216,25,1,0,0
1217,208,1,0,0
1218,117,1,0,0
1219,131,1,0,0
1220,32,1,0,0
1221,67,1,0,0
1222,34,1,0,0
1223,117,1,0,0
1224,76,1,0,0
1225,62,1,0,0
1226,56,1,0,0
1227,101,1,0,0
1228,20,1,0,0
1229,77,1,0,0
1230,74,1,0,0
1231,91,1,0,0
1232,48,1,0,0
1233,151,1,0,0
1234,59,1,0,0
1235,91,1,0,0
1236,128,1,0,0
1237,17,1,0,0
1238,49,1,0,0
1239,50,1,0,0
1240,73,1,0,0
1241,120,1,0,0
1242,23,1,0,0
1243,22,1,0,0
1244,57,1,0,0
1245,130,1,0,0
1246,83,1,0,0
1247,57,1,0,0
1248,26,1,0,0
1249,65,1,0,0
1250,145,1,0,0
1251,63,1,0,0
1252,150,1,0,0
1253,25,1,0,0
1254,76,1,0,0
1255,56,1,0,0
1256,36,1,0,0
1257,94,1,0,0
1258,24,1,0,0
1259,182,1,0,0
1260,237,1,0,0
1261,39,1,0,0
1262,9,1,0,0
1263,17,1,0,0
1264,56,1,0,0
1265,166,1,0,0
1266,86,1,0,0
1267,14,1,0,0
1268,21,1,0,0
1269,147,1,0,0
1270,12,1,0,0
1271,21,1,0,0
1272,99,1,0,0
1273,84,1,0,0
1274,107,1,0,0
1275,48,1,0,0
1276,98,1,0,0
1277,46,1,0,0
1278,91,1,0,0
1279,71,1,0,0
1280,160,1,0,0
1281,81,1,0,0
1282,116,1,0,0
1283,30,1,0,0
1284,29,1,0,0
1285,84,1,0,0
1286,102,1,0,0
1287,44,1,0,0
1288,117,1,0,0
1289,40,1,0,0
1290,36,1,0,0
1291,49,1,0,0
1292,15,1,0,0
1293,62,1,0,0
1294,154,1,0,0
1295,129,1,0,0
1296,39,1,0,0
1297,15,1,0,0
1298,14,1,0,0
1299,102,1,0,0
1300,31,1,0,0
1301,32,1,0,0
1302,200,1,0,0
1303,28,1,0,0
1304,59,1,0,0
1305,40,1,0,0
1306,105,1,0,0
1307,157,1,0,0
1308,70,1,0,0
1309,19,1,0,0
1310,51,1,0,0
1311,112,1,0,0
1312,45,1,0,0
1313,45,1,0,0
1314,32,1,0,0
1315,115,1,0,0
1316,43,1,0,0
1317,47,1,0,0
1318,39,1,0,0
1319,80,1,0,0
1320,60,1,0,0
1321,55,1,0,0
1322,113,1,0,0
1323,36,1,0,0
1324,102,1,0,0
1325,53,1,0,0
1326,29,1,0,0
1327,81,1,0,0
1328,72,1,0,0
1329,18,1,0,0
1330,65,1,0,0
1331,112,1,0,0
1332,109,1,0,0
1333,8,1,0,0
1334,24,1,0,0
1335,163,1,0,0
1336,60,1,0,0
1337,88,1,0,0
1338,98,1,0,0
1339,22,1,0,0
1340,54,1,0,0
1341,93,1,0,0
1342,75,1,0,0
1343,228,1,0,0
1344,31,1,0,0
1345,40,1,0,0
1346,80,1,0,0
1347,63,1,0,0
1348,91,1,0,0
1349,70,1,0,0
1350,67,1,0,0
1351,8,1,0,0
1352,101,1,0,0
1353,60,1,0,0
1354,56,1,0,0
1355,174,1,0,0
1356,54,1,0,0
1357,111,1,0,0
1358,43,1,0,0
1359,84,1,0,0
1360,81,1,0,0
1361,110,1,0,0
1362,175,1,0,0
1363,39,1,0,0
1364,20,1,0,0
1365,135,1,0,0
1366,88,1,0,0
1367,96,1,0,0
1368,63,1,0,0
1369,32,1,0,0
1370,20,1,0,0
1371,52,1,0,0
1372,39,1,0,0
1373,37,1,0,0
1374,129,1,0,0
1375,113,1,0,0
1376,74,1,0,0
1377,291,1,0,0
1378,40,1,0,0
1379,26,1,0,0
1380,50,1,0,0
1381,50,1,0,0
1382,42,1,0,0
1383,85,1,0,0
1384,44,1,0,0
1385,29,1,0,0
1386,62,1,0,0
1387,99,1,0,0
1388,54,1,0,0
1389,48,1,0,0
1390,18,1,0,0
1391,97,1,0,0
1392,13,1,0,0
1393,191,1,0,0
1394,46,1,0,0
1395,293,1,0,0
1396,146,1,0,0
1397,26,1,0,0
1398,61,1,0,0
1399,16,1,0,0
1400,77,1,0,0
1401,8,1,0,0
1402,109,1,0,0
1403,59,1,0,0
1404,13,1,0,0
1405,110,1,0,0
1406,54,1,0,0
1407,60,1,0,0
1408,131,1,0,0
1409,78,1,0,0
1410,56,1,0,0
1411,160,1,0,0
1412,69,1,0,0
1413,174,1,0,0
1414,52,1,0,0
1415,9,1,0,0
1416,68,1,0,0
1417,25,1,0,0
1418,19,1,0,0
1419,156,1,0,0
1420,33,1,0,0
1421,90,1,0,0
1422,143,1,0,0
1423,63,1,0,0
1424,43,1,0,0
1425,56,1,0,0
1426,205,1,0,0
1427,74,1,0,0
1428,144,1,0,0
1429,41,1,0,0
1430,43,1,0,0
1431,40,1,0,0
1432,130,1,0,0
1433,12,1,0,0
1434,11,1,0,0
1435,15,1,0,0
1436,40,1,0,0
1437,371,1,0,0
1438,18,1,0,0
1439,32,1,0,0
1440,103,1,0,0
1441,74,1,0,0
1442,10,1,0,0
1443,43,1,0,0
1444,94,1,0,0
1445,155,1,0,0
1446,38,1,0,0
1447,12,1,0,0
1448,166,1,0,0
1449,8,1,0,0
1450,65,1,0,0
1451,19,1,0,0
1452,36,1,0,0
1453,96,1,0,0
1454,66,1,0,0
1455,95,1,0,0
1456,69,1,0,0
1457,151,1,0,0
1458,15,1,0,0
1459,67,1,0,0
1460,80,1,0,0
1461,87,1,0,0
1462,65,1,0,0
1463,72,1,0,0
1464,10,1,0,0
1465,162,1,0,0
1466,87,1,0,0
1467,52,1,0,0
1468,29,1,0,0
1469,36,1,0,0
1470,10,1,0,0
1471,76,1,0,0
1472,228,1,0,0
1473,61,1,0,0
1474,66,1,0,0
1475,190,1,0,0
1476,35,1,0,0
1477,79,1,0,0
1478,36,1,0,0
1479,149,1,0,0
1480,78,1,0,0
1481,40,1,0,0
1482,171,1,0,0
1483,67,1,0,0
1484,42,1,0,0
1485,37,1,0,0
1486,50,1,0,0
1487,81,1,0,0
1488,27,1,0,0
1489,55,1,0,0
1490,28,1,0,0
1491,45,1,0,0
1492,177,1,0,0
1493,124,1,0,0
1494,95,1,0,0
1495,70,1,0,0
1496,44,1,0,0
1497,47,1,0,0
1498,209,1,0,0
1499,33,1,0,0
1500,45,1,0,0
1501,134,1,0,0
1502,80,1,0,0
1503,39,1,0,0
1504,181,1,0,0
1505,12,1,0,0
1506,40,1,0,0
1507,113,1,0,0
1508,114,1,0,0
1509,52,1,0,0
1510,67,1,0,0
1511,50,1,0,0
1512,61,1,0,0
1513,116,1,0,0
1514,28,1,0,0
1515,67,1,0,0
1516,87,1,0,0
1517,153,1,0,0
1518,40,1,0,0
1519,94,1,0,0
1520,74,1,0,0
1521,50,1,0,0
1522,145,1,0,0
1523,89,1,0,0
1524,75,1,0,0
1525,54,1,0,0
1526,14,1,0,0
1527,54,1,0,0
1528,121,1,0,0
1529,123,1,0,0
1530,42,1,0,0
1531,82,1,0,0
1532,58,1,0,0
1533,22,1,0,0
1534,27,1,0,0
1535,105,1,0,0
1536,33,1,0,0
1537,45,1,0,0
1538,121,1,0,0
1539,49,1,0,0
1540,48,1,0,0
1541,45,1,0,0
1542,24,1,0,0
1543,56,1,0,0
1544,57,1,0,0
1545,56,1,0,0
1546,63,1,0,0
1547,213,1,0,0
1548,171,1,0,0
1549,52,1,0,0
1550,80,1,0,0
1551,119,1,0,0
1552,57,1,0,0
1553,58,1,0,0
1554,45,1,0,0
1555,53,1,0,0
1556,15,1,0,0
1557,72,1,0,0
1558,100,1,0,0
1559,121,1,0,0
1560,230,1,0,0
1561,142,1,0,0
1562,81,1,0,0
1563,153,1,0,0
1564,97,1,0,0
1565,61,1,0,0
1566,115,1,0,0
1567,173,1,0,0
1568,27,1,0,0
1569,132,1,0,0
1570,21,1,0,0
1571,87,1,0,0
1572,54,1,0,0
1573,25,1,0,0
1574,56,1,0,0
1575,21,1,0,0
1576,214,1,0,0
1577,67,1,0,0
1578,17,1,0,0
1579,59,1,0,0
1580,85,1,0,0
1581,87,1,0,0
1582,48,1,0,0
1583,30,1,0,0
1584,95,1,0,0
1585,105,1,0,0
1586,92,1,0,0
1587,33,1,0,0
1588,217,1,0,0
1589,112,1,0,0
1590,14,1,0,0
1591,84,1,0,0
1592,22,1,0,0
1593,19,1,0,0
1594,88,1,0,0
1595,36,1,0,0
1596,59,1,0,0
1597,90,1,0,0
1598,43,1,0,0
1599,238,1,0,0
1600,125,1,0,0
1601,13,1,0,0
1602,73,1,0,0
1603,9,1,0,0
1604,118,1,0,0
1605,73,1,0,0
1606,69,1,0,0
1607,38,1,0,0
1608,98,1,0,0
1609,169,1,0,0
1610,140,1,0,0
1611,109,1,0,0
1612,45,1,0,0
1613,26,1,0,0
1614,51,1,0,0
1615,76,1,0,0
1616,75,1,0,0
1617,68,1,0,0
1618,14,1,0,0
1619,108,1,0,0
1620,60,1,0,0
1621,79,1,0,0
1622,34,1,0,0
1623,41,1,0,0
1624,45,1,0,0
1625,77,1,0,0
1626,61,1,0,0
1627,67,1,0,0
1628,47,1,0,0
1629,44,1,0,0
1630,30,1,0,0
1631,80,1,0,0
1632,88,1,0,0
1633,38,1,0,0
1634,153,1,0,0
1635,15,1,0,0
1636,167,1,0,0
1637,31,1,0,0
1638,28,1,0,0
1639,34,1,0,0
1640,111,1,0,0
1641,118,1,0,0
1642,71,1,0,0
1643,116,1,0,0
1644,175,1,0,0
1645,12,1,0,0
1646,72,1,0,0
1647,74,1,0,0
1648,60,1,0,0
1649,40,1,0,0
1650,76,1,0,0
1651,30,1,0,0
1652,96,1,0,0
1653,36,1,0,0
1654,73,1,0,0
1655,99,1,0,0
1656,24,1,0,0
1657,59,1,0,0
1658,61,1,0,0
1659,35,1,0,0
1660,73,1,0,0
1661,55,1,0,0
1662,106,1,0,0
1663,30,1,0,0
1664,43,1,0,0
1665,29,1,0,0
1666,145,1,0,0
1667,56,1,0,0
1668,10,1,0,0
1669,24,1,0,0
1670,146,1,0,0
1671,89,1,0,0
1672,133,1,0,0
1673,88,1,0,0
1674,22,1,0,0
1675,317,1,0,0
1676,60,1,0,0
1677,169,1,0,0
1678,102,1,0,0
1679,19,1,0,0
1680,30,1,0,0
1681,67,1,0,0
1682,94,1,0,0
1683,172,1,0,0
1684,47,1,0,0
1685,154,1,0,0
1686,12,1,0,0
1687,11,1,0,0
1688,82,1,0,0
1689,156,1,0,0
1690,57,1,0,0
1691,131,1,0,0
1692,217,1,0,0
1693,71,1,0,0
1694,42,1,0,0
1695,52,1,0,0
1696,69,1,0,0
1697,83,1,0,0
1698,56,1,0,0
1699,50,1,0,0
1700,120,1,0,0
1701,27,1,0,0
1702,38,1,0,0
1703,21,1,0,0
1704,114,1,0,0
1705,27,1,0,0
1706,224,1,0,0
1707,33,1,0,0
1708,15,1,0,0
1709,54,1,0,0
1710,209,1,0,0
1711,21,1,0,0
1712,32,1,0,0
1713,66,1,0,0
1714,52,1,0,0
1715,75,1,0,0
1716,101,1,0,0
1717,38,1,0,0
1718,20,1,0,0
1719,79,1,0,0
1720,58,1,0,0
1721,56,1,0,0
1722,71,1,0,0
1723,17,1,0,0
1724,116,1,0,0
1725,34,1,0,0
1726,11,1,0,0
1727,82,1,0,0
1728,47,1,0,0
1729,72,1,0,0
1730,89,1,0,0
1731,40,1,0,0
1732,29,1,0,0
1733,60,1,0,0
1734,59,1,0,0
1735,35,1,0,0
1736,33,1,0,0
1737,51,1,0,0
1738,34,1,0,0
1739,31,1,0,0
1740,111,1,0,0
1741,54,1,0,0
1742,85,1,0,0
1743,118,1,0,0
1744,44,1,0,0
1745,69,1,0,0
1746,78,1,0,0
1747,50,1,0,0
1748,46,1,0,0
1749,47,1,0,0
1750,91,1,0,0
1751,29,1,0,0
1752,76,1,0,0
1753,38,1,0,0
1754,24,1,0,0
1755,16,1,0,0
1756,64,1,0,0
1757,164,1,0,0
1758,134,1,0,0
1759,90,1,0,0
1760,142,1,0,0
1761,85,1,0,0
1762,55,1,0,0
1763,82,1,0,0
1764,350,1,0,0
1765,93,1,0,0
1766,62,1,0,0
1767,29,1,0,0
1768,72,1,0,0
1769,51,1,0,0
1770,109,1,0,0
1771,225,1,0,0
1772,79,1,0,0
1773,24,1,0,0
1774,53,1,0,0
1775,97,1,0,0
1776,40,1,0,0
1777,28,1,0,0
1778,111,1,0,0
1779,117,1,0,0
1780,131,1,0,0
1781,80,1,0,0
1782,140,1,0,0
1783,137,1,0,0
1784,44,1,0,0
1785,11,1,0,0
1786,61,1,0,0
1787,123,1,0,0
1788,35,1,0,0
1789,58,1,0,0
1790,31,1,0,0
1791,40,1,0,0
1792,43,1,0,0
1793,33,1,0,0
1794,55,1,0,0
1795,154,1,0,0
1796,67,1,0,0
1797,199,1,0,0
1798,59,1,0,0
1799,113,1,0,0
1800,182,1,0,0
1801,35,1,0,0
1802,37,1,0,0
1803,91,1,0,0
1804,31,1,0,0
1805,83,1,0,0
1806,61,1,0,0
1807,107,1,0,0
1808,94,1,0,0
1809,38,1,0,0
1810,31,1,0,0
1811,115,1,0,0
1812,116,1,0,0
1813,18,1,0,0
1814,43,1,0,0
1815,41,1,0,0
1816,35,1,0,0
1817,47,1,0,0
1818,15,1,0,0
1819,146,1,0,0
1820,104,1,0,0
1821,37,1,0,0
1822,7,1,0,0
1823,86,1,0,0
1824,52,1,0,0
1825,47,1,0,0
1826,55,1,0,0
1827,24,1,0,0
1828,226,1,0,0
1829,65,1,0,0
1830,38,1,0,0
1831,195,1,0,0
1832,61,1,0,0
1833,114,1,0,0
1834,69,1,0,0
1835,57,1,0,0
1836,17,1,0,0
1837,64,1,0,0
1838,90,1,0,0
1839,74,1,0,0
1840,87,1,0,0
1841,19,1,0,0
1842,247,1,0,0
1843,41,1,0,0
1844,193,1,0,0
1845,143,1,0,0
1846,74,1,0,0
1847,35,1,0,0
1848,91,1,0,0
1849,17,1,0,0
1850,45,1,0,0
1851,57,1,0,0
1852,37,1,0,0
1853,152,1,0,0
1854,23,1,0,0
1855,294,1,0,0
1856,26,1,0,0
1857,62,1,0,0
1858,120,1,0,0
1859,11,1,0,0
1860,96,1,0,0
1861,50,1,0,0
1862,41,1,0,0
1863,189,1,0,0
1864,56,1,0,0
1865,63,1,0,0
1866,123,1,0,0
1867,50,1,0,0
1868,14,1,0,0
1869,174,1,0,0
1870,17,1,0,0
1871,75,1,0,0
1872,112,1,0,0
1873,74,1,0,0
1874,17,1,0,0
1875,154,1,0,0
1876,85,1,0,0
1877,41,1,0,0
1878,47,1,0,0
1879,113,1,0,0
1880,67,1,0,0
1881,70,1,0,0
1882,11,1,0,0
1883,56,1,0,0
1884,30,1,0,0
1885,54,1,0,0
1886,132,1,0,0
1887,52,1,0,0
1888,79,1,0,0
1889,70,1,0,0
1890,107,1,0,0
1891,101,1,0,0
1892,84,1,0,0
1893,134,1,0,0
1894,65,1,0,0
1895,101,1,0,0
1896,112,1,0,0
1897,113,1,0,0
1898,84,1,0,0
1899,233,1,0,0
1900,68,1,0,0
1901,33,1,0,0
1902,33,1,0,0
1903,176,1,0,0
1904,47,1,0,0
1905,21,1,0,0
1906,84,1,0,0
1907,20,1,0,0
1908,79,1,0,0
1909,32,1,0,0
1910,76,1,0,0
1911,61,1,0,0
1912,12,1,0,0
1913,87,1,0,0
1914,48,1,0,0
1915,43,1,0,0
1916,36,1,0,0
1917,51,1,0,0
1918,96,1,0,0
1919,46,1,0,0
1920,60,1,0,0
1921,17,1,0,0
1922,73,1,0,0
1923,42,1,0,0
1924,56,1,0,0
1925,73,1,0,0
1926,41,1,0,0
1927,43,1,0,0
1928,51,1,0,0
1929,51,1,0,0
1930,121,1,0,0
1931,19,1,0,0
1932,28,1,0,0
1933,26,1,0,0
1934,38,1,0,0
1935,65,1,0,0
1936,11,1,0,0
1937,48,1,0,0
1938,23,1,0,0
1939,66,1,0,0
1940,116,1,0,0
1941,71,1,0,0
1942,90,1,0,0
1943,128,1,0,0
1944,78,1,0,0
1945,25,1,0,0
1946,51,1,0,0
1947,38,1,0,0
1948,63,1,0,0
1949,67,1,0,0
1950,64,1,0,0
1951,20,1,0,0
1952,45,1,0,0
1953,128,1,0,0
1954,29,1,0,0
1955,76,1,0,0
1956,24,1,0,0
1957,45,1,0,0
1958,118,1,0,0
1959,26,1,0,0
1960,21,1,0,0
1961,50,1,0,0
1962,101,1,0,0
1963,191,1,0,0
1964,65,1,0,0
1965,15,1,0,0
1966,138,1,0,0
1967,241,1,0,0
1968,73,1,0,0
1969,71,1,0,0
1970,49,1,0,0
1971,15,1,0,0
1972,171,1,0,0
1973,98,1,0,0
1974,34,1,0,0
1975,31,1,0,0
1976,65,1,0,0
1977,15,1,0,0
1978,93,1,0,0
1979,68,1,0,0
1980,30,1,0,0
1981,18,1,0,0
1982,15,1,0,0
1983,10,1,0,0
1984,113,1,0,0
1985,101,1,0,0
1986,81,1,0,0
1987,63,1,0,0
1988,91,1,0,0
1989,58,1,0,0
1990,229,1,0,0
1991,30,1,0,0
1992,150,1,0,0
1993,93,1,0,0
1994,169,1,0,0
1995,33,1,0,0
1996,122,1,0,0
1997,47,1,0,0
1998,93,1,0,0
1999,37,1,0,0
2000,151,1,0,0
2001,52,1,0,0
2002,54,1,0,0
2003,140,1,0,0
2004,73,1,0,0
2005,21,1,0,0
2006,31,1,0,0
2007,19,1,0,0
2008,64,1,0,0
2009,30,1,0,0
2010,200,1,0,0
2011,106,1,0,0
2012,52,1,0,0
2013,29,1,0,0
2014,93,1,0,0
2015,182,1,0,0
2016,68,1,0,0
2017,121,1,0,0
2018,30,1,0,0
2019,21,1,0,0
2020,38,1,0,0
2021,14,1,0,0
2022,111,1,0,0
2023,45,1,0,0
2024,79,1,0,0
2025,23,1,0,0
2026,93,1,0,0
2027,16,1,0,0
2028,327,1,0,0
2029,54,1,0,0
2030,62,1,0,0
2031,36,1,0,0
2032,51,1,0,0
2033,178,1,0,0
2034,17,1,0,0
2035,40,1,0,0
2036,55,1,0,0
2037,90,1,0,0
2038,59,1,0,0
2039,13,1,0,0
2040,38,1,0,0
2041,113,1,0,0
2042,85,1,0,0
2043,177,1,0,0
2044,51,1,0,0
2045,99,1,0,0
2046,53,1,0,0
2047,54,1,0,0
2048,79,1,0,0
2049,13,1,0,0
2050,105,1,0,0
2051,24,1,0,0
2052,70,1,0,0
2053,122,1,0,0
2054,17,1,0,0
2055,58,1,0,0
2056,92,1,0,0
2057,41,1,0,0
2058,36,1,0,0
2059,153,1,0,0
2060,19,1,0,0
2061,15,1,0,0
2062,22,1,0,0
2063,39,1,0,0
2064,94,1,0,0
2065,109,1,0,0
2066,81,1,0,0
2067,63,1,0,0
2068,179,1,0,0
2069,11,1,0,0
2070,93,1,0,0
2071,58,1,0,0
2072,71,1,0,0
2073,66,1,0,0
2074,94,1,0,0
2075,49,1,0,0
2076,106,1,0,0
2077,28,1,0,0
2078,28,1,0,0
2079,23,1,0,0
2080,101,1,0,0
2081,89,1,0,0
2082,20,1,0,0
2083,45,1,0,0
2084,31,1,0,0
2085,24,1,0,0
2086,59,1,0,0
2087,36,1,0,0
2088,24,1,0,0
2089,60,1,0,0
2090,27,1,0,0
2091,75,1,0,0
2092,53,1,0,0
2093,31,1,0,0
2094,113,1,0,0
2095,76,1,0,0
2096,29,1,0,0
2097,37,1,0,0
2098,62,1,0,0
2099,257,1,0,0
2100,117,1,0,0
2101,32,1,0,0
2102,72,1,0,0
2103,47,1,0,0
2104,77,1,0,0
2105,73,1,0,0
2106,161,1,0,0
2107,38,1,0,0
2108,16,1,0,0
2109,11,1,0,0
2110,144,1,0,0
2111,35,1,0,0
2112,45,1,0,0
2113,18,1,0,0
2114,110,1,0,0
2115,52,1,0,0
2116,101,1,0,0
2117,85,1,0,0
2118,87,1,0,0
2119,32,1,0,0
2120,81,1,0,0
2121,102,1,0,0
2122,101,1,0,0
2123,56,1,0,0
2124,29,1,0,0
2125,33,1,0,0
2126,26,1,0,0
2127,120,1,0,0
2128,21,1,0,0
2129,95,1,0,0
2130,25,1,0,0
2131,27,1,0,0
2132,12,1,0,0
2133,234,1,0,0
2134,132,1,0,0
2135,44,1,0,0
2136,16,1,0,0
2137,17,1,0,0
2138,81,1,0,0
2139,39,1,0,0
2140,85,1,0,0
2141,78,1,0,0
2142,19,1,0,0
2143,74,1,0,0
2144,137,1,0,0
2145,94,1,0,0
2146,66,1,0,0
2147,33,1,0,0
2148,197,1,0,0
2149,105,1,0,0
2150,56,1,0,0
2151,169,1,0,0
2152,36,1,0,0
2153,38,1,0,0
2154,37,1,0,0
2155,34,1,0,0
2156,38,1,0,0
2157,28,1,0,0
2158,87,1,0,0
2159,81,1,0,0
2160,12,1,0,0
2161,74,1,0,0
2162,38,1,0,0
2163,90,1,0,0
2164,64,1,0,0
2165,66,1,0,0
2166,38,1,0,0
2167,99,1,0,0
2168,38,1,0,0
2169,128,1,0,0
2170,42,1,0,0
2171,30,1,0,0
2172,15,1,0,0
2173,95,1,0,0
2174,57,1,0,0
2175,100,1,0,0
2176,137,1,0,0
2177,140,1,0,0
2178,127,1,0,0
2179,11,1,0,0
2180,15,1,0,0
2181,90,1,0,0
2182,28,1,0,0
2183,130,1,0,0
2184,16,1,0,0
2185,20,1,0,0
2186,110,1,0,0
2187,84,1,0,0
2188,92,1,0,0
2189,114,1,0,0
2190,95,1,0,0
2191,85,1,0,0
2192,41,1,0,0
2193,64,1,0,0
2194,90,1,0,0
2195,29,1,0,0
2196,68,1,0,0
2197,61,1,0,0
2198,25,1,0,0
2199,67,1,0,0
2200,42,1,0,0
2201,74,1,0,0
2202,57,1,0,0
2203,10,1,0,0
2204,52,1,0,0
2205,27,1,0,0
2206,68,1,0,0
2207,78,1,0,0
2208,69,1,0,0
2209,18,1,0,0
2210,119,1,0,0
2211,109,1,0,0
2212,49,1,0,0
2213,31,1,0,0
2214,24,1,0,0
2215,75,1,0,0
2216,152,1,0,0
2217,50,1,0,0
2218,85,1,0,0
2219,36,1,0,0
2220,112,1,0,0
2221,75,1,0,0
2222,112,1,0,0
2223,29,1,0,0
2224,11,1,0,0
2225,111,1,0,0
2226,90,1,0,0
2227,42,1,0,0
2228,67,1,0,0
2229,109,1,0,0
2230,121,1,0,0
2231,79,1,0,0
2232,92,1,0,0
2233,39,1,0,0
2234,100,1,0,0
2235,26,1,0,0
2236,102,1,0,0
2237,76,1,0,0
2238,56,1,0,0
2239,26,1,0,0
2240,118,1,0,0
2241,19,1,0,0
2242,111,1,0,0
2243,107,1,0,0
2244,118,1,0,0
2245,49,1,0,0
2246,29,1,0,0
2247,49,1,0,0
2248,71,1,0,0
2249,71,1,0,0
2250,75,1,0,0
2251,166,1,0,0
2252,178,1,0,0
2253,194,1,0,0
2254,23,1,0,0
2255,95,1,0,0
2256,68,1,0,0
2257,24,1,0,0
2258,65,1,0,0
2259,22,1,0,0
2260,48,1,0,0
2261,16,1,0,0
2262,65,1,0,0
2263,94,1,0,0
2264,72,1,0,0
2265,51,1,0,0
2266,54,1,0,0
2267,110,1,0,0
2268,168,1,0,0
2269,54,1,0,0
2270,105,1,0,0
2271,39,1,0,0
2272,12,1,0,0
2273,38,1,0,0
2274,315,1,0,0
2275,58,1,0,0
2276,16,1,0,0
2277,67,1,0,0
2278,103,1,0,0
2279,15,1,0,0
2280,73,1,0,0
2281,53,1,0,0
2282,159,1,0,0
2283,73,1,0,0
2284,71,1,0,0
2285,78,1,0,0
2286,77,1,0,0
2287,52,1,0,0
2288,27,1,0,0
2289,140,1,0,0
2290,148,1,0,0
2291,18,1,0,0
2292,107,1,0,0
2293,68,1,0,0
2294,119,1,0,0
2295,58,1,0,0
2296,76,1,0,0
2297,26,1,0,0
2298,201,1,0,0
2299,35,1,0,0
2300,152,1,0,0
2301,44,1,0,0
2302,45,1,0,0
2303,42,1,0,0
2304,180,1,0,0
2305,140,1,0,0
2306,48,1,0,0
2307,34,1,0,0
2308,66,1,0,0
2309,95,1,0,0
2310,76,1,0,0
2311,11,1,0,0
2312,193,1,0,0
2313,91,1,0,0
2314,78,1,0,0
2315,116,1,0,0
2316,23,1,0,0
2317,50,1,0,0
2318,83,1,0,0
2319,44,1,0,0
2320,61,1,0,0
2321,47,1,0,0
2322,100,1,0,0
2323,98,1,0,0
2324,185,1,0,0
2325,47,1,0,0
2326,32,1,0,0
2327,49,1,0,0
2328,148,1,0,0
2329,124,1,0,0
2330,127,1,0,0
2331,36,1,0,0
2332,86,1,0,0
2333,40,1,0,0
2334,213,1,0,0
2335,122,1,0,0
2336,93,1,0,0
2337,26,1,0,0
2338,86,1,0,0
2339,37,1,0,0
2340,32,1,0,0
2341,37,1,0,0
2342,133,1,0,0
2343,23,1,0,0
2344,37,1,0,0
2345,33,1,0,0
2346,147,1,0,0
2347,19,1,0,0
2348,15,1,0,0
2349,127,1,0,0
2350,20,1,0,0
2351,61,1,0,0
2352,37,1,0,0
2353,35,1,0,0
2354,110,1,0,0
2355,50,1,0,0
2356,41,1,0,0
2357,68,1,0,0
2358,132,1,0,0
2359,15,1,0,0
2360,30,1,0,0
2361,36,1,0,0
2362,103,1,0,0
2363,65,1,0,0
2364,27,1,0,0
2365,36,1,0,0
2366,56,1,0,0
2367,36,1,0,0
2368,52,1,0,0
2369,252,1,0,0
2370,61,1,0,0
2371,40,1,0,0
2372,35,1,0,0
2373,30,1,0,0
2374,74,1,0,0
2375,64,1,0,0
2376,12,1,0,0
2377,101,1,0,0
2378,44,1,0,0
2379,212,1,0,0
2380,64,1,0,0
2381,137,1,0,0
2382,35,1,0,0
2383,100,1,0,0
2384,127,1,0,0
2385,43,1,0,0
2386,115,1,0,0
2387,43,1,0,0
2388,95,1,0,0
2389,71,1,0,0
2390,93,1,0,0
2391,62,1,0,0
2392,72,1,0,0
2393,11,1,0,0
2394,42,1,0,0
2395,119,1,0,0
2396,40,1,0,0
2397,41,1,0,0
2398,87,1,0,0
2399,31,1,0,0
2400,102,1,0,0
2401,40,1,0,0
2402,16,1,0,0
2403,83,1,0,0
2404,35,1,0,0
2405,32,1,0,0
2406,69,1,0,0
2407,13,1,0,0
2408,43,1,0,0
2409,28,1,0,0
2410,22,1,0,0
2411,31,1,0,0
2412,132,1,0,0
2413,50,1,0,0
2414,83,1,0,0
2415,45,1,0,0
2416,112,1,0,0
2417,44,1,0,0
2418,158,1,0,0
2419,103,1,0,0
2420,191,1,0,0
2421,27,1,0,0
2422,49,1,0,0
2423,39,1,0,0
2424,160,1,0,0
2425,24,1,0,0
2426,121,1,0,0
2427,122,1,0,0
2428,38,1,0,0
2429,100,1,0,0
2430,27,1,0,0
2431,49,1,0,0
2432,47,1,0,0
2433,21,1,0,0
2434,85,1,0,0
2435,49,1,0,0
2436,35,1,0,0
2437,37,1,0,0
2438,57,1,0,0
2439,51,1,0,0
2440,70,1,0,0
2441,28,1,0,0
2442,52,1,0,0
2443,99,1,0,0
2444,44,1,0,0
2445,28,1,0,0
2446,162,1,0,0
2447,178,1,0,0
2448,51,1,0,0
2449,109,1,0,0
2450,114,1,0,0
2451,36,1,0,0
2452,66,1,0,0
2453,38,1,0,0
2454,63,1,0,0
2455,49,1,0,0
2456,69,1,0,0
2457,31,1,0,0
2458,119,1,0,0
2459,221,1,0,0
2460,67,1,0,0
2461,66,1,0,0
2462,31,1,0,0
2463,105,1,0,0
2464,17,1,0,0
2465,16,1,0,0
2466,26,1,0,0
2467,132,1,0,0
2468,97,1,0,0
2469,111,1,0,0
2470,64,1,0,0
2471,75,1,0,0
2472,49,1,0,0
2473,88,1,0,0
2474,117,1,0,0
2475,41,1,0,0
2476,28,1,0,0
2477,14,1,0,0
2478,68,1,0,0
2479,41,1,0,0
2480,27,1,0,0
2481,44,1,0,0
2482,66,1,0,0
2483,82,1,0,0
2484,128,1,0,0
2485,50,1,0,0
2486,19,1,0,0
2487,155,1,0,0
2488,33,1,0,0
2489,116,1,0,0
2490,23,1,0,0
2491,80,1,0,0
2492,21,1,0,0
2493,72,1,0,0
2494,63,1,0,0
2495,42,1,0,0
2496,44,1,0,0
2497,23,1,0,0
2498,192,1,0,0
2499,16,1,0,0
2500,95,1,0,0
2501,47,1,0,0
2502,14,1,0,0
2503,195,1,0,0
2504,35,1,0,0
2505,35,1,0,0
2506,15,1,0,0
2507,41,1,0,0
2508,133,1,0,0
2509,93,1,0,0
2510,24,1,0,0
2511,141,1,0,0
2512,28,1,0,0
2513,111,1,0,0
2514,97,1,0,0
2515,31,1,0,0
2516,160,1,0,0
2517,66,1,0,0
2518,82,1,0,0
2519,24,1,0,0
2520,96,1,0,0
2521,109,1,0,0
2522,19,1,0,0
2523,106,1,0,0
2524,22,1,0,0
2525,52,1,0,0
2526,83,1,0,0
2527,118,1,0,0
2528,39,1,0,0
2529,76,1,0,0
2530,88,1,0,0
2531,30,1,0,0
2532,69,1,0,0
2533,38,1,0,0
2534,14,1,0,0
2535,85,1,0,0
2536,67,1,0,0
2537,26,1,0,0
2538,26,1,0,0
2539,39,1,0,0
2540,87,1,0,0
2541,36,1,0,0
2542,61,1,0,0
2543,7,1,0,0
2544,14,1,0,0
2545,167,1,0,0
2546,67,1,0,0
2547,18,1,0,0
2548,110,1,0,0
2549,103,1,0,0
2550,152,1,0,0
2551,26,1,0,0
2552,83,1,0,0
2553,26,1,0,0
2554,50,1,0,0
2555,35,1,0,0
2556,84,1,0,0
2557,40,1,0,0
2558,154,1,0,0
2559,27,1,0,0
2560,82,1,0,0
2561,44,1,0,0
2562,79,1,0,0
2563,44,1,0,0
2564,38,1,0,0
2565,30,1,0,0
2566,17,1,0,0
2567,36,1,0,0
2568,23,1,0,0
2569,34,1,0,0
2570,36,1,0,0
2571,32,1,0,0
2572,43,1,0,0
2573,15,1,0,0
2574,35,1,0,0
2575,370,1,0,0
2576,72,1,0,0
2577,144,1,0,0
2578,31,1,0,0
2579,38,1,0,0
2580,62,1,0,0
2581,23,1,0,0
2582,147,1,0,0
2583,28,1,0,0
2584,44,1,0,0
2585,26,1,0,0
2586,21,1,0,0
2587,75,1,0,0
2588,213,1,0,0
2589,85,1,0,0
2590,115,1,0,0
2591,107,1,0,0
2592,181,1,0,0
2593,50,1,0,0
2594,136,1,0,0
2595,46,1,0,0
2596,109,1,0,0
2597,73,1,0,0
2598,18,1,0,0
2599,17,1,0,0
2600,57,1,0,0
2601,26,1,0,0
2602,21,1,0,0
2603,14,1,0,0
2604,51,1,0,0
2605,159,1,0,0
2606,68,1,0,0
2607,17,1,0,0
2608,146,1,0,0
2609,136,1,0,0
2610,33,1,0,0
2611,80,1,0,0
2612,10,1,0,0
2613,50,1,0,0
2614,20,1,0,0
2615,44,1,0,0
2616,116,1,0,0
2617,81,1,0,0
2618,21,1,0,0
2619,30,1,0,0
2620,93,1,0,0
2621,13,1,0,0
2622,25,1,0,0
2623,23,1,0,0
2624,50,1,0,0
2625,45,1,0,0
2626,61,1,0,0
2627,71,1,0,0
2628,135,1,0,0
2629,45,1,0,0
2630,86,1,0,0
2631,101,1,0,0
2632,92,1,0,0
2633,80,1,0,0
2634,114,1,0,0
2635,61,1,0,0
2636,52,1,0,0
2637,25,1,0,0
2638,62,1,0,0
2639,42,1,0,0
2640,220,1,0,0
2641,22,1,0,0
2642,64,1,0,0
2643,124,1,0,0
2644,218,1,0,0
2645,189,1,0,0
2646,157,1,0,0
2647,35,1,0,0
2648,52,1,0,0
2649,178,1,0,0
2650,62,1,0,0
2651,88,1,0,0
2652,77,1,0,0
2653,14,1,0,0
2654,81,1,0,0
2655,44,1,0,0
2656,95,1,0,0
2657,17,1,0,0
2658,67,1,0,0
2659,32,1,0,0
2660,102,1,0,0
2661,111,1,0,0
2662,62,1,0,0
2663,18,1,0,0
2664,143,1,0,0
2665,66,1,0,0
2666,91,1,0,0
2667,43,1,0,0
2668,107,1,0,0
2669,15,1,0,0
2670,81,1,0,0
2671,263,1,0,0
2672,46,1,0,0
2673,84,1,0,0
2674,69,1,0,0
2675,43,1,0,0
2676,25,1,0,0
2677,23,1,0,0
2678,95,1,0,0
2679,55,1,0,0
2680,38,1,0,0
2681,114,1,0,0
2682,59,1,0,0
2683,30,1,0,0
2684,81,1,0,0
2685,71,1,0,0
2686,74,1,0,0
2687,148,1,0,0
2688,45,1,0,0
2689,11,1,0,0
2690,102,1,0,0
2691,107,1,0,0
2692,88,1,0,0
2693,68,1,0,0
2694,147,1,0,0
2695,37,1,0,0
2696,118,1,0,0
2697,106,1,0,0
2698,11,1,0,0
2699,27,1,0,0
2700,177,1,0,0
2701,168,1,0,0
2702,77,1,0,0
2703,82,1,0,0
2704,19,1,0,0
2705,73,1,0,0
2706,95,1,0,0
2707,50,1,0,0
2708,18,1,0,0
2709,104,1,0,0
2710,59,1,0,0
2711,165,1,0,0
2712,67,1,0,0
2713,190,1,0,0
2714,109,1,0,0
2715,27,1,0,0
2716,15,1,0,0
2717,44,1,0,0
2718,113,1,0,0
2719,95,1,0,0
2720,72,1,0,0
2721,20,1,0,0
2722,153,1,0,0
2723,55,1,0,0
2724,247,1,0,0
2725,59,1,0,0
2726,110,1,0,0
2727,31,1,0,0
2728,60,1,0,0
2729,212,1,0,0
2730,127,1,0,0
2731,33,1,0,0
2732,49,1,0,0
2733,104,1,0,0
2734,68,1,0,0
2735,30,1,0,0
2736,31,1,0,0
2737,125,1,0,0
2738,158,1,0,0
2739,23,1,0,0
2740,50,1,0,0
2741,85,1,0,0
2742,42,1,0,0
2743,30,1,0,0
2744,222,1,0,0
2745,57,1,0,0
2746,28,1,0,0
2747,61,1,0,0
2748,63,1,0,0
2749,93,1,0,0
2750,88,1,0,0
2751,101,1,0,0
2752,49,1,0,0
2753,171,1,0,0
2754,36,1,0,0
2755,148,1,0,0
2756,46,1,0,0
2757,30,1,0,0
2758,41,1,0,0
2759,105,1,0,0
2760,47,1,0,0
2761,86,1,0,0
2762,173,1,0,0
2763,139,1,0,0
2764,26,1,0,0
2765,15,1,0,0
2766,164,1,0,0
2767,178,1,0,0
2768,45,1,0,0
2769,142,1,0,0
2770,113,1,0,0
2771,85,1,0,0
2772,40,1,0,0
2773,26,1,0,0
2774,27,1,0,0
2775,159,1,0,0
2776,86,1,0,0
2777,107,1,0,0
2778,50,1,0,0
2779,105,1,0,0
2780,175,1,0,0
2781,50,1,0,0
2782,80,1,0,0
2783,44,1,0,0
2784,81,1,0,0
2785,40,1,0,0
2786,48,1,0,0
2787,115,1,0,0
2788,79,1,0,0
2789,98,1,0,0
2790,40,1,0,0
2791,13,1,0,0
2792,102,1,0,0
2793,50,1,0,0
2794,108,1,0,0
2795,40,1,0,0
2796,107,1,0,0
2797,142,1,0,0
2798,74,1,0,0
2799,27,1,0,0
2800,53,1,0,0
2801,46,1,0,0
2802,39,1,0,0
2803,142,1,0,0
2804,100,1,0,0
2805,68,1,0,0
2806,179,1,0,0
2807,102,1,0,0
2808,57,1,0,0
2809,110,1,0,0
2810,33,1,0,0
2811,60,1,0,0
2812,28,1,0,0
2813,137,1,0,0
2814,112,1,0,0
2815,21,1,0,0
2816,118,1,0,0
2817,35,1,0,0
2818,22,1,0,0
2819,155,1,0,0
2820,90,1,0,0
2821,43,1,0,0
2822,125,1,0,0
2823,225,1,0,0
2824,55,1,0,0
2825,33,1,0,0
2826,87,1,0,0
2827,65,1,0,0
2828,28,1,0,0
2829,144,1,0,0
2830,74,1,0,0
2831,33,1,0,0
2832,22,1,0,0
2833,80,1,0,0
2834,145,1,0,0
2835,19,1,0,0
2836,30,1,0,0
2837,62,1,0,0
2838,58,1,0,0
2839,221,1,0,0
2840,17,1,0,0
2841,11,1,0,0
2842,44,1,0,0
2843,32,1,0,0
2844,14,1,0,0
2845,35,1,0,0
2846,21,1,0,0
2847,39,1,0,0
2848,36,1,0,0
2849,103,1,0,0
2850,38,1,0,0
2851,64,1,0,0
2852,52,1,0,0
2853,57,1,0,0
2854,135,1,0,0
2855,12,1,0,0
2856,24,1,0,0
2857,39,1,0,0
2858,165,1,0,0
2859,52,1,0,0
2860,23,1,0,0
2861,103,1,0,0
2862,71,1,0,0
2863,40,1,0,0
2864,48,1,0,0
2865,20,1,0,0
2866,25,1,0,0
2867,85,1,0,0
2868,85,1,0,0
2869,83,1,0,0
2870,40,1,0,0
2871,48,1,0,0
2872,142,1,0,0
2873,74,1,0,0
2874,63,1,0,0
2875,76,1,0,0
2876,28,1,0,0
2877,122,1,0,0
2878,45,1,0,0
2879,24,1,0,0
2880,143,1,0,0
2881,76,1,0,0
2882,64,1,0,0
2883,23,1,0,0
2884,42,1,0,0
2885,25,1,0,0
2886,316,1,0,0
2887,20,1,0,0
2888,37,1,0,0
2889,91,1,0,0
2890,44,1,0,0
2891,58,1,0,0
2892,9,1,0,0
2893,26,1,0,0
2894,132,1,0,0
2895,117,1,0,0
2896,49,1,0,0
2897,117,1,0,0
2898,105,1,0,0
2899,117,1,0,0
2900,31,1,0,0
2901,11,1,0,0
2902,25,1,0,0
2903,78,1,0,0
2904,32,1,0,0
2905,35,1,0,0
2906,106,1,0,0
2907,102,1,0,0
2908,89,1,0,0
2909,112,1,0,0
2910,97,1,0,0
2911,39,1,0,0
2912,148,1,0,0
2913,14,1,0,0
2914,37,1,0,0
2915,125,1,0,0
2916,66,1,0,0
2917,72,1,0,0
2918,15,1,0,0
2919,18,1,0,0
2920,40,1,0,0
2921,62,1,0,0
2922,84,1,0,0
2923,24,1,0,0
2924,29,1,0,0
2925,96,1,0,0
2926,48,1,0,0
2927,34,1,0,0
2928,30,1,0,0
2929,23,1,0,0
2930,101,1,0,0
2931,38,1,0,0
2932,72,1,0,0
2933,19,1,0,0
2934,72,1,0,0
2935,161,1,0,0
2936,166,1,0,0
2937,106,1,0,0
2938,51,1,0,0
2939,81,1,0,0
2940,18,1,0,0
2941,23,1,0,0
2942,54,1,0,0
2943,85,1,0,0
2944,194,1,0,0
2945,77,1,0,0
2946,175,1,0,0
2947,44,1,0,0
2948,120,1,0,0
2949,21,1,0,0
2950,85,1,0,0
2951,18,1,0,0
2952,56,1,0,0
2953,21,1,0,0
2954,23,1,0,0
2955,113,1,0,0
2956,8,1,0,0
2957,50,1,0,0
2958,41,1,0,0
2959,94,1,0,0
2960,33,1,0,0
2961,27,1,0,0
2962,34,1,0,0
2963,49,1,0,0
2964,77,1,0,0
2965,141,1,0,0
2966,79,1,0,0
2967,24,1,0,0
2968,55,1,0,0
2969,41,1,0,0
2970,10,1,0,0
2971,30,1,0,0
2972,32,1,0,0
2973,65,1,0,0
2974,23,1,0,0
2975,59,1,0,0
2976,88,1,0,0
2977,108,1,0,0
2978,45,1,0,0
2979,44,1,0,0
2980,75,1,0,0
2981,37,1,0,0
2982,115,1,0,0
2983,25,1,0,0
2984,85,1,0,0
2985,53,1,0,0
2986,363,1,0,0
2987,53,1,0,0
2988,74,1,0,0
2989,110,1,0,0
2990,48,1,0,0
2991,82,1,0,0
2992,56,1,0,0
2993,143,1,0,0
2994,82,1,0,0
2995,132,1,0,0
2996,89,1,0,0
2997,31,1,0,0
2998,27,1,0,0
2999,29,1,0,0
3000,83,1,0,0
3001,67,1,0,0
3002,30,1,0,0
3003,47,1,0,0
3004,23,1,0,0
3005,42,1,0,0
3006,65,1,0,0
3007,56,1,0,0
3008,61,1,0,0
3009,122,1,0,0
3010,64,1,0,0
3011,218,1,0,0
3012,22,1,0,0
3013,43,1,0,0
3014,41,1,0,0
3015,59,1,0,0
3016,58,1,0,0
3017,147,1,0,0
3018,31,1,0,0
3019,49,1,0,0
3020,128,1,0,0
3021,24,1,0,0
3022,20,1,0,0
3023,14,1,0,0
3024,45,1,0,0
3025,53,1,0,0
3026,44,1,0,0
3027,30,1,0,0
3028,42,1,0,0
3029,126,1,0,0
3030,22,1,0,0
3031,124,1,0,0
3032,64,1,0,0
3033,64,1,0,0
3034,68,1,0,0
3035,60,1,0,0
3036,163,1,0,0
3037,70,1,0,0
3038,102,1,0,0
3039,69,1,0,0
3040,55,1,0,0
3041,34,1,0,0
3042,57,1,0,0
3043,55,1,0,0
3044,73,1,0,0
3045,64,1,0,0
3046,113,1,0,0
3047,33,1,0,0
3048,89,1,0,0
3049,115,1,0,0
3050,74,1,0,0
3051,75,1,0,0
3052,93,1,0,0
3053,90,1,0,0
3054,54,1,0,0
3055,28,1,0,0
3056,21,1,0,0
3057,62,1,0,0
3058,19,1,0,0
3059,80,1,0,0
3060,53,1,0,0
3061,132,1,0,0
3062,94,1,0,0
3063,21,1,0,0
3064,183,1,0,0
3065,31,1,0,0
3066,105,1,0,0
3067,151,1,0,0
3068,14,1,0,0
3069,117,1,0,0
3070,136,1,0,0
3071,25,1,0,0
3072,65,1,0,0
3073,72,1,0,0
3074,78,1,0,0
3075,73,1,0,0
3076,60,1,0,0
3077,70,1,0,0
3078,36,1,0,0
3079,22,1,0,0
3080,26,1,0,0
3081,48,1,0,0
3082,32,1,0,0
3083,45,1,0,0
3084,24,1,0,0
3085,110,1,0,0
3086,33,1,0,0
3087,170,1,0,0
3088,32,1,0,0
3089,50,1,0,0
3090,73,1,0,0
3091,44,1,0,0
3092,150,1,0,0
3093,186,1,0,0
3094,303,1,0,0
3095,82,1,0,0
3096,146,1,0,0
3097,14,1,0,0
3098,59,1,0,0
3099,17,1,0,0
3100,15,1,0,0
3101,76,1,0,0
3102,100,1,0,0
3103,150,1,0,0
3104,57,1,0,0
3105,34,1,0,0
3106,156,1,0,0
3107,33,1,0,0
3108,118,1,0,0
3109,31,1,0,0
3110,39,1,0,0
3111,102,1,0,0
3112,44,1,0,0
3113,22,1,0,0
3114,113,1,0,0
3115,50,1,0,0
3116,64,1,0,0
3117,86,1,0,0
3118,71,1,0,0
3119,77,1,0,0
3120,34,1,0,0
3121,53,1,0,0
3122,23,1,0,0
3123,49,1,0,0
3124,126,1,0,0
3125,50,1,0,0
3126,56,1,0,0
3127,63,1,0,0
3128,48,1,0,0
3129,105,1,0,0
3130,127,1,0,0
3131,154,1,0,0
3132,91,1,0,0
3133,59,1,0,0
3134,29,1,0,0
3135,12,1,0,0
3136,56,1,0,0
3137,15,1,0,0
3138,119,1,0,0
3139,36,1,0,0
3140,135,1,0,0
3141,54,1,0,0
3142,58,1,0,0
3143,38,1,0,0
3144,44,1,0,0
3145,134,1,0,0
3146,45,1,0,0
3147,69,1,0,0
3148,165,1,0,0
3149,57,1,0,0
3150,26,1,0,0
3151,35,1,0,0
3152,9,1,0,0
3153,93,1,0,0
3154,55,1,0,0
3155,54,1,0,0
3156,98,1,0,0
3157,216,1,0,0
3158,39,1,0,0
3159,82,1,0,0
3160,39,1,0,0
3161,118,1,0,0
3162,44,1,0,0
3163,11,1,0,0
3164,63,1,0,0
3165,59,1,0,0
3166,48,1,0,0
3167,105,1,0,0
3168,31,1,0,0
3169,17,1,0,0
3170,37,1,0,0
3171,65,1,0,0
3172,35,1,0,0
3173,56,1,0,0
3174,67,1,0,0
3175,97,1,0,0
3176,14,1,0,0
3177,43,1,0,0
3178,64,1,0,0
3179,63,1,0,0
3180,87,1,0,0
3181,33,1,0,0
3182,36,1,0,0
3183,11,1,0,0
3184,151,1,0,0
3185,25,1,0,0
3186,21,1,0,0
3187,50,1,0,0
3188,101,1,0,0
3189,69,1,0,0
3190,76,1,0,0
3191,58,1,0,0
3192,77,1,0,0
3193,273,1,0,0
3194,60,1,0,0
3195,35,1,0,0
3196,44,1,0,0
3197,91,1,0,0
3198,48,1,0,0
3199,41,1,0,0
3200,37,1,0,0
3201,60,1,0,0
3202,111,1,0,0
3203,19,1,0,0
3204,25,1,0,0
3205,29,1,0,0
3206,148,1,0,0
3207,49,1,0,0
3208,64,1,0,0
3209,110,1,0,0
3210,46,1,0,0
3211,40,1,0,0
3212,44,1,0,0
3213,43,1,0,0
3214,47,1,0,0
3215,50,1,0,0
3216,142,1,0,0
3217,74,1,0,0
3218,87,1,0,0
3219,32,1,0,0
3220,90,1,0,0
3221,27,1,0,0
3222,26,1,0,0
3223,38,1,0,0
3224,76,1,0,0
3225,10,1,0,0
3226,43,1,0,0
3227,68,1,0,0
3228,58,1,0,0
3229,209,1,0,0
3230,19,1,0,0
3231,30,1,0,0
3232,19,1,0,0
3233,94,1,0,0
3234,103,1,0,0
3235,42,1,0,0
3236,71,1,0,0
3237,85,1,0,0
3238,15,1,0,0
3239,32,1,0,0
3240,73,1,0,0
3241,67,1,0,0
3242,92,1,0,0
3243,33,1,0,0
3244,33,1,0,0
3245,165,1,0,0
3246,70,1,0,0
3247,135,1,0,0
3248,34,1,0,0
3249,46,1,0,0
3250,206,1,0,0
3251,57,1,0,0
3252,80,1,0,0
3253,23,1,0,0
3254,59,1,0,0
3255,92,1,0,0
3256,64,1,0,0
3257,40,1,0,0
3258,69,1,0,0
3259,13,1,0,0
3260,84,1,0,0
3261,13,1,0,0
3262,58,1,0,0
3263,35,1,0,0
3264,33,1,0,0
3265,148,1,0,0
3266,32,1,0,0
3267,45,1,0,0
3268,32,1,0,0
3269,72,1,0,0
3270,29,1,0,0
3271,60,1,0,0
3272,86,1,0,0
3273,63,1,0,0
3274,27,1,0,0
3275,35,1,0,0
3276,160,1,0,0
3277,60,1,0,0
3278,65,1,0,0
3279,114,1,0,0
3280,105,1,0,0
3281,76,1,0,0
3282,97,1,0,0
3283,44,1,0,0
3284,93,1,0,0
3285,95,1,0,0
3286,34,1,0,0
3287,40,1,0,0
3288,48,1,0,0
3289,105,1,0,0
3290,49,1,0,0
3291,35,1,0,0
3292,42,1,0,0
3293,9,1,0,0
3294,75,1,0,0
3295,46,1,0,0
3296,68,1,0,0
3297,169,1,0,0
3298,91,1,0,0
3299,46,1,0,0
3300,50,1,0,0
3301,40,1,0,0
3302,114,1,0,0
3303,19,1,0,0
3304,85,1,0,0
3305,120,1,0,0
3306,88,1,0,0
3307,209,1,0,0
3308,26,1,0,0
3309,118,1,0,0
3310,147,1,0,0
3311,26,1,0,0
3312,63,1,0,0
3313,20,1,0,0
3314,46,1,0,0
3315,144,1,0,0
3316,20,1,0,0
3317,32,1,0,0
3318,132,1,0,0
3319,34,1,0,0
3320,46,1,0,0
3321,58,1,0,0
3322,143,1,0,0
3323,25,1,0,0
3324,45,1,0,0
3325,21,1,0,0
3326,17,1,0,0
3327,113,1,0,0
3328,104,1,0,0
3329,32,1,0,0
3330,20,1,0,0
3331,36,1,0,0
3332,102,1,0,0
3333,63,1,0,0
3334,37,1,0,0
3335,64,1,0,0
3336,81,1,0,0
3337,97,1,0,0
3338,37,1,0,0
3339,95,1,0,0
3340,60,1,0,0
3341,112,1,0,0
3342,50,1,0,0
3343,45,1,0,0
3344,31,1,0,0
3345,15,1,0,0
3346,51,1,0,0
3347,92,1,0,0
3348,78,1,0,0
3349,21,1,0,0
3350,90,1,0,0
3351,77,1,0,0
3352,130,1,0,0
3353,45,1,0,0
3354,218,1,0,0
3355,90,1,0,0
3356,11,1,0,0
3357,47,1,0,0
3358,84,1,0,0
3359,20,1,0,0
3360,76,1,0,0
3361,64,1,0,0
3362,60,1,0,0
3363,119,1,0,0
3364,30,1,0,0
3365,112,1,0,0
3366,65,1,0,0
3367,105,1,0,0
3368,62,1,0,0
3369,82,1,0,0
3370,166,1,0,0
3371,127,1,0,0
3372,39,1,0,0
3373,29,1,0,0
3374,174,1,0,0
3375,47,1,0,0
3376,64,1,0,0
3377,37,1,0,0
3378,11,1,0,0
3379,88,1,0,0
3380,72,1,0,0
3381,78,1,0,0
3382,92,1,0,0
3383,69,1,0,0
3384,199,1,0,0
3385,36,1,0,0
3386,73,1,0,0
3387,145,1,0,0
3388,85,1,0,0
3389,26,1,0,0
3390,10,1,0,0
3391,52,1,0,0
3392,87,1,0,0
3393,42,1,0,0
3394,22,1,0,0
3395,66,1,0,0
3396,111,1,0,0
3397,49,1,0,0
3398,89,1,0,0
3399,180,1,0,0
3400,44,1,0,0
3401,116,1,0,0
3402,100,1,0,0
3403,40,1,0,0
3404,74,1,0,0
3405,75,1,0,0
3406,19,1,0,0
3407,159,1,0,0
3408,31,1,0,0
3409,170,1,0,0
3410,45,1,0,0
3411,19,1,0,0
3412,59,1,0,0
3413,159,1,0,0
3414,50,1,0,0
3415,59,1,0,0
3416,136,1,0,0
3417,44,1,0,0
3418,66,1,0,0
3419,30,1,0,0
3420,30,1,0,0
3421,93,1,0,0
3422,65,1,0,0
3423,86,1,0,0
3424,82,1,0,0
3425,74,1,0,0
3426,114,1,0,0
3427,65,1,0,0
3428,40,1,0,0
3429,93,1,0,0
3430,104,1,0,0
3431,66,1,0,0
3432,39,1,0,0
3433,92,1,0,0
3434,24,1,0,0
3435,66,1,0,0
3436,156,1,0,0
3437,22,1,0,0
3438,52,1,0,0
3439,55,1,0,0
3440,113,1,0,0
3441,70,1,0,0
3442,120,1,0,0
3443,219,1,0,0
3444,25,1,0,0
3445,92,1,0,0
3446,132,1,0,0
3447,20,1,0,0
3448,20,1,0,0
3449,122,1,0,0
3450,176,1,0,0
3451,120,1,0,0
3452,112,1,0,0
3453,67,1,0,0
3454,50,1,0,0
3455,190,1,0,0
3456,36,1,0,0
3457,20,1,0,0
3458,128,1,0,0
3459,74,1,0,0
3460,98,1,0,0
3461,49,1,0,0
3462,19,1,0,0
3463,16,1,0,0
3464,86,1,0,0
3465,69,1,0,0
3466,29,1,0,0
3467,44,1,0,0
3468,165,1,0,0
3469,26,1,0,0
3470,69,1,0,0
3471,49,1,0,0
3472,107,1,0,0
3473,92,1,0,0
3474,43,1,0,0
3475,85,1,0,0
3476,51,1,0,0
3477,72,1,0,0
3478,69,1,0,0
3479,9,1,0,0
3480,248,1,0,0
3481,76,1,0,0
3482,173,1,0,0
3483,190,1,0,0
3484,47,1,0,0
3485,131,1,0,0
3486,70,1,0,0
3487,124,1,0,0
3488,89,1,0,0
3489,31,1,0,0
3490,60,1,0,0
3491,112,1,0,0
3492,104,1,0,0
3493,73,1,0,0
3494,50,1,0,0
3495,48,1,0,0
3496,33,1,0,0
3497,30,1,0,0
3498,219,1,0,0
3499,83,1,0,0
3500,13,1,0,0
3501,42,1,0,0
3502,43,1,0,0
3503,49,1,0,0
3504,84,1,0,0
3505,117,1,0,0
3506,155,1,0,0
3507,171,1,0,0
3508,111,1,0,0
3509,228,1,0,0
3510,55,1,0,0
3511,101,1,0,0
3512,147,1,0,0
3513,119,1,0,0
3514,72,1,0,0
3515,90,1,0,0
3516,144,1,0,0
3517,59,1,0,0
3518,62,1,0,0
3519,17,1,0,0
3520,87,1,0,0
3521,67,1,0,0
3522,91,1,0,0
3523,72,1,0,0
3524,58,1,0,0
3525,9,1,0,0
3526,35,1,0,0
3527,25,1,0,0
3528,33,1,0,0
3529,9,1,0,0
3530,33,1,0,0
3531,19,1,0,0
3532,341,1,0,0
3533,107,1,0,0
3534,81,1,0,0
3535,47,1,0,0
3536,62,1,0,0
3537,26,1,0,0
3538,102,1,0,0
3539,51,1,0,0
3540,90,1,0,0
3541,126,1,0,0
3542,88,1,0,0
3543,32,1,0,0
3544,23,1,0,0
3545,31,1,0,0
3546,20,1,0,0
3547,56,1,0,0
3548,13,1,0,0
3549,54,1,0,0
3550,16,1,0,0
3551,107,1,0,0
3552,60,1,0,0
3553,17,1,0,0
3554,45,1,0,0
3555,49,1,0,0
3556,20,1,0,0
3557,75,1,0,0
3558,69,1,0,0
3559,26,1,0,0
3560,38,1,0,0
3561,192,1,0,0
3562,83,1,0,0
3563,23,1,0,0
3564,57,1,0,0
3565,36,1,0,0
3566,120,1,0,0
3567,21,1,0,0
3568,69,1,0,0
3569,27,1,0,0
3570,313,1,0,0
3571,45,1,0,0
3572,178,1,0,0
3573,65,1,0,0
3574,174,1,0,0
3575,95,1,0,0
3576,43,1,0,0
3577,41,1,0,0
3578,62,1,0,0
3579,12,1,0,0
3580,19,1,0,0
3581,118,1,0,0
3582,36,1,0,0
3583,24,1,0,0
3584,76,1,0,0
3585,30,1,0,0
3586,20,1,0,0
3587,45,1,0,0
3588,98,1,0,0
3589,90,1,0,0
3590,141,1,0,0
3591,33,1,0,0
3592,100,1,0,0
3593,29,1,0,0
3594,81,1,0,0
3595,25,1,0,0
3596,124,1,0,0
3597,52,1,0,0
3598,216,1,0,0
3599,60,1,0,0
3600,35,1,0,0
3601,41,1,0,0
3602,108,1,0,0
3603,41,1,0,0
3604,134,1,0,0
3605,48,1,0,0
3606,92,1,0,0
3607,57,1,0,0
3608,74,1,0,0
3609,130,1,0,0
3610,39,1,0,0
3611,62,1,0,0
3612,154,1,0,0
3613,104,1,0,0
3614,40,1,0,0
3615,13,1,0,0
3616,12,1,0,0
3617,154,1,0,0
3618,31,1,0,0
3619,87,1,0,0
3620,36,1,0,0
3621,37,1,0,0
3622,43,1,0,0
3623,32,1,0,0
3624,37,1,0,0
3625,226,1,0,0
3626,33,1,0,0
3627,49,1,0,0
3628,83,1,0,0
3629,104,1,0,0
3630,28,1,0,0
3631,69,1,0,0
3632,68,1,0,0
3633,153,1,0,0
3634,106,1,0,0
3635,20,1,0,0
3636,43,1,0,0
3637,32,1,0,0
3638,88,1,0,0
3639,65,1,0,0
3640,51,1,0,0
3641,112,1,0,0
3642,47,1,0,0
3643,69,1,0,0
3644,16,1,0,0
3645,141,1,0,0
3646,36,1,0,0
3647,44,1,0,0
3648,63,1,0,0
3649,32,1,0,0
3650,47,1,0,0
3651,130,1,0,0
3652,150,1,0,0
3653,77,1,0,0
3654,19,1,0,0
3655,37,1,0,0
3656,131,1,0,0
3657,108,1,0,0
3658,27,1,0,0
3659,81,1,0,0
3660,97,1,0,0
3661,169,1,0,0
3662,47,1,0,0
3663,116,1,0,0
3664,38,1,0,0
3665,98,1,0,0
3666,79,1,0,0
3667,34,1,0,0
3668,15,1,0,0
3669,27,1,0,0
3670,36,1,0,0
3671,184,1,0,0
3672,79,1,0,0
3673,28,1,0,0
3674,65,1,0,0
3675,97,1,0,0
3676,76,1,0,0
3677,27,1,0,0
3678,52,1,0,0
3679,46,1,0,0
3680,28,1,0,0
3681,115,1,0,0
3682,79,1,0,0
3683,90,1,0,0
3684,27,1,0,0
3685,45,1,0,0
3686,43,1,0,0
3687,37,1,0,0
3688,43,1,0,0
3689,106,1,0,0
3690,139,1,0,0
3691,59,1,0,0
3692,148,1,0,0
3693,57,1,0,0
3694,20,1,0,0
3695,296,1,0,0
3696,47,1,0,0
3697,163,1,0,0
3698,119,1,0,0
3699,59,1,0,0
3700,20,1,0,0
3701,155,1,0,0
3702,195,1,0,0
3703,40,1,0,0
3704,52,1,0,0
3705,51,1,0,0
3706,36,1,0,0
3707,47,1,0,0
3708,121,1,0,0
3709,71,1,0,0
3710,52,1,0,0
3711,32,1,0,0
3712,103,1,0,0
3713,60,1,0,0
3714,145,1,0,0
3715,107,1,0,0
3716,57,1,0,0
3717,64,1,0,0
3718,46,1,0,0
3719,119,1,0,0
3720,32,1,0,0
3721,53,1,0,0
3722,9,1,0,0
3723,86,1,0,0
3724,29,1,0,0
3725,53,1,0,0
3726,8,1,0,0
3727,48,1,0,0
3728,29,1,0,0
3729,19,1,0,0
3730,60,1,0,0
3731,68,1,0,0
3732,96,1,0,0
3733,91,1,0,0
3734,80,1,0,0
3735,41,1,0,0
3736,170,1,0,0
3737,24,1,0,0
3738,13,1,0,0
3739,309,1,0,0
3740,26,1,0,0
3741,164,1,0,0
3742,45,1,0,0
3743,35,1,0,0
3744,119,1,0,0
3745,55,1,0,0
3746,29,1,0,0
3747,47,1,0,0
3748,29,1,0,0
3749,32,1,0,0
3750,56,1,0,0
3751,93,1,0,0
3752,30,1,0,0
3753,131,1,0,0
3754,122,1,0,0
3755,108,1,0,0
3756,39,1,0,0
3757,74,1,0,0
3758,25,1,0,0
3759,19,1,0,0
3760,138,1,0,0
3761,36,1,0,0
3762,151,1,0,0
3763,74,1,0,0
3764,31,1,0,0
3765,70,1,0,0
3766,65,1,0,0
3767,44,1,0,0
3768,18,1,0,0
3769,119,1,0,0
3770,41,1,0,0
3771,43,1,0,0
3772,33,1,0,0
3773,107,1,0,0
3774,31,1,0,0
3775,39,1,0,0
3776,36,1,0,0
3777,56,1,0,0
3778,69,1,0,0
3779,8,1,0,0
3780,44,1,0,0
3781,162,1,0,0
3782,88,1,0,0
3783,84,1,0,0
3784,97,1,0,0
3785,15,1,0,0
3786,23,1,0,0
3787,36,1,0,0
3788,53,1,0,0
3789,29,1,0,0
3790,45,1,0,0
3791,49,1,0,0
3792,44,1,0,0
3793,47,1,0,0
3794,292,1,0,0
3795,50,1,0,0
3796,90,1,0,0
3797,25,1,0,0
3798,42,1,0,0
3799,76,1,0,0
3800,265,1,0,0
3801,66,1,0,0
3802,35,1,0,0
3803,42,1,0,0
3804,37,1,0,0
3805,19,1,0,0
3806,80,1,0,0
3807,12,1,0,0
3808,73,1,0,0
3809,44,1,0,0
3810,35,1,0,0
3811,33,1,0,0
3812,109,1,0,0
3813,89,1,0,0
3814,49,1,0,0
3815,23,1,0,0
3816,24,1,0,0
3817,19,1,0,0
3818,101,1,0,0
3819,25,1,0,0
3820,51,1,0,0
3821,38,1,0,0
3822,34,1,0,0
3823,27,1,0,0
3824,29,1,0,0
3825,62,1,0,0
3826,157,1,0,0
3827,31,1,0,0
3828,16,1,0,0
3829,64,1,0,0
3830,76,1,0,0
3831,53,1,0,0
3832,75,1,0,0
3833,7,1,0,0
3834,19,1,0,0
3835,82,1,0,0
3836,92,1,0,0
3837,38,1,0,0
3838,37,1,0,0
3839,35,1,0,0
3840,34,1,0,0
3841,88,1,0,0
3842,48,1,0,0
3843,43,1,0,0
3844,146,1,0,0
3845,91,1,0,0
3846,55,1,0,0
3847,26,1,0,0
3848,64,1,0,0
3849,58,1,0,0
3850,12,1,0,0
3851,127,1,0,0
3852,43,1,0,0
3853,136,1,0,0
3854,91,1,0,0
3855,66,1,0,0
3856,116,1,0,0
3857,41,1,0,0
3858,111,1,0,0
3859,160,1,0,0
3860,12,1,0,0
3861,9,1,0,0
3862,45,1,0,0
3863,55,1,0,0
3864,89,1,0,0
3865,24,1,0,0
3866,96,1,0,0
3867,55,1,0,0
3868,156,1,0,0
3869,65,1,0,0
3870,53,1,0,0
3871,21,1,0,0
3872,46,1,0,0
3873,32,1,0,0
3874,78,1,0,0
3875,22,1,0,0
3876,129,1,0,0
3877,146,1,0,0
3878,62,1,0,0
3879,54,1,0,0
3880,58,1,0,0
3881,76,1,0,0
3882,67,1,0,0
3883,35,1,0,0
3884,114,1,0,0
3885,41,1,0,0
3886,87,1,0,0
3887,66,1,0,0
3888,31,1,0,0
3889,160,1,0,0
3890,20,1,0,0
3891,82,1,0,0
3892,39,1,0,0
3893,136,1,0,0
3894,33,1,0,0
3895,30,1,0,0
3896,46,1,0,0
3897,123,1,0,0
3898,78,1,0,0
3899,50,1,0,0
3900,25,1,0,0
3901,66,1,0,0
3902,81,1,0,0
3903,47,1,0,0
3904,127,1,0,0
3905,18,1,0,0
3906,23,1,0,0
3907,100,1,0,0
3908,160,1,0,0
3909,43,1,0,0
3910,150,1,0,0
3911,53,1,0,0
3912,56,1,0,0
3913,98,1,0,0
3914,108,1,0,0
3915,139,1,0,0
3916,87,1,0,0
3917,303,1,0,0
3918,20,1,0,0
3919,56,1,0,0
3920,53,1,0,0
3921,102,1,0,0
3922,15,1,0,0
3923,82,1,0,0
3924,25,1,0,0
3925,17,1,0,0
3926,76,1,0,0
3927,145,1,0,0
3928,78,1,0,0
3929,71,1,0,0
3930,16,1,0,0
3931,127,1,0,0
3932,55,1,0,0
3933,17,1,0,0
3934,60,1,0,0
3935,84,1,0,0
3936,24,1,0,0
3937,68,1,0,0
3938,55,1,0,0
3939,12,1,0,0
3940,78,1,0,0
3941,35,1,0,0
3942,39,1,0,0
3943,38,1,0,0
3944,56,1,0,0
3945,11,1,0,0
3946,60,1,0,0
3947,59,1,0,0
3948,47,1,0,0
3949,102,1,0,0
3950,14,1,0,0
3951,33,1,0,0
3952,35,1,0,0
3953,222,1,0,0
3954,37,1,0,0
3955,27,1,0,0
3956,17,1,0,0
3957,43,1,0,0
3958,39,1,0,0
3959,73,1,0,0
3960,112,1,0,0
3961,19,1,0,0
3962,37,1,0,0
3963,104,1,0,0
3964,9,1,0,0
3965,70,1,0,0
3966,26,1,0,0
3967,57,1,0,0
3968,87,1,0,0
3969,31,1,0,0
3970,132,1,0,0
3971,51,1,0,0
3972,39,1,0,0
3973,21,1,0,0
3974,100,1,0,0
3975,59,1,0,0
3976,44,1,0,0
3977,152,1,0,0
3978,27,1,0,0
3979,34,1,0,0
3980,49,1,0,0
3981,46,1,0,0
3982,27,1,0,0
3983,186,1,0,0
3984,103,1,0,0
3985,105,1,0,0
3986,53,1,0,0
3987,39,1,0,0
3988,128,1,0,0
3989,62,1,0,0
3990,43,1,0,0
3991,28,1,0,0
3992,116,1,0,0
3993,32,1,0,0
3994,77,1,0,0
3995,30,1,0,0
3996,100,1,0,0
3997,88,1,0,0
3998,53,1,0,0
3999,20,1,0,0
4000,27,1,0,0
4001,81,1,0,0
4002,69,1,0,0
4003,191,1,0,0
4004,21,1,0,0
4005,104,1,0,0
4006,107,1,0,0
4007,156,1,0,0
4008,91,1,0,0
4009,43,1,0,0
4010,40,1,0,0
4011,23,1,0,0
4012,105,1,0,0
4013,69,1,0,0
4014,41,1,0,0
4015,123,1,0,0
4016,108,1,0,0
4017,69,1,0,0
4018,64,1,0,0
4019,31,1,0,0
4020,47,1,0,0
4021,14,1,0,0
4022,118,1,0,0
4023,216,1,0,0
4024,79,1,0,0
4025,59,1,0,0
4026,19,1,0,0
4027,86,1,0,0
4028,37,1,0,0
4029,58,1,0,0
4030,24,1,0,0
4031,105,1,0,0
4032,126,1,0,0
4033,74,1,0,0
4034,55,1,0,0
4035,48,1,0,0
4036,129,1,0,0
4037,76,1,0,0
4038,33,1,0,0
4039,47,1,0,0
4040,84,1,0,0
4041,69,1,0,0
4042,147,1,0,0
4043,71,1,0,0
4044,23,1,0,0
4045,85,1,0,0
4046,16,1,0,0
4047,17,1,0,0
4048,61,1,0,0
4049,140,1,0,0
4050,25,1,0,0
4051,76,1,0,0
4052,17,1,0,0
4053,30,1,0,0
4054,28,1,0,0
4055,49,1,0,0
4056,65,1,0,0
4057,113,1,0,0
4058,91,1,0,0
4059,22,1,0,0
4060,144,1,0,0
4061,169,1,0,0
4062,124,1,0,0
4063,51,1,0,0
4064,41,1,0,0
4065,78,1,0,0
4066,42,1,0,0
4067,85,1,0,0
4068,49,1,0,0
4069,26,1,0,0
4070,59,1,0,0
4071,117,1,0,0
4072,158,1,0,0
4073,38,1,0,0
4074,156,1,0,0
4075,78,1,0,0
4076,77,1,0,0
4077,17,1,0,0
4078,92,1,0,0
4079,44,1,0,0
4080,204,1,0,0
4081,39,1,0,0
4082,79,1,0,0
4083,101,1,0,0
4084,44,1,0,0
4085,65,1,0,0
4086,55,1,0,0
4087,59,1,0,0
4088,12,1,0,0
4089,171,1,0,0
4090,195,1,0,0
4091,36,1,0,0
4092,108,1,0,0
4093,290,1,0,0
4094,53,1,0,0
4095,135,1,0,0
4096,46,1,0,0
4097,79,1,0,0
4098,75,1,0,0
4099,52,1,0,0
4100,39,1,0,0
4101,89,1,0,0
4102,51,1,0,0
4103,77,1,0,0
4104,25,1,0,0
4105,83,1,0,0
4106,13,1,0,0
4107,57,1,0,0
4108,270,1,0,0
4109,78,1,0,0
4110,110,1,0,0
4111,157,1,0,0
4112,44,1,0,0
4113,68,1,0,0
4114,57,1,0,0
4115,124,1,0,0
4116,86,1,0,0
4117,36,1,0,0
4118,135,1,0,0
4119,38,1,0,0
4120,59,1,0,0
4121,147,1,0,0
4122,28,1,0,0
4123,56,1,0,0
4124,37,1,0,0
4125,129,1,0,0
4126,88,1,0,0
4127,98,1,0,0
4128,130,1,0,0
4129,157,1,0,0
4130,164,1,0,0
4131,127,1,0,0
4132,128,1,0,0
4133,116,1,0,0
4134,105,1,0,0
4135,35,1,0,0
4136,108,1,0,0
4137,113,1,0,0
4138,139,1,0,0
4139,37,1,0,0
4140,39,1,0,0
4141,185,1,0,0
4142,26,1,0,0
4143,25,1,0,0
4144,95,1,0,0
4145,33,1,0,0
4146,75,1,0,0
4147,11,1,0,0
4148,34,1,0,0
4149,65,1,0,0
4150,55,1,0,0
4151,17,1,0,0
4152,45,1,0,0
4153,11,1,0,0
4154,65,1,0,0
4155,97,1,0,0
4156,57,1,0,0
4157,160,1,0,0
4158,31,1,0,0
4159,66,1,0,0
4160,41,1,0,0
4161,28,1,0,0
4162,53,1,0,0
4163,96,1,0,0
4164,37,1,0,0
4165,40,1,0,0
4166,99,1,0,0
4167,206,1,0,0
4168,94,1,0,0
4169,53,1,0,0
4170,128,1,0,0
4171,27,1,0,0
4172,37,1,0,0
4173,43,1,0,0
4174,45,1,0,0
4175,74,1,0,0
4176,74,1,0,0
4177,65,1,0,0
4178,106,1,0,0
4179,37,1,0,0
4180,17,1,0,0
4181,90,1,0,0
4182,52,1,0,0
4183,23,1,0,0
4184,66,1,0,0
4185,34,1,0,0
4186,29,1,0,0
4187,30,1,0,0
4188,49,1,0,0
4189,53,1,0,0
4190,130,1,0,0
4191,19,1,0,0
4192,121,1,0,0
4193,81,1,0,0
4194,62,1,0,0
4195,159,1,0,0
4196,273,1,0,0
4197,9,1,0,0
4198,70,1,0,0
4199,49,1,0,0
4200,9,1,0,0
4201,48,1,0,0
4202,61,1,0,0
4203,96,1,0,0
4204,132,1,0,0
4205,46,1,0,0
4206,45,1,0,0
4207,31,1,0,0
4208,31,1,0,0
4209,17,1,0,0
4210,23,1,0,0
4211,28,1,0,0
4212,120,1,0,0
4213,28,1,0,0
4214,57,1,0,0
4215,98,1,0,0
4216,19,1,0,0
4217,119,1,0,0
4218,113,1,0,0
4219,47,1,0,0
4220,40,1,0,0
4221,42,1,0,0
4222,127,1,0,0
4223,63,1,0,0
4224,24,1,0,0
4225,19,1,0,0
4226,76,1,0,0
4227,130,1,0,0
4228,31,1,0,0
4229,84,1,0,0
4230,112,1,0,0
4231,46,1,0,0
4232,57,1,0,0
4233,56,1,0,0
4234,25,1,0,0
4235,46,1,0,0
4236,16,1,0,0
4237,29,1,0,0
4238,104,1,0,0
4239,93,1,0,0
4240,21,1,0,0
4241,85,1,0,0
4242,58,1,0,0
4243,16,1,0,0
4244,48,1,0,0
4245,30,1,0,0
4246,30,1,0,0
4247,13,1,0,0
4248,135,1,0,0
4249,58,1,0,0
4250,65,1,0,0
4251,39,1,0,0
4252,8,1,0,0
4253,89,1,0,0
4254,199,1,0,0
4255,31,1,0,0
4256,61,1,0,0
4257,51,1,0,0
4258,171,1,0,0
4259,23,1,0,0
4260,55,1,0,0
4261,75,1,0,0
4262,57,1,0,0
4263,17,1,0,0
4264,54,1,0,0
4265,11,1,0,0
4266,79,1,0,0
4267,63,1,0,0
4268,131,1,0,0
4269,78,1,0,0
4270,45,1,0,0
4271,61,1,0,0
4272,106,1,0,0
4273,162,1,0,0
4274,30,1,0,0
4275,57,1,0,0
4276,51,1,0,0
4277,19,1,0,0
4278,49,1,0,0
4279,88,1,0,0
4280,11,1,0,0
4281,20,1,0,0
4282,43,1,0,0
4283,66,1,0,0
4284,44,1,0,0
4285,69,1,0,0
4286,30,1,0,0
4287,62,1,0,0
4288,81,1,0,0
4289,50,1,0,0
4290,55,1,0,0
4291,87,1,0,0
4292,132,1,0,0
4293,62,1,0,0
4294,16,1,0,0
4295,99,1,0,0
4296,80,1,0,0
4297,35,1,0,0
4298,54,1,0,0
4299,117,1,0,0
4300,42,1,0,0
4301,47,1,0,0
4302,111,1,0,0
4303,38,1,0,0
4304,49,1,0,0
4305,42,1,0,0
4306,26,1,0,0
4307,47,1,0,0
4308,83,1,0,0
4309,92,1,0,0
4310,145,1,0,0
4311,338,1,0,0
4312,90,1,0,0
4313,119,1,0,0
4314,208,1,0,0
4315,48,1,0,0
4316,124,1,0,0
4317,48,1,0,0
4318,38,1,0,0
4319,75,1,0,0
4320,106,1,0,0
4321,46,1,0,0
4322,27,1,0,0
4323,99,1,0,0
4324,76,1,0,0
4325,110,1,0,0
4326,35,1,0,0
4327,77,1,0,0
4328,11,1,0,0
4329,100,1,0,0
4330,126,1,0,0
4331,43,1,0,0
4332,53,1,0,0
4333,9,1,0,0
4334,202,1,0,0
4335,55,1,0,0
4336,197,1,0,0
4337,80,1,0,0
4338,14,1,0,0
4339,95,1,0,0
4340,158,1,0,0
4341,49,1,0,0
4342,46,1,0,0
4343,59,1,0,0
4344,108,1,0,0
4345,20,1,0,0
4346,70,1,0,0
4347,46,1,0,0
4348,182,1,0,0
4349,82,1,0,0
4350,28,1,0,0
4351,73,1,0,0
4352,17,1,0,0
4353,53,1,0,0
4354,73,1,0,0
4355,91,1,0,0
4356,52,1,0,0
4357,84,1,0,0
4358,68,1,0,0
4359,59,1,0,0
4360,95,1,0,0
4361,46,1,0,0
4362,100,1,0,0
4363,25,1,0,0
4364,102,1,0,0
4365,111,1,0,0
4366,191,1,0,0
4367,37,1,0,0
4368,43,1,0,0
4369,83,1,0,0
4370,53,1,0,0
4371,132,1,0,0
4372,28,1,0,0
4373,89,1,0,0
4374,33,1,0,0
4375,75,1,0,0
4376,24,1,0,0
4377,36,1,0,0
4378,141,1,0,0
4379,64,1,0,0
4380,45,1,0,0
4381,205,1,0,0
4382,17,1,0,0
4383,71,1,0,0
4384,36,1,0,0
4385,94,1,0,0
4386,112,1,0,0
4387,92,1,0,0
4388,51,1,0,0
4389,376,1,0,0
4390,45,1,0,0
4391,47,1,0,0
4392,29,1,0,0
4393,21,1,0,0
4394,108,1,0,0
4395,154,1,0,0
4396,96,1,0,0
4397,50,1,0,0
4398,18,1,0,0
4399,25,1,0,0
4400,84,1,0,0
4401,62,1,0,0
4402,43,1,0,0
4403,131,1,0,0
4404,48,1,0,0
4405,140,1,0,0
4406,19,1,0,0
4407,63,1,0,0
4408,62,1,0,0
4409,92,1,0,0
4410,41,1,0,0
4411,92,1,0,0
4412,278,1,0,0
4413,39,1,0,0
4414,61,1,0,0
4415,115,1,0,0
4416,13,1,0,0
4417,181,1,0,0
4418,40,1,0,0
4419,55,1,0,0
4420,35,1,0,0
4421,15,1,0,0
4422,124,1,0,0
4423,143,1,0,0
4424,74,1,0,0
4425,57,1,0,0
4426,167,1,0,0
4427,23,1,0,0
4428,19,1,0,0
4429,49,1,0,0
4430,29,1,0,0
4431,26,1,0,0
4432,31,1,0,0
4433,140,1,0,0
4434,29,1,0,0
4435,105,1,0,0
4436,138,1,0,0
4437,13,1,0,0
4438,75,1,0,0
4439,100,1,0,0
4440,10,1,0,0
4441,105,1,0,0
4442,67,1,0,0
4443,102,1,0,0
4444,54,1,0,0
4445,50,1,0,0
4446,74,1,0,0
4447,34,1,0,0
4448,109,1,0,0
4449,47,1,0,0
4450,125,1,0,0
4451,23,1,0,0
4452,77,1,0,0
4453,19,1,0,0
4454,31,1,0,0
4455,167,1,0,0
4456,159,1,0,0
4457,46,1,0,0
4458,25,1,0,0
4459,31,1,0,0
4460,24,1,0,0
4461,11,1,0,0
4462,61,1,0,0
4463,35,1,0,0
4464,77,1,0,0
4465,85,1,0,0
4466,29,1,0,0
4467,19,1,0,0
4468,58,1,0,0
4469,50,1,0,0
4470,75,1,0,0
4471,41,1,0,0
4472,51,1,0,0
4473,82,1,0,0
4474,66,1,0,0
4475,70,1,0,0
4476,43,1,0,0
4477,58,1,0,0
4478,97,1,0,0
4479,61,1,0,0
4480,44,1,0,0
4481,38,1,0,0
4482,96,1,0,0
4483,43,1,0,0
4484,71,1,0,0
4485,76,1,0,0
4486,104,1,0,0
4487,21,1,0,0
4488,55,1,0,0
4489,104,1,0,0
4490,80,1,0,0
4491,34,1,0,0
4492,52,1,0,0
4493,27,1,0,0
4494,81,1,0,0
4495,83,1,0,0
4496,69,1,0,0
4497,177,1,0,0
4498,20,1,0,0
4499,73,1,0,0
4500,117,1,0,0
4501,104,1,0,0
4502,31,1,0,0
4503,13,1,0,0
4504,35,1,0,0
4505,29,1,0,0
4506,54,1,0,0
4507,81,1,0,0
4508,34,1,0,0
4509,144,1,0,0
4510,47,1,0,0
4511,41,1,0,0
4512,38,1,0,0
4513,29,1,0,0
4514,59,1,0,0
4515,80,1,0,0
4516,85,1,0,0
4517,163,1,0,0
4518,29,1,0,0
4519,42,1,0,0
4520,145,1,0,0
4521,183,1,0,0
4522,110,1,0,0
4523,87,1,0,0
4524,102,1,0,0
4525,40,1,0,0
4526,35,1,0,0
4527,44,1,0,0
4528,50,1,0,0
4529,78,1,0,0
4530,56,1,0,0
4531,22,1,0,0
4532,104,1,0,0
4533,19,1,0,0
4534,39,1,0,0
4535,21,1,0,0
4536,33,1,0,0
4537,69,1,0,0
4538,57,1,0,0
4539,29,1,0,0
4540,130,1,0,0
4541,70,1,0,0
4542,61,1,0,0
4543,218,1,0,0
4544,31,1,0,0
4545,59,1,0,0
4546,13,1,0,0
4547,69,1,0,0
4548,61,1,0,0
4549,32,1,0,0
4550,29,1,0,0
4551,132,1,0,0
4552,140,1,0,0
4553,35,1,0,0
4554,140,1,0,0
4555,35,1,0,0
4556,28,1,0,0
4557,88,1,0,0
4558,8,1,0,0
4559,67,1,0,0
4560,30,1,0,0
4561,108,1,0,0
4562,23,1,0,0
4563,48,1,0,0
4564,29,1,0,0
4565,49,1,0,0
4566,96,1,0,0
4567,35,1,0,0
4568,21,1,0,0
4569,107,1,0,0
4570,78,1,0,0
4571,23,1,0,0
4572,20,1,0,0
4573,67,1,0,0
4574,41,1,0,0
4575,20,1,0,0
4576,82,1,0,0
4577,63,1,0,0
4578,129,1,0,0
4579,36,1,0,0
4580,88,1,0,0
4581,23,1,0,0
4582,57,1,0,0
4583,163,1,0,0
4584,10,1,0,0
4585,35,1,0,0
4586,61,1,0,0
4587,18,1,0,0
4588,12,1,0,0
4589,85,1,0,0
4590,44,1,0,0
4591,37,1,0,0
4592,9,1,0,0
4593,38,1,0,0
4594,31,1,0,0
4595,45,1,0,0
4596,97,1,0,0
4597,124,1,0,0
4598,23,1,0,0
4599,40,1,0,0
4600,85,1,0,0
4601,31,1,0,0
4602,29,1,0,0
4603,20,1,0,0
4604,211,1,0,0
4605,98,1,0,0
4606,38,1,0,0
4607,37,1,0,0
4608,51,1,0,0
4609,56,1,0,0
4610,139,1,0,0
4611,25,1,0,0
4612,78,1,0,0
4613,90,1,0,0
4614,71,1,0,0
4615,104,1,0,0
4616,48,1,0,0
4617,20,1,0,0
4618,20,1,0,0
4619,47,1,0,0
4620,25,1,0,0
4621,28,1,0,0
4622,102,1,0,0
4623,38,1,0,0
4624,50,1,0,0
4625,29,1,0,0
4626,88,1,0,0
4627,38,1,0,0
4628,43,1,0,0
4629,30,1,0,0
4630,108,1,0,0
4631,24,1,0,0
4632,45,1,0,0
4633,57,1,0,0
4634,27,1,0,0
4635,31,1,0,0
4636,93,1,0,0
4637,53,1,0,0
4638,129,1,0,0
4639,110,1,0,0
4640,81,1,0,0
4641,41,1,0,0
4642,75,1,0,0
4643,36,1,0,0
4644,106,1,0,0
4645,33,1,0,0
4646,44,1,0,0
4647,30,1,0,0
4648,35,1,0,0
4649,132,1,0,0
4650,181,1,0,0
4651,69,1,0,0
4652,86,1,0,0
4653,15,1,0,0
4654,16,1,0,0
4655,134,1,0,0
4656,24,1,0,0
4657,40,1,0,0
4658,167,1,0,0
4659,43,1,0,0
4660,111,1,0,0
4661,22,1,0,0
4662,131,1,0,0
4663,47,1,0,0
4664,27,1,0,0
4665,46,1,0,0
4666,93,1,0,0
4667,93,1,0,0
4668,16,1,0,0
4669,159,1,0,0
4670,8,1,0,0
4671,36,1,0,0
4672,20,1,0,0
4673,62,1,0,0
4674,91,1,0,0
4675,41,1,0,0
4676,174,1,0,0
4677,17,1,0,0
4678,47,1,0,0
4679,97,1,0,0
4680,87,1,0,0
4681,48,1,0,0
4682,206,1,0,0
4683,36,1,0,0
4684,91,1,0,0
4685,72,1,0,0
4686,55,1,0,0
4687,20,1,0,0
4688,185,1,0,0
4689,35,1,0,0
4690,145,1,0,0
4691,96,1,0,0
4692,15,1,0,0
4693,137,1,0,0
4694,62,1,0,0
4695,46,1,0,0
4696,76,1,0,0
4697,22,1,0,0
4698,304,1,0,0
4699,21,1,0,0
4700,23,1,0,0
4701,91,1,0,0
4702,119,1,0,0
4703,76,1,0,0
4704,41,1,0,0
4705,135,1,0,0
4706,38,1,0,0
4707,99,1,0,0
4708,97,1,0,0
4709,134,1,0,0
4710,80,1,0,0
4711,93,1,0,0
4712,77,1,0,0
4713,10,1,0,0
4714,44,1,0,0
4715,134,1,0,0
4716,25,1,0,0
4717,11,1,0,0
4718,15,1,0,0
4719,113,1,0,0
4720,81,1,0,0
4721,83,1,0,0
4722,105,1,0,0
4723,71,1,0,0
4724,30,1,0,0
4725,18,1,0,0
4726,84,1,0,0
4727,150,1,0,0
4728,59,1,0,0
4729,65,1,0,0
4730,164,1,0,0
4731,112,1,0,0
4732,67,1,0,0
4733,31,1,0,0
4734,94,1,0,0
4735,72,1,0,0
4736,30,1,0,0
4737,82,1,0,0
4738,125,1,0,0
4739,77,1,0,0
4740,76,1,0,0
4741,9,1,0,0
4742,87,1,0,0
4743,65,1,0,0
4744,24,1,0,0
4745,57,1,0,0
4746,53,1,0,0
4747,76,1,0,0
4748,86,1,0,0
4749,56,1,0,0
4750,38,1,0,0
4751,134,1,0,0
4752,146,1,0,0
4753,36,1,0,0
4754,30,1,0,0
4755,23,1,0,0
4756,63,1,0,0
4757,26,1,0,0
4758,46,1,0,0
4759,105,1,0,0
4760,53,1,0,0
4761,147,1,0,0
4762,52,1,0,0
4763,61,1,0,0
4764,17,1,0,0
4765,134,1,0,0
4766,84,1,0,0
4767,43,1,0,0
4768,27,1,0,0
4769,58,1,0,0
4770,82,1,0,0
4771,26,1,0,0
4772,34,1,0,0
4773,35,1,0,0
4774,45,1,0,0
4775,21,1,0,0
4776,63,1,0,0
4777,42,1,0,0
4778,123,1,0,0
4779,135,1,0,0
4780,27,1,0,0
4781,36,1,0,0
4782,124,1,0,0
4783,165,1,0,0
4784,64,1,0,0
4785,50,1,0,0
4786,57,1,0,0
4787,44,1,0,0
4788,34,1,0,0
4789,26,1,0,0
4790,26,1,0,0
4791,13,1,0,0
4792,67,1,0,0
4793,86,1,0,0
4794,35,1,0,0
4795,9,1,0,0
4796,45,1,0,0
4797,91,1,0,0
4798,54,1,0,0
4799,56,1,0,0
4800,38,1,0,0
4801,46,1,0,0
4802,96,1,0,0
4803,33,1,0,0
4804,39,1,0,0
4805,85,1,0,0
4806,62,1,0,0
4807,127,1,0,0
4808,60,1,0,0
4809,100,1,0,0
4810,159,1,0,0
4811,12,1,0,0
4812,9,1,0,0
4813,68,1,0,0
4814,15,1,0,0
4815,98,1,0,0
4816,46,1,0,0
4817,24,1,0,0
4818,80,1,0,0
4819,255,1,0,0
4820,91,1,0,0
4821,77,1,0,0
4822,37,1,0,0
4823,119,1,0,0
4824,109,1,0,0
4825,66,1,0,0
4826,49,1,0,0
4827,13,1,0,0
4828,46,1,0,0
4829,55,1,0,0
4830,20,1,0,0
4831,51,1,0,0
4832,79,1,0,0
4833,163,1,0,0
4834,20,1,0,0
4835,18,1,0,0
4836,72,1,0,0
4837,64,1,0,0
4838,178,1,0,0
4839,32,1,0,0
4840,78,1,0,0
4841,78,1,0,0
4842,72,1,0,0
4843,68,1,0,0
4844,48,1,0,0
4845,25,1,0,0
4846,13,1,0,0
4847,99,1,0,0
4848,66,1,0,0
4849,50,1,0,0
4850,45,1,0,0
4851,162,1,0,0
4852,42,1,0,0
4853,73,1,0,0
4854,39,1,0,0
4855,15,1,0,0
4856,40,1,0,0
4857,38,1,0,0
4858,119,1,0,0
4859,93,1,0,0
4860,22,1,0,0
4861,95,1,0,0
4862,38,1,0,0
4863,73,1,0,0
4864,198,1,0,0
4865,15,1,0,0
4866,28,1,0,0
4867,51,1,0,0
4868,32,1,0,0
4869,26,1,0,0
4870,53,1,0,0
4871,54,1,0,0
4872,34,1,0,0
4873,47,1,0,0
4874,23,1,0,0
4875,260,1,0,0
4876,25,1,0,0
4877,38,1,0,0
4878,50,1,0,0
4879,44,1,0,0
4880,22,1,0,0
4881,8,1,0,0
4882,110,1,0,0
4883,86,1,0,0
4884,96,1,0,0
4885,28,1,0,0
4886,15,1,0,0
4887,52,1,0,0
4888,46,1,0,0
4889,7,1,0,0
4890,32,1,0,0
4891,69,1,0,0
4892,108,1,0,0
4893,99,1,0,0
4894,26,1,0,0
4895,81,1,0,0
4896,110,1,0,0
4897,42,1,0,0
4898,27,1,0,0
4899,32,1,0,0
4900,196,1,0,0
4901,61,1,0,0
4902,110,1,0,0
4903,60,1,0,0
4904,20,1,0,0
4905,62,1,0,0
4906,24,1,0,0
4907,51,1,0,0
4908,26,1,0,0
4909,46,1,0,0
4910,39,1,0,0
4911,38,1,0,0
4912,133,1,0,0
4913,140,1,0,0
4914,96,1,0,0
4915,243,1,0,0
4916,134,1,0,0
4917,25,1,0,0
4918,147,1,0,0
4919,72,1,0,0
4920,64,1,0,0
4921,57,1,0,0
4922,53,1,0,0
4923,36,1,0,0
4924,63,1,0,0
4925,22,1,0,0
4926,153,1,0,0
4927,10,1,0,0
4928,53,1,0,0
4929,20,1,0,0
4930,82,1,0,0
4931,37,1,0,0
4932,89,1,0,0
4933,71,1,0,0
4934,43,1,0,0
4935,14,1,0,0
4936,15,1,0,0
4937,20,1,0,0
4938,99,1,0,0
4939,46,1,0,0
4940,73,1,0,0
4941,118,1,0,0
4942,285,1,0,0
4943,31,1,0,0
4944,162,1,0,0
4945,34,1,0,0
4946,117,1,0,0
4947,73,1,0,0
4948,61,1,0,0
4949,167,1,0,0
4950,21,1,0,0
4951,45,1,0,0
4952,83,1,0,0
4953,31,1,0,0
4954,176,1,0,0
4955,27,1,0,0
4956,43,1,0,0
4957,16,1,0,0
4958,67,1,0,0
4959,63,1,0,0
4960,83,1,0,0
4961,26,1,0,0
4962,39,1,0,0
4963,57,1,0,0
4964,37,1,0,0
4965,43,1,0,0
4966,61,1,0,0
4967,185,1,0,0
4968,55,1,0,0
4969,42,1,0,0
4970,52,1,0,0
4971,64,1,0,0
4972,27,1,0,0
4973,89,1,0,0
4974,157,1,0,0
4975,44,1,0,0
4976,41,1,0,0
4977,27,1,0,0
4978,10,1,0,0
4979,84,1,0,0
4980,69,1,0,0
4981,31,1,0,0
4982,48,1,0,0
4983,13,1,0,0
4984,21,1,0,0
4985,95,1,0,0
4986,178,1,0,0
4987,56,1,0,0
4988,19,1,0,0
4989,29,1,0,0
4990,88,1,0,0
4991,60,1,0,0
4992,33,1,0,0
4993,72,1,0,0
4994,20,1,0,0
4995,117,1,0,0
4996,130,1,0,0
4997,28,1,0,0
4998,30,1,0,0
4999,52,1,0,0
5000,70,1,0,0
5001,130,1,0,0
5002,89,1,0,0
5003,41,1,0,0
5004,19,1,0,0
5005,48,1,0,0
5006,74,1,0,0
5007,93,1,0,0
5008,30,1,0,0
5009,49,1,0,0
5010,176,1,0,0
5011,338,1,0,0
5012,156,1,0,0
5013,73,1,0,0
5014,56,1,0,0
5015,107,1,0,0
5016,22,1,0,0
5017,10,1,0,0
5018,71,1,0,0
5019,155,1,0,0
5020,99,1,0,0
5021,42,1,0,0
5022,80,1,0,0
5023,193,1,0,0
5024,28,1,0,0
5025,72,1,0,0
5026,101,1,0,0
5027,65,1,0,0
5028,51,1,0,0
5029,37,1,0,0
5030,51,1,0,0
5031,24,1,0,0
5032,104,1,0,0
5033,34,1,0,0
5034,18,1,0,0
5035,31,1,0,0
5036,27,1,0,0
5037,193,1,0,0
5038,101,1,0,0
5039,115,1,0,0
5040,68,1,0,0
5041,132,1,0,0
5042,91,1,0,0
5043,148,1,0,0
5044,71,1,0,0
5045,22,1,0,0
5046,174,1,0,0
5047,89,1,0,0
5048,28,1,0,0
5049,74,1,0,0
5050,197,1,0,0
5051,29,1,0,0
5052,14,1,0,0
5053,109,1,0,0
5054,27,1,0,0
5055,43,1,0,0
5056,91,1,0,0
5057,52,1,0,0
5058,38,1,0,0
5059,43,1,0,0
5060,79,1,0,0
5061,54,1,0,0
5062,22,1,0,0
5063,104,1,0,0
5064,32,1,0,0
5065,21,1,0,0
5066,121,1,0,0
5067,22,1,0,0
5068,103,1,0,0
5069,63,1,0,0
5070,62,1,0,0
5071,41,1,0,0
5072,47,1,0,0
5073,93,1,0,0
5074,22,1,0,0
5075,127,1,0,0
5076,128,1,0,0
5077,30,1,0,0
5078,48,1,0,0
5079,43,1,0,0
5080,193,1,0,0
5081,161,1,0,0
5082,103,1,0,0
5083,41,1,0,0
5084,17,1,0,0
5085,78,1,0,0
5086,7,1,0,0
5087,72,1,0,0
5088,108,1,0,0
5089,31,1,0,0
5090,31,1,0,0
5091,29,1,0,0
5092,65,1,0,0
5093,71,1,0,0
5094,32,1,0,0
5095,154,1,0,0
5096,122,1,0,0
5097,181,1,0,0
5098,72,1,0,0
5099,21,1,0,0
5100,49,1,0,0
5101,51,1,0,0
5102,111,1,0,0
5103,69,1,0,0
5104,78,1,0,0
5105,91,1,0,0
5106,31,1,0,0
5107,24,1,0,0
5108,39,1,0,0
5109,131,1,0,0
5110,72,1,0,0
5111,195,1,0,0
5112,166,1,0,0
5113,56,1,0,0
5114,157,1,0,0
5115,44,1,0,0
5116,25,1,0,0
5117,22,1,0,0
5118,27,1,0,0
5119,139,1,0,0
5120,107,1,0,0
5121,88,1,0,0
5122,122,1,0,0
5123,24,1,0,0
5124,48,1,0,0
5125,147,1,0,0
5126,28,1,0,0
5127,166,1,0,0
5128,23,1,0,0
5129,24,1,0,0
5130,16,1,0,0
5131,62,1,0,0
5132,78,1,0,0
5133,90,1,0,0
5134,64,1,0,0
5135,37,1,0,0
5136,26,1,0,0
5137,159,1,0,0
5138,39,1,0,0
5139,31,1,0,0
5140,70,1,0,0
5141,112,1,0,0
5142,80,1,0,0
5143,18,1,0,0
5144,72,1,0,0
5145,142,1,0,0
5146,105,1,0,0
5147,56,1,0,0
5148,38,1,0,0
5149,82,1,0,0
5150,116,1,0,0
5151,74,1,0,0
5152,16,1,0,0
5153,138,1,0,0
5154,91,1,0,0
5155,76,1,0,0
5156,96,1,0,0
5157,104,1,0,0
5158,95,1,0,0
5159,20,1,0,0
5160,57,1,0,0
5161,16,1,0,0
5162,14,1,0,0
5163,79,1,0,0
5164,17,1,0,0
5165,86,1,0,0
5166,229,1,0,0
5167,187,1,0,0
5168,30,1,0,0
5169,107,1,0,0
5170,9,1,0,0
5171,75,1,0,0
5172,36,1,0,0
5173,39,1,0,0
5174,22,1,0,0
5175,90,1,0,0
5176,88,1,0,0
5177,34,1,0,0
5178,107,1,0,0
5179,40,1,0,0
5180,26,1,0,0
5181,20,1,0,0
5182,115,1,0,0
5183,108,1,0,0
5184,29,1,0,0
5185,97,1,0,0
5186,100,1,0,0
5187,231,1,0,0
5188,46,1,0,0
5189,84,1,0,0
5190,23,1,0,0
5191,15,1,0,0
5192,122,1,0,0
5193,16,1,0,0
5194,43,1,0,0
5195,61,1,0,0
5196,25,1,0,0
5197,39,1,0,0
5198,59,1,0,0
5199,53,1,0,0
5200,38,1,0,0
5201,26,1,0,0
5202,18,1,0,0
5203,24,1,0,0
5204,39,1,0,0
5205,9,1,0,0
5206,78,1,0,0
5207,58,1,0,0
5208,51,1,0,0
5209,118,1,0,0
5210,70,1,0,0
5211,23,1,0,0
5212,45,1,0,0
5213,57,1,0,0
5214,94,1,0,0
5215,46,1,0,0
5216,58,1,0,0
5217,37,1,0,0
5218,12,1,0,0
5219,20,1,0,0
5220,45,1,0,0
5221,54,1,0,0
5222,181,1,0,0
5223,74,1,0,0
5224,129,1,0,0
5225,26,1,0,0
5226,52,1,0,0
5227,197,1,0,0
5228,33,1,0,0
5229,60,1,0,0
5230,118,1,0,0
5231,22,1,0,0
5232,44,1,0,0
5233,54,1,0,0
5234,60,1,0,0
5235,49,1,0,0
5236,38,1,0,0
5237,106,1,0,0
5238,59,1,0,0
5239,127,1,0,0
5240,28,1,0,0
5241,42,1,0,0
5242,123,1,0,0
5243,61,1,0,0
5244,33,1,0,0
5245,45,1,0,0
5246,112,1,0,0
5247,88,1,0,0
5248,55,1,0,0
5249,61,1,0,0
5250,64,1,0,0
5251,69,1,0,0
5252,109,1,0,0
5253,186,1,0,0
5254,23,1,0,0
5255,12,1,0,0
5256,41,1,0,0
5257,108,1,0,0
5258,23,1,0,0
5259,109,1,0,0
5260,20,1,0,0
5261,148,1,0,0
5262,47,1,0,0
5263,30,1,0,0
5264,182,1,0,0
5265,37,1,0,0
5266,56,1,0,0
5267,53,1,0,0
5268,94,1,0,0
5269,16,1,0,0
5270,72,1,0,0
5271,60,1,0,0
5272,135,1,0,0
5273,42,1,0,0
5274,41,1,0,0
5275,132,1,0,0
5276,100,1,0,0
5277,29,1,0,0
5278,106,1,0,0
5279,52,1,0,0
5280,62,1,0,0
5281,118,1,0,0
5282,32,1,0,0
5283,157,1,0,0
5284,92,1,0,0
5285,27,1,0,0
5286,24,1,0,0
5287,28,1,0,0
5288,51,1,0,0
5289,107,1,0,0
5290,9,1,0,0
5291,37,1,0,0
5292,22,1,0,0
5293,101,1,0,0
5294,53,1,0,0
5295,61,1,0,0
5296,13,1,0,0
5297,59,1,0,0
5298,126,1,0,0
5299,47,1,0,0
5300,31,1,0,0
5301,258,1,0,0
5302,29,1,0,0
5303,93,1,0,0
5304,44,1,0,0
5305,75,1,0,0
5306,43,1,0,0
5307,36,1,0,0
5308,67,1,0,0
5309,207,1,0,0
5310,67,1,0,0
5311,106,1,0,0
5312,39,1,0,0
5313,139,1,0,0
5314,80,1,0,0
5315,38,1,0,0
5316,33,1,0,0
5317,43,1,0,0
5318,112,1,0,0
5319,38,1,0,0
5320,210,1,0,0
5321,40,1,0,0
5322,107,1,0,0
5323,18,1,0,0
5324,122,1,0,0
5325,16,1,0,0
5326,45,1,0,0
5327,81,1,0,0
5328,71,1,0,0
5329,232,1,0,0
5330,76,1,0,0
5331,18,1,0,0
5332,7,1,0,0
5333,38,1,0,0
5334,31,1,0,0
5335,63,1,0,0
5336,89,1,0,0
5337,30,1,0,0
5338,52,1,0,0
5339,45,1,0,0
5340,59,1,0,0
5341,29,1,0,0
5342,42,1,0,0
5343,16,1,0,0
5344,90,1,0,0
5345,81,1,0,0
5346,106,1,0,0
5347,88,1,0,0
5348,25,1,0,0
5349,72,1,0,0
5350,33,1,0,0
5351,48,1,0,0
5352,44,1,0,0
5353,29,1,0,0
5354,104,1,0,0
5355,104,1,0,0
5356,19,1,0,0
5357,25,1,0,0
5358,111,1,0,0
5359,72,1,0,0
5360,63,1,0,0
5361,98,1,0,0
5362,49,1,0,0
5363,116,1,0,0
5364,148,1,0,0
5365,20,1,0,0
5366,60,1,0,0
5367,55,1,0,0
5368,30,1,0,0
5369,63,1,0,0
5370,61,1,0,0
5371,166,1,0,0
5372,57,1,0,0
5373,39,1,0,0
5374,14,1,0,0
5375,12,1,0,0
5376,34,1,0,0
5377,87,1,0,0
5378,18,1,0,0
5379,45,1,0,0
5380,54,1,0,0
5381,116,1,0,0
5382,72,1,0,0
5383,174,1,0,0
5384,37,1,0,0
5385,120,1,0,0
5386,80,1,0,0
5387,28,1,0,0
5388,54,1,0,0
5389,62,1,0,0
5390,59,1,0,0
5391,26,1,0,0
5392,75,1,0,0
5393,30,1,0,0
5394,56,1,0,0
5395,76,1,0,0
5396,107,1,0,0
5397,51,1,0,0
5398,126,1,0,0
5399,73,1,0,0
5400,9,1,0,0
5401,232,1,0,0
5402,96,1,0,0
5403,57,1,0,0
5404,13,1,0,0
5405,111,1,0,0
5406,78,1,0,0
5407,87,1,0,0
5408,58,1,0,0
5409,13,1,0,0
5410,190,1,0,0
5411,44,1,0,0
5412,132,1,0,0
5413,53,1,0,0
5414,81,1,0,0
5415,48,1,0,0
5416,50,1,0,0
5417,106,1,0,0
5418,51,1,0,0
5419,25,1,0,0
5420,16,1,0,0
5421,78,1,0,0
5422,34,1,0,0
5423,187,1,0,0
5424,62,1,0,0
5425,39,1,0,0
5426,53,1,0,0
5427,114,1,0,0
5428,21,1,0,0
5429,25,1,0,0
5430,156,1,0,0
5431,78,1,0,0
5432,26,1,0,0
5433,53,1,0,0
5434,122,1,0,0
5435,94,1,0,0
5436,76,1,0,0
5437,64,1,0,0
5438,17,1,0,0
5439,28,1,0,0
5440,101,1,0,0
5441,7,1,0,0
5442,105,1,0,0
5443,52,1,0,0
5444,10,1,0,0
5445,58,1,0,0
5446,12,1,0,0
5447,72,1,0,0
5448,62,1,0,0
5449,112,1,0,0
5450,107,1,0,0
5451,151,1,0,0
5452,43,1,0,0
5453,40,1,0,0
5454,64,1,0,0
5455,234,1,0,0
5456,17,1,0,0
5457,58,1,0,0
5458,27,1,0,0
5459,218,1,0,0
5460,101,1,0,0
5461,42,1,0,0
5462,60,1,0,0
5463,72,1,0,0
5464,196,1,0,0
5465,28,1,0,0
5466,51,1,0,0
5467,15,1,0,0
5468,68,1,0,0
5469,167,1,0,0
5470,31,1,0,0
5471,49,1,0,0
5472,24,1,0,0
5473,95,1,0,0
5474,141,1,0,0
5475,52,1,0,0
5476,97,1,0,0
5477,38,1,0,0
5478,37,1,0,0
5479,75,1,0,0
5480,45,1,0,0
5481,162,1,0,0
5482,26,1,0,0
5483,60,1,0,0
5484,80,1,0,0
5485,31,1,0,0
5486,21,1,0,0
5487,20,1,0,0
5488,37,1,0,0
5489,53,1,0,0
5490,138,1,0,0
5491,67,1,0,0
5492,64,1,0,0
5493,83,1,0,0
5494,33,1,0,0
5495,74,1,0,0
5496,94,1,0,0
5497,10,1,0,0
5498,59,1,0,0
5499,13,1,0,0
5500,72,1,0,0
5501,135,1,0,0
5502,29,1,0,0
5503,47,1,0,0
5504,79,1,0,0
5505,66,1,0,0
5506,75,1,0,0
5507,48,1,0,0
5508,85,1,0,0
5509,22,1,0,0
5510,17,1,0,0
5511,170,1,0,0
5512,27,1,0,0
5513,13,1,0,0
5514,152,1,0,0
5515,31,1,0,0
5516,169,1,0,0
5517,394,1,0,0
5518,133,1,0,0
5519,46,1,0,0
5520,36,1,0,0
5521,15,1,0,0
5522,29,1,0,0
5523,57,1,0,0
5524,51,1,0,0
5525,134,1,0,0
5526,220,1,0,0
5527,61,1,0,0
5528,139,1,0,0
5529,70,1,0,0
5530,95,1,0,0
5531,21,1,0,0
5532,121,1,0,0
5533,145,1,0,0
5534,97,1,0,0
5535,41,1,0,0
5536,64,1,0,0
5537,74,1,0,0
5538,34,1,0,0
5539,140,1,0,0
5540,27,1,0,0
5541,40,1,0,0
5542,55,1,0,0
5543,108,1,0,0
5544,28,1,0,0
5545,99,1,0,0
5546,69,1,0,0
5547,38,1,0,0
5548,106,1,0,0
5549,62,1,0,0
5550,61,1,0,0
5551,138,1,0,0
5552,88,1,0,0
5553,34,1,0,0
5554,285,1,0,0
5555,34,1,0,0
5556,136,1,0,0
5557,36,1,0,0
5558,77,1,0,0
5559,60,1,0,0
5560,67,1,0,0
5561,61,1,0,0
5562,118,1,0,0
5563,349,1,0,0
5564,90,1,0,0
5565,73,1,0,0
5566,40,1,0,0
5567,24,1,0,0
5568,49,1,0,0
5569,29,1,0,0
5570,98,1,0,0
5571,45,1,0,0
5572,19,1,0,0
5573,13,1,0,0
5574,67,1,0,0
5575,62,1,0,0
5576,11,1,0,0
5577,28,1,0,0
5578,19,1,0,0
5579,35,1,0,0
5580,47,1,0,0
5581,18,1,0,0
5582,57,1,0,0
5583,39,1,0,0
5584,13,1,0,0
5585,65,1,0,0
5586,82,1,0,0
5587,184,1,0,0
5588,106,1,0,0
5589,36,1,0,0
5590,17,1,0,0
5591,36,1,0,0
5592,102,1,0,0
5593,40,1,0,0
5594,131,1,0,0
5595,89,1,0,0
5596,26,1,0,0
5597,14,1,0,0
5598,198,1,0,0
5599,28,1,0,0
5600,177,1,0,0
5601,46,1,0,0
5602,41,1,0,0
5603,115,1,0,0
5604,145,1,0,0
5605,73,1,0,0
5606,41,1,0,0
5607,110,1,0,0
5608,66,1,0,0
5609,52,1,0,0
5610,45,1,0,0
5611,34,1,0,0
5612,40,1,0,0
5613,80,1,0,0
5614,47,1,0,0
5615,87,1,0,0
5616,52,1,0,0
5617,143,1,0,0
5618,15,1,0,0
5619,98,1,0,0
5620,28,1,0,0
5621,45,1,0,0
5622,100,1,0,0
5623,86,1,0,0
5624,33,1,0,0
5625,28,1,0,0
5626,13,1,0,0
5627,21,1,0,0
5628,74,1,0,0
5629,61,1,0,0
5630,83,1,0,0
5631,17,1,0,0
5632,53,1,0,0
5633,116,1,0,0
5634,81,1,0,0
5635,98,1,0,0
5636,24,1,0,0
5637,18,1,0,0
5638,100,1,0,0
5639,120,1,0,0
5640,25,1,0,0
5641,51,1,0,0
5642,65,1,0,0
5643,40,1,0,0
5644,36,1,0,0
5645,117,1,0,0
5646,27,1,0,0
5647,31,1,0,0
5648,49,1,0,0
5649,76,1,0,0
5650,43,1,0,0
5651,85,1,0,0
5652,24,1,0,0
5653,67,1,0,0
5654,78,1,0,0
5655,156,1,0,0
5656,67,1,0,0
5657,40,1,0,0
5658,56,1,0,0
5659,91,1,0,0
5660,34,1,0,0
5661,23,1,0,0
5662,77,1,0,0
5663,91,1,0,0
5664,58,1,0,0
5665,111,1,0,0
5666,29,1,0,0
5667,31,1,0,0
5668,26,1,0,0
5669,153,1,0,0
5670,101,1,0,0
5671,88,1,0,0
5672,23,1,0,0
5673,79,1,0,0
5674,60,1,0,0
5675,117,1,0,0
5676,77,1,0,0
5677,23,1,0,0
5678,52,1,0,0
5679,67,1,0,0
5680,24,1,0,0
5681,34,1,0,0
5682,39,1,0,0
5683,33,1,0,0
5684,9,1,0,0
5685,16,1,0,0
5686,39,1,0,0
5687,93,1,0,0
5688,87,1,0,0
5689,63,1,0,0
5690,110,1,0,0
5691,62,1,0,0
5692,45,1,0,0
5693,70,1,0,0
5694,25,1,0,0
5695,196,1,0,0
5696,123,1,0,0
5697,21,1,0,0
5698,36,1,0,0
5699,252,1,0,0
5700,70,1,0,0
5701,71,1,0,0
5702,42,1,0,0
5703,146,1,0,0
5704,48,1,0,0
5705,251,1,0,0
5706,48,1,0,0
5707,92,1,0,0
5708,72,1,0,0
5709,154,1,0,0
5710,87,1,0,0
5711,11,1,0,0
5712,51,1,0,0
5713,137,1,0,0
5714,43,1,0,0
5715,74,1,0,0
5716,69,1,0,0
5717,30,1,0,0
5718,21,1,0,0
5719,16,1,0,0
5720,58,1,0,0
5721,129,1,0,0
5722,81,1,0,0
5723,48,1,0,0
5724,61,1,0,0
5725,12,1,0,0
5726,45,1,0,0
5727,30,1,0,0
5728,41,1,0,0
5729,37,1,0,0
5730,49,1,0,0
5731,153,1,0,0
5732,62,1,0,0
5733,85,1,0,0
5734,55,1,0,0
5735,12,1,0,0
5736,13,1,0,0
5737,64,1,0,0
5738,47,1,0,0
5739,14,1,0,0
5740,166,1,0,0
5741,24,1,0,0
5742,64,1,0,0
5743,215,1,0,0
5744,21,1,0,0
5745,32,1,0,0
5746,139,1,0,0
5747,37,1,0,0
5748,76,1,0,0
5749,71,1,0,0
5750,30,1,0,0
5751,86,1,0,0
5752,35,1,0,0
5753,30,1,0,0
5754,72,1,0,0
5755,84,1,0,0
5756,27,1,0,0
5757,41,1,0,0
5758,42,1,0,0
5759,78,1,0,0
5760,72,1,0,0
5761,24,1,0,0
5762,94,1,0,0
5763,71,1,0,0
5764,131,1,0,0
5765,26,1,0,0
5766,38,1,0,0
5767,57,1,0,0
5768,78,1,0,0
5769,117,1,0,0
5770,23,1,0,0
5771,159,1,0,0
5772,72,1,0,0
5773,29,1,0,0
5774,109,1,0,0
5775,192,1,0,0
5776,52,1,0,0
5777,59,1,0,0
5778,96,1,0,0
5779,156,1,0,0
5780,101,1,0,0
5781,157,1,0,0
5782,42,1,0,0
5783,70,1,0,0
5784,40,1,0,0
5785,132,1,0,0
5786,43,1,0,0
5787,13,1,0,0
5788,156,1,0,0
5789,8,1,0,0
5790,59,1,0,0
5791,47,1,0,0
5792,26,1,0,0
5793,25,1,0,0
5794,88,1,0,0
5795,33,1,0,0
5796,34,1,0,0
5797,88,1,0,0
5798,62,1,0,0
5799,75,1,0,0
5800,52,1,0,0
5801,196,1,0,0
5802,161,1,0,0
5803,134,1,0,0
5804,130,1,0,0
5805,45,1,0,0
5806,52,1,0,0
5807,110,1,0,0
5808,13,1,0,0
5809,63,1,0,0
5810,93,1,0,0
5811,75,1,0,0
5812,11,1,0,0
5813,50,1,0,0
5814,78,1,0,0
5815,71,1,0,0
5816,109,1,0,0
5817,26,1,0,0
5818,86,1,0,0
5819,46,1,0,0
5820,55,1,0,0
5821,145,1,0,0
5822,49,1,0,0
5823,16,1,0,0
5824,61,1,0,0
5825,37,1,0,0
5826,54,1,0,0
5827,38,1,0,0
5828,101,1,0,0
5829,53,1,0,0
5830,56,1,0,0
5831,145,1,0,0
5832,37,1,0,0
5833,88,1,0,0
5834,22,1,0,0
5835,169,1,0,0
5836,31,1,0,0
5837,71,1,0,0
5838,33,1,0,0
5839,31,1,0,0
5840,22,1,0,0
5841,43,1,0,0
5842,18,1,0,0
5843,67,1,0,0
5844,92,1,0,0
5845,136,1,0,0
5846,60,1,0,0
5847,48,1,0,0
5848,59,1,0,0
5849,87,1,0,0
5850,129,1,0,0
5851,42,1,0,0
5852,54,1,0,0
5853,36,1,0,0
5854,47,1,0,0
5855,33,1,0,0
5856,66,1,0,0
5857,15,1,0,0
5858,30,1,0,0
5859,140,1,0,0
5860,147,1,0,0
5861,78,1,0,0
5862,120,1,0,0
5863,81,1,0,0
5864,80,1,0,0
5865,148,1,0,0
5866,51,1,0,0
5867,84,1,0,0
5868,85,1,0,0
5869,138,1,0,0
5870,22,1,0,0
5871,99,1,0,0
5872,55,1,0,0
5873,63,1,0,0
5874,91,1,0,0
5875,118,1,0,0
5876,74,1,0,0
5877,48,1,0,0
5878,33,1,0,0
5879,7,1,0,0
5880,71,1,0,0
5881,58,1,0,0
5882,39,1,0,0
5883,163,1,0,0
5884,29,1,0,0
5885,109,1,0,0
5886,126,1,0,0
5887,38,1,0,0
5888,51,1,0,0
5889,114,1,0,0
5890,22,1,0,0
5891,81,1,0,0
5892,37,1,0,0
5893,27,1,0,0
5894,52,1,0,0
5895,49,1,0,0
5896,64,1,0,0
5897,135,1,0,0
5898,184,1,0,0
5899,69,1,0,0
5900,33,1,0,0
5901,113,1,0,0
5902,60,1,0,0
5903,62,1,0,0
5904,45,1,0,0
5905,78,1,0,0
5906,44,1,0,0
5907,26,1,0,0
5908,29,1,0,0
5909,121,1,0,0
5910,200,1,0,0
5911,305,1,0,0
5912,150,1,0,0
5913,63,1,0,0
5914,11,1,0,0
5915,49,1,0,0
5916,151,1,0,0
5917,21,1,0,0
5918,74,1,0,0
5919,141,1,0,0
5920,29,1,0,0
5921,94,1,0,0
5922,29,1,0,0
5923,16,1,0,0
5924,9,1,0,0
5925,29,1,0,0
5926,73,1,0,0
5927,16,1,0,0
5928,48,1,0,0
5929,26,1,0,0
5930,35,1,0,0
5931,58,1,0,0
5932,39,1,0,0
5933,57,1,0,0
5934,16,1,0,0
5935,96,1,0,0
5936,146,1,0,0
5937,23,1,0,0
5938,32,1,0,0
5939,99,1,0,0
5940,19,1,0,0
5941,173,1,0,0
5942,97,1,0,0
5943,185,1,0,0
5944,274,1,0,0
5945,69,1,0,0
5946,12,1,0,0
5947,37,1,0,0
5948,10,1,0,0
5949,42,1,0,0
5950,34,1,0,0
5951,28,1,0,0
5952,46,1,0,0
5953,46,1,0,0
5954,31,1,0,0
5955,206,1,0,0
5956,120,1,0,0
5957,57,1,0,0
5958,17,1,0,0
5959,12,1,0,0
5960,154,1,0,0
5961,184,1,0,0
5962,14,1,0,0
5963,107,1,0,0
5964,65,1,0,0
5965,39,1,0,0
5966,51,1,0,0
5967,80,1,0,0
5968,11,1,0,0
5969,95,1,0,0
5970,59,1,0,0
5971,137,1,0,0
5972,38,1,0,0
5973,17,1,0,0
5974,15,1,0,0
5975,34,1,0,0
5976,54,1,0,0
5977,74,1,0,0
5978,48,1,0,0
5979,127,1,0,0
5980,45,1,0,0
5981,94,1,0,0
5982,34,1,0,0
5983,123,1,0,0
5984,55,1,0,0
5985,57,1,0,0
5986,42,1,0,0
5987,44,1,0,0
5988,123,1,0,0
5989,51,1,0,0
5990,17,1,0,0
5991,29,1,0,0
5992,106,1,0,0
5993,43,1,0,0
5994,102,1,0,0
5995,88,1,0,0
5996,23,1,0,0
5997,20,1,0,0
5998,59,1,0,0
5999,34,1,0,0
6000,40,1,0,0
6001,37,1,0,0
6002,20,1,0,0
6003,31,1,0,0
6004,82,1,0,0
6005,19,1,0,0
6006,47,1,0,0
6007,18,1,0,0
6008,29,1,0,0
6009,56,1,0,0
6010,216,1,0,0
6011,74,1,0,0
6012,18,1,0,0
6013,147,1,0,0
6014,11,1,0,0
6015,27,1,0,0
6016,63,1,0,0
6017,44,1,0,0
6018,75,1,0,0
6019,29,1,0,0
6020,64,1,0,0
6021,104,1,0,0
6022,30,1,0,0
6023,40,1,0,0
6024,14,1,0,0
6025,173,1,0,0
6026,79,1,0,0
6027,59,1,0,0
6028,39,1,0,0
6029,212,1,0,0
6030,186,1,0,0
6031,150,1,0,0
6032,86,1,0,0
6033,35,1,0,0
6034,22,1,0,0
6035,33,1,0,0
6036,31,1,0,0
6037,15,1,0,0
6038,43,1,0,0
6039,15,1,0,0
6040,25,1,0,0
6041,82,1,0,0
6042,27,1,0,0
6043,28,1,0,0
6044,51,1,0,0
6045,68,1,0,0
6046,220,1,0,0
6047,17,1,0,0
6048,49,1,0,0
6049,48,1,0,0
6050,56,1,0,0
6051,64,1,0,0
6052,151,1,0,0
6053,30,1,0,0
6054,186,1,0,0
6055,55,1,0,0
6056,36,1,0,0
6057,253,1,0,0
6058,83,1,0,0
6059,41,1,0,0
6060,121,1,0,0
6061,44,1,0,0
6062,69,1,0,0
6063,96,1,0,0
6064,26,1,0,0
6065,50,1,0,0
6066,61,1,0,0
6067,43,1,0,0
6068,88,1,0,0
6069,167,1,0,0
6070,37,1,0,0
6071,16,1,0,0
6072,106,1,0,0
6073,88,1,0,0
6074,148,1,0,0
6075,20,1,0,0
6076,16,1,0,0
6077,78,1,0,0
6078,81,1,0,0
6079,41,1,0,0
6080,28,1,0,0
6081,21,1,0,0
6082,89,1,0,0
6083,85,1,0,0
6084,15,1,0,0
6085,82,1,0,0
6086,167,1,0,0
6087,97,1,0,0
6088,134,1,0,0
6089,29,1,0,0
6090,55,1,0,0
6091,181,1,0,0
6092,100,1,0,0
6093,35,1,0,0
6094,69,1,0,0
6095,76,1,0,0
6096,84,1,0,0
6097,56,1,0,0
6098,50,1,0,0
6099,48,1,0,0
6100,142,1,0,0
6101,38,1,0,0
6102,128,1,0,0
6103,31,1,0,0
6104,35,1,0,0
6105,16,1,0,0
6106,88,1,0,0
6107,11,1,0,0
6108,111,1,0,0
6109,36,1,0,0
6110,106,1,0,0
6111,47,1,0,0
6112,51,1,0,0
6113,32,1,0,0
6114,40,1,0,0
6115,63,1,0,0
6116,115,1,0,0
6117,40,1,0,0
6118,37,1,0,0
6119,31,1,0,0
6120,116,1,0,0
6121,100,1,0,0
6122,126,1,0,0
6123,12,1,0,0
6124,91,1,0,0
6125,146,1,0,0
6126,15,1,0,0
6127,35,1,0,0
6128,168,1,0,0
6129,203,1,0,0
6130,39,1,0,0
6131,17,1,0,0
6132,160,1,0,0
6133,81,1,0,0
6134,27,1,0,0
6135,65,1,0,0
6136,28,1,0,0
6137,73,1,0,0
6138,15,1,0,0
6139,142,1,0,0
6140,127,1,0,0
6141,21,1,0,0
6142,35,1,0,0
6143,96,1,0,0
6144,37,1,0,0
6145,110,1,0,0
6146,28,1,0,0
6147,80,1,0,0
6148,66,1,0,0
6149,11,1,0,0
6150,41,1,0,0
6151,14,1,0,0
6152,94,1,0,0
6153,25,1,0,0
6154,133,1,0,0
6155,49,1,0,0
6156,56,1,0,0
6157,207,1,0,0
6158,53,1,0,0
6159,41,1,0,0
6160,95,1,0,0
6161,76,1,0,0
6162,133,1,0,0
6163,36,1,0,0
6164,90,1,0,0
6165,30,1,0,0
6166,77,1,0,0
6167,36,1,0,0
6168,23,1,0,0
6169,62,1,0,0
6170,110,1,0,0
6171,48,1,0,0
6172,33,1,0,0
6173,90,1,0,0
6174,111,1,0,0
6175,57,1,0,0
6176,31,1,0,0
6177,40,1,0,0
6178,92,1,0,0
6179,129,1,0,0
6180,61,1,0,0
6181,206,1,0,0
6182,73,1,0,0
6183,74,1,0,0
6184,174,1,0,0
6185,55,1,0,0
6186,39,1,0,0
6187,33,1,0,0
6188,78,1,0,0
6189,66,1,0,0
6190,179,1,0,0
6191,98,1,0,0
6192,33,1,0,0
6193,46,1,0,0
6194,128,1,0,0
6195,109,1,0,0
6196,62,1,0,0
6197,45,1,0,0
6198,65,1,0,0
6199,91,1,0,0
6200,19,1,0,0
6201,48,1,0,0
6202,51,1,0,0
6203,34,1,0,0
6204,67,1,0,0
6205,86,1,0,0
6206,180,1,0,0
6207,45,1,0,0
6208,53,1,0,0
6209,92,1,0,0
6210,73,1,0,0
6211,124,1,0,0
6212,24,1,0,0
6213,28,1,0,0
6214,34,1,0,0
6215,31,1,0,0
6216,71,1,0,0
6217,174,1,0,0
6218,85,1,0,0
6219,36,1,0,0
6220,153,1,0,0
6221,53,1,0,0
6222,62,1,0,0
6223,60,1,0,0
6224,9,1,0,0
6225,41,1,0,0
6226,50,1,0,0
6227,37,1,0,0
6228,17,1,0,0
6229,118,1,0,0
6230,20,1,0,0
6231,227,1,0,0
6232,91,1,0,0
6233,87,1,0,0
6234,61,1,0,0
6235,67,1,0,0
6236,13,1,0,0
6237,43,1,0,0
6238,26,1,0,0
6239,81,1,0,0
6240,43,1,0,0
6241,107,1,0,0
6242,145,1,0,0
6243,110,1,0,0
6244,27,1,0,0
6245,98,1,0,0
6246,158,1,0,0
6247,70,1,0,0
6248,50,1,0,0
6249,135,1,0,0
6250,53,1,0,0
6251,84,1,0,0
6252,43,1,0,0
6253,18,1,0,0
6254,79,1,0,0
6255,155,1,0,0
6256,155,1,0,0
6257,70,1,0,0
6258,142,1,0,0
6259,14,1,0,0
6260,121,1,0,0
6261,44,1,0,0
6262,44,1,0,0
6263,20,1,0,0
6264,21,1,0,0
6265,17,1,0,0
6266,41,1,0,0
6267,110,1,0,0
6268,79,1,0,0
6269,21,1,0,0
6270,73,1,0,0
6271,25,1,0,0
6272,43,1,0,0
6273,90,1,0,0
6274,104,1,0,0
6275,102,1,0,0
6276,159,1,0,0
6277,71,1,0,0
6278,35,1,0,0
6279,92,1,0,0
6280,64,1,0,0
6281,50,1,0,0
6282,58,1,0,0
6283,178,1,0,0
6284,145,1,0,0
6285,29,1,0,0
6286,101,1,0,0
6287,9,1,0,0
6288,83,1,0,0
6289,246,1,0,0
6290,43,1,0,0
6291,69,1,0,0
6292,36,1,0,0
6293,78,1,0,0
6294,107,1,0,0
6295,86,1,0,0
6296,106,1,0,0
6297,61,1,0,0
6298,66,1,0,0
6299,86,1,0,0
6300,45,1,0,0
6301,121,1,0,0
6302,17,1,0,0
6303,22,1,0,0
6304,98,1,0,0
6305,38,1,0,0
6306,247,1,0,0
6307,24,1,0,0
6308,116,1,0,0
6309,129,1,0,0
6310,41,1,0,0
6311,47,1,0,0
6312,103,1,0,0
6313,56,1,0,0
6314,76,1,0,0
6315,53,1,0,0
6316,63,1,0,0
6317,58,1,0,0
6318,100,1,0,0
6319,102,1,0,0
6320,19,1,0,0
6321,78,1,0,0
6322,41,1,0,0
6323,119,1,0,0
6324,96,1,0,0
6325,63,1,0,0
6326,54,1,0,0
6327,109,1,0,0
6328,45,1,0,0
6329,71,1,0,0
6330,44,1,0,0
6331,28,1,0,0
6332,49,1,0,0
6333,9,1,0,0
6334,125,1,0,0
6335,28,1,0,0
6336,54,1,0,0
6337,50,1,0,0
6338,131,1,0,0
6339,115,1,0,0
6340,25,1,0,0
6341,86,1,0,0
6342,22,1,0,0
6343,23,1,0,0
6344,93,1,0,0
6345,86,1,0,0
6346,10,1,0,0
6347,33,1,0,0
6348,83,1,0,0
6349,96,1,0,0
6350,79,1,0,0
6351,131,1,0,0
6352,103,1,0,0
6353,66,1,0,0
6354,66,1,0,0
6355,25,1,0,0
6356,118,1,0,0
6357,105,1,0,0
6358,32,1,0,0
6359,88,1,0,0
6360,23,1,0,0
6361,170,1,0,0
6362,102,1,0,0
6363,16,1,0,0
6364,19,1,0,0
6365,16,1,0,0
6366,196,1,0,0
6367,21,1,0,0
6368,32,1,0,0
6369,96,1,0,0
6370,169,1,0,0
6371,10,1,0,0
6372,64,1,0,0
6373,38,1,0,0
6374,37,1,0,0
6375,74,1,0,0
6376,54,1,0,0
6377,47,1,0,0
6378,43,1,0,0
6379,68,1,0,0
6380,27,1,0,0
6381,108,1,0,0
6382,16,1,0,0
6383,30,1,0,0
6384,80,1,0,0
6385,17,1,0,0
6386,92,1,0,0
6387,79,1,0,0
6388,83,1,0,0
6389,31,1,0,0
6390,190,1,0,0
6391,25,1,0,0
6392,84,1,0,0
6393,32,1,0,0
6394,56,1,0,0
6395,136,1,0,0
6396,49,1,0,0
6397,62,1,0,0
6398,85,1,0,0
6399,34,1,0,0
6400,133,1,0,0
6401,45,1,0,0
6402,44,1,0,0
6403,139,1,0,0
6404,106,1,0,0
6405,41,1,0,0
6406,191,1,0,0
6407,51,1,0,0
6408,70,1,0,0
6409,43,1,0,0
6410,16,1,0,0
6411,67,1,0,0
6412,229,1,0,0
6413,92,1,0,0
6414,86,1,0,0
6415,167,1,0,0
6416,44,1,0,0
6417,36,1,0,0
6418,44,1,0,0
6419,26,1,0,0
6420,132,1,0,0
6421,53,1,0,0
6422,73,1,0,0
6423,31,1,0,0
6424,41,1,0,0
6425,54,1,0,0
6426,56,1,0,0
6427,17,1,0,0
6428,27,1,0,0
6429,20,1,0,0
6430,40,1,0,0
6431,62,1,0,0
6432,30,1,0,0
6433,251,1,0,0
6434,54,1,0,0
6435,68,1,0,0
6436,82,1,0,0
6437,26,1,0,0
6438,125,1,0,0
6439,40,1,0,0
6440,50,1,0,0
6441,35,1,0,0
6442,29,1,0,0
6443,30,1,0,0
6444,56,1,0,0
6445,81,1,0,0
6446,24,1,0,0
6447,24,1,0,0
6448,21,1,0,0
6449,49,1,0,0
6450,67,1,0,0
6451,76,1,0,0
6452,108,1,0,0
6453,82,1,0,0
6454,69,1,0,0
6455,248,1,0,0
6456,81,1,0,0
6457,78,1,0,0
6458,44,1,0,0
6459,65,1,0,0
6460,38,1,0,0
6461,36,1,0,0
6462,24,1,0,0
6463,77,1,0,0
6464,156,1,0,0
6465,32,1,0,0
6466,48,1,0,0
6467,37,1,0,0
6468,78,1,0,0
6469,78,1,0,0
6470,26,1,0,0
6471,106,1,0,0
6472,18,1,0,0
6473,53,1,0,0
6474,43,1,0,0
6475,20,1,0,0
6476,30,1,0,0
6477,24,1,0,0
6478,56,1,0,0
6479,25,1,0,0
6480,189,1,0,0
6481,161,1,0,0
6482,26,1,0,0
6483,49,1,0,0
6484,66,1,0,0
6485,25,1,0,0
6486,19,1,0,0
6487,32,1,0,0
6488,128,1,0,0
6489,24,1,0,0
6490,72,1,0,0
6491,97,1,0,0
6492,23,1,0,0
6493,47,1,0,0
6494,57,1,0,0
6495,130,1,0,0
6496,204,1,0,0
6497,90,1,0,0
6498,53,1,0,0
6499,81,1,0,0
6500,19,1,0,0
6501,92,1,0,0
6502,223,1,0,0
6503,63,1,0,0
6504,26,1,0,0
6505,15,1,0,0
6506,59,1,0,0
6507,107,1,0,0
6508,77,1,0,0
6509,56,1,0,0
6510,84,1,0,0
6511,63,1,0,0
6512,13,1,0,0
6513,10,1,0,0
6514,70,1,0,0
6515,40,1,0,0
6516,76,1,0,0
6517,38,1,0,0
6518,25,1,0,0
6519,36,1,0,0
6520,53,1,0,0
6521,68,1,0,0
6522,61,1,0,0
6523,76,1,0,0
6524,100,1,0,0
6525,48,1,0,0
6526,74,1,0,0
6527,218,1,0,0
6528,99,1,0,0
6529,44,1,0,0
6530,40,1,0,0
6531,167,1,0,0
6532,17,1,0,0
6533,210,1,0,0
6534,96,1,0,0
6535,20,1,0,0
6536,40,1,0,0
6537,45,1,0,0
6538,115,1,0,0
6539,70,1,0,0
6540,55,1,0,0
6541,128,1,0,0
6542,50,1,0,0
6543,60,1,0,0
6544,49,1,0,0
6545,61,1,0,0
6546,40,1,0,0
6547,51,1,0,0
6548,92,1,0,0
6549,160,1,0,0
6550,91,1,0,0
6551,29,1,0,0
6552,163,1,0,0
6553,284,1,0,0
6554,51,1,0,0
6555,121,1,0,0
6556,235,1,0,0
6557,86,1,0,0
6558,29,1,0,0
6559,103,1,0,0
6560,29,1,0,0
6561,56,1,0,0
6562,96,1,0,0
6563,67,1,0,0
6564,123,1,0,0
6565,59,1,0,0
6566,36,1,0,0
6567,37,1,0,0
6568,19,1,0,0
6569,65,1,0,0
6570,108,1,0,0
6571,90,1,0,0
6572,109,1,0,0
6573,64,1,0,0
6574,58,1,0,0
6575,113,1,0,0
6576,34,1,0,0
6577,49,1,0,0
6578,120,1,0,0
6579,118,1,0,0
6580,58,1,0,0
6581,72,1,0,0
6582,61,1,0,0
6583,103,1,0,0
6584,234,1,0,0
6585,63,1,0,0
6586,44,1,0,0
6587,62,1,0,0
6588,60,1,0,0
6589,88,1,0,0
6590,51,1,0,0
6591,51,1,0,0
6592,49,1,0,0
6593,53,1,0,0
6594,30,1,0,0
6595,40,1,0,0
6596,47,1,0,0
6597,39,1,0,0
6598,162,1,0,0
6599,41,1,0,0
6600,22,1,0,0
6601,76,1,0,0
6602,26,1,0,0
6603,160,1,0,0
6604,142,1,0,0
6605,118,1,0,0
6606,33,1,0,0
6607,9,1,0,0
6608,81,1,0,0
6609,12,1,0,0
6610,36,1,0,0
6611,175,1,0,0
6612,37,1,0,0
6613,92,1,0,0
6614,89,1,0,0
6615,34,1,0,0
6616,23,1,0,0
6617,133,1,0,0
6618,46,1,0,0
6619,79,1,0,0
6620,17,1,0,0
6621,11,1,0,0
6622,55,1,0,0
6623,40,1,0,0
6624,85,1,0,0
6625,127,1,0,0
6626,65,1,0,0
6627,42,1,0,0
6628,37,1,0,0
6629,14,1,0,0
6630,68,1,0,0
6631,40,1,0,0
6632,97,1,0,0
6633,110,1,0,0
6634,23,1,0,0
6635,38,1,0,0
6636,60,1,0,0
6637,118,1,0,0
6638,18,1,0,0
6639,80,1,0,0
6640,31,1,0,0
6641,26,1,0,0
6642,74,1,0,0
6643,41,1,0,0
6644,9,1,0,0
6645,118,1,0,0
6646,108,1,0,0
6647,83,1,0,0
6648,89,1,0,0
6649,22,1,0,0
6650,87,1,0,0
6651,78,1,0,0
6652,135,1,0,0
6653,29,1,0,0
6654,89,1,0,0
6655,63,1,0,0
6656,99,1,0,0
6657,149,1,0,0
6658,79,1,0,0
6659,38,1,0,0
6660,37,1,0,0
6661,82,1,0,0
6662,44,1,0,0
6663,43,1,0,0
6664,33,1,0,0
6665,47,1,0,0
6666,122,1,0,0
6667,68,1,0,0
6668,109,1,0,0
6669,70,1,0,0
6670,47,1,0,0
6671,47,1,0,0
6672,74,1,0,0
6673,30,1,0,0
6674,96,1,0,0
6675,77,1,0,0
6676,205,1,0,0
6677,65,1,0,0
6678,77,1,0,0
6679,15,1,0,0
6680,52,1,0,0
6681,67,1,0,0
6682,11,1,0,0
6683,32,1,0,0
6684,56,1,0,0
6685,38,1,0,0
6686,28,1,0,0
6687,7,1,0,0
6688,20,1,0,0
6689,45,1,0,0
6690,123,1,0,0
6691,146,1,0,0
6692,33,1,0,0
6693,11,1,0,0
6694,97,1,0,0
6695,131,1,0,0
6696,68,1,0,0
6697,37,1,0,0
6698,50,1,0,0
6699,25,1,0,0
6700,95,1,0,0
6701,62,1,0,0
6702,199,1,0,0
6703,38,1,0,0
6704,25,1,0,0
6705,55,1,0,0
6706,15,1,0,0
6707,76,1,0,0
6708,24,1,0,0
6709,19,1,0,0
6710,40,1,0,0
6711,100,1,0,0
6712,250,1,0,0
6713,14,1,0,0
6714,53,1,0,0
6715,16,1,0,0
6716,87,1,0,0
6717,121,1,0,0
6718,10,1,0,0
6719,54,1,0,0
6720,43,1,0,0
6721,88,1,0,0
6722,173,1,0,0
6723,35,1,0,0
6724,178,1,0,0
6725,61,1,0,0
6726,35,1,0,0
6727,123,1,0,0
6728,81,1,0,0
6729,21,1,0,0
6730,61,1,0,0
6731,28,1,0,0
6732,65,1,0,0
6733,92,1,0,0
6734,77,1,0,0
6735,28,1,0,0
6736,22,1,0,0
6737,89,1,0,0
6738,100,1,0,0
6739,76,1,0,0
6740,33,1,0,0
6741,85,1,0,0
6742,169,1,0,0
6743,56,1,0,0
6744,27,1,0,0
6745,96,1,0,0
6746,24,1,0,0
6747,102,1,0,0
6748,146,1,0,0
6749,61,1,0,0
6750,46,1,0,0
6751,45,1,0,0
6752,35,1,0,0
6753,154,1,0,0
6754,52,1,0,0
6755,41,1,0,0
6756,80,1,0,0
6757,48,1,0,0
6758,32,1,0,0
6759,58,1,0,0
6760,50,1,0,0
6761,78,1,0,0
6762,15,1,0,0
6763,51,1,0,0
6764,69,1,0,0
6765,47,1,0,0
6766,62,1,0,0
6767,250,1,0,0
6768,40,1,0,0
6769,20,1,0,0
6770,119,1,0,0
6771,21,1,0,0
6772,44,1,0,0
6773,77,1,0,0
6774,40,1,0,0
6775,77,1,0,0
6776,58,1,0,0
6777,21,1,0,0
6778,47,1,0,0
6779,80,1,0,0
6780,36,1,0,0
6781,43,1,0,0
6782,32,1,0,0
6783,186,1,0,0
6784,36,1,0,0
6785,31,1,0,0
6786,118,1,0,0
6787,148,1,0,0
6788,105,1,0,0
6789,115,1,0,0
6790,45,1,0,0
6791,26,1,0,0
6792,81,1,0,0
6793,51,1,0,0
6794,72,1,0,0
6795,47,1,0,0
6796,110,1,0,0
6797,95,1,0,0
6798,136,1,0,0
6799,48,1,0,0
6800,24,1,0,0
6801,94,1,0,0
6802,24,1,0,0
6803,164,1,0,0
6804,155,1,0,0
6805,115,1,0,0
6806,56,1,0,0
6807,89,1,0,0
6808,94,1,0,0
6809,37,1,0,0
6810,93,1,0,0
6811,188,1,0,0
6812,100,1,0,0
6813,46,1,0,0
6814,11,1,0,0
6815,50,1,0,0
6816,23,1,0,0
6817,101,1,0,0
6818,31,1,0,0
6819,37,1,0,0
6820,131,1,0,0
6821,19,1,0,0
6822,201,1,0,0
6823,78,1,0,0
6824,24,1,0,0
6825,23,1,0,0
6826,58,1,0,0
6827,51,1,0,0
6828,39,1,0,0
6829,65,1,0,0
6830,53,1,0,0
6831,108,1,0,0
6832,11,1,0,0
6833,15,1,0,0
6834,47,1,0,0
6835,84,1,0,0
6836,118,1,0,0
6837,17,1,0,0
6838,41,1,0,0
6839,73,1,0,0
6840,67,1,0,0
6841,49,1,0,0
6842,72,1,0,0
6843,84,1,0,0
6844,75,1,0,0
6845,179,1,0,0
6846,87,1,0,0
6847,31,1,0,0
6848,29,1,0,0
6849,126,1,0,0
6850,261,1,0,0
6851,160,1,0,0
6852,36,1,0,0
6853,16,1,0,0
6854,18,1,0,0
6855,66,1,0,0
6856,94,1,0,0
6857,65,1,0,0
6858,129,1,0,0
6859,133,1,0,0
6860,71,1,0,0
6861,94,1,0,0
6862,65,1,0,0
6863,122,1,0,0
6864,26,1,0,0
6865,249,1,0,0
6866,85,1,0,0
6867,309,1,0,0
6868,37,1,0,0
6869,98,1,0,0
6870,173,1,0,0
6871,42,1,0,0
6872,114,1,0,0
6873,157,1,0,0
6874,87,1,0,0
6875,15,1,0,0
6876,12,1,0,0
6877,79,1,0,0
6878,99,1,0,0
6879,95,1,0,0
6880,123,1,0,0
6881,72,1,0,0
6882,54,1,0,0
6883,89,1,0,0
6884,63,1,0,0
6885,81,1,0,0
6886,146,1,0,0
6887,68,1,0,0
6888,51,1,0,0
6889,96,1,0,0
6890,217,1,0,0
6891,39,1,0,0
6892,52,1,0,0
6893,132,1,0,0
6894,65,1,0,0
6895,55,1,0,0
6896,99,1,0,0
6897,49,1,0,0
6898,12,1,0,0
6899,34,1,0,0
6900,93,1,0,0
6901,78,1,0,0
6902,18,1,0,0
6903,56,1,0,0
6904,130,1,0,0
6905,93,1,0,0
6906,68,1,0,0
6907,99,1,0,0
6908,98,1,0,0
6909,53,1,0,0
6910,53,1,0,0
6911,29,1,0,0
6912,92,1,0,0
6913,56,1,0,0
6914,39,1,0,0
6915,37,1,0,0
6916,69,1,0,0
6917,21,1,0,0
6918,77,1,0,0
6919,27,1,0,0
6920,85,1,0,0
6921,36,1,0,0
6922,67,1,0,0
6923,94,1,0,0
6924,47,1,0,0
6925,205,1,0,0
6926,41,1,0,0
6927,45,1,0,0
6928,24,1,0,0
6929,136,1,0,0
6930,122,1,0,0
6931,129,1,0,0
6932,59,1,0,0
6933,74,1,0,0
6934,103,1,0,0
6935,66,1,0,0
6936,170,1,0,0
6937,48,1,0,0
6938,50,1,0,0
6939,64,1,0,0
6940,52,1,0,0
6941,16,1,0,0
6942,129,1,0,0
6943,57,1,0,0
6944,43,1,0,0
6945,127,1,0,0
6946,65,1,0,0
6947,96,1,0,0
6948,83,1,0,0
6949,63,1,0,0
6950,55,1,0,0
6951,20,1,0,0
6952,103,1,0,0
6953,47,1,0,0
6954,24,1,0,0
6955,108,1,0,0
6956,35,1,0,0
6957,12,1,0,0
6958,57,1,0,0
6959,95,1,0,0
6960,98,1,0,0
6961,112,1,0,0
6962,48,1,0,0
6963,251,1,0,0
6964,43,1,0,0
6965,13,1,0,0
6966,22,1,0,0
6967,83,1,0,0
6968,243,1,0,0
6969,14,1,0,0
6970,60,1,0,0
6971,10,1,0,0
6972,34,1,0,0
6973,98,1,0,0
6974,67,1,0,0
6975,72,1,0,0
6976,45,1,0,0
6977,32,1,0,0
6978,113,1,0,0
6979,86,1,0,0
6980,35,1,0,0
6981,55,1,0,0
6982,45,1,0,0
6983,68,1,0,0
6984,24,1,0,0
6985,41,1,0,0
6986,49,1,0,0
6987,86,1,0,0
6988,51,1,0,0
6989,72,1,0,0
6990,149,1,0,0
6991,107,1,0,0
6992,35,1,0,0
6993,118,1,0,0
6994,16,1,0,0
6995,96,1,0,0
6996,21,1,0,0
6997,21,1,0,0
6998,20,1,0,0
6999,52,1,0,0
7000,69,1,0,0
7001,23,1,0,0
7002,135,1,0,0
7003,59,1,0,0
7004,140,1,0,0
7005,72,1,0,0
7006,16,1,0,0
7007,15,1,0,0
7008,13,1,0,0
7009,52,1,0,0
7010,49,1,0,0
7011,25,1,0,0
7012,34,1,0,0
7013,157,1,0,0
7014,98,1,0,0
7015,56,1,0,0
7016,88,1,0,0
7017,22,1,0,0
7018,24,1,0,0
7019,57,1,0,0
7020,115,1,0,0
7021,59,1,0,0
7022,15,1,0,0
7023,22,1,0,0
7024,135,1,0,0
7025,90,1,0,0
7026,31,1,0,0
7027,24,1,0,0
7028,68,1,0,0
7029,23,1,0,0
7030,44,1,0,0
7031,104,1,0,0
7032,35,1,0,0
7033,53,1,0,0
7034,69,1,0,0
7035,156,1,0,0
7036,191,1,0,0
7037,170,1,0,0
7038,62,1,0,0
7039,86,1,0,0
7040,41,1,0,0
7041,38,1,0,0
7042,27,1,0,0
7043,139,1,0,0
7044,133,1,0,0
7045,21,1,0,0
7046,122,1,0,0
7047,18,1,0,0
7048,46,1,0,0
7049,78,1,0,0
7050,170,1,0,0
7051,94,1,0,0
7052,77,1,0,0
7053,89,1,0,0
7054,25,1,0,0
7055,139,1,0,0
7056,26,1,0,0
7057,48,1,0,0
7058,87,1,0,0
7059,46,1,0,0
7060,15,1,0,0
7061,113,1,0,0
7062,79,1,0,0
7063,79,1,0,0
7064,77,1,0,0
7065,72,1,0,0
7066,165,1,0,0
7067,40,1,0,0
7068,13,1,0,0
7069,33,1,0,0
7070,92,1,0,0
7071,15,1,0,0
7072,30,1,0,0
7073,40,1,0,0
7074,108,1,0,0
7075,22,1,0,0
7076,129,1,0,0
7077,24,1,0,0
7078,38,1,0,0
7079,94,1,0,0
7080,125,1,0,0
7081,286,1,0,0
7082,70,1,0,0
7083,30,1,0,0
7084,55,1,0,0
7085,131,1,0,0
7086,21,1,0,0
7087,69,1,0,0
7088,19,1,0,0
7089,42,1,0,0
7090,80,1,0,0
7091,115,1,0,0
7092,63,1,0,0
7093,120,1,0,0
7094,107,1,0,0
7095,159,1,0,0
7096,15,1,0,0
7097,100,1,0,0
7098,94,1,0,0
7099,54,1,0,0
7100,122,1,0,0
7101,29,1,0,0
7102,40,1,0,0
7103,36,1,0,0
7104,18,1,0,0
7105,109,1,0,0
7106,70,1,0,0
7107,26,1,0,0
7108,49,1,0,0
7109,51,1,0,0
7110,17,1,0,0
7111,43,1,0,0
7112,11,1,0,0
7113,95,1,0,0
7114,61,1,0,0
7115,65,1,0,0
7116,96,1,0,0
7117,60,1,0,0
7118,142,1,0,0
7119,23,1,0,0
7120,195,1,0,0
7121,21,1,0,0
7122,56,1,0,0
7123,24,1,0,0
7124,32,1,0,0
7125,31,1,0,0
7126,82,1,0,0
7127,30,1,0,0
7128,55,1,0,0
7129,50,1,0,0
7130,164,1,0,0
7131,219,1,0,0
7132,40,1,0,0
7133,66,1,0,0
7134,96,1,0,0
7135,72,1,0,0
7136,64,1,0,0
7137,42,1,0,0
7138,13,1,0,0
7139,65,1,0,0
7140,64,1,0,0
7141,39,1,0,0
7142,11,1,0,0
7143,17,1,0,0
7144,20,1,0,0
7145,28,1,0,0
7146,213,1,0,0
7147,53,1,0,0
7148,102,1,0,0
7149,153,1,0,0
7150,67,1,0,0
7151,65,1,0,0
7152,81,1,0,0
7153,34,1,0,0
7154,119,1,0,0
7155,28,1,0,0
7156,37,1,0,0
7157,130,1,0,0
7158,22,1,0,0
7159,154,1,0,0
7160,31,1,0,0
7161,49,1,0,0
7162,42,1,0,0
7163,72,1,0,0
7164,23,1,0,0
7165,63,1,0,0
7166,111,1,0,0
7167,23,1,0,0
7168,27,1,0,0
7169,8,1,0,0
7170,131,1,0,0
7171,45,1,0,0
7172,75,1,0,0
7173,84,1,0,0
7174,102,1,0,0
7175,28,1,0,0
7176,84,1,0,0
7177,55,1,0,0
7178,72,1,0,0
7179,47,1,0,0
7180,35,1,0,0
7181,11,1,0,0
7182,37,1,0,0
7183,61,1,0,0
7184,51,1,0,0
7185,105,1,0,0
7186,101,1,0,0
7187,95,1,0,0
7188,121,1,0,0
7189,14,1,0,0
7190,87,1,0,0
7191,22,1,0,0
7192,48,1,0,0
7193,91,1,0,0
7194,25,1,0,0
7195,190,1,0,0
7196,24,1,0,0
7197,36,1,0,0
7198,96,1,0,0
7199,153,1,0,0
7200,158,1,0,0
7201,75,1,0,0
7202,72,1,0,0
7203,21,1,0,0
7204,62,1,0,0
7205,47,1,0,0
7206,53,1,0,0
7207,130,1,0,0
7208,138,1,0,0
7209,15,1,0,0
7210,14,1,0,0
7211,48,1,0,0
7212,11,1,0,0
7213,70,1,0,0
7214,173,1,0,0
7215,22,1,0,0
7216,151,1,0,0
7217,68,1,0,0
7218,44,1,0,0
7219,36,1,0,0
7220,33,1,0,0
7221,30,1,0,0
7222,68,1,0,0
7223,110,1,0,0
7224,82,1,0,0
7225,24,1,0,0
7226,169,1,0,0
7227,16,1,0,0
7228,28,1,0,0
7229,29,1,0,0
7230,41,1,0,0
7231,99,1,0,0
7232,290,1,0,0
7233,13,1,0,0
7234,79,1,0,0
7235,64,1,0,0
7236,71,1,0,0
7237,174,1,0,0
7238,36,1,0,0
7239,55,1,0,0
7240,38,1,0,0
7241,60,1,0,0
7242,24,1,0,0
7243,100,1,0,0
7244,21,1,0,0
7245,22,1,0,0
7246,39,1,0,0
7247,68,1,0,0
7248,80,1,0,0
7249,45,1,0,0
7250,52,1,0,0
7251,44,1,0,0
7252,55,1,0,0
7253,37,1,0,0
7254,61,1,0,0
7255,77,1,0,0
7256,68,1,0,0
7257,103,1,0,0
7258,42,1,0,0
7259,60,1,0,0
7260,14,1,0,0
7261,99,1,0,0
7262,100,1,0,0
7263,46,1,0,0
7264,66,1,0,0
7265,107,1,0,0
7266,77,1,0,0
7267,77,1,0,0
7268,32,1,0,0
7269,93,1,0,0
7270,140,1,0,0
7271,16,1,0,0
7272,124,1,0,0
7273,13,1,0,0
7274,25,1,0,0
7275,66,1,0,0
7276,107,1,0,0
7277,42,1,0,0
7278,62,1,0,0
7279,85,1,0,0
7280,16,1,0,0
7281,34,1,0,0
7282,22,1,0,0
7283,66,1,0,0
7284,37,1,0,0
7285,20,1,0,0
7286,33,1,0,0
7287,9,1,0,0
7288,36,1,0,0
7289,67,1,0,0
7290,108,1,0,0
7291,96,1,0,0
7292,8,1,0,0
7293,53,1,0,0
7294,13,1,0,0
7295,64,1,0,0
7296,142,1,0,0
7297,55,1,0,0
7298,53,1,0,0
7299,57,1,0,0
7300,47,1,0,0
7301,58,1,0,0
7302,12,1,0,0
7303,38,1,0,0
7304,28,1,0,0
7305,49,1,0,0
7306,36,1,0,0
7307,23,1,0,0
7308,140,1,0,0
7309,122,1,0,0
7310,18,1,0,0
7311,186,1,0,0
7312,18,1,0,0
7313,90,1,0,0
7314,24,1,0,0
7315,55,1,0,0
7316,143,1,0,0
7317,122,1,0,0
7318,104,1,0,0
7319,46,1,0,0
7320,334,1,0,0
7321,154,1,0,0
7322,11,1,0,0
7323,155,1,0,0
7324,47,1,0,0
7325,41,1,0,0
7326,55,1,0,0
7327,79,1,0,0
7328,64,1,0,0
7329,74,1,0,0
7330,82,1,0,0
7331,79,1,0,0
7332,21,1,0,0
7333,55,1,0,0
7334,75,1,0,0
7335,70,1,0,0
7336,63,1,0,0
7337,89,1,0,0
7338,134,1,0,0
7339,162,1,0,0
7340,100,1,0,0
7341,141,1,0,0
7342,21,1,0,0
7343,43,1,0,0
7344,26,1,0,0
7345,40,1,0,0
7346,13,1,0,0
7347,23,1,0,0
7348,29,1,0,0
7349,207,1,0,0
7350,38,1,0,0
7351,68,1,0,0
7352,19,1,0,0
7353,179,1,0,0
7354,49,1,0,0
7355,28,1,0,0
7356,74,1,0,0
7357,45,1,0,0
7358,61,1,0,0
7359,20,1,0,0
7360,33,1,0,0
7361,72,1,0,0
7362,63,1,0,0
7363,45,1,0,0
7364,141,1,0,0
7365,22,1,0,0
7366,127,1,0,0
7367,31,1,0,0
7368,16,1,0,0
7369,40,1,0,0
7370,59,1,0,0
7371,71,1,0,0
7372,106,1,0,0
7373,39,1,0,0
7374,29,1,0,0
7375,46,1,0,0
7376,85,1,0,0
7377,107,1,0,0
7378,26,1,0,0
7379,284,1,0,0
7380,42,1,0,0
7381,63,1,0,0
7382,117,1,0,0
7383,111,1,0,0
7384,102,1,0,0
7385,29,1,0,0
7386,83,1,0,0
7387,75,1,0,0
7388,31,1,0,0
7389,100,1,0,0
7390,178,1,0,0
7391,20,1,0,0
7392,99,1,0,0
7393,183,1,0,0
7394,31,1,0,0
7395,88,1,0,0
7396,191,1,0,0
7397,58,1,0,0
7398,93,1,0,0
7399,65,1,0,0
7400,37,1,0,0
7401,27,1,0,0
7402,13,1,0,0
7403,10,1,0,0
7404,106,1,0,0
7405,11,1,0,0
7406,170,1,0,0
7407,84,1,0,0
7408,55,1,0,0
7409,109,1,0,0
7410,51,1,0,0
7411,95,1,0,0
7412,96,1,0,0
7413,48,1,0,0
7414,37,1,0,0
7415,61,1,0,0
7416,233,1,0,0
7417,72,1,0,0
7418,25,1,0,0
7419,66,1,0,0
7420,17,1,0,0
7421,9,1,0,0
7422,45,1,0,0
7423,68,1,0,0
7424,82,1,0,0
7425,60,1,0,0
7426,49,1,0,0
7427,167,1,0,0
7428,44,1,0,0
7429,40,1,0,0
7430,43,1,0,0
7431,107,1,0,0
7432,55,1,0,0
7433,88,1,0,0
7434,67,1,0,0
7435,111,1,0,0
7436,99,1,0,0
7437,177,1,0,0
7438,177,1,0,0
7439,85,1,0,0
7440,48,1,0,0
7441,26,1,0,0
7442,133,1,0,0
7443,33,1,0,0
7444,51,1,0,0
7445,12,1,0,0
7446,213,1,0,0
7447,81,1,0,0
7448,84,1,0,0
7449,74,1,0,0
7450,181,1,0,0
7451,74,1,0,0
7452,38,1,0,0
7453,119,1,0,0
7454,69,1,0,0
7455,9,1,0,0
7456,24,1,0,0
7457,52,1,0,0
7458,85,1,0,0
7459,178,1,0,0
7460,34,1,0,0
7461,55,1,0,0
7462,29,1,0,0
7463,45,1,0,0
7464,16,1,0,0
7465,175,1,0,0
7466,126,1,0,0
7467,97,1,0,0
7468,250,1,0,0
7469,99,1,0,0
7470,7,1,0,0
7471,87,1,0,0
7472,138,1,0,0
7473,17,1,0,0
7474,56,1,0,0
7475,74,1,0,0
7476,47,1,0,0
7477,22,1,0,0
7478,61,1,0,0
7479,82,1,0,0
7480,65,1,0,0
7481,17,1,0,0
7482,47,1,0,0
7483,70,1,0,0
7484,93,1,0,0
7485,118,1,0,0
7486,53,1,0,0
7487,15,1,0,0
7488,43,1,0,0
7489,199,1,0,0
7490,47,1,0,0
7491,77,1,0,0
7492,25,1,0,0
7493,112,1,0,0
7494,60,1,0,0
7495,97,1,0,0
7496,72,1,0,0
7497,48,1,0,0
7498,130,1,0,0
7499,41,1,0,0
7500,68,1,0,0
7501,50,1,0,0
7502,49,1,0,0
7503,40,1,0,0
7504,41,1,0,0
7505,59,1,0,0
7506,16,1,0,0
7507,96,1,0,0
7508,65,1,0,0
7509,21,1,0,0
7510,99,1,0,0
7511,126,1,0,0
7512,114,1,0,0
7513,185,1,0,0
7514,32,1,0,0
7515,24,1,0,0
7516,91,1,0,0
7517,65,1,0,0
7518,55,1,0,0
7519,84,1,0,0
7520,99,1,0,0
7521,130,1,0,0
7522,153,1,0,0
7523,146,1,0,0
7524,123,1,0,0
7525,70,1,0,0
7526,91,1,0,0
7527,78,1,0,0
7528,24,1,0,0
7529,24,1,0,0
7530,33,1,0,0
7531,21,1,0,0
7532,153,1,0,0
7533,117,1,0,0
7534,44,1,0,0
7535,27,1,0,0
7536,50,1,0,0
7537,36,1,0,0
7538,20,1,0,0
7539,71,1,0,0
7540,36,1,0,0
7541,33,1,0,0
7542,48,1,0,0
7543,123,1,0,0
7544,52,1,0,0
7545,9,1,0,0
7546,28,1,0,0
7547,81,1,0,0
7548,116,1,0,0
7549,55,1,0,0
7550,18,1,0,0
7551,76,1,0,0
7552,58,1,0,0
7553,56,1,0,0
7554,93,1,0,0
7555,106,1,0,0
7556,53,1,0,0
7557,56,1,0,0
7558,22,1,0,0
7559,119,1,0,0
7560,58,1,0,0
7561,13,1,0,0
7562,15,1,0,0
7563,129,1,0,0
7564,60,1,0,0
7565,79,1,0,0
7566,48,1,0,0
7567,68,1,0,0
7568,72,1,0,0
7569,47,1,0,0
7570,51,1,0,0
7571,25,1,0,0
7572,63,1,0,0
7573,31,1,0,0
7574,17,1,0,0
7575,29,1,0,0
7576,19,1,0,0
7577,15,1,0,0
7578,44,1,0,0
7579,88,1,0,0
7580,78,1,0,0
7581,43,1,0,0
7582,13,1,0,0
7583,150,1,0,0
7584,37,1,0,0
7585,101,1,0,0
7586,69,1,0,0
7587,101,1,0,0
7588,137,1,0,0
7589,83,1,0,0
7590,14,1,0,0
7591,87,1,0,0
7592,41,1,0,0
7593,52,1,0,0
7594,66,1,0,0
7595,133,1,0,0
7596,65,1,0,0
7597,199,1,0,0
7598,69,1,0,0
7599,49,1,0,0
7600,51,1,0,0
7601,117,1,0,0
7602,34,1,0,0
7603,52,1,0,0
7604,240,1,0,0
7605,151,1,0,0
7606,30,1,0,0
7607,191,1,0,0
7608,94,1,0,0
7609,42,1,0,0
7610,23,1,0,0
7611,55,1,0,0
7612,34,1,0,0
7613,46,1,0,0
7614,70,1,0,0
7615,114,1,0,0
7616,54,1,0,0
7617,34,1,0,0
7618,142,1,0,0
7619,21,1,0,0
7620,21,1,0,0
7621,34,1,0,0
7622,53,1,0,0
7623,28,1,0,0
7624,39,1,0,0
7625,109,1,0,0
7626,68,1,0,0
7627,47,1,0,0
7628,52,1,0,0
7629,28,1,0,0
7630,41,1,0,0
7631,22,1,0,0
7632,57,1,0,0
7633,33,1,0,0
7634,61,1,0,0
7635,57,1,0,0
7636,204,1,0,0
7637,81,1,0,0
7638,15,1,0,0
7639,22,1,0,0
7640,53,1,0,0
7641,46,1,0,0
7642,27,1,0,0
7643,227,1,0,0
7644,61,1,0,0
7645,88,1,0,0
7646,9,1,0,0
7647,87,1,0,0
7648,253,1,0,0
7649,63,1,0,0
7650,73,1,0,0
7651,114,1,0,0
7652,42,1,0,0
7653,49,1,0,0
7654,22,1,0,0
7655,53,1,0,0
7656,84,1,0,0
7657,118,1,0,0
7658,63,1,0,0
7659,23,1,0,0
7660,81,1,0,0
7661,40,1,0,0
7662,72,1,0,0
7663,44,1,0,0
7664,71,1,0,0
7665,25,1,0,0
7666,93,1,0,0
7667,70,1,0,0
7668,57,1,0,0
7669,93,1,0,0
7670,84,1,0,0
7671,44,1,0,0
7672,19,1,0,0
7673,74,1,0,0
7674,76,1,0,0
7675,79,1,0,0
7676,48,1,0,0
7677,36,1,0,0
7678,71,1,0,0
7679,157,1,0,0
7680,36,1,0,0
7681,88,1,0,0
7682,140,1,0,0
7683,27,1,0,0
7684,217,1,0,0
7685,48,1,0,0
7686,148,1,0,0
7687,65,1,0,0
7688,80,1,0,0
7689,155,1,0,0
7690,46,1,0,0
7691,81,1,0,0
7692,27,1,0,0
7693,38,1,0,0
7694,54,1,0,0
7695,54,1,0,0
7696,206,1,0,0
7697,150,1,0,0
7698,106,1,0,0
7699,9,1,0,0
7700,55,1,0,0
7701,20,1,0,0
7702,71,1,0,0
7703,41,1,0,0
7704,67,1,0,0
7705,27,1,0,0
7706,58,1,0,0
7707,62,1,0,0
7708,41,1,0,0
7709,50,1,0,0
7710,45,1,0,0
7711,64,1,0,0
7712,64,1,0,0
7713,15,1,0,0
7714,50,1,0,0
7715,259,1,0,0
7716,23,1,0,0
7717,175,1,0,0
7718,22,1,0,0
7719,95,1,0,0
7720,169,1,0,0
7721,27,1,0,0
7722,58,1,0,0
7723,66,1,0,0
7724,41,1,0,0
7725,26,1,0,0
7726,90,1,0,0
7727,35,1,0,0
7728,70,1,0,0
7729,74,1,0,0
7730,158,1,0,0
7731,71,1,0,0
7732,54,1,0,0
7733,46,1,0,0
7734,53,1,0,0
7735,23,1,0,0
7736,82,1,0,0
7737,13,1,0,0
7738,190,1,0,0
7739,52,1,0,0
7740,37,1,0,0
7741,100,1,0,0
7742,32,1,0,0
7743,83,1,0,0
7744,39,1,0,0
7745,47,1,0,0
7746,28,1,0,0
7747,39,1,0,0
7748,64,1,0,0
7749,39,1,0,0
7750,67,1,0,0
7751,106,1,0,0
7752,22,1,0,0
7753,64,1,0,0
7754,16,1,0,0
7755,45,1,0,0
7756,54,1,0,0
7757,34,1,0,0
7758,78,1,0,0
7759,44,1,0,0
7760,59,1,0,0
7761,57,1,0,0
7762,173,1,0,0
7763,72,1,0,0
7764,166,1,0,0
7765,109,1,0,0
7766,28,1,0,0
7767,155,1,0,0
7768,108,1,0,0
7769,37,1,0,0
7770,20,1,0,0
7771,49,1,0,0
7772,27,1,0,0
7773,29,1,0,0
7774,103,1,0,0
7775,235,1,0,0
7776,91,1,0,0
7777,65,1,0,0
7778,126,1,0,0
7779,17,1,0,0
7780,9,1,0,0
7781,65,1,0,0
7782,25,1,0,0
7783,89,1,0,0
7784,38,1,0,0
7785,127,1,0,0
7786,316,1,0,0
7787,72,1,0,0
7788,48,1,0,0
7789,56,1,0,0
7790,108,1,0,0
7791,78,1,0,0
7792,68,1,0,0
7793,75,1,0,0
7794,32,1,0,0
7795,58,1,0,0
7796,110,1,0,0
7797,236,1,0,0
7798,44,1,0,0
7799,78,1,0,0
7800,73,1,0,0
7801,34,1,0,0
7802,26,1,0,0
7803,46,1,0,0
7804,101,1,0,0
7805,113,1,0,0
7806,72,1,0,0
7807,28,1,0,0
7808,106,1,0,0
7809,117,1,0,0
7810,19,1,0,0
7811,13,1,0,0
7812,58,1,0,0
7813,39,1,0,0
7814,68,1,0,0
7815,60,1,0,0
7816,31,1,0,0
7817,64,1,0,0
7818,35,1,0,0
7819,102,1,0,0
7820,99,1,0,0
7821,56,1,0,0
7822,21,1,0,0
7823,37,1,0,0
7824,24,1,0,0
7825,90,1,0,0
7826,38,1,0,0
7827,93,1,0,0
7828,34,1,0,0
7829,19,1,0,0
7830,119,1,0,0
7831,44,1,0,0
7832,44,1,0,0
7833,61,1,0,0
7834,71,1,0,0
7835,50,1,0,0
7836,114,1,0,0
7837,23,1,0,0
7838,15,1,0,0
7839,183,1,0,0
7840,120,1,0,0
7841,108,1,0,0
7842,90,1,0,0
7843,46,1,0,0
7844,38,1,0,0
7845,14,1,0,0
7846,10,1,0,0
7847,37,1,0,0
7848,87,1,0,0
7849,80,1,0,0
7850,97,1,0,0
7851,124,1,0,0
7852,40,1,0,0
7853,45,1,0,0
7854,44,1,0,0
7855,62,1,0,0
7856,95,1,0,0
7857,74,1,0,0
7858,104,1,0,0
7859,90,1,0,0
7860,17,1,0,0
7861,78,1,0,0
7862,41,1,0,0
7863,25,1,0,0
7864,119,1,0,0
7865,173,1,0,0
7866,16,1,0,0
7867,31,1,0,0
7868,55,1,0,0
7869,39,1,0,0
7870,194,1,0,0
7871,112,1,0,0
7872,78,1,0,0
7873,13,1,0,0
7874,74,1,0,0
7875,74,1,0,0
7876,37,1,0,0
7877,68,1,0,0
7878,80,1,0,0
7879,54,1,0,0
7880,132,1,0,0
7881,57,1,0,0
7882,57,1,0,0
7883,70,1,0,0
7884,55,1,0,0
7885,161,1,0,0
7886,57,1,0,0
7887,30,1,0,0
7888,17,1,0,0
7889,23,1,0,0
7890,186,1,0,0
7891,68,1,0,0
7892,20,1,0,0
7893,45,1,0,0
7894,45,1,0,0
7895,24,1,0,0
7896,17,1,0,0
7897,43,1,0,0
7898,60,1,0,0
7899,91,1,0,0
7900,49,1,0,0
7901,92,1,0,0
7902,96,1,0,0
7903,34,1,0,0
7904,19,1,0,0
7905,53,1,0,0
7906,77,1,0,0
7907,72,1,0,0
7908,105,1,0,0
7909,119,1,0,0
7910,23,1,0,0
7911,55,1,0,0
7912,26,1,0,0
7913,14,1,0,0
7914,197,1,0,0
7915,179,1,0,0
7916,19,1,0,0
7917,16,1,0,0
7918,14,1,0,0
7919,56,1,0,0
7920,52,1,0,0
7921,40,1,0,0
7922,44,1,0,0
7923,40,1,0,0
7924,116,1,0,0
7925,14,1,0,0
7926,59,1,0,0
7927,103,1,0,0
7928,104,1,0,0
7929,48,1,0,0
7930,75,1,0,0
7931,82,1,0,0
7932,69,1,0,0
7933,60,1,0,0
7934,87,1,0,0
7935,63,1,0,0
7936,107,1,0,0
7937,60,1,0,0
7938,27,1,0,0
7939,253,1,0,0
7940,86,1,0,0
7941,36,1,0,0
7942,50,1,0,0
7943,97,1,0,0
7944,52,1,0,0
7945,189,1,0,0
7946,96,1,0,0
7947,70,1,0,0
7948,56,1,0,0
7949,25,1,0,0
7950,18,1,0,0
7951,27,1,0,0
7952,35,1,0,0
7953,286,1,0,0
7954,110,1,0,0
7955,65,1,0,0
7956,34,1,0,0
7957,16,1,0,0
7958,48,1,0,0
7959,48,1,0,0
7960,155,1,0,0
7961,119,1,0,0
7962,90,1,0,0
7963,70,1,0,0
7964,42,1,0,0
7965,30,1,0,0
7966,109,1,0,0
7967,50,1,0,0
7968,36,1,0,0
7969,14,1,0,0
7970,54,1,0,0
7971,71,1,0,0
7972,36,1,0,0
7973,25,1,0,0
7974,382,1,0,0
7975,39,1,0,0
7976,85,1,0,0
7977,33,1,0,0
7978,264,1,0,0
7979,52,1,0,0
7980,20,1,0,0
7981,79,1,0,0
7982,19,1,0,0
7983,17,1,0,0
7984,92,1,0,0
7985,115,1,0,0
7986,34,1,0,0
7987,25,1,0,0
7988,166,1,0,0
7989,27,1,0,0
7990,36,1,0,0
7991,26,1,0,0
7992,107,1,0,0
7993,21,1,0,0
7994,17,1,0,0
7995,33,1,0,0
7996,25,1,0,0
7997,81,1,0,0
7998,59,1,0,0
7999,26,1,0,0
8000,82,1,0,0
8001,27,1,0,0
8002,43,1,0,0
8003,65,1,0,0
8004,72,1,0,0
8005,189,1,0,0
8006,24,1,0,0
8007,48,1,0,0
8008,61,1,0,0
8009,93,1,0,0
8010,101,1,0,0
8011,174,1,0,0
8012,150,1,0,0
8013,127,1,0,0
8014,102,1,0,0
8015,124,1,0,0
8016,65,1,0,0
8017,31,1,0,0
8018,67,1,0,0
8019,91,1,0,0
8020,77,1,0,0
8021,150,1,0,0
8022,66,1,0,0
8023,87,1,0,0
8024,111,1,0,0
8025,74,1,0,0
8026,111,1,0,0
8027,33,1,0,0
8028,91,1,0,0
8029,118,1,0,0
8030,124,1,0,0
8031,188,1,0,0
8032,11,1,0,0
8033,62,1,0,0
8034,25,1,0,0
8035,11,1,0,0
8036,109,1,0,0
8037,22,1,0,0
8038,90,1,0,0
8039,36,1,0,0
8040,202,1,0,0
8041,87,1,0,0
8042,62,1,0,0
8043,31,1,0,0
8044,31,1,0,0
8045,111,1,0,0
8046,95,1,0,0
8047,30,1,0,0
8048,64,1,0,0
8049,14,1,0,0
8050,96,1,0,0
8051,9,1,0,0
8052,57,1,0,0
8053,98,1,0,0
8054,32,1,0,0
8055,65,1,0,0
8056,13,1,0,0
8057,56,1,0,0
8058,115,1,0,0
8059,15,1,0,0
8060,37,1,0,0
8061,44,1,0,0
8062,35,1,0,0
8063,30,1,0,0
8064,36,1,0,0
8065,89,1,0,0
8066,25,1,0,0
8067,60,1,0,0
8068,92,1,0,0
8069,46,1,0,0
8070,87,1,0,0
8071,116,1,0,0
8072,31,1,0,0
8073,92,1,0,0
8074,156,1,0,0
8075,53,1,0,0
8076,58,1,0,0
8077,46,1,0,0
8078,64,1,0,0
8079,18,1,0,0
8080,20,1,0,0
8081,79,1,0,0
8082,135,1,0,0
8083,28,1,0,0
8084,85,1,0,0
8085,103,1,0,0
8086,124,1,0,0
8087,21,1,0,0
8088,58,1,0,0
8089,42,1,0,0
8090,9,1,0,0
8091,42,1,0,0
8092,10,1,0,0
8093,17,1,0,0
8094,95,1,0,0
8095,164,1,0,0
8096,40,1,0,0
8097,25,1,0,0
8098,16,1,0,0
8099,66,1,0,0
8100,76,1,0,0
8101,66,1,0,0
8102,43,1,0,0
8103,19,1,0,0
8104,96,1,0,0
8105,170,1,0,0
8106,105,1,0,0
8107,35,1,0,0
8108,40,1,0,0
8109,69,1,0,0
8110,131,1,0,0
8111,22,1,0,0
8112,32,1,0,0
8113,20,1,0,0
8114,9,1,0,0
8115,28,1,0,0
8116,119,1,0,0
8117,301,1,0,0
8118,167,1,0,0
8119,127,1,0,0
8120,14,1,0,0
8121,201,1,0,0
8122,29,1,0,0
8123,30,1,0,0
8124,157,1,0,0
8125,119,1,0,0
8126,36,1,0,0
8127,36,1,0,0
8128,141,1,0,0
8129,142,1,0,0
8130,15,1,0,0
8131,95,1,0,0
8132,17,1,0,0
8133,77,1,0,0
8134,80,1,0,0
8135,52,1,0,0
8136,131,1,0,0
8137,16,1,0,0
8138,60,1,0,0
8139,32,1,0,0
8140,56,1,0,0
8141,10,1,0,0
8142,41,1,0,0
8143,150,1,0,0
8144,26,1,0,0
8145,65,1,0,0
8146,72,1,0,0
8147,89,1,0,0
8148,62,1,0,0
8149,14,1,0,0
8150,167,1,0,0
8151,31,1,0,0
8152,32,1,0,0
8153,139,1,0,0
8154,95,1,0,0
8155,35,1,0,0
8156,100,1,0,0
8157,85,1,0,0
8158,185,1,0,0
8159,22,1,0,0
8160,99,1,0,0
8161,110,1,0,0
8162,13,1,0,0
8163,32,1,0,0
8164,26,1,0,0
8165,112,1,0,0
8166,114,1,0,0
8167,23,1,0,0
8168,93,1,0,0
8169,87,1,0,0
8170,93,1,0,0
8171,236,1,0,0
8172,88,1,0,0
8173,49,1,0,0
8174,233,1,0,0
8175,129,1,0,0
8176,17,1,0,0
8177,163,1,0,0
8178,68,1,0,0
8179,127,1,0,0
8180,87,1,0,0
8181,86,1,0,0
8182,72,1,0,0
8183,72,1,0,0
8184,59,1,0,0
8185,27,1,0,0
8186,95,1,0,0
8187,41,1,0,0
8188,125,1,0,0
8189,61,1,0,0
8190,89,1,0,0
8191,22,1,0,0
8192,136,1,0,0
8193,16,1,0,0
8194,31,1,0,0
8195,160,1,0,0
8196,49,1,0,0
8197,66,1,0,0
8198,21,1,0,0
8199,9,1,0,0
8200,33,1,0,0
8201,178,1,0,0
8202,17,1,0,0
8203,46,1,0,0
8204,10,1,0,0
8205,85,1,0,0
8206,38,1,0,0
8207,53,1,0,0
8208,32,1,0,0
8209,54,1,0,0
8210,80,1,0,0
8211,61,1,0,0
8212,155,1,0,0
8213,63,1,0,0
8214,61,1,0,0
8215,16,1,0,0
8216,155,1,0,0
8217,77,1,0,0
8218,30,1,0,0
8219,63,1,0,0
8220,95,1,0,0
8221,207,1,0,0
8222,19,1,0,0
8223,21,1,0,0
8224,103,1,0,0
8225,72,1,0,0
8226,62,1,0,0
8227,42,1,0,0
8228,121,1,0,0
8229,29,1,0,0
8230,120,1,0,0
8231,27,1,0,0
8232,55,1,0,0
8233,171,1,0,0
8234,23,1,0,0
8235,153,1,0,0
8236,32,1,0,0
8237,141,1,0,0
8238,41,1,0,0
8239,80,1,0,0
8240,24,1,0,0
8241,156,1,0,0
8242,98,1,0,0
8243,54,1,0,0
8244,29,1,0,0
8245,153,1,0,0
8246,80,1,0,0
8247,93,1,0,0
8248,75,1,0,0
8249,39,1,0,0
8250,82,1,0,0
8251,28,1,0,0
8252,49,1,0,0
8253,35,1,0,0
8254,45,1,0,0
8255,49,1,0,0
8256,62,1,0,0
8257,87,1,0,0
8258,33,1,0,0
8259,40,1,0,0
8260,78,1,0,0
8261,38,1,0,0
8262,88,1,0,0
8263,66,1,0,0
8264,46,1,0,0
8265,14,1,0,0
8266,41,1,0,0
8267,18,1,0,0
8268,144,1,0,0
8269,30,1,0,0
8270,9,1,0,0
8271,101,1,0,0
8272,183,1,0,0
8273,66,1,0,0
8274,109,1,0,0
8275,82,1,0,0
8276,103,1,0,0
8277,65,1,0,0
8278,48,1,0,0
8279,115,1,0,0
8280,109,1,0,0
8281,77,1,0,0
8282,167,1,0,0
8283,109,1,0,0
8284,32,1,0,0
8285,55,1,0,0
8286,21,1,0,0
8287,57,1,0,0
8288,56,1,0,0
8289,70,1,0,0
8290,187,1,0,0
8291,68,1,0,0
8292,53,1,0,0
8293,39,1,0,0
8294,22,1,0,0
8295,117,1,0,0
8296,127,1,0,0
8297,38,1,0,0
8298,68,1,0,0
8299,26,1,0,0
8300,22,1,0,0
8301,112,1,0,0
8302,42,1,0,0
8303,19,1,0,0
8304,75,1,0,0
8305,28,1,0,0
8306,69,1,0,0
8307,134,1,0,0
8308,72,1,0,0
8309,35,1,0,0
8310,103,1,0,0
8311,87,1,0,0
8312,38,1,0,0
8313,77,1,0,0
8314,69,1,0,0
8315,28,1,0,0
8316,90,1,0,0
8317,87,1,0,0
8318,76,1,0,0
8319,96,1,0,0
8320,66,1,0,0
8321,68,1,0,0
8322,16,1,0,0
8323,157,1,0,0
8324,68,1,0,0
8325,134,1,0,0
8326,132,1,0,0
8327,144,1,0,0
8328,58,1,0,0
8329,98,1,0,0
8330,167,1,0,0
8331,96,1,0,0
8332,139,1,0,0
8333,79,1,0,0
8334,123,1,0,0
8335,27,1,0,0
8336,119,1,0,0
8337,56,1,0,0
8338,27,1,0,0
8339,27,1,0,0
8340,80,1,0,0
8341,77,1,0,0
8342,33,1,0,0
8343,121,1,0,0
8344,96,1,0,0
8345,30,1,0,0
8346,36,1,0,0
8347,55,1,0,0
8348,33,1,0,0
8349,54,1,0,0
8350,178,1,0,0
8351,66,1,0,0
8352,24,1,0,0
8353,33,1,0,0
8354,49,1,0,0
8355,54,1,0,0
8356,50,1,0,0
8357,112,1,0,0
8358,39,1,0,0
8359,77,1,0,0
8360,58,1,0,0
8361,75,1,0,0
8362,193,1,0,0
8363,55,1,0,0
8364,55,1,0,0
8365,59,1,0,0
8366,90,1,0,0
8367,94,1,0,0
8368,94,1,0,0
8369,16,1,0,0
8370,38,1,0,0
8371,39,1,0,0
8372,112,1,0,0
8373,98,1,0,0
8374,76,1,0,0
8375,73,1,0,0
8376,103,1,0,0
8377,109,1,0,0
8378,39,1,0,0
8379,68,1,0,0
8380,44,1,0,0
8381,56,1,0,0
8382,42,1,0,0
8383,35,1,0,0
8384,78,1,0,0
8385,27,1,0,0
8386,40,1,0,0
8387,51,1,0,0
8388,119,1,0,0
8389,40,1,0,0
8390,13,1,0,0
8391,133,1,0,0
8392,80,1,0,0
8393,25,1,0,0
8394,52,1,0,0
8395,51,1,0,0
8396,64,1,0,0
8397,37,1,0,0
8398,182,1,0,0
8399,56,1,0,0
8400,116,1,0,0
8401,97,1,0,0
8402,66,1,0,0
8403,56,1,0,0
8404,65,1,0,0
8405,98,1,0,0
8406,19,1,0,0
8407,186,1,0,0
8408,89,1,0,0
8409,61,1,0,0
8410,22,1,0,0
8411,212,1,0,0
8412,11,1,0,0
8413,184,1,0,0
8414,8,1,0,0
8415,120,1,0,0
8416,38,1,0,0
8417,166,1,0,0
8418,16,1,0,0
8419,83,1,0,0
8420,72,1,0,0
8421,124,1,0,0
8422,129,1,0,0
8423,16,1,0,0
8424,27,1,0,0
8425,28,1,0,0
8426,124,1,0,0
8427,44,1,0,0
8428,36,1,0,0
8429,50,1,0,0
8430,50,1,0,0
8431,240,1,0,0
8432,46,1,0,0
8433,92,1,0,0
8434,59,1,0,0
8435,127,1,0,0
8436,71,1,0,0
8437,53,1,0,0
8438,73,1,0,0
8439,13,1,0,0
8440,51,1,0,0
8441,30,1,0,0
8442,10,1,0,0
8443,19,1,0,0
8444,54,1,0,0
8445,40,1,0,0
8446,88,1,0,0
8447,184,1,0,0
8448,52,1,0,0
8449,31,1,0,0
8450,118,1,0,0
8451,138,1,0,0
8452,157,1,0,0
8453,34,1,0,0
8454,25,1,0,0
8455,36,1,0,0
8456,63,1,0,0
8457,63,1,0,0
8458,88,1,0,0
8459,25,1,0,0
8460,35,1,0,0
8461,119,1,0,0
8462,28,1,0,0
8463,78,1,0,0
8464,61,1,0,0
8465,27,1,0,0
8466,54,1,0,0
8467,51,1,0,0
8468,118,1,0,0
8469,77,1,0,0
8470,94,1,0,0
8471,78,1,0,0
8472,15,1,0,0
8473,145,1,0,0
8474,73,1,0,0
8475,93,1,0,0
8476,59,1,0,0
8477,99,1,0,0
8478,117,1,0,0
8479,137,1,0,0
8480,108,1,0,0
8481,119,1,0,0
8482,93,1,0,0
8483,34,1,0,0
8484,63,1,0,0
8485,132,1,0,0
8486,32,1,0,0
8487,221,1,0,0
8488,32,1,0,0
8489,18,1,0,0
8490,74,1,0,0
8491,41,1,0,0
8492,34,1,0,0
8493,80,1,0,0
8494,60,1,0,0
8495,132,1,0,0
8496,80,1,0,0
8497,91,1,0,0
8498,75,1,0,0
8499,88,1,0,0
8500,21,1,0,0
8501,44,1,0,0
8502,87,1,0,0
8503,89,1,0,0
8504,130,1,0,0
8505,36,1,0,0
8506,12,1,0,0
8507,63,1,0,0
8508,59,1,0,0
8509,104,1,0,0
8510,98,1,0,0
8511,50,1,0,0
8512,51,1,0,0
8513,199,1,0,0
8514,77,1,0,0
8515,90,1,0,0
8516,19,1,0,0
8517,65,1,0,0
8518,53,1,0,0
8519,61,1,0,0
8520,15,1,0,0
8521,20,1,0,0
8522,37,1,0,0
8523,41,1,0,0
8524,71,1,0,0
8525,83,1,0,0
8526,30,1,0,0
8527,26,1,0,0
8528,46,1,0,0
8529,68,1,0,0
8530,86,1,0,0
8531,54,1,0,0
8532,36,1,0,0
8533,131,1,0,0
8534,14,1,0,0
8535,107,1,0,0
8536,37,1,0,0
8537,271,1,0,0
8538,51,1,0,0
8539,104,1,0,0
8540,61,1,0,0
8541,49,1,0,0
8542,37,1,0,0
8543,19,1,0,0
8544,76,1,0,0
8545,87,1,0,0
8546,127,1,0,0
8547,74,1,0,0
8548,7,1,0,0
8549,24,1,0,0
8550,119,1,0,0
8551,218,1,0,0
8552,18,1,0,0
8553,90,1,0,0
8554,21,1,0,0
8555,36,1,0,0
8556,290,1,0,0
8557,41,1,0,0
8558,59,1,0,0
8559,37,1,0,0
8560,39,1,0,0
8561,57,1,0,0
8562,48,1,0,0
8563,109,1,0,0
8564,20,1,0,0
8565,34,1,0,0
8566,109,1,0,0
8567,73,1,0,0
8568,40,1,0,0
8569,42,1,0,0
8570,55,1,0,0
8571,82,1,0,0
8572,26,1,0,0
8573,123,1,0,0
8574,68,1,0,0
8575,149,1,0,0
8576,166,1,0,0
8577,78,1,0,0
8578,96,1,0,0
8579,34,1,0,0
8580,103,1,0,0
8581,55,1,0,0
8582,38,1,0,0
8583,175,1,0,0
8584,34,1,0,0
8585,38,1,0,0
8586,24,1,0,0
8587,35,1,0,0
8588,123,1,0,0
8589,25,1,0,0
8590,45,1,0,0
8591,64,1,0,0
8592,28,1,0,0
8593,33,1,0,0
8594,34,1,0,0
8595,90,1,0,0
8596,179,1,0,0
8597,62,1,0,0
8598,72,1,0,0
8599,54,1,0,0
8600,35,1,0,0
8601,64,1,0,0
8602,77,1,0,0
8603,15,1,0,0
8604,41,1,0,0
8605,18,1,0,0
8606,41,1,0,0
8607,39,1,0,0
8608,21,1,0,0
8609,129,1,0,0
8610,78,1,0,0
8611,16,1,0,0
8612,28,1,0,0
8613,82,1,0,0
8614,174,1,0,0
8615,103,1,0,0
8616,305,1,0,0
8617,33,1,0,0
8618,75,1,0,0
8619,45,1,0,0
8620,58,1,0,0
8621,32,1,0,0
8622,131,1,0,0
8623,28,1,0,0
8624,12,1,0,0
8625,42,1,0,0
8626,52,1,0,0
8627,12,1,0,0
8628,79,1,0,0
8629,27,1,0,0
8630,21,1,0,0
8631,50,1,0,0
8632,71,1,0,0
8633,66,1,0,0
8634,35,1,0,0
8635,48,1,0,0
8636,142,1,0,0
8637,27,1,0,0
8638,105,1,0,0
8639,157,1,0,0
8640,73,1,0,0
8641,36,1,0,0
8642,34,1,0,0
8643,43,1,0,0
8644,122,1,0,0
8645,131,1,0,0
8646,55,1,0,0
8647,78,1,0,0
8648,109,1,0,0
8649,62,1,0,0
8650,26,1,0,0
8651,72,1,0,0
8652,47,1,0,0
8653,67,1,0,0
8654,7,1,0,0
8655,61,1,0,0
8656,84,1,0,0
8657,18,1,0,0
8658,70,1,0,0
8659,19,1,0,0
8660,69,1,0,0
8661,155,1,0,0
8662,72,1,0,0
8663,39,1,0,0
8664,47,1,0,0
8665,47,1,0,0
8666,69,1,0,0
8667,72,1,0,0
8668,29,1,0,0
8669,30,1,0,0
8670,76,1,0,0
8671,50,1,0,0
8672,67,1,0,0
8673,93,1,0,0
8674,56,1,0,0
8675,17,1,0,0
8676,20,1,0,0
8677,65,1,0,0
8678,93,1,0,0
8679,144,1,0,0
8680,50,1,0,0
8681,105,1,0,0
8682,54,1,0,0
8683,173,1,0,0
8684,19,1,0,0
8685,13,1,0,0
8686,16,1,0,0
8687,102,1,0,0
8688,92,1,0,0
8689,43,1,0,0
8690,45,1,0,0
8691,41,1,0,0
8692,88,1,0,0
8693,39,1,0,0
8694,81,1,0,0
8695,90,1,0,0
8696,25,1,0,0
8697,101,1,0,0
8698,74,1,0,0
8699,111,1,0,0
8700,44,1,0,0
8701,57,1,0,0
8702,30,1,0,0
8703,123,1,0,0
8704,54,1,0,0
8705,64,1,0,0
8706,55,1,0,0
8707,33,1,0,0
8708,115,1,0,0
8709,89,1,0,0
8710,55,1,0,0
8711,8,1,0,0
8712,50,1,0,0
8713,124,1,0,0
8714,35,1,0,0
8715,76,1,0,0
8716,98,1,0,0
8717,27,1,0,0
8718,326,1,0,0
8719,55,1,0,0
8720,106,1,0,0
8721,151,1,0,0
8722,73,1,0,0
8723,38,1,0,0
8724,30,1,0,0
8725,41,1,0,0
8726,31,1,0,0
8727,119,1,0,0
8728,9,1,0,0
8729,49,1,0,0
8730,402,1,0,0
8731,47,1,0,0
8732,119,1,0,0
8733,36,1,0,0
8734,73,1,0,0
8735,74,1,0,0
8736,105,1,0,0
8737,105,1,0,0
8738,49,1,0,0
8739,71,1,0,0
8740,153,1,0,0
8741,19,1,0,0
8742,131,1,0,0
8743,142,1,0,0
8744,15,1,0,0
8745,80,1,0,0
8746,52,1,0,0
8747,18,1,0,0
8748,46,1,0,0
8749,92,1,0,0
8750,9,1,0,0
8751,78,1,0,0
8752,10,1,0,0
8753,40,1,0,0
8754,22,1,0,0
8755,34,1,0,0
8756,97,1,0,0
8757,100,1,0,0
8758,132,1,0,0
8759,31,1,0,0
8760,27,1,0,0
8761,19,1,0,0
8762,93,1,0,0
8763,103,1,0,0
8764,67,1,0,0
8765,119,1,0,0
8766,56,1,0,0
8767,118,1,0,0
8768,18,1,0,0
8769,59,1,0,0
8770,156,1,0,0
8771,54,1,0,0
8772,80,1,0,0
8773,122,1,0,0
8774,66,1,0,0
8775,54,1,0,0
8776,21,1,0,0
8777,56,1,0,0
8778,124,1,0,0
8779,137,1,0,0
8780,50,1,0,0
8781,65,1,0,0
8782,40,1,0,0
8783,178,1,0,0
8784,105,1,0,0
8785,17,1,0,0
8786,34,1,0,0
8787,36,1,0,0
8788,105,1,0,0
8789,27,1,0,0
8790,29,1,0,0
8791,62,1,0,0
8792,118,1,0,0
8793,10,1,0,0
8794,29,1,0,0
8795,69,1,0,0
8796,24,1,0,0
8797,116,1,0,0
8798,75,1,0,0
8799,108,1,0,0
8800,46,1,0,0
8801,111,1,0,0
8802,118,1,0,0
8803,187,1,0,0
8804,137,1,0,0
8805,74,1,0,0
8806,119,1,0,0
8807,141,1,0,0
8808,53,1,0,0
8809,78,1,0,0
8810,37,1,0,0
8811,17,1,0,0
8812,33,1,0,0
8813,19,1,0,0
8814,34,1,0,0
8815,59,1,0,0
8816,60,1,0,0
8817,265,1,0,0
8818,80,1,0,0
8819,34,1,0,0
8820,74,1,0,0
8821,167,1,0,0
8822,88,1,0,0
8823,15,1,0,0
8824,23,1,0,0
8825,10,1,0,0
8826,292,1,0,0
8827,41,1,0,0
8828,11,1,0,0
8829,151,1,0,0
8830,39,1,0,0
8831,15,1,0,0
8832,14,1,0,0
8833,66,1,0,0
8834,40,1,0,0
8835,41,1,0,0
8836,54,1,0,0
8837,151,1,0,0
8838,66,1,0,0
8839,81,1,0,0
8840,259,1,0,0
8841,26,1,0,0
8842,81,1,0,0
8843,30,1,0,0
8844,168,1,0,0
8845,192,1,0,0
8846,23,1,0,0
8847,34,1,0,0
8848,128,1,0,0
8849,30,1,0,0
8850,205,1,0,0
8851,99,1,0,0
8852,40,1,0,0
8853,25,1,0,0
8854,28,1,0,0
8855,96,1,0,0
8856,119,1,0,0
8857,74,1,0,0
8858,60,1,0,0
8859,31,1,0,0
8860,45,1,0,0
8861,9,1,0,0
8862,69,1,0,0
8863,84,1,0,0
8864,188,1,0,0
8865,58,1,0,0
8866,141,1,0,0
8867,59,1,0,0
8868,63,1,0,0
8869,13,1,0,0
8870,21,1,0,0
8871,45,1,0,0
8872,20,1,0,0
8873,89,1,0,0
8874,11,1,0,0
8875,68,1,0,0
8876,64,1,0,0
8877,19,1,0,0
8878,84,1,0,0
8879,34,1,0,0
8880,32,1,0,0
8881,11,1,0,0
8882,143,1,0,0
8883,12,1,0,0
8884,132,1,0,0
8885,100,1,0,0
8886,46,1,0,0
8887,23,1,0,0
8888,33,1,0,0
8889,54,1,0,0
8890,56,1,0,0
8891,67,1,0,0
8892,10,1,0,0
8893,96,1,0,0
8894,54,1,0,0
8895,27,1,0,0
8896,38,1,0,0
8897,52,1,0,0
8898,27,1,0,0
8899,18,1,0,0
8900,52,1,0,0
8901,31,1,0,0
8902,46,1,0,0
8903,64,1,0,0
8904,81,1,0,0
8905,308,1,0,0
8906,29,1,0,0
8907,50,1,0,0
8908,79,1,0,0
8909,147,1,0,0
8910,108,1,0,0
8911,29,1,0,0
8912,136,1,0,0
8913,15,1,0,0
8914,91,1,0,0
8915,164,1,0,0
8916,44,1,0,0
8917,10,1,0,0
8918,79,1,0,0
8919,59,1,0,0
8920,54,1,0,0
8921,126,1,0,0
8922,18,1,0,0
8923,13,1,0,0
8924,89,1,0,0
8925,66,1,0,0
8926,38,1,0,0
8927,106,1,0,0
8928,56,1,0,0
8929,98,1,0,0
8930,35,1,0,0
8931,106,1,0,0
8932,112,1,0,0
8933,24,1,0,0
8934,104,1,0,0
8935,77,1,0,0
8936,34,1,0,0
8937,64,1,0,0
8938,72,1,0,0
8939,33,1,0,0
8940,26,1,0,0
8941,165,1,0,0
8942,108,1,0,0
8943,102,1,0,0
8944,109,1,0,0
8945,9,1,0,0
8946,73,1,0,0
8947,50,1,0,0
8948,55,1,0,0
8949,134,1,0,0
8950,32,1,0,0
8951,8,1,0,0
8952,152,1,0,0
8953,34,1,0,0
8954,70,1,0,0
8955,200,1,0,0
8956,51,1,0,0
8957,114,1,0,0
8958,28,1,0,0
8959,49,1,0,0
8960,55,1,0,0
8961,148,1,0,0
8962,162,1,0,0
8963,25,1,0,0
8964,110,1,0,0
8965,94,1,0,0
8966,97,1,0,0
8967,39,1,0,0
8968,98,1,0,0
8969,66,1,0,0
8970,71,1,0,0
8971,132,1,0,0
8972,120,1,0,0
8973,76,1,0,0
8974,89,1,0,0
8975,55,1,0,0
8976,41,1,0,0
8977,134,1,0,0
8978,65,1,0,0
8979,23,1,0,0
8980,57,1,0,0
8981,34,1,0,0
8982,70,1,0,0
8983,57,1,0,0
8984,69,1,0,0
8985,163,1,0,0
8986,100,1,0,0
8987,16,1,0,0
8988,73,1,0,0
8989,48,1,0,0
8990,92,1,0,0
8991,19,1,0,0
8992,99,1,0,0
8993,157,1,0,0
8994,34,1,0,0
8995,165,1,0,0
8996,251,1,0,0
8997,28,1,0,0
8998,68,1,0,0
8999,188,1,0,0
9000,374,1,0,0
9001,111,1,0,0
9002,20,1,0,0
9003,14,1,0,0
9004,58,1,0,0
9005,66,1,0,0
9006,78,1,0,0
9007,8,1,0,0
9008,44,1,0,0
9009,38,1,0,0
9010,45,1,0,0
9011,59,1,0,0
9012,61,1,0,0
9013,176,1,0,0
9014,20,1,0,0
9015,53,1,0,0
9016,66,1,0,0
9017,115,1,0,0
9018,59,1,0,0
9019,26,1,0,0
9020,61,1,0,0
9021,94,1,0,0
9022,135,1,0,0
9023,60,1,0,0
9024,71,1,0,0
9025,181,1,0,0
9026,15,1,0,0
9027,62,1,0,0
9028,53,1,0,0
9029,93,1,0,0
9030,17,1,0,0
9031,44,1,0,0
9032,79,1,0,0
9033,91,1,0,0
9034,67,1,0,0
9035,37,1,0,0
9036,17,1,0,0
9037,12,1,0,0
9038,26,1,0,0
9039,22,1,0,0
9040,13,1,0,0
9041,18,1,0,0
9042,28,1,0,0
9043,12,1,0,0
9044,50,1,0,0
9045,45,1,0,0
9046,78,1,0,0
9047,47,1,0,0
9048,33,1,0,0
9049,28,1,0,0
9050,161,1,0,0
9051,8,1,0,0
9052,98,1,0,0
9053,34,1,0,0
9054,32,1,0,0
9055,138,1,0,0
9056,60,1,0,0
9057,120,1,0,0
9058,78,1,0,0
9059,76,1,0,0
9060,25,1,0,0
9061,48,1,0,0
9062,117,1,0,0
9063,15,1,0,0
9064,32,1,0,0
9065,36,1,0,0
9066,48,1,0,0
9067,48,1,0,0
9068,104,1,0,0
9069,22,1,0,0
9070,64,1,0,0
9071,22,1,0,0
9072,85,1,0,0
9073,17,1,0,0
9074,42,1,0,0
9075,134,1,0,0
9076,36,1,0,0
9077,91,1,0,0
9078,39,1,0,0
9079,149,1,0,0
9080,58,1,0,0
9081,24,1,0,0
9082,37,1,0,0
9083,82,1,0,0
9084,125,1,0,0
9085,44,1,0,0
9086,74,1,0,0
9087,20,1,0,0
9088,25,1,0,0
9089,140,1,0,0
9090,55,1,0,0
9091,35,1,0,0
9092,163,1,0,0
9093,73,1,0,0
9094,49,1,0,0
9095,44,1,0,0
9096,99,1,0,0
9097,39,1,0,0
9098,149,1,0,0
9099,173,1,0,0
9100,149,1,0,0
9101,197,1,0,0
9102,75,1,0,0
9103,18,1,0,0
9104,92,1,0,0
9105,100,1,0,0
9106,46,1,0,0
9107,200,1,0,0
9108,245,1,0,0
9109,187,1,0,0
9110,28,1,0,0
9111,205,1,0,0
9112,34,1,0,0
9113,17,1,0,0
9114,18,1,0,0
9115,64,1,0,0
9116,27,1,0,0
9117,101,1,0,0
9118,159,1,0,0
9119,66,1,0,0
9120,63,1,0,0
9121,211,1,0,0
9122,32,1,0,0
9123,12,1,0,0
9124,63,1,0,0
9125,49,1,0,0
9126,41,1,0,0
9127,279,1,0,0
9128,128,1,0,0
9129,18,1,0,0
9130,44,1,0,0
9131,15,1,0,0
9132,111,1,0,0
9133,20,1,0,0
9134,125,1,0,0
9135,22,1,0,0
9136,40,1,0,0
9137,77,1,0,0
9138,240,1,0,0
9139,38,1,0,0
9140,63,1,0,0
9141,57,1,0,0
9142,14,1,0,0
9143,39,1,0,0
9144,13,1,0,0
9145,123,1,0,0
9146,25,1,0,0
9147,50,1,0,0
9148,38,1,0,0
9149,69,1,0,0
9150,20,1,0,0
9151,23,1,0,0
9152,37,1,0,0
9153,85,1,0,0
9154,34,1,0,0
9155,17,1,0,0
9156,49,1,0,0
9157,53,1,0,0
9158,17,1,0,0
9159,162,1,0,0
9160,105,1,0,0
9161,95,1,0,0
9162,116,1,0,0
9163,50,1,0,0
9164,25,1,0,0
9165,15,1,0,0
9166,107,1,0,0
9167,30,1,0,0
9168,73,1,0,0
9169,50,1,0,0
9170,81,1,0,0
9171,39,1,0,0
9172,50,1,0,0
9173,49,1,0,0
9174,32,1,0,0
9175,48,1,0,0
9176,25,1,0,0
9177,67,1,0,0
9178,11,1,0,0
9179,28,1,0,0
9180,54,1,0,0
9181,40,1,0,0
9182,73,1,0,0
9183,67,1,0,0
9184,93,1,0,0
9185,76,1,0,0
9186,29,1,0,0
9187,19,1,0,0
9188,101,1,0,0
9189,53,1,0,0
9190,107,1,0,0
9191,134,1,0,0
9192,39,1,0,0
9193,45,1,0,0
9194,99,1,0,0
9195,30,1,0,0
9196,22,1,0,0
9197,76,1,0,0
9198,41,1,0,0
9199,40,1,0,0
9200,116,1,0,0
9201,41,1,0,0
9202,20,1,0,0
9203,85,1,0,0
9204,125,1,0,0
9205,83,1,0,0
9206,12,1,0,0
9207,47,1,0,0
9208,16,1,0,0
9209,100,1,0,0
9210,53,1,0,0
9211,24,1,0,0
9212,59,1,0,0
9213,119,1,0,0
9214,33,1,0,0
9215,44,1,0,0
9216,88,1,0,0
9217,27,1,0,0
9218,69,1,0,0
9219,85,1,0,0
9220,37,1,0,0
9221,73,1,0,0
9222,57,1,0,0
9223,41,1,0,0
9224,100,1,0,0
9225,21,1,0,0
9226,75,1,0,0
9227,100,1,0,0
9228,11,1,0,0
9229,89,1,0,0
9230,66,1,0,0
9231,87,1,0,0
9232,33,1,0,0
9233,21,1,0,0
9234,41,1,0,0
9235,9,1,0,0
9236,49,1,0,0
9237,44,1,0,0
9238,115,1,0,0
9239,9,1,0,0
9240,69,1,0,0
9241,105,1,0,0
9242,45,1,0,0
9243,79,1,0,0
9244,101,1,0,0
9245,36,1,0,0
9246,142,1,0,0
9247,19,1,0,0
9248,178,1,0,0
9249,62,1,0,0
9250,56,1,0,0
9251,62,1,0,0
9252,36,1,0,0
9253,145,1,0,0
9254,19,1,0,0
9255,22,1,0,0
9256,15,1,0,0
9257,32,1,0,0
9258,154,1,0,0
9259,94,1,0,0
9260,23,1,0,0
9261,91,1,0,0
9262,90,1,0,0
9263,90,1,0,0
9264,69,1,0,0
9265,10,1,0,0
9266,50,1,0,0
9267,133,1,0,0
9268,75,1,0,0
9269,77,1,0,0
9270,37,1,0,0
9271,21,1,0,0
9272,64,1,0,0
9273,79,1,0,0
9274,24,1,0,0
9275,82,1,0,0
9276,43,1,0,0
9277,111,1,0,0
9278,128,1,0,0
9279,72,1,0,0
9280,49,1,0,0
9281,83,1,0,0
9282,45,1,0,0
9283,18,1,0,0
9284,21,1,0,0
9285,36,1,0,0
9286,15,1,0,0
9287,59,1,0,0
9288,54,1,0,0
9289,35,1,0,0
9290,25,1,0,0
9291,20,1,0,0
9292,17,1,0,0
9293,109,1,0,0
9294,49,1,0,0
9295,14,1,0,0
9296,55,1,0,0
9297,51,1,0,0
9298,54,1,0,0
9299,16,1,0,0
9300,112,1,0,0
9301,84,1,0,0
9302,13,1,0,0
9303,21,1,0,0
9304,143,1,0,0
9305,72,1,0,0
9306,60,1,0,0
9307,49,1,0,0
9308,76,1,0,0
9309,24,1,0,0
9310,172,1,0,0
9311,26,1,0,0
9312,24,1,0,0
9313,43,1,0,0
9314,49,1,0,0
9315,163,1,0,0
9316,35,1,0,0
9317,57,1,0,0
9318,57,1,0,0
9319,107,1,0,0
9320,48,1,0,0
9321,22,1,0,0
9322,112,1,0,0
9323,65,1,0,0
9324,16,1,0,0
9325,18,1,0,0
9326,29,1,0,0
9327,80,1,0,0
9328,118,1,0,0
9329,121,1,0,0
9330,63,1,0,0
9331,121,1,0,0
9332,182,1,0,0
9333,56,1,0,0
9334,112,1,0,0
9335,144,1,0,0
9336,46,1,0,0
9337,16,1,0,0
9338,97,1,0,0
9339,54,1,0,0
9340,68,1,0,0
9341,44,1,0,0
9342,107,1,0,0
9343,58,1,0,0
9344,62,1,0,0
9345,77,1,0,0
9346,122,1,0,0
9347,41,1,0,0
9348,21,1,0,0
9349,69,1,0,0
9350,43,1,0,0
9351,96,1,0,0
9352,71,1,0,0
9353,60,1,0,0
9354,32,1,0,0
9355,63,1,0,0
9356,93,1,0,0
9357,85,1,0,0
9358,134,1,0,0
9359,15,1,0,0
9360,35,1,0,0
9361,8,1,0,0
9362,138,1,0,0
9363,43,1,0,0
9364,22,1,0,0
9365,43,1,0,0
9366,60,1,0,0
9367,75,1,0,0
9368,16,1,0,0
9369,121,1,0,0
9370,32,1,0,0
9371,136,1,0,0
9372,101,1,0,0
9373,127,1,0,0
9374,95,1,0,0
9375,16,1,0,0
9376,169,1,0,0
9377,31,1,0,0
9378,96,1,0,0
9379,106,1,0,0
9380,26,1,0,0
9381,62,1,0,0
9382,180,1,0,0
9383,26,1,0,0
9384,49,1,0,0
9385,106,1,0,0
9386,63,1,0,0
9387,127,1,0,0
9388,24,1,0,0
9389,61,1,0,0
9390,136,1,0,0
9391,32,1,0,0
9392,38,1,0,0
9393,175,1,0,0
9394,18,1,0,0
9395,202,1,0,0
9396,119,1,0,0
9397,39,1,0,0
9398,65,1,0,0
9399,286,1,0,0
9400,9,1,0,0
9401,60,1,0,0
9402,126,1,0,0
9403,79,1,0,0
9404,40,1,0,0
9405,62,1,0,0
9406,18,1,0,0
9407,25,1,0,0
9408,19,1,0,0
9409,41,1,0,0
9410,26,1,0,0
9411,73,1,0,0
9412,49,1,0,0
9413,33,1,0,0
9414,12,1,0,0
9415,76,1,0,0
9416,31,1,0,0
9417,40,1,0,0
9418,30,1,0,0
9419,62,1,0,0
9420,32,1,0,0
9421,112,1,0,0
9422,64,1,0,0
9423,17,1,0,0
9424,42,1,0,0
9425,48,1,0,0
9426,320,1,0,0
9427,43,1,0,0
9428,115,1,0,0
9429,73,1,0,0
9430,76,1,0,0
9431,34,1,0,0
9432,112,1,0,0
9433,121,1,0,0
9434,163,1,0,0
9435,94,1,0,0
9436,22,1,0,0
9437,23,1,0,0
9438,45,1,0,0
9439,147,1,0,0
9440,103,1,0,0
9441,54,1,0,0
9442,49,1,0,0
9443,20,1,0,0
9444,74,1,0,0
9445,83,1,0,0
9446,130,1,0,0
9447,82,1,0,0
9448,41,1,0,0
9449,32,1,0,0
9450,197,1,0,0
9451,41,1,0,0
9452,64,1,0,0
9453,139,1,0,0
9454,24,1,0,0
9455,12,1,0,0
9456,24,1,0,0
9457,116,1,0,0
9458,44,1,0,0
9459,49,1,0,0
9460,201,1,0,0
9461,45,1,0,0
9462,19,1,0,0
9463,22,1,0,0
9464,48,1,0,0
9465,74,1,0,0
9466,204,1,0,0
9467,52,1,0,0
9468,35,1,0,0
9469,24,1,0,0
9470,38,1,0,0
9471,7,1,0,0
9472,135,1,0,0
9473,58,1,0,0
9474,11,1,0,0
9475,33,1,0,0
9476,294,1,0,0
9477,132,1,0,0
9478,63,1,0,0
9479,32,1,0,0
9480,88,1,0,0
9481,93,1,0,0
9482,81,1,0,0
9483,38,1,0,0
9484,150,1,0,0
9485,52,1,0,0
9486,73,1,0,0
9487,60,1,0,0
9488,155,1,0,0
9489,11,1,0,0
9490,9,1,0,0
9491,39,1,0,0
9492,33,1,0,0
9493,36,1,0,0
9494,49,1,0,0
9495,158,1,0,0
9496,37,1,0,0
9497,27,1,0,0
9498,45,1,0,0
9499,239,1,0,0
9500,197,1,0,0
9501,112,1,0,0
9502,141,1,0,0
9503,8,1,0,0
9504,32,1,0,0
9505,35,1,0,0
9506,135,1,0,0
9507,47,1,0,0
9508,53,1,0,0
9509,73,1,0,0
9510,29,1,0,0
9511,95,1,0,0
9512,60,1,0,0
9513,47,1,0,0
9514,86,1,0,0
9515,43,1,0,0
9516,99,1,0,0
9517,116,1,0,0
9518,128,1,0,0
9519,121,1,0,0
9520,261,1,0,0
9521,19,1,0,0
9522,14,1,0,0
9523,79,1,0,0
9524,43,1,0,0
9525,123,1,0,0
9526,51,1,0,0
9527,116,1,0,0
9528,41,1,0,0
9529,96,1,0,0
9530,22,1,0,0
9531,39,1,0,0
9532,47,1,0,0
9533,20,1,0,0
9534,171,1,0,0
9535,57,1,0,0
9536,9,1,0,0
9537,37,1,0,0
9538,32,1,0,0
9539,91,1,0,0
9540,12,1,0,0
9541,113,1,0,0
9542,103,1,0,0
9543,68,1,0,0
9544,7,1,0,0
9545,149,1,0,0
9546,15,1,0,0
9547,63,1,0,0
9548,62,1,0,0
9549,151,1,0,0
9550,26,1,0,0
9551,16,1,0,0
9552,116,1,0,0
9553,35,1,0,0
9554,107,1,0,0
9555,82,1,0,0
9556,134,1,0,0
9557,72,1,0,0
9558,43,1,0,0
9559,120,1,0,0
9560,114,1,0,0
9561,22,1,0,0
9562,116,1,0,0
9563,40,1,0,0
9564,27,1,0,0
9565,24,1,0,0
9566,90,1,0,0
9567,74,1,0,0
9568,73,1,0,0
9569,82,1,0,0
9570,103,1,0,0
9571,102,1,0,0
9572,88,1,0,0
9573,26,1,0,0
9574,36,1,0,0
9575,61,1,0,0
9576,18,1,0,0
9577,37,1,0,0
9578,150,1,0,0
9579,130,1,0,0
9580,63,1,0,0
9581,203,1,0,0
9582,128,1,0,0
9583,165,1,0,0
9584,55,1,0,0
9585,113,1,0,0
9586,259,1,0,0
9587,114,1,0,0
9588,78,1,0,0
9589,41,1,0,0
9590,99,1,0,0
9591,68,1,0,0
9592,34,1,0,0
9593,53,1,0,0
9594,176,1,0,0
9595,77,1,0,0
9596,80,1,0,0
9597,141,1,0,0
9598,126,1,0,0
9599,185,1,0,0
9600,36,1,0,0
9601,23,1,0,0
9602,163,1,0,0
9603,74,1,0,0
9604,285,1,0,0
9605,80,1,0,0
9606,104,1,0,0
9607,28,1,0,0
9608,53,1,0,0
9609,33,1,0,0
9610,51,1,0,0
9611,21,1,0,0
9612,83,1,0,0
9613,117,1,0,0
9614,63,1,0,0
9615,20,1,0,0
9616,142,1,0,0
9617,115,1,0,0
9618,87,1,0,0
9619,10,1,0,0
9620,28,1,0,0
9621,59,1,0,0
9622,8,1,0,0
9623,127,1,0,0
9624,97,1,0,0
9625,139,1,0,0
9626,42,1,0,0
9627,24,1,0,0
9628,173,1,0,0
9629,56,1,0,0
9630,67,1,0,0
9631,87,1,0,0
9632,12,1,0,0
9633,130,1,0,0
9634,83,1,0,0
9635,33,1,0,0
9636,60,1,0,0
9637,107,1,0,0
9638,110,1,0,0
9639,115,1,0,0
9640,165,1,0,0
9641,23,1,0,0
9642,81,1,0,0
9643,31,1,0,0
9644,48,1,0,0
9645,20,1,0,0
9646,70,1,0,0
9647,20,1,0,0
9648,58,1,0,0
9649,59,1,0,0
9650,77,1,0,0
9651,33,1,0,0
9652,96,1,0,0
9653,186,1,0,0
9654,27,1,0,0
9655,33,1,0,0
9656,64,1,0,0
9657,26,1,0,0
9658,24,1,0,0
9659,35,1,0,0
9660,65,1,0,0
9661,13,1,0,0
9662,19,1,0,0
9663,87,1,0,0
9664,29,1,0,0
9665,324,1,0,0
9666,50,1,0,0
9667,139,1,0,0
9668,14,1,0,0
9669,20,1,0,0
9670,37,1,0,0
9671,61,1,0,0
9672,135,1,0,0
9673,35,1,0,0
9674,182,1,0,0
9675,63,1,0,0
9676,52,1,0,0
9677,21,1,0,0
9678,19,1,0,0
9679,42,1,0,0
9680,41,1,0,0
9681,66,1,0,0
9682,24,1,0,0
9683,81,1,0,0
9684,42,1,0,0
9685,43,1,0,0
9686,54,1,0,0
9687,91,1,0,0
9688,20,1,0,0
9689,164,1,0,0
9690,26,1,0,0
9691,48,1,0,0
9692,19,1,0,0
9693,216,1,0,0
9694,24,1,0,0
9695,60,1,0,0
9696,44,1,0,0
9697,75,1,0,0
9698,19,1,0,0
9699,18,1,0,0
9700,27,1,0,0
9701,33,1,0,0
9702,16,1,0,0
9703,64,1,0,0
9704,94,1,0,0
9705,40,1,0,0
9706,48,1,0,0
9707,44,1,0,0
9708,98,1,0,0
9709,112,1,0,0
9710,50,1,0,0
9711,33,1,0,0
9712,226,1,0,0
9713,156,1,0,0
9714,75,1,0,0
9715,79,1,0,0
9716,7,1,0,0
9717,46,1,0,0
9718,90,1,0,0
9719,103,1,0,0
9720,43,1,0,0
9721,50,1,0,0
9722,57,1,0,0
9723,54,1,0,0
9724,99,1,0,0
9725,215,1,0,0
9726,45,1,0,0
9727,42,1,0,0
9728,13,1,0,0
9729,40,1,0,0
9730,81,1,0,0
9731,107,1,0,0
9732,184,1,0,0
9733,107,1,0,0
9734,89,1,0,0
9735,62,1,0,0
9736,63,1,0,0
9737,16,1,0,0
9738,175,1,0,0
9739,97,1,0,0
9740,107,1,0,0
9741,52,1,0,0
9742,25,1,0,0
9743,93,1,0,0
9744,30,1,0,0
9745,83,1,0,0
9746,55,1,0,0
9747,59,1,0,0
9748,115,1,0,0
9749,87,1,0,0
9750,62,1,0,0
9751,22,1,0,0
9752,123,1,0,0
9753,74,1,0,0
9754,60,1,0,0
9755,32,1,0,0
9756,33,1,0,0
9757,56,1,0,0
9758,29,1,0,0
9759,91,1,0,0
9760,85,1,0,0
9761,51,1,0,0
9762,57,1,0,0
9763,71,1,0,0
9764,69,1,0,0
9765,46,1,0,0
9766,93,1,0,0
9767,15,1,0,0
9768,95,1,0,0
9769,67,1,0,0
9770,71,1,0,0
9771,33,1,0,0
9772,107,1,0,0
9773,14,1,0,0
9774,38,1,0,0
9775,140,1,0,0
9776,87,1,0,0
9777,179,1,0,0
9778,88,1,0,0
9779,68,1,0,0
9780,169,1,0,0
9781,42,1,0,0
9782,30,1,0,0
9783,120,1,0,0
9784,111,1,0,0
9785,149,1,0,0
9786,78,1,0,0
9787,74,1,0,0
9788,24,1,0,0
9789,126,1,0,0
9790,9,1,0,0
9791,8,1,0,0
9792,37,1,0,0
9793,37,1,0,0
9794,74,1,0,0
9795,25,1,0,0
9796,43,1,0,0
9797,158,1,0,0
9798,143,1,0,0
9799,25,1,0,0
9800,78,1,0,0
9801,41,1,0,0
9802,54,1,0,0
9803,39,1,0,0
9804,92,1,0,0
9805,49,1,0,0
9806,69,1,0,0
9807,25,1,0,0
9808,64,1,0,0
9809,47,1,0,0
9810,173,1,0,0
9811,103,1,0,0
9812,46,1,0,0
9813,59,1,0,0
9814,93,1,0,0
9815,29,1,0,0
9816,114,1,0,0
9817,70,1,0,0
9818,102,1,0,0
9819,91,1,0,0
9820,78,1,0,0
9821,33,1,0,0
9822,26,1,0,0
9823,76,1,0,0
9824,25,1,0,0
9825,61,1,0,0
9826,37,1,0,0
9827,97,1,0,0
9828,42,1,0,0
9829,74,1,0,0
9830,154,1,0,0
9831,13,1,0,0
9832,12,1,0,0
9833,87,1,0,0
9834,48,1,0,0
9835,14,1,0,0
9836,120,1,0,0
9837,55,1,0,0
9838,39,1,0,0
9839,27,1,0,0
9840,17,1,0,0
9841,19,1,0,0
9842,29,1,0,0
9843,88,1,0,0
9844,130,1,0,0
9845,138,1,0,0
9846,27,1,0,0
9847,74,1,0,0
9848,48,1,0,0
9849,32,1,0,0
9850,41,1,0,0
9851,109,1,0,0
9852,87,1,0,0
9853,138,1,0,0
9854,33,1,0,0
9855,50,1,0,0
9856,38,1,0,0
9857,93,1,0,0
9858,65,1,0,0
9859,59,1,0,0
9860,109,1,0,0
9861,57,1,0,0
9862,19,1,0,0
9863,143,1,0,0
9864,161,1,0,0
9865,97,1,0,0
9866,90,1,0,0
9867,27,1,0,0
9868,11,1,0,0
9869,60,1,0,0
9870,103,1,0,0
9871,54,1,0,0
9872,64,1,0,0
9873,118,1,0,0
9874,73,1,0,0
9875,66,1,0,0
9876,58,1,0,0
9877,77,1,0,0
9878,49,1,0,0
9879,57,1,0,0
9880,146,1,0,0
9881,54,1,0,0
9882,8,1,0,0
9883,106,1,0,0
9884,32,1,0,0
9885,8,1,0,0
9886,100,1,0,0
9887,40,1,0,0
9888,109,1,0,0
9889,164,1,0,0
9890,41,1,0,0
9891,26,1,0,0
9892,58,1,0,0
9893,15,1,0,0
9894,61,1,0,0
9895,18,1,0,0
9896,25,1,0,0
9897,28,1,0,0
9898,17,1,0,0
9899,120,1,0,0
9900,131,1,0,0
9901,130,1,0,0
9902,37,1,0,0
9903,16,1,0,0
9904,57,1,0,0
9905,64,1,0,0
9906,77,1,0,0
9907,31,1,0,0
9908,100,1,0,0
9909,24,1,0,0
9910,32,1,0,0
9911,57,1,0,0
9912,22,1,0,0
9913,18,1,0,0
9914,36,1,0,0
9915,147,1,0,0
9916,158,1,0,0
9917,24,1,0,0
9918,88,1,0,0
9919,89,1,0,0
9920,204,1,0,0
9921,56,1,0,0
9922,8,1,0,0
9923,72,1,0,0
9924,21,1,0,0
9925,53,1,0,0
9926,56,1,0,0
9927,105,1,0,0
9928,7,1,0,0
9929,83,1,0,0
9930,40,1,0,0
9931,225,1,0,0
9932,13,1,0,0
9933,84,1,0,0
9934,29,1,0,0
9935,35,1,0,0
9936,101,1,0,0
9937,83,1,0,0
9938,31,1,0,0
9939,57,1,0,0
9940,38,1,0,0
9941,15,1,0,0
9942,101,1,0,0
9943,65,1,0,0
9944,65,1,0,0
9945,104,1,0,0
9946,59,1,0,0
9947,54,1,0,0
9948,15,1,0,0
9949,86,1,0,0
9950,70,1,0,0
9951,35,1,0,0
9952,49,1,0,0
9953,40,1,0,0
9954,55,1,0,0
9955,56,1,0,0
9956,46,1,0,0
9957,21,1,0,0
9958,64,1,0,0
9959,16,1,0,0
9960,101,1,0,0
9961,142,1,0,0
9962,46,1,0,0
9963,59,1,0,0
9964,39,1,0,0
9965,85,1,0,0
9966,18,1,0,0
9967,63,1,0,0
9968,132,1,0,0
9969,85,1,0,0
9970,36,1,0,0
9971,21,1,0,0
9972,17,1,0,0
9973,29,1,0,0
9974,26,1,0,0
9975,55,1,0,0
9976,35,1,0,0
9977,51,1,0,0
9978,18,1,0,0
9979,47,1,0,0
9980,55,1,0,0
9981,144,1,0,0
9982,126,1,0,0
9983,20,1,0,0
9984,11,1,0,0
9985,40,1,0,0
9986,32,1,0,0
9987,49,1,0,0
9988,9,1,0,0
9989,162,1,0,0
9990,80,1,0,0
9991,17,1,0,0
9992,23,1,0,0
9993,93,1,0,0
9994,119,1,0,0
9995,201,1,0,0
9996,11,1,0,0
9997,226,1,0,0
9998,17,1,0,0
9999,17,1,0,0
