trial,final_step,trapped,contact_dead,boundary_dead
0,2,1,1,0
1,1,1,1,0
2,3,1,1,0
3,6,1,1,0
4,3,1,1,0
5,1,1,1,0
6,1,1,1,0
7,3,1,1,0
8,4,1,1,0
9,4,1,1,0
10,4,1,1,0
11,2,1,1,0
12,1,1,1,0
13,4,1,1,0
14,3,1,1,0
15,5,1,1,0
16,1,1,1,0
17,3,1,1,0
18,3,1,1,0
19,3,1,1,0
20,1,1,1,0
21,1,1,1,0
22,1,1,1,0
23,2,1,1,0
24,5,1,1,0
25,5,1,1,0
26,3,1,1,0
27,2,1,1,0
28,1,1,1,0
29,3,1,1,0
30,5,1,1,0
31,1,1,1,0
32,2,1,1,0
33,2,1,1,0
34,1,1,1,0
35,1,1,1,0
36,1,1,1,0
37,1,1,1,0
38,1,1,1,0
39,1,1,1,0
40,2,1,1,0
41,7,1,1,0
42,1,1,1,0
43,3,1,1,0
44,2,1,1,0
45,1,1,1,0
46,6,1,1,0
47,4,1,1,0
48,1,1,1,0
49,2,1,1,0
50,4,1,1,0
51,2,1,1,0
52,1,1,1,0
53,1,1,1,0
54,2,1,1,0
55,2,1,1,0
56,9,1,1,0
57,8,1,1,0
58,1,1,1,0
59,5,1,1,0
60,3,1,1,0
61,1,1,1,0
62,1,1,1,0
63,3,1,1,0
64,2,1,1,0
65,9,1,1,0
66,2,1,1,0
67,3,1,1,0
68,5,1,1,0
69,6,1,1,0
70,1,1,1,0
71,2,1,1,0
72,9,1,1,0
73,9,1,1,0
74,1,1,1,0
75,1,1,1,0
76,7,1,1,0
77,6,1,1,0
78,1,1,1,0
79,2,1,1,0
80,5,1,1,0
81,6,1,1,0
82,2,1,1,0
83,11,1,1,0
84,5,1,1,0
85,1,1,1,0
86,4,1,1,0
87,5,1,1,0
88,4,1,1,0
89,1,1,1,0
90,8,1,1,0
91,9,1,1,0
92,1,1,1,0
93,1,1,1,0
94,3,1,1,0
95,1,1,1,0
96,3,1,1,0
97,2,1,1,0
98,1,1,1,0
99,4,1,1,0
100,3,1,1,0
101,1,1,1,0
102,1,1,1,0
103,9,1,1,0
104,1,1,1,0
105,3,1,1,0
106,2,1,1,0
107,3,1,1,0
108,6,1,1,0
109,3,1,1,0
110,1,1,1,0
111,1,1,1,0
112,3,1,1,0
113,2,1,1,0
114,1,1,1,0
115,11,1,1,0
116,7,1,1,0
117,1,1,1,0
118,1,1,1,0
119,1,1,1,0
120,1,1,1,0
121,4,1,1,0
122,3,1,1,0
123,3,1,1,0
124,1,1,1,0
125,3,1,1,0
126,1,1,1,0
127,2,1,1,0
128,3,1,1,0
129,1,1,1,0
130,6,1,1,0
131,13,1,1,0
132,3,1,1,0
133,2,1,1,0
134,5,1,1,0
135,2,1,1,0
136,2,1,1,0
137,10,1,1,0
138,7,1,1,0
139,1,1,1,0
140,2,1,1,0
141,1,1,1,0
142,2,1,1,0
143,9,1,1,0
144,3,1,1,0
145,2,1,1,0
146,5,1,1,0
147,4,1,1,0
148,1,1,1,0
149,2,1,1,0
150,2,1,1,0
151,2,1,1,0
152,3,1,1,0
153,7,1,1,0
154,5,1,1,0
155,1,1,1,0
156,1,1,1,0
157,6,1,1,0
158,1,1,1,0
159,5,1,1,0
160,3,1,1,0
161,2,1,1,0
162,3,1,1,0
163,5,1,1,0
164,5,1,1,0
165,1,1,1,0
166,1,1,1,0
167,3,1,1,0
168,4,1,1,0
169,3,1,1,0
170,7,1,1,0
171,11,1,1,0
172,1,1,1,0
173,1,1,1,0
174,1,1,1,0
175,4,1,1,0
176,7,1,1,0
177,12,1,1,0
178,7,1,1,0
179,3,1,1,0
180,3,1,1,0
181,1,1,1,0
182,1,1,1,0
183,2,1,1,0
184,13,1,1,0
185,6,1,1,0
186,10,1,1,0
187,2,1,1,0
188,1,1,1,0
189,2,1,1,0
190,1,1,1,0
191,4,1,1,0
192,1,1,1,0
193,5,1,1,0
194,1,1,1,0
195,2,1,1,0
196,3,1,1,0
197,2,1,1,0
198,3,1,1,0
199,1,1,1,0
200,3,1,1,0
201,12,1,1,0
202,2,1,1,0
203,1,1,1,0
204,3,1,1,0
205,7,1,1,0
206,1,1,1,0
207,6,1,1,0
208,2,1,1,0
209,1,1,1,0
210,1,1,1,0
211,1,1,1,0
212,6,1,1,0
213,4,1,1,0
214,6,1,1,0
215,10,1,1,0
216,5,1,1,0
217,4,1,1,0
218,1,1,1,0
219,6,1,1,0
220,4,1,1,0
221,2,1,1,0
222,3,1,1,0
223,1,1,1,0
224,1,1,1,0
225,1,1,1,0
226,1,1,1,0
227,9,1,1,0
228,2,1,1,0
229,3,1,1,0
230,2,1,1,0
231,4,1,1,0
232,3,1,1,0
233,1,1,1,0
234,5,1,1,0
235,3,1,1,0
236,6,1,1,0
237,2,1,1,0
238,6,1,1,0
239,6,1,1,0
240,3,1,1,0
241,2,1,1,0
242,8,1,1,0
243,3,1,1,0
244,17,1,1,0
245,1,1,1,0
246,3,1,1,0
247,7,1,1,0
248,3,1,1,0
249,9,1,1,0
250,1,1,1,0
251,9,1,1,0
252,2,1,1,0
253,10,1,1,0
254,1,1,1,0
255,4,1,1,0
256,2,1,1,0
257,2,1,1,0
258,2,1,1,0
259,5,1,1,0
260,2,1,1,0
261,4,1,1,0
262,5,1,1,0
263,2,1,1,0
264,1,1,1,0
265,1,1,1,0
266,1,1,1,0
267,3,1,1,0
268,6,1,1,0
269,1,1,1,0
270,7,1,1,0
271,2,1,1,0
272,7,1,1,0
273,1,1,1,0
274,2,1,1,0
275,2,1,1,0
276,2,1,1,0
277,2,1,1,0
278,1,1,1,0
279,1,1,1,0
280,1,1,1,0
281,5,1,1,0
282,5,1,1,0
283,2,1,1,0
284,4,1,1,0
285,1,1,1,0
286,4,1,1,0
287,1,1,1,0
288,1,1,1,0
289,1,1,1,0
290,1,1,1,0
291,8,1,1,0
292,2,1,1,0
293,1,1,1,0
294,7,1,1,0
295,4,1,1,0
296,6,1,1,0
297,1,1,1,0
298,1,1,1,0
299,1,1,1,0
300,5,1,1,0
301,3,1,1,0
302,3,1,1,0
303,8,1,1,0
304,2,1,1,0
305,1,1,1,0
306,14,1,1,0
307,7,1,1,0
308,8,1,1,0
309,4,1,1,0
310,6,1,1,0
311,5,1,1,0
312,2,1,1,0
313,2,1,1,0
314,4,1,1,0
315,4,1,1,0
316,1,1,1,0
317,6,1,1,0
318,4,1,1,0
319,1,1,1,0
320,5,1,1,0
321,3,1,1,0
322,5,1,1,0
323,4,1,1,0
324,4,1,1,0
325,3,1,1,0
326,2,1,1,0
327,1,1,1,0
328,5,1,1,0
329,2,1,1,0
330,6,1,1,0
331,1,1,1,0
332,2,1,1,0
333,1,1,1,0
334,5,1,1,0
335,2,1,1,0
336,8,1,1,0
337,8,1,1,0
338,1,1,1,0
339,5,1,1,0
340,3,1,1,0
341,3,1,1,0
342,2,1,1,0
343,1,1,1,0
344,3,1,1,0
345,3,1,1,0
346,1,1,1,0
347,15,1,1,0
348,4,1,1,0
349,3,1,1,0
350,13,1,1,0
351,4,1,1,0
352,8,1,1,0
353,4,1,1,0
354,4,1,1,0
355,1,1,1,0
356,1,1,1,0
357,2,1,1,0
358,2,1,1,0
359,2,1,1,0
360,11,1,1,0
361,1,1,1,0
362,5,1,1,0
363,2,1,1,0
364,5,1,1,0
365,2,1,1,0
366,2,1,1,0
367,1,1,1,0
368,8,1,1,0
369,3,1,1,0
370,5,1,1,0
371,3,1,1,0
372,5,1,1,0
373,1,1,1,0
374,11,1,1,0
375,3,1,1,0
376,5,1,1,0
377,1,1,1,0
378,1,1,1,0
379,4,1,1,0
380,1,1,1,0
381,6,1,1,0
382,6,1,1,0
383,2,1,1,0
384,5,1,1,0
385,3,1,1,0
386,1,1,1,0
387,9,1,1,0
388,3,1,1,0
389,1,1,1,0
390,3,1,1,0
391,3,1,1,0
392,4,1,1,0
393,1,1,1,0
394,4,1,1,0
395,2,1,1,0
396,9,1,1,0
397,5,1,1,0
398,2,1,1,0
399,9,1,1,0
400,4,1,1,0
401,1,1,1,0
402,4,1,1,0
403,2,1,1,0
404,1,1,1,0
405,1,1,1,0
406,2,1,1,0
407,6,1,1,0
408,2,1,1,0
409,10,1,1,0
410,1,1,1,0
411,7,1,1,0
412,3,1,1,0
413,1,1,1,0
414,5,1,1,0
415,5,1,1,0
416,4,1,1,0
417,8,1,1,0
418,14,1,1,0
419,5,1,1,0
420,2,1,1,0
421,3,1,1,0
422,6,1,1,0
423,2,1,1,0
424,2,1,1,0
425,1,1,1,0
426,8,1,1,0
427,1,1,1,0
428,2,1,1,0
429,1,1,1,0
430,1,1,1,0
431,1,1,1,0
432,6,1,1,0
433,1,1,1,0
434,3,1,1,0
435,5,1,1,0
436,1,1,1,0
437,2,1,1,0
438,1,1,1,0
439,1,1,1,0
440,3,1,1,0
441,2,1,1,0
442,5,1,1,0
443,4,1,1,0
444,3,1,1,0
445,1,1,1,0
446,4,1,1,0
447,1,1,1,0
448,14,1,1,0
449,1,1,1,0
450,9,1,1,0
451,2,1,1,0
452,2,1,1,0
453,3,1,1,0
454,1,1,1,0
455,8,1,1,0
456,2,1,1,0
457,8,1,1,0
458,2,1,1,0
459,7,1,1,0
460,6,1,1,0
461,2,1,1,0
462,2,1,1,0
463,2,1,1,0
464,12,1,1,0
465,5,1,1,0
466,1,1,1,0
467,1,1,1,0
468,6,1,1,0
469,1,1,1,0
470,9,1,1,0
471,2,1,1,0
472,3,1,1,0
473,6,1,1,0
474,2,1,1,0
475,3,1,1,0
476,1,1,1,0
477,5,1,1,0
478,3,1,1,0
479,2,1,1,0
480,3,1,1,0
481,2,1,1,0
482,2,1,1,0
483,2,1,1,0
484,6,1,1,0
485,7,1,1,0
486,8,1,1,0
487,1,1,1,0
488,6,1,1,0
489,1,1,1,0
490,3,1,1,0
491,6,1,1,0
492,7,1,1,0
493,1,1,1,0
494,3,1,1,0
495,2,1,1,0
496,1,1,1,0
497,5,1,1,0
498,2,1,1,0
499,10,1,1,0
500,9,1,1,0
501,4,1,1,0
502,1,1,1,0
503,3,1,1,0
504,6,1,1,0
505,9,1,1,0
506,4,1,1,0
507,1,1,1,0
508,8,1,1,0
509,1,1,1,0
510,1,1,1,0
511,4,1,1,0
512,1,1,1,0
513,6,1,1,0
514,2,1,1,0
515,3,1,1,0
516,3,1,1,0
517,4,1,1,0
518,3,1,1,0
519,1,1,1,0
520,8,1,1,0
521,2,1,1,0
522,4,1,1,0
523,1,1,1,0
524,5,1,1,0
525,2,1,1,0
526,1,1,1,0
527,3,1,1,0
528,2,1,1,0
529,2,1,1,0
530,4,1,1,0
531,3,1,1,0
532,1,1,1,0
533,1,1,1,0
534,14,1,1,0
535,5,1,1,0
536,1,1,1,0
537,3,1,1,0
538,1,1,1,0
539,4,1,1,0
540,1,1,1,0
541,1,1,1,0
542,3,1,1,0
543,2,1,1,0
544,2,1,1,0
545,5,1,1,0
546,2,1,1,0
547,1,1,1,0
548,3,1,1,0
549,4,1,1,0
550,1,1,1,0
551,1,1,1,0
552,6,1,1,0
553,2,1,1,0
554,5,1,1,0
555,5,1,1,0
556,2,1,1,0
557,3,1,1,0
558,5,1,1,0
559,7,1,1,0
560,7,1,1,0
561,1,1,1,0
562,6,1,1,0
563,2,1,1,0
564,5,1,1,0
565,3,1,1,0
566,5,1,1,0
567,1,1,1,0
568,1,1,1,0
569,8,1,1,0
570,3,1,1,0
571,1,1,1,0
572,1,1,1,0
573,2,1,1,0
574,1,1,1,0
575,1,1,1,0
576,4,1,1,0
577,1,1,1,0
578,2,1,1,0
579,5,1,1,0
580,5,1,1,0
581,5,1,1,0
582,3,1,1,0
583,2,1,1,0
584,1,1,1,0
585,4,1,1,0
586,4,1,1,0
587,4,1,1,0
588,2,1,1,0
589,4,1,1,0
590,3,1,1,0
591,1,1,1,0
592,3,1,1,0
593,6,1,1,0
594,4,1,1,0
595,4,1,1,0
596,2,1,1,0
597,1,1,1,0
598,6,1,1,0
599,8,1,1,0
600,2,1,1,0
601,1,1,1,0
602,5,1,1,0
603,6,1,1,0
604,5,1,1,0
605,4,1,1,0
606,2,1,1,0
607,5,1,1,0
608,3,1,1,0
609,2,1,1,0
610,3,1,1,0
611,11,1,1,0
612,3,1,1,0
613,3,1,1,0
614,1,1,1,0
615,2,1,1,0
616,1,1,1,0
617,1,1,1,0
618,3,1,1,0
619,3,1,1,0
620,4,1,1,0
621,3,1,1,0
622,4,1,1,0
623,4,1,1,0
624,1,1,1,0
625,3,1,1,0
626,4,1,1,0
627,4,1,1,0
628,3,1,1,0
629,4,1,1,0
630,7,1,1,0
631,6,1,1,0
632,6,1,1,0
633,4,1,1,0
634,4,1,1,0
635,3,1,1,0
636,4,1,1,0
637,2,1,1,0
638,2,1,1,0
639,1,1,1,0
640,6,1,1,0
641,5,1,1,0
642,1,1,1,0
643,1,1,1,0
644,7,1,1,0
645,6,1,1,0
646,1,1,1,0
647,3,1,1,0
648,1,1,1,0
649,5,1,1,0
650,2,1,1,0
651,1,1,1,0
652,10,1,1,0
653,1,1,1,0
654,2,1,1,0
655,1,1,1,0
656,2,1,1,0
657,3,1,1,0
658,1,1,1,0
659,5,1,1,0
660,2,1,1,0
661,1,1,1,0
662,3,1,1,0
663,2,1,1,0
664,5,1,1,0
665,5,1,1,0
666,10,1,1,0
667,2,1,1,0
668,5,1,1,0
669,1,1,1,0
670,1,1,1,0
671,6,1,1,0
672,1,1,1,0
673,2,1,1,0
674,2,1,1,0
675,5,1,1,0
676,4,1,1,0
677,4,1,1,0
678,3,1,1,0
679,6,1,1,0
680,6,1,1,0
681,5,1,1,0
682,7,1,1,0
683,4,1,1,0
684,5,1,1,0
685,1,1,1,0
686,1,1,1,0
687,1,1,1,0
688,2,1,1,0
689,9,1,1,0
690,1,1,1,0
691,5,1,1,0
692,1,1,1,0
693,5,1,1,0
694,5,1,1,0
695,1,1,1,0
696,1,1,1,0
697,8,1,1,0
698,1,1,1,0
699,3,1,1,0
700,1,1,1,0
701,2,1,1,0
702,1,1,1,0
703,1,1,1,0
704,3,1,1,0
705,3,1,1,0
706,12,1,1,0
707,5,1,1,0
708,4,1,1,0
709,2,1,1,0
710,1,1,1,0
711,3,1,1,0
712,2,1,1,0
713,2,1,1,0
714,1,1,1,0
715,5,1,1,0
716,1,1,1,0
717,1,1,1,0
718,1,1,1,0
719,6,1,1,0
720,1,1,1,0
721,2,1,1,0
722,1,1,1,0
723,1,1,1,0
724,7,1,1,0
725,1,1,1,0
726,1,1,1,0
727,1,1,1,0
728,3,1,1,0
729,1,1,1,0
730,5,1,1,0
731,1,1,1,0
732,5,1,1,0
733,2,1,1,0
734,2,1,1,0
735,3,1,1,0
736,1,1,1,0
737,5,1,1,0
738,3,1,1,0
739,3,1,1,0
740,3,1,1,0
741,5,1,1,0
742,1,1,1,0
743,4,1,1,0
744,2,1,1,0
745,5,1,1,0
746,2,1,1,0
747,1,1,1,0
748,2,1,1,0
749,3,1,1,0
750,6,1,1,0
751,3,1,1,0
752,3,1,1,0
753,8,1,1,0
754,6,1,1,0
755,1,1,1,0
756,2,1,1,0
757,5,1,1,0
758,7,1,1,0
759,2,1,1,0
760,3,1,1,0
761,3,1,1,0
762,1,1,1,0
763,1,1,1,0
764,1,1,1,0
765,1,1,1,0
766,2,1,1,0
767,2,1,1,0
768,2,1,1,0
769,3,1,1,0
770,1,1,1,0
771,2,1,1,0
772,4,1,1,0
773,1,1,1,0
774,2,1,1,0
775,1,1,1,0
776,5,1,1,0
777,1,1,1,0
778,4,1,1,0
779,6,1,1,0
780,2,1,1,0
781,1,1,1,0
782,8,1,1,0
783,1,1,1,0
784,5,1,1,0
785,1,1,1,0
786,3,1,1,0
787,2,1,1,0
788,1,1,1,0
789,5,1,1,0
790,1,1,1,0
791,3,1,1,0
792,2,1,1,0
793,4,1,1,0
794,1,1,1,0
795,1,1,1,0
796,4,1,1,0
797,1,1,1,0
798,1,1,1,0
799,2,1,1,0
800,1,1,1,0
801,2,1,1,0
802,1,1,1,0
803,4,1,1,0
804,4,1,1,0
805,2,1,1,0
806,1,1,1,0
807,2,1,1,0
808,3,1,1,0
809,3,1,1,0
810,5,1,1,0
811,1,1,1,0
812,4,1,1,0
813,2,1,1,0
814,4,1,1,0
815,2,1,1,0
816,3,1,1,0
817,7,1,1,0
818,3,1,1,0
819,1,1,1,0
820,3,1,1,0
821,1,1,1,0
822,4,1,1,0
823,1,1,1,0
824,1,1,1,0
825,1,1,1,0
826,3,1,1,0
827,8,1,1,0
828,4,1,1,0
829,2,1,1,0
830,2,1,1,0
831,4,1,1,0
832,1,1,1,0
833,7,1,1,0
834,2,1,1,0
835,2,1,1,0
836,3,1,1,0
837,3,1,1,0
838,7,1,1,0
839,6,1,1,0
840,4,1,1,0
841,6,1,1,0
842,3,1,1,0
843,2,1,1,0
844,5,1,1,0
845,1,1,1,0
846,4,1,1,0
847,3,1,1,0
848,2,1,1,0
849,2,1,1,0
850,7,1,1,0
851,2,1,1,0
852,4,1,1,0
853,3,1,1,0
854,4,1,1,0
855,5,1,1,0
856,6,1,1,0
857,1,1,1,0
858,4,1,1,0
859,3,1,1,0
860,9,1,1,0
861,7,1,1,0
862,6,1,1,0
863,2,1,1,0
864,1,1,1,0
865,2,1,1,0
866,3,1,1,0
867,4,1,1,0
868,2,1,1,0
869,3,1,1,0
870,4,1,1,0
871,2,1,1,0
872,3,1,1,0
873,11,1,1,0
874,3,1,1,0
875,1,1,1,0
876,4,1,1,0
877,3,1,1,0
878,3,1,1,0
879,2,1,1,0
880,2,1,1,0
881,1,1,1,0
882,2,1,1,0
883,2,1,1,0
884,2,1,1,0
885,1,1,1,0
886,10,1,1,0
887,2,1,1,0
888,6,1,1,0
889,4,1,1,0
890,1,1,1,0
891,1,1,1,0
892,3,1,1,0
893,5,1,1,0
894,7,1,1,0
895,2,1,1,0
896,2,1,1,0
897,4,1,1,0
898,9,1,1,0
899,1,1,1,0
900,2,1,1,0
901,7,1,1,0
902,4,1,1,0
903,2,1,1,0
904,1,1,1,0
905,2,1,1,0
906,2,1,1,0
907,6,1,1,0
908,5,1,1,0
909,1,1,1,0
910,3,1,1,0
911,7,1,1,0
912,3,1,1,0
913,1,1,1,0
914,1,1,1,0
915,4,1,1,0
916,10,1,1,0
917,1,1,1,0
918,4,1,1,0
919,1,1,1,0
920,1,1,1,0
921,7,1,1,0
922,3,1,1,0
923,6,1,1,0
924,6,1,1,0
925,3,1,1,0
926,1,1,1,0
927,6,1,1,0
928,7,1,1,0
929,1,1,1,0
930,1,1,1,0
931,4,1,1,0
932,3,1,1,0
933,3,1,1,0
934,1,1,1,0
935,1,1,1,0
936,2,1,1,0
937,1,1,1,0
938,3,1,1,0
939,3,1,1,0
940,5,1,1,0
941,3,1,1,0
942,5,1,1,0
943,1,1,1,0
944,4,1,1,0
945,1,1,1,0
946,9,1,1,0
947,1,1,1,0
948,1,1,1,0
949,3,1,1,0
950,1,1,1,0
951,1,1,1,0
952,1,1,1,0
953,1,1,1,0
954,3,1,1,0
955,3,1,1,0
956,4,1,1,0
957,1,1,1,0
958,9,1,1,0
959,1,1,1,0
960,1,1,1,0
961,2,1,1,0
962,1,1,1,0
963,2,1,1,0
964,1,1,1,0
965,1,1,1,0
966,3,1,1,0
967,4,1,1,0
968,4,1,1,0
969,3,1,1,0
970,2,1,1,0
971,1,1,1,0
972,2,1,1,0
973,1,1,1,0
974,3,1,1,0
975,4,1,1,0
976,11,1,1,0
977,3,1,1,0
978,1,1,1,0
979,1,1,1,0
980,1,1,1,0
981,4,1,1,0
982,9,1,1,0
983,2,1,1,0
984,3,1,1,0
985,1,1,1,0
986,4,1,1,0
987,1,1,1,0
988,4,1,1,0
989,1,1,1,0
990,1,1,1,0
991,7,1,1,0
992,4,1,1,0
993,2,1,1,0
994,5,1,1,0
995,6,1,1,0
996,1,1,1,0
997,3,1,1,0
998,2,1,1,0
999,4,1,1,0
1000,4,1,1,0
1001,1,1,1,0
1002,12,1,1,0
1003,1,1,1,0
1004,9,1,1,0
1005,1,1,1,0
1006,2,1,1,0
1007,2,1,1,0
1008,5,1,1,0
1009,4,1,1,0
1010,4,1,1,0
1011,6,1,1,0
1012,1,1,1,0
1013,6,1,1,0
1014,5,1,1,0
1015,1,1,1,0
1016,5,1,1,0
1017,2,1,1,0
1018,3,1,1,0
1019,4,1,1,0
1020,3,1,1,0
1021,4,1,1,0
1022,2,1,1,0
1023,3,1,1,0
1024,7,1,1,0
1025,2,1,1,0
1026,7,1,1,0
1027,3,1,1,0
1028,3,1,1,0
1029,2,1,1,0
1030,2,1,1,0
1031,3,1,1,0
1032,1,1,1,0
1033,8,1,1,0
1034,2,1,1,0
1035,3,1,1,0
1036,6,1,1,0
1037,1,1,1,0
1038,2,1,1,0
1039,4,1,1,0
1040,5,1,1,0
1041,1,1,1,0
1042,4,1,1,0
1043,5,1,1,0
1044,2,1,1,0
1045,2,1,1,0
1046,10,1,1,0
1047,1,1,1,0
1048,3,1,1,0
1049,1,1,1,0
1050,4,1,1,0
1051,8,1,1,0
1052,11,1,1,0
1053,5,1,1,0
1054,2,1,1,0
1055,2,1,1,0
1056,4,1,1,0
1057,2,1,1,0
1058,1,1,1,0
1059,13,1,1,0
1060,1,1,1,0
1061,4,1,1,0
1062,1,1,1,0
1063,1,1,1,0
1064,5,1,1,0
1065,2,1,1,0
1066,5,1,1,0
1067,2,1,1,0
1068,2,1,1,0
1069,2,1,1,0
1070,1,1,1,0
1071,1,1,1,0
1072,1,1,1,0
1073,8,1,1,0
1074,2,1,1,0
1075,5,1,1,0
1076,2,1,1,0
1077,4,1,1,0
1078,3,1,1,0
1079,5,1,1,0
1080,2,1,1,0
1081,8,1,1,0
1082,9,1,1,0
1083,1,1,1,0
1084,11,1,1,0
1085,2,1,1,0
1086,8,1,1,0
1087,2,1,1,0
1088,6,1,1,0
1089,2,1,1,0
1090,1,1,1,0
1091,1,1,1,0
1092,5,1,1,0
1093,1,1,1,0
1094,2,1,1,0
1095,1,1,1,0
1096,9,1,1,0
1097,3,1,1,0
1098,1,1,1,0
1099,7,1,1,0
1100,2,1,1,0
1101,5,1,1,0
1102,1,1,1,0
1103,3,1,1,0
1104,3,1,1,0
1105,3,1,1,0
1106,3,1,1,0
1107,4,1,1,0
1108,2,1,1,0
1109,4,1,1,0
1110,1,1,1,0
1111,3,1,1,0
1112,3,1,1,0
1113,7,1,1,0
1114,2,1,1,0
1115,3,1,1,0
1116,1,1,1,0
1117,2,1,1,0
1118,3,1,1,0
1119,1,1,1,0
1120,2,1,1,0
1121,6,1,1,0
1122,1,1,1,0
1123,5,1,1,0
1124,6,1,1,0
1125,1,1,1,0
1126,3,1,1,0
1127,3,1,1,0
1128,1,1,1,0
1129,5,1,1,0
1130,3,1,1,0
1131,6,1,1,0
1132,1,1,1,0
1133,5,1,1,0
1134,1,1,1,0
1135,2,1,1,0
1136,1,1,1,0
1137,2,1,1,0
1138,13,1,1,0
1139,3,1,1,0
1140,2,1,1,0
1141,1,1,1,0
1142,6,1,1,0
1143,4,1,1,0
1144,1,1,1,0
1145,1,1,1,0
1146,1,1,1,0
1147,1,1,1,0
1148,1,1,1,0
1149,1,1,1,0
1150,5,1,1,0
1151,2,1,1,0
1152,9,1,1,0
1153,3,1,1,0
1154,2,1,1,0
1155,1,1,1,0
1156,5,1,1,0
1157,1,1,1,0
1158,3,1,1,0
1159,6,1,1,0
1160,3,1,1,0
1161,1,1,1,0
1162,2,1,1,0
1163,10,1,1,0
1164,3,1,1,0
1165,1,1,1,0
1166,1,1,1,0
1167,6,1,1,0
1168,9,1,1,0
1169,2,1,1,0
1170,3,1,1,0
1171,6,1,1,0
1172,3,1,1,0
1173,1,1,1,0
1174,1,1,1,0
1175,5,1,1,0
1176,6,1,1,0
1177,3,1,1,0
1178,9,1,1,0
1179,2,1,1,0
1180,3,1,1,0
1181,3,1,1,0
1182,3,1,1,0
1183,4,1,1,0
1184,1,1,1,0
1185,4,1,1,0
1186,2,1,1,0
1187,1,1,1,0
1188,3,1,1,0
1189,1,1,1,0
1190,5,1,1,0
1191,3,1,1,0
1192,4,1,1,0
1193,7,1,1,0
1194,5,1,1,0
1195,3,1,1,0
1196,8,1,1,0
1197,3,1,1,0
1198,3,1,1,0
1199,2,1,1,0
1200,3,1,1,0
1201,1,1,1,0
1202,2,1,1,0
1203,1,1,1,0
1204,1,1,1,0
1205,2,1,1,0
1206,5,1,1,0
1207,3,1,1,0
1208,3,1,1,0
1209,2,1,1,0
1210,2,1,1,0
1211,2,1,1,0
1212,3,1,1,0
1213,4,1,1,0
1214,4,1,1,0
1215,1,1,1,0
1216,3,1,1,0
1217,1,1,1,0
1218,4,1,1,0
1219,3,1,1,0
1220,2,1,1,0
1221,1,1,1,0
1222,1,1,1,0
1223,3,1,1,0
1224,3,1,1,0
1225,15,1,1,0
1226,3,1,1,0
1227,1,1,1,0
1228,1,1,1,0
1229,1,1,1,0
1230,2,1,1,0
1231,4,1,1,0
1232,2,1,1,0
1233,7,1,1,0
1234,9,1,1,0
1235,4,1,1,0
1236,3,1,1,0
1237,1,1,1,0
1238,6,1,1,0
1239,4,1,1,0
1240,2,1,1,0
1241,4,1,1,0
1242,2,1,1,0
1243,3,1,1,0
1244,3,1,1,0
1245,6,1,1,0
1246,2,1,1,0
1247,4,1,1,0
1248,2,1,1,0
1249,2,1,1,0
1250,3,1,1,0
1251,3,1,1,0
1252,1,1,1,0
1253,2,1,1,0
1254,5,1,1,0
1255,2,1,1,0
1256,3,1,1,0
1257,4,1,1,0
1258,5,1,1,0
1259,3,1,1,0
1260,2,1,1,0
1261,2,1,1,0
1262,6,1,1,0
1263,1,1,1,0
1264,7,1,1,0
1265,1,1,1,0
1266,2,1,1,0
1267,2,1,1,0
1268,1,1,1,0
1269,13,1,1,0
1270,1,1,1,0
1271,2,1,1,0
1272,2,1,1,0
1273,10,1,1,0
1274,3,1,1,0
1275,2,1,1,0
1276,2,1,1,0
1277,2,1,1,0
1278,5,1,1,0
1279,4,1,1,0
1280,4,1,1,0
1281,3,1,1,0
1282,6,1,1,0
1283,8,1,1,0
1284,5,1,1,0
1285,3,1,1,0
1286,2,1,1,0
1287,1,1,1,0
1288,4,1,1,0
1289,4,1,1,0
1290,7,1,1,0
1291,3,1,1,0
1292,2,1,1,0
1293,1,1,1,0
1294,4,1,1,0
1295,2,1,1,0
1296,1,1,1,0
1297,6,1,1,0
1298,5,1,1,0
1299,1,1,1,0
1300,3,1,1,0
1301,1,1,1,0
1302,1,1,1,0
1303,6,1,1,0
1304,3,1,1,0
1305,2,1,1,0
1306,6,1,1,0
1307,1,1,1,0
1308,2,1,1,0
1309,7,1,1,0
1310,2,1,1,0
1311,2,1,1,0
1312,1,1,1,0
1313,16,1,1,0
1314,5,1,1,0
1315,5,1,1,0
1316,8,1,1,0
1317,1,1,1,0
1318,3,1,1,0
1319,3,1,1,0
1320,1,1,1,0
1321,2,1,1,0
1322,6,1,1,0
1323,2,1,1,0
1324,5,1,1,0
1325,1,1,1,0
1326,1,1,1,0
1327,3,1,1,0
1328,6,1,1,0
1329,6,1,1,0
1330,5,1,1,0
1331,5,1,1,0
1332,1,1,1,0
1333,3,1,1,0
1334,1,1,1,0
1335,5,1,1,0
1336,4,1,1,0
1337,1,1,1,0
1338,2,1,1,0
1339,5,1,1,0
1340,4,1,1,0
1341,1,1,1,0
1342,2,1,1,0
1343,6,1,1,0
1344,1,1,1,0
1345,5,1,1,0
1346,2,1,1,0
1347,1,1,1,0
1348,1,1,1,0
1349,2,1,1,0
1350,1,1,1,0
1351,3,1,1,0
1352,2,1,1,0
1353,2,1,1,0
1354,5,1,1,0
1355,1,1,1,0
1356,3,1,1,0
1357,1,1,1,0
1358,1,1,1,0
1359,3,1,1,0
1360,7,1,1,0
1361,4,1,1,0
1362,4,1,1,0
1363,4,1,1,0
1364,3,1,1,0
1365,8,1,1,0
1366,5,1,1,0
1367,1,1,1,0
1368,2,1,1,0
1369,1,1,1,0
1370,6,1,1,0
1371,3,1,1,0
1372,2,1,1,0
1373,4,1,1,0
1374,6,1,1,0
1375,1,1,1,0
1376,1,1,1,0
1377,2,1,1,0
1378,4,1,1,0
1379,9,1,1,0
1380,2,1,1,0
1381,2,1,1,0
1382,5,1,1,0
1383,4,1,1,0
1384,2,1,1,0
1385,4,1,1,0
1386,5,1,1,0
1387,9,1,1,0
1388,1,1,1,0
1389,3,1,1,0
1390,3,1,1,0
1391,6,1,1,0
1392,11,1,1,0
1393,1,1,1,0
1394,8,1,1,0
1395,2,1,1,0
1396,3,1,1,0
1397,1,1,1,0
1398,1,1,1,0
1399,2,1,1,0
1400,1,1,1,0
1401,1,1,1,0
1402,7,1,1,0
1403,3,1,1,0
1404,3,1,1,0
1405,3,1,1,0
1406,1,1,1,0
1407,2,1,1,0
1408,1,1,1,0
1409,1,1,1,0
1410,2,1,1,0
1411,3,1,1,0
1412,3,1,1,0
1413,4,1,1,0
1414,2,1,1,0
1415,5,1,1,0
1416,2,1,1,0
1417,12,1,1,0
1418,5,1,1,0
1419,6,1,1,0
1420,1,1,1,0
1421,7,1,1,0
1422,1,1,1,0
1423,2,1,1,0
1424,4,1,1,0
1425,8,1,1,0
1426,2,1,1,0
1427,4,1,1,0
1428,4,1,1,0
1429,2,1,1,0
1430,2,1,1,0
1431,4,1,1,0
1432,1,1,1,0
1433,4,1,1,0
1434,3,1,1,0
1435,2,1,1,0
1436,1,1,1,0
1437,3,1,1,0
1438,2,1,1,0
1439,7,1,1,0
1440,15,1,1,0
1441,6,1,1,0
1442,1,1,1,0
1443,5,1,1,0
1444,8,1,1,0
1445,4,1,1,0
1446,1,1,1,0
1447,3,1,1,0
1448,1,1,1,0
1449,8,1,1,0
1450,3,1,1,0
1451,4,1,1,0
1452,4,1,1,0
1453,5,1,1,0
1454,3,1,1,0
1455,2,1,1,0
1456,3,1,1,0
1457,4,1,1,0
1458,3,1,1,0
1459,1,1,1,0
1460,2,1,1,0
1461,6,1,1,0
1462,12,1,1,0
1463,1,1,1,0
1464,1,1,1,0
1465,1,1,1,0
1466,8,1,1,0
1467,1,1,1,0
1468,1,1,1,0
1469,5,1,1,0
1470,2,1,1,0
1471,4,1,1,0
1472,6,1,1,0
1473,4,1,1,0
1474,1,1,1,0
1475,7,1,1,0
1476,2,1,1,0
1477,1,1,1,0
1478,1,1,1,0
1479,14,1,1,0
1480,5,1,1,0
1481,6,1,1,0
1482,4,1,1,0
1483,2,1,1,0
1484,3,1,1,0
1485,1,1,1,0
1486,1,1,1,0
1487,1,1,1,0
1488,3,1,1,0
1489,1,1,1,0
1490,4,1,1,0
1491,2,1,1,0
1492,7,1,1,0
1493,9,1,1,0
1494,6,1,1,0
1495,4,1,1,0
1496,4,1,1,0
1497,2,1,1,0
1498,1,1,1,0
1499,5,1,1,0
1500,1,1,1,0
1501,7,1,1,0
1502,2,1,1,0
1503,1,1,1,0
1504,2,1,1,0
1505,1,1,1,0
1506,1,1,1,0
1507,10,1,1,0
1508,3,1,1,0
1509,1,1,1,0
1510,4,1,1,0
1511,5,1,1,0
1512,1,1,1,0
1513,7,1,1,0
1514,5,1,1,0
1515,2,1,1,0
1516,6,1,1,0
1517,2,1,1,0
1518,3,1,1,0
1519,1,1,1,0
1520,1,1,1,0
1521,5,1,1,0
1522,3,1,1,0
1523,1,1,1,0
1524,1,1,1,0
1525,3,1,1,0
1526,2,1,1,0
1527,1,1,1,0
1528,1,1,1,0
1529,6,1,1,0
1530,7,1,1,0
1531,4,1,1,0
1532,1,1,1,0
1533,6,1,1,0
1534,11,1,1,0
1535,8,1,1,0
1536,7,1,1,0
1537,2,1,1,0
1538,2,1,1,0
1539,1,1,1,0
1540,12,1,1,0
1541,2,1,1,0
1542,3,1,1,0
1543,4,1,1,0
1544,3,1,1,0
1545,1,1,1,0
1546,1,1,1,0
1547,3,1,1,0
1548,3,1,1,0
1549,5,1,1,0
1550,9,1,1,0
1551,4,1,1,0
1552,5,1,1,0
1553,10,1,1,0
1554,4,1,1,0
1555,2,1,1,0
1556,1,1,1,0
1557,2,1,1,0
1558,7,1,1,0
1559,3,1,1,0
1560,5,1,1,0
1561,1,1,1,0
1562,1,1,1,0
1563,17,1,1,0
1564,1,1,1,0
1565,3,1,1,0
1566,3,1,1,0
1567,1,1,1,0
1568,2,1,1,0
1569,2,1,1,0
1570,1,1,1,0
1571,5,1,1,0
1572,2,1,1,0
1573,5,1,1,0
1574,3,1,1,0
1575,6,1,1,0
1576,4,1,1,0
1577,7,1,1,0
1578,2,1,1,0
1579,2,1,1,0
1580,2,1,1,0
1581,1,1,1,0
1582,1,1,1,0
1583,4,1,1,0
1584,1,1,1,0
1585,14,1,1,0
1586,1,1,1,0
1587,1,1,1,0
1588,20,1,1,0
1589,1,1,1,0
1590,4,1,1,0
1591,8,1,1,0
1592,2,1,1,0
1593,2,1,1,0
1594,2,1,1,0
1595,4,1,1,0
1596,7,1,1,0
1597,2,1,1,0
1598,3,1,1,0
1599,1,1,1,0
1600,4,1,1,0
1601,5,1,1,0
1602,1,1,1,0
1603,3,1,1,0
1604,8,1,1,0
1605,3,1,1,0
1606,1,1,1,0
1607,3,1,1,0
1608,2,1,1,0
1609,1,1,1,0
1610,5,1,1,0
1611,10,1,1,0
1612,7,1,1,0
1613,2,1,1,0
1614,1,1,1,0
1615,9,1,1,0
1616,3,1,1,0
1617,1,1,1,0
1618,5,1,1,0
1619,1,1,1,0
1620,3,1,1,0
1621,1,1,1,0
1622,3,1,1,0
1623,3,1,1,0
1624,4,1,1,0
1625,3,1,1,0
1626,5,1,1,0
1627,3,1,1,0
1628,2,1,1,0
1629,7,1,1,0
1630,4,1,1,0
1631,4,1,1,0
1632,4,1,1,0
1633,5,1,1,0
1634,2,1,1,0
1635,8,1,1,0
1636,4,1,1,0
1637,5,1,1,0
1638,1,1,1,0
1639,1,1,1,0
1640,1,1,1,0
1641,1,1,1,0
1642,12,1,1,0
1643,3,1,1,0
1644,2,1,1,0
1645,4,1,1,0
1646,2,1,1,0
1647,3,1,1,0
1648,3,1,1,0
1649,2,1,1,0
1650,8,1,1,0
1651,5,1,1,0
1652,6,1,1,0
1653,5,1,1,0
1654,5,1,1,0
1655,1,1,1,0
1656,3,1,1,0
1657,9,1,1,0
1658,1,1,1,0
1659,1,1,1,0
1660,3,1,1,0
1661,3,1,1,0
1662,3,1,1,0
1663,2,1,1,0
1664,1,1,1,0
1665,2,1,1,0
1666,1,1,1,0
1667,1,1,1,0
1668,4,1,1,0
1669,6,1,1,0
1670,3,1,1,0
1671,10,1,1,0
1672,1,1,1,0
1673,2,1,1,0
1674,7,1,1,0
1675,3,1,1,0
1676,1,1,1,0
1677,2,1,1,0
1678,8,1,1,0
1679,1,1,1,0
1680,5,1,1,0
1681,2,1,1,0
1682,1,1,1,0
1683,1,1,1,0
1684,1,1,1,0
1685,1,1,1,0
1686,12,1,1,0
1687,1,1,1,0
1688,4,1,1,0
1689,3,1,1,0
1690,8,1,1,0
1691,3,1,1,0
1692,4,1,1,0
1693,2,1,1,0
1694,2,1,1,0
1695,1,1,1,0
1696,6,1,1,0
1697,2,1,1,0
1698,3,1,1,0
1699,1,1,1,0
1700,3,1,1,0
1701,1,1,1,0
1702,1,1,1,0
1703,3,1,1,0
1704,3,1,1,0
1705,4,1,1,0
1706,5,1,1,0
1707,3,1,1,0
1708,1,1,1,0
1709,1,1,1,0
1710,4,1,1,0
1711,3,1,1,0
1712,1,1,1,0
1713,7,1,1,0
1714,1,1,1,0
1715,1,1,1,0
1716,6,1,1,0
1717,8,1,1,0
1718,3,1,1,0
1719,2,1,1,0
1720,6,1,1,0
1721,2,1,1,0
1722,3,1,1,0
1723,7,1,1,0
1724,9,1,1,0
1725,4,1,1,0
1726,4,1,1,0
1727,3,1,1,0
1728,5,1,1,0
1729,7,1,1,0
1730,3,1,1,0
1731,7,1,1,0
1732,2,1,1,0
1733,1,1,1,0
1734,3,1,1,0
1735,4,1,1,0
1736,13,1,1,0
1737,5,1,1,0
1738,3,1,1,0
1739,7,1,1,0
1740,3,1,1,0
1741,2,1,1,0
1742,3,1,1,0
1743,10,1,1,0
1744,2,1,1,0
1745,13,1,1,0
1746,4,1,1,0
1747,3,1,1,0
1748,8,1,1,0
1749,1,1,1,0
1750,2,1,1,0
1751,2,1,1,0
1752,1,1,1,0
1753,1,1,1,0
1754,1,1,1,0
1755,3,1,1,0
1756,2,1,1,0
1757,2,1,1,0
1758,5,1,1,0
1759,3,1,1,0
1760,2,1,1,0
1761,4,1,1,0
1762,3,1,1,0
1763,6,1,1,0
1764,1,1,1,0
1765,1,1,1,0
1766,2,1,1,0
1767,5,1,1,0
1768,3,1,1,0
1769,4,1,1,0
1770,10,1,1,0
1771,2,1,1,0
1772,1,1,1,0
1773,8,1,1,0
1774,5,1,1,0
1775,2,1,1,0
1776,6,1,1,0
1777,6,1,1,0
1778,2,1,1,0
1779,3,1,1,0
1780,5,1,1,0
1781,1,1,1,0
1782,6,1,1,0
1783,1,1,1,0
1784,4,1,1,0
1785,2,1,1,0
1786,9,1,1,0
1787,2,1,1,0
1788,9,1,1,0
1789,2,1,1,0
1790,2,1,1,0
1791,6,1,1,0
1792,5,1,1,0
1793,1,1,1,0
1794,2,1,1,0
1795,7,1,1,0
1796,1,1,1,0
1797,1,1,1,0
1798,1,1,1,0
1799,4,1,1,0
1800,1,1,1,0
1801,3,1,1,0
1802,7,1,1,0
1803,4,1,1,0
1804,3,1,1,0
1805,1,1,1,0
1806,2,1,1,0
1807,3,1,1,0
1808,1,1,1,0
1809,4,1,1,0
1810,4,1,1,0
1811,1,1,1,0
1812,1,1,1,0
1813,1,1,1,0
1814,1,1,1,0
1815,2,1,1,0
1816,1,1,1,0
1817,2,1,1,0
1818,3,1,1,0
1819,2,1,1,0
1820,1,1,1,0
1821,4,1,1,0
1822,8,1,1,0
1823,7,1,1,0
1824,2,1,1,0
1825,4,1,1,0
1826,3,1,1,0
1827,2,1,1,0
1828,4,1,1,0
1829,1,1,1,0
1830,1,1,1,0
1831,3,1,1,0
1832,5,1,1,0
1833,2,1,1,0
1834,9,1,1,0
1835,3,1,1,0
1836,2,1,1,0
1837,3,1,1,0
1838,2,1,1,0
1839,1,1,1,0
1840,2,1,1,0
1841,1,1,1,0
1842,3,1,1,0
1843,2,1,1,0
1844,5,1,1,0
1845,2,1,1,0
1846,1,1,1,0
1847,5,1,1,0
1848,3,1,1,0
1849,6,1,1,0
1850,9,1,1,0
1851,2,1,1,0
1852,5,1,1,0
1853,1,1,1,0
1854,1,1,1,0
1855,3,1,1,0
1856,3,1,1,0
1857,3,1,1,0
1858,5,1,1,0
1859,6,1,1,0
1860,2,1,1,0
1861,1,1,1,0
1862,2,1,1,0
1863,6,1,1,0
1864,2,1,1,0
1865,3,1,1,0
1866,5,1,1,0
1867,2,1,1,0
1868,3,1,1,0
1869,1,1,1,0
1870,4,1,1,0
1871,2,1,1,0
1872,5,1,1,0
1873,3,1,1,0
1874,6,1,1,0
1875,3,1,1,0
1876,4,1,1,0
1877,1,1,1,0
1878,5,1,1,0
1879,4,1,1,0
1880,3,1,1,0
1881,3,1,1,0
1882,4,1,1,0
1883,1,1,1,0
1884,3,1,1,0
1885,2,1,1,0
1886,8,1,1,0
1887,10,1,1,0
1888,2,1,1,0
1889,1,1,1,0
1890,1,1,1,0
1891,2,1,1,0
1892,8,1,1,0
1893,8,1,1,0
1894,4,1,1,0
1895,5,1,1,0
1896,3,1,1,0
1897,6,1,1,0
1898,3,1,1,0
1899,3,1,1,0
1900,1,1,1,0
1901,2,1,1,0
1902,3,1,1,0
1903,1,1,1,0
1904,4,1,1,0
1905,2,1,1,0
1906,3,1,1,0
1907,2,1,1,0
1908,11,1,1,0
1909,2,1,1,0
1910,1,1,1,0
1911,2,1,1,0
1912,6,1,1,0
1913,2,1,1,0
1914,11,1,1,0
1915,2,1,1,0
1916,6,1,1,0
1917,5,1,1,0
1918,5,1,1,0
1919,8,1,1,0
1920,5,1,1,0
1921,2,1,1,0
1922,8,1,1,0
1923,1,1,1,0
1924,13,1,1,0
1925,4,1,1,0
1926,1,1,1,0
1927,2,1,1,0
1928,2,1,1,0
1929,1,1,1,0
1930,5,1,1,0
1931,10,1,1,0
1932,1,1,1,0
1933,2,1,1,0
1934,5,1,1,0
1935,2,1,1,0
1936,4,1,1,0
1937,3,1,1,0
1938,2,1,1,0
1939,1,1,1,0
1940,3,1,1,0
1941,6,1,1,0
1942,2,1,1,0
1943,1,1,1,0
1944,4,1,1,0
1945,4,1,1,0
1946,9,1,1,0
1947,2,1,1,0
1948,4,1,1,0
1949,7,1,1,0
1950,3,1,1,0
1951,3,1,1,0
1952,6,1,1,0
1953,4,1,1,0
1954,8,1,1,0
1955,2,1,1,0
1956,2,1,1,0
1957,1,1,1,0
1958,6,1,1,0
1959,2,1,1,0
1960,9,1,1,0
1961,12,1,1,0
1962,2,1,1,0
1963,2,1,1,0
1964,1,1,1,0
1965,1,1,1,0
1966,4,1,1,0
1967,4,1,1,0
1968,3,1,1,0
1969,1,1,1,0
1970,1,1,1,0
1971,5,1,1,0
1972,3,1,1,0
1973,4,1,1,0
1974,8,1,1,0
1975,3,1,1,0
1976,1,1,1,0
1977,5,1,1,0
1978,1,1,1,0
1979,1,1,1,0
1980,1,1,1,0
1981,4,1,1,0
1982,3,1,1,0
1983,8,1,1,0
1984,1,1,1,0
1985,2,1,1,0
1986,1,1,1,0
1987,2,1,1,0
1988,4,1,1,0
1989,1,1,1,0
1990,3,1,1,0
1991,1,1,1,0
1992,1,1,1,0
1993,2,1,1,0
1994,6,1,1,0
1995,5,1,1,0
1996,1,1,1,0
1997,3,1,1,0
1998,5,1,1,0
1999,3,1,1,0
2000,1,1,1,0
2001,4,1,1,0
2002,7,1,1,0
2003,3,1,1,0
2004,3,1,1,0
2005,1,1,1,0
2006,1,1,1,0
2007,5,1,1,0
2008,1,1,1,0
2009,6,1,1,0
2010,2,1,1,0
2011,3,1,1,0
2012,11,1,1,0
2013,4,1,1,0
2014,1,1,1,0
2015,4,1,1,0
2016,6,1,1,0
2017,4,1,1,0
2018,6,1,1,0
2019,5,1,1,0
2020,3,1,1,0
2021,6,1,1,0
2022,1,1,1,0
2023,5,1,1,0
2024,2,1,1,0
2025,1,1,1,0
2026,6,1,1,0
2027,1,1,1,0
2028,1,1,1,0
2029,1,1,1,0
2030,5,1,1,0
2031,1,1,1,0
2032,4,1,1,0
2033,4,1,1,0
2034,14,1,1,0
2035,3,1,1,0
2036,2,1,1,0
2037,1,1,1,0
2038,1,1,1,0
2039,3,1,1,0
2040,1,1,1,0
2041,2,1,1,0
2042,4,1,1,0
2043,2,1,1,0
2044,5,1,1,0
2045,2,1,1,0
2046,8,1,1,0
2047,1,1,1,0
2048,3,1,1,0
2049,4,1,1,0
2050,9,1,1,0
2051,3,1,1,0
2052,2,1,1,0
2053,8,1,1,0
2054,3,1,1,0
2055,7,1,1,0
2056,4,1,1,0
2057,4,1,1,0
2058,1,1,1,0
2059,2,1,1,0
2060,10,1,1,0
2061,1,1,1,0
2062,5,1,1,0
2063,2,1,1,0
2064,1,1,1,0
2065,7,1,1,0
2066,2,1,1,0
2067,1,1,1,0
2068,4,1,1,0
2069,1,1,1,0
2070,5,1,1,0
2071,9,1,1,0
2072,1,1,1,0
2073,2,1,1,0
2074,9,1,1,0
2075,1,1,1,0
2076,7,1,1,0
2077,4,1,1,0
2078,3,1,1,0
2079,1,1,1,0
2080,1,1,1,0
2081,1,1,1,0
2082,1,1,1,0
2083,6,1,1,0
2084,1,1,1,0
2085,6,1,1,0
2086,11,1,1,0
2087,5,1,1,0
2088,2,1,1,0
2089,4,1,1,0
2090,1,1,1,0
2091,5,1,1,0
2092,1,1,1,0
2093,2,1,1,0
2094,2,1,1,0
2095,2,1,1,0
2096,3,1,1,0
2097,5,1,1,0
2098,10,1,1,0
2099,7,1,1,0
2100,1,1,1,0
2101,4,1,1,0
2102,5,1,1,0
2103,3,1,1,0
2104,1,1,1,0
2105,2,1,1,0
2106,2,1,1,0
2107,6,1,1,0
2108,7,1,1,0
2109,2,1,1,0
2110,3,1,1,0
2111,4,1,1,0
2112,2,1,1,0
2113,8,1,1,0
2114,2,1,1,0
2115,3,1,1,0
2116,1,1,1,0
2117,1,1,1,0
2118,9,1,1,0
2119,3,1,1,0
2120,3,1,1,0
2121,1,1,1,0
2122,1,1,1,0
2123,4,1,1,0
2124,1,1,1,0
2125,4,1,1,0
2126,1,1,1,0
2127,5,1,1,0
2128,9,1,1,0
2129,2,1,1,0
2130,7,1,1,0
2131,2,1,1,0
2132,12,1,1,0
2133,2,1,1,0
2134,3,1,1,0
2135,1,1,1,0
2136,5,1,1,0
2137,5,1,1,0
2138,3,1,1,0
2139,2,1,1,0
2140,13,1,1,0
2141,2,1,1,0
2142,1,1,1,0
2143,3,1,1,0
2144,7,1,1,0
2145,1,1,1,0
2146,1,1,1,0
2147,2,1,1,0
2148,6,1,1,0
2149,9,1,1,0
2150,1,1,1,0
2151,3,1,1,0
2152,4,1,1,0
2153,3,1,1,0
2154,2,1,1,0
2155,3,1,1,0
2156,4,1,1,0
2157,3,1,1,0
2158,3,1,1,0
2159,2,1,1,0
2160,8,1,1,0
2161,7,1,1,0
2162,9,1,1,0
2163,3,1,1,0
2164,3,1,1,0
2165,2,1,1,0
2166,2,1,1,0
2167,2,1,1,0
2168,2,1,1,0
2169,4,1,1,0
2170,5,1,1,0
2171,3,1,1,0
2172,2,1,1,0
2173,2,1,1,0
2174,11,1,1,0
2175,1,1,1,0
2176,3,1,1,0
2177,6,1,1,0
2178,3,1,1,0
2179,3,1,1,0
2180,7,1,1,0
2181,2,1,1,0
2182,1,1,1,0
2183,1,1,1,0
2184,5,1,1,0
2185,2,1,1,0
2186,7,1,1,0
2187,1,1,1,0
2188,1,1,1,0
2189,1,1,1,0
2190,2,1,1,0
2191,1,1,1,0
2192,3,1,1,0
2193,1,1,1,0
2194,3,1,1,0
2195,3,1,1,0
2196,2,1,1,0
2197,3,1,1,0
2198,7,1,1,0
2199,2,1,1,0
2200,2,1,1,0
2201,8,1,1,0
2202,3,1,1,0
2203,2,1,1,0
2204,14,1,1,0
2205,7,1,1,0
2206,2,1,1,0
2207,1,1,1,0
2208,3,1,1,0
2209,3,1,1,0
2210,5,1,1,0
2211,1,1,1,0
2212,7,1,1,0
2213,4,1,1,0
2214,3,1,1,0
2215,1,1,1,0
2216,2,1,1,0
2217,5,1,1,0
2218,3,1,1,0
2219,5,1,1,0
2220,5,1,1,0
2221,1,1,1,0
2222,3,1,1,0
2223,5,1,1,0
2224,1,1,1,0
2225,1,1,1,0
2226,3,1,1,0
2227,1,1,1,0
2228,1,1,1,0
2229,12,1,1,0
2230,8,1,1,0
2231,4,1,1,0
2232,2,1,1,0
2233,4,1,1,0
2234,1,1,1,0
2235,2,1,1,0
2236,6,1,1,0
2237,1,1,1,0
2238,3,1,1,0
2239,1,1,1,0
2240,4,1,1,0
2241,5,1,1,0
2242,3,1,1,0
2243,2,1,1,0
2244,3,1,1,0
2245,4,1,1,0
2246,1,1,1,0
2247,3,1,1,0
2248,9,1,1,0
2249,2,1,1,0
2250,3,1,1,0
2251,2,1,1,0
2252,7,1,1,0
2253,5,1,1,0
2254,1,1,1,0
2255,9,1,1,0
2256,3,1,1,0
2257,1,1,1,0
2258,1,1,1,0
2259,1,1,1,0
2260,5,1,1,0
2261,1,1,1,0
2262,4,1,1,0
2263,5,1,1,0
2264,6,1,1,0
2265,3,1,1,0
2266,7,1,1,0
2267,3,1,1,0
2268,3,1,1,0
2269,3,1,1,0
2270,3,1,1,0
2271,1,1,1,0
2272,3,1,1,0
2273,2,1,1,0
2274,7,1,1,0
2275,1,1,1,0
2276,2,1,1,0
2277,5,1,1,0
2278,3,1,1,0
2279,1,1,1,0
2280,1,1,1,0
2281,1,1,1,0
2282,13,1,1,0
2283,2,1,1,0
2284,1,1,1,0
2285,6,1,1,0
2286,3,1,1,0
2287,2,1,1,0
2288,5,1,1,0
2289,1,1,1,0
2290,2,1,1,0
2291,3,1,1,0
2292,5,1,1,0
2293,1,1,1,0
2294,3,1,1,0
2295,2,1,1,0
2296,3,1,1,0
2297,4,1,1,0
2298,1,1,1,0
2299,4,1,1,0
2300,5,1,1,0
2301,3,1,1,0
2302,15,1,1,0
2303,7,1,1,0
2304,1,1,1,0
2305,6,1,1,0
2306,2,1,1,0
2307,1,1,1,0
2308,1,1,1,0
2309,2,1,1,0
2310,1,1,1,0
2311,4,1,1,0
2312,2,1,1,0
2313,2,1,1,0
2314,7,1,1,0
2315,1,1,1,0
2316,8,1,1,0
2317,5,1,1,0
2318,3,1,1,0
2319,4,1,1,0
2320,2,1,1,0
2321,3,1,1,0
2322,3,1,1,0
2323,10,1,1,0
2324,5,1,1,0
2325,4,1,1,0
2326,2,1,1,0
2327,1,1,1,0
2328,1,1,1,0
2329,1,1,1,0
2330,3,1,1,0
2331,4,1,1,0
2332,1,1,1,0
2333,1,1,1,0
2334,1,1,1,0
2335,1,1,1,0
2336,7,1,1,0
2337,2,1,1,0
2338,4,1,1,0
2339,2,1,1,0
2340,3,1,1,0
2341,9,1,1,0
2342,2,1,1,0
2343,6,1,1,0
2344,1,1,1,0
2345,3,1,1,0
2346,3,1,1,0
2347,3,1,1,0
2348,2,1,1,0
2349,7,1,1,0
2350,2,1,1,0
2351,5,1,1,0
2352,12,1,1,0
2353,3,1,1,0
2354,2,1,1,0
2355,1,1,1,0
2356,7,1,1,0
2357,3,1,1,0
2358,1,1,1,0
2359,18,1,1,0
2360,1,1,1,0
2361,1,1,1,0
2362,8,1,1,0
2363,2,1,1,0
2364,2,1,1,0
2365,3,1,1,0
2366,1,1,1,0
2367,10,1,1,0
2368,17,1,1,0
2369,3,1,1,0
2370,1,1,1,0
2371,6,1,1,0
2372,2,1,1,0
2373,8,1,1,0
2374,2,1,1,0
2375,1,1,1,0
2376,5,1,1,0
2377,7,1,1,0
2378,10,1,1,0
2379,2,1,1,0
2380,11,1,1,0
2381,1,1,1,0
2382,5,1,1,0
2383,6,1,1,0
2384,1,1,1,0
2385,2,1,1,0
2386,4,1,1,0
2387,2,1,1,0
2388,17,1,1,0
2389,5,1,1,0
2390,1,1,1,0
2391,3,1,1,0
2392,7,1,1,0
2393,2,1,1,0
2394,2,1,1,0
2395,3,1,1,0
2396,1,1,1,0
2397,1,1,1,0
2398,1,1,1,0
2399,12,1,1,0
2400,1,1,1,0
2401,4,1,1,0
2402,2,1,1,0
2403,2,1,1,0
2404,3,1,1,0
2405,1,1,1,0
2406,1,1,1,0
2407,2,1,1,0
2408,2,1,1,0
2409,1,1,1,0
2410,4,1,1,0
2411,3,1,1,0
2412,1,1,1,0
2413,11,1,1,0
2414,1,1,1,0
2415,2,1,1,0
2416,1,1,1,0
2417,3,1,1,0
2418,2,1,1,0
2419,2,1,1,0
2420,1,1,1,0
2421,5,1,1,0
2422,5,1,1,0
2423,1,1,1,0
2424,1,1,1,0
2425,3,1,1,0
2426,1,1,1,0
2427,4,1,1,0
2428,6,1,1,0
2429,2,1,1,0
2430,2,1,1,0
2431,3,1,1,0
2432,2,1,1,0
2433,5,1,1,0
2434,7,1,1,0
2435,1,1,1,0
2436,6,1,1,0
2437,3,1,1,0
2438,9,1,1,0
2439,3,1,1,0
2440,2,1,1,0
2441,6,1,1,0
2442,4,1,1,0
2443,6,1,1,0
2444,2,1,1,0
2445,2,1,1,0
2446,6,1,1,0
2447,5,1,1,0
2448,1,1,1,0
2449,3,1,1,0
2450,3,1,1,0
2451,2,1,1,0
2452,3,1,1,0
2453,2,1,1,0
2454,3,1,1,0
2455,6,1,1,0
2456,9,1,1,0
2457,1,1,1,0
2458,2,1,1,0
2459,3,1,1,0
2460,4,1,1,0
2461,2,1,1,0
2462,2,1,1,0
2463,4,1,1,0
2464,3,1,1,0
2465,1,1,1,0
2466,3,1,1,0
2467,7,1,1,0
2468,3,1,1,0
2469,8,1,1,0
2470,6,1,1,0
2471,4,1,1,0
2472,1,1,1,0
2473,1,1,1,0
2474,3,1,1,0
2475,3,1,1,0
2476,2,1,1,0
2477,3,1,1,0
2478,1,1,1,0
2479,1,1,1,0
2480,6,1,1,0
2481,6,1,1,0
2482,3,1,1,0
2483,10,1,1,0
2484,1,1,1,0
2485,12,1,1,0
2486,2,1,1,0
2487,2,1,1,0
2488,5,1,1,0
2489,2,1,1,0
2490,3,1,1,0
2491,4,1,1,0
2492,1,1,1,0
2493,1,1,1,0
2494,3,1,1,0
2495,3,1,1,0
2496,1,1,1,0
2497,8,1,1,0
2498,4,1,1,0
2499,3,1,1,0
2500,1,1,1,0
2501,4,1,1,0
2502,2,1,1,0
2503,1,1,1,0
2504,4,1,1,0
2505,1,1,1,0
2506,4,1,1,0
2507,1,1,1,0
2508,4,1,1,0
2509,11,1,1,0
2510,2,1,1,0
2511,6,1,1,0
2512,4,1,1,0
2513,3,1,1,0
2514,3,1,1,0
2515,3,1,1,0
2516,2,1,1,0
2517,1,1,1,0
2518,1,1,1,0
2519,1,1,1,0
2520,1,1,1,0
2521,5,1,1,0
2522,4,1,1,0
2523,5,1,1,0
2524,7,1,1,0
2525,5,1,1,0
2526,1,1,1,0
2527,3,1,1,0
2528,2,1,1,0
2529,7,1,1,0
2530,3,1,1,0
2531,3,1,1,0
2532,2,1,1,0
2533,5,1,1,0
2534,3,1,1,0
2535,2,1,1,0
2536,5,1,1,0
2537,7,1,1,0
2538,16,1,1,0
2539,2,1,1,0
2540,3,1,1,0
2541,11,1,1,0
2542,2,1,1,0
2543,4,1,1,0
2544,3,1,1,0
2545,1,1,1,0
2546,7,1,1,0
2547,2,1,1,0
2548,4,1,1,0
2549,2,1,1,0
2550,5,1,1,0
2551,1,1,1,0
2552,3,1,1,0
2553,1,1,1,0
2554,3,1,1,0
2555,1,1,1,0
2556,5,1,1,0
2557,6,1,1,0
2558,5,1,1,0
2559,2,1,1,0
2560,9,1,1,0
2561,8,1,1,0
2562,4,1,1,0
2563,9,1,1,0
2564,7,1,1,0
2565,4,1,1,0
2566,4,1,1,0
2567,2,1,1,0
2568,2,1,1,0
2569,3,1,1,0
2570,3,1,1,0
2571,15,1,1,0
2572,5,1,1,0
2573,3,1,1,0
2574,3,1,1,0
2575,2,1,1,0
2576,2,1,1,0
2577,4,1,1,0
2578,2,1,1,0
2579,3,1,1,0
2580,3,1,1,0
2581,1,1,1,0
2582,1,1,1,0
2583,5,1,1,0
2584,1,1,1,0
2585,6,1,1,0
2586,1,1,1,0
2587,1,1,1,0
2588,1,1,1,0
2589,6,1,1,0
2590,5,1,1,0
2591,2,1,1,0
2592,6,1,1,0
2593,15,1,1,0
2594,2,1,1,0
2595,3,1,1,0
2596,1,1,1,0
2597,5,1,1,0
2598,2,1,1,0
2599,1,1,1,0
2600,1,1,1,0
2601,1,1,1,0
2602,6,1,1,0
2603,1,1,1,0
2604,2,1,1,0
2605,2,1,1,0
2606,1,1,1,0
2607,3,1,1,0
2608,1,1,1,0
2609,4,1,1,0
2610,1,1,1,0
2611,9,1,1,0
2612,1,1,1,0
2613,9,1,1,0
2614,3,1,1,0
2615,2,1,1,0
2616,2,1,1,0
2617,2,1,1,0
2618,1,1,1,0
2619,5,1,1,0
2620,2,1,1,0
2621,8,1,1,0
2622,4,1,1,0
2623,7,1,1,0
2624,1,1,1,0
2625,2,1,1,0
2626,1,1,1,0
2627,1,1,1,0
2628,2,1,1,0
2629,1,1,1,0
2630,2,1,1,0
2631,1,1,1,0
2632,4,1,1,0
2633,1,1,1,0
2634,11,1,1,0
2635,2,1,1,0
2636,2,1,1,0
2637,2,1,1,0
2638,6,1,1,0
2639,11,1,1,0
2640,1,1,1,0
2641,5,1,1,0
2642,7,1,1,0
2643,3,1,1,0
2644,11,1,1,0
2645,2,1,1,0
2646,5,1,1,0
2647,1,1,1,0
2648,2,1,1,0
2649,3,1,1,0
2650,1,1,1,0
2651,1,1,1,0
2652,5,1,1,0
2653,8,1,1,0
2654,5,1,1,0
2655,4,1,1,0
2656,1,1,1,0
2657,3,1,1,0
2658,2,1,1,0
2659,3,1,1,0
2660,8,1,1,0
2661,1,1,1,0
2662,1,1,1,0
2663,4,1,1,0
2664,3,1,1,0
2665,2,1,1,0
2666,5,1,1,0
2667,3,1,1,0
2668,4,1,1,0
2669,11,1,1,0
2670,5,1,1,0
2671,1,1,1,0
2672,5,1,1,0
2673,1,1,1,0
2674,3,1,1,0
2675,10,1,1,0
2676,2,1,1,0
2677,8,1,1,0
2678,3,1,1,0
2679,1,1,1,0
2680,1,1,1,0
2681,2,1,1,0
2682,1,1,1,0
2683,2,1,1,0
2684,5,1,1,0
2685,1,1,1,0
2686,2,1,1,0
2687,1,1,1,0
2688,2,1,1,0
2689,3,1,1,0
2690,3,1,1,0
2691,2,1,1,0
2692,8,1,1,0
2693,5,1,1,0
2694,1,1,1,0
2695,8,1,1,0
2696,1,1,1,0
2697,8,1,1,0
2698,3,1,1,0
2699,1,1,1,0
2700,4,1,1,0
2701,2,1,1,0
2702,1,1,1,0
2703,3,1,1,0
2704,7,1,1,0
2705,5,1,1,0
2706,6,1,1,0
2707,1,1,1,0
2708,3,1,1,0
2709,3,1,1,0
2710,4,1,1,0
2711,9,1,1,0
2712,9,1,1,0
2713,5,1,1,0
2714,1,1,1,0
2715,3,1,1,0
2716,2,1,1,0
2717,1,1,1,0
2718,2,1,1,0
2719,2,1,1,0
2720,3,1,1,0
2721,9,1,1,0
2722,1,1,1,0
2723,6,1,1,0
2724,5,1,1,0
2725,5,1,1,0
2726,2,1,1,0
2727,5,1,1,0
2728,3,1,1,0
2729,2,1,1,0
2730,4,1,1,0
2731,3,1,1,0
2732,5,1,1,0
2733,3,1,1,0
2734,2,1,1,0
2735,1,1,1,0
2736,2,1,1,0
2737,2,1,1,0
2738,1,1,1,0
2739,4,1,1,0
2740,3,1,1,0
2741,5,1,1,0
2742,2,1,1,0
2743,1,1,1,0
2744,4,1,1,0
2745,12,1,1,0
2746,1,1,1,0
2747,7,1,1,0
2748,8,1,1,0
2749,6,1,1,0
2750,5,1,1,0
2751,4,1,1,0
2752,6,1,1,0
2753,3,1,1,0
2754,2,1,1,0
2755,3,1,1,0
2756,6,1,1,0
2757,4,1,1,0
2758,2,1,1,0
2759,2,1,1,0
2760,2,1,1,0
2761,3,1,1,0
2762,5,1,1,0
2763,2,1,1,0
2764,3,1,1,0
2765,6,1,1,0
2766,2,1,1,0
2767,3,1,1,0
2768,3,1,1,0
2769,5,1,1,0
2770,1,1,1,0
2771,2,1,1,0
2772,8,1,1,0
2773,1,1,1,0
2774,2,1,1,0
2775,1,1,1,0
2776,7,1,1,0
2777,15,1,1,0
2778,1,1,1,0
2779,1,1,1,0
2780,1,1,1,0
2781,5,1,1,0
2782,11,1,1,0
2783,1,1,1,0
2784,4,1,1,0
2785,1,1,1,0
2786,3,1,1,0
2787,6,1,1,0
2788,8,1,1,0
2789,6,1,1,0
2790,5,1,1,0
2791,1,1,1,0
2792,6,1,1,0
2793,2,1,1,0
2794,8,1,1,0
2795,6,1,1,0
2796,1,1,1,0
2797,6,1,1,0
2798,1,1,1,0
2799,1,1,1,0
2800,1,1,1,0
2801,5,1,1,0
2802,4,1,1,0
2803,3,1,1,0
2804,1,1,1,0
2805,2,1,1,0
2806,2,1,1,0
2807,8,1,1,0
2808,1,1,1,0
2809,5,1,1,0
2810,9,1,1,0
2811,1,1,1,0
2812,11,1,1,0
2813,3,1,1,0
2814,3,1,1,0
2815,4,1,1,0
2816,1,1,1,0
2817,6,1,1,0
2818,5,1,1,0
2819,10,1,1,0
2820,2,1,1,0
2821,2,1,1,0
2822,2,1,1,0
2823,3,1,1,0
2824,5,1,1,0
2825,2,1,1,0
2826,2,1,1,0
2827,4,1,1,0
2828,7,1,1,0
2829,2,1,1,0
2830,6,1,1,0
2831,2,1,1,0
2832,4,1,1,0
2833,2,1,1,0
2834,2,1,1,0
2835,1,1,1,0
2836,4,1,1,0
2837,8,1,1,0
2838,6,1,1,0
2839,3,1,1,0
2840,1,1,1,0
2841,2,1,1,0
2842,1,1,1,0
2843,2,1,1,0
2844,7,1,1,0
2845,1,1,1,0
2846,4,1,1,0
2847,6,1,1,0
2848,4,1,1,0
2849,1,1,1,0
2850,3,1,1,0
2851,2,1,1,0
2852,3,1,1,0
2853,1,1,1,0
2854,1,1,1,0
2855,12,1,1,0
2856,5,1,1,0
2857,3,1,1,0
2858,2,1,1,0
2859,4,1,1,0
2860,5,1,1,0
2861,1,1,1,0
2862,5,1,1,0
2863,1,1,1,0
2864,4,1,1,0
2865,4,1,1,0
2866,7,1,1,0
2867,2,1,1,0
2868,1,1,1,0
2869,1,1,1,0
2870,5,1,1,0
2871,5,1,1,0
2872,1,1,1,0
2873,3,1,1,0
2874,6,1,1,0
2875,5,1,1,0
2876,9,1,1,0
2877,1,1,1,0
2878,5,1,1,0
2879,1,1,1,0
2880,2,1,1,0
2881,1,1,1,0
2882,2,1,1,0
2883,9,1,1,0
2884,4,1,1,0
2885,1,1,1,0
2886,9,1,1,0
2887,2,1,1,0
2888,3,1,1,0
2889,1,1,1,0
2890,3,1,1,0
2891,2,1,1,0
2892,1,1,1,0
2893,11,1,1,0
2894,7,1,1,0
2895,1,1,1,0
2896,2,1,1,0
2897,1,1,1,0
2898,4,1,1,0
2899,7,1,1,0
2900,8,1,1,0
2901,1,1,1,0
2902,1,1,1,0
2903,1,1,1,0
2904,1,1,1,0
2905,4,1,1,0
2906,6,1,1,0
2907,4,1,1,0
2908,4,1,1,0
2909,1,1,1,0
2910,1,1,1,0
2911,8,1,1,0
2912,9,1,1,0
2913,4,1,1,0
2914,5,1,1,0
2915,2,1,1,0
2916,5,1,1,0
2917,1,1,1,0
2918,2,1,1,0
2919,2,1,1,0
2920,11,1,1,0
2921,11,1,1,0
2922,1,1,1,0
2923,9,1,1,0
2924,1,1,1,0
2925,1,1,1,0
2926,3,1,1,0
2927,2,1,1,0
2928,16,1,1,0
2929,2,1,1,0
2930,3,1,1,0
2931,4,1,1,0
2932,8,1,1,0
2933,2,1,1,0
2934,11,1,1,0
2935,2,1,1,0
2936,2,1,1,0
2937,7,1,1,0
2938,2,1,1,0
2939,8,1,1,0
2940,3,1,1,0
2941,1,1,1,0
2942,5,1,1,0
2943,3,1,1,0
2944,5,1,1,0
2945,3,1,1,0
2946,2,1,1,0
2947,2,1,1,0
2948,2,1,1,0
2949,7,1,1,0
2950,1,1,1,0
2951,3,1,1,0
2952,3,1,1,0
2953,7,1,1,0
2954,3,1,1,0
2955,3,1,1,0
2956,1,1,1,0
2957,7,1,1,0
2958,3,1,1,0
2959,2,1,1,0
2960,5,1,1,0
2961,1,1,1,0
2962,5,1,1,0
2963,1,1,1,0
2964,1,1,1,0
2965,2,1,1,0
2966,4,1,1,0
2967,4,1,1,0
2968,1,1,1,0
2969,5,1,1,0
2970,1,1,1,0
2971,1,1,1,0
2972,3,1,1,0
2973,1,1,1,0
2974,1,1,1,0
2975,5,1,1,0
2976,5,1,1,0
2977,1,1,1,0
2978,7,1,1,0
2979,4,1,1,0
2980,2,1,1,0
2981,7,1,1,0
2982,5,1,1,0
2983,7,1,1,0
2984,5,1,1,0
2985,10,1,1,0
2986,8,1,1,0
2987,1,1,1,0
2988,7,1,1,0
2989,2,1,1,0
2990,4,1,1,0
2991,3,1,1,0
2992,2,1,1,0
2993,2,1,1,0
2994,2,1,1,0
2995,4,1,1,0
2996,3,1,1,0
2997,1,1,1,0
2998,1,1,1,0
2999,4,1,1,0
3000,3,1,1,0
3001,1,1,1,0
3002,2,1,1,0
3003,3,1,1,0
3004,1,1,1,0
3005,7,1,1,0
3006,4,1,1,0
3007,3,1,1,0
3008,3,1,1,0
3009,3,1,1,0
3010,3,1,1,0
3011,1,1,1,0
3012,6,1,1,0
3013,2,1,1,0
3014,4,1,1,0
3015,2,1,1,0
3016,13,1,1,0
3017,5,1,1,0
3018,4,1,1,0
3019,2,1,1,0
3020,5,1,1,0
3021,3,1,1,0
3022,3,1,1,0
3023,3,1,1,0
3024,2,1,1,0
3025,4,1,1,0
3026,1,1,1,0
3027,1,1,1,0
3028,3,1,1,0
3029,1,1,1,0
3030,1,1,1,0
3031,4,1,1,0
3032,1,1,1,0
3033,2,1,1,0
3034,1,1,1,0
3035,1,1,1,0
3036,1,1,1,0
3037,3,1,1,0
3038,1,1,1,0
3039,2,1,1,0
3040,4,1,1,0
3041,1,1,1,0
3042,2,1,1,0
3043,1,1,1,0
3044,2,1,1,0
3045,3,1,1,0
3046,1,1,1,0
3047,4,1,1,0
3048,1,1,1,0
3049,5,1,1,0
3050,2,1,1,0
3051,8,1,1,0
3052,2,1,1,0
3053,7,1,1,0
3054,2,1,1,0
3055,6,1,1,0
3056,4,1,1,0
3057,10,1,1,0
3058,4,1,1,0
3059,9,1,1,0
3060,4,1,1,0
3061,2,1,1,0
3062,2,1,1,0
3063,3,1,1,0
3064,4,1,1,0
3065,1,1,1,0
3066,4,1,1,0
3067,3,1,1,0
3068,4,1,1,0
3069,4,1,1,0
3070,3,1,1,0
3071,1,1,1,0
3072,2,1,1,0
3073,4,1,1,0
3074,1,1,1,0
3075,4,1,1,0
3076,3,1,1,0
3077,5,1,1,0
3078,2,1,1,0
3079,3,1,1,0
3080,2,1,1,0
3081,4,1,1,0
3082,3,1,1,0
3083,4,1,1,0
3084,8,1,1,0
3085,4,1,1,0
3086,3,1,1,0
3087,4,1,1,0
3088,4,1,1,0
3089,1,1,1,0
3090,7,1,1,0
3091,1,1,1,0
3092,4,1,1,0
3093,1,1,1,0
3094,1,1,1,0
3095,2,1,1,0
3096,1,1,1,0
3097,4,1,1,0
3098,5,1,1,0
3099,2,1,1,0
3100,1,1,1,0
3101,7,1,1,0
3102,6,1,1,0
3103,2,1,1,0
3104,3,1,1,0
3105,4,1,1,0
3106,2,1,1,0
3107,2,1,1,0
3108,2,1,1,0
3109,5,1,1,0
3110,6,1,1,0
3111,2,1,1,0
3112,8,1,1,0
3113,1,1,1,0
3114,1,1,1,0
3115,1,1,1,0
3116,1,1,1,0
3117,9,1,1,0
3118,1,1,1,0
3119,1,1,1,0
3120,2,1,1,0
3121,2,1,1,0
3122,1,1,1,0
3123,4,1,1,0
3124,2,1,1,0
3125,1,1,1,0
3126,1,1,1,0
3127,5,1,1,0
3128,4,1,1,0
3129,5,1,1,0
3130,3,1,1,0
3131,3,1,1,0
3132,3,1,1,0
3133,2,1,1,0
3134,5,1,1,0
3135,8,1,1,0
3136,1,1,1,0
3137,10,1,1,0
3138,7,1,1,0
3139,16,1,1,0
3140,2,1,1,0
3141,1,1,1,0
3142,2,1,1,0
3143,2,1,1,0
3144,4,1,1,0
3145,2,1,1,0
3146,8,1,1,0
3147,3,1,1,0
3148,1,1,1,0
3149,3,1,1,0
3150,10,1,1,0
3151,1,1,1,0
3152,1,1,1,0
3153,6,1,1,0
3154,4,1,1,0
3155,6,1,1,0
3156,3,1,1,0
3157,8,1,1,0
3158,1,1,1,0
3159,4,1,1,0
3160,7,1,1,0
3161,1,1,1,0
3162,2,1,1,0
3163,4,1,1,0
3164,2,1,1,0
3165,1,1,1,0
3166,5,1,1,0
3167,9,1,1,0
3168,1,1,1,0
3169,5,1,1,0
3170,1,1,1,0
3171,4,1,1,0
3172,2,1,1,0
3173,6,1,1,0
3174,4,1,1,0
3175,2,1,1,0
3176,1,1,1,0
3177,2,1,1,0
3178,1,1,1,0
3179,2,1,1,0
3180,1,1,1,0
3181,1,1,1,0
3182,6,1,1,0
3183,2,1,1,0
3184,2,1,1,0
3185,1,1,1,0
3186,6,1,1,0
3187,4,1,1,0
3188,2,1,1,0
3189,1,1,1,0
3190,2,1,1,0
3191,1,1,1,0
3192,1,1,1,0
3193,2,1,1,0
3194,1,1,1,0
3195,3,1,1,0
3196,1,1,1,0
3197,2,1,1,0
3198,1,1,1,0
3199,12,1,1,0
3200,6,1,1,0
3201,5,1,1,0
3202,5,1,1,0
3203,5,1,1,0
3204,1,1,1,0
3205,5,1,1,0
3206,1,1,1,0
3207,1,1,1,0
3208,6,1,1,0
3209,2,1,1,0
3210,4,1,1,0
3211,1,1,1,0
3212,6,1,1,0
3213,1,1,1,0
3214,5,1,1,0
3215,2,1,1,0
3216,12,1,1,0
3217,2,1,1,0
3218,2,1,1,0
3219,3,1,1,0
3220,1,1,1,0
3221,1,1,1,0
3222,1,1,1,0
3223,1,1,1,0
3224,1,1,1,0
3225,1,1,1,0
3226,3,1,1,0
3227,4,1,1,0
3228,1,1,1,0
3229,1,1,1,0
3230,1,1,1,0
3231,7,1,1,0
3232,1,1,1,0
3233,11,1,1,0
3234,5,1,1,0
3235,5,1,1,0
3236,7,1,1,0
3237,1,1,1,0
3238,2,1,1,0
3239,2,1,1,0
3240,1,1,1,0
3241,3,1,1,0
3242,5,1,1,0
3243,5,1,1,0
3244,1,1,1,0
3245,3,1,1,0
3246,4,1,1,0
3247,5,1,1,0
3248,4,1,1,0
3249,6,1,1,0
3250,1,1,1,0
3251,2,1,1,0
3252,4,1,1,0
3253,5,1,1,0
3254,1,1,1,0
3255,6,1,1,0
3256,1,1,1,0
3257,2,1,1,0
3258,6,1,1,0
3259,5,1,1,0
3260,2,1,1,0
3261,1,1,1,0
3262,2,1,1,0
3263,2,1,1,0
3264,1,1,1,0
3265,2,1,1,0
3266,1,1,1,0
3267,3,1,1,0
3268,4,1,1,0
3269,8,1,1,0
3270,3,1,1,0
3271,1,1,1,0
3272,4,1,1,0
3273,2,1,1,0
3274,3,1,1,0
3275,2,1,1,0
3276,4,1,1,0
3277,2,1,1,0
3278,1,1,1,0
3279,3,1,1,0
3280,7,1,1,0
3281,3,1,1,0
3282,1,1,1,0
3283,6,1,1,0
3284,9,1,1,0
3285,1,1,1,0
3286,4,1,1,0
3287,1,1,1,0
3288,4,1,1,0
3289,3,1,1,0
3290,1,1,1,0
3291,2,1,1,0
3292,2,1,1,0
3293,2,1,1,0
3294,1,1,1,0
3295,1,1,1,0
3296,2,1,1,0
3297,1,1,1,0
3298,4,1,1,0
3299,8,1,1,0
3300,1,1,1,0
3301,4,1,1,0
3302,7,1,1,0
3303,2,1,1,0
3304,2,1,1,0
3305,3,1,1,0
3306,3,1,1,0
3307,4,1,1,0
3308,2,1,1,0
3309,1,1,1,0
3310,2,1,1,0
3311,1,1,1,0
3312,8,1,1,0
3313,4,1,1,0
3314,4,1,1,0
3315,1,1,1,0
3316,6,1,1,0
3317,3,1,1,0
3318,2,1,1,0
3319,1,1,1,0
3320,1,1,1,0
3321,5,1,1,0
3322,5,1,1,0
3323,5,1,1,0
3324,2,1,1,0
3325,5,1,1,0
3326,1,1,1,0
3327,3,1,1,0
3328,2,1,1,0
3329,4,1,1,0
3330,3,1,1,0
3331,4,1,1,0
3332,15,1,1,0
3333,2,1,1,0
3334,1,1,1,0
3335,3,1,1,0
3336,1,1,1,0
3337,10,1,1,0
3338,2,1,1,0
3339,8,1,1,0
3340,3,1,1,0
3341,1,1,1,0
3342,12,1,1,0
3343,4,1,1,0
3344,2,1,1,0
3345,2,1,1,0
3346,3,1,1,0
3347,4,1,1,0
3348,9,1,1,0
3349,1,1,1,0
3350,5,1,1,0
3351,4,1,1,0
3352,3,1,1,0
3353,11,1,1,0
3354,7,1,1,0
3355,2,1,1,0
3356,1,1,1,0
3357,2,1,1,0
3358,8,1,1,0
3359,3,1,1,0
3360,6,1,1,0
3361,4,1,1,0
3362,5,1,1,0
3363,3,1,1,0
3364,1,1,1,0
3365,9,1,1,0
3366,8,1,1,0
3367,1,1,1,0
3368,6,1,1,0
3369,4,1,1,0
3370,15,1,1,0
3371,3,1,1,0
3372,6,1,1,0
3373,1,1,1,0
3374,3,1,1,0
3375,9,1,1,0
3376,7,1,1,0
3377,1,1,1,0
3378,1,1,1,0
3379,4,1,1,0
3380,2,1,1,0
3381,10,1,1,0
3382,3,1,1,0
3383,5,1,1,0
3384,6,1,1,0
3385,1,1,1,0
3386,1,1,1,0
3387,2,1,1,0
3388,1,1,1,0
3389,2,1,1,0
3390,3,1,1,0
3391,1,1,1,0
3392,2,1,1,0
3393,7,1,1,0
3394,1,1,1,0
3395,7,1,1,0
3396,3,1,1,0
3397,3,1,1,0
3398,1,1,1,0
3399,1,1,1,0
3400,1,1,1,0
3401,2,1,1,0
3402,5,1,1,0
3403,1,1,1,0
3404,2,1,1,0
3405,5,1,1,0
3406,4,1,1,0
3407,1,1,1,0
3408,4,1,1,0
3409,4,1,1,0
3410,5,1,1,0
3411,5,1,1,0
3412,2,1,1,0
3413,2,1,1,0
3414,7,1,1,0
3415,4,1,1,0
3416,3,1,1,0
3417,1,1,1,0
3418,8,1,1,0
3419,3,1,1,0
3420,2,1,1,0
3421,3,1,1,0
3422,4,1,1,0
3423,2,1,1,0
3424,11,1,1,0
3425,2,1,1,0
3426,8,1,1,0
3427,1,1,1,0
3428,1,1,1,0
3429,1,1,1,0
3430,1,1,1,0
3431,7,1,1,0
3432,6,1,1,0
3433,8,1,1,0
3434,2,1,1,0
3435,2,1,1,0
3436,3,1,1,0
3437,5,1,1,0
3438,3,1,1,0
3439,1,1,1,0
3440,4,1,1,0
3441,3,1,1,0
3442,3,1,1,0
3443,1,1,1,0
3444,5,1,1,0
3445,3,1,1,0
3446,4,1,1,0
3447,1,1,1,0
3448,2,1,1,0
3449,15,1,1,0
3450,3,1,1,0
3451,2,1,1,0
3452,3,1,1,0
3453,1,1,1,0
3454,4,1,1,0
3455,2,1,1,0
3456,2,1,1,0
3457,3,1,1,0
3458,4,1,1,0
3459,1,1,1,0
3460,3,1,1,0
3461,1,1,1,0
3462,1,1,1,0
3463,1,1,1,0
3464,2,1,1,0
3465,5,1,1,0
3466,2,1,1,0
3467,1,1,1,0
3468,3,1,1,0
3469,4,1,1,0
3470,1,1,1,0
3471,2,1,1,0
3472,1,1,1,0
3473,3,1,1,0
3474,3,1,1,0
3475,1,1,1,0
3476,4,1,1,0
3477,6,1,1,0
3478,4,1,1,0
3479,8,1,1,0
3480,1,1,1,0
3481,4,1,1,0
3482,2,1,1,0
3483,9,1,1,0
3484,4,1,1,0
3485,1,1,1,0
3486,2,1,1,0
3487,1,1,1,0
3488,6,1,1,0
3489,4,1,1,0
3490,2,1,1,0
3491,2,1,1,0
3492,3,1,1,0
3493,12,1,1,0
3494,4,1,1,0
3495,4,1,1,0
3496,5,1,1,0
3497,5,1,1,0
3498,1,1,1,0
3499,3,1,1,0
3500,3,1,1,0
3501,1,1,1,0
3502,4,1,1,0
3503,2,1,1,0
3504,1,1,1,0
3505,4,1,1,0
3506,3,1,1,0
3507,3,1,1,0
3508,6,1,1,0
3509,1,1,1,0
3510,6,1,1,0
3511,1,1,1,0
3512,2,1,1,0
3513,5,1,1,0
3514,2,1,1,0
3515,2,1,1,0
3516,2,1,1,0
3517,1,1,1,0
3518,2,1,1,0
3519,2,1,1,0
3520,7,1,1,0
3521,2,1,1,0
3522,5,1,1,0
3523,3,1,1,0
3524,4,1,1,0
3525,3,1,1,0
3526,2,1,1,0
3527,2,1,1,0
3528,5,1,1,0
3529,2,1,1,0
3530,4,1,1,0
3531,1,1,1,0
3532,14,1,1,0
3533,1,1,1,0
3534,12,1,1,0
3535,5,1,1,0
3536,2,1,1,0
3537,5,1,1,0
3538,5,1,1,0
3539,2,1,1,0
3540,1,1,1,0
3541,4,1,1,0
3542,2,1,1,0
3543,3,1,1,0
3544,4,1,1,0
3545,10,1,1,0
3546,5,1,1,0
3547,2,1,1,0
3548,4,1,1,0
3549,3,1,1,0
3550,2,1,1,0
3551,1,1,1,0
3552,2,1,1,0
3553,1,1,1,0
3554,4,1,1,0
3555,1,1,1,0
3556,3,1,1,0
3557,8,1,1,0
3558,2,1,1,0
3559,1,1,1,0
3560,2,1,1,0
3561,7,1,1,0
3562,3,1,1,0
3563,7,1,1,0
3564,5,1,1,0
3565,7,1,1,0
3566,2,1,1,0
3567,4,1,1,0
3568,4,1,1,0
3569,3,1,1,0
3570,2,1,1,0
3571,5,1,1,0
3572,2,1,1,0
3573,4,1,1,0
3574,1,1,1,0
3575,5,1,1,0
3576,5,1,1,0
3577,18,1,1,0
3578,5,1,1,0
3579,2,1,1,0
3580,6,1,1,0
3581,8,1,1,0
3582,2,1,1,0
3583,5,1,1,0
3584,4,1,1,0
3585,2,1,1,0
3586,11,1,1,0
3587,4,1,1,0
3588,7,1,1,0
3589,4,1,1,0
3590,5,1,1,0
3591,3,1,1,0
3592,11,1,1,0
3593,2,1,1,0
3594,1,1,1,0
3595,1,1,1,0
3596,1,1,1,0
3597,3,1,1,0
3598,9,1,1,0
3599,1,1,1,0
3600,3,1,1,0
3601,1,1,1,0
3602,7,1,1,0
3603,1,1,1,0
3604,3,1,1,0
3605,9,1,1,0
3606,1,1,1,0
3607,6,1,1,0
3608,2,1,1,0
3609,4,1,1,0
3610,2,1,1,0
3611,1,1,1,0
3612,2,1,1,0
3613,2,1,1,0
3614,3,1,1,0
3615,1,1,1,0
3616,3,1,1,0
3617,1,1,1,0
3618,1,1,1,0
3619,3,1,1,0
3620,1,1,1,0
3621,1,1,1,0
3622,7,1,1,0
3623,3,1,1,0
3624,6,1,1,0
3625,7,1,1,0
3626,7,1,1,0
3627,4,1,1,0
3628,1,1,1,0
3629,1,1,1,0
3630,1,1,1,0
3631,1,1,1,0
3632,3,1,1,0
3633,3,1,1,0
3634,5,1,1,0
3635,2,1,1,0
3636,1,1,1,0
3637,2,1,1,0
3638,3,1,1,0
3639,4,1,1,0
3640,2,1,1,0
3641,1,1,1,0
3642,3,1,1,0
3643,2,1,1,0
3644,3,1,1,0
3645,1,1,1,0
3646,2,1,1,0
3647,4,1,1,0
3648,8,1,1,0
3649,1,1,1,0
3650,3,1,1,0
3651,8,1,1,0
3652,1,1,1,0
3653,1,1,1,0
3654,1,1,1,0
3655,18,1,1,0
3656,7,1,1,0
3657,3,1,1,0
3658,6,1,1,0
3659,6,1,1,0
3660,4,1,1,0
3661,1,1,1,0
3662,2,1,1,0
3663,1,1,1,0
3664,1,1,1,0
3665,1,1,1,0
3666,4,1,1,0
3667,1,1,1,0
3668,2,1,1,0
3669,1,1,1,0
3670,8,1,1,0
3671,2,1,1,0
3672,6,1,1,0
3673,3,1,1,0
3674,8,1,1,0
3675,2,1,1,0
3676,2,1,1,0
3677,3,1,1,0
3678,3,1,1,0
3679,2,1,1,0
3680,1,1,1,0
3681,1,1,1,0
3682,1,1,1,0
3683,1,1,1,0
3684,12,1,1,0
3685,1,1,1,0
3686,3,1,1,0
3687,3,1,1,0
3688,2,1,1,0
3689,4,1,1,0
3690,4,1,1,0
3691,3,1,1,0
3692,1,1,1,0
3693,6,1,1,0
3694,2,1,1,0
3695,10,1,1,0
3696,4,1,1,0
3697,4,1,1,0
3698,4,1,1,0
3699,2,1,1,0
3700,2,1,1,0
3701,3,1,1,0
3702,4,1,1,0
3703,1,1,1,0
3704,1,1,1,0
3705,11,1,1,0
3706,7,1,1,0
3707,7,1,1,0
3708,12,1,1,0
3709,4,1,1,0
3710,3,1,1,0
3711,2,1,1,0
3712,6,1,1,0
3713,2,1,1,0
3714,2,1,1,0
3715,1,1,1,0
3716,3,1,1,0
3717,3,1,1,0
3718,2,1,1,0
3719,26,1,1,0
3720,5,1,1,0
3721,6,1,1,0
3722,7,1,1,0
3723,3,1,1,0
3724,7,1,1,0
3725,2,1,1,0
3726,3,1,1,0
3727,5,1,1,0
3728,1,1,1,0
3729,4,1,1,0
3730,9,1,1,0
3731,2,1,1,0
3732,6,1,1,0
3733,2,1,1,0
3734,10,1,1,0
3735,3,1,1,0
3736,9,1,1,0
3737,6,1,1,0
3738,4,1,1,0
3739,5,1,1,0
3740,6,1,1,0
3741,4,1,1,0
3742,4,1,1,0
3743,2,1,1,0
3744,3,1,1,0
3745,3,1,1,0
3746,4,1,1,0
3747,2,1,1,0
3748,1,1,1,0
3749,2,1,1,0
3750,2,1,1,0
3751,4,1,1,0
3752,1,1,1,0
3753,3,1,1,0
3754,1,1,1,0
3755,9,1,1,0
3756,1,1,1,0
3757,5,1,1,0
3758,1,1,1,0
3759,3,1,1,0
3760,6,1,1,0
3761,6,1,1,0
3762,8,1,1,0
3763,2,1,1,0
3764,4,1,1,0
3765,1,1,1,0
3766,5,1,1,0
3767,3,1,1,0
3768,1,1,1,0
3769,4,1,1,0
3770,4,1,1,0
3771,5,1,1,0
3772,3,1,1,0
3773,3,1,1,0
3774,2,1,1,0
3775,7,1,1,0
3776,4,1,1,0
3777,8,1,1,0
3778,2,1,1,0
3779,11,1,1,0
3780,3,1,1,0
3781,5,1,1,0
3782,4,1,1,0
3783,2,1,1,0
3784,8,1,1,0
3785,1,1,1,0
3786,6,1,1,0
3787,3,1,1,0
3788,3,1,1,0
3789,1,1,1,0
3790,5,1,1,0
3791,3,1,1,0
3792,3,1,1,0
3793,17,1,1,0
3794,1,1,1,0
3795,4,1,1,0
3796,1,1,1,0
3797,2,1,1,0
3798,1,1,1,0
3799,1,1,1,0
3800,1,1,1,0
3801,4,1,1,0
3802,9,1,1,0
3803,1,1,1,0
3804,1,1,1,0
3805,3,1,1,0
3806,1,1,1,0
3807,5,1,1,0
3808,3,1,1,0
3809,3,1,1,0
3810,6,1,1,0
3811,4,1,1,0
3812,11,1,1,0
3813,1,1,1,0
3814,1,1,1,0
3815,3,1,1,0
3816,6,1,1,0
3817,1,1,1,0
3818,2,1,1,0
3819,2,1,1,0
3820,4,1,1,0
3821,3,1,1,0
3822,1,1,1,0
3823,2,1,1,0
3824,2,1,1,0
3825,5,1,1,0
3826,1,1,1,0
3827,1,1,1,0
3828,2,1,1,0
3829,1,1,1,0
3830,2,1,1,0
3831,5,1,1,0
3832,1,1,1,0
3833,4,1,1,0
3834,2,1,1,0
3835,7,1,1,0
3836,4,1,1,0
3837,8,1,1,0
3838,5,1,1,0
3839,4,1,1,0
3840,5,1,1,0
3841,3,1,1,0
3842,2,1,1,0
3843,2,1,1,0
3844,11,1,1,0
3845,2,1,1,0
3846,2,1,1,0
3847,1,1,1,0
3848,4,1,1,0
3849,3,1,1,0
3850,3,1,1,0
3851,3,1,1,0
3852,3,1,1,0
3853,1,1,1,0
3854,4,1,1,0
3855,4,1,1,0
3856,1,1,1,0
3857,1,1,1,0
3858,3,1,1,0
3859,4,1,1,0
3860,9,1,1,0
3861,4,1,1,0
3862,15,1,1,0
3863,2,1,1,0
3864,4,1,1,0
3865,4,1,1,0
3866,5,1,1,0
3867,2,1,1,0
3868,1,1,1,0
3869,6,1,1,0
3870,6,1,1,0
3871,8,1,1,0
3872,4,1,1,0
3873,6,1,1,0
3874,3,1,1,0
3875,5,1,1,0
3876,3,1,1,0
3877,1,1,1,0
3878,4,1,1,0
3879,3,1,1,0
3880,1,1,1,0
3881,4,1,1,0
3882,1,1,1,0
3883,3,1,1,0
3884,2,1,1,0
3885,3,1,1,0
3886,1,1,1,0
3887,7,1,1,0
3888,1,1,1,0
3889,1,1,1,0
3890,2,1,1,0
3891,1,1,1,0
3892,6,1,1,0
3893,4,1,1,0
3894,1,1,1,0
3895,2,1,1,0
3896,2,1,1,0
3897,8,1,1,0
3898,1,1,1,0
3899,2,1,1,0
3900,2,1,1,0
3901,5,1,1,0
3902,3,1,1,0
3903,4,1,1,0
3904,3,1,1,0
3905,1,1,1,0
3906,6,1,1,0
3907,1,1,1,0
3908,10,1,1,0
3909,1,1,1,0
3910,3,1,1,0
3911,3,1,1,0
3912,1,1,1,0
3913,2,1,1,0
3914,1,1,1,0
3915,3,1,1,0
3916,2,1,1,0
3917,5,1,1,0
3918,6,1,1,0
3919,1,1,1,0
3920,9,1,1,0
3921,11,1,1,0
3922,2,1,1,0
3923,5,1,1,0
3924,2,1,1,0
3925,5,1,1,0
3926,2,1,1,0
3927,1,1,1,0
3928,5,1,1,0
3929,5,1,1,0
3930,1,1,1,0
3931,11,1,1,0
3932,1,1,1,0
3933,5,1,1,0
3934,3,1,1,0
3935,3,1,1,0
3936,3,1,1,0
3937,3,1,1,0
3938,2,1,1,0
3939,3,1,1,0
3940,2,1,1,0
3941,1,1,1,0
3942,3,1,1,0
3943,1,1,1,0
3944,1,1,1,0
3945,4,1,1,0
3946,11,1,1,0
3947,1,1,1,0
3948,1,1,1,0
3949,2,1,1,0
3950,3,1,1,0
3951,4,1,1,0
3952,3,1,1,0
3953,4,1,1,0
3954,1,1,1,0
3955,2,1,1,0
3956,1,1,1,0
3957,1,1,1,0
3958,3,1,1,0
3959,11,1,1,0
3960,1,1,1,0
3961,1,1,1,0
3962,3,1,1,0
3963,3,1,1,0
3964,12,1,1,0
3965,14,1,1,0
3966,4,1,1,0
3967,3,1,1,0
3968,4,1,1,0
3969,3,1,1,0
3970,2,1,1,0
3971,1,1,1,0
3972,5,1,1,0
3973,2,1,1,0
3974,6,1,1,0
3975,6,1,1,0
3976,4,1,1,0
3977,1,1,1,0
3978,2,1,1,0
3979,7,1,1,0
3980,1,1,1,0
3981,4,1,1,0
3982,2,1,1,0
3983,7,1,1,0
3984,5,1,1,0
3985,2,1,1,0
3986,4,1,1,0
3987,1,1,1,0
3988,3,1,1,0
3989,1,1,1,0
3990,1,1,1,0
3991,5,1,1,0
3992,9,1,1,0
3993,4,1,1,0
3994,1,1,1,0
3995,4,1,1,0
3996,11,1,1,0
3997,13,1,1,0
3998,4,1,1,0
3999,10,1,1,0
4000,2,1,1,0
4001,9,1,1,0
4002,2,1,1,0
4003,4,1,1,0
4004,2,1,1,0
4005,3,1,1,0
4006,1,1,1,0
4007,2,1,1,0
4008,8,1,1,0
4009,1,1,1,0
4010,5,1,1,0
4011,1,1,1,0
4012,6,1,1,0
4013,1,1,1,0
4014,3,1,1,0
4015,1,1,1,0
4016,1,1,1,0
4017,3,1,1,0
4018,5,1,1,0
4019,1,1,1,0
4020,1,1,1,0
4021,1,1,1,0
4022,2,1,1,0
4023,6,1,1,0
4024,1,1,1,0
4025,4,1,1,0
4026,1,1,1,0
4027,2,1,1,0
4028,1,1,1,0
4029,8,1,1,0
4030,2,1,1,0
4031,3,1,1,0
4032,4,1,1,0
4033,2,1,1,0
4034,7,1,1,0
4035,5,1,1,0
4036,1,1,1,0
4037,6,1,1,0
4038,8,1,1,0
4039,5,1,1,0
4040,2,1,1,0
4041,3,1,1,0
4042,7,1,1,0
4043,4,1,1,0
4044,1,1,1,0
4045,4,1,1,0
4046,5,1,1,0
4047,6,1,1,0
4048,1,1,1,0
4049,3,1,1,0
4050,1,1,1,0
4051,5,1,1,0
4052,1,1,1,0
4053,5,1,1,0
4054,2,1,1,0
4055,1,1,1,0
4056,1,1,1,0
4057,1,1,1,0
4058,6,1,1,0
4059,4,1,1,0
4060,1,1,1,0
4061,1,1,1,0
4062,5,1,1,0
4063,6,1,1,0
4064,3,1,1,0
4065,4,1,1,0
4066,9,1,1,0
4067,3,1,1,0
4068,1,1,1,0
4069,1,1,1,0
4070,4,1,1,0
4071,8,1,1,0
4072,2,1,1,0
4073,2,1,1,0
4074,6,1,1,0
4075,1,1,1,0
4076,3,1,1,0
4077,3,1,1,0
4078,6,1,1,0
4079,2,1,1,0
4080,2,1,1,0
4081,4,1,1,0
4082,4,1,1,0
4083,3,1,1,0
4084,2,1,1,0
4085,3,1,1,0
4086,3,1,1,0
4087,5,1,1,0
4088,2,1,1,0
4089,2,1,1,0
4090,3,1,1,0
4091,3,1,1,0
4092,1,1,1,0
4093,1,1,1,0
4094,8,1,1,0
4095,7,1,1,0
4096,2,1,1,0
4097,3,1,1,0
4098,7,1,1,0
4099,1,1,1,0
4100,2,1,1,0
4101,4,1,1,0
4102,3,1,1,0
4103,2,1,1,0
4104,1,1,1,0
4105,6,1,1,0
4106,1,1,1,0
4107,1,1,1,0
4108,6,1,1,0
4109,2,1,1,0
4110,1,1,1,0
4111,3,1,1,0
4112,1,1,1,0
4113,2,1,1,0
4114,11,1,1,0
4115,5,1,1,0
4116,2,1,1,0
4117,1,1,1,0
4118,1,1,1,0
4119,8,1,1,0
4120,1,1,1,0
4121,2,1,1,0
4122,2,1,1,0
4123,2,1,1,0
4124,2,1,1,0
4125,3,1,1,0
4126,2,1,1,0
4127,2,1,1,0
4128,9,1,1,0
4129,2,1,1,0
4130,4,1,1,0
4131,5,1,1,0
4132,6,1,1,0
4133,1,1,1,0
4134,3,1,1,0
4135,2,1,1,0
4136,3,1,1,0
4137,1,1,1,0
4138,4,1,1,0
4139,4,1,1,0
4140,3,1,1,0
4141,1,1,1,0
4142,12,1,1,0
4143,1,1,1,0
4144,12,1,1,0
4145,3,1,1,0
4146,5,1,1,0
4147,1,1,1,0
4148,1,1,1,0
4149,2,1,1,0
4150,1,1,1,0
4151,4,1,1,0
4152,4,1,1,0
4153,1,1,1,0
4154,3,1,1,0
4155,5,1,1,0
4156,1,1,1,0
4157,1,1,1,0
4158,3,1,1,0
4159,3,1,1,0
4160,2,1,1,0
4161,2,1,1,0
4162,9,1,1,0
4163,6,1,1,0
4164,6,1,1,0
4165,6,1,1,0
4166,4,1,1,0
4167,1,1,1,0
4168,5,1,1,0
4169,10,1,1,0
4170,1,1,1,0
4171,3,1,1,0
4172,2,1,1,0
4173,11,1,1,0
4174,2,1,1,0
4175,4,1,1,0
4176,2,1,1,0
4177,2,1,1,0
4178,15,1,1,0
4179,2,1,1,0
4180,3,1,1,0
4181,1,1,1,0
4182,3,1,1,0
4183,8,1,1,0
4184,1,1,1,0
4185,6,1,1,0
4186,3,1,1,0
4187,2,1,1,0
4188,19,1,1,0
4189,9,1,1,0
4190,1,1,1,0
4191,2,1,1,0
4192,7,1,1,0
4193,3,1,1,0
4194,2,1,1,0
4195,1,1,1,0
4196,2,1,1,0
4197,3,1,1,0
4198,1,1,1,0
4199,1,1,1,0
4200,9,1,1,0
4201,1,1,1,0
4202,4,1,1,0
4203,11,1,1,0
4204,1,1,1,0
4205,3,1,1,0
4206,10,1,1,0
4207,7,1,1,0
4208,2,1,1,0
4209,5,1,1,0
4210,2,1,1,0
4211,5,1,1,0
4212,1,1,1,0
4213,1,1,1,0
4214,7,1,1,0
4215,3,1,1,0
4216,10,1,1,0
4217,2,1,1,0
4218,4,1,1,0
4219,2,1,1,0
4220,2,1,1,0
4221,2,1,1,0
4222,3,1,1,0
4223,7,1,1,0
4224,1,1,1,0
4225,9,1,1,0
4226,3,1,1,0
4227,8,1,1,0
4228,2,1,1,0
4229,10,1,1,0
4230,1,1,1,0
4231,1,1,1,0
4232,2,1,1,0
4233,1,1,1,0
4234,3,1,1,0
4235,7,1,1,0
4236,2,1,1,0
4237,1,1,1,0
4238,7,1,1,0
4239,1,1,1,0
4240,2,1,1,0
4241,2,1,1,0
4242,1,1,1,0
4243,5,1,1,0
4244,6,1,1,0
4245,1,1,1,0
4246,1,1,1,0
4247,13,1,1,0
4248,5,1,1,0
4249,3,1,1,0
4250,3,1,1,0
4251,4,1,1,0
4252,1,1,1,0
4253,14,1,1,0
4254,4,1,1,0
4255,2,1,1,0
4256,3,1,1,0
4257,1,1,1,0
4258,2,1,1,0
4259,2,1,1,0
4260,2,1,1,0
4261,6,1,1,0
4262,2,1,1,0
4263,4,1,1,0
4264,2,1,1,0
4265,5,1,1,0
4266,2,1,1,0
4267,1,1,1,0
4268,2,1,1,0
4269,1,1,1,0
4270,6,1,1,0
4271,4,1,1,0
4272,7,1,1,0
4273,2,1,1,0
4274,5,1,1,0
4275,3,1,1,0
4276,4,1,1,0
4277,3,1,1,0
4278,2,1,1,0
4279,5,1,1,0
4280,5,1,1,0
4281,8,1,1,0
4282,3,1,1,0
4283,1,1,1,0
4284,2,1,1,0
4285,7,1,1,0
4286,4,1,1,0
4287,2,1,1,0
4288,2,1,1,0
4289,1,1,1,0
4290,4,1,1,0
4291,3,1,1,0
4292,1,1,1,0
4293,14,1,1,0
4294,6,1,1,0
4295,3,1,1,0
4296,4,1,1,0
4297,5,1,1,0
4298,6,1,1,0
4299,2,1,1,0
4300,2,1,1,0
4301,1,1,1,0
4302,13,1,1,0
4303,8,1,1,0
4304,5,1,1,0
4305,1,1,1,0
4306,5,1,1,0
4307,1,1,1,0
4308,3,1,1,0
4309,2,1,1,0
4310,3,1,1,0
4311,2,1,1,0
4312,2,1,1,0
4313,2,1,1,0
4314,3,1,1,0
4315,2,1,1,0
4316,1,1,1,0
4317,6,1,1,0
4318,6,1,1,0
4319,9,1,1,0
4320,4,1,1,0
4321,1,1,1,0
4322,2,1,1,0
4323,4,1,1,0
4324,2,1,1,0
4325,3,1,1,0
4326,1,1,1,0
4327,4,1,1,0
4328,4,1,1,0
4329,2,1,1,0
4330,1,1,1,0
4331,2,1,1,0
4332,7,1,1,0
4333,2,1,1,0
4334,2,1,1,0
4335,3,1,1,0
4336,9,1,1,0
4337,3,1,1,0
4338,15,1,1,0
4339,2,1,1,0
4340,9,1,1,0
4341,4,1,1,0
4342,5,1,1,0
4343,7,1,1,0
4344,2,1,1,0
4345,3,1,1,0
4346,3,1,1,0
4347,1,1,1,0
4348,1,1,1,0
4349,2,1,1,0
4350,1,1,1,0
4351,5,1,1,0
4352,7,1,1,0
4353,11,1,1,0
4354,3,1,1,0
4355,1,1,1,0
4356,2,1,1,0
4357,2,1,1,0
4358,1,1,1,0
4359,13,1,1,0
4360,4,1,1,0
4361,6,1,1,0
4362,3,1,1,0
4363,4,1,1,0
4364,1,1,1,0
4365,6,1,1,0
4366,6,1,1,0
4367,2,1,1,0
4368,1,1,1,0
4369,5,1,1,0
4370,2,1,1,0
4371,1,1,1,0
4372,1,1,1,0
4373,6,1,1,0
4374,6,1,1,0
4375,1,1,1,0
4376,2,1,1,0
4377,6,1,1,0
4378,4,1,1,0
4379,4,1,1,0
4380,8,1,1,0
4381,4,1,1,0
4382,5,1,1,0
4383,2,1,1,0
4384,1,1,1,0
4385,3,1,1,0
4386,2,1,1,0
4387,2,1,1,0
4388,3,1,1,0
4389,2,1,1,0
4390,9,1,1,0
4391,4,1,1,0
4392,7,1,1,0
4393,2,1,1,0
4394,1,1,1,0
4395,8,1,1,0
4396,1,1,1,0
4397,1,1,1,0
4398,5,1,1,0
4399,6,1,1,0
4400,4,1,1,0
4401,2,1,1,0
4402,5,1,1,0
4403,2,1,1,0
4404,2,1,1,0
4405,2,1,1,0
4406,1,1,1,0
4407,1,1,1,0
4408,2,1,1,0
4409,2,1,1,0
4410,4,1,1,0
4411,2,1,1,0
4412,3,1,1,0
4413,6,1,1,0
4414,1,1,1,0
4415,4,1,1,0
4416,1,1,1,0
4417,5,1,1,0
4418,1,1,1,0
4419,3,1,1,0
4420,1,1,1,0
4421,3,1,1,0
4422,2,1,1,0
4423,1,1,1,0
4424,3,1,1,0
4425,1,1,1,0
4426,2,1,1,0
4427,3,1,1,0
4428,4,1,1,0
4429,2,1,1,0
4430,5,1,1,0
4431,1,1,1,0
4432,3,1,1,0
4433,2,1,1,0
4434,8,1,1,0
4435,2,1,1,0
4436,2,1,1,0
4437,1,1,1,0
4438,1,1,1,0
4439,4,1,1,0
4440,11,1,1,0
4441,2,1,1,0
4442,3,1,1,0
4443,3,1,1,0
4444,10,1,1,0
4445,2,1,1,0
4446,2,1,1,0
4447,9,1,1,0
4448,3,1,1,0
4449,4,1,1,0
4450,1,1,1,0
4451,8,1,1,0
4452,4,1,1,0
4453,2,1,1,0
4454,8,1,1,0
4455,1,1,1,0
4456,1,1,1,0
4457,9,1,1,0
4458,2,1,1,0
4459,2,1,1,0
4460,9,1,1,0
4461,7,1,1,0
4462,7,1,1,0
4463,1,1,1,0
4464,8,1,1,0
4465,1,1,1,0
4466,3,1,1,0
4467,7,1,1,0
4468,3,1,1,0
4469,1,1,1,0
4470,1,1,1,0
4471,1,1,1,0
4472,4,1,1,0
4473,1,1,1,0
4474,3,1,1,0
4475,3,1,1,0
4476,5,1,1,0
4477,1,1,1,0
4478,2,1,1,0
4479,1,1,1,0
4480,7,1,1,0
4481,4,1,1,0
4482,1,1,1,0
4483,4,1,1,0
4484,4,1,1,0
4485,5,1,1,0
4486,8,1,1,0
4487,3,1,1,0
4488,2,1,1,0
4489,2,1,1,0
4490,2,1,1,0
4491,3,1,1,0
4492,6,1,1,0
4493,1,1,1,0
4494,7,1,1,0
4495,1,1,1,0
4496,2,1,1,0
4497,1,1,1,0
4498,3,1,1,0
4499,3,1,1,0
4500,4,1,1,0
4501,4,1,1,0
4502,3,1,1,0
4503,2,1,1,0
4504,11,1,1,0
4505,3,1,1,0
4506,4,1,1,0
4507,1,1,1,0
4508,2,1,1,0
4509,2,1,1,0
4510,6,1,1,0
4511,2,1,1,0
4512,3,1,1,0
4513,2,1,1,0
4514,5,1,1,0
4515,1,1,1,0
4516,1,1,1,0
4517,3,1,1,0
4518,4,1,1,0
4519,3,1,1,0
4520,2,1,1,0
4521,3,1,1,0
4522,6,1,1,0
4523,2,1,1,0
4524,2,1,1,0
4525,3,1,1,0
4526,2,1,1,0
4527,5,1,1,0
4528,1,1,1,0
4529,6,1,1,0
4530,6,1,1,0
4531,1,1,1,0
4532,1,1,1,0
4533,5,1,1,0
4534,1,1,1,0
4535,1,1,1,0
4536,3,1,1,0
4537,1,1,1,0
4538,2,1,1,0
4539,2,1,1,0
4540,2,1,1,0
4541,2,1,1,0
4542,1,1,1,0
4543,5,1,1,0
4544,2,1,1,0
4545,1,1,1,0
4546,3,1,1,0
4547,1,1,1,0
4548,4,1,1,0
4549,4,1,1,0
4550,2,1,1,0
4551,3,1,1,0
4552,1,1,1,0
4553,2,1,1,0
4554,1,1,1,0
4555,6,1,1,0
4556,1,1,1,0
4557,4,1,1,0
4558,9,1,1,0
4559,1,1,1,0
4560,3,1,1,0
4561,3,1,1,0
4562,3,1,1,0
4563,5,1,1,0
4564,11,1,1,0
4565,1,1,1,0
4566,3,1,1,0
4567,8,1,1,0
4568,5,1,1,0
4569,6,1,1,0
4570,5,1,1,0
4571,1,1,1,0
4572,4,1,1,0
4573,2,1,1,0
4574,1,1,1,0
4575,3,1,1,0
4576,11,1,1,0
4577,6,1,1,0
4578,4,1,1,0
4579,7,1,1,0
4580,2,1,1,0
4581,12,1,1,0
4582,6,1,1,0
4583,5,1,1,0
4584,4,1,1,0
4585,2,1,1,0
4586,2,1,1,0
4587,4,1,1,0
4588,3,1,1,0
4589,4,1,1,0
4590,1,1,1,0
4591,6,1,1,0
4592,3,1,1,0
4593,7,1,1,0
4594,3,1,1,0
4595,3,1,1,0
4596,2,1,1,0
4597,3,1,1,0
4598,3,1,1,0
4599,4,1,1,0
4600,2,1,1,0
4601,2,1,1,0
4602,2,1,1,0
4603,1,1,1,0
4604,4,1,1,0
4605,1,1,1,0
4606,14,1,1,0
4607,5,1,1,0
4608,1,1,1,0
4609,5,1,1,0
4610,1,1,1,0
4611,1,1,1,0
4612,5,1,1,0
4613,1,1,1,0
4614,3,1,1,0
4615,2,1,1,0
4616,3,1,1,0
4617,1,1,1,0
4618,26,1,1,0
4619,4,1,1,0
4620,2,1,1,0
4621,13,1,1,0
4622,2,1,1,0
4623,2,1,1,0
4624,8,1,1,0
4625,1,1,1,0
4626,2,1,1,0
4627,3,1,1,0
4628,3,1,1,0
4629,2,1,1,0
4630,4,1,1,0
4631,1,1,1,0
4632,9,1,1,0
4633,5,1,1,0
4634,11,1,1,0
4635,1,1,1,0
4636,3,1,1,0
4637,1,1,1,0
4638,2,1,1,0
4639,2,1,1,0
4640,1,1,1,0
4641,1,1,1,0
4642,4,1,1,0
4643,1,1,1,0
4644,4,1,1,0
4645,3,1,1,0
4646,3,1,1,0
4647,2,1,1,0
4648,7,1,1,0
4649,1,1,1,0
4650,1,1,1,0
4651,5,1,1,0
4652,3,1,1,0
4653,8,1,1,0
4654,3,1,1,0
4655,2,1,1,0
4656,4,1,1,0
4657,1,1,1,0
4658,1,1,1,0
4659,1,1,1,0
4660,1,1,1,0
4661,3,1,1,0
4662,3,1,1,0
4663,5,1,1,0
4664,1,1,1,0
4665,5,1,1,0
4666,1,1,1,0
4667,6,1,1,0
4668,1,1,1,0
4669,6,1,1,0
4670,3,1,1,0
4671,5,1,1,0
4672,3,1,1,0
4673,5,1,1,0
4674,5,1,1,0
4675,2,1,1,0
4676,5,1,1,0
4677,4,1,1,0
4678,7,1,1,0
4679,5,1,1,0
4680,9,1,1,0
4681,1,1,1,0
4682,2,1,1,0
4683,1,1,1,0
4684,1,1,1,0
4685,2,1,1,0
4686,4,1,1,0
4687,1,1,1,0
4688,5,1,1,0
4689,1,1,1,0
4690,3,1,1,0
4691,1,1,1,0
4692,1,1,1,0
4693,3,1,1,0
4694,2,1,1,0
4695,11,1,1,0
4696,2,1,1,0
4697,3,1,1,0
4698,5,1,1,0
4699,5,1,1,0
4700,2,1,1,0
4701,7,1,1,0
4702,2,1,1,0
4703,2,1,1,0
4704,1,1,1,0
4705,12,1,1,0
4706,1,1,1,0
4707,1,1,1,0
4708,2,1,1,0
4709,3,1,1,0
4710,2,1,1,0
4711,1,1,1,0
4712,3,1,1,0
4713,6,1,1,0
4714,2,1,1,0
4715,1,1,1,0
4716,1,1,1,0
4717,1,1,1,0
4718,2,1,1,0
4719,5,1,1,0
4720,2,1,1,0
4721,2,1,1,0
4722,4,1,1,0
4723,2,1,1,0
4724,1,1,1,0
4725,4,1,1,0
4726,13,1,1,0
4727,8,1,1,0
4728,9,1,1,0
4729,2,1,1,0
4730,1,1,1,0
4731,3,1,1,0
4732,3,1,1,0
4733,2,1,1,0
4734,1,1,1,0
4735,4,1,1,0
4736,2,1,1,0
4737,6,1,1,0
4738,5,1,1,0
4739,6,1,1,0
4740,7,1,1,0
4741,4,1,1,0
4742,4,1,1,0
4743,1,1,1,0
4744,2,1,1,0
4745,4,1,1,0
4746,7,1,1,0
4747,12,1,1,0
4748,1,1,1,0
4749,5,1,1,0
4750,2,1,1,0
4751,2,1,1,0
4752,2,1,1,0
4753,2,1,1,0
4754,2,1,1,0
4755,1,1,1,0
4756,1,1,1,0
4757,2,1,1,0
4758,1,1,1,0
4759,11,1,1,0
4760,7,1,1,0
4761,3,1,1,0
4762,4,1,1,0
4763,1,1,1,0
4764,2,1,1,0
4765,2,1,1,0
4766,5,1,1,0
4767,2,1,1,0
4768,1,1,1,0
4769,5,1,1,0
4770,2,1,1,0
4771,7,1,1,0
4772,4,1,1,0
4773,4,1,1,0
4774,6,1,1,0
4775,3,1,1,0
4776,3,1,1,0
4777,2,1,1,0
4778,8,1,1,0
4779,2,1,1,0
4780,1,1,1,0
4781,3,1,1,0
4782,1,1,1,0
4783,4,1,1,0
4784,3,1,1,0
4785,3,1,1,0
4786,1,1,1,0
4787,2,1,1,0
4788,1,1,1,0
4789,6,1,1,0
4790,2,1,1,0
4791,6,1,1,0
4792,5,1,1,0
4793,1,1,1,0
4794,6,1,1,0
4795,5,1,1,0
4796,4,1,1,0
4797,2,1,1,0
4798,3,1,1,0
4799,4,1,1,0
4800,12,1,1,0
4801,1,1,1,0
4802,5,1,1,0
4803,2,1,1,0
4804,5,1,1,0
4805,1,1,1,0
4806,5,1,1,0
4807,1,1,1,0
4808,2,1,1,0
4809,1,1,1,0
4810,1,1,1,0
4811,3,1,1,0
4812,3,1,1,0
4813,2,1,1,0
4814,9,1,1,0
4815,3,1,1,0
4816,11,1,1,0
4817,7,1,1,0
4818,2,1,1,0
4819,3,1,1,0
4820,4,1,1,0
4821,4,1,1,0
4822,3,1,1,0
4823,3,1,1,0
4824,4,1,1,0
4825,1,1,1,0
4826,3,1,1,0
4827,12,1,1,0
4828,6,1,1,0
4829,2,1,1,0
4830,4,1,1,0
4831,1,1,1,0
4832,20,1,1,0
4833,8,1,1,0
4834,2,1,1,0
4835,5,1,1,0
4836,1,1,1,0
4837,3,1,1,0
4838,7,1,1,0
4839,10,1,1,0
4840,9,1,1,0
4841,1,1,1,0
4842,7,1,1,0
4843,1,1,1,0
4844,12,1,1,0
4845,5,1,1,0
4846,2,1,1,0
4847,5,1,1,0
4848,1,1,1,0
4849,14,1,1,0
4850,4,1,1,0
4851,1,1,1,0
4852,1,1,1,0
4853,2,1,1,0
4854,3,1,1,0
4855,4,1,1,0
4856,6,1,1,0
4857,5,1,1,0
4858,1,1,1,0
4859,4,1,1,0
4860,1,1,1,0
4861,2,1,1,0
4862,3,1,1,0
4863,1,1,1,0
4864,1,1,1,0
4865,3,1,1,0
4866,2,1,1,0
4867,2,1,1,0
4868,4,1,1,0
4869,8,1,1,0
4870,4,1,1,0
4871,3,1,1,0
4872,2,1,1,0
4873,1,1,1,0
4874,11,1,1,0
4875,4,1,1,0
4876,1,1,1,0
4877,9,1,1,0
4878,6,1,1,0
4879,2,1,1,0
4880,9,1,1,0
4881,9,1,1,0
4882,1,1,1,0
4883,7,1,1,0
4884,5,1,1,0
4885,5,1,1,0
4886,5,1,1,0
4887,4,1,1,0
4888,1,1,1,0
4889,10,1,1,0
4890,3,1,1,0
4891,5,1,1,0
4892,1,1,1,0
4893,1,1,1,0
4894,4,1,1,0
4895,1,1,1,0
4896,1,1,1,0
4897,3,1,1,0
4898,3,1,1,0
4899,7,1,1,0
4900,3,1,1,0
4901,2,1,1,0
4902,2,1,1,0
4903,1,1,1,0
4904,1,1,1,0
4905,2,1,1,0
4906,1,1,1,0
4907,5,1,1,0
4908,1,1,1,0
4909,1,1,1,0
4910,2,1,1,0
4911,1,1,1,0
4912,4,1,1,0
4913,2,1,1,0
4914,6,1,1,0
4915,1,1,1,0
4916,4,1,1,0
4917,1,1,1,0
4918,2,1,1,0
4919,1,1,1,0
4920,4,1,1,0
4921,14,1,1,0
4922,3,1,1,0
4923,1,1,1,0
4924,4,1,1,0
4925,1,1,1,0
4926,3,1,1,0
4927,4,1,1,0
4928,6,1,1,0
4929,4,1,1,0
4930,5,1,1,0
4931,1,1,1,0
4932,7,1,1,0
4933,1,1,1,0
4934,2,1,1,0
4935,2,1,1,0
4936,6,1,1,0
4937,3,1,1,0
4938,2,1,1,0
4939,11,1,1,0
4940,4,1,1,0
4941,3,1,1,0
4942,3,1,1,0
4943,11,1,1,0
4944,7,1,1,0
4945,8,1,1,0
4946,2,1,1,0
4947,1,1,1,0
4948,1,1,1,0
4949,1,1,1,0
4950,2,1,1,0
4951,2,1,1,0
4952,2,1,1,0
4953,2,1,1,0
4954,6,1,1,0
4955,7,1,1,0
4956,8,1,1,0
4957,1,1,1,0
4958,5,1,1,0
4959,2,1,1,0
4960,10,1,1,0
4961,2,1,1,0
4962,1,1,1,0
4963,13,1,1,0
4964,4,1,1,0
4965,3,1,1,0
4966,1,1,1,0
4967,2,1,1,0
4968,5,1,1,0
4969,2,1,1,0
4970,13,1,1,0
4971,2,1,1,0
4972,3,1,1,0
4973,3,1,1,0
4974,6,1,1,0
4975,1,1,1,0
4976,2,1,1,0
4977,4,1,1,0
4978,2,1,1,0
4979,1,1,1,0
4980,3,1,1,0
4981,3,1,1,0
4982,9,1,1,0
4983,3,1,1,0
4984,6,1,1,0
4985,3,1,1,0
4986,1,1,1,0
4987,9,1,1,0
4988,2,1,1,0
4989,8,1,1,0
4990,6,1,1,0
4991,2,1,1,0
4992,3,1,1,0
4993,10,1,1,0
4994,9,1,1,0
4995,3,1,1,0
4996,7,1,1,0
4997,2,1,1,0
4998,3,1,1,0
4999,2,1,1,0
5000,3,1,1,0
5001,5,1,1,0
5002,1,1,1,0
5003,3,1,1,0
5004,1,1,1,0
5005,5,1,1,0
5006,3,1,1,0
5007,7,1,1,0
5008,1,1,1,0
5009,6,1,1,0
5010,4,1,1,0
5011,4,1,1,0
5012,1,1,1,0
5013,3,1,1,0
5014,2,1,1,0
5015,7,1,1,0
5016,3,1,1,0
5017,3,1,1,0
5018,6,1,1,0
5019,4,1,1,0
5020,1,1,1,0
5021,2,1,1,0
5022,3,1,1,0
5023,10,1,1,0
5024,1,1,1,0
5025,5,1,1,0
5026,2,1,1,0
5027,7,1,1,0
5028,1,1,1,0
5029,4,1,1,0
5030,1,1,1,0
5031,4,1,1,0
5032,5,1,1,0
5033,6,1,1,0
5034,4,1,1,0
5035,2,1,1,0
5036,1,1,1,0
5037,1,1,1,0
5038,1,1,1,0
5039,1,1,1,0
5040,7,1,1,0
5041,8,1,1,0
5042,1,1,1,0
5043,3,1,1,0
5044,1,1,1,0
5045,13,1,1,0
5046,1,1,1,0
5047,6,1,1,0
5048,1,1,1,0
5049,1,1,1,0
5050,9,1,1,0
5051,4,1,1,0
5052,12,1,1,0
5053,6,1,1,0
5054,7,1,1,0
5055,3,1,1,0
5056,6,1,1,0
5057,1,1,1,0
5058,3,1,1,0
5059,1,1,1,0
5060,1,1,1,0
5061,2,1,1,0
5062,2,1,1,0
5063,1,1,1,0
5064,5,1,1,0
5065,3,1,1,0
5066,4,1,1,0
5067,4,1,1,0
5068,1,1,1,0
5069,1,1,1,0
5070,2,1,1,0
5071,5,1,1,0
5072,2,1,1,0
5073,1,1,1,0
5074,2,1,1,0
5075,4,1,1,0
5076,2,1,1,0
5077,3,1,1,0
5078,7,1,1,0
5079,10,1,1,0
5080,10,1,1,0
5081,4,1,1,0
5082,6,1,1,0
5083,1,1,1,0
5084,2,1,1,0
5085,3,1,1,0
5086,5,1,1,0
5087,2,1,1,0
5088,4,1,1,0
5089,1,1,1,0
5090,10,1,1,0
5091,3,1,1,0
5092,10,1,1,0
5093,7,1,1,0
5094,1,1,1,0
5095,1,1,1,0
5096,7,1,1,0
5097,6,1,1,0
5098,1,1,1,0
5099,6,1,1,0
5100,3,1,1,0
5101,1,1,1,0
5102,2,1,1,0
5103,6,1,1,0
5104,7,1,1,0
5105,2,1,1,0
5106,6,1,1,0
5107,1,1,1,0
5108,3,1,1,0
5109,2,1,1,0
5110,3,1,1,0
5111,2,1,1,0
5112,4,1,1,0
5113,3,1,1,0
5114,9,1,1,0
5115,4,1,1,0
5116,3,1,1,0
5117,6,1,1,0
5118,5,1,1,0
5119,2,1,1,0
5120,1,1,1,0
5121,1,1,1,0
5122,1,1,1,0
5123,2,1,1,0
5124,2,1,1,0
5125,13,1,1,0
5126,3,1,1,0
5127,10,1,1,0
5128,6,1,1,0
5129,9,1,1,0
5130,3,1,1,0
5131,1,1,1,0
5132,3,1,1,0
5133,1,1,1,0
5134,1,1,1,0
5135,1,1,1,0
5136,4,1,1,0
5137,8,1,1,0
5138,3,1,1,0
5139,10,1,1,0
5140,2,1,1,0
5141,9,1,1,0
5142,6,1,1,0
5143,6,1,1,0
5144,4,1,1,0
5145,1,1,1,0
5146,3,1,1,0
5147,3,1,1,0
5148,5,1,1,0
5149,6,1,1,0
5150,4,1,1,0
5151,8,1,1,0
5152,1,1,1,0
5153,12,1,1,0
5154,8,1,1,0
5155,4,1,1,0
5156,5,1,1,0
5157,7,1,1,0
5158,6,1,1,0
5159,13,1,1,0
5160,5,1,1,0
5161,2,1,1,0
5162,9,1,1,0
5163,1,1,1,0
5164,2,1,1,0
5165,4,1,1,0
5166,3,1,1,0
5167,2,1,1,0
5168,7,1,1,0
5169,2,1,1,0
5170,1,1,1,0
5171,1,1,1,0
5172,1,1,1,0
5173,1,1,1,0
5174,1,1,1,0
5175,4,1,1,0
5176,1,1,1,0
5177,3,1,1,0
5178,7,1,1,0
5179,4,1,1,0
5180,6,1,1,0
5181,1,1,1,0
5182,4,1,1,0
5183,9,1,1,0
5184,2,1,1,0
5185,2,1,1,0
5186,1,1,1,0
5187,6,1,1,0
5188,8,1,1,0
5189,2,1,1,0
5190,2,1,1,0
5191,4,1,1,0
5192,1,1,1,0
5193,2,1,1,0
5194,7,1,1,0
5195,1,1,1,0
5196,4,1,1,0
5197,4,1,1,0
5198,5,1,1,0
5199,3,1,1,0
5200,3,1,1,0
5201,2,1,1,0
5202,3,1,1,0
5203,3,1,1,0
5204,2,1,1,0
5205,3,1,1,0
5206,2,1,1,0
5207,5,1,1,0
5208,2,1,1,0
5209,1,1,1,0
5210,7,1,1,0
5211,9,1,1,0
5212,3,1,1,0
5213,5,1,1,0
5214,10,1,1,0
5215,1,1,1,0
5216,3,1,1,0
5217,1,1,1,0
5218,2,1,1,0
5219,5,1,1,0
5220,1,1,1,0
5221,4,1,1,0
5222,6,1,1,0
5223,1,1,1,0
5224,1,1,1,0
5225,3,1,1,0
5226,10,1,1,0
5227,2,1,1,0
5228,6,1,1,0
5229,1,1,1,0
5230,20,1,1,0
5231,4,1,1,0
5232,3,1,1,0
5233,8,1,1,0
5234,9,1,1,0
5235,1,1,1,0
5236,2,1,1,0
5237,3,1,1,0
5238,1,1,1,0
5239,5,1,1,0
5240,4,1,1,0
5241,1,1,1,0
5242,2,1,1,0
5243,1,1,1,0
5244,1,1,1,0
5245,2,1,1,0
5246,1,1,1,0
5247,2,1,1,0
5248,1,1,1,0
5249,1,1,1,0
5250,1,1,1,0
5251,3,1,1,0
5252,5,1,1,0
5253,3,1,1,0
5254,1,1,1,0
5255,2,1,1,0
5256,8,1,1,0
5257,4,1,1,0
5258,5,1,1,0
5259,3,1,1,0
5260,2,1,1,0
5261,2,1,1,0
5262,2,1,1,0
5263,6,1,1,0
5264,1,1,1,0
5265,3,1,1,0
5266,2,1,1,0
5267,8,1,1,0
5268,1,1,1,0
5269,3,1,1,0
5270,3,1,1,0
5271,3,1,1,0
5272,1,1,1,0
5273,3,1,1,0
5274,4,1,1,0
5275,3,1,1,0
5276,13,1,1,0
5277,1,1,1,0
5278,3,1,1,0
5279,2,1,1,0
5280,3,1,1,0
5281,4,1,1,0
5282,1,1,1,0
5283,2,1,1,0
5284,3,1,1,0
5285,2,1,1,0
5286,1,1,1,0
5287,3,1,1,0
5288,2,1,1,0
5289,12,1,1,0
5290,1,1,1,0
5291,3,1,1,0
5292,13,1,1,0
5293,1,1,1,0
5294,3,1,1,0
5295,2,1,1,0
5296,1,1,1,0
5297,2,1,1,0
5298,12,1,1,0
5299,3,1,1,0
5300,3,1,1,0
5301,9,1,1,0
5302,3,1,1,0
5303,3,1,1,0
5304,2,1,1,0
5305,1,1,1,0
5306,6,1,1,0
5307,1,1,1,0
5308,1,1,1,0
5309,3,1,1,0
5310,3,1,1,0
5311,6,1,1,0
5312,3,1,1,0
5313,2,1,1,0
5314,5,1,1,0
5315,4,1,1,0
5316,1,1,1,0
5317,2,1,1,0
5318,3,1,1,0
5319,4,1,1,0
5320,1,1,1,0
5321,8,1,1,0
5322,1,1,1,0
5323,2,1,1,0
5324,5,1,1,0
5325,3,1,1,0
5326,3,1,1,0
5327,3,1,1,0
5328,1,1,1,0
5329,6,1,1,0
5330,1,1,1,0
5331,1,1,1,0
5332,4,1,1,0
5333,2,1,1,0
5334,3,1,1,0
5335,4,1,1,0
5336,3,1,1,0
5337,3,1,1,0
5338,2,1,1,0
5339,4,1,1,0
5340,4,1,1,0
5341,3,1,1,0
5342,7,1,1,0
5343,1,1,1,0
5344,1,1,1,0
5345,1,1,1,0
5346,3,1,1,0
5347,4,1,1,0
5348,2,1,1,0
5349,3,1,1,0
5350,3,1,1,0
5351,3,1,1,0
5352,16,1,1,0
5353,2,1,1,0
5354,10,1,1,0
5355,1,1,1,0
5356,5,1,1,0
5357,3,1,1,0
5358,8,1,1,0
5359,6,1,1,0
5360,1,1,1,0
5361,10,1,1,0
5362,1,1,1,0
5363,4,1,1,0
5364,2,1,1,0
5365,8,1,1,0
5366,1,1,1,0
5367,6,1,1,0
5368,7,1,1,0
5369,5,1,1,0
5370,3,1,1,0
5371,1,1,1,0
5372,4,1,1,0
5373,5,1,1,0
5374,1,1,1,0
5375,1,1,1,0
5376,2,1,1,0
5377,4,1,1,0
5378,3,1,1,0
5379,1,1,1,0
5380,11,1,1,0
5381,1,1,1,0
5382,1,1,1,0
5383,2,1,1,0
5384,1,1,1,0
5385,2,1,1,0
5386,2,1,1,0
5387,17,1,1,0
5388,5,1,1,0
5389,1,1,1,0
5390,1,1,1,0
5391,1,1,1,0
5392,3,1,1,0
5393,4,1,1,0
5394,1,1,1,0
5395,2,1,1,0
5396,10,1,1,0
5397,5,1,1,0
5398,2,1,1,0
5399,2,1,1,0
5400,7,1,1,0
5401,5,1,1,0
5402,2,1,1,0
5403,1,1,1,0
5404,2,1,1,0
5405,8,1,1,0
5406,3,1,1,0
5407,4,1,1,0
5408,1,1,1,0
5409,3,1,1,0
5410,5,1,1,0
5411,1,1,1,0
5412,4,1,1,0
5413,7,1,1,0
5414,1,1,1,0
5415,2,1,1,0
5416,2,1,1,0
5417,2,1,1,0
5418,1,1,1,0
5419,3,1,1,0
5420,1,1,1,0
5421,4,1,1,0
5422,4,1,1,0
5423,16,1,1,0
5424,3,1,1,0
5425,1,1,1,0
5426,1,1,1,0
5427,1,1,1,0
5428,1,1,1,0
5429,1,1,1,0
5430,3,1,1,0
5431,2,1,1,0
5432,1,1,1,0
5433,2,1,1,0
5434,2,1,1,0
5435,2,1,1,0
5436,4,1,1,0
5437,1,1,1,0
5438,3,1,1,0
5439,1,1,1,0
5440,5,1,1,0
5441,1,1,1,0
5442,4,1,1,0
5443,1,1,1,0
5444,7,1,1,0
5445,2,1,1,0
5446,4,1,1,0
5447,3,1,1,0
5448,2,1,1,0
5449,2,1,1,0
5450,3,1,1,0
5451,3,1,1,0
5452,8,1,1,0
5453,1,1,1,0
5454,1,1,1,0
5455,5,1,1,0
5456,3,1,1,0
5457,3,1,1,0
5458,4,1,1,0
5459,2,1,1,0
5460,1,1,1,0
5461,1,1,1,0
5462,4,1,1,0
5463,2,1,1,0
5464,6,1,1,0
5465,4,1,1,0
5466,2,1,1,0
5467,4,1,1,0
5468,7,1,1,0
5469,13,1,1,0
5470,1,1,1,0
5471,8,1,1,0
5472,2,1,1,0
5473,5,1,1,0
5474,5,1,1,0
5475,2,1,1,0
5476,3,1,1,0
5477,3,1,1,0
5478,3,1,1,0
5479,3,1,1,0
5480,3,1,1,0
5481,7,1,1,0
5482,1,1,1,0
5483,8,1,1,0
5484,2,1,1,0
5485,4,1,1,0
5486,2,1,1,0
5487,10,1,1,0
5488,9,1,1,0
5489,1,1,1,0
5490,3,1,1,0
5491,1,1,1,0
5492,14,1,1,0
5493,1,1,1,0
5494,5,1,1,0
5495,9,1,1,0
5496,5,1,1,0
5497,7,1,1,0
5498,3,1,1,0
5499,7,1,1,0
5500,3,1,1,0
5501,2,1,1,0
5502,8,1,1,0
5503,3,1,1,0
5504,5,1,1,0
5505,3,1,1,0
5506,2,1,1,0
5507,13,1,1,0
5508,3,1,1,0
5509,4,1,1,0
5510,2,1,1,0
5511,1,1,1,0
5512,1,1,1,0
5513,9,1,1,0
5514,10,1,1,0
5515,3,1,1,0
5516,4,1,1,0
5517,5,1,1,0
5518,4,1,1,0
5519,12,1,1,0
5520,4,1,1,0
5521,6,1,1,0
5522,1,1,1,0
5523,1,1,1,0
5524,1,1,1,0
5525,6,1,1,0
5526,1,1,1,0
5527,3,1,1,0
5528,2,1,1,0
5529,2,1,1,0
5530,4,1,1,0
5531,6,1,1,0
5532,5,1,1,0
5533,1,1,1,0
5534,2,1,1,0
5535,7,1,1,0
5536,1,1,1,0
5537,1,1,1,0
5538,3,1,1,0
5539,1,1,1,0
5540,5,1,1,0
5541,1,1,1,0
5542,4,1,1,0
5543,7,1,1,0
5544,1,1,1,0
5545,4,1,1,0
5546,1,1,1,0
5547,1,1,1,0
5548,3,1,1,0
5549,11,1,1,0
5550,5,1,1,0
5551,2,1,1,0
5552,1,1,1,0
5553,5,1,1,0
5554,1,1,1,0
5555,11,1,1,0
5556,4,1,1,0
5557,1,1,1,0
5558,1,1,1,0
5559,1,1,1,0
5560,3,1,1,0
5561,1,1,1,0
5562,1,1,1,0
5563,2,1,1,0
5564,6,1,1,0
5565,2,1,1,0
5566,2,1,1,0
5567,1,1,1,0
5568,4,1,1,0
5569,2,1,1,0
5570,1,1,1,0
5571,4,1,1,0
5572,1,1,1,0
5573,4,1,1,0
5574,4,1,1,0
5575,1,1,1,0
5576,1,1,1,0
5577,4,1,1,0
5578,1,1,1,0
5579,3,1,1,0
5580,2,1,1,0
5581,4,1,1,0
5582,1,1,1,0
5583,2,1,1,0
5584,4,1,1,0
5585,6,1,1,0
5586,1,1,1,0
5587,2,1,1,0
5588,1,1,1,0
5589,3,1,1,0
5590,4,1,1,0
5591,6,1,1,0
5592,3,1,1,0
5593,1,1,1,0
5594,1,1,1,0
5595,2,1,1,0
5596,12,1,1,0
5597,2,1,1,0
5598,1,1,1,0
5599,6,1,1,0
5600,1,1,1,0
5601,4,1,1,0
5602,6,1,1,0
5603,2,1,1,0
5604,4,1,1,0
5605,2,1,1,0
5606,3,1,1,0
5607,7,1,1,0
5608,1,1,1,0
5609,2,1,1,0
5610,13,1,1,0
5611,7,1,1,0
5612,2,1,1,0
5613,5,1,1,0
5614,1,1,1,0
5615,4,1,1,0
5616,2,1,1,0
5617,1,1,1,0
5618,1,1,1,0
5619,7,1,1,0
5620,3,1,1,0
5621,2,1,1,0
5622,2,1,1,0
5623,1,1,1,0
5624,1,1,1,0
5625,1,1,1,0
5626,1,1,1,0
5627,13,1,1,0
5628,2,1,1,0
5629,1,1,1,0
5630,2,1,1,0
5631,1,1,1,0
5632,3,1,1,0
5633,3,1,1,0
5634,2,1,1,0
5635,13,1,1,0
5636,6,1,1,0
5637,3,1,1,0
5638,1,1,1,0
5639,14,1,1,0
5640,4,1,1,0
5641,3,1,1,0
5642,9,1,1,0
5643,1,1,1,0
5644,10,1,1,0
5645,5,1,1,0
5646,5,1,1,0
5647,11,1,1,0
5648,2,1,1,0
5649,7,1,1,0
5650,14,1,1,0
5651,1,1,1,0
5652,3,1,1,0
5653,4,1,1,0
5654,3,1,1,0
5655,1,1,1,0
5656,12,1,1,0
5657,3,1,1,0
5658,3,1,1,0
5659,5,1,1,0
5660,3,1,1,0
5661,4,1,1,0
5662,2,1,1,0
5663,7,1,1,0
5664,6,1,1,0
5665,1,1,1,0
5666,1,1,1,0
5667,1,1,1,0
5668,1,1,1,0
5669,2,1,1,0
5670,2,1,1,0
5671,8,1,1,0
5672,5,1,1,0
5673,2,1,1,0
5674,1,1,1,0
5675,7,1,1,0
5676,4,1,1,0
5677,2,1,1,0
5678,5,1,1,0
5679,2,1,1,0
5680,5,1,1,0
5681,1,1,1,0
5682,2,1,1,0
5683,4,1,1,0
5684,16,1,1,0
5685,2,1,1,0
5686,3,1,1,0
5687,1,1,1,0
5688,6,1,1,0
5689,3,1,1,0
5690,3,1,1,0
5691,3,1,1,0
5692,9,1,1,0
5693,1,1,1,0
5694,3,1,1,0
5695,3,1,1,0
5696,5,1,1,0
5697,1,1,1,0
5698,4,1,1,0
5699,7,1,1,0
5700,1,1,1,0
5701,7,1,1,0
5702,1,1,1,0
5703,3,1,1,0
5704,7,1,1,0
5705,2,1,1,0
5706,2,1,1,0
5707,1,1,1,0
5708,3,1,1,0
5709,2,1,1,0
5710,1,1,1,0
5711,2,1,1,0
5712,6,1,1,0
5713,4,1,1,0
5714,4,1,1,0
5715,1,1,1,0
5716,2,1,1,0
5717,1,1,1,0
5718,6,1,1,0
5719,23,1,1,0
5720,1,1,1,0
5721,4,1,1,0
5722,5,1,1,0
5723,2,1,1,0
5724,2,1,1,0
5725,6,1,1,0
5726,8,1,1,0
5727,1,1,1,0
5728,1,1,1,0
5729,2,1,1,0
5730,3,1,1,0
5731,2,1,1,0
5732,2,1,1,0
5733,3,1,1,0
5734,8,1,1,0
5735,4,1,1,0
5736,4,1,1,0
5737,1,1,1,0
5738,5,1,1,0
5739,2,1,1,0
5740,8,1,1,0
5741,17,1,1,0
5742,6,1,1,0
5743,5,1,1,0
5744,1,1,1,0
5745,3,1,1,0
5746,2,1,1,0
5747,1,1,1,0
5748,2,1,1,0
5749,25,1,1,0
5750,1,1,1,0
5751,1,1,1,0
5752,2,1,1,0
5753,2,1,1,0
5754,1,1,1,0
5755,1,1,1,0
5756,1,1,1,0
5757,2,1,1,0
5758,6,1,1,0
5759,3,1,1,0
5760,3,1,1,0
5761,1,1,1,0
5762,6,1,1,0
5763,1,1,1,0
5764,4,1,1,0
5765,1,1,1,0
5766,3,1,1,0
5767,5,1,1,0
5768,2,1,1,0
5769,13,1,1,0
5770,1,1,1,0
5771,13,1,1,0
5772,1,1,1,0
5773,3,1,1,0
5774,1,1,1,0
5775,9,1,1,0
5776,2,1,1,0
5777,3,1,1,0
5778,1,1,1,0
5779,2,1,1,0
5780,3,1,1,0
5781,4,1,1,0
5782,4,1,1,0
5783,4,1,1,0
5784,1,1,1,0
5785,1,1,1,0
5786,5,1,1,0
5787,4,1,1,0
5788,1,1,1,0
5789,2,1,1,0
5790,1,1,1,0
5791,1,1,1,0
5792,1,1,1,0
5793,1,1,1,0
5794,1,1,1,0
5795,1,1,1,0
5796,4,1,1,0
5797,2,1,1,0
5798,3,1,1,0
5799,5,1,1,0
5800,1,1,1,0
5801,4,1,1,0
5802,5,1,1,0
5803,5,1,1,0
5804,2,1,1,0
5805,1,1,1,0
5806,3,1,1,0
5807,10,1,1,0
5808,4,1,1,0
5809,3,1,1,0
5810,4,1,1,0
5811,2,1,1,0
5812,1,1,1,0
5813,3,1,1,0
5814,3,1,1,0
5815,1,1,1,0
5816,1,1,1,0
5817,5,1,1,0
5818,6,1,1,0
5819,7,1,1,0
5820,4,1,1,0
5821,2,1,1,0
5822,1,1,1,0
5823,1,1,1,0
5824,3,1,1,0
5825,4,1,1,0
5826,1,1,1,0
5827,2,1,1,0
5828,6,1,1,0
5829,5,1,1,0
5830,3,1,1,0
5831,5,1,1,0
5832,1,1,1,0
5833,5,1,1,0
5834,2,1,1,0
5835,3,1,1,0
5836,1,1,1,0
5837,3,1,1,0
5838,3,1,1,0
5839,7,1,1,0
5840,5,1,1,0
5841,8,1,1,0
5842,2,1,1,0
5843,1,1,1,0
5844,1,1,1,0
5845,5,1,1,0
5846,1,1,1,0
5847,13,1,1,0
5848,1,1,1,0
5849,4,1,1,0
5850,4,1,1,0
5851,1,1,1,0
5852,3,1,1,0
5853,4,1,1,0
5854,3,1,1,0
5855,2,1,1,0
5856,5,1,1,0
5857,5,1,1,0
5858,5,1,1,0
5859,5,1,1,0
5860,1,1,1,0
5861,5,1,1,0
5862,2,1,1,0
5863,1,1,1,0
5864,1,1,1,0
5865,9,1,1,0
5866,2,1,1,0
5867,1,1,1,0
5868,4,1,1,0
5869,2,1,1,0
5870,2,1,1,0
5871,1,1,1,0
5872,1,1,1,0
5873,2,1,1,0
5874,9,1,1,0
5875,1,1,1,0
5876,1,1,1,0
5877,2,1,1,0
5878,2,1,1,0
5879,4,1,1,0
5880,5,1,1,0
5881,2,1,1,0
5882,1,1,1,0
5883,2,1,1,0
5884,4,1,1,0
5885,1,1,1,0
5886,1,1,1,0
5887,1,1,1,0
5888,4,1,1,0
5889,1,1,1,0
5890,2,1,1,0
5891,3,1,1,0
5892,4,1,1,0
5893,3,1,1,0
5894,3,1,1,0
5895,6,1,1,0
5896,1,1,1,0
5897,1,1,1,0
5898,3,1,1,0
5899,8,1,1,0
5900,3,1,1,0
5901,4,1,1,0
5902,1,1,1,0
5903,3,1,1,0
5904,4,1,1,0
5905,1,1,1,0
5906,14,1,1,0
5907,8,1,1,0
5908,1,1,1,0
5909,1,1,1,0
5910,10,1,1,0
5911,1,1,1,0
5912,2,1,1,0
5913,1,1,1,0
5914,2,1,1,0
5915,4,1,1,0
5916,7,1,1,0
5917,1,1,1,0
5918,6,1,1,0
5919,6,1,1,0
5920,6,1,1,0
5921,2,1,1,0
5922,2,1,1,0
5923,3,1,1,0
5924,3,1,1,0
5925,2,1,1,0
5926,2,1,1,0
5927,3,1,1,0
5928,2,1,1,0
5929,4,1,1,0
5930,3,1,1,0
5931,1,1,1,0
5932,3,1,1,0
5933,1,1,1,0
5934,4,1,1,0
5935,2,1,1,0
5936,1,1,1,0
5937,3,1,1,0
5938,4,1,1,0
5939,2,1,1,0
5940,3,1,1,0
5941,3,1,1,0
5942,2,1,1,0
5943,3,1,1,0
5944,1,1,1,0
5945,2,1,1,0
5946,1,1,1,0
5947,2,1,1,0
5948,1,1,1,0
5949,17,1,1,0
5950,11,1,1,0
5951,1,1,1,0
5952,1,1,1,0
5953,1,1,1,0
5954,7,1,1,0
5955,2,1,1,0
5956,1,1,1,0
5957,3,1,1,0
5958,1,1,1,0
5959,10,1,1,0
5960,8,1,1,0
5961,1,1,1,0
5962,3,1,1,0
5963,3,1,1,0
5964,1,1,1,0
5965,10,1,1,0
5966,1,1,1,0
5967,3,1,1,0
5968,1,1,1,0
5969,1,1,1,0
5970,6,1,1,0
5971,3,1,1,0
5972,1,1,1,0
5973,1,1,1,0
5974,4,1,1,0
5975,6,1,1,0
5976,6,1,1,0
5977,7,1,1,0
5978,4,1,1,0
5979,5,1,1,0
5980,8,1,1,0
5981,2,1,1,0
5982,2,1,1,0
5983,10,1,1,0
5984,1,1,1,0
5985,4,1,1,0
5986,2,1,1,0
5987,13,1,1,0
5988,5,1,1,0
5989,3,1,1,0
5990,3,1,1,0
5991,4,1,1,0
5992,2,1,1,0
5993,2,1,1,0
5994,1,1,1,0
5995,2,1,1,0
5996,2,1,1,0
5997,1,1,1,0
5998,5,1,1,0
5999,1,1,1,0
6000,1,1,1,0
6001,4,1,1,0
6002,1,1,1,0
6003,5,1,1,0
6004,4,1,1,0
6005,4,1,1,0
6006,1,1,1,0
6007,3,1,1,0
6008,1,1,1,0
6009,5,1,1,0
6010,1,1,1,0
6011,6,1,1,0
6012,1,1,1,0
6013,3,1,1,0
6014,7,1,1,0
6015,3,1,1,0
6016,5,1,1,0
6017,4,1,1,0
6018,1,1,1,0
6019,1,1,1,0
6020,10,1,1,0
6021,1,1,1,0
6022,8,1,1,0
6023,2,1,1,0
6024,2,1,1,0
6025,4,1,1,0
6026,7,1,1,0
6027,1,1,1,0
6028,5,1,1,0
6029,1,1,1,0
6030,3,1,1,0
6031,3,1,1,0
6032,3,1,1,0
6033,2,1,1,0
6034,5,1,1,0
6035,10,1,1,0
6036,2,1,1,0
6037,2,1,1,0
6038,3,1,1,0
6039,3,1,1,0
6040,6,1,1,0
6041,2,1,1,0
6042,1,1,1,0
6043,7,1,1,0
6044,4,1,1,0
6045,2,1,1,0
6046,1,1,1,0
6047,3,1,1,0
6048,5,1,1,0
6049,7,1,1,0
6050,6,1,1,0
6051,2,1,1,0
6052,3,1,1,0
6053,3,1,1,0
6054,1,1,1,0
6055,6,1,1,0
6056,2,1,1,0
6057,2,1,1,0
6058,1,1,1,0
6059,1,1,1,0
6060,11,1,1,0
6061,1,1,1,0
6062,4,1,1,0
6063,1,1,1,0
6064,7,1,1,0
6065,3,1,1,0
6066,5,1,1,0
6067,1,1,1,0
6068,5,1,1,0
6069,4,1,1,0
6070,3,1,1,0
6071,2,1,1,0
6072,4,1,1,0
6073,2,1,1,0
6074,1,1,1,0
6075,5,1,1,0
6076,7,1,1,0
6077,2,1,1,0
6078,2,1,1,0
6079,2,1,1,0
6080,5,1,1,0
6081,5,1,1,0
6082,1,1,1,0
6083,3,1,1,0
6084,5,1,1,0
6085,3,1,1,0
6086,1,1,1,0
6087,5,1,1,0
6088,1,1,1,0
6089,1,1,1,0
6090,1,1,1,0
6091,3,1,1,0
6092,4,1,1,0
6093,7,1,1,0
6094,2,1,1,0
6095,1,1,1,0
6096,4,1,1,0
6097,6,1,1,0
6098,7,1,1,0
6099,3,1,1,0
6100,1,1,1,0
6101,5,1,1,0
6102,12,1,1,0
6103,3,1,1,0
6104,3,1,1,0
6105,5,1,1,0
6106,5,1,1,0
6107,3,1,1,0
6108,3,1,1,0
6109,8,1,1,0
6110,2,1,1,0
6111,2,1,1,0
6112,3,1,1,0
6113,7,1,1,0
6114,5,1,1,0
6115,1,1,1,0
6116,2,1,1,0
6117,2,1,1,0
6118,5,1,1,0
6119,11,1,1,0
6120,4,1,1,0
6121,7,1,1,0
6122,2,1,1,0
6123,4,1,1,0
6124,5,1,1,0
6125,3,1,1,0
6126,4,1,1,0
6127,2,1,1,0
6128,3,1,1,0
6129,5,1,1,0
6130,6,1,1,0
6131,1,1,1,0
6132,2,1,1,0
6133,3,1,1,0
6134,4,1,1,0
6135,3,1,1,0
6136,5,1,1,0
6137,1,1,1,0
6138,1,1,1,0
6139,5,1,1,0
6140,1,1,1,0
6141,6,1,1,0
6142,2,1,1,0
6143,5,1,1,0
6144,3,1,1,0
6145,3,1,1,0
6146,2,1,1,0
6147,1,1,1,0
6148,6,1,1,0
6149,3,1,1,0
6150,4,1,1,0
6151,10,1,1,0
6152,1,1,1,0
6153,2,1,1,0
6154,1,1,1,0
6155,1,1,1,0
6156,4,1,1,0
6157,6,1,1,0
6158,5,1,1,0
6159,2,1,1,0
6160,6,1,1,0
6161,3,1,1,0
6162,2,1,1,0
6163,2,1,1,0
6164,1,1,1,0
6165,3,1,1,0
6166,6,1,1,0
6167,2,1,1,0
6168,1,1,1,0
6169,1,1,1,0
6170,7,1,1,0
6171,1,1,1,0
6172,3,1,1,0
6173,3,1,1,0
6174,5,1,1,0
6175,4,1,1,0
6176,1,1,1,0
6177,2,1,1,0
6178,2,1,1,0
6179,7,1,1,0
6180,9,1,1,0
6181,2,1,1,0
6182,3,1,1,0
6183,3,1,1,0
6184,3,1,1,0
6185,2,1,1,0
6186,3,1,1,0
6187,12,1,1,0
6188,5,1,1,0
6189,2,1,1,0
6190,3,1,1,0
6191,10,1,1,0
6192,8,1,1,0
6193,2,1,1,0
6194,1,1,1,0
6195,2,1,1,0
6196,9,1,1,0
6197,2,1,1,0
6198,14,1,1,0
6199,3,1,1,0
6200,4,1,1,0
6201,5,1,1,0
6202,1,1,1,0
6203,4,1,1,0
6204,2,1,1,0
6205,2,1,1,0
6206,6,1,1,0
6207,1,1,1,0
6208,4,1,1,0
6209,10,1,1,0
6210,1,1,1,0
6211,1,1,1,0
6212,1,1,1,0
6213,2,1,1,0
6214,5,1,1,0
6215,4,1,1,0
6216,3,1,1,0
6217,6,1,1,0
6218,1,1,1,0
6219,4,1,1,0
6220,6,1,1,0
6221,2,1,1,0
6222,4,1,1,0
6223,8,1,1,0
6224,5,1,1,0
6225,4,1,1,0
6226,3,1,1,0
6227,3,1,1,0
6228,11,1,1,0
6229,1,1,1,0
6230,1,1,1,0
6231,1,1,1,0
6232,2,1,1,0
6233,1,1,1,0
6234,3,1,1,0
6235,2,1,1,0
6236,1,1,1,0
6237,1,1,1,0
6238,1,1,1,0
6239,1,1,1,0
6240,5,1,1,0
6241,4,1,1,0
6242,1,1,1,0
6243,3,1,1,0
6244,2,1,1,0
6245,1,1,1,0
6246,1,1,1,0
6247,8,1,1,0
6248,2,1,1,0
6249,2,1,1,0
6250,8,1,1,0
6251,5,1,1,0
6252,1,1,1,0
6253,8,1,1,0
6254,3,1,1,0
6255,12,1,1,0
6256,7,1,1,0
6257,5,1,1,0
6258,1,1,1,0
6259,4,1,1,0
6260,4,1,1,0
6261,2,1,1,0
6262,5,1,1,0
6263,1,1,1,0
6264,4,1,1,0
6265,5,1,1,0
6266,7,1,1,0
6267,1,1,1,0
6268,1,1,1,0
6269,3,1,1,0
6270,1,1,1,0
6271,2,1,1,0
6272,1,1,1,0
6273,1,1,1,0
6274,2,1,1,0
6275,2,1,1,0
6276,2,1,1,0
6277,6,1,1,0
6278,6,1,1,0
6279,3,1,1,0
6280,3,1,1,0
6281,1,1,1,0
6282,4,1,1,0
6283,1,1,1,0
6284,3,1,1,0
6285,7,1,1,0
6286,1,1,1,0
6287,6,1,1,0
6288,8,1,1,0
6289,4,1,1,0
6290,2,1,1,0
6291,4,1,1,0
6292,10,1,1,0
6293,5,1,1,0
6294,6,1,1,0
6295,7,1,1,0
6296,2,1,1,0
6297,1,1,1,0
6298,2,1,1,0
6299,3,1,1,0
6300,9,1,1,0
6301,2,1,1,0
6302,6,1,1,0
6303,5,1,1,0
6304,2,1,1,0
6305,1,1,1,0
6306,5,1,1,0
6307,3,1,1,0
6308,1,1,1,0
6309,5,1,1,0
6310,2,1,1,0
6311,3,1,1,0
6312,3,1,1,0
6313,3,1,1,0
6314,4,1,1,0
6315,1,1,1,0
6316,6,1,1,0
6317,5,1,1,0
6318,3,1,1,0
6319,4,1,1,0
6320,2,1,1,0
6321,2,1,1,0
6322,1,1,1,0
6323,1,1,1,0
6324,1,1,1,0
6325,1,1,1,0
6326,2,1,1,0
6327,5,1,1,0
6328,4,1,1,0
6329,4,1,1,0
6330,2,1,1,0
6331,1,1,1,0
6332,8,1,1,0
6333,3,1,1,0
6334,3,1,1,0
6335,5,1,1,0
6336,3,1,1,0
6337,1,1,1,0
6338,2,1,1,0
6339,5,1,1,0
6340,5,1,1,0
6341,1,1,1,0
6342,1,1,1,0
6343,6,1,1,0
6344,5,1,1,0
6345,1,1,1,0
6346,2,1,1,0
6347,9,1,1,0
6348,3,1,1,0
6349,2,1,1,0
6350,3,1,1,0
6351,4,1,1,0
6352,3,1,1,0
6353,16,1,1,0
6354,1,1,1,0
6355,1,1,1,0
6356,2,1,1,0
6357,5,1,1,0
6358,1,1,1,0
6359,6,1,1,0
6360,2,1,1,0
6361,3,1,1,0
6362,1,1,1,0
6363,2,1,1,0
6364,2,1,1,0
6365,1,1,1,0
6366,3,1,1,0
6367,3,1,1,0
6368,6,1,1,0
6369,9,1,1,0
6370,1,1,1,0
6371,2,1,1,0
6372,5,1,1,0
6373,4,1,1,0
6374,3,1,1,0
6375,9,1,1,0
6376,5,1,1,0
6377,2,1,1,0
6378,8,1,1,0
6379,1,1,1,0
6380,2,1,1,0
6381,1,1,1,0
6382,4,1,1,0
6383,2,1,1,0
6384,2,1,1,0
6385,5,1,1,0
6386,3,1,1,0
6387,3,1,1,0
6388,1,1,1,0
6389,2,1,1,0
6390,3,1,1,0
6391,8,1,1,0
6392,1,1,1,0
6393,5,1,1,0
6394,2,1,1,0
6395,1,1,1,0
6396,2,1,1,0
6397,3,1,1,0
6398,1,1,1,0
6399,1,1,1,0
6400,3,1,1,0
6401,4,1,1,0
6402,5,1,1,0
6403,8,1,1,0
6404,4,1,1,0
6405,7,1,1,0
6406,7,1,1,0
6407,3,1,1,0
6408,1,1,1,0
6409,2,1,1,0
6410,2,1,1,0
6411,6,1,1,0
6412,7,1,1,0
6413,3,1,1,0
6414,1,1,1,0
6415,2,1,1,0
6416,2,1,1,0
6417,1,1,1,0
6418,3,1,1,0
6419,4,1,1,0
6420,7,1,1,0
6421,5,1,1,0
6422,4,1,1,0
6423,5,1,1,0
6424,10,1,1,0
6425,1,1,1,0
6426,4,1,1,0
6427,1,1,1,0
6428,1,1,1,0
6429,3,1,1,0
6430,1,1,1,0
6431,14,1,1,0
6432,3,1,1,0
6433,6,1,1,0
6434,4,1,1,0
6435,3,1,1,0
6436,7,1,1,0
6437,1,1,1,0
6438,1,1,1,0
6439,4,1,1,0
6440,4,1,1,0
6441,3,1,1,0
6442,6,1,1,0
6443,6,1,1,0
6444,2,1,1,0
6445,2,1,1,0
6446,1,1,1,0
6447,3,1,1,0
6448,2,1,1,0
6449,3,1,1,0
6450,1,1,1,0
6451,4,1,1,0
6452,2,1,1,0
6453,4,1,1,0
6454,3,1,1,0
6455,6,1,1,0
6456,1,1,1,0
6457,9,1,1,0
6458,11,1,1,0
6459,6,1,1,0
6460,7,1,1,0
6461,9,1,1,0
6462,3,1,1,0
6463,3,1,1,0
6464,5,1,1,0
6465,4,1,1,0
6466,3,1,1,0
6467,1,1,1,0
6468,1,1,1,0
6469,6,1,1,0
6470,3,1,1,0
6471,1,1,1,0
6472,1,1,1,0
6473,6,1,1,0
6474,4,1,1,0
6475,3,1,1,0
6476,2,1,1,0
6477,1,1,1,0
6478,1,1,1,0
6479,2,1,1,0
6480,3,1,1,0
6481,15,1,1,0
6482,5,1,1,0
6483,7,1,1,0
6484,2,1,1,0
6485,3,1,1,0
6486,1,1,1,0
6487,3,1,1,0
6488,2,1,1,0
6489,2,1,1,0
6490,5,1,1,0
6491,5,1,1,0
6492,5,1,1,0
6493,3,1,1,0
6494,4,1,1,0
6495,5,1,1,0
6496,3,1,1,0
6497,2,1,1,0
6498,7,1,1,0
6499,7,1,1,0
6500,1,1,1,0
6501,5,1,1,0
6502,1,1,1,0
6503,2,1,1,0
6504,1,1,1,0
6505,5,1,1,0
6506,1,1,1,0
6507,2,1,1,0
6508,1,1,1,0
6509,1,1,1,0
6510,3,1,1,0
6511,3,1,1,0
6512,1,1,1,0
6513,6,1,1,0
6514,1,1,1,0
6515,7,1,1,0
6516,1,1,1,0
6517,7,1,1,0
6518,6,1,1,0
6519,2,1,1,0
6520,1,1,1,0
6521,5,1,1,0
6522,3,1,1,0
6523,5,1,1,0
6524,1,1,1,0
6525,6,1,1,0
6526,1,1,1,0
6527,3,1,1,0
6528,1,1,1,0
6529,1,1,1,0
6530,3,1,1,0
6531,1,1,1,0
6532,5,1,1,0
6533,2,1,1,0
6534,1,1,1,0
6535,3,1,1,0
6536,1,1,1,0
6537,4,1,1,0
6538,7,1,1,0
6539,3,1,1,0
6540,1,1,1,0
6541,2,1,1,0
6542,3,1,1,0
6543,7,1,1,0
6544,1,1,1,0
6545,7,1,1,0
6546,1,1,1,0
6547,1,1,1,0
6548,8,1,1,0
6549,4,1,1,0
6550,1,1,1,0
6551,3,1,1,0
6552,3,1,1,0
6553,6,1,1,0
6554,4,1,1,0
6555,10,1,1,0
6556,3,1,1,0
6557,2,1,1,0
6558,1,1,1,0
6559,2,1,1,0
6560,3,1,1,0
6561,5,1,1,0
6562,2,1,1,0
6563,1,1,1,0
6564,6,1,1,0
6565,1,1,1,0
6566,7,1,1,0
6567,11,1,1,0
6568,1,1,1,0
6569,2,1,1,0
6570,1,1,1,0
6571,3,1,1,0
6572,3,1,1,0
6573,6,1,1,0
6574,1,1,1,0
6575,1,1,1,0
6576,8,1,1,0
6577,1,1,1,0
6578,1,1,1,0
6579,4,1,1,0
6580,3,1,1,0
6581,1,1,1,0
6582,6,1,1,0
6583,5,1,1,0
6584,3,1,1,0
6585,4,1,1,0
6586,1,1,1,0
6587,7,1,1,0
6588,7,1,1,0
6589,2,1,1,0
6590,1,1,1,0
6591,4,1,1,0
6592,6,1,1,0
6593,13,1,1,0
6594,3,1,1,0
6595,2,1,1,0
6596,1,1,1,0
6597,3,1,1,0
6598,1,1,1,0
6599,4,1,1,0
6600,7,1,1,0
6601,6,1,1,0
6602,9,1,1,0
6603,1,1,1,0
6604,3,1,1,0
6605,4,1,1,0
6606,3,1,1,0
6607,4,1,1,0
6608,1,1,1,0
6609,11,1,1,0
6610,4,1,1,0
6611,6,1,1,0
6612,1,1,1,0
6613,4,1,1,0
6614,10,1,1,0
6615,5,1,1,0
6616,3,1,1,0
6617,6,1,1,0
6618,6,1,1,0
6619,1,1,1,0
6620,1,1,1,0
6621,3,1,1,0
6622,3,1,1,0
6623,1,1,1,0
6624,1,1,1,0
6625,4,1,1,0
6626,1,1,1,0
6627,2,1,1,0
6628,7,1,1,0
6629,1,1,1,0
6630,4,1,1,0
6631,3,1,1,0
6632,3,1,1,0
6633,4,1,1,0
6634,2,1,1,0
6635,5,1,1,0
6636,2,1,1,0
6637,1,1,1,0
6638,7,1,1,0
6639,2,1,1,0
6640,9,1,1,0
6641,2,1,1,0
6642,1,1,1,0
6643,1,1,1,0
6644,4,1,1,0
6645,1,1,1,0
6646,2,1,1,0
6647,1,1,1,0
6648,1,1,1,0
6649,1,1,1,0
6650,3,1,1,0
6651,3,1,1,0
6652,1,1,1,0
6653,3,1,1,0
6654,4,1,1,0
6655,1,1,1,0
6656,2,1,1,0
6657,1,1,1,0
6658,1,1,1,0
6659,9,1,1,0
6660,6,1,1,0
6661,7,1,1,0
6662,2,1,1,0
6663,1,1,1,0
6664,4,1,1,0
6665,4,1,1,0
6666,1,1,1,0
6667,2,1,1,0
6668,3,1,1,0
6669,3,1,1,0
6670,1,1,1,0
6671,3,1,1,0
6672,1,1,1,0
6673,1,1,1,0
6674,5,1,1,0
6675,2,1,1,0
6676,5,1,1,0
6677,2,1,1,0
6678,3,1,1,0
6679,15,1,1,0
6680,6,1,1,0
6681,4,1,1,0
6682,1,1,1,0
6683,4,1,1,0
6684,1,1,1,0
6685,1,1,1,0
6686,7,1,1,0
6687,4,1,1,0
6688,1,1,1,0
6689,3,1,1,0
6690,3,1,1,0
6691,3,1,1,0
6692,3,1,1,0
6693,10,1,1,0
6694,1,1,1,0
6695,5,1,1,0
6696,6,1,1,0
6697,1,1,1,0
6698,6,1,1,0
6699,9,1,1,0
6700,2,1,1,0
6701,2,1,1,0
6702,2,1,1,0
6703,9,1,1,0
6704,6,1,1,0
6705,2,1,1,0
6706,4,1,1,0
6707,1,1,1,0
6708,1,1,1,0
6709,3,1,1,0
6710,4,1,1,0
6711,4,1,1,0
6712,2,1,1,0
6713,1,1,1,0
6714,1,1,1,0
6715,3,1,1,0
6716,1,1,1,0
6717,1,1,1,0
6718,9,1,1,0
6719,3,1,1,0
6720,1,1,1,0
6721,4,1,1,0
6722,1,1,1,0
6723,2,1,1,0
6724,6,1,1,0
6725,1,1,1,0
6726,1,1,1,0
6727,5,1,1,0
6728,3,1,1,0
6729,2,1,1,0
6730,1,1,1,0
6731,10,1,1,0
6732,12,1,1,0
6733,3,1,1,0
6734,3,1,1,0
6735,1,1,1,0
6736,1,1,1,0
6737,4,1,1,0
6738,3,1,1,0
6739,1,1,1,0
6740,6,1,1,0
6741,1,1,1,0
6742,5,1,1,0
6743,3,1,1,0
6744,6,1,1,0
6745,5,1,1,0
6746,4,1,1,0
6747,6,1,1,0
6748,1,1,1,0
6749,4,1,1,0
6750,1,1,1,0
6751,1,1,1,0
6752,1,1,1,0
6753,3,1,1,0
6754,3,1,1,0
6755,2,1,1,0
6756,6,1,1,0
6757,1,1,1,0
6758,2,1,1,0
6759,1,1,1,0
6760,1,1,1,0
6761,3,1,1,0
6762,1,1,1,0
6763,3,1,1,0
6764,2,1,1,0
6765,2,1,1,0
6766,3,1,1,0
6767,3,1,1,0
6768,3,1,1,0
6769,1,1,1,0
6770,2,1,1,0
6771,8,1,1,0
6772,3,1,1,0
6773,2,1,1,0
6774,2,1,1,0
6775,3,1,1,0
6776,1,1,1,0
6777,3,1,1,0
6778,1,1,1,0
6779,3,1,1,0
6780,3,1,1,0
6781,1,1,1,0
6782,3,1,1,0
6783,1,1,1,0
6784,3,1,1,0
6785,4,1,1,0
6786,2,1,1,0
6787,4,1,1,0
6788,3,1,1,0
6789,1,1,1,0
6790,1,1,1,0
6791,2,1,1,0
6792,1,1,1,0
6793,5,1,1,0
6794,3,1,1,0
6795,2,1,1,0
6796,5,1,1,0
6797,3,1,1,0
6798,1,1,1,0
6799,3,1,1,0
6800,2,1,1,0
6801,2,1,1,0
6802,9,1,1,0
6803,2,1,1,0
6804,1,1,1,0
6805,5,1,1,0
6806,3,1,1,0
6807,10,1,1,0
6808,7,1,1,0
6809,2,1,1,0
6810,2,1,1,0
6811,4,1,1,0
6812,6,1,1,0
6813,2,1,1,0
6814,2,1,1,0
6815,3,1,1,0
6816,2,1,1,0
6817,3,1,1,0
6818,5,1,1,0
6819,1,1,1,0
6820,6,1,1,0
6821,1,1,1,0
6822,1,1,1,0
6823,1,1,1,0
6824,3,1,1,0
6825,5,1,1,0
6826,1,1,1,0
6827,1,1,1,0
6828,5,1,1,0
6829,3,1,1,0
6830,5,1,1,0
6831,4,1,1,0
6832,2,1,1,0
6833,5,1,1,0
6834,5,1,1,0
6835,3,1,1,0
6836,1,1,1,0
6837,3,1,1,0
6838,4,1,1,0
6839,1,1,1,0
6840,3,1,1,0
6841,3,1,1,0
6842,2,1,1,0
6843,4,1,1,0
6844,1,1,1,0
6845,3,1,1,0
6846,2,1,1,0
6847,1,1,1,0
6848,4,1,1,0
6849,1,1,1,0
6850,1,1,1,0
6851,6,1,1,0
6852,2,1,1,0
6853,1,1,1,0
6854,1,1,1,0
6855,3,1,1,0
6856,2,1,1,0
6857,4,1,1,0
6858,4,1,1,0
6859,4,1,1,0
6860,1,1,1,0
6861,3,1,1,0
6862,1,1,1,0
6863,3,1,1,0
6864,1,1,1,0
6865,2,1,1,0
6866,5,1,1,0
6867,5,1,1,0
6868,1,1,1,0
6869,1,1,1,0
6870,1,1,1,0
6871,1,1,1,0
6872,1,1,1,0
6873,2,1,1,0
6874,5,1,1,0
6875,6,1,1,0
6876,1,1,1,0
6877,4,1,1,0
6878,3,1,1,0
6879,2,1,1,0
6880,10,1,1,0
6881,2,1,1,0
6882,1,1,1,0
6883,6,1,1,0
6884,2,1,1,0
6885,2,1,1,0
6886,3,1,1,0
6887,8,1,1,0
6888,4,1,1,0
6889,1,1,1,0
6890,1,1,1,0
6891,8,1,1,0
6892,2,1,1,0
6893,1,1,1,0
6894,3,1,1,0
6895,2,1,1,0
6896,2,1,1,0
6897,4,1,1,0
6898,1,1,1,0
6899,2,1,1,0
6900,9,1,1,0
6901,1,1,1,0
6902,4,1,1,0
6903,1,1,1,0
6904,1,1,1,0
6905,2,1,1,0
6906,2,1,1,0
6907,2,1,1,0
6908,3,1,1,0
6909,1,1,1,0
6910,6,1,1,0
6911,3,1,1,0
6912,5,1,1,0
6913,3,1,1,0
6914,2,1,1,0
6915,9,1,1,0
6916,1,1,1,0
6917,7,1,1,0
6918,5,1,1,0
6919,2,1,1,0
6920,3,1,1,0
6921,1,1,1,0
6922,2,1,1,0
6923,10,1,1,0
6924,5,1,1,0
6925,3,1,1,0
6926,1,1,1,0
6927,4,1,1,0
6928,8,1,1,0
6929,3,1,1,0
6930,2,1,1,0
6931,7,1,1,0
6932,2,1,1,0
6933,3,1,1,0
6934,3,1,1,0
6935,4,1,1,0
6936,3,1,1,0
6937,3,1,1,0
6938,5,1,1,0
6939,1,1,1,0
6940,3,1,1,0
6941,7,1,1,0
6942,4,1,1,0
6943,2,1,1,0
6944,1,1,1,0
6945,1,1,1,0
6946,3,1,1,0
6947,1,1,1,0
6948,4,1,1,0
6949,1,1,1,0
6950,4,1,1,0
6951,3,1,1,0
6952,3,1,1,0
6953,4,1,1,0
6954,2,1,1,0
6955,4,1,1,0
6956,3,1,1,0
6957,10,1,1,0
6958,3,1,1,0
6959,5,1,1,0
6960,2,1,1,0
6961,4,1,1,0
6962,2,1,1,0
6963,5,1,1,0
6964,7,1,1,0
6965,9,1,1,0
6966,2,1,1,0
6967,2,1,1,0
6968,1,1,1,0
6969,2,1,1,0
6970,5,1,1,0
6971,1,1,1,0
6972,10,1,1,0
6973,1,1,1,0
6974,6,1,1,0
6975,1,1,1,0
6976,1,1,1,0
6977,5,1,1,0
6978,7,1,1,0
6979,2,1,1,0
6980,5,1,1,0
6981,2,1,1,0
6982,4,1,1,0
6983,3,1,1,0
6984,3,1,1,0
6985,9,1,1,0
6986,6,1,1,0
6987,2,1,1,0
6988,4,1,1,0
6989,2,1,1,0
6990,3,1,1,0
6991,5,1,1,0
6992,2,1,1,0
6993,6,1,1,0
6994,3,1,1,0
6995,2,1,1,0
6996,1,1,1,0
6997,3,1,1,0
6998,2,1,1,0
6999,2,1,1,0
7000,6,1,1,0
7001,2,1,1,0
7002,7,1,1,0
7003,9,1,1,0
7004,2,1,1,0
7005,4,1,1,0
7006,4,1,1,0
7007,3,1,1,0
7008,2,1,1,0
7009,10,1,1,0
7010,4,1,1,0
7011,3,1,1,0
7012,2,1,1,0
7013,1,1,1,0
7014,6,1,1,0
7015,6,1,1,0
7016,8,1,1,0
7017,5,1,1,0
7018,3,1,1,0
7019,6,1,1,0
7020,2,1,1,0
7021,3,1,1,0
7022,8,1,1,0
7023,3,1,1,0
7024,3,1,1,0
7025,4,1,1,0
7026,3,1,1,0
7027,4,1,1,0
7028,8,1,1,0
7029,3,1,1,0
7030,2,1,1,0
7031,1,1,1,0
7032,4,1,1,0
7033,1,1,1,0
7034,2,1,1,0
7035,1,1,1,0
7036,1,1,1,0
7037,7,1,1,0
7038,2,1,1,0
7039,7,1,1,0
7040,4,1,1,0
7041,3,1,1,0
7042,1,1,1,0
7043,5,1,1,0
7044,3,1,1,0
7045,4,1,1,0
7046,7,1,1,0
7047,2,1,1,0
7048,4,1,1,0
7049,2,1,1,0
7050,3,1,1,0
7051,3,1,1,0
7052,8,1,1,0
7053,3,1,1,0
7054,2,1,1,0
7055,2,1,1,0
7056,9,1,1,0
7057,2,1,1,0
7058,2,1,1,0
7059,6,1,1,0
7060,10,1,1,0
7061,3,1,1,0
7062,2,1,1,0
7063,4,1,1,0
7064,3,1,1,0
7065,5,1,1,0
7066,1,1,1,0
7067,1,1,1,0
7068,4,1,1,0
7069,2,1,1,0
7070,4,1,1,0
7071,3,1,1,0
7072,2,1,1,0
7073,2,1,1,0
7074,3,1,1,0
7075,1,1,1,0
7076,1,1,1,0
7077,2,1,1,0
7078,1,1,1,0
7079,5,1,1,0
7080,2,1,1,0
7081,4,1,1,0
7082,1,1,1,0
7083,1,1,1,0
7084,1,1,1,0
7085,2,1,1,0
7086,6,1,1,0
7087,2,1,1,0
7088,1,1,1,0
7089,9,1,1,0
7090,1,1,1,0
7091,3,1,1,0
7092,4,1,1,0
7093,3,1,1,0
7094,11,1,1,0
7095,4,1,1,0
7096,2,1,1,0
7097,1,1,1,0
7098,9,1,1,0
7099,2,1,1,0
7100,1,1,1,0
7101,1,1,1,0
7102,1,1,1,0
7103,1,1,1,0
7104,3,1,1,0
7105,3,1,1,0
7106,4,1,1,0
7107,2,1,1,0
7108,10,1,1,0
7109,7,1,1,0
7110,5,1,1,0
7111,1,1,1,0
7112,1,1,1,0
7113,1,1,1,0
7114,1,1,1,0
7115,6,1,1,0
7116,1,1,1,0
7117,1,1,1,0
7118,5,1,1,0
7119,1,1,1,0
7120,1,1,1,0
7121,4,1,1,0
7122,1,1,1,0
7123,3,1,1,0
7124,3,1,1,0
7125,3,1,1,0
7126,1,1,1,0
7127,1,1,1,0
7128,5,1,1,0
7129,9,1,1,0
7130,4,1,1,0
7131,2,1,1,0
7132,4,1,1,0
7133,2,1,1,0
7134,2,1,1,0
7135,1,1,1,0
7136,4,1,1,0
7137,1,1,1,0
7138,5,1,1,0
7139,1,1,1,0
7140,3,1,1,0
7141,1,1,1,0
7142,2,1,1,0
7143,1,1,1,0
7144,4,1,1,0
7145,5,1,1,0
7146,2,1,1,0
7147,1,1,1,0
7148,7,1,1,0
7149,2,1,1,0
7150,2,1,1,0
7151,3,1,1,0
7152,2,1,1,0
7153,2,1,1,0
7154,2,1,1,0
7155,4,1,1,0
7156,4,1,1,0
7157,4,1,1,0
7158,1,1,1,0
7159,2,1,1,0
7160,1,1,1,0
7161,1,1,1,0
7162,3,1,1,0
7163,3,1,1,0
7164,4,1,1,0
7165,2,1,1,0
7166,4,1,1,0
7167,5,1,1,0
7168,1,1,1,0
7169,2,1,1,0
7170,6,1,1,0
7171,7,1,1,0
7172,4,1,1,0
7173,1,1,1,0
7174,2,1,1,0
7175,1,1,1,0
7176,5,1,1,0
7177,2,1,1,0
7178,2,1,1,0
7179,3,1,1,0
7180,3,1,1,0
7181,5,1,1,0
7182,3,1,1,0
7183,1,1,1,0
7184,2,1,1,0
7185,7,1,1,0
7186,2,1,1,0
7187,2,1,1,0
7188,1,1,1,0
7189,1,1,1,0
7190,1,1,1,0
7191,9,1,1,0
7192,4,1,1,0
7193,3,1,1,0
7194,4,1,1,0
7195,5,1,1,0
7196,2,1,1,0
7197,4,1,1,0
7198,6,1,1,0
7199,2,1,1,0
7200,1,1,1,0
7201,4,1,1,0
7202,7,1,1,0
7203,5,1,1,0
7204,1,1,1,0
7205,2,1,1,0
7206,1,1,1,0
7207,3,1,1,0
7208,5,1,1,0
7209,1,1,1,0
7210,3,1,1,0
7211,1,1,1,0
7212,1,1,1,0
7213,6,1,1,0
7214,6,1,1,0
7215,3,1,1,0
7216,3,1,1,0
7217,2,1,1,0
7218,16,1,1,0
7219,4,1,1,0
7220,5,1,1,0
7221,5,1,1,0
7222,2,1,1,0
7223,4,1,1,0
7224,3,1,1,0
7225,5,1,1,0
7226,4,1,1,0
7227,3,1,1,0
7228,3,1,1,0
7229,4,1,1,0
7230,1,1,1,0
7231,4,1,1,0
7232,1,1,1,0
7233,1,1,1,0
7234,3,1,1,0
7235,5,1,1,0
7236,3,1,1,0
7237,7,1,1,0
7238,2,1,1,0
7239,5,1,1,0
7240,3,1,1,0
7241,3,1,1,0
7242,3,1,1,0
7243,5,1,1,0
7244,1,1,1,0
7245,1,1,1,0
7246,1,1,1,0
7247,1,1,1,0
7248,4,1,1,0
7249,2,1,1,0
7250,1,1,1,0
7251,5,1,1,0
7252,2,1,1,0
7253,6,1,1,0
7254,1,1,1,0
7255,1,1,1,0
7256,2,1,1,0
7257,10,1,1,0
7258,1,1,1,0
7259,8,1,1,0
7260,2,1,1,0
7261,3,1,1,0
7262,3,1,1,0
7263,1,1,1,0
7264,1,1,1,0
7265,2,1,1,0
7266,7,1,1,0
7267,1,1,1,0
7268,2,1,1,0
7269,5,1,1,0
7270,2,1,1,0
7271,1,1,1,0
7272,3,1,1,0
7273,10,1,1,0
7274,4,1,1,0
7275,4,1,1,0
7276,1,1,1,0
7277,10,1,1,0
7278,3,1,1,0
7279,6,1,1,0
7280,1,1,1,0
7281,5,1,1,0
7282,8,1,1,0
7283,4,1,1,0
7284,4,1,1,0
7285,2,1,1,0
7286,4,1,1,0
7287,2,1,1,0
7288,4,1,1,0
7289,1,1,1,0
7290,4,1,1,0
7291,3,1,1,0
7292,3,1,1,0
7293,5,1,1,0
7294,2,1,1,0
7295,1,1,1,0
7296,2,1,1,0
7297,4,1,1,0
7298,1,1,1,0
7299,12,1,1,0
7300,11,1,1,0
7301,2,1,1,0
7302,4,1,1,0
7303,1,1,1,0
7304,1,1,1,0
7305,1,1,1,0
7306,8,1,1,0
7307,7,1,1,0
7308,6,1,1,0
7309,3,1,1,0
7310,1,1,1,0
7311,1,1,1,0
7312,4,1,1,0
7313,1,1,1,0
7314,6,1,1,0
7315,3,1,1,0
7316,11,1,1,0
7317,3,1,1,0
7318,1,1,1,0
7319,4,1,1,0
7320,2,1,1,0
7321,2,1,1,0
7322,1,1,1,0
7323,2,1,1,0
7324,5,1,1,0
7325,1,1,1,0
7326,5,1,1,0
7327,3,1,1,0
7328,4,1,1,0
7329,4,1,1,0
7330,3,1,1,0
7331,2,1,1,0
7332,2,1,1,0
7333,4,1,1,0
7334,1,1,1,0
7335,1,1,1,0
7336,1,1,1,0
7337,5,1,1,0
7338,4,1,1,0
7339,1,1,1,0
7340,5,1,1,0
7341,3,1,1,0
7342,1,1,1,0
7343,2,1,1,0
7344,3,1,1,0
7345,2,1,1,0
7346,11,1,1,0
7347,1,1,1,0
7348,2,1,1,0
7349,1,1,1,0
7350,2,1,1,0
7351,7,1,1,0
7352,3,1,1,0
7353,7,1,1,0
7354,23,1,1,0
7355,1,1,1,0
7356,3,1,1,0
7357,2,1,1,0
7358,9,1,1,0
7359,5,1,1,0
7360,1,1,1,0
7361,2,1,1,0
7362,1,1,1,0
7363,1,1,1,0
7364,5,1,1,0
7365,1,1,1,0
7366,11,1,1,0
7367,1,1,1,0
7368,4,1,1,0
7369,1,1,1,0
7370,4,1,1,0
7371,2,1,1,0
7372,1,1,1,0
7373,2,1,1,0
7374,2,1,1,0
7375,1,1,1,0
7376,2,1,1,0
7377,1,1,1,0
7378,3,1,1,0
7379,3,1,1,0
7380,4,1,1,0
7381,2,1,1,0
7382,3,1,1,0
7383,9,1,1,0
7384,1,1,1,0
7385,5,1,1,0
7386,3,1,1,0
7387,1,1,1,0
7388,4,1,1,0
7389,4,1,1,0
7390,4,1,1,0
7391,4,1,1,0
7392,4,1,1,0
7393,3,1,1,0
7394,6,1,1,0
7395,3,1,1,0
7396,3,1,1,0
7397,1,1,1,0
7398,2,1,1,0
7399,2,1,1,0
7400,1,1,1,0
7401,2,1,1,0
7402,9,1,1,0
7403,6,1,1,0
7404,8,1,1,0
7405,9,1,1,0
7406,1,1,1,0
7407,6,1,1,0
7408,3,1,1,0
7409,2,1,1,0
7410,3,1,1,0
7411,2,1,1,0
7412,3,1,1,0
7413,3,1,1,0
7414,1,1,1,0
7415,4,1,1,0
7416,3,1,1,0
7417,3,1,1,0
7418,1,1,1,0
7419,3,1,1,0
7420,1,1,1,0
7421,2,1,1,0
7422,2,1,1,0
7423,1,1,1,0
7424,1,1,1,0
7425,13,1,1,0
7426,12,1,1,0
7427,6,1,1,0
7428,6,1,1,0
7429,2,1,1,0
7430,2,1,1,0
7431,2,1,1,0
7432,2,1,1,0
7433,6,1,1,0
7434,1,1,1,0
7435,3,1,1,0
7436,2,1,1,0
7437,5,1,1,0
7438,3,1,1,0
7439,8,1,1,0
7440,3,1,1,0
7441,9,1,1,0
7442,3,1,1,0
7443,2,1,1,0
7444,1,1,1,0
7445,16,1,1,0
7446,3,1,1,0
7447,1,1,1,0
7448,1,1,1,0
7449,1,1,1,0
7450,2,1,1,0
7451,1,1,1,0
7452,3,1,1,0
7453,2,1,1,0
7454,2,1,1,0
7455,3,1,1,0
7456,3,1,1,0
7457,4,1,1,0
7458,3,1,1,0
7459,6,1,1,0
7460,2,1,1,0
7461,3,1,1,0
7462,3,1,1,0
7463,5,1,1,0
7464,1,1,1,0
7465,2,1,1,0
7466,3,1,1,0
7467,5,1,1,0
7468,7,1,1,0
7469,1,1,1,0
7470,1,1,1,0
7471,5,1,1,0
7472,6,1,1,0
7473,10,1,1,0
7474,1,1,1,0
7475,5,1,1,0
7476,1,1,1,0
7477,4,1,1,0
7478,9,1,1,0
7479,4,1,1,0
7480,1,1,1,0
7481,6,1,1,0
7482,3,1,1,0
7483,1,1,1,0
7484,5,1,1,0
7485,15,1,1,0
7486,16,1,1,0
7487,5,1,1,0
7488,1,1,1,0
7489,2,1,1,0
7490,1,1,1,0
7491,2,1,1,0
7492,2,1,1,0
7493,10,1,1,0
7494,4,1,1,0
7495,2,1,1,0
7496,2,1,1,0
7497,1,1,1,0
7498,1,1,1,0
7499,7,1,1,0
7500,2,1,1,0
7501,5,1,1,0
7502,1,1,1,0
7503,8,1,1,0
7504,2,1,1,0
7505,1,1,1,0
7506,3,1,1,0
7507,1,1,1,0
7508,6,1,1,0
7509,7,1,1,0
7510,5,1,1,0
7511,2,1,1,0
7512,2,1,1,0
7513,6,1,1,0
7514,1,1,1,0
7515,3,1,1,0
7516,1,1,1,0
7517,1,1,1,0
7518,2,1,1,0
7519,2,1,1,0
7520,5,1,1,0
7521,1,1,1,0
7522,2,1,1,0
7523,1,1,1,0
7524,6,1,1,0
7525,1,1,1,0
7526,4,1,1,0
7527,1,1,1,0
7528,1,1,1,0
7529,4,1,1,0
7530,3,1,1,0
7531,1,1,1,0
7532,3,1,1,0
7533,1,1,1,0
7534,1,1,1,0
7535,3,1,1,0
7536,4,1,1,0
7537,1,1,1,0
7538,7,1,1,0
7539,1,1,1,0
7540,1,1,1,0
7541,2,1,1,0
7542,3,1,1,0
7543,6,1,1,0
7544,1,1,1,0
7545,4,1,1,0
7546,2,1,1,0
7547,5,1,1,0
7548,6,1,1,0
7549,3,1,1,0
7550,1,1,1,0
7551,5,1,1,0
7552,3,1,1,0
7553,8,1,1,0
7554,2,1,1,0
7555,3,1,1,0
7556,1,1,1,0
7557,3,1,1,0
7558,4,1,1,0
7559,1,1,1,0
7560,11,1,1,0
7561,4,1,1,0
7562,9,1,1,0
7563,4,1,1,0
7564,12,1,1,0
7565,7,1,1,0
7566,8,1,1,0
7567,5,1,1,0
7568,4,1,1,0
7569,4,1,1,0
7570,5,1,1,0
7571,2,1,1,0
7572,1,1,1,0
7573,8,1,1,0
7574,1,1,1,0
7575,4,1,1,0
7576,1,1,1,0
7577,3,1,1,0
7578,3,1,1,0
7579,6,1,1,0
7580,2,1,1,0
7581,3,1,1,0
7582,4,1,1,0
7583,1,1,1,0
7584,7,1,1,0
7585,3,1,1,0
7586,5,1,1,0
7587,1,1,1,0
7588,1,1,1,0
7589,2,1,1,0
7590,2,1,1,0
7591,11,1,1,0
7592,4,1,1,0
7593,2,1,1,0
7594,1,1,1,0
7595,3,1,1,0
7596,1,1,1,0
7597,5,1,1,0
7598,4,1,1,0
7599,4,1,1,0
7600,1,1,1,0
7601,1,1,1,0
7602,1,1,1,0
7603,3,1,1,0
7604,3,1,1,0
7605,1,1,1,0
7606,1,1,1,0
7607,7,1,1,0
7608,2,1,1,0
7609,3,1,1,0
7610,6,1,1,0
7611,1,1,1,0
7612,10,1,1,0
7613,5,1,1,0
7614,8,1,1,0
7615,6,1,1,0
7616,3,1,1,0
7617,5,1,1,0
7618,3,1,1,0
7619,1,1,1,0
7620,2,1,1,0
7621,11,1,1,0
7622,1,1,1,0
7623,2,1,1,0
7624,1,1,1,0
7625,6,1,1,0
7626,1,1,1,0
7627,3,1,1,0
7628,4,1,1,0
7629,2,1,1,0
7630,3,1,1,0
7631,1,1,1,0
7632,7,1,1,0
7633,1,1,1,0
7634,4,1,1,0
7635,1,1,1,0
7636,1,1,1,0
7637,3,1,1,0
7638,7,1,1,0
7639,2,1,1,0
7640,2,1,1,0
7641,1,1,1,0
7642,3,1,1,0
7643,10,1,1,0
7644,1,1,1,0
7645,2,1,1,0
7646,3,1,1,0
7647,2,1,1,0
7648,5,1,1,0
7649,2,1,1,0
7650,1,1,1,0
7651,1,1,1,0
7652,2,1,1,0
7653,1,1,1,0
7654,6,1,1,0
7655,3,1,1,0
7656,2,1,1,0
7657,9,1,1,0
7658,2,1,1,0
7659,6,1,1,0
7660,1,1,1,0
7661,7,1,1,0
7662,1,1,1,0
7663,1,1,1,0
7664,29,1,1,0
7665,2,1,1,0
7666,4,1,1,0
7667,1,1,1,0
7668,5,1,1,0
7669,2,1,1,0
7670,1,1,1,0
7671,4,1,1,0
7672,1,1,1,0
7673,7,1,1,0
7674,9,1,1,0
7675,2,1,1,0
7676,1,1,1,0
7677,6,1,1,0
7678,1,1,1,0
7679,2,1,1,0
7680,5,1,1,0
7681,1,1,1,0
7682,2,1,1,0
7683,3,1,1,0
7684,5,1,1,0
7685,6,1,1,0
7686,7,1,1,0
7687,1,1,1,0
7688,3,1,1,0
7689,4,1,1,0
7690,6,1,1,0
7691,4,1,1,0
7692,5,1,1,0
7693,7,1,1,0
7694,2,1,1,0
7695,4,1,1,0
7696,2,1,1,0
7697,2,1,1,0
7698,6,1,1,0
7699,2,1,1,0
7700,1,1,1,0
7701,3,1,1,0
7702,4,1,1,0
7703,3,1,1,0
7704,6,1,1,0
7705,5,1,1,0
7706,3,1,1,0
7707,2,1,1,0
7708,3,1,1,0
7709,8,1,1,0
7710,7,1,1,0
7711,5,1,1,0
7712,1,1,1,0
7713,3,1,1,0
7714,7,1,1,0
7715,8,1,1,0
7716,7,1,1,0
7717,5,1,1,0
7718,4,1,1,0
7719,1,1,1,0
7720,3,1,1,0
7721,8,1,1,0
7722,5,1,1,0
7723,3,1,1,0
7724,4,1,1,0
7725,5,1,1,0
7726,2,1,1,0
7727,7,1,1,0
7728,3,1,1,0
7729,2,1,1,0
7730,1,1,1,0
7731,1,1,1,0
7732,1,1,1,0
7733,8,1,1,0
7734,4,1,1,0
7735,3,1,1,0
7736,2,1,1,0
7737,2,1,1,0
7738,5,1,1,0
7739,4,1,1,0
7740,6,1,1,0
7741,7,1,1,0
7742,3,1,1,0
7743,10,1,1,0
7744,7,1,1,0
7745,2,1,1,0
7746,2,1,1,0
7747,5,1,1,0
7748,3,1,1,0
7749,2,1,1,0
7750,5,1,1,0
7751,2,1,1,0
7752,3,1,1,0
7753,2,1,1,0
7754,2,1,1,0
7755,5,1,1,0
7756,5,1,1,0
7757,1,1,1,0
7758,1,1,1,0
7759,5,1,1,0
7760,6,1,1,0
7761,1,1,1,0
7762,4,1,1,0
7763,3,1,1,0
7764,3,1,1,0
7765,1,1,1,0
7766,5,1,1,0
7767,1,1,1,0
7768,3,1,1,0
7769,3,1,1,0
7770,1,1,1,0
7771,7,1,1,0
7772,3,1,1,0
7773,5,1,1,0
7774,1,1,1,0
7775,1,1,1,0
7776,7,1,1,0
7777,9,1,1,0
7778,3,1,1,0
7779,4,1,1,0
7780,3,1,1,0
7781,2,1,1,0
7782,12,1,1,0
7783,5,1,1,0
7784,8,1,1,0
7785,6,1,1,0
7786,2,1,1,0
7787,1,1,1,0
7788,2,1,1,0
7789,1,1,1,0
7790,3,1,1,0
7791,1,1,1,0
7792,1,1,1,0
7793,2,1,1,0
7794,6,1,1,0
7795,7,1,1,0
7796,4,1,1,0
7797,2,1,1,0
7798,8,1,1,0
7799,2,1,1,0
7800,4,1,1,0
7801,2,1,1,0
7802,7,1,1,0
7803,1,1,1,0
7804,3,1,1,0
7805,8,1,1,0
7806,3,1,1,0
7807,4,1,1,0
7808,1,1,1,0
7809,13,1,1,0
7810,6,1,1,0
7811,3,1,1,0
7812,4,1,1,0
7813,5,1,1,0
7814,6,1,1,0
7815,1,1,1,0
7816,1,1,1,0
7817,2,1,1,0
7818,4,1,1,0
7819,1,1,1,0
7820,1,1,1,0
7821,3,1,1,0
7822,7,1,1,0
7823,6,1,1,0
7824,1,1,1,0
7825,8,1,1,0
7826,2,1,1,0
7827,1,1,1,0
7828,9,1,1,0
7829,3,1,1,0
7830,7,1,1,0
7831,1,1,1,0
7832,2,1,1,0
7833,2,1,1,0
7834,1,1,1,0
7835,3,1,1,0
7836,1,1,1,0
7837,1,1,1,0
7838,3,1,1,0
7839,17,1,1,0
7840,2,1,1,0
7841,3,1,1,0
7842,5,1,1,0
7843,5,1,1,0
7844,2,1,1,0
7845,1,1,1,0
7846,3,1,1,0
7847,5,1,1,0
7848,1,1,1,0
7849,1,1,1,0
7850,4,1,1,0
7851,2,1,1,0
7852,1,1,1,0
7853,3,1,1,0
7854,1,1,1,0
7855,2,1,1,0
7856,6,1,1,0
7857,3,1,1,0
7858,3,1,1,0
7859,3,1,1,0
7860,2,1,1,0
7861,3,1,1,0
7862,1,1,1,0
7863,5,1,1,0
7864,3,1,1,0
7865,5,1,1,0
7866,10,1,1,0
7867,5,1,1,0
7868,1,1,1,0
7869,1,1,1,0
7870,6,1,1,0
7871,6,1,1,0
7872,3,1,1,0
7873,11,1,1,0
7874,5,1,1,0
7875,6,1,1,0
7876,5,1,1,0
7877,2,1,1,0
7878,3,1,1,0
7879,1,1,1,0
7880,7,1,1,0
7881,5,1,1,0
7882,1,1,1,0
7883,1,1,1,0
7884,5,1,1,0
7885,4,1,1,0
7886,6,1,1,0
7887,1,1,1,0
7888,1,1,1,0
7889,1,1,1,0
7890,3,1,1,0
7891,3,1,1,0
7892,1,1,1,0
7893,8,1,1,0
7894,1,1,1,0
7895,3,1,1,0
7896,3,1,1,0
7897,2,1,1,0
7898,5,1,1,0
7899,3,1,1,0
7900,1,1,1,0
7901,1,1,1,0
7902,5,1,1,0
7903,7,1,1,0
7904,4,1,1,0
7905,8,1,1,0
7906,1,1,1,0
7907,4,1,1,0
7908,6,1,1,0
7909,3,1,1,0
7910,1,1,1,0
7911,2,1,1,0
7912,8,1,1,0
7913,3,1,1,0
7914,2,1,1,0
7915,1,1,1,0
7916,1,1,1,0
7917,1,1,1,0
7918,3,1,1,0
7919,1,1,1,0
7920,3,1,1,0
7921,2,1,1,0
7922,5,1,1,0
7923,1,1,1,0
7924,5,1,1,0
7925,1,1,1,0
7926,7,1,1,0
7927,13,1,1,0
7928,3,1,1,0
7929,3,1,1,0
7930,7,1,1,0
7931,7,1,1,0
7932,1,1,1,0
7933,8,1,1,0
7934,4,1,1,0
7935,7,1,1,0
7936,1,1,1,0
7937,5,1,1,0
7938,2,1,1,0
7939,1,1,1,0
7940,6,1,1,0
7941,6,1,1,0
7942,2,1,1,0
7943,7,1,1,0
7944,3,1,1,0
7945,8,1,1,0
7946,6,1,1,0
7947,3,1,1,0
7948,1,1,1,0
7949,3,1,1,0
7950,5,1,1,0
7951,2,1,1,0
7952,3,1,1,0
7953,3,1,1,0
7954,16,1,1,0
7955,5,1,1,0
7956,3,1,1,0
7957,4,1,1,0
7958,2,1,1,0
7959,4,1,1,0
7960,1,1,1,0
7961,1,1,1,0
7962,2,1,1,0
7963,4,1,1,0
7964,1,1,1,0
7965,7,1,1,0
7966,5,1,1,0
7967,6,1,1,0
7968,9,1,1,0
7969,3,1,1,0
7970,6,1,1,0
7971,1,1,1,0
7972,10,1,1,0
7973,1,1,1,0
7974,1,1,1,0
7975,7,1,1,0
7976,2,1,1,0
7977,1,1,1,0
7978,4,1,1,0
7979,2,1,1,0
7980,4,1,1,0
7981,5,1,1,0
7982,3,1,1,0
7983,4,1,1,0
7984,17,1,1,0
7985,1,1,1,0
7986,2,1,1,0
7987,1,1,1,0
7988,5,1,1,0
7989,6,1,1,0
7990,1,1,1,0
7991,1,1,1,0
7992,1,1,1,0
7993,1,1,1,0
7994,3,1,1,0
7995,4,1,1,0
7996,1,1,1,0
7997,3,1,1,0
7998,4,1,1,0
7999,1,1,1,0
8000,3,1,1,0
8001,3,1,1,0
8002,3,1,1,0
8003,2,1,1,0
8004,5,1,1,0
8005,24,1,1,0
8006,2,1,1,0
8007,5,1,1,0
8008,15,1,1,0
8009,4,1,1,0
8010,2,1,1,0
8011,2,1,1,0
8012,5,1,1,0
8013,4,1,1,0
8014,3,1,1,0
8015,4,1,1,0
8016,6,1,1,0
8017,4,1,1,0
8018,5,1,1,0
8019,9,1,1,0
8020,4,1,1,0
8021,12,1,1,0
8022,8,1,1,0
8023,5,1,1,0
8024,1,1,1,0
8025,4,1,1,0
8026,7,1,1,0
8027,3,1,1,0
8028,1,1,1,0
8029,3,1,1,0
8030,2,1,1,0
8031,6,1,1,0
8032,4,1,1,0
8033,2,1,1,0
8034,2,1,1,0
8035,6,1,1,0
8036,3,1,1,0
8037,8,1,1,0
8038,3,1,1,0
8039,2,1,1,0
8040,3,1,1,0
8041,5,1,1,0
8042,5,1,1,0
8043,5,1,1,0
8044,1,1,1,0
8045,2,1,1,0
8046,2,1,1,0
8047,4,1,1,0
8048,5,1,1,0
8049,6,1,1,0
8050,2,1,1,0
8051,1,1,1,0
8052,7,1,1,0
8053,7,1,1,0
8054,12,1,1,0
8055,3,1,1,0
8056,2,1,1,0
8057,7,1,1,0
8058,5,1,1,0
8059,2,1,1,0
8060,1,1,1,0
8061,4,1,1,0
8062,2,1,1,0
8063,2,1,1,0
8064,3,1,1,0
8065,1,1,1,0
8066,5,1,1,0
8067,4,1,1,0
8068,8,1,1,0
8069,2,1,1,0
8070,3,1,1,0
8071,2,1,1,0
8072,4,1,1,0
8073,1,1,1,0
8074,3,1,1,0
8075,1,1,1,0
8076,11,1,1,0
8077,5,1,1,0
8078,2,1,1,0
8079,1,1,1,0
8080,5,1,1,0
8081,1,1,1,0
8082,2,1,1,0
8083,2,1,1,0
8084,2,1,1,0
8085,3,1,1,0
8086,5,1,1,0
8087,2,1,1,0
8088,1,1,1,0
8089,1,1,1,0
8090,1,1,1,0
8091,10,1,1,0
8092,2,1,1,0
8093,6,1,1,0
8094,5,1,1,0
8095,1,1,1,0
8096,1,1,1,0
8097,3,1,1,0
8098,1,1,1,0
8099,6,1,1,0
8100,1,1,1,0
8101,3,1,1,0
8102,1,1,1,0
8103,2,1,1,0
8104,5,1,1,0
8105,4,1,1,0
8106,5,1,1,0
8107,3,1,1,0
8108,3,1,1,0
8109,1,1,1,0
8110,2,1,1,0
8111,11,1,1,0
8112,2,1,1,0
8113,1,1,1,0
8114,5,1,1,0
8115,3,1,1,0
8116,2,1,1,0
8117,1,1,1,0
8118,6,1,1,0
8119,4,1,1,0
8120,1,1,1,0
8121,4,1,1,0
8122,2,1,1,0
8123,2,1,1,0
8124,2,1,1,0
8125,1,1,1,0
8126,1,1,1,0
8127,5,1,1,0
8128,2,1,1,0
8129,3,1,1,0
8130,1,1,1,0
8131,2,1,1,0
8132,4,1,1,0
8133,1,1,1,0
8134,3,1,1,0
8135,2,1,1,0
8136,3,1,1,0
8137,1,1,1,0
8138,2,1,1,0
8139,4,1,1,0
8140,4,1,1,0
8141,4,1,1,0
8142,1,1,1,0
8143,3,1,1,0
8144,4,1,1,0
8145,1,1,1,0
8146,6,1,1,0
8147,6,1,1,0
8148,4,1,1,0
8149,8,1,1,0
8150,5,1,1,0
8151,11,1,1,0
8152,1,1,1,0
8153,2,1,1,0
8154,2,1,1,0
8155,1,1,1,0
8156,3,1,1,0
8157,1,1,1,0
8158,1,1,1,0
8159,3,1,1,0
8160,2,1,1,0
8161,4,1,1,0
8162,3,1,1,0
8163,5,1,1,0
8164,2,1,1,0
8165,1,1,1,0
8166,2,1,1,0
8167,1,1,1,0
8168,2,1,1,0
8169,4,1,1,0
8170,3,1,1,0
8171,1,1,1,0
8172,2,1,1,0
8173,3,1,1,0
8174,7,1,1,0
8175,1,1,1,0
8176,5,1,1,0
8177,1,1,1,0
8178,3,1,1,0
8179,1,1,1,0
8180,12,1,1,0
8181,12,1,1,0
8182,6,1,1,0
8183,2,1,1,0
8184,6,1,1,0
8185,2,1,1,0
8186,2,1,1,0
8187,3,1,1,0
8188,10,1,1,0
8189,3,1,1,0
8190,4,1,1,0
8191,1,1,1,0
8192,2,1,1,0
8193,3,1,1,0
8194,1,1,1,0
8195,2,1,1,0
8196,2,1,1,0
8197,1,1,1,0
8198,1,1,1,0
8199,2,1,1,0
8200,1,1,1,0
8201,1,1,1,0
8202,2,1,1,0
8203,2,1,1,0
8204,3,1,1,0
8205,1,1,1,0
8206,3,1,1,0
8207,5,1,1,0
8208,6,1,1,0
8209,3,1,1,0
8210,11,1,1,0
8211,2,1,1,0
8212,7,1,1,0
8213,4,1,1,0
8214,3,1,1,0
8215,6,1,1,0
8216,1,1,1,0
8217,3,1,1,0
8218,1,1,1,0
8219,1,1,1,0
8220,1,1,1,0
8221,3,1,1,0
8222,2,1,1,0
8223,4,1,1,0
8224,4,1,1,0
8225,3,1,1,0
8226,10,1,1,0
8227,4,1,1,0
8228,1,1,1,0
8229,1,1,1,0
8230,1,1,1,0
8231,1,1,1,0
8232,9,1,1,0
8233,8,1,1,0
8234,4,1,1,0
8235,4,1,1,0
8236,4,1,1,0
8237,5,1,1,0
8238,1,1,1,0
8239,4,1,1,0
8240,3,1,1,0
8241,1,1,1,0
8242,2,1,1,0
8243,9,1,1,0
8244,1,1,1,0
8245,3,1,1,0
8246,3,1,1,0
8247,3,1,1,0
8248,5,1,1,0
8249,6,1,1,0
8250,4,1,1,0
8251,8,1,1,0
8252,4,1,1,0
8253,3,1,1,0
8254,7,1,1,0
8255,4,1,1,0
8256,2,1,1,0
8257,5,1,1,0
8258,1,1,1,0
8259,1,1,1,0
8260,1,1,1,0
8261,6,1,1,0
8262,10,1,1,0
8263,3,1,1,0
8264,1,1,1,0
8265,5,1,1,0
8266,4,1,1,0
8267,1,1,1,0
8268,1,1,1,0
8269,4,1,1,0
8270,3,1,1,0
8271,6,1,1,0
8272,3,1,1,0
8273,1,1,1,0
8274,2,1,1,0
8275,2,1,1,0
8276,4,1,1,0
8277,4,1,1,0
8278,2,1,1,0
8279,7,1,1,0
8280,3,1,1,0
8281,3,1,1,0
8282,5,1,1,0
8283,1,1,1,0
8284,2,1,1,0
8285,3,1,1,0
8286,1,1,1,0
8287,2,1,1,0
8288,1,1,1,0
8289,1,1,1,0
8290,6,1,1,0
8291,2,1,1,0
8292,10,1,1,0
8293,5,1,1,0
8294,6,1,1,0
8295,1,1,1,0
8296,1,1,1,0
8297,6,1,1,0
8298,2,1,1,0
8299,7,1,1,0
8300,8,1,1,0
8301,4,1,1,0
8302,3,1,1,0
8303,4,1,1,0
8304,6,1,1,0
8305,1,1,1,0
8306,1,1,1,0
8307,1,1,1,0
8308,4,1,1,0
8309,1,1,1,0
8310,3,1,1,0
8311,3,1,1,0
8312,1,1,1,0
8313,2,1,1,0
8314,5,1,1,0
8315,3,1,1,0
8316,3,1,1,0
8317,1,1,1,0
8318,3,1,1,0
8319,3,1,1,0
8320,2,1,1,0
8321,1,1,1,0
8322,2,1,1,0
8323,10,1,1,0
8324,4,1,1,0
8325,3,1,1,0
8326,1,1,1,0
8327,3,1,1,0
8328,2,1,1,0
8329,1,1,1,0
8330,2,1,1,0
8331,5,1,1,0
8332,1,1,1,0
8333,6,1,1,0
8334,4,1,1,0
8335,6,1,1,0
8336,1,1,1,0
8337,4,1,1,0
8338,11,1,1,0
8339,6,1,1,0
8340,3,1,1,0
8341,6,1,1,0
8342,3,1,1,0
8343,1,1,1,0
8344,3,1,1,0
8345,7,1,1,0
8346,5,1,1,0
8347,1,1,1,0
8348,1,1,1,0
8349,3,1,1,0
8350,2,1,1,0
8351,1,1,1,0
8352,2,1,1,0
8353,2,1,1,0
8354,3,1,1,0
8355,1,1,1,0
8356,3,1,1,0
8357,4,1,1,0
8358,7,1,1,0
8359,1,1,1,0
8360,5,1,1,0
8361,4,1,1,0
8362,1,1,1,0
8363,4,1,1,0
8364,2,1,1,0
8365,3,1,1,0
8366,6,1,1,0
8367,3,1,1,0
8368,3,1,1,0
8369,1,1,1,0
8370,6,1,1,0
8371,10,1,1,0
8372,3,1,1,0
8373,3,1,1,0
8374,9,1,1,0
8375,1,1,1,0
8376,8,1,1,0
8377,3,1,1,0
8378,1,1,1,0
8379,10,1,1,0
8380,1,1,1,0
8381,6,1,1,0
8382,4,1,1,0
8383,4,1,1,0
8384,3,1,1,0
8385,3,1,1,0
8386,2,1,1,0
8387,8,1,1,0
8388,3,1,1,0
8389,5,1,1,0
8390,1,1,1,0
8391,13,1,1,0
8392,1,1,1,0
8393,3,1,1,0
8394,7,1,1,0
8395,10,1,1,0
8396,1,1,1,0
8397,3,1,1,0
8398,1,1,1,0
8399,3,1,1,0
8400,1,1,1,0
8401,9,1,1,0
8402,4,1,1,0
8403,5,1,1,0
8404,1,1,1,0
8405,3,1,1,0
8406,1,1,1,0
8407,7,1,1,0
8408,1,1,1,0
8409,2,1,1,0
8410,2,1,1,0
8411,1,1,1,0
8412,8,1,1,0
8413,3,1,1,0
8414,4,1,1,0
8415,1,1,1,0
8416,5,1,1,0
8417,5,1,1,0
8418,3,1,1,0
8419,9,1,1,0
8420,4,1,1,0
8421,2,1,1,0
8422,4,1,1,0
8423,2,1,1,0
8424,3,1,1,0
8425,3,1,1,0
8426,2,1,1,0
8427,3,1,1,0
8428,9,1,1,0
8429,1,1,1,0
8430,2,1,1,0
8431,3,1,1,0
8432,3,1,1,0
8433,4,1,1,0
8434,8,1,1,0
8435,5,1,1,0
8436,6,1,1,0
8437,3,1,1,0
8438,1,1,1,0
8439,1,1,1,0
8440,4,1,1,0
8441,17,1,1,0
8442,2,1,1,0
8443,5,1,1,0
8444,4,1,1,0
8445,5,1,1,0
8446,2,1,1,0
8447,1,1,1,0
8448,1,1,1,0
8449,2,1,1,0
8450,1,1,1,0
8451,2,1,1,0
8452,8,1,1,0
8453,5,1,1,0
8454,2,1,1,0
8455,7,1,1,0
8456,1,1,1,0
8457,5,1,1,0
8458,3,1,1,0
8459,4,1,1,0
8460,3,1,1,0
8461,3,1,1,0
8462,1,1,1,0
8463,2,1,1,0
8464,1,1,1,0
8465,2,1,1,0
8466,2,1,1,0
8467,1,1,1,0
8468,7,1,1,0
8469,1,1,1,0
8470,1,1,1,0
8471,7,1,1,0
8472,7,1,1,0
8473,3,1,1,0
8474,1,1,1,0
8475,2,1,1,0
8476,2,1,1,0
8477,3,1,1,0
8478,2,1,1,0
8479,10,1,1,0
8480,7,1,1,0
8481,1,1,1,0
8482,1,1,1,0
8483,1,1,1,0
8484,4,1,1,0
8485,6,1,1,0
8486,3,1,1,0
8487,2,1,1,0
8488,5,1,1,0
8489,3,1,1,0
8490,6,1,1,0
8491,3,1,1,0
8492,3,1,1,0
8493,1,1,1,0
8494,1,1,1,0
8495,2,1,1,0
8496,4,1,1,0
8497,4,1,1,0
8498,3,1,1,0
8499,3,1,1,0
8500,1,1,1,0
8501,5,1,1,0
8502,6,1,1,0
8503,6,1,1,0
8504,4,1,1,0
8505,3,1,1,0
8506,2,1,1,0
8507,1,1,1,0
8508,9,1,1,0
8509,6,1,1,0
8510,2,1,1,0
8511,2,1,1,0
8512,5,1,1,0
8513,5,1,1,0
8514,7,1,1,0
8515,5,1,1,0
8516,1,1,1,0
8517,1,1,1,0
8518,3,1,1,0
8519,1,1,1,0
8520,4,1,1,0
8521,4,1,1,0
8522,6,1,1,0
8523,2,1,1,0
8524,5,1,1,0
8525,3,1,1,0
8526,4,1,1,0
8527,3,1,1,0
8528,3,1,1,0
8529,2,1,1,0
8530,3,1,1,0
8531,3,1,1,0
8532,3,1,1,0
8533,2,1,1,0
8534,2,1,1,0
8535,1,1,1,0
8536,17,1,1,0
8537,2,1,1,0
8538,5,1,1,0
8539,3,1,1,0
8540,3,1,1,0
8541,2,1,1,0
8542,1,1,1,0
8543,2,1,1,0
8544,12,1,1,0
8545,1,1,1,0
8546,8,1,1,0
8547,1,1,1,0
8548,1,1,1,0
8549,8,1,1,0
8550,2,1,1,0
8551,3,1,1,0
8552,3,1,1,0
8553,11,1,1,0
8554,5,1,1,0
8555,1,1,1,0
8556,1,1,1,0
8557,2,1,1,0
8558,1,1,1,0
8559,3,1,1,0
8560,1,1,1,0
8561,3,1,1,0
8562,3,1,1,0
8563,1,1,1,0
8564,12,1,1,0
8565,1,1,1,0
8566,6,1,1,0
8567,18,1,1,0
8568,9,1,1,0
8569,1,1,1,0
8570,3,1,1,0
8571,9,1,1,0
8572,1,1,1,0
8573,6,1,1,0
8574,5,1,1,0
8575,2,1,1,0
8576,9,1,1,0
8577,8,1,1,0
8578,2,1,1,0
8579,2,1,1,0
8580,1,1,1,0
8581,3,1,1,0
8582,3,1,1,0
8583,5,1,1,0
8584,1,1,1,0
8585,3,1,1,0
8586,3,1,1,0
8587,4,1,1,0
8588,1,1,1,0
8589,4,1,1,0
8590,11,1,1,0
8591,1,1,1,0
8592,4,1,1,0
8593,2,1,1,0
8594,4,1,1,0
8595,2,1,1,0
8596,1,1,1,0
8597,2,1,1,0
8598,2,1,1,0
8599,3,1,1,0
8600,3,1,1,0
8601,3,1,1,0
8602,1,1,1,0
8603,2,1,1,0
8604,3,1,1,0
8605,1,1,1,0
8606,8,1,1,0
8607,3,1,1,0
8608,1,1,1,0
8609,1,1,1,0
8610,1,1,1,0
8611,1,1,1,0
8612,2,1,1,0
8613,2,1,1,0
8614,2,1,1,0
8615,2,1,1,0
8616,4,1,1,0
8617,1,1,1,0
8618,5,1,1,0
8619,1,1,1,0
8620,9,1,1,0
8621,3,1,1,0
8622,1,1,1,0
8623,2,1,1,0
8624,1,1,1,0
8625,3,1,1,0
8626,2,1,1,0
8627,3,1,1,0
8628,1,1,1,0
8629,2,1,1,0
8630,2,1,1,0
8631,3,1,1,0
8632,5,1,1,0
8633,1,1,1,0
8634,2,1,1,0
8635,6,1,1,0
8636,5,1,1,0
8637,2,1,1,0
8638,2,1,1,0
8639,7,1,1,0
8640,1,1,1,0
8641,3,1,1,0
8642,3,1,1,0
8643,3,1,1,0
8644,2,1,1,0
8645,1,1,1,0
8646,4,1,1,0
8647,5,1,1,0
8648,1,1,1,0
8649,3,1,1,0
8650,3,1,1,0
8651,2,1,1,0
8652,4,1,1,0
8653,1,1,1,0
8654,3,1,1,0
8655,1,1,1,0
8656,4,1,1,0
8657,6,1,1,0
8658,4,1,1,0
8659,5,1,1,0
8660,3,1,1,0
8661,6,1,1,0
8662,1,1,1,0
8663,3,1,1,0
8664,9,1,1,0
8665,2,1,1,0
8666,3,1,1,0
8667,1,1,1,0
8668,6,1,1,0
8669,1,1,1,0
8670,5,1,1,0
8671,5,1,1,0
8672,2,1,1,0
8673,4,1,1,0
8674,5,1,1,0
8675,1,1,1,0
8676,6,1,1,0
8677,1,1,1,0
8678,4,1,1,0
8679,3,1,1,0
8680,1,1,1,0
8681,9,1,1,0
8682,4,1,1,0
8683,1,1,1,0
8684,5,1,1,0
8685,6,1,1,0
8686,1,1,1,0
8687,4,1,1,0
8688,2,1,1,0
8689,7,1,1,0
8690,1,1,1,0
8691,6,1,1,0
8692,1,1,1,0
8693,1,1,1,0
8694,1,1,1,0
8695,2,1,1,0
8696,6,1,1,0
8697,2,1,1,0
8698,1,1,1,0
8699,4,1,1,0
8700,1,1,1,0
8701,1,1,1,0
8702,4,1,1,0
8703,4,1,1,0
8704,7,1,1,0
8705,2,1,1,0
8706,3,1,1,0
8707,1,1,1,0
8708,1,1,1,0
8709,1,1,1,0
8710,7,1,1,0
8711,2,1,1,0
8712,11,1,1,0
8713,1,1,1,0
8714,3,1,1,0
8715,1,1,1,0
8716,2,1,1,0
8717,2,1,1,0
8718,17,1,1,0
8719,3,1,1,0
8720,3,1,1,0
8721,3,1,1,0
8722,2,1,1,0
8723,8,1,1,0
8724,6,1,1,0
8725,1,1,1,0
8726,2,1,1,0
8727,4,1,1,0
8728,6,1,1,0
8729,2,1,1,0
8730,2,1,1,0
8731,9,1,1,0
8732,4,1,1,0
8733,6,1,1,0
8734,5,1,1,0
8735,2,1,1,0
8736,3,1,1,0
8737,1,1,1,0
8738,3,1,1,0
8739,1,1,1,0
8740,5,1,1,0
8741,2,1,1,0
8742,3,1,1,0
8743,3,1,1,0
8744,1,1,1,0
8745,6,1,1,0
8746,1,1,1,0
8747,6,1,1,0
8748,1,1,1,0
8749,12,1,1,0
8750,2,1,1,0
8751,5,1,1,0
8752,3,1,1,0
8753,4,1,1,0
8754,7,1,1,0
8755,4,1,1,0
8756,4,1,1,0
8757,2,1,1,0
8758,1,1,1,0
8759,4,1,1,0
8760,6,1,1,0
8761,2,1,1,0
8762,2,1,1,0
8763,3,1,1,0
8764,5,1,1,0
8765,4,1,1,0
8766,3,1,1,0
8767,6,1,1,0
8768,1,1,1,0
8769,3,1,1,0
8770,9,1,1,0
8771,2,1,1,0
8772,3,1,1,0
8773,1,1,1,0
8774,1,1,1,0
8775,2,1,1,0
8776,7,1,1,0
8777,3,1,1,0
8778,3,1,1,0
8779,2,1,1,0
8780,6,1,1,0
8781,8,1,1,0
8782,2,1,1,0
8783,3,1,1,0
8784,2,1,1,0
8785,2,1,1,0
8786,3,1,1,0
8787,9,1,1,0
8788,1,1,1,0
8789,1,1,1,0
8790,3,1,1,0
8791,4,1,1,0
8792,3,1,1,0
8793,1,1,1,0
8794,5,1,1,0
8795,8,1,1,0
8796,1,1,1,0
8797,10,1,1,0
8798,2,1,1,0
8799,2,1,1,0
8800,1,1,1,0
8801,2,1,1,0
8802,2,1,1,0
8803,1,1,1,0
8804,10,1,1,0
8805,1,1,1,0
8806,4,1,1,0
8807,3,1,1,0
8808,2,1,1,0
8809,7,1,1,0
8810,2,1,1,0
8811,4,1,1,0
8812,5,1,1,0
8813,1,1,1,0
8814,3,1,1,0
8815,6,1,1,0
8816,1,1,1,0
8817,3,1,1,0
8818,3,1,1,0
8819,3,1,1,0
8820,8,1,1,0
8821,1,1,1,0
8822,5,1,1,0
8823,1,1,1,0
8824,3,1,1,0
8825,4,1,1,0
8826,1,1,1,0
8827,7,1,1,0
8828,4,1,1,0
8829,7,1,1,0
8830,3,1,1,0
8831,5,1,1,0
8832,8,1,1,0
8833,2,1,1,0
8834,2,1,1,0
8835,4,1,1,0
8836,2,1,1,0
8837,1,1,1,0
8838,3,1,1,0
8839,7,1,1,0
8840,2,1,1,0
8841,4,1,1,0
8842,1,1,1,0
8843,1,1,1,0
8844,5,1,1,0
8845,6,1,1,0
8846,1,1,1,0
8847,1,1,1,0
8848,4,1,1,0
8849,3,1,1,0
8850,1,1,1,0
8851,5,1,1,0
8852,7,1,1,0
8853,3,1,1,0
8854,1,1,1,0
8855,2,1,1,0
8856,1,1,1,0
8857,3,1,1,0
8858,3,1,1,0
8859,2,1,1,0
8860,1,1,1,0
8861,2,1,1,0
8862,2,1,1,0
8863,2,1,1,0
8864,7,1,1,0
8865,4,1,1,0
8866,2,1,1,0
8867,4,1,1,0
8868,6,1,1,0
8869,5,1,1,0
8870,2,1,1,0
8871,2,1,1,0
8872,2,1,1,0
8873,5,1,1,0
8874,1,1,1,0
8875,4,1,1,0
8876,3,1,1,0
8877,1,1,1,0
8878,6,1,1,0
8879,1,1,1,0
8880,8,1,1,0
8881,6,1,1,0
8882,5,1,1,0
8883,9,1,1,0
8884,4,1,1,0
8885,4,1,1,0
8886,4,1,1,0
8887,3,1,1,0
8888,3,1,1,0
8889,2,1,1,0
8890,4,1,1,0
8891,4,1,1,0
8892,6,1,1,0
8893,4,1,1,0
8894,1,1,1,0
8895,6,1,1,0
8896,5,1,1,0
8897,6,1,1,0
8898,8,1,1,0
8899,2,1,1,0
8900,2,1,1,0
8901,5,1,1,0
8902,12,1,1,0
8903,4,1,1,0
8904,2,1,1,0
8905,4,1,1,0
8906,1,1,1,0
8907,3,1,1,0
8908,1,1,1,0
8909,4,1,1,0
8910,2,1,1,0
8911,6,1,1,0
8912,3,1,1,0
8913,5,1,1,0
8914,10,1,1,0
8915,2,1,1,0
8916,1,1,1,0
8917,2,1,1,0
8918,1,1,1,0
8919,1,1,1,0
8920,4,1,1,0
8921,4,1,1,0
8922,4,1,1,0
8923,1,1,1,0
8924,6,1,1,0
8925,9,1,1,0
8926,1,1,1,0
8927,1,1,1,0
8928,1,1,1,0
8929,5,1,1,0
8930,8,1,1,0
8931,8,1,1,0
8932,1,1,1,0
8933,1,1,1,0
8934,3,1,1,0
8935,6,1,1,0
8936,2,1,1,0
8937,1,1,1,0
8938,4,1,1,0
8939,1,1,1,0
8940,3,1,1,0
8941,1,1,1,0
8942,4,1,1,0
8943,9,1,1,0
8944,3,1,1,0
8945,5,1,1,0
8946,2,1,1,0
8947,3,1,1,0
8948,4,1,1,0
8949,2,1,1,0
8950,3,1,1,0
8951,1,1,1,0
8952,1,1,1,0
8953,2,1,1,0
8954,2,1,1,0
8955,2,1,1,0
8956,3,1,1,0
8957,5,1,1,0
8958,2,1,1,0
8959,2,1,1,0
8960,1,1,1,0
8961,7,1,1,0
8962,1,1,1,0
8963,5,1,1,0
8964,2,1,1,0
8965,4,1,1,0
8966,4,1,1,0
8967,1,1,1,0
8968,3,1,1,0
8969,1,1,1,0
8970,2,1,1,0
8971,3,1,1,0
8972,8,1,1,0
8973,4,1,1,0
8974,3,1,1,0
8975,4,1,1,0
8976,1,1,1,0
8977,4,1,1,0
8978,2,1,1,0
8979,2,1,1,0
8980,4,1,1,0
8981,3,1,1,0
8982,2,1,1,0
8983,1,1,1,0
8984,1,1,1,0
8985,3,1,1,0
8986,10,1,1,0
8987,2,1,1,0
8988,1,1,1,0
8989,2,1,1,0
8990,1,1,1,0
8991,6,1,1,0
8992,6,1,1,0
8993,3,1,1,0
8994,5,1,1,0
8995,3,1,1,0
8996,4,1,1,0
8997,3,1,1,0
8998,3,1,1,0
8999,1,1,1,0
9000,2,1,1,0
9001,1,1,1,0
9002,2,1,1,0
9003,2,1,1,0
9004,13,1,1,0
9005,6,1,1,0
9006,1,1,1,0
9007,1,1,1,0
9008,6,1,1,0
9009,2,1,1,0
9010,2,1,1,0
9011,1,1,1,0
9012,1,1,1,0
9013,1,1,1,0
9014,2,1,1,0
9015,4,1,1,0
9016,3,1,1,0
9017,2,1,1,0
9018,2,1,1,0
9019,5,1,1,0
9020,1,1,1,0
9021,7,1,1,0
9022,9,1,1,0
9023,2,1,1,0
9024,1,1,1,0
9025,1,1,1,0
9026,1,1,1,0
9027,6,1,1,0
9028,1,1,1,0
9029,3,1,1,0
9030,2,1,1,0
9031,5,1,1,0
9032,7,1,1,0
9033,1,1,1,0
9034,3,1,1,0
9035,3,1,1,0
9036,2,1,1,0
9037,4,1,1,0
9038,2,1,1,0
9039,1,1,1,0
9040,7,1,1,0
9041,7,1,1,0
9042,1,1,1,0
9043,1,1,1,0
9044,2,1,1,0
9045,3,1,1,0
9046,3,1,1,0
9047,2,1,1,0
9048,4,1,1,0
9049,1,1,1,0
9050,1,1,1,0
9051,2,1,1,0
9052,1,1,1,0
9053,6,1,1,0
9054,7,1,1,0
9055,1,1,1,0
9056,2,1,1,0
9057,5,1,1,0
9058,13,1,1,0
9059,3,1,1,0
9060,1,1,1,0
9061,5,1,1,0
9062,8,1,1,0
9063,1,1,1,0
9064,2,1,1,0
9065,9,1,1,0
9066,2,1,1,0
9067,7,1,1,0
9068,1,1,1,0
9069,5,1,1,0
9070,5,1,1,0
9071,1,1,1,0
9072,4,1,1,0
9073,1,1,1,0
9074,4,1,1,0
9075,3,1,1,0
9076,4,1,1,0
9077,3,1,1,0
9078,3,1,1,0
9079,4,1,1,0
9080,2,1,1,0
9081,4,1,1,0
9082,4,1,1,0
9083,11,1,1,0
9084,2,1,1,0
9085,1,1,1,0
9086,5,1,1,0
9087,4,1,1,0
9088,1,1,1,0
9089,3,1,1,0
9090,3,1,1,0
9091,2,1,1,0
9092,1,1,1,0
9093,3,1,1,0
9094,1,1,1,0
9095,1,1,1,0
9096,4,1,1,0
9097,4,1,1,0
9098,1,1,1,0
9099,4,1,1,0
9100,2,1,1,0
9101,10,1,1,0
9102,1,1,1,0
9103,5,1,1,0
9104,8,1,1,0
9105,5,1,1,0
9106,6,1,1,0
9107,6,1,1,0
9108,5,1,1,0
9109,4,1,1,0
9110,1,1,1,0
9111,3,1,1,0
9112,2,1,1,0
9113,10,1,1,0
9114,2,1,1,0
9115,3,1,1,0
9116,11,1,1,0
9117,2,1,1,0
9118,1,1,1,0
9119,1,1,1,0
9120,4,1,1,0
9121,3,1,1,0
9122,3,1,1,0
9123,9,1,1,0
9124,1,1,1,0
9125,1,1,1,0
9126,4,1,1,0
9127,6,1,1,0
9128,4,1,1,0
9129,2,1,1,0
9130,1,1,1,0
9131,3,1,1,0
9132,4,1,1,0
9133,3,1,1,0
9134,3,1,1,0
9135,1,1,1,0
9136,2,1,1,0
9137,2,1,1,0
9138,1,1,1,0
9139,7,1,1,0
9140,4,1,1,0
9141,2,1,1,0
9142,1,1,1,0
9143,7,1,1,0
9144,11,1,1,0
9145,1,1,1,0
9146,1,1,1,0
9147,3,1,1,0
9148,3,1,1,0
9149,3,1,1,0
9150,2,1,1,0
9151,1,1,1,0
9152,1,1,1,0
9153,1,1,1,0
9154,1,1,1,0
9155,9,1,1,0
9156,1,1,1,0
9157,4,1,1,0
9158,1,1,1,0
9159,4,1,1,0
9160,10,1,1,0
9161,3,1,1,0
9162,3,1,1,0
9163,1,1,1,0
9164,8,1,1,0
9165,2,1,1,0
9166,2,1,1,0
9167,10,1,1,0
9168,1,1,1,0
9169,1,1,1,0
9170,3,1,1,0
9171,3,1,1,0
9172,5,1,1,0
9173,10,1,1,0
9174,3,1,1,0
9175,5,1,1,0
9176,7,1,1,0
9177,4,1,1,0
9178,1,1,1,0
9179,6,1,1,0
9180,1,1,1,0
9181,6,1,1,0
9182,7,1,1,0
9183,7,1,1,0
9184,5,1,1,0
9185,1,1,1,0
9186,3,1,1,0
9187,1,1,1,0
9188,1,1,1,0
9189,5,1,1,0
9190,2,1,1,0
9191,3,1,1,0
9192,1,1,1,0
9193,6,1,1,0
9194,2,1,1,0
9195,3,1,1,0
9196,2,1,1,0
9197,2,1,1,0
9198,6,1,1,0
9199,5,1,1,0
9200,3,1,1,0
9201,1,1,1,0
9202,3,1,1,0
9203,1,1,1,0
9204,7,1,1,0
9205,6,1,1,0
9206,1,1,1,0
9207,2,1,1,0
9208,10,1,1,0
9209,1,1,1,0
9210,1,1,1,0
9211,1,1,1,0
9212,9,1,1,0
9213,9,1,1,0
9214,3,1,1,0
9215,3,1,1,0
9216,3,1,1,0
9217,1,1,1,0
9218,2,1,1,0
9219,7,1,1,0
9220,4,1,1,0
9221,4,1,1,0
9222,2,1,1,0
9223,1,1,1,0
9224,1,1,1,0
9225,4,1,1,0
9226,3,1,1,0
9227,9,1,1,0
9228,2,1,1,0
9229,3,1,1,0
9230,5,1,1,0
9231,2,1,1,0
9232,2,1,1,0
9233,2,1,1,0
9234,3,1,1,0
9235,3,1,1,0
9236,6,1,1,0
9237,1,1,1,0
9238,4,1,1,0
9239,3,1,1,0
9240,9,1,1,0
9241,6,1,1,0
9242,9,1,1,0
9243,1,1,1,0
9244,2,1,1,0
9245,2,1,1,0
9246,4,1,1,0
9247,5,1,1,0
9248,4,1,1,0
9249,4,1,1,0
9250,4,1,1,0
9251,1,1,1,0
9252,7,1,1,0
9253,1,1,1,0
9254,1,1,1,0
9255,5,1,1,0
9256,2,1,1,0
9257,6,1,1,0
9258,4,1,1,0
9259,3,1,1,0
9260,6,1,1,0
9261,6,1,1,0
9262,4,1,1,0
9263,9,1,1,0
9264,2,1,1,0
9265,3,1,1,0
9266,1,1,1,0
9267,2,1,1,0
9268,3,1,1,0
9269,2,1,1,0
9270,3,1,1,0
9271,4,1,1,0
9272,3,1,1,0
9273,4,1,1,0
9274,1,1,1,0
9275,3,1,1,0
9276,5,1,1,0
9277,2,1,1,0
9278,2,1,1,0
9279,2,1,1,0
9280,3,1,1,0
9281,5,1,1,0
9282,3,1,1,0
9283,2,1,1,0
9284,6,1,1,0
9285,2,1,1,0
9286,1,1,1,0
9287,7,1,1,0
9288,5,1,1,0
9289,2,1,1,0
9290,2,1,1,0
9291,1,1,1,0
9292,3,1,1,0
9293,1,1,1,0
9294,4,1,1,0
9295,5,1,1,0
9296,2,1,1,0
9297,7,1,1,0
9298,3,1,1,0
9299,3,1,1,0
9300,1,1,1,0
9301,1,1,1,0
9302,3,1,1,0
9303,3,1,1,0
9304,1,1,1,0
9305,1,1,1,0
9306,1,1,1,0
9307,2,1,1,0
9308,3,1,1,0
9309,4,1,1,0
9310,4,1,1,0
9311,5,1,1,0
9312,7,1,1,0
9313,5,1,1,0
9314,1,1,1,0
9315,3,1,1,0
9316,2,1,1,0
9317,1,1,1,0
9318,4,1,1,0
9319,4,1,1,0
9320,1,1,1,0
9321,6,1,1,0
9322,1,1,1,0
9323,2,1,1,0
9324,1,1,1,0
9325,8,1,1,0
9326,1,1,1,0
9327,2,1,1,0
9328,3,1,1,0
9329,3,1,1,0
9330,4,1,1,0
9331,1,1,1,0
9332,5,1,1,0
9333,2,1,1,0
9334,1,1,1,0
9335,1,1,1,0
9336,1,1,1,0
9337,1,1,1,0
9338,1,1,1,0
9339,5,1,1,0
9340,1,1,1,0
9341,5,1,1,0
9342,1,1,1,0
9343,1,1,1,0
9344,4,1,1,0
9345,1,1,1,0
9346,3,1,1,0
9347,3,1,1,0
9348,1,1,1,0
9349,6,1,1,0
9350,1,1,1,0
9351,4,1,1,0
9352,1,1,1,0
9353,3,1,1,0
9354,2,1,1,0
9355,4,1,1,0
9356,7,1,1,0
9357,9,1,1,0
9358,2,1,1,0
9359,2,1,1,0
9360,1,1,1,0
9361,17,1,1,0
9362,4,1,1,0
9363,1,1,1,0
9364,5,1,1,0
9365,1,1,1,0
9366,5,1,1,0
9367,1,1,1,0
9368,3,1,1,0
9369,3,1,1,0
9370,2,1,1,0
9371,4,1,1,0
9372,2,1,1,0
9373,4,1,1,0
9374,1,1,1,0
9375,2,1,1,0
9376,4,1,1,0
9377,2,1,1,0
9378,3,1,1,0
9379,1,1,1,0
9380,1,1,1,0
9381,1,1,1,0
9382,7,1,1,0
9383,1,1,1,0
9384,3,1,1,0
9385,10,1,1,0
9386,2,1,1,0
9387,1,1,1,0
9388,3,1,1,0
9389,5,1,1,0
9390,5,1,1,0
9391,1,1,1,0
9392,1,1,1,0
9393,2,1,1,0
9394,5,1,1,0
9395,2,1,1,0
9396,1,1,1,0
9397,1,1,1,0
9398,4,1,1,0
9399,2,1,1,0
9400,7,1,1,0
9401,1,1,1,0
9402,2,1,1,0
9403,3,1,1,0
9404,1,1,1,0
9405,1,1,1,0
9406,2,1,1,0
9407,2,1,1,0
9408,6,1,1,0
9409,4,1,1,0
9410,1,1,1,0
9411,3,1,1,0
9412,3,1,1,0
9413,4,1,1,0
9414,5,1,1,0
9415,1,1,1,0
9416,2,1,1,0
9417,4,1,1,0
9418,5,1,1,0
9419,1,1,1,0
9420,3,1,1,0
9421,1,1,1,0
9422,2,1,1,0
9423,1,1,1,0
9424,1,1,1,0
9425,1,1,1,0
9426,3,1,1,0
9427,4,1,1,0
9428,2,1,1,0
9429,4,1,1,0
9430,5,1,1,0
9431,1,1,1,0
9432,2,1,1,0
9433,5,1,1,0
9434,10,1,1,0
9435,6,1,1,0
9436,8,1,1,0
9437,10,1,1,0
9438,5,1,1,0
9439,4,1,1,0
9440,2,1,1,0
9441,4,1,1,0
9442,9,1,1,0
9443,3,1,1,0
9444,2,1,1,0
9445,2,1,1,0
9446,3,1,1,0
9447,7,1,1,0
9448,5,1,1,0
9449,14,1,1,0
9450,2,1,1,0
9451,12,1,1,0
9452,1,1,1,0
9453,4,1,1,0
9454,10,1,1,0
9455,2,1,1,0
9456,4,1,1,0
9457,3,1,1,0
9458,3,1,1,0
9459,7,1,1,0
9460,3,1,1,0
9461,1,1,1,0
9462,1,1,1,0
9463,1,1,1,0
9464,5,1,1,0
9465,3,1,1,0
9466,5,1,1,0
9467,3,1,1,0
9468,1,1,1,0
9469,1,1,1,0
9470,4,1,1,0
9471,5,1,1,0
9472,9,1,1,0
9473,5,1,1,0
9474,1,1,1,0
9475,2,1,1,0
9476,2,1,1,0
9477,3,1,1,0
9478,8,1,1,0
9479,4,1,1,0
9480,5,1,1,0
9481,3,1,1,0
9482,2,1,1,0
9483,3,1,1,0
9484,7,1,1,0
9485,3,1,1,0
9486,3,1,1,0
9487,7,1,1,0
9488,5,1,1,0
9489,4,1,1,0
9490,2,1,1,0
9491,9,1,1,0
9492,1,1,1,0
9493,3,1,1,0
9494,4,1,1,0
9495,1,1,1,0
9496,3,1,1,0
9497,2,1,1,0
9498,3,1,1,0
9499,1,1,1,0
9500,10,1,1,0
9501,1,1,1,0
9502,7,1,1,0
9503,2,1,1,0
9504,4,1,1,0
9505,6,1,1,0
9506,12,1,1,0
9507,1,1,1,0
9508,1,1,1,0
9509,5,1,1,0
9510,5,1,1,0
9511,2,1,1,0
9512,1,1,1,0
9513,1,1,1,0
9514,2,1,1,0
9515,1,1,1,0
9516,2,1,1,0
9517,2,1,1,0
9518,1,1,1,0
9519,4,1,1,0
9520,4,1,1,0
9521,2,1,1,0
9522,4,1,1,0
9523,3,1,1,0
9524,4,1,1,0
9525,8,1,1,0
9526,4,1,1,0
9527,4,1,1,0
9528,4,1,1,0
9529,6,1,1,0
9530,1,1,1,0
9531,6,1,1,0
9532,4,1,1,0
9533,5,1,1,0
9534,10,1,1,0
9535,2,1,1,0
9536,3,1,1,0
9537,2,1,1,0
9538,6,1,1,0
9539,8,1,1,0
9540,2,1,1,0
9541,2,1,1,0
9542,2,1,1,0
9543,4,1,1,0
9544,5,1,1,0
9545,1,1,1,0
9546,9,1,1,0
9547,8,1,1,0
9548,2,1,1,0
9549,1,1,1,0
9550,7,1,1,0
9551,1,1,1,0
9552,6,1,1,0
9553,6,1,1,0
9554,1,1,1,0
9555,3,1,1,0
9556,2,1,1,0
9557,1,1,1,0
9558,6,1,1,0
9559,2,1,1,0
9560,4,1,1,0
9561,2,1,1,0
9562,2,1,1,0
9563,4,1,1,0
9564,7,1,1,0
9565,7,1,1,0
9566,1,1,1,0
9567,3,1,1,0
9568,4,1,1,0
9569,6,1,1,0
9570,17,1,1,0
9571,1,1,1,0
9572,1,1,1,0
9573,1,1,1,0
9574,5,1,1,0
9575,3,1,1,0
9576,4,1,1,0
9577,9,1,1,0
9578,1,1,1,0
9579,1,1,1,0
9580,7,1,1,0
9581,7,1,1,0
9582,2,1,1,0
9583,1,1,1,0
9584,2,1,1,0
9585,9,1,1,0
9586,5,1,1,0
9587,2,1,1,0
9588,4,1,1,0
9589,2,1,1,0
9590,2,1,1,0
9591,3,1,1,0
9592,1,1,1,0
9593,1,1,1,0
9594,8,1,1,0
9595,4,1,1,0
9596,3,1,1,0
9597,2,1,1,0
9598,5,1,1,0
9599,2,1,1,0
9600,2,1,1,0
9601,2,1,1,0
9602,3,1,1,0
9603,8,1,1,0
9604,4,1,1,0
9605,4,1,1,0
9606,1,1,1,0
9607,4,1,1,0
9608,1,1,1,0
9609,4,1,1,0
9610,1,1,1,0
9611,5,1,1,0
9612,11,1,1,0
9613,1,1,1,0
9614,1,1,1,0
9615,1,1,1,0
9616,2,1,1,0
9617,8,1,1,0
9618,3,1,1,0
9619,1,1,1,0
9620,1,1,1,0
9621,4,1,1,0
9622,1,1,1,0
9623,6,1,1,0
9624,2,1,1,0
9625,1,1,1,0
9626,1,1,1,0
9627,5,1,1,0
9628,4,1,1,0
9629,3,1,1,0
9630,10,1,1,0
9631,2,1,1,0
9632,1,1,1,0
9633,1,1,1,0
9634,4,1,1,0
9635,1,1,1,0
9636,7,1,1,0
9637,1,1,1,0
9638,10,1,1,0
9639,2,1,1,0
9640,1,1,1,0
9641,1,1,1,0
9642,3,1,1,0
9643,3,1,1,0
9644,1,1,1,0
9645,5,1,1,0
9646,1,1,1,0
9647,5,1,1,0
9648,1,1,1,0
9649,4,1,1,0
9650,3,1,1,0
9651,1,1,1,0
9652,2,1,1,0
9653,3,1,1,0
9654,3,1,1,0
9655,5,1,1,0
9656,5,1,1,0
9657,5,1,1,0
9658,7,1,1,0
9659,3,1,1,0
9660,1,1,1,0
9661,1,1,1,0
9662,3,1,1,0
9663,5,1,1,0
9664,4,1,1,0
9665,4,1,1,0
9666,1,1,1,0
9667,7,1,1,0
9668,3,1,1,0
9669,3,1,1,0
9670,3,1,1,0
9671,5,1,1,0
9672,3,1,1,0
9673,13,1,1,0
9674,6,1,1,0
9675,2,1,1,0
9676,3,1,1,0
9677,1,1,1,0
9678,2,1,1,0
9679,2,1,1,0
9680,5,1,1,0
9681,6,1,1,0
9682,1,1,1,0
9683,2,1,1,0
9684,2,1,1,0
9685,7,1,1,0
9686,4,1,1,0
9687,1,1,1,0
9688,4,1,1,0
9689,2,1,1,0
9690,4,1,1,0
9691,8,1,1,0
9692,3,1,1,0
9693,2,1,1,0
9694,1,1,1,0
9695,10,1,1,0
9696,3,1,1,0
9697,7,1,1,0
9698,3,1,1,0
9699,4,1,1,0
9700,3,1,1,0
9701,8,1,1,0
9702,3,1,1,0
9703,2,1,1,0
9704,9,1,1,0
9705,1,1,1,0
9706,8,1,1,0
9707,4,1,1,0
9708,3,1,1,0
9709,1,1,1,0
9710,1,1,1,0
9711,2,1,1,0
9712,5,1,1,0
9713,2,1,1,0
9714,3,1,1,0
9715,1,1,1,0
9716,1,1,1,0
9717,7,1,1,0
9718,1,1,1,0
9719,2,1,1,0
9720,1,1,1,0
9721,7,1,1,0
9722,2,1,1,0
9723,3,1,1,0
9724,2,1,1,0
9725,2,1,1,0
9726,9,1,1,0
9727,2,1,1,0
9728,5,1,1,0
9729,1,1,1,0
9730,2,1,1,0
9731,1,1,1,0
9732,5,1,1,0
9733,3,1,1,0
9734,3,1,1,0
9735,3,1,1,0
9736,6,1,1,0
9737,4,1,1,0
9738,6,1,1,0
9739,5,1,1,0
9740,1,1,1,0
9741,2,1,1,0
9742,2,1,1,0
9743,3,1,1,0
9744,1,1,1,0
9745,3,1,1,0
9746,2,1,1,0
9747,1,1,1,0
9748,1,1,1,0
9749,2,1,1,0
9750,1,1,1,0
9751,4,1,1,0
9752,4,1,1,0
9753,6,1,1,0
9754,2,1,1,0
9755,2,1,1,0
9756,6,1,1,0
9757,6,1,1,0
9758,16,1,1,0
9759,3,1,1,0
9760,5,1,1,0
9761,1,1,1,0
9762,6,1,1,0
9763,6,1,1,0
9764,3,1,1,0
9765,4,1,1,0
9766,4,1,1,0
9767,3,1,1,0
9768,1,1,1,0
9769,8,1,1,0
9770,1,1,1,0
9771,8,1,1,0
9772,4,1,1,0
9773,3,1,1,0
9774,1,1,1,0
9775,7,1,1,0
9776,4,1,1,0
9777,2,1,1,0
9778,2,1,1,0
9779,1,1,1,0
9780,4,1,1,0
9781,8,1,1,0
9782,4,1,1,0
9783,5,1,1,0
9784,6,1,1,0
9785,1,1,1,0
9786,4,1,1,0
9787,3,1,1,0
9788,2,1,1,0
9789,2,1,1,0
9790,11,1,1,0
9791,1,1,1,0
9792,5,1,1,0
9793,2,1,1,0
9794,4,1,1,0
9795,5,1,1,0
9796,2,1,1,0
9797,1,1,1,0
9798,2,1,1,0
9799,1,1,1,0
9800,2,1,1,0
9801,8,1,1,0
9802,7,1,1,0
9803,2,1,1,0
9804,9,1,1,0
9805,10,1,1,0
9806,3,1,1,0
9807,1,1,1,0
9808,4,1,1,0
9809,1,1,1,0
9810,2,1,1,0
9811,3,1,1,0
9812,4,1,1,0
9813,1,1,1,0
9814,3,1,1,0
9815,6,1,1,0
9816,3,1,1,0
9817,1,1,1,0
9818,7,1,1,0
9819,2,1,1,0
9820,3,1,1,0
9821,5,1,1,0
9822,3,1,1,0
9823,5,1,1,0
9824,3,1,1,0
9825,3,1,1,0
9826,2,1,1,0
9827,1,1,1,0
9828,7,1,1,0
9829,5,1,1,0
9830,3,1,1,0
9831,5,1,1,0
9832,4,1,1,0
9833,6,1,1,0
9834,5,1,1,0
9835,1,1,1,0
9836,3,1,1,0
9837,1,1,1,0
9838,4,1,1,0
9839,2,1,1,0
9840,5,1,1,0
9841,1,1,1,0
9842,2,1,1,0
9843,2,1,1,0
9844,6,1,1,0
9845,3,1,1,0
9846,4,1,1,0
9847,6,1,1,0
9848,3,1,1,0
9849,2,1,1,0
9850,1,1,1,0
9851,3,1,1,0
9852,2,1,1,0
9853,6,1,1,0
9854,1,1,1,0
9855,5,1,1,0
9856,3,1,1,0
9857,5,1,1,0
9858,5,1,1,0
9859,2,1,1,0
9860,7,1,1,0
9861,1,1,1,0
9862,2,1,1,0
9863,5,1,1,0
9864,11,1,1,0
9865,4,1,1,0
9866,3,1,1,0
9867,2,1,1,0
9868,2,1,1,0
9869,13,1,1,0
9870,3,1,1,0
9871,6,1,1,0
9872,3,1,1,0
9873,14,1,1,0
9874,1,1,1,0
9875,3,1,1,0
9876,1,1,1,0
9877,6,1,1,0
9878,7,1,1,0
9879,3,1,1,0
9880,13,1,1,0
9881,3,1,1,0
9882,12,1,1,0
9883,1,1,1,0
9884,7,1,1,0
9885,2,1,1,0
9886,5,1,1,0
9887,3,1,1,0
9888,2,1,1,0
9889,2,1,1,0
9890,1,1,1,0
9891,3,1,1,0
9892,2,1,1,0
9893,1,1,1,0
9894,5,1,1,0
9895,2,1,1,0
9896,2,1,1,0
9897,9,1,1,0
9898,7,1,1,0
9899,2,1,1,0
9900,2,1,1,0
9901,3,1,1,0
9902,4,1,1,0
9903,1,1,1,0
9904,1,1,1,0
9905,3,1,1,0
9906,3,1,1,0
9907,2,1,1,0
9908,6,1,1,0
9909,2,1,1,0
9910,5,1,1,0
9911,3,1,1,0
9912,1,1,1,0
9913,1,1,1,0
9914,1,1,1,0
9915,2,1,1,0
9916,6,1,1,0
9917,1,1,1,0
9918,4,1,1,0
9919,5,1,1,0
9920,2,1,1,0
9921,6,1,1,0
9922,1,1,1,0
9923,1,1,1,0
9924,1,1,1,0
9925,1,1,1,0
9926,1,1,1,0
9927,1,1,1,0
9928,2,1,1,0
9929,5,1,1,0
9930,3,1,1,0
9931,1,1,1,0
9932,2,1,1,0
9933,7,1,1,0
9934,12,1,1,0
9935,1,1,1,0
9936,15,1,1,0
9937,4,1,1,0
9938,3,1,1,0
9939,5,1,1,0
9940,4,1,1,0
9941,3,1,1,0
9942,6,1,1,0
9943,2,1,1,0
9944,5,1,1,0
9945,1,1,1,0
9946,7,1,1,0
9947,18,1,1,0
9948,5,1,1,0
9949,7,1,1,0
9950,4,1,1,0
9951,3,1,1,0
9952,1,1,1,0
9953,1,1,1,0
9954,2,1,1,0
9955,2,1,1,0
9956,2,1,1,0
9957,4,1,1,0
9958,4,1,1,0
9959,2,1,1,0
9960,2,1,1,0
9961,3,1,1,0
9962,4,1,1,0
9963,1,1,1,0
9964,1,1,1,0
9965,2,1,1,0
9966,2,1,1,0
9967,1,1,1,0
9968,3,1,1,0
9969,7,1,1,0
9970,2,1,1,0
9971,1,1,1,0
9972,3,1,1,0
9973,4,1,1,0
9974,3,1,1,0
9975,2,1,1,0
9976,1,1,1,0
9977,4,1,1,0
9978,2,1,1,0
9979,5,1,1,0
9980,6,1,1,0
9981,4,1,1,0
9982,4,1,1,0
9983,1,1,1,0
9984,3,1,1,0
9985,6,1,1,0
9986,2,1,1,0
9987,1,1,1,0
9988,1,1,1,0
9989,2,1,1,0
9990,3,1,1,0
9991,1,1,1,0
9992,1,1,1,0
9993,5,1,1,0
9994,6,1,1,0
9995,3,1,1,0
9996,1,1,1,0
9997,4,1,1,0
9998,11,1,1,0
9999,1,1,1,0
