trial,final_step,trapped,contact_dead,boundary_dead
0,198,1,0,0
1,69,1,0,0
2,24,1,0,0
3,15,1,0,0
4,67,1,0,0
5,118,1,0,0
6,130,1,0,0
7,67,1,0,0
8,58,1,0,0
9,73,1,0,0
10,72,1,0,0
11,73,1,0,0
12,92,1,0,0
13,25,1,0,0
14,79,1,0,0
15,50,1,0,0
16,117,1,0,0
17,93,1,0,0
18,113,1,0,0
19,159,1,0,0
20,72,1,0,0
21,153,1,0,0
22,167,1,0,0
23,50,1,0,0
24,47,1,0,0
25,26,1,0,0
26,109,1,0,0
27,28,1,0,0
28,115,1,0,0
29,75,1,0,0
30,30,1,0,0
31,85,1,0,0
32,30,1,0,0
33,40,1,0,0
34,21,1,0,0
35,19,1,0,0
36,53,1,0,0
37,116,1,0,0
38,20,1,0,0
39,42,1,0,0
40,13,1,0,0
41,63,1,0,0
42,49,1,0,0
43,19,1,0,0
44,114,1,0,0
45,89,1,0,0
46,190,1,0,0
47,8,1,0,0
48,88,1,0,0
49,43,1,0,0
50,174,1,0,0
51,88,1,0,0
52,47,1,0,0
53,58,1,0,0
54,11,1,0,0
55,52,1,0,0
56,47,1,0,0
57,63,1,0,0
58,30,1,0,0
59,116,1,0,0
60,52,1,0,0
61,168,1,0,0
62,51,1,0,0
63,125,1,0,0
64,50,1,0,0
65,72,1,0,0
66,27,1,0,0
67,42,1,0,0
68,16,1,0,0
69,74,1,0,0
70,78,1,0,0
71,110,1,0,0
72,33,1,0,0
73,53,1,0,0
74,78,1,0,0
75,34,1,0,0
76,30,1,0,0
77,112,1,0,0
78,26,1,0,0
79,26,1,0,0
80,115,1,0,0
81,50,1,0,0
82,70,1,0,0
83,70,1,0,0
84,65,1,0,0
85,57,1,0,0
86,52,1,0,0
87,7,1,0,0
88,92,1,0,0
89,29,1,0,0
90,124,1,0,0
91,30,1,0,0
92,77,1,0,0
93,46,1,0,0
94,59,1,0,0
95,43,1,0,0
96,37,1,0,0
97,123,1,0,0
98,12,1,0,0
99,9,1,0,0
100,84,1,0,0
101,73,1,0,0
102,108,1,0,0
103,96,1,0,0
104,134,1,0,0
105,89,1,0,0
106,44,1,0,0
107,39,1,0,0
108,23,1,0,0
109,56,1,0,0
110,101,1,0,0
111,61,1,0,0
112,31,1,0,0
113,73,1,0,0
114,129,1,0,0
115,46,1,0,0
116,33,1,0,0
117,70,1,0,0
118,121,1,0,0
119,64,1,0,0
120,82,1,0,0
121,79,1,0,0
122,37,1,0,0
123,138,1,0,0
124,51,1,0,0
125,15,1,0,0
126,86,1,0,0
127,65,1,0,0
128,91,1,0,0
129,45,1,0,0
130,19,1,0,0
131,16,1,0,0
132,93,1,0,0
133,117,1,0,0
134,24,1,0,0
135,67,1,0,0
136,162,1,0,0
137,76,1,0,0
138,139,1,0,0
139,97,1,0,0
140,58,1,0,0
141,36,1,0,0
142,107,1,0,0
143,13,1,0,0
144,23,1,0,0
145,222,1,0,0
146,50,1,0,0
147,60,1,0,0
148,66,1,0,0
149,58,1,0,0
150,40,1,0,0
151,126,1,0,0
152,40,1,0,0
153,127,1,0,0
154,89,1,0,0
155,72,1,0,0
156,29,1,0,0
157,27,1,0,0
158,82,1,0,0
159,165,1,0,0
160,109,1,0,0
161,91,1,0,0
162,100,1,0,0
163,109,1,0,0
164,64,1,0,0
165,131,1,0,0
166,48,1,0,0
167,126,1,0,0
168,32,1,0,0
169,63,1,0,0
170,127,1,0,0
171,28,1,0,0
172,38,1,0,0
173,55,1,0,0
174,163,1,0,0
175,130,1,0,0
176,112,1,0,0
177,146,1,0,0
178,25,1,0,0
179,54,1,0,0
180,41,1,0,0
181,29,1,0,0
182,233,1,0,0
183,53,1,0,0
184,84,1,0,0
185,38,1,0,0
186,86,1,0,0
187,86,1,0,0
188,48,1,0,0
189,89,1,0,0
190,46,1,0,0
191,13,1,0,0
192,23,1,0,0
193,43,1,0,0
194,73,1,0,0
195,72,1,0,0
196,8,1,0,0
197,108,1,0,0
198,22,1,0,0
199,43,1,0,0
200,70,1,0,0
201,81,1,0,0
202,37,1,0,0
203,92,1,0,0
204,19,1,0,0
205,27,1,0,0
206,59,1,0,0
207,36,1,0,0
208,67,1,0,0
209,65,1,0,0
210,81,1,0,0
211,91,1,0,0
212,88,1,0,0
213,32,1,0,0
214,49,1,0,0
215,92,1,0,0
216,25,1,0,0
217,67,1,0,0
218,120,1,0,0
219,25,1,0,0
220,25,1,0,0
221,74,1,0,0
222,34,1,0,0
223,80,1,0,0
224,27,1,0,0
225,22,1,0,0
226,97,1,0,0
227,45,1,0,0
228,48,1,0,0
229,74,1,0,0
230,166,1,0,0
231,31,1,0,0
232,169,1,0,0
233,54,1,0,0
234,24,1,0,0
235,36,1,0,0
236,36,1,0,0
237,66,1,0,0
238,22,1,0,0
239,131,1,0,0
240,26,1,0,0
241,31,1,0,0
242,44,1,0,0
243,32,1,0,0
244,68,1,0,0
245,44,1,0,0
246,107,1,0,0
247,15,1,0,0
248,68,1,0,0
249,62,1,0,0
250,18,1,0,0
251,40,1,0,0
252,54,1,0,0
253,29,1,0,0
254,44,1,0,0
255,31,1,0,0
256,73,1,0,0
257,52,1,0,0
258,202,1,0,0
259,131,1,0,0
260,71,1,0,0
261,112,1,0,0
262,51,1,0,0
263,21,1,0,0
264,63,1,0,0
265,25,1,0,0
266,189,1,0,0
267,23,1,0,0
268,99,1,0,0
269,99,1,0,0
270,42,1,0,0
271,22,1,0,0
272,43,1,0,0
273,13,1,0,0
274,51,1,0,0
275,93,1,0,0
276,219,1,0,0
277,150,1,0,0
278,17,1,0,0
279,334,1,0,0
280,133,1,0,0
281,134,1,0,0
282,49,1,0,0
283,86,1,0,0
284,93,1,0,0
285,20,1,0,0
286,93,1,0,0
287,40,1,0,0
288,28,1,0,0
289,7,1,0,0
290,30,1,0,0
291,58,1,0,0
292,107,1,0,0
293,73,1,0,0
294,87,1,0,0
295,17,1,0,0
296,46,1,0,0
297,28,1,0,0
298,17,1,0,0
299,100,1,0,0
300,32,1,0,0
301,63,1,0,0
302,40,1,0,0
303,67,1,0,0
304,15,1,0,0
305,49,1,0,0
306,15,1,0,0
307,159,1,0,0
308,26,1,0,0
309,89,1,0,0
310,163,1,0,0
311,26,1,0,0
312,27,1,0,0
313,59,1,0,0
314,187,1,0,0
315,44,1,0,0
316,180,1,0,0
317,183,1,0,0
318,38,1,0,0
319,70,1,0,0
320,134,1,0,0
321,229,1,0,0
322,63,1,0,0
323,73,1,0,0
324,63,1,0,0
325,260,1,0,0
326,29,1,0,0
327,247,1,0,0
328,183,1,0,0
329,29,1,0,0
330,135,1,0,0
331,294,1,0,0
332,154,1,0,0
333,34,1,0,0
334,257,1,0,0
335,35,1,0,0
336,81,1,0,0
337,7,1,0,0
338,67,1,0,0
339,18,1,0,0
340,30,1,0,0
341,44,1,0,0
342,69,1,0,0
343,43,1,0,0
344,94,1,0,0
345,89,1,0,0
346,91,1,0,0
347,67,1,0,0
348,97,1,0,0
349,124,1,0,0
350,30,1,0,0
351,108,1,0,0
352,21,1,0,0
353,51,1,0,0
354,12,1,0,0
355,18,1,0,0
356,243,1,0,0
357,79,1,0,0
358,152,1,0,0
359,18,1,0,0
360,129,1,0,0
361,167,1,0,0
362,24,1,0,0
363,53,1,0,0
364,58,1,0,0
365,44,1,0,0
366,137,1,0,0
367,32,1,0,0
368,70,1,0,0
369,23,1,0,0
370,54,1,0,0
371,228,1,0,0
372,39,1,0,0
373,99,1,0,0
374,17,1,0,0
375,51,1,0,0
376,72,1,0,0
377,48,1,0,0
378,45,1,0,0
379,61,1,0,0
380,68,1,0,0
381,25,1,0,0
382,114,1,0,0
383,25,1,0,0
384,90,1,0,0
385,44,1,0,0
386,33,1,0,0
387,242,1,0,0
388,104,1,0,0
389,86,1,0,0
390,45,1,0,0
391,18,1,0,0
392,33,1,0,0
393,64,1,0,0
394,53,1,0,0
395,184,1,0,0
396,226,1,0,0
397,86,1,0,0
398,13,1,0,0
399,75,1,0,0
400,30,1,0,0
401,12,1,0,0
402,29,1,0,0
403,80,1,0,0
404,54,1,0,0
405,74,1,0,0
406,37,1,0,0
407,74,1,0,0
408,66,1,0,0
409,28,1,0,0
410,72,1,0,0
411,77,1,0,0
412,38,1,0,0
413,43,1,0,0
414,7,1,0,0
415,18,1,0,0
416,62,1,0,0
417,41,1,0,0
418,131,1,0,0
419,108,1,0,0
420,104,1,0,0
421,34,1,0,0
422,51,1,0,0
423,45,1,0,0
424,190,1,0,0
425,14,1,0,0
426,36,1,0,0
427,26,1,0,0
428,12,1,0,0
429,57,1,0,0
430,106,1,0,0
431,30,1,0,0
432,74,1,0,0
433,35,1,0,0
434,56,1,0,0
435,52,1,0,0
436,19,1,0,0
437,52,1,0,0
438,46,1,0,0
439,52,1,0,0
440,68,1,0,0
441,59,1,0,0
442,223,1,0,0
443,9,1,0,0
444,210,1,0,0
445,41,1,0,0
446,30,1,0,0
447,132,1,0,0
448,30,1,0,0
449,45,1,0,0
450,59,1,0,0
451,27,1,0,0
452,54,1,0,0
453,22,1,0,0
454,111,1,0,0
455,11,1,0,0
456,111,1,0,0
457,64,1,0,0
458,28,1,0,0
459,30,1,0,0
460,84,1,0,0
461,89,1,0,0
462,127,1,0,0
463,56,1,0,0
464,86,1,0,0
465,119,1,0,0
466,87,1,0,0
467,34,1,0,0
468,161,1,0,0
469,27,1,0,0
470,153,1,0,0
471,27,1,0,0
472,63,1,0,0
473,67,1,0,0
474,86,1,0,0
475,12,1,0,0
476,37,1,0,0
477,117,1,0,0
478,28,1,0,0
479,12,1,0,0
480,64,1,0,0
481,123,1,0,0
482,46,1,0,0
483,86,1,0,0
484,121,1,0,0
485,62,1,0,0
486,17,1,0,0
487,87,1,0,0
488,74,1,0,0
489,55,1,0,0
490,52,1,0,0
491,104,1,0,0
492,91,1,0,0
493,75,1,0,0
494,24,1,0,0
495,39,1,0,0
496,26,1,0,0
497,91,1,0,0
498,15,1,0,0
499,95,1,0,0
500,25,1,0,0
501,49,1,0,0
502,12,1,0,0
503,79,1,0,0
504,32,1,0,0
505,42,1,0,0
506,22,1,0,0
507,31,1,0,0
508,104,1,0,0
509,44,1,0,0
510,88,1,0,0
511,77,1,0,0
512,35,1,0,0
513,35,1,0,0
514,129,1,0,0
515,150,1,0,0
516,109,1,0,0
517,12,1,0,0
518,57,1,0,0
519,71,1,0,0
520,7,1,0,0
521,9,1,0,0
522,118,1,0,0
523,85,1,0,0
524,64,1,0,0
525,54,1,0,0
526,115,1,0,0
527,260,1,0,0
528,104,1,0,0
529,157,1,0,0
530,42,1,0,0
531,92,1,0,0
532,170,1,0,0
533,140,1,0,0
534,108,1,0,0
535,28,1,0,0
536,85,1,0,0
537,127,1,0,0
538,183,1,0,0
539,180,1,0,0
540,77,1,0,0
541,123,1,0,0
542,64,1,0,0
543,34,1,0,0
544,47,1,0,0
545,42,1,0,0
546,75,1,0,0
547,35,1,0,0
548,27,1,0,0
549,26,1,0,0
550,71,1,0,0
551,33,1,0,0
552,92,1,0,0
553,98,1,0,0
554,167,1,0,0
555,100,1,0,0
556,60,1,0,0
557,128,1,0,0
558,51,1,0,0
559,68,1,0,0
560,92,1,0,0
561,28,1,0,0
562,124,1,0,0
563,29,1,0,0
564,91,1,0,0
565,62,1,0,0
566,116,1,0,0
567,47,1,0,0
568,119,1,0,0
569,43,1,0,0
570,20,1,0,0
571,267,1,0,0
572,76,1,0,0
573,78,1,0,0
574,111,1,0,0
575,99,1,0,0
576,22,1,0,0
577,40,1,0,0
578,10,1,0,0
579,29,1,0,0
580,9,1,0,0
581,28,1,0,0
582,40,1,0,0
583,124,1,0,0
584,34,1,0,0
585,224,1,0,0
586,78,1,0,0
587,115,1,0,0
588,155,1,0,0
589,54,1,0,0
590,87,1,0,0
591,132,1,0,0
592,26,1,0,0
593,30,1,0,0
594,25,1,0,0
595,99,1,0,0
596,117,1,0,0
597,93,1,0,0
598,67,1,0,0
599,66,1,0,0
600,93,1,0,0
601,58,1,0,0
602,101,1,0,0
603,151,1,0,0
604,173,1,0,0
605,71,1,0,0
606,96,1,0,0
607,299,1,0,0
608,39,1,0,0
609,10,1,0,0
610,46,1,0,0
611,92,1,0,0
612,142,1,0,0
613,65,1,0,0
614,69,1,0,0
615,56,1,0,0
616,71,1,0,0
617,20,1,0,0
618,123,1,0,0
619,32,1,0,0
620,20,1,0,0
621,25,1,0,0
622,25,1,0,0
623,130,1,0,0
624,50,1,0,0
625,108,1,0,0
626,82,1,0,0
627,15,1,0,0
628,86,1,0,0
629,120,1,0,0
630,31,1,0,0
631,50,1,0,0
632,63,1,0,0
633,86,1,0,0
634,179,1,0,0
635,16,1,0,0
636,18,1,0,0
637,65,1,0,0
638,114,1,0,0
639,108,1,0,0
640,87,1,0,0
641,194,1,0,0
642,35,1,0,0
643,48,1,0,0
644,14,1,0,0
645,47,1,0,0
646,103,1,0,0
647,114,1,0,0
648,32,1,0,0
649,84,1,0,0
650,125,1,0,0
651,24,1,0,0
652,93,1,0,0
653,68,1,0,0
654,21,1,0,0
655,42,1,0,0
656,29,1,0,0
657,105,1,0,0
658,16,1,0,0
659,77,1,0,0
660,44,1,0,0
661,42,1,0,0
662,121,1,0,0
663,102,1,0,0
664,74,1,0,0
665,64,1,0,0
666,93,1,0,0
667,30,1,0,0
668,207,1,0,0
669,65,1,0,0
670,38,1,0,0
671,90,1,0,0
672,42,1,0,0
673,89,1,0,0
674,22,1,0,0
675,24,1,0,0
676,116,1,0,0
677,48,1,0,0
678,26,1,0,0
679,34,1,0,0
680,90,1,0,0
681,136,1,0,0
682,84,1,0,0
683,45,1,0,0
684,51,1,0,0
685,37,1,0,0
686,33,1,0,0
687,61,1,0,0
688,66,1,0,0
689,25,1,0,0
690,72,1,0,0
691,175,1,0,0
692,48,1,0,0
693,30,1,0,0
694,59,1,0,0
695,30,1,0,0
696,71,1,0,0
697,105,1,0,0
698,36,1,0,0
699,77,1,0,0
700,22,1,0,0
701,125,1,0,0
702,34,1,0,0
703,24,1,0,0
704,51,1,0,0
705,77,1,0,0
706,113,1,0,0
707,30,1,0,0
708,152,1,0,0
709,133,1,0,0
710,43,1,0,0
711,135,1,0,0
712,132,1,0,0
713,35,1,0,0
714,50,1,0,0
715,44,1,0,0
716,7,1,0,0
717,26,1,0,0
718,47,1,0,0
719,48,1,0,0
720,55,1,0,0
721,15,1,0,0
722,80,1,0,0
723,18,1,0,0
724,33,1,0,0
725,132,1,0,0
726,93,1,0,0
727,83,1,0,0
728,78,1,0,0
729,243,1,0,0
730,13,1,0,0
731,105,1,0,0
732,77,1,0,0
733,12,1,0,0
734,32,1,0,0
735,156,1,0,0
736,46,1,0,0
737,29,1,0,0
738,45,1,0,0
739,29,1,0,0
740,61,1,0,0
741,49,1,0,0
742,57,1,0,0
743,31,1,0,0
744,9,1,0,0
745,74,1,0,0
746,41,1,0,0
747,105,1,0,0
748,131,1,0,0
749,16,1,0,0
750,43,1,0,0
751,9,1,0,0
752,31,1,0,0
753,68,1,0,0
754,64,1,0,0
755,14,1,0,0
756,19,1,0,0
757,78,1,0,0
758,26,1,0,0
759,101,1,0,0
760,45,1,0,0
761,103,1,0,0
762,56,1,0,0
763,76,1,0,0
764,161,1,0,0
765,53,1,0,0
766,21,1,0,0
767,206,1,0,0
768,119,1,0,0
769,196,1,0,0
770,60,1,0,0
771,27,1,0,0
772,20,1,0,0
773,12,1,0,0
774,19,1,0,0
775,49,1,0,0
776,34,1,0,0
777,84,1,0,0
778,74,1,0,0
779,55,1,0,0
780,96,1,0,0
781,18,1,0,0
782,32,1,0,0
783,55,1,0,0
784,146,1,0,0
785,33,1,0,0
786,36,1,0,0
787,123,1,0,0
788,62,1,0,0
789,23,1,0,0
790,167,1,0,0
791,62,1,0,0
792,27,1,0,0
793,15,1,0,0
794,17,1,0,0
795,20,1,0,0
796,111,1,0,0
797,32,1,0,0
798,113,1,0,0
799,53,1,0,0
800,118,1,0,0
801,24,1,0,0
802,29,1,0,0
803,24,1,0,0
804,30,1,0,0
805,77,1,0,0
806,286,1,0,0
807,35,1,0,0
808,90,1,0,0
809,67,1,0,0
810,52,1,0,0
811,108,1,0,0
812,103,1,0,0
813,165,1,0,0
814,27,1,0,0
815,93,1,0,0
816,83,1,0,0
817,196,1,0,0
818,48,1,0,0
819,36,1,0,0
820,55,1,0,0
821,69,1,0,0
822,24,1,0,0
823,76,1,0,0
824,80,1,0,0
825,13,1,0,0
826,133,1,0,0
827,130,1,0,0
828,55,1,0,0
829,64,1,0,0
830,148,1,0,0
831,29,1,0,0
832,49,1,0,0
833,90,1,0,0
834,25,1,0,0
835,53,1,0,0
836,193,1,0,0
837,84,1,0,0
838,74,1,0,0
839,41,1,0,0
840,50,1,0,0
841,138,1,0,0
842,59,1,0,0
843,35,1,0,0
844,109,1,0,0
845,75,1,0,0
846,61,1,0,0
847,394,1,0,0
848,73,1,0,0
849,34,1,0,0
850,110,1,0,0
851,188,1,0,0
852,20,1,0,0
853,90,1,0,0
854,57,1,0,0
855,83,1,0,0
856,31,1,0,0
857,33,1,0,0
858,12,1,0,0
859,78,1,0,0
860,31,1,0,0
861,24,1,0,0
862,28,1,0,0
863,54,1,0,0
864,259,1,0,0
865,93,1,0,0
866,16,1,0,0
867,77,1,0,0
868,110,1,0,0
869,129,1,0,0
870,81,1,0,0
871,96,1,0,0
872,55,1,0,0
873,66,1,0,0
874,164,1,0,0
875,16,1,0,0
876,52,1,0,0
877,100,1,0,0
878,100,1,0,0
879,102,1,0,0
880,44,1,0,0
881,50,1,0,0
882,36,1,0,0
883,60,1,0,0
884,25,1,0,0
885,16,1,0,0
886,12,1,0,0
887,166,1,0,0
888,47,1,0,0
889,87,1,0,0
890,150,1,0,0
891,18,1,0,0
892,32,1,0,0
893,12,1,0,0
894,173,1,0,0
895,58,1,0,0
896,125,1,0,0
897,38,1,0,0
898,42,1,0,0
899,49,1,0,0
900,52,1,0,0
901,35,1,0,0
902,152,1,0,0
903,53,1,0,0
904,30,1,0,0
905,98,1,0,0
906,72,1,0,0
907,93,1,0,0
908,72,1,0,0
909,30,1,0,0
910,16,1,0,0
911,40,1,0,0
912,38,1,0,0
913,18,1,0,0
914,27,1,0,0
915,74,1,0,0
916,25,1,0,0
917,115,1,0,0
918,68,1,0,0
919,38,1,0,0
920,35,1,0,0
921,104,1,0,0
922,11,1,0,0
923,61,1,0,0
924,172,1,0,0
925,128,1,0,0
926,195,1,0,0
927,72,1,0,0
928,57,1,0,0
929,135,1,0,0
930,41,1,0,0
931,127,1,0,0
932,41,1,0,0
933,60,1,0,0
934,42,1,0,0
935,137,1,0,0
936,15,1,0,0
937,95,1,0,0
938,80,1,0,0
939,107,1,0,0
940,158,1,0,0
941,41,1,0,0
942,42,1,0,0
943,12,1,0,0
944,39,1,0,0
945,83,1,0,0
946,41,1,0,0
947,74,1,0,0
948,118,1,0,0
949,41,1,0,0
950,61,1,0,0
951,68,1,0,0
952,155,1,0,0
953,46,1,0,0
954,29,1,0,0
955,114,1,0,0
956,20,1,0,0
957,149,1,0,0
958,8,1,0,0
959,61,1,0,0
960,35,1,0,0
961,85,1,0,0
962,91,1,0,0
963,134,1,0,0
964,39,1,0,0
965,67,1,0,0
966,76,1,0,0
967,49,1,0,0
968,65,1,0,0
969,25,1,0,0
970,31,1,0,0
971,62,1,0,0
972,196,1,0,0
973,109,1,0,0
974,19,1,0,0
975,28,1,0,0
976,53,1,0,0
977,18,1,0,0
978,160,1,0,0
979,66,1,0,0
980,40,1,0,0
981,190,1,0,0
982,42,1,0,0
983,104,1,0,0
984,56,1,0,0
985,53,1,0,0
986,23,1,0,0
987,29,1,0,0
988,92,1,0,0
989,58,1,0,0
990,15,1,0,0
991,74,1,0,0
992,39,1,0,0
993,58,1,0,0
994,77,1,0,0
995,15,1,0,0
996,33,1,0,0
997,17,1,0,0
998,110,1,0,0
999,15,1,0,0
1000,35,1,0,0
1001,38,1,0,0
1002,34,1,0,0
1003,98,1,0,0
1004,72,1,0,0
1005,53,1,0,0
1006,38,1,0,0
1007,51,1,0,0
1008,95,1,0,0
1009,54,1,0,0
1010,69,1,0,0
1011,87,1,0,0
1012,7,1,0,0
1013,101,1,0,0
1014,23,1,0,0
1015,34,1,0,0
1016,23,1,0,0
1017,185,1,0,0
1018,156,1,0,0
1019,14,1,0,0
1020,69,1,0,0
1021,65,1,0,0
1022,53,1,0,0
1023,13,1,0,0
1024,29,1,0,0
1025,136,1,0,0
1026,35,1,0,0
1027,124,1,0,0
1028,85,1,0,0
1029,72,1,0,0
1030,26,1,0,0
1031,30,1,0,0
1032,158,1,0,0
1033,96,1,0,0
1034,25,1,0,0
1035,102,1,0,0
1036,15,1,0,0
1037,28,1,0,0
1038,81,1,0,0
1039,88,1,0,0
1040,39,1,0,0
1041,24,1,0,0
1042,46,1,0,0
1043,63,1,0,0
1044,74,1,0,0
1045,126,1,0,0
1046,91,1,0,0
1047,57,1,0,0
1048,30,1,0,0
1049,21,1,0,0
1050,7,1,0,0
1051,169,1,0,0
1052,44,1,0,0
1053,32,1,0,0
1054,31,1,0,0
1055,35,1,0,0
1056,21,1,0,0
1057,106,1,0,0
1058,34,1,0,0
1059,20,1,0,0
1060,27,1,0,0
1061,125,1,0,0
1062,68,1,0,0
1063,56,1,0,0
1064,79,1,0,0
1065,60,1,0,0
1066,18,1,0,0
1067,40,1,0,0
1068,62,1,0,0
1069,21,1,0,0
1070,21,1,0,0
1071,59,1,0,0
1072,41,1,0,0
1073,41,1,0,0
1074,44,1,0,0
1075,50,1,0,0
1076,109,1,0,0
1077,67,1,0,0
1078,16,1,0,0
1079,236,1,0,0
1080,15,1,0,0
1081,45,1,0,0
1082,100,1,0,0
1083,36,1,0,0
1084,71,1,0,0
1085,12,1,0,0
1086,86,1,0,0
1087,113,1,0,0
1088,70,1,0,0
1089,129,1,0,0
1090,15,1,0,0
1091,45,1,0,0
1092,41,1,0,0
1093,191,1,0,0
1094,14,1,0,0
1095,94,1,0,0
1096,84,1,0,0
1097,32,1,0,0
1098,43,1,0,0
1099,40,1,0,0
1100,121,1,0,0
1101,82,1,0,0
1102,98,1,0,0
1103,19,1,0,0
1104,43,1,0,0
1105,19,1,0,0
1106,46,1,0,0
1107,114,1,0,0
1108,120,1,0,0
1109,131,1,0,0
1110,55,1,0,0
1111,17,1,0,0
1112,28,1,0,0
1113,148,1,0,0
1114,52,1,0,0
1115,33,1,0,0
1116,15,1,0,0
1117,26,1,0,0
1118,161,1,0,0
1119,56,1,0,0
1120,112,1,0,0
1121,19,1,0,0
1122,42,1,0,0
1123,18,1,0,0
1124,221,1,0,0
1125,21,1,0,0
1126,34,1,0,0
1127,124,1,0,0
1128,45,1,0,0
1129,111,1,0,0
1130,51,1,0,0
1131,67,1,0,0
1132,73,1,0,0
1133,79,1,0,0
1134,121,1,0,0
1135,32,1,0,0
1136,11,1,0,0
1137,61,1,0,0
1138,15,1,0,0
1139,21,1,0,0
1140,61,1,0,0
1141,108,1,0,0
1142,13,1,0,0
1143,37,1,0,0
1144,42,1,0,0
1145,9,1,0,0
1146,168,1,0,0
1147,29,1,0,0
1148,108,1,0,0
1149,16,1,0,0
1150,39,1,0,0
1151,18,1,0,0
1152,65,1,0,0
1153,116,1,0,0
1154,41,1,0,0
1155,19,1,0,0
1156,20,1,0,0
1157,27,1,0,0
1158,150,1,0,0
1159,47,1,0,0
1160,82,1,0,0
1161,75,1,0,0
1162,104,1,0,0
1163,89,1,0,0
1164,74,1,0,0
1165,17,1,0,0
1166,39,1,0,0
1167,37,1,0,0
1168,61,1,0,0
1169,119,1,0,0
1170,82,1,0,0
1171,23,1,0,0
1172,23,1,0,0
1173,102,1,0,0
1174,35,1,0,0
1175,260,1,0,0
1176,74,1,0,0
1177,56,1,0,0
1178,18,1,0,0
1179,87,1,0,0
1180,96,1,0,0
1181,77,1,0,0
1182,79,1,0,0
1183,35,1,0,0
1184,58,1,0,0
1185,47,1,0,0
1186,87,1,0,0
1187,55,1,0,0
1188,61,1,0,0
1189,55,1,0,0
1190,36,1,0,0
1191,44,1,0,0
1192,98,1,0,0
1193,341,1,0,0
1194,36,1,0,0
1195,77,1,0,0
1196,126,1,0,0
1197,23,1,0,0
1198,103,1,0,0
1199,28,1,0,0
1200,183,1,0,0
1201,63,1,0,0
1202,57,1,0,0
1203,72,1,0,0
1204,157,1,0,0
1205,43,1,0,0
1206,13,1,0,0
1207,62,1,0,0
1208,304,1,0,0
1209,33,1,0,0
1210,86,1,0,0
1211,19,1,0,0
1212,34,1,0,0
1213,135,1,0,0
1214,54,1,0,0
1215,57,1,0,0
1216,32,1,0,0
1217,56,1,0,0
1218,47,1,0,0
1219,71,1,0,0
1220,47,1,0,0
1221,55,1,0,0
1222,138,1,0,0
1223,79,1,0,0
1224,44,1,0,0
1225,151,1,0,0
1226,75,1,0,0
1227,41,1,0,0
1228,77,1,0,0
1229,73,1,0,0
1230,39,1,0,0
1231,18,1,0,0
1232,73,1,0,0
1233,49,1,0,0
1234,85,1,0,0
1235,184,1,0,0
1236,136,1,0,0
1237,41,1,0,0
1238,67,1,0,0
1239,261,1,0,0
1240,24,1,0,0
1241,25,1,0,0
1242,84,1,0,0
1243,62,1,0,0
1244,42,1,0,0
1245,43,1,0,0
1246,14,1,0,0
1247,81,1,0,0
1248,157,1,0,0
1249,9,1,0,0
1250,112,1,0,0
1251,40,1,0,0
1252,165,1,0,0
1253,107,1,0,0
1254,54,1,0,0
1255,69,1,0,0
1256,18,1,0,0
1257,85,1,0,0
1258,63,1,0,0
1259,101,1,0,0
1260,80,1,0,0
1261,9,1,0,0
1262,115,1,0,0
1263,189,1,0,0
1264,24,1,0,0
1265,61,1,0,0
1266,95,1,0,0
1267,144,1,0,0
1268,28,1,0,0
1269,19,1,0,0
1270,128,1,0,0
1271,37,1,0,0
1272,81,1,0,0
1273,35,1,0,0
1274,29,1,0,0
1275,25,1,0,0
1276,28,1,0,0
1277,60,1,0,0
1278,122,1,0,0
1279,32,1,0,0
1280,26,1,0,0
1281,19,1,0,0
1282,71,1,0,0
1283,19,1,0,0
1284,46,1,0,0
1285,104,1,0,0
1286,148,1,0,0
1287,95,1,0,0
1288,44,1,0,0
1289,54,1,0,0
1290,36,1,0,0
1291,16,1,0,0
1292,36,1,0,0
1293,25,1,0,0
1294,17,1,0,0
1295,38,1,0,0
1296,87,1,0,0
1297,76,1,0,0
1298,53,1,0,0
1299,132,1,0,0
1300,49,1,0,0
1301,105,1,0,0
1302,67,1,0,0
1303,18,1,0,0
1304,36,1,0,0
1305,35,1,0,0
1306,78,1,0,0
1307,138,1,0,0
1308,160,1,0,0
1309,85,1,0,0
1310,46,1,0,0
1311,132,1,0,0
1312,24,1,0,0
1313,17,1,0,0
1314,162,1,0,0
1315,278,1,0,0
1316,19,1,0,0
1317,86,1,0,0
1318,31,1,0,0
1319,205,1,0,0
1320,73,1,0,0
1321,21,1,0,0
1322,178,1,0,0
1323,30,1,0,0
1324,93,1,0,0
1325,108,1,0,0
1326,61,1,0,0
1327,101,1,0,0
1328,19,1,0,0
1329,25,1,0,0
1330,42,1,0,0
1331,93,1,0,0
1332,65,1,0,0
1333,173,1,0,0
1334,159,1,0,0
1335,49,1,0,0
1336,11,1,0,0
1337,49,1,0,0
1338,26,1,0,0
1339,31,1,0,0
1340,134,1,0,0
1341,225,1,0,0
1342,74,1,0,0
1343,109,1,0,0
1344,45,1,0,0
1345,22,1,0,0
1346,16,1,0,0
1347,94,1,0,0
1348,76,1,0,0
1349,44,1,0,0
1350,272,1,0,0
1351,25,1,0,0
1352,28,1,0,0
1353,33,1,0,0
1354,15,1,0,0
1355,47,1,0,0
1356,54,1,0,0
1357,89,1,0,0
1358,74,1,0,0
1359,101,1,0,0
1360,76,1,0,0
1361,131,1,0,0
1362,73,1,0,0
1363,19,1,0,0
1364,30,1,0,0
1365,16,1,0,0
1366,40,1,0,0
1367,115,1,0,0
1368,149,1,0,0
1369,186,1,0,0
1370,32,1,0,0
1371,94,1,0,0
1372,34,1,0,0
1373,113,1,0,0
1374,14,1,0,0
1375,30,1,0,0
1376,55,1,0,0
1377,44,1,0,0
1378,49,1,0,0
1379,50,1,0,0
1380,116,1,0,0
1381,52,1,0,0
1382,26,1,0,0
1383,37,1,0,0
1384,168,1,0,0
1385,36,1,0,0
1386,41,1,0,0
1387,140,1,0,0
1388,41,1,0,0
1389,53,1,0,0
1390,122,1,0,0
1391,70,1,0,0
1392,176,1,0,0
1393,64,1,0,0
1394,93,1,0,0
1395,49,1,0,0
1396,18,1,0,0
1397,90,1,0,0
1398,45,1,0,0
1399,157,1,0,0
1400,53,1,0,0
1401,34,1,0,0
1402,77,1,0,0
1403,32,1,0,0
1404,80,1,0,0
1405,52,1,0,0
1406,68,1,0,0
1407,21,1,0,0
1408,16,1,0,0
1409,46,1,0,0
1410,180,1,0,0
1411,23,1,0,0
1412,72,1,0,0
1413,99,1,0,0
1414,140,1,0,0
1415,76,1,0,0
1416,63,1,0,0
1417,42,1,0,0
1418,15,1,0,0
1419,57,1,0,0
1420,61,1,0,0
1421,163,1,0,0
1422,46,1,0,0
1423,69,1,0,0
1424,27,1,0,0
1425,177,1,0,0
1426,127,1,0,0
1427,19,1,0,0
1428,131,1,0,0
1429,105,1,0,0
1430,107,1,0,0
1431,78,1,0,0
1432,26,1,0,0
1433,15,1,0,0
1434,154,1,0,0
1435,115,1,0,0
1436,24,1,0,0
1437,56,1,0,0
1438,37,1,0,0
1439,60,1,0,0
1440,61,1,0,0
1441,70,1,0,0
1442,149,1,0,0
1443,116,1,0,0
1444,38,1,0,0
1445,15,1,0,0
1446,28,1,0,0
1447,40,1,0,0
1448,82,1,0,0
1449,98,1,0,0
1450,38,1,0,0
1451,19,1,0,0
1452,42,1,0,0
1453,77,1,0,0
1454,75,1,0,0
1455,53,1,0,0
1456,21,1,0,0
1457,32,1,0,0
1458,35,1,0,0
1459,85,1,0,0
1460,91,1,0,0
1461,41,1,0,0
1462,60,1,0,0
1463,41,1,0,0
1464,76,1,0,0
1465,32,1,0,0
1466,169,1,0,0
1467,15,1,0,0
1468,130,1,0,0
1469,65,1,0,0
1470,46,1,0,0
1471,25,1,0,0
1472,36,1,0,0
1473,14,1,0,0
1474,13,1,0,0
1475,70,1,0,0
1476,48,1,0,0
1477,19,1,0,0
1478,50,1,0,0
1479,17,1,0,0
1480,122,1,0,0
1481,60,1,0,0
1482,35,1,0,0
1483,79,1,0,0
1484,19,1,0,0
1485,72,1,0,0
1486,137,1,0,0
1487,93,1,0,0
1488,53,1,0,0
1489,59,1,0,0
1490,51,1,0,0
1491,98,1,0,0
1492,93,1,0,0
1493,128,1,0,0
1494,36,1,0,0
1495,32,1,0,0
1496,59,1,0,0
1497,44,1,0,0
1498,25,1,0,0
1499,19,1,0,0
1500,86,1,0,0
1501,222,1,0,0
1502,144,1,0,0
1503,61,1,0,0
1504,20,1,0,0
1505,80,1,0,0
1506,9,1,0,0
1507,16,1,0,0
1508,26,1,0,0
1509,176,1,0,0
1510,148,1,0,0
1511,132,1,0,0
1512,147,1,0,0
1513,49,1,0,0
1514,38,1,0,0
1515,75,1,0,0
1516,26,1,0,0
1517,131,1,0,0
1518,60,1,0,0
1519,210,1,0,0
1520,94,1,0,0
1521,51,1,0,0
1522,122,1,0,0
1523,71,1,0,0
1524,21,1,0,0
1525,19,1,0,0
1526,211,1,0,0
1527,58,1,0,0
1528,22,1,0,0
1529,136,1,0,0
1530,173,1,0,0
1531,61,1,0,0
1532,8,1,0,0
1533,55,1,0,0
1534,18,1,0,0
1535,53,1,0,0
1536,100,1,0,0
1537,40,1,0,0
1538,40,1,0,0
1539,30,1,0,0
1540,59,1,0,0
1541,23,1,0,0
1542,104,1,0,0
1543,57,1,0,0
1544,71,1,0,0
1545,80,1,0,0
1546,165,1,0,0
1547,62,1,0,0
1548,46,1,0,0
1549,67,1,0,0
1550,7,1,0,0
1551,115,1,0,0
1552,60,1,0,0
1553,37,1,0,0
1554,51,1,0,0
1555,73,1,0,0
1556,143,1,0,0
1557,115,1,0,0
1558,179,1,0,0
1559,51,1,0,0
1560,28,1,0,0
1561,76,1,0,0
1562,44,1,0,0
1563,19,1,0,0
1564,40,1,0,0
1565,69,1,0,0
1566,56,1,0,0
1567,12,1,0,0
1568,122,1,0,0
1569,41,1,0,0
1570,164,1,0,0
1571,82,1,0,0
1572,8,1,0,0
1573,79,1,0,0
1574,63,1,0,0
1575,96,1,0,0
1576,45,1,0,0
1577,46,1,0,0
1578,42,1,0,0
1579,56,1,0,0
1580,124,1,0,0
1581,96,1,0,0
1582,147,1,0,0
1583,105,1,0,0
1584,35,1,0,0
1585,60,1,0,0
1586,89,1,0,0
1587,36,1,0,0
1588,46,1,0,0
1589,61,1,0,0
1590,67,1,0,0
1591,15,1,0,0
1592,37,1,0,0
1593,131,1,0,0
1594,155,1,0,0
1595,91,1,0,0
1596,44,1,0,0
1597,79,1,0,0
1598,19,1,0,0
1599,47,1,0,0
1600,41,1,0,0
1601,126,1,0,0
1602,75,1,0,0
1603,104,1,0,0
1604,47,1,0,0
1605,47,1,0,0
1606,86,1,0,0
1607,43,1,0,0
1608,26,1,0,0
1609,183,1,0,0
1610,109,1,0,0
1611,9,1,0,0
1612,66,1,0,0
1613,122,1,0,0
1614,59,1,0,0
1615,74,1,0,0
1616,20,1,0,0
1617,67,1,0,0
1618,125,1,0,0
1619,25,1,0,0
1620,10,1,0,0
1621,81,1,0,0
1622,148,1,0,0
1623,61,1,0,0
1624,89,1,0,0
1625,112,1,0,0
1626,74,1,0,0
1627,56,1,0,0
1628,56,1,0,0
1629,64,1,0,0
1630,43,1,0,0
1631,66,1,0,0
1632,64,1,0,0
1633,45,1,0,0
1634,75,1,0,0
1635,15,1,0,0
1636,61,1,0,0
1637,28,1,0,0
1638,89,1,0,0
1639,33,1,0,0
1640,11,1,0,0
1641,39,1,0,0
1642,153,1,0,0
1643,239,1,0,0
1644,24,1,0,0
1645,141,1,0,0
1646,73,1,0,0
1647,145,1,0,0
1648,78,1,0,0
1649,135,1,0,0
1650,29,1,0,0
1651,80,1,0,0
1652,124,1,0,0
1653,129,1,0,0
1654,139,1,0,0
1655,45,1,0,0
1656,88,1,0,0
1657,163,1,0,0
1658,119,1,0,0
1659,76,1,0,0
1660,38,1,0,0
1661,37,1,0,0
1662,57,1,0,0
1663,49,1,0,0
1664,83,1,0,0
1665,7,1,0,0
1666,140,1,0,0
1667,112,1,0,0
1668,16,1,0,0
1669,18,1,0,0
1670,92,1,0,0
1671,59,1,0,0
1672,84,1,0,0
1673,18,1,0,0
1674,169,1,0,0
1675,28,1,0,0
1676,13,1,0,0
1677,89,1,0,0
1678,20,1,0,0
1679,35,1,0,0
1680,47,1,0,0
1681,11,1,0,0
1682,108,1,0,0
1683,20,1,0,0
1684,51,1,0,0
1685,150,1,0,0
1686,76,1,0,0
1687,60,1,0,0
1688,74,1,0,0
1689,46,1,0,0
1690,73,1,0,0
1691,77,1,0,0
1692,40,1,0,0
1693,87,1,0,0
1694,46,1,0,0
1695,45,1,0,0
1696,12,1,0,0
1697,50,1,0,0
1698,44,1,0,0
1699,184,1,0,0
1700,77,1,0,0
1701,80,1,0,0
1702,123,1,0,0
1703,63,1,0,0
1704,41,1,0,0
1705,78,1,0,0
1706,43,1,0,0
1707,126,1,0,0
1708,76,1,0,0
1709,18,1,0,0
1710,205,1,0,0
1711,33,1,0,0
1712,42,1,0,0
1713,29,1,0,0
1714,19,1,0,0
1715,36,1,0,0
1716,138,1,0,0
1717,40,1,0,0
1718,89,1,0,0
1719,29,1,0,0
1720,59,1,0,0
1721,147,1,0,0
1722,30,1,0,0
1723,146,1,0,0
1724,86,1,0,0
1725,104,1,0,0
1726,41,1,0,0
1727,105,1,0,0
1728,55,1,0,0
1729,64,1,0,0
1730,108,1,0,0
1731,30,1,0,0
1732,50,1,0,0
1733,27,1,0,0
1734,53,1,0,0
1735,29,1,0,0
1736,27,1,0,0
1737,133,1,0,0
1738,65,1,0,0
1739,76,1,0,0
1740,85,1,0,0
1741,54,1,0,0
1742,58,1,0,0
1743,85,1,0,0
1744,26,1,0,0
1745,147,1,0,0
1746,61,1,0,0
1747,26,1,0,0
1748,151,1,0,0
1749,117,1,0,0
1750,31,1,0,0
1751,43,1,0,0
1752,100,1,0,0
1753,35,1,0,0
1754,128,1,0,0
1755,211,1,0,0
1756,91,1,0,0
1757,51,1,0,0
1758,21,1,0,0
1759,147,1,0,0
1760,58,1,0,0
1761,108,1,0,0
1762,57,1,0,0
1763,56,1,0,0
1764,96,1,0,0
1765,29,1,0,0
1766,154,1,0,0
1767,52,1,0,0
1768,46,1,0,0
1769,55,1,0,0
1770,64,1,0,0
1771,188,1,0,0
1772,34,1,0,0
1773,13,1,0,0
1774,23,1,0,0
1775,37,1,0,0
1776,68,1,0,0
1777,37,1,0,0
1778,92,1,0,0
1779,11,1,0,0
1780,183,1,0,0
1781,44,1,0,0
1782,17,1,0,0
1783,94,1,0,0
1784,40,1,0,0
1785,20,1,0,0
1786,38,1,0,0
1787,22,1,0,0
1788,45,1,0,0
1789,154,1,0,0
1790,42,1,0,0
1791,72,1,0,0
1792,67,1,0,0
1793,62,1,0,0
1794,259,1,0,0
1795,33,1,0,0
1796,51,1,0,0
1797,73,1,0,0
1798,35,1,0,0
1799,81,1,0,0
1800,169,1,0,0
1801,33,1,0,0
1802,74,1,0,0
1803,47,1,0,0
1804,30,1,0,0
1805,119,1,0,0
1806,46,1,0,0
1807,154,1,0,0
1808,93,1,0,0
1809,82,1,0,0
1810,54,1,0,0
1811,27,1,0,0
1812,126,1,0,0
1813,93,1,0,0
1814,38,1,0,0
1815,24,1,0,0
1816,38,1,0,0
1817,42,1,0,0
1818,17,1,0,0
1819,29,1,0,0
1820,87,1,0,0
1821,97,1,0,0
1822,7,1,0,0
1823,155,1,0,0
1824,71,1,0,0
1825,108,1,0,0
1826,76,1,0,0
1827,133,1,0,0
1828,18,1,0,0
1829,63,1,0,0
1830,64,1,0,0
1831,63,1,0,0
1832,22,1,0,0
1833,96,1,0,0
1834,57,1,0,0
1835,161,1,0,0
1836,54,1,0,0
1837,99,1,0,0
1838,27,1,0,0
1839,56,1,0,0
1840,55,1,0,0
1841,122,1,0,0
1842,82,1,0,0
1843,20,1,0,0
1844,32,1,0,0
1845,49,1,0,0
1846,29,1,0,0
1847,101,1,0,0
1848,38,1,0,0
1849,64,1,0,0
1850,28,1,0,0
1851,10,1,0,0
1852,187,1,0,0
1853,81,1,0,0
1854,62,1,0,0
1855,43,1,0,0
1856,111,1,0,0
1857,63,1,0,0
1858,44,1,0,0
1859,25,1,0,0
1860,33,1,0,0
1861,109,1,0,0
1862,32,1,0,0
1863,28,1,0,0
1864,91,1,0,0
1865,37,1,0,0
1866,60,1,0,0
1867,149,1,0,0
1868,48,1,0,0
1869,25,1,0,0
1870,107,1,0,0
1871,52,1,0,0
1872,62,1,0,0
1873,54,1,0,0
1874,44,1,0,0
1875,37,1,0,0
1876,38,1,0,0
1877,219,1,0,0
1878,20,1,0,0
1879,50,1,0,0
1880,61,1,0,0
1881,24,1,0,0
1882,296,1,0,0
1883,142,1,0,0
1884,50,1,0,0
1885,21,1,0,0
1886,141,1,0,0
1887,94,1,0,0
1888,21,1,0,0
1889,128,1,0,0
1890,91,1,0,0
1891,109,1,0,0
1892,76,1,0,0
1893,18,1,0,0
1894,160,1,0,0
1895,125,1,0,0
1896,27,1,0,0
1897,17,1,0,0
1898,39,1,0,0
1899,83,1,0,0
1900,29,1,0,0
1901,111,1,0,0
1902,24,1,0,0
1903,25,1,0,0
1904,124,1,0,0
1905,20,1,0,0
1906,79,1,0,0
1907,19,1,0,0
1908,69,1,0,0
1909,93,1,0,0
1910,27,1,0,0
1911,33,1,0,0
1912,25,1,0,0
1913,19,1,0,0
1914,19,1,0,0
1915,93,1,0,0
1916,70,1,0,0
1917,95,1,0,0
1918,109,1,0,0
1919,125,1,0,0
1920,35,1,0,0
1921,32,1,0,0
1922,61,1,0,0
1923,60,1,0,0
1924,38,1,0,0
1925,24,1,0,0
1926,16,1,0,0
1927,15,1,0,0
1928,68,1,0,0
1929,85,1,0,0
1930,56,1,0,0
1931,55,1,0,0
1932,94,1,0,0
1933,24,1,0,0
1934,170,1,0,0
1935,33,1,0,0
1936,34,1,0,0
1937,25,1,0,0
1938,46,1,0,0
1939,18,1,0,0
1940,49,1,0,0
1941,30,1,0,0
1942,98,1,0,0
1943,35,1,0,0
1944,67,1,0,0
1945,112,1,0,0
1946,30,1,0,0
1947,117,1,0,0
1948,109,1,0,0
1949,26,1,0,0
1950,102,1,0,0
1951,195,1,0,0
1952,160,1,0,0
1953,59,1,0,0
1954,15,1,0,0
1955,98,1,0,0
1956,34,1,0,0
1957,86,1,0,0
1958,95,1,0,0
1959,44,1,0,0
1960,38,1,0,0
1961,56,1,0,0
1962,53,1,0,0
1963,69,1,0,0
1964,42,1,0,0
1965,31,1,0,0
1966,104,1,0,0
1967,72,1,0,0
1968,123,1,0,0
1969,104,1,0,0
1970,9,1,0,0
1971,57,1,0,0
1972,55,1,0,0
1973,72,1,0,0
1974,65,1,0,0
1975,36,1,0,0
1976,81,1,0,0
1977,95,1,0,0
1978,80,1,0,0
1979,58,1,0,0
1980,55,1,0,0
1981,42,1,0,0
1982,30,1,0,0
1983,16,1,0,0
1984,117,1,0,0
1985,23,1,0,0
1986,158,1,0,0
1987,81,1,0,0
1988,128,1,0,0
1989,88,1,0,0
1990,77,1,0,0
1991,10,1,0,0
1992,34,1,0,0
1993,29,1,0,0
1994,11,1,0,0
1995,84,1,0,0
1996,61,1,0,0
1997,127,1,0,0
1998,21,1,0,0
1999,10,1,0,0
2000,73,1,0,0
2001,19,1,0,0
2002,88,1,0,0
2003,253,1,0,0
2004,33,1,0,0
2005,44,1,0,0
2006,90,1,0,0
2007,41,1,0,0
2008,103,1,0,0
2009,79,1,0,0
2010,90,1,0,0
2011,103,1,0,0
2012,50,1,0,0
2013,49,1,0,0
2014,46,1,0,0
2015,108,1,0,0
2016,120,1,0,0
2017,76,1,0,0
2018,66,1,0,0
2019,26,1,0,0
2020,24,1,0,0
2021,137,1,0,0
2022,62,1,0,0
2023,7,1,0,0
2024,68,1,0,0
2025,23,1,0,0
2026,48,1,0,0
2027,59,1,0,0
2028,47,1,0,0
2029,26,1,0,0
2030,131,1,0,0
2031,29,1,0,0
2032,322,1,0,0
2033,42,1,0,0
2034,171,1,0,0
2035,19,1,0,0
2036,122,1,0,0
2037,28,1,0,0
2038,27,1,0,0
2039,75,1,0,0
2040,10,1,0,0
2041,18,1,0,0
2042,78,1,0,0
2043,40,1,0,0
2044,18,1,0,0
2045,108,1,0,0
2046,205,1,0,0
2047,258,1,0,0
2048,44,1,0,0
2049,68,1,0,0
2050,28,1,0,0
2051,27,1,0,0
2052,76,1,0,0
2053,14,1,0,0
2054,50,1,0,0
2055,88,1,0,0
2056,67,1,0,0
2057,68,1,0,0
2058,24,1,0,0
2059,33,1,0,0
2060,66,1,0,0
2061,44,1,0,0
2062,70,1,0,0
2063,84,1,0,0
2064,93,1,0,0
2065,77,1,0,0
2066,42,1,0,0
2067,183,1,0,0
2068,30,1,0,0
2069,118,1,0,0
2070,31,1,0,0
2071,71,1,0,0
2072,99,1,0,0
2073,18,1,0,0
2074,14,1,0,0
2075,10,1,0,0
2076,80,1,0,0
2077,281,1,0,0
2078,20,1,0,0
2079,57,1,0,0
2080,34,1,0,0
2081,170,1,0,0
2082,18,1,0,0
2083,12,1,0,0
2084,108,1,0,0
2085,47,1,0,0
2086,29,1,0,0
2087,74,1,0,0
2088,107,1,0,0
2089,33,1,0,0
2090,79,1,0,0
2091,29,1,0,0
2092,200,1,0,0
2093,59,1,0,0
2094,73,1,0,0
2095,73,1,0,0
2096,99,1,0,0
2097,54,1,0,0
2098,192,1,0,0
2099,62,1,0,0
2100,53,1,0,0
2101,146,1,0,0
2102,119,1,0,0
2103,224,1,0,0
2104,64,1,0,0
2105,28,1,0,0
2106,108,1,0,0
2107,10,1,0,0
2108,60,1,0,0
2109,25,1,0,0
2110,39,1,0,0
2111,75,1,0,0
2112,66,1,0,0
2113,46,1,0,0
2114,15,1,0,0
2115,55,1,0,0
2116,73,1,0,0
2117,88,1,0,0
2118,35,1,0,0
2119,26,1,0,0
2120,44,1,0,0
2121,44,1,0,0
2122,42,1,0,0
2123,15,1,0,0
2124,31,1,0,0
2125,26,1,0,0
2126,9,1,0,0
2127,30,1,0,0
2128,41,1,0,0
2129,62,1,0,0
2130,101,1,0,0
2131,32,1,0,0
2132,14,1,0,0
2133,90,1,0,0
2134,34,1,0,0
2135,93,1,0,0
2136,68,1,0,0
2137,32,1,0,0
2138,29,1,0,0
2139,19,1,0,0
2140,27,1,0,0
2141,188,1,0,0
2142,107,1,0,0
2143,10,1,0,0
2144,41,1,0,0
2145,36,1,0,0
2146,17,1,0,0
2147,33,1,0,0
2148,62,1,0,0
2149,232,1,0,0
2150,33,1,0,0
2151,111,1,0,0
2152,41,1,0,0
2153,189,1,0,0
2154,76,1,0,0
2155,86,1,0,0
2156,76,1,0,0
2157,93,1,0,0
2158,28,1,0,0
2159,48,1,0,0
2160,75,1,0,0
2161,30,1,0,0
2162,35,1,0,0
2163,71,1,0,0
2164,22,1,0,0
2165,83,1,0,0
2166,73,1,0,0
2167,76,1,0,0
2168,40,1,0,0
2169,27,1,0,0
2170,110,1,0,0
2171,54,1,0,0
2172,217,1,0,0
2173,209,1,0,0
2174,164,1,0,0
2175,46,1,0,0
2176,28,1,0,0
2177,261,1,0,0
2178,37,1,0,0
2179,48,1,0,0
2180,23,1,0,0
2181,62,1,0,0
2182,98,1,0,0
2183,29,1,0,0
2184,76,1,0,0
2185,74,1,0,0
2186,177,1,0,0
2187,24,1,0,0
2188,16,1,0,0
2189,49,1,0,0
2190,33,1,0,0
2191,20,1,0,0
2192,167,1,0,0
2193,26,1,0,0
2194,45,1,0,0
2195,55,1,0,0
2196,187,1,0,0
2197,125,1,0,0
2198,34,1,0,0
2199,29,1,0,0
2200,133,1,0,0
2201,11,1,0,0
2202,17,1,0,0
2203,72,1,0,0
2204,57,1,0,0
2205,148,1,0,0
2206,36,1,0,0
2207,58,1,0,0
2208,137,1,0,0
2209,51,1,0,0
2210,54,1,0,0
2211,29,1,0,0
2212,109,1,0,0
2213,128,1,0,0
2214,48,1,0,0
2215,42,1,0,0
2216,34,1,0,0
2217,112,1,0,0
2218,53,1,0,0
2219,101,1,0,0
2220,90,1,0,0
2221,88,1,0,0
2222,185,1,0,0
2223,110,1,0,0
2224,81,1,0,0
2225,66,1,0,0
2226,246,1,0,0
2227,24,1,0,0
2228,45,1,0,0
2229,62,1,0,0
2230,36,1,0,0
2231,88,1,0,0
2232,177,1,0,0
2233,51,1,0,0
2234,150,1,0,0
2235,142,1,0,0
2236,49,1,0,0
2237,163,1,0,0
2238,128,1,0,0
2239,137,1,0,0
2240,41,1,0,0
2241,49,1,0,0
2242,67,1,0,0
2243,54,1,0,0
2244,8,1,0,0
2245,95,1,0,0
2246,175,1,0,0
2247,77,1,0,0
2248,144,1,0,0
2249,29,1,0,0
2250,88,1,0,0
2251,101,1,0,0
2252,134,1,0,0
2253,40,1,0,0
2254,52,1,0,0
2255,19,1,0,0
2256,99,1,0,0
2257,44,1,0,0
2258,31,1,0,0
2259,39,1,0,0
2260,47,1,0,0
2261,113,1,0,0
2262,20,1,0,0
2263,60,1,0,0
2264,33,1,0,0
2265,14,1,0,0
2266,80,1,0,0
2267,43,1,0,0
2268,61,1,0,0
2269,42,1,0,0
2270,21,1,0,0
2271,95,1,0,0
2272,40,1,0,0
2273,113,1,0,0
2274,49,1,0,0
2275,70,1,0,0
2276,42,1,0,0
2277,72,1,0,0
2278,81,1,0,0
2279,20,1,0,0
2280,83,1,0,0
2281,119,1,0,0
2282,41,1,0,0
2283,67,1,0,0
2284,58,1,0,0
2285,78,1,0,0
2286,19,1,0,0
2287,20,1,0,0
2288,69,1,0,0
2289,57,1,0,0
2290,70,1,0,0
2291,46,1,0,0
2292,31,1,0,0
2293,55,1,0,0
2294,45,1,0,0
2295,22,1,0,0
2296,19,1,0,0
2297,52,1,0,0
2298,23,1,0,0
2299,146,1,0,0
2300,117,1,0,0
2301,33,1,0,0
2302,55,1,0,0
2303,65,1,0,0
2304,33,1,0,0
2305,42,1,0,0
2306,48,1,0,0
2307,175,1,0,0
2308,40,1,0,0
2309,93,1,0,0
2310,63,1,0,0
2311,83,1,0,0
2312,26,1,0,0
2313,48,1,0,0
2314,18,1,0,0
2315,12,1,0,0
2316,110,1,0,0
2317,42,1,0,0
2318,93,1,0,0
2319,68,1,0,0
2320,72,1,0,0
2321,26,1,0,0
2322,22,1,0,0
2323,96,1,0,0
2324,318,1,0,0
2325,83,1,0,0
2326,35,1,0,0
2327,113,1,0,0
2328,20,1,0,0
2329,41,1,0,0
2330,69,1,0,0
2331,99,1,0,0
2332,139,1,0,0
2333,88,1,0,0
2334,74,1,0,0
2335,35,1,0,0
2336,231,1,0,0
2337,138,1,0,0
2338,47,1,0,0
2339,89,1,0,0
2340,59,1,0,0
2341,77,1,0,0
2342,106,1,0,0
2343,176,1,0,0
2344,132,1,0,0
2345,57,1,0,0
2346,59,1,0,0
2347,65,1,0,0
2348,46,1,0,0
2349,15,1,0,0
2350,28,1,0,0
2351,17,1,0,0
2352,42,1,0,0
2353,15,1,0,0
2354,34,1,0,0
2355,124,1,0,0
2356,145,1,0,0
2357,51,1,0,0
2358,58,1,0,0
2359,174,1,0,0
2360,15,1,0,0
2361,148,1,0,0
2362,52,1,0,0
2363,142,1,0,0
2364,38,1,0,0
2365,37,1,0,0
2366,46,1,0,0
2367,31,1,0,0
2368,24,1,0,0
2369,10,1,0,0
2370,47,1,0,0
2371,72,1,0,0
2372,208,1,0,0
2373,121,1,0,0
2374,37,1,0,0
2375,68,1,0,0
2376,133,1,0,0
2377,11,1,0,0
2378,29,1,0,0
2379,12,1,0,0
2380,13,1,0,0
2381,27,1,0,0
2382,19,1,0,0
2383,46,1,0,0
2384,67,1,0,0
2385,75,1,0,0
2386,35,1,0,0
2387,40,1,0,0
2388,49,1,0,0
2389,25,1,0,0
2390,127,1,0,0
2391,71,1,0,0
2392,23,1,0,0
2393,16,1,0,0
2394,86,1,0,0
2395,50,1,0,0
2396,18,1,0,0
2397,48,1,0,0
2398,57,1,0,0
2399,76,1,0,0
2400,102,1,0,0
2401,100,1,0,0
2402,37,1,0,0
2403,147,1,0,0
2404,17,1,0,0
2405,55,1,0,0
2406,110,1,0,0
2407,74,1,0,0
2408,56,1,0,0
2409,136,1,0,0
2410,115,1,0,0
2411,15,1,0,0
2412,44,1,0,0
2413,31,1,0,0
2414,178,1,0,0
2415,22,1,0,0
2416,53,1,0,0
2417,78,1,0,0
2418,63,1,0,0
2419,35,1,0,0
2420,7,1,0,0
2421,39,1,0,0
2422,85,1,0,0
2423,60,1,0,0
2424,62,1,0,0
2425,68,1,0,0
2426,68,1,0,0
2427,106,1,0,0
2428,105,1,0,0
2429,59,1,0,0
2430,91,1,0,0
2431,25,1,0,0
2432,31,1,0,0
2433,31,1,0,0
2434,28,1,0,0
2435,66,1,0,0
2436,55,1,0,0
2437,30,1,0,0
2438,14,1,0,0
2439,122,1,0,0
2440,19,1,0,0
2441,41,1,0,0
2442,14,1,0,0
2443,36,1,0,0
2444,23,1,0,0
2445,13,1,0,0
2446,75,1,0,0
2447,10,1,0,0
2448,47,1,0,0
2449,25,1,0,0
2450,51,1,0,0
2451,105,1,0,0
2452,44,1,0,0
2453,40,1,0,0
2454,28,1,0,0
2455,9,1,0,0
2456,89,1,0,0
2457,65,1,0,0
2458,105,1,0,0
2459,45,1,0,0
2460,60,1,0,0
2461,50,1,0,0
2462,286,1,0,0
2463,44,1,0,0
2464,42,1,0,0
2465,126,1,0,0
2466,113,1,0,0
2467,104,1,0,0
2468,126,1,0,0
2469,31,1,0,0
2470,30,1,0,0
2471,30,1,0,0
2472,26,1,0,0
2473,70,1,0,0
2474,45,1,0,0
2475,45,1,0,0
2476,43,1,0,0
2477,150,1,0,0
2478,75,1,0,0
2479,54,1,0,0
2480,35,1,0,0
2481,129,1,0,0
2482,59,1,0,0
2483,13,1,0,0
2484,80,1,0,0
2485,38,1,0,0
2486,134,1,0,0
2487,30,1,0,0
2488,50,1,0,0
2489,27,1,0,0
2490,14,1,0,0
2491,67,1,0,0
2492,29,1,0,0
2493,178,1,0,0
2494,83,1,0,0
2495,66,1,0,0
2496,43,1,0,0
2497,60,1,0,0
2498,34,1,0,0
2499,8,1,0,0
2500,29,1,0,0
2501,83,1,0,0
2502,34,1,0,0
2503,19,1,0,0
2504,34,1,0,0
2505,124,1,0,0
2506,104,1,0,0
2507,35,1,0,0
2508,42,1,0,0
2509,40,1,0,0
2510,111,1,0,0
2511,79,1,0,0
2512,63,1,0,0
2513,113,1,0,0
2514,39,1,0,0
2515,69,1,0,0
2516,109,1,0,0
2517,35,1,0,0
2518,12,1,0,0
2519,28,1,0,0
2520,161,1,0,0
2521,50,1,0,0
2522,22,1,0,0
2523,62,1,0,0
2524,48,1,0,0
2525,282,1,0,0
2526,27,1,0,0
2527,180,1,0,0
2528,29,1,0,0
2529,13,1,0,0
2530,58,1,0,0
2531,121,1,0,0
2532,19,1,0,0
2533,76,1,0,0
2534,54,1,0,0
2535,36,1,0,0
2536,36,1,0,0
2537,10,1,0,0
2538,75,1,0,0
2539,48,1,0,0
2540,39,1,0,0
2541,88,1,0,0
2542,28,1,0,0
2543,12,1,0,0
2544,63,1,0,0
2545,40,1,0,0
2546,28,1,0,0
2547,50,1,0,0
2548,71,1,0,0
2549,117,1,0,0
2550,7,1,0,0
2551,69,1,0,0
2552,33,1,0,0
2553,40,1,0,0
2554,186,1,0,0
2555,55,1,0,0
2556,36,1,0,0
2557,46,1,0,0
2558,32,1,0,0
2559,22,1,0,0
2560,32,1,0,0
2561,87,1,0,0
2562,21,1,0,0
2563,203,1,0,0
2564,23,1,0,0
2565,16,1,0,0
2566,50,1,0,0
2567,50,1,0,0
2568,83,1,0,0
2569,66,1,0,0
2570,43,1,0,0
2571,30,1,0,0
2572,44,1,0,0
2573,36,1,0,0
2574,24,1,0,0
2575,77,1,0,0
2576,50,1,0,0
2577,40,1,0,0
2578,82,1,0,0
2579,46,1,0,0
2580,34,1,0,0
2581,45,1,0,0
2582,90,1,0,0
2583,35,1,0,0
2584,84,1,0,0
2585,119,1,0,0
2586,51,1,0,0
2587,41,1,0,0
2588,90,1,0,0
2589,11,1,0,0
2590,84,1,0,0
2591,64,1,0,0
2592,65,1,0,0
2593,92,1,0,0
2594,88,1,0,0
2595,14,1,0,0
2596,24,1,0,0
2597,85,1,0,0
2598,94,1,0,0
2599,154,1,0,0
2600,113,1,0,0
2601,33,1,0,0
2602,26,1,0,0
2603,47,1,0,0
2604,43,1,0,0
2605,63,1,0,0
2606,13,1,0,0
2607,72,1,0,0
2608,63,1,0,0
2609,53,1,0,0
2610,65,1,0,0
2611,26,1,0,0
2612,212,1,0,0
2613,17,1,0,0
2614,78,1,0,0
2615,28,1,0,0
2616,62,1,0,0
2617,87,1,0,0
2618,24,1,0,0
2619,158,1,0,0
2620,66,1,0,0
2621,93,1,0,0
2622,23,1,0,0
2623,81,1,0,0
2624,83,1,0,0
2625,153,1,0,0
2626,63,1,0,0
2627,44,1,0,0
2628,32,1,0,0
2629,41,1,0,0
2630,79,1,0,0
2631,11,1,0,0
2632,80,1,0,0
2633,80,1,0,0
2634,63,1,0,0
2635,59,1,0,0
2636,230,1,0,0
2637,18,1,0,0
2638,13,1,0,0
2639,123,1,0,0
2640,158,1,0,0
2641,71,1,0,0
2642,97,1,0,0
2643,47,1,0,0
2644,75,1,0,0
2645,70,1,0,0
2646,30,1,0,0
2647,129,1,0,0
2648,88,1,0,0
2649,135,1,0,0
2650,53,1,0,0
2651,75,1,0,0
2652,162,1,0,0
2653,17,1,0,0
2654,267,1,0,0
2655,116,1,0,0
2656,66,1,0,0
2657,99,1,0,0
2658,28,1,0,0
2659,40,1,0,0
2660,118,1,0,0
2661,33,1,0,0
2662,18,1,0,0
2663,23,1,0,0
2664,48,1,0,0
2665,109,1,0,0
2666,178,1,0,0
2667,67,1,0,0
2668,76,1,0,0
2669,56,1,0,0
2670,113,1,0,0
2671,147,1,0,0
2672,70,1,0,0
2673,38,1,0,0
2674,11,1,0,0
2675,84,1,0,0
2676,26,1,0,0
2677,34,1,0,0
2678,115,1,0,0
2679,27,1,0,0
2680,36,1,0,0
2681,126,1,0,0
2682,117,1,0,0
2683,142,1,0,0
2684,89,1,0,0
2685,72,1,0,0
2686,57,1,0,0
2687,20,1,0,0
2688,204,1,0,0
2689,65,1,0,0
2690,117,1,0,0
2691,78,1,0,0
2692,58,1,0,0
2693,17,1,0,0
2694,68,1,0,0
2695,81,1,0,0
2696,58,1,0,0
2697,29,1,0,0
2698,141,1,0,0
2699,95,1,0,0
2700,14,1,0,0
2701,63,1,0,0
2702,28,1,0,0
2703,83,1,0,0
2704,107,1,0,0
2705,30,1,0,0
2706,56,1,0,0
2707,15,1,0,0
2708,55,1,0,0
2709,34,1,0,0
2710,25,1,0,0
2711,44,1,0,0
2712,52,1,0,0
2713,19,1,0,0
2714,34,1,0,0
2715,17,1,0,0
2716,100,1,0,0
2717,58,1,0,0
2718,65,1,0,0
2719,259,1,0,0
2720,75,1,0,0
2721,31,1,0,0
2722,155,1,0,0
2723,38,1,0,0
2724,78,1,0,0
2725,40,1,0,0
2726,9,1,0,0
2727,89,1,0,0
2728,87,1,0,0
2729,17,1,0,0
2730,99,1,0,0
2731,58,1,0,0
2732,25,1,0,0
2733,24,1,0,0
2734,39,1,0,0
2735,65,1,0,0
2736,70,1,0,0
2737,79,1,0,0
2738,55,1,0,0
2739,200,1,0,0
2740,99,1,0,0
2741,118,1,0,0
2742,99,1,0,0
2743,24,1,0,0
2744,117,1,0,0
2745,155,1,0,0
2746,40,1,0,0
2747,119,1,0,0
2748,18,1,0,0
2749,35,1,0,0
2750,96,1,0,0
2751,49,1,0,0
2752,20,1,0,0
2753,75,1,0,0
2754,42,1,0,0
2755,84,1,0,0
2756,53,1,0,0
2757,73,1,0,0
2758,28,1,0,0
2759,74,1,0,0
2760,75,1,0,0
2761,58,1,0,0
2762,21,1,0,0
2763,33,1,0,0
2764,7,1,0,0
2765,72,1,0,0
2766,21,1,0,0
2767,273,1,0,0
2768,58,1,0,0
2769,68,1,0,0
2770,96,1,0,0
2771,177,1,0,0
2772,24,1,0,0
2773,72,1,0,0
2774,15,1,0,0
2775,129,1,0,0
2776,37,1,0,0
2777,35,1,0,0
2778,99,1,0,0
2779,38,1,0,0
2780,52,1,0,0
2781,16,1,0,0
2782,53,1,0,0
2783,73,1,0,0
2784,72,1,0,0
2785,22,1,0,0
2786,11,1,0,0
2787,103,1,0,0
2788,14,1,0,0
2789,143,1,0,0
2790,43,1,0,0
2791,17,1,0,0
2792,129,1,0,0
2793,47,1,0,0
2794,82,1,0,0
2795,12,1,0,0
2796,59,1,0,0
2797,104,1,0,0
2798,138,1,0,0
2799,140,1,0,0
2800,127,1,0,0
2801,112,1,0,0
2802,40,1,0,0
2803,142,1,0,0
2804,81,1,0,0
2805,93,1,0,0
2806,65,1,0,0
2807,68,1,0,0
2808,95,1,0,0
2809,39,1,0,0
2810,7,1,0,0
2811,66,1,0,0
2812,47,1,0,0
2813,140,1,0,0
2814,39,1,0,0
2815,40,1,0,0
2816,55,1,0,0
2817,77,1,0,0
2818,64,1,0,0
2819,70,1,0,0
2820,35,1,0,0
2821,101,1,0,0
2822,76,1,0,0
2823,46,1,0,0
2824,62,1,0,0
2825,157,1,0,0
2826,42,1,0,0
2827,66,1,0,0
2828,30,1,0,0
2829,31,1,0,0
2830,122,1,0,0
2831,55,1,0,0
2832,151,1,0,0
2833,45,1,0,0
2834,82,1,0,0
2835,95,1,0,0
2836,42,1,0,0
2837,94,1,0,0
2838,90,1,0,0
2839,38,1,0,0
2840,66,1,0,0
2841,178,1,0,0
2842,7,1,0,0
2843,46,1,0,0
2844,179,1,0,0
2845,81,1,0,0
2846,49,1,0,0
2847,93,1,0,0
2848,60,1,0,0
2849,35,1,0,0
2850,49,1,0,0
2851,64,1,0,0
2852,32,1,0,0
2853,87,1,0,0
2854,37,1,0,0
2855,37,1,0,0
2856,9,1,0,0
2857,81,1,0,0
2858,37,1,0,0
2859,36,1,0,0
2860,28,1,0,0
2861,119,1,0,0
2862,90,1,0,0
2863,34,1,0,0
2864,125,1,0,0
2865,173,1,0,0
2866,122,1,0,0
2867,60,1,0,0
2868,141,1,0,0
2869,56,1,0,0
2870,9,1,0,0
2871,33,1,0,0
2872,27,1,0,0
2873,42,1,0,0
2874,80,1,0,0
2875,35,1,0,0
2876,306,1,0,0
2877,49,1,0,0
2878,72,1,0,0
2879,13,1,0,0
2880,50,1,0,0
2881,208,1,0,0
2882,27,1,0,0
2883,102,1,0,0
2884,200,1,0,0
2885,157,1,0,0
2886,18,1,0,0
2887,17,1,0,0
2888,65,1,0,0
2889,64,1,0,0
2890,84,1,0,0
2891,137,1,0,0
2892,197,1,0,0
2893,25,1,0,0
2894,26,1,0,0
2895,61,1,0,0
2896,49,1,0,0
2897,40,1,0,0
2898,110,1,0,0
2899,54,1,0,0
2900,21,1,0,0
2901,115,1,0,0
2902,32,1,0,0
2903,29,1,0,0
2904,69,1,0,0
2905,19,1,0,0
2906,25,1,0,0
2907,45,1,0,0
2908,67,1,0,0
2909,78,1,0,0
2910,64,1,0,0
2911,212,1,0,0
2912,87,1,0,0
2913,65,1,0,0
2914,37,1,0,0
2915,115,1,0,0
2916,95,1,0,0
2917,35,1,0,0
2918,48,1,0,0
2919,50,1,0,0
2920,90,1,0,0
2921,125,1,0,0
2922,25,1,0,0
2923,78,1,0,0
2924,26,1,0,0
2925,18,1,0,0
2926,14,1,0,0
2927,46,1,0,0
2928,142,1,0,0
2929,54,1,0,0
2930,109,1,0,0
2931,111,1,0,0
2932,38,1,0,0
2933,93,1,0,0
2934,115,1,0,0
2935,61,1,0,0
2936,93,1,0,0
2937,26,1,0,0
2938,23,1,0,0
2939,309,1,0,0
2940,42,1,0,0
2941,16,1,0,0
2942,91,1,0,0
2943,92,1,0,0
2944,32,1,0,0
2945,46,1,0,0
2946,71,1,0,0
2947,69,1,0,0
2948,52,1,0,0
2949,65,1,0,0
2950,125,1,0,0
2951,23,1,0,0
2952,58,1,0,0
2953,30,1,0,0
2954,38,1,0,0
2955,123,1,0,0
2956,64,1,0,0
2957,57,1,0,0
2958,57,1,0,0
2959,156,1,0,0
2960,115,1,0,0
2961,55,1,0,0
2962,39,1,0,0
2963,77,1,0,0
2964,36,1,0,0
2965,87,1,0,0
2966,107,1,0,0
2967,51,1,0,0
2968,63,1,0,0
2969,88,1,0,0
2970,165,1,0,0
2971,22,1,0,0
2972,25,1,0,0
2973,45,1,0,0
2974,23,1,0,0
2975,18,1,0,0
2976,72,1,0,0
2977,30,1,0,0
2978,60,1,0,0
2979,15,1,0,0
2980,40,1,0,0
2981,60,1,0,0
2982,100,1,0,0
2983,90,1,0,0
2984,9,1,0,0
2985,33,1,0,0
2986,29,1,0,0
2987,40,1,0,0
2988,29,1,0,0
2989,53,1,0,0
2990,125,1,0,0
2991,52,1,0,0
2992,49,1,0,0
2993,71,1,0,0
2994,112,1,0,0
2995,256,1,0,0
2996,61,1,0,0
2997,33,1,0,0
2998,16,1,0,0
2999,25,1,0,0
3000,48,1,0,0
3001,169,1,0,0
3002,27,1,0,0
3003,46,1,0,0
3004,15,1,0,0
3005,57,1,0,0
3006,43,1,0,0
3007,130,1,0,0
3008,20,1,0,0
3009,14,1,0,0
3010,29,1,0,0
3011,52,1,0,0
3012,59,1,0,0
3013,35,1,0,0
3014,32,1,0,0
3015,59,1,0,0
3016,46,1,0,0
3017,63,1,0,0
3018,49,1,0,0
3019,45,1,0,0
3020,40,1,0,0
3021,96,1,0,0
3022,53,1,0,0
3023,82,1,0,0
3024,122,1,0,0
3025,72,1,0,0
3026,122,1,0,0
3027,16,1,0,0
3028,104,1,0,0
3029,50,1,0,0
3030,28,1,0,0
3031,33,1,0,0
3032,99,1,0,0
3033,127,1,0,0
3034,167,1,0,0
3035,19,1,0,0
3036,60,1,0,0
3037,171,1,0,0
3038,36,1,0,0
3039,155,1,0,0
3040,61,1,0,0
3041,45,1,0,0
3042,28,1,0,0
3043,206,1,0,0
3044,163,1,0,0
3045,91,1,0,0
3046,82,1,0,0
3047,87,1,0,0
3048,157,1,0,0
3049,82,1,0,0
3050,115,1,0,0
3051,152,1,0,0
3052,125,1,0,0
3053,43,1,0,0
3054,138,1,0,0
3055,39,1,0,0
3056,49,1,0,0
3057,40,1,0,0
3058,132,1,0,0
3059,95,1,0,0
3060,14,1,0,0
3061,151,1,0,0
3062,84,1,0,0
3063,72,1,0,0
3064,113,1,0,0
3065,164,1,0,0
3066,38,1,0,0
3067,155,1,0,0
3068,61,1,0,0
3069,139,1,0,0
3070,69,1,0,0
3071,35,1,0,0
3072,52,1,0,0
3073,52,1,0,0
3074,93,1,0,0
3075,295,1,0,0
3076,32,1,0,0
3077,48,1,0,0
3078,54,1,0,0
3079,25,1,0,0
3080,52,1,0,0
3081,117,1,0,0
3082,42,1,0,0
3083,33,1,0,0
3084,56,1,0,0
3085,48,1,0,0
3086,86,1,0,0
3087,17,1,0,0
3088,34,1,0,0
3089,104,1,0,0
3090,61,1,0,0
3091,39,1,0,0
3092,102,1,0,0
3093,123,1,0,0
3094,21,1,0,0
3095,47,1,0,0
3096,44,1,0,0
3097,11,1,0,0
3098,110,1,0,0
3099,68,1,0,0
3100,29,1,0,0
3101,49,1,0,0
3102,30,1,0,0
3103,38,1,0,0
3104,52,1,0,0
3105,42,1,0,0
3106,114,1,0,0
3107,67,1,0,0
3108,94,1,0,0
3109,143,1,0,0
3110,37,1,0,0
3111,114,1,0,0
3112,25,1,0,0
3113,51,1,0,0
3114,25,1,0,0
3115,49,1,0,0
3116,23,1,0,0
3117,19,1,0,0
3118,26,1,0,0
3119,145,1,0,0
3120,228,1,0,0
3121,26,1,0,0
3122,55,1,0,0
3123,11,1,0,0
3124,41,1,0,0
3125,40,1,0,0
3126,105,1,0,0
3127,47,1,0,0
3128,246,1,0,0
3129,86,1,0,0
3130,147,1,0,0
3131,68,1,0,0
3132,143,1,0,0
3133,56,1,0,0
3134,52,1,0,0
3135,86,1,0,0
3136,37,1,0,0
3137,75,1,0,0
3138,56,1,0,0
3139,84,1,0,0
3140,8,1,0,0
3141,53,1,0,0
3142,153,1,0,0
3143,75,1,0,0
3144,24,1,0,0
3145,123,1,0,0
3146,67,1,0,0
3147,49,1,0,0
3148,131,1,0,0
3149,64,1,0,0
3150,52,1,0,0
3151,76,1,0,0
3152,125,1,0,0
3153,54,1,0,0
3154,23,1,0,0
3155,21,1,0,0
3156,27,1,0,0
3157,190,1,0,0
3158,151,1,0,0
3159,84,1,0,0
3160,66,1,0,0
3161,58,1,0,0
3162,13,1,0,0
3163,29,1,0,0
3164,46,1,0,0
3165,204,1,0,0
3166,116,1,0,0
3167,55,1,0,0
3168,67,1,0,0
3169,191,1,0,0
3170,81,1,0,0
3171,43,1,0,0
3172,101,1,0,0
3173,59,1,0,0
3174,106,1,0,0
3175,62,1,0,0
3176,43,1,0,0
3177,163,1,0,0
3178,95,1,0,0
3179,34,1,0,0
3180,50,1,0,0
3181,35,1,0,0
3182,64,1,0,0
3183,24,1,0,0
3184,41,1,0,0
3185,55,1,0,0
3186,118,1,0,0
3187,47,1,0,0
3188,57,1,0,0
3189,23,1,0,0
3190,149,1,0,0
3191,65,1,0,0
3192,144,1,0,0
3193,58,1,0,0
3194,26,1,0,0
3195,45,1,0,0
3196,220,1,0,0
3197,36,1,0,0
3198,95,1,0,0
3199,15,1,0,0
3200,140,1,0,0
3201,77,1,0,0
3202,87,1,0,0
3203,180,1,0,0
3204,192,1,0,0
3205,33,1,0,0
3206,70,1,0,0
3207,49,1,0,0
3208,105,1,0,0
3209,91,1,0,0
3210,25,1,0,0
3211,62,1,0,0
3212,14,1,0,0
3213,21,1,0,0
3214,80,1,0,0
3215,17,1,0,0
3216,90,1,0,0
3217,30,1,0,0
3218,66,1,0,0
3219,71,1,0,0
3220,47,1,0,0
3221,69,1,0,0
3222,34,1,0,0
3223,61,1,0,0
3224,60,1,0,0
3225,35,1,0,0
3226,86,1,0,0
3227,188,1,0,0
3228,83,1,0,0
3229,106,1,0,0
3230,105,1,0,0
3231,66,1,0,0
3232,133,1,0,0
3233,64,1,0,0
3234,106,1,0,0
3235,96,1,0,0
3236,128,1,0,0
3237,40,1,0,0
3238,83,1,0,0
3239,52,1,0,0
3240,77,1,0,0
3241,44,1,0,0
3242,21,1,0,0
3243,83,1,0,0
3244,61,1,0,0
3245,79,1,0,0
3246,18,1,0,0
3247,41,1,0,0
3248,38,1,0,0
3249,162,1,0,0
3250,38,1,0,0
3251,37,1,0,0
3252,93,1,0,0
3253,99,1,0,0
3254,67,1,0,0
3255,54,1,0,0
3256,23,1,0,0
3257,36,1,0,0
3258,41,1,0,0
3259,138,1,0,0
3260,46,1,0,0
3261,110,1,0,0
3262,55,1,0,0
3263,13,1,0,0
3264,86,1,0,0
3265,28,1,0,0
3266,36,1,0,0
3267,50,1,0,0
3268,15,1,0,0
3269,44,1,0,0
3270,64,1,0,0
3271,16,1,0,0
3272,52,1,0,0
3273,39,1,0,0
3274,59,1,0,0
3275,92,1,0,0
3276,47,1,0,0
3277,89,1,0,0
3278,126,1,0,0
3279,39,1,0,0
3280,53,1,0,0
3281,71,1,0,0
3282,35,1,0,0
3283,19,1,0,0
3284,62,1,0,0
3285,71,1,0,0
3286,60,1,0,0
3287,50,1,0,0
3288,34,1,0,0
3289,160,1,0,0
3290,14,1,0,0
3291,46,1,0,0
3292,27,1,0,0
3293,70,1,0,0
3294,85,1,0,0
3295,24,1,0,0
3296,69,1,0,0
3297,144,1,0,0
3298,17,1,0,0
3299,76,1,0,0
3300,27,1,0,0
3301,24,1,0,0
3302,101,1,0,0
3303,32,1,0,0
3304,70,1,0,0
3305,126,1,0,0
3306,36,1,0,0
3307,58,1,0,0
3308,58,1,0,0
3309,58,1,0,0
3310,36,1,0,0
3311,129,1,0,0
3312,20,1,0,0
3313,63,1,0,0
3314,46,1,0,0
3315,57,1,0,0
3316,74,1,0,0
3317,50,1,0,0
3318,47,1,0,0
3319,102,1,0,0
3320,230,1,0,0
3321,61,1,0,0
3322,60,1,0,0
3323,44,1,0,0
3324,25,1,0,0
3325,23,1,0,0
3326,76,1,0,0
3327,135,1,0,0
3328,73,1,0,0
3329,12,1,0,0
3330,57,1,0,0
3331,61,1,0,0
3332,157,1,0,0
3333,42,1,0,0
3334,62,1,0,0
3335,266,1,0,0
3336,68,1,0,0
3337,31,1,0,0
3338,24,1,0,0
3339,121,1,0,0
3340,39,1,0,0
3341,93,1,0,0
3342,31,1,0,0
3343,42,1,0,0
3344,55,1,0,0
3345,79,1,0,0
3346,13,1,0,0
3347,10,1,0,0
3348,48,1,0,0
3349,45,1,0,0
3350,90,1,0,0
3351,33,1,0,0
3352,53,1,0,0
3353,50,1,0,0
3354,62,1,0,0
3355,25,1,0,0
3356,68,1,0,0
3357,28,1,0,0
3358,166,1,0,0
3359,43,1,0,0
3360,33,1,0,0
3361,86,1,0,0
3362,25,1,0,0
3363,11,1,0,0
3364,91,1,0,0
3365,207,1,0,0
3366,107,1,0,0
3367,47,1,0,0
3368,81,1,0,0
3369,66,1,0,0
3370,62,1,0,0
3371,126,1,0,0
3372,26,1,0,0
3373,19,1,0,0
3374,11,1,0,0
3375,77,1,0,0
3376,83,1,0,0
3377,132,1,0,0
3378,36,1,0,0
3379,81,1,0,0
3380,30,1,0,0
3381,106,1,0,0
3382,41,1,0,0
3383,160,1,0,0
3384,132,1,0,0
3385,124,1,0,0
3386,256,1,0,0
3387,64,1,0,0
3388,86,1,0,0
3389,17,1,0,0
3390,13,1,0,0
3391,26,1,0,0
3392,105,1,0,0
3393,89,1,0,0
3394,17,1,0,0
3395,74,1,0,0
3396,138,1,0,0
3397,39,1,0,0
3398,191,1,0,0
3399,82,1,0,0
3400,247,1,0,0
3401,66,1,0,0
3402,91,1,0,0
3403,18,1,0,0
3404,120,1,0,0
3405,33,1,0,0
3406,32,1,0,0
3407,84,1,0,0
3408,50,1,0,0
3409,240,1,0,0
3410,45,1,0,0
3411,22,1,0,0
3412,217,1,0,0
3413,41,1,0,0
3414,145,1,0,0
3415,24,1,0,0
3416,107,1,0,0
3417,31,1,0,0
3418,42,1,0,0
3419,91,1,0,0
3420,10,1,0,0
3421,57,1,0,0
3422,92,1,0,0
3423,13,1,0,0
3424,87,1,0,0
3425,99,1,0,0
3426,91,1,0,0
3427,26,1,0,0
3428,90,1,0,0
3429,48,1,0,0
3430,8,1,0,0
3431,55,1,0,0
3432,86,1,0,0
3433,81,1,0,0
3434,60,1,0,0
3435,137,1,0,0
3436,123,1,0,0
3437,83,1,0,0
3438,83,1,0,0
3439,148,1,0,0
3440,43,1,0,0
3441,35,1,0,0
3442,91,1,0,0
3443,30,1,0,0
3444,57,1,0,0
3445,255,1,0,0
3446,63,1,0,0
3447,110,1,0,0
3448,17,1,0,0
3449,84,1,0,0
3450,132,1,0,0
3451,75,1,0,0
3452,123,1,0,0
3453,53,1,0,0
3454,63,1,0,0
3455,47,1,0,0
3456,37,1,0,0
3457,138,1,0,0
3458,141,1,0,0
3459,80,1,0,0
3460,29,1,0,0
3461,19,1,0,0
3462,80,1,0,0
3463,82,1,0,0
3464,17,1,0,0
3465,56,1,0,0
3466,68,1,0,0
3467,42,1,0,0
3468,24,1,0,0
3469,146,1,0,0
3470,16,1,0,0
3471,32,1,0,0
3472,80,1,0,0
3473,29,1,0,0
3474,126,1,0,0
3475,28,1,0,0
3476,158,1,0,0
3477,118,1,0,0
3478,108,1,0,0
3479,63,1,0,0
3480,55,1,0,0
3481,22,1,0,0
3482,48,1,0,0
3483,65,1,0,0
3484,99,1,0,0
3485,134,1,0,0
3486,177,1,0,0
3487,18,1,0,0
3488,83,1,0,0
3489,25,1,0,0
3490,59,1,0,0
3491,175,1,0,0
3492,25,1,0,0
3493,18,1,0,0
3494,28,1,0,0
3495,63,1,0,0
3496,75,1,0,0
3497,8,1,0,0
3498,60,1,0,0
3499,106,1,0,0
3500,164,1,0,0
3501,84,1,0,0
3502,97,1,0,0
3503,161,1,0,0
3504,64,1,0,0
3505,31,1,0,0
3506,94,1,0,0
3507,26,1,0,0
3508,203,1,0,0
3509,117,1,0,0
3510,56,1,0,0
3511,51,1,0,0
3512,109,1,0,0
3513,15,1,0,0
3514,119,1,0,0
3515,31,1,0,0
3516,31,1,0,0
3517,111,1,0,0
3518,119,1,0,0
3519,45,1,0,0
3520,31,1,0,0
3521,69,1,0,0
3522,158,1,0,0
3523,98,1,0,0
3524,74,1,0,0
3525,49,1,0,0
3526,56,1,0,0
3527,23,1,0,0
3528,60,1,0,0
3529,178,1,0,0
3530,283,1,0,0
3531,154,1,0,0
3532,56,1,0,0
3533,34,1,0,0
3534,42,1,0,0
3535,62,1,0,0
3536,186,1,0,0
3537,61,1,0,0
3538,44,1,0,0
3539,53,1,0,0
3540,59,1,0,0
3541,120,1,0,0
3542,46,1,0,0
3543,95,1,0,0
3544,20,1,0,0
3545,167,1,0,0
3546,41,1,0,0
3547,34,1,0,0
3548,26,1,0,0
3549,43,1,0,0
3550,96,1,0,0
3551,80,1,0,0
3552,155,1,0,0
3553,72,1,0,0
3554,125,1,0,0
3555,44,1,0,0
3556,55,1,0,0
3557,52,1,0,0
3558,83,1,0,0
3559,54,1,0,0
3560,61,1,0,0
3561,78,1,0,0
3562,115,1,0,0
3563,64,1,0,0
3564,51,1,0,0
3565,48,1,0,0
3566,107,1,0,0
3567,48,1,0,0
3568,83,1,0,0
3569,98,1,0,0
3570,30,1,0,0
3571,135,1,0,0
3572,26,1,0,0
3573,128,1,0,0
3574,77,1,0,0
3575,18,1,0,0
3576,18,1,0,0
3577,51,1,0,0
3578,43,1,0,0
3579,26,1,0,0
3580,36,1,0,0
3581,62,1,0,0
3582,139,1,0,0
3583,39,1,0,0
3584,313,1,0,0
3585,115,1,0,0
3586,27,1,0,0
3587,26,1,0,0
3588,65,1,0,0
3589,74,1,0,0
3590,145,1,0,0
3591,28,1,0,0
3592,18,1,0,0
3593,51,1,0,0
3594,18,1,0,0
3595,63,1,0,0
3596,51,1,0,0
3597,18,1,0,0
3598,26,1,0,0
3599,41,1,0,0
3600,18,1,0,0
3601,99,1,0,0
3602,36,1,0,0
3603,35,1,0,0
3604,52,1,0,0
3605,99,1,0,0
3606,146,1,0,0
3607,48,1,0,0
3608,22,1,0,0
3609,124,1,0,0
3610,80,1,0,0
3611,121,1,0,0
3612,151,1,0,0
3613,43,1,0,0
3614,28,1,0,0
3615,56,1,0,0
3616,24,1,0,0
3617,94,1,0,0
3618,25,1,0,0
3619,17,1,0,0
3620,54,1,0,0
3621,47,1,0,0
3622,84,1,0,0
3623,116,1,0,0
3624,58,1,0,0
3625,79,1,0,0
3626,87,1,0,0
3627,35,1,0,0
3628,16,1,0,0
3629,81,1,0,0
3630,140,1,0,0
3631,63,1,0,0
3632,76,1,0,0
3633,34,1,0,0
3634,87,1,0,0
3635,118,1,0,0
3636,257,1,0,0
3637,13,1,0,0
3638,20,1,0,0
3639,91,1,0,0
3640,22,1,0,0
3641,121,1,0,0
3642,49,1,0,0
3643,45,1,0,0
3644,93,1,0,0
3645,77,1,0,0
3646,73,1,0,0
3647,154,1,0,0
3648,47,1,0,0
3649,73,1,0,0
3650,117,1,0,0
3651,19,1,0,0
3652,34,1,0,0
3653,118,1,0,0
3654,64,1,0,0
3655,32,1,0,0
3656,102,1,0,0
3657,39,1,0,0
3658,92,1,0,0
3659,34,1,0,0
3660,57,1,0,0
3661,143,1,0,0
3662,61,1,0,0
3663,29,1,0,0
3664,91,1,0,0
3665,64,1,0,0
3666,190,1,0,0
3667,16,1,0,0
3668,20,1,0,0
3669,15,1,0,0
3670,26,1,0,0
3671,65,1,0,0
3672,84,1,0,0
3673,128,1,0,0
3674,77,1,0,0
3675,52,1,0,0
3676,129,1,0,0
3677,41,1,0,0
3678,45,1,0,0
3679,91,1,0,0
3680,167,1,0,0
3681,45,1,0,0
3682,81,1,0,0
3683,84,1,0,0
3684,22,1,0,0
3685,54,1,0,0
3686,51,1,0,0
3687,136,1,0,0
3688,89,1,0,0
3689,71,1,0,0
3690,46,1,0,0
3691,103,1,0,0
3692,43,1,0,0
3693,79,1,0,0
3694,30,1,0,0
3695,68,1,0,0
3696,28,1,0,0
3697,190,1,0,0
3698,149,1,0,0
3699,100,1,0,0
3700,105,1,0,0
3701,57,1,0,0
3702,66,1,0,0
3703,29,1,0,0
3704,11,1,0,0
3705,168,1,0,0
3706,55,1,0,0
3707,118,1,0,0
3708,168,1,0,0
3709,60,1,0,0
3710,28,1,0,0
3711,50,1,0,0
3712,114,1,0,0
3713,138,1,0,0
3714,46,1,0,0
3715,115,1,0,0
3716,14,1,0,0
3717,59,1,0,0
3718,236,1,0,0
3719,112,1,0,0
3720,59,1,0,0
3721,151,1,0,0
3722,143,1,0,0
3723,34,1,0,0
3724,44,1,0,0
3725,106,1,0,0
3726,76,1,0,0
3727,35,1,0,0
3728,26,1,0,0
3729,35,1,0,0
3730,58,1,0,0
3731,95,1,0,0
3732,194,1,0,0
3733,46,1,0,0
3734,31,1,0,0
3735,57,1,0,0
3736,91,1,0,0
3737,68,1,0,0
3738,172,1,0,0
3739,13,1,0,0
3740,55,1,0,0
3741,95,1,0,0
3742,54,1,0,0
3743,143,1,0,0
3744,84,1,0,0
3745,23,1,0,0
3746,70,1,0,0
3747,32,1,0,0
3748,38,1,0,0
3749,39,1,0,0
3750,23,1,0,0
3751,15,1,0,0
3752,41,1,0,0
3753,54,1,0,0
3754,39,1,0,0
3755,10,1,0,0
3756,49,1,0,0
3757,28,1,0,0
3758,71,1,0,0
3759,96,1,0,0
3760,128,1,0,0
3761,24,1,0,0
3762,81,1,0,0
3763,54,1,0,0
3764,22,1,0,0
3765,31,1,0,0
3766,36,1,0,0
3767,102,1,0,0
3768,54,1,0,0
3769,53,1,0,0
3770,90,1,0,0
3771,152,1,0,0
3772,45,1,0,0
3773,44,1,0,0
3774,87,1,0,0
3775,37,1,0,0
3776,190,1,0,0
3777,144,1,0,0
3778,76,1,0,0
3779,95,1,0,0
3780,61,1,0,0
3781,148,1,0,0
3782,54,1,0,0
3783,73,1,0,0
3784,36,1,0,0
3785,44,1,0,0
3786,183,1,0,0
3787,42,1,0,0
3788,115,1,0,0
3789,149,1,0,0
3790,120,1,0,0
3791,14,1,0,0
3792,31,1,0,0
3793,128,1,0,0
3794,121,1,0,0
3795,35,1,0,0
3796,39,1,0,0
3797,77,1,0,0
3798,73,1,0,0
3799,12,1,0,0
3800,36,1,0,0
3801,125,1,0,0
3802,27,1,0,0
3803,50,1,0,0
3804,102,1,0,0
3805,130,1,0,0
3806,70,1,0,0
3807,66,1,0,0
3808,29,1,0,0
3809,168,1,0,0
3810,160,1,0,0
3811,21,1,0,0
3812,57,1,0,0
3813,42,1,0,0
3814,155,1,0,0
3815,119,1,0,0
3816,86,1,0,0
3817,14,1,0,0
3818,90,1,0,0
3819,127,1,0,0
3820,121,1,0,0
3821,103,1,0,0
3822,31,1,0,0
3823,174,1,0,0
3824,18,1,0,0
3825,83,1,0,0
3826,17,1,0,0
3827,119,1,0,0
3828,176,1,0,0
3829,76,1,0,0
3830,74,1,0,0
3831,29,1,0,0
3832,56,1,0,0
3833,119,1,0,0
3834,54,1,0,0
3835,29,1,0,0
3836,32,1,0,0
3837,88,1,0,0
3838,110,1,0,0
3839,71,1,0,0
3840,123,1,0,0
3841,22,1,0,0
3842,20,1,0,0
3843,45,1,0,0
3844,122,1,0,0
3845,34,1,0,0
3846,52,1,0,0
3847,51,1,0,0
3848,41,1,0,0
3849,51,1,0,0
3850,61,1,0,0
3851,19,1,0,0
3852,28,1,0,0
3853,26,1,0,0
3854,53,1,0,0
3855,39,1,0,0
3856,39,1,0,0
3857,131,1,0,0
3858,105,1,0,0
3859,64,1,0,0
3860,172,1,0,0
3861,87,1,0,0
3862,48,1,0,0
3863,14,1,0,0
3864,101,1,0,0
3865,90,1,0,0
3866,51,1,0,0
3867,32,1,0,0
3868,171,1,0,0
3869,138,1,0,0
3870,145,1,0,0
3871,79,1,0,0
3872,163,1,0,0
3873,83,1,0,0
3874,66,1,0,0
3875,48,1,0,0
3876,250,1,0,0
3877,59,1,0,0
3878,24,1,0,0
3879,12,1,0,0
3880,115,1,0,0
3881,68,1,0,0
3882,80,1,0,0
3883,32,1,0,0
3884,21,1,0,0
3885,34,1,0,0
3886,161,1,0,0
3887,108,1,0,0
3888,176,1,0,0
3889,82,1,0,0
3890,55,1,0,0
3891,40,1,0,0
3892,19,1,0,0
3893,55,1,0,0
3894,105,1,0,0
3895,28,1,0,0
3896,109,1,0,0
3897,41,1,0,0
3898,53,1,0,0
3899,80,1,0,0
3900,48,1,0,0
3901,35,1,0,0
3902,136,1,0,0
3903,32,1,0,0
3904,59,1,0,0
3905,95,1,0,0
3906,73,1,0,0
3907,10,1,0,0
3908,61,1,0,0
3909,32,1,0,0
3910,86,1,0,0
3911,108,1,0,0
3912,47,1,0,0
3913,14,1,0,0
3914,142,1,0,0
3915,89,1,0,0
3916,140,1,0,0
3917,26,1,0,0
3918,84,1,0,0
3919,36,1,0,0
3920,140,1,0,0
3921,50,1,0,0
3922,75,1,0,0
3923,84,1,0,0
3924,43,1,0,0
3925,83,1,0,0
3926,24,1,0,0
3927,178,1,0,0
3928,75,1,0,0
3929,249,1,0,0
3930,186,1,0,0
3931,42,1,0,0
3932,45,1,0,0
3933,61,1,0,0
3934,12,1,0,0
3935,112,1,0,0
3936,123,1,0,0
3937,116,1,0,0
3938,32,1,0,0
3939,62,1,0,0
3940,42,1,0,0
3941,19,1,0,0
3942,264,1,0,0
3943,65,1,0,0
3944,61,1,0,0
3945,52,1,0,0
3946,55,1,0,0
3947,206,1,0,0
3948,48,1,0,0
3949,29,1,0,0
3950,22,1,0,0
3951,35,1,0,0
3952,199,1,0,0
3953,106,1,0,0
3954,25,1,0,0
3955,73,1,0,0
3956,45,1,0,0
3957,101,1,0,0
3958,145,1,0,0
3959,11,1,0,0
3960,101,1,0,0
3961,65,1,0,0
3962,21,1,0,0
3963,116,1,0,0
3964,57,1,0,0
3965,39,1,0,0
3966,26,1,0,0
3967,65,1,0,0
3968,74,1,0,0
3969,61,1,0,0
3970,49,1,0,0
3971,48,1,0,0
3972,23,1,0,0
3973,63,1,0,0
3974,13,1,0,0
3975,17,1,0,0
3976,27,1,0,0
3977,105,1,0,0
3978,201,1,0,0
3979,42,1,0,0
3980,61,1,0,0
3981,75,1,0,0
3982,36,1,0,0
3983,44,1,0,0
3984,47,1,0,0
3985,64,1,0,0
3986,46,1,0,0
3987,86,1,0,0
3988,175,1,0,0
3989,27,1,0,0
3990,89,1,0,0
3991,167,1,0,0
3992,31,1,0,0
3993,100,1,0,0
3994,36,1,0,0
3995,44,1,0,0
3996,39,1,0,0
3997,52,1,0,0
3998,33,1,0,0
3999,58,1,0,0
4000,75,1,0,0
4001,7,1,0,0
4002,50,1,0,0
4003,20,1,0,0
4004,86,1,0,0
4005,61,1,0,0
4006,41,1,0,0
4007,52,1,0,0
4008,27,1,0,0
4009,31,1,0,0
4010,16,1,0,0
4011,61,1,0,0
4012,23,1,0,0
4013,86,1,0,0
4014,136,1,0,0
4015,55,1,0,0
4016,17,1,0,0
4017,79,1,0,0
4018,8,1,0,0
4019,151,1,0,0
4020,32,1,0,0
4021,14,1,0,0
4022,122,1,0,0
4023,46,1,0,0
4024,71,1,0,0
4025,33,1,0,0
4026,29,1,0,0
4027,35,1,0,0
4028,91,1,0,0
4029,57,1,0,0
4030,19,1,0,0
4031,190,1,0,0
4032,94,1,0,0
4033,37,1,0,0
4034,175,1,0,0
4035,54,1,0,0
4036,41,1,0,0
4037,19,1,0,0
4038,100,1,0,0
4039,9,1,0,0
4040,142,1,0,0
4041,106,1,0,0
4042,12,1,0,0
4043,69,1,0,0
4044,18,1,0,0
4045,199,1,0,0
4046,9,1,0,0
4047,139,1,0,0
4048,15,1,0,0
4049,57,1,0,0
4050,42,1,0,0
4051,9,1,0,0
4052,79,1,0,0
4053,138,1,0,0
4054,189,1,0,0
4055,55,1,0,0
4056,82,1,0,0
4057,64,1,0,0
4058,203,1,0,0
4059,11,1,0,0
4060,16,1,0,0
4061,33,1,0,0
4062,64,1,0,0
4063,29,1,0,0
4064,30,1,0,0
4065,40,1,0,0
4066,62,1,0,0
4067,46,1,0,0
4068,49,1,0,0
4069,63,1,0,0
4070,149,1,0,0
4071,52,1,0,0
4072,106,1,0,0
4073,53,1,0,0
4074,109,1,0,0
4075,64,1,0,0
4076,209,1,0,0
4077,39,1,0,0
4078,17,1,0,0
4079,69,1,0,0
4080,62,1,0,0
4081,190,1,0,0
4082,27,1,0,0
4083,20,1,0,0
4084,24,1,0,0
4085,55,1,0,0
4086,77,1,0,0
4087,39,1,0,0
4088,55,1,0,0
4089,17,1,0,0
4090,157,1,0,0
4091,62,1,0,0
4092,31,1,0,0
4093,14,1,0,0
4094,168,1,0,0
4095,68,1,0,0
4096,205,1,0,0
4097,76,1,0,0
4098,137,1,0,0
4099,78,1,0,0
4100,162,1,0,0
4101,81,1,0,0
4102,65,1,0,0
4103,29,1,0,0
4104,46,1,0,0
4105,52,1,0,0
4106,31,1,0,0
4107,169,1,0,0
4108,74,1,0,0
4109,126,1,0,0
4110,12,1,0,0
4111,118,1,0,0
4112,32,1,0,0
4113,24,1,0,0
4114,18,1,0,0
4115,104,1,0,0
4116,33,1,0,0
4117,215,1,0,0
4118,48,1,0,0
4119,64,1,0,0
4120,105,1,0,0
4121,28,1,0,0
4122,13,1,0,0
4123,100,1,0,0
4124,74,1,0,0
4125,91,1,0,0
4126,9,1,0,0
4127,129,1,0,0
4128,49,1,0,0
4129,36,1,0,0
4130,26,1,0,0
4131,139,1,0,0
4132,20,1,0,0
4133,48,1,0,0
4134,33,1,0,0
4135,257,1,0,0
4136,40,1,0,0
4137,59,1,0,0
4138,155,1,0,0
4139,26,1,0,0
4140,28,1,0,0
4141,33,1,0,0
4142,67,1,0,0
4143,221,1,0,0
4144,148,1,0,0
4145,10,1,0,0
4146,97,1,0,0
4147,16,1,0,0
4148,50,1,0,0
4149,57,1,0,0
4150,38,1,0,0
4151,20,1,0,0
4152,23,1,0,0
4153,302,1,0,0
4154,133,1,0,0
4155,33,1,0,0
4156,47,1,0,0
4157,43,1,0,0
4158,59,1,0,0
4159,183,1,0,0
4160,90,1,0,0
4161,110,1,0,0
4162,10,1,0,0
4163,42,1,0,0
4164,45,1,0,0
4165,72,1,0,0
4166,76,1,0,0
4167,61,1,0,0
4168,143,1,0,0
4169,130,1,0,0
4170,140,1,0,0
4171,157,1,0,0
4172,39,1,0,0
4173,188,1,0,0
4174,37,1,0,0
4175,30,1,0,0
4176,147,1,0,0
4177,222,1,0,0
4178,37,1,0,0
4179,47,1,0,0
4180,30,1,0,0
4181,21,1,0,0
4182,27,1,0,0
4183,100,1,0,0
4184,47,1,0,0
4185,92,1,0,0
4186,275,1,0,0
4187,21,1,0,0
4188,62,1,0,0
4189,21,1,0,0
4190,52,1,0,0
4191,24,1,0,0
4192,38,1,0,0
4193,52,1,0,0
4194,156,1,0,0
4195,144,1,0,0
4196,51,1,0,0
4197,50,1,0,0
4198,56,1,0,0
4199,46,1,0,0
4200,186,1,0,0
4201,74,1,0,0
4202,160,1,0,0
4203,92,1,0,0
4204,38,1,0,0
4205,98,1,0,0
4206,25,1,0,0
4207,56,1,0,0
4208,84,1,0,0
4209,65,1,0,0
4210,73,1,0,0
4211,79,1,0,0
4212,23,1,0,0
4213,24,1,0,0
4214,69,1,0,0
4215,64,1,0,0
4216,19,1,0,0
4217,78,1,0,0
4218,55,1,0,0
4219,14,1,0,0
4220,46,1,0,0
4221,108,1,0,0
4222,19,1,0,0
4223,40,1,0,0
4224,64,1,0,0
4225,49,1,0,0
4226,120,1,0,0
4227,103,1,0,0
4228,29,1,0,0
4229,53,1,0,0
4230,69,1,0,0
4231,101,1,0,0
4232,116,1,0,0
4233,363,1,0,0
4234,33,1,0,0
4235,134,1,0,0
4236,112,1,0,0
4237,91,1,0,0
4238,15,1,0,0
4239,31,1,0,0
4240,84,1,0,0
4241,175,1,0,0
4242,85,1,0,0
4243,142,1,0,0
4244,19,1,0,0
4245,17,1,0,0
4246,36,1,0,0
4247,53,1,0,0
4248,101,1,0,0
4249,38,1,0,0
4250,84,1,0,0
4251,33,1,0,0
4252,28,1,0,0
4253,46,1,0,0
4254,25,1,0,0
4255,66,1,0,0
4256,29,1,0,0
4257,49,1,0,0
4258,156,1,0,0
4259,179,1,0,0
4260,76,1,0,0
4261,66,1,0,0
4262,24,1,0,0
4263,53,1,0,0
4264,57,1,0,0
4265,132,1,0,0
4266,31,1,0,0
4267,45,1,0,0
4268,81,1,0,0
4269,102,1,0,0
4270,38,1,0,0
4271,64,1,0,0
4272,61,1,0,0
4273,32,1,0,0
4274,49,1,0,0
4275,52,1,0,0
4276,32,1,0,0
4277,18,1,0,0
4278,195,1,0,0
4279,24,1,0,0
4280,146,1,0,0
4281,51,1,0,0
4282,126,1,0,0
4283,94,1,0,0
4284,60,1,0,0
4285,42,1,0,0
4286,41,1,0,0
4287,41,1,0,0
4288,47,1,0,0
4289,27,1,0,0
4290,157,1,0,0
4291,66,1,0,0
4292,71,1,0,0
4293,252,1,0,0
4294,116,1,0,0
4295,27,1,0,0
4296,36,1,0,0
4297,74,1,0,0
4298,52,1,0,0
4299,17,1,0,0
4300,19,1,0,0
4301,31,1,0,0
4302,28,1,0,0
4303,93,1,0,0
4304,29,1,0,0
4305,101,1,0,0
4306,51,1,0,0
4307,110,1,0,0
4308,103,1,0,0
4309,117,1,0,0
4310,73,1,0,0
4311,17,1,0,0
4312,55,1,0,0
4313,43,1,0,0
4314,32,1,0,0
4315,77,1,0,0
4316,21,1,0,0
4317,95,1,0,0
4318,200,1,0,0
4319,39,1,0,0
4320,31,1,0,0
4321,125,1,0,0
4322,51,1,0,0
4323,19,1,0,0
4324,20,1,0,0
4325,31,1,0,0
4326,41,1,0,0
4327,114,1,0,0
4328,27,1,0,0
4329,39,1,0,0
4330,81,1,0,0
4331,155,1,0,0
4332,8,1,0,0
4333,29,1,0,0
4334,212,1,0,0
4335,33,1,0,0
4336,26,1,0,0
4337,36,1,0,0
4338,99,1,0,0
4339,29,1,0,0
4340,107,1,0,0
4341,20,1,0,0
4342,129,1,0,0
4343,135,1,0,0
4344,52,1,0,0
4345,63,1,0,0
4346,23,1,0,0
4347,73,1,0,0
4348,21,1,0,0
4349,79,1,0,0
4350,60,1,0,0
4351,37,1,0,0
4352,17,1,0,0
4353,33,1,0,0
4354,15,1,0,0
4355,22,1,0,0
4356,67,1,0,0
4357,29,1,0,0
4358,24,1,0,0
4359,90,1,0,0
4360,40,1,0,0
4361,73,1,0,0
4362,42,1,0,0
4363,132,1,0,0
4364,40,1,0,0
4365,210,1,0,0
4366,16,1,0,0
4367,80,1,0,0
4368,31,1,0,0
4369,13,1,0,0
4370,45,1,0,0
4371,26,1,0,0
4372,107,1,0,0
4373,31,1,0,0
4374,73,1,0,0
4375,41,1,0,0
4376,18,1,0,0
4377,79,1,0,0
4378,56,1,0,0
4379,80,1,0,0
4380,33,1,0,0
4381,52,1,0,0
4382,60,1,0,0
4383,49,1,0,0
4384,82,1,0,0
4385,113,1,0,0
4386,52,1,0,0
4387,67,1,0,0
4388,39,1,0,0
4389,23,1,0,0
4390,118,1,0,0
4391,65,1,0,0
4392,69,1,0,0
4393,35,1,0,0
4394,116,1,0,0
4395,51,1,0,0
4396,143,1,0,0
4397,72,1,0,0
4398,115,1,0,0
4399,90,1,0,0
4400,23,1,0,0
4401,74,1,0,0
4402,120,1,0,0
4403,101,1,0,0
4404,63,1,0,0
4405,19,1,0,0
4406,48,1,0,0
4407,19,1,0,0
4408,31,1,0,0
4409,70,1,0,0
4410,150,1,0,0
4411,30,1,0,0
4412,57,1,0,0
4413,26,1,0,0
4414,134,1,0,0
4415,34,1,0,0
4416,46,1,0,0
4417,19,1,0,0
4418,136,1,0,0
4419,38,1,0,0
4420,68,1,0,0
4421,206,1,0,0
4422,82,1,0,0
4423,30,1,0,0
4424,53,1,0,0
4425,68,1,0,0
4426,46,1,0,0
4427,93,1,0,0
4428,116,1,0,0
4429,101,1,0,0
4430,68,1,0,0
4431,65,1,0,0
4432,141,1,0,0
4433,105,1,0,0
4434,15,1,0,0
4435,47,1,0,0
4436,77,1,0,0
4437,10,1,0,0
4438,34,1,0,0
4439,38,1,0,0
4440,47,1,0,0
4441,125,1,0,0
4442,35,1,0,0
4443,45,1,0,0
4444,9,1,0,0
4445,93,1,0,0
4446,87,1,0,0
4447,50,1,0,0
4448,131,1,0,0
4449,45,1,0,0
4450,23,1,0,0
4451,90,1,0,0
4452,60,1,0,0
4453,60,1,0,0
4454,54,1,0,0
4455,79,1,0,0
4456,32,1,0,0
4457,170,1,0,0
4458,114,1,0,0
4459,60,1,0,0
4460,79,1,0,0
4461,40,1,0,0
4462,81,1,0,0
4463,88,1,0,0
4464,57,1,0,0
4465,138,1,0,0
4466,45,1,0,0
4467,131,1,0,0
4468,135,1,0,0
4469,125,1,0,0
4470,81,1,0,0
4471,69,1,0,0
4472,174,1,0,0
4473,13,1,0,0
4474,93,1,0,0
4475,138,1,0,0
4476,58,1,0,0
4477,71,1,0,0
4478,13,1,0,0
4479,40,1,0,0
4480,18,1,0,0
4481,45,1,0,0
4482,15,1,0,0
4483,54,1,0,0
4484,98,1,0,0
4485,23,1,0,0
4486,82,1,0,0
4487,7,1,0,0
4488,56,1,0,0
4489,120,1,0,0
4490,21,1,0,0
4491,153,1,0,0
4492,80,1,0,0
4493,108,1,0,0
4494,34,1,0,0
4495,68,1,0,0
4496,43,1,0,0
4497,45,1,0,0
4498,52,1,0,0
4499,158,1,0,0
4500,53,1,0,0
4501,63,1,0,0
4502,43,1,0,0
4503,132,1,0,0
4504,53,1,0,0
4505,58,1,0,0
4506,92,1,0,0
4507,114,1,0,0
4508,58,1,0,0
4509,106,1,0,0
4510,41,1,0,0
4511,12,1,0,0
4512,36,1,0,0
4513,56,1,0,0
4514,36,1,0,0
4515,64,1,0,0
4516,88,1,0,0
4517,11,1,0,0
4518,21,1,0,0
4519,98,1,0,0
4520,72,1,0,0
4521,36,1,0,0
4522,92,1,0,0
4523,41,1,0,0
4524,71,1,0,0
4525,70,1,0,0
4526,101,1,0,0
4527,49,1,0,0
4528,72,1,0,0
4529,112,1,0,0
4530,39,1,0,0
4531,47,1,0,0
4532,40,1,0,0
4533,42,1,0,0
4534,32,1,0,0
4535,35,1,0,0
4536,39,1,0,0
4537,155,1,0,0
4538,79,1,0,0
4539,88,1,0,0
4540,37,1,0,0
4541,70,1,0,0
4542,45,1,0,0
4543,95,1,0,0
4544,19,1,0,0
4545,83,1,0,0
4546,90,1,0,0
4547,159,1,0,0
4548,15,1,0,0
4549,25,1,0,0
4550,63,1,0,0
4551,14,1,0,0
4552,35,1,0,0
4553,48,1,0,0
4554,83,1,0,0
4555,49,1,0,0
4556,35,1,0,0
4557,60,1,0,0
4558,47,1,0,0
4559,204,1,0,0
4560,22,1,0,0
4561,58,1,0,0
4562,38,1,0,0
4563,38,1,0,0
4564,70,1,0,0
4565,45,1,0,0
4566,73,1,0,0
4567,57,1,0,0
4568,103,1,0,0
4569,100,1,0,0
4570,105,1,0,0
4571,29,1,0,0
4572,68,1,0,0
4573,40,1,0,0
4574,36,1,0,0
4575,139,1,0,0
4576,145,1,0,0
4577,44,1,0,0
4578,63,1,0,0
4579,46,1,0,0
4580,63,1,0,0
4581,66,1,0,0
4582,106,1,0,0
4583,36,1,0,0
4584,64,1,0,0
4585,50,1,0,0
4586,62,1,0,0
4587,115,1,0,0
4588,26,1,0,0
4589,29,1,0,0
4590,31,1,0,0
4591,75,1,0,0
4592,115,1,0,0
4593,63,1,0,0
4594,50,1,0,0
4595,136,1,0,0
4596,44,1,0,0
4597,24,1,0,0
4598,117,1,0,0
4599,82,1,0,0
4600,51,1,0,0
4601,22,1,0,0
4602,26,1,0,0
4603,157,1,0,0
4604,47,1,0,0
4605,35,1,0,0
4606,125,1,0,0
4607,153,1,0,0
4608,51,1,0,0
4609,42,1,0,0
4610,50,1,0,0
4611,75,1,0,0
4612,43,1,0,0
4613,11,1,0,0
4614,72,1,0,0
4615,22,1,0,0
4616,75,1,0,0
4617,56,1,0,0
4618,40,1,0,0
4619,57,1,0,0
4620,12,1,0,0
4621,14,1,0,0
4622,71,1,0,0
4623,70,1,0,0
4624,36,1,0,0
4625,74,1,0,0
4626,70,1,0,0
4627,105,1,0,0
4628,143,1,0,0
4629,43,1,0,0
4630,63,1,0,0
4631,265,1,0,0
4632,63,1,0,0
4633,43,1,0,0
4634,93,1,0,0
4635,117,1,0,0
4636,56,1,0,0
4637,62,1,0,0
4638,56,1,0,0
4639,42,1,0,0
4640,56,1,0,0
4641,77,1,0,0
4642,128,1,0,0
4643,46,1,0,0
4644,43,1,0,0
4645,30,1,0,0
4646,30,1,0,0
4647,112,1,0,0
4648,83,1,0,0
4649,68,1,0,0
4650,39,1,0,0
4651,99,1,0,0
4652,17,1,0,0
4653,35,1,0,0
4654,231,1,0,0
4655,51,1,0,0
4656,127,1,0,0
4657,12,1,0,0
4658,29,1,0,0
4659,135,1,0,0
4660,27,1,0,0
4661,86,1,0,0
4662,19,1,0,0
4663,38,1,0,0
4664,23,1,0,0
4665,71,1,0,0
4666,142,1,0,0
4667,56,1,0,0
4668,105,1,0,0
4669,24,1,0,0
4670,56,1,0,0
4671,182,1,0,0
4672,46,1,0,0
4673,21,1,0,0
4674,70,1,0,0
4675,153,1,0,0
4676,65,1,0,0
4677,83,1,0,0
4678,49,1,0,0
4679,67,1,0,0
4680,45,1,0,0
4681,80,1,0,0
4682,41,1,0,0
4683,35,1,0,0
4684,28,1,0,0
4685,44,1,0,0
4686,52,1,0,0
4687,85,1,0,0
4688,30,1,0,0
4689,44,1,0,0
4690,71,1,0,0
4691,49,1,0,0
4692,21,1,0,0
4693,31,1,0,0
4694,75,1,0,0
4695,45,1,0,0
4696,99,1,0,0
4697,88,1,0,0
4698,72,1,0,0
4699,79,1,0,0
4700,128,1,0,0
4701,37,1,0,0
4702,142,1,0,0
4703,76,1,0,0
4704,113,1,0,0
4705,70,1,0,0
4706,69,1,0,0
4707,51,1,0,0
4708,47,1,0,0
4709,54,1,0,0
4710,19,1,0,0
4711,84,1,0,0
4712,142,1,0,0
4713,28,1,0,0
4714,29,1,0,0
4715,32,1,0,0
4716,18,1,0,0
4717,29,1,0,0
4718,51,1,0,0
4719,47,1,0,0
4720,25,1,0,0
4721,77,1,0,0
4722,87,1,0,0
4723,122,1,0,0
4724,28,1,0,0
4725,68,1,0,0
4726,86,1,0,0
4727,93,1,0,0
4728,57,1,0,0
4729,397,1,0,0
4730,45,1,0,0
4731,109,1,0,0
4732,41,1,0,0
4733,135,1,0,0
4734,181,1,0,0
4735,45,1,0,0
4736,57,1,0,0
4737,22,1,0,0
4738,79,1,0,0
4739,81,1,0,0
4740,30,1,0,0
4741,24,1,0,0
4742,96,1,0,0
4743,70,1,0,0
4744,87,1,0,0
4745,21,1,0,0
4746,67,1,0,0
4747,64,1,0,0
4748,67,1,0,0
4749,45,1,0,0
4750,55,1,0,0
4751,216,1,0,0
4752,55,1,0,0
4753,38,1,0,0
4754,63,1,0,0
4755,99,1,0,0
4756,115,1,0,0
4757,45,1,0,0
4758,91,1,0,0
4759,120,1,0,0
4760,12,1,0,0
4761,77,1,0,0
4762,68,1,0,0
4763,17,1,0,0
4764,141,1,0,0
4765,104,1,0,0
4766,142,1,0,0
4767,20,1,0,0
4768,34,1,0,0
4769,53,1,0,0
4770,59,1,0,0
4771,94,1,0,0
4772,209,1,0,0
4773,50,1,0,0
4774,8,1,0,0
4775,36,1,0,0
4776,174,1,0,0
4777,59,1,0,0
4778,97,1,0,0
4779,131,1,0,0
4780,41,1,0,0
4781,11,1,0,0
4782,50,1,0,0
4783,132,1,0,0
4784,19,1,0,0
4785,59,1,0,0
4786,67,1,0,0
4787,53,1,0,0
4788,51,1,0,0
4789,56,1,0,0
4790,59,1,0,0
4791,124,1,0,0
4792,36,1,0,0
4793,32,1,0,0
4794,43,1,0,0
4795,64,1,0,0
4796,97,1,0,0
4797,15,1,0,0
4798,127,1,0,0
4799,34,1,0,0
4800,101,1,0,0
4801,18,1,0,0
4802,53,1,0,0
4803,63,1,0,0
4804,115,1,0,0
4805,83,1,0,0
4806,50,1,0,0
4807,67,1,0,0
4808,121,1,0,0
4809,42,1,0,0
4810,9,1,0,0
4811,45,1,0,0
4812,40,1,0,0
4813,128,1,0,0
4814,89,1,0,0
4815,29,1,0,0
4816,101,1,0,0
4817,121,1,0,0
4818,40,1,0,0
4819,103,1,0,0
4820,128,1,0,0
4821,88,1,0,0
4822,23,1,0,0
4823,49,1,0,0
4824,75,1,0,0
4825,43,1,0,0
4826,156,1,0,0
4827,31,1,0,0
4828,121,1,0,0
4829,52,1,0,0
4830,50,1,0,0
4831,54,1,0,0
4832,42,1,0,0
4833,76,1,0,0
4834,8,1,0,0
4835,17,1,0,0
4836,66,1,0,0
4837,39,1,0,0
4838,17,1,0,0
4839,20,1,0,0
4840,75,1,0,0
4841,280,1,0,0
4842,121,1,0,0
4843,44,1,0,0
4844,67,1,0,0
4845,11,1,0,0
4846,46,1,0,0
4847,24,1,0,0
4848,23,1,0,0
4849,139,1,0,0
4850,61,1,0,0
4851,88,1,0,0
4852,178,1,0,0
4853,51,1,0,0
4854,65,1,0,0
4855,79,1,0,0
4856,55,1,0,0
4857,97,1,0,0
4858,78,1,0,0
4859,88,1,0,0
4860,192,1,0,0
4861,81,1,0,0
4862,37,1,0,0
4863,66,1,0,0
4864,20,1,0,0
4865,64,1,0,0
4866,58,1,0,0
4867,209,1,0,0
4868,68,1,0,0
4869,31,1,0,0
4870,86,1,0,0
4871,18,1,0,0
4872,48,1,0,0
4873,59,1,0,0
4874,32,1,0,0
4875,174,1,0,0
4876,140,1,0,0
4877,175,1,0,0
4878,45,1,0,0
4879,28,1,0,0
4880,114,1,0,0
4881,66,1,0,0
4882,141,1,0,0
4883,162,1,0,0
4884,73,1,0,0
4885,38,1,0,0
4886,29,1,0,0
4887,55,1,0,0
4888,61,1,0,0
4889,131,1,0,0
4890,99,1,0,0
4891,147,1,0,0
4892,24,1,0,0
4893,49,1,0,0
4894,72,1,0,0
4895,229,1,0,0
4896,20,1,0,0
4897,15,1,0,0
4898,37,1,0,0
4899,89,1,0,0
4900,81,1,0,0
4901,159,1,0,0
4902,143,1,0,0
4903,14,1,0,0
4904,10,1,0,0
4905,42,1,0,0
4906,28,1,0,0
4907,108,1,0,0
4908,78,1,0,0
4909,112,1,0,0
4910,14,1,0,0
4911,130,1,0,0
4912,66,1,0,0
4913,29,1,0,0
4914,41,1,0,0
4915,66,1,0,0
4916,152,1,0,0
4917,33,1,0,0
4918,46,1,0,0
4919,53,1,0,0
4920,24,1,0,0
4921,68,1,0,0
4922,48,1,0,0
4923,111,1,0,0
4924,46,1,0,0
4925,99,1,0,0
4926,63,1,0,0
4927,48,1,0,0
4928,104,1,0,0
4929,94,1,0,0
4930,12,1,0,0
4931,147,1,0,0
4932,65,1,0,0
4933,14,1,0,0
4934,11,1,0,0
4935,22,1,0,0
4936,41,1,0,0
4937,164,1,0,0
4938,179,1,0,0
4939,9,1,0,0
4940,184,1,0,0
4941,60,1,0,0
4942,77,1,0,0
4943,43,1,0,0
4944,71,1,0,0
4945,50,1,0,0
4946,56,1,0,0
4947,39,1,0,0
4948,22,1,0,0
4949,18,1,0,0
4950,28,1,0,0
4951,125,1,0,0
4952,43,1,0,0
4953,8,1,0,0
4954,50,1,0,0
4955,103,1,0,0
4956,34,1,0,0
4957,32,1,0,0
4958,24,1,0,0
4959,55,1,0,0
4960,58,1,0,0
4961,37,1,0,0
4962,15,1,0,0
4963,76,1,0,0
4964,79,1,0,0
4965,78,1,0,0
4966,68,1,0,0
4967,76,1,0,0
4968,66,1,0,0
4969,51,1,0,0
4970,11,1,0,0
4971,55,1,0,0
4972,90,1,0,0
4973,75,1,0,0
4974,99,1,0,0
4975,182,1,0,0
4976,42,1,0,0
4977,39,1,0,0
4978,112,1,0,0
4979,72,1,0,0
4980,11,1,0,0
4981,105,1,0,0
4982,24,1,0,0
4983,80,1,0,0
4984,78,1,0,0
4985,68,1,0,0
4986,51,1,0,0
4987,16,1,0,0
4988,48,1,0,0
4989,51,1,0,0
4990,26,1,0,0
4991,73,1,0,0
4992,22,1,0,0
4993,54,1,0,0
4994,103,1,0,0
4995,75,1,0,0
4996,68,1,0,0
4997,11,1,0,0
4998,105,1,0,0
4999,51,1,0,0
5000,58,1,0,0
5001,74,1,0,0
5002,18,1,0,0
5003,11,1,0,0
5004,102,1,0,0
5005,76,1,0,0
5006,40,1,0,0
5007,120,1,0,0
5008,65,1,0,0
5009,25,1,0,0
5010,70,1,0,0
5011,25,1,0,0
5012,27,1,0,0
5013,66,1,0,0
5014,37,1,0,0
5015,115,1,0,0
5016,37,1,0,0
5017,81,1,0,0
5018,16,1,0,0
5019,61,1,0,0
5020,138,1,0,0
5021,97,1,0,0
5022,70,1,0,0
5023,52,1,0,0
5024,50,1,0,0
5025,28,1,0,0
5026,50,1,0,0
5027,127,1,0,0
5028,138,1,0,0
5029,79,1,0,0
5030,45,1,0,0
5031,178,1,0,0
5032,61,1,0,0
5033,25,1,0,0
5034,16,1,0,0
5035,81,1,0,0
5036,115,1,0,0
5037,62,1,0,0
5038,10,1,0,0
5039,95,1,0,0
5040,160,1,0,0
5041,25,1,0,0
5042,232,1,0,0
5043,26,1,0,0
5044,45,1,0,0
5045,30,1,0,0
5046,16,1,0,0
5047,16,1,0,0
5048,138,1,0,0
5049,141,1,0,0
5050,85,1,0,0
5051,120,1,0,0
5052,21,1,0,0
5053,107,1,0,0
5054,7,1,0,0
5055,45,1,0,0
5056,19,1,0,0
5057,282,1,0,0
5058,23,1,0,0
5059,116,1,0,0
5060,62,1,0,0
5061,33,1,0,0
5062,141,1,0,0
5063,12,1,0,0
5064,25,1,0,0
5065,142,1,0,0
5066,36,1,0,0
5067,13,1,0,0
5068,68,1,0,0
5069,45,1,0,0
5070,100,1,0,0
5071,43,1,0,0
5072,42,1,0,0
5073,73,1,0,0
5074,73,1,0,0
5075,149,1,0,0
5076,101,1,0,0
5077,75,1,0,0
5078,46,1,0,0
5079,145,1,0,0
5080,37,1,0,0
5081,43,1,0,0
5082,78,1,0,0
5083,118,1,0,0
5084,46,1,0,0
5085,81,1,0,0
5086,59,1,0,0
5087,233,1,0,0
5088,62,1,0,0
5089,21,1,0,0
5090,104,1,0,0
5091,28,1,0,0
5092,68,1,0,0
5093,90,1,0,0
5094,27,1,0,0
5095,79,1,0,0
5096,33,1,0,0
5097,40,1,0,0
5098,58,1,0,0
5099,49,1,0,0
5100,109,1,0,0
5101,38,1,0,0
5102,138,1,0,0
5103,57,1,0,0
5104,73,1,0,0
5105,33,1,0,0
5106,16,1,0,0
5107,200,1,0,0
5108,11,1,0,0
5109,18,1,0,0
5110,62,1,0,0
5111,31,1,0,0
5112,62,1,0,0
5113,57,1,0,0
5114,49,1,0,0
5115,121,1,0,0
5116,24,1,0,0
5117,30,1,0,0
5118,107,1,0,0
5119,35,1,0,0
5120,80,1,0,0
5121,85,1,0,0
5122,59,1,0,0
5123,222,1,0,0
5124,84,1,0,0
5125,77,1,0,0
5126,96,1,0,0
5127,71,1,0,0
5128,72,1,0,0
5129,23,1,0,0
5130,160,1,0,0
5131,56,1,0,0
5132,111,1,0,0
5133,92,1,0,0
5134,49,1,0,0
5135,121,1,0,0
5136,50,1,0,0
5137,58,1,0,0
5138,39,1,0,0
5139,68,1,0,0
5140,59,1,0,0
5141,71,1,0,0
5142,49,1,0,0
5143,84,1,0,0
5144,18,1,0,0
5145,85,1,0,0
5146,51,1,0,0
5147,47,1,0,0
5148,182,1,0,0
5149,48,1,0,0
5150,42,1,0,0
5151,80,1,0,0
5152,70,1,0,0
5153,292,1,0,0
5154,40,1,0,0
5155,25,1,0,0
5156,103,1,0,0
5157,45,1,0,0
5158,70,1,0,0
5159,232,1,0,0
5160,133,1,0,0
5161,48,1,0,0
5162,21,1,0,0
5163,24,1,0,0
5164,72,1,0,0
5165,64,1,0,0
5166,60,1,0,0
5167,283,1,0,0
5168,55,1,0,0
5169,127,1,0,0
5170,31,1,0,0
5171,24,1,0,0
5172,61,1,0,0
5173,46,1,0,0
5174,60,1,0,0
5175,60,1,0,0
5176,55,1,0,0
5177,74,1,0,0
5178,56,1,0,0
5179,30,1,0,0
5180,33,1,0,0
5181,53,1,0,0
5182,53,1,0,0
5183,54,1,0,0
5184,47,1,0,0
5185,79,1,0,0
5186,37,1,0,0
5187,27,1,0,0
5188,63,1,0,0
5189,160,1,0,0
5190,78,1,0,0
5191,130,1,0,0
5192,117,1,0,0
5193,18,1,0,0
5194,75,1,0,0
5195,112,1,0,0
5196,144,1,0,0
5197,70,1,0,0
5198,55,1,0,0
5199,34,1,0,0
5200,51,1,0,0
5201,99,1,0,0
5202,68,1,0,0
5203,75,1,0,0
5204,96,1,0,0
5205,150,1,0,0
5206,122,1,0,0
5207,43,1,0,0
5208,65,1,0,0
5209,36,1,0,0
5210,114,1,0,0
5211,46,1,0,0
5212,47,1,0,0
5213,77,1,0,0
5214,122,1,0,0
5215,24,1,0,0
5216,44,1,0,0
5217,25,1,0,0
5218,59,1,0,0
5219,268,1,0,0
5220,53,1,0,0
5221,40,1,0,0
5222,125,1,0,0
5223,52,1,0,0
5224,25,1,0,0
5225,42,1,0,0
5226,68,1,0,0
5227,65,1,0,0
5228,74,1,0,0
5229,24,1,0,0
5230,180,1,0,0
5231,117,1,0,0
5232,172,1,0,0
5233,24,1,0,0
5234,70,1,0,0
5235,13,1,0,0
5236,16,1,0,0
5237,105,1,0,0
5238,24,1,0,0
5239,27,1,0,0
5240,44,1,0,0
5241,137,1,0,0
5242,41,1,0,0
5243,52,1,0,0
5244,57,1,0,0
5245,38,1,0,0
5246,26,1,0,0
5247,99,1,0,0
5248,35,1,0,0
5249,166,1,0,0
5250,62,1,0,0
5251,33,1,0,0
5252,199,1,0,0
5253,30,1,0,0
5254,68,1,0,0
5255,129,1,0,0
5256,55,1,0,0
5257,131,1,0,0
5258,44,1,0,0
5259,96,1,0,0
5260,29,1,0,0
5261,32,1,0,0
5262,39,1,0,0
5263,72,1,0,0
5264,128,1,0,0
5265,14,1,0,0
5266,92,1,0,0
5267,77,1,0,0
5268,38,1,0,0
5269,98,1,0,0
5270,63,1,0,0
5271,21,1,0,0
5272,119,1,0,0
5273,18,1,0,0
5274,158,1,0,0
5275,11,1,0,0
5276,110,1,0,0
5277,74,1,0,0
5278,153,1,0,0
5279,84,1,0,0
5280,101,1,0,0
5281,24,1,0,0
5282,41,1,0,0
5283,105,1,0,0
5284,35,1,0,0
5285,37,1,0,0
5286,98,1,0,0
5287,45,1,0,0
5288,55,1,0,0
5289,63,1,0,0
5290,154,1,0,0
5291,139,1,0,0
5292,15,1,0,0
5293,96,1,0,0
5294,98,1,0,0
5295,73,1,0,0
5296,24,1,0,0
5297,39,1,0,0
5298,177,1,0,0
5299,32,1,0,0
5300,9,1,0,0
5301,41,1,0,0
5302,39,1,0,0
5303,145,1,0,0
5304,217,1,0,0
5305,59,1,0,0
5306,63,1,0,0
5307,85,1,0,0
5308,83,1,0,0
5309,16,1,0,0
5310,113,1,0,0
5311,89,1,0,0
5312,43,1,0,0
5313,172,1,0,0
5314,255,1,0,0
5315,38,1,0,0
5316,33,1,0,0
5317,104,1,0,0
5318,65,1,0,0
5319,65,1,0,0
5320,194,1,0,0
5321,83,1,0,0
5322,32,1,0,0
5323,67,1,0,0
5324,71,1,0,0
5325,52,1,0,0
5326,27,1,0,0
5327,63,1,0,0
5328,71,1,0,0
5329,67,1,0,0
5330,69,1,0,0
5331,63,1,0,0
5332,109,1,0,0
5333,227,1,0,0
5334,168,1,0,0
5335,10,1,0,0
5336,59,1,0,0
5337,50,1,0,0
5338,116,1,0,0
5339,62,1,0,0
5340,50,1,0,0
5341,66,1,0,0
5342,83,1,0,0
5343,28,1,0,0
5344,127,1,0,0
5345,35,1,0,0
5346,11,1,0,0
5347,32,1,0,0
5348,174,1,0,0
5349,33,1,0,0
5350,122,1,0,0
5351,50,1,0,0
5352,38,1,0,0
5353,37,1,0,0
5354,65,1,0,0
5355,36,1,0,0
5356,65,1,0,0
5357,74,1,0,0
5358,93,1,0,0
5359,89,1,0,0
5360,45,1,0,0
5361,60,1,0,0
5362,195,1,0,0
5363,26,1,0,0
5364,116,1,0,0
5365,90,1,0,0
5366,40,1,0,0
5367,24,1,0,0
5368,95,1,0,0
5369,36,1,0,0
5370,65,1,0,0
5371,25,1,0,0
5372,7,1,0,0
5373,25,1,0,0
5374,195,1,0,0
5375,132,1,0,0
5376,141,1,0,0
5377,186,1,0,0
5378,113,1,0,0
5379,130,1,0,0
5380,12,1,0,0
5381,68,1,0,0
5382,44,1,0,0
5383,38,1,0,0
5384,118,1,0,0
5385,115,1,0,0
5386,269,1,0,0
5387,43,1,0,0
5388,85,1,0,0
5389,53,1,0,0
5390,87,1,0,0
5391,179,1,0,0
5392,45,1,0,0
5393,59,1,0,0
5394,63,1,0,0
5395,118,1,0,0
5396,26,1,0,0
5397,59,1,0,0
5398,7,1,0,0
5399,84,1,0,0
5400,38,1,0,0
5401,58,1,0,0
5402,78,1,0,0
5403,156,1,0,0
5404,77,1,0,0
5405,30,1,0,0
5406,71,1,0,0
5407,37,1,0,0
5408,103,1,0,0
5409,101,1,0,0
5410,68,1,0,0
5411,100,1,0,0
5412,105,1,0,0
5413,75,1,0,0
5414,25,1,0,0
5415,127,1,0,0
5416,27,1,0,0
5417,36,1,0,0
5418,32,1,0,0
5419,12,1,0,0
5420,123,1,0,0
5421,218,1,0,0
5422,114,1,0,0
5423,21,1,0,0
5424,70,1,0,0
5425,35,1,0,0
5426,110,1,0,0
5427,34,1,0,0
5428,124,1,0,0
5429,31,1,0,0
5430,55,1,0,0
5431,90,1,0,0
5432,83,1,0,0
5433,277,1,0,0
5434,16,1,0,0
5435,52,1,0,0
5436,41,1,0,0
5437,77,1,0,0
5438,72,1,0,0
5439,15,1,0,0
5440,60,1,0,0
5441,16,1,0,0
5442,90,1,0,0
5443,150,1,0,0
5444,104,1,0,0
5445,76,1,0,0
5446,109,1,0,0
5447,52,1,0,0
5448,63,1,0,0
5449,72,1,0,0
5450,34,1,0,0
5451,54,1,0,0
5452,43,1,0,0
5453,66,1,0,0
5454,84,1,0,0
5455,72,1,0,0
5456,163,1,0,0
5457,22,1,0,0
5458,122,1,0,0
5459,23,1,0,0
5460,14,1,0,0
5461,74,1,0,0
5462,29,1,0,0
5463,24,1,0,0
5464,23,1,0,0
5465,158,1,0,0
5466,40,1,0,0
5467,16,1,0,0
5468,39,1,0,0
5469,119,1,0,0
5470,14,1,0,0
5471,22,1,0,0
5472,106,1,0,0
5473,58,1,0,0
5474,71,1,0,0
5475,28,1,0,0
5476,12,1,0,0
5477,34,1,0,0
5478,42,1,0,0
5479,10,1,0,0
5480,70,1,0,0
5481,59,1,0,0
5482,145,1,0,0
5483,90,1,0,0
5484,62,1,0,0
5485,121,1,0,0
5486,19,1,0,0
5487,133,1,0,0
5488,144,1,0,0
5489,92,1,0,0
5490,95,1,0,0
5491,19,1,0,0
5492,94,1,0,0
5493,29,1,0,0
5494,53,1,0,0
5495,43,1,0,0
5496,84,1,0,0
5497,42,1,0,0
5498,101,1,0,0
5499,154,1,0,0
5500,40,1,0,0
5501,36,1,0,0
5502,82,1,0,0
5503,53,1,0,0
5504,46,1,0,0
5505,65,1,0,0
5506,85,1,0,0
5507,47,1,0,0
5508,65,1,0,0
5509,102,1,0,0
5510,55,1,0,0
5511,52,1,0,0
5512,118,1,0,0
5513,43,1,0,0
5514,64,1,0,0
5515,36,1,0,0
5516,100,1,0,0
5517,89,1,0,0
5518,133,1,0,0
5519,62,1,0,0
5520,50,1,0,0
5521,170,1,0,0
5522,76,1,0,0
5523,58,1,0,0
5524,304,1,0,0
5525,48,1,0,0
5526,56,1,0,0
5527,178,1,0,0
5528,20,1,0,0
5529,87,1,0,0
5530,73,1,0,0
5531,71,1,0,0
5532,35,1,0,0
5533,80,1,0,0
5534,11,1,0,0
5535,26,1,0,0
5536,66,1,0,0
5537,94,1,0,0
5538,46,1,0,0
5539,66,1,0,0
5540,36,1,0,0
5541,41,1,0,0
5542,28,1,0,0
5543,52,1,0,0
5544,62,1,0,0
5545,34,1,0,0
5546,81,1,0,0
5547,94,1,0,0
5548,90,1,0,0
5549,145,1,0,0
5550,36,1,0,0
5551,36,1,0,0
5552,26,1,0,0
5553,120,1,0,0
5554,102,1,0,0
5555,155,1,0,0
5556,86,1,0,0
5557,45,1,0,0
5558,127,1,0,0
5559,126,1,0,0
5560,93,1,0,0
5561,29,1,0,0
5562,44,1,0,0
5563,106,1,0,0
5564,169,1,0,0
5565,25,1,0,0
5566,316,1,0,0
5567,27,1,0,0
5568,96,1,0,0
5569,117,1,0,0
5570,142,1,0,0
5571,155,1,0,0
5572,51,1,0,0
5573,66,1,0,0
5574,14,1,0,0
5575,47,1,0,0
5576,106,1,0,0
5577,54,1,0,0
5578,74,1,0,0
5579,12,1,0,0
5580,201,1,0,0
5581,21,1,0,0
5582,156,1,0,0
5583,44,1,0,0
5584,8,1,0,0
5585,48,1,0,0
5586,64,1,0,0
5587,130,1,0,0
5588,16,1,0,0
5589,20,1,0,0
5590,39,1,0,0
5591,32,1,0,0
5592,16,1,0,0
5593,10,1,0,0
5594,11,1,0,0
5595,20,1,0,0
5596,33,1,0,0
5597,99,1,0,0
5598,40,1,0,0
5599,24,1,0,0
5600,23,1,0,0
5601,100,1,0,0
5602,58,1,0,0
5603,166,1,0,0
5604,20,1,0,0
5605,57,1,0,0
5606,43,1,0,0
5607,63,1,0,0
5608,68,1,0,0
5609,12,1,0,0
5610,64,1,0,0
5611,32,1,0,0
5612,74,1,0,0
5613,89,1,0,0
5614,74,1,0,0
5615,99,1,0,0
5616,147,1,0,0
5617,81,1,0,0
5618,47,1,0,0
5619,162,1,0,0
5620,44,1,0,0
5621,29,1,0,0
5622,18,1,0,0
5623,56,1,0,0
5624,63,1,0,0
5625,19,1,0,0
5626,35,1,0,0
5627,62,1,0,0
5628,45,1,0,0
5629,101,1,0,0
5630,22,1,0,0
5631,127,1,0,0
5632,41,1,0,0
5633,41,1,0,0
5634,55,1,0,0
5635,74,1,0,0
5636,29,1,0,0
5637,57,1,0,0
5638,43,1,0,0
5639,57,1,0,0
5640,94,1,0,0
5641,89,1,0,0
5642,41,1,0,0
5643,25,1,0,0
5644,13,1,0,0
5645,50,1,0,0
5646,7,1,0,0
5647,95,1,0,0
5648,112,1,0,0
5649,74,1,0,0
5650,43,1,0,0
5651,14,1,0,0
5652,86,1,0,0
5653,136,1,0,0
5654,55,1,0,0
5655,135,1,0,0
5656,19,1,0,0
5657,139,1,0,0
5658,96,1,0,0
5659,30,1,0,0
5660,98,1,0,0
5661,126,1,0,0
5662,63,1,0,0
5663,23,1,0,0
5664,136,1,0,0
5665,103,1,0,0
5666,29,1,0,0
5667,66,1,0,0
5668,26,1,0,0
5669,30,1,0,0
5670,88,1,0,0
5671,19,1,0,0
5672,365,1,0,0
5673,79,1,0,0
5674,62,1,0,0
5675,60,1,0,0
5676,89,1,0,0
5677,56,1,0,0
5678,48,1,0,0
5679,19,1,0,0
5680,69,1,0,0
5681,132,1,0,0
5682,21,1,0,0
5683,14,1,0,0
5684,141,1,0,0
5685,58,1,0,0
5686,64,1,0,0
5687,18,1,0,0
5688,120,1,0,0
5689,105,1,0,0
5690,72,1,0,0
5691,166,1,0,0
5692,50,1,0,0
5693,33,1,0,0
5694,46,1,0,0
5695,52,1,0,0
5696,136,1,0,0
5697,81,1,0,0
5698,19,1,0,0
5699,44,1,0,0
5700,28,1,0,0
5701,135,1,0,0
5702,57,1,0,0
5703,97,1,0,0
5704,17,1,0,0
5705,35,1,0,0
5706,50,1,0,0
5707,69,1,0,0
5708,73,1,0,0
5709,136,1,0,0
5710,61,1,0,0
5711,32,1,0,0
5712,39,1,0,0
5713,72,1,0,0
5714,106,1,0,0
5715,63,1,0,0
5716,35,1,0,0
5717,35,1,0,0
5718,362,1,0,0
5719,7,1,0,0
5720,113,1,0,0
5721,41,1,0,0
5722,62,1,0,0
5723,70,1,0,0
5724,49,1,0,0
5725,70,1,0,0
5726,50,1,0,0
5727,36,1,0,0
5728,35,1,0,0
5729,43,1,0,0
5730,95,1,0,0
5731,75,1,0,0
5732,36,1,0,0
5733,36,1,0,0
5734,144,1,0,0
5735,19,1,0,0
5736,93,1,0,0
5737,188,1,0,0
5738,128,1,0,0
5739,90,1,0,0
5740,141,1,0,0
5741,100,1,0,0
5742,55,1,0,0
5743,74,1,0,0
5744,214,1,0,0
5745,201,1,0,0
5746,90,1,0,0
5747,102,1,0,0
5748,77,1,0,0
5749,145,1,0,0
5750,20,1,0,0
5751,221,1,0,0
5752,37,1,0,0
5753,23,1,0,0
5754,42,1,0,0
5755,60,1,0,0
5756,136,1,0,0
5757,14,1,0,0
5758,63,1,0,0
5759,64,1,0,0
5760,34,1,0,0
5761,212,1,0,0
5762,33,1,0,0
5763,44,1,0,0
5764,123,1,0,0
5765,15,1,0,0
5766,82,1,0,0
5767,65,1,0,0
5768,60,1,0,0
5769,91,1,0,0
5770,38,1,0,0
5771,90,1,0,0
5772,74,1,0,0
5773,79,1,0,0
5774,24,1,0,0
5775,105,1,0,0
5776,127,1,0,0
5777,30,1,0,0
5778,96,1,0,0
5779,18,1,0,0
5780,44,1,0,0
5781,9,1,0,0
5782,126,1,0,0
5783,60,1,0,0
5784,122,1,0,0
5785,255,1,0,0
5786,75,1,0,0
5787,29,1,0,0
5788,139,1,0,0
5789,106,1,0,0
5790,333,1,0,0
5791,49,1,0,0
5792,96,1,0,0
5793,27,1,0,0
5794,49,1,0,0
5795,37,1,0,0
5796,110,1,0,0
5797,72,1,0,0
5798,77,1,0,0
5799,244,1,0,0
5800,30,1,0,0
5801,100,1,0,0
5802,13,1,0,0
5803,17,1,0,0
5804,56,1,0,0
5805,13,1,0,0
5806,101,1,0,0
5807,98,1,0,0
5808,25,1,0,0
5809,49,1,0,0
5810,29,1,0,0
5811,26,1,0,0
5812,42,1,0,0
5813,27,1,0,0
5814,89,1,0,0
5815,55,1,0,0
5816,108,1,0,0
5817,138,1,0,0
5818,86,1,0,0
5819,210,1,0,0
5820,14,1,0,0
5821,50,1,0,0
5822,15,1,0,0
5823,15,1,0,0
5824,12,1,0,0
5825,92,1,0,0
5826,43,1,0,0
5827,95,1,0,0
5828,39,1,0,0
5829,62,1,0,0
5830,74,1,0,0
5831,51,1,0,0
5832,79,1,0,0
5833,192,1,0,0
5834,49,1,0,0
5835,103,1,0,0
5836,16,1,0,0
5837,351,1,0,0
5838,83,1,0,0
5839,21,1,0,0
5840,62,1,0,0
5841,40,1,0,0
5842,38,1,0,0
5843,79,1,0,0
5844,35,1,0,0
5845,33,1,0,0
5846,113,1,0,0
5847,34,1,0,0
5848,140,1,0,0
5849,26,1,0,0
5850,25,1,0,0
5851,36,1,0,0
5852,57,1,0,0
5853,61,1,0,0
5854,108,1,0,0
5855,160,1,0,0
5856,73,1,0,0
5857,110,1,0,0
5858,83,1,0,0
5859,30,1,0,0
5860,42,1,0,0
5861,58,1,0,0
5862,96,1,0,0
5863,26,1,0,0
5864,12,1,0,0
5865,27,1,0,0
5866,60,1,0,0
5867,30,1,0,0
5868,78,1,0,0
5869,193,1,0,0
5870,23,1,0,0
5871,38,1,0,0
5872,52,1,0,0
5873,35,1,0,0
5874,107,1,0,0
5875,79,1,0,0
5876,145,1,0,0
5877,49,1,0,0
5878,104,1,0,0
5879,34,1,0,0
5880,114,1,0,0
5881,13,1,0,0
5882,28,1,0,0
5883,102,1,0,0
5884,134,1,0,0
5885,41,1,0,0
5886,94,1,0,0
5887,25,1,0,0
5888,43,1,0,0
5889,18,1,0,0
5890,95,1,0,0
5891,233,1,0,0
5892,341,1,0,0
5893,27,1,0,0
5894,14,1,0,0
5895,38,1,0,0
5896,142,1,0,0
5897,35,1,0,0
5898,15,1,0,0
5899,58,1,0,0
5900,107,1,0,0
5901,29,1,0,0
5902,50,1,0,0
5903,40,1,0,0
5904,69,1,0,0
5905,60,1,0,0
5906,29,1,0,0
5907,42,1,0,0
5908,109,1,0,0
5909,50,1,0,0
5910,120,1,0,0
5911,84,1,0,0
5912,89,1,0,0
5913,57,1,0,0
5914,14,1,0,0
5915,81,1,0,0
5916,54,1,0,0
5917,73,1,0,0
5918,35,1,0,0
5919,75,1,0,0
5920,20,1,0,0
5921,148,1,0,0
5922,58,1,0,0
5923,27,1,0,0
5924,29,1,0,0
5925,48,1,0,0
5926,63,1,0,0
5927,25,1,0,0
5928,247,1,0,0
5929,53,1,0,0
5930,92,1,0,0
5931,35,1,0,0
5932,19,1,0,0
5933,62,1,0,0
5934,128,1,0,0
5935,124,1,0,0
5936,50,1,0,0
5937,45,1,0,0
5938,33,1,0,0
5939,112,1,0,0
5940,71,1,0,0
5941,38,1,0,0
5942,47,1,0,0
5943,73,1,0,0
5944,35,1,0,0
5945,66,1,0,0
5946,95,1,0,0
5947,24,1,0,0
5948,66,1,0,0
5949,54,1,0,0
5950,130,1,0,0
5951,7,1,0,0
5952,90,1,0,0
5953,93,1,0,0
5954,88,1,0,0
5955,117,1,0,0
5956,40,1,0,0
5957,19,1,0,0
5958,92,1,0,0
5959,188,1,0,0
5960,223,1,0,0
5961,49,1,0,0
5962,104,1,0,0
5963,56,1,0,0
5964,47,1,0,0
5965,55,1,0,0
5966,105,1,0,0
5967,48,1,0,0
5968,29,1,0,0
5969,173,1,0,0
5970,33,1,0,0
5971,87,1,0,0
5972,82,1,0,0
5973,54,1,0,0
5974,88,1,0,0
5975,54,1,0,0
5976,15,1,0,0
5977,175,1,0,0
5978,89,1,0,0
5979,94,1,0,0
5980,33,1,0,0
5981,146,1,0,0
5982,221,1,0,0
5983,79,1,0,0
5984,58,1,0,0
5985,34,1,0,0
5986,23,1,0,0
5987,88,1,0,0
5988,80,1,0,0
5989,19,1,0,0
5990,122,1,0,0
5991,24,1,0,0
5992,38,1,0,0
5993,32,1,0,0
5994,85,1,0,0
5995,16,1,0,0
5996,67,1,0,0
5997,32,1,0,0
5998,57,1,0,0
5999,150,1,0,0
6000,46,1,0,0
6001,27,1,0,0
6002,68,1,0,0
6003,29,1,0,0
6004,43,1,0,0
6005,101,1,0,0
6006,21,1,0,0
6007,108,1,0,0
6008,31,1,0,0
6009,24,1,0,0
6010,29,1,0,0
6011,50,1,0,0
6012,62,1,0,0
6013,40,1,0,0
6014,59,1,0,0
6015,36,1,0,0
6016,61,1,0,0
6017,91,1,0,0
6018,61,1,0,0
6019,68,1,0,0
6020,77,1,0,0
6021,51,1,0,0
6022,61,1,0,0
6023,30,1,0,0
6024,120,1,0,0
6025,149,1,0,0
6026,124,1,0,0
6027,359,1,0,0
6028,142,1,0,0
6029,143,1,0,0
6030,39,1,0,0
6031,102,1,0,0
6032,11,1,0,0
6033,37,1,0,0
6034,141,1,0,0
6035,19,1,0,0
6036,148,1,0,0
6037,48,1,0,0
6038,42,1,0,0
6039,32,1,0,0
6040,157,1,0,0
6041,34,1,0,0
6042,66,1,0,0
6043,18,1,0,0
6044,263,1,0,0
6045,102,1,0,0
6046,47,1,0,0
6047,50,1,0,0
6048,71,1,0,0
6049,17,1,0,0
6050,205,1,0,0
6051,45,1,0,0
6052,49,1,0,0
6053,80,1,0,0
6054,33,1,0,0
6055,30,1,0,0
6056,9,1,0,0
6057,112,1,0,0
6058,18,1,0,0
6059,30,1,0,0
6060,101,1,0,0
6061,33,1,0,0
6062,79,1,0,0
6063,66,1,0,0
6064,128,1,0,0
6065,45,1,0,0
6066,55,1,0,0
6067,38,1,0,0
6068,83,1,0,0
6069,102,1,0,0
6070,51,1,0,0
6071,64,1,0,0
6072,130,1,0,0
6073,57,1,0,0
6074,54,1,0,0
6075,29,1,0,0
6076,137,1,0,0
6077,57,1,0,0
6078,80,1,0,0
6079,87,1,0,0
6080,189,1,0,0
6081,43,1,0,0
6082,93,1,0,0
6083,108,1,0,0
6084,59,1,0,0
6085,26,1,0,0
6086,74,1,0,0
6087,179,1,0,0
6088,71,1,0,0
6089,118,1,0,0
6090,29,1,0,0
6091,43,1,0,0
6092,91,1,0,0
6093,88,1,0,0
6094,135,1,0,0
6095,112,1,0,0
6096,47,1,0,0
6097,19,1,0,0
6098,56,1,0,0
6099,92,1,0,0
6100,62,1,0,0
6101,99,1,0,0
6102,14,1,0,0
6103,40,1,0,0
6104,29,1,0,0
6105,25,1,0,0
6106,126,1,0,0
6107,41,1,0,0
6108,7,1,0,0
6109,67,1,0,0
6110,25,1,0,0
6111,143,1,0,0
6112,40,1,0,0
6113,23,1,0,0
6114,63,1,0,0
6115,198,1,0,0
6116,51,1,0,0
6117,204,1,0,0
6118,15,1,0,0
6119,122,1,0,0
6120,70,1,0,0
6121,145,1,0,0
6122,107,1,0,0
6123,379,1,0,0
6124,32,1,0,0
6125,80,1,0,0
6126,14,1,0,0
6127,82,1,0,0
6128,61,1,0,0
6129,54,1,0,0
6130,153,1,0,0
6131,44,1,0,0
6132,44,1,0,0
6133,191,1,0,0
6134,27,1,0,0
6135,36,1,0,0
6136,34,1,0,0
6137,96,1,0,0
6138,25,1,0,0
6139,16,1,0,0
6140,192,1,0,0
6141,109,1,0,0
6142,31,1,0,0
6143,43,1,0,0
6144,141,1,0,0
6145,69,1,0,0
6146,41,1,0,0
6147,115,1,0,0
6148,135,1,0,0
6149,80,1,0,0
6150,51,1,0,0
6151,47,1,0,0
6152,52,1,0,0
6153,21,1,0,0
6154,40,1,0,0
6155,29,1,0,0
6156,115,1,0,0
6157,128,1,0,0
6158,92,1,0,0
6159,48,1,0,0
6160,198,1,0,0
6161,86,1,0,0
6162,29,1,0,0
6163,118,1,0,0
6164,97,1,0,0
6165,51,1,0,0
6166,60,1,0,0
6167,103,1,0,0
6168,28,1,0,0
6169,32,1,0,0
6170,112,1,0,0
6171,68,1,0,0
6172,111,1,0,0
6173,144,1,0,0
6174,60,1,0,0
6175,155,1,0,0
6176,30,1,0,0
6177,17,1,0,0
6178,109,1,0,0
6179,131,1,0,0
6180,60,1,0,0
6181,56,1,0,0
6182,85,1,0,0
6183,175,1,0,0
6184,29,1,0,0
6185,161,1,0,0
6186,52,1,0,0
6187,54,1,0,0
6188,39,1,0,0
6189,70,1,0,0
6190,97,1,0,0
6191,43,1,0,0
6192,63,1,0,0
6193,172,1,0,0
6194,205,1,0,0
6195,158,1,0,0
6196,102,1,0,0
6197,28,1,0,0
6198,119,1,0,0
6199,95,1,0,0
6200,20,1,0,0
6201,18,1,0,0
6202,315,1,0,0
6203,35,1,0,0
6204,168,1,0,0
6205,39,1,0,0
6206,30,1,0,0
6207,74,1,0,0
6208,80,1,0,0
6209,26,1,0,0
6210,13,1,0,0
6211,42,1,0,0
6212,85,1,0,0
6213,34,1,0,0
6214,62,1,0,0
6215,118,1,0,0
6216,14,1,0,0
6217,67,1,0,0
6218,64,1,0,0
6219,23,1,0,0
6220,138,1,0,0
6221,73,1,0,0
6222,126,1,0,0
6223,23,1,0,0
6224,114,1,0,0
6225,92,1,0,0
6226,97,1,0,0
6227,134,1,0,0
6228,33,1,0,0
6229,80,1,0,0
6230,35,1,0,0
6231,65,1,0,0
6232,30,1,0,0
6233,103,1,0,0
6234,78,1,0,0
6235,77,1,0,0
6236,10,1,0,0
6237,83,1,0,0
6238,170,1,0,0
6239,26,1,0,0
6240,91,1,0,0
6241,230,1,0,0
6242,66,1,0,0
6243,92,1,0,0
6244,104,1,0,0
6245,40,1,0,0
6246,22,1,0,0
6247,108,1,0,0
6248,18,1,0,0
6249,68,1,0,0
6250,126,1,0,0
6251,99,1,0,0
6252,91,1,0,0
6253,65,1,0,0
6254,87,1,0,0
6255,118,1,0,0
6256,20,1,0,0
6257,35,1,0,0
6258,62,1,0,0
6259,65,1,0,0
6260,34,1,0,0
6261,26,1,0,0
6262,84,1,0,0
6263,70,1,0,0
6264,7,1,0,0
6265,112,1,0,0
6266,139,1,0,0
6267,22,1,0,0
6268,80,1,0,0
6269,20,1,0,0
6270,23,1,0,0
6271,153,1,0,0
6272,19,1,0,0
6273,247,1,0,0
6274,81,1,0,0
6275,21,1,0,0
6276,41,1,0,0
6277,42,1,0,0
6278,143,1,0,0
6279,12,1,0,0
6280,82,1,0,0
6281,153,1,0,0
6282,34,1,0,0
6283,80,1,0,0
6284,97,1,0,0
6285,44,1,0,0
6286,34,1,0,0
6287,164,1,0,0
6288,45,1,0,0
6289,31,1,0,0
6290,85,1,0,0
6291,49,1,0,0
6292,90,1,0,0
6293,155,1,0,0
6294,201,1,0,0
6295,31,1,0,0
6296,137,1,0,0
6297,17,1,0,0
6298,83,1,0,0
6299,32,1,0,0
6300,40,1,0,0
6301,48,1,0,0
6302,71,1,0,0
6303,23,1,0,0
6304,7,1,0,0
6305,299,1,0,0
6306,22,1,0,0
6307,85,1,0,0
6308,37,1,0,0
6309,79,1,0,0
6310,10,1,0,0
6311,34,1,0,0
6312,46,1,0,0
6313,64,1,0,0
6314,7,1,0,0
6315,19,1,0,0
6316,77,1,0,0
6317,50,1,0,0
6318,64,1,0,0
6319,9,1,0,0
6320,18,1,0,0
6321,214,1,0,0
6322,120,1,0,0
6323,99,1,0,0
6324,32,1,0,0
6325,33,1,0,0
6326,153,1,0,0
6327,41,1,0,0
6328,48,1,0,0
6329,50,1,0,0
6330,76,1,0,0
6331,81,1,0,0
6332,25,1,0,0
6333,18,1,0,0
6334,10,1,0,0
6335,80,1,0,0
6336,280,1,0,0
6337,90,1,0,0
6338,58,1,0,0
6339,96,1,0,0
6340,176,1,0,0
6341,174,1,0,0
6342,77,1,0,0
6343,34,1,0,0
6344,100,1,0,0
6345,55,1,0,0
6346,23,1,0,0
6347,59,1,0,0
6348,38,1,0,0
6349,8,1,0,0
6350,33,1,0,0
6351,154,1,0,0
6352,55,1,0,0
6353,56,1,0,0
6354,51,1,0,0
6355,21,1,0,0
6356,54,1,0,0
6357,119,1,0,0
6358,47,1,0,0
6359,188,1,0,0
6360,13,1,0,0
6361,54,1,0,0
6362,91,1,0,0
6363,13,1,0,0
6364,52,1,0,0
6365,105,1,0,0
6366,44,1,0,0
6367,158,1,0,0
6368,60,1,0,0
6369,39,1,0,0
6370,30,1,0,0
6371,129,1,0,0
6372,69,1,0,0
6373,69,1,0,0
6374,51,1,0,0
6375,27,1,0,0
6376,39,1,0,0
6377,263,1,0,0
6378,69,1,0,0
6379,203,1,0,0
6380,42,1,0,0
6381,70,1,0,0
6382,69,1,0,0
6383,49,1,0,0
6384,157,1,0,0
6385,27,1,0,0
6386,88,1,0,0
6387,28,1,0,0
6388,26,1,0,0
6389,113,1,0,0
6390,51,1,0,0
6391,97,1,0,0
6392,37,1,0,0
6393,36,1,0,0
6394,28,1,0,0
6395,57,1,0,0
6396,16,1,0,0
6397,17,1,0,0
6398,43,1,0,0
6399,48,1,0,0
6400,175,1,0,0
6401,77,1,0,0
6402,79,1,0,0
6403,52,1,0,0
6404,64,1,0,0
6405,61,1,0,0
6406,130,1,0,0
6407,44,1,0,0
6408,38,1,0,0
6409,56,1,0,0
6410,26,1,0,0
6411,26,1,0,0
6412,72,1,0,0
6413,19,1,0,0
6414,56,1,0,0
6415,30,1,0,0
6416,203,1,0,0
6417,77,1,0,0
6418,50,1,0,0
6419,17,1,0,0
6420,50,1,0,0
6421,258,1,0,0
6422,30,1,0,0
6423,100,1,0,0
6424,53,1,0,0
6425,154,1,0,0
6426,22,1,0,0
6427,89,1,0,0
6428,118,1,0,0
6429,55,1,0,0
6430,37,1,0,0
6431,97,1,0,0
6432,126,1,0,0
6433,68,1,0,0
6434,26,1,0,0
6435,30,1,0,0
6436,106,1,0,0
6437,113,1,0,0
6438,79,1,0,0
6439,40,1,0,0
6440,26,1,0,0
6441,140,1,0,0
6442,87,1,0,0
6443,199,1,0,0
6444,58,1,0,0
6445,83,1,0,0
6446,18,1,0,0
6447,117,1,0,0
6448,84,1,0,0
6449,109,1,0,0
6450,53,1,0,0
6451,83,1,0,0
6452,17,1,0,0
6453,120,1,0,0
6454,89,1,0,0
6455,36,1,0,0
6456,31,1,0,0
6457,31,1,0,0
6458,136,1,0,0
6459,174,1,0,0
6460,16,1,0,0
6461,81,1,0,0
6462,16,1,0,0
6463,56,1,0,0
6464,68,1,0,0
6465,85,1,0,0
6466,79,1,0,0
6467,47,1,0,0
6468,117,1,0,0
6469,12,1,0,0
6470,108,1,0,0
6471,71,1,0,0
6472,39,1,0,0
6473,54,1,0,0
6474,69,1,0,0
6475,53,1,0,0
6476,204,1,0,0
6477,102,1,0,0
6478,84,1,0,0
6479,137,1,0,0
6480,50,1,0,0
6481,103,1,0,0
6482,26,1,0,0
6483,45,1,0,0
6484,103,1,0,0
6485,102,1,0,0
6486,54,1,0,0
6487,32,1,0,0
6488,29,1,0,0
6489,34,1,0,0
6490,55,1,0,0
6491,16,1,0,0
6492,22,1,0,0
6493,37,1,0,0
6494,126,1,0,0
6495,72,1,0,0
6496,27,1,0,0
6497,128,1,0,0
6498,85,1,0,0
6499,31,1,0,0
6500,110,1,0,0
6501,31,1,0,0
6502,89,1,0,0
6503,68,1,0,0
6504,146,1,0,0
6505,13,1,0,0
6506,15,1,0,0
6507,43,1,0,0
6508,29,1,0,0
6509,12,1,0,0
6510,92,1,0,0
6511,95,1,0,0
6512,85,1,0,0
6513,12,1,0,0
6514,97,1,0,0
6515,58,1,0,0
6516,89,1,0,0
6517,56,1,0,0
6518,203,1,0,0
6519,34,1,0,0
6520,49,1,0,0
6521,21,1,0,0
6522,50,1,0,0
6523,52,1,0,0
6524,191,1,0,0
6525,79,1,0,0
6526,20,1,0,0
6527,28,1,0,0
6528,15,1,0,0
6529,62,1,0,0
6530,65,1,0,0
6531,26,1,0,0
6532,55,1,0,0
6533,84,1,0,0
6534,70,1,0,0
6535,291,1,0,0
6536,31,1,0,0
6537,15,1,0,0
6538,88,1,0,0
6539,47,1,0,0
6540,125,1,0,0
6541,115,1,0,0
6542,26,1,0,0
6543,33,1,0,0
6544,59,1,0,0
6545,14,1,0,0
6546,100,1,0,0
6547,45,1,0,0
6548,7,1,0,0
6549,163,1,0,0
6550,73,1,0,0
6551,19,1,0,0
6552,60,1,0,0
6553,88,1,0,0
6554,89,1,0,0
6555,121,1,0,0
6556,39,1,0,0
6557,53,1,0,0
6558,191,1,0,0
6559,23,1,0,0
6560,103,1,0,0
6561,83,1,0,0
6562,98,1,0,0
6563,40,1,0,0
6564,113,1,0,0
6565,148,1,0,0
6566,60,1,0,0
6567,41,1,0,0
6568,53,1,0,0
6569,81,1,0,0
6570,53,1,0,0
6571,66,1,0,0
6572,76,1,0,0
6573,35,1,0,0
6574,133,1,0,0
6575,53,1,0,0
6576,62,1,0,0
6577,52,1,0,0
6578,37,1,0,0
6579,50,1,0,0
6580,155,1,0,0
6581,44,1,0,0
6582,32,1,0,0
6583,43,1,0,0
6584,69,1,0,0
6585,154,1,0,0
6586,102,1,0,0
6587,27,1,0,0
6588,343,1,0,0
6589,55,1,0,0
6590,19,1,0,0
6591,132,1,0,0
6592,86,1,0,0
6593,137,1,0,0
6594,54,1,0,0
6595,57,1,0,0
6596,46,1,0,0
6597,24,1,0,0
6598,106,1,0,0
6599,48,1,0,0
6600,15,1,0,0
6601,32,1,0,0
6602,93,1,0,0
6603,41,1,0,0
6604,70,1,0,0
6605,77,1,0,0
6606,54,1,0,0
6607,19,1,0,0
6608,64,1,0,0
6609,118,1,0,0
6610,22,1,0,0
6611,108,1,0,0
6612,38,1,0,0
6613,96,1,0,0
6614,36,1,0,0
6615,138,1,0,0
6616,42,1,0,0
6617,52,1,0,0
6618,28,1,0,0
6619,25,1,0,0
6620,91,1,0,0
6621,121,1,0,0
6622,78,1,0,0
6623,16,1,0,0
6624,17,1,0,0
6625,47,1,0,0
6626,53,1,0,0
6627,42,1,0,0
6628,132,1,0,0
6629,107,1,0,0
6630,256,1,0,0
6631,77,1,0,0
6632,26,1,0,0
6633,162,1,0,0
6634,96,1,0,0
6635,100,1,0,0
6636,34,1,0,0
6637,24,1,0,0
6638,15,1,0,0
6639,43,1,0,0
6640,47,1,0,0
6641,33,1,0,0
6642,28,1,0,0
6643,58,1,0,0
6644,74,1,0,0
6645,38,1,0,0
6646,18,1,0,0
6647,17,1,0,0
6648,58,1,0,0
6649,132,1,0,0
6650,56,1,0,0
6651,75,1,0,0
6652,38,1,0,0
6653,41,1,0,0
6654,154,1,0,0
6655,159,1,0,0
6656,201,1,0,0
6657,50,1,0,0
6658,179,1,0,0
6659,35,1,0,0
6660,167,1,0,0
6661,84,1,0,0
6662,137,1,0,0
6663,29,1,0,0
6664,128,1,0,0
6665,19,1,0,0
6666,61,1,0,0
6667,37,1,0,0
6668,100,1,0,0
6669,99,1,0,0
6670,9,1,0,0
6671,29,1,0,0
6672,39,1,0,0
6673,45,1,0,0
6674,65,1,0,0
6675,35,1,0,0
6676,63,1,0,0
6677,19,1,0,0
6678,84,1,0,0
6679,81,1,0,0
6680,14,1,0,0
6681,53,1,0,0
6682,51,1,0,0
6683,35,1,0,0
6684,60,1,0,0
6685,28,1,0,0
6686,88,1,0,0
6687,53,1,0,0
6688,99,1,0,0
6689,30,1,0,0
6690,31,1,0,0
6691,38,1,0,0
6692,83,1,0,0
6693,21,1,0,0
6694,179,1,0,0
6695,32,1,0,0
6696,68,1,0,0
6697,50,1,0,0
6698,151,1,0,0
6699,53,1,0,0
6700,35,1,0,0
6701,9,1,0,0
6702,14,1,0,0
6703,151,1,0,0
6704,32,1,0,0
6705,94,1,0,0
6706,26,1,0,0
6707,70,1,0,0
6708,24,1,0,0
6709,74,1,0,0
6710,192,1,0,0
6711,45,1,0,0
6712,85,1,0,0
6713,37,1,0,0
6714,40,1,0,0
6715,32,1,0,0
6716,76,1,0,0
6717,34,1,0,0
6718,71,1,0,0
6719,76,1,0,0
6720,36,1,0,0
6721,23,1,0,0
6722,53,1,0,0
6723,17,1,0,0
6724,45,1,0,0
6725,110,1,0,0
6726,40,1,0,0
6727,92,1,0,0
6728,65,1,0,0
6729,10,1,0,0
6730,43,1,0,0
6731,83,1,0,0
6732,10,1,0,0
6733,29,1,0,0
6734,46,1,0,0
6735,135,1,0,0
6736,15,1,0,0
6737,42,1,0,0
6738,139,1,0,0
6739,33,1,0,0
6740,45,1,0,0
6741,21,1,0,0
6742,117,1,0,0
6743,179,1,0,0
6744,135,1,0,0
6745,124,1,0,0
6746,38,1,0,0
6747,15,1,0,0
6748,227,1,0,0
6749,104,1,0,0
6750,111,1,0,0
6751,21,1,0,0
6752,21,1,0,0
6753,66,1,0,0
6754,78,1,0,0
6755,33,1,0,0
6756,74,1,0,0
6757,22,1,0,0
6758,125,1,0,0
6759,19,1,0,0
6760,34,1,0,0
6761,47,1,0,0
6762,110,1,0,0
6763,85,1,0,0
6764,119,1,0,0
6765,19,1,0,0
6766,20,1,0,0
6767,87,1,0,0
6768,38,1,0,0
6769,19,1,0,0
6770,14,1,0,0
6771,31,1,0,0
6772,29,1,0,0
6773,311,1,0,0
6774,70,1,0,0
6775,54,1,0,0
6776,32,1,0,0
6777,43,1,0,0
6778,45,1,0,0
6779,117,1,0,0
6780,47,1,0,0
6781,13,1,0,0
6782,10,1,0,0
6783,30,1,0,0
6784,93,1,0,0
6785,61,1,0,0
6786,38,1,0,0
6787,40,1,0,0
6788,106,1,0,0
6789,34,1,0,0
6790,49,1,0,0
6791,15,1,0,0
6792,67,1,0,0
6793,81,1,0,0
6794,85,1,0,0
6795,30,1,0,0
6796,98,1,0,0
6797,88,1,0,0
6798,82,1,0,0
6799,64,1,0,0
6800,150,1,0,0
6801,23,1,0,0
6802,294,1,0,0
6803,82,1,0,0
6804,33,1,0,0
6805,180,1,0,0
6806,111,1,0,0
6807,62,1,0,0
6808,143,1,0,0
6809,31,1,0,0
6810,44,1,0,0
6811,140,1,0,0
6812,60,1,0,0
6813,185,1,0,0
6814,106,1,0,0
6815,105,1,0,0
6816,156,1,0,0
6817,94,1,0,0
6818,38,1,0,0
6819,182,1,0,0
6820,15,1,0,0
6821,39,1,0,0
6822,60,1,0,0
6823,74,1,0,0
6824,47,1,0,0
6825,185,1,0,0
6826,73,1,0,0
6827,79,1,0,0
6828,99,1,0,0
6829,25,1,0,0
6830,87,1,0,0
6831,41,1,0,0
6832,31,1,0,0
6833,35,1,0,0
6834,113,1,0,0
6835,30,1,0,0
6836,13,1,0,0
6837,17,1,0,0
6838,18,1,0,0
6839,34,1,0,0
6840,34,1,0,0
6841,29,1,0,0
6842,74,1,0,0
6843,38,1,0,0
6844,107,1,0,0
6845,83,1,0,0
6846,109,1,0,0
6847,22,1,0,0
6848,101,1,0,0
6849,145,1,0,0
6850,60,1,0,0
6851,83,1,0,0
6852,62,1,0,0
6853,84,1,0,0
6854,57,1,0,0
6855,42,1,0,0
6856,69,1,0,0
6857,12,1,0,0
6858,42,1,0,0
6859,131,1,0,0
6860,58,1,0,0
6861,101,1,0,0
6862,58,1,0,0
6863,79,1,0,0
6864,71,1,0,0
6865,83,1,0,0
6866,22,1,0,0
6867,12,1,0,0
6868,48,1,0,0
6869,8,1,0,0
6870,67,1,0,0
6871,37,1,0,0
6872,106,1,0,0
6873,221,1,0,0
6874,22,1,0,0
6875,65,1,0,0
6876,65,1,0,0
6877,62,1,0,0
6878,95,1,0,0
6879,86,1,0,0
6880,72,1,0,0
6881,28,1,0,0
6882,211,1,0,0
6883,31,1,0,0
6884,103,1,0,0
6885,70,1,0,0
6886,37,1,0,0
6887,48,1,0,0
6888,216,1,0,0
6889,81,1,0,0
6890,59,1,0,0
6891,56,1,0,0
6892,21,1,0,0
6893,16,1,0,0
6894,164,1,0,0
6895,39,1,0,0
6896,84,1,0,0
6897,55,1,0,0
6898,14,1,0,0
6899,79,1,0,0
6900,64,1,0,0
6901,57,1,0,0
6902,90,1,0,0
6903,229,1,0,0
6904,107,1,0,0
6905,135,1,0,0
6906,36,1,0,0
6907,67,1,0,0
6908,66,1,0,0
6909,56,1,0,0
6910,82,1,0,0
6911,21,1,0,0
6912,29,1,0,0
6913,84,1,0,0
6914,94,1,0,0
6915,97,1,0,0
6916,72,1,0,0
6917,74,1,0,0
6918,34,1,0,0
6919,16,1,0,0
6920,78,1,0,0
6921,22,1,0,0
6922,97,1,0,0
6923,38,1,0,0
6924,17,1,0,0
6925,184,1,0,0
6926,231,1,0,0
6927,50,1,0,0
6928,41,1,0,0
6929,46,1,0,0
6930,63,1,0,0
6931,67,1,0,0
6932,64,1,0,0
6933,70,1,0,0
6934,59,1,0,0
6935,27,1,0,0
6936,248,1,0,0
6937,47,1,0,0
6938,20,1,0,0
6939,23,1,0,0
6940,343,1,0,0
6941,99,1,0,0
6942,61,1,0,0
6943,29,1,0,0
6944,111,1,0,0
6945,98,1,0,0
6946,70,1,0,0
6947,73,1,0,0
6948,40,1,0,0
6949,30,1,0,0
6950,54,1,0,0
6951,179,1,0,0
6952,35,1,0,0
6953,117,1,0,0
6954,102,1,0,0
6955,80,1,0,0
6956,70,1,0,0
6957,73,1,0,0
6958,68,1,0,0
6959,18,1,0,0
6960,68,1,0,0
6961,180,1,0,0
6962,25,1,0,0
6963,62,1,0,0
6964,110,1,0,0
6965,208,1,0,0
6966,81,1,0,0
6967,58,1,0,0
6968,147,1,0,0
6969,116,1,0,0
6970,44,1,0,0
6971,56,1,0,0
6972,41,1,0,0
6973,142,1,0,0
6974,23,1,0,0
6975,87,1,0,0
6976,277,1,0,0
6977,86,1,0,0
6978,18,1,0,0
6979,77,1,0,0
6980,59,1,0,0
6981,91,1,0,0
6982,62,1,0,0
6983,100,1,0,0
6984,17,1,0,0
6985,33,1,0,0
6986,16,1,0,0
6987,101,1,0,0
6988,31,1,0,0
6989,40,1,0,0
6990,68,1,0,0
6991,83,1,0,0
6992,49,1,0,0
6993,43,1,0,0
6994,79,1,0,0
6995,55,1,0,0
6996,22,1,0,0
6997,52,1,0,0
6998,75,1,0,0
6999,29,1,0,0
7000,21,1,0,0
7001,30,1,0,0
7002,15,1,0,0
7003,42,1,0,0
7004,24,1,0,0
7005,207,1,0,0
7006,39,1,0,0
7007,71,1,0,0
7008,138,1,0,0
7009,177,1,0,0
7010,107,1,0,0
7011,61,1,0,0
7012,90,1,0,0
7013,111,1,0,0
7014,32,1,0,0
7015,38,1,0,0
7016,45,1,0,0
7017,40,1,0,0
7018,52,1,0,0
7019,109,1,0,0
7020,76,1,0,0
7021,43,1,0,0
7022,54,1,0,0
7023,26,1,0,0
7024,110,1,0,0
7025,147,1,0,0
7026,29,1,0,0
7027,130,1,0,0
7028,32,1,0,0
7029,85,1,0,0
7030,64,1,0,0
7031,28,1,0,0
7032,68,1,0,0
7033,14,1,0,0
7034,92,1,0,0
7035,121,1,0,0
7036,50,1,0,0
7037,257,1,0,0
7038,33,1,0,0
7039,175,1,0,0
7040,61,1,0,0
7041,14,1,0,0
7042,8,1,0,0
7043,57,1,0,0
7044,43,1,0,0
7045,288,1,0,0
7046,76,1,0,0
7047,15,1,0,0
7048,79,1,0,0
7049,74,1,0,0
7050,44,1,0,0
7051,30,1,0,0
7052,65,1,0,0
7053,68,1,0,0
7054,28,1,0,0
7055,272,1,0,0
7056,62,1,0,0
7057,30,1,0,0
7058,91,1,0,0
7059,11,1,0,0
7060,13,1,0,0
7061,361,1,0,0
7062,97,1,0,0
7063,177,1,0,0
7064,25,1,0,0
7065,11,1,0,0
7066,26,1,0,0
7067,95,1,0,0
7068,45,1,0,0
7069,93,1,0,0
7070,22,1,0,0
7071,127,1,0,0
7072,99,1,0,0
7073,71,1,0,0
7074,102,1,0,0
7075,48,1,0,0
7076,223,1,0,0
7077,44,1,0,0
7078,39,1,0,0
7079,92,1,0,0
7080,33,1,0,0
7081,130,1,0,0
7082,118,1,0,0
7083,70,1,0,0
7084,26,1,0,0
7085,59,1,0,0
7086,27,1,0,0
7087,105,1,0,0
7088,24,1,0,0
7089,32,1,0,0
7090,31,1,0,0
7091,76,1,0,0
7092,78,1,0,0
7093,17,1,0,0
7094,39,1,0,0
7095,155,1,0,0
7096,34,1,0,0
7097,189,1,0,0
7098,148,1,0,0
7099,63,1,0,0
7100,51,1,0,0
7101,117,1,0,0
7102,39,1,0,0
7103,83,1,0,0
7104,78,1,0,0
7105,55,1,0,0
7106,60,1,0,0
7107,81,1,0,0
7108,109,1,0,0
7109,43,1,0,0
7110,12,1,0,0
7111,105,1,0,0
7112,89,1,0,0
7113,70,1,0,0
7114,83,1,0,0
7115,39,1,0,0
7116,112,1,0,0
7117,125,1,0,0
7118,13,1,0,0
7119,21,1,0,0
7120,129,1,0,0
7121,33,1,0,0
7122,116,1,0,0
7123,10,1,0,0
7124,93,1,0,0
7125,37,1,0,0
7126,33,1,0,0
7127,104,1,0,0
7128,73,1,0,0
7129,19,1,0,0
7130,29,1,0,0
7131,89,1,0,0
7132,26,1,0,0
7133,19,1,0,0
7134,64,1,0,0
7135,7,1,0,0
7136,23,1,0,0
7137,75,1,0,0
7138,34,1,0,0
7139,86,1,0,0
7140,12,1,0,0
7141,24,1,0,0
7142,103,1,0,0
7143,26,1,0,0
7144,60,1,0,0
7145,66,1,0,0
7146,40,1,0,0
7147,30,1,0,0
7148,115,1,0,0
7149,156,1,0,0
7150,71,1,0,0
7151,115,1,0,0
7152,39,1,0,0
7153,164,1,0,0
7154,27,1,0,0
7155,13,1,0,0
7156,11,1,0,0
7157,32,1,0,0
7158,26,1,0,0
7159,122,1,0,0
7160,81,1,0,0
7161,88,1,0,0
7162,30,1,0,0
7163,79,1,0,0
7164,71,1,0,0
7165,39,1,0,0
7166,129,1,0,0
7167,25,1,0,0
7168,37,1,0,0
7169,140,1,0,0
7170,103,1,0,0
7171,45,1,0,0
7172,77,1,0,0
7173,59,1,0,0
7174,140,1,0,0
7175,44,1,0,0
7176,60,1,0,0
7177,176,1,0,0
7178,59,1,0,0
7179,84,1,0,0
7180,78,1,0,0
7181,11,1,0,0
7182,96,1,0,0
7183,44,1,0,0
7184,86,1,0,0
7185,244,1,0,0
7186,107,1,0,0
7187,124,1,0,0
7188,143,1,0,0
7189,44,1,0,0
7190,34,1,0,0
7191,136,1,0,0
7192,62,1,0,0
7193,25,1,0,0
7194,33,1,0,0
7195,18,1,0,0
7196,50,1,0,0
7197,96,1,0,0
7198,52,1,0,0
7199,53,1,0,0
7200,86,1,0,0
7201,123,1,0,0
7202,63,1,0,0
7203,77,1,0,0
7204,29,1,0,0
7205,25,1,0,0
7206,145,1,0,0
7207,70,1,0,0
7208,124,1,0,0
7209,104,1,0,0
7210,152,1,0,0
7211,67,1,0,0
7212,20,1,0,0
7213,33,1,0,0
7214,205,1,0,0
7215,100,1,0,0
7216,90,1,0,0
7217,51,1,0,0
7218,26,1,0,0
7219,38,1,0,0
7220,19,1,0,0
7221,125,1,0,0
7222,62,1,0,0
7223,109,1,0,0
7224,81,1,0,0
7225,20,1,0,0
7226,46,1,0,0
7227,42,1,0,0
7228,51,1,0,0
7229,23,1,0,0
7230,84,1,0,0
7231,218,1,0,0
7232,28,1,0,0
7233,75,1,0,0
7234,146,1,0,0
7235,120,1,0,0
7236,105,1,0,0
7237,26,1,0,0
7238,40,1,0,0
7239,52,1,0,0
7240,126,1,0,0
7241,22,1,0,0
7242,114,1,0,0
7243,34,1,0,0
7244,28,1,0,0
7245,79,1,0,0
7246,103,1,0,0
7247,114,1,0,0
7248,88,1,0,0
7249,30,1,0,0
7250,91,1,0,0
7251,65,1,0,0
7252,40,1,0,0
7253,137,1,0,0
7254,202,1,0,0
7255,131,1,0,0
7256,39,1,0,0
7257,159,1,0,0
7258,13,1,0,0
7259,127,1,0,0
7260,41,1,0,0
7261,59,1,0,0
7262,47,1,0,0
7263,163,1,0,0
7264,45,1,0,0
7265,62,1,0,0
7266,135,1,0,0
7267,132,1,0,0
7268,22,1,0,0
7269,90,1,0,0
7270,188,1,0,0
7271,58,1,0,0
7272,39,1,0,0
7273,181,1,0,0
7274,146,1,0,0
7275,157,1,0,0
7276,32,1,0,0
7277,160,1,0,0
7278,17,1,0,0
7279,45,1,0,0
7280,84,1,0,0
7281,38,1,0,0
7282,131,1,0,0
7283,33,1,0,0
7284,28,1,0,0
7285,129,1,0,0
7286,68,1,0,0
7287,109,1,0,0
7288,20,1,0,0
7289,75,1,0,0
7290,159,1,0,0
7291,175,1,0,0
7292,24,1,0,0
7293,134,1,0,0
7294,206,1,0,0
7295,58,1,0,0
7296,40,1,0,0
7297,23,1,0,0
7298,44,1,0,0
7299,82,1,0,0
7300,64,1,0,0
7301,89,1,0,0
7302,39,1,0,0
7303,53,1,0,0
7304,67,1,0,0
7305,63,1,0,0
7306,20,1,0,0
7307,30,1,0,0
7308,45,1,0,0
7309,102,1,0,0
7310,34,1,0,0
7311,30,1,0,0
7312,59,1,0,0
7313,34,1,0,0
7314,81,1,0,0
7315,64,1,0,0
7316,13,1,0,0
7317,89,1,0,0
7318,62,1,0,0
7319,199,1,0,0
7320,58,1,0,0
7321,44,1,0,0
7322,113,1,0,0
7323,149,1,0,0
7324,88,1,0,0
7325,62,1,0,0
7326,124,1,0,0
7327,50,1,0,0
7328,157,1,0,0
7329,21,1,0,0
7330,132,1,0,0
7331,12,1,0,0
7332,86,1,0,0
7333,29,1,0,0
7334,57,1,0,0
7335,63,1,0,0
7336,52,1,0,0
7337,41,1,0,0
7338,82,1,0,0
7339,23,1,0,0
7340,20,1,0,0
7341,41,1,0,0
7342,17,1,0,0
7343,23,1,0,0
7344,52,1,0,0
7345,88,1,0,0
7346,36,1,0,0
7347,201,1,0,0
7348,40,1,0,0
7349,38,1,0,0
7350,28,1,0,0
7351,45,1,0,0
7352,27,1,0,0
7353,64,1,0,0
7354,73,1,0,0
7355,47,1,0,0
7356,271,1,0,0
7357,103,1,0,0
7358,152,1,0,0
7359,94,1,0,0
7360,23,1,0,0
7361,102,1,0,0
7362,48,1,0,0
7363,42,1,0,0
7364,125,1,0,0
7365,45,1,0,0
7366,24,1,0,0
7367,51,1,0,0
7368,74,1,0,0
7369,21,1,0,0
7370,7,1,0,0
7371,16,1,0,0
7372,7,1,0,0
7373,103,1,0,0
7374,18,1,0,0
7375,193,1,0,0
7376,9,1,0,0
7377,45,1,0,0
7378,101,1,0,0
7379,66,1,0,0
7380,47,1,0,0
7381,20,1,0,0
7382,156,1,0,0
7383,31,1,0,0
7384,71,1,0,0
7385,82,1,0,0
7386,91,1,0,0
7387,7,1,0,0
7388,16,1,0,0
7389,116,1,0,0
7390,49,1,0,0
7391,145,1,0,0
7392,69,1,0,0
7393,37,1,0,0
7394,48,1,0,0
7395,49,1,0,0
7396,113,1,0,0
7397,20,1,0,0
7398,154,1,0,0
7399,94,1,0,0
7400,64,1,0,0
7401,40,1,0,0
7402,56,1,0,0
7403,125,1,0,0
7404,12,1,0,0
7405,41,1,0,0
7406,34,1,0,0
7407,85,1,0,0
7408,37,1,0,0
7409,119,1,0,0
7410,73,1,0,0
7411,69,1,0,0
7412,233,1,0,0
7413,114,1,0,0
7414,83,1,0,0
7415,62,1,0,0
7416,183,1,0,0
7417,104,1,0,0
7418,21,1,0,0
7419,164,1,0,0
7420,44,1,0,0
7421,36,1,0,0
7422,57,1,0,0
7423,33,1,0,0
7424,33,1,0,0
7425,97,1,0,0
7426,76,1,0,0
7427,118,1,0,0
7428,82,1,0,0
7429,55,1,0,0
7430,33,1,0,0
7431,35,1,0,0
7432,77,1,0,0
7433,102,1,0,0
7434,45,1,0,0
7435,55,1,0,0
7436,128,1,0,0
7437,59,1,0,0
7438,39,1,0,0
7439,76,1,0,0
7440,38,1,0,0
7441,113,1,0,0
7442,76,1,0,0
7443,46,1,0,0
7444,23,1,0,0
7445,135,1,0,0
7446,64,1,0,0
7447,54,1,0,0
7448,136,1,0,0
7449,32,1,0,0
7450,105,1,0,0
7451,88,1,0,0
7452,111,1,0,0
7453,24,1,0,0
7454,14,1,0,0
7455,130,1,0,0
7456,9,1,0,0
7457,65,1,0,0
7458,26,1,0,0
7459,21,1,0,0
7460,19,1,0,0
7461,79,1,0,0
7462,22,1,0,0
7463,19,1,0,0
7464,150,1,0,0
7465,76,1,0,0
7466,25,1,0,0
7467,17,1,0,0
7468,112,1,0,0
7469,29,1,0,0
7470,31,1,0,0
7471,88,1,0,0
7472,45,1,0,0
7473,92,1,0,0
7474,124,1,0,0
7475,22,1,0,0
7476,29,1,0,0
7477,32,1,0,0
7478,45,1,0,0
7479,173,1,0,0
7480,68,1,0,0
7481,66,1,0,0
7482,168,1,0,0
7483,25,1,0,0
7484,28,1,0,0
7485,65,1,0,0
7486,87,1,0,0
7487,40,1,0,0
7488,45,1,0,0
7489,157,1,0,0
7490,51,1,0,0
7491,154,1,0,0
7492,107,1,0,0
7493,70,1,0,0
7494,114,1,0,0
7495,32,1,0,0
7496,74,1,0,0
7497,111,1,0,0
7498,42,1,0,0
7499,64,1,0,0
7500,8,1,0,0
7501,27,1,0,0
7502,76,1,0,0
7503,16,1,0,0
7504,33,1,0,0
7505,89,1,0,0
7506,93,1,0,0
7507,62,1,0,0
7508,32,1,0,0
7509,86,1,0,0
7510,129,1,0,0
7511,23,1,0,0
7512,41,1,0,0
7513,250,1,0,0
7514,98,1,0,0
7515,57,1,0,0
7516,69,1,0,0
7517,18,1,0,0
7518,45,1,0,0
7519,96,1,0,0
7520,8,1,0,0
7521,33,1,0,0
7522,137,1,0,0
7523,76,1,0,0
7524,110,1,0,0
7525,12,1,0,0
7526,141,1,0,0
7527,84,1,0,0
7528,126,1,0,0
7529,59,1,0,0
7530,16,1,0,0
7531,14,1,0,0
7532,20,1,0,0
7533,128,1,0,0
7534,36,1,0,0
7535,14,1,0,0
7536,129,1,0,0
7537,15,1,0,0
7538,106,1,0,0
7539,150,1,0,0
7540,144,1,0,0
7541,13,1,0,0
7542,102,1,0,0
7543,140,1,0,0
7544,133,1,0,0
7545,92,1,0,0
7546,206,1,0,0
7547,24,1,0,0
7548,86,1,0,0
7549,62,1,0,0
7550,72,1,0,0
7551,106,1,0,0
7552,108,1,0,0
7553,19,1,0,0
7554,114,1,0,0
7555,14,1,0,0
7556,15,1,0,0
7557,44,1,0,0
7558,34,1,0,0
7559,13,1,0,0
7560,54,1,0,0
7561,16,1,0,0
7562,57,1,0,0
7563,41,1,0,0
7564,21,1,0,0
7565,74,1,0,0
7566,69,1,0,0
7567,198,1,0,0
7568,25,1,0,0
7569,151,1,0,0
7570,116,1,0,0
7571,54,1,0,0
7572,150,1,0,0
7573,61,1,0,0
7574,57,1,0,0
7575,57,1,0,0
7576,67,1,0,0
7577,97,1,0,0
7578,103,1,0,0
7579,30,1,0,0
7580,26,1,0,0
7581,78,1,0,0
7582,91,1,0,0
7583,206,1,0,0
7584,180,1,0,0
7585,60,1,0,0
7586,18,1,0,0
7587,15,1,0,0
7588,37,1,0,0
7589,38,1,0,0
7590,93,1,0,0
7591,38,1,0,0
7592,60,1,0,0
7593,84,1,0,0
7594,50,1,0,0
7595,81,1,0,0
7596,36,1,0,0
7597,90,1,0,0
7598,23,1,0,0
7599,18,1,0,0
7600,21,1,0,0
7601,53,1,0,0
7602,65,1,0,0
7603,36,1,0,0
7604,23,1,0,0
7605,25,1,0,0
7606,33,1,0,0
7607,27,1,0,0
7608,91,1,0,0
7609,90,1,0,0
7610,47,1,0,0
7611,77,1,0,0
7612,20,1,0,0
7613,67,1,0,0
7614,80,1,0,0
7615,42,1,0,0
7616,13,1,0,0
7617,68,1,0,0
7618,49,1,0,0
7619,142,1,0,0
7620,11,1,0,0
7621,21,1,0,0
7622,42,1,0,0
7623,71,1,0,0
7624,38,1,0,0
7625,54,1,0,0
7626,51,1,0,0
7627,108,1,0,0
7628,170,1,0,0
7629,45,1,0,0
7630,181,1,0,0
7631,37,1,0,0
7632,19,1,0,0
7633,129,1,0,0
7634,174,1,0,0
7635,19,1,0,0
7636,103,1,0,0
7637,149,1,0,0
7638,16,1,0,0
7639,51,1,0,0
7640,26,1,0,0
7641,26,1,0,0
7642,163,1,0,0
7643,24,1,0,0
7644,35,1,0,0
7645,111,1,0,0
7646,66,1,0,0
7647,35,1,0,0
7648,99,1,0,0
7649,102,1,0,0
7650,36,1,0,0
7651,58,1,0,0
7652,16,1,0,0
7653,54,1,0,0
7654,102,1,0,0
7655,60,1,0,0
7656,66,1,0,0
7657,46,1,0,0
7658,15,1,0,0
7659,61,1,0,0
7660,42,1,0,0
7661,49,1,0,0
7662,97,1,0,0
7663,108,1,0,0
7664,153,1,0,0
7665,32,1,0,0
7666,38,1,0,0
7667,32,1,0,0
7668,31,1,0,0
7669,117,1,0,0
7670,66,1,0,0
7671,128,1,0,0
7672,137,1,0,0
7673,34,1,0,0
7674,54,1,0,0
7675,34,1,0,0
7676,52,1,0,0
7677,15,1,0,0
7678,23,1,0,0
7679,33,1,0,0
7680,31,1,0,0
7681,108,1,0,0
7682,59,1,0,0
7683,10,1,0,0
7684,63,1,0,0
7685,123,1,0,0
7686,157,1,0,0
7687,20,1,0,0
7688,113,1,0,0
7689,76,1,0,0
7690,61,1,0,0
7691,85,1,0,0
7692,162,1,0,0
7693,85,1,0,0
7694,89,1,0,0
7695,17,1,0,0
7696,60,1,0,0
7697,16,1,0,0
7698,72,1,0,0
7699,52,1,0,0
7700,84,1,0,0
7701,67,1,0,0
7702,49,1,0,0
7703,63,1,0,0
7704,20,1,0,0
7705,18,1,0,0
7706,46,1,0,0
7707,19,1,0,0
7708,115,1,0,0
7709,24,1,0,0
7710,58,1,0,0
7711,61,1,0,0
7712,45,1,0,0
7713,11,1,0,0
7714,50,1,0,0
7715,126,1,0,0
7716,13,1,0,0
7717,167,1,0,0
7718,23,1,0,0
7719,58,1,0,0
7720,31,1,0,0
7721,90,1,0,0
7722,27,1,0,0
7723,11,1,0,0
7724,17,1,0,0
7725,75,1,0,0
7726,42,1,0,0
7727,96,1,0,0
7728,101,1,0,0
7729,34,1,0,0
7730,61,1,0,0
7731,39,1,0,0
7732,134,1,0,0
7733,109,1,0,0
7734,135,1,0,0
7735,62,1,0,0
7736,156,1,0,0
7737,53,1,0,0
7738,41,1,0,0
7739,24,1,0,0
7740,9,1,0,0
7741,25,1,0,0
7742,88,1,0,0
7743,268,1,0,0
7744,91,1,0,0
7745,93,1,0,0
7746,96,1,0,0
7747,41,1,0,0
7748,69,1,0,0
7749,61,1,0,0
7750,21,1,0,0
7751,26,1,0,0
7752,19,1,0,0
7753,7,1,0,0
7754,53,1,0,0
7755,19,1,0,0
7756,29,1,0,0
7757,14,1,0,0
7758,49,1,0,0
7759,42,1,0,0
7760,8,1,0,0
7761,162,1,0,0
7762,33,1,0,0
7763,102,1,0,0
7764,48,1,0,0
7765,19,1,0,0
7766,102,1,0,0
7767,29,1,0,0
7768,104,1,0,0
7769,103,1,0,0
7770,95,1,0,0
7771,36,1,0,0
7772,116,1,0,0
7773,89,1,0,0
7774,38,1,0,0
7775,58,1,0,0
7776,54,1,0,0
7777,33,1,0,0
7778,57,1,0,0
7779,88,1,0,0
7780,35,1,0,0
7781,81,1,0,0
7782,160,1,0,0
7783,23,1,0,0
7784,132,1,0,0
7785,23,1,0,0
7786,37,1,0,0
7787,33,1,0,0
7788,77,1,0,0
7789,33,1,0,0
7790,61,1,0,0
7791,143,1,0,0
7792,241,1,0,0
7793,14,1,0,0
7794,119,1,0,0
7795,99,1,0,0
7796,187,1,0,0
7797,66,1,0,0
7798,31,1,0,0
7799,45,1,0,0
7800,35,1,0,0
7801,92,1,0,0
7802,87,1,0,0
7803,31,1,0,0
7804,130,1,0,0
7805,46,1,0,0
7806,152,1,0,0
7807,70,1,0,0
7808,23,1,0,0
7809,23,1,0,0
7810,15,1,0,0
7811,70,1,0,0
7812,66,1,0,0
7813,108,1,0,0
7814,34,1,0,0
7815,50,1,0,0
7816,62,1,0,0
7817,141,1,0,0
7818,94,1,0,0
7819,57,1,0,0
7820,74,1,0,0
7821,55,1,0,0
7822,22,1,0,0
7823,46,1,0,0
7824,10,1,0,0
7825,147,1,0,0
7826,57,1,0,0
7827,120,1,0,0
7828,52,1,0,0
7829,185,1,0,0
7830,17,1,0,0
7831,58,1,0,0
7832,30,1,0,0
7833,118,1,0,0
7834,43,1,0,0
7835,94,1,0,0
7836,34,1,0,0
7837,177,1,0,0
7838,233,1,0,0
7839,64,1,0,0
7840,33,1,0,0
7841,91,1,0,0
7842,113,1,0,0
7843,110,1,0,0
7844,62,1,0,0
7845,197,1,0,0
7846,104,1,0,0
7847,124,1,0,0
7848,149,1,0,0
7849,32,1,0,0
7850,131,1,0,0
7851,127,1,0,0
7852,21,1,0,0
7853,21,1,0,0
7854,86,1,0,0
7855,60,1,0,0
7856,238,1,0,0
7857,96,1,0,0
7858,41,1,0,0
7859,40,1,0,0
7860,34,1,0,0
7861,98,1,0,0
7862,7,1,0,0
7863,35,1,0,0
7864,21,1,0,0
7865,33,1,0,0
7866,58,1,0,0
7867,41,1,0,0
7868,45,1,0,0
7869,26,1,0,0
7870,18,1,0,0
7871,28,1,0,0
7872,180,1,0,0
7873,11,1,0,0
7874,115,1,0,0
7875,67,1,0,0
7876,36,1,0,0
7877,98,1,0,0
7878,46,1,0,0
7879,29,1,0,0
7880,62,1,0,0
7881,66,1,0,0
7882,44,1,0,0
7883,42,1,0,0
7884,153,1,0,0
7885,165,1,0,0
7886,74,1,0,0
7887,22,1,0,0
7888,148,1,0,0
7889,67,1,0,0
7890,52,1,0,0
7891,139,1,0,0
7892,124,1,0,0
7893,77,1,0,0
7894,10,1,0,0
7895,298,1,0,0
7896,24,1,0,0
7897,72,1,0,0
7898,74,1,0,0
7899,29,1,0,0
7900,255,1,0,0
7901,50,1,0,0
7902,102,1,0,0
7903,37,1,0,0
7904,173,1,0,0
7905,79,1,0,0
7906,61,1,0,0
7907,47,1,0,0
7908,21,1,0,0
7909,38,1,0,0
7910,72,1,0,0
7911,97,1,0,0
7912,37,1,0,0
7913,35,1,0,0
7914,83,1,0,0
7915,189,1,0,0
7916,128,1,0,0
7917,162,1,0,0
7918,13,1,0,0
7919,189,1,0,0
7920,105,1,0,0
7921,56,1,0,0
7922,42,1,0,0
7923,25,1,0,0
7924,92,1,0,0
7925,130,1,0,0
7926,68,1,0,0
7927,126,1,0,0
7928,96,1,0,0
7929,30,1,0,0
7930,114,1,0,0
7931,204,1,0,0
7932,42,1,0,0
7933,153,1,0,0
7934,132,1,0,0
7935,156,1,0,0
7936,154,1,0,0
7937,51,1,0,0
7938,97,1,0,0
7939,17,1,0,0
7940,36,1,0,0
7941,96,1,0,0
7942,72,1,0,0
7943,23,1,0,0
7944,261,1,0,0
7945,40,1,0,0
7946,83,1,0,0
7947,53,1,0,0
7948,42,1,0,0
7949,135,1,0,0
7950,70,1,0,0
7951,38,1,0,0
7952,45,1,0,0
7953,152,1,0,0
7954,134,1,0,0
7955,87,1,0,0
7956,181,1,0,0
7957,21,1,0,0
7958,103,1,0,0
7959,79,1,0,0
7960,152,1,0,0
7961,46,1,0,0
7962,87,1,0,0
7963,44,1,0,0
7964,136,1,0,0
7965,74,1,0,0
7966,78,1,0,0
7967,57,1,0,0
7968,72,1,0,0
7969,191,1,0,0
7970,55,1,0,0
7971,59,1,0,0
7972,95,1,0,0
7973,34,1,0,0
7974,9,1,0,0
7975,57,1,0,0
7976,13,1,0,0
7977,20,1,0,0
7978,116,1,0,0
7979,48,1,0,0
7980,48,1,0,0
7981,107,1,0,0
7982,34,1,0,0
7983,92,1,0,0
7984,72,1,0,0
7985,132,1,0,0
7986,20,1,0,0
7987,86,1,0,0
7988,194,1,0,0
7989,28,1,0,0
7990,54,1,0,0
7991,74,1,0,0
7992,39,1,0,0
7993,113,1,0,0
7994,67,1,0,0
7995,82,1,0,0
7996,58,1,0,0
7997,69,1,0,0
7998,49,1,0,0
7999,85,1,0,0
8000,80,1,0,0
8001,20,1,0,0
8002,123,1,0,0
8003,14,1,0,0
8004,18,1,0,0
8005,13,1,0,0
8006,99,1,0,0
8007,31,1,0,0
8008,59,1,0,0
8009,97,1,0,0
8010,37,1,0,0
8011,97,1,0,0
8012,273,1,0,0
8013,30,1,0,0
8014,49,1,0,0
8015,15,1,0,0
8016,9,1,0,0
8017,22,1,0,0
8018,39,1,0,0
8019,72,1,0,0
8020,47,1,0,0
8021,145,1,0,0
8022,52,1,0,0
8023,37,1,0,0
8024,171,1,0,0
8025,85,1,0,0
8026,169,1,0,0
8027,85,1,0,0
8028,28,1,0,0
8029,9,1,0,0
8030,77,1,0,0
8031,147,1,0,0
8032,49,1,0,0
8033,131,1,0,0
8034,57,1,0,0
8035,16,1,0,0
8036,26,1,0,0
8037,49,1,0,0
8038,10,1,0,0
8039,61,1,0,0
8040,81,1,0,0
8041,15,1,0,0
8042,122,1,0,0
8043,195,1,0,0
8044,173,1,0,0
8045,21,1,0,0
8046,75,1,0,0
8047,62,1,0,0
8048,80,1,0,0
8049,45,1,0,0
8050,57,1,0,0
8051,73,1,0,0
8052,23,1,0,0
8053,70,1,0,0
8054,27,1,0,0
8055,20,1,0,0
8056,29,1,0,0
8057,89,1,0,0
8058,47,1,0,0
8059,96,1,0,0
8060,18,1,0,0
8061,45,1,0,0
8062,23,1,0,0
8063,35,1,0,0
8064,53,1,0,0
8065,67,1,0,0
8066,87,1,0,0
8067,106,1,0,0
8068,17,1,0,0
8069,15,1,0,0
8070,18,1,0,0
8071,73,1,0,0
8072,63,1,0,0
8073,307,1,0,0
8074,22,1,0,0
8075,120,1,0,0
8076,24,1,0,0
8077,29,1,0,0
8078,71,1,0,0
8079,98,1,0,0
8080,50,1,0,0
8081,16,1,0,0
8082,27,1,0,0
8083,46,1,0,0
8084,67,1,0,0
8085,56,1,0,0
8086,15,1,0,0
8087,13,1,0,0
8088,241,1,0,0
8089,16,1,0,0
8090,46,1,0,0
8091,112,1,0,0
8092,164,1,0,0
8093,24,1,0,0
8094,157,1,0,0
8095,54,1,0,0
8096,29,1,0,0
8097,53,1,0,0
8098,129,1,0,0
8099,15,1,0,0
8100,83,1,0,0
8101,11,1,0,0
8102,63,1,0,0
8103,30,1,0,0
8104,110,1,0,0
8105,61,1,0,0
8106,58,1,0,0
8107,48,1,0,0
8108,7,1,0,0
8109,25,1,0,0
8110,23,1,0,0
8111,72,1,0,0
8112,48,1,0,0
8113,197,1,0,0
8114,66,1,0,0
8115,33,1,0,0
8116,95,1,0,0
8117,24,1,0,0
8118,100,1,0,0
8119,8,1,0,0
8120,69,1,0,0
8121,20,1,0,0
8122,36,1,0,0
8123,27,1,0,0
8124,46,1,0,0
8125,116,1,0,0
8126,40,1,0,0
8127,21,1,0,0
8128,36,1,0,0
8129,23,1,0,0
8130,95,1,0,0
8131,34,1,0,0
8132,127,1,0,0
8133,43,1,0,0
8134,62,1,0,0
8135,175,1,0,0
8136,154,1,0,0
8137,45,1,0,0
8138,38,1,0,0
8139,93,1,0,0
8140,108,1,0,0
8141,91,1,0,0
8142,31,1,0,0
8143,69,1,0,0
8144,58,1,0,0
8145,46,1,0,0
8146,47,1,0,0
8147,50,1,0,0
8148,48,1,0,0
8149,20,1,0,0
8150,67,1,0,0
8151,64,1,0,0
8152,93,1,0,0
8153,32,1,0,0
8154,71,1,0,0
8155,11,1,0,0
8156,114,1,0,0
8157,21,1,0,0
8158,17,1,0,0
8159,26,1,0,0
8160,18,1,0,0
8161,73,1,0,0
8162,49,1,0,0
8163,11,1,0,0
8164,61,1,0,0
8165,135,1,0,0
8166,12,1,0,0
8167,12,1,0,0
8168,82,1,0,0
8169,66,1,0,0
8170,56,1,0,0
8171,17,1,0,0
8172,39,1,0,0
8173,32,1,0,0
8174,8,1,0,0
8175,25,1,0,0
8176,109,1,0,0
8177,96,1,0,0
8178,10,1,0,0
8179,38,1,0,0
8180,49,1,0,0
8181,73,1,0,0
8182,21,1,0,0
8183,63,1,0,0
8184,186,1,0,0
8185,40,1,0,0
8186,13,1,0,0
8187,19,1,0,0
8188,299,1,0,0
8189,57,1,0,0
8190,38,1,0,0
8191,43,1,0,0
8192,21,1,0,0
8193,23,1,0,0
8194,16,1,0,0
8195,118,1,0,0
8196,18,1,0,0
8197,51,1,0,0
8198,22,1,0,0
8199,18,1,0,0
8200,76,1,0,0
8201,125,1,0,0
8202,29,1,0,0
8203,118,1,0,0
8204,32,1,0,0
8205,13,1,0,0
8206,60,1,0,0
8207,46,1,0,0
8208,26,1,0,0
8209,100,1,0,0
8210,165,1,0,0
8211,73,1,0,0
8212,98,1,0,0
8213,63,1,0,0
8214,63,1,0,0
8215,83,1,0,0
8216,38,1,0,0
8217,20,1,0,0
8218,54,1,0,0
8219,47,1,0,0
8220,80,1,0,0
8221,14,1,0,0
8222,36,1,0,0
8223,16,1,0,0
8224,51,1,0,0
8225,75,1,0,0
8226,13,1,0,0
8227,64,1,0,0
8228,22,1,0,0
8229,85,1,0,0
8230,39,1,0,0
8231,102,1,0,0
8232,183,1,0,0
8233,38,1,0,0
8234,70,1,0,0
8235,49,1,0,0
8236,67,1,0,0
8237,131,1,0,0
8238,21,1,0,0
8239,40,1,0,0
8240,73,1,0,0
8241,22,1,0,0
8242,85,1,0,0
8243,133,1,0,0
8244,79,1,0,0
8245,76,1,0,0
8246,126,1,0,0
8247,21,1,0,0
8248,34,1,0,0
8249,89,1,0,0
8250,115,1,0,0
8251,106,1,0,0
8252,27,1,0,0
8253,83,1,0,0
8254,255,1,0,0
8255,21,1,0,0
8256,116,1,0,0
8257,44,1,0,0
8258,61,1,0,0
8259,70,1,0,0
8260,21,1,0,0
8261,94,1,0,0
8262,54,1,0,0
8263,106,1,0,0
8264,34,1,0,0
8265,159,1,0,0
8266,94,1,0,0
8267,34,1,0,0
8268,10,1,0,0
8269,113,1,0,0
8270,55,1,0,0
8271,37,1,0,0
8272,33,1,0,0
8273,84,1,0,0
8274,74,1,0,0
8275,83,1,0,0
8276,46,1,0,0
8277,28,1,0,0
8278,48,1,0,0
8279,36,1,0,0
8280,104,1,0,0
8281,78,1,0,0
8282,59,1,0,0
8283,67,1,0,0
8284,164,1,0,0
8285,57,1,0,0
8286,65,1,0,0
8287,184,1,0,0
8288,44,1,0,0
8289,11,1,0,0
8290,29,1,0,0
8291,81,1,0,0
8292,109,1,0,0
8293,29,1,0,0
8294,49,1,0,0
8295,49,1,0,0
8296,74,1,0,0
8297,165,1,0,0
8298,55,1,0,0
8299,37,1,0,0
8300,98,1,0,0
8301,19,1,0,0
8302,92,1,0,0
8303,70,1,0,0
8304,174,1,0,0
8305,76,1,0,0
8306,55,1,0,0
8307,12,1,0,0
8308,22,1,0,0
8309,9,1,0,0
8310,40,1,0,0
8311,41,1,0,0
8312,130,1,0,0
8313,27,1,0,0
8314,66,1,0,0
8315,126,1,0,0
8316,26,1,0,0
8317,29,1,0,0
8318,15,1,0,0
8319,26,1,0,0
8320,54,1,0,0
8321,102,1,0,0
8322,85,1,0,0
8323,34,1,0,0
8324,37,1,0,0
8325,9,1,0,0
8326,60,1,0,0
8327,41,1,0,0
8328,37,1,0,0
8329,29,1,0,0
8330,65,1,0,0
8331,48,1,0,0
8332,48,1,0,0
8333,12,1,0,0
8334,49,1,0,0
8335,21,1,0,0
8336,31,1,0,0
8337,22,1,0,0
8338,159,1,0,0
8339,61,1,0,0
8340,173,1,0,0
8341,36,1,0,0
8342,37,1,0,0
8343,61,1,0,0
8344,35,1,0,0
8345,147,1,0,0
8346,45,1,0,0
8347,93,1,0,0
8348,27,1,0,0
8349,217,1,0,0
8350,47,1,0,0
8351,153,1,0,0
8352,121,1,0,0
8353,34,1,0,0
8354,64,1,0,0
8355,28,1,0,0
8356,37,1,0,0
8357,64,1,0,0
8358,10,1,0,0
8359,43,1,0,0
8360,49,1,0,0
8361,27,1,0,0
8362,15,1,0,0
8363,11,1,0,0
8364,88,1,0,0
8365,68,1,0,0
8366,175,1,0,0
8367,64,1,0,0
8368,60,1,0,0
8369,116,1,0,0
8370,30,1,0,0
8371,52,1,0,0
8372,39,1,0,0
8373,186,1,0,0
8374,50,1,0,0
8375,36,1,0,0
8376,35,1,0,0
8377,45,1,0,0
8378,22,1,0,0
8379,44,1,0,0
8380,73,1,0,0
8381,116,1,0,0
8382,21,1,0,0
8383,64,1,0,0
8384,37,1,0,0
8385,73,1,0,0
8386,35,1,0,0
8387,53,1,0,0
8388,63,1,0,0
8389,18,1,0,0
8390,31,1,0,0
8391,38,1,0,0
8392,43,1,0,0
8393,50,1,0,0
8394,126,1,0,0
8395,58,1,0,0
8396,76,1,0,0
8397,51,1,0,0
8398,48,1,0,0
8399,132,1,0,0
8400,28,1,0,0
8401,96,1,0,0
8402,134,1,0,0
8403,21,1,0,0
8404,56,1,0,0
8405,203,1,0,0
8406,10,1,0,0
8407,17,1,0,0
8408,18,1,0,0
8409,42,1,0,0
8410,89,1,0,0
8411,35,1,0,0
8412,127,1,0,0
8413,35,1,0,0
8414,68,1,0,0
8415,72,1,0,0
8416,41,1,0,0
8417,28,1,0,0
8418,115,1,0,0
8419,35,1,0,0
8420,28,1,0,0
8421,151,1,0,0
8422,55,1,0,0
8423,90,1,0,0
8424,98,1,0,0
8425,53,1,0,0
8426,99,1,0,0
8427,142,1,0,0
8428,25,1,0,0
8429,36,1,0,0
8430,77,1,0,0
8431,73,1,0,0
8432,40,1,0,0
8433,45,1,0,0
8434,20,1,0,0
8435,9,1,0,0
8436,47,1,0,0
8437,238,1,0,0
8438,29,1,0,0
8439,29,1,0,0
8440,39,1,0,0
8441,88,1,0,0
8442,43,1,0,0
8443,295,1,0,0
8444,119,1,0,0
8445,40,1,0,0
8446,93,1,0,0
8447,27,1,0,0
8448,66,1,0,0
8449,142,1,0,0
8450,149,1,0,0
8451,160,1,0,0
8452,118,1,0,0
8453,59,1,0,0
8454,97,1,0,0
8455,64,1,0,0
8456,55,1,0,0
8457,71,1,0,0
8458,64,1,0,0
8459,103,1,0,0
8460,93,1,0,0
8461,43,1,0,0
8462,73,1,0,0
8463,77,1,0,0
8464,115,1,0,0
8465,54,1,0,0
8466,29,1,0,0
8467,33,1,0,0
8468,22,1,0,0
8469,69,1,0,0
8470,57,1,0,0
8471,31,1,0,0
8472,106,1,0,0
8473,36,1,0,0
8474,101,1,0,0
8475,31,1,0,0
8476,147,1,0,0
8477,71,1,0,0
8478,58,1,0,0
8479,52,1,0,0
8480,13,1,0,0
8481,28,1,0,0
8482,23,1,0,0
8483,21,1,0,0
8484,19,1,0,0
8485,37,1,0,0
8486,46,1,0,0
8487,71,1,0,0
8488,64,1,0,0
8489,65,1,0,0
8490,94,1,0,0
8491,35,1,0,0
8492,29,1,0,0
8493,34,1,0,0
8494,56,1,0,0
8495,65,1,0,0
8496,51,1,0,0
8497,29,1,0,0
8498,49,1,0,0
8499,43,1,0,0
8500,112,1,0,0
8501,39,1,0,0
8502,51,1,0,0
8503,44,1,0,0
8504,57,1,0,0
8505,57,1,0,0
8506,18,1,0,0
8507,45,1,0,0
8508,60,1,0,0
8509,48,1,0,0
8510,37,1,0,0
8511,15,1,0,0
8512,15,1,0,0
8513,15,1,0,0
8514,30,1,0,0
8515,39,1,0,0
8516,13,1,0,0
8517,86,1,0,0
8518,173,1,0,0
8519,34,1,0,0
8520,28,1,0,0
8521,29,1,0,0
8522,58,1,0,0
8523,103,1,0,0
8524,50,1,0,0
8525,14,1,0,0
8526,116,1,0,0
8527,125,1,0,0
8528,29,1,0,0
8529,61,1,0,0
8530,27,1,0,0
8531,162,1,0,0
8532,9,1,0,0
8533,61,1,0,0
8534,132,1,0,0
8535,43,1,0,0
8536,13,1,0,0
8537,25,1,0,0
8538,231,1,0,0
8539,109,1,0,0
8540,102,1,0,0
8541,46,1,0,0
8542,17,1,0,0
8543,57,1,0,0
8544,95,1,0,0
8545,47,1,0,0
8546,100,1,0,0
8547,38,1,0,0
8548,221,1,0,0
8549,37,1,0,0
8550,61,1,0,0
8551,161,1,0,0
8552,100,1,0,0
8553,46,1,0,0
8554,21,1,0,0
8555,11,1,0,0
8556,72,1,0,0
8557,39,1,0,0
8558,120,1,0,0
8559,63,1,0,0
8560,29,1,0,0
8561,13,1,0,0
8562,51,1,0,0
8563,51,1,0,0
8564,82,1,0,0
8565,49,1,0,0
8566,50,1,0,0
8567,24,1,0,0
8568,72,1,0,0
8569,159,1,0,0
8570,148,1,0,0
8571,14,1,0,0
8572,121,1,0,0
8573,25,1,0,0
8574,62,1,0,0
8575,189,1,0,0
8576,109,1,0,0
8577,41,1,0,0
8578,21,1,0,0
8579,41,1,0,0
8580,21,1,0,0
8581,61,1,0,0
8582,60,1,0,0
8583,94,1,0,0
8584,91,1,0,0
8585,75,1,0,0
8586,68,1,0,0
8587,14,1,0,0
8588,20,1,0,0
8589,38,1,0,0
8590,109,1,0,0
8591,154,1,0,0
8592,14,1,0,0
8593,49,1,0,0
8594,51,1,0,0
8595,16,1,0,0
8596,137,1,0,0
8597,112,1,0,0
8598,80,1,0,0
8599,48,1,0,0
8600,113,1,0,0
8601,89,1,0,0
8602,163,1,0,0
8603,135,1,0,0
8604,40,1,0,0
8605,28,1,0,0
8606,67,1,0,0
8607,18,1,0,0
8608,126,1,0,0
8609,27,1,0,0
8610,91,1,0,0
8611,41,1,0,0
8612,112,1,0,0
8613,17,1,0,0
8614,33,1,0,0
8615,18,1,0,0
8616,68,1,0,0
8617,114,1,0,0
8618,24,1,0,0
8619,116,1,0,0
8620,31,1,0,0
8621,117,1,0,0
8622,144,1,0,0
8623,14,1,0,0
8624,95,1,0,0
8625,71,1,0,0
8626,122,1,0,0
8627,195,1,0,0
8628,226,1,0,0
8629,137,1,0,0
8630,106,1,0,0
8631,95,1,0,0
8632,62,1,0,0
8633,20,1,0,0
8634,27,1,0,0
8635,25,1,0,0
8636,122,1,0,0
8637,9,1,0,0
8638,191,1,0,0
8639,87,1,0,0
8640,77,1,0,0
8641,108,1,0,0
8642,18,1,0,0
8643,62,1,0,0
8644,16,1,0,0
8645,34,1,0,0
8646,40,1,0,0
8647,71,1,0,0
8648,163,1,0,0
8649,194,1,0,0
8650,149,1,0,0
8651,63,1,0,0
8652,30,1,0,0
8653,27,1,0,0
8654,62,1,0,0
8655,33,1,0,0
8656,268,1,0,0
8657,57,1,0,0
8658,91,1,0,0
8659,202,1,0,0
8660,123,1,0,0
8661,25,1,0,0
8662,112,1,0,0
8663,11,1,0,0
8664,29,1,0,0
8665,10,1,0,0
8666,54,1,0,0
8667,25,1,0,0
8668,35,1,0,0
8669,34,1,0,0
8670,12,1,0,0
8671,30,1,0,0
8672,16,1,0,0
8673,62,1,0,0
8674,27,1,0,0
8675,22,1,0,0
8676,102,1,0,0
8677,35,1,0,0
8678,96,1,0,0
8679,103,1,0,0
8680,112,1,0,0
8681,55,1,0,0
8682,34,1,0,0
8683,59,1,0,0
8684,94,1,0,0
8685,115,1,0,0
8686,174,1,0,0
8687,30,1,0,0
8688,30,1,0,0
8689,63,1,0,0
8690,77,1,0,0
8691,31,1,0,0
8692,51,1,0,0
8693,102,1,0,0
8694,69,1,0,0
8695,132,1,0,0
8696,89,1,0,0
8697,56,1,0,0
8698,122,1,0,0
8699,93,1,0,0
8700,38,1,0,0
8701,240,1,0,0
8702,42,1,0,0
8703,26,1,0,0
8704,61,1,0,0
8705,18,1,0,0
8706,89,1,0,0
8707,73,1,0,0
8708,19,1,0,0
8709,40,1,0,0
8710,166,1,0,0
8711,85,1,0,0
8712,13,1,0,0
8713,27,1,0,0
8714,170,1,0,0
8715,80,1,0,0
8716,85,1,0,0
8717,62,1,0,0
8718,165,1,0,0
8719,40,1,0,0
8720,44,1,0,0
8721,25,1,0,0
8722,32,1,0,0
8723,26,1,0,0
8724,15,1,0,0
8725,146,1,0,0
8726,44,1,0,0
8727,48,1,0,0
8728,148,1,0,0
8729,189,1,0,0
8730,77,1,0,0
8731,19,1,0,0
8732,106,1,0,0
8733,45,1,0,0
8734,75,1,0,0
8735,105,1,0,0
8736,33,1,0,0
8737,203,1,0,0
8738,58,1,0,0
8739,33,1,0,0
8740,89,1,0,0
8741,32,1,0,0
8742,15,1,0,0
8743,166,1,0,0
8744,34,1,0,0
8745,13,1,0,0
8746,17,1,0,0
8747,54,1,0,0
8748,69,1,0,0
8749,21,1,0,0
8750,30,1,0,0
8751,73,1,0,0
8752,190,1,0,0
8753,23,1,0,0
8754,93,1,0,0
8755,32,1,0,0
8756,42,1,0,0
8757,33,1,0,0
8758,53,1,0,0
8759,35,1,0,0
8760,121,1,0,0
8761,24,1,0,0
8762,89,1,0,0
8763,147,1,0,0
8764,24,1,0,0
8765,28,1,0,0
8766,140,1,0,0
8767,101,1,0,0
8768,74,1,0,0
8769,18,1,0,0
8770,103,1,0,0
8771,52,1,0,0
8772,235,1,0,0
8773,67,1,0,0
8774,101,1,0,0
8775,37,1,0,0
8776,25,1,0,0
8777,85,1,0,0
8778,35,1,0,0
8779,56,1,0,0
8780,23,1,0,0
8781,90,1,0,0
8782,25,1,0,0
8783,58,1,0,0
8784,21,1,0,0
8785,116,1,0,0
8786,29,1,0,0
8787,100,1,0,0
8788,118,1,0,0
8789,29,1,0,0
8790,100,1,0,0
8791,68,1,0,0
8792,83,1,0,0
8793,64,1,0,0
8794,50,1,0,0
8795,47,1,0,0
8796,112,1,0,0
8797,28,1,0,0
8798,61,1,0,0
8799,90,1,0,0
8800,94,1,0,0
8801,104,1,0,0
8802,27,1,0,0
8803,42,1,0,0
8804,307,1,0,0
8805,23,1,0,0
8806,34,1,0,0
8807,187,1,0,0
8808,35,1,0,0
8809,73,1,0,0
8810,36,1,0,0
8811,61,1,0,0
8812,40,1,0,0
8813,23,1,0,0
8814,89,1,0,0
8815,49,1,0,0
8816,19,1,0,0
8817,24,1,0,0
8818,50,1,0,0
8819,160,1,0,0
8820,16,1,0,0
8821,108,1,0,0
8822,9,1,0,0
8823,38,1,0,0
8824,44,1,0,0
8825,149,1,0,0
8826,188,1,0,0
8827,20,1,0,0
8828,304,1,0,0
8829,57,1,0,0
8830,110,1,0,0
8831,54,1,0,0
8832,75,1,0,0
8833,30,1,0,0
8834,17,1,0,0
8835,60,1,0,0
8836,69,1,0,0
8837,49,1,0,0
8838,59,1,0,0
8839,154,1,0,0
8840,30,1,0,0
8841,267,1,0,0
8842,45,1,0,0
8843,34,1,0,0
8844,70,1,0,0
8845,53,1,0,0
8846,102,1,0,0
8847,88,1,0,0
8848,83,1,0,0
8849,17,1,0,0
8850,104,1,0,0
8851,189,1,0,0
8852,16,1,0,0
8853,17,1,0,0
8854,108,1,0,0
8855,32,1,0,0
8856,13,1,0,0
8857,137,1,0,0
8858,12,1,0,0
8859,71,1,0,0
8860,275,1,0,0
8861,182,1,0,0
8862,80,1,0,0
8863,10,1,0,0
8864,92,1,0,0
8865,78,1,0,0
8866,131,1,0,0
8867,34,1,0,0
8868,35,1,0,0
8869,27,1,0,0
8870,66,1,0,0
8871,14,1,0,0
8872,141,1,0,0
8873,57,1,0,0
8874,144,1,0,0
8875,43,1,0,0
8876,40,1,0,0
8877,82,1,0,0
8878,57,1,0,0
8879,150,1,0,0
8880,212,1,0,0
8881,55,1,0,0
8882,114,1,0,0
8883,56,1,0,0
8884,38,1,0,0
8885,68,1,0,0
8886,116,1,0,0
8887,67,1,0,0
8888,61,1,0,0
8889,24,1,0,0
8890,42,1,0,0
8891,58,1,0,0
8892,51,1,0,0
8893,41,1,0,0
8894,77,1,0,0
8895,143,1,0,0
8896,26,1,0,0
8897,30,1,0,0
8898,49,1,0,0
8899,86,1,0,0
8900,20,1,0,0
8901,98,1,0,0
8902,159,1,0,0
8903,41,1,0,0
8904,86,1,0,0
8905,59,1,0,0
8906,220,1,0,0
8907,44,1,0,0
8908,130,1,0,0
8909,57,1,0,0
8910,44,1,0,0
8911,12,1,0,0
8912,19,1,0,0
8913,34,1,0,0
8914,29,1,0,0
8915,21,1,0,0
8916,17,1,0,0
8917,71,1,0,0
8918,40,1,0,0
8919,54,1,0,0
8920,48,1,0,0
8921,16,1,0,0
8922,102,1,0,0
8923,32,1,0,0
8924,67,1,0,0
8925,62,1,0,0
8926,149,1,0,0
8927,90,1,0,0
8928,41,1,0,0
8929,72,1,0,0
8930,71,1,0,0
8931,23,1,0,0
8932,212,1,0,0
8933,89,1,0,0
8934,22,1,0,0
8935,141,1,0,0
8936,241,1,0,0
8937,169,1,0,0
8938,32,1,0,0
8939,132,1,0,0
8940,36,1,0,0
8941,95,1,0,0
8942,42,1,0,0
8943,66,1,0,0
8944,42,1,0,0
8945,38,1,0,0
8946,96,1,0,0
8947,91,1,0,0
8948,34,1,0,0
8949,63,1,0,0
8950,171,1,0,0
8951,66,1,0,0
8952,129,1,0,0
8953,189,1,0,0
8954,34,1,0,0
8955,83,1,0,0
8956,111,1,0,0
8957,85,1,0,0
8958,23,1,0,0
8959,127,1,0,0
8960,153,1,0,0
8961,53,1,0,0
8962,34,1,0,0
8963,75,1,0,0
8964,52,1,0,0
8965,110,1,0,0
8966,50,1,0,0
8967,20,1,0,0
8968,37,1,0,0
8969,24,1,0,0
8970,48,1,0,0
8971,200,1,0,0
8972,45,1,0,0
8973,171,1,0,0
8974,137,1,0,0
8975,40,1,0,0
8976,110,1,0,0
8977,226,1,0,0
8978,26,1,0,0
8979,58,1,0,0
8980,28,1,0,0
8981,36,1,0,0
8982,88,1,0,0
8983,51,1,0,0
8984,39,1,0,0
8985,29,1,0,0
8986,144,1,0,0
8987,44,1,0,0
8988,13,1,0,0
8989,73,1,0,0
8990,25,1,0,0
8991,151,1,0,0
8992,51,1,0,0
8993,106,1,0,0
8994,103,1,0,0
8995,17,1,0,0
8996,36,1,0,0
8997,39,1,0,0
8998,35,1,0,0
8999,141,1,0,0
9000,62,1,0,0
9001,36,1,0,0
9002,56,1,0,0
9003,15,1,0,0
9004,98,1,0,0
9005,33,1,0,0
9006,25,1,0,0
9007,80,1,0,0
9008,11,1,0,0
9009,138,1,0,0
9010,99,1,0,0
9011,46,1,0,0
9012,129,1,0,0
9013,112,1,0,0
9014,41,1,0,0
9015,45,1,0,0
9016,99,1,0,0
9017,124,1,0,0
9018,81,1,0,0
9019,61,1,0,0
9020,117,1,0,0
9021,65,1,0,0
9022,34,1,0,0
9023,15,1,0,0
9024,38,1,0,0
9025,63,1,0,0
9026,23,1,0,0
9027,20,1,0,0
9028,50,1,0,0
9029,19,1,0,0
9030,55,1,0,0
9031,10,1,0,0
9032,43,1,0,0
9033,125,1,0,0
9034,36,1,0,0
9035,54,1,0,0
9036,34,1,0,0
9037,162,1,0,0
9038,51,1,0,0
9039,97,1,0,0
9040,90,1,0,0
9041,16,1,0,0
9042,42,1,0,0
9043,89,1,0,0
9044,73,1,0,0
9045,41,1,0,0
9046,106,1,0,0
9047,26,1,0,0
9048,50,1,0,0
9049,19,1,0,0
9050,30,1,0,0
9051,50,1,0,0
9052,70,1,0,0
9053,32,1,0,0
9054,94,1,0,0
9055,86,1,0,0
9056,10,1,0,0
9057,50,1,0,0
9058,106,1,0,0
9059,198,1,0,0
9060,28,1,0,0
9061,32,1,0,0
9062,40,1,0,0
9063,34,1,0,0
9064,48,1,0,0
9065,19,1,0,0
9066,93,1,0,0
9067,29,1,0,0
9068,38,1,0,0
9069,24,1,0,0
9070,36,1,0,0
9071,38,1,0,0
9072,35,1,0,0
9073,216,1,0,0
9074,43,1,0,0
9075,86,1,0,0
9076,67,1,0,0
9077,103,1,0,0
9078,27,1,0,0
9079,84,1,0,0
9080,35,1,0,0
9081,49,1,0,0
9082,29,1,0,0
9083,26,1,0,0
9084,237,1,0,0
9085,125,1,0,0
9086,47,1,0,0
9087,231,1,0,0
9088,139,1,0,0
9089,37,1,0,0
9090,20,1,0,0
9091,63,1,0,0
9092,111,1,0,0
9093,113,1,0,0
9094,55,1,0,0
9095,123,1,0,0
9096,12,1,0,0
9097,27,1,0,0
9098,32,1,0,0
9099,23,1,0,0
9100,26,1,0,0
9101,36,1,0,0
9102,15,1,0,0
9103,10,1,0,0
9104,55,1,0,0
9105,96,1,0,0
9106,58,1,0,0
9107,69,1,0,0
9108,28,1,0,0
9109,86,1,0,0
9110,73,1,0,0
9111,31,1,0,0
9112,130,1,0,0
9113,36,1,0,0
9114,192,1,0,0
9115,74,1,0,0
9116,25,1,0,0
9117,181,1,0,0
9118,47,1,0,0
9119,33,1,0,0
9120,22,1,0,0
9121,54,1,0,0
9122,15,1,0,0
9123,148,1,0,0
9124,108,1,0,0
9125,37,1,0,0
9126,62,1,0,0
9127,14,1,0,0
9128,21,1,0,0
9129,144,1,0,0
9130,109,1,0,0
9131,40,1,0,0
9132,102,1,0,0
9133,141,1,0,0
9134,9,1,0,0
9135,17,1,0,0
9136,81,1,0,0
9137,173,1,0,0
9138,91,1,0,0
9139,43,1,0,0
9140,125,1,0,0
9141,117,1,0,0
9142,43,1,0,0
9143,25,1,0,0
9144,75,1,0,0
9145,71,1,0,0
9146,28,1,0,0
9147,85,1,0,0
9148,36,1,0,0
9149,96,1,0,0
9150,59,1,0,0
9151,15,1,0,0
9152,60,1,0,0
9153,57,1,0,0
9154,59,1,0,0
9155,51,1,0,0
9156,64,1,0,0
9157,118,1,0,0
9158,167,1,0,0
9159,43,1,0,0
9160,42,1,0,0
9161,139,1,0,0
9162,20,1,0,0
9163,51,1,0,0
9164,50,1,0,0
9165,77,1,0,0
9166,58,1,0,0
9167,44,1,0,0
9168,139,1,0,0
9169,56,1,0,0
9170,69,1,0,0
9171,118,1,0,0
9172,19,1,0,0
9173,75,1,0,0
9174,38,1,0,0
9175,33,1,0,0
9176,26,1,0,0
9177,46,1,0,0
9178,80,1,0,0
9179,106,1,0,0
9180,107,1,0,0
9181,149,1,0,0
9182,204,1,0,0
9183,60,1,0,0
9184,168,1,0,0
9185,160,1,0,0
9186,80,1,0,0
9187,54,1,0,0
9188,80,1,0,0
9189,68,1,0,0
9190,11,1,0,0
9191,22,1,0,0
9192,118,1,0,0
9193,22,1,0,0
9194,68,1,0,0
9195,39,1,0,0
9196,162,1,0,0
9197,22,1,0,0
9198,151,1,0,0
9199,69,1,0,0
9200,17,1,0,0
9201,104,1,0,0
9202,72,1,0,0
9203,47,1,0,0
9204,23,1,0,0
9205,325,1,0,0
9206,65,1,0,0
9207,21,1,0,0
9208,95,1,0,0
9209,50,1,0,0
9210,111,1,0,0
9211,53,1,0,0
9212,35,1,0,0
9213,71,1,0,0
9214,22,1,0,0
9215,81,1,0,0
9216,20,1,0,0
9217,79,1,0,0
9218,92,1,0,0
9219,18,1,0,0
9220,52,1,0,0
9221,31,1,0,0
9222,9,1,0,0
9223,13,1,0,0
9224,48,1,0,0
9225,53,1,0,0
9226,17,1,0,0
9227,55,1,0,0
9228,46,1,0,0
9229,65,1,0,0
9230,13,1,0,0
9231,70,1,0,0
9232,101,1,0,0
9233,77,1,0,0
9234,31,1,0,0
9235,24,1,0,0
9236,91,1,0,0
9237,55,1,0,0
9238,142,1,0,0
9239,43,1,0,0
9240,20,1,0,0
9241,40,1,0,0
9242,19,1,0,0
9243,51,1,0,0
9244,9,1,0,0
9245,38,1,0,0
9246,70,1,0,0
9247,79,1,0,0
9248,182,1,0,0
9249,251,1,0,0
9250,50,1,0,0
9251,119,1,0,0
9252,80,1,0,0
9253,77,1,0,0
9254,63,1,0,0
9255,112,1,0,0
9256,153,1,0,0
9257,123,1,0,0
9258,11,1,0,0
9259,59,1,0,0
9260,157,1,0,0
9261,73,1,0,0
9262,27,1,0,0
9263,40,1,0,0
9264,58,1,0,0
9265,29,1,0,0
9266,15,1,0,0
9267,99,1,0,0
9268,107,1,0,0
9269,16,1,0,0
9270,55,1,0,0
9271,27,1,0,0
9272,22,1,0,0
9273,27,1,0,0
9274,44,1,0,0
9275,298,1,0,0
9276,76,1,0,0
9277,72,1,0,0
9278,37,1,0,0
9279,28,1,0,0
9280,18,1,0,0
9281,22,1,0,0
9282,11,1,0,0
9283,70,1,0,0
9284,45,1,0,0
9285,49,1,0,0
9286,42,1,0,0
9287,30,1,0,0
9288,54,1,0,0
9289,16,1,0,0
9290,196,1,0,0
9291,49,1,0,0
9292,45,1,0,0
9293,59,1,0,0
9294,148,1,0,0
9295,23,1,0,0
9296,40,1,0,0
9297,130,1,0,0
9298,81,1,0,0
9299,78,1,0,0
9300,90,1,0,0
9301,40,1,0,0
9302,87,1,0,0
9303,21,1,0,0
9304,66,1,0,0
9305,130,1,0,0
9306,13,1,0,0
9307,33,1,0,0
9308,99,1,0,0
9309,63,1,0,0
9310,70,1,0,0
9311,62,1,0,0
9312,98,1,0,0
9313,117,1,0,0
9314,47,1,0,0
9315,17,1,0,0
9316,46,1,0,0
9317,12,1,0,0
9318,24,1,0,0
9319,36,1,0,0
9320,65,1,0,0
9321,100,1,0,0
9322,127,1,0,0
9323,32,1,0,0
9324,19,1,0,0
9325,43,1,0,0
9326,86,1,0,0
9327,46,1,0,0
9328,65,1,0,0
9329,20,1,0,0
9330,62,1,0,0
9331,29,1,0,0
9332,84,1,0,0
9333,62,1,0,0
9334,147,1,0,0
9335,90,1,0,0
9336,66,1,0,0
9337,26,1,0,0
9338,68,1,0,0
9339,156,1,0,0
9340,41,1,0,0
9341,25,1,0,0
9342,66,1,0,0
9343,31,1,0,0
9344,33,1,0,0
9345,59,1,0,0
9346,27,1,0,0
9347,120,1,0,0
9348,36,1,0,0
9349,31,1,0,0
9350,31,1,0,0
9351,128,1,0,0
9352,47,1,0,0
9353,98,1,0,0
9354,50,1,0,0
9355,71,1,0,0
9356,33,1,0,0
9357,61,1,0,0
9358,118,1,0,0
9359,42,1,0,0
9360,71,1,0,0
9361,115,1,0,0
9362,33,1,0,0
9363,108,1,0,0
9364,10,1,0,0
9365,53,1,0,0
9366,86,1,0,0
9367,25,1,0,0
9368,24,1,0,0
9369,61,1,0,0
9370,42,1,0,0
9371,29,1,0,0
9372,98,1,0,0
9373,134,1,0,0
9374,56,1,0,0
9375,89,1,0,0
9376,118,1,0,0
9377,73,1,0,0
9378,65,1,0,0
9379,72,1,0,0
9380,11,1,0,0
9381,83,1,0,0
9382,128,1,0,0
9383,23,1,0,0
9384,61,1,0,0
9385,75,1,0,0
9386,50,1,0,0
9387,18,1,0,0
9388,41,1,0,0
9389,25,1,0,0
9390,75,1,0,0
9391,173,1,0,0
9392,156,1,0,0
9393,20,1,0,0
9394,63,1,0,0
9395,18,1,0,0
9396,9,1,0,0
9397,104,1,0,0
9398,48,1,0,0
9399,15,1,0,0
9400,57,1,0,0
9401,63,1,0,0
9402,36,1,0,0
9403,194,1,0,0
9404,34,1,0,0
9405,29,1,0,0
9406,86,1,0,0
9407,28,1,0,0
9408,51,1,0,0
9409,100,1,0,0
9410,15,1,0,0
9411,52,1,0,0
9412,50,1,0,0
9413,31,1,0,0
9414,49,1,0,0
9415,260,1,0,0
9416,88,1,0,0
9417,134,1,0,0
9418,91,1,0,0
9419,29,1,0,0
9420,138,1,0,0
9421,67,1,0,0
9422,168,1,0,0
9423,24,1,0,0
9424,45,1,0,0
9425,124,1,0,0
9426,36,1,0,0
9427,43,1,0,0
9428,19,1,0,0
9429,31,1,0,0
9430,137,1,0,0
9431,80,1,0,0
9432,71,1,0,0
9433,174,1,0,0
9434,27,1,0,0
9435,36,1,0,0
9436,36,1,0,0
9437,81,1,0,0
9438,54,1,0,0
9439,86,1,0,0
9440,19,1,0,0
9441,80,1,0,0
9442,86,1,0,0
9443,100,1,0,0
9444,28,1,0,0
9445,26,1,0,0
9446,11,1,0,0
9447,60,1,0,0
9448,246,1,0,0
9449,47,1,0,0
9450,75,1,0,0
9451,54,1,0,0
9452,50,1,0,0
9453,62,1,0,0
9454,196,1,0,0
9455,24,1,0,0
9456,29,1,0,0
9457,32,1,0,0
9458,139,1,0,0
9459,196,1,0,0
9460,60,1,0,0
9461,105,1,0,0
9462,39,1,0,0
9463,11,1,0,0
9464,30,1,0,0
9465,109,1,0,0
9466,15,1,0,0
9467,46,1,0,0
9468,13,1,0,0
9469,73,1,0,0
9470,160,1,0,0
9471,54,1,0,0
9472,128,1,0,0
9473,60,1,0,0
9474,101,1,0,0
9475,49,1,0,0
9476,58,1,0,0
9477,49,1,0,0
9478,150,1,0,0
9479,79,1,0,0
9480,21,1,0,0
9481,59,1,0,0
9482,76,1,0,0
9483,49,1,0,0
9484,222,1,0,0
9485,59,1,0,0
9486,89,1,0,0
9487,19,1,0,0
9488,44,1,0,0
9489,72,1,0,0
9490,80,1,0,0
9491,102,1,0,0
9492,14,1,0,0
9493,73,1,0,0
9494,36,1,0,0
9495,154,1,0,0
9496,27,1,0,0
9497,73,1,0,0
9498,57,1,0,0
9499,51,1,0,0
9500,10,1,0,0
9501,76,1,0,0
9502,109,1,0,0
9503,233,1,0,0
9504,55,1,0,0
9505,85,1,0,0
9506,137,1,0,0
9507,75,1,0,0
9508,64,1,0,0
9509,86,1,0,0
9510,157,1,0,0
9511,108,1,0,0
9512,91,1,0,0
9513,58,1,0,0
9514,63,1,0,0
9515,68,1,0,0
9516,147,1,0,0
9517,14,1,0,0
9518,58,1,0,0
9519,71,1,0,0
9520,84,1,0,0
9521,25,1,0,0
9522,54,1,0,0
9523,75,1,0,0
9524,33,1,0,0
9525,112,1,0,0
9526,42,1,0,0
9527,75,1,0,0
9528,113,1,0,0
9529,49,1,0,0
9530,52,1,0,0
9531,9,1,0,0
9532,153,1,0,0
9533,37,1,0,0
9534,31,1,0,0
9535,229,1,0,0
9536,97,1,0,0
9537,77,1,0,0
9538,48,1,0,0
9539,38,1,0,0
9540,75,1,0,0
9541,112,1,0,0
9542,30,1,0,0
9543,84,1,0,0
9544,62,1,0,0
9545,29,1,0,0
9546,21,1,0,0
9547,164,1,0,0
9548,197,1,0,0
9549,140,1,0,0
9550,22,1,0,0
9551,27,1,0,0
9552,36,1,0,0
9553,11,1,0,0
9554,57,1,0,0
9555,28,1,0,0
9556,77,1,0,0
9557,38,1,0,0
9558,76,1,0,0
9559,35,1,0,0
9560,213,1,0,0
9561,123,1,0,0
9562,40,1,0,0
9563,186,1,0,0
9564,62,1,0,0
9565,25,1,0,0
9566,16,1,0,0
9567,28,1,0,0
9568,125,1,0,0
9569,73,1,0,0
9570,24,1,0,0
9571,62,1,0,0
9572,20,1,0,0
9573,236,1,0,0
9574,23,1,0,0
9575,158,1,0,0
9576,49,1,0,0
9577,166,1,0,0
9578,28,1,0,0
9579,11,1,0,0
9580,18,1,0,0
9581,27,1,0,0
9582,15,1,0,0
9583,190,1,0,0
9584,90,1,0,0
9585,86,1,0,0
9586,15,1,0,0
9587,69,1,0,0
9588,44,1,0,0
9589,30,1,0,0
9590,104,1,0,0
9591,28,1,0,0
9592,40,1,0,0
9593,90,1,0,0
9594,141,1,0,0
9595,162,1,0,0
9596,36,1,0,0
9597,86,1,0,0
9598,218,1,0,0
9599,40,1,0,0
9600,135,1,0,0
9601,144,1,0,0
9602,19,1,0,0
9603,28,1,0,0
9604,51,1,0,0
9605,11,1,0,0
9606,11,1,0,0
9607,48,1,0,0
9608,89,1,0,0
9609,59,1,0,0
9610,85,1,0,0
9611,52,1,0,0
9612,33,1,0,0
9613,109,1,0,0
9614,143,1,0,0
9615,16,1,0,0
9616,24,1,0,0
9617,143,1,0,0
9618,90,1,0,0
9619,39,1,0,0
9620,96,1,0,0
9621,122,1,0,0
9622,106,1,0,0
9623,134,1,0,0
9624,31,1,0,0
9625,135,1,0,0
9626,18,1,0,0
9627,111,1,0,0
9628,115,1,0,0
9629,97,1,0,0
9630,41,1,0,0
9631,91,1,0,0
9632,36,1,0,0
9633,36,1,0,0
9634,39,1,0,0
9635,82,1,0,0
9636,51,1,0,0
9637,90,1,0,0
9638,11,1,0,0
9639,39,1,0,0
9640,62,1,0,0
9641,52,1,0,0
9642,13,1,0,0
9643,36,1,0,0
9644,34,1,0,0
9645,33,1,0,0
9646,183,1,0,0
9647,38,1,0,0
9648,24,1,0,0
9649,88,1,0,0
9650,67,1,0,0
9651,101,1,0,0
9652,76,1,0,0
9653,50,1,0,0
9654,127,1,0,0
9655,147,1,0,0
9656,41,1,0,0
9657,21,1,0,0
9658,31,1,0,0
9659,46,1,0,0
9660,64,1,0,0
9661,16,1,0,0
9662,64,1,0,0
9663,92,1,0,0
9664,148,1,0,0
9665,14,1,0,0
9666,37,1,0,0
9667,98,1,0,0
9668,52,1,0,0
9669,59,1,0,0
9670,73,1,0,0
9671,222,1,0,0
9672,67,1,0,0
9673,121,1,0,0
9674,84,1,0,0
9675,118,1,0,0
9676,81,1,0,0
9677,112,1,0,0
9678,64,1,0,0
9679,55,1,0,0
9680,24,1,0,0
9681,15,1,0,0
9682,17,1,0,0
9683,98,1,0,0
9684,48,1,0,0
9685,35,1,0,0
9686,82,1,0,0
9687,35,1,0,0
9688,98,1,0,0
9689,98,1,0,0
9690,47,1,0,0
9691,190,1,0,0
9692,58,1,0,0
9693,60,1,0,0
9694,42,1,0,0
9695,27,1,0,0
9696,34,1,0,0
9697,116,1,0,0
9698,23,1,0,0
9699,57,1,0,0
9700,48,1,0,0
9701,126,1,0,0
9702,46,1,0,0
9703,43,1,0,0
9704,82,1,0,0
9705,56,1,0,0
9706,80,1,0,0
9707,29,1,0,0
9708,128,1,0,0
9709,49,1,0,0
9710,67,1,0,0
9711,59,1,0,0
9712,22,1,0,0
9713,59,1,0,0
9714,40,1,0,0
9715,34,1,0,0
9716,46,1,0,0
9717,106,1,0,0
9718,150,1,0,0
9719,38,1,0,0
9720,31,1,0,0
9721,66,1,0,0
9722,43,1,0,0
9723,125,1,0,0
9724,17,1,0,0
9725,22,1,0,0
9726,19,1,0,0
9727,80,1,0,0
9728,7,1,0,0
9729,43,1,0,0
9730,84,1,0,0
9731,144,1,0,0
9732,146,1,0,0
9733,152,1,0,0
9734,102,1,0,0
9735,27,1,0,0
9736,54,1,0,0
9737,89,1,0,0
9738,12,1,0,0
9739,48,1,0,0
9740,47,1,0,0
9741,66,1,0,0
9742,50,1,0,0
9743,92,1,0,0
9744,63,1,0,0
9745,65,1,0,0
9746,26,1,0,0
9747,118,1,0,0
9748,22,1,0,0
9749,72,1,0,0
9750,73,1,0,0
9751,63,1,0,0
9752,16,1,0,0
9753,143,1,0,0
9754,47,1,0,0
9755,18,1,0,0
9756,81,1,0,0
9757,52,1,0,0
9758,68,1,0,0
9759,89,1,0,0
9760,87,1,0,0
9761,310,1,0,0
9762,212,1,0,0
9763,15,1,0,0
9764,71,1,0,0
9765,34,1,0,0
9766,35,1,0,0
9767,18,1,0,0
9768,144,1,0,0
9769,81,1,0,0
9770,54,1,0,0
9771,59,1,0,0
9772,64,1,0,0
9773,48,1,0,0
9774,98,1,0,0
9775,196,1,0,0
9776,254,1,0,0
9777,79,1,0,0
9778,103,1,0,0
9779,66,1,0,0
9780,54,1,0,0
9781,90,1,0,0
9782,16,1,0,0
9783,13,1,0,0
9784,44,1,0,0
9785,70,1,0,0
9786,149,1,0,0
9787,192,1,0,0
9788,72,1,0,0
9789,25,1,0,0
9790,36,1,0,0
9791,98,1,0,0
9792,42,1,0,0
9793,12,1,0,0
9794,27,1,0,0
9795,53,1,0,0
9796,31,1,0,0
9797,92,1,0,0
9798,68,1,0,0
9799,30,1,0,0
9800,17,1,0,0
9801,50,1,0,0
9802,103,1,0,0
9803,14,1,0,0
9804,92,1,0,0
9805,182,1,0,0
9806,21,1,0,0
9807,41,1,0,0
9808,98,1,0,0
9809,84,1,0,0
9810,11,1,0,0
9811,107,1,0,0
9812,126,1,0,0
9813,62,1,0,0
9814,39,1,0,0
9815,51,1,0,0
9816,96,1,0,0
9817,24,1,0,0
9818,82,1,0,0
9819,36,1,0,0
9820,42,1,0,0
9821,66,1,0,0
9822,138,1,0,0
9823,13,1,0,0
9824,66,1,0,0
9825,92,1,0,0
9826,45,1,0,0
9827,29,1,0,0
9828,75,1,0,0
9829,38,1,0,0
9830,45,1,0,0
9831,29,1,0,0
9832,57,1,0,0
9833,38,1,0,0
9834,11,1,0,0
9835,58,1,0,0
9836,46,1,0,0
9837,21,1,0,0
9838,34,1,0,0
9839,20,1,0,0
9840,48,1,0,0
9841,17,1,0,0
9842,37,1,0,0
9843,139,1,0,0
9844,71,1,0,0
9845,46,1,0,0
9846,119,1,0,0
9847,88,1,0,0
9848,256,1,0,0
9849,35,1,0,0
9850,23,1,0,0
9851,54,1,0,0
9852,111,1,0,0
9853,149,1,0,0
9854,49,1,0,0
9855,65,1,0,0
9856,37,1,0,0
9857,34,1,0,0
9858,19,1,0,0
9859,55,1,0,0
9860,20,1,0,0
9861,86,1,0,0
9862,70,1,0,0
9863,99,1,0,0
9864,22,1,0,0
9865,176,1,0,0
9866,60,1,0,0
9867,11,1,0,0
9868,25,1,0,0
9869,284,1,0,0
9870,15,1,0,0
9871,23,1,0,0
9872,18,1,0,0
9873,38,1,0,0
9874,62,1,0,0
9875,107,1,0,0
9876,26,1,0,0
9877,46,1,0,0
9878,10,1,0,0
9879,29,1,0,0
9880,169,1,0,0
9881,92,1,0,0
9882,68,1,0,0
9883,56,1,0,0
9884,107,1,0,0
9885,24,1,0,0
9886,69,1,0,0
9887,31,1,0,0
9888,59,1,0,0
9889,140,1,0,0
9890,64,1,0,0
9891,102,1,0,0
9892,24,1,0,0
9893,17,1,0,0
9894,51,1,0,0
9895,29,1,0,0
9896,112,1,0,0
9897,221,1,0,0
9898,157,1,0,0
9899,19,1,0,0
9900,61,1,0,0
9901,9,1,0,0
9902,31,1,0,0
9903,126,1,0,0
9904,13,1,0,0
9905,43,1,0,0
9906,134,1,0,0
9907,21,1,0,0
9908,12,1,0,0
9909,21,1,0,0
9910,99,1,0,0
9911,74,1,0,0
9912,33,1,0,0
9913,35,1,0,0
9914,18,1,0,0
9915,156,1,0,0
9916,135,1,0,0
9917,140,1,0,0
9918,93,1,0,0
9919,110,1,0,0
9920,12,1,0,0
9921,169,1,0,0
9922,10,1,0,0
9923,245,1,0,0
9924,156,1,0,0
9925,42,1,0,0
9926,156,1,0,0
9927,53,1,0,0
9928,217,1,0,0
9929,52,1,0,0
9930,26,1,0,0
9931,110,1,0,0
9932,90,1,0,0
9933,112,1,0,0
9934,118,1,0,0
9935,18,1,0,0
9936,43,1,0,0
9937,111,1,0,0
9938,35,1,0,0
9939,33,1,0,0
9940,66,1,0,0
9941,54,1,0,0
9942,64,1,0,0
9943,28,1,0,0
9944,40,1,0,0
9945,53,1,0,0
9946,115,1,0,0
9947,178,1,0,0
9948,40,1,0,0
9949,9,1,0,0
9950,82,1,0,0
9951,165,1,0,0
9952,61,1,0,0
9953,34,1,0,0
9954,35,1,0,0
9955,48,1,0,0
9956,69,1,0,0
9957,126,1,0,0
9958,37,1,0,0
9959,74,1,0,0
9960,51,1,0,0
9961,23,1,0,0
9962,120,1,0,0
9963,109,1,0,0
9964,85,1,0,0
9965,114,1,0,0
9966,34,1,0,0
9967,32,1,0,0
9968,11,1,0,0
9969,44,1,0,0
9970,47,1,0,0
9971,40,1,0,0
9972,36,1,0,0
9973,13,1,0,0
9974,146,1,0,0
9975,156,1,0,0
9976,31,1,0,0
9977,11,1,0,0
9978,85,1,0,0
9979,155,1,0,0
9980,27,1,0,0
9981,105,1,0,0
9982,85,1,0,0
9983,70,1,0,0
9984,70,1,0,0
9985,111,1,0,0
9986,29,1,0,0
9987,68,1,0,0
9988,64,1,0,0
9989,11,1,0,0
9990,58,1,0,0
9991,58,1,0,0
9992,206,1,0,0
9993,124,1,0,0
9994,18,1,0,0
9995,49,1,0,0
9996,122,1,0,0
9997,36,1,0,0
9998,72,1,0,0
9999,79,1,0,0
