trial,final_step,trapped,boundary_dead,contact_dead
0,96,1,0,0
1,32,1,0,0
2,27,1,0,0
3,58,1,0,0
4,13,1,0,0
5,43,1,0,0
6,42,1,0,0
7,131,1,0,0
8,32,1,0,0
9,128,1,0,0
10,138,1,0,0
11,32,1,0,0
12,28,1,0,0
13,75,1,0,0
14,71,1,0,0
15,40,1,0,0
16,74,1,0,0
17,163,1,0,0
18,116,1,0,0
19,77,1,0,0
20,22,1,0,0
21,103,1,0,0
22,57,1,0,0
23,62,1,0,0
24,121,1,0,0
25,44,1,0,0
26,337,1,0,0
27,144,1,0,0
28,92,1,0,0
29,142,1,0,0
30,48,1,0,0
31,170,1,0,0
32,51,1,0,0
33,110,1,0,0
34,56,1,0,0
35,53,1,0,0
36,37,1,0,0
37,181,1,0,0
38,54,1,0,0
39,79,1,0,0
40,85,1,0,0
41,154,1,0,0
42,110,1,0,0
43,37,1,0,0
44,87,1,0,0
45,46,1,0,0
46,75,1,0,0
47,115,1,0,0
48,176,1,0,0
49,64,1,0,0
50,34,1,0,0
51,16,1,0,0
52,60,1,0,0
53,43,1,0,0
54,44,1,0,0
55,22,1,0,0
56,28,1,0,0
57,117,1,0,0
58,39,1,0,0
59,149,1,0,0
60,398,1,0,0
61,65,1,0,0
62,57,1,0,0
63,63,1,0,0
64,36,1,0,0
65,17,1,0,0
66,35,1,0,0
67,72,1,0,0
68,17,1,0,0
69,21,1,0,0
70,77,1,0,0
71,130,1,0,0
72,24,1,0,0
73,74,1,0,0
74,47,1,0,0
75,54,1,0,0
76,85,1,0,0
77,13,1,0,0
78,11,1,0,0
79,84,1,0,0
80,23,1,0,0
81,75,1,0,0
82,26,1,0,0
83,76,1,0,0
84,36,1,0,0
85,17,1,0,0
86,132,1,0,0
87,70,1,0,0
88,40,1,0,0
89,36,1,0,0
90,111,1,0,0
91,19,1,0,0
92,50,1,0,0
93,82,1,0,0
94,76,1,0,0
95,65,1,0,0
96,95,1,0,0
97,32,1,0,0
98,118,1,0,0
99,51,1,0,0
100,88,1,0,0
101,11,1,0,0
102,13,1,0,0
103,150,1,0,0
104,28,1,0,0
105,35,1,0,0
106,64,1,0,0
107,132,1,0,0
108,134,1,0,0
109,17,1,0,0
110,46,1,0,0
111,13,1,0,0
112,61,1,0,0
113,37,1,0,0
114,42,1,0,0
115,30,1,0,0
116,23,1,0,0
117,97,1,0,0
118,111,1,0,0
119,111,1,0,0
120,27,1,0,0
121,59,1,0,0
122,74,1,0,0
123,146,1,0,0
124,235,1,0,0
125,53,1,0,0
126,22,1,0,0
127,52,1,0,0
128,67,1,0,0
129,129,1,0,0
130,26,1,0,0
131,24,1,0,0
132,76,1,0,0
133,36,1,0,0
134,121,1,0,0
135,111,1,0,0
136,9,1,0,0
137,43,1,0,0
138,215,1,0,0
139,34,1,0,0
140,41,1,0,0
141,70,1,0,0
142,170,1,0,0
143,157,1,0,0
144,69,1,0,0
145,37,1,0,0
146,44,1,0,0
147,131,1,0,0
148,30,1,0,0
149,32,1,0,0
150,54,1,0,0
151,83,1,0,0
152,127,1,0,0
153,15,1,0,0
154,22,1,0,0
155,262,1,0,0
156,68,1,0,0
157,37,1,0,0
158,32,1,0,0
159,65,1,0,0
160,21,1,0,0
161,163,1,0,0
162,22,1,0,0
163,17,1,0,0
164,26,1,0,0
165,85,1,0,0
166,45,1,0,0
167,38,1,0,0
168,35,1,0,0
169,60,1,0,0
170,48,1,0,0
171,79,1,0,0
172,36,1,0,0
173,64,1,0,0
174,39,1,0,0
175,35,1,0,0
176,65,1,0,0
177,17,1,0,0
178,139,1,0,0
179,71,1,0,0
180,22,1,0,0
181,19,1,0,0
182,24,1,0,0
183,126,1,0,0
184,56,1,0,0
185,85,1,0,0
186,35,1,0,0
187,73,1,0,0
188,54,1,0,0
189,111,1,0,0
190,85,1,0,0
191,37,1,0,0
192,51,1,0,0
193,137,1,0,0
194,69,1,0,0
195,34,1,0,0
196,30,1,0,0
197,154,1,0,0
198,30,1,0,0
199,54,1,0,0
200,114,1,0,0
201,32,1,0,0
202,54,1,0,0
203,62,1,0,0
204,75,1,0,0
205,105,1,0,0
206,118,1,0,0
207,161,1,0,0
208,76,1,0,0
209,112,1,0,0
210,117,1,0,0
211,22,1,0,0
212,92,1,0,0
213,17,1,0,0
214,90,1,0,0
215,185,1,0,0
216,25,1,0,0
217,112,1,0,0
218,68,1,0,0
219,31,1,0,0
220,65,1,0,0
221,55,1,0,0
222,61,1,0,0
223,24,1,0,0
224,130,1,0,0
225,118,1,0,0
226,37,1,0,0
227,86,1,0,0
228,39,1,0,0
229,40,1,0,0
230,84,1,0,0
231,17,1,0,0
232,78,1,0,0
233,56,1,0,0
234,53,1,0,0
235,118,1,0,0
236,209,1,0,0
237,95,1,0,0
238,83,1,0,0
239,57,1,0,0
240,87,1,0,0
241,192,1,0,0
242,195,1,0,0
243,84,1,0,0
244,13,1,0,0
245,171,1,0,0
246,37,1,0,0
247,103,1,0,0
248,164,1,0,0
249,87,1,0,0
250,58,1,0,0
251,81,1,0,0
252,76,1,0,0
253,14,1,0,0
254,30,1,0,0
255,45,1,0,0
256,60,1,0,0
257,99,1,0,0
258,73,1,0,0
259,41,1,0,0
260,22,1,0,0
261,36,1,0,0
262,96,1,0,0
263,87,1,0,0
264,70,1,0,0
265,88,1,0,0
266,97,1,0,0
267,88,1,0,0
268,120,1,0,0
269,26,1,0,0
270,16,1,0,0
271,68,1,0,0
272,141,1,0,0
273,46,1,0,0
274,67,1,0,0
275,14,1,0,0
276,83,1,0,0
277,36,1,0,0
278,17,1,0,0
279,37,1,0,0
280,96,1,0,0
281,53,1,0,0
282,151,1,0,0
283,15,1,0,0
284,108,1,0,0
285,107,1,0,0
286,47,1,0,0
287,33,1,0,0
288,59,1,0,0
289,19,1,0,0
290,41,1,0,0
291,23,1,0,0
292,8,1,0,0
293,91,1,0,0
294,127,1,0,0
295,27,1,0,0
296,204,1,0,0
297,47,1,0,0
298,83,1,0,0
299,75,1,0,0
300,28,1,0,0
301,118,1,0,0
302,41,1,0,0
303,30,1,0,0
304,321,1,0,0
305,103,1,0,0
306,140,1,0,0
307,82,1,0,0
308,91,1,0,0
309,17,1,0,0
310,101,1,0,0
311,62,1,0,0
312,22,1,0,0
313,15,1,0,0
314,47,1,0,0
315,50,1,0,0
316,67,1,0,0
317,139,1,0,0
318,65,1,0,0
319,30,1,0,0
320,14,1,0,0
321,102,1,0,0
322,65,1,0,0
323,103,1,0,0
324,37,1,0,0
325,39,1,0,0
326,35,1,0,0
327,50,1,0,0
328,105,1,0,0
329,62,1,0,0
330,87,1,0,0
331,155,1,0,0
332,124,1,0,0
333,31,1,0,0
334,19,1,0,0
335,12,1,0,0
336,225,1,0,0
337,132,1,0,0
338,45,1,0,0
339,18,1,0,0
340,87,1,0,0
341,81,1,0,0
342,82,1,0,0
343,88,1,0,0
344,18,1,0,0
345,48,1,0,0
346,25,1,0,0
347,39,1,0,0
348,212,1,0,0
349,140,1,0,0
350,118,1,0,0
351,37,1,0,0
352,78,1,0,0
353,31,1,0,0
354,80,1,0,0
355,32,1,0,0
356,45,1,0,0
357,108,1,0,0
358,62,1,0,0
359,79,1,0,0
360,26,1,0,0
361,27,1,0,0
362,64,1,0,0
363,13,1,0,0
364,72,1,0,0
365,76,1,0,0
366,19,1,0,0
367,211,1,0,0
368,51,1,0,0
369,139,1,0,0
370,125,1,0,0
371,67,1,0,0
372,31,1,0,0
373,45,1,0,0
374,113,1,0,0
375,54,1,0,0
376,22,1,0,0
377,44,1,0,0
378,35,1,0,0
379,11,1,0,0
380,42,1,0,0
381,278,1,0,0
382,86,1,0,0
383,96,1,0,0
384,20,1,0,0
385,75,1,0,0
386,160,1,0,0
387,118,1,0,0
388,121,1,0,0
389,134,1,0,0
390,41,1,0,0
391,144,1,0,0
392,106,1,0,0
393,36,1,0,0
394,11,1,0,0
395,25,1,0,0
396,7,1,0,0
397,105,1,0,0
398,35,1,0,0
399,21,1,0,0
400,19,1,0,0
401,52,1,0,0
402,38,1,0,0
403,25,1,0,0
404,79,1,0,0
405,49,1,0,0
406,69,1,0,0
407,69,1,0,0
408,75,1,0,0
409,48,1,0,0
410,130,1,0,0
411,129,1,0,0
412,36,1,0,0
413,67,1,0,0
414,15,1,0,0
415,8,1,0,0
416,146,1,0,0
417,30,1,0,0
418,161,1,0,0
419,188,1,0,0
420,150,1,0,0
421,207,1,0,0
422,149,1,0,0
423,97,1,0,0
424,79,1,0,0
425,39,1,0,0
426,121,1,0,0
427,101,1,0,0
428,116,1,0,0
429,89,1,0,0
430,61,1,0,0
431,49,1,0,0
432,17,1,0,0
433,22,1,0,0
434,65,1,0,0
435,134,1,0,0
436,66,1,0,0
437,45,1,0,0
438,48,1,0,0
439,44,1,0,0
440,73,1,0,0
441,46,1,0,0
442,159,1,0,0
443,136,1,0,0
444,147,1,0,0
445,85,1,0,0
446,17,1,0,0
447,130,1,0,0
448,37,1,0,0
449,63,1,0,0
450,118,1,0,0
451,34,1,0,0
452,72,1,0,0
453,91,1,0,0
454,84,1,0,0
455,174,1,0,0
456,24,1,0,0
457,61,1,0,0
458,23,1,0,0
459,23,1,0,0
460,143,1,0,0
461,30,1,0,0
462,20,1,0,0
463,21,1,0,0
464,96,1,0,0
465,44,1,0,0
466,61,1,0,0
467,60,1,0,0
468,52,1,0,0
469,140,1,0,0
470,19,1,0,0
471,72,1,0,0
472,34,1,0,0
473,18,1,0,0
474,40,1,0,0
475,15,1,0,0
476,234,1,0,0
477,36,1,0,0
478,79,1,0,0
479,58,1,0,0
480,67,1,0,0
481,117,1,0,0
482,120,1,0,0
483,40,1,0,0
484,71,1,0,0
485,74,1,0,0
486,87,1,0,0
487,46,1,0,0
488,92,1,0,0
489,61,1,0,0
490,72,1,0,0
491,19,1,0,0
492,31,1,0,0
493,149,1,0,0
494,25,1,0,0
495,23,1,0,0
496,90,1,0,0
497,100,1,0,0
498,40,1,0,0
499,29,1,0,0
500,129,1,0,0
501,70,1,0,0
502,90,1,0,0
503,186,1,0,0
504,92,1,0,0
505,18,1,0,0
506,110,1,0,0
507,37,1,0,0
508,77,1,0,0
509,56,1,0,0
510,48,1,0,0
511,43,1,0,0
512,73,1,0,0
513,86,1,0,0
514,131,1,0,0
515,62,1,0,0
516,105,1,0,0
517,44,1,0,0
518,45,1,0,0
519,26,1,0,0
520,47,1,0,0
521,56,1,0,0
522,40,1,0,0
523,39,1,0,0
524,134,1,0,0
525,63,1,0,0
526,170,1,0,0
527,82,1,0,0
528,32,1,0,0
529,129,1,0,0
530,17,1,0,0
531,24,1,0,0
532,81,1,0,0
533,18,1,0,0
534,39,1,0,0
535,190,1,0,0
536,139,1,0,0
537,56,1,0,0
538,31,1,0,0
539,71,1,0,0
540,50,1,0,0
541,94,1,0,0
542,63,1,0,0
543,24,1,0,0
544,29,1,0,0
545,40,1,0,0
546,8,1,0,0
547,117,1,0,0
548,68,1,0,0
549,130,1,0,0
550,100,1,0,0
551,106,1,0,0
552,20,1,0,0
553,71,1,0,0
554,21,1,0,0
555,50,1,0,0
556,112,1,0,0
557,44,1,0,0
558,60,1,0,0
559,46,1,0,0
560,48,1,0,0
561,29,1,0,0
562,122,1,0,0
563,15,1,0,0
564,13,1,0,0
565,42,1,0,0
566,73,1,0,0
567,15,1,0,0
568,12,1,0,0
569,77,1,0,0
570,28,1,0,0
571,192,1,0,0
572,214,1,0,0
573,55,1,0,0
574,105,1,0,0
575,235,1,0,0
576,103,1,0,0
577,71,1,0,0
578,153,1,0,0
579,38,1,0,0
580,26,1,0,0
581,25,1,0,0
582,11,1,0,0
583,23,1,0,0
584,26,1,0,0
585,78,1,0,0
586,131,1,0,0
587,221,1,0,0
588,59,1,0,0
589,46,1,0,0
590,49,1,0,0
591,91,1,0,0
592,69,1,0,0
593,50,1,0,0
594,133,1,0,0
595,25,1,0,0
596,39,1,0,0
597,40,1,0,0
598,64,1,0,0
599,9,1,0,0
600,35,1,0,0
601,95,1,0,0
602,88,1,0,0
603,67,1,0,0
604,78,1,0,0
605,44,1,0,0
606,172,1,0,0
607,66,1,0,0
608,118,1,0,0
609,11,1,0,0
610,96,1,0,0
611,45,1,0,0
612,109,1,0,0
613,16,1,0,0
614,33,1,0,0
615,73,1,0,0
616,128,1,0,0
617,33,1,0,0
618,71,1,0,0
619,66,1,0,0
620,57,1,0,0
621,16,1,0,0
622,20,1,0,0
623,30,1,0,0
624,218,1,0,0
625,13,1,0,0
626,87,1,0,0
627,102,1,0,0
628,74,1,0,0
629,92,1,0,0
630,16,1,0,0
631,38,1,0,0
632,93,1,0,0
633,38,1,0,0
634,30,1,0,0
635,118,1,0,0
636,31,1,0,0
637,29,1,0,0
638,99,1,0,0
639,11,1,0,0
640,75,1,0,0
641,44,1,0,0
642,30,1,0,0
643,104,1,0,0
644,48,1,0,0
645,73,1,0,0
646,64,1,0,0
647,45,1,0,0
648,166,1,0,0
649,16,1,0,0
650,13,1,0,0
651,101,1,0,0
652,30,1,0,0
653,27,1,0,0
654,89,1,0,0
655,57,1,0,0
656,70,1,0,0
657,50,1,0,0
658,41,1,0,0
659,30,1,0,0
660,68,1,0,0
661,84,1,0,0
662,166,1,0,0
663,75,1,0,0
664,16,1,0,0
665,114,1,0,0
666,227,1,0,0
667,45,1,0,0
668,60,1,0,0
669,49,1,0,0
670,52,1,0,0
671,75,1,0,0
672,71,1,0,0
673,137,1,0,0
674,57,1,0,0
675,15,1,0,0
676,112,1,0,0
677,62,1,0,0
678,133,1,0,0
679,159,1,0,0
680,69,1,0,0
681,109,1,0,0
682,82,1,0,0
683,44,1,0,0
684,26,1,0,0
685,23,1,0,0
686,30,1,0,0
687,40,1,0,0
688,86,1,0,0
689,79,1,0,0
690,59,1,0,0
691,163,1,0,0
692,76,1,0,0
693,59,1,0,0
694,83,1,0,0
695,123,1,0,0
696,88,1,0,0
697,81,1,0,0
698,236,1,0,0
699,57,1,0,0
700,77,1,0,0
701,66,1,0,0
702,102,1,0,0
703,19,1,0,0
704,50,1,0,0
705,17,1,0,0
706,161,1,0,0
707,41,1,0,0
708,13,1,0,0
709,46,1,0,0
710,100,1,0,0
711,60,1,0,0
712,27,1,0,0
713,56,1,0,0
714,83,1,0,0
715,134,1,0,0
716,207,1,0,0
717,15,1,0,0
718,195,1,0,0
719,84,1,0,0
720,30,1,0,0
721,78,1,0,0
722,60,1,0,0
723,111,1,0,0
724,166,1,0,0
725,100,1,0,0
726,15,1,0,0
727,40,1,0,0
728,31,1,0,0
729,138,1,0,0
730,54,1,0,0
731,66,1,0,0
732,16,1,0,0
733,49,1,0,0
734,36,1,0,0
735,84,1,0,0
736,36,1,0,0
737,39,1,0,0
738,61,1,0,0
739,163,1,0,0
740,72,1,0,0
741,31,1,0,0
742,29,1,0,0
743,22,1,0,0
744,96,1,0,0
745,32,1,0,0
746,110,1,0,0
747,21,1,0,0
748,32,1,0,0
749,79,1,0,0
750,109,1,0,0
751,74,1,0,0
752,18,1,0,0
753,166,1,0,0
754,14,1,0,0
755,45,1,0,0
756,57,1,0,0
757,19,1,0,0
758,28,1,0,0
759,88,1,0,0
760,22,1,0,0
761,102,1,0,0
762,75,1,0,0
763,135,1,0,0
764,22,1,0,0
765,26,1,0,0
766,53,1,0,0
767,85,1,0,0
768,39,1,0,0
769,49,1,0,0
770,19,1,0,0
771,10,1,0,0
772,51,1,0,0
773,30,1,0,0
774,96,1,0,0
775,103,1,0,0
776,45,1,0,0
777,39,1,0,0
778,38,1,0,0
779,42,1,0,0
780,87,1,0,0
781,21,1,0,0
782,88,1,0,0
783,36,1,0,0
784,43,1,0,0
785,88,1,0,0
786,155,1,0,0
787,30,1,0,0
788,37,1,0,0
789,121,1,0,0
790,11,1,0,0
791,39,1,0,0
792,72,1,0,0
793,143,1,0,0
794,12,1,0,0
795,132,1,0,0
796,89,1,0,0
797,19,1,0,0
798,53,1,0,0
799,108,1,0,0
800,21,1,0,0
801,39,1,0,0
802,55,1,0,0
803,45,1,0,0
804,49,1,0,0
805,52,1,0,0
806,94,1,0,0
807,52,1,0,0
808,73,1,0,0
809,20,1,0,0
810,7,1,0,0
811,61,1,0,0
812,43,1,0,0
813,87,1,0,0
814,37,1,0,0
815,48,1,0,0
816,36,1,0,0
817,73,1,0,0
818,40,1,0,0
819,98,1,0,0
820,39,1,0,0
821,46,1,0,0
822,65,1,0,0
823,42,1,0,0
824,105,1,0,0
825,148,1,0,0
826,42,1,0,0
827,31,1,0,0
828,90,1,0,0
829,79,1,0,0
830,103,1,0,0
831,106,1,0,0
832,57,1,0,0
833,65,1,0,0
834,62,1,0,0
835,94,1,0,0
836,108,1,0,0
837,41,1,0,0
838,83,1,0,0
839,82,1,0,0
840,97,1,0,0
841,43,1,0,0
842,69,1,0,0
843,7,1,0,0
844,15,1,0,0
845,77,1,0,0
846,154,1,0,0
847,85,1,0,0
848,115,1,0,0
849,62,1,0,0
850,111,1,0,0
851,41,1,0,0
852,60,1,0,0
853,110,1,0,0
854,71,1,0,0
855,172,1,0,0
856,52,1,0,0
857,48,1,0,0
858,47,1,0,0
859,39,1,0,0
860,137,1,0,0
861,23,1,0,0
862,67,1,0,0
863,49,1,0,0
864,72,1,0,0
865,67,1,0,0
866,108,1,0,0
867,37,1,0,0
868,39,1,0,0
869,25,1,0,0
870,45,1,0,0
871,52,1,0,0
872,137,1,0,0
873,9,1,0,0
874,25,1,0,0
875,33,1,0,0
876,64,1,0,0
877,81,1,0,0
878,57,1,0,0
879,13,1,0,0
880,8,1,0,0
881,64,1,0,0
882,27,1,0,0
883,281,1,0,0
884,82,1,0,0
885,130,1,0,0
886,97,1,0,0
887,155,1,0,0
888,29,1,0,0
889,65,1,0,0
890,61,1,0,0
891,187,1,0,0
892,74,1,0,0
893,21,1,0,0
894,20,1,0,0
895,41,1,0,0
896,15,1,0,0
897,156,1,0,0
898,193,1,0,0
899,116,1,0,0
900,27,1,0,0
901,17,1,0,0
902,44,1,0,0
903,114,1,0,0
904,63,1,0,0
905,40,1,0,0
906,73,1,0,0
907,17,1,0,0
908,86,1,0,0
909,43,1,0,0
910,19,1,0,0
911,66,1,0,0
912,35,1,0,0
913,75,1,0,0
914,82,1,0,0
915,42,1,0,0
916,17,1,0,0
917,28,1,0,0
918,143,1,0,0
919,39,1,0,0
920,103,1,0,0
921,80,1,0,0
922,48,1,0,0
923,41,1,0,0
924,13,1,0,0
925,105,1,0,0
926,93,1,0,0
927,26,1,0,0
928,96,1,0,0
929,63,1,0,0
930,50,1,0,0
931,46,1,0,0
932,88,1,0,0
933,19,1,0,0
934,53,1,0,0
935,74,1,0,0
936,30,1,0,0
937,47,1,0,0
938,88,1,0,0
939,23,1,0,0
940,17,1,0,0
941,18,1,0,0
942,38,1,0,0
943,47,1,0,0
944,77,1,0,0
945,132,1,0,0
946,77,1,0,0
947,29,1,0,0
948,12,1,0,0
949,161,1,0,0
950,33,1,0,0
951,22,1,0,0
952,36,1,0,0
953,21,1,0,0
954,10,1,0,0
955,101,1,0,0
956,33,1,0,0
957,34,1,0,0
958,32,1,0,0
959,38,1,0,0
960,233,1,0,0
961,71,1,0,0
962,99,1,0,0
963,92,1,0,0
964,13,1,0,0
965,64,1,0,0
966,50,1,0,0
967,17,1,0,0
968,52,1,0,0
969,86,1,0,0
970,127,1,0,0
971,159,1,0,0
972,43,1,0,0
973,156,1,0,0
974,38,1,0,0
975,137,1,0,0
976,140,1,0,0
977,195,1,0,0
978,38,1,0,0
979,21,1,0,0
980,83,1,0,0
981,135,1,0,0
982,48,1,0,0
983,143,1,0,0
984,21,1,0,0
985,14,1,0,0
986,159,1,0,0
987,55,1,0,0
988,14,1,0,0
989,69,1,0,0
990,53,1,0,0
991,49,1,0,0
992,142,1,0,0
993,92,1,0,0
994,137,1,0,0
995,45,1,0,0
996,58,1,0,0
997,38,1,0,0
998,19,1,0,0
999,104,1,0,0
1000,81,1,0,0
1001,30,1,0,0
1002,19,1,0,0
1003,282,1,0,0
1004,69,1,0,0
1005,26,1,0,0
1006,59,1,0,0
1007,59,1,0,0
1008,86,1,0,0
1009,224,1,0,0
1010,47,1,0,0
1011,44,1,0,0
1012,21,1,0,0
1013,13,1,0,0
1014,99,1,0,0
1015,28,1,0,0
1016,152,1,0,0
1017,48,1,0,0
1018,30,1,0,0
1019,53,1,0,0
1020,67,1,0,0
1021,44,1,0,0
1022,55,1,0,0
1023,93,1,0,0
1024,96,1,0,0
1025,19,1,0,0
1026,44,1,0,0
1027,216,1,0,0
1028,72,1,0,0
1029,232,1,0,0
1030,39,1,0,0
1031,25,1,0,0
1032,52,1,0,0
1033,71,1,0,0
1034,53,1,0,0
1035,56,1,0,0
1036,70,1,0,0
1037,62,1,0,0
1038,108,1,0,0
1039,42,1,0,0
1040,45,1,0,0
1041,76,1,0,0
1042,62,1,0,0
1043,151,1,0,0
1044,49,1,0,0
1045,31,1,0,0
1046,40,1,0,0
1047,92,1,0,0
1048,36,1,0,0
1049,100,1,0,0
1050,37,1,0,0
1051,13,1,0,0
1052,56,1,0,0
1053,52,1,0,0
1054,118,1,0,0
1055,191,1,0,0
1056,42,1,0,0
1057,47,1,0,0
1058,40,1,0,0
1059,34,1,0,0
1060,28,1,0,0
1061,25,1,0,0
1062,148,1,0,0
1063,86,1,0,0
1064,221,1,0,0
1065,13,1,0,0
1066,42,1,0,0
1067,62,1,0,0
1068,83,1,0,0
1069,21,1,0,0
1070,30,1,0,0
1071,75,1,0,0
1072,42,1,0,0
1073,17,1,0,0
1074,36,1,0,0
1075,18,1,0,0
1076,106,1,0,0
1077,382,1,0,0
1078,31,1,0,0
1079,30,1,0,0
1080,99,1,0,0
1081,222,1,0,0
1082,193,1,0,0
1083,17,1,0,0
1084,64,1,0,0
1085,21,1,0,0
1086,146,1,0,0
1087,24,1,0,0
1088,34,1,0,0
1089,18,1,0,0
1090,108,1,0,0
1091,40,1,0,0
1092,175,1,0,0
1093,45,1,0,0
1094,17,1,0,0
1095,56,1,0,0
1096,83,1,0,0
1097,130,1,0,0
1098,130,1,0,0
1099,28,1,0,0
1100,104,1,0,0
1101,71,1,0,0
1102,62,1,0,0
1103,128,1,0,0
1104,109,1,0,0
1105,52,1,0,0
1106,305,1,0,0
1107,43,1,0,0
1108,147,1,0,0
1109,33,1,0,0
1110,62,1,0,0
1111,89,1,0,0
1112,123,1,0,0
1113,93,1,0,0
1114,27,1,0,0
1115,110,1,0,0
1116,47,1,0,0
1117,138,1,0,0
1118,94,1,0,0
1119,39,1,0,0
1120,84,1,0,0
1121,61,1,0,0
1122,139,1,0,0
1123,21,1,0,0
1124,67,1,0,0
1125,72,1,0,0
1126,23,1,0,0
1127,78,1,0,0
1128,21,1,0,0
1129,71,1,0,0
1130,33,1,0,0
1131,25,1,0,0
1132,87,1,0,0
1133,144,1,0,0
1134,74,1,0,0
1135,79,1,0,0
1136,27,1,0,0
1137,38,1,0,0
1138,30,1,0,0
1139,37,1,0,0
1140,47,1,0,0
1141,118,1,0,0
1142,85,1,0,0
1143,8,1,0,0
1144,61,1,0,0
1145,83,1,0,0
1146,68,1,0,0
1147,49,1,0,0
1148,47,1,0,0
1149,17,1,0,0
1150,111,1,0,0
1151,31,1,0,0
1152,69,1,0,0
1153,13,1,0,0
1154,121,1,0,0
1155,168,1,0,0
1156,96,1,0,0
1157,100,1,0,0
1158,14,1,0,0
1159,12,1,0,0
1160,57,1,0,0
1161,53,1,0,0
1162,59,1,0,0
1163,90,1,0,0
1164,32,1,0,0
1165,15,1,0,0
1166,30,1,0,0
1167,16,1,0,0
1168,24,1,0,0
1169,40,1,0,0
1170,24,1,0,0
1171,71,1,0,0
1172,90,1,0,0
1173,45,1,0,0
1174,37,1,0,0
1175,69,1,0,0
1176,73,1,0,0
1177,23,1,0,0
1178,104,1,0,0
1179,39,1,0,0
1180,48,1,0,0
1181,28,1,0,0
1182,209,1,0,0
1183,55,1,0,0
1184,155,1,0,0
1185,25,1,0,0
1186,81,1,0,0
1187,108,1,0,0
1188,43,1,0,0
1189,290,1,0,0
1190,17,1,0,0
1191,93,1,0,0
1192,55,1,0,0
1193,23,1,0,0
1194,154,1,0,0
1195,63,1,0,0
1196,34,1,0,0
1197,97,1,0,0
1198,55,1,0,0
1199,59,1,0,0
1200,112,1,0,0
1201,47,1,0,0
1202,201,1,0,0
1203,34,1,0,0
1204,52,1,0,0
1205,81,1,0,0
1206,128,1,0,0
1207,25,1,0,0
1208,155,1,0,0
1209,77,1,0,0
1210,199,1,0,0
1211,46,1,0,0
1212,118,1,0,0
1213,37,1,0,0
1214,90,1,0,0
1215,13,1,0,0
1216,55,1,0,0
1217,42,1,0,0
1218,75,1,0,0
1219,60,1,0,0
1220,52,1,0,0
1221,68,1,0,0
1222,54,1,0,0
1223,81,1,0,0
1224,100,1,0,0
1225,93,1,0,0
1226,15,1,0,0
1227,23,1,0,0
1228,40,1,0,0
1229,31,1,0,0
1230,79,1,0,0
1231,81,1,0,0
1232,51,1,0,0
1233,14,1,0,0
1234,18,1,0,0
1235,96,1,0,0
1236,78,1,0,0
1237,36,1,0,0
1238,71,1,0,0
1239,179,1,0,0
1240,103,1,0,0
1241,104,1,0,0
1242,34,1,0,0
1243,32,1,0,0
1244,88,1,0,0
1245,55,1,0,0
1246,31,1,0,0
1247,45,1,0,0
1248,16,1,0,0
1249,149,1,0,0
1250,16,1,0,0
1251,77,1,0,0
1252,15,1,0,0
1253,46,1,0,0
1254,78,1,0,0
1255,109,1,0,0
1256,126,1,0,0
1257,68,1,0,0
1258,52,1,0,0
1259,79,1,0,0
1260,14,1,0,0
1261,61,1,0,0
1262,96,1,0,0
1263,118,1,0,0
1264,84,1,0,0
1265,189,1,0,0
1266,38,1,0,0
1267,68,1,0,0
1268,55,1,0,0
1269,69,1,0,0
1270,43,1,0,0
1271,65,1,0,0
1272,101,1,0,0
1273,44,1,0,0
1274,79,1,0,0
1275,57,1,0,0
1276,20,1,0,0
1277,76,1,0,0
1278,34,1,0,0
1279,107,1,0,0
1280,53,1,0,0
1281,48,1,0,0
1282,94,1,0,0
1283,67,1,0,0
1284,66,1,0,0
1285,112,1,0,0
1286,97,1,0,0
1287,65,1,0,0
1288,278,1,0,0
1289,45,1,0,0
1290,29,1,0,0
1291,21,1,0,0
1292,58,1,0,0
1293,7,1,0,0
1294,38,1,0,0
1295,84,1,0,0
1296,137,1,0,0
1297,25,1,0,0
1298,25,1,0,0
1299,39,1,0,0
1300,54,1,0,0
1301,39,1,0,0
1302,65,1,0,0
1303,29,1,0,0
1304,67,1,0,0
1305,25,1,0,0
1306,26,1,0,0
1307,71,1,0,0
1308,21,1,0,0
1309,238,1,0,0
1310,34,1,0,0
1311,65,1,0,0
1312,67,1,0,0
1313,60,1,0,0
1314,24,1,0,0
1315,88,1,0,0
1316,24,1,0,0
1317,98,1,0,0
1318,86,1,0,0
1319,69,1,0,0
1320,24,1,0,0
1321,52,1,0,0
1322,102,1,0,0
1323,135,1,0,0
1324,87,1,0,0
1325,70,1,0,0
1326,16,1,0,0
1327,86,1,0,0
1328,30,1,0,0
1329,49,1,0,0
1330,36,1,0,0
1331,87,1,0,0
1332,75,1,0,0
1333,19,1,0,0
1334,96,1,0,0
1335,33,1,0,0
1336,22,1,0,0
1337,44,1,0,0
1338,12,1,0,0
1339,44,1,0,0
1340,162,1,0,0
1341,85,1,0,0
1342,34,1,0,0
1343,29,1,0,0
1344,39,1,0,0
1345,145,1,0,0
1346,172,1,0,0
1347,91,1,0,0
1348,123,1,0,0
1349,94,1,0,0
1350,173,1,0,0
1351,17,1,0,0
1352,130,1,0,0
1353,41,1,0,0
1354,59,1,0,0
1355,138,1,0,0
1356,45,1,0,0
1357,20,1,0,0
1358,40,1,0,0
1359,87,1,0,0
1360,59,1,0,0
1361,115,1,0,0
1362,89,1,0,0
1363,108,1,0,0
1364,13,1,0,0
1365,156,1,0,0
1366,9,1,0,0
1367,29,1,0,0
1368,81,1,0,0
1369,86,1,0,0
1370,48,1,0,0
1371,30,1,0,0
1372,15,1,0,0
1373,67,1,0,0
1374,74,1,0,0
1375,153,1,0,0
1376,26,1,0,0
1377,71,1,0,0
1378,19,1,0,0
1379,39,1,0,0
1380,132,1,0,0
1381,51,1,0,0
1382,66,1,0,0
1383,54,1,0,0
1384,117,1,0,0
1385,36,1,0,0
1386,55,1,0,0
1387,12,1,0,0
1388,78,1,0,0
1389,109,1,0,0
1390,139,1,0,0
1391,77,1,0,0
1392,89,1,0,0
1393,12,1,0,0
1394,181,1,0,0
1395,15,1,0,0
1396,55,1,0,0
1397,24,1,0,0
1398,98,1,0,0
1399,94,1,0,0
1400,105,1,0,0
1401,42,1,0,0
1402,40,1,0,0
1403,48,1,0,0
1404,120,1,0,0
1405,8,1,0,0
1406,76,1,0,0
1407,77,1,0,0
1408,162,1,0,0
1409,47,1,0,0
1410,57,1,0,0
1411,97,1,0,0
1412,34,1,0,0
1413,74,1,0,0
1414,158,1,0,0
1415,44,1,0,0
1416,77,1,0,0
1417,47,1,0,0
1418,57,1,0,0
1419,41,1,0,0
1420,62,1,0,0
1421,56,1,0,0
1422,36,1,0,0
1423,213,1,0,0
1424,49,1,0,0
1425,38,1,0,0
1426,88,1,0,0
1427,66,1,0,0
1428,129,1,0,0
1429,30,1,0,0
1430,90,1,0,0
1431,193,1,0,0
1432,92,1,0,0
1433,75,1,0,0
1434,18,1,0,0
1435,86,1,0,0
1436,76,1,0,0
1437,66,1,0,0
1438,72,1,0,0
1439,69,1,0,0
1440,91,1,0,0
1441,67,1,0,0
1442,64,1,0,0
1443,19,1,0,0
1444,106,1,0,0
1445,78,1,0,0
1446,100,1,0,0
1447,44,1,0,0
1448,52,1,0,0
1449,193,1,0,0
1450,66,1,0,0
1451,13,1,0,0
1452,68,1,0,0
1453,84,1,0,0
1454,51,1,0,0
1455,44,1,0,0
1456,59,1,0,0
1457,59,1,0,0
1458,104,1,0,0
1459,150,1,0,0
1460,94,1,0,0
1461,10,1,0,0
1462,127,1,0,0
1463,86,1,0,0
1464,102,1,0,0
1465,97,1,0,0
1466,46,1,0,0
1467,101,1,0,0
1468,23,1,0,0
1469,20,1,0,0
1470,19,1,0,0
1471,115,1,0,0
1472,52,1,0,0
1473,36,1,0,0
1474,158,1,0,0
1475,49,1,0,0
1476,98,1,0,0
1477,54,1,0,0
1478,41,1,0,0
1479,38,1,0,0
1480,41,1,0,0
1481,23,1,0,0
1482,55,1,0,0
1483,46,1,0,0
1484,89,1,0,0
1485,61,1,0,0
1486,12,1,0,0
1487,15,1,0,0
1488,29,1,0,0
1489,162,1,0,0
1490,88,1,0,0
1491,45,1,0,0
1492,82,1,0,0
1493,327,1,0,0
1494,41,1,0,0
1495,15,1,0,0
1496,67,1,0,0
1497,66,1,0,0
1498,54,1,0,0
1499,58,1,0,0
1500,30,1,0,0
1501,15,1,0,0
1502,61,1,0,0
1503,43,1,0,0
1504,26,1,0,0
1505,60,1,0,0
1506,66,1,0,0
1507,126,1,0,0
1508,21,1,0,0
1509,11,1,0,0
1510,105,1,0,0
1511,139,1,0,0
1512,44,1,0,0
1513,59,1,0,0
1514,76,1,0,0
1515,34,1,0,0
1516,16,1,0,0
1517,105,1,0,0
1518,61,1,0,0
1519,47,1,0,0
1520,16,1,0,0
1521,20,1,0,0
1522,29,1,0,0
1523,39,1,0,0
1524,79,1,0,0
1525,85,1,0,0
1526,235,1,0,0
1527,58,1,0,0
1528,108,1,0,0
1529,57,1,0,0
1530,23,1,0,0
1531,38,1,0,0
1532,173,1,0,0
1533,70,1,0,0
1534,70,1,0,0
1535,28,1,0,0
1536,81,1,0,0
1537,139,1,0,0
1538,64,1,0,0
1539,69,1,0,0
1540,90,1,0,0
1541,8,1,0,0
1542,54,1,0,0
1543,55,1,0,0
1544,48,1,0,0
1545,12,1,0,0
1546,42,1,0,0
1547,33,1,0,0
1548,28,1,0,0
1549,21,1,0,0
1550,194,1,0,0
1551,167,1,0,0
1552,105,1,0,0
1553,139,1,0,0
1554,49,1,0,0
1555,34,1,0,0
1556,102,1,0,0
1557,48,1,0,0
1558,310,1,0,0
1559,118,1,0,0
1560,25,1,0,0
1561,38,1,0,0
1562,74,1,0,0
1563,148,1,0,0
1564,135,1,0,0
1565,80,1,0,0
1566,45,1,0,0
1567,68,1,0,0
1568,69,1,0,0
1569,31,1,0,0
1570,30,1,0,0
1571,17,1,0,0
1572,207,1,0,0
1573,130,1,0,0
1574,219,1,0,0
1575,170,1,0,0
1576,93,1,0,0
1577,21,1,0,0
1578,72,1,0,0
1579,46,1,0,0
1580,49,1,0,0
1581,155,1,0,0
1582,67,1,0,0
1583,92,1,0,0
1584,77,1,0,0
1585,91,1,0,0
1586,24,1,0,0
1587,49,1,0,0
1588,96,1,0,0
1589,89,1,0,0
1590,17,1,0,0
1591,51,1,0,0
1592,149,1,0,0
1593,100,1,0,0
1594,118,1,0,0
1595,215,1,0,0
1596,76,1,0,0
1597,48,1,0,0
1598,73,1,0,0
1599,97,1,0,0
1600,41,1,0,0
1601,43,1,0,0
1602,71,1,0,0
1603,85,1,0,0
1604,45,1,0,0
1605,165,1,0,0
1606,51,1,0,0
1607,106,1,0,0
1608,101,1,0,0
1609,148,1,0,0
1610,89,1,0,0
1611,24,1,0,0
1612,9,1,0,0
1613,120,1,0,0
1614,24,1,0,0
1615,12,1,0,0
1616,25,1,0,0
1617,48,1,0,0
1618,26,1,0,0
1619,40,1,0,0
1620,97,1,0,0
1621,11,1,0,0
1622,81,1,0,0
1623,15,1,0,0
1624,132,1,0,0
1625,98,1,0,0
1626,118,1,0,0
1627,59,1,0,0
1628,55,1,0,0
1629,209,1,0,0
1630,91,1,0,0
1631,9,1,0,0
1632,36,1,0,0
1633,89,1,0,0
1634,178,1,0,0
1635,56,1,0,0
1636,19,1,0,0
1637,104,1,0,0
1638,28,1,0,0
1639,97,1,0,0
1640,130,1,0,0
1641,55,1,0,0
1642,58,1,0,0
1643,149,1,0,0
1644,52,1,0,0
1645,66,1,0,0
1646,125,1,0,0
1647,125,1,0,0
1648,158,1,0,0
1649,137,1,0,0
1650,29,1,0,0
1651,73,1,0,0
1652,105,1,0,0
1653,74,1,0,0
1654,115,1,0,0
1655,30,1,0,0
1656,54,1,0,0
1657,123,1,0,0
1658,40,1,0,0
1659,71,1,0,0
1660,12,1,0,0
1661,46,1,0,0
1662,27,1,0,0
1663,49,1,0,0
1664,15,1,0,0
1665,19,1,0,0
1666,23,1,0,0
1667,50,1,0,0
1668,42,1,0,0
1669,43,1,0,0
1670,57,1,0,0
1671,121,1,0,0
1672,10,1,0,0
1673,31,1,0,0
1674,41,1,0,0
1675,41,1,0,0
1676,45,1,0,0
1677,8,1,0,0
1678,40,1,0,0
1679,89,1,0,0
1680,128,1,0,0
1681,130,1,0,0
1682,113,1,0,0
1683,118,1,0,0
1684,81,1,0,0
1685,61,1,0,0
1686,22,1,0,0
1687,23,1,0,0
1688,78,1,0,0
1689,53,1,0,0
1690,51,1,0,0
1691,177,1,0,0
1692,139,1,0,0
1693,56,1,0,0
1694,60,1,0,0
1695,202,1,0,0
1696,17,1,0,0
1697,18,1,0,0
1698,239,1,0,0
1699,34,1,0,0
1700,33,1,0,0
1701,119,1,0,0
1702,55,1,0,0
1703,42,1,0,0
1704,11,1,0,0
1705,16,1,0,0
1706,34,1,0,0
1707,133,1,0,0
1708,24,1,0,0
1709,59,1,0,0
1710,47,1,0,0
1711,19,1,0,0
1712,106,1,0,0
1713,25,1,0,0
1714,62,1,0,0
1715,24,1,0,0
1716,166,1,0,0
1717,52,1,0,0
1718,27,1,0,0
1719,25,1,0,0
1720,84,1,0,0
1721,61,1,0,0
1722,30,1,0,0
1723,76,1,0,0
1724,23,1,0,0
1725,19,1,0,0
1726,74,1,0,0
1727,42,1,0,0
1728,70,1,0,0
1729,9,1,0,0
1730,24,1,0,0
1731,57,1,0,0
1732,145,1,0,0
1733,188,1,0,0
1734,86,1,0,0
1735,54,1,0,0
1736,54,1,0,0
1737,190,1,0,0
1738,128,1,0,0
1739,162,1,0,0
1740,22,1,0,0
1741,23,1,0,0
1742,131,1,0,0
1743,77,1,0,0
1744,118,1,0,0
1745,34,1,0,0
1746,125,1,0,0
1747,70,1,0,0
1748,69,1,0,0
1749,178,1,0,0
1750,51,1,0,0
1751,22,1,0,0
1752,44,1,0,0
1753,26,1,0,0
1754,68,1,0,0
1755,17,1,0,0
1756,86,1,0,0
1757,205,1,0,0
1758,51,1,0,0
1759,163,1,0,0
1760,63,1,0,0
1761,128,1,0,0
1762,82,1,0,0
1763,120,1,0,0
1764,42,1,0,0
1765,91,1,0,0
1766,137,1,0,0
1767,36,1,0,0
1768,63,1,0,0
1769,119,1,0,0
1770,80,1,0,0
1771,22,1,0,0
1772,25,1,0,0
1773,165,1,0,0
1774,38,1,0,0
1775,113,1,0,0
1776,24,1,0,0
1777,15,1,0,0
1778,45,1,0,0
1779,201,1,0,0
1780,41,1,0,0
1781,65,1,0,0
1782,69,1,0,0
1783,130,1,0,0
1784,17,1,0,0
1785,44,1,0,0
1786,120,1,0,0
1787,101,1,0,0
1788,54,1,0,0
1789,133,1,0,0
1790,208,1,0,0
1791,92,1,0,0
1792,94,1,0,0
1793,72,1,0,0
1794,68,1,0,0
1795,80,1,0,0
1796,69,1,0,0
1797,54,1,0,0
1798,20,1,0,0
1799,91,1,0,0
1800,44,1,0,0
1801,131,1,0,0
1802,44,1,0,0
1803,49,1,0,0
1804,56,1,0,0
1805,41,1,0,0
1806,110,1,0,0
1807,72,1,0,0
1808,92,1,0,0
1809,64,1,0,0
1810,25,1,0,0
1811,31,1,0,0
1812,26,1,0,0
1813,31,1,0,0
1814,22,1,0,0
1815,36,1,0,0
1816,32,1,0,0
1817,44,1,0,0
1818,23,1,0,0
1819,114,1,0,0
1820,87,1,0,0
1821,22,1,0,0
1822,129,1,0,0
1823,16,1,0,0
1824,36,1,0,0
1825,74,1,0,0
1826,21,1,0,0
1827,76,1,0,0
1828,131,1,0,0
1829,16,1,0,0
1830,32,1,0,0
1831,66,1,0,0
1832,105,1,0,0
1833,15,1,0,0
1834,96,1,0,0
1835,60,1,0,0
1836,38,1,0,0
1837,18,1,0,0
1838,49,1,0,0
1839,135,1,0,0
1840,18,1,0,0
1841,46,1,0,0
1842,23,1,0,0
1843,132,1,0,0
1844,189,1,0,0
1845,31,1,0,0
1846,143,1,0,0
1847,247,1,0,0
1848,111,1,0,0
1849,39,1,0,0
1850,94,1,0,0
1851,46,1,0,0
1852,113,1,0,0
1853,72,1,0,0
1854,38,1,0,0
1855,97,1,0,0
1856,25,1,0,0
1857,34,1,0,0
1858,188,1,0,0
1859,45,1,0,0
1860,66,1,0,0
1861,75,1,0,0
1862,41,1,0,0
1863,65,1,0,0
1864,206,1,0,0
1865,61,1,0,0
1866,75,1,0,0
1867,53,1,0,0
1868,83,1,0,0
1869,21,1,0,0
1870,16,1,0,0
1871,85,1,0,0
1872,37,1,0,0
1873,21,1,0,0
1874,84,1,0,0
1875,23,1,0,0
1876,72,1,0,0
1877,73,1,0,0
1878,149,1,0,0
1879,32,1,0,0
1880,28,1,0,0
1881,51,1,0,0
1882,37,1,0,0
1883,23,1,0,0
1884,36,1,0,0
1885,57,1,0,0
1886,20,1,0,0
1887,42,1,0,0
1888,25,1,0,0
1889,21,1,0,0
1890,68,1,0,0
1891,80,1,0,0
1892,46,1,0,0
1893,16,1,0,0
1894,98,1,0,0
1895,54,1,0,0
1896,31,1,0,0
1897,113,1,0,0
1898,15,1,0,0
1899,67,1,0,0
1900,48,1,0,0
1901,66,1,0,0
1902,38,1,0,0
1903,17,1,0,0
1904,81,1,0,0
1905,168,1,0,0
1906,93,1,0,0
1907,69,1,0,0
1908,63,1,0,0
1909,129,1,0,0
1910,121,1,0,0
1911,91,1,0,0
1912,83,1,0,0
1913,71,1,0,0
1914,33,1,0,0
1915,29,1,0,0
1916,85,1,0,0
1917,18,1,0,0
1918,109,1,0,0
1919,276,1,0,0
1920,178,1,0,0
1921,76,1,0,0
1922,62,1,0,0
1923,179,1,0,0
1924,65,1,0,0
1925,88,1,0,0
1926,61,1,0,0
1927,47,1,0,0
1928,60,1,0,0
1929,130,1,0,0
1930,115,1,0,0
1931,88,1,0,0
1932,126,1,0,0
1933,101,1,0,0
1934,38,1,0,0
1935,24,1,0,0
1936,222,1,0,0
1937,51,1,0,0
1938,29,1,0,0
1939,35,1,0,0
1940,103,1,0,0
1941,63,1,0,0
1942,62,1,0,0
1943,17,1,0,0
1944,24,1,0,0
1945,84,1,0,0
1946,105,1,0,0
1947,71,1,0,0
1948,90,1,0,0
1949,209,1,0,0
1950,97,1,0,0
1951,66,1,0,0
1952,63,1,0,0
1953,112,1,0,0
1954,30,1,0,0
1955,41,1,0,0
1956,72,1,0,0
1957,18,1,0,0
1958,47,1,0,0
1959,19,1,0,0
1960,18,1,0,0
1961,176,1,0,0
1962,151,1,0,0
1963,37,1,0,0
1964,260,1,0,0
1965,27,1,0,0
1966,61,1,0,0
1967,215,1,0,0
1968,15,1,0,0
1969,26,1,0,0
1970,62,1,0,0
1971,39,1,0,0
1972,38,1,0,0
1973,38,1,0,0
1974,148,1,0,0
1975,38,1,0,0
1976,58,1,0,0
1977,70,1,0,0
1978,32,1,0,0
1979,43,1,0,0
1980,107,1,0,0
1981,62,1,0,0
1982,61,1,0,0
1983,122,1,0,0
1984,55,1,0,0
1985,40,1,0,0
1986,59,1,0,0
1987,48,1,0,0
1988,32,1,0,0
1989,92,1,0,0
1990,121,1,0,0
1991,50,1,0,0
1992,107,1,0,0
1993,47,1,0,0
1994,18,1,0,0
1995,68,1,0,0
1996,36,1,0,0
1997,158,1,0,0
1998,76,1,0,0
1999,93,1,0,0
2000,126,1,0,0
2001,29,1,0,0
2002,41,1,0,0
2003,34,1,0,0
2004,71,1,0,0
2005,48,1,0,0
2006,31,1,0,0
2007,19,1,0,0
2008,23,1,0,0
2009,82,1,0,0
2010,61,1,0,0
2011,19,1,0,0
2012,97,1,0,0
2013,43,1,0,0
2014,156,1,0,0
2015,25,1,0,0
2016,34,1,0,0
2017,67,1,0,0
2018,31,1,0,0
2019,82,1,0,0
2020,98,1,0,0
2021,60,1,0,0
2022,51,1,0,0
2023,42,1,0,0
2024,73,1,0,0
2025,47,1,0,0
2026,28,1,0,0
2027,34,1,0,0
2028,60,1,0,0
2029,31,1,0,0
2030,42,1,0,0
2031,57,1,0,0
2032,18,1,0,0
2033,33,1,0,0
2034,95,1,0,0
2035,34,1,0,0
2036,68,1,0,0
2037,66,1,0,0
2038,51,1,0,0
2039,100,1,0,0
2040,94,1,0,0
2041,171,1,0,0
2042,22,1,0,0
2043,42,1,0,0
2044,80,1,0,0
2045,265,1,0,0
2046,42,1,0,0
2047,82,1,0,0
2048,64,1,0,0
2049,66,1,0,0
2050,19,1,0,0
2051,40,1,0,0
2052,85,1,0,0
2053,82,1,0,0
2054,61,1,0,0
2055,23,1,0,0
2056,192,1,0,0
2057,13,1,0,0
2058,41,1,0,0
2059,63,1,0,0
2060,192,1,0,0
2061,59,1,0,0
2062,15,1,0,0
2063,11,1,0,0
2064,43,1,0,0
2065,10,1,0,0
2066,47,1,0,0
2067,48,1,0,0
2068,133,1,0,0
2069,59,1,0,0
2070,188,1,0,0
2071,17,1,0,0
2072,50,1,0,0
2073,100,1,0,0
2074,299,1,0,0
2075,51,1,0,0
2076,19,1,0,0
2077,83,1,0,0
2078,256,1,0,0
2079,126,1,0,0
2080,39,1,0,0
2081,94,1,0,0
2082,25,1,0,0
2083,149,1,0,0
2084,53,1,0,0
2085,67,1,0,0
2086,65,1,0,0
2087,37,1,0,0
2088,67,1,0,0
2089,173,1,0,0
2090,55,1,0,0
2091,134,1,0,0
2092,46,1,0,0
2093,51,1,0,0
2094,88,1,0,0
2095,121,1,0,0
2096,61,1,0,0
2097,65,1,0,0
2098,23,1,0,0
2099,48,1,0,0
2100,50,1,0,0
2101,26,1,0,0
2102,88,1,0,0
2103,146,1,0,0
2104,176,1,0,0
2105,297,1,0,0
2106,105,1,0,0
2107,74,1,0,0
2108,83,1,0,0
2109,218,1,0,0
2110,109,1,0,0
2111,99,1,0,0
2112,53,1,0,0
2113,38,1,0,0
2114,120,1,0,0
2115,67,1,0,0
2116,33,1,0,0
2117,20,1,0,0
2118,37,1,0,0
2119,108,1,0,0
2120,58,1,0,0
2121,72,1,0,0
2122,39,1,0,0
2123,36,1,0,0
2124,83,1,0,0
2125,83,1,0,0
2126,113,1,0,0
2127,66,1,0,0
2128,144,1,0,0
2129,22,1,0,0
2130,123,1,0,0
2131,14,1,0,0
2132,102,1,0,0
2133,147,1,0,0
2134,46,1,0,0
2135,115,1,0,0
2136,101,1,0,0
2137,101,1,0,0
2138,109,1,0,0
2139,37,1,0,0
2140,31,1,0,0
2141,88,1,0,0
2142,119,1,0,0
2143,98,1,0,0
2144,35,1,0,0
2145,8,1,0,0
2146,29,1,0,0
2147,95,1,0,0
2148,84,1,0,0
2149,39,1,0,0
2150,12,1,0,0
2151,40,1,0,0
2152,62,1,0,0
2153,32,1,0,0
2154,17,1,0,0
2155,58,1,0,0
2156,58,1,0,0
2157,62,1,0,0
2158,19,1,0,0
2159,32,1,0,0
2160,54,1,0,0
2161,54,1,0,0
2162,23,1,0,0
2163,73,1,0,0
2164,9,1,0,0
2165,136,1,0,0
2166,78,1,0,0
2167,205,1,0,0
2168,123,1,0,0
2169,31,1,0,0
2170,52,1,0,0
2171,73,1,0,0
2172,58,1,0,0
2173,42,1,0,0
2174,22,1,0,0
2175,91,1,0,0
2176,15,1,0,0
2177,84,1,0,0
2178,11,1,0,0
2179,165,1,0,0
2180,34,1,0,0
2181,97,1,0,0
2182,52,1,0,0
2183,45,1,0,0
2184,53,1,0,0
2185,85,1,0,0
2186,14,1,0,0
2187,82,1,0,0
2188,87,1,0,0
2189,30,1,0,0
2190,38,1,0,0
2191,58,1,0,0
2192,48,1,0,0
2193,68,1,0,0
2194,101,1,0,0
2195,23,1,0,0
2196,87,1,0,0
2197,44,1,0,0
2198,62,1,0,0
2199,68,1,0,0
2200,31,1,0,0
2201,126,1,0,0
2202,45,1,0,0
2203,41,1,0,0
2204,30,1,0,0
2205,34,1,0,0
2206,77,1,0,0
2207,31,1,0,0
2208,20,1,0,0
2209,63,1,0,0
2210,75,1,0,0
2211,107,1,0,0
2212,33,1,0,0
2213,269,1,0,0
2214,31,1,0,0
2215,153,1,0,0
2216,68,1,0,0
2217,74,1,0,0
2218,23,1,0,0
2219,34,1,0,0
2220,53,1,0,0
2221,103,1,0,0
2222,45,1,0,0
2223,77,1,0,0
2224,68,1,0,0
2225,54,1,0,0
2226,22,1,0,0
2227,13,1,0,0
2228,15,1,0,0
2229,41,1,0,0
2230,129,1,0,0
2231,66,1,0,0
2232,91,1,0,0
2233,102,1,0,0
2234,11,1,0,0
2235,17,1,0,0
2236,127,1,0,0
2237,81,1,0,0
2238,31,1,0,0
2239,76,1,0,0
2240,115,1,0,0
2241,78,1,0,0
2242,162,1,0,0
2243,114,1,0,0
2244,54,1,0,0
2245,45,1,0,0
2246,39,1,0,0
2247,54,1,0,0
2248,43,1,0,0
2249,52,1,0,0
2250,99,1,0,0
2251,91,1,0,0
2252,50,1,0,0
2253,57,1,0,0
2254,31,1,0,0
2255,102,1,0,0
2256,20,1,0,0
2257,125,1,0,0
2258,15,1,0,0
2259,78,1,0,0
2260,34,1,0,0
2261,41,1,0,0
2262,10,1,0,0
2263,147,1,0,0
2264,158,1,0,0
2265,43,1,0,0
2266,16,1,0,0
2267,119,1,0,0
2268,184,1,0,0
2269,68,1,0,0
2270,40,1,0,0
2271,192,1,0,0
2272,58,1,0,0
2273,106,1,0,0
2274,40,1,0,0
2275,17,1,0,0
2276,38,1,0,0
2277,42,1,0,0
2278,19,1,0,0
2279,28,1,0,0
2280,29,1,0,0
2281,48,1,0,0
2282,23,1,0,0
2283,70,1,0,0
2284,31,1,0,0
2285,39,1,0,0
2286,41,1,0,0
2287,42,1,0,0
2288,51,1,0,0
2289,30,1,0,0
2290,39,1,0,0
2291,35,1,0,0
2292,154,1,0,0
2293,162,1,0,0
2294,61,1,0,0
2295,60,1,0,0
2296,80,1,0,0
2297,149,1,0,0
2298,28,1,0,0
2299,30,1,0,0
2300,59,1,0,0
2301,23,1,0,0
2302,30,1,0,0
2303,96,1,0,0
2304,40,1,0,0
2305,170,1,0,0
2306,159,1,0,0
2307,33,1,0,0
2308,84,1,0,0
2309,23,1,0,0
2310,145,1,0,0
2311,131,1,0,0
2312,42,1,0,0
2313,25,1,0,0
2314,32,1,0,0
2315,164,1,0,0
2316,22,1,0,0
2317,54,1,0,0
2318,84,1,0,0
2319,137,1,0,0
2320,204,1,0,0
2321,12,1,0,0
2322,92,1,0,0
2323,75,1,0,0
2324,62,1,0,0
2325,47,1,0,0
2326,53,1,0,0
2327,165,1,0,0
2328,93,1,0,0
2329,62,1,0,0
2330,63,1,0,0
2331,195,1,0,0
2332,21,1,0,0
2333,38,1,0,0
2334,24,1,0,0
2335,141,1,0,0
2336,45,1,0,0
2337,15,1,0,0
2338,42,1,0,0
2339,74,1,0,0
2340,17,1,0,0
2341,124,1,0,0
2342,49,1,0,0
2343,64,1,0,0
2344,23,1,0,0
2345,11,1,0,0
2346,260,1,0,0
2347,31,1,0,0
2348,76,1,0,0
2349,11,1,0,0
2350,159,1,0,0
2351,33,1,0,0
2352,154,1,0,0
2353,71,1,0,0
2354,116,1,0,0
2355,29,1,0,0
2356,53,1,0,0
2357,70,1,0,0
2358,138,1,0,0
2359,26,1,0,0
2360,67,1,0,0
2361,66,1,0,0
2362,48,1,0,0
2363,58,1,0,0
2364,27,1,0,0
2365,130,1,0,0
2366,123,1,0,0
2367,24,1,0,0
2368,17,1,0,0
2369,63,1,0,0
2370,191,1,0,0
2371,19,1,0,0
2372,117,1,0,0
2373,142,1,0,0
2374,25,1,0,0
2375,211,1,0,0
2376,98,1,0,0
2377,56,1,0,0
2378,116,1,0,0
2379,51,1,0,0
2380,125,1,0,0
2381,60,1,0,0
2382,103,1,0,0
2383,55,1,0,0
2384,52,1,0,0
2385,108,1,0,0
2386,34,1,0,0
2387,29,1,0,0
2388,61,1,0,0
2389,29,1,0,0
2390,84,1,0,0
2391,82,1,0,0
2392,37,1,0,0
2393,63,1,0,0
2394,70,1,0,0
2395,28,1,0,0
2396,37,1,0,0
2397,28,1,0,0
2398,173,1,0,0
2399,18,1,0,0
2400,28,1,0,0
2401,15,1,0,0
2402,10,1,0,0
2403,121,1,0,0
2404,45,1,0,0
2405,149,1,0,0
2406,41,1,0,0
2407,90,1,0,0
2408,48,1,0,0
2409,58,1,0,0
2410,41,1,0,0
2411,52,1,0,0
2412,132,1,0,0
2413,38,1,0,0
2414,10,1,0,0
2415,17,1,0,0
2416,56,1,0,0
2417,63,1,0,0
2418,100,1,0,0
2419,179,1,0,0
2420,61,1,0,0
2421,44,1,0,0
2422,23,1,0,0
2423,98,1,0,0
2424,219,1,0,0
2425,79,1,0,0
2426,43,1,0,0
2427,70,1,0,0
2428,13,1,0,0
2429,93,1,0,0
2430,101,1,0,0
2431,16,1,0,0
2432,19,1,0,0
2433,44,1,0,0
2434,23,1,0,0
2435,222,1,0,0
2436,39,1,0,0
2437,52,1,0,0
2438,36,1,0,0
2439,97,1,0,0
2440,63,1,0,0
2441,25,1,0,0
2442,92,1,0,0
2443,41,1,0,0
2444,48,1,0,0
2445,48,1,0,0
2446,38,1,0,0
2447,21,1,0,0
2448,22,1,0,0
2449,98,1,0,0
2450,20,1,0,0
2451,84,1,0,0
2452,13,1,0,0
2453,14,1,0,0
2454,28,1,0,0
2455,50,1,0,0
2456,365,1,0,0
2457,41,1,0,0
2458,124,1,0,0
2459,22,1,0,0
2460,74,1,0,0
2461,37,1,0,0
2462,40,1,0,0
2463,32,1,0,0
2464,58,1,0,0
2465,118,1,0,0
2466,39,1,0,0
2467,75,1,0,0
2468,78,1,0,0
2469,37,1,0,0
2470,66,1,0,0
2471,69,1,0,0
2472,38,1,0,0
2473,52,1,0,0
2474,76,1,0,0
2475,81,1,0,0
2476,36,1,0,0
2477,44,1,0,0
2478,76,1,0,0
2479,34,1,0,0
2480,87,1,0,0
2481,74,1,0,0
2482,25,1,0,0
2483,32,1,0,0
2484,69,1,0,0
2485,76,1,0,0
2486,32,1,0,0
2487,37,1,0,0
2488,72,1,0,0
2489,98,1,0,0
2490,72,1,0,0
2491,22,1,0,0
2492,110,1,0,0
2493,61,1,0,0
2494,34,1,0,0
2495,41,1,0,0
2496,46,1,0,0
2497,67,1,0,0
2498,24,1,0,0
2499,42,1,0,0
2500,66,1,0,0
2501,114,1,0,0
2502,59,1,0,0
2503,21,1,0,0
2504,176,1,0,0
2505,324,1,0,0
2506,137,1,0,0
2507,38,1,0,0
2508,50,1,0,0
2509,95,1,0,0
2510,78,1,0,0
2511,153,1,0,0
2512,53,1,0,0
2513,50,1,0,0
2514,92,1,0,0
2515,24,1,0,0
2516,150,1,0,0
2517,59,1,0,0
2518,38,1,0,0
2519,75,1,0,0
2520,138,1,0,0
2521,13,1,0,0
2522,198,1,0,0
2523,57,1,0,0
2524,62,1,0,0
2525,177,1,0,0
2526,24,1,0,0
2527,53,1,0,0
2528,25,1,0,0
2529,173,1,0,0
2530,132,1,0,0
2531,111,1,0,0
2532,128,1,0,0
2533,81,1,0,0
2534,46,1,0,0
2535,59,1,0,0
2536,139,1,0,0
2537,19,1,0,0
2538,39,1,0,0
2539,37,1,0,0
2540,31,1,0,0
2541,193,1,0,0
2542,32,1,0,0
2543,60,1,0,0
2544,37,1,0,0
2545,69,1,0,0
2546,76,1,0,0
2547,119,1,0,0
2548,64,1,0,0
2549,29,1,0,0
2550,27,1,0,0
2551,45,1,0,0
2552,35,1,0,0
2553,74,1,0,0
2554,31,1,0,0
2555,55,1,0,0
2556,38,1,0,0
2557,138,1,0,0
2558,39,1,0,0
2559,139,1,0,0
2560,36,1,0,0
2561,59,1,0,0
2562,77,1,0,0
2563,18,1,0,0
2564,88,1,0,0
2565,45,1,0,0
2566,8,1,0,0
2567,40,1,0,0
2568,50,1,0,0
2569,95,1,0,0
2570,159,1,0,0
2571,47,1,0,0
2572,101,1,0,0
2573,226,1,0,0
2574,29,1,0,0
2575,79,1,0,0
2576,21,1,0,0
2577,30,1,0,0
2578,146,1,0,0
2579,21,1,0,0
2580,127,1,0,0
2581,39,1,0,0
2582,98,1,0,0
2583,60,1,0,0
2584,107,1,0,0
2585,70,1,0,0
2586,20,1,0,0
2587,59,1,0,0
2588,173,1,0,0
2589,78,1,0,0
2590,211,1,0,0
2591,40,1,0,0
2592,24,1,0,0
2593,138,1,0,0
2594,55,1,0,0
2595,119,1,0,0
2596,37,1,0,0
2597,29,1,0,0
2598,34,1,0,0
2599,67,1,0,0
2600,57,1,0,0
2601,38,1,0,0
2602,16,1,0,0
2603,101,1,0,0
2604,75,1,0,0
2605,102,1,0,0
2606,35,1,0,0
2607,144,1,0,0
2608,39,1,0,0
2609,68,1,0,0
2610,172,1,0,0
2611,36,1,0,0
2612,68,1,0,0
2613,41,1,0,0
2614,83,1,0,0
2615,79,1,0,0
2616,23,1,0,0
2617,64,1,0,0
2618,92,1,0,0
2619,99,1,0,0
2620,85,1,0,0
2621,29,1,0,0
2622,15,1,0,0
2623,64,1,0,0
2624,10,1,0,0
2625,30,1,0,0
2626,40,1,0,0
2627,121,1,0,0
2628,33,1,0,0
2629,30,1,0,0
2630,38,1,0,0
2631,177,1,0,0
2632,38,1,0,0
2633,29,1,0,0
2634,198,1,0,0
2635,159,1,0,0
2636,42,1,0,0
2637,107,1,0,0
2638,39,1,0,0
2639,49,1,0,0
2640,168,1,0,0
2641,75,1,0,0
2642,138,1,0,0
2643,72,1,0,0
2644,71,1,0,0
2645,82,1,0,0
2646,80,1,0,0
2647,62,1,0,0
2648,20,1,0,0
2649,121,1,0,0
2650,45,1,0,0
2651,49,1,0,0
2652,117,1,0,0
2653,44,1,0,0
2654,104,1,0,0
2655,65,1,0,0
2656,84,1,0,0
2657,29,1,0,0
2658,43,1,0,0
2659,13,1,0,0
2660,89,1,0,0
2661,23,1,0,0
2662,49,1,0,0
2663,181,1,0,0
2664,57,1,0,0
2665,40,1,0,0
2666,102,1,0,0
2667,138,1,0,0
2668,31,1,0,0
2669,34,1,0,0
2670,82,1,0,0
2671,70,1,0,0
2672,64,1,0,0
2673,125,1,0,0
2674,242,1,0,0
2675,71,1,0,0
2676,76,1,0,0
2677,31,1,0,0
2678,24,1,0,0
2679,145,1,0,0
2680,62,1,0,0
2681,32,1,0,0
2682,115,1,0,0
2683,94,1,0,0
2684,81,1,0,0
2685,148,1,0,0
2686,68,1,0,0
2687,23,1,0,0
2688,148,1,0,0
2689,102,1,0,0
2690,106,1,0,0
2691,24,1,0,0
2692,65,1,0,0
2693,40,1,0,0
2694,24,1,0,0
2695,153,1,0,0
2696,135,1,0,0
2697,40,1,0,0
2698,61,1,0,0
2699,66,1,0,0
2700,40,1,0,0
2701,85,1,0,0
2702,52,1,0,0
2703,128,1,0,0
2704,26,1,0,0
2705,75,1,0,0
2706,103,1,0,0
2707,53,1,0,0
2708,174,1,0,0
2709,41,1,0,0
2710,162,1,0,0
2711,52,1,0,0
2712,43,1,0,0
2713,77,1,0,0
2714,81,1,0,0
2715,99,1,0,0
2716,69,1,0,0
2717,63,1,0,0
2718,156,1,0,0
2719,27,1,0,0
2720,66,1,0,0
2721,34,1,0,0
2722,33,1,0,0
2723,21,1,0,0
2724,107,1,0,0
2725,59,1,0,0
2726,20,1,0,0
2727,60,1,0,0
2728,13,1,0,0
2729,22,1,0,0
2730,68,1,0,0
2731,91,1,0,0
2732,47,1,0,0
2733,20,1,0,0
2734,28,1,0,0
2735,48,1,0,0
2736,47,1,0,0
2737,97,1,0,0
2738,99,1,0,0
2739,91,1,0,0
2740,161,1,0,0
2741,118,1,0,0
2742,99,1,0,0
2743,20,1,0,0
2744,117,1,0,0
2745,35,1,0,0
2746,75,1,0,0
2747,90,1,0,0
2748,147,1,0,0
2749,45,1,0,0
2750,143,1,0,0
2751,51,1,0,0
2752,67,1,0,0
2753,35,1,0,0
2754,85,1,0,0
2755,45,1,0,0
2756,119,1,0,0
2757,108,1,0,0
2758,32,1,0,0
2759,30,1,0,0
2760,28,1,0,0
2761,163,1,0,0
2762,85,1,0,0
2763,31,1,0,0
2764,21,1,0,0
2765,40,1,0,0
2766,23,1,0,0
2767,34,1,0,0
2768,12,1,0,0
2769,83,1,0,0
2770,65,1,0,0
2771,132,1,0,0
2772,38,1,0,0
2773,7,1,0,0
2774,148,1,0,0
2775,48,1,0,0
2776,66,1,0,0
2777,27,1,0,0
2778,64,1,0,0
2779,51,1,0,0
2780,21,1,0,0
2781,128,1,0,0
2782,38,1,0,0
2783,14,1,0,0
2784,139,1,0,0
2785,33,1,0,0
2786,20,1,0,0
2787,67,1,0,0
2788,27,1,0,0
2789,64,1,0,0
2790,92,1,0,0
2791,115,1,0,0
2792,31,1,0,0
2793,17,1,0,0
2794,54,1,0,0
2795,98,1,0,0
2796,119,1,0,0
2797,100,1,0,0
2798,224,1,0,0
2799,89,1,0,0
2800,100,1,0,0
2801,52,1,0,0
2802,17,1,0,0
2803,89,1,0,0
2804,90,1,0,0
2805,59,1,0,0
2806,44,1,0,0
2807,36,1,0,0
2808,122,1,0,0
2809,14,1,0,0
2810,90,1,0,0
2811,81,1,0,0
2812,23,1,0,0
2813,24,1,0,0
2814,50,1,0,0
2815,63,1,0,0
2816,29,1,0,0
2817,47,1,0,0
2818,35,1,0,0
2819,45,1,0,0
2820,40,1,0,0
2821,51,1,0,0
2822,52,1,0,0
2823,88,1,0,0
2824,91,1,0,0
2825,87,1,0,0
2826,32,1,0,0
2827,31,1,0,0
2828,49,1,0,0
2829,105,1,0,0
2830,33,1,0,0
2831,62,1,0,0
2832,25,1,0,0
2833,63,1,0,0
2834,48,1,0,0
2835,50,1,0,0
2836,17,1,0,0
2837,16,1,0,0
2838,160,1,0,0
2839,31,1,0,0
2840,105,1,0,0
2841,28,1,0,0
2842,93,1,0,0
2843,42,1,0,0
2844,33,1,0,0
2845,150,1,0,0
2846,12,1,0,0
2847,24,1,0,0
2848,54,1,0,0
2849,64,1,0,0
2850,45,1,0,0
2851,22,1,0,0
2852,139,1,0,0
2853,138,1,0,0
2854,72,1,0,0
2855,62,1,0,0
2856,25,1,0,0
2857,119,1,0,0
2858,50,1,0,0
2859,43,1,0,0
2860,74,1,0,0
2861,18,1,0,0
2862,89,1,0,0
2863,86,1,0,0
2864,229,1,0,0
2865,23,1,0,0
2866,35,1,0,0
2867,57,1,0,0
2868,14,1,0,0
2869,49,1,0,0
2870,135,1,0,0
2871,40,1,0,0
2872,63,1,0,0
2873,45,1,0,0
2874,25,1,0,0
2875,106,1,0,0
2876,22,1,0,0
2877,63,1,0,0
2878,264,1,0,0
2879,130,1,0,0
2880,72,1,0,0
2881,31,1,0,0
2882,66,1,0,0
2883,12,1,0,0
2884,91,1,0,0
2885,13,1,0,0
2886,48,1,0,0
2887,60,1,0,0
2888,95,1,0,0
2889,71,1,0,0
2890,117,1,0,0
2891,66,1,0,0
2892,49,1,0,0
2893,23,1,0,0
2894,146,1,0,0
2895,81,1,0,0
2896,71,1,0,0
2897,37,1,0,0
2898,44,1,0,0
2899,52,1,0,0
2900,55,1,0,0
2901,149,1,0,0
2902,152,1,0,0
2903,49,1,0,0
2904,75,1,0,0
2905,36,1,0,0
2906,45,1,0,0
2907,75,1,0,0
2908,34,1,0,0
2909,49,1,0,0
2910,13,1,0,0
2911,38,1,0,0
2912,23,1,0,0
2913,102,1,0,0
2914,40,1,0,0
2915,44,1,0,0
2916,11,1,0,0
2917,26,1,0,0
2918,123,1,0,0
2919,18,1,0,0
2920,104,1,0,0
2921,161,1,0,0
2922,76,1,0,0
2923,47,1,0,0
2924,18,1,0,0
2925,45,1,0,0
2926,191,1,0,0
2927,133,1,0,0
2928,74,1,0,0
2929,87,1,0,0
2930,17,1,0,0
2931,26,1,0,0
2932,41,1,0,0
2933,28,1,0,0
2934,109,1,0,0
2935,46,1,0,0
2936,87,1,0,0
2937,46,1,0,0
2938,167,1,0,0
2939,69,1,0,0
2940,90,1,0,0
2941,22,1,0,0
2942,70,1,0,0
2943,20,1,0,0
2944,102,1,0,0
2945,20,1,0,0
2946,118,1,0,0
2947,94,1,0,0
2948,92,1,0,0
2949,24,1,0,0
2950,146,1,0,0
2951,36,1,0,0
2952,7,1,0,0
2953,31,1,0,0
2954,32,1,0,0
2955,59,1,0,0
2956,39,1,0,0
2957,10,1,0,0
2958,18,1,0,0
2959,69,1,0,0
2960,46,1,0,0
2961,100,1,0,0
2962,144,1,0,0
2963,113,1,0,0
2964,61,1,0,0
2965,77,1,0,0
2966,46,1,0,0
2967,176,1,0,0
2968,24,1,0,0
2969,52,1,0,0
2970,105,1,0,0
2971,13,1,0,0
2972,73,1,0,0
2973,153,1,0,0
2974,100,1,0,0
2975,50,1,0,0
2976,101,1,0,0
2977,91,1,0,0
2978,29,1,0,0
2979,42,1,0,0
2980,56,1,0,0
2981,183,1,0,0
2982,10,1,0,0
2983,16,1,0,0
2984,69,1,0,0
2985,26,1,0,0
2986,88,1,0,0
2987,243,1,0,0
2988,32,1,0,0
2989,201,1,0,0
2990,24,1,0,0
2991,173,1,0,0
2992,97,1,0,0
2993,66,1,0,0
2994,99,1,0,0
2995,83,1,0,0
2996,118,1,0,0
2997,12,1,0,0
2998,86,1,0,0
2999,46,1,0,0
3000,58,1,0,0
3001,15,1,0,0
3002,42,1,0,0
3003,48,1,0,0
3004,133,1,0,0
3005,93,1,0,0
3006,91,1,0,0
3007,25,1,0,0
3008,25,1,0,0
3009,37,1,0,0
3010,44,1,0,0
3011,20,1,0,0
3012,29,1,0,0
3013,43,1,0,0
3014,85,1,0,0
3015,126,1,0,0
3016,31,1,0,0
3017,16,1,0,0
3018,133,1,0,0
3019,137,1,0,0
3020,219,1,0,0
3021,39,1,0,0
3022,34,1,0,0
3023,98,1,0,0
3024,17,1,0,0
3025,108,1,0,0
3026,113,1,0,0
3027,162,1,0,0
3028,38,1,0,0
3029,56,1,0,0
3030,18,1,0,0
3031,39,1,0,0
3032,46,1,0,0
3033,27,1,0,0
3034,71,1,0,0
3035,62,1,0,0
3036,73,1,0,0
3037,27,1,0,0
3038,42,1,0,0
3039,95,1,0,0
3040,20,1,0,0
3041,67,1,0,0
3042,42,1,0,0
3043,11,1,0,0
3044,70,1,0,0
3045,37,1,0,0
3046,188,1,0,0
3047,54,1,0,0
3048,89,1,0,0
3049,65,1,0,0
3050,79,1,0,0
3051,146,1,0,0
3052,119,1,0,0
3053,50,1,0,0
3054,53,1,0,0
3055,108,1,0,0
3056,26,1,0,0
3057,43,1,0,0
3058,21,1,0,0
3059,93,1,0,0
3060,79,1,0,0
3061,39,1,0,0
3062,81,1,0,0
3063,69,1,0,0
3064,109,1,0,0
3065,80,1,0,0
3066,244,1,0,0
3067,93,1,0,0
3068,67,1,0,0
3069,55,1,0,0
3070,89,1,0,0
3071,27,1,0,0
3072,30,1,0,0
3073,32,1,0,0
3074,114,1,0,0
3075,81,1,0,0
3076,78,1,0,0
3077,61,1,0,0
3078,91,1,0,0
3079,28,1,0,0
3080,44,1,0,0
3081,63,1,0,0
3082,66,1,0,0
3083,182,1,0,0
3084,90,1,0,0
3085,19,1,0,0
3086,130,1,0,0
3087,130,1,0,0
3088,28,1,0,0
3089,46,1,0,0
3090,32,1,0,0
3091,36,1,0,0
3092,72,1,0,0
3093,8,1,0,0
3094,107,1,0,0
3095,96,1,0,0
3096,33,1,0,0
3097,137,1,0,0
3098,43,1,0,0
3099,97,1,0,0
3100,34,1,0,0
3101,148,1,0,0
3102,17,1,0,0
3103,83,1,0,0
3104,21,1,0,0
3105,78,1,0,0
3106,9,1,0,0
3107,75,1,0,0
3108,26,1,0,0
3109,52,1,0,0
3110,104,1,0,0
3111,132,1,0,0
3112,116,1,0,0
3113,25,1,0,0
3114,65,1,0,0
3115,108,1,0,0
3116,56,1,0,0
3117,136,1,0,0
3118,64,1,0,0
3119,37,1,0,0
3120,239,1,0,0
3121,73,1,0,0
3122,52,1,0,0
3123,186,1,0,0
3124,59,1,0,0
3125,31,1,0,0
3126,90,1,0,0
3127,90,1,0,0
3128,24,1,0,0
3129,93,1,0,0
3130,114,1,0,0
3131,45,1,0,0
3132,133,1,0,0
3133,24,1,0,0
3134,37,1,0,0
3135,68,1,0,0
3136,31,1,0,0
3137,76,1,0,0
3138,92,1,0,0
3139,61,1,0,0
3140,35,1,0,0
3141,23,1,0,0
3142,104,1,0,0
3143,111,1,0,0
3144,66,1,0,0
3145,28,1,0,0
3146,162,1,0,0
3147,37,1,0,0
3148,89,1,0,0
3149,149,1,0,0
3150,41,1,0,0
3151,17,1,0,0
3152,119,1,0,0
3153,46,1,0,0
3154,97,1,0,0
3155,37,1,0,0
3156,98,1,0,0
3157,59,1,0,0
3158,167,1,0,0
3159,105,1,0,0
3160,18,1,0,0
3161,49,1,0,0
3162,106,1,0,0
3163,83,1,0,0
3164,82,1,0,0
3165,50,1,0,0
3166,53,1,0,0
3167,137,1,0,0
3168,63,1,0,0
3169,42,1,0,0
3170,70,1,0,0
3171,62,1,0,0
3172,54,1,0,0
3173,140,1,0,0
3174,80,1,0,0
3175,199,1,0,0
3176,143,1,0,0
3177,43,1,0,0
3178,55,1,0,0
3179,11,1,0,0
3180,43,1,0,0
3181,189,1,0,0
3182,17,1,0,0
3183,27,1,0,0
3184,61,1,0,0
3185,57,1,0,0
3186,40,1,0,0
3187,26,1,0,0
3188,69,1,0,0
3189,83,1,0,0
3190,153,1,0,0
3191,47,1,0,0
3192,88,1,0,0
3193,93,1,0,0
3194,37,1,0,0
3195,54,1,0,0
3196,204,1,0,0
3197,75,1,0,0
3198,40,1,0,0
3199,79,1,0,0
3200,54,1,0,0
3201,60,1,0,0
3202,22,1,0,0
3203,61,1,0,0
3204,66,1,0,0
3205,17,1,0,0
3206,42,1,0,0
3207,26,1,0,0
3208,24,1,0,0
3209,9,1,0,0
3210,22,1,0,0
3211,43,1,0,0
3212,15,1,0,0
3213,118,1,0,0
3214,39,1,0,0
3215,41,1,0,0
3216,188,1,0,0
3217,103,1,0,0
3218,54,1,0,0
3219,110,1,0,0
3220,24,1,0,0
3221,97,1,0,0
3222,136,1,0,0
3223,35,1,0,0
3224,53,1,0,0
3225,57,1,0,0
3226,42,1,0,0
3227,29,1,0,0
3228,10,1,0,0
3229,102,1,0,0
3230,28,1,0,0
3231,23,1,0,0
3232,101,1,0,0
3233,60,1,0,0
3234,145,1,0,0
3235,96,1,0,0
3236,66,1,0,0
3237,61,1,0,0
3238,50,1,0,0
3239,42,1,0,0
3240,31,1,0,0
3241,251,1,0,0
3242,17,1,0,0
3243,15,1,0,0
3244,62,1,0,0
3245,86,1,0,0
3246,16,1,0,0
3247,75,1,0,0
3248,32,1,0,0
3249,43,1,0,0
3250,27,1,0,0
3251,116,1,0,0
3252,16,1,0,0
3253,70,1,0,0
3254,29,1,0,0
3255,94,1,0,0
3256,78,1,0,0
3257,61,1,0,0
3258,34,1,0,0
3259,38,1,0,0
3260,67,1,0,0
3261,43,1,0,0
3262,112,1,0,0
3263,24,1,0,0
3264,76,1,0,0
3265,121,1,0,0
3266,41,1,0,0
3267,55,1,0,0
3268,118,1,0,0
3269,48,1,0,0
3270,97,1,0,0
3271,35,1,0,0
3272,104,1,0,0
3273,110,1,0,0
3274,62,1,0,0
3275,75,1,0,0
3276,41,1,0,0
3277,98,1,0,0
3278,129,1,0,0
3279,74,1,0,0
3280,63,1,0,0
3281,110,1,0,0
3282,130,1,0,0
3283,102,1,0,0
3284,59,1,0,0
3285,49,1,0,0
3286,51,1,0,0
3287,30,1,0,0
3288,18,1,0,0
3289,105,1,0,0
3290,29,1,0,0
3291,34,1,0,0
3292,41,1,0,0
3293,148,1,0,0
3294,21,1,0,0
3295,152,1,0,0
3296,44,1,0,0
3297,76,1,0,0
3298,116,1,0,0
3299,31,1,0,0
3300,110,1,0,0
3301,62,1,0,0
3302,94,1,0,0
3303,91,1,0,0
3304,24,1,0,0
3305,141,1,0,0
3306,108,1,0,0
3307,71,1,0,0
3308,45,1,0,0
3309,16,1,0,0
3310,191,1,0,0
3311,42,1,0,0
3312,144,1,0,0
3313,179,1,0,0
3314,38,1,0,0
3315,175,1,0,0
3316,79,1,0,0
3317,95,1,0,0
3318,130,1,0,0
3319,28,1,0,0
3320,110,1,0,0
3321,21,1,0,0
3322,114,1,0,0
3323,43,1,0,0
3324,197,1,0,0
3325,49,1,0,0
3326,30,1,0,0
3327,29,1,0,0
3328,21,1,0,0
3329,39,1,0,0
3330,44,1,0,0
3331,16,1,0,0
3332,42,1,0,0
3333,16,1,0,0
3334,52,1,0,0
3335,152,1,0,0
3336,52,1,0,0
3337,25,1,0,0
3338,86,1,0,0
3339,46,1,0,0
3340,104,1,0,0
3341,83,1,0,0
3342,47,1,0,0
3343,41,1,0,0
3344,56,1,0,0
3345,18,1,0,0
3346,9,1,0,0
3347,35,1,0,0
3348,33,1,0,0
3349,101,1,0,0
3350,49,1,0,0
3351,24,1,0,0
3352,67,1,0,0
3353,41,1,0,0
3354,91,1,0,0
3355,9,1,0,0
3356,143,1,0,0
3357,15,1,0,0
3358,41,1,0,0
3359,58,1,0,0
3360,24,1,0,0
3361,48,1,0,0
3362,20,1,0,0
3363,104,1,0,0
3364,46,1,0,0
3365,57,1,0,0
3366,96,1,0,0
3367,38,1,0,0
3368,100,1,0,0
3369,111,1,0,0
3370,11,1,0,0
3371,82,1,0,0
3372,108,1,0,0
3373,148,1,0,0
3374,74,1,0,0
3375,45,1,0,0
3376,34,1,0,0
3377,111,1,0,0
3378,40,1,0,0
3379,69,1,0,0
3380,163,1,0,0
3381,100,1,0,0
3382,18,1,0,0
3383,46,1,0,0
3384,38,1,0,0
3385,88,1,0,0
3386,21,1,0,0
3387,40,1,0,0
3388,82,1,0,0
3389,80,1,0,0
3390,113,1,0,0
3391,38,1,0,0
3392,19,1,0,0
3393,77,1,0,0
3394,41,1,0,0
3395,41,1,0,0
3396,15,1,0,0
3397,13,1,0,0
3398,58,1,0,0
3399,42,1,0,0
3400,78,1,0,0
3401,164,1,0,0
3402,17,1,0,0
3403,158,1,0,0
3404,47,1,0,0
3405,77,1,0,0
3406,98,1,0,0
3407,24,1,0,0
3408,14,1,0,0
3409,73,1,0,0
3410,37,1,0,0
3411,36,1,0,0
3412,161,1,0,0
3413,82,1,0,0
3414,49,1,0,0
3415,91,1,0,0
3416,73,1,0,0
3417,38,1,0,0
3418,32,1,0,0
3419,29,1,0,0
3420,110,1,0,0
3421,99,1,0,0
3422,61,1,0,0
3423,44,1,0,0
3424,84,1,0,0
3425,149,1,0,0
3426,49,1,0,0
3427,151,1,0,0
3428,64,1,0,0
3429,95,1,0,0
3430,31,1,0,0
3431,33,1,0,0
3432,101,1,0,0
3433,80,1,0,0
3434,75,1,0,0
3435,27,1,0,0
3436,89,1,0,0
3437,166,1,0,0
3438,150,1,0,0
3439,62,1,0,0
3440,19,1,0,0
3441,65,1,0,0
3442,48,1,0,0
3443,35,1,0,0
3444,28,1,0,0
3445,64,1,0,0
3446,47,1,0,0
3447,57,1,0,0
3448,94,1,0,0
3449,99,1,0,0
3450,56,1,0,0
3451,23,1,0,0
3452,40,1,0,0
3453,64,1,0,0
3454,23,1,0,0
3455,83,1,0,0
3456,44,1,0,0
3457,123,1,0,0
3458,183,1,0,0
3459,75,1,0,0
3460,34,1,0,0
3461,98,1,0,0
3462,12,1,0,0
3463,50,1,0,0
3464,150,1,0,0
3465,95,1,0,0
3466,32,1,0,0
3467,22,1,0,0
3468,111,1,0,0
3469,13,1,0,0
3470,57,1,0,0
3471,38,1,0,0
3472,55,1,0,0
3473,73,1,0,0
3474,62,1,0,0
3475,109,1,0,0
3476,17,1,0,0
3477,171,1,0,0
3478,46,1,0,0
3479,64,1,0,0
3480,59,1,0,0
3481,131,1,0,0
3482,103,1,0,0
3483,46,1,0,0
3484,97,1,0,0
3485,36,1,0,0
3486,65,1,0,0
3487,81,1,0,0
3488,24,1,0,0
3489,44,1,0,0
3490,17,1,0,0
3491,28,1,0,0
3492,70,1,0,0
3493,63,1,0,0
3494,14,1,0,0
3495,38,1,0,0
3496,49,1,0,0
3497,92,1,0,0
3498,13,1,0,0
3499,38,1,0,0
3500,97,1,0,0
3501,25,1,0,0
3502,47,1,0,0
3503,58,1,0,0
3504,97,1,0,0
3505,97,1,0,0
3506,36,1,0,0
3507,22,1,0,0
3508,20,1,0,0
3509,74,1,0,0
3510,41,1,0,0
3511,39,1,0,0
3512,69,1,0,0
3513,49,1,0,0
3514,157,1,0,0
3515,38,1,0,0
3516,9,1,0,0
3517,99,1,0,0
3518,214,1,0,0
3519,49,1,0,0
3520,170,1,0,0
3521,58,1,0,0
3522,117,1,0,0
3523,59,1,0,0
3524,101,1,0,0
3525,44,1,0,0
3526,43,1,0,0
3527,98,1,0,0
3528,13,1,0,0
3529,227,1,0,0
3530,16,1,0,0
3531,59,1,0,0
3532,23,1,0,0
3533,72,1,0,0
3534,17,1,0,0
3535,27,1,0,0
3536,42,1,0,0
3537,70,1,0,0
3538,59,1,0,0
3539,39,1,0,0
3540,10,1,0,0
3541,27,1,0,0
3542,37,1,0,0
3543,122,1,0,0
3544,9,1,0,0
3545,59,1,0,0
3546,125,1,0,0
3547,25,1,0,0
3548,24,1,0,0
3549,48,1,0,0
3550,20,1,0,0
3551,87,1,0,0
3552,33,1,0,0
3553,80,1,0,0
3554,63,1,0,0
3555,65,1,0,0
3556,327,1,0,0
3557,35,1,0,0
3558,18,1,0,0
3559,77,1,0,0
3560,92,1,0,0
3561,16,1,0,0
3562,42,1,0,0
3563,151,1,0,0
3564,211,1,0,0
3565,150,1,0,0
3566,75,1,0,0
3567,60,1,0,0
3568,46,1,0,0
3569,19,1,0,0
3570,213,1,0,0
3571,43,1,0,0
3572,88,1,0,0
3573,60,1,0,0
3574,86,1,0,0
3575,36,1,0,0
3576,24,1,0,0
3577,170,1,0,0
3578,75,1,0,0
3579,103,1,0,0
3580,43,1,0,0
3581,126,1,0,0
3582,27,1,0,0
3583,79,1,0,0
3584,75,1,0,0
3585,86,1,0,0
3586,33,1,0,0
3587,60,1,0,0
3588,166,1,0,0
3589,76,1,0,0
3590,69,1,0,0
3591,58,1,0,0
3592,23,1,0,0
3593,53,1,0,0
3594,76,1,0,0
3595,67,1,0,0
3596,80,1,0,0
3597,87,1,0,0
3598,92,1,0,0
3599,105,1,0,0
3600,49,1,0,0
3601,146,1,0,0
3602,57,1,0,0
3603,150,1,0,0
3604,74,1,0,0
3605,16,1,0,0
3606,13,1,0,0
3607,11,1,0,0
3608,42,1,0,0
3609,25,1,0,0
3610,15,1,0,0
3611,52,1,0,0
3612,18,1,0,0
3613,42,1,0,0
3614,104,1,0,0
3615,102,1,0,0
3616,40,1,0,0
3617,49,1,0,0
3618,43,1,0,0
3619,47,1,0,0
3620,38,1,0,0
3621,84,1,0,0
3622,70,1,0,0
3623,45,1,0,0
3624,70,1,0,0
3625,80,1,0,0
3626,26,1,0,0
3627,13,1,0,0
3628,223,1,0,0
3629,45,1,0,0
3630,32,1,0,0
3631,171,1,0,0
3632,147,1,0,0
3633,54,1,0,0
3634,89,1,0,0
3635,52,1,0,0
3636,39,1,0,0
3637,35,1,0,0
3638,89,1,0,0
3639,36,1,0,0
3640,8,1,0,0
3641,296,1,0,0
3642,48,1,0,0
3643,38,1,0,0
3644,40,1,0,0
3645,127,1,0,0
3646,19,1,0,0
3647,51,1,0,0
3648,23,1,0,0
3649,32,1,0,0
3650,37,1,0,0
3651,59,1,0,0
3652,23,1,0,0
3653,33,1,0,0
3654,49,1,0,0
3655,77,1,0,0
3656,116,1,0,0
3657,101,1,0,0
3658,133,1,0,0
3659,78,1,0,0
3660,125,1,0,0
3661,65,1,0,0
3662,38,1,0,0
3663,76,1,0,0
3664,179,1,0,0
3665,50,1,0,0
3666,26,1,0,0
3667,39,1,0,0
3668,91,1,0,0
3669,81,1,0,0
3670,142,1,0,0
3671,108,1,0,0
3672,23,1,0,0
3673,32,1,0,0
3674,99,1,0,0
3675,7,1,0,0
3676,116,1,0,0
3677,71,1,0,0
3678,51,1,0,0
3679,54,1,0,0
3680,76,1,0,0
3681,38,1,0,0
3682,102,1,0,0
3683,50,1,0,0
3684,100,1,0,0
3685,104,1,0,0
3686,94,1,0,0
3687,63,1,0,0
3688,115,1,0,0
3689,71,1,0,0
3690,133,1,0,0
3691,25,1,0,0
3692,114,1,0,0
3693,23,1,0,0
3694,22,1,0,0
3695,34,1,0,0
3696,66,1,0,0
3697,73,1,0,0
3698,75,1,0,0
3699,192,1,0,0
3700,85,1,0,0
3701,17,1,0,0
3702,27,1,0,0
3703,34,1,0,0
3704,58,1,0,0
3705,139,1,0,0
3706,96,1,0,0
3707,23,1,0,0
3708,281,1,0,0
3709,48,1,0,0
3710,53,1,0,0
3711,68,1,0,0
3712,48,1,0,0
3713,34,1,0,0
3714,32,1,0,0
3715,45,1,0,0
3716,41,1,0,0
3717,117,1,0,0
3718,43,1,0,0
3719,53,1,0,0
3720,34,1,0,0
3721,200,1,0,0
3722,67,1,0,0
3723,44,1,0,0
3724,21,1,0,0
3725,134,1,0,0
3726,62,1,0,0
3727,49,1,0,0
3728,29,1,0,0
3729,27,1,0,0
3730,60,1,0,0
3731,18,1,0,0
3732,38,1,0,0
3733,69,1,0,0
3734,89,1,0,0
3735,25,1,0,0
3736,28,1,0,0
3737,63,1,0,0
3738,105,1,0,0
3739,24,1,0,0
3740,203,1,0,0
3741,77,1,0,0
3742,69,1,0,0
3743,41,1,0,0
3744,26,1,0,0
3745,10,1,0,0
3746,63,1,0,0
3747,132,1,0,0
3748,55,1,0,0
3749,59,1,0,0
3750,35,1,0,0
3751,81,1,0,0
3752,80,1,0,0
3753,48,1,0,0
3754,183,1,0,0
3755,140,1,0,0
3756,151,1,0,0
3757,28,1,0,0
3758,51,1,0,0
3759,62,1,0,0
3760,44,1,0,0
3761,23,1,0,0
3762,40,1,0,0
3763,42,1,0,0
3764,70,1,0,0
3765,51,1,0,0
3766,34,1,0,0
3767,56,1,0,0
3768,27,1,0,0
3769,10,1,0,0
3770,40,1,0,0
3771,27,1,0,0
3772,16,1,0,0
3773,25,1,0,0
3774,48,1,0,0
3775,13,1,0,0
3776,56,1,0,0
3777,152,1,0,0
3778,14,1,0,0
3779,55,1,0,0
3780,128,1,0,0
3781,215,1,0,0
3782,47,1,0,0
3783,29,1,0,0
3784,41,1,0,0
3785,161,1,0,0
3786,52,1,0,0
3787,74,1,0,0
3788,12,1,0,0
3789,130,1,0,0
3790,109,1,0,0
3791,90,1,0,0
3792,46,1,0,0
3793,213,1,0,0
3794,38,1,0,0
3795,23,1,0,0
3796,189,1,0,0
3797,101,1,0,0
3798,60,1,0,0
3799,84,1,0,0
3800,108,1,0,0
3801,115,1,0,0
3802,16,1,0,0
3803,51,1,0,0
3804,68,1,0,0
3805,36,1,0,0
3806,80,1,0,0
3807,42,1,0,0
3808,62,1,0,0
3809,52,1,0,0
3810,51,1,0,0
3811,25,1,0,0
3812,41,1,0,0
3813,51,1,0,0
3814,13,1,0,0
3815,25,1,0,0
3816,16,1,0,0
3817,87,1,0,0
3818,72,1,0,0
3819,168,1,0,0
3820,50,1,0,0
3821,106,1,0,0
3822,45,1,0,0
3823,44,1,0,0
3824,21,1,0,0
3825,41,1,0,0
3826,63,1,0,0
3827,35,1,0,0
3828,222,1,0,0
3829,53,1,0,0
3830,65,1,0,0
3831,48,1,0,0
3832,50,1,0,0
3833,49,1,0,0
3834,47,1,0,0
3835,11,1,0,0
3836,44,1,0,0
3837,29,1,0,0
3838,51,1,0,0
3839,20,1,0,0
3840,138,1,0,0
3841,135,1,0,0
3842,107,1,0,0
3843,143,1,0,0
3844,82,1,0,0
3845,115,1,0,0
3846,58,1,0,0
3847,41,1,0,0
3848,120,1,0,0
3849,30,1,0,0
3850,13,1,0,0
3851,106,1,0,0
3852,28,1,0,0
3853,52,1,0,0
3854,38,1,0,0
3855,149,1,0,0
3856,81,1,0,0
3857,99,1,0,0
3858,91,1,0,0
3859,47,1,0,0
3860,27,1,0,0
3861,27,1,0,0
3862,39,1,0,0
3863,111,1,0,0
3864,183,1,0,0
3865,88,1,0,0
3866,23,1,0,0
3867,152,1,0,0
3868,45,1,0,0
3869,73,1,0,0
3870,52,1,0,0
3871,31,1,0,0
3872,70,1,0,0
3873,56,1,0,0
3874,26,1,0,0
3875,39,1,0,0
3876,31,1,0,0
3877,102,1,0,0
3878,101,1,0,0
3879,42,1,0,0
3880,64,1,0,0
3881,176,1,0,0
3882,62,1,0,0
3883,134,1,0,0
3884,28,1,0,0
3885,127,1,0,0
3886,40,1,0,0
3887,25,1,0,0
3888,21,1,0,0
3889,87,1,0,0
3890,67,1,0,0
3891,64,1,0,0
3892,164,1,0,0
3893,184,1,0,0
3894,11,1,0,0
3895,45,1,0,0
3896,9,1,0,0
3897,62,1,0,0
3898,197,1,0,0
3899,40,1,0,0
3900,60,1,0,0
3901,58,1,0,0
3902,31,1,0,0
3903,74,1,0,0
3904,45,1,0,0
3905,20,1,0,0
3906,44,1,0,0
3907,31,1,0,0
3908,74,1,0,0
3909,55,1,0,0
3910,100,1,0,0
3911,60,1,0,0
3912,251,1,0,0
3913,50,1,0,0
3914,51,1,0,0
3915,50,1,0,0
3916,18,1,0,0
3917,26,1,0,0
3918,179,1,0,0
3919,88,1,0,0
3920,36,1,0,0
3921,13,1,0,0
3922,50,1,0,0
3923,35,1,0,0
3924,65,1,0,0
3925,36,1,0,0
3926,36,1,0,0
3927,68,1,0,0
3928,31,1,0,0
3929,150,1,0,0
3930,52,1,0,0
3931,32,1,0,0
3932,17,1,0,0
3933,82,1,0,0
3934,56,1,0,0
3935,60,1,0,0
3936,60,1,0,0
3937,37,1,0,0
3938,44,1,0,0
3939,97,1,0,0
3940,175,1,0,0
3941,24,1,0,0
3942,70,1,0,0
3943,99,1,0,0
3944,72,1,0,0
3945,60,1,0,0
3946,19,1,0,0
3947,138,1,0,0
3948,25,1,0,0
3949,35,1,0,0
3950,88,1,0,0
3951,36,1,0,0
3952,60,1,0,0
3953,87,1,0,0
3954,47,1,0,0
3955,110,1,0,0
3956,64,1,0,0
3957,97,1,0,0
3958,72,1,0,0
3959,55,1,0,0
3960,34,1,0,0
3961,141,1,0,0
3962,28,1,0,0
3963,41,1,0,0
3964,42,1,0,0
3965,168,1,0,0
3966,96,1,0,0
3967,46,1,0,0
3968,41,1,0,0
3969,173,1,0,0
3970,15,1,0,0
3971,50,1,0,0
3972,26,1,0,0
3973,15,1,0,0
3974,82,1,0,0
3975,34,1,0,0
3976,52,1,0,0
3977,145,1,0,0
3978,198,1,0,0
3979,41,1,0,0
3980,69,1,0,0
3981,84,1,0,0
3982,23,1,0,0
3983,127,1,0,0
3984,122,1,0,0
3985,71,1,0,0
3986,45,1,0,0
3987,54,1,0,0
3988,33,1,0,0
3989,44,1,0,0
3990,64,1,0,0
3991,74,1,0,0
3992,95,1,0,0
3993,181,1,0,0
3994,112,1,0,0
3995,39,1,0,0
3996,68,1,0,0
3997,12,1,0,0
3998,38,1,0,0
3999,40,1,0,0
4000,45,1,0,0
4001,46,1,0,0
4002,134,1,0,0
4003,25,1,0,0
4004,16,1,0,0
4005,173,1,0,0
4006,59,1,0,0
4007,40,1,0,0
4008,70,1,0,0
4009,45,1,0,0
4010,73,1,0,0
4011,73,1,0,0
4012,75,1,0,0
4013,30,1,0,0
4014,17,1,0,0
4015,51,1,0,0
4016,43,1,0,0
4017,53,1,0,0
4018,34,1,0,0
4019,84,1,0,0
4020,44,1,0,0
4021,44,1,0,0
4022,19,1,0,0
4023,93,1,0,0
4024,23,1,0,0
4025,38,1,0,0
4026,101,1,0,0
4027,127,1,0,0
4028,108,1,0,0
4029,26,1,0,0
4030,115,1,0,0
4031,44,1,0,0
4032,14,1,0,0
4033,44,1,0,0
4034,64,1,0,0
4035,63,1,0,0
4036,50,1,0,0
4037,45,1,0,0
4038,193,1,0,0
4039,95,1,0,0
4040,78,1,0,0
4041,72,1,0,0
4042,86,1,0,0
4043,87,1,0,0
4044,63,1,0,0
4045,136,1,0,0
4046,74,1,0,0
4047,20,1,0,0
4048,97,1,0,0
4049,121,1,0,0
4050,32,1,0,0
4051,32,1,0,0
4052,45,1,0,0
4053,31,1,0,0
4054,52,1,0,0
4055,16,1,0,0
4056,59,1,0,0
4057,86,1,0,0
4058,94,1,0,0
4059,89,1,0,0
4060,31,1,0,0
4061,36,1,0,0
4062,56,1,0,0
4063,123,1,0,0
4064,110,1,0,0
4065,29,1,0,0
4066,43,1,0,0
4067,156,1,0,0
4068,16,1,0,0
4069,19,1,0,0
4070,58,1,0,0
4071,87,1,0,0
4072,52,1,0,0
4073,36,1,0,0
4074,140,1,0,0
4075,39,1,0,0
4076,123,1,0,0
4077,49,1,0,0
4078,169,1,0,0
4079,58,1,0,0
4080,23,1,0,0
4081,39,1,0,0
4082,30,1,0,0
4083,31,1,0,0
4084,94,1,0,0
4085,66,1,0,0
4086,129,1,0,0
4087,96,1,0,0
4088,45,1,0,0
4089,102,1,0,0
4090,19,1,0,0
4091,214,1,0,0
4092,76,1,0,0
4093,29,1,0,0
4094,44,1,0,0
4095,58,1,0,0
4096,82,1,0,0
4097,62,1,0,0
4098,12,1,0,0
4099,21,1,0,0
4100,70,1,0,0
4101,43,1,0,0
4102,75,1,0,0
4103,160,1,0,0
4104,62,1,0,0
4105,74,1,0,0
4106,42,1,0,0
4107,80,1,0,0
4108,35,1,0,0
4109,25,1,0,0
4110,15,1,0,0
4111,114,1,0,0
4112,119,1,0,0
4113,52,1,0,0
4114,318,1,0,0
4115,62,1,0,0
4116,57,1,0,0
4117,14,1,0,0
4118,143,1,0,0
4119,22,1,0,0
4120,74,1,0,0
4121,35,1,0,0
4122,65,1,0,0
4123,225,1,0,0
4124,38,1,0,0
4125,16,1,0,0
4126,42,1,0,0
4127,169,1,0,0
4128,66,1,0,0
4129,28,1,0,0
4130,232,1,0,0
4131,21,1,0,0
4132,61,1,0,0
4133,55,1,0,0
4134,8,1,0,0
4135,46,1,0,0
4136,112,1,0,0
4137,50,1,0,0
4138,62,1,0,0
4139,66,1,0,0
4140,58,1,0,0
4141,33,1,0,0
4142,122,1,0,0
4143,121,1,0,0
4144,11,1,0,0
4145,38,1,0,0
4146,12,1,0,0
4147,118,1,0,0
4148,25,1,0,0
4149,87,1,0,0
4150,27,1,0,0
4151,72,1,0,0
4152,57,1,0,0
4153,36,1,0,0
4154,8,1,0,0
4155,26,1,0,0
4156,50,1,0,0
4157,144,1,0,0
4158,40,1,0,0
4159,34,1,0,0
4160,59,1,0,0
4161,27,1,0,0
4162,40,1,0,0
4163,25,1,0,0
4164,136,1,0,0
4165,134,1,0,0
4166,116,1,0,0
4167,14,1,0,0
4168,50,1,0,0
4169,35,1,0,0
4170,90,1,0,0
4171,17,1,0,0
4172,21,1,0,0
4173,28,1,0,0
4174,47,1,0,0
4175,92,1,0,0
4176,129,1,0,0
4177,66,1,0,0
4178,156,1,0,0
4179,14,1,0,0
4180,39,1,0,0
4181,115,1,0,0
4182,85,1,0,0
4183,104,1,0,0
4184,98,1,0,0
4185,40,1,0,0
4186,30,1,0,0
4187,44,1,0,0
4188,37,1,0,0
4189,32,1,0,0
4190,75,1,0,0
4191,73,1,0,0
4192,185,1,0,0
4193,12,1,0,0
4194,29,1,0,0
4195,101,1,0,0
4196,33,1,0,0
4197,71,1,0,0
4198,47,1,0,0
4199,224,1,0,0
4200,9,1,0,0
4201,7,1,0,0
4202,78,1,0,0
4203,59,1,0,0
4204,32,1,0,0
4205,33,1,0,0
4206,21,1,0,0
4207,19,1,0,0
4208,41,1,0,0
4209,78,1,0,0
4210,72,1,0,0
4211,81,1,0,0
4212,137,1,0,0
4213,89,1,0,0
4214,56,1,0,0
4215,142,1,0,0
4216,53,1,0,0
4217,22,1,0,0
4218,32,1,0,0
4219,20,1,0,0
4220,58,1,0,0
4221,48,1,0,0
4222,161,1,0,0
4223,122,1,0,0
4224,68,1,0,0
4225,68,1,0,0
4226,125,1,0,0
4227,83,1,0,0
4228,55,1,0,0
4229,31,1,0,0
4230,43,1,0,0
4231,69,1,0,0
4232,172,1,0,0
4233,37,1,0,0
4234,25,1,0,0
4235,36,1,0,0
4236,22,1,0,0
4237,59,1,0,0
4238,28,1,0,0
4239,61,1,0,0
4240,119,1,0,0
4241,16,1,0,0
4242,30,1,0,0
4243,71,1,0,0
4244,60,1,0,0
4245,46,1,0,0
4246,40,1,0,0
4247,99,1,0,0
4248,22,1,0,0
4249,92,1,0,0
4250,124,1,0,0
4251,97,1,0,0
4252,57,1,0,0
4253,100,1,0,0
4254,119,1,0,0
4255,22,1,0,0
4256,79,1,0,0
4257,39,1,0,0
4258,100,1,0,0
4259,37,1,0,0
4260,11,1,0,0
4261,15,1,0,0
4262,133,1,0,0
4263,131,1,0,0
4264,13,1,0,0
4265,66,1,0,0
4266,51,1,0,0
4267,39,1,0,0
4268,50,1,0,0
4269,68,1,0,0
4270,69,1,0,0
4271,105,1,0,0
4272,121,1,0,0
4273,55,1,0,0
4274,43,1,0,0
4275,51,1,0,0
4276,17,1,0,0
4277,36,1,0,0
4278,61,1,0,0
4279,37,1,0,0
4280,102,1,0,0
4281,36,1,0,0
4282,37,1,0,0
4283,87,1,0,0
4284,179,1,0,0
4285,81,1,0,0
4286,33,1,0,0
4287,64,1,0,0
4288,40,1,0,0
4289,209,1,0,0
4290,56,1,0,0
4291,113,1,0,0
4292,61,1,0,0
4293,40,1,0,0
4294,33,1,0,0
4295,51,1,0,0
4296,68,1,0,0
4297,121,1,0,0
4298,44,1,0,0
4299,75,1,0,0
4300,70,1,0,0
4301,83,1,0,0
4302,95,1,0,0
4303,26,1,0,0
4304,47,1,0,0
4305,68,1,0,0
4306,89,1,0,0
4307,78,1,0,0
4308,38,1,0,0
4309,34,1,0,0
4310,33,1,0,0
4311,77,1,0,0
4312,129,1,0,0
4313,18,1,0,0
4314,118,1,0,0
4315,64,1,0,0
4316,33,1,0,0
4317,87,1,0,0
4318,62,1,0,0
4319,69,1,0,0
4320,38,1,0,0
4321,100,1,0,0
4322,67,1,0,0
4323,91,1,0,0
4324,62,1,0,0
4325,77,1,0,0
4326,174,1,0,0
4327,79,1,0,0
4328,144,1,0,0
4329,9,1,0,0
4330,18,1,0,0
4331,104,1,0,0
4332,56,1,0,0
4333,54,1,0,0
4334,118,1,0,0
4335,84,1,0,0
4336,53,1,0,0
4337,81,1,0,0
4338,38,1,0,0
4339,80,1,0,0
4340,55,1,0,0
4341,99,1,0,0
4342,287,1,0,0
4343,57,1,0,0
4344,23,1,0,0
4345,67,1,0,0
4346,72,1,0,0
4347,49,1,0,0
4348,63,1,0,0
4349,119,1,0,0
4350,23,1,0,0
4351,25,1,0,0
4352,135,1,0,0
4353,80,1,0,0
4354,52,1,0,0
4355,62,1,0,0
4356,19,1,0,0
4357,29,1,0,0
4358,53,1,0,0
4359,125,1,0,0
4360,47,1,0,0
4361,32,1,0,0
4362,94,1,0,0
4363,77,1,0,0
4364,59,1,0,0
4365,89,1,0,0
4366,61,1,0,0
4367,13,1,0,0
4368,28,1,0,0
4369,250,1,0,0
4370,62,1,0,0
4371,81,1,0,0
4372,18,1,0,0
4373,53,1,0,0
4374,139,1,0,0
4375,25,1,0,0
4376,99,1,0,0
4377,52,1,0,0
4378,82,1,0,0
4379,12,1,0,0
4380,103,1,0,0
4381,47,1,0,0
4382,134,1,0,0
4383,70,1,0,0
4384,84,1,0,0
4385,72,1,0,0
4386,112,1,0,0
4387,20,1,0,0
4388,100,1,0,0
4389,33,1,0,0
4390,48,1,0,0
4391,45,1,0,0
4392,17,1,0,0
4393,147,1,0,0
4394,62,1,0,0
4395,86,1,0,0
4396,21,1,0,0
4397,14,1,0,0
4398,108,1,0,0
4399,74,1,0,0
4400,34,1,0,0
4401,49,1,0,0
4402,38,1,0,0
4403,101,1,0,0
4404,20,1,0,0
4405,65,1,0,0
4406,33,1,0,0
4407,55,1,0,0
4408,290,1,0,0
4409,135,1,0,0
4410,43,1,0,0
4411,17,1,0,0
4412,146,1,0,0
4413,25,1,0,0
4414,90,1,0,0
4415,93,1,0,0
4416,91,1,0,0
4417,12,1,0,0
4418,30,1,0,0
4419,52,1,0,0
4420,29,1,0,0
4421,76,1,0,0
4422,112,1,0,0
4423,40,1,0,0
4424,101,1,0,0
4425,22,1,0,0
4426,83,1,0,0
4427,115,1,0,0
4428,81,1,0,0
4429,166,1,0,0
4430,41,1,0,0
4431,92,1,0,0
4432,38,1,0,0
4433,51,1,0,0
4434,112,1,0,0
4435,30,1,0,0
4436,15,1,0,0
4437,47,1,0,0
4438,20,1,0,0
4439,60,1,0,0
4440,27,1,0,0
4441,81,1,0,0
4442,28,1,0,0
4443,135,1,0,0
4444,32,1,0,0
4445,99,1,0,0
4446,42,1,0,0
4447,11,1,0,0
4448,104,1,0,0
4449,12,1,0,0
4450,28,1,0,0
4451,97,1,0,0
4452,40,1,0,0
4453,102,1,0,0
4454,26,1,0,0
4455,41,1,0,0
4456,21,1,0,0
4457,96,1,0,0
4458,26,1,0,0
4459,27,1,0,0
4460,168,1,0,0
4461,46,1,0,0
4462,45,1,0,0
4463,15,1,0,0
4464,23,1,0,0
4465,118,1,0,0
4466,15,1,0,0
4467,180,1,0,0
4468,16,1,0,0
4469,51,1,0,0
4470,64,1,0,0
4471,65,1,0,0
4472,72,1,0,0
4473,61,1,0,0
4474,45,1,0,0
4475,33,1,0,0
4476,53,1,0,0
4477,117,1,0,0
4478,171,1,0,0
4479,69,1,0,0
4480,105,1,0,0
4481,115,1,0,0
4482,68,1,0,0
4483,148,1,0,0
4484,68,1,0,0
4485,33,1,0,0
4486,25,1,0,0
4487,15,1,0,0
4488,149,1,0,0
4489,122,1,0,0
4490,144,1,0,0
4491,41,1,0,0
4492,54,1,0,0
4493,60,1,0,0
4494,161,1,0,0
4495,187,1,0,0
4496,59,1,0,0
4497,39,1,0,0
4498,72,1,0,0
4499,260,1,0,0
4500,85,1,0,0
4501,39,1,0,0
4502,39,1,0,0
4503,40,1,0,0
4504,122,1,0,0
4505,50,1,0,0
4506,70,1,0,0
4507,34,1,0,0
4508,16,1,0,0
4509,88,1,0,0
4510,46,1,0,0
4511,109,1,0,0
4512,219,1,0,0
4513,78,1,0,0
4514,143,1,0,0
4515,137,1,0,0
4516,16,1,0,0
4517,31,1,0,0
4518,70,1,0,0
4519,21,1,0,0
4520,121,1,0,0
4521,31,1,0,0
4522,35,1,0,0
4523,93,1,0,0
4524,17,1,0,0
4525,83,1,0,0
4526,67,1,0,0
4527,25,1,0,0
4528,172,1,0,0
4529,146,1,0,0
4530,21,1,0,0
4531,12,1,0,0
4532,17,1,0,0
4533,92,1,0,0
4534,47,1,0,0
4535,20,1,0,0
4536,202,1,0,0
4537,119,1,0,0
4538,204,1,0,0
4539,277,1,0,0
4540,61,1,0,0
4541,39,1,0,0
4542,182,1,0,0
4543,57,1,0,0
4544,116,1,0,0
4545,82,1,0,0
4546,21,1,0,0
4547,178,1,0,0
4548,33,1,0,0
4549,79,1,0,0
4550,45,1,0,0
4551,38,1,0,0
4552,35,1,0,0
4553,38,1,0,0
4554,46,1,0,0
4555,36,1,0,0
4556,52,1,0,0
4557,158,1,0,0
4558,127,1,0,0
4559,77,1,0,0
4560,134,1,0,0
4561,32,1,0,0
4562,50,1,0,0
4563,68,1,0,0
4564,24,1,0,0
4565,83,1,0,0
4566,35,1,0,0
4567,13,1,0,0
4568,58,1,0,0
4569,97,1,0,0
4570,54,1,0,0
4571,86,1,0,0
4572,45,1,0,0
4573,68,1,0,0
4574,37,1,0,0
4575,200,1,0,0
4576,195,1,0,0
4577,174,1,0,0
4578,32,1,0,0
4579,88,1,0,0
4580,29,1,0,0
4581,69,1,0,0
4582,97,1,0,0
4583,74,1,0,0
4584,34,1,0,0
4585,138,1,0,0
4586,33,1,0,0
4587,70,1,0,0
4588,47,1,0,0
4589,80,1,0,0
4590,48,1,0,0
4591,99,1,0,0
4592,31,1,0,0
4593,33,1,0,0
4594,39,1,0,0
4595,48,1,0,0
4596,26,1,0,0
4597,101,1,0,0
4598,31,1,0,0
4599,42,1,0,0
4600,14,1,0,0
4601,106,1,0,0
4602,36,1,0,0
4603,95,1,0,0
4604,77,1,0,0
4605,74,1,0,0
4606,60,1,0,0
4607,177,1,0,0
4608,236,1,0,0
4609,28,1,0,0
4610,28,1,0,0
4611,58,1,0,0
4612,196,1,0,0
4613,49,1,0,0
4614,79,1,0,0
4615,113,1,0,0
4616,69,1,0,0
4617,32,1,0,0
4618,68,1,0,0
4619,26,1,0,0
4620,124,1,0,0
4621,133,1,0,0
4622,145,1,0,0
4623,196,1,0,0
4624,31,1,0,0
4625,154,1,0,0
4626,214,1,0,0
4627,174,1,0,0
4628,70,1,0,0
4629,63,1,0,0
4630,22,1,0,0
4631,132,1,0,0
4632,111,1,0,0
4633,81,1,0,0
4634,30,1,0,0
4635,129,1,0,0
4636,42,1,0,0
4637,29,1,0,0
4638,30,1,0,0
4639,32,1,0,0
4640,21,1,0,0
4641,70,1,0,0
4642,15,1,0,0
4643,175,1,0,0
4644,66,1,0,0
4645,67,1,0,0
4646,73,1,0,0
4647,67,1,0,0
4648,52,1,0,0
4649,98,1,0,0
4650,70,1,0,0
4651,30,1,0,0
4652,61,1,0,0
4653,42,1,0,0
4654,68,1,0,0
4655,23,1,0,0
4656,39,1,0,0
4657,45,1,0,0
4658,25,1,0,0
4659,108,1,0,0
4660,104,1,0,0
4661,133,1,0,0
4662,63,1,0,0
4663,138,1,0,0
4664,36,1,0,0
4665,17,1,0,0
4666,122,1,0,0
4667,104,1,0,0
4668,105,1,0,0
4669,32,1,0,0
4670,48,1,0,0
4671,33,1,0,0
4672,84,1,0,0
4673,26,1,0,0
4674,16,1,0,0
4675,140,1,0,0
4676,90,1,0,0
4677,114,1,0,0
4678,65,1,0,0
4679,23,1,0,0
4680,21,1,0,0
4681,24,1,0,0
4682,45,1,0,0
4683,52,1,0,0
4684,53,1,0,0
4685,61,1,0,0
4686,146,1,0,0
4687,33,1,0,0
4688,55,1,0,0
4689,46,1,0,0
4690,62,1,0,0
4691,36,1,0,0
4692,55,1,0,0
4693,35,1,0,0
4694,69,1,0,0
4695,42,1,0,0
4696,140,1,0,0
4697,31,1,0,0
4698,142,1,0,0
4699,47,1,0,0
4700,40,1,0,0
4701,59,1,0,0
4702,48,1,0,0
4703,11,1,0,0
4704,48,1,0,0
4705,135,1,0,0
4706,121,1,0,0
4707,58,1,0,0
4708,27,1,0,0
4709,42,1,0,0
4710,92,1,0,0
4711,46,1,0,0
4712,80,1,0,0
4713,35,1,0,0
4714,41,1,0,0
4715,25,1,0,0
4716,22,1,0,0
4717,36,1,0,0
4718,79,1,0,0
4719,275,1,0,0
4720,125,1,0,0
4721,42,1,0,0
4722,83,1,0,0
4723,89,1,0,0
4724,80,1,0,0
4725,61,1,0,0
4726,121,1,0,0
4727,50,1,0,0
4728,97,1,0,0
4729,39,1,0,0
4730,32,1,0,0
4731,11,1,0,0
4732,87,1,0,0
4733,57,1,0,0
4734,208,1,0,0
4735,49,1,0,0
4736,46,1,0,0
4737,108,1,0,0
4738,225,1,0,0
4739,43,1,0,0
4740,43,1,0,0
4741,22,1,0,0
4742,24,1,0,0
4743,85,1,0,0
4744,25,1,0,0
4745,58,1,0,0
4746,43,1,0,0
4747,51,1,0,0
4748,19,1,0,0
4749,155,1,0,0
4750,35,1,0,0
4751,41,1,0,0
4752,13,1,0,0
4753,22,1,0,0
4754,50,1,0,0
4755,105,1,0,0
4756,27,1,0,0
4757,98,1,0,0
4758,41,1,0,0
4759,97,1,0,0
4760,74,1,0,0
4761,64,1,0,0
4762,112,1,0,0
4763,87,1,0,0
4764,19,1,0,0
4765,28,1,0,0
4766,92,1,0,0
4767,92,1,0,0
4768,32,1,0,0
4769,77,1,0,0
4770,48,1,0,0
4771,89,1,0,0
4772,83,1,0,0
4773,44,1,0,0
4774,175,1,0,0
4775,56,1,0,0
4776,42,1,0,0
4777,19,1,0,0
4778,101,1,0,0
4779,22,1,0,0
4780,102,1,0,0
4781,209,1,0,0
4782,77,1,0,0
4783,53,1,0,0
4784,117,1,0,0
4785,42,1,0,0
4786,53,1,0,0
4787,20,1,0,0
4788,35,1,0,0
4789,81,1,0,0
4790,12,1,0,0
4791,21,1,0,0
4792,141,1,0,0
4793,29,1,0,0
4794,174,1,0,0
4795,51,1,0,0
4796,50,1,0,0
4797,64,1,0,0
4798,194,1,0,0
4799,210,1,0,0
4800,63,1,0,0
4801,56,1,0,0
4802,31,1,0,0
4803,38,1,0,0
4804,37,1,0,0
4805,157,1,0,0
4806,42,1,0,0
4807,38,1,0,0
4808,78,1,0,0
4809,153,1,0,0
4810,93,1,0,0
4811,57,1,0,0
4812,174,1,0,0
4813,65,1,0,0
4814,152,1,0,0
4815,12,1,0,0
4816,63,1,0,0
4817,58,1,0,0
4818,69,1,0,0
4819,108,1,0,0
4820,51,1,0,0
4821,166,1,0,0
4822,166,1,0,0
4823,57,1,0,0
4824,29,1,0,0
4825,64,1,0,0
4826,65,1,0,0
4827,20,1,0,0
4828,24,1,0,0
4829,42,1,0,0
4830,32,1,0,0
4831,73,1,0,0
4832,88,1,0,0
4833,43,1,0,0
4834,66,1,0,0
4835,97,1,0,0
4836,37,1,0,0
4837,47,1,0,0
4838,50,1,0,0
4839,28,1,0,0
4840,89,1,0,0
4841,89,1,0,0
4842,44,1,0,0
4843,47,1,0,0
4844,161,1,0,0
4845,167,1,0,0
4846,56,1,0,0
4847,45,1,0,0
4848,168,1,0,0
4849,51,1,0,0
4850,81,1,0,0
4851,150,1,0,0
4852,83,1,0,0
4853,76,1,0,0
4854,95,1,0,0
4855,88,1,0,0
4856,66,1,0,0
4857,54,1,0,0
4858,58,1,0,0
4859,161,1,0,0
4860,173,1,0,0
4861,35,1,0,0
4862,36,1,0,0
4863,24,1,0,0
4864,25,1,0,0
4865,17,1,0,0
4866,166,1,0,0
4867,43,1,0,0
4868,229,1,0,0
4869,95,1,0,0
4870,113,1,0,0
4871,84,1,0,0
4872,125,1,0,0
4873,38,1,0,0
4874,43,1,0,0
4875,60,1,0,0
4876,15,1,0,0
4877,33,1,0,0
4878,219,1,0,0
4879,147,1,0,0
4880,20,1,0,0
4881,73,1,0,0
4882,18,1,0,0
4883,18,1,0,0
4884,66,1,0,0
4885,64,1,0,0
4886,130,1,0,0
4887,41,1,0,0
4888,86,1,0,0
4889,80,1,0,0
4890,13,1,0,0
4891,21,1,0,0
4892,76,1,0,0
4893,216,1,0,0
4894,145,1,0,0
4895,78,1,0,0
4896,117,1,0,0
4897,18,1,0,0
4898,29,1,0,0
4899,103,1,0,0
4900,215,1,0,0
4901,41,1,0,0
4902,38,1,0,0
4903,96,1,0,0
4904,46,1,0,0
4905,27,1,0,0
4906,76,1,0,0
4907,149,1,0,0
4908,97,1,0,0
4909,88,1,0,0
4910,7,1,0,0
4911,25,1,0,0
4912,80,1,0,0
4913,16,1,0,0
4914,45,1,0,0
4915,16,1,0,0
4916,53,1,0,0
4917,44,1,0,0
4918,21,1,0,0
4919,52,1,0,0
4920,177,1,0,0
4921,39,1,0,0
4922,63,1,0,0
4923,126,1,0,0
4924,63,1,0,0
4925,41,1,0,0
4926,68,1,0,0
4927,109,1,0,0
4928,106,1,0,0
4929,21,1,0,0
4930,56,1,0,0
4931,78,1,0,0
4932,36,1,0,0
4933,165,1,0,0
4934,206,1,0,0
4935,37,1,0,0
4936,43,1,0,0
4937,130,1,0,0
4938,75,1,0,0
4939,31,1,0,0
4940,17,1,0,0
4941,86,1,0,0
4942,29,1,0,0
4943,57,1,0,0
4944,238,1,0,0
4945,20,1,0,0
4946,110,1,0,0
4947,93,1,0,0
4948,23,1,0,0
4949,71,1,0,0
4950,225,1,0,0
4951,72,1,0,0
4952,27,1,0,0
4953,196,1,0,0
4954,98,1,0,0
4955,45,1,0,0
4956,52,1,0,0
4957,22,1,0,0
4958,26,1,0,0
4959,21,1,0,0
4960,82,1,0,0
4961,50,1,0,0
4962,14,1,0,0
4963,110,1,0,0
4964,84,1,0,0
4965,44,1,0,0
4966,82,1,0,0
4967,17,1,0,0
4968,87,1,0,0
4969,78,1,0,0
4970,36,1,0,0
4971,56,1,0,0
4972,49,1,0,0
4973,61,1,0,0
4974,38,1,0,0
4975,37,1,0,0
4976,9,1,0,0
4977,86,1,0,0
4978,55,1,0,0
4979,258,1,0,0
4980,68,1,0,0
4981,61,1,0,0
4982,61,1,0,0
4983,55,1,0,0
4984,79,1,0,0
4985,154,1,0,0
4986,68,1,0,0
4987,59,1,0,0
4988,26,1,0,0
4989,177,1,0,0
4990,124,1,0,0
4991,77,1,0,0
4992,39,1,0,0
4993,45,1,0,0
4994,57,1,0,0
4995,11,1,0,0
4996,150,1,0,0
4997,79,1,0,0
4998,67,1,0,0
4999,61,1,0,0
5000,100,1,0,0
5001,59,1,0,0
5002,51,1,0,0
5003,62,1,0,0
5004,73,1,0,0
5005,19,1,0,0
5006,28,1,0,0
5007,45,1,0,0
5008,98,1,0,0
5009,63,1,0,0
5010,24,1,0,0
5011,117,1,0,0
5012,26,1,0,0
5013,45,1,0,0
5014,26,1,0,0
5015,47,1,0,0
5016,132,1,0,0
5017,28,1,0,0
5018,172,1,0,0
5019,22,1,0,0
5020,96,1,0,0
5021,47,1,0,0
5022,85,1,0,0
5023,62,1,0,0
5024,73,1,0,0
5025,122,1,0,0
5026,83,1,0,0
5027,12,1,0,0
5028,48,1,0,0
5029,54,1,0,0
5030,36,1,0,0
5031,27,1,0,0
5032,76,1,0,0
5033,77,1,0,0
5034,20,1,0,0
5035,83,1,0,0
5036,76,1,0,0
5037,35,1,0,0
5038,113,1,0,0
5039,49,1,0,0
5040,156,1,0,0
5041,119,1,0,0
5042,40,1,0,0
5043,78,1,0,0
5044,69,1,0,0
5045,76,1,0,0
5046,21,1,0,0
5047,46,1,0,0
5048,63,1,0,0
5049,37,1,0,0
5050,27,1,0,0
5051,234,1,0,0
5052,33,1,0,0
5053,89,1,0,0
5054,168,1,0,0
5055,60,1,0,0
5056,8,1,0,0
5057,137,1,0,0
5058,83,1,0,0
5059,28,1,0,0
5060,148,1,0,0
5061,15,1,0,0
5062,128,1,0,0
5063,74,1,0,0
5064,176,1,0,0
5065,134,1,0,0
5066,94,1,0,0
5067,36,1,0,0
5068,161,1,0,0
5069,74,1,0,0
5070,21,1,0,0
5071,32,1,0,0
5072,168,1,0,0
5073,27,1,0,0
5074,57,1,0,0
5075,49,1,0,0
5076,91,1,0,0
5077,49,1,0,0
5078,20,1,0,0
5079,46,1,0,0
5080,19,1,0,0
5081,52,1,0,0
5082,104,1,0,0
5083,25,1,0,0
5084,64,1,0,0
5085,76,1,0,0
5086,80,1,0,0
5087,30,1,0,0
5088,13,1,0,0
5089,38,1,0,0
5090,94,1,0,0
5091,73,1,0,0
5092,121,1,0,0
5093,29,1,0,0
5094,55,1,0,0
5095,42,1,0,0
5096,63,1,0,0
5097,36,1,0,0
5098,53,1,0,0
5099,41,1,0,0
5100,76,1,0,0
5101,66,1,0,0
5102,53,1,0,0
5103,154,1,0,0
5104,72,1,0,0
5105,31,1,0,0
5106,18,1,0,0
5107,77,1,0,0
5108,52,1,0,0
5109,46,1,0,0
5110,129,1,0,0
5111,30,1,0,0
5112,122,1,0,0
5113,126,1,0,0
5114,98,1,0,0
5115,55,1,0,0
5116,116,1,0,0
5117,142,1,0,0
5118,33,1,0,0
5119,55,1,0,0
5120,116,1,0,0
5121,52,1,0,0
5122,41,1,0,0
5123,51,1,0,0
5124,190,1,0,0
5125,19,1,0,0
5126,37,1,0,0
5127,17,1,0,0
5128,50,1,0,0
5129,179,1,0,0
5130,45,1,0,0
5131,317,1,0,0
5132,35,1,0,0
5133,15,1,0,0
5134,103,1,0,0
5135,83,1,0,0
5136,67,1,0,0
5137,115,1,0,0
5138,19,1,0,0
5139,95,1,0,0
5140,58,1,0,0
5141,57,1,0,0
5142,21,1,0,0
5143,101,1,0,0
5144,91,1,0,0
5145,52,1,0,0
5146,66,1,0,0
5147,115,1,0,0
5148,35,1,0,0
5149,73,1,0,0
5150,126,1,0,0
5151,71,1,0,0
5152,24,1,0,0
5153,69,1,0,0
5154,96,1,0,0
5155,58,1,0,0
5156,148,1,0,0
5157,62,1,0,0
5158,68,1,0,0
5159,47,1,0,0
5160,19,1,0,0
5161,75,1,0,0
5162,13,1,0,0
5163,12,1,0,0
5164,70,1,0,0
5165,33,1,0,0
5166,54,1,0,0
5167,39,1,0,0
5168,50,1,0,0
5169,63,1,0,0
5170,60,1,0,0
5171,93,1,0,0
5172,24,1,0,0
5173,91,1,0,0
5174,115,1,0,0
5175,132,1,0,0
5176,40,1,0,0
5177,59,1,0,0
5178,54,1,0,0
5179,26,1,0,0
5180,15,1,0,0
5181,29,1,0,0
5182,105,1,0,0
5183,12,1,0,0
5184,35,1,0,0
5185,48,1,0,0
5186,80,1,0,0
5187,128,1,0,0
5188,58,1,0,0
5189,70,1,0,0
5190,54,1,0,0
5191,35,1,0,0
5192,37,1,0,0
5193,139,1,0,0
5194,58,1,0,0
5195,38,1,0,0
5196,50,1,0,0
5197,137,1,0,0
5198,58,1,0,0
5199,63,1,0,0
5200,105,1,0,0
5201,89,1,0,0
5202,81,1,0,0
5203,32,1,0,0
5204,22,1,0,0
5205,32,1,0,0
5206,14,1,0,0
5207,47,1,0,0
5208,121,1,0,0
5209,52,1,0,0
5210,196,1,0,0
5211,37,1,0,0
5212,96,1,0,0
5213,32,1,0,0
5214,104,1,0,0
5215,17,1,0,0
5216,67,1,0,0
5217,74,1,0,0
5218,51,1,0,0
5219,150,1,0,0
5220,73,1,0,0
5221,208,1,0,0
5222,64,1,0,0
5223,48,1,0,0
5224,39,1,0,0
5225,34,1,0,0
5226,50,1,0,0
5227,30,1,0,0
5228,96,1,0,0
5229,154,1,0,0
5230,122,1,0,0
5231,21,1,0,0
5232,48,1,0,0
5233,72,1,0,0
5234,31,1,0,0
5235,36,1,0,0
5236,66,1,0,0
5237,61,1,0,0
5238,31,1,0,0
5239,182,1,0,0
5240,46,1,0,0
5241,123,1,0,0
5242,72,1,0,0
5243,20,1,0,0
5244,53,1,0,0
5245,28,1,0,0
5246,18,1,0,0
5247,42,1,0,0
5248,19,1,0,0
5249,15,1,0,0
5250,24,1,0,0
5251,68,1,0,0
5252,12,1,0,0
5253,60,1,0,0
5254,274,1,0,0
5255,63,1,0,0
5256,45,1,0,0
5257,57,1,0,0
5258,96,1,0,0
5259,86,1,0,0
5260,66,1,0,0
5261,171,1,0,0
5262,59,1,0,0
5263,74,1,0,0
5264,92,1,0,0
5265,25,1,0,0
5266,47,1,0,0
5267,34,1,0,0
5268,42,1,0,0
5269,9,1,0,0
5270,70,1,0,0
5271,51,1,0,0
5272,47,1,0,0
5273,204,1,0,0
5274,167,1,0,0
5275,23,1,0,0
5276,72,1,0,0
5277,32,1,0,0
5278,271,1,0,0
5279,37,1,0,0
5280,141,1,0,0
5281,38,1,0,0
5282,39,1,0,0
5283,68,1,0,0
5284,19,1,0,0
5285,65,1,0,0
5286,85,1,0,0
5287,102,1,0,0
5288,47,1,0,0
5289,57,1,0,0
5290,45,1,0,0
5291,150,1,0,0
5292,88,1,0,0
5293,53,1,0,0
5294,40,1,0,0
5295,23,1,0,0
5296,18,1,0,0
5297,56,1,0,0
5298,36,1,0,0
5299,28,1,0,0
5300,49,1,0,0
5301,50,1,0,0
5302,39,1,0,0
5303,120,1,0,0
5304,48,1,0,0
5305,129,1,0,0
5306,9,1,0,0
5307,76,1,0,0
5308,54,1,0,0
5309,83,1,0,0
5310,27,1,0,0
5311,38,1,0,0
5312,64,1,0,0
5313,122,1,0,0
5314,182,1,0,0
5315,132,1,0,0
5316,169,1,0,0
5317,129,1,0,0
5318,19,1,0,0
5319,67,1,0,0
5320,18,1,0,0
5321,91,1,0,0
5322,52,1,0,0
5323,22,1,0,0
5324,101,1,0,0
5325,63,1,0,0
5326,55,1,0,0
5327,44,1,0,0
5328,47,1,0,0
5329,86,1,0,0
5330,122,1,0,0
5331,25,1,0,0
5332,43,1,0,0
5333,68,1,0,0
5334,45,1,0,0
5335,55,1,0,0
5336,153,1,0,0
5337,85,1,0,0
5338,73,1,0,0
5339,9,1,0,0
5340,152,1,0,0
5341,146,1,0,0
5342,62,1,0,0
5343,83,1,0,0
5344,12,1,0,0
5345,70,1,0,0
5346,178,1,0,0
5347,73,1,0,0
5348,35,1,0,0
5349,32,1,0,0
5350,36,1,0,0
5351,35,1,0,0
5352,64,1,0,0
5353,103,1,0,0
5354,311,1,0,0
5355,26,1,0,0
5356,26,1,0,0
5357,131,1,0,0
5358,114,1,0,0
5359,121,1,0,0
5360,68,1,0,0
5361,78,1,0,0
5362,55,1,0,0
5363,83,1,0,0
5364,46,1,0,0
5365,155,1,0,0
5366,79,1,0,0
5367,50,1,0,0
5368,70,1,0,0
5369,83,1,0,0
5370,54,1,0,0
5371,46,1,0,0
5372,59,1,0,0
5373,166,1,0,0
5374,41,1,0,0
5375,34,1,0,0
5376,32,1,0,0
5377,231,1,0,0
5378,45,1,0,0
5379,40,1,0,0
5380,80,1,0,0
5381,40,1,0,0
5382,153,1,0,0
5383,32,1,0,0
5384,30,1,0,0
5385,148,1,0,0
5386,112,1,0,0
5387,23,1,0,0
5388,53,1,0,0
5389,80,1,0,0
5390,55,1,0,0
5391,35,1,0,0
5392,136,1,0,0
5393,54,1,0,0
5394,112,1,0,0
5395,72,1,0,0
5396,24,1,0,0
5397,19,1,0,0
5398,134,1,0,0
5399,89,1,0,0
5400,19,1,0,0
5401,32,1,0,0
5402,24,1,0,0
5403,23,1,0,0
5404,61,1,0,0
5405,90,1,0,0
5406,94,1,0,0
5407,55,1,0,0
5408,104,1,0,0
5409,25,1,0,0
5410,22,1,0,0
5411,70,1,0,0
5412,37,1,0,0
5413,11,1,0,0
5414,19,1,0,0
5415,17,1,0,0
5416,43,1,0,0
5417,39,1,0,0
5418,58,1,0,0
5419,33,1,0,0
5420,75,1,0,0
5421,141,1,0,0
5422,48,1,0,0
5423,112,1,0,0
5424,69,1,0,0
5425,30,1,0,0
5426,71,1,0,0
5427,69,1,0,0
5428,110,1,0,0
5429,27,1,0,0
5430,14,1,0,0
5431,29,1,0,0
5432,52,1,0,0
5433,17,1,0,0
5434,28,1,0,0
5435,137,1,0,0
5436,111,1,0,0
5437,123,1,0,0
5438,21,1,0,0
5439,52,1,0,0
5440,60,1,0,0
5441,86,1,0,0
5442,22,1,0,0
5443,168,1,0,0
5444,78,1,0,0
5445,125,1,0,0
5446,87,1,0,0
5447,117,1,0,0
5448,16,1,0,0
5449,88,1,0,0
5450,98,1,0,0
5451,69,1,0,0
5452,30,1,0,0
5453,42,1,0,0
5454,27,1,0,0
5455,135,1,0,0
5456,135,1,0,0
5457,58,1,0,0
5458,99,1,0,0
5459,64,1,0,0
5460,27,1,0,0
5461,65,1,0,0
5462,173,1,0,0
5463,106,1,0,0
5464,32,1,0,0
5465,37,1,0,0
5466,44,1,0,0
5467,27,1,0,0
5468,32,1,0,0
5469,140,1,0,0
5470,39,1,0,0
5471,220,1,0,0
5472,138,1,0,0
5473,26,1,0,0
5474,12,1,0,0
5475,28,1,0,0
5476,83,1,0,0
5477,65,1,0,0
5478,146,1,0,0
5479,30,1,0,0
5480,45,1,0,0
5481,39,1,0,0
5482,29,1,0,0
5483,60,1,0,0
5484,44,1,0,0
5485,31,1,0,0
5486,41,1,0,0
5487,92,1,0,0
5488,58,1,0,0
5489,67,1,0,0
5490,50,1,0,0
5491,25,1,0,0
5492,25,1,0,0
5493,36,1,0,0
5494,207,1,0,0
5495,74,1,0,0
5496,37,1,0,0
5497,116,1,0,0
5498,129,1,0,0
5499,51,1,0,0
5500,25,1,0,0
5501,104,1,0,0
5502,23,1,0,0
5503,89,1,0,0
5504,24,1,0,0
5505,112,1,0,0
5506,62,1,0,0
5507,77,1,0,0
5508,67,1,0,0
5509,37,1,0,0
5510,13,1,0,0
5511,105,1,0,0
5512,50,1,0,0
5513,153,1,0,0
5514,67,1,0,0
5515,66,1,0,0
5516,202,1,0,0
5517,88,1,0,0
5518,74,1,0,0
5519,73,1,0,0
5520,39,1,0,0
5521,49,1,0,0
5522,100,1,0,0
5523,43,1,0,0
5524,42,1,0,0
5525,145,1,0,0
5526,29,1,0,0
5527,209,1,0,0
5528,36,1,0,0
5529,12,1,0,0
5530,150,1,0,0
5531,16,1,0,0
5532,67,1,0,0
5533,11,1,0,0
5534,161,1,0,0
5535,173,1,0,0
5536,10,1,0,0
5537,27,1,0,0
5538,28,1,0,0
5539,109,1,0,0
5540,70,1,0,0
5541,84,1,0,0
5542,118,1,0,0
5543,78,1,0,0
5544,25,1,0,0
5545,20,1,0,0
5546,71,1,0,0
5547,38,1,0,0
5548,40,1,0,0
5549,88,1,0,0
5550,194,1,0,0
5551,49,1,0,0
5552,78,1,0,0
5553,23,1,0,0
5554,60,1,0,0
5555,117,1,0,0
5556,183,1,0,0
5557,30,1,0,0
5558,51,1,0,0
5559,23,1,0,0
5560,27,1,0,0
5561,28,1,0,0
5562,103,1,0,0
5563,73,1,0,0
5564,47,1,0,0
5565,54,1,0,0
5566,40,1,0,0
5567,26,1,0,0
5568,18,1,0,0
5569,90,1,0,0
5570,23,1,0,0
5571,59,1,0,0
5572,29,1,0,0
5573,35,1,0,0
5574,74,1,0,0
5575,39,1,0,0
5576,22,1,0,0
5577,34,1,0,0
5578,33,1,0,0
5579,70,1,0,0
5580,32,1,0,0
5581,49,1,0,0
5582,16,1,0,0
5583,42,1,0,0
5584,106,1,0,0
5585,90,1,0,0
5586,175,1,0,0
5587,44,1,0,0
5588,21,1,0,0
5589,15,1,0,0
5590,49,1,0,0
5591,97,1,0,0
5592,71,1,0,0
5593,85,1,0,0
5594,54,1,0,0
5595,22,1,0,0
5596,36,1,0,0
5597,65,1,0,0
5598,149,1,0,0
5599,100,1,0,0
5600,17,1,0,0
5601,33,1,0,0
5602,49,1,0,0
5603,25,1,0,0
5604,98,1,0,0
5605,137,1,0,0
5606,19,1,0,0
5607,98,1,0,0
5608,18,1,0,0
5609,156,1,0,0
5610,48,1,0,0
5611,44,1,0,0
5612,36,1,0,0
5613,72,1,0,0
5614,67,1,0,0
5615,28,1,0,0
5616,25,1,0,0
5617,125,1,0,0
5618,42,1,0,0
5619,53,1,0,0
5620,71,1,0,0
5621,87,1,0,0
5622,62,1,0,0
5623,121,1,0,0
5624,61,1,0,0
5625,102,1,0,0
5626,28,1,0,0
5627,161,1,0,0
5628,55,1,0,0
5629,40,1,0,0
5630,61,1,0,0
5631,91,1,0,0
5632,54,1,0,0
5633,122,1,0,0
5634,84,1,0,0
5635,38,1,0,0
5636,59,1,0,0
5637,11,1,0,0
5638,25,1,0,0
5639,49,1,0,0
5640,180,1,0,0
5641,68,1,0,0
5642,138,1,0,0
5643,26,1,0,0
5644,198,1,0,0
5645,14,1,0,0
5646,74,1,0,0
5647,64,1,0,0
5648,48,1,0,0
5649,19,1,0,0
5650,150,1,0,0
5651,61,1,0,0
5652,26,1,0,0
5653,71,1,0,0
5654,144,1,0,0
5655,22,1,0,0
5656,24,1,0,0
5657,125,1,0,0
5658,53,1,0,0
5659,23,1,0,0
5660,36,1,0,0
5661,133,1,0,0
5662,160,1,0,0
5663,45,1,0,0
5664,41,1,0,0
5665,227,1,0,0
5666,67,1,0,0
5667,65,1,0,0
5668,31,1,0,0
5669,51,1,0,0
5670,115,1,0,0
5671,13,1,0,0
5672,59,1,0,0
5673,33,1,0,0
5674,70,1,0,0
5675,21,1,0,0
5676,94,1,0,0
5677,26,1,0,0
5678,50,1,0,0
5679,31,1,0,0
5680,126,1,0,0
5681,47,1,0,0
5682,55,1,0,0
5683,53,1,0,0
5684,117,1,0,0
5685,111,1,0,0
5686,108,1,0,0
5687,82,1,0,0
5688,67,1,0,0
5689,42,1,0,0
5690,36,1,0,0
5691,17,1,0,0
5692,72,1,0,0
5693,118,1,0,0
5694,92,1,0,0
5695,50,1,0,0
5696,51,1,0,0
5697,195,1,0,0
5698,69,1,0,0
5699,74,1,0,0
5700,64,1,0,0
5701,150,1,0,0
5702,13,1,0,0
5703,8,1,0,0
5704,39,1,0,0
5705,127,1,0,0
5706,217,1,0,0
5707,73,1,0,0
5708,26,1,0,0
5709,185,1,0,0
5710,42,1,0,0
5711,46,1,0,0
5712,101,1,0,0
5713,112,1,0,0
5714,30,1,0,0
5715,102,1,0,0
5716,11,1,0,0
5717,23,1,0,0
5718,31,1,0,0
5719,45,1,0,0
5720,59,1,0,0
5721,128,1,0,0
5722,30,1,0,0
5723,149,1,0,0
5724,61,1,0,0
5725,30,1,0,0
5726,70,1,0,0
5727,104,1,0,0
5728,162,1,0,0
5729,83,1,0,0
5730,76,1,0,0
5731,37,1,0,0
5732,43,1,0,0
5733,75,1,0,0
5734,40,1,0,0
5735,214,1,0,0
5736,77,1,0,0
5737,32,1,0,0
5738,26,1,0,0
5739,58,1,0,0
5740,27,1,0,0
5741,43,1,0,0
5742,51,1,0,0
5743,112,1,0,0
5744,28,1,0,0
5745,93,1,0,0
5746,197,1,0,0
5747,16,1,0,0
5748,18,1,0,0
5749,50,1,0,0
5750,79,1,0,0
5751,44,1,0,0
5752,20,1,0,0
5753,17,1,0,0
5754,96,1,0,0
5755,59,1,0,0
5756,80,1,0,0
5757,88,1,0,0
5758,50,1,0,0
5759,37,1,0,0
5760,49,1,0,0
5761,55,1,0,0
5762,92,1,0,0
5763,76,1,0,0
5764,94,1,0,0
5765,85,1,0,0
5766,27,1,0,0
5767,36,1,0,0
5768,48,1,0,0
5769,37,1,0,0
5770,110,1,0,0
5771,46,1,0,0
5772,27,1,0,0
5773,11,1,0,0
5774,49,1,0,0
5775,56,1,0,0
5776,64,1,0,0
5777,136,1,0,0
5778,42,1,0,0
5779,14,1,0,0
5780,193,1,0,0
5781,58,1,0,0
5782,19,1,0,0
5783,29,1,0,0
5784,110,1,0,0
5785,28,1,0,0
5786,55,1,0,0
5787,52,1,0,0
5788,28,1,0,0
5789,133,1,0,0
5790,26,1,0,0
5791,64,1,0,0
5792,162,1,0,0
5793,32,1,0,0
5794,77,1,0,0
5795,20,1,0,0
5796,39,1,0,0
5797,120,1,0,0
5798,27,1,0,0
5799,34,1,0,0
5800,98,1,0,0
5801,43,1,0,0
5802,59,1,0,0
5803,20,1,0,0
5804,98,1,0,0
5805,89,1,0,0
5806,118,1,0,0
5807,33,1,0,0
5808,27,1,0,0
5809,53,1,0,0
5810,97,1,0,0
5811,81,1,0,0
5812,162,1,0,0
5813,63,1,0,0
5814,118,1,0,0
5815,102,1,0,0
5816,115,1,0,0
5817,15,1,0,0
5818,42,1,0,0
5819,19,1,0,0
5820,32,1,0,0
5821,20,1,0,0
5822,50,1,0,0
5823,29,1,0,0
5824,100,1,0,0
5825,145,1,0,0
5826,27,1,0,0
5827,51,1,0,0
5828,45,1,0,0
5829,97,1,0,0
5830,77,1,0,0
5831,55,1,0,0
5832,129,1,0,0
5833,73,1,0,0
5834,37,1,0,0
5835,48,1,0,0
5836,47,1,0,0
5837,142,1,0,0
5838,21,1,0,0
5839,61,1,0,0
5840,15,1,0,0
5841,319,1,0,0
5842,69,1,0,0
5843,102,1,0,0
5844,50,1,0,0
5845,47,1,0,0
5846,31,1,0,0
5847,18,1,0,0
5848,55,1,0,0
5849,58,1,0,0
5850,70,1,0,0
5851,60,1,0,0
5852,13,1,0,0
5853,62,1,0,0
5854,41,1,0,0
5855,40,1,0,0
5856,31,1,0,0
5857,144,1,0,0
5858,43,1,0,0
5859,80,1,0,0
5860,21,1,0,0
5861,40,1,0,0
5862,56,1,0,0
5863,27,1,0,0
5864,21,1,0,0
5865,116,1,0,0
5866,42,1,0,0
5867,36,1,0,0
5868,133,1,0,0
5869,65,1,0,0
5870,21,1,0,0
5871,20,1,0,0
5872,91,1,0,0
5873,57,1,0,0
5874,20,1,0,0
5875,44,1,0,0
5876,110,1,0,0
5877,55,1,0,0
5878,75,1,0,0
5879,338,1,0,0
5880,250,1,0,0
5881,64,1,0,0
5882,55,1,0,0
5883,92,1,0,0
5884,24,1,0,0
5885,42,1,0,0
5886,49,1,0,0
5887,47,1,0,0
5888,149,1,0,0
5889,26,1,0,0
5890,11,1,0,0
5891,138,1,0,0
5892,55,1,0,0
5893,49,1,0,0
5894,29,1,0,0
5895,23,1,0,0
5896,50,1,0,0
5897,25,1,0,0
5898,278,1,0,0
5899,51,1,0,0
5900,47,1,0,0
5901,58,1,0,0
5902,67,1,0,0
5903,107,1,0,0
5904,52,1,0,0
5905,81,1,0,0
5906,111,1,0,0
5907,44,1,0,0
5908,30,1,0,0
5909,63,1,0,0
5910,12,1,0,0
5911,35,1,0,0
5912,83,1,0,0
5913,18,1,0,0
5914,23,1,0,0
5915,26,1,0,0
5916,40,1,0,0
5917,92,1,0,0
5918,92,1,0,0
5919,41,1,0,0
5920,275,1,0,0
5921,98,1,0,0
5922,46,1,0,0
5923,92,1,0,0
5924,35,1,0,0
5925,70,1,0,0
5926,45,1,0,0
5927,49,1,0,0
5928,46,1,0,0
5929,33,1,0,0
5930,34,1,0,0
5931,68,1,0,0
5932,25,1,0,0
5933,99,1,0,0
5934,67,1,0,0
5935,230,1,0,0
5936,185,1,0,0
5937,134,1,0,0
5938,41,1,0,0
5939,144,1,0,0
5940,59,1,0,0
5941,125,1,0,0
5942,28,1,0,0
5943,97,1,0,0
5944,109,1,0,0
5945,87,1,0,0
5946,38,1,0,0
5947,20,1,0,0
5948,26,1,0,0
5949,88,1,0,0
5950,34,1,0,0
5951,81,1,0,0
5952,78,1,0,0
5953,74,1,0,0
5954,91,1,0,0
5955,43,1,0,0
5956,32,1,0,0
5957,75,1,0,0
5958,108,1,0,0
5959,13,1,0,0
5960,36,1,0,0
5961,79,1,0,0
5962,75,1,0,0
5963,46,1,0,0
5964,58,1,0,0
5965,146,1,0,0
5966,78,1,0,0
5967,92,1,0,0
5968,27,1,0,0
5969,41,1,0,0
5970,89,1,0,0
5971,55,1,0,0
5972,138,1,0,0
5973,68,1,0,0
5974,91,1,0,0
5975,46,1,0,0
5976,59,1,0,0
5977,111,1,0,0
5978,95,1,0,0
5979,86,1,0,0
5980,44,1,0,0
5981,22,1,0,0
5982,39,1,0,0
5983,142,1,0,0
5984,83,1,0,0
5985,51,1,0,0
5986,93,1,0,0
5987,16,1,0,0
5988,93,1,0,0
5989,47,1,0,0
5990,40,1,0,0
5991,37,1,0,0
5992,77,1,0,0
5993,47,1,0,0
5994,94,1,0,0
5995,33,1,0,0
5996,19,1,0,0
5997,384,1,0,0
5998,50,1,0,0
5999,36,1,0,0
6000,64,1,0,0
6001,14,1,0,0
6002,36,1,0,0
6003,27,1,0,0
6004,62,1,0,0
6005,85,1,0,0
6006,18,1,0,0
6007,19,1,0,0
6008,80,1,0,0
6009,56,1,0,0
6010,51,1,0,0
6011,88,1,0,0
6012,19,1,0,0
6013,91,1,0,0
6014,54,1,0,0
6015,93,1,0,0
6016,41,1,0,0
6017,19,1,0,0
6018,13,1,0,0
6019,169,1,0,0
6020,13,1,0,0
6021,158,1,0,0
6022,84,1,0,0
6023,129,1,0,0
6024,64,1,0,0
6025,61,1,0,0
6026,102,1,0,0
6027,52,1,0,0
6028,94,1,0,0
6029,29,1,0,0
6030,61,1,0,0
6031,60,1,0,0
6032,14,1,0,0
6033,19,1,0,0
6034,12,1,0,0
6035,121,1,0,0
6036,162,1,0,0
6037,119,1,0,0
6038,98,1,0,0
6039,88,1,0,0
6040,39,1,0,0
6041,62,1,0,0
6042,70,1,0,0
6043,40,1,0,0
6044,54,1,0,0
6045,149,1,0,0
6046,14,1,0,0
6047,48,1,0,0
6048,39,1,0,0
6049,250,1,0,0
6050,47,1,0,0
6051,57,1,0,0
6052,20,1,0,0
6053,49,1,0,0
6054,135,1,0,0
6055,33,1,0,0
6056,117,1,0,0
6057,42,1,0,0
6058,47,1,0,0
6059,124,1,0,0
6060,65,1,0,0
6061,102,1,0,0
6062,46,1,0,0
6063,77,1,0,0
6064,58,1,0,0
6065,125,1,0,0
6066,48,1,0,0
6067,35,1,0,0
6068,165,1,0,0
6069,80,1,0,0
6070,43,1,0,0
6071,20,1,0,0
6072,59,1,0,0
6073,35,1,0,0
6074,35,1,0,0
6075,21,1,0,0
6076,67,1,0,0
6077,85,1,0,0
6078,68,1,0,0
6079,46,1,0,0
6080,36,1,0,0
6081,23,1,0,0
6082,158,1,0,0
6083,74,1,0,0
6084,78,1,0,0
6085,154,1,0,0
6086,28,1,0,0
6087,147,1,0,0
6088,186,1,0,0
6089,101,1,0,0
6090,19,1,0,0
6091,36,1,0,0
6092,40,1,0,0
6093,54,1,0,0
6094,61,1,0,0
6095,38,1,0,0
6096,86,1,0,0
6097,86,1,0,0
6098,48,1,0,0
6099,76,1,0,0
6100,191,1,0,0
6101,96,1,0,0
6102,98,1,0,0
6103,30,1,0,0
6104,28,1,0,0
6105,72,1,0,0
6106,42,1,0,0
6107,107,1,0,0
6108,40,1,0,0
6109,91,1,0,0
6110,57,1,0,0
6111,131,1,0,0
6112,100,1,0,0
6113,151,1,0,0
6114,34,1,0,0
6115,111,1,0,0
6116,26,1,0,0
6117,19,1,0,0
6118,13,1,0,0
6119,48,1,0,0
6120,49,1,0,0
6121,35,1,0,0
6122,118,1,0,0
6123,7,1,0,0
6124,44,1,0,0
6125,25,1,0,0
6126,50,1,0,0
6127,74,1,0,0
6128,53,1,0,0
6129,37,1,0,0
6130,73,1,0,0
6131,67,1,0,0
6132,29,1,0,0
6133,137,1,0,0
6134,60,1,0,0
6135,36,1,0,0
6136,17,1,0,0
6137,28,1,0,0
6138,83,1,0,0
6139,40,1,0,0
6140,187,1,0,0
6141,28,1,0,0
6142,17,1,0,0
6143,39,1,0,0
6144,29,1,0,0
6145,154,1,0,0
6146,60,1,0,0
6147,125,1,0,0
6148,104,1,0,0
6149,70,1,0,0
6150,235,1,0,0
6151,29,1,0,0
6152,61,1,0,0
6153,32,1,0,0
6154,75,1,0,0
6155,48,1,0,0
6156,63,1,0,0
6157,90,1,0,0
6158,53,1,0,0
6159,342,1,0,0
6160,60,1,0,0
6161,65,1,0,0
6162,33,1,0,0
6163,54,1,0,0
6164,27,1,0,0
6165,30,1,0,0
6166,26,1,0,0
6167,66,1,0,0
6168,95,1,0,0
6169,72,1,0,0
6170,29,1,0,0
6171,106,1,0,0
6172,155,1,0,0
6173,135,1,0,0
6174,138,1,0,0
6175,18,1,0,0
6176,140,1,0,0
6177,43,1,0,0
6178,54,1,0,0
6179,58,1,0,0
6180,34,1,0,0
6181,110,1,0,0
6182,126,1,0,0
6183,118,1,0,0
6184,51,1,0,0
6185,75,1,0,0
6186,39,1,0,0
6187,211,1,0,0
6188,69,1,0,0
6189,18,1,0,0
6190,50,1,0,0
6191,137,1,0,0
6192,30,1,0,0
6193,14,1,0,0
6194,25,1,0,0
6195,52,1,0,0
6196,13,1,0,0
6197,49,1,0,0
6198,13,1,0,0
6199,21,1,0,0
6200,124,1,0,0
6201,42,1,0,0
6202,79,1,0,0
6203,60,1,0,0
6204,12,1,0,0
6205,13,1,0,0
6206,48,1,0,0
6207,22,1,0,0
6208,26,1,0,0
6209,50,1,0,0
6210,30,1,0,0
6211,17,1,0,0
6212,46,1,0,0
6213,220,1,0,0
6214,54,1,0,0
6215,82,1,0,0
6216,54,1,0,0
6217,75,1,0,0
6218,86,1,0,0
6219,70,1,0,0
6220,39,1,0,0
6221,14,1,0,0
6222,55,1,0,0
6223,24,1,0,0
6224,76,1,0,0
6225,136,1,0,0
6226,35,1,0,0
6227,32,1,0,0
6228,316,1,0,0
6229,25,1,0,0
6230,110,1,0,0
6231,47,1,0,0
6232,103,1,0,0
6233,129,1,0,0
6234,25,1,0,0
6235,49,1,0,0
6236,78,1,0,0
6237,228,1,0,0
6238,141,1,0,0
6239,117,1,0,0
6240,60,1,0,0
6241,58,1,0,0
6242,179,1,0,0
6243,60,1,0,0
6244,108,1,0,0
6245,32,1,0,0
6246,204,1,0,0
6247,73,1,0,0
6248,131,1,0,0
6249,41,1,0,0
6250,44,1,0,0
6251,108,1,0,0
6252,37,1,0,0
6253,202,1,0,0
6254,57,1,0,0
6255,52,1,0,0
6256,56,1,0,0
6257,22,1,0,0
6258,55,1,0,0
6259,51,1,0,0
6260,137,1,0,0
6261,179,1,0,0
6262,105,1,0,0
6263,87,1,0,0
6264,128,1,0,0
6265,87,1,0,0
6266,10,1,0,0
6267,17,1,0,0
6268,18,1,0,0
6269,25,1,0,0
6270,30,1,0,0
6271,115,1,0,0
6272,47,1,0,0
6273,10,1,0,0
6274,52,1,0,0
6275,48,1,0,0
6276,102,1,0,0
6277,40,1,0,0
6278,57,1,0,0
6279,44,1,0,0
6280,30,1,0,0
6281,89,1,0,0
6282,44,1,0,0
6283,103,1,0,0
6284,195,1,0,0
6285,11,1,0,0
6286,12,1,0,0
6287,28,1,0,0
6288,83,1,0,0
6289,132,1,0,0
6290,46,1,0,0
6291,54,1,0,0
6292,86,1,0,0
6293,82,1,0,0
6294,33,1,0,0
6295,8,1,0,0
6296,303,1,0,0
6297,11,1,0,0
6298,32,1,0,0
6299,64,1,0,0
6300,82,1,0,0
6301,49,1,0,0
6302,19,1,0,0
6303,42,1,0,0
6304,62,1,0,0
6305,304,1,0,0
6306,9,1,0,0
6307,211,1,0,0
6308,14,1,0,0
6309,152,1,0,0
6310,70,1,0,0
6311,77,1,0,0
6312,219,1,0,0
6313,33,1,0,0
6314,48,1,0,0
6315,20,1,0,0
6316,140,1,0,0
6317,35,1,0,0
6318,104,1,0,0
6319,20,1,0,0
6320,124,1,0,0
6321,31,1,0,0
6322,75,1,0,0
6323,54,1,0,0
6324,35,1,0,0
6325,76,1,0,0
6326,36,1,0,0
6327,48,1,0,0
6328,26,1,0,0
6329,42,1,0,0
6330,36,1,0,0
6331,137,1,0,0
6332,100,1,0,0
6333,30,1,0,0
6334,88,1,0,0
6335,59,1,0,0
6336,201,1,0,0
6337,72,1,0,0
6338,32,1,0,0
6339,56,1,0,0
6340,25,1,0,0
6341,53,1,0,0
6342,50,1,0,0
6343,21,1,0,0
6344,99,1,0,0
6345,51,1,0,0
6346,30,1,0,0
6347,51,1,0,0
6348,67,1,0,0
6349,32,1,0,0
6350,48,1,0,0
6351,36,1,0,0
6352,33,1,0,0
6353,52,1,0,0
6354,30,1,0,0
6355,62,1,0,0
6356,47,1,0,0
6357,195,1,0,0
6358,52,1,0,0
6359,94,1,0,0
6360,115,1,0,0
6361,225,1,0,0
6362,48,1,0,0
6363,50,1,0,0
6364,46,1,0,0
6365,20,1,0,0
6366,61,1,0,0
6367,9,1,0,0
6368,90,1,0,0
6369,47,1,0,0
6370,66,1,0,0
6371,69,1,0,0
6372,19,1,0,0
6373,31,1,0,0
6374,20,1,0,0
6375,71,1,0,0
6376,47,1,0,0
6377,90,1,0,0
6378,56,1,0,0
6379,124,1,0,0
6380,19,1,0,0
6381,37,1,0,0
6382,30,1,0,0
6383,70,1,0,0
6384,218,1,0,0
6385,60,1,0,0
6386,269,1,0,0
6387,108,1,0,0
6388,28,1,0,0
6389,99,1,0,0
6390,112,1,0,0
6391,63,1,0,0
6392,33,1,0,0
6393,52,1,0,0
6394,36,1,0,0
6395,102,1,0,0
6396,186,1,0,0
6397,170,1,0,0
6398,123,1,0,0
6399,19,1,0,0
6400,37,1,0,0
6401,117,1,0,0
6402,35,1,0,0
6403,70,1,0,0
6404,73,1,0,0
6405,68,1,0,0
6406,28,1,0,0
6407,59,1,0,0
6408,48,1,0,0
6409,129,1,0,0
6410,132,1,0,0
6411,203,1,0,0
6412,77,1,0,0
6413,23,1,0,0
6414,25,1,0,0
6415,87,1,0,0
6416,24,1,0,0
6417,43,1,0,0
6418,86,1,0,0
6419,47,1,0,0
6420,111,1,0,0
6421,19,1,0,0
6422,7,1,0,0
6423,21,1,0,0
6424,24,1,0,0
6425,24,1,0,0
6426,28,1,0,0
6427,70,1,0,0
6428,30,1,0,0
6429,32,1,0,0
6430,96,1,0,0
6431,23,1,0,0
6432,47,1,0,0
6433,36,1,0,0
6434,58,1,0,0
6435,82,1,0,0
6436,172,1,0,0
6437,29,1,0,0
6438,57,1,0,0
6439,103,1,0,0
6440,89,1,0,0
6441,281,1,0,0
6442,52,1,0,0
6443,19,1,0,0
6444,92,1,0,0
6445,119,1,0,0
6446,82,1,0,0
6447,47,1,0,0
6448,23,1,0,0
6449,92,1,0,0
6450,21,1,0,0
6451,62,1,0,0
6452,78,1,0,0
6453,76,1,0,0
6454,23,1,0,0
6455,105,1,0,0
6456,61,1,0,0
6457,86,1,0,0
6458,71,1,0,0
6459,13,1,0,0
6460,59,1,0,0
6461,50,1,0,0
6462,89,1,0,0
6463,27,1,0,0
6464,27,1,0,0
6465,106,1,0,0
6466,46,1,0,0
6467,43,1,0,0
6468,13,1,0,0
6469,22,1,0,0
6470,58,1,0,0
6471,70,1,0,0
6472,100,1,0,0
6473,152,1,0,0
6474,22,1,0,0
6475,69,1,0,0
6476,72,1,0,0
6477,99,1,0,0
6478,14,1,0,0
6479,16,1,0,0
6480,25,1,0,0
6481,33,1,0,0
6482,19,1,0,0
6483,61,1,0,0
6484,69,1,0,0
6485,165,1,0,0
6486,71,1,0,0
6487,66,1,0,0
6488,62,1,0,0
6489,73,1,0,0
6490,53,1,0,0
6491,69,1,0,0
6492,99,1,0,0
6493,114,1,0,0
6494,29,1,0,0
6495,31,1,0,0
6496,255,1,0,0
6497,7,1,0,0
6498,66,1,0,0
6499,96,1,0,0
6500,32,1,0,0
6501,70,1,0,0
6502,48,1,0,0
6503,99,1,0,0
6504,50,1,0,0
6505,29,1,0,0
6506,128,1,0,0
6507,60,1,0,0
6508,87,1,0,0
6509,26,1,0,0
6510,90,1,0,0
6511,53,1,0,0
6512,63,1,0,0
6513,42,1,0,0
6514,52,1,0,0
6515,20,1,0,0
6516,44,1,0,0
6517,33,1,0,0
6518,29,1,0,0
6519,38,1,0,0
6520,28,1,0,0
6521,73,1,0,0
6522,23,1,0,0
6523,56,1,0,0
6524,43,1,0,0
6525,34,1,0,0
6526,82,1,0,0
6527,112,1,0,0
6528,45,1,0,0
6529,63,1,0,0
6530,34,1,0,0
6531,126,1,0,0
6532,65,1,0,0
6533,116,1,0,0
6534,61,1,0,0
6535,15,1,0,0
6536,37,1,0,0
6537,39,1,0,0
6538,106,1,0,0
6539,42,1,0,0
6540,104,1,0,0
6541,49,1,0,0
6542,44,1,0,0
6543,46,1,0,0
6544,42,1,0,0
6545,68,1,0,0
6546,64,1,0,0
6547,202,1,0,0
6548,90,1,0,0
6549,24,1,0,0
6550,44,1,0,0
6551,101,1,0,0
6552,65,1,0,0
6553,54,1,0,0
6554,70,1,0,0
6555,24,1,0,0
6556,111,1,0,0
6557,64,1,0,0
6558,101,1,0,0
6559,142,1,0,0
6560,68,1,0,0
6561,49,1,0,0
6562,60,1,0,0
6563,76,1,0,0
6564,89,1,0,0
6565,84,1,0,0
6566,107,1,0,0
6567,61,1,0,0
6568,29,1,0,0
6569,26,1,0,0
6570,108,1,0,0
6571,117,1,0,0
6572,18,1,0,0
6573,88,1,0,0
6574,75,1,0,0
6575,99,1,0,0
6576,29,1,0,0
6577,123,1,0,0
6578,67,1,0,0
6579,36,1,0,0
6580,11,1,0,0
6581,57,1,0,0
6582,72,1,0,0
6583,64,1,0,0
6584,45,1,0,0
6585,50,1,0,0
6586,106,1,0,0
6587,75,1,0,0
6588,152,1,0,0
6589,118,1,0,0
6590,79,1,0,0
6591,30,1,0,0
6592,81,1,0,0
6593,127,1,0,0
6594,110,1,0,0
6595,46,1,0,0
6596,25,1,0,0
6597,94,1,0,0
6598,26,1,0,0
6599,164,1,0,0
6600,87,1,0,0
6601,81,1,0,0
6602,126,1,0,0
6603,51,1,0,0
6604,24,1,0,0
6605,66,1,0,0
6606,11,1,0,0
6607,117,1,0,0
6608,19,1,0,0
6609,32,1,0,0
6610,250,1,0,0
6611,85,1,0,0
6612,172,1,0,0
6613,114,1,0,0
6614,55,1,0,0
6615,53,1,0,0
6616,87,1,0,0
6617,23,1,0,0
6618,186,1,0,0
6619,72,1,0,0
6620,72,1,0,0
6621,43,1,0,0
6622,64,1,0,0
6623,139,1,0,0
6624,98,1,0,0
6625,84,1,0,0
6626,17,1,0,0
6627,62,1,0,0
6628,84,1,0,0
6629,27,1,0,0
6630,35,1,0,0
6631,78,1,0,0
6632,62,1,0,0
6633,32,1,0,0
6634,65,1,0,0
6635,32,1,0,0
6636,165,1,0,0
6637,71,1,0,0
6638,33,1,0,0
6639,66,1,0,0
6640,79,1,0,0
6641,74,1,0,0
6642,38,1,0,0
6643,108,1,0,0
6644,79,1,0,0
6645,16,1,0,0
6646,20,1,0,0
6647,26,1,0,0
6648,89,1,0,0
6649,86,1,0,0
6650,23,1,0,0
6651,95,1,0,0
6652,61,1,0,0
6653,142,1,0,0
6654,36,1,0,0
6655,67,1,0,0
6656,87,1,0,0
6657,100,1,0,0
6658,22,1,0,0
6659,9,1,0,0
6660,35,1,0,0
6661,78,1,0,0
6662,37,1,0,0
6663,19,1,0,0
6664,104,1,0,0
6665,30,1,0,0
6666,204,1,0,0
6667,109,1,0,0
6668,67,1,0,0
6669,74,1,0,0
6670,21,1,0,0
6671,168,1,0,0
6672,19,1,0,0
6673,120,1,0,0
6674,113,1,0,0
6675,112,1,0,0
6676,18,1,0,0
6677,92,1,0,0
6678,121,1,0,0
6679,95,1,0,0
6680,33,1,0,0
6681,79,1,0,0
6682,128,1,0,0
6683,54,1,0,0
6684,39,1,0,0
6685,50,1,0,0
6686,73,1,0,0
6687,33,1,0,0
6688,165,1,0,0
6689,52,1,0,0
6690,59,1,0,0
6691,53,1,0,0
6692,206,1,0,0
6693,51,1,0,0
6694,64,1,0,0
6695,68,1,0,0
6696,194,1,0,0
6697,29,1,0,0
6698,19,1,0,0
6699,25,1,0,0
6700,100,1,0,0
6701,48,1,0,0
6702,65,1,0,0
6703,65,1,0,0
6704,32,1,0,0
6705,11,1,0,0
6706,64,1,0,0
6707,46,1,0,0
6708,112,1,0,0
6709,66,1,0,0
6710,40,1,0,0
6711,147,1,0,0
6712,95,1,0,0
6713,83,1,0,0
6714,118,1,0,0
6715,137,1,0,0
6716,12,1,0,0
6717,23,1,0,0
6718,91,1,0,0
6719,33,1,0,0
6720,205,1,0,0
6721,26,1,0,0
6722,209,1,0,0
6723,25,1,0,0
6724,72,1,0,0
6725,160,1,0,0
6726,137,1,0,0
6727,91,1,0,0
6728,121,1,0,0
6729,27,1,0,0
6730,12,1,0,0
6731,34,1,0,0
6732,48,1,0,0
6733,63,1,0,0
6734,33,1,0,0
6735,87,1,0,0
6736,40,1,0,0
6737,94,1,0,0
6738,66,1,0,0
6739,77,1,0,0
6740,29,1,0,0
6741,44,1,0,0
6742,61,1,0,0
6743,150,1,0,0
6744,29,1,0,0
6745,33,1,0,0
6746,103,1,0,0
6747,69,1,0,0
6748,7,1,0,0
6749,26,1,0,0
6750,158,1,0,0
6751,18,1,0,0
6752,45,1,0,0
6753,23,1,0,0
6754,26,1,0,0
6755,122,1,0,0
6756,55,1,0,0
6757,14,1,0,0
6758,116,1,0,0
6759,70,1,0,0
6760,50,1,0,0
6761,118,1,0,0
6762,61,1,0,0
6763,22,1,0,0
6764,106,1,0,0
6765,38,1,0,0
6766,63,1,0,0
6767,63,1,0,0
6768,58,1,0,0
6769,19,1,0,0
6770,35,1,0,0
6771,21,1,0,0
6772,32,1,0,0
6773,127,1,0,0
6774,51,1,0,0
6775,54,1,0,0
6776,32,1,0,0
6777,92,1,0,0
6778,86,1,0,0
6779,56,1,0,0
6780,223,1,0,0
6781,24,1,0,0
6782,71,1,0,0
6783,106,1,0,0
6784,73,1,0,0
6785,87,1,0,0
6786,52,1,0,0
6787,79,1,0,0
6788,39,1,0,0
6789,36,1,0,0
6790,25,1,0,0
6791,84,1,0,0
6792,75,1,0,0
6793,15,1,0,0
6794,51,1,0,0
6795,25,1,0,0
6796,34,1,0,0
6797,139,1,0,0
6798,15,1,0,0
6799,109,1,0,0
6800,26,1,0,0
6801,33,1,0,0
6802,81,1,0,0
6803,61,1,0,0
6804,198,1,0,0
6805,64,1,0,0
6806,77,1,0,0
6807,22,1,0,0
6808,75,1,0,0
6809,86,1,0,0
6810,21,1,0,0
6811,93,1,0,0
6812,45,1,0,0
6813,79,1,0,0
6814,11,1,0,0
6815,127,1,0,0
6816,33,1,0,0
6817,237,1,0,0
6818,111,1,0,0
6819,132,1,0,0
6820,160,1,0,0
6821,64,1,0,0
6822,93,1,0,0
6823,50,1,0,0
6824,64,1,0,0
6825,106,1,0,0
6826,69,1,0,0
6827,70,1,0,0
6828,33,1,0,0
6829,36,1,0,0
6830,76,1,0,0
6831,41,1,0,0
6832,88,1,0,0
6833,22,1,0,0
6834,130,1,0,0
6835,64,1,0,0
6836,60,1,0,0
6837,21,1,0,0
6838,44,1,0,0
6839,142,1,0,0
6840,156,1,0,0
6841,16,1,0,0
6842,13,1,0,0
6843,47,1,0,0
6844,37,1,0,0
6845,34,1,0,0
6846,106,1,0,0
6847,18,1,0,0
6848,168,1,0,0
6849,126,1,0,0
6850,92,1,0,0
6851,13,1,0,0
6852,59,1,0,0
6853,72,1,0,0
6854,58,1,0,0
6855,155,1,0,0
6856,10,1,0,0
6857,166,1,0,0
6858,55,1,0,0
6859,29,1,0,0
6860,60,1,0,0
6861,54,1,0,0
6862,86,1,0,0
6863,40,1,0,0
6864,51,1,0,0
6865,21,1,0,0
6866,66,1,0,0
6867,53,1,0,0
6868,51,1,0,0
6869,10,1,0,0
6870,58,1,0,0
6871,75,1,0,0
6872,103,1,0,0
6873,126,1,0,0
6874,44,1,0,0
6875,38,1,0,0
6876,61,1,0,0
6877,82,1,0,0
6878,297,1,0,0
6879,12,1,0,0
6880,108,1,0,0
6881,105,1,0,0
6882,15,1,0,0
6883,15,1,0,0
6884,64,1,0,0
6885,81,1,0,0
6886,61,1,0,0
6887,41,1,0,0
6888,19,1,0,0
6889,62,1,0,0
6890,93,1,0,0
6891,28,1,0,0
6892,55,1,0,0
6893,34,1,0,0
6894,21,1,0,0
6895,31,1,0,0
6896,20,1,0,0
6897,107,1,0,0
6898,49,1,0,0
6899,94,1,0,0
6900,95,1,0,0
6901,195,1,0,0
6902,61,1,0,0
6903,89,1,0,0
6904,66,1,0,0
6905,50,1,0,0
6906,19,1,0,0
6907,11,1,0,0
6908,53,1,0,0
6909,171,1,0,0
6910,51,1,0,0
6911,15,1,0,0
6912,63,1,0,0
6913,98,1,0,0
6914,40,1,0,0
6915,7,1,0,0
6916,44,1,0,0
6917,51,1,0,0
6918,114,1,0,0
6919,33,1,0,0
6920,34,1,0,0
6921,40,1,0,0
6922,55,1,0,0
6923,52,1,0,0
6924,59,1,0,0
6925,52,1,0,0
6926,31,1,0,0
6927,131,1,0,0
6928,7,1,0,0
6929,140,1,0,0
6930,56,1,0,0
6931,36,1,0,0
6932,79,1,0,0
6933,132,1,0,0
6934,113,1,0,0
6935,44,1,0,0
6936,151,1,0,0
6937,25,1,0,0
6938,18,1,0,0
6939,96,1,0,0
6940,108,1,0,0
6941,55,1,0,0
6942,37,1,0,0
6943,31,1,0,0
6944,38,1,0,0
6945,29,1,0,0
6946,48,1,0,0
6947,11,1,0,0
6948,35,1,0,0
6949,49,1,0,0
6950,38,1,0,0
6951,84,1,0,0
6952,61,1,0,0
6953,30,1,0,0
6954,48,1,0,0
6955,24,1,0,0
6956,83,1,0,0
6957,101,1,0,0
6958,19,1,0,0
6959,102,1,0,0
6960,66,1,0,0
6961,103,1,0,0
6962,30,1,0,0
6963,37,1,0,0
6964,104,1,0,0
6965,78,1,0,0
6966,147,1,0,0
6967,32,1,0,0
6968,182,1,0,0
6969,66,1,0,0
6970,29,1,0,0
6971,13,1,0,0
6972,114,1,0,0
6973,128,1,0,0
6974,68,1,0,0
6975,120,1,0,0
6976,101,1,0,0
6977,108,1,0,0
6978,16,1,0,0
6979,79,1,0,0
6980,90,1,0,0
6981,63,1,0,0
6982,21,1,0,0
6983,81,1,0,0
6984,56,1,0,0
6985,34,1,0,0
6986,42,1,0,0
6987,196,1,0,0
6988,86,1,0,0
6989,137,1,0,0
6990,114,1,0,0
6991,126,1,0,0
6992,70,1,0,0
6993,21,1,0,0
6994,13,1,0,0
6995,93,1,0,0
6996,96,1,0,0
6997,107,1,0,0
6998,73,1,0,0
6999,108,1,0,0
7000,23,1,0,0
7001,131,1,0,0
7002,68,1,0,0
7003,91,1,0,0
7004,59,1,0,0
7005,98,1,0,0
7006,39,1,0,0
7007,104,1,0,0
7008,71,1,0,0
7009,217,1,0,0
7010,14,1,0,0
7011,149,1,0,0
7012,83,1,0,0
7013,301,1,0,0
7014,101,1,0,0
7015,48,1,0,0
7016,120,1,0,0
7017,19,1,0,0
7018,94,1,0,0
7019,22,1,0,0
7020,87,1,0,0
7021,195,1,0,0
7022,85,1,0,0
7023,24,1,0,0
7024,41,1,0,0
7025,13,1,0,0
7026,19,1,0,0
7027,104,1,0,0
7028,47,1,0,0
7029,52,1,0,0
7030,60,1,0,0
7031,27,1,0,0
7032,13,1,0,0
7033,25,1,0,0
7034,116,1,0,0
7035,57,1,0,0
7036,143,1,0,0
7037,34,1,0,0
7038,33,1,0,0
7039,104,1,0,0
7040,111,1,0,0
7041,123,1,0,0
7042,26,1,0,0
7043,19,1,0,0
7044,99,1,0,0
7045,74,1,0,0
7046,58,1,0,0
7047,81,1,0,0
7048,25,1,0,0
7049,108,1,0,0
7050,74,1,0,0
7051,26,1,0,0
7052,54,1,0,0
7053,41,1,0,0
7054,15,1,0,0
7055,150,1,0,0
7056,77,1,0,0
7057,54,1,0,0
7058,53,1,0,0
7059,32,1,0,0
7060,119,1,0,0
7061,77,1,0,0
7062,109,1,0,0
7063,30,1,0,0
7064,59,1,0,0
7065,38,1,0,0
7066,98,1,0,0
7067,30,1,0,0
7068,220,1,0,0
7069,107,1,0,0
7070,81,1,0,0
7071,36,1,0,0
7072,80,1,0,0
7073,77,1,0,0
7074,27,1,0,0
7075,47,1,0,0
7076,20,1,0,0
7077,71,1,0,0
7078,19,1,0,0
7079,70,1,0,0
7080,76,1,0,0
7081,218,1,0,0
7082,15,1,0,0
7083,100,1,0,0
7084,50,1,0,0
7085,12,1,0,0
7086,86,1,0,0
7087,21,1,0,0
7088,71,1,0,0
7089,128,1,0,0
7090,21,1,0,0
7091,37,1,0,0
7092,95,1,0,0
7093,48,1,0,0
7094,77,1,0,0
7095,35,1,0,0
7096,52,1,0,0
7097,99,1,0,0
7098,110,1,0,0
7099,76,1,0,0
7100,164,1,0,0
7101,112,1,0,0
7102,61,1,0,0
7103,34,1,0,0
7104,46,1,0,0
7105,83,1,0,0
7106,27,1,0,0
7107,54,1,0,0
7108,27,1,0,0
7109,73,1,0,0
7110,119,1,0,0
7111,17,1,0,0
7112,55,1,0,0
7113,15,1,0,0
7114,93,1,0,0
7115,91,1,0,0
7116,65,1,0,0
7117,49,1,0,0
7118,169,1,0,0
7119,191,1,0,0
7120,51,1,0,0
7121,42,1,0,0
7122,43,1,0,0
7123,31,1,0,0
7124,36,1,0,0
7125,24,1,0,0
7126,55,1,0,0
7127,20,1,0,0
7128,67,1,0,0
7129,33,1,0,0
7130,47,1,0,0
7131,43,1,0,0
7132,74,1,0,0
7133,64,1,0,0
7134,67,1,0,0
7135,41,1,0,0
7136,51,1,0,0
7137,48,1,0,0
7138,24,1,0,0
7139,18,1,0,0
7140,61,1,0,0
7141,85,1,0,0
7142,56,1,0,0
7143,13,1,0,0
7144,22,1,0,0
7145,43,1,0,0
7146,103,1,0,0
7147,103,1,0,0
7148,92,1,0,0
7149,113,1,0,0
7150,60,1,0,0
7151,45,1,0,0
7152,74,1,0,0
7153,29,1,0,0
7154,16,1,0,0
7155,19,1,0,0
7156,36,1,0,0
7157,17,1,0,0
7158,79,1,0,0
7159,24,1,0,0
7160,34,1,0,0
7161,60,1,0,0
7162,27,1,0,0
7163,54,1,0,0
7164,28,1,0,0
7165,35,1,0,0
7166,133,1,0,0
7167,15,1,0,0
7168,62,1,0,0
7169,81,1,0,0
7170,42,1,0,0
7171,83,1,0,0
7172,19,1,0,0
7173,69,1,0,0
7174,117,1,0,0
7175,90,1,0,0
7176,31,1,0,0
7177,25,1,0,0
7178,39,1,0,0
7179,66,1,0,0
7180,84,1,0,0
7181,182,1,0,0
7182,8,1,0,0
7183,18,1,0,0
7184,18,1,0,0
7185,137,1,0,0
7186,40,1,0,0
7187,213,1,0,0
7188,114,1,0,0
7189,110,1,0,0
7190,17,1,0,0
7191,52,1,0,0
7192,33,1,0,0
7193,74,1,0,0
7194,79,1,0,0
7195,25,1,0,0
7196,90,1,0,0
7197,15,1,0,0
7198,39,1,0,0
7199,48,1,0,0
7200,47,1,0,0
7201,8,1,0,0
7202,178,1,0,0
7203,74,1,0,0
7204,144,1,0,0
7205,101,1,0,0
7206,159,1,0,0
7207,58,1,0,0
7208,109,1,0,0
7209,79,1,0,0
7210,28,1,0,0
7211,90,1,0,0
7212,91,1,0,0
7213,150,1,0,0
7214,68,1,0,0
7215,75,1,0,0
7216,189,1,0,0
7217,28,1,0,0
7218,53,1,0,0
7219,31,1,0,0
7220,69,1,0,0
7221,78,1,0,0
7222,52,1,0,0
7223,45,1,0,0
7224,19,1,0,0
7225,75,1,0,0
7226,11,1,0,0
7227,39,1,0,0
7228,43,1,0,0
7229,51,1,0,0
7230,17,1,0,0
7231,136,1,0,0
7232,49,1,0,0
7233,58,1,0,0
7234,140,1,0,0
7235,58,1,0,0
7236,48,1,0,0
7237,301,1,0,0
7238,9,1,0,0
7239,110,1,0,0
7240,141,1,0,0
7241,34,1,0,0
7242,45,1,0,0
7243,139,1,0,0
7244,78,1,0,0
7245,17,1,0,0
7246,57,1,0,0
7247,80,1,0,0
7248,24,1,0,0
7249,11,1,0,0
7250,56,1,0,0
7251,9,1,0,0
7252,25,1,0,0
7253,29,1,0,0
7254,22,1,0,0
7255,44,1,0,0
7256,67,1,0,0
7257,72,1,0,0
7258,52,1,0,0
7259,56,1,0,0
7260,174,1,0,0
7261,40,1,0,0
7262,53,1,0,0
7263,23,1,0,0
7264,81,1,0,0
7265,99,1,0,0
7266,53,1,0,0
7267,60,1,0,0
7268,10,1,0,0
7269,8,1,0,0
7270,46,1,0,0
7271,11,1,0,0
7272,34,1,0,0
7273,18,1,0,0
7274,64,1,0,0
7275,332,1,0,0
7276,49,1,0,0
7277,73,1,0,0
7278,51,1,0,0
7279,53,1,0,0
7280,37,1,0,0
7281,80,1,0,0
7282,102,1,0,0
7283,57,1,0,0
7284,150,1,0,0
7285,91,1,0,0
7286,80,1,0,0
7287,202,1,0,0
7288,71,1,0,0
7289,14,1,0,0
7290,18,1,0,0
7291,57,1,0,0
7292,137,1,0,0
7293,99,1,0,0
7294,42,1,0,0
7295,99,1,0,0
7296,129,1,0,0
7297,163,1,0,0
7298,27,1,0,0
7299,40,1,0,0
7300,17,1,0,0
7301,98,1,0,0
7302,102,1,0,0
7303,89,1,0,0
7304,15,1,0,0
7305,38,1,0,0
7306,73,1,0,0
7307,42,1,0,0
7308,45,1,0,0
7309,99,1,0,0
7310,52,1,0,0
7311,16,1,0,0
7312,52,1,0,0
7313,25,1,0,0
7314,14,1,0,0
7315,76,1,0,0
7316,49,1,0,0
7317,92,1,0,0
7318,47,1,0,0
7319,49,1,0,0
7320,18,1,0,0
7321,40,1,0,0
7322,98,1,0,0
7323,313,1,0,0
7324,151,1,0,0
7325,8,1,0,0
7326,57,1,0,0
7327,79,1,0,0
7328,64,1,0,0
7329,208,1,0,0
7330,65,1,0,0
7331,136,1,0,0
7332,64,1,0,0
7333,42,1,0,0
7334,20,1,0,0
7335,83,1,0,0
7336,135,1,0,0
7337,44,1,0,0
7338,249,1,0,0
7339,50,1,0,0
7340,75,1,0,0
7341,29,1,0,0
7342,22,1,0,0
7343,30,1,0,0
7344,59,1,0,0
7345,219,1,0,0
7346,93,1,0,0
7347,35,1,0,0
7348,67,1,0,0
7349,252,1,0,0
7350,154,1,0,0
7351,11,1,0,0
7352,13,1,0,0
7353,62,1,0,0
7354,132,1,0,0
7355,94,1,0,0
7356,45,1,0,0
7357,53,1,0,0
7358,34,1,0,0
7359,7,1,0,0
7360,279,1,0,0
7361,74,1,0,0
7362,37,1,0,0
7363,59,1,0,0
7364,51,1,0,0
7365,26,1,0,0
7366,21,1,0,0
7367,45,1,0,0
7368,167,1,0,0
7369,254,1,0,0
7370,69,1,0,0
7371,73,1,0,0
7372,61,1,0,0
7373,24,1,0,0
7374,205,1,0,0
7375,47,1,0,0
7376,66,1,0,0
7377,67,1,0,0
7378,31,1,0,0
7379,126,1,0,0
7380,37,1,0,0
7381,10,1,0,0
7382,51,1,0,0
7383,162,1,0,0
7384,97,1,0,0
7385,60,1,0,0
7386,22,1,0,0
7387,60,1,0,0
7388,27,1,0,0
7389,63,1,0,0
7390,53,1,0,0
7391,28,1,0,0
7392,22,1,0,0
7393,43,1,0,0
7394,115,1,0,0
7395,90,1,0,0
7396,26,1,0,0
7397,101,1,0,0
7398,47,1,0,0
7399,21,1,0,0
7400,31,1,0,0
7401,96,1,0,0
7402,58,1,0,0
7403,112,1,0,0
7404,116,1,0,0
7405,37,1,0,0
7406,64,1,0,0
7407,114,1,0,0
7408,34,1,0,0
7409,34,1,0,0
7410,58,1,0,0
7411,31,1,0,0
7412,40,1,0,0
7413,10,1,0,0
7414,53,1,0,0
7415,154,1,0,0
7416,20,1,0,0
7417,86,1,0,0
7418,134,1,0,0
7419,25,1,0,0
7420,41,1,0,0
7421,47,1,0,0
7422,31,1,0,0
7423,36,1,0,0
7424,63,1,0,0
7425,33,1,0,0
7426,19,1,0,0
7427,134,1,0,0
7428,54,1,0,0
7429,121,1,0,0
7430,49,1,0,0
7431,20,1,0,0
7432,20,1,0,0
7433,29,1,0,0
7434,14,1,0,0
7435,265,1,0,0
7436,42,1,0,0
7437,87,1,0,0
7438,75,1,0,0
7439,105,1,0,0
7440,51,1,0,0
7441,159,1,0,0
7442,146,1,0,0
7443,119,1,0,0
7444,220,1,0,0
7445,74,1,0,0
7446,53,1,0,0
7447,39,1,0,0
7448,45,1,0,0
7449,170,1,0,0
7450,165,1,0,0
7451,51,1,0,0
7452,205,1,0,0
7453,43,1,0,0
7454,138,1,0,0
7455,63,1,0,0
7456,128,1,0,0
7457,129,1,0,0
7458,25,1,0,0
7459,114,1,0,0
7460,63,1,0,0
7461,100,1,0,0
7462,131,1,0,0
7463,41,1,0,0
7464,42,1,0,0
7465,159,1,0,0
7466,28,1,0,0
7467,16,1,0,0
7468,30,1,0,0
7469,101,1,0,0
7470,21,1,0,0
7471,10,1,0,0
7472,111,1,0,0
7473,17,1,0,0
7474,15,1,0,0
7475,98,1,0,0
7476,29,1,0,0
7477,49,1,0,0
7478,26,1,0,0
7479,16,1,0,0
7480,82,1,0,0
7481,101,1,0,0
7482,52,1,0,0
7483,62,1,0,0
7484,70,1,0,0
7485,95,1,0,0
7486,84,1,0,0
7487,34,1,0,0
7488,73,1,0,0
7489,55,1,0,0
7490,98,1,0,0
7491,54,1,0,0
7492,31,1,0,0
7493,91,1,0,0
7494,48,1,0,0
7495,110,1,0,0
7496,34,1,0,0
7497,75,1,0,0
7498,46,1,0,0
7499,22,1,0,0
7500,26,1,0,0
7501,32,1,0,0
7502,62,1,0,0
7503,46,1,0,0
7504,49,1,0,0
7505,229,1,0,0
7506,9,1,0,0
7507,25,1,0,0
7508,78,1,0,0
7509,67,1,0,0
7510,103,1,0,0
7511,32,1,0,0
7512,18,1,0,0
7513,10,1,0,0
7514,13,1,0,0
7515,54,1,0,0
7516,83,1,0,0
7517,126,1,0,0
7518,136,1,0,0
7519,45,1,0,0
7520,28,1,0,0
7521,40,1,0,0
7522,21,1,0,0
7523,37,1,0,0
7524,157,1,0,0
7525,36,1,0,0
7526,69,1,0,0
7527,48,1,0,0
7528,74,1,0,0
7529,26,1,0,0
7530,61,1,0,0
7531,29,1,0,0
7532,45,1,0,0
7533,25,1,0,0
7534,29,1,0,0
7535,24,1,0,0
7536,98,1,0,0
7537,125,1,0,0
7538,208,1,0,0
7539,85,1,0,0
7540,136,1,0,0
7541,36,1,0,0
7542,48,1,0,0
7543,169,1,0,0
7544,65,1,0,0
7545,104,1,0,0
7546,67,1,0,0
7547,85,1,0,0
7548,59,1,0,0
7549,85,1,0,0
7550,66,1,0,0
7551,114,1,0,0
7552,24,1,0,0
7553,38,1,0,0
7554,41,1,0,0
7555,72,1,0,0
7556,60,1,0,0
7557,25,1,0,0
7558,58,1,0,0
7559,108,1,0,0
7560,73,1,0,0
7561,31,1,0,0
7562,122,1,0,0
7563,120,1,0,0
7564,85,1,0,0
7565,170,1,0,0
7566,104,1,0,0
7567,178,1,0,0
7568,9,1,0,0
7569,88,1,0,0
7570,130,1,0,0
7571,17,1,0,0
7572,157,1,0,0
7573,37,1,0,0
7574,69,1,0,0
7575,36,1,0,0
7576,179,1,0,0
7577,53,1,0,0
7578,82,1,0,0
7579,68,1,0,0
7580,135,1,0,0
7581,70,1,0,0
7582,59,1,0,0
7583,26,1,0,0
7584,97,1,0,0
7585,219,1,0,0
7586,155,1,0,0
7587,97,1,0,0
7588,111,1,0,0
7589,93,1,0,0
7590,40,1,0,0
7591,9,1,0,0
7592,94,1,0,0
7593,28,1,0,0
7594,82,1,0,0
7595,78,1,0,0
7596,28,1,0,0
7597,150,1,0,0
7598,71,1,0,0
7599,123,1,0,0
7600,74,1,0,0
7601,78,1,0,0
7602,101,1,0,0
7603,109,1,0,0
7604,37,1,0,0
7605,69,1,0,0
7606,33,1,0,0
7607,43,1,0,0
7608,32,1,0,0
7609,96,1,0,0
7610,42,1,0,0
7611,39,1,0,0
7612,71,1,0,0
7613,87,1,0,0
7614,63,1,0,0
7615,109,1,0,0
7616,81,1,0,0
7617,58,1,0,0
7618,40,1,0,0
7619,73,1,0,0
7620,127,1,0,0
7621,22,1,0,0
7622,58,1,0,0
7623,175,1,0,0
7624,81,1,0,0
7625,106,1,0,0
7626,77,1,0,0
7627,32,1,0,0
7628,17,1,0,0
7629,195,1,0,0
7630,53,1,0,0
7631,87,1,0,0
7632,100,1,0,0
7633,49,1,0,0
7634,27,1,0,0
7635,64,1,0,0
7636,25,1,0,0
7637,118,1,0,0
7638,110,1,0,0
7639,107,1,0,0
7640,100,1,0,0
7641,90,1,0,0
7642,107,1,0,0
7643,168,1,0,0
7644,140,1,0,0
7645,111,1,0,0
7646,45,1,0,0
7647,59,1,0,0
7648,108,1,0,0
7649,263,1,0,0
7650,87,1,0,0
7651,26,1,0,0
7652,69,1,0,0
7653,65,1,0,0
7654,110,1,0,0
7655,56,1,0,0
7656,39,1,0,0
7657,37,1,0,0
7658,87,1,0,0
7659,75,1,0,0
7660,63,1,0,0
7661,53,1,0,0
7662,85,1,0,0
7663,23,1,0,0
7664,15,1,0,0
7665,149,1,0,0
7666,84,1,0,0
7667,97,1,0,0
7668,26,1,0,0
7669,36,1,0,0
7670,29,1,0,0
7671,18,1,0,0
7672,19,1,0,0
7673,56,1,0,0
7674,151,1,0,0
7675,134,1,0,0
7676,74,1,0,0
7677,23,1,0,0
7678,9,1,0,0
7679,32,1,0,0
7680,16,1,0,0
7681,44,1,0,0
7682,48,1,0,0
7683,40,1,0,0
7684,145,1,0,0
7685,25,1,0,0
7686,89,1,0,0
7687,20,1,0,0
7688,45,1,0,0
7689,117,1,0,0
7690,40,1,0,0
7691,168,1,0,0
7692,123,1,0,0
7693,157,1,0,0
7694,13,1,0,0
7695,128,1,0,0
7696,50,1,0,0
7697,192,1,0,0
7698,109,1,0,0
7699,27,1,0,0
7700,82,1,0,0
7701,18,1,0,0
7702,189,1,0,0
7703,88,1,0,0
7704,85,1,0,0
7705,15,1,0,0
7706,109,1,0,0
7707,61,1,0,0
7708,28,1,0,0
7709,27,1,0,0
7710,30,1,0,0
7711,179,1,0,0
7712,13,1,0,0
7713,47,1,0,0
7714,97,1,0,0
7715,88,1,0,0
7716,43,1,0,0
7717,25,1,0,0
7718,95,1,0,0
7719,50,1,0,0
7720,43,1,0,0
7721,190,1,0,0
7722,41,1,0,0
7723,124,1,0,0
7724,158,1,0,0
7725,49,1,0,0
7726,103,1,0,0
7727,76,1,0,0
7728,32,1,0,0
7729,236,1,0,0
7730,107,1,0,0
7731,35,1,0,0
7732,38,1,0,0
7733,97,1,0,0
7734,51,1,0,0
7735,68,1,0,0
7736,19,1,0,0
7737,11,1,0,0
7738,38,1,0,0
7739,115,1,0,0
7740,62,1,0,0
7741,56,1,0,0
7742,122,1,0,0
7743,67,1,0,0
7744,42,1,0,0
7745,77,1,0,0
7746,73,1,0,0
7747,198,1,0,0
7748,25,1,0,0
7749,77,1,0,0
7750,217,1,0,0
7751,151,1,0,0
7752,74,1,0,0
7753,35,1,0,0
7754,107,1,0,0
7755,68,1,0,0
7756,97,1,0,0
7757,62,1,0,0
7758,115,1,0,0
7759,66,1,0,0
7760,56,1,0,0
7761,23,1,0,0
7762,83,1,0,0
7763,29,1,0,0
7764,51,1,0,0
7765,21,1,0,0
7766,63,1,0,0
7767,73,1,0,0
7768,31,1,0,0
7769,18,1,0,0
7770,70,1,0,0
7771,48,1,0,0
7772,60,1,0,0
7773,33,1,0,0
7774,23,1,0,0
7775,53,1,0,0
7776,106,1,0,0
7777,21,1,0,0
7778,158,1,0,0
7779,35,1,0,0
7780,18,1,0,0
7781,18,1,0,0
7782,45,1,0,0
7783,61,1,0,0
7784,30,1,0,0
7785,70,1,0,0
7786,14,1,0,0
7787,125,1,0,0
7788,33,1,0,0
7789,34,1,0,0
7790,144,1,0,0
7791,46,1,0,0
7792,37,1,0,0
7793,72,1,0,0
7794,253,1,0,0
7795,65,1,0,0
7796,41,1,0,0
7797,7,1,0,0
7798,68,1,0,0
7799,114,1,0,0
7800,94,1,0,0
7801,104,1,0,0
7802,81,1,0,0
7803,169,1,0,0
7804,61,1,0,0
7805,66,1,0,0
7806,14,1,0,0
7807,129,1,0,0
7808,45,1,0,0
7809,51,1,0,0
7810,216,1,0,0
7811,21,1,0,0
7812,31,1,0,0
7813,48,1,0,0
7814,57,1,0,0
7815,23,1,0,0
7816,63,1,0,0
7817,31,1,0,0
7818,37,1,0,0
7819,78,1,0,0
7820,47,1,0,0
7821,52,1,0,0
7822,48,1,0,0
7823,83,1,0,0
7824,71,1,0,0
7825,16,1,0,0
7826,183,1,0,0
7827,15,1,0,0
7828,13,1,0,0
7829,38,1,0,0
7830,45,1,0,0
7831,235,1,0,0
7832,12,1,0,0
7833,35,1,0,0
7834,106,1,0,0
7835,147,1,0,0
7836,134,1,0,0
7837,40,1,0,0
7838,33,1,0,0
7839,89,1,0,0
7840,72,1,0,0
7841,158,1,0,0
7842,33,1,0,0
7843,35,1,0,0
7844,21,1,0,0
7845,37,1,0,0
7846,59,1,0,0
7847,120,1,0,0
7848,58,1,0,0
7849,63,1,0,0
7850,21,1,0,0
7851,27,1,0,0
7852,46,1,0,0
7853,97,1,0,0
7854,39,1,0,0
7855,23,1,0,0
7856,118,1,0,0
7857,9,1,0,0
7858,95,1,0,0
7859,21,1,0,0
7860,43,1,0,0
7861,100,1,0,0
7862,128,1,0,0
7863,33,1,0,0
7864,46,1,0,0
7865,55,1,0,0
7866,153,1,0,0
7867,54,1,0,0
7868,132,1,0,0
7869,39,1,0,0
7870,69,1,0,0
7871,136,1,0,0
7872,63,1,0,0
7873,35,1,0,0
7874,95,1,0,0
7875,113,1,0,0
7876,122,1,0,0
7877,51,1,0,0
7878,34,1,0,0
7879,66,1,0,0
7880,77,1,0,0
7881,29,1,0,0
7882,103,1,0,0
7883,110,1,0,0
7884,20,1,0,0
7885,35,1,0,0
7886,60,1,0,0
7887,35,1,0,0
7888,25,1,0,0
7889,21,1,0,0
7890,56,1,0,0
7891,125,1,0,0
7892,28,1,0,0
7893,109,1,0,0
7894,25,1,0,0
7895,50,1,0,0
7896,20,1,0,0
7897,34,1,0,0
7898,130,1,0,0
7899,55,1,0,0
7900,63,1,0,0
7901,238,1,0,0
7902,214,1,0,0
7903,93,1,0,0
7904,203,1,0,0
7905,73,1,0,0
7906,84,1,0,0
7907,56,1,0,0
7908,105,1,0,0
7909,45,1,0,0
7910,111,1,0,0
7911,61,1,0,0
7912,55,1,0,0
7913,67,1,0,0
7914,98,1,0,0
7915,45,1,0,0
7916,86,1,0,0
7917,99,1,0,0
7918,12,1,0,0
7919,53,1,0,0
7920,12,1,0,0
7921,101,1,0,0
7922,77,1,0,0
7923,105,1,0,0
7924,75,1,0,0
7925,24,1,0,0
7926,70,1,0,0
7927,31,1,0,0
7928,25,1,0,0
7929,16,1,0,0
7930,18,1,0,0
7931,93,1,0,0
7932,69,1,0,0
7933,34,1,0,0
7934,54,1,0,0
7935,118,1,0,0
7936,106,1,0,0
7937,76,1,0,0
7938,29,1,0,0
7939,151,1,0,0
7940,43,1,0,0
7941,145,1,0,0
7942,70,1,0,0
7943,81,1,0,0
7944,55,1,0,0
7945,275,1,0,0
7946,112,1,0,0
7947,107,1,0,0
7948,24,1,0,0
7949,90,1,0,0
7950,47,1,0,0
7951,103,1,0,0
7952,62,1,0,0
7953,99,1,0,0
7954,13,1,0,0
7955,13,1,0,0
7956,86,1,0,0
7957,71,1,0,0
7958,43,1,0,0
7959,75,1,0,0
7960,106,1,0,0
7961,13,1,0,0
7962,10,1,0,0
7963,115,1,0,0
7964,12,1,0,0
7965,30,1,0,0
7966,93,1,0,0
7967,55,1,0,0
7968,17,1,0,0
7969,38,1,0,0
7970,189,1,0,0
7971,48,1,0,0
7972,94,1,0,0
7973,137,1,0,0
7974,133,1,0,0
7975,45,1,0,0
7976,21,1,0,0
7977,14,1,0,0
7978,58,1,0,0
7979,18,1,0,0
7980,17,1,0,0
7981,10,1,0,0
7982,21,1,0,0
7983,29,1,0,0
7984,157,1,0,0
7985,110,1,0,0
7986,59,1,0,0
7987,87,1,0,0
7988,65,1,0,0
7989,150,1,0,0
7990,111,1,0,0
7991,104,1,0,0
7992,248,1,0,0
7993,30,1,0,0
7994,77,1,0,0
7995,36,1,0,0
7996,93,1,0,0
7997,82,1,0,0
7998,36,1,0,0
7999,32,1,0,0
8000,59,1,0,0
8001,68,1,0,0
8002,16,1,0,0
8003,56,1,0,0
8004,50,1,0,0
8005,95,1,0,0
8006,62,1,0,0
8007,10,1,0,0
8008,53,1,0,0
8009,103,1,0,0
8010,39,1,0,0
8011,51,1,0,0
8012,110,1,0,0
8013,58,1,0,0
8014,105,1,0,0
8015,35,1,0,0
8016,128,1,0,0
8017,36,1,0,0
8018,55,1,0,0
8019,46,1,0,0
8020,47,1,0,0
8021,21,1,0,0
8022,104,1,0,0
8023,56,1,0,0
8024,49,1,0,0
8025,123,1,0,0
8026,15,1,0,0
8027,32,1,0,0
8028,50,1,0,0
8029,63,1,0,0
8030,18,1,0,0
8031,140,1,0,0
8032,57,1,0,0
8033,46,1,0,0
8034,47,1,0,0
8035,79,1,0,0
8036,114,1,0,0
8037,56,1,0,0
8038,57,1,0,0
8039,68,1,0,0
8040,202,1,0,0
8041,79,1,0,0
8042,74,1,0,0
8043,65,1,0,0
8044,19,1,0,0
8045,123,1,0,0
8046,133,1,0,0
8047,59,1,0,0
8048,48,1,0,0
8049,191,1,0,0
8050,96,1,0,0
8051,86,1,0,0
8052,183,1,0,0
8053,34,1,0,0
8054,165,1,0,0
8055,151,1,0,0
8056,52,1,0,0
8057,135,1,0,0
8058,76,1,0,0
8059,146,1,0,0
8060,105,1,0,0
8061,22,1,0,0
8062,34,1,0,0
8063,77,1,0,0
8064,142,1,0,0
8065,92,1,0,0
8066,132,1,0,0
8067,104,1,0,0
8068,132,1,0,0
8069,75,1,0,0
8070,89,1,0,0
8071,13,1,0,0
8072,31,1,0,0
8073,74,1,0,0
8074,13,1,0,0
8075,21,1,0,0
8076,47,1,0,0
8077,75,1,0,0
8078,96,1,0,0
8079,63,1,0,0
8080,113,1,0,0
8081,119,1,0,0
8082,60,1,0,0
8083,110,1,0,0
8084,27,1,0,0
8085,34,1,0,0
8086,31,1,0,0
8087,31,1,0,0
8088,30,1,0,0
8089,113,1,0,0
8090,36,1,0,0
8091,65,1,0,0
8092,61,1,0,0
8093,30,1,0,0
8094,33,1,0,0
8095,166,1,0,0
8096,175,1,0,0
8097,46,1,0,0
8098,12,1,0,0
8099,177,1,0,0
8100,108,1,0,0
8101,89,1,0,0
8102,66,1,0,0
8103,105,1,0,0
8104,39,1,0,0
8105,41,1,0,0
8106,116,1,0,0
8107,46,1,0,0
8108,69,1,0,0
8109,96,1,0,0
8110,96,1,0,0
8111,104,1,0,0
8112,150,1,0,0
8113,68,1,0,0
8114,57,1,0,0
8115,190,1,0,0
8116,30,1,0,0
8117,106,1,0,0
8118,14,1,0,0
8119,74,1,0,0
8120,117,1,0,0
8121,13,1,0,0
8122,100,1,0,0
8123,61,1,0,0
8124,90,1,0,0
8125,33,1,0,0
8126,64,1,0,0
8127,61,1,0,0
8128,75,1,0,0
8129,72,1,0,0
8130,77,1,0,0
8131,74,1,0,0
8132,12,1,0,0
8133,93,1,0,0
8134,78,1,0,0
8135,73,1,0,0
8136,49,1,0,0
8137,39,1,0,0
8138,16,1,0,0
8139,128,1,0,0
8140,46,1,0,0
8141,40,1,0,0
8142,74,1,0,0
8143,55,1,0,0
8144,152,1,0,0
8145,78,1,0,0
8146,200,1,0,0
8147,70,1,0,0
8148,138,1,0,0
8149,53,1,0,0
8150,75,1,0,0
8151,109,1,0,0
8152,51,1,0,0
8153,27,1,0,0
8154,171,1,0,0
8155,51,1,0,0
8156,43,1,0,0
8157,18,1,0,0
8158,48,1,0,0
8159,77,1,0,0
8160,64,1,0,0
8161,212,1,0,0
8162,43,1,0,0
8163,67,1,0,0
8164,102,1,0,0
8165,36,1,0,0
8166,14,1,0,0
8167,20,1,0,0
8168,92,1,0,0
8169,104,1,0,0
8170,90,1,0,0
8171,42,1,0,0
8172,26,1,0,0
8173,54,1,0,0
8174,73,1,0,0
8175,40,1,0,0
8176,63,1,0,0
8177,75,1,0,0
8178,24,1,0,0
8179,36,1,0,0
8180,137,1,0,0
8181,56,1,0,0
8182,39,1,0,0
8183,174,1,0,0
8184,27,1,0,0
8185,57,1,0,0
8186,56,1,0,0
8187,56,1,0,0
8188,52,1,0,0
8189,25,1,0,0
8190,71,1,0,0
8191,30,1,0,0
8192,45,1,0,0
8193,45,1,0,0
8194,29,1,0,0
8195,133,1,0,0
8196,51,1,0,0
8197,25,1,0,0
8198,45,1,0,0
8199,73,1,0,0
8200,101,1,0,0
8201,26,1,0,0
8202,16,1,0,0
8203,96,1,0,0
8204,74,1,0,0
8205,45,1,0,0
8206,16,1,0,0
8207,224,1,0,0
8208,32,1,0,0
8209,26,1,0,0
8210,60,1,0,0
8211,41,1,0,0
8212,23,1,0,0
8213,115,1,0,0
8214,47,1,0,0
8215,90,1,0,0
8216,157,1,0,0
8217,13,1,0,0
8218,56,1,0,0
8219,7,1,0,0
8220,153,1,0,0
8221,24,1,0,0
8222,82,1,0,0
8223,20,1,0,0
8224,54,1,0,0
8225,16,1,0,0
8226,34,1,0,0
8227,91,1,0,0
8228,81,1,0,0
8229,59,1,0,0
8230,14,1,0,0
8231,18,1,0,0
8232,9,1,0,0
8233,20,1,0,0
8234,37,1,0,0
8235,99,1,0,0
8236,78,1,0,0
8237,54,1,0,0
8238,26,1,0,0
8239,104,1,0,0
8240,92,1,0,0
8241,63,1,0,0
8242,81,1,0,0
8243,86,1,0,0
8244,26,1,0,0
8245,20,1,0,0
8246,18,1,0,0
8247,34,1,0,0
8248,79,1,0,0
8249,123,1,0,0
8250,21,1,0,0
8251,56,1,0,0
8252,94,1,0,0
8253,102,1,0,0
8254,17,1,0,0
8255,32,1,0,0
8256,52,1,0,0
8257,64,1,0,0
8258,84,1,0,0
8259,47,1,0,0
8260,78,1,0,0
8261,26,1,0,0
8262,78,1,0,0
8263,8,1,0,0
8264,68,1,0,0
8265,190,1,0,0
8266,38,1,0,0
8267,88,1,0,0
8268,13,1,0,0
8269,27,1,0,0
8270,43,1,0,0
8271,25,1,0,0
8272,7,1,0,0
8273,38,1,0,0
8274,199,1,0,0
8275,32,1,0,0
8276,44,1,0,0
8277,37,1,0,0
8278,42,1,0,0
8279,207,1,0,0
8280,147,1,0,0
8281,18,1,0,0
8282,22,1,0,0
8283,52,1,0,0
8284,21,1,0,0
8285,24,1,0,0
8286,149,1,0,0
8287,29,1,0,0
8288,118,1,0,0
8289,138,1,0,0
8290,65,1,0,0
8291,56,1,0,0
8292,72,1,0,0
8293,26,1,0,0
8294,193,1,0,0
8295,51,1,0,0
8296,54,1,0,0
8297,21,1,0,0
8298,78,1,0,0
8299,22,1,0,0
8300,26,1,0,0
8301,38,1,0,0
8302,314,1,0,0
8303,18,1,0,0
8304,119,1,0,0
8305,152,1,0,0
8306,33,1,0,0
8307,250,1,0,0
8308,26,1,0,0
8309,23,1,0,0
8310,55,1,0,0
8311,14,1,0,0
8312,65,1,0,0
8313,87,1,0,0
8314,23,1,0,0
8315,35,1,0,0
8316,105,1,0,0
8317,13,1,0,0
8318,23,1,0,0
8319,15,1,0,0
8320,83,1,0,0
8321,37,1,0,0
8322,109,1,0,0
8323,83,1,0,0
8324,58,1,0,0
8325,54,1,0,0
8326,60,1,0,0
8327,91,1,0,0
8328,44,1,0,0
8329,76,1,0,0
8330,46,1,0,0
8331,133,1,0,0
8332,31,1,0,0
8333,54,1,0,0
8334,15,1,0,0
8335,37,1,0,0
8336,20,1,0,0
8337,143,1,0,0
8338,110,1,0,0
8339,114,1,0,0
8340,102,1,0,0
8341,16,1,0,0
8342,49,1,0,0
8343,72,1,0,0
8344,91,1,0,0
8345,15,1,0,0
8346,60,1,0,0
8347,62,1,0,0
8348,63,1,0,0
8349,50,1,0,0
8350,45,1,0,0
8351,25,1,0,0
8352,31,1,0,0
8353,253,1,0,0
8354,13,1,0,0
8355,35,1,0,0
8356,10,1,0,0
8357,70,1,0,0
8358,168,1,0,0
8359,57,1,0,0
8360,15,1,0,0
8361,132,1,0,0
8362,121,1,0,0
8363,58,1,0,0
8364,122,1,0,0
8365,41,1,0,0
8366,100,1,0,0
8367,67,1,0,0
8368,182,1,0,0
8369,55,1,0,0
8370,65,1,0,0
8371,12,1,0,0
8372,126,1,0,0
8373,97,1,0,0
8374,8,1,0,0
8375,28,1,0,0
8376,62,1,0,0
8377,13,1,0,0
8378,69,1,0,0
8379,131,1,0,0
8380,174,1,0,0
8381,21,1,0,0
8382,81,1,0,0
8383,63,1,0,0
8384,14,1,0,0
8385,182,1,0,0
8386,54,1,0,0
8387,68,1,0,0
8388,69,1,0,0
8389,25,1,0,0
8390,63,1,0,0
8391,19,1,0,0
8392,56,1,0,0
8393,60,1,0,0
8394,89,1,0,0
8395,202,1,0,0
8396,25,1,0,0
8397,32,1,0,0
8398,20,1,0,0
8399,103,1,0,0
8400,138,1,0,0
8401,59,1,0,0
8402,51,1,0,0
8403,26,1,0,0
8404,18,1,0,0
8405,58,1,0,0
8406,41,1,0,0
8407,56,1,0,0
8408,57,1,0,0
8409,24,1,0,0
8410,13,1,0,0
8411,49,1,0,0
8412,35,1,0,0
8413,110,1,0,0
8414,141,1,0,0
8415,56,1,0,0
8416,88,1,0,0
8417,34,1,0,0
8418,91,1,0,0
8419,68,1,0,0
8420,28,1,0,0
8421,93,1,0,0
8422,56,1,0,0
8423,72,1,0,0
8424,39,1,0,0
8425,152,1,0,0
8426,14,1,0,0
8427,13,1,0,0
8428,24,1,0,0
8429,101,1,0,0
8430,52,1,0,0
8431,29,1,0,0
8432,74,1,0,0
8433,78,1,0,0
8434,35,1,0,0
8435,19,1,0,0
8436,400,1,0,0
8437,83,1,0,0
8438,64,1,0,0
8439,25,1,0,0
8440,111,1,0,0
8441,102,1,0,0
8442,117,1,0,0
8443,62,1,0,0
8444,46,1,0,0
8445,102,1,0,0
8446,53,1,0,0
8447,19,1,0,0
8448,96,1,0,0
8449,17,1,0,0
8450,38,1,0,0
8451,60,1,0,0
8452,17,1,0,0
8453,49,1,0,0
8454,86,1,0,0
8455,59,1,0,0
8456,99,1,0,0
8457,58,1,0,0
8458,74,1,0,0
8459,73,1,0,0
8460,30,1,0,0
8461,61,1,0,0
8462,109,1,0,0
8463,83,1,0,0
8464,38,1,0,0
8465,67,1,0,0
8466,22,1,0,0
8467,8,1,0,0
8468,166,1,0,0
8469,275,1,0,0
8470,256,1,0,0
8471,8,1,0,0
8472,121,1,0,0
8473,18,1,0,0
8474,21,1,0,0
8475,73,1,0,0
8476,112,1,0,0
8477,16,1,0,0
8478,199,1,0,0
8479,111,1,0,0
8480,96,1,0,0
8481,20,1,0,0
8482,46,1,0,0
8483,55,1,0,0
8484,14,1,0,0
8485,79,1,0,0
8486,212,1,0,0
8487,115,1,0,0
8488,56,1,0,0
8489,37,1,0,0
8490,76,1,0,0
8491,93,1,0,0
8492,120,1,0,0
8493,19,1,0,0
8494,231,1,0,0
8495,21,1,0,0
8496,70,1,0,0
8497,46,1,0,0
8498,36,1,0,0
8499,125,1,0,0
8500,139,1,0,0
8501,80,1,0,0
8502,113,1,0,0
8503,163,1,0,0
8504,106,1,0,0
8505,111,1,0,0
8506,26,1,0,0
8507,40,1,0,0
8508,197,1,0,0
8509,64,1,0,0
8510,18,1,0,0
8511,29,1,0,0
8512,15,1,0,0
8513,50,1,0,0
8514,87,1,0,0
8515,95,1,0,0
8516,42,1,0,0
8517,48,1,0,0
8518,98,1,0,0
8519,61,1,0,0
8520,40,1,0,0
8521,70,1,0,0
8522,79,1,0,0
8523,57,1,0,0
8524,87,1,0,0
8525,37,1,0,0
8526,48,1,0,0
8527,80,1,0,0
8528,45,1,0,0
8529,161,1,0,0
8530,74,1,0,0
8531,26,1,0,0
8532,22,1,0,0
8533,14,1,0,0
8534,19,1,0,0
8535,135,1,0,0
8536,21,1,0,0
8537,147,1,0,0
8538,142,1,0,0
8539,70,1,0,0
8540,109,1,0,0
8541,121,1,0,0
8542,138,1,0,0
8543,92,1,0,0
8544,40,1,0,0
8545,160,1,0,0
8546,19,1,0,0
8547,40,1,0,0
8548,112,1,0,0
8549,35,1,0,0
8550,106,1,0,0
8551,38,1,0,0
8552,43,1,0,0
8553,55,1,0,0
8554,116,1,0,0
8555,97,1,0,0
8556,42,1,0,0
8557,30,1,0,0
8558,78,1,0,0
8559,134,1,0,0
8560,193,1,0,0
8561,20,1,0,0
8562,42,1,0,0
8563,57,1,0,0
8564,21,1,0,0
8565,104,1,0,0
8566,133,1,0,0
8567,197,1,0,0
8568,37,1,0,0
8569,140,1,0,0
8570,29,1,0,0
8571,52,1,0,0
8572,83,1,0,0
8573,19,1,0,0
8574,70,1,0,0
8575,67,1,0,0
8576,27,1,0,0
8577,89,1,0,0
8578,203,1,0,0
8579,11,1,0,0
8580,94,1,0,0
8581,39,1,0,0
8582,16,1,0,0
8583,42,1,0,0
8584,96,1,0,0
8585,24,1,0,0
8586,58,1,0,0
8587,19,1,0,0
8588,41,1,0,0
8589,122,1,0,0
8590,132,1,0,0
8591,63,1,0,0
8592,125,1,0,0
8593,135,1,0,0
8594,135,1,0,0
8595,32,1,0,0
8596,75,1,0,0
8597,45,1,0,0
8598,47,1,0,0
8599,88,1,0,0
8600,46,1,0,0
8601,38,1,0,0
8602,75,1,0,0
8603,65,1,0,0
8604,144,1,0,0
8605,159,1,0,0
8606,35,1,0,0
8607,51,1,0,0
8608,96,1,0,0
8609,14,1,0,0
8610,44,1,0,0
8611,204,1,0,0
8612,39,1,0,0
8613,41,1,0,0
8614,119,1,0,0
8615,27,1,0,0
8616,124,1,0,0
8617,24,1,0,0
8618,115,1,0,0
8619,49,1,0,0
8620,113,1,0,0
8621,129,1,0,0
8622,10,1,0,0
8623,43,1,0,0
8624,106,1,0,0
8625,94,1,0,0
8626,40,1,0,0
8627,98,1,0,0
8628,35,1,0,0
8629,12,1,0,0
8630,39,1,0,0
8631,52,1,0,0
8632,68,1,0,0
8633,71,1,0,0
8634,73,1,0,0
8635,105,1,0,0
8636,133,1,0,0
8637,71,1,0,0
8638,213,1,0,0
8639,27,1,0,0
8640,61,1,0,0
8641,226,1,0,0
8642,20,1,0,0
8643,72,1,0,0
8644,84,1,0,0
8645,67,1,0,0
8646,22,1,0,0
8647,38,1,0,0
8648,63,1,0,0
8649,118,1,0,0
8650,18,1,0,0
8651,83,1,0,0
8652,56,1,0,0
8653,128,1,0,0
8654,126,1,0,0
8655,97,1,0,0
8656,52,1,0,0
8657,41,1,0,0
8658,90,1,0,0
8659,15,1,0,0
8660,128,1,0,0
8661,41,1,0,0
8662,51,1,0,0
8663,13,1,0,0
8664,31,1,0,0
8665,28,1,0,0
8666,91,1,0,0
8667,114,1,0,0
8668,35,1,0,0
8669,33,1,0,0
8670,31,1,0,0
8671,105,1,0,0
8672,131,1,0,0
8673,81,1,0,0
8674,90,1,0,0
8675,86,1,0,0
8676,59,1,0,0
8677,35,1,0,0
8678,94,1,0,0
8679,71,1,0,0
8680,44,1,0,0
8681,36,1,0,0
8682,61,1,0,0
8683,43,1,0,0
8684,21,1,0,0
8685,56,1,0,0
8686,88,1,0,0
8687,52,1,0,0
8688,82,1,0,0
8689,47,1,0,0
8690,66,1,0,0
8691,48,1,0,0
8692,157,1,0,0
8693,33,1,0,0
8694,27,1,0,0
8695,44,1,0,0
8696,18,1,0,0
8697,19,1,0,0
8698,11,1,0,0
8699,28,1,0,0
8700,61,1,0,0
8701,54,1,0,0
8702,15,1,0,0
8703,52,1,0,0
8704,242,1,0,0
8705,21,1,0,0
8706,208,1,0,0
8707,19,1,0,0
8708,100,1,0,0
8709,70,1,0,0
8710,27,1,0,0
8711,113,1,0,0
8712,33,1,0,0
8713,49,1,0,0
8714,35,1,0,0
8715,88,1,0,0
8716,93,1,0,0
8717,62,1,0,0
8718,26,1,0,0
8719,45,1,0,0
8720,32,1,0,0
8721,24,1,0,0
8722,13,1,0,0
8723,48,1,0,0
8724,24,1,0,0
8725,86,1,0,0
8726,133,1,0,0
8727,43,1,0,0
8728,42,1,0,0
8729,66,1,0,0
8730,23,1,0,0
8731,129,1,0,0
8732,130,1,0,0
8733,113,1,0,0
8734,98,1,0,0
8735,120,1,0,0
8736,96,1,0,0
8737,44,1,0,0
8738,28,1,0,0
8739,71,1,0,0
8740,17,1,0,0
8741,75,1,0,0
8742,112,1,0,0
8743,42,1,0,0
8744,64,1,0,0
8745,59,1,0,0
8746,23,1,0,0
8747,101,1,0,0
8748,19,1,0,0
8749,68,1,0,0
8750,31,1,0,0
8751,34,1,0,0
8752,63,1,0,0
8753,58,1,0,0
8754,119,1,0,0
8755,57,1,0,0
8756,59,1,0,0
8757,19,1,0,0
8758,54,1,0,0
8759,159,1,0,0
8760,87,1,0,0
8761,33,1,0,0
8762,89,1,0,0
8763,104,1,0,0
8764,59,1,0,0
8765,98,1,0,0
8766,9,1,0,0
8767,35,1,0,0
8768,27,1,0,0
8769,31,1,0,0
8770,30,1,0,0
8771,83,1,0,0
8772,25,1,0,0
8773,81,1,0,0
8774,58,1,0,0
8775,123,1,0,0
8776,41,1,0,0
8777,100,1,0,0
8778,41,1,0,0
8779,21,1,0,0
8780,53,1,0,0
8781,30,1,0,0
8782,85,1,0,0
8783,36,1,0,0
8784,179,1,0,0
8785,174,1,0,0
8786,31,1,0,0
8787,47,1,0,0
8788,88,1,0,0
8789,65,1,0,0
8790,98,1,0,0
8791,111,1,0,0
8792,64,1,0,0
8793,40,1,0,0
8794,99,1,0,0
8795,43,1,0,0
8796,105,1,0,0
8797,27,1,0,0
8798,62,1,0,0
8799,68,1,0,0
8800,32,1,0,0
8801,20,1,0,0
8802,81,1,0,0
8803,128,1,0,0
8804,69,1,0,0
8805,94,1,0,0
8806,47,1,0,0
8807,49,1,0,0
8808,28,1,0,0
8809,40,1,0,0
8810,53,1,0,0
8811,34,1,0,0
8812,44,1,0,0
8813,24,1,0,0
8814,37,1,0,0
8815,82,1,0,0
8816,74,1,0,0
8817,174,1,0,0
8818,187,1,0,0
8819,119,1,0,0
8820,53,1,0,0
8821,211,1,0,0
8822,43,1,0,0
8823,73,1,0,0
8824,35,1,0,0
8825,49,1,0,0
8826,72,1,0,0
8827,35,1,0,0
8828,81,1,0,0
8829,63,1,0,0
8830,124,1,0,0
8831,18,1,0,0
8832,138,1,0,0
8833,82,1,0,0
8834,61,1,0,0
8835,197,1,0,0
8836,64,1,0,0
8837,63,1,0,0
8838,116,1,0,0
8839,49,1,0,0
8840,25,1,0,0
8841,42,1,0,0
8842,24,1,0,0
8843,166,1,0,0
8844,17,1,0,0
8845,46,1,0,0
8846,81,1,0,0
8847,63,1,0,0
8848,252,1,0,0
8849,79,1,0,0
8850,73,1,0,0
8851,114,1,0,0
8852,58,1,0,0
8853,65,1,0,0
8854,110,1,0,0
8855,63,1,0,0
8856,142,1,0,0
8857,111,1,0,0
8858,51,1,0,0
8859,124,1,0,0
8860,14,1,0,0
8861,16,1,0,0
8862,183,1,0,0
8863,280,1,0,0
8864,131,1,0,0
8865,127,1,0,0
8866,89,1,0,0
8867,69,1,0,0
8868,77,1,0,0
8869,14,1,0,0
8870,46,1,0,0
8871,60,1,0,0
8872,44,1,0,0
8873,122,1,0,0
8874,31,1,0,0
8875,99,1,0,0
8876,96,1,0,0
8877,24,1,0,0
8878,27,1,0,0
8879,104,1,0,0
8880,65,1,0,0
8881,19,1,0,0
8882,25,1,0,0
8883,30,1,0,0
8884,7,1,0,0
8885,111,1,0,0
8886,35,1,0,0
8887,52,1,0,0
8888,59,1,0,0
8889,84,1,0,0
8890,56,1,0,0
8891,44,1,0,0
8892,30,1,0,0
8893,54,1,0,0
8894,82,1,0,0
8895,158,1,0,0
8896,25,1,0,0
8897,105,1,0,0
8898,110,1,0,0
8899,69,1,0,0
8900,102,1,0,0
8901,62,1,0,0
8902,36,1,0,0
8903,36,1,0,0
8904,85,1,0,0
8905,32,1,0,0
8906,39,1,0,0
8907,41,1,0,0
8908,11,1,0,0
8909,11,1,0,0
8910,27,1,0,0
8911,7,1,0,0
8912,45,1,0,0
8913,90,1,0,0
8914,79,1,0,0
8915,32,1,0,0
8916,17,1,0,0
8917,44,1,0,0
8918,93,1,0,0
8919,40,1,0,0
8920,42,1,0,0
8921,27,1,0,0
8922,119,1,0,0
8923,24,1,0,0
8924,137,1,0,0
8925,42,1,0,0
8926,35,1,0,0
8927,79,1,0,0
8928,86,1,0,0
8929,25,1,0,0
8930,40,1,0,0
8931,81,1,0,0
8932,43,1,0,0
8933,29,1,0,0
8934,69,1,0,0
8935,14,1,0,0
8936,54,1,0,0
8937,38,1,0,0
8938,28,1,0,0
8939,26,1,0,0
8940,22,1,0,0
8941,120,1,0,0
8942,24,1,0,0
8943,338,1,0,0
8944,135,1,0,0
8945,51,1,0,0
8946,113,1,0,0
8947,44,1,0,0
8948,26,1,0,0
8949,57,1,0,0
8950,33,1,0,0
8951,115,1,0,0
8952,75,1,0,0
8953,16,1,0,0
8954,105,1,0,0
8955,103,1,0,0
8956,104,1,0,0
8957,56,1,0,0
8958,20,1,0,0
8959,13,1,0,0
8960,165,1,0,0
8961,35,1,0,0
8962,65,1,0,0
8963,25,1,0,0
8964,126,1,0,0
8965,38,1,0,0
8966,175,1,0,0
8967,52,1,0,0
8968,32,1,0,0
8969,111,1,0,0
8970,28,1,0,0
8971,36,1,0,0
8972,48,1,0,0
8973,40,1,0,0
8974,129,1,0,0
8975,59,1,0,0
8976,10,1,0,0
8977,35,1,0,0
8978,121,1,0,0
8979,158,1,0,0
8980,75,1,0,0
8981,21,1,0,0
8982,9,1,0,0
8983,92,1,0,0
8984,13,1,0,0
8985,32,1,0,0
8986,102,1,0,0
8987,82,1,0,0
8988,21,1,0,0
8989,66,1,0,0
8990,13,1,0,0
8991,39,1,0,0
8992,108,1,0,0
8993,118,1,0,0
8994,17,1,0,0
8995,14,1,0,0
8996,100,1,0,0
8997,66,1,0,0
8998,138,1,0,0
8999,141,1,0,0
9000,89,1,0,0
9001,66,1,0,0
9002,45,1,0,0
9003,222,1,0,0
9004,95,1,0,0
9005,28,1,0,0
9006,34,1,0,0
9007,22,1,0,0
9008,38,1,0,0
9009,68,1,0,0
9010,118,1,0,0
9011,192,1,0,0
9012,36,1,0,0
9013,70,1,0,0
9014,80,1,0,0
9015,130,1,0,0
9016,48,1,0,0
9017,35,1,0,0
9018,39,1,0,0
9019,16,1,0,0
9020,44,1,0,0
9021,35,1,0,0
9022,65,1,0,0
9023,23,1,0,0
9024,92,1,0,0
9025,26,1,0,0
9026,100,1,0,0
9027,41,1,0,0
9028,67,1,0,0
9029,41,1,0,0
9030,45,1,0,0
9031,149,1,0,0
9032,13,1,0,0
9033,130,1,0,0
9034,72,1,0,0
9035,97,1,0,0
9036,71,1,0,0
9037,24,1,0,0
9038,51,1,0,0
9039,15,1,0,0
9040,138,1,0,0
9041,123,1,0,0
9042,92,1,0,0
9043,66,1,0,0
9044,52,1,0,0
9045,41,1,0,0
9046,102,1,0,0
9047,69,1,0,0
9048,32,1,0,0
9049,35,1,0,0
9050,7,1,0,0
9051,24,1,0,0
9052,73,1,0,0
9053,37,1,0,0
9054,94,1,0,0
9055,102,1,0,0
9056,21,1,0,0
9057,57,1,0,0
9058,102,1,0,0
9059,147,1,0,0
9060,11,1,0,0
9061,53,1,0,0
9062,9,1,0,0
9063,52,1,0,0
9064,64,1,0,0
9065,75,1,0,0
9066,21,1,0,0
9067,76,1,0,0
9068,47,1,0,0
9069,108,1,0,0
9070,24,1,0,0
9071,178,1,0,0
9072,72,1,0,0
9073,138,1,0,0
9074,183,1,0,0
9075,95,1,0,0
9076,10,1,0,0
9077,92,1,0,0
9078,79,1,0,0
9079,98,1,0,0
9080,66,1,0,0
9081,20,1,0,0
9082,150,1,0,0
9083,20,1,0,0
9084,98,1,0,0
9085,54,1,0,0
9086,44,1,0,0
9087,108,1,0,0
9088,39,1,0,0
9089,24,1,0,0
9090,23,1,0,0
9091,60,1,0,0
9092,76,1,0,0
9093,78,1,0,0
9094,23,1,0,0
9095,31,1,0,0
9096,178,1,0,0
9097,18,1,0,0
9098,24,1,0,0
9099,86,1,0,0
9100,37,1,0,0
9101,90,1,0,0
9102,220,1,0,0
9103,41,1,0,0
9104,31,1,0,0
9105,82,1,0,0
9106,65,1,0,0
9107,86,1,0,0
9108,137,1,0,0
9109,62,1,0,0
9110,134,1,0,0
9111,32,1,0,0
9112,24,1,0,0
9113,41,1,0,0
9114,69,1,0,0
9115,28,1,0,0
9116,71,1,0,0
9117,69,1,0,0
9118,17,1,0,0
9119,120,1,0,0
9120,46,1,0,0
9121,90,1,0,0
9122,90,1,0,0
9123,47,1,0,0
9124,60,1,0,0
9125,187,1,0,0
9126,80,1,0,0
9127,28,1,0,0
9128,88,1,0,0
9129,82,1,0,0
9130,63,1,0,0
9131,17,1,0,0
9132,127,1,0,0
9133,69,1,0,0
9134,166,1,0,0
9135,23,1,0,0
9136,76,1,0,0
9137,100,1,0,0
9138,43,1,0,0
9139,66,1,0,0
9140,12,1,0,0
9141,111,1,0,0
9142,37,1,0,0
9143,24,1,0,0
9144,33,1,0,0
9145,45,1,0,0
9146,40,1,0,0
9147,64,1,0,0
9148,66,1,0,0
9149,48,1,0,0
9150,39,1,0,0
9151,49,1,0,0
9152,55,1,0,0
9153,97,1,0,0
9154,184,1,0,0
9155,196,1,0,0
9156,34,1,0,0
9157,45,1,0,0
9158,265,1,0,0
9159,105,1,0,0
9160,51,1,0,0
9161,117,1,0,0
9162,67,1,0,0
9163,93,1,0,0
9164,29,1,0,0
9165,152,1,0,0
9166,51,1,0,0
9167,84,1,0,0
9168,46,1,0,0
9169,14,1,0,0
9170,37,1,0,0
9171,73,1,0,0
9172,87,1,0,0
9173,125,1,0,0
9174,29,1,0,0
9175,53,1,0,0
9176,36,1,0,0
9177,44,1,0,0
9178,24,1,0,0
9179,29,1,0,0
9180,207,1,0,0
9181,116,1,0,0
9182,75,1,0,0
9183,37,1,0,0
9184,25,1,0,0
9185,42,1,0,0
9186,72,1,0,0
9187,153,1,0,0
9188,130,1,0,0
9189,49,1,0,0
9190,78,1,0,0
9191,26,1,0,0
9192,50,1,0,0
9193,30,1,0,0
9194,48,1,0,0
9195,133,1,0,0
9196,154,1,0,0
9197,57,1,0,0
9198,80,1,0,0
9199,83,1,0,0
9200,20,1,0,0
9201,27,1,0,0
9202,84,1,0,0
9203,53,1,0,0
9204,61,1,0,0
9205,42,1,0,0
9206,74,1,0,0
9207,34,1,0,0
9208,83,1,0,0
9209,46,1,0,0
9210,41,1,0,0
9211,38,1,0,0
9212,45,1,0,0
9213,30,1,0,0
9214,132,1,0,0
9215,85,1,0,0
9216,80,1,0,0
9217,28,1,0,0
9218,112,1,0,0
9219,78,1,0,0
9220,54,1,0,0
9221,92,1,0,0
9222,17,1,0,0
9223,19,1,0,0
9224,11,1,0,0
9225,51,1,0,0
9226,153,1,0,0
9227,136,1,0,0
9228,70,1,0,0
9229,36,1,0,0
9230,79,1,0,0
9231,29,1,0,0
9232,54,1,0,0
9233,30,1,0,0
9234,30,1,0,0
9235,69,1,0,0
9236,22,1,0,0
9237,56,1,0,0
9238,176,1,0,0
9239,64,1,0,0
9240,14,1,0,0
9241,63,1,0,0
9242,26,1,0,0
9243,48,1,0,0
9244,24,1,0,0
9245,206,1,0,0
9246,54,1,0,0
9247,60,1,0,0
9248,76,1,0,0
9249,23,1,0,0
9250,57,1,0,0
9251,144,1,0,0
9252,16,1,0,0
9253,43,1,0,0
9254,49,1,0,0
9255,12,1,0,0
9256,186,1,0,0
9257,15,1,0,0
9258,84,1,0,0
9259,59,1,0,0
9260,48,1,0,0
9261,127,1,0,0
9262,45,1,0,0
9263,52,1,0,0
9264,138,1,0,0
9265,227,1,0,0
9266,22,1,0,0
9267,116,1,0,0
9268,31,1,0,0
9269,46,1,0,0
9270,28,1,0,0
9271,149,1,0,0
9272,28,1,0,0
9273,89,1,0,0
9274,104,1,0,0
9275,51,1,0,0
9276,145,1,0,0
9277,42,1,0,0
9278,44,1,0,0
9279,34,1,0,0
9280,25,1,0,0
9281,31,1,0,0
9282,14,1,0,0
9283,50,1,0,0
9284,69,1,0,0
9285,99,1,0,0
9286,98,1,0,0
9287,137,1,0,0
9288,96,1,0,0
9289,24,1,0,0
9290,27,1,0,0
9291,41,1,0,0
9292,31,1,0,0
9293,15,1,0,0
9294,45,1,0,0
9295,36,1,0,0
9296,8,1,0,0
9297,77,1,0,0
9298,92,1,0,0
9299,81,1,0,0
9300,141,1,0,0
9301,22,1,0,0
9302,41,1,0,0
9303,102,1,0,0
9304,98,1,0,0
9305,70,1,0,0
9306,43,1,0,0
9307,107,1,0,0
9308,23,1,0,0
9309,50,1,0,0
9310,98,1,0,0
9311,46,1,0,0
9312,131,1,0,0
9313,33,1,0,0
9314,89,1,0,0
9315,102,1,0,0
9316,35,1,0,0
9317,124,1,0,0
9318,145,1,0,0
9319,23,1,0,0
9320,89,1,0,0
9321,113,1,0,0
9322,63,1,0,0
9323,44,1,0,0
9324,58,1,0,0
9325,81,1,0,0
9326,108,1,0,0
9327,44,1,0,0
9328,21,1,0,0
9329,22,1,0,0
9330,87,1,0,0
9331,19,1,0,0
9332,28,1,0,0
9333,52,1,0,0
9334,51,1,0,0
9335,121,1,0,0
9336,19,1,0,0
9337,121,1,0,0
9338,19,1,0,0
9339,82,1,0,0
9340,26,1,0,0
9341,130,1,0,0
9342,47,1,0,0
9343,101,1,0,0
9344,20,1,0,0
9345,33,1,0,0
9346,249,1,0,0
9347,53,1,0,0
9348,77,1,0,0
9349,71,1,0,0
9350,60,1,0,0
9351,95,1,0,0
9352,144,1,0,0
9353,119,1,0,0
9354,114,1,0,0
9355,26,1,0,0
9356,26,1,0,0
9357,248,1,0,0
9358,44,1,0,0
9359,108,1,0,0
9360,45,1,0,0
9361,33,1,0,0
9362,13,1,0,0
9363,137,1,0,0
9364,103,1,0,0
9365,29,1,0,0
9366,34,1,0,0
9367,102,1,0,0
9368,128,1,0,0
9369,13,1,0,0
9370,131,1,0,0
9371,37,1,0,0
9372,44,1,0,0
9373,27,1,0,0
9374,89,1,0,0
9375,167,1,0,0
9376,23,1,0,0
9377,83,1,0,0
9378,58,1,0,0
9379,22,1,0,0
9380,29,1,0,0
9381,42,1,0,0
9382,74,1,0,0
9383,13,1,0,0
9384,17,1,0,0
9385,70,1,0,0
9386,34,1,0,0
9387,185,1,0,0
9388,123,1,0,0
9389,44,1,0,0
9390,74,1,0,0
9391,113,1,0,0
9392,59,1,0,0
9393,40,1,0,0
9394,88,1,0,0
9395,82,1,0,0
9396,99,1,0,0
9397,153,1,0,0
9398,41,1,0,0
9399,123,1,0,0
9400,78,1,0,0
9401,45,1,0,0
9402,18,1,0,0
9403,162,1,0,0
9404,477,1,0,0
9405,138,1,0,0
9406,44,1,0,0
9407,23,1,0,0
9408,115,1,0,0
9409,34,1,0,0
9410,34,1,0,0
9411,34,1,0,0
9412,130,1,0,0
9413,122,1,0,0
9414,57,1,0,0
9415,55,1,0,0
9416,64,1,0,0
9417,19,1,0,0
9418,16,1,0,0
9419,29,1,0,0
9420,107,1,0,0
9421,293,1,0,0
9422,83,1,0,0
9423,90,1,0,0
9424,142,1,0,0
9425,172,1,0,0
9426,109,1,0,0
9427,54,1,0,0
9428,51,1,0,0
9429,53,1,0,0
9430,94,1,0,0
9431,103,1,0,0
9432,53,1,0,0
9433,45,1,0,0
9434,71,1,0,0
9435,21,1,0,0
9436,112,1,0,0
9437,50,1,0,0
9438,17,1,0,0
9439,93,1,0,0
9440,37,1,0,0
9441,16,1,0,0
9442,32,1,0,0
9443,61,1,0,0
9444,93,1,0,0
9445,65,1,0,0
9446,24,1,0,0
9447,60,1,0,0
9448,72,1,0,0
9449,72,1,0,0
9450,41,1,0,0
9451,21,1,0,0
9452,35,1,0,0
9453,30,1,0,0
9454,20,1,0,0
9455,81,1,0,0
9456,113,1,0,0
9457,109,1,0,0
9458,211,1,0,0
9459,22,1,0,0
9460,13,1,0,0
9461,83,1,0,0
9462,14,1,0,0
9463,58,1,0,0
9464,99,1,0,0
9465,94,1,0,0
9466,38,1,0,0
9467,59,1,0,0
9468,175,1,0,0
9469,13,1,0,0
9470,24,1,0,0
9471,21,1,0,0
9472,80,1,0,0
9473,40,1,0,0
9474,51,1,0,0
9475,76,1,0,0
9476,80,1,0,0
9477,59,1,0,0
9478,103,1,0,0
9479,90,1,0,0
9480,43,1,0,0
9481,90,1,0,0
9482,132,1,0,0
9483,8,1,0,0
9484,111,1,0,0
9485,37,1,0,0
9486,153,1,0,0
9487,58,1,0,0
9488,17,1,0,0
9489,37,1,0,0
9490,60,1,0,0
9491,101,1,0,0
9492,11,1,0,0
9493,109,1,0,0
9494,45,1,0,0
9495,39,1,0,0
9496,41,1,0,0
9497,197,1,0,0
9498,79,1,0,0
9499,14,1,0,0
9500,111,1,0,0
9501,61,1,0,0
9502,99,1,0,0
9503,10,1,0,0
9504,95,1,0,0
9505,75,1,0,0
9506,109,1,0,0
9507,207,1,0,0
9508,119,1,0,0
9509,22,1,0,0
9510,90,1,0,0
9511,15,1,0,0
9512,73,1,0,0
9513,55,1,0,0
9514,125,1,0,0
9515,143,1,0,0
9516,136,1,0,0
9517,24,1,0,0
9518,27,1,0,0
9519,45,1,0,0
9520,9,1,0,0
9521,54,1,0,0
9522,19,1,0,0
9523,82,1,0,0
9524,18,1,0,0
9525,65,1,0,0
9526,75,1,0,0
9527,33,1,0,0
9528,31,1,0,0
9529,53,1,0,0
9530,55,1,0,0
9531,85,1,0,0
9532,29,1,0,0
9533,24,1,0,0
9534,33,1,0,0
9535,52,1,0,0
9536,108,1,0,0
9537,40,1,0,0
9538,19,1,0,0
9539,63,1,0,0
9540,42,1,0,0
9541,38,1,0,0
9542,28,1,0,0
9543,100,1,0,0
9544,119,1,0,0
9545,49,1,0,0
9546,159,1,0,0
9547,64,1,0,0
9548,32,1,0,0
9549,79,1,0,0
9550,31,1,0,0
9551,48,1,0,0
9552,54,1,0,0
9553,40,1,0,0
9554,87,1,0,0
9555,44,1,0,0
9556,8,1,0,0
9557,122,1,0,0
9558,17,1,0,0
9559,103,1,0,0
9560,47,1,0,0
9561,127,1,0,0
9562,15,1,0,0
9563,11,1,0,0
9564,83,1,0,0
9565,46,1,0,0
9566,70,1,0,0
9567,74,1,0,0
9568,78,1,0,0
9569,33,1,0,0
9570,68,1,0,0
9571,210,1,0,0
9572,96,1,0,0
9573,36,1,0,0
9574,37,1,0,0
9575,47,1,0,0
9576,12,1,0,0
9577,52,1,0,0
9578,21,1,0,0
9579,75,1,0,0
9580,32,1,0,0
9581,57,1,0,0
9582,17,1,0,0
9583,13,1,0,0
9584,56,1,0,0
9585,105,1,0,0
9586,72,1,0,0
9587,129,1,0,0
9588,59,1,0,0
9589,123,1,0,0
9590,267,1,0,0
9591,85,1,0,0
9592,32,1,0,0
9593,43,1,0,0
9594,76,1,0,0
9595,9,1,0,0
9596,78,1,0,0
9597,67,1,0,0
9598,62,1,0,0
9599,79,1,0,0
9600,25,1,0,0
9601,57,1,0,0
9602,52,1,0,0
9603,104,1,0,0
9604,22,1,0,0
9605,36,1,0,0
9606,29,1,0,0
9607,59,1,0,0
9608,103,1,0,0
9609,115,1,0,0
9610,15,1,0,0
9611,26,1,0,0
9612,34,1,0,0
9613,41,1,0,0
9614,110,1,0,0
9615,12,1,0,0
9616,46,1,0,0
9617,102,1,0,0
9618,58,1,0,0
9619,96,1,0,0
9620,82,1,0,0
9621,43,1,0,0
9622,34,1,0,0
9623,97,1,0,0
9624,54,1,0,0
9625,163,1,0,0
9626,47,1,0,0
9627,22,1,0,0
9628,15,1,0,0
9629,153,1,0,0
9630,25,1,0,0
9631,68,1,0,0
9632,119,1,0,0
9633,87,1,0,0
9634,90,1,0,0
9635,24,1,0,0
9636,55,1,0,0
9637,30,1,0,0
9638,69,1,0,0
9639,33,1,0,0
9640,112,1,0,0
9641,160,1,0,0
9642,71,1,0,0
9643,45,1,0,0
9644,25,1,0,0
9645,22,1,0,0
9646,28,1,0,0
9647,55,1,0,0
9648,22,1,0,0
9649,32,1,0,0
9650,139,1,0,0
9651,14,1,0,0
9652,12,1,0,0
9653,42,1,0,0
9654,61,1,0,0
9655,193,1,0,0
9656,18,1,0,0
9657,38,1,0,0
9658,65,1,0,0
9659,21,1,0,0
9660,53,1,0,0
9661,101,1,0,0
9662,94,1,0,0
9663,39,1,0,0
9664,151,1,0,0
9665,94,1,0,0
9666,24,1,0,0
9667,48,1,0,0
9668,179,1,0,0
9669,35,1,0,0
9670,60,1,0,0
9671,50,1,0,0
9672,30,1,0,0
9673,186,1,0,0
9674,23,1,0,0
9675,161,1,0,0
9676,29,1,0,0
9677,102,1,0,0
9678,67,1,0,0
9679,51,1,0,0
9680,302,1,0,0
9681,114,1,0,0
9682,41,1,0,0
9683,18,1,0,0
9684,64,1,0,0
9685,59,1,0,0
9686,34,1,0,0
9687,51,1,0,0
9688,96,1,0,0
9689,26,1,0,0
9690,143,1,0,0
9691,152,1,0,0
9692,30,1,0,0
9693,74,1,0,0
9694,49,1,0,0
9695,110,1,0,0
9696,11,1,0,0
9697,36,1,0,0
9698,175,1,0,0
9699,37,1,0,0
9700,17,1,0,0
9701,34,1,0,0
9702,148,1,0,0
9703,135,1,0,0
9704,55,1,0,0
9705,97,1,0,0
9706,101,1,0,0
9707,20,1,0,0
9708,23,1,0,0
9709,84,1,0,0
9710,23,1,0,0
9711,77,1,0,0
9712,105,1,0,0
9713,199,1,0,0
9714,45,1,0,0
9715,19,1,0,0
9716,15,1,0,0
9717,53,1,0,0
9718,226,1,0,0
9719,22,1,0,0
9720,66,1,0,0
9721,45,1,0,0
9722,15,1,0,0
9723,17,1,0,0
9724,53,1,0,0
9725,103,1,0,0
9726,70,1,0,0
9727,32,1,0,0
9728,16,1,0,0
9729,103,1,0,0
9730,126,1,0,0
9731,94,1,0,0
9732,81,1,0,0
9733,22,1,0,0
9734,55,1,0,0
9735,79,1,0,0
9736,76,1,0,0
9737,58,1,0,0
9738,23,1,0,0
9739,175,1,0,0
9740,51,1,0,0
9741,38,1,0,0
9742,72,1,0,0
9743,151,1,0,0
9744,137,1,0,0
9745,11,1,0,0
9746,33,1,0,0
9747,47,1,0,0
9748,28,1,0,0
9749,124,1,0,0
9750,10,1,0,0
9751,56,1,0,0
9752,40,1,0,0
9753,43,1,0,0
9754,17,1,0,0
9755,58,1,0,0
9756,67,1,0,0
9757,39,1,0,0
9758,178,1,0,0
9759,136,1,0,0
9760,39,1,0,0
9761,92,1,0,0
9762,83,1,0,0
9763,142,1,0,0
9764,26,1,0,0
9765,33,1,0,0
9766,90,1,0,0
9767,83,1,0,0
9768,157,1,0,0
9769,84,1,0,0
9770,19,1,0,0
9771,78,1,0,0
9772,47,1,0,0
9773,49,1,0,0
9774,48,1,0,0
9775,71,1,0,0
9776,27,1,0,0
9777,73,1,0,0
9778,48,1,0,0
9779,89,1,0,0
9780,83,1,0,0
9781,70,1,0,0
9782,153,1,0,0
9783,113,1,0,0
9784,23,1,0,0
9785,44,1,0,0
9786,63,1,0,0
9787,33,1,0,0
9788,133,1,0,0
9789,63,1,0,0
9790,29,1,0,0
9791,39,1,0,0
9792,11,1,0,0
9793,181,1,0,0
9794,64,1,0,0
9795,29,1,0,0
9796,44,1,0,0
9797,63,1,0,0
9798,7,1,0,0
9799,58,1,0,0
9800,66,1,0,0
9801,92,1,0,0
9802,66,1,0,0
9803,18,1,0,0
9804,16,1,0,0
9805,36,1,0,0
9806,43,1,0,0
9807,29,1,0,0
9808,35,1,0,0
9809,78,1,0,0
9810,59,1,0,0
9811,83,1,0,0
9812,51,1,0,0
9813,23,1,0,0
9814,46,1,0,0
9815,93,1,0,0
9816,208,1,0,0
9817,77,1,0,0
9818,85,1,0,0
9819,21,1,0,0
9820,36,1,0,0
9821,52,1,0,0
9822,143,1,0,0
9823,57,1,0,0
9824,61,1,0,0
9825,37,1,0,0
9826,90,1,0,0
9827,50,1,0,0
9828,30,1,0,0
9829,97,1,0,0
9830,136,1,0,0
9831,13,1,0,0
9832,45,1,0,0
9833,51,1,0,0
9834,12,1,0,0
9835,43,1,0,0
9836,78,1,0,0
9837,109,1,0,0
9838,81,1,0,0
9839,11,1,0,0
9840,63,1,0,0
9841,50,1,0,0
9842,85,1,0,0
9843,65,1,0,0
9844,30,1,0,0
9845,57,1,0,0
9846,29,1,0,0
9847,73,1,0,0
9848,25,1,0,0
9849,41,1,0,0
9850,46,1,0,0
9851,13,1,0,0
9852,74,1,0,0
9853,46,1,0,0
9854,27,1,0,0
9855,15,1,0,0
9856,30,1,0,0
9857,24,1,0,0
9858,26,1,0,0
9859,129,1,0,0
9860,27,1,0,0
9861,18,1,0,0
9862,8,1,0,0
9863,76,1,0,0
9864,84,1,0,0
9865,131,1,0,0
9866,78,1,0,0
9867,268,1,0,0
9868,50,1,0,0
9869,32,1,0,0
9870,65,1,0,0
9871,106,1,0,0
9872,49,1,0,0
9873,44,1,0,0
9874,67,1,0,0
9875,44,1,0,0
9876,43,1,0,0
9877,52,1,0,0
9878,45,1,0,0
9879,132,1,0,0
9880,49,1,0,0
9881,12,1,0,0
9882,15,1,0,0
9883,40,1,0,0
9884,42,1,0,0
9885,32,1,0,0
9886,29,1,0,0
9887,46,1,0,0
9888,28,1,0,0
9889,74,1,0,0
9890,29,1,0,0
9891,64,1,0,0
9892,38,1,0,0
9893,23,1,0,0
9894,64,1,0,0
9895,104,1,0,0
9896,20,1,0,0
9897,43,1,0,0
9898,184,1,0,0
9899,91,1,0,0
9900,40,1,0,0
9901,79,1,0,0
9902,62,1,0,0
9903,45,1,0,0
9904,106,1,0,0
9905,95,1,0,0
9906,48,1,0,0
9907,145,1,0,0
9908,39,1,0,0
9909,44,1,0,0
9910,138,1,0,0
9911,82,1,0,0
9912,96,1,0,0
9913,41,1,0,0
9914,263,1,0,0
9915,77,1,0,0
9916,29,1,0,0
9917,55,1,0,0
9918,33,1,0,0
9919,102,1,0,0
9920,22,1,0,0
9921,14,1,0,0
9922,164,1,0,0
9923,50,1,0,0
9924,153,1,0,0
9925,106,1,0,0
9926,43,1,0,0
9927,52,1,0,0
9928,23,1,0,0
9929,78,1,0,0
9930,171,1,0,0
9931,45,1,0,0
9932,20,1,0,0
9933,56,1,0,0
9934,25,1,0,0
9935,137,1,0,0
9936,79,1,0,0
9937,91,1,0,0
9938,73,1,0,0
9939,88,1,0,0
9940,58,1,0,0
9941,69,1,0,0
9942,49,1,0,0
9943,31,1,0,0
9944,29,1,0,0
9945,25,1,0,0
9946,51,1,0,0
9947,138,1,0,0
9948,14,1,0,0
9949,39,1,0,0
9950,20,1,0,0
9951,57,1,0,0
9952,98,1,0,0
9953,42,1,0,0
9954,31,1,0,0
9955,59,1,0,0
9956,126,1,0,0
9957,50,1,0,0
9958,23,1,0,0
9959,93,1,0,0
9960,88,1,0,0
9961,25,1,0,0
9962,60,1,0,0
9963,34,1,0,0
9964,70,1,0,0
9965,92,1,0,0
9966,64,1,0,0
9967,100,1,0,0
9968,96,1,0,0
9969,30,1,0,0
9970,33,1,0,0
9971,82,1,0,0
9972,107,1,0,0
9973,30,1,0,0
9974,87,1,0,0
9975,78,1,0,0
9976,82,1,0,0
9977,40,1,0,0
9978,28,1,0,0
9979,62,1,0,0
9980,71,1,0,0
9981,41,1,0,0
9982,41,1,0,0
9983,65,1,0,0
9984,22,1,0,0
9985,135,1,0,0
9986,69,1,0,0
9987,70,1,0,0
9988,28,1,0,0
9989,39,1,0,0
9990,13,1,0,0
9991,51,1,0,0
9992,60,1,0,0
9993,35,1,0,0
9994,63,1,0,0
9995,69,1,0,0
9996,30,1,0,0
9997,33,1,0,0
9998,56,1,0,0
9999,25,1,0,0
