trial,final_step,trapped,contact_dead,boundary_dead
0,151,1,0,0
1,91,1,0,0
2,93,1,0,0
3,53,1,0,0
4,55,1,0,0
5,17,1,0,0
6,39,1,0,0
7,19,1,0,0
8,64,1,0,0
9,75,1,0,0
10,28,1,0,0
11,21,1,0,0
12,31,1,0,0
13,24,1,0,0
14,45,1,0,0
15,113,1,0,0
16,68,1,0,0
17,17,1,0,0
18,69,1,0,0
19,31,1,0,0
20,23,1,0,0
21,39,1,0,0
22,29,1,0,0
23,82,1,0,0
24,72,1,0,0
25,80,1,0,0
26,33,1,0,0
27,60,1,0,0
28,132,1,0,0
29,17,1,0,0
30,24,1,0,0
31,148,1,0,0
32,81,1,0,0
33,35,1,0,0
34,77,1,0,0
35,117,1,0,0
36,24,1,0,0
37,44,1,0,0
38,33,1,0,0
39,69,1,0,0
40,106,1,0,0
41,89,1,0,0
42,137,1,0,0
43,103,1,0,0
44,25,1,0,0
45,53,1,0,0
46,46,1,0,0
47,28,1,0,0
48,42,1,0,0
49,100,1,0,0
50,72,1,0,0
51,106,1,0,0
52,12,1,0,0
53,61,1,0,0
54,65,1,0,0
55,187,1,0,0
56,96,1,0,0
57,29,1,0,0
58,75,1,0,0
59,34,1,0,0
60,58,1,0,0
61,101,1,0,0
62,82,1,0,0
63,37,1,0,0
64,91,1,0,0
65,60,1,0,0
66,68,1,0,0
67,97,1,0,0
68,59,1,0,0
69,51,1,0,0
70,102,1,0,0
71,54,1,0,0
72,61,1,0,0
73,66,1,0,0
74,31,1,0,0
75,53,1,0,0
76,51,1,0,0
77,9,1,0,0
78,17,1,0,0
79,57,1,0,0
80,93,1,0,0
81,55,1,0,0
82,148,1,0,0
83,14,1,0,0
84,98,1,0,0
85,114,1,0,0
86,17,1,0,0
87,141,1,0,0
88,124,1,0,0
89,122,1,0,0
90,80,1,0,0
91,37,1,0,0
92,35,1,0,0
93,63,1,0,0
94,91,1,0,0
95,136,1,0,0
96,22,1,0,0
97,41,1,0,0
98,75,1,0,0
99,48,1,0,0
100,169,1,0,0
101,64,1,0,0
102,26,1,0,0
103,111,1,0,0
104,24,1,0,0
105,34,1,0,0
106,43,1,0,0
107,215,1,0,0
108,36,1,0,0
109,85,1,0,0
110,39,1,0,0
111,21,1,0,0
112,71,1,0,0
113,79,1,0,0
114,65,1,0,0
115,70,1,0,0
116,54,1,0,0
117,34,1,0,0
118,66,1,0,0
119,48,1,0,0
120,59,1,0,0
121,45,1,0,0
122,54,1,0,0
123,41,1,0,0
124,23,1,0,0
125,71,1,0,0
126,34,1,0,0
127,134,1,0,0
128,20,1,0,0
129,58,1,0,0
130,158,1,0,0
131,37,1,0,0
132,65,1,0,0
133,7,1,0,0
134,17,1,0,0
135,13,1,0,0
136,63,1,0,0
137,26,1,0,0
138,43,1,0,0
139,40,1,0,0
140,72,1,0,0
141,68,1,0,0
142,99,1,0,0
143,113,1,0,0
144,61,1,0,0
145,93,1,0,0
146,75,1,0,0
147,36,1,0,0
148,75,1,0,0
149,42,1,0,0
150,46,1,0,0
151,85,1,0,0
152,190,1,0,0
153,80,1,0,0
154,173,1,0,0
155,102,1,0,0
156,145,1,0,0
157,68,1,0,0
158,72,1,0,0
159,15,1,0,0
160,38,1,0,0
161,32,1,0,0
162,26,1,0,0
163,78,1,0,0
164,82,1,0,0
165,19,1,0,0
166,53,1,0,0
167,30,1,0,0
168,80,1,0,0
169,63,1,0,0
170,48,1,0,0
171,8,1,0,0
172,25,1,0,0
173,23,1,0,0
174,60,1,0,0
175,56,1,0,0
176,214,1,0,0
177,36,1,0,0
178,107,1,0,0
179,98,1,0,0
180,16,1,0,0
181,105,1,0,0
182,45,1,0,0
183,85,1,0,0
184,150,1,0,0
185,55,1,0,0
186,220,1,0,0
187,45,1,0,0
188,51,1,0,0
189,24,1,0,0
190,63,1,0,0
191,35,1,0,0
192,60,1,0,0
193,55,1,0,0
194,31,1,0,0
195,33,1,0,0
196,62,1,0,0
197,28,1,0,0
198,33,1,0,0
199,114,1,0,0
200,133,1,0,0
201,48,1,0,0
202,25,1,0,0
203,105,1,0,0
204,66,1,0,0
205,100,1,0,0
206,58,1,0,0
207,147,1,0,0
208,19,1,0,0
209,80,1,0,0
210,37,1,0,0
211,21,1,0,0
212,67,1,0,0
213,140,1,0,0
214,173,1,0,0
215,60,1,0,0
216,44,1,0,0
217,164,1,0,0
218,36,1,0,0
219,79,1,0,0
220,41,1,0,0
221,52,1,0,0
222,158,1,0,0
223,47,1,0,0
224,78,1,0,0
225,38,1,0,0
226,38,1,0,0
227,40,1,0,0
228,28,1,0,0
229,9,1,0,0
230,119,1,0,0
231,87,1,0,0
232,41,1,0,0
233,18,1,0,0
234,162,1,0,0
235,35,1,0,0
236,25,1,0,0
237,67,1,0,0
238,49,1,0,0
239,143,1,0,0
240,34,1,0,0
241,12,1,0,0
242,147,1,0,0
243,56,1,0,0
244,87,1,0,0
245,55,1,0,0
246,71,1,0,0
247,14,1,0,0
248,24,1,0,0
249,62,1,0,0
250,46,1,0,0
251,28,1,0,0
252,53,1,0,0
253,163,1,0,0
254,16,1,0,0
255,30,1,0,0
256,15,1,0,0
257,74,1,0,0
258,37,1,0,0
259,44,1,0,0
260,76,1,0,0
261,65,1,0,0
262,59,1,0,0
263,182,1,0,0
264,83,1,0,0
265,44,1,0,0
266,25,1,0,0
267,49,1,0,0
268,13,1,0,0
269,64,1,0,0
270,79,1,0,0
271,67,1,0,0
272,19,1,0,0
273,28,1,0,0
274,34,1,0,0
275,43,1,0,0
276,16,1,0,0
277,153,1,0,0
278,24,1,0,0
279,53,1,0,0
280,119,1,0,0
281,107,1,0,0
282,15,1,0,0
283,115,1,0,0
284,47,1,0,0
285,103,1,0,0
286,41,1,0,0
287,129,1,0,0
288,62,1,0,0
289,40,1,0,0
290,82,1,0,0
291,116,1,0,0
292,18,1,0,0
293,72,1,0,0
294,63,1,0,0
295,36,1,0,0
296,37,1,0,0
297,157,1,0,0
298,36,1,0,0
299,22,1,0,0
300,388,1,0,0
301,75,1,0,0
302,36,1,0,0
303,86,1,0,0
304,56,1,0,0
305,30,1,0,0
306,41,1,0,0
307,56,1,0,0
308,37,1,0,0
309,15,1,0,0
310,142,1,0,0
311,75,1,0,0
312,54,1,0,0
313,93,1,0,0
314,24,1,0,0
315,152,1,0,0
316,30,1,0,0
317,49,1,0,0
318,21,1,0,0
319,90,1,0,0
320,95,1,0,0
321,20,1,0,0
322,116,1,0,0
323,187,1,0,0
324,46,1,0,0
325,46,1,0,0
326,81,1,0,0
327,22,1,0,0
328,174,1,0,0
329,105,1,0,0
330,42,1,0,0
331,42,1,0,0
332,80,1,0,0
333,41,1,0,0
334,47,1,0,0
335,19,1,0,0
336,60,1,0,0
337,78,1,0,0
338,57,1,0,0
339,166,1,0,0
340,123,1,0,0
341,33,1,0,0
342,17,1,0,0
343,40,1,0,0
344,15,1,0,0
345,103,1,0,0
346,71,1,0,0
347,37,1,0,0
348,78,1,0,0
349,130,1,0,0
350,137,1,0,0
351,121,1,0,0
352,55,1,0,0
353,123,1,0,0
354,32,1,0,0
355,24,1,0,0
356,25,1,0,0
357,117,1,0,0
358,126,1,0,0
359,78,1,0,0
360,106,1,0,0
361,93,1,0,0
362,35,1,0,0
363,34,1,0,0
364,27,1,0,0
365,28,1,0,0
366,17,1,0,0
367,32,1,0,0
368,50,1,0,0
369,26,1,0,0
370,30,1,0,0
371,138,1,0,0
372,64,1,0,0
373,35,1,0,0
374,96,1,0,0
375,33,1,0,0
376,18,1,0,0
377,74,1,0,0
378,240,1,0,0
379,34,1,0,0
380,48,1,0,0
381,65,1,0,0
382,62,1,0,0
383,21,1,0,0
384,33,1,0,0
385,131,1,0,0
386,114,1,0,0
387,32,1,0,0
388,25,1,0,0
389,40,1,0,0
390,120,1,0,0
391,24,1,0,0
392,201,1,0,0
393,136,1,0,0
394,19,1,0,0
395,21,1,0,0
396,90,1,0,0
397,122,1,0,0
398,193,1,0,0
399,83,1,0,0
400,85,1,0,0
401,407,1,0,0
402,76,1,0,0
403,34,1,0,0
404,21,1,0,0
405,175,1,0,0
406,25,1,0,0
407,29,1,0,0
408,45,1,0,0
409,130,1,0,0
410,19,1,0,0
411,196,1,0,0
412,178,1,0,0
413,11,1,0,0
414,275,1,0,0
415,119,1,0,0
416,82,1,0,0
417,77,1,0,0
418,34,1,0,0
419,21,1,0,0
420,90,1,0,0
421,179,1,0,0
422,47,1,0,0
423,117,1,0,0
424,181,1,0,0
425,265,1,0,0
426,45,1,0,0
427,69,1,0,0
428,51,1,0,0
429,71,1,0,0
430,118,1,0,0
431,106,1,0,0
432,86,1,0,0
433,73,1,0,0
434,70,1,0,0
435,119,1,0,0
436,140,1,0,0
437,58,1,0,0
438,28,1,0,0
439,78,1,0,0
440,61,1,0,0
441,21,1,0,0
442,84,1,0,0
443,82,1,0,0
444,73,1,0,0
445,239,1,0,0
446,135,1,0,0
447,33,1,0,0
448,84,1,0,0
449,55,1,0,0
450,8,1,0,0
451,67,1,0,0
452,72,1,0,0
453,173,1,0,0
454,67,1,0,0
455,24,1,0,0
456,32,1,0,0
457,121,1,0,0
458,30,1,0,0
459,109,1,0,0
460,76,1,0,0
461,64,1,0,0
462,43,1,0,0
463,56,1,0,0
464,50,1,0,0
465,87,1,0,0
466,27,1,0,0
467,45,1,0,0
468,20,1,0,0
469,40,1,0,0
470,94,1,0,0
471,17,1,0,0
472,237,1,0,0
473,66,1,0,0
474,26,1,0,0
475,51,1,0,0
476,54,1,0,0
477,61,1,0,0
478,70,1,0,0
479,35,1,0,0
480,39,1,0,0
481,63,1,0,0
482,39,1,0,0
483,75,1,0,0
484,22,1,0,0
485,57,1,0,0
486,20,1,0,0
487,151,1,0,0
488,13,1,0,0
489,30,1,0,0
490,68,1,0,0
491,63,1,0,0
492,45,1,0,0
493,19,1,0,0
494,81,1,0,0
495,55,1,0,0
496,47,1,0,0
497,96,1,0,0
498,61,1,0,0
499,62,1,0,0
500,86,1,0,0
501,68,1,0,0
502,39,1,0,0
503,75,1,0,0
504,46,1,0,0
505,23,1,0,0
506,44,1,0,0
507,95,1,0,0
508,63,1,0,0
509,22,1,0,0
510,111,1,0,0
511,31,1,0,0
512,112,1,0,0
513,74,1,0,0
514,200,1,0,0
515,71,1,0,0
516,201,1,0,0
517,54,1,0,0
518,169,1,0,0
519,136,1,0,0
520,42,1,0,0
521,47,1,0,0
522,84,1,0,0
523,110,1,0,0
524,27,1,0,0
525,77,1,0,0
526,23,1,0,0
527,38,1,0,0
528,73,1,0,0
529,112,1,0,0
530,109,1,0,0
531,232,1,0,0
532,31,1,0,0
533,146,1,0,0
534,114,1,0,0
535,62,1,0,0
536,59,1,0,0
537,53,1,0,0
538,152,1,0,0
539,23,1,0,0
540,66,1,0,0
541,103,1,0,0
542,111,1,0,0
543,186,1,0,0
544,52,1,0,0
545,46,1,0,0
546,154,1,0,0
547,63,1,0,0
548,55,1,0,0
549,38,1,0,0
550,21,1,0,0
551,40,1,0,0
552,92,1,0,0
553,36,1,0,0
554,72,1,0,0
555,44,1,0,0
556,45,1,0,0
557,57,1,0,0
558,26,1,0,0
559,58,1,0,0
560,15,1,0,0
561,29,1,0,0
562,177,1,0,0
563,128,1,0,0
564,140,1,0,0
565,123,1,0,0
566,103,1,0,0
567,137,1,0,0
568,145,1,0,0
569,155,1,0,0
570,56,1,0,0
571,29,1,0,0
572,63,1,0,0
573,37,1,0,0
574,35,1,0,0
575,131,1,0,0
576,27,1,0,0
577,14,1,0,0
578,69,1,0,0
579,171,1,0,0
580,32,1,0,0
581,96,1,0,0
582,64,1,0,0
583,17,1,0,0
584,40,1,0,0
585,33,1,0,0
586,30,1,0,0
587,19,1,0,0
588,53,1,0,0
589,91,1,0,0
590,176,1,0,0
591,11,1,0,0
592,39,1,0,0
593,108,1,0,0
594,131,1,0,0
595,128,1,0,0
596,108,1,0,0
597,60,1,0,0
598,18,1,0,0
599,31,1,0,0
600,45,1,0,0
601,24,1,0,0
602,74,1,0,0
603,93,1,0,0
604,35,1,0,0
605,98,1,0,0
606,37,1,0,0
607,85,1,0,0
608,21,1,0,0
609,78,1,0,0
610,54,1,0,0
611,43,1,0,0
612,47,1,0,0
613,95,1,0,0
614,29,1,0,0
615,73,1,0,0
616,67,1,0,0
617,42,1,0,0
618,35,1,0,0
619,146,1,0,0
620,53,1,0,0
621,41,1,0,0
622,42,1,0,0
623,68,1,0,0
624,25,1,0,0
625,138,1,0,0
626,50,1,0,0
627,161,1,0,0
628,70,1,0,0
629,49,1,0,0
630,74,1,0,0
631,160,1,0,0
632,41,1,0,0
633,31,1,0,0
634,43,1,0,0
635,79,1,0,0
636,55,1,0,0
637,13,1,0,0
638,15,1,0,0
639,140,1,0,0
640,39,1,0,0
641,38,1,0,0
642,62,1,0,0
643,27,1,0,0
644,83,1,0,0
645,210,1,0,0
646,53,1,0,0
647,45,1,0,0
648,45,1,0,0
649,85,1,0,0
650,29,1,0,0
651,36,1,0,0
652,61,1,0,0
653,114,1,0,0
654,42,1,0,0
655,117,1,0,0
656,186,1,0,0
657,53,1,0,0
658,35,1,0,0
659,108,1,0,0
660,98,1,0,0
661,53,1,0,0
662,34,1,0,0
663,117,1,0,0
664,88,1,0,0
665,55,1,0,0
666,28,1,0,0
667,72,1,0,0
668,105,1,0,0
669,136,1,0,0
670,29,1,0,0
671,222,1,0,0
672,249,1,0,0
673,19,1,0,0
674,135,1,0,0
675,156,1,0,0
676,125,1,0,0
677,57,1,0,0
678,87,1,0,0
679,86,1,0,0
680,58,1,0,0
681,134,1,0,0
682,37,1,0,0
683,41,1,0,0
684,88,1,0,0
685,135,1,0,0
686,70,1,0,0
687,31,1,0,0
688,20,1,0,0
689,47,1,0,0
690,26,1,0,0
691,82,1,0,0
692,53,1,0,0
693,255,1,0,0
694,45,1,0,0
695,73,1,0,0
696,272,1,0,0
697,13,1,0,0
698,64,1,0,0
699,119,1,0,0
700,109,1,0,0
701,79,1,0,0
702,43,1,0,0
703,39,1,0,0
704,24,1,0,0
705,106,1,0,0
706,166,1,0,0
707,34,1,0,0
708,81,1,0,0
709,64,1,0,0
710,187,1,0,0
711,34,1,0,0
712,31,1,0,0
713,120,1,0,0
714,69,1,0,0
715,79,1,0,0
716,74,1,0,0
717,92,1,0,0
718,19,1,0,0
719,90,1,0,0
720,21,1,0,0
721,41,1,0,0
722,41,1,0,0
723,15,1,0,0
724,96,1,0,0
725,317,1,0,0
726,121,1,0,0
727,71,1,0,0
728,34,1,0,0
729,68,1,0,0
730,49,1,0,0
731,47,1,0,0
732,56,1,0,0
733,96,1,0,0
734,52,1,0,0
735,18,1,0,0
736,28,1,0,0
737,16,1,0,0
738,89,1,0,0
739,62,1,0,0
740,69,1,0,0
741,73,1,0,0
742,163,1,0,0
743,44,1,0,0
744,101,1,0,0
745,35,1,0,0
746,20,1,0,0
747,36,1,0,0
748,28,1,0,0
749,112,1,0,0
750,43,1,0,0
751,135,1,0,0
752,70,1,0,0
753,92,1,0,0
754,143,1,0,0
755,21,1,0,0
756,53,1,0,0
757,91,1,0,0
758,71,1,0,0
759,91,1,0,0
760,182,1,0,0
761,30,1,0,0
762,18,1,0,0
763,30,1,0,0
764,254,1,0,0
765,30,1,0,0
766,57,1,0,0
767,165,1,0,0
768,41,1,0,0
769,83,1,0,0
770,38,1,0,0
771,17,1,0,0
772,52,1,0,0
773,107,1,0,0
774,50,1,0,0
775,17,1,0,0
776,27,1,0,0
777,215,1,0,0
778,127,1,0,0
779,88,1,0,0
780,108,1,0,0
781,16,1,0,0
782,51,1,0,0
783,35,1,0,0
784,28,1,0,0
785,15,1,0,0
786,19,1,0,0
787,23,1,0,0
788,73,1,0,0
789,81,1,0,0
790,33,1,0,0
791,34,1,0,0
792,131,1,0,0
793,79,1,0,0
794,151,1,0,0
795,106,1,0,0
796,99,1,0,0
797,23,1,0,0
798,63,1,0,0
799,86,1,0,0
800,36,1,0,0
801,47,1,0,0
802,14,1,0,0
803,45,1,0,0
804,31,1,0,0
805,24,1,0,0
806,165,1,0,0
807,37,1,0,0
808,25,1,0,0
809,89,1,0,0
810,70,1,0,0
811,21,1,0,0
812,34,1,0,0
813,64,1,0,0
814,43,1,0,0
815,54,1,0,0
816,72,1,0,0
817,31,1,0,0
818,30,1,0,0
819,23,1,0,0
820,54,1,0,0
821,25,1,0,0
822,64,1,0,0
823,94,1,0,0
824,52,1,0,0
825,99,1,0,0
826,103,1,0,0
827,46,1,0,0
828,42,1,0,0
829,36,1,0,0
830,96,1,0,0
831,65,1,0,0
832,52,1,0,0
833,29,1,0,0
834,25,1,0,0
835,61,1,0,0
836,171,1,0,0
837,32,1,0,0
838,78,1,0,0
839,115,1,0,0
840,80,1,0,0
841,50,1,0,0
842,58,1,0,0
843,99,1,0,0
844,52,1,0,0
845,46,1,0,0
846,37,1,0,0
847,123,1,0,0
848,38,1,0,0
849,45,1,0,0
850,113,1,0,0
851,72,1,0,0
852,69,1,0,0
853,35,1,0,0
854,44,1,0,0
855,34,1,0,0
856,72,1,0,0
857,44,1,0,0
858,23,1,0,0
859,57,1,0,0
860,79,1,0,0
861,37,1,0,0
862,81,1,0,0
863,51,1,0,0
864,53,1,0,0
865,44,1,0,0
866,38,1,0,0
867,23,1,0,0
868,59,1,0,0
869,37,1,0,0
870,290,1,0,0
871,39,1,0,0
872,41,1,0,0
873,19,1,0,0
874,108,1,0,0
875,54,1,0,0
876,55,1,0,0
877,26,1,0,0
878,26,1,0,0
879,118,1,0,0
880,41,1,0,0
881,135,1,0,0
882,51,1,0,0
883,77,1,0,0
884,35,1,0,0
885,34,1,0,0
886,53,1,0,0
887,136,1,0,0
888,33,1,0,0
889,25,1,0,0
890,47,1,0,0
891,129,1,0,0
892,42,1,0,0
893,105,1,0,0
894,54,1,0,0
895,57,1,0,0
896,53,1,0,0
897,10,1,0,0
898,49,1,0,0
899,35,1,0,0
900,68,1,0,0
901,37,1,0,0
902,135,1,0,0
903,25,1,0,0
904,59,1,0,0
905,27,1,0,0
906,135,1,0,0
907,120,1,0,0
908,54,1,0,0
909,75,1,0,0
910,19,1,0,0
911,40,1,0,0
912,55,1,0,0
913,55,1,0,0
914,115,1,0,0
915,53,1,0,0
916,23,1,0,0
917,60,1,0,0
918,43,1,0,0
919,146,1,0,0
920,76,1,0,0
921,58,1,0,0
922,61,1,0,0
923,64,1,0,0
924,17,1,0,0
925,126,1,0,0
926,28,1,0,0
927,27,1,0,0
928,154,1,0,0
929,112,1,0,0
930,75,1,0,0
931,62,1,0,0
932,28,1,0,0
933,54,1,0,0
934,67,1,0,0
935,62,1,0,0
936,47,1,0,0
937,31,1,0,0
938,98,1,0,0
939,63,1,0,0
940,18,1,0,0
941,190,1,0,0
942,71,1,0,0
943,18,1,0,0
944,91,1,0,0
945,115,1,0,0
946,262,1,0,0
947,39,1,0,0
948,33,1,0,0
949,111,1,0,0
950,66,1,0,0
951,18,1,0,0
952,144,1,0,0
953,19,1,0,0
954,128,1,0,0
955,107,1,0,0
956,65,1,0,0
957,60,1,0,0
958,60,1,0,0
959,70,1,0,0
960,104,1,0,0
961,198,1,0,0
962,8,1,0,0
963,28,1,0,0
964,46,1,0,0
965,12,1,0,0
966,114,1,0,0
967,28,1,0,0
968,25,1,0,0
969,80,1,0,0
970,157,1,0,0
971,14,1,0,0
972,23,1,0,0
973,27,1,0,0
974,34,1,0,0
975,95,1,0,0
976,46,1,0,0
977,75,1,0,0
978,103,1,0,0
979,16,1,0,0
980,61,1,0,0
981,64,1,0,0
982,72,1,0,0
983,96,1,0,0
984,241,1,0,0
985,36,1,0,0
986,90,1,0,0
987,43,1,0,0
988,69,1,0,0
989,155,1,0,0
990,51,1,0,0
991,59,1,0,0
992,83,1,0,0
993,27,1,0,0
994,20,1,0,0
995,54,1,0,0
996,223,1,0,0
997,75,1,0,0
998,50,1,0,0
999,55,1,0,0
1000,59,1,0,0
1001,86,1,0,0
1002,22,1,0,0
1003,74,1,0,0
1004,62,1,0,0
1005,24,1,0,0
1006,37,1,0,0
1007,70,1,0,0
1008,87,1,0,0
1009,114,1,0,0
1010,65,1,0,0
1011,22,1,0,0
1012,107,1,0,0
1013,53,1,0,0
1014,90,1,0,0
1015,54,1,0,0
1016,29,1,0,0
1017,302,1,0,0
1018,21,1,0,0
1019,30,1,0,0
1020,218,1,0,0
1021,94,1,0,0
1022,65,1,0,0
1023,82,1,0,0
1024,49,1,0,0
1025,69,1,0,0
1026,51,1,0,0
1027,136,1,0,0
1028,21,1,0,0
1029,173,1,0,0
1030,19,1,0,0
1031,79,1,0,0
1032,113,1,0,0
1033,44,1,0,0
1034,88,1,0,0
1035,133,1,0,0
1036,102,1,0,0
1037,128,1,0,0
1038,70,1,0,0
1039,102,1,0,0
1040,125,1,0,0
1041,46,1,0,0
1042,93,1,0,0
1043,62,1,0,0
1044,21,1,0,0
1045,15,1,0,0
1046,135,1,0,0
1047,26,1,0,0
1048,210,1,0,0
1049,74,1,0,0
1050,102,1,0,0
1051,27,1,0,0
1052,78,1,0,0
1053,90,1,0,0
1054,128,1,0,0
1055,83,1,0,0
1056,28,1,0,0
1057,29,1,0,0
1058,33,1,0,0
1059,57,1,0,0
1060,30,1,0,0
1061,41,1,0,0
1062,78,1,0,0
1063,49,1,0,0
1064,78,1,0,0
1065,72,1,0,0
1066,47,1,0,0
1067,55,1,0,0
1068,38,1,0,0
1069,104,1,0,0
1070,34,1,0,0
1071,72,1,0,0
1072,127,1,0,0
1073,72,1,0,0
1074,84,1,0,0
1075,40,1,0,0
1076,22,1,0,0
1077,27,1,0,0
1078,17,1,0,0
1079,46,1,0,0
1080,18,1,0,0
1081,33,1,0,0
1082,10,1,0,0
1083,33,1,0,0
1084,40,1,0,0
1085,67,1,0,0
1086,61,1,0,0
1087,40,1,0,0
1088,62,1,0,0
1089,141,1,0,0
1090,44,1,0,0
1091,19,1,0,0
1092,50,1,0,0
1093,66,1,0,0
1094,53,1,0,0
1095,17,1,0,0
1096,74,1,0,0
1097,74,1,0,0
1098,19,1,0,0
1099,19,1,0,0
1100,40,1,0,0
1101,20,1,0,0
1102,185,1,0,0
1103,148,1,0,0
1104,43,1,0,0
1105,98,1,0,0
1106,32,1,0,0
1107,40,1,0,0
1108,112,1,0,0
1109,152,1,0,0
1110,62,1,0,0
1111,63,1,0,0
1112,44,1,0,0
1113,75,1,0,0
1114,84,1,0,0
1115,99,1,0,0
1116,122,1,0,0
1117,68,1,0,0
1118,12,1,0,0
1119,96,1,0,0
1120,50,1,0,0
1121,107,1,0,0
1122,82,1,0,0
1123,35,1,0,0
1124,21,1,0,0
1125,151,1,0,0
1126,96,1,0,0
1127,147,1,0,0
1128,56,1,0,0
1129,56,1,0,0
1130,63,1,0,0
1131,19,1,0,0
1132,81,1,0,0
1133,40,1,0,0
1134,51,1,0,0
1135,34,1,0,0
1136,55,1,0,0
1137,65,1,0,0
1138,21,1,0,0
1139,86,1,0,0
1140,57,1,0,0
1141,9,1,0,0
1142,94,1,0,0
1143,61,1,0,0
1144,30,1,0,0
1145,127,1,0,0
1146,68,1,0,0
1147,31,1,0,0
1148,43,1,0,0
1149,176,1,0,0
1150,37,1,0,0
1151,113,1,0,0
1152,101,1,0,0
1153,14,1,0,0
1154,84,1,0,0
1155,107,1,0,0
1156,79,1,0,0
1157,78,1,0,0
1158,166,1,0,0
1159,35,1,0,0
1160,61,1,0,0
1161,139,1,0,0
1162,51,1,0,0
1163,31,1,0,0
1164,33,1,0,0
1165,62,1,0,0
1166,40,1,0,0
1167,91,1,0,0
1168,65,1,0,0
1169,62,1,0,0
1170,54,1,0,0
1171,138,1,0,0
1172,181,1,0,0
1173,40,1,0,0
1174,54,1,0,0
1175,114,1,0,0
1176,104,1,0,0
1177,191,1,0,0
1178,72,1,0,0
1179,123,1,0,0
1180,83,1,0,0
1181,47,1,0,0
1182,98,1,0,0
1183,210,1,0,0
1184,59,1,0,0
1185,25,1,0,0
1186,73,1,0,0
1187,101,1,0,0
1188,159,1,0,0
1189,112,1,0,0
1190,43,1,0,0
1191,61,1,0,0
1192,24,1,0,0
1193,154,1,0,0
1194,35,1,0,0
1195,47,1,0,0
1196,27,1,0,0
1197,30,1,0,0
1198,31,1,0,0
1199,81,1,0,0
1200,55,1,0,0
1201,59,1,0,0
1202,30,1,0,0
1203,57,1,0,0
1204,67,1,0,0
1205,51,1,0,0
1206,74,1,0,0
1207,95,1,0,0
1208,106,1,0,0
1209,33,1,0,0
1210,18,1,0,0
1211,27,1,0,0
1212,33,1,0,0
1213,75,1,0,0
1214,44,1,0,0
1215,92,1,0,0
1216,137,1,0,0
1217,76,1,0,0
1218,28,1,0,0
1219,51,1,0,0
1220,166,1,0,0
1221,120,1,0,0
1222,46,1,0,0
1223,42,1,0,0
1224,36,1,0,0
1225,74,1,0,0
1226,18,1,0,0
1227,13,1,0,0
1228,25,1,0,0
1229,49,1,0,0
1230,54,1,0,0
1231,43,1,0,0
1232,62,1,0,0
1233,106,1,0,0
1234,127,1,0,0
1235,41,1,0,0
1236,44,1,0,0
1237,38,1,0,0
1238,20,1,0,0
1239,90,1,0,0
1240,78,1,0,0
1241,94,1,0,0
1242,100,1,0,0
1243,24,1,0,0
1244,80,1,0,0
1245,28,1,0,0
1246,24,1,0,0
1247,71,1,0,0
1248,51,1,0,0
1249,18,1,0,0
1250,66,1,0,0
1251,213,1,0,0
1252,81,1,0,0
1253,62,1,0,0
1254,14,1,0,0
1255,127,1,0,0
1256,146,1,0,0
1257,84,1,0,0
1258,98,1,0,0
1259,19,1,0,0
1260,114,1,0,0
1261,39,1,0,0
1262,20,1,0,0
1263,31,1,0,0
1264,20,1,0,0
1265,103,1,0,0
1266,69,1,0,0
1267,68,1,0,0
1268,113,1,0,0
1269,48,1,0,0
1270,215,1,0,0
1271,75,1,0,0
1272,35,1,0,0
1273,38,1,0,0
1274,72,1,0,0
1275,95,1,0,0
1276,131,1,0,0
1277,269,1,0,0
1278,130,1,0,0
1279,47,1,0,0
1280,51,1,0,0
1281,26,1,0,0
1282,31,1,0,0
1283,136,1,0,0
1284,40,1,0,0
1285,120,1,0,0
1286,29,1,0,0
1287,39,1,0,0
1288,53,1,0,0
1289,13,1,0,0
1290,44,1,0,0
1291,275,1,0,0
1292,102,1,0,0
1293,8,1,0,0
1294,48,1,0,0
1295,84,1,0,0
1296,10,1,0,0
1297,81,1,0,0
1298,50,1,0,0
1299,42,1,0,0
1300,75,1,0,0
1301,129,1,0,0
1302,56,1,0,0
1303,113,1,0,0
1304,63,1,0,0
1305,125,1,0,0
1306,28,1,0,0
1307,134,1,0,0
1308,43,1,0,0
1309,120,1,0,0
1310,21,1,0,0
1311,68,1,0,0
1312,127,1,0,0
1313,43,1,0,0
1314,31,1,0,0
1315,83,1,0,0
1316,55,1,0,0
1317,74,1,0,0
1318,12,1,0,0
1319,114,1,0,0
1320,31,1,0,0
1321,15,1,0,0
1322,80,1,0,0
1323,33,1,0,0
1324,45,1,0,0
1325,141,1,0,0
1326,45,1,0,0
1327,60,1,0,0
1328,52,1,0,0
1329,137,1,0,0
1330,63,1,0,0
1331,14,1,0,0
1332,33,1,0,0
1333,99,1,0,0
1334,72,1,0,0
1335,51,1,0,0
1336,33,1,0,0
1337,28,1,0,0
1338,39,1,0,0
1339,119,1,0,0
1340,29,1,0,0
1341,34,1,0,0
1342,97,1,0,0
1343,30,1,0,0
1344,67,1,0,0
1345,77,1,0,0
1346,50,1,0,0
1347,58,1,0,0
1348,21,1,0,0
1349,74,1,0,0
1350,116,1,0,0
1351,39,1,0,0
1352,152,1,0,0
1353,90,1,0,0
1354,60,1,0,0
1355,95,1,0,0
1356,89,1,0,0
1357,68,1,0,0
1358,80,1,0,0
1359,82,1,0,0
1360,49,1,0,0
1361,43,1,0,0
1362,43,1,0,0
1363,87,1,0,0
1364,31,1,0,0
1365,49,1,0,0
1366,43,1,0,0
1367,35,1,0,0
1368,96,1,0,0
1369,49,1,0,0
1370,70,1,0,0
1371,43,1,0,0
1372,100,1,0,0
1373,81,1,0,0
1374,123,1,0,0
1375,60,1,0,0
1376,43,1,0,0
1377,28,1,0,0
1378,30,1,0,0
1379,97,1,0,0
1380,108,1,0,0
1381,23,1,0,0
1382,32,1,0,0
1383,49,1,0,0
1384,100,1,0,0
1385,29,1,0,0
1386,95,1,0,0
1387,67,1,0,0
1388,24,1,0,0
1389,68,1,0,0
1390,30,1,0,0
1391,129,1,0,0
1392,45,1,0,0
1393,91,1,0,0
1394,82,1,0,0
1395,63,1,0,0
1396,82,1,0,0
1397,28,1,0,0
1398,184,1,0,0
1399,41,1,0,0
1400,20,1,0,0
1401,109,1,0,0
1402,30,1,0,0
1403,40,1,0,0
1404,203,1,0,0
1405,116,1,0,0
1406,107,1,0,0
1407,69,1,0,0
1408,61,1,0,0
1409,30,1,0,0
1410,42,1,0,0
1411,34,1,0,0
1412,92,1,0,0
1413,13,1,0,0
1414,54,1,0,0
1415,54,1,0,0
1416,120,1,0,0
1417,167,1,0,0
1418,38,1,0,0
1419,159,1,0,0
1420,46,1,0,0
1421,49,1,0,0
1422,32,1,0,0
1423,62,1,0,0
1424,15,1,0,0
1425,71,1,0,0
1426,65,1,0,0
1427,77,1,0,0
1428,188,1,0,0
1429,122,1,0,0
1430,154,1,0,0
1431,54,1,0,0
1432,13,1,0,0
1433,73,1,0,0
1434,97,1,0,0
1435,27,1,0,0
1436,62,1,0,0
1437,72,1,0,0
1438,31,1,0,0
1439,20,1,0,0
1440,21,1,0,0
1441,86,1,0,0
1442,59,1,0,0
1443,22,1,0,0
1444,61,1,0,0
1445,124,1,0,0
1446,91,1,0,0
1447,148,1,0,0
1448,62,1,0,0
1449,42,1,0,0
1450,36,1,0,0
1451,39,1,0,0
1452,91,1,0,0
1453,68,1,0,0
1454,18,1,0,0
1455,57,1,0,0
1456,91,1,0,0
1457,101,1,0,0
1458,119,1,0,0
1459,82,1,0,0
1460,17,1,0,0
1461,37,1,0,0
1462,103,1,0,0
1463,70,1,0,0
1464,133,1,0,0
1465,174,1,0,0
1466,30,1,0,0
1467,91,1,0,0
1468,146,1,0,0
1469,16,1,0,0
1470,95,1,0,0
1471,132,1,0,0
1472,15,1,0,0
1473,189,1,0,0
1474,152,1,0,0
1475,104,1,0,0
1476,45,1,0,0
1477,52,1,0,0
1478,7,1,0,0
1479,42,1,0,0
1480,108,1,0,0
1481,120,1,0,0
1482,111,1,0,0
1483,38,1,0,0
1484,47,1,0,0
1485,81,1,0,0
1486,84,1,0,0
1487,29,1,0,0
1488,65,1,0,0
1489,87,1,0,0
1490,75,1,0,0
1491,128,1,0,0
1492,82,1,0,0
1493,18,1,0,0
1494,85,1,0,0
1495,98,1,0,0
1496,51,1,0,0
1497,51,1,0,0
1498,45,1,0,0
1499,53,1,0,0
1500,29,1,0,0
1501,20,1,0,0
1502,56,1,0,0
1503,51,1,0,0
1504,8,1,0,0
1505,52,1,0,0
1506,65,1,0,0
1507,108,1,0,0
1508,21,1,0,0
1509,235,1,0,0
1510,117,1,0,0
1511,92,1,0,0
1512,48,1,0,0
1513,33,1,0,0
1514,232,1,0,0
1515,19,1,0,0
1516,31,1,0,0
1517,71,1,0,0
1518,112,1,0,0
1519,37,1,0,0
1520,49,1,0,0
1521,62,1,0,0
1522,65,1,0,0
1523,58,1,0,0
1524,44,1,0,0
1525,41,1,0,0
1526,112,1,0,0
1527,66,1,0,0
1528,87,1,0,0
1529,65,1,0,0
1530,26,1,0,0
1531,48,1,0,0
1532,88,1,0,0
1533,76,1,0,0
1534,50,1,0,0
1535,64,1,0,0
1536,184,1,0,0
1537,37,1,0,0
1538,15,1,0,0
1539,130,1,0,0
1540,153,1,0,0
1541,71,1,0,0
1542,21,1,0,0
1543,130,1,0,0
1544,37,1,0,0
1545,45,1,0,0
1546,53,1,0,0
1547,207,1,0,0
1548,48,1,0,0
1549,238,1,0,0
1550,117,1,0,0
1551,94,1,0,0
1552,100,1,0,0
1553,48,1,0,0
1554,165,1,0,0
1555,155,1,0,0
1556,111,1,0,0
1557,114,1,0,0
1558,94,1,0,0
1559,15,1,0,0
1560,25,1,0,0
1561,105,1,0,0
1562,42,1,0,0
1563,73,1,0,0
1564,99,1,0,0
1565,65,1,0,0
1566,42,1,0,0
1567,45,1,0,0
1568,27,1,0,0
1569,86,1,0,0
1570,65,1,0,0
1571,83,1,0,0
1572,124,1,0,0
1573,32,1,0,0
1574,70,1,0,0
1575,45,1,0,0
1576,243,1,0,0
1577,45,1,0,0
1578,20,1,0,0
1579,70,1,0,0
1580,114,1,0,0
1581,47,1,0,0
1582,171,1,0,0
1583,36,1,0,0
1584,73,1,0,0
1585,141,1,0,0
1586,23,1,0,0
1587,190,1,0,0
1588,132,1,0,0
1589,35,1,0,0
1590,47,1,0,0
1591,96,1,0,0
1592,53,1,0,0
1593,117,1,0,0
1594,10,1,0,0
1595,36,1,0,0
1596,107,1,0,0
1597,175,1,0,0
1598,31,1,0,0
1599,83,1,0,0
1600,44,1,0,0
1601,8,1,0,0
1602,22,1,0,0
1603,9,1,0,0
1604,54,1,0,0
1605,133,1,0,0
1606,105,1,0,0
1607,48,1,0,0
1608,101,1,0,0
1609,15,1,0,0
1610,72,1,0,0
1611,106,1,0,0
1612,23,1,0,0
1613,25,1,0,0
1614,77,1,0,0
1615,51,1,0,0
1616,40,1,0,0
1617,13,1,0,0
1618,117,1,0,0
1619,89,1,0,0
1620,80,1,0,0
1621,96,1,0,0
1622,52,1,0,0
1623,134,1,0,0
1624,59,1,0,0
1625,142,1,0,0
1626,55,1,0,0
1627,51,1,0,0
1628,29,1,0,0
1629,51,1,0,0
1630,28,1,0,0
1631,33,1,0,0
1632,135,1,0,0
1633,42,1,0,0
1634,212,1,0,0
1635,40,1,0,0
1636,263,1,0,0
1637,116,1,0,0
1638,34,1,0,0
1639,33,1,0,0
1640,42,1,0,0
1641,50,1,0,0
1642,71,1,0,0
1643,135,1,0,0
1644,27,1,0,0
1645,103,1,0,0
1646,24,1,0,0
1647,66,1,0,0
1648,41,1,0,0
1649,186,1,0,0
1650,67,1,0,0
1651,92,1,0,0
1652,155,1,0,0
1653,16,1,0,0
1654,55,1,0,0
1655,123,1,0,0
1656,36,1,0,0
1657,103,1,0,0
1658,21,1,0,0
1659,116,1,0,0
1660,243,1,0,0
1661,33,1,0,0
1662,53,1,0,0
1663,26,1,0,0
1664,115,1,0,0
1665,20,1,0,0
1666,67,1,0,0
1667,61,1,0,0
1668,17,1,0,0
1669,32,1,0,0
1670,78,1,0,0
1671,41,1,0,0
1672,57,1,0,0
1673,79,1,0,0
1674,94,1,0,0
1675,20,1,0,0
1676,61,1,0,0
1677,36,1,0,0
1678,76,1,0,0
1679,45,1,0,0
1680,131,1,0,0
1681,27,1,0,0
1682,34,1,0,0
1683,72,1,0,0
1684,73,1,0,0
1685,162,1,0,0
1686,101,1,0,0
1687,33,1,0,0
1688,106,1,0,0
1689,21,1,0,0
1690,50,1,0,0
1691,34,1,0,0
1692,65,1,0,0
1693,164,1,0,0
1694,133,1,0,0
1695,32,1,0,0
1696,55,1,0,0
1697,84,1,0,0
1698,46,1,0,0
1699,29,1,0,0
1700,83,1,0,0
1701,66,1,0,0
1702,33,1,0,0
1703,112,1,0,0
1704,76,1,0,0
1705,185,1,0,0
1706,83,1,0,0
1707,20,1,0,0
1708,37,1,0,0
1709,114,1,0,0
1710,126,1,0,0
1711,61,1,0,0
1712,56,1,0,0
1713,22,1,0,0
1714,16,1,0,0
1715,18,1,0,0
1716,126,1,0,0
1717,28,1,0,0
1718,39,1,0,0
1719,31,1,0,0
1720,23,1,0,0
1721,34,1,0,0
1722,18,1,0,0
1723,25,1,0,0
1724,70,1,0,0
1725,34,1,0,0
1726,62,1,0,0
1727,30,1,0,0
1728,88,1,0,0
1729,17,1,0,0
1730,64,1,0,0
1731,54,1,0,0
1732,29,1,0,0
1733,30,1,0,0
1734,48,1,0,0
1735,40,1,0,0
1736,36,1,0,0
1737,75,1,0,0
1738,99,1,0,0
1739,65,1,0,0
1740,80,1,0,0
1741,63,1,0,0
1742,121,1,0,0
1743,35,1,0,0
1744,90,1,0,0
1745,96,1,0,0
1746,33,1,0,0
1747,99,1,0,0
1748,41,1,0,0
1749,102,1,0,0
1750,45,1,0,0
1751,159,1,0,0
1752,12,1,0,0
1753,56,1,0,0
1754,120,1,0,0
1755,38,1,0,0
1756,20,1,0,0
1757,26,1,0,0
1758,19,1,0,0
1759,23,1,0,0
1760,21,1,0,0
1761,53,1,0,0
1762,30,1,0,0
1763,131,1,0,0
1764,81,1,0,0
1765,61,1,0,0
1766,22,1,0,0
1767,22,1,0,0
1768,67,1,0,0
1769,45,1,0,0
1770,91,1,0,0
1771,73,1,0,0
1772,46,1,0,0
1773,57,1,0,0
1774,29,1,0,0
1775,28,1,0,0
1776,83,1,0,0
1777,62,1,0,0
1778,66,1,0,0
1779,76,1,0,0
1780,15,1,0,0
1781,64,1,0,0
1782,82,1,0,0
1783,114,1,0,0
1784,65,1,0,0
1785,36,1,0,0
1786,183,1,0,0
1787,97,1,0,0
1788,115,1,0,0
1789,19,1,0,0
1790,24,1,0,0
1791,57,1,0,0
1792,58,1,0,0
1793,30,1,0,0
1794,43,1,0,0
1795,34,1,0,0
1796,38,1,0,0
1797,78,1,0,0
1798,38,1,0,0
1799,45,1,0,0
1800,78,1,0,0
1801,70,1,0,0
1802,51,1,0,0
1803,36,1,0,0
1804,135,1,0,0
1805,63,1,0,0
1806,44,1,0,0
1807,36,1,0,0
1808,22,1,0,0
1809,95,1,0,0
1810,35,1,0,0
1811,50,1,0,0
1812,142,1,0,0
1813,82,1,0,0
1814,87,1,0,0
1815,91,1,0,0
1816,108,1,0,0
1817,28,1,0,0
1818,64,1,0,0
1819,151,1,0,0
1820,171,1,0,0
1821,99,1,0,0
1822,53,1,0,0
1823,34,1,0,0
1824,111,1,0,0
1825,36,1,0,0
1826,117,1,0,0
1827,34,1,0,0
1828,51,1,0,0
1829,48,1,0,0
1830,139,1,0,0
1831,55,1,0,0
1832,83,1,0,0
1833,103,1,0,0
1834,77,1,0,0
1835,116,1,0,0
1836,28,1,0,0
1837,38,1,0,0
1838,82,1,0,0
1839,106,1,0,0
1840,62,1,0,0
1841,166,1,0,0
1842,29,1,0,0
1843,108,1,0,0
1844,138,1,0,0
1845,29,1,0,0
1846,65,1,0,0
1847,70,1,0,0
1848,89,1,0,0
1849,37,1,0,0
1850,53,1,0,0
1851,33,1,0,0
1852,58,1,0,0
1853,105,1,0,0
1854,34,1,0,0
1855,29,1,0,0
1856,22,1,0,0
1857,22,1,0,0
1858,93,1,0,0
1859,53,1,0,0
1860,49,1,0,0
1861,156,1,0,0
1862,30,1,0,0
1863,16,1,0,0
1864,30,1,0,0
1865,127,1,0,0
1866,52,1,0,0
1867,92,1,0,0
1868,36,1,0,0
1869,79,1,0,0
1870,59,1,0,0
1871,38,1,0,0
1872,26,1,0,0
1873,13,1,0,0
1874,70,1,0,0
1875,143,1,0,0
1876,93,1,0,0
1877,63,1,0,0
1878,50,1,0,0
1879,30,1,0,0
1880,47,1,0,0
1881,65,1,0,0
1882,53,1,0,0
1883,31,1,0,0
1884,49,1,0,0
1885,25,1,0,0
1886,42,1,0,0
1887,88,1,0,0
1888,61,1,0,0
1889,64,1,0,0
1890,18,1,0,0
1891,138,1,0,0
1892,52,1,0,0
1893,92,1,0,0
1894,31,1,0,0
1895,91,1,0,0
1896,28,1,0,0
1897,41,1,0,0
1898,25,1,0,0
1899,62,1,0,0
1900,15,1,0,0
1901,43,1,0,0
1902,27,1,0,0
1903,31,1,0,0
1904,152,1,0,0
1905,133,1,0,0
1906,229,1,0,0
1907,45,1,0,0
1908,21,1,0,0
1909,11,1,0,0
1910,50,1,0,0
1911,54,1,0,0
1912,19,1,0,0
1913,79,1,0,0
1914,26,1,0,0
1915,36,1,0,0
1916,59,1,0,0
1917,49,1,0,0
1918,77,1,0,0
1919,81,1,0,0
1920,109,1,0,0
1921,19,1,0,0
1922,34,1,0,0
1923,149,1,0,0
1924,35,1,0,0
1925,104,1,0,0
1926,175,1,0,0
1927,11,1,0,0
1928,21,1,0,0
1929,31,1,0,0
1930,101,1,0,0
1931,25,1,0,0
1932,45,1,0,0
1933,136,1,0,0
1934,35,1,0,0
1935,31,1,0,0
1936,99,1,0,0
1937,110,1,0,0
1938,102,1,0,0
1939,50,1,0,0
1940,46,1,0,0
1941,124,1,0,0
1942,83,1,0,0
1943,90,1,0,0
1944,24,1,0,0
1945,98,1,0,0
1946,114,1,0,0
1947,27,1,0,0
1948,33,1,0,0
1949,31,1,0,0
1950,65,1,0,0
1951,28,1,0,0
1952,63,1,0,0
1953,68,1,0,0
1954,230,1,0,0
1955,25,1,0,0
1956,19,1,0,0
1957,40,1,0,0
1958,121,1,0,0
1959,21,1,0,0
1960,96,1,0,0
1961,61,1,0,0
1962,41,1,0,0
1963,32,1,0,0
1964,67,1,0,0
1965,100,1,0,0
1966,77,1,0,0
1967,112,1,0,0
1968,67,1,0,0
1969,50,1,0,0
1970,48,1,0,0
1971,27,1,0,0
1972,47,1,0,0
1973,48,1,0,0
1974,22,1,0,0
1975,77,1,0,0
1976,110,1,0,0
1977,97,1,0,0
1978,31,1,0,0
1979,24,1,0,0
1980,88,1,0,0
1981,26,1,0,0
1982,115,1,0,0
1983,167,1,0,0
1984,20,1,0,0
1985,47,1,0,0
1986,34,1,0,0
1987,50,1,0,0
1988,46,1,0,0
1989,105,1,0,0
1990,114,1,0,0
1991,161,1,0,0
1992,67,1,0,0
1993,98,1,0,0
1994,155,1,0,0
1995,98,1,0,0
1996,81,1,0,0
1997,64,1,0,0
1998,110,1,0,0
1999,22,1,0,0
2000,49,1,0,0
2001,131,1,0,0
2002,30,1,0,0
2003,84,1,0,0
2004,30,1,0,0
2005,36,1,0,0
2006,24,1,0,0
2007,100,1,0,0
2008,102,1,0,0
2009,194,1,0,0
2010,71,1,0,0
2011,19,1,0,0
2012,35,1,0,0
2013,96,1,0,0
2014,129,1,0,0
2015,39,1,0,0
2016,25,1,0,0
2017,44,1,0,0
2018,86,1,0,0
2019,61,1,0,0
2020,123,1,0,0
2021,10,1,0,0
2022,15,1,0,0
2023,34,1,0,0
2024,81,1,0,0
2025,159,1,0,0
2026,12,1,0,0
2027,37,1,0,0
2028,102,1,0,0
2029,45,1,0,0
2030,16,1,0,0
2031,17,1,0,0
2032,61,1,0,0
2033,41,1,0,0
2034,35,1,0,0
2035,63,1,0,0
2036,154,1,0,0
2037,37,1,0,0
2038,29,1,0,0
2039,62,1,0,0
2040,25,1,0,0
2041,43,1,0,0
2042,44,1,0,0
2043,10,1,0,0
2044,19,1,0,0
2045,153,1,0,0
2046,67,1,0,0
2047,13,1,0,0
2048,52,1,0,0
2049,196,1,0,0
2050,60,1,0,0
2051,57,1,0,0
2052,96,1,0,0
2053,89,1,0,0
2054,53,1,0,0
2055,22,1,0,0
2056,13,1,0,0
2057,97,1,0,0
2058,124,1,0,0
2059,28,1,0,0
2060,88,1,0,0
2061,222,1,0,0
2062,22,1,0,0
2063,97,1,0,0
2064,44,1,0,0
2065,18,1,0,0
2066,157,1,0,0
2067,118,1,0,0
2068,68,1,0,0
2069,53,1,0,0
2070,51,1,0,0
2071,115,1,0,0
2072,72,1,0,0
2073,35,1,0,0
2074,65,1,0,0
2075,43,1,0,0
2076,149,1,0,0
2077,152,1,0,0
2078,75,1,0,0
2079,83,1,0,0
2080,31,1,0,0
2081,80,1,0,0
2082,17,1,0,0
2083,17,1,0,0
2084,126,1,0,0
2085,91,1,0,0
2086,13,1,0,0
2087,21,1,0,0
2088,122,1,0,0
2089,60,1,0,0
2090,15,1,0,0
2091,80,1,0,0
2092,34,1,0,0
2093,87,1,0,0
2094,72,1,0,0
2095,27,1,0,0
2096,47,1,0,0
2097,33,1,0,0
2098,19,1,0,0
2099,26,1,0,0
2100,36,1,0,0
2101,41,1,0,0
2102,129,1,0,0
2103,136,1,0,0
2104,21,1,0,0
2105,32,1,0,0
2106,152,1,0,0
2107,17,1,0,0
2108,69,1,0,0
2109,45,1,0,0
2110,54,1,0,0
2111,76,1,0,0
2112,28,1,0,0
2113,131,1,0,0
2114,135,1,0,0
2115,23,1,0,0
2116,102,1,0,0
2117,27,1,0,0
2118,21,1,0,0
2119,89,1,0,0
2120,30,1,0,0
2121,43,1,0,0
2122,110,1,0,0
2123,70,1,0,0
2124,84,1,0,0
2125,47,1,0,0
2126,70,1,0,0
2127,114,1,0,0
2128,82,1,0,0
2129,83,1,0,0
2130,96,1,0,0
2131,38,1,0,0
2132,50,1,0,0
2133,40,1,0,0
2134,53,1,0,0
2135,217,1,0,0
2136,11,1,0,0
2137,32,1,0,0
2138,39,1,0,0
2139,79,1,0,0
2140,70,1,0,0
2141,80,1,0,0
2142,21,1,0,0
2143,69,1,0,0
2144,125,1,0,0
2145,310,1,0,0
2146,75,1,0,0
2147,13,1,0,0
2148,110,1,0,0
2149,64,1,0,0
2150,87,1,0,0
2151,11,1,0,0
2152,54,1,0,0
2153,60,1,0,0
2154,33,1,0,0
2155,77,1,0,0
2156,110,1,0,0
2157,33,1,0,0
2158,40,1,0,0
2159,23,1,0,0
2160,31,1,0,0
2161,60,1,0,0
2162,78,1,0,0
2163,74,1,0,0
2164,27,1,0,0
2165,74,1,0,0
2166,24,1,0,0
2167,113,1,0,0
2168,56,1,0,0
2169,102,1,0,0
2170,26,1,0,0
2171,169,1,0,0
2172,48,1,0,0
2173,49,1,0,0
2174,97,1,0,0
2175,30,1,0,0
2176,36,1,0,0
2177,60,1,0,0
2178,10,1,0,0
2179,24,1,0,0
2180,57,1,0,0
2181,39,1,0,0
2182,40,1,0,0
2183,33,1,0,0
2184,36,1,0,0
2185,54,1,0,0
2186,27,1,0,0
2187,92,1,0,0
2188,77,1,0,0
2189,35,1,0,0
2190,128,1,0,0
2191,136,1,0,0
2192,37,1,0,0
2193,128,1,0,0
2194,38,1,0,0
2195,108,1,0,0
2196,62,1,0,0
2197,8,1,0,0
2198,62,1,0,0
2199,149,1,0,0
2200,29,1,0,0
2201,14,1,0,0
2202,146,1,0,0
2203,37,1,0,0
2204,63,1,0,0
2205,10,1,0,0
2206,55,1,0,0
2207,32,1,0,0
2208,82,1,0,0
2209,26,1,0,0
2210,58,1,0,0
2211,42,1,0,0
2212,45,1,0,0
2213,111,1,0,0
2214,91,1,0,0
2215,52,1,0,0
2216,76,1,0,0
2217,94,1,0,0
2218,34,1,0,0
2219,51,1,0,0
2220,150,1,0,0
2221,73,1,0,0
2222,79,1,0,0
2223,48,1,0,0
2224,10,1,0,0
2225,115,1,0,0
2226,170,1,0,0
2227,79,1,0,0
2228,114,1,0,0
2229,126,1,0,0
2230,29,1,0,0
2231,76,1,0,0
2232,107,1,0,0
2233,90,1,0,0
2234,158,1,0,0
2235,22,1,0,0
2236,90,1,0,0
2237,22,1,0,0
2238,39,1,0,0
2239,71,1,0,0
2240,23,1,0,0
2241,24,1,0,0
2242,264,1,0,0
2243,120,1,0,0
2244,18,1,0,0
2245,32,1,0,0
2246,22,1,0,0
2247,55,1,0,0
2248,54,1,0,0
2249,30,1,0,0
2250,13,1,0,0
2251,71,1,0,0
2252,11,1,0,0
2253,26,1,0,0
2254,83,1,0,0
2255,45,1,0,0
2256,77,1,0,0
2257,65,1,0,0
2258,17,1,0,0
2259,24,1,0,0
2260,75,1,0,0
2261,29,1,0,0
2262,78,1,0,0
2263,38,1,0,0
2264,114,1,0,0
2265,54,1,0,0
2266,43,1,0,0
2267,115,1,0,0
2268,24,1,0,0
2269,125,1,0,0
2270,17,1,0,0
2271,46,1,0,0
2272,113,1,0,0
2273,25,1,0,0
2274,125,1,0,0
2275,43,1,0,0
2276,22,1,0,0
2277,50,1,0,0
2278,61,1,0,0
2279,36,1,0,0
2280,53,1,0,0
2281,64,1,0,0
2282,144,1,0,0
2283,33,1,0,0
2284,43,1,0,0
2285,22,1,0,0
2286,42,1,0,0
2287,73,1,0,0
2288,58,1,0,0
2289,33,1,0,0
2290,13,1,0,0
2291,53,1,0,0
2292,75,1,0,0
2293,52,1,0,0
2294,23,1,0,0
2295,82,1,0,0
2296,137,1,0,0
2297,84,1,0,0
2298,29,1,0,0
2299,30,1,0,0
2300,60,1,0,0
2301,61,1,0,0
2302,46,1,0,0
2303,120,1,0,0
2304,137,1,0,0
2305,33,1,0,0
2306,99,1,0,0
2307,129,1,0,0
2308,88,1,0,0
2309,9,1,0,0
2310,22,1,0,0
2311,37,1,0,0
2312,53,1,0,0
2313,12,1,0,0
2314,37,1,0,0
2315,76,1,0,0
2316,12,1,0,0
2317,113,1,0,0
2318,94,1,0,0
2319,117,1,0,0
2320,220,1,0,0
2321,28,1,0,0
2322,84,1,0,0
2323,61,1,0,0
2324,105,1,0,0
2325,37,1,0,0
2326,83,1,0,0
2327,92,1,0,0
2328,43,1,0,0
2329,151,1,0,0
2330,198,1,0,0
2331,72,1,0,0
2332,69,1,0,0
2333,124,1,0,0
2334,83,1,0,0
2335,84,1,0,0
2336,44,1,0,0
2337,74,1,0,0
2338,145,1,0,0
2339,54,1,0,0
2340,40,1,0,0
2341,102,1,0,0
2342,16,1,0,0
2343,126,1,0,0
2344,36,1,0,0
2345,49,1,0,0
2346,54,1,0,0
2347,40,1,0,0
2348,42,1,0,0
2349,35,1,0,0
2350,91,1,0,0
2351,43,1,0,0
2352,141,1,0,0
2353,85,1,0,0
2354,32,1,0,0
2355,20,1,0,0
2356,62,1,0,0
2357,185,1,0,0
2358,41,1,0,0
2359,35,1,0,0
2360,18,1,0,0
2361,64,1,0,0
2362,127,1,0,0
2363,77,1,0,0
2364,39,1,0,0
2365,51,1,0,0
2366,7,1,0,0
2367,147,1,0,0
2368,54,1,0,0
2369,57,1,0,0
2370,80,1,0,0
2371,42,1,0,0
2372,73,1,0,0
2373,84,1,0,0
2374,43,1,0,0
2375,97,1,0,0
2376,19,1,0,0
2377,112,1,0,0
2378,43,1,0,0
2379,66,1,0,0
2380,91,1,0,0
2381,38,1,0,0
2382,64,1,0,0
2383,38,1,0,0
2384,158,1,0,0
2385,30,1,0,0
2386,153,1,0,0
2387,176,1,0,0
2388,93,1,0,0
2389,54,1,0,0
2390,15,1,0,0
2391,71,1,0,0
2392,31,1,0,0
2393,135,1,0,0
2394,29,1,0,0
2395,33,1,0,0
2396,56,1,0,0
2397,40,1,0,0
2398,48,1,0,0
2399,31,1,0,0
2400,33,1,0,0
2401,12,1,0,0
2402,51,1,0,0
2403,44,1,0,0
2404,23,1,0,0
2405,16,1,0,0
2406,24,1,0,0
2407,42,1,0,0
2408,91,1,0,0
2409,33,1,0,0
2410,7,1,0,0
2411,17,1,0,0
2412,38,1,0,0
2413,133,1,0,0
2414,90,1,0,0
2415,41,1,0,0
2416,109,1,0,0
2417,102,1,0,0
2418,93,1,0,0
2419,39,1,0,0
2420,117,1,0,0
2421,83,1,0,0
2422,44,1,0,0
2423,112,1,0,0
2424,165,1,0,0
2425,117,1,0,0
2426,45,1,0,0
2427,57,1,0,0
2428,67,1,0,0
2429,90,1,0,0
2430,65,1,0,0
2431,38,1,0,0
2432,86,1,0,0
2433,114,1,0,0
2434,82,1,0,0
2435,30,1,0,0
2436,45,1,0,0
2437,91,1,0,0
2438,20,1,0,0
2439,92,1,0,0
2440,54,1,0,0
2441,43,1,0,0
2442,209,1,0,0
2443,35,1,0,0
2444,28,1,0,0
2445,215,1,0,0
2446,13,1,0,0
2447,37,1,0,0
2448,16,1,0,0
2449,60,1,0,0
2450,24,1,0,0
2451,72,1,0,0
2452,55,1,0,0
2453,30,1,0,0
2454,29,1,0,0
2455,158,1,0,0
2456,82,1,0,0
2457,124,1,0,0
2458,76,1,0,0
2459,59,1,0,0
2460,107,1,0,0
2461,66,1,0,0
2462,151,1,0,0
2463,58,1,0,0
2464,13,1,0,0
2465,65,1,0,0
2466,72,1,0,0
2467,137,1,0,0
2468,40,1,0,0
2469,34,1,0,0
2470,55,1,0,0
2471,92,1,0,0
2472,42,1,0,0
2473,95,1,0,0
2474,23,1,0,0
2475,44,1,0,0
2476,22,1,0,0
2477,15,1,0,0
2478,49,1,0,0
2479,155,1,0,0
2480,23,1,0,0
2481,85,1,0,0
2482,205,1,0,0
2483,24,1,0,0
2484,39,1,0,0
2485,22,1,0,0
2486,30,1,0,0
2487,68,1,0,0
2488,91,1,0,0
2489,112,1,0,0
2490,77,1,0,0
2491,81,1,0,0
2492,26,1,0,0
2493,37,1,0,0
2494,81,1,0,0
2495,65,1,0,0
2496,37,1,0,0
2497,92,1,0,0
2498,117,1,0,0
2499,34,1,0,0
2500,28,1,0,0
2501,420,1,0,0
2502,45,1,0,0
2503,86,1,0,0
2504,56,1,0,0
2505,26,1,0,0
2506,16,1,0,0
2507,39,1,0,0
2508,87,1,0,0
2509,210,1,0,0
2510,41,1,0,0
2511,74,1,0,0
2512,177,1,0,0
2513,62,1,0,0
2514,30,1,0,0
2515,50,1,0,0
2516,14,1,0,0
2517,20,1,0,0
2518,22,1,0,0
2519,121,1,0,0
2520,30,1,0,0
2521,36,1,0,0
2522,83,1,0,0
2523,99,1,0,0
2524,13,1,0,0
2525,66,1,0,0
2526,40,1,0,0
2527,162,1,0,0
2528,33,1,0,0
2529,70,1,0,0
2530,119,1,0,0
2531,67,1,0,0
2532,58,1,0,0
2533,95,1,0,0
2534,26,1,0,0
2535,129,1,0,0
2536,39,1,0,0
2537,38,1,0,0
2538,90,1,0,0
2539,41,1,0,0
2540,150,1,0,0
2541,31,1,0,0
2542,13,1,0,0
2543,93,1,0,0
2544,23,1,0,0
2545,11,1,0,0
2546,64,1,0,0
2547,40,1,0,0
2548,39,1,0,0
2549,63,1,0,0
2550,171,1,0,0
2551,15,1,0,0
2552,63,1,0,0
2553,71,1,0,0
2554,29,1,0,0
2555,165,1,0,0
2556,336,1,0,0
2557,173,1,0,0
2558,42,1,0,0
2559,128,1,0,0
2560,189,1,0,0
2561,78,1,0,0
2562,137,1,0,0
2563,108,1,0,0
2564,88,1,0,0
2565,67,1,0,0
2566,47,1,0,0
2567,20,1,0,0
2568,25,1,0,0
2569,62,1,0,0
2570,26,1,0,0
2571,21,1,0,0
2572,169,1,0,0
2573,91,1,0,0
2574,59,1,0,0
2575,70,1,0,0
2576,75,1,0,0
2577,66,1,0,0
2578,260,1,0,0
2579,30,1,0,0
2580,46,1,0,0
2581,19,1,0,0
2582,51,1,0,0
2583,9,1,0,0
2584,217,1,0,0
2585,82,1,0,0
2586,195,1,0,0
2587,68,1,0,0
2588,25,1,0,0
2589,98,1,0,0
2590,13,1,0,0
2591,16,1,0,0
2592,82,1,0,0
2593,46,1,0,0
2594,48,1,0,0
2595,111,1,0,0
2596,90,1,0,0
2597,36,1,0,0
2598,41,1,0,0
2599,215,1,0,0
2600,118,1,0,0
2601,61,1,0,0
2602,39,1,0,0
2603,70,1,0,0
2604,52,1,0,0
2605,106,1,0,0
2606,191,1,0,0
2607,53,1,0,0
2608,52,1,0,0
2609,87,1,0,0
2610,130,1,0,0
2611,52,1,0,0
2612,135,1,0,0
2613,20,1,0,0
2614,117,1,0,0
2615,44,1,0,0
2616,9,1,0,0
2617,39,1,0,0
2618,87,1,0,0
2619,62,1,0,0
2620,57,1,0,0
2621,68,1,0,0
2622,71,1,0,0
2623,127,1,0,0
2624,68,1,0,0
2625,9,1,0,0
2626,41,1,0,0
2627,77,1,0,0
2628,28,1,0,0
2629,132,1,0,0
2630,47,1,0,0
2631,273,1,0,0
2632,122,1,0,0
2633,13,1,0,0
2634,72,1,0,0
2635,137,1,0,0
2636,55,1,0,0
2637,17,1,0,0
2638,27,1,0,0
2639,23,1,0,0
2640,45,1,0,0
2641,13,1,0,0
2642,53,1,0,0
2643,82,1,0,0
2644,196,1,0,0
2645,217,1,0,0
2646,28,1,0,0
2647,42,1,0,0
2648,80,1,0,0
2649,55,1,0,0
2650,71,1,0,0
2651,101,1,0,0
2652,150,1,0,0
2653,64,1,0,0
2654,130,1,0,0
2655,14,1,0,0
2656,86,1,0,0
2657,78,1,0,0
2658,60,1,0,0
2659,17,1,0,0
2660,153,1,0,0
2661,17,1,0,0
2662,108,1,0,0
2663,171,1,0,0
2664,46,1,0,0
2665,161,1,0,0
2666,28,1,0,0
2667,140,1,0,0
2668,67,1,0,0
2669,16,1,0,0
2670,45,1,0,0
2671,67,1,0,0
2672,68,1,0,0
2673,28,1,0,0
2674,11,1,0,0
2675,47,1,0,0
2676,215,1,0,0
2677,38,1,0,0
2678,65,1,0,0
2679,156,1,0,0
2680,83,1,0,0
2681,32,1,0,0
2682,81,1,0,0
2683,120,1,0,0
2684,165,1,0,0
2685,108,1,0,0
2686,52,1,0,0
2687,67,1,0,0
2688,105,1,0,0
2689,47,1,0,0
2690,90,1,0,0
2691,44,1,0,0
2692,56,1,0,0
2693,92,1,0,0
2694,26,1,0,0
2695,46,1,0,0
2696,77,1,0,0
2697,102,1,0,0
2698,109,1,0,0
2699,31,1,0,0
2700,78,1,0,0
2701,83,1,0,0
2702,106,1,0,0
2703,67,1,0,0
2704,50,1,0,0
2705,100,1,0,0
2706,144,1,0,0
2707,9,1,0,0
2708,33,1,0,0
2709,28,1,0,0
2710,167,1,0,0
2711,99,1,0,0
2712,24,1,0,0
2713,90,1,0,0
2714,57,1,0,0
2715,139,1,0,0
2716,26,1,0,0
2717,46,1,0,0
2718,92,1,0,0
2719,40,1,0,0
2720,213,1,0,0
2721,98,1,0,0
2722,29,1,0,0
2723,95,1,0,0
2724,36,1,0,0
2725,45,1,0,0
2726,67,1,0,0
2727,29,1,0,0
2728,45,1,0,0
2729,17,1,0,0
2730,65,1,0,0
2731,18,1,0,0
2732,37,1,0,0
2733,109,1,0,0
2734,45,1,0,0
2735,42,1,0,0
2736,77,1,0,0
2737,64,1,0,0
2738,29,1,0,0
2739,81,1,0,0
2740,87,1,0,0
2741,92,1,0,0
2742,114,1,0,0
2743,94,1,0,0
2744,30,1,0,0
2745,39,1,0,0
2746,33,1,0,0
2747,108,1,0,0
2748,158,1,0,0
2749,84,1,0,0
2750,121,1,0,0
2751,37,1,0,0
2752,63,1,0,0
2753,94,1,0,0
2754,54,1,0,0
2755,154,1,0,0
2756,75,1,0,0
2757,17,1,0,0
2758,8,1,0,0
2759,85,1,0,0
2760,98,1,0,0
2761,40,1,0,0
2762,27,1,0,0
2763,141,1,0,0
2764,95,1,0,0
2765,66,1,0,0
2766,50,1,0,0
2767,74,1,0,0
2768,98,1,0,0
2769,12,1,0,0
2770,57,1,0,0
2771,92,1,0,0
2772,136,1,0,0
2773,68,1,0,0
2774,26,1,0,0
2775,37,1,0,0
2776,22,1,0,0
2777,87,1,0,0
2778,56,1,0,0
2779,82,1,0,0
2780,113,1,0,0
2781,35,1,0,0
2782,131,1,0,0
2783,116,1,0,0
2784,19,1,0,0
2785,24,1,0,0
2786,59,1,0,0
2787,37,1,0,0
2788,43,1,0,0
2789,27,1,0,0
2790,69,1,0,0
2791,29,1,0,0
2792,99,1,0,0
2793,58,1,0,0
2794,106,1,0,0
2795,99,1,0,0
2796,14,1,0,0
2797,40,1,0,0
2798,85,1,0,0
2799,12,1,0,0
2800,63,1,0,0
2801,25,1,0,0
2802,95,1,0,0
2803,114,1,0,0
2804,39,1,0,0
2805,25,1,0,0
2806,120,1,0,0
2807,91,1,0,0
2808,11,1,0,0
2809,32,1,0,0
2810,209,1,0,0
2811,108,1,0,0
2812,12,1,0,0
2813,61,1,0,0
2814,112,1,0,0
2815,138,1,0,0
2816,20,1,0,0
2817,55,1,0,0
2818,22,1,0,0
2819,89,1,0,0
2820,91,1,0,0
2821,41,1,0,0
2822,56,1,0,0
2823,77,1,0,0
2824,8,1,0,0
2825,205,1,0,0
2826,21,1,0,0
2827,27,1,0,0
2828,81,1,0,0
2829,10,1,0,0
2830,19,1,0,0
2831,24,1,0,0
2832,17,1,0,0
2833,61,1,0,0
2834,187,1,0,0
2835,22,1,0,0
2836,105,1,0,0
2837,25,1,0,0
2838,136,1,0,0
2839,50,1,0,0
2840,139,1,0,0
2841,23,1,0,0
2842,67,1,0,0
2843,58,1,0,0
2844,27,1,0,0
2845,56,1,0,0
2846,239,1,0,0
2847,80,1,0,0
2848,147,1,0,0
2849,92,1,0,0
2850,69,1,0,0
2851,31,1,0,0
2852,50,1,0,0
2853,73,1,0,0
2854,13,1,0,0
2855,101,1,0,0
2856,18,1,0,0
2857,97,1,0,0
2858,23,1,0,0
2859,96,1,0,0
2860,108,1,0,0
2861,31,1,0,0
2862,82,1,0,0
2863,56,1,0,0
2864,44,1,0,0
2865,88,1,0,0
2866,72,1,0,0
2867,30,1,0,0
2868,31,1,0,0
2869,94,1,0,0
2870,77,1,0,0
2871,120,1,0,0
2872,74,1,0,0
2873,31,1,0,0
2874,46,1,0,0
2875,75,1,0,0
2876,24,1,0,0
2877,74,1,0,0
2878,194,1,0,0
2879,118,1,0,0
2880,38,1,0,0
2881,71,1,0,0
2882,87,1,0,0
2883,70,1,0,0
2884,174,1,0,0
2885,195,1,0,0
2886,64,1,0,0
2887,61,1,0,0
2888,23,1,0,0
2889,46,1,0,0
2890,64,1,0,0
2891,26,1,0,0
2892,24,1,0,0
2893,175,1,0,0
2894,119,1,0,0
2895,211,1,0,0
2896,48,1,0,0
2897,40,1,0,0
2898,79,1,0,0
2899,88,1,0,0
2900,67,1,0,0
2901,107,1,0,0
2902,209,1,0,0
2903,123,1,0,0
2904,38,1,0,0
2905,21,1,0,0
2906,62,1,0,0
2907,84,1,0,0
2908,18,1,0,0
2909,29,1,0,0
2910,74,1,0,0
2911,75,1,0,0
2912,74,1,0,0
2913,91,1,0,0
2914,124,1,0,0
2915,79,1,0,0
2916,73,1,0,0
2917,126,1,0,0
2918,49,1,0,0
2919,48,1,0,0
2920,66,1,0,0
2921,38,1,0,0
2922,62,1,0,0
2923,25,1,0,0
2924,51,1,0,0
2925,18,1,0,0
2926,31,1,0,0
2927,103,1,0,0
2928,26,1,0,0
2929,120,1,0,0
2930,35,1,0,0
2931,22,1,0,0
2932,48,1,0,0
2933,149,1,0,0
2934,30,1,0,0
2935,16,1,0,0
2936,110,1,0,0
2937,145,1,0,0
2938,129,1,0,0
2939,97,1,0,0
2940,64,1,0,0
2941,61,1,0,0
2942,89,1,0,0
2943,106,1,0,0
2944,50,1,0,0
2945,70,1,0,0
2946,51,1,0,0
2947,41,1,0,0
2948,46,1,0,0
2949,104,1,0,0
2950,98,1,0,0
2951,33,1,0,0
2952,113,1,0,0
2953,36,1,0,0
2954,79,1,0,0
2955,28,1,0,0
2956,53,1,0,0
2957,99,1,0,0
2958,28,1,0,0
2959,133,1,0,0
2960,86,1,0,0
2961,110,1,0,0
2962,86,1,0,0
2963,109,1,0,0
2964,140,1,0,0
2965,21,1,0,0
2966,15,1,0,0
2967,54,1,0,0
2968,14,1,0,0
2969,64,1,0,0
2970,111,1,0,0
2971,64,1,0,0
2972,16,1,0,0
2973,57,1,0,0
2974,52,1,0,0
2975,51,1,0,0
2976,44,1,0,0
2977,61,1,0,0
2978,11,1,0,0
2979,32,1,0,0
2980,49,1,0,0
2981,149,1,0,0
2982,36,1,0,0
2983,19,1,0,0
2984,79,1,0,0
2985,77,1,0,0
2986,80,1,0,0
2987,16,1,0,0
2988,20,1,0,0
2989,118,1,0,0
2990,51,1,0,0
2991,48,1,0,0
2992,154,1,0,0
2993,94,1,0,0
2994,35,1,0,0
2995,78,1,0,0
2996,19,1,0,0
2997,94,1,0,0
2998,119,1,0,0
2999,24,1,0,0
3000,20,1,0,0
3001,12,1,0,0
3002,35,1,0,0
3003,50,1,0,0
3004,47,1,0,0
3005,29,1,0,0
3006,13,1,0,0
3007,46,1,0,0
3008,58,1,0,0
3009,20,1,0,0
3010,137,1,0,0
3011,53,1,0,0
3012,77,1,0,0
3013,71,1,0,0
3014,41,1,0,0
3015,62,1,0,0
3016,21,1,0,0
3017,37,1,0,0
3018,161,1,0,0
3019,38,1,0,0
3020,240,1,0,0
3021,48,1,0,0
3022,79,1,0,0
3023,27,1,0,0
3024,202,1,0,0
3025,38,1,0,0
3026,80,1,0,0
3027,182,1,0,0
3028,74,1,0,0
3029,62,1,0,0
3030,172,1,0,0
3031,126,1,0,0
3032,54,1,0,0
3033,29,1,0,0
3034,28,1,0,0
3035,44,1,0,0
3036,22,1,0,0
3037,251,1,0,0
3038,99,1,0,0
3039,86,1,0,0
3040,156,1,0,0
3041,18,1,0,0
3042,76,1,0,0
3043,181,1,0,0
3044,15,1,0,0
3045,44,1,0,0
3046,103,1,0,0
3047,51,1,0,0
3048,11,1,0,0
3049,77,1,0,0
3050,189,1,0,0
3051,44,1,0,0
3052,58,1,0,0
3053,46,1,0,0
3054,115,1,0,0
3055,74,1,0,0
3056,170,1,0,0
3057,48,1,0,0
3058,237,1,0,0
3059,55,1,0,0
3060,31,1,0,0
3061,72,1,0,0
3062,64,1,0,0
3063,68,1,0,0
3064,70,1,0,0
3065,20,1,0,0
3066,15,1,0,0
3067,17,1,0,0
3068,29,1,0,0
3069,32,1,0,0
3070,58,1,0,0
3071,71,1,0,0
3072,114,1,0,0
3073,56,1,0,0
3074,23,1,0,0
3075,8,1,0,0
3076,54,1,0,0
3077,173,1,0,0
3078,76,1,0,0
3079,57,1,0,0
3080,29,1,0,0
3081,18,1,0,0
3082,51,1,0,0
3083,152,1,0,0
3084,36,1,0,0
3085,13,1,0,0
3086,41,1,0,0
3087,61,1,0,0
3088,191,1,0,0
3089,48,1,0,0
3090,33,1,0,0
3091,95,1,0,0
3092,42,1,0,0
3093,53,1,0,0
3094,87,1,0,0
3095,125,1,0,0
3096,42,1,0,0
3097,25,1,0,0
3098,95,1,0,0
3099,13,1,0,0
3100,57,1,0,0
3101,10,1,0,0
3102,218,1,0,0
3103,32,1,0,0
3104,57,1,0,0
3105,129,1,0,0
3106,41,1,0,0
3107,43,1,0,0
3108,64,1,0,0
3109,28,1,0,0
3110,145,1,0,0
3111,36,1,0,0
3112,85,1,0,0
3113,17,1,0,0
3114,29,1,0,0
3115,28,1,0,0
3116,79,1,0,0
3117,21,1,0,0
3118,36,1,0,0
3119,93,1,0,0
3120,55,1,0,0
3121,69,1,0,0
3122,38,1,0,0
3123,83,1,0,0
3124,28,1,0,0
3125,23,1,0,0
3126,42,1,0,0
3127,30,1,0,0
3128,85,1,0,0
3129,32,1,0,0
3130,52,1,0,0
3131,14,1,0,0
3132,71,1,0,0
3133,74,1,0,0
3134,64,1,0,0
3135,70,1,0,0
3136,54,1,0,0
3137,53,1,0,0
3138,41,1,0,0
3139,33,1,0,0
3140,168,1,0,0
3141,66,1,0,0
3142,79,1,0,0
3143,50,1,0,0
3144,70,1,0,0
3145,7,1,0,0
3146,45,1,0,0
3147,163,1,0,0
3148,78,1,0,0
3149,66,1,0,0
3150,60,1,0,0
3151,71,1,0,0
3152,76,1,0,0
3153,27,1,0,0
3154,22,1,0,0
3155,35,1,0,0
3156,21,1,0,0
3157,14,1,0,0
3158,37,1,0,0
3159,26,1,0,0
3160,67,1,0,0
3161,35,1,0,0
3162,207,1,0,0
3163,61,1,0,0
3164,44,1,0,0
3165,18,1,0,0
3166,21,1,0,0
3167,24,1,0,0
3168,93,1,0,0
3169,51,1,0,0
3170,23,1,0,0
3171,55,1,0,0
3172,53,1,0,0
3173,80,1,0,0
3174,77,1,0,0
3175,272,1,0,0
3176,17,1,0,0
3177,26,1,0,0
3178,21,1,0,0
3179,57,1,0,0
3180,90,1,0,0
3181,74,1,0,0
3182,16,1,0,0
3183,127,1,0,0
3184,109,1,0,0
3185,92,1,0,0
3186,174,1,0,0
3187,100,1,0,0
3188,63,1,0,0
3189,49,1,0,0
3190,65,1,0,0
3191,105,1,0,0
3192,71,1,0,0
3193,94,1,0,0
3194,62,1,0,0
3195,72,1,0,0
3196,103,1,0,0
3197,58,1,0,0
3198,25,1,0,0
3199,59,1,0,0
3200,24,1,0,0
3201,62,1,0,0
3202,12,1,0,0
3203,131,1,0,0
3204,36,1,0,0
3205,20,1,0,0
3206,32,1,0,0
3207,74,1,0,0
3208,111,1,0,0
3209,97,1,0,0
3210,44,1,0,0
3211,18,1,0,0
3212,96,1,0,0
3213,128,1,0,0
3214,24,1,0,0
3215,37,1,0,0
3216,107,1,0,0
3217,115,1,0,0
3218,37,1,0,0
3219,164,1,0,0
3220,222,1,0,0
3221,32,1,0,0
3222,61,1,0,0
3223,137,1,0,0
3224,26,1,0,0
3225,53,1,0,0
3226,125,1,0,0
3227,12,1,0,0
3228,73,1,0,0
3229,51,1,0,0
3230,20,1,0,0
3231,196,1,0,0
3232,141,1,0,0
3233,86,1,0,0
3234,46,1,0,0
3235,49,1,0,0
3236,104,1,0,0
3237,70,1,0,0
3238,73,1,0,0
3239,32,1,0,0
3240,40,1,0,0
3241,70,1,0,0
3242,99,1,0,0
3243,29,1,0,0
3244,19,1,0,0
3245,44,1,0,0
3246,72,1,0,0
3247,28,1,0,0
3248,48,1,0,0
3249,16,1,0,0
3250,60,1,0,0
3251,111,1,0,0
3252,28,1,0,0
3253,58,1,0,0
3254,52,1,0,0
3255,25,1,0,0
3256,59,1,0,0
3257,56,1,0,0
3258,14,1,0,0
3259,70,1,0,0
3260,86,1,0,0
3261,45,1,0,0
3262,128,1,0,0
3263,56,1,0,0
3264,135,1,0,0
3265,66,1,0,0
3266,45,1,0,0
3267,136,1,0,0
3268,50,1,0,0
3269,62,1,0,0
3270,31,1,0,0
3271,31,1,0,0
3272,79,1,0,0
3273,57,1,0,0
3274,312,1,0,0
3275,80,1,0,0
3276,79,1,0,0
3277,19,1,0,0
3278,114,1,0,0
3279,38,1,0,0
3280,49,1,0,0
3281,148,1,0,0
3282,89,1,0,0
3283,41,1,0,0
3284,66,1,0,0
3285,23,1,0,0
3286,148,1,0,0
3287,114,1,0,0
3288,60,1,0,0
3289,109,1,0,0
3290,17,1,0,0
3291,248,1,0,0
3292,17,1,0,0
3293,55,1,0,0
3294,63,1,0,0
3295,51,1,0,0
3296,60,1,0,0
3297,58,1,0,0
3298,25,1,0,0
3299,40,1,0,0
3300,95,1,0,0
3301,44,1,0,0
3302,41,1,0,0
3303,20,1,0,0
3304,20,1,0,0
3305,73,1,0,0
3306,243,1,0,0
3307,54,1,0,0
3308,40,1,0,0
3309,84,1,0,0
3310,126,1,0,0
3311,71,1,0,0
3312,34,1,0,0
3313,40,1,0,0
3314,15,1,0,0
3315,59,1,0,0
3316,208,1,0,0
3317,15,1,0,0
3318,16,1,0,0
3319,87,1,0,0
3320,18,1,0,0
3321,85,1,0,0
3322,64,1,0,0
3323,56,1,0,0
3324,44,1,0,0
3325,19,1,0,0
3326,58,1,0,0
3327,31,1,0,0
3328,58,1,0,0
3329,27,1,0,0
3330,71,1,0,0
3331,73,1,0,0
3332,50,1,0,0
3333,19,1,0,0
3334,143,1,0,0
3335,78,1,0,0
3336,10,1,0,0
3337,129,1,0,0
3338,23,1,0,0
3339,74,1,0,0
3340,32,1,0,0
3341,123,1,0,0
3342,131,1,0,0
3343,41,1,0,0
3344,42,1,0,0
3345,70,1,0,0
3346,26,1,0,0
3347,135,1,0,0
3348,90,1,0,0
3349,23,1,0,0
3350,86,1,0,0
3351,25,1,0,0
3352,66,1,0,0
3353,230,1,0,0
3354,126,1,0,0
3355,26,1,0,0
3356,80,1,0,0
3357,64,1,0,0
3358,14,1,0,0
3359,118,1,0,0
3360,161,1,0,0
3361,123,1,0,0
3362,161,1,0,0
3363,145,1,0,0
3364,60,1,0,0
3365,63,1,0,0
3366,12,1,0,0
3367,196,1,0,0
3368,26,1,0,0
3369,23,1,0,0
3370,71,1,0,0
3371,77,1,0,0
3372,33,1,0,0
3373,136,1,0,0
3374,62,1,0,0
3375,32,1,0,0
3376,29,1,0,0
3377,54,1,0,0
3378,32,1,0,0
3379,91,1,0,0
3380,135,1,0,0
3381,34,1,0,0
3382,34,1,0,0
3383,37,1,0,0
3384,49,1,0,0
3385,48,1,0,0
3386,55,1,0,0
3387,175,1,0,0
3388,15,1,0,0
3389,7,1,0,0
3390,99,1,0,0
3391,58,1,0,0
3392,24,1,0,0
3393,42,1,0,0
3394,52,1,0,0
3395,286,1,0,0
3396,31,1,0,0
3397,135,1,0,0
3398,57,1,0,0
3399,14,1,0,0
3400,107,1,0,0
3401,15,1,0,0
3402,90,1,0,0
3403,91,1,0,0
3404,113,1,0,0
3405,37,1,0,0
3406,41,1,0,0
3407,36,1,0,0
3408,100,1,0,0
3409,70,1,0,0
3410,89,1,0,0
3411,51,1,0,0
3412,38,1,0,0
3413,277,1,0,0
3414,50,1,0,0
3415,47,1,0,0
3416,76,1,0,0
3417,27,1,0,0
3418,33,1,0,0
3419,35,1,0,0
3420,83,1,0,0
3421,147,1,0,0
3422,32,1,0,0
3423,27,1,0,0
3424,27,1,0,0
3425,156,1,0,0
3426,62,1,0,0
3427,99,1,0,0
3428,57,1,0,0
3429,50,1,0,0
3430,151,1,0,0
3431,32,1,0,0
3432,74,1,0,0
3433,112,1,0,0
3434,23,1,0,0
3435,41,1,0,0
3436,95,1,0,0
3437,15,1,0,0
3438,61,1,0,0
3439,173,1,0,0
3440,72,1,0,0
3441,61,1,0,0
3442,48,1,0,0
3443,47,1,0,0
3444,106,1,0,0
3445,38,1,0,0
3446,69,1,0,0
3447,23,1,0,0
3448,32,1,0,0
3449,104,1,0,0
3450,94,1,0,0
3451,19,1,0,0
3452,56,1,0,0
3453,50,1,0,0
3454,165,1,0,0
3455,64,1,0,0
3456,80,1,0,0
3457,40,1,0,0
3458,17,1,0,0
3459,79,1,0,0
3460,85,1,0,0
3461,110,1,0,0
3462,111,1,0,0
3463,164,1,0,0
3464,46,1,0,0
3465,33,1,0,0
3466,58,1,0,0
3467,139,1,0,0
3468,48,1,0,0
3469,36,1,0,0
3470,121,1,0,0
3471,65,1,0,0
3472,39,1,0,0
3473,49,1,0,0
3474,141,1,0,0
3475,172,1,0,0
3476,73,1,0,0
3477,21,1,0,0
3478,65,1,0,0
3479,87,1,0,0
3480,46,1,0,0
3481,36,1,0,0
3482,47,1,0,0
3483,25,1,0,0
3484,70,1,0,0
3485,131,1,0,0
3486,14,1,0,0
3487,67,1,0,0
3488,146,1,0,0
3489,54,1,0,0
3490,29,1,0,0
3491,36,1,0,0
3492,102,1,0,0
3493,128,1,0,0
3494,41,1,0,0
3495,54,1,0,0
3496,62,1,0,0
3497,151,1,0,0
3498,102,1,0,0
3499,67,1,0,0
3500,122,1,0,0
3501,118,1,0,0
3502,152,1,0,0
3503,94,1,0,0
3504,45,1,0,0
3505,18,1,0,0
3506,57,1,0,0
3507,49,1,0,0
3508,68,1,0,0
3509,63,1,0,0
3510,175,1,0,0
3511,78,1,0,0
3512,70,1,0,0
3513,15,1,0,0
3514,14,1,0,0
3515,62,1,0,0
3516,51,1,0,0
3517,194,1,0,0
3518,51,1,0,0
3519,98,1,0,0
3520,121,1,0,0
3521,21,1,0,0
3522,52,1,0,0
3523,24,1,0,0
3524,116,1,0,0
3525,29,1,0,0
3526,42,1,0,0
3527,54,1,0,0
3528,99,1,0,0
3529,30,1,0,0
3530,11,1,0,0
3531,165,1,0,0
3532,253,1,0,0
3533,28,1,0,0
3534,69,1,0,0
3535,71,1,0,0
3536,61,1,0,0
3537,81,1,0,0
3538,39,1,0,0
3539,76,1,0,0
3540,80,1,0,0
3541,81,1,0,0
3542,25,1,0,0
3543,40,1,0,0
3544,159,1,0,0
3545,108,1,0,0
3546,182,1,0,0
3547,58,1,0,0
3548,77,1,0,0
3549,101,1,0,0
3550,121,1,0,0
3551,44,1,0,0
3552,112,1,0,0
3553,69,1,0,0
3554,232,1,0,0
3555,110,1,0,0
3556,31,1,0,0
3557,147,1,0,0
3558,47,1,0,0
3559,61,1,0,0
3560,54,1,0,0
3561,32,1,0,0
3562,169,1,0,0
3563,54,1,0,0
3564,36,1,0,0
3565,87,1,0,0
3566,13,1,0,0
3567,85,1,0,0
3568,44,1,0,0
3569,16,1,0,0
3570,19,1,0,0
3571,45,1,0,0
3572,17,1,0,0
3573,104,1,0,0
3574,20,1,0,0
3575,174,1,0,0
3576,41,1,0,0
3577,120,1,0,0
3578,47,1,0,0
3579,40,1,0,0
3580,33,1,0,0
3581,169,1,0,0
3582,66,1,0,0
3583,73,1,0,0
3584,56,1,0,0
3585,17,1,0,0
3586,26,1,0,0
3587,150,1,0,0
3588,8,1,0,0
3589,47,1,0,0
3590,174,1,0,0
3591,45,1,0,0
3592,27,1,0,0
3593,52,1,0,0
3594,54,1,0,0
3595,51,1,0,0
3596,38,1,0,0
3597,41,1,0,0
3598,52,1,0,0
3599,96,1,0,0
3600,91,1,0,0
3601,46,1,0,0
3602,64,1,0,0
3603,19,1,0,0
3604,75,1,0,0
3605,178,1,0,0
3606,116,1,0,0
3607,43,1,0,0
3608,74,1,0,0
3609,55,1,0,0
3610,128,1,0,0
3611,59,1,0,0
3612,37,1,0,0
3613,121,1,0,0
3614,24,1,0,0
3615,78,1,0,0
3616,67,1,0,0
3617,105,1,0,0
3618,67,1,0,0
3619,34,1,0,0
3620,86,1,0,0
3621,34,1,0,0
3622,72,1,0,0
3623,64,1,0,0
3624,35,1,0,0
3625,68,1,0,0
3626,65,1,0,0
3627,71,1,0,0
3628,54,1,0,0
3629,68,1,0,0
3630,125,1,0,0
3631,23,1,0,0
3632,47,1,0,0
3633,30,1,0,0
3634,104,1,0,0
3635,105,1,0,0
3636,35,1,0,0
3637,9,1,0,0
3638,29,1,0,0
3639,186,1,0,0
3640,57,1,0,0
3641,21,1,0,0
3642,22,1,0,0
3643,84,1,0,0
3644,76,1,0,0
3645,136,1,0,0
3646,81,1,0,0
3647,106,1,0,0
3648,9,1,0,0
3649,41,1,0,0
3650,89,1,0,0
3651,51,1,0,0
3652,61,1,0,0
3653,55,1,0,0
3654,80,1,0,0
3655,80,1,0,0
3656,59,1,0,0
3657,27,1,0,0
3658,47,1,0,0
3659,49,1,0,0
3660,122,1,0,0
3661,118,1,0,0
3662,40,1,0,0
3663,50,1,0,0
3664,45,1,0,0
3665,178,1,0,0
3666,32,1,0,0
3667,73,1,0,0
3668,83,1,0,0
3669,42,1,0,0
3670,40,1,0,0
3671,28,1,0,0
3672,42,1,0,0
3673,90,1,0,0
3674,19,1,0,0
3675,60,1,0,0
3676,23,1,0,0
3677,83,1,0,0
3678,108,1,0,0
3679,27,1,0,0
3680,65,1,0,0
3681,64,1,0,0
3682,26,1,0,0
3683,108,1,0,0
3684,51,1,0,0
3685,37,1,0,0
3686,23,1,0,0
3687,41,1,0,0
3688,27,1,0,0
3689,192,1,0,0
3690,57,1,0,0
3691,19,1,0,0
3692,22,1,0,0
3693,17,1,0,0
3694,28,1,0,0
3695,26,1,0,0
3696,48,1,0,0
3697,59,1,0,0
3698,56,1,0,0
3699,50,1,0,0
3700,38,1,0,0
3701,109,1,0,0
3702,98,1,0,0
3703,90,1,0,0
3704,74,1,0,0
3705,54,1,0,0
3706,85,1,0,0
3707,148,1,0,0
3708,146,1,0,0
3709,25,1,0,0
3710,17,1,0,0
3711,117,1,0,0
3712,31,1,0,0
3713,319,1,0,0
3714,28,1,0,0
3715,11,1,0,0
3716,121,1,0,0
3717,22,1,0,0
3718,9,1,0,0
3719,72,1,0,0
3720,45,1,0,0
3721,45,1,0,0
3722,42,1,0,0
3723,13,1,0,0
3724,63,1,0,0
3725,193,1,0,0
3726,35,1,0,0
3727,53,1,0,0
3728,35,1,0,0
3729,67,1,0,0
3730,140,1,0,0
3731,40,1,0,0
3732,45,1,0,0
3733,95,1,0,0
3734,85,1,0,0
3735,42,1,0,0
3736,109,1,0,0
3737,113,1,0,0
3738,15,1,0,0
3739,47,1,0,0
3740,13,1,0,0
3741,110,1,0,0
3742,60,1,0,0
3743,28,1,0,0
3744,197,1,0,0
3745,25,1,0,0
3746,73,1,0,0
3747,22,1,0,0
3748,124,1,0,0
3749,75,1,0,0
3750,73,1,0,0
3751,125,1,0,0
3752,72,1,0,0
3753,30,1,0,0
3754,25,1,0,0
3755,59,1,0,0
3756,216,1,0,0
3757,102,1,0,0
3758,21,1,0,0
3759,82,1,0,0
3760,13,1,0,0
3761,31,1,0,0
3762,225,1,0,0
3763,57,1,0,0
3764,51,1,0,0
3765,48,1,0,0
3766,12,1,0,0
3767,22,1,0,0
3768,15,1,0,0
3769,45,1,0,0
3770,117,1,0,0
3771,101,1,0,0
3772,111,1,0,0
3773,234,1,0,0
3774,16,1,0,0
3775,137,1,0,0
3776,103,1,0,0
3777,61,1,0,0
3778,90,1,0,0
3779,101,1,0,0
3780,49,1,0,0
3781,34,1,0,0
3782,39,1,0,0
3783,9,1,0,0
3784,123,1,0,0
3785,42,1,0,0
3786,254,1,0,0
3787,75,1,0,0
3788,16,1,0,0
3789,116,1,0,0
3790,59,1,0,0
3791,93,1,0,0
3792,137,1,0,0
3793,79,1,0,0
3794,18,1,0,0
3795,55,1,0,0
3796,46,1,0,0
3797,156,1,0,0
3798,22,1,0,0
3799,55,1,0,0
3800,39,1,0,0
3801,41,1,0,0
3802,62,1,0,0
3803,80,1,0,0
3804,59,1,0,0
3805,159,1,0,0
3806,42,1,0,0
3807,26,1,0,0
3808,8,1,0,0
3809,17,1,0,0
3810,224,1,0,0
3811,91,1,0,0
3812,22,1,0,0
3813,15,1,0,0
3814,51,1,0,0
3815,137,1,0,0
3816,242,1,0,0
3817,48,1,0,0
3818,42,1,0,0
3819,132,1,0,0
3820,11,1,0,0
3821,34,1,0,0
3822,61,1,0,0
3823,87,1,0,0
3824,15,1,0,0
3825,107,1,0,0
3826,61,1,0,0
3827,96,1,0,0
3828,15,1,0,0
3829,136,1,0,0
3830,45,1,0,0
3831,175,1,0,0
3832,177,1,0,0
3833,144,1,0,0
3834,44,1,0,0
3835,91,1,0,0
3836,26,1,0,0
3837,89,1,0,0
3838,156,1,0,0
3839,156,1,0,0
3840,25,1,0,0
3841,161,1,0,0
3842,36,1,0,0
3843,197,1,0,0
3844,23,1,0,0
3845,92,1,0,0
3846,130,1,0,0
3847,41,1,0,0
3848,42,1,0,0
3849,48,1,0,0
3850,46,1,0,0
3851,32,1,0,0
3852,48,1,0,0
3853,126,1,0,0
3854,89,1,0,0
3855,125,1,0,0
3856,51,1,0,0
3857,98,1,0,0
3858,36,1,0,0
3859,147,1,0,0
3860,32,1,0,0
3861,62,1,0,0
3862,32,1,0,0
3863,60,1,0,0
3864,140,1,0,0
3865,10,1,0,0
3866,29,1,0,0
3867,38,1,0,0
3868,46,1,0,0
3869,23,1,0,0
3870,80,1,0,0
3871,86,1,0,0
3872,43,1,0,0
3873,68,1,0,0
3874,34,1,0,0
3875,115,1,0,0
3876,14,1,0,0
3877,140,1,0,0
3878,32,1,0,0
3879,33,1,0,0
3880,113,1,0,0
3881,23,1,0,0
3882,30,1,0,0
3883,9,1,0,0
3884,13,1,0,0
3885,123,1,0,0
3886,33,1,0,0
3887,107,1,0,0
3888,110,1,0,0
3889,45,1,0,0
3890,95,1,0,0
3891,47,1,0,0
3892,184,1,0,0
3893,72,1,0,0
3894,95,1,0,0
3895,135,1,0,0
3896,97,1,0,0
3897,51,1,0,0
3898,80,1,0,0
3899,87,1,0,0
3900,37,1,0,0
3901,164,1,0,0
3902,139,1,0,0
3903,124,1,0,0
3904,64,1,0,0
3905,157,1,0,0
3906,164,1,0,0
3907,8,1,0,0
3908,119,1,0,0
3909,98,1,0,0
3910,12,1,0,0
3911,72,1,0,0
3912,93,1,0,0
3913,31,1,0,0
3914,71,1,0,0
3915,105,1,0,0
3916,107,1,0,0
3917,65,1,0,0
3918,51,1,0,0
3919,90,1,0,0
3920,38,1,0,0
3921,43,1,0,0
3922,89,1,0,0
3923,153,1,0,0
3924,156,1,0,0
3925,102,1,0,0
3926,87,1,0,0
3927,21,1,0,0
3928,153,1,0,0
3929,79,1,0,0
3930,48,1,0,0
3931,48,1,0,0
3932,51,1,0,0
3933,46,1,0,0
3934,9,1,0,0
3935,38,1,0,0
3936,67,1,0,0
3937,34,1,0,0
3938,16,1,0,0
3939,108,1,0,0
3940,29,1,0,0
3941,86,1,0,0
3942,139,1,0,0
3943,11,1,0,0
3944,28,1,0,0
3945,85,1,0,0
3946,31,1,0,0
3947,68,1,0,0
3948,22,1,0,0
3949,27,1,0,0
3950,169,1,0,0
3951,34,1,0,0
3952,40,1,0,0
3953,55,1,0,0
3954,51,1,0,0
3955,17,1,0,0
3956,17,1,0,0
3957,15,1,0,0
3958,11,1,0,0
3959,21,1,0,0
3960,54,1,0,0
3961,18,1,0,0
3962,61,1,0,0
3963,26,1,0,0
3964,52,1,0,0
3965,134,1,0,0
3966,157,1,0,0
3967,34,1,0,0
3968,16,1,0,0
3969,11,1,0,0
3970,18,1,0,0
3971,64,1,0,0
3972,83,1,0,0
3973,251,1,0,0
3974,41,1,0,0
3975,65,1,0,0
3976,22,1,0,0
3977,146,1,0,0
3978,105,1,0,0
3979,123,1,0,0
3980,36,1,0,0
3981,68,1,0,0
3982,15,1,0,0
3983,66,1,0,0
3984,28,1,0,0
3985,60,1,0,0
3986,73,1,0,0
3987,71,1,0,0
3988,68,1,0,0
3989,59,1,0,0
3990,46,1,0,0
3991,80,1,0,0
3992,89,1,0,0
3993,22,1,0,0
3994,33,1,0,0
3995,120,1,0,0
3996,101,1,0,0
3997,135,1,0,0
3998,33,1,0,0
3999,59,1,0,0
4000,105,1,0,0
4001,97,1,0,0
4002,200,1,0,0
4003,23,1,0,0
4004,70,1,0,0
4005,51,1,0,0
4006,166,1,0,0
4007,50,1,0,0
4008,30,1,0,0
4009,82,1,0,0
4010,14,1,0,0
4011,58,1,0,0
4012,39,1,0,0
4013,114,1,0,0
4014,9,1,0,0
4015,39,1,0,0
4016,64,1,0,0
4017,26,1,0,0
4018,20,1,0,0
4019,9,1,0,0
4020,25,1,0,0
4021,58,1,0,0
4022,75,1,0,0
4023,14,1,0,0
4024,69,1,0,0
4025,327,1,0,0
4026,43,1,0,0
4027,116,1,0,0
4028,54,1,0,0
4029,80,1,0,0
4030,77,1,0,0
4031,29,1,0,0
4032,154,1,0,0
4033,53,1,0,0
4034,54,1,0,0
4035,41,1,0,0
4036,24,1,0,0
4037,102,1,0,0
4038,13,1,0,0
4039,142,1,0,0
4040,49,1,0,0
4041,41,1,0,0
4042,132,1,0,0
4043,124,1,0,0
4044,161,1,0,0
4045,160,1,0,0
4046,42,1,0,0
4047,50,1,0,0
4048,14,1,0,0
4049,50,1,0,0
4050,79,1,0,0
4051,67,1,0,0
4052,37,1,0,0
4053,25,1,0,0
4054,28,1,0,0
4055,14,1,0,0
4056,36,1,0,0
4057,10,1,0,0
4058,23,1,0,0
4059,17,1,0,0
4060,26,1,0,0
4061,28,1,0,0
4062,28,1,0,0
4063,95,1,0,0
4064,33,1,0,0
4065,94,1,0,0
4066,48,1,0,0
4067,27,1,0,0
4068,56,1,0,0
4069,22,1,0,0
4070,159,1,0,0
4071,65,1,0,0
4072,87,1,0,0
4073,77,1,0,0
4074,24,1,0,0
4075,48,1,0,0
4076,61,1,0,0
4077,36,1,0,0
4078,16,1,0,0
4079,89,1,0,0
4080,28,1,0,0
4081,100,1,0,0
4082,45,1,0,0
4083,84,1,0,0
4084,89,1,0,0
4085,65,1,0,0
4086,52,1,0,0
4087,32,1,0,0
4088,14,1,0,0
4089,37,1,0,0
4090,139,1,0,0
4091,38,1,0,0
4092,42,1,0,0
4093,37,1,0,0
4094,35,1,0,0
4095,27,1,0,0
4096,44,1,0,0
4097,70,1,0,0
4098,35,1,0,0
4099,62,1,0,0
4100,18,1,0,0
4101,38,1,0,0
4102,96,1,0,0
4103,39,1,0,0
4104,31,1,0,0
4105,176,1,0,0
4106,47,1,0,0
4107,47,1,0,0
4108,139,1,0,0
4109,9,1,0,0
4110,123,1,0,0
4111,52,1,0,0
4112,38,1,0,0
4113,62,1,0,0
4114,27,1,0,0
4115,59,1,0,0
4116,54,1,0,0
4117,50,1,0,0
4118,99,1,0,0
4119,104,1,0,0
4120,44,1,0,0
4121,17,1,0,0
4122,108,1,0,0
4123,161,1,0,0
4124,49,1,0,0
4125,94,1,0,0
4126,74,1,0,0
4127,124,1,0,0
4128,66,1,0,0
4129,20,1,0,0
4130,74,1,0,0
4131,65,1,0,0
4132,52,1,0,0
4133,62,1,0,0
4134,21,1,0,0
4135,23,1,0,0
4136,200,1,0,0
4137,34,1,0,0
4138,16,1,0,0
4139,28,1,0,0
4140,11,1,0,0
4141,69,1,0,0
4142,37,1,0,0
4143,34,1,0,0
4144,50,1,0,0
4145,32,1,0,0
4146,28,1,0,0
4147,160,1,0,0
4148,29,1,0,0
4149,36,1,0,0
4150,46,1,0,0
4151,16,1,0,0
4152,42,1,0,0
4153,45,1,0,0
4154,106,1,0,0
4155,30,1,0,0
4156,82,1,0,0
4157,197,1,0,0
4158,82,1,0,0
4159,45,1,0,0
4160,24,1,0,0
4161,68,1,0,0
4162,16,1,0,0
4163,98,1,0,0
4164,23,1,0,0
4165,43,1,0,0
4166,68,1,0,0
4167,200,1,0,0
4168,139,1,0,0
4169,16,1,0,0
4170,41,1,0,0
4171,91,1,0,0
4172,71,1,0,0
4173,23,1,0,0
4174,119,1,0,0
4175,40,1,0,0
4176,159,1,0,0
4177,30,1,0,0
4178,58,1,0,0
4179,113,1,0,0
4180,33,1,0,0
4181,80,1,0,0
4182,85,1,0,0
4183,104,1,0,0
4184,59,1,0,0
4185,14,1,0,0
4186,51,1,0,0
4187,77,1,0,0
4188,75,1,0,0
4189,21,1,0,0
4190,25,1,0,0
4191,187,1,0,0
4192,197,1,0,0
4193,33,1,0,0
4194,114,1,0,0
4195,18,1,0,0
4196,87,1,0,0
4197,34,1,0,0
4198,22,1,0,0
4199,28,1,0,0
4200,42,1,0,0
4201,40,1,0,0
4202,49,1,0,0
4203,42,1,0,0
4204,43,1,0,0
4205,70,1,0,0
4206,74,1,0,0
4207,69,1,0,0
4208,171,1,0,0
4209,51,1,0,0
4210,98,1,0,0
4211,112,1,0,0
4212,83,1,0,0
4213,66,1,0,0
4214,58,1,0,0
4215,96,1,0,0
4216,28,1,0,0
4217,53,1,0,0
4218,155,1,0,0
4219,61,1,0,0
4220,115,1,0,0
4221,18,1,0,0
4222,192,1,0,0
4223,13,1,0,0
4224,49,1,0,0
4225,50,1,0,0
4226,98,1,0,0
4227,22,1,0,0
4228,37,1,0,0
4229,81,1,0,0
4230,11,1,0,0
4231,77,1,0,0
4232,19,1,0,0
4233,88,1,0,0
4234,36,1,0,0
4235,14,1,0,0
4236,174,1,0,0
4237,24,1,0,0
4238,27,1,0,0
4239,62,1,0,0
4240,53,1,0,0
4241,88,1,0,0
4242,12,1,0,0
4243,72,1,0,0
4244,82,1,0,0
4245,66,1,0,0
4246,18,1,0,0
4247,87,1,0,0
4248,49,1,0,0
4249,52,1,0,0
4250,66,1,0,0
4251,26,1,0,0
4252,19,1,0,0
4253,54,1,0,0
4254,10,1,0,0
4255,40,1,0,0
4256,61,1,0,0
4257,44,1,0,0
4258,49,1,0,0
4259,26,1,0,0
4260,7,1,0,0
4261,68,1,0,0
4262,123,1,0,0
4263,176,1,0,0
4264,94,1,0,0
4265,21,1,0,0
4266,41,1,0,0
4267,31,1,0,0
4268,43,1,0,0
4269,50,1,0,0
4270,57,1,0,0
4271,22,1,0,0
4272,34,1,0,0
4273,282,1,0,0
4274,29,1,0,0
4275,93,1,0,0
4276,14,1,0,0
4277,70,1,0,0
4278,38,1,0,0
4279,55,1,0,0
4280,58,1,0,0
4281,61,1,0,0
4282,103,1,0,0
4283,43,1,0,0
4284,26,1,0,0
4285,34,1,0,0
4286,26,1,0,0
4287,95,1,0,0
4288,96,1,0,0
4289,8,1,0,0
4290,33,1,0,0
4291,245,1,0,0
4292,50,1,0,0
4293,76,1,0,0
4294,43,1,0,0
4295,45,1,0,0
4296,129,1,0,0
4297,62,1,0,0
4298,42,1,0,0
4299,64,1,0,0
4300,16,1,0,0
4301,42,1,0,0
4302,129,1,0,0
4303,15,1,0,0
4304,39,1,0,0
4305,19,1,0,0
4306,13,1,0,0
4307,74,1,0,0
4308,92,1,0,0
4309,75,1,0,0
4310,20,1,0,0
4311,59,1,0,0
4312,47,1,0,0
4313,100,1,0,0
4314,57,1,0,0
4315,60,1,0,0
4316,102,1,0,0
4317,41,1,0,0
4318,81,1,0,0
4319,45,1,0,0
4320,101,1,0,0
4321,138,1,0,0
4322,30,1,0,0
4323,17,1,0,0
4324,62,1,0,0
4325,34,1,0,0
4326,78,1,0,0
4327,63,1,0,0
4328,11,1,0,0
4329,126,1,0,0
4330,31,1,0,0
4331,103,1,0,0
4332,88,1,0,0
4333,102,1,0,0
4334,103,1,0,0
4335,89,1,0,0
4336,26,1,0,0
4337,37,1,0,0
4338,57,1,0,0
4339,44,1,0,0
4340,22,1,0,0
4341,155,1,0,0
4342,117,1,0,0
4343,43,1,0,0
4344,71,1,0,0
4345,37,1,0,0
4346,65,1,0,0
4347,76,1,0,0
4348,151,1,0,0
4349,105,1,0,0
4350,69,1,0,0
4351,31,1,0,0
4352,8,1,0,0
4353,82,1,0,0
4354,68,1,0,0
4355,73,1,0,0
4356,50,1,0,0
4357,15,1,0,0
4358,208,1,0,0
4359,69,1,0,0
4360,76,1,0,0
4361,91,1,0,0
4362,48,1,0,0
4363,28,1,0,0
4364,208,1,0,0
4365,56,1,0,0
4366,61,1,0,0
4367,129,1,0,0
4368,387,1,0,0
4369,131,1,0,0
4370,57,1,0,0
4371,34,1,0,0
4372,117,1,0,0
4373,63,1,0,0
4374,62,1,0,0
4375,42,1,0,0
4376,73,1,0,0
4377,37,1,0,0
4378,46,1,0,0
4379,72,1,0,0
4380,105,1,0,0
4381,55,1,0,0
4382,63,1,0,0
4383,43,1,0,0
4384,101,1,0,0
4385,86,1,0,0
4386,48,1,0,0
4387,156,1,0,0
4388,142,1,0,0
4389,45,1,0,0
4390,62,1,0,0
4391,23,1,0,0
4392,113,1,0,0
4393,26,1,0,0
4394,78,1,0,0
4395,181,1,0,0
4396,30,1,0,0
4397,31,1,0,0
4398,174,1,0,0
4399,23,1,0,0
4400,29,1,0,0
4401,44,1,0,0
4402,80,1,0,0
4403,34,1,0,0
4404,56,1,0,0
4405,67,1,0,0
4406,122,1,0,0
4407,129,1,0,0
4408,62,1,0,0
4409,109,1,0,0
4410,27,1,0,0
4411,65,1,0,0
4412,81,1,0,0
4413,33,1,0,0
4414,50,1,0,0
4415,75,1,0,0
4416,27,1,0,0
4417,54,1,0,0
4418,17,1,0,0
4419,81,1,0,0
4420,18,1,0,0
4421,62,1,0,0
4422,11,1,0,0
4423,112,1,0,0
4424,41,1,0,0
4425,99,1,0,0
4426,33,1,0,0
4427,34,1,0,0
4428,33,1,0,0
4429,52,1,0,0
4430,74,1,0,0
4431,143,1,0,0
4432,142,1,0,0
4433,103,1,0,0
4434,85,1,0,0
4435,20,1,0,0
4436,10,1,0,0
4437,20,1,0,0
4438,83,1,0,0
4439,18,1,0,0
4440,27,1,0,0
4441,71,1,0,0
4442,39,1,0,0
4443,214,1,0,0
4444,33,1,0,0
4445,73,1,0,0
4446,113,1,0,0
4447,31,1,0,0
4448,38,1,0,0
4449,64,1,0,0
4450,24,1,0,0
4451,176,1,0,0
4452,34,1,0,0
4453,51,1,0,0
4454,124,1,0,0
4455,18,1,0,0
4456,10,1,0,0
4457,110,1,0,0
4458,85,1,0,0
4459,120,1,0,0
4460,29,1,0,0
4461,55,1,0,0
4462,40,1,0,0
4463,78,1,0,0
4464,72,1,0,0
4465,37,1,0,0
4466,55,1,0,0
4467,118,1,0,0
4468,123,1,0,0
4469,60,1,0,0
4470,42,1,0,0
4471,88,1,0,0
4472,56,1,0,0
4473,73,1,0,0
4474,129,1,0,0
4475,34,1,0,0
4476,23,1,0,0
4477,157,1,0,0
4478,77,1,0,0
4479,45,1,0,0
4480,25,1,0,0
4481,37,1,0,0
4482,21,1,0,0
4483,104,1,0,0
4484,67,1,0,0
4485,129,1,0,0
4486,267,1,0,0
4487,96,1,0,0
4488,76,1,0,0
4489,43,1,0,0
4490,39,1,0,0
4491,53,1,0,0
4492,78,1,0,0
4493,55,1,0,0
4494,49,1,0,0
4495,143,1,0,0
4496,14,1,0,0
4497,100,1,0,0
4498,70,1,0,0
4499,51,1,0,0
4500,100,1,0,0
4501,119,1,0,0
4502,97,1,0,0
4503,102,1,0,0
4504,95,1,0,0
4505,17,1,0,0
4506,57,1,0,0
4507,69,1,0,0
4508,73,1,0,0
4509,57,1,0,0
4510,72,1,0,0
4511,63,1,0,0
4512,102,1,0,0
4513,209,1,0,0
4514,90,1,0,0
4515,93,1,0,0
4516,49,1,0,0
4517,61,1,0,0
4518,48,1,0,0
4519,19,1,0,0
4520,59,1,0,0
4521,133,1,0,0
4522,19,1,0,0
4523,49,1,0,0
4524,160,1,0,0
4525,115,1,0,0
4526,56,1,0,0
4527,18,1,0,0
4528,63,1,0,0
4529,92,1,0,0
4530,106,1,0,0
4531,35,1,0,0
4532,71,1,0,0
4533,13,1,0,0
4534,87,1,0,0
4535,94,1,0,0
4536,64,1,0,0
4537,86,1,0,0
4538,64,1,0,0
4539,113,1,0,0
4540,137,1,0,0
4541,48,1,0,0
4542,44,1,0,0
4543,98,1,0,0
4544,65,1,0,0
4545,46,1,0,0
4546,48,1,0,0
4547,45,1,0,0
4548,76,1,0,0
4549,80,1,0,0
4550,31,1,0,0
4551,121,1,0,0
4552,111,1,0,0
4553,27,1,0,0
4554,87,1,0,0
4555,111,1,0,0
4556,137,1,0,0
4557,89,1,0,0
4558,34,1,0,0
4559,119,1,0,0
4560,63,1,0,0
4561,61,1,0,0
4562,70,1,0,0
4563,69,1,0,0
4564,91,1,0,0
4565,71,1,0,0
4566,98,1,0,0
4567,38,1,0,0
4568,64,1,0,0
4569,21,1,0,0
4570,19,1,0,0
4571,13,1,0,0
4572,76,1,0,0
4573,32,1,0,0
4574,103,1,0,0
4575,18,1,0,0
4576,49,1,0,0
4577,75,1,0,0
4578,144,1,0,0
4579,31,1,0,0
4580,21,1,0,0
4581,254,1,0,0
4582,106,1,0,0
4583,39,1,0,0
4584,75,1,0,0
4585,43,1,0,0
4586,11,1,0,0
4587,19,1,0,0
4588,36,1,0,0
4589,74,1,0,0
4590,19,1,0,0
4591,142,1,0,0
4592,121,1,0,0
4593,128,1,0,0
4594,63,1,0,0
4595,88,1,0,0
4596,61,1,0,0
4597,189,1,0,0
4598,58,1,0,0
4599,75,1,0,0
4600,102,1,0,0
4601,64,1,0,0
4602,33,1,0,0
4603,39,1,0,0
4604,77,1,0,0
4605,19,1,0,0
4606,68,1,0,0
4607,52,1,0,0
4608,61,1,0,0
4609,60,1,0,0
4610,46,1,0,0
4611,119,1,0,0
4612,188,1,0,0
4613,30,1,0,0
4614,61,1,0,0
4615,97,1,0,0
4616,67,1,0,0
4617,13,1,0,0
4618,61,1,0,0
4619,146,1,0,0
4620,80,1,0,0
4621,28,1,0,0
4622,49,1,0,0
4623,90,1,0,0
4624,37,1,0,0
4625,54,1,0,0
4626,28,1,0,0
4627,196,1,0,0
4628,28,1,0,0
4629,51,1,0,0
4630,65,1,0,0
4631,94,1,0,0
4632,119,1,0,0
4633,21,1,0,0
4634,63,1,0,0
4635,35,1,0,0
4636,217,1,0,0
4637,37,1,0,0
4638,24,1,0,0
4639,8,1,0,0
4640,77,1,0,0
4641,55,1,0,0
4642,31,1,0,0
4643,29,1,0,0
4644,63,1,0,0
4645,63,1,0,0
4646,24,1,0,0
4647,54,1,0,0
4648,104,1,0,0
4649,72,1,0,0
4650,169,1,0,0
4651,167,1,0,0
4652,81,1,0,0
4653,60,1,0,0
4654,19,1,0,0
4655,140,1,0,0
4656,69,1,0,0
4657,55,1,0,0
4658,133,1,0,0
4659,152,1,0,0
4660,26,1,0,0
4661,152,1,0,0
4662,23,1,0,0
4663,23,1,0,0
4664,84,1,0,0
4665,71,1,0,0
4666,32,1,0,0
4667,73,1,0,0
4668,82,1,0,0
4669,13,1,0,0
4670,43,1,0,0
4671,85,1,0,0
4672,72,1,0,0
4673,118,1,0,0
4674,47,1,0,0
4675,48,1,0,0
4676,93,1,0,0
4677,36,1,0,0
4678,26,1,0,0
4679,87,1,0,0
4680,23,1,0,0
4681,31,1,0,0
4682,66,1,0,0
4683,43,1,0,0
4684,170,1,0,0
4685,73,1,0,0
4686,31,1,0,0
4687,33,1,0,0
4688,75,1,0,0
4689,73,1,0,0
4690,28,1,0,0
4691,109,1,0,0
4692,38,1,0,0
4693,129,1,0,0
4694,66,1,0,0
4695,65,1,0,0
4696,52,1,0,0
4697,43,1,0,0
4698,79,1,0,0
4699,33,1,0,0
4700,146,1,0,0
4701,60,1,0,0
4702,9,1,0,0
4703,8,1,0,0
4704,25,1,0,0
4705,50,1,0,0
4706,61,1,0,0
4707,49,1,0,0
4708,37,1,0,0
4709,63,1,0,0
4710,75,1,0,0
4711,33,1,0,0
4712,97,1,0,0
4713,100,1,0,0
4714,30,1,0,0
4715,20,1,0,0
4716,30,1,0,0
4717,50,1,0,0
4718,48,1,0,0
4719,25,1,0,0
4720,16,1,0,0
4721,76,1,0,0
4722,94,1,0,0
4723,40,1,0,0
4724,87,1,0,0
4725,52,1,0,0
4726,48,1,0,0
4727,69,1,0,0
4728,68,1,0,0
4729,39,1,0,0
4730,67,1,0,0
4731,68,1,0,0
4732,35,1,0,0
4733,131,1,0,0
4734,201,1,0,0
4735,48,1,0,0
4736,21,1,0,0
4737,49,1,0,0
4738,89,1,0,0
4739,21,1,0,0
4740,46,1,0,0
4741,142,1,0,0
4742,20,1,0,0
4743,145,1,0,0
4744,31,1,0,0
4745,87,1,0,0
4746,48,1,0,0
4747,144,1,0,0
4748,78,1,0,0
4749,29,1,0,0
4750,74,1,0,0
4751,20,1,0,0
4752,31,1,0,0
4753,36,1,0,0
4754,98,1,0,0
4755,58,1,0,0
4756,48,1,0,0
4757,41,1,0,0
4758,30,1,0,0
4759,17,1,0,0
4760,131,1,0,0
4761,12,1,0,0
4762,85,1,0,0
4763,24,1,0,0
4764,54,1,0,0
4765,133,1,0,0
4766,69,1,0,0
4767,97,1,0,0
4768,25,1,0,0
4769,94,1,0,0
4770,95,1,0,0
4771,101,1,0,0
4772,135,1,0,0
4773,41,1,0,0
4774,40,1,0,0
4775,59,1,0,0
4776,72,1,0,0
4777,85,1,0,0
4778,104,1,0,0
4779,227,1,0,0
4780,75,1,0,0
4781,30,1,0,0
4782,78,1,0,0
4783,275,1,0,0
4784,39,1,0,0
4785,77,1,0,0
4786,20,1,0,0
4787,62,1,0,0
4788,45,1,0,0
4789,25,1,0,0
4790,12,1,0,0
4791,130,1,0,0
4792,26,1,0,0
4793,77,1,0,0
4794,41,1,0,0
4795,175,1,0,0
4796,24,1,0,0
4797,71,1,0,0
4798,45,1,0,0
4799,132,1,0,0
4800,102,1,0,0
4801,170,1,0,0
4802,35,1,0,0
4803,48,1,0,0
4804,37,1,0,0
4805,110,1,0,0
4806,23,1,0,0
4807,106,1,0,0
4808,49,1,0,0
4809,39,1,0,0
4810,199,1,0,0
4811,152,1,0,0
4812,39,1,0,0
4813,80,1,0,0
4814,82,1,0,0
4815,42,1,0,0
4816,302,1,0,0
4817,69,1,0,0
4818,156,1,0,0
4819,91,1,0,0
4820,61,1,0,0
4821,44,1,0,0
4822,9,1,0,0
4823,82,1,0,0
4824,33,1,0,0
4825,25,1,0,0
4826,65,1,0,0
4827,92,1,0,0
4828,39,1,0,0
4829,202,1,0,0
4830,126,1,0,0
4831,204,1,0,0
4832,68,1,0,0
4833,65,1,0,0
4834,27,1,0,0
4835,59,1,0,0
4836,90,1,0,0
4837,75,1,0,0
4838,237,1,0,0
4839,111,1,0,0
4840,51,1,0,0
4841,137,1,0,0
4842,79,1,0,0
4843,91,1,0,0
4844,43,1,0,0
4845,45,1,0,0
4846,119,1,0,0
4847,9,1,0,0
4848,150,1,0,0
4849,62,1,0,0
4850,38,1,0,0
4851,48,1,0,0
4852,99,1,0,0
4853,36,1,0,0
4854,28,1,0,0
4855,109,1,0,0
4856,58,1,0,0
4857,60,1,0,0
4858,40,1,0,0
4859,29,1,0,0
4860,19,1,0,0
4861,35,1,0,0
4862,107,1,0,0
4863,47,1,0,0
4864,66,1,0,0
4865,38,1,0,0
4866,90,1,0,0
4867,78,1,0,0
4868,49,1,0,0
4869,29,1,0,0
4870,142,1,0,0
4871,102,1,0,0
4872,224,1,0,0
4873,131,1,0,0
4874,25,1,0,0
4875,68,1,0,0
4876,18,1,0,0
4877,95,1,0,0
4878,45,1,0,0
4879,15,1,0,0
4880,96,1,0,0
4881,82,1,0,0
4882,51,1,0,0
4883,80,1,0,0
4884,16,1,0,0
4885,48,1,0,0
4886,16,1,0,0
4887,108,1,0,0
4888,23,1,0,0
4889,22,1,0,0
4890,84,1,0,0
4891,28,1,0,0
4892,62,1,0,0
4893,77,1,0,0
4894,46,1,0,0
4895,54,1,0,0
4896,155,1,0,0
4897,55,1,0,0
4898,59,1,0,0
4899,34,1,0,0
4900,181,1,0,0
4901,81,1,0,0
4902,43,1,0,0
4903,36,1,0,0
4904,211,1,0,0
4905,110,1,0,0
4906,56,1,0,0
4907,77,1,0,0
4908,28,1,0,0
4909,71,1,0,0
4910,84,1,0,0
4911,80,1,0,0
4912,157,1,0,0
4913,115,1,0,0
4914,128,1,0,0
4915,57,1,0,0
4916,28,1,0,0
4917,205,1,0,0
4918,91,1,0,0
4919,36,1,0,0
4920,61,1,0,0
4921,36,1,0,0
4922,33,1,0,0
4923,62,1,0,0
4924,64,1,0,0
4925,84,1,0,0
4926,34,1,0,0
4927,70,1,0,0
4928,79,1,0,0
4929,128,1,0,0
4930,90,1,0,0
4931,54,1,0,0
4932,75,1,0,0
4933,122,1,0,0
4934,31,1,0,0
4935,89,1,0,0
4936,65,1,0,0
4937,88,1,0,0
4938,36,1,0,0
4939,67,1,0,0
4940,25,1,0,0
4941,32,1,0,0
4942,29,1,0,0
4943,26,1,0,0
4944,11,1,0,0
4945,56,1,0,0
4946,63,1,0,0
4947,120,1,0,0
4948,134,1,0,0
4949,101,1,0,0
4950,70,1,0,0
4951,28,1,0,0
4952,112,1,0,0
4953,33,1,0,0
4954,100,1,0,0
4955,36,1,0,0
4956,138,1,0,0
4957,28,1,0,0
4958,59,1,0,0
4959,57,1,0,0
4960,55,1,0,0
4961,99,1,0,0
4962,34,1,0,0
4963,34,1,0,0
4964,113,1,0,0
4965,181,1,0,0
4966,107,1,0,0
4967,54,1,0,0
4968,22,1,0,0
4969,60,1,0,0
4970,82,1,0,0
4971,22,1,0,0
4972,66,1,0,0
4973,14,1,0,0
4974,95,1,0,0
4975,41,1,0,0
4976,86,1,0,0
4977,76,1,0,0
4978,217,1,0,0
4979,9,1,0,0
4980,52,1,0,0
4981,176,1,0,0
4982,41,1,0,0
4983,51,1,0,0
4984,56,1,0,0
4985,139,1,0,0
4986,72,1,0,0
4987,16,1,0,0
4988,27,1,0,0
4989,43,1,0,0
4990,78,1,0,0
4991,58,1,0,0
4992,49,1,0,0
4993,42,1,0,0
4994,102,1,0,0
4995,37,1,0,0
4996,153,1,0,0
4997,66,1,0,0
4998,113,1,0,0
4999,118,1,0,0
5000,43,1,0,0
5001,177,1,0,0
5002,27,1,0,0
5003,60,1,0,0
5004,21,1,0,0
5005,100,1,0,0
5006,40,1,0,0
5007,76,1,0,0
5008,98,1,0,0
5009,135,1,0,0
5010,105,1,0,0
5011,274,1,0,0
5012,145,1,0,0
5013,109,1,0,0
5014,21,1,0,0
5015,207,1,0,0
5016,59,1,0,0
5017,75,1,0,0
5018,133,1,0,0
5019,44,1,0,0
5020,35,1,0,0
5021,85,1,0,0
5022,65,1,0,0
5023,58,1,0,0
5024,71,1,0,0
5025,31,1,0,0
5026,39,1,0,0
5027,31,1,0,0
5028,66,1,0,0
5029,55,1,0,0
5030,71,1,0,0
5031,32,1,0,0
5032,205,1,0,0
5033,86,1,0,0
5034,7,1,0,0
5035,88,1,0,0
5036,41,1,0,0
5037,102,1,0,0
5038,55,1,0,0
5039,102,1,0,0
5040,95,1,0,0
5041,27,1,0,0
5042,212,1,0,0
5043,59,1,0,0
5044,66,1,0,0
5045,94,1,0,0
5046,51,1,0,0
5047,77,1,0,0
5048,81,1,0,0
5049,216,1,0,0
5050,25,1,0,0
5051,135,1,0,0
5052,108,1,0,0
5053,17,1,0,0
5054,18,1,0,0
5055,98,1,0,0
5056,41,1,0,0
5057,271,1,0,0
5058,168,1,0,0
5059,15,1,0,0
5060,41,1,0,0
5061,284,1,0,0
5062,82,1,0,0
5063,192,1,0,0
5064,18,1,0,0
5065,33,1,0,0
5066,74,1,0,0
5067,95,1,0,0
5068,68,1,0,0
5069,59,1,0,0
5070,22,1,0,0
5071,9,1,0,0
5072,111,1,0,0
5073,67,1,0,0
5074,112,1,0,0
5075,22,1,0,0
5076,45,1,0,0
5077,62,1,0,0
5078,26,1,0,0
5079,44,1,0,0
5080,157,1,0,0
5081,115,1,0,0
5082,21,1,0,0
5083,31,1,0,0
5084,34,1,0,0
5085,62,1,0,0
5086,122,1,0,0
5087,32,1,0,0
5088,97,1,0,0
5089,32,1,0,0
5090,98,1,0,0
5091,79,1,0,0
5092,44,1,0,0
5093,87,1,0,0
5094,37,1,0,0
5095,34,1,0,0
5096,43,1,0,0
5097,33,1,0,0
5098,66,1,0,0
5099,123,1,0,0
5100,16,1,0,0
5101,129,1,0,0
5102,185,1,0,0
5103,32,1,0,0
5104,29,1,0,0
5105,23,1,0,0
5106,62,1,0,0
5107,22,1,0,0
5108,59,1,0,0
5109,36,1,0,0
5110,40,1,0,0
5111,190,1,0,0
5112,13,1,0,0
5113,102,1,0,0
5114,38,1,0,0
5115,11,1,0,0
5116,61,1,0,0
5117,33,1,0,0
5118,55,1,0,0
5119,30,1,0,0
5120,31,1,0,0
5121,53,1,0,0
5122,17,1,0,0
5123,98,1,0,0
5124,63,1,0,0
5125,21,1,0,0
5126,39,1,0,0
5127,61,1,0,0
5128,107,1,0,0
5129,14,1,0,0
5130,52,1,0,0
5131,124,1,0,0
5132,79,1,0,0
5133,127,1,0,0
5134,60,1,0,0
5135,55,1,0,0
5136,22,1,0,0
5137,19,1,0,0
5138,12,1,0,0
5139,40,1,0,0
5140,43,1,0,0
5141,140,1,0,0
5142,14,1,0,0
5143,106,1,0,0
5144,255,1,0,0
5145,88,1,0,0
5146,72,1,0,0
5147,14,1,0,0
5148,73,1,0,0
5149,27,1,0,0
5150,67,1,0,0
5151,172,1,0,0
5152,119,1,0,0
5153,75,1,0,0
5154,26,1,0,0
5155,60,1,0,0
5156,21,1,0,0
5157,47,1,0,0
5158,147,1,0,0
5159,43,1,0,0
5160,106,1,0,0
5161,74,1,0,0
5162,46,1,0,0
5163,56,1,0,0
5164,83,1,0,0
5165,117,1,0,0
5166,132,1,0,0
5167,93,1,0,0
5168,43,1,0,0
5169,20,1,0,0
5170,22,1,0,0
5171,136,1,0,0
5172,39,1,0,0
5173,63,1,0,0
5174,13,1,0,0
5175,18,1,0,0
5176,46,1,0,0
5177,78,1,0,0
5178,71,1,0,0
5179,19,1,0,0
5180,92,1,0,0
5181,57,1,0,0
5182,66,1,0,0
5183,29,1,0,0
5184,17,1,0,0
5185,157,1,0,0
5186,102,1,0,0
5187,73,1,0,0
5188,48,1,0,0
5189,128,1,0,0
5190,54,1,0,0
5191,102,1,0,0
5192,54,1,0,0
5193,59,1,0,0
5194,44,1,0,0
5195,91,1,0,0
5196,71,1,0,0
5197,32,1,0,0
5198,52,1,0,0
5199,70,1,0,0
5200,35,1,0,0
5201,17,1,0,0
5202,76,1,0,0
5203,198,1,0,0
5204,116,1,0,0
5205,94,1,0,0
5206,10,1,0,0
5207,49,1,0,0
5208,235,1,0,0
5209,29,1,0,0
5210,86,1,0,0
5211,80,1,0,0
5212,152,1,0,0
5213,21,1,0,0
5214,70,1,0,0
5215,89,1,0,0
5216,101,1,0,0
5217,150,1,0,0
5218,10,1,0,0
5219,103,1,0,0
5220,113,1,0,0
5221,148,1,0,0
5222,213,1,0,0
5223,86,1,0,0
5224,55,1,0,0
5225,77,1,0,0
5226,52,1,0,0
5227,115,1,0,0
5228,47,1,0,0
5229,25,1,0,0
5230,154,1,0,0
5231,37,1,0,0
5232,15,1,0,0
5233,84,1,0,0
5234,15,1,0,0
5235,68,1,0,0
5236,89,1,0,0
5237,43,1,0,0
5238,44,1,0,0
5239,79,1,0,0
5240,19,1,0,0
5241,27,1,0,0
5242,20,1,0,0
5243,45,1,0,0
5244,37,1,0,0
5245,26,1,0,0
5246,27,1,0,0
5247,17,1,0,0
5248,110,1,0,0
5249,76,1,0,0
5250,115,1,0,0
5251,40,1,0,0
5252,67,1,0,0
5253,56,1,0,0
5254,30,1,0,0
5255,52,1,0,0
5256,123,1,0,0
5257,86,1,0,0
5258,55,1,0,0
5259,18,1,0,0
5260,50,1,0,0
5261,136,1,0,0
5262,44,1,0,0
5263,59,1,0,0
5264,174,1,0,0
5265,39,1,0,0
5266,47,1,0,0
5267,101,1,0,0
5268,117,1,0,0
5269,98,1,0,0
5270,72,1,0,0
5271,29,1,0,0
5272,18,1,0,0
5273,280,1,0,0
5274,122,1,0,0
5275,30,1,0,0
5276,200,1,0,0
5277,131,1,0,0
5278,20,1,0,0
5279,23,1,0,0
5280,215,1,0,0
5281,68,1,0,0
5282,46,1,0,0
5283,111,1,0,0
5284,114,1,0,0
5285,62,1,0,0
5286,73,1,0,0
5287,49,1,0,0
5288,25,1,0,0
5289,34,1,0,0
5290,98,1,0,0
5291,25,1,0,0
5292,106,1,0,0
5293,70,1,0,0
5294,48,1,0,0
5295,22,1,0,0
5296,12,1,0,0
5297,136,1,0,0
5298,16,1,0,0
5299,31,1,0,0
5300,28,1,0,0
5301,20,1,0,0
5302,27,1,0,0
5303,9,1,0,0
5304,9,1,0,0
5305,133,1,0,0
5306,57,1,0,0
5307,82,1,0,0
5308,129,1,0,0
5309,49,1,0,0
5310,22,1,0,0
5311,92,1,0,0
5312,23,1,0,0
5313,83,1,0,0
5314,85,1,0,0
5315,68,1,0,0
5316,53,1,0,0
5317,95,1,0,0
5318,58,1,0,0
5319,82,1,0,0
5320,43,1,0,0
5321,85,1,0,0
5322,180,1,0,0
5323,28,1,0,0
5324,42,1,0,0
5325,69,1,0,0
5326,84,1,0,0
5327,40,1,0,0
5328,46,1,0,0
5329,57,1,0,0
5330,113,1,0,0
5331,24,1,0,0
5332,117,1,0,0
5333,44,1,0,0
5334,35,1,0,0
5335,174,1,0,0
5336,47,1,0,0
5337,56,1,0,0
5338,40,1,0,0
5339,205,1,0,0
5340,155,1,0,0
5341,76,1,0,0
5342,78,1,0,0
5343,44,1,0,0
5344,137,1,0,0
5345,81,1,0,0
5346,47,1,0,0
5347,119,1,0,0
5348,120,1,0,0
5349,85,1,0,0
5350,99,1,0,0
5351,79,1,0,0
5352,32,1,0,0
5353,61,1,0,0
5354,77,1,0,0
5355,12,1,0,0
5356,58,1,0,0
5357,166,1,0,0
5358,155,1,0,0
5359,8,1,0,0
5360,49,1,0,0
5361,27,1,0,0
5362,50,1,0,0
5363,18,1,0,0
5364,97,1,0,0
5365,99,1,0,0
5366,55,1,0,0
5367,53,1,0,0
5368,57,1,0,0
5369,7,1,0,0
5370,103,1,0,0
5371,14,1,0,0
5372,25,1,0,0
5373,50,1,0,0
5374,63,1,0,0
5375,38,1,0,0
5376,34,1,0,0
5377,111,1,0,0
5378,44,1,0,0
5379,72,1,0,0
5380,113,1,0,0
5381,124,1,0,0
5382,68,1,0,0
5383,166,1,0,0
5384,78,1,0,0
5385,46,1,0,0
5386,97,1,0,0
5387,27,1,0,0
5388,48,1,0,0
5389,65,1,0,0
5390,22,1,0,0
5391,58,1,0,0
5392,96,1,0,0
5393,31,1,0,0
5394,109,1,0,0
5395,83,1,0,0
5396,98,1,0,0
5397,22,1,0,0
5398,63,1,0,0
5399,89,1,0,0
5400,29,1,0,0
5401,54,1,0,0
5402,26,1,0,0
5403,38,1,0,0
5404,28,1,0,0
5405,20,1,0,0
5406,41,1,0,0
5407,73,1,0,0
5408,54,1,0,0
5409,54,1,0,0
5410,114,1,0,0
5411,82,1,0,0
5412,9,1,0,0
5413,57,1,0,0
5414,58,1,0,0
5415,81,1,0,0
5416,29,1,0,0
5417,80,1,0,0
5418,101,1,0,0
5419,42,1,0,0
5420,28,1,0,0
5421,108,1,0,0
5422,39,1,0,0
5423,20,1,0,0
5424,10,1,0,0
5425,24,1,0,0
5426,43,1,0,0
5427,19,1,0,0
5428,24,1,0,0
5429,117,1,0,0
5430,179,1,0,0
5431,92,1,0,0
5432,32,1,0,0
5433,111,1,0,0
5434,40,1,0,0
5435,88,1,0,0
5436,44,1,0,0
5437,112,1,0,0
5438,16,1,0,0
5439,29,1,0,0
5440,84,1,0,0
5441,118,1,0,0
5442,40,1,0,0
5443,78,1,0,0
5444,109,1,0,0
5445,120,1,0,0
5446,32,1,0,0
5447,57,1,0,0
5448,35,1,0,0
5449,111,1,0,0
5450,104,1,0,0
5451,108,1,0,0
5452,25,1,0,0
5453,80,1,0,0
5454,121,1,0,0
5455,18,1,0,0
5456,36,1,0,0
5457,131,1,0,0
5458,26,1,0,0
5459,65,1,0,0
5460,17,1,0,0
5461,172,1,0,0
5462,103,1,0,0
5463,50,1,0,0
5464,150,1,0,0
5465,114,1,0,0
5466,45,1,0,0
5467,23,1,0,0
5468,50,1,0,0
5469,98,1,0,0
5470,17,1,0,0
5471,8,1,0,0
5472,53,1,0,0
5473,121,1,0,0
5474,135,1,0,0
5475,15,1,0,0
5476,41,1,0,0
5477,93,1,0,0
5478,50,1,0,0
5479,80,1,0,0
5480,90,1,0,0
5481,56,1,0,0
5482,85,1,0,0
5483,86,1,0,0
5484,19,1,0,0
5485,127,1,0,0
5486,118,1,0,0
5487,84,1,0,0
5488,38,1,0,0
5489,118,1,0,0
5490,257,1,0,0
5491,151,1,0,0
5492,30,1,0,0
5493,74,1,0,0
5494,28,1,0,0
5495,223,1,0,0
5496,88,1,0,0
5497,25,1,0,0
5498,65,1,0,0
5499,118,1,0,0
5500,132,1,0,0
5501,66,1,0,0
5502,152,1,0,0
5503,55,1,0,0
5504,23,1,0,0
5505,38,1,0,0
5506,52,1,0,0
5507,48,1,0,0
5508,37,1,0,0
5509,73,1,0,0
5510,48,1,0,0
5511,77,1,0,0
5512,34,1,0,0
5513,143,1,0,0
5514,92,1,0,0
5515,25,1,0,0
5516,107,1,0,0
5517,32,1,0,0
5518,153,1,0,0
5519,87,1,0,0
5520,153,1,0,0
5521,93,1,0,0
5522,126,1,0,0
5523,170,1,0,0
5524,49,1,0,0
5525,49,1,0,0
5526,60,1,0,0
5527,36,1,0,0
5528,101,1,0,0
5529,36,1,0,0
5530,199,1,0,0
5531,193,1,0,0
5532,21,1,0,0
5533,17,1,0,0
5534,33,1,0,0
5535,196,1,0,0
5536,26,1,0,0
5537,68,1,0,0
5538,110,1,0,0
5539,19,1,0,0
5540,57,1,0,0
5541,82,1,0,0
5542,19,1,0,0
5543,29,1,0,0
5544,113,1,0,0
5545,13,1,0,0
5546,27,1,0,0
5547,93,1,0,0
5548,64,1,0,0
5549,23,1,0,0
5550,80,1,0,0
5551,61,1,0,0
5552,80,1,0,0
5553,54,1,0,0
5554,83,1,0,0
5555,143,1,0,0
5556,78,1,0,0
5557,218,1,0,0
5558,68,1,0,0
5559,29,1,0,0
5560,47,1,0,0
5561,46,1,0,0
5562,50,1,0,0
5563,91,1,0,0
5564,29,1,0,0
5565,105,1,0,0
5566,46,1,0,0
5567,240,1,0,0
5568,104,1,0,0
5569,203,1,0,0
5570,134,1,0,0
5571,36,1,0,0
5572,30,1,0,0
5573,72,1,0,0
5574,24,1,0,0
5575,57,1,0,0
5576,49,1,0,0
5577,28,1,0,0
5578,48,1,0,0
5579,118,1,0,0
5580,92,1,0,0
5581,78,1,0,0
5582,40,1,0,0
5583,136,1,0,0
5584,17,1,0,0
5585,116,1,0,0
5586,179,1,0,0
5587,98,1,0,0
5588,158,1,0,0
5589,65,1,0,0
5590,42,1,0,0
5591,40,1,0,0
5592,34,1,0,0
5593,39,1,0,0
5594,74,1,0,0
5595,52,1,0,0
5596,44,1,0,0
5597,55,1,0,0
5598,47,1,0,0
5599,94,1,0,0
5600,96,1,0,0
5601,50,1,0,0
5602,14,1,0,0
5603,108,1,0,0
5604,121,1,0,0
5605,98,1,0,0
5606,74,1,0,0
5607,118,1,0,0
5608,77,1,0,0
5609,41,1,0,0
5610,184,1,0,0
5611,47,1,0,0
5612,62,1,0,0
5613,73,1,0,0
5614,188,1,0,0
5615,68,1,0,0
5616,69,1,0,0
5617,24,1,0,0
5618,74,1,0,0
5619,164,1,0,0
5620,7,1,0,0
5621,95,1,0,0
5622,19,1,0,0
5623,16,1,0,0
5624,104,1,0,0
5625,159,1,0,0
5626,87,1,0,0
5627,69,1,0,0
5628,44,1,0,0
5629,112,1,0,0
5630,185,1,0,0
5631,104,1,0,0
5632,54,1,0,0
5633,91,1,0,0
5634,105,1,0,0
5635,79,1,0,0
5636,100,1,0,0
5637,11,1,0,0
5638,76,1,0,0
5639,36,1,0,0
5640,24,1,0,0
5641,17,1,0,0
5642,61,1,0,0
5643,51,1,0,0
5644,222,1,0,0
5645,72,1,0,0
5646,222,1,0,0
5647,86,1,0,0
5648,42,1,0,0
5649,121,1,0,0
5650,88,1,0,0
5651,17,1,0,0
5652,48,1,0,0
5653,41,1,0,0
5654,36,1,0,0
5655,57,1,0,0
5656,57,1,0,0
5657,37,1,0,0
5658,26,1,0,0
5659,73,1,0,0
5660,49,1,0,0
5661,56,1,0,0
5662,46,1,0,0
5663,43,1,0,0
5664,80,1,0,0
5665,47,1,0,0
5666,42,1,0,0
5667,18,1,0,0
5668,81,1,0,0
5669,97,1,0,0
5670,242,1,0,0
5671,36,1,0,0
5672,37,1,0,0
5673,135,1,0,0
5674,134,1,0,0
5675,32,1,0,0
5676,93,1,0,0
5677,66,1,0,0
5678,153,1,0,0
5679,38,1,0,0
5680,116,1,0,0
5681,52,1,0,0
5682,35,1,0,0
5683,129,1,0,0
5684,23,1,0,0
5685,33,1,0,0
5686,34,1,0,0
5687,78,1,0,0
5688,26,1,0,0
5689,112,1,0,0
5690,60,1,0,0
5691,61,1,0,0
5692,14,1,0,0
5693,61,1,0,0
5694,42,1,0,0
5695,42,1,0,0
5696,31,1,0,0
5697,52,1,0,0
5698,44,1,0,0
5699,68,1,0,0
5700,103,1,0,0
5701,118,1,0,0
5702,100,1,0,0
5703,139,1,0,0
5704,32,1,0,0
5705,25,1,0,0
5706,34,1,0,0
5707,111,1,0,0
5708,47,1,0,0
5709,102,1,0,0
5710,147,1,0,0
5711,186,1,0,0
5712,87,1,0,0
5713,111,1,0,0
5714,137,1,0,0
5715,113,1,0,0
5716,62,1,0,0
5717,33,1,0,0
5718,36,1,0,0
5719,14,1,0,0
5720,75,1,0,0
5721,52,1,0,0
5722,59,1,0,0
5723,55,1,0,0
5724,59,1,0,0
5725,13,1,0,0
5726,65,1,0,0
5727,19,1,0,0
5728,22,1,0,0
5729,96,1,0,0
5730,43,1,0,0
5731,39,1,0,0
5732,159,1,0,0
5733,45,1,0,0
5734,41,1,0,0
5735,144,1,0,0
5736,55,1,0,0
5737,85,1,0,0
5738,37,1,0,0
5739,61,1,0,0
5740,64,1,0,0
5741,15,1,0,0
5742,87,1,0,0
5743,77,1,0,0
5744,87,1,0,0
5745,156,1,0,0
5746,107,1,0,0
5747,36,1,0,0
5748,78,1,0,0
5749,9,1,0,0
5750,60,1,0,0
5751,66,1,0,0
5752,30,1,0,0
5753,47,1,0,0
5754,41,1,0,0
5755,27,1,0,0
5756,83,1,0,0
5757,77,1,0,0
5758,88,1,0,0
5759,35,1,0,0
5760,30,1,0,0
5761,194,1,0,0
5762,67,1,0,0
5763,160,1,0,0
5764,30,1,0,0
5765,30,1,0,0
5766,56,1,0,0
5767,31,1,0,0
5768,74,1,0,0
5769,102,1,0,0
5770,43,1,0,0
5771,92,1,0,0
5772,35,1,0,0
5773,114,1,0,0
5774,23,1,0,0
5775,146,1,0,0
5776,198,1,0,0
5777,100,1,0,0
5778,103,1,0,0
5779,117,1,0,0
5780,126,1,0,0
5781,33,1,0,0
5782,99,1,0,0
5783,18,1,0,0
5784,85,1,0,0
5785,76,1,0,0
5786,49,1,0,0
5787,71,1,0,0
5788,42,1,0,0
5789,288,1,0,0
5790,21,1,0,0
5791,108,1,0,0
5792,65,1,0,0
5793,106,1,0,0
5794,42,1,0,0
5795,33,1,0,0
5796,87,1,0,0
5797,36,1,0,0
5798,29,1,0,0
5799,97,1,0,0
5800,162,1,0,0
5801,85,1,0,0
5802,70,1,0,0
5803,91,1,0,0
5804,36,1,0,0
5805,67,1,0,0
5806,81,1,0,0
5807,23,1,0,0
5808,46,1,0,0
5809,117,1,0,0
5810,42,1,0,0
5811,43,1,0,0
5812,29,1,0,0
5813,34,1,0,0
5814,111,1,0,0
5815,79,1,0,0
5816,148,1,0,0
5817,25,1,0,0
5818,61,1,0,0
5819,86,1,0,0
5820,66,1,0,0
5821,25,1,0,0
5822,171,1,0,0
5823,114,1,0,0
5824,41,1,0,0
5825,48,1,0,0
5826,71,1,0,0
5827,16,1,0,0
5828,68,1,0,0
5829,17,1,0,0
5830,54,1,0,0
5831,50,1,0,0
5832,74,1,0,0
5833,65,1,0,0
5834,87,1,0,0
5835,60,1,0,0
5836,67,1,0,0
5837,28,1,0,0
5838,63,1,0,0
5839,267,1,0,0
5840,134,1,0,0
5841,63,1,0,0
5842,37,1,0,0
5843,123,1,0,0
5844,133,1,0,0
5845,19,1,0,0
5846,49,1,0,0
5847,29,1,0,0
5848,100,1,0,0
5849,182,1,0,0
5850,81,1,0,0
5851,15,1,0,0
5852,20,1,0,0
5853,29,1,0,0
5854,21,1,0,0
5855,75,1,0,0
5856,53,1,0,0
5857,68,1,0,0
5858,163,1,0,0
5859,59,1,0,0
5860,48,1,0,0
5861,49,1,0,0
5862,98,1,0,0
5863,21,1,0,0
5864,37,1,0,0
5865,54,1,0,0
5866,68,1,0,0
5867,76,1,0,0
5868,36,1,0,0
5869,90,1,0,0
5870,58,1,0,0
5871,167,1,0,0
5872,58,1,0,0
5873,13,1,0,0
5874,25,1,0,0
5875,25,1,0,0
5876,81,1,0,0
5877,109,1,0,0
5878,53,1,0,0
5879,96,1,0,0
5880,166,1,0,0
5881,84,1,0,0
5882,31,1,0,0
5883,37,1,0,0
5884,66,1,0,0
5885,66,1,0,0
5886,59,1,0,0
5887,71,1,0,0
5888,57,1,0,0
5889,102,1,0,0
5890,40,1,0,0
5891,39,1,0,0
5892,21,1,0,0
5893,13,1,0,0
5894,54,1,0,0
5895,51,1,0,0
5896,99,1,0,0
5897,161,1,0,0
5898,89,1,0,0
5899,59,1,0,0
5900,41,1,0,0
5901,61,1,0,0
5902,35,1,0,0
5903,81,1,0,0
5904,33,1,0,0
5905,36,1,0,0
5906,152,1,0,0
5907,12,1,0,0
5908,24,1,0,0
5909,72,1,0,0
5910,46,1,0,0
5911,84,1,0,0
5912,116,1,0,0
5913,126,1,0,0
5914,305,1,0,0
5915,65,1,0,0
5916,12,1,0,0
5917,25,1,0,0
5918,40,1,0,0
5919,193,1,0,0
5920,128,1,0,0
5921,20,1,0,0
5922,132,1,0,0
5923,88,1,0,0
5924,80,1,0,0
5925,16,1,0,0
5926,74,1,0,0
5927,78,1,0,0
5928,68,1,0,0
5929,41,1,0,0
5930,121,1,0,0
5931,54,1,0,0
5932,37,1,0,0
5933,171,1,0,0
5934,102,1,0,0
5935,38,1,0,0
5936,16,1,0,0
5937,17,1,0,0
5938,43,1,0,0
5939,17,1,0,0
5940,65,1,0,0
5941,94,1,0,0
5942,39,1,0,0
5943,225,1,0,0
5944,19,1,0,0
5945,33,1,0,0
5946,176,1,0,0
5947,56,1,0,0
5948,128,1,0,0
5949,14,1,0,0
5950,59,1,0,0
5951,29,1,0,0
5952,41,1,0,0
5953,33,1,0,0
5954,53,1,0,0
5955,28,1,0,0
5956,42,1,0,0
5957,152,1,0,0
5958,84,1,0,0
5959,12,1,0,0
5960,19,1,0,0
5961,86,1,0,0
5962,212,1,0,0
5963,124,1,0,0
5964,36,1,0,0
5965,152,1,0,0
5966,95,1,0,0
5967,17,1,0,0
5968,11,1,0,0
5969,53,1,0,0
5970,128,1,0,0
5971,49,1,0,0
5972,68,1,0,0
5973,24,1,0,0
5974,83,1,0,0
5975,131,1,0,0
5976,253,1,0,0
5977,59,1,0,0
5978,26,1,0,0
5979,118,1,0,0
5980,54,1,0,0
5981,47,1,0,0
5982,56,1,0,0
5983,30,1,0,0
5984,188,1,0,0
5985,69,1,0,0
5986,120,1,0,0
5987,84,1,0,0
5988,65,1,0,0
5989,32,1,0,0
5990,21,1,0,0
5991,119,1,0,0
5992,21,1,0,0
5993,45,1,0,0
5994,91,1,0,0
5995,225,1,0,0
5996,12,1,0,0
5997,80,1,0,0
5998,112,1,0,0
5999,108,1,0,0
6000,28,1,0,0
6001,142,1,0,0
6002,98,1,0,0
6003,113,1,0,0
6004,83,1,0,0
6005,187,1,0,0
6006,40,1,0,0
6007,87,1,0,0
6008,97,1,0,0
6009,25,1,0,0
6010,145,1,0,0
6011,36,1,0,0
6012,77,1,0,0
6013,61,1,0,0
6014,14,1,0,0
6015,74,1,0,0
6016,25,1,0,0
6017,54,1,0,0
6018,60,1,0,0
6019,67,1,0,0
6020,58,1,0,0
6021,14,1,0,0
6022,48,1,0,0
6023,47,1,0,0
6024,52,1,0,0
6025,60,1,0,0
6026,31,1,0,0
6027,32,1,0,0
6028,73,1,0,0
6029,102,1,0,0
6030,89,1,0,0
6031,20,1,0,0
6032,96,1,0,0
6033,41,1,0,0
6034,85,1,0,0
6035,10,1,0,0
6036,27,1,0,0
6037,59,1,0,0
6038,130,1,0,0
6039,65,1,0,0
6040,25,1,0,0
6041,28,1,0,0
6042,33,1,0,0
6043,106,1,0,0
6044,10,1,0,0
6045,24,1,0,0
6046,206,1,0,0
6047,111,1,0,0
6048,77,1,0,0
6049,94,1,0,0
6050,100,1,0,0
6051,156,1,0,0
6052,61,1,0,0
6053,109,1,0,0
6054,80,1,0,0
6055,62,1,0,0
6056,191,1,0,0
6057,105,1,0,0
6058,67,1,0,0
6059,24,1,0,0
6060,383,1,0,0
6061,117,1,0,0
6062,57,1,0,0
6063,178,1,0,0
6064,44,1,0,0
6065,216,1,0,0
6066,105,1,0,0
6067,82,1,0,0
6068,124,1,0,0
6069,41,1,0,0
6070,153,1,0,0
6071,69,1,0,0
6072,27,1,0,0
6073,16,1,0,0
6074,28,1,0,0
6075,64,1,0,0
6076,21,1,0,0
6077,68,1,0,0
6078,128,1,0,0
6079,63,1,0,0
6080,100,1,0,0
6081,40,1,0,0
6082,48,1,0,0
6083,155,1,0,0
6084,87,1,0,0
6085,7,1,0,0
6086,52,1,0,0
6087,52,1,0,0
6088,45,1,0,0
6089,27,1,0,0
6090,88,1,0,0
6091,37,1,0,0
6092,41,1,0,0
6093,80,1,0,0
6094,58,1,0,0
6095,64,1,0,0
6096,15,1,0,0
6097,167,1,0,0
6098,40,1,0,0
6099,57,1,0,0
6100,96,1,0,0
6101,22,1,0,0
6102,113,1,0,0
6103,65,1,0,0
6104,117,1,0,0
6105,84,1,0,0
6106,121,1,0,0
6107,59,1,0,0
6108,27,1,0,0
6109,101,1,0,0
6110,102,1,0,0
6111,60,1,0,0
6112,25,1,0,0
6113,30,1,0,0
6114,63,1,0,0
6115,44,1,0,0
6116,144,1,0,0
6117,97,1,0,0
6118,254,1,0,0
6119,32,1,0,0
6120,51,1,0,0
6121,20,1,0,0
6122,78,1,0,0
6123,103,1,0,0
6124,137,1,0,0
6125,20,1,0,0
6126,25,1,0,0
6127,74,1,0,0
6128,177,1,0,0
6129,59,1,0,0
6130,7,1,0,0
6131,26,1,0,0
6132,37,1,0,0
6133,42,1,0,0
6134,89,1,0,0
6135,82,1,0,0
6136,55,1,0,0
6137,31,1,0,0
6138,66,1,0,0
6139,157,1,0,0
6140,114,1,0,0
6141,103,1,0,0
6142,65,1,0,0
6143,109,1,0,0
6144,116,1,0,0
6145,25,1,0,0
6146,16,1,0,0
6147,131,1,0,0
6148,20,1,0,0
6149,125,1,0,0
6150,66,1,0,0
6151,83,1,0,0
6152,157,1,0,0
6153,38,1,0,0
6154,46,1,0,0
6155,24,1,0,0
6156,57,1,0,0
6157,79,1,0,0
6158,89,1,0,0
6159,28,1,0,0
6160,27,1,0,0
6161,21,1,0,0
6162,99,1,0,0
6163,106,1,0,0
6164,86,1,0,0
6165,79,1,0,0
6166,281,1,0,0
6167,32,1,0,0
6168,42,1,0,0
6169,16,1,0,0
6170,89,1,0,0
6171,24,1,0,0
6172,177,1,0,0
6173,15,1,0,0
6174,202,1,0,0
6175,12,1,0,0
6176,109,1,0,0
6177,100,1,0,0
6178,131,1,0,0
6179,59,1,0,0
6180,126,1,0,0
6181,40,1,0,0
6182,65,1,0,0
6183,63,1,0,0
6184,40,1,0,0
6185,41,1,0,0
6186,88,1,0,0
6187,57,1,0,0
6188,39,1,0,0
6189,171,1,0,0
6190,71,1,0,0
6191,30,1,0,0
6192,47,1,0,0
6193,57,1,0,0
6194,22,1,0,0
6195,201,1,0,0
6196,14,1,0,0
6197,59,1,0,0
6198,12,1,0,0
6199,88,1,0,0
6200,31,1,0,0
6201,14,1,0,0
6202,55,1,0,0
6203,187,1,0,0
6204,42,1,0,0
6205,20,1,0,0
6206,20,1,0,0
6207,94,1,0,0
6208,62,1,0,0
6209,48,1,0,0
6210,91,1,0,0
6211,53,1,0,0
6212,84,1,0,0
6213,40,1,0,0
6214,133,1,0,0
6215,163,1,0,0
6216,81,1,0,0
6217,91,1,0,0
6218,38,1,0,0
6219,11,1,0,0
6220,136,1,0,0
6221,33,1,0,0
6222,61,1,0,0
6223,54,1,0,0
6224,153,1,0,0
6225,43,1,0,0
6226,72,1,0,0
6227,100,1,0,0
6228,22,1,0,0
6229,148,1,0,0
6230,35,1,0,0
6231,28,1,0,0
6232,77,1,0,0
6233,19,1,0,0
6234,9,1,0,0
6235,44,1,0,0
6236,212,1,0,0
6237,86,1,0,0
6238,118,1,0,0
6239,86,1,0,0
6240,76,1,0,0
6241,48,1,0,0
6242,267,1,0,0
6243,54,1,0,0
6244,133,1,0,0
6245,99,1,0,0
6246,36,1,0,0
6247,146,1,0,0
6248,21,1,0,0
6249,57,1,0,0
6250,212,1,0,0
6251,234,1,0,0
6252,76,1,0,0
6253,110,1,0,0
6254,49,1,0,0
6255,27,1,0,0
6256,75,1,0,0
6257,158,1,0,0
6258,51,1,0,0
6259,8,1,0,0
6260,24,1,0,0
6261,30,1,0,0
6262,272,1,0,0
6263,26,1,0,0
6264,117,1,0,0
6265,50,1,0,0
6266,32,1,0,0
6267,25,1,0,0
6268,91,1,0,0
6269,102,1,0,0
6270,97,1,0,0
6271,17,1,0,0
6272,40,1,0,0
6273,8,1,0,0
6274,153,1,0,0
6275,50,1,0,0
6276,163,1,0,0
6277,174,1,0,0
6278,179,1,0,0
6279,50,1,0,0
6280,26,1,0,0
6281,33,1,0,0
6282,86,1,0,0
6283,35,1,0,0
6284,20,1,0,0
6285,102,1,0,0
6286,12,1,0,0
6287,97,1,0,0
6288,97,1,0,0
6289,58,1,0,0
6290,96,1,0,0
6291,23,1,0,0
6292,89,1,0,0
6293,105,1,0,0
6294,17,1,0,0
6295,81,1,0,0
6296,41,1,0,0
6297,40,1,0,0
6298,233,1,0,0
6299,75,1,0,0
6300,115,1,0,0
6301,73,1,0,0
6302,23,1,0,0
6303,12,1,0,0
6304,57,1,0,0
6305,53,1,0,0
6306,42,1,0,0
6307,105,1,0,0
6308,96,1,0,0
6309,91,1,0,0
6310,101,1,0,0
6311,76,1,0,0
6312,84,1,0,0
6313,59,1,0,0
6314,26,1,0,0
6315,30,1,0,0
6316,18,1,0,0
6317,65,1,0,0
6318,35,1,0,0
6319,26,1,0,0
6320,22,1,0,0
6321,151,1,0,0
6322,61,1,0,0
6323,43,1,0,0
6324,88,1,0,0
6325,125,1,0,0
6326,58,1,0,0
6327,23,1,0,0
6328,114,1,0,0
6329,7,1,0,0
6330,22,1,0,0
6331,103,1,0,0
6332,19,1,0,0
6333,38,1,0,0
6334,78,1,0,0
6335,24,1,0,0
6336,56,1,0,0
6337,93,1,0,0
6338,62,1,0,0
6339,132,1,0,0
6340,23,1,0,0
6341,40,1,0,0
6342,63,1,0,0
6343,32,1,0,0
6344,50,1,0,0
6345,29,1,0,0
6346,78,1,0,0
6347,79,1,0,0
6348,59,1,0,0
6349,187,1,0,0
6350,57,1,0,0
6351,81,1,0,0
6352,40,1,0,0
6353,330,1,0,0
6354,10,1,0,0
6355,17,1,0,0
6356,108,1,0,0
6357,62,1,0,0
6358,57,1,0,0
6359,64,1,0,0
6360,85,1,0,0
6361,244,1,0,0
6362,112,1,0,0
6363,103,1,0,0
6364,60,1,0,0
6365,25,1,0,0
6366,49,1,0,0
6367,100,1,0,0
6368,60,1,0,0
6369,49,1,0,0
6370,29,1,0,0
6371,76,1,0,0
6372,48,1,0,0
6373,86,1,0,0
6374,28,1,0,0
6375,48,1,0,0
6376,12,1,0,0
6377,97,1,0,0
6378,14,1,0,0
6379,57,1,0,0
6380,25,1,0,0
6381,73,1,0,0
6382,78,1,0,0
6383,179,1,0,0
6384,113,1,0,0
6385,258,1,0,0
6386,42,1,0,0
6387,62,1,0,0
6388,25,1,0,0
6389,18,1,0,0
6390,171,1,0,0
6391,17,1,0,0
6392,18,1,0,0
6393,133,1,0,0
6394,78,1,0,0
6395,52,1,0,0
6396,114,1,0,0
6397,78,1,0,0
6398,48,1,0,0
6399,136,1,0,0
6400,97,1,0,0
6401,22,1,0,0
6402,37,1,0,0
6403,36,1,0,0
6404,63,1,0,0
6405,154,1,0,0
6406,132,1,0,0
6407,19,1,0,0
6408,87,1,0,0
6409,50,1,0,0
6410,17,1,0,0
6411,50,1,0,0
6412,103,1,0,0
6413,42,1,0,0
6414,53,1,0,0
6415,55,1,0,0
6416,9,1,0,0
6417,14,1,0,0
6418,45,1,0,0
6419,210,1,0,0
6420,94,1,0,0
6421,245,1,0,0
6422,18,1,0,0
6423,233,1,0,0
6424,35,1,0,0
6425,139,1,0,0
6426,48,1,0,0
6427,191,1,0,0
6428,98,1,0,0
6429,23,1,0,0
6430,56,1,0,0
6431,20,1,0,0
6432,115,1,0,0
6433,31,1,0,0
6434,185,1,0,0
6435,97,1,0,0
6436,51,1,0,0
6437,65,1,0,0
6438,50,1,0,0
6439,13,1,0,0
6440,47,1,0,0
6441,84,1,0,0
6442,20,1,0,0
6443,213,1,0,0
6444,123,1,0,0
6445,97,1,0,0
6446,37,1,0,0
6447,28,1,0,0
6448,20,1,0,0
6449,64,1,0,0
6450,31,1,0,0
6451,95,1,0,0
6452,33,1,0,0
6453,71,1,0,0
6454,39,1,0,0
6455,144,1,0,0
6456,60,1,0,0
6457,53,1,0,0
6458,43,1,0,0
6459,28,1,0,0
6460,91,1,0,0
6461,46,1,0,0
6462,193,1,0,0
6463,90,1,0,0
6464,150,1,0,0
6465,54,1,0,0
6466,85,1,0,0
6467,84,1,0,0
6468,69,1,0,0
6469,105,1,0,0
6470,18,1,0,0
6471,23,1,0,0
6472,36,1,0,0
6473,203,1,0,0
6474,26,1,0,0
6475,91,1,0,0
6476,60,1,0,0
6477,53,1,0,0
6478,53,1,0,0
6479,60,1,0,0
6480,33,1,0,0
6481,56,1,0,0
6482,12,1,0,0
6483,37,1,0,0
6484,118,1,0,0
6485,206,1,0,0
6486,130,1,0,0
6487,45,1,0,0
6488,36,1,0,0
6489,47,1,0,0
6490,103,1,0,0
6491,46,1,0,0
6492,119,1,0,0
6493,82,1,0,0
6494,16,1,0,0
6495,61,1,0,0
6496,101,1,0,0
6497,78,1,0,0
6498,43,1,0,0
6499,76,1,0,0
6500,44,1,0,0
6501,38,1,0,0
6502,14,1,0,0
6503,66,1,0,0
6504,132,1,0,0
6505,33,1,0,0
6506,25,1,0,0
6507,37,1,0,0
6508,18,1,0,0
6509,127,1,0,0
6510,142,1,0,0
6511,105,1,0,0
6512,72,1,0,0
6513,93,1,0,0
6514,93,1,0,0
6515,71,1,0,0
6516,42,1,0,0
6517,117,1,0,0
6518,42,1,0,0
6519,31,1,0,0
6520,66,1,0,0
6521,51,1,0,0
6522,109,1,0,0
6523,38,1,0,0
6524,37,1,0,0
6525,39,1,0,0
6526,103,1,0,0
6527,71,1,0,0
6528,23,1,0,0
6529,36,1,0,0
6530,137,1,0,0
6531,8,1,0,0
6532,68,1,0,0
6533,41,1,0,0
6534,112,1,0,0
6535,43,1,0,0
6536,84,1,0,0
6537,29,1,0,0
6538,48,1,0,0
6539,36,1,0,0
6540,140,1,0,0
6541,57,1,0,0
6542,74,1,0,0
6543,16,1,0,0
6544,292,1,0,0
6545,11,1,0,0
6546,23,1,0,0
6547,28,1,0,0
6548,14,1,0,0
6549,163,1,0,0
6550,67,1,0,0
6551,62,1,0,0
6552,185,1,0,0
6553,48,1,0,0
6554,31,1,0,0
6555,7,1,0,0
6556,51,1,0,0
6557,25,1,0,0
6558,100,1,0,0
6559,72,1,0,0
6560,33,1,0,0
6561,122,1,0,0
6562,74,1,0,0
6563,97,1,0,0
6564,73,1,0,0
6565,151,1,0,0
6566,213,1,0,0
6567,26,1,0,0
6568,14,1,0,0
6569,48,1,0,0
6570,89,1,0,0
6571,108,1,0,0
6572,65,1,0,0
6573,53,1,0,0
6574,67,1,0,0
6575,125,1,0,0
6576,41,1,0,0
6577,20,1,0,0
6578,27,1,0,0
6579,171,1,0,0
6580,31,1,0,0
6581,32,1,0,0
6582,56,1,0,0
6583,24,1,0,0
6584,22,1,0,0
6585,21,1,0,0
6586,85,1,0,0
6587,104,1,0,0
6588,39,1,0,0
6589,187,1,0,0
6590,38,1,0,0
6591,53,1,0,0
6592,19,1,0,0
6593,97,1,0,0
6594,40,1,0,0
6595,86,1,0,0
6596,31,1,0,0
6597,66,1,0,0
6598,61,1,0,0
6599,43,1,0,0
6600,43,1,0,0
6601,120,1,0,0
6602,72,1,0,0
6603,181,1,0,0
6604,86,1,0,0
6605,64,1,0,0
6606,110,1,0,0
6607,227,1,0,0
6608,174,1,0,0
6609,101,1,0,0
6610,67,1,0,0
6611,93,1,0,0
6612,37,1,0,0
6613,25,1,0,0
6614,26,1,0,0
6615,16,1,0,0
6616,222,1,0,0
6617,39,1,0,0
6618,10,1,0,0
6619,41,1,0,0
6620,21,1,0,0
6621,113,1,0,0
6622,77,1,0,0
6623,269,1,0,0
6624,24,1,0,0
6625,41,1,0,0
6626,114,1,0,0
6627,28,1,0,0
6628,78,1,0,0
6629,29,1,0,0
6630,21,1,0,0
6631,55,1,0,0
6632,7,1,0,0
6633,197,1,0,0
6634,18,1,0,0
6635,22,1,0,0
6636,92,1,0,0
6637,60,1,0,0
6638,19,1,0,0
6639,55,1,0,0
6640,37,1,0,0
6641,108,1,0,0
6642,17,1,0,0
6643,122,1,0,0
6644,56,1,0,0
6645,88,1,0,0
6646,26,1,0,0
6647,92,1,0,0
6648,47,1,0,0
6649,82,1,0,0
6650,78,1,0,0
6651,55,1,0,0
6652,114,1,0,0
6653,143,1,0,0
6654,23,1,0,0
6655,127,1,0,0
6656,42,1,0,0
6657,202,1,0,0
6658,143,1,0,0
6659,77,1,0,0
6660,54,1,0,0
6661,63,1,0,0
6662,151,1,0,0
6663,60,1,0,0
6664,39,1,0,0
6665,271,1,0,0
6666,52,1,0,0
6667,16,1,0,0
6668,99,1,0,0
6669,80,1,0,0
6670,33,1,0,0
6671,87,1,0,0
6672,28,1,0,0
6673,56,1,0,0
6674,47,1,0,0
6675,264,1,0,0
6676,32,1,0,0
6677,168,1,0,0
6678,55,1,0,0
6679,296,1,0,0
6680,33,1,0,0
6681,54,1,0,0
6682,139,1,0,0
6683,27,1,0,0
6684,87,1,0,0
6685,130,1,0,0
6686,136,1,0,0
6687,11,1,0,0
6688,126,1,0,0
6689,99,1,0,0
6690,65,1,0,0
6691,14,1,0,0
6692,25,1,0,0
6693,22,1,0,0
6694,42,1,0,0
6695,23,1,0,0
6696,28,1,0,0
6697,60,1,0,0
6698,66,1,0,0
6699,220,1,0,0
6700,220,1,0,0
6701,66,1,0,0
6702,13,1,0,0
6703,46,1,0,0
6704,48,1,0,0
6705,27,1,0,0
6706,88,1,0,0
6707,31,1,0,0
6708,16,1,0,0
6709,24,1,0,0
6710,154,1,0,0
6711,54,1,0,0
6712,173,1,0,0
6713,45,1,0,0
6714,43,1,0,0
6715,112,1,0,0
6716,10,1,0,0
6717,20,1,0,0
6718,61,1,0,0
6719,53,1,0,0
6720,31,1,0,0
6721,17,1,0,0
6722,30,1,0,0
6723,56,1,0,0
6724,82,1,0,0
6725,48,1,0,0
6726,111,1,0,0
6727,162,1,0,0
6728,104,1,0,0
6729,10,1,0,0
6730,49,1,0,0
6731,226,1,0,0
6732,23,1,0,0
6733,104,1,0,0
6734,53,1,0,0
6735,78,1,0,0
6736,95,1,0,0
6737,76,1,0,0
6738,36,1,0,0
6739,176,1,0,0
6740,37,1,0,0
6741,36,1,0,0
6742,16,1,0,0
6743,45,1,0,0
6744,176,1,0,0
6745,18,1,0,0
6746,35,1,0,0
6747,137,1,0,0
6748,79,1,0,0
6749,35,1,0,0
6750,74,1,0,0
6751,43,1,0,0
6752,54,1,0,0
6753,46,1,0,0
6754,122,1,0,0
6755,56,1,0,0
6756,138,1,0,0
6757,67,1,0,0
6758,47,1,0,0
6759,75,1,0,0
6760,25,1,0,0
6761,22,1,0,0
6762,32,1,0,0
6763,81,1,0,0
6764,156,1,0,0
6765,17,1,0,0
6766,30,1,0,0
6767,82,1,0,0
6768,72,1,0,0
6769,191,1,0,0
6770,76,1,0,0
6771,99,1,0,0
6772,135,1,0,0
6773,64,1,0,0
6774,41,1,0,0
6775,135,1,0,0
6776,97,1,0,0
6777,123,1,0,0
6778,79,1,0,0
6779,53,1,0,0
6780,51,1,0,0
6781,11,1,0,0
6782,26,1,0,0
6783,62,1,0,0
6784,23,1,0,0
6785,113,1,0,0
6786,28,1,0,0
6787,47,1,0,0
6788,109,1,0,0
6789,54,1,0,0
6790,38,1,0,0
6791,64,1,0,0
6792,38,1,0,0
6793,94,1,0,0
6794,74,1,0,0
6795,100,1,0,0
6796,103,1,0,0
6797,40,1,0,0
6798,77,1,0,0
6799,14,1,0,0
6800,44,1,0,0
6801,157,1,0,0
6802,66,1,0,0
6803,23,1,0,0
6804,16,1,0,0
6805,198,1,0,0
6806,49,1,0,0
6807,22,1,0,0
6808,60,1,0,0
6809,16,1,0,0
6810,29,1,0,0
6811,34,1,0,0
6812,78,1,0,0
6813,22,1,0,0
6814,41,1,0,0
6815,99,1,0,0
6816,43,1,0,0
6817,94,1,0,0
6818,43,1,0,0
6819,54,1,0,0
6820,149,1,0,0
6821,35,1,0,0
6822,47,1,0,0
6823,90,1,0,0
6824,66,1,0,0
6825,27,1,0,0
6826,89,1,0,0
6827,45,1,0,0
6828,39,1,0,0
6829,58,1,0,0
6830,33,1,0,0
6831,45,1,0,0
6832,57,1,0,0
6833,34,1,0,0
6834,44,1,0,0
6835,67,1,0,0
6836,64,1,0,0
6837,67,1,0,0
6838,123,1,0,0
6839,89,1,0,0
6840,53,1,0,0
6841,43,1,0,0
6842,49,1,0,0
6843,14,1,0,0
6844,85,1,0,0
6845,51,1,0,0
6846,162,1,0,0
6847,37,1,0,0
6848,71,1,0,0
6849,102,1,0,0
6850,70,1,0,0
6851,65,1,0,0
6852,21,1,0,0
6853,30,1,0,0
6854,66,1,0,0
6855,35,1,0,0
6856,39,1,0,0
6857,33,1,0,0
6858,162,1,0,0
6859,10,1,0,0
6860,37,1,0,0
6861,20,1,0,0
6862,100,1,0,0
6863,88,1,0,0
6864,23,1,0,0
6865,67,1,0,0
6866,87,1,0,0
6867,18,1,0,0
6868,115,1,0,0
6869,91,1,0,0
6870,83,1,0,0
6871,111,1,0,0
6872,38,1,0,0
6873,26,1,0,0
6874,44,1,0,0
6875,99,1,0,0
6876,110,1,0,0
6877,52,1,0,0
6878,46,1,0,0
6879,106,1,0,0
6880,49,1,0,0
6881,63,1,0,0
6882,29,1,0,0
6883,102,1,0,0
6884,13,1,0,0
6885,46,1,0,0
6886,153,1,0,0
6887,26,1,0,0
6888,47,1,0,0
6889,82,1,0,0
6890,32,1,0,0
6891,66,1,0,0
6892,82,1,0,0
6893,84,1,0,0
6894,53,1,0,0
6895,48,1,0,0
6896,13,1,0,0
6897,44,1,0,0
6898,58,1,0,0
6899,50,1,0,0
6900,107,1,0,0
6901,49,1,0,0
6902,50,1,0,0
6903,163,1,0,0
6904,42,1,0,0
6905,59,1,0,0
6906,148,1,0,0
6907,116,1,0,0
6908,140,1,0,0
6909,20,1,0,0
6910,98,1,0,0
6911,114,1,0,0
6912,32,1,0,0
6913,45,1,0,0
6914,37,1,0,0
6915,54,1,0,0
6916,42,1,0,0
6917,13,1,0,0
6918,38,1,0,0
6919,60,1,0,0
6920,50,1,0,0
6921,104,1,0,0
6922,36,1,0,0
6923,14,1,0,0
6924,42,1,0,0
6925,56,1,0,0
6926,64,1,0,0
6927,38,1,0,0
6928,154,1,0,0
6929,62,1,0,0
6930,108,1,0,0
6931,130,1,0,0
6932,44,1,0,0
6933,79,1,0,0
6934,91,1,0,0
6935,85,1,0,0
6936,61,1,0,0
6937,139,1,0,0
6938,73,1,0,0
6939,19,1,0,0
6940,86,1,0,0
6941,87,1,0,0
6942,45,1,0,0
6943,52,1,0,0
6944,125,1,0,0
6945,14,1,0,0
6946,113,1,0,0
6947,181,1,0,0
6948,40,1,0,0
6949,38,1,0,0
6950,71,1,0,0
6951,81,1,0,0
6952,207,1,0,0
6953,15,1,0,0
6954,19,1,0,0
6955,35,1,0,0
6956,31,1,0,0
6957,46,1,0,0
6958,134,1,0,0
6959,63,1,0,0
6960,139,1,0,0
6961,78,1,0,0
6962,58,1,0,0
6963,8,1,0,0
6964,85,1,0,0
6965,99,1,0,0
6966,39,1,0,0
6967,25,1,0,0
6968,91,1,0,0
6969,24,1,0,0
6970,89,1,0,0
6971,29,1,0,0
6972,10,1,0,0
6973,77,1,0,0
6974,181,1,0,0
6975,68,1,0,0
6976,14,1,0,0
6977,74,1,0,0
6978,106,1,0,0
6979,22,1,0,0
6980,78,1,0,0
6981,50,1,0,0
6982,266,1,0,0
6983,35,1,0,0
6984,37,1,0,0
6985,7,1,0,0
6986,26,1,0,0
6987,61,1,0,0
6988,28,1,0,0
6989,178,1,0,0
6990,95,1,0,0
6991,57,1,0,0
6992,22,1,0,0
6993,23,1,0,0
6994,63,1,0,0
6995,16,1,0,0
6996,66,1,0,0
6997,33,1,0,0
6998,70,1,0,0
6999,75,1,0,0
7000,89,1,0,0
7001,58,1,0,0
7002,26,1,0,0
7003,35,1,0,0
7004,42,1,0,0
7005,29,1,0,0
7006,109,1,0,0
7007,22,1,0,0
7008,57,1,0,0
7009,65,1,0,0
7010,136,1,0,0
7011,15,1,0,0
7012,54,1,0,0
7013,132,1,0,0
7014,49,1,0,0
7015,55,1,0,0
7016,45,1,0,0
7017,131,1,0,0
7018,49,1,0,0
7019,34,1,0,0
7020,105,1,0,0
7021,25,1,0,0
7022,53,1,0,0
7023,104,1,0,0
7024,21,1,0,0
7025,80,1,0,0
7026,49,1,0,0
7027,232,1,0,0
7028,92,1,0,0
7029,71,1,0,0
7030,29,1,0,0
7031,49,1,0,0
7032,22,1,0,0
7033,49,1,0,0
7034,78,1,0,0
7035,40,1,0,0
7036,19,1,0,0
7037,24,1,0,0
7038,89,1,0,0
7039,89,1,0,0
7040,44,1,0,0
7041,99,1,0,0
7042,43,1,0,0
7043,25,1,0,0
7044,193,1,0,0
7045,64,1,0,0
7046,137,1,0,0
7047,16,1,0,0
7048,75,1,0,0
7049,26,1,0,0
7050,60,1,0,0
7051,143,1,0,0
7052,157,1,0,0
7053,34,1,0,0
7054,175,1,0,0
7055,25,1,0,0
7056,9,1,0,0
7057,93,1,0,0
7058,67,1,0,0
7059,96,1,0,0
7060,63,1,0,0
7061,17,1,0,0
7062,107,1,0,0
7063,52,1,0,0
7064,19,1,0,0
7065,67,1,0,0
7066,35,1,0,0
7067,47,1,0,0
7068,73,1,0,0
7069,86,1,0,0
7070,64,1,0,0
7071,62,1,0,0
7072,33,1,0,0
7073,127,1,0,0
7074,71,1,0,0
7075,38,1,0,0
7076,56,1,0,0
7077,145,1,0,0
7078,38,1,0,0
7079,58,1,0,0
7080,68,1,0,0
7081,34,1,0,0
7082,26,1,0,0
7083,170,1,0,0
7084,71,1,0,0
7085,14,1,0,0
7086,180,1,0,0
7087,171,1,0,0
7088,12,1,0,0
7089,38,1,0,0
7090,14,1,0,0
7091,14,1,0,0
7092,71,1,0,0
7093,55,1,0,0
7094,17,1,0,0
7095,40,1,0,0
7096,144,1,0,0
7097,61,1,0,0
7098,103,1,0,0
7099,17,1,0,0
7100,60,1,0,0
7101,45,1,0,0
7102,33,1,0,0
7103,73,1,0,0
7104,14,1,0,0
7105,14,1,0,0
7106,90,1,0,0
7107,54,1,0,0
7108,99,1,0,0
7109,95,1,0,0
7110,79,1,0,0
7111,51,1,0,0
7112,27,1,0,0
7113,36,1,0,0
7114,163,1,0,0
7115,80,1,0,0
7116,41,1,0,0
7117,16,1,0,0
7118,20,1,0,0
7119,139,1,0,0
7120,36,1,0,0
7121,12,1,0,0
7122,20,1,0,0
7123,55,1,0,0
7124,44,1,0,0
7125,16,1,0,0
7126,42,1,0,0
7127,83,1,0,0
7128,21,1,0,0
7129,53,1,0,0
7130,174,1,0,0
7131,15,1,0,0
7132,61,1,0,0
7133,95,1,0,0
7134,62,1,0,0
7135,92,1,0,0
7136,79,1,0,0
7137,69,1,0,0
7138,39,1,0,0
7139,43,1,0,0
7140,45,1,0,0
7141,25,1,0,0
7142,27,1,0,0
7143,108,1,0,0
7144,49,1,0,0
7145,32,1,0,0
7146,136,1,0,0
7147,72,1,0,0
7148,55,1,0,0
7149,46,1,0,0
7150,98,1,0,0
7151,22,1,0,0
7152,33,1,0,0
7153,56,1,0,0
7154,51,1,0,0
7155,48,1,0,0
7156,27,1,0,0
7157,12,1,0,0
7158,31,1,0,0
7159,35,1,0,0
7160,60,1,0,0
7161,82,1,0,0
7162,202,1,0,0
7163,58,1,0,0
7164,70,1,0,0
7165,27,1,0,0
7166,38,1,0,0
7167,81,1,0,0
7168,89,1,0,0
7169,70,1,0,0
7170,56,1,0,0
7171,31,1,0,0
7172,16,1,0,0
7173,40,1,0,0
7174,50,1,0,0
7175,71,1,0,0
7176,32,1,0,0
7177,16,1,0,0
7178,141,1,0,0
7179,113,1,0,0
7180,38,1,0,0
7181,30,1,0,0
7182,64,1,0,0
7183,40,1,0,0
7184,39,1,0,0
7185,62,1,0,0
7186,22,1,0,0
7187,19,1,0,0
7188,133,1,0,0
7189,23,1,0,0
7190,25,1,0,0
7191,55,1,0,0
7192,18,1,0,0
7193,58,1,0,0
7194,88,1,0,0
7195,22,1,0,0
7196,71,1,0,0
7197,84,1,0,0
7198,30,1,0,0
7199,35,1,0,0
7200,43,1,0,0
7201,18,1,0,0
7202,30,1,0,0
7203,127,1,0,0
7204,10,1,0,0
7205,83,1,0,0
7206,68,1,0,0
7207,21,1,0,0
7208,55,1,0,0
7209,60,1,0,0
7210,10,1,0,0
7211,78,1,0,0
7212,70,1,0,0
7213,66,1,0,0
7214,190,1,0,0
7215,24,1,0,0
7216,57,1,0,0
7217,83,1,0,0
7218,56,1,0,0
7219,45,1,0,0
7220,73,1,0,0
7221,35,1,0,0
7222,20,1,0,0
7223,19,1,0,0
7224,77,1,0,0
7225,50,1,0,0
7226,180,1,0,0
7227,51,1,0,0
7228,150,1,0,0
7229,15,1,0,0
7230,48,1,0,0
7231,57,1,0,0
7232,38,1,0,0
7233,38,1,0,0
7234,11,1,0,0
7235,122,1,0,0
7236,30,1,0,0
7237,56,1,0,0
7238,101,1,0,0
7239,147,1,0,0
7240,91,1,0,0
7241,45,1,0,0
7242,145,1,0,0
7243,81,1,0,0
7244,57,1,0,0
7245,47,1,0,0
7246,139,1,0,0
7247,122,1,0,0
7248,211,1,0,0
7249,36,1,0,0
7250,106,1,0,0
7251,23,1,0,0
7252,29,1,0,0
7253,75,1,0,0
7254,123,1,0,0
7255,80,1,0,0
7256,129,1,0,0
7257,81,1,0,0
7258,36,1,0,0
7259,27,1,0,0
7260,118,1,0,0
7261,47,1,0,0
7262,51,1,0,0
7263,69,1,0,0
7264,15,1,0,0
7265,12,1,0,0
7266,79,1,0,0
7267,28,1,0,0
7268,50,1,0,0
7269,74,1,0,0
7270,24,1,0,0
7271,85,1,0,0
7272,9,1,0,0
7273,18,1,0,0
7274,40,1,0,0
7275,38,1,0,0
7276,14,1,0,0
7277,75,1,0,0
7278,26,1,0,0
7279,39,1,0,0
7280,126,1,0,0
7281,47,1,0,0
7282,154,1,0,0
7283,19,1,0,0
7284,25,1,0,0
7285,61,1,0,0
7286,37,1,0,0
7287,81,1,0,0
7288,38,1,0,0
7289,68,1,0,0
7290,32,1,0,0
7291,48,1,0,0
7292,15,1,0,0
7293,61,1,0,0
7294,40,1,0,0
7295,19,1,0,0
7296,106,1,0,0
7297,56,1,0,0
7298,57,1,0,0
7299,23,1,0,0
7300,68,1,0,0
7301,87,1,0,0
7302,28,1,0,0
7303,94,1,0,0
7304,68,1,0,0
7305,32,1,0,0
7306,39,1,0,0
7307,46,1,0,0
7308,248,1,0,0
7309,95,1,0,0
7310,117,1,0,0
7311,43,1,0,0
7312,16,1,0,0
7313,117,1,0,0
7314,39,1,0,0
7315,36,1,0,0
7316,49,1,0,0
7317,57,1,0,0
7318,89,1,0,0
7319,26,1,0,0
7320,54,1,0,0
7321,80,1,0,0
7322,39,1,0,0
7323,101,1,0,0
7324,58,1,0,0
7325,15,1,0,0
7326,67,1,0,0
7327,90,1,0,0
7328,19,1,0,0
7329,31,1,0,0
7330,66,1,0,0
7331,65,1,0,0
7332,61,1,0,0
7333,113,1,0,0
7334,74,1,0,0
7335,48,1,0,0
7336,67,1,0,0
7337,115,1,0,0
7338,32,1,0,0
7339,16,1,0,0
7340,36,1,0,0
7341,26,1,0,0
7342,55,1,0,0
7343,22,1,0,0
7344,11,1,0,0
7345,91,1,0,0
7346,137,1,0,0
7347,50,1,0,0
7348,111,1,0,0
7349,108,1,0,0
7350,68,1,0,0
7351,31,1,0,0
7352,39,1,0,0
7353,116,1,0,0
7354,57,1,0,0
7355,173,1,0,0
7356,74,1,0,0
7357,43,1,0,0
7358,34,1,0,0
7359,94,1,0,0
7360,40,1,0,0
7361,28,1,0,0
7362,116,1,0,0
7363,26,1,0,0
7364,34,1,0,0
7365,35,1,0,0
7366,13,1,0,0
7367,23,1,0,0
7368,35,1,0,0
7369,93,1,0,0
7370,116,1,0,0
7371,154,1,0,0
7372,59,1,0,0
7373,116,1,0,0
7374,78,1,0,0
7375,66,1,0,0
7376,156,1,0,0
7377,51,1,0,0
7378,21,1,0,0
7379,66,1,0,0
7380,30,1,0,0
7381,115,1,0,0
7382,37,1,0,0
7383,61,1,0,0
7384,47,1,0,0
7385,126,1,0,0
7386,91,1,0,0
7387,44,1,0,0
7388,14,1,0,0
7389,23,1,0,0
7390,45,1,0,0
7391,88,1,0,0
7392,189,1,0,0
7393,269,1,0,0
7394,37,1,0,0
7395,104,1,0,0
7396,31,1,0,0
7397,61,1,0,0
7398,37,1,0,0
7399,29,1,0,0
7400,16,1,0,0
7401,83,1,0,0
7402,140,1,0,0
7403,74,1,0,0
7404,7,1,0,0
7405,54,1,0,0
7406,197,1,0,0
7407,84,1,0,0
7408,71,1,0,0
7409,26,1,0,0
7410,218,1,0,0
7411,12,1,0,0
7412,178,1,0,0
7413,23,1,0,0
7414,90,1,0,0
7415,97,1,0,0
7416,21,1,0,0
7417,72,1,0,0
7418,43,1,0,0
7419,116,1,0,0
7420,87,1,0,0
7421,11,1,0,0
7422,51,1,0,0
7423,107,1,0,0
7424,161,1,0,0
7425,18,1,0,0
7426,81,1,0,0
7427,31,1,0,0
7428,40,1,0,0
7429,52,1,0,0
7430,136,1,0,0
7431,62,1,0,0
7432,39,1,0,0
7433,55,1,0,0
7434,60,1,0,0
7435,78,1,0,0
7436,34,1,0,0
7437,197,1,0,0
7438,90,1,0,0
7439,219,1,0,0
7440,98,1,0,0
7441,31,1,0,0
7442,42,1,0,0
7443,65,1,0,0
7444,70,1,0,0
7445,32,1,0,0
7446,66,1,0,0
7447,23,1,0,0
7448,10,1,0,0
7449,53,1,0,0
7450,111,1,0,0
7451,11,1,0,0
7452,127,1,0,0
7453,75,1,0,0
7454,124,1,0,0
7455,40,1,0,0
7456,61,1,0,0
7457,77,1,0,0
7458,64,1,0,0
7459,37,1,0,0
7460,104,1,0,0
7461,46,1,0,0
7462,71,1,0,0
7463,59,1,0,0
7464,61,1,0,0
7465,25,1,0,0
7466,14,1,0,0
7467,36,1,0,0
7468,44,1,0,0
7469,49,1,0,0
7470,117,1,0,0
7471,49,1,0,0
7472,40,1,0,0
7473,87,1,0,0
7474,138,1,0,0
7475,94,1,0,0
7476,57,1,0,0
7477,74,1,0,0
7478,107,1,0,0
7479,58,1,0,0
7480,165,1,0,0
7481,94,1,0,0
7482,65,1,0,0
7483,45,1,0,0
7484,70,1,0,0
7485,36,1,0,0
7486,36,1,0,0
7487,40,1,0,0
7488,22,1,0,0
7489,47,1,0,0
7490,121,1,0,0
7491,18,1,0,0
7492,8,1,0,0
7493,123,1,0,0
7494,11,1,0,0
7495,113,1,0,0
7496,34,1,0,0
7497,52,1,0,0
7498,51,1,0,0
7499,10,1,0,0
7500,155,1,0,0
7501,42,1,0,0
7502,66,1,0,0
7503,53,1,0,0
7504,31,1,0,0
7505,40,1,0,0
7506,66,1,0,0
7507,46,1,0,0
7508,66,1,0,0
7509,177,1,0,0
7510,38,1,0,0
7511,18,1,0,0
7512,213,1,0,0
7513,117,1,0,0
7514,14,1,0,0
7515,210,1,0,0
7516,16,1,0,0
7517,100,1,0,0
7518,64,1,0,0
7519,34,1,0,0
7520,132,1,0,0
7521,60,1,0,0
7522,90,1,0,0
7523,121,1,0,0
7524,128,1,0,0
7525,61,1,0,0
7526,59,1,0,0
7527,89,1,0,0
7528,27,1,0,0
7529,61,1,0,0
7530,36,1,0,0
7531,37,1,0,0
7532,102,1,0,0
7533,147,1,0,0
7534,244,1,0,0
7535,57,1,0,0
7536,85,1,0,0
7537,27,1,0,0
7538,156,1,0,0
7539,66,1,0,0
7540,45,1,0,0
7541,32,1,0,0
7542,93,1,0,0
7543,21,1,0,0
7544,50,1,0,0
7545,36,1,0,0
7546,14,1,0,0
7547,111,1,0,0
7548,96,1,0,0
7549,113,1,0,0
7550,168,1,0,0
7551,33,1,0,0
7552,52,1,0,0
7553,54,1,0,0
7554,129,1,0,0
7555,76,1,0,0
7556,72,1,0,0
7557,33,1,0,0
7558,19,1,0,0
7559,54,1,0,0
7560,19,1,0,0
7561,83,1,0,0
7562,59,1,0,0
7563,25,1,0,0
7564,90,1,0,0
7565,63,1,0,0
7566,108,1,0,0
7567,28,1,0,0
7568,70,1,0,0
7569,60,1,0,0
7570,72,1,0,0
7571,29,1,0,0
7572,47,1,0,0
7573,75,1,0,0
7574,62,1,0,0
7575,67,1,0,0
7576,55,1,0,0
7577,99,1,0,0
7578,46,1,0,0
7579,125,1,0,0
7580,120,1,0,0
7581,27,1,0,0
7582,78,1,0,0
7583,91,1,0,0
7584,158,1,0,0
7585,14,1,0,0
7586,299,1,0,0
7587,119,1,0,0
7588,154,1,0,0
7589,96,1,0,0
7590,25,1,0,0
7591,42,1,0,0
7592,44,1,0,0
7593,49,1,0,0
7594,52,1,0,0
7595,11,1,0,0
7596,45,1,0,0
7597,15,1,0,0
7598,137,1,0,0
7599,116,1,0,0
7600,43,1,0,0
7601,29,1,0,0
7602,59,1,0,0
7603,74,1,0,0
7604,33,1,0,0
7605,187,1,0,0
7606,80,1,0,0
7607,65,1,0,0
7608,56,1,0,0
7609,40,1,0,0
7610,26,1,0,0
7611,49,1,0,0
7612,20,1,0,0
7613,137,1,0,0
7614,45,1,0,0
7615,105,1,0,0
7616,22,1,0,0
7617,82,1,0,0
7618,16,1,0,0
7619,57,1,0,0
7620,53,1,0,0
7621,314,1,0,0
7622,145,1,0,0
7623,13,1,0,0
7624,98,1,0,0
7625,19,1,0,0
7626,124,1,0,0
7627,25,1,0,0
7628,62,1,0,0
7629,47,1,0,0
7630,88,1,0,0
7631,194,1,0,0
7632,76,1,0,0
7633,87,1,0,0
7634,97,1,0,0
7635,88,1,0,0
7636,83,1,0,0
7637,153,1,0,0
7638,15,1,0,0
7639,54,1,0,0
7640,87,1,0,0
7641,17,1,0,0
7642,107,1,0,0
7643,56,1,0,0
7644,48,1,0,0
7645,54,1,0,0
7646,26,1,0,0
7647,21,1,0,0
7648,15,1,0,0
7649,25,1,0,0
7650,38,1,0,0
7651,24,1,0,0
7652,60,1,0,0
7653,11,1,0,0
7654,113,1,0,0
7655,47,1,0,0
7656,54,1,0,0
7657,58,1,0,0
7658,15,1,0,0
7659,27,1,0,0
7660,91,1,0,0
7661,44,1,0,0
7662,59,1,0,0
7663,47,1,0,0
7664,70,1,0,0
7665,47,1,0,0
7666,13,1,0,0
7667,12,1,0,0
7668,36,1,0,0
7669,18,1,0,0
7670,53,1,0,0
7671,107,1,0,0
7672,42,1,0,0
7673,47,1,0,0
7674,45,1,0,0
7675,29,1,0,0
7676,103,1,0,0
7677,24,1,0,0
7678,94,1,0,0
7679,238,1,0,0
7680,82,1,0,0
7681,134,1,0,0
7682,420,1,0,0
7683,84,1,0,0
7684,61,1,0,0
7685,48,1,0,0
7686,48,1,0,0
7687,20,1,0,0
7688,84,1,0,0
7689,42,1,0,0
7690,16,1,0,0
7691,64,1,0,0
7692,11,1,0,0
7693,86,1,0,0
7694,129,1,0,0
7695,34,1,0,0
7696,111,1,0,0
7697,13,1,0,0
7698,133,1,0,0
7699,40,1,0,0
7700,69,1,0,0
7701,38,1,0,0
7702,57,1,0,0
7703,64,1,0,0
7704,54,1,0,0
7705,82,1,0,0
7706,80,1,0,0
7707,35,1,0,0
7708,14,1,0,0
7709,33,1,0,0
7710,145,1,0,0
7711,9,1,0,0
7712,97,1,0,0
7713,66,1,0,0
7714,17,1,0,0
7715,79,1,0,0
7716,89,1,0,0
7717,64,1,0,0
7718,39,1,0,0
7719,93,1,0,0
7720,38,1,0,0
7721,50,1,0,0
7722,50,1,0,0
7723,29,1,0,0
7724,79,1,0,0
7725,94,1,0,0
7726,28,1,0,0
7727,63,1,0,0
7728,135,1,0,0
7729,54,1,0,0
7730,62,1,0,0
7731,105,1,0,0
7732,97,1,0,0
7733,21,1,0,0
7734,77,1,0,0
7735,45,1,0,0
7736,19,1,0,0
7737,32,1,0,0
7738,31,1,0,0
7739,48,1,0,0
7740,52,1,0,0
7741,73,1,0,0
7742,32,1,0,0
7743,194,1,0,0
7744,215,1,0,0
7745,116,1,0,0
7746,45,1,0,0
7747,195,1,0,0
7748,63,1,0,0
7749,109,1,0,0
7750,49,1,0,0
7751,106,1,0,0
7752,30,1,0,0
7753,110,1,0,0
7754,27,1,0,0
7755,63,1,0,0
7756,26,1,0,0
7757,30,1,0,0
7758,35,1,0,0
7759,42,1,0,0
7760,7,1,0,0
7761,13,1,0,0
7762,15,1,0,0
7763,54,1,0,0
7764,65,1,0,0
7765,15,1,0,0
7766,34,1,0,0
7767,56,1,0,0
7768,66,1,0,0
7769,36,1,0,0
7770,38,1,0,0
7771,108,1,0,0
7772,76,1,0,0
7773,8,1,0,0
7774,58,1,0,0
7775,84,1,0,0
7776,16,1,0,0
7777,12,1,0,0
7778,37,1,0,0
7779,53,1,0,0
7780,55,1,0,0
7781,139,1,0,0
7782,51,1,0,0
7783,118,1,0,0
7784,37,1,0,0
7785,103,1,0,0
7786,91,1,0,0
7787,33,1,0,0
7788,67,1,0,0
7789,66,1,0,0
7790,86,1,0,0
7791,40,1,0,0
7792,32,1,0,0
7793,29,1,0,0
7794,35,1,0,0
7795,61,1,0,0
7796,146,1,0,0
7797,119,1,0,0
7798,11,1,0,0
7799,89,1,0,0
7800,84,1,0,0
7801,91,1,0,0
7802,45,1,0,0
7803,21,1,0,0
7804,182,1,0,0
7805,84,1,0,0
7806,23,1,0,0
7807,74,1,0,0
7808,165,1,0,0
7809,11,1,0,0
7810,23,1,0,0
7811,37,1,0,0
7812,190,1,0,0
7813,74,1,0,0
7814,26,1,0,0
7815,53,1,0,0
7816,17,1,0,0
7817,16,1,0,0
7818,45,1,0,0
7819,72,1,0,0
7820,15,1,0,0
7821,69,1,0,0
7822,88,1,0,0
7823,45,1,0,0
7824,13,1,0,0
7825,26,1,0,0
7826,53,1,0,0
7827,57,1,0,0
7828,121,1,0,0
7829,86,1,0,0
7830,34,1,0,0
7831,157,1,0,0
7832,38,1,0,0
7833,22,1,0,0
7834,120,1,0,0
7835,23,1,0,0
7836,66,1,0,0
7837,53,1,0,0
7838,20,1,0,0
7839,127,1,0,0
7840,69,1,0,0
7841,42,1,0,0
7842,37,1,0,0
7843,97,1,0,0
7844,53,1,0,0
7845,47,1,0,0
7846,135,1,0,0
7847,209,1,0,0
7848,12,1,0,0
7849,32,1,0,0
7850,42,1,0,0
7851,116,1,0,0
7852,38,1,0,0
7853,76,1,0,0
7854,19,1,0,0
7855,236,1,0,0
7856,21,1,0,0
7857,49,1,0,0
7858,86,1,0,0
7859,153,1,0,0
7860,23,1,0,0
7861,80,1,0,0
7862,160,1,0,0
7863,22,1,0,0
7864,109,1,0,0
7865,46,1,0,0
7866,125,1,0,0
7867,22,1,0,0
7868,95,1,0,0
7869,62,1,0,0
7870,113,1,0,0
7871,106,1,0,0
7872,17,1,0,0
7873,47,1,0,0
7874,107,1,0,0
7875,35,1,0,0
7876,28,1,0,0
7877,106,1,0,0
7878,25,1,0,0
7879,16,1,0,0
7880,31,1,0,0
7881,41,1,0,0
7882,61,1,0,0
7883,52,1,0,0
7884,74,1,0,0
7885,33,1,0,0
7886,13,1,0,0
7887,31,1,0,0
7888,199,1,0,0
7889,46,1,0,0
7890,91,1,0,0
7891,69,1,0,0
7892,43,1,0,0
7893,23,1,0,0
7894,101,1,0,0
7895,368,1,0,0
7896,144,1,0,0
7897,53,1,0,0
7898,45,1,0,0
7899,45,1,0,0
7900,48,1,0,0
7901,56,1,0,0
7902,100,1,0,0
7903,54,1,0,0
7904,93,1,0,0
7905,19,1,0,0
7906,111,1,0,0
7907,36,1,0,0
7908,24,1,0,0
7909,63,1,0,0
7910,38,1,0,0
7911,53,1,0,0
7912,58,1,0,0
7913,70,1,0,0
7914,14,1,0,0
7915,94,1,0,0
7916,13,1,0,0
7917,41,1,0,0
7918,53,1,0,0
7919,99,1,0,0
7920,17,1,0,0
7921,38,1,0,0
7922,87,1,0,0
7923,22,1,0,0
7924,47,1,0,0
7925,111,1,0,0
7926,11,1,0,0
7927,17,1,0,0
7928,33,1,0,0
7929,110,1,0,0
7930,156,1,0,0
7931,211,1,0,0
7932,96,1,0,0
7933,57,1,0,0
7934,21,1,0,0
7935,44,1,0,0
7936,42,1,0,0
7937,32,1,0,0
7938,143,1,0,0
7939,8,1,0,0
7940,44,1,0,0
7941,41,1,0,0
7942,91,1,0,0
7943,28,1,0,0
7944,26,1,0,0
7945,70,1,0,0
7946,48,1,0,0
7947,56,1,0,0
7948,29,1,0,0
7949,96,1,0,0
7950,93,1,0,0
7951,69,1,0,0
7952,52,1,0,0
7953,31,1,0,0
7954,73,1,0,0
7955,131,1,0,0
7956,31,1,0,0
7957,72,1,0,0
7958,25,1,0,0
7959,112,1,0,0
7960,62,1,0,0
7961,9,1,0,0
7962,74,1,0,0
7963,288,1,0,0
7964,80,1,0,0
7965,106,1,0,0
7966,93,1,0,0
7967,27,1,0,0
7968,118,1,0,0
7969,171,1,0,0
7970,88,1,0,0
7971,41,1,0,0
7972,52,1,0,0
7973,83,1,0,0
7974,94,1,0,0
7975,106,1,0,0
7976,69,1,0,0
7977,72,1,0,0
7978,111,1,0,0
7979,13,1,0,0
7980,22,1,0,0
7981,45,1,0,0
7982,18,1,0,0
7983,27,1,0,0
7984,143,1,0,0
7985,87,1,0,0
7986,33,1,0,0
7987,107,1,0,0
7988,20,1,0,0
7989,23,1,0,0
7990,21,1,0,0
7991,27,1,0,0
7992,30,1,0,0
7993,102,1,0,0
7994,93,1,0,0
7995,134,1,0,0
7996,17,1,0,0
7997,100,1,0,0
7998,209,1,0,0
7999,29,1,0,0
8000,54,1,0,0
8001,17,1,0,0
8002,105,1,0,0
8003,267,1,0,0
8004,185,1,0,0
8005,187,1,0,0
8006,108,1,0,0
8007,69,1,0,0
8008,26,1,0,0
8009,22,1,0,0
8010,58,1,0,0
8011,68,1,0,0
8012,71,1,0,0
8013,10,1,0,0
8014,49,1,0,0
8015,92,1,0,0
8016,49,1,0,0
8017,39,1,0,0
8018,66,1,0,0
8019,40,1,0,0
8020,116,1,0,0
8021,75,1,0,0
8022,48,1,0,0
8023,39,1,0,0
8024,107,1,0,0
8025,156,1,0,0
8026,85,1,0,0
8027,22,1,0,0
8028,68,1,0,0
8029,27,1,0,0
8030,9,1,0,0
8031,92,1,0,0
8032,57,1,0,0
8033,52,1,0,0
8034,46,1,0,0
8035,41,1,0,0
8036,194,1,0,0
8037,255,1,0,0
8038,21,1,0,0
8039,87,1,0,0
8040,59,1,0,0
8041,61,1,0,0
8042,90,1,0,0
8043,70,1,0,0
8044,79,1,0,0
8045,164,1,0,0
8046,25,1,0,0
8047,54,1,0,0
8048,188,1,0,0
8049,36,1,0,0
8050,44,1,0,0
8051,82,1,0,0
8052,342,1,0,0
8053,14,1,0,0
8054,28,1,0,0
8055,261,1,0,0
8056,13,1,0,0
8057,89,1,0,0
8058,67,1,0,0
8059,57,1,0,0
8060,86,1,0,0
8061,68,1,0,0
8062,194,1,0,0
8063,53,1,0,0
8064,159,1,0,0
8065,34,1,0,0
8066,51,1,0,0
8067,90,1,0,0
8068,51,1,0,0
8069,152,1,0,0
8070,63,1,0,0
8071,133,1,0,0
8072,136,1,0,0
8073,50,1,0,0
8074,45,1,0,0
8075,173,1,0,0
8076,78,1,0,0
8077,159,1,0,0
8078,24,1,0,0
8079,11,1,0,0
8080,50,1,0,0
8081,46,1,0,0
8082,123,1,0,0
8083,65,1,0,0
8084,99,1,0,0
8085,40,1,0,0
8086,140,1,0,0
8087,44,1,0,0
8088,72,1,0,0
8089,88,1,0,0
8090,38,1,0,0
8091,47,1,0,0
8092,60,1,0,0
8093,33,1,0,0
8094,40,1,0,0
8095,98,1,0,0
8096,159,1,0,0
8097,162,1,0,0
8098,110,1,0,0
8099,31,1,0,0
8100,69,1,0,0
8101,63,1,0,0
8102,102,1,0,0
8103,21,1,0,0
8104,24,1,0,0
8105,39,1,0,0
8106,59,1,0,0
8107,85,1,0,0
8108,100,1,0,0
8109,31,1,0,0
8110,63,1,0,0
8111,23,1,0,0
8112,129,1,0,0
8113,10,1,0,0
8114,139,1,0,0
8115,60,1,0,0
8116,70,1,0,0
8117,18,1,0,0
8118,44,1,0,0
8119,67,1,0,0
8120,75,1,0,0
8121,25,1,0,0
8122,34,1,0,0
8123,181,1,0,0
8124,66,1,0,0
8125,54,1,0,0
8126,25,1,0,0
8127,93,1,0,0
8128,72,1,0,0
8129,28,1,0,0
8130,20,1,0,0
8131,110,1,0,0
8132,25,1,0,0
8133,34,1,0,0
8134,81,1,0,0
8135,33,1,0,0
8136,97,1,0,0
8137,119,1,0,0
8138,36,1,0,0
8139,39,1,0,0
8140,142,1,0,0
8141,182,1,0,0
8142,79,1,0,0
8143,86,1,0,0
8144,47,1,0,0
8145,127,1,0,0
8146,37,1,0,0
8147,85,1,0,0
8148,81,1,0,0
8149,30,1,0,0
8150,122,1,0,0
8151,76,1,0,0
8152,80,1,0,0
8153,207,1,0,0
8154,48,1,0,0
8155,156,1,0,0
8156,33,1,0,0
8157,58,1,0,0
8158,249,1,0,0
8159,52,1,0,0
8160,119,1,0,0
8161,121,1,0,0
8162,9,1,0,0
8163,44,1,0,0
8164,184,1,0,0
8165,103,1,0,0
8166,53,1,0,0
8167,80,1,0,0
8168,49,1,0,0
8169,60,1,0,0
8170,156,1,0,0
8171,53,1,0,0
8172,87,1,0,0
8173,156,1,0,0
8174,129,1,0,0
8175,19,1,0,0
8176,38,1,0,0
8177,55,1,0,0
8178,23,1,0,0
8179,89,1,0,0
8180,15,1,0,0
8181,81,1,0,0
8182,33,1,0,0
8183,15,1,0,0
8184,58,1,0,0
8185,196,1,0,0
8186,278,1,0,0
8187,178,1,0,0
8188,119,1,0,0
8189,21,1,0,0
8190,55,1,0,0
8191,89,1,0,0
8192,42,1,0,0
8193,112,1,0,0
8194,19,1,0,0
8195,145,1,0,0
8196,20,1,0,0
8197,71,1,0,0
8198,37,1,0,0
8199,36,1,0,0
8200,90,1,0,0
8201,38,1,0,0
8202,85,1,0,0
8203,31,1,0,0
8204,46,1,0,0
8205,43,1,0,0
8206,43,1,0,0
8207,64,1,0,0
8208,102,1,0,0
8209,85,1,0,0
8210,106,1,0,0
8211,111,1,0,0
8212,52,1,0,0
8213,42,1,0,0
8214,24,1,0,0
8215,67,1,0,0
8216,87,1,0,0
8217,45,1,0,0
8218,10,1,0,0
8219,50,1,0,0
8220,48,1,0,0
8221,91,1,0,0
8222,58,1,0,0
8223,29,1,0,0
8224,28,1,0,0
8225,59,1,0,0
8226,52,1,0,0
8227,59,1,0,0
8228,62,1,0,0
8229,47,1,0,0
8230,65,1,0,0
8231,47,1,0,0
8232,146,1,0,0
8233,33,1,0,0
8234,45,1,0,0
8235,95,1,0,0
8236,27,1,0,0
8237,101,1,0,0
8238,53,1,0,0
8239,40,1,0,0
8240,136,1,0,0
8241,66,1,0,0
8242,18,1,0,0
8243,98,1,0,0
8244,19,1,0,0
8245,27,1,0,0
8246,57,1,0,0
8247,28,1,0,0
8248,93,1,0,0
8249,67,1,0,0
8250,62,1,0,0
8251,50,1,0,0
8252,18,1,0,0
8253,34,1,0,0
8254,26,1,0,0
8255,128,1,0,0
8256,95,1,0,0
8257,15,1,0,0
8258,131,1,0,0
8259,76,1,0,0
8260,52,1,0,0
8261,58,1,0,0
8262,20,1,0,0
8263,129,1,0,0
8264,34,1,0,0
8265,193,1,0,0
8266,57,1,0,0
8267,131,1,0,0
8268,43,1,0,0
8269,38,1,0,0
8270,205,1,0,0
8271,39,1,0,0
8272,73,1,0,0
8273,28,1,0,0
8274,43,1,0,0
8275,92,1,0,0
8276,22,1,0,0
8277,35,1,0,0
8278,48,1,0,0
8279,54,1,0,0
8280,57,1,0,0
8281,118,1,0,0
8282,88,1,0,0
8283,103,1,0,0
8284,88,1,0,0
8285,103,1,0,0
8286,95,1,0,0
8287,54,1,0,0
8288,96,1,0,0
8289,39,1,0,0
8290,10,1,0,0
8291,35,1,0,0
8292,28,1,0,0
8293,21,1,0,0
8294,38,1,0,0
8295,68,1,0,0
8296,117,1,0,0
8297,113,1,0,0
8298,116,1,0,0
8299,11,1,0,0
8300,136,1,0,0
8301,145,1,0,0
8302,56,1,0,0
8303,168,1,0,0
8304,86,1,0,0
8305,94,1,0,0
8306,26,1,0,0
8307,92,1,0,0
8308,18,1,0,0
8309,106,1,0,0
8310,77,1,0,0
8311,106,1,0,0
8312,139,1,0,0
8313,34,1,0,0
8314,17,1,0,0
8315,191,1,0,0
8316,41,1,0,0
8317,39,1,0,0
8318,130,1,0,0
8319,23,1,0,0
8320,84,1,0,0
8321,23,1,0,0
8322,74,1,0,0
8323,32,1,0,0
8324,38,1,0,0
8325,25,1,0,0
8326,53,1,0,0
8327,45,1,0,0
8328,33,1,0,0
8329,107,1,0,0
8330,51,1,0,0
8331,31,1,0,0
8332,71,1,0,0
8333,56,1,0,0
8334,67,1,0,0
8335,14,1,0,0
8336,72,1,0,0
8337,37,1,0,0
8338,63,1,0,0
8339,44,1,0,0
8340,143,1,0,0
8341,13,1,0,0
8342,79,1,0,0
8343,93,1,0,0
8344,68,1,0,0
8345,87,1,0,0
8346,127,1,0,0
8347,36,1,0,0
8348,34,1,0,0
8349,157,1,0,0
8350,50,1,0,0
8351,35,1,0,0
8352,113,1,0,0
8353,74,1,0,0
8354,35,1,0,0
8355,150,1,0,0
8356,58,1,0,0
8357,37,1,0,0
8358,52,1,0,0
8359,66,1,0,0
8360,33,1,0,0
8361,27,1,0,0
8362,67,1,0,0
8363,100,1,0,0
8364,52,1,0,0
8365,102,1,0,0
8366,85,1,0,0
8367,143,1,0,0
8368,34,1,0,0
8369,47,1,0,0
8370,60,1,0,0
8371,47,1,0,0
8372,22,1,0,0
8373,95,1,0,0
8374,53,1,0,0
8375,126,1,0,0
8376,24,1,0,0
8377,49,1,0,0
8378,36,1,0,0
8379,89,1,0,0
8380,78,1,0,0
8381,29,1,0,0
8382,61,1,0,0
8383,59,1,0,0
8384,27,1,0,0
8385,55,1,0,0
8386,55,1,0,0
8387,183,1,0,0
8388,189,1,0,0
8389,105,1,0,0
8390,174,1,0,0
8391,21,1,0,0
8392,10,1,0,0
8393,49,1,0,0
8394,33,1,0,0
8395,54,1,0,0
8396,89,1,0,0
8397,89,1,0,0
8398,192,1,0,0
8399,63,1,0,0
8400,27,1,0,0
8401,33,1,0,0
8402,69,1,0,0
8403,54,1,0,0
8404,18,1,0,0
8405,51,1,0,0
8406,50,1,0,0
8407,46,1,0,0
8408,141,1,0,0
8409,58,1,0,0
8410,67,1,0,0
8411,74,1,0,0
8412,113,1,0,0
8413,46,1,0,0
8414,86,1,0,0
8415,44,1,0,0
8416,33,1,0,0
8417,58,1,0,0
8418,161,1,0,0
8419,115,1,0,0
8420,34,1,0,0
8421,106,1,0,0
8422,199,1,0,0
8423,40,1,0,0
8424,107,1,0,0
8425,66,1,0,0
8426,51,1,0,0
8427,71,1,0,0
8428,20,1,0,0
8429,160,1,0,0
8430,39,1,0,0
8431,9,1,0,0
8432,43,1,0,0
8433,194,1,0,0
8434,108,1,0,0
8435,21,1,0,0
8436,30,1,0,0
8437,106,1,0,0
8438,26,1,0,0
8439,75,1,0,0
8440,18,1,0,0
8441,81,1,0,0
8442,89,1,0,0
8443,122,1,0,0
8444,49,1,0,0
8445,105,1,0,0
8446,13,1,0,0
8447,44,1,0,0
8448,85,1,0,0
8449,48,1,0,0
8450,191,1,0,0
8451,59,1,0,0
8452,67,1,0,0
8453,32,1,0,0
8454,25,1,0,0
8455,121,1,0,0
8456,59,1,0,0
8457,12,1,0,0
8458,63,1,0,0
8459,48,1,0,0
8460,107,1,0,0
8461,100,1,0,0
8462,59,1,0,0
8463,37,1,0,0
8464,93,1,0,0
8465,110,1,0,0
8466,66,1,0,0
8467,18,1,0,0
8468,27,1,0,0
8469,22,1,0,0
8470,35,1,0,0
8471,97,1,0,0
8472,116,1,0,0
8473,126,1,0,0
8474,36,1,0,0
8475,107,1,0,0
8476,45,1,0,0
8477,55,1,0,0
8478,90,1,0,0
8479,144,1,0,0
8480,33,1,0,0
8481,44,1,0,0
8482,55,1,0,0
8483,44,1,0,0
8484,43,1,0,0
8485,59,1,0,0
8486,29,1,0,0
8487,138,1,0,0
8488,39,1,0,0
8489,143,1,0,0
8490,33,1,0,0
8491,47,1,0,0
8492,54,1,0,0
8493,118,1,0,0
8494,85,1,0,0
8495,28,1,0,0
8496,112,1,0,0
8497,23,1,0,0
8498,73,1,0,0
8499,51,1,0,0
8500,82,1,0,0
8501,98,1,0,0
8502,55,1,0,0
8503,91,1,0,0
8504,128,1,0,0
8505,136,1,0,0
8506,25,1,0,0
8507,36,1,0,0
8508,49,1,0,0
8509,132,1,0,0
8510,134,1,0,0
8511,30,1,0,0
8512,162,1,0,0
8513,97,1,0,0
8514,95,1,0,0
8515,52,1,0,0
8516,58,1,0,0
8517,41,1,0,0
8518,71,1,0,0
8519,32,1,0,0
8520,59,1,0,0
8521,102,1,0,0
8522,73,1,0,0
8523,20,1,0,0
8524,70,1,0,0
8525,86,1,0,0
8526,85,1,0,0
8527,200,1,0,0
8528,13,1,0,0
8529,67,1,0,0
8530,99,1,0,0
8531,33,1,0,0
8532,37,1,0,0
8533,34,1,0,0
8534,64,1,0,0
8535,109,1,0,0
8536,44,1,0,0
8537,66,1,0,0
8538,63,1,0,0
8539,40,1,0,0
8540,56,1,0,0
8541,22,1,0,0
8542,79,1,0,0
8543,80,1,0,0
8544,34,1,0,0
8545,69,1,0,0
8546,76,1,0,0
8547,26,1,0,0
8548,45,1,0,0
8549,13,1,0,0
8550,83,1,0,0
8551,56,1,0,0
8552,15,1,0,0
8553,283,1,0,0
8554,154,1,0,0
8555,118,1,0,0
8556,72,1,0,0
8557,56,1,0,0
8558,85,1,0,0
8559,40,1,0,0
8560,56,1,0,0
8561,21,1,0,0
8562,12,1,0,0
8563,33,1,0,0
8564,76,1,0,0
8565,34,1,0,0
8566,32,1,0,0
8567,58,1,0,0
8568,58,1,0,0
8569,23,1,0,0
8570,38,1,0,0
8571,194,1,0,0
8572,57,1,0,0
8573,16,1,0,0
8574,66,1,0,0
8575,145,1,0,0
8576,27,1,0,0
8577,97,1,0,0
8578,17,1,0,0
8579,60,1,0,0
8580,125,1,0,0
8581,37,1,0,0
8582,74,1,0,0
8583,89,1,0,0
8584,128,1,0,0
8585,55,1,0,0
8586,77,1,0,0
8587,37,1,0,0
8588,98,1,0,0
8589,28,1,0,0
8590,124,1,0,0
8591,23,1,0,0
8592,23,1,0,0
8593,94,1,0,0
8594,106,1,0,0
8595,67,1,0,0
8596,81,1,0,0
8597,58,1,0,0
8598,29,1,0,0
8599,52,1,0,0
8600,86,1,0,0
8601,71,1,0,0
8602,28,1,0,0
8603,26,1,0,0
8604,18,1,0,0
8605,34,1,0,0
8606,155,1,0,0
8607,47,1,0,0
8608,20,1,0,0
8609,37,1,0,0
8610,82,1,0,0
8611,89,1,0,0
8612,66,1,0,0
8613,29,1,0,0
8614,138,1,0,0
8615,57,1,0,0
8616,88,1,0,0
8617,74,1,0,0
8618,44,1,0,0
8619,50,1,0,0
8620,90,1,0,0
8621,38,1,0,0
8622,70,1,0,0
8623,29,1,0,0
8624,104,1,0,0
8625,34,1,0,0
8626,118,1,0,0
8627,38,1,0,0
8628,34,1,0,0
8629,69,1,0,0
8630,54,1,0,0
8631,60,1,0,0
8632,134,1,0,0
8633,25,1,0,0
8634,26,1,0,0
8635,122,1,0,0
8636,114,1,0,0
8637,32,1,0,0
8638,120,1,0,0
8639,55,1,0,0
8640,55,1,0,0
8641,24,1,0,0
8642,32,1,0,0
8643,7,1,0,0
8644,298,1,0,0
8645,108,1,0,0
8646,68,1,0,0
8647,82,1,0,0
8648,138,1,0,0
8649,58,1,0,0
8650,45,1,0,0
8651,37,1,0,0
8652,202,1,0,0
8653,47,1,0,0
8654,118,1,0,0
8655,31,1,0,0
8656,68,1,0,0
8657,123,1,0,0
8658,96,1,0,0
8659,61,1,0,0
8660,28,1,0,0
8661,61,1,0,0
8662,37,1,0,0
8663,76,1,0,0
8664,55,1,0,0
8665,109,1,0,0
8666,30,1,0,0
8667,188,1,0,0
8668,30,1,0,0
8669,74,1,0,0
8670,78,1,0,0
8671,88,1,0,0
8672,96,1,0,0
8673,98,1,0,0
8674,26,1,0,0
8675,42,1,0,0
8676,26,1,0,0
8677,20,1,0,0
8678,82,1,0,0
8679,13,1,0,0
8680,78,1,0,0
8681,202,1,0,0
8682,43,1,0,0
8683,63,1,0,0
8684,16,1,0,0
8685,42,1,0,0
8686,44,1,0,0
8687,68,1,0,0
8688,53,1,0,0
8689,130,1,0,0
8690,36,1,0,0
8691,7,1,0,0
8692,87,1,0,0
8693,82,1,0,0
8694,58,1,0,0
8695,174,1,0,0
8696,110,1,0,0
8697,21,1,0,0
8698,14,1,0,0
8699,79,1,0,0
8700,69,1,0,0
8701,38,1,0,0
8702,59,1,0,0
8703,145,1,0,0
8704,42,1,0,0
8705,122,1,0,0
8706,165,1,0,0
8707,17,1,0,0
8708,160,1,0,0
8709,198,1,0,0
8710,171,1,0,0
8711,33,1,0,0
8712,52,1,0,0
8713,39,1,0,0
8714,31,1,0,0
8715,180,1,0,0
8716,64,1,0,0
8717,94,1,0,0
8718,16,1,0,0
8719,53,1,0,0
8720,14,1,0,0
8721,34,1,0,0
8722,87,1,0,0
8723,29,1,0,0
8724,62,1,0,0
8725,206,1,0,0
8726,72,1,0,0
8727,26,1,0,0
8728,9,1,0,0
8729,25,1,0,0
8730,61,1,0,0
8731,97,1,0,0
8732,9,1,0,0
8733,11,1,0,0
8734,166,1,0,0
8735,83,1,0,0
8736,76,1,0,0
8737,140,1,0,0
8738,240,1,0,0
8739,75,1,0,0
8740,63,1,0,0
8741,133,1,0,0
8742,41,1,0,0
8743,32,1,0,0
8744,339,1,0,0
8745,76,1,0,0
8746,27,1,0,0
8747,8,1,0,0
8748,29,1,0,0
8749,42,1,0,0
8750,81,1,0,0
8751,95,1,0,0
8752,16,1,0,0
8753,79,1,0,0
8754,63,1,0,0
8755,69,1,0,0
8756,91,1,0,0
8757,112,1,0,0
8758,33,1,0,0
8759,58,1,0,0
8760,63,1,0,0
8761,22,1,0,0
8762,22,1,0,0
8763,42,1,0,0
8764,61,1,0,0
8765,76,1,0,0
8766,19,1,0,0
8767,86,1,0,0
8768,26,1,0,0
8769,49,1,0,0
8770,114,1,0,0
8771,142,1,0,0
8772,81,1,0,0
8773,135,1,0,0
8774,23,1,0,0
8775,86,1,0,0
8776,36,1,0,0
8777,211,1,0,0
8778,67,1,0,0
8779,54,1,0,0
8780,39,1,0,0
8781,178,1,0,0
8782,33,1,0,0
8783,92,1,0,0
8784,104,1,0,0
8785,28,1,0,0
8786,123,1,0,0
8787,60,1,0,0
8788,32,1,0,0
8789,33,1,0,0
8790,18,1,0,0
8791,27,1,0,0
8792,104,1,0,0
8793,84,1,0,0
8794,27,1,0,0
8795,145,1,0,0
8796,14,1,0,0
8797,41,1,0,0
8798,13,1,0,0
8799,115,1,0,0
8800,204,1,0,0
8801,57,1,0,0
8802,60,1,0,0
8803,44,1,0,0
8804,68,1,0,0
8805,76,1,0,0
8806,38,1,0,0
8807,67,1,0,0
8808,21,1,0,0
8809,43,1,0,0
8810,60,1,0,0
8811,28,1,0,0
8812,30,1,0,0
8813,69,1,0,0
8814,51,1,0,0
8815,141,1,0,0
8816,140,1,0,0
8817,24,1,0,0
8818,44,1,0,0
8819,85,1,0,0
8820,44,1,0,0
8821,60,1,0,0
8822,113,1,0,0
8823,74,1,0,0
8824,42,1,0,0
8825,71,1,0,0
8826,74,1,0,0
8827,143,1,0,0
8828,86,1,0,0
8829,57,1,0,0
8830,33,1,0,0
8831,70,1,0,0
8832,29,1,0,0
8833,36,1,0,0
8834,157,1,0,0
8835,48,1,0,0
8836,66,1,0,0
8837,94,1,0,0
8838,100,1,0,0
8839,90,1,0,0
8840,84,1,0,0
8841,44,1,0,0
8842,54,1,0,0
8843,122,1,0,0
8844,108,1,0,0
8845,84,1,0,0
8846,13,1,0,0
8847,76,1,0,0
8848,144,1,0,0
8849,93,1,0,0
8850,157,1,0,0
8851,228,1,0,0
8852,51,1,0,0
8853,23,1,0,0
8854,225,1,0,0
8855,32,1,0,0
8856,116,1,0,0
8857,26,1,0,0
8858,19,1,0,0
8859,15,1,0,0
8860,20,1,0,0
8861,15,1,0,0
8862,59,1,0,0
8863,55,1,0,0
8864,29,1,0,0
8865,54,1,0,0
8866,74,1,0,0
8867,53,1,0,0
8868,23,1,0,0
8869,38,1,0,0
8870,123,1,0,0
8871,46,1,0,0
8872,45,1,0,0
8873,57,1,0,0
8874,15,1,0,0
8875,117,1,0,0
8876,312,1,0,0
8877,115,1,0,0
8878,49,1,0,0
8879,49,1,0,0
8880,31,1,0,0
8881,11,1,0,0
8882,27,1,0,0
8883,36,1,0,0
8884,99,1,0,0
8885,59,1,0,0
8886,148,1,0,0
8887,60,1,0,0
8888,36,1,0,0
8889,117,1,0,0
8890,42,1,0,0
8891,65,1,0,0
8892,30,1,0,0
8893,39,1,0,0
8894,19,1,0,0
8895,152,1,0,0
8896,18,1,0,0
8897,60,1,0,0
8898,75,1,0,0
8899,162,1,0,0
8900,49,1,0,0
8901,11,1,0,0
8902,21,1,0,0
8903,95,1,0,0
8904,42,1,0,0
8905,47,1,0,0
8906,33,1,0,0
8907,20,1,0,0
8908,17,1,0,0
8909,42,1,0,0
8910,27,1,0,0
8911,110,1,0,0
8912,119,1,0,0
8913,151,1,0,0
8914,81,1,0,0
8915,12,1,0,0
8916,46,1,0,0
8917,56,1,0,0
8918,25,1,0,0
8919,9,1,0,0
8920,81,1,0,0
8921,114,1,0,0
8922,26,1,0,0
8923,43,1,0,0
8924,45,1,0,0
8925,29,1,0,0
8926,13,1,0,0
8927,108,1,0,0
8928,92,1,0,0
8929,24,1,0,0
8930,15,1,0,0
8931,21,1,0,0
8932,43,1,0,0
8933,91,1,0,0
8934,65,1,0,0
8935,115,1,0,0
8936,53,1,0,0
8937,53,1,0,0
8938,7,1,0,0
8939,55,1,0,0
8940,26,1,0,0
8941,57,1,0,0
8942,48,1,0,0
8943,83,1,0,0
8944,138,1,0,0
8945,56,1,0,0
8946,92,1,0,0
8947,40,1,0,0
8948,100,1,0,0
8949,183,1,0,0
8950,92,1,0,0
8951,87,1,0,0
8952,32,1,0,0
8953,138,1,0,0
8954,51,1,0,0
8955,175,1,0,0
8956,90,1,0,0
8957,56,1,0,0
8958,55,1,0,0
8959,243,1,0,0
8960,40,1,0,0
8961,71,1,0,0
8962,33,1,0,0
8963,48,1,0,0
8964,58,1,0,0
8965,40,1,0,0
8966,156,1,0,0
8967,113,1,0,0
8968,44,1,0,0
8969,12,1,0,0
8970,72,1,0,0
8971,12,1,0,0
8972,173,1,0,0
8973,61,1,0,0
8974,125,1,0,0
8975,109,1,0,0
8976,52,1,0,0
8977,97,1,0,0
8978,56,1,0,0
8979,35,1,0,0
8980,77,1,0,0
8981,117,1,0,0
8982,62,1,0,0
8983,31,1,0,0
8984,56,1,0,0
8985,114,1,0,0
8986,68,1,0,0
8987,24,1,0,0
8988,25,1,0,0
8989,95,1,0,0
8990,50,1,0,0
8991,25,1,0,0
8992,13,1,0,0
8993,58,1,0,0
8994,146,1,0,0
8995,44,1,0,0
8996,76,1,0,0
8997,121,1,0,0
8998,81,1,0,0
8999,235,1,0,0
9000,58,1,0,0
9001,81,1,0,0
9002,45,1,0,0
9003,52,1,0,0
9004,116,1,0,0
9005,48,1,0,0
9006,132,1,0,0
9007,7,1,0,0
9008,72,1,0,0
9009,212,1,0,0
9010,15,1,0,0
9011,71,1,0,0
9012,18,1,0,0
9013,100,1,0,0
9014,92,1,0,0
9015,50,1,0,0
9016,41,1,0,0
9017,79,1,0,0
9018,66,1,0,0
9019,65,1,0,0
9020,9,1,0,0
9021,56,1,0,0
9022,16,1,0,0
9023,120,1,0,0
9024,90,1,0,0
9025,40,1,0,0
9026,85,1,0,0
9027,76,1,0,0
9028,104,1,0,0
9029,38,1,0,0
9030,71,1,0,0
9031,61,1,0,0
9032,205,1,0,0
9033,283,1,0,0
9034,23,1,0,0
9035,36,1,0,0
9036,156,1,0,0
9037,24,1,0,0
9038,8,1,0,0
9039,84,1,0,0
9040,45,1,0,0
9041,104,1,0,0
9042,217,1,0,0
9043,205,1,0,0
9044,77,1,0,0
9045,63,1,0,0
9046,100,1,0,0
9047,56,1,0,0
9048,95,1,0,0
9049,21,1,0,0
9050,77,1,0,0
9051,90,1,0,0
9052,130,1,0,0
9053,59,1,0,0
9054,65,1,0,0
9055,48,1,0,0
9056,95,1,0,0
9057,64,1,0,0
9058,31,1,0,0
9059,73,1,0,0
9060,72,1,0,0
9061,107,1,0,0
9062,72,1,0,0
9063,80,1,0,0
9064,84,1,0,0
9065,45,1,0,0
9066,24,1,0,0
9067,47,1,0,0
9068,64,1,0,0
9069,75,1,0,0
9070,137,1,0,0
9071,184,1,0,0
9072,40,1,0,0
9073,51,1,0,0
9074,50,1,0,0
9075,25,1,0,0
9076,9,1,0,0
9077,25,1,0,0
9078,27,1,0,0
9079,94,1,0,0
9080,47,1,0,0
9081,67,1,0,0
9082,81,1,0,0
9083,64,1,0,0
9084,91,1,0,0
9085,29,1,0,0
9086,20,1,0,0
9087,93,1,0,0
9088,79,1,0,0
9089,50,1,0,0
9090,33,1,0,0
9091,38,1,0,0
9092,361,1,0,0
9093,46,1,0,0
9094,69,1,0,0
9095,42,1,0,0
9096,121,1,0,0
9097,40,1,0,0
9098,30,1,0,0
9099,100,1,0,0
9100,56,1,0,0
9101,68,1,0,0
9102,48,1,0,0
9103,38,1,0,0
9104,57,1,0,0
9105,35,1,0,0
9106,96,1,0,0
9107,56,1,0,0
9108,11,1,0,0
9109,258,1,0,0
9110,16,1,0,0
9111,342,1,0,0
9112,20,1,0,0
9113,23,1,0,0
9114,28,1,0,0
9115,94,1,0,0
9116,46,1,0,0
9117,114,1,0,0
9118,48,1,0,0
9119,25,1,0,0
9120,95,1,0,0
9121,67,1,0,0
9122,50,1,0,0
9123,213,1,0,0
9124,105,1,0,0
9125,65,1,0,0
9126,48,1,0,0
9127,31,1,0,0
9128,32,1,0,0
9129,36,1,0,0
9130,119,1,0,0
9131,108,1,0,0
9132,21,1,0,0
9133,42,1,0,0
9134,21,1,0,0
9135,108,1,0,0
9136,42,1,0,0
9137,167,1,0,0
9138,84,1,0,0
9139,99,1,0,0
9140,77,1,0,0
9141,33,1,0,0
9142,76,1,0,0
9143,70,1,0,0
9144,15,1,0,0
9145,70,1,0,0
9146,18,1,0,0
9147,65,1,0,0
9148,113,1,0,0
9149,36,1,0,0
9150,16,1,0,0
9151,63,1,0,0
9152,69,1,0,0
9153,78,1,0,0
9154,106,1,0,0
9155,22,1,0,0
9156,33,1,0,0
9157,84,1,0,0
9158,25,1,0,0
9159,73,1,0,0
9160,53,1,0,0
9161,66,1,0,0
9162,13,1,0,0
9163,47,1,0,0
9164,77,1,0,0
9165,111,1,0,0
9166,79,1,0,0
9167,53,1,0,0
9168,164,1,0,0
9169,46,1,0,0
9170,22,1,0,0
9171,86,1,0,0
9172,199,1,0,0
9173,14,1,0,0
9174,34,1,0,0
9175,53,1,0,0
9176,176,1,0,0
9177,76,1,0,0
9178,44,1,0,0
9179,116,1,0,0
9180,259,1,0,0
9181,49,1,0,0
9182,9,1,0,0
9183,10,1,0,0
9184,31,1,0,0
9185,15,1,0,0
9186,18,1,0,0
9187,79,1,0,0
9188,12,1,0,0
9189,13,1,0,0
9190,90,1,0,0
9191,76,1,0,0
9192,28,1,0,0
9193,72,1,0,0
9194,207,1,0,0
9195,105,1,0,0
9196,133,1,0,0
9197,54,1,0,0
9198,114,1,0,0
9199,156,1,0,0
9200,164,1,0,0
9201,36,1,0,0
9202,15,1,0,0
9203,92,1,0,0
9204,18,1,0,0
9205,31,1,0,0
9206,46,1,0,0
9207,10,1,0,0
9208,42,1,0,0
9209,105,1,0,0
9210,34,1,0,0
9211,87,1,0,0
9212,51,1,0,0
9213,73,1,0,0
9214,13,1,0,0
9215,38,1,0,0
9216,94,1,0,0
9217,109,1,0,0
9218,127,1,0,0
9219,40,1,0,0
9220,39,1,0,0
9221,99,1,0,0
9222,27,1,0,0
9223,164,1,0,0
9224,87,1,0,0
9225,174,1,0,0
9226,88,1,0,0
9227,17,1,0,0
9228,26,1,0,0
9229,43,1,0,0
9230,31,1,0,0
9231,34,1,0,0
9232,53,1,0,0
9233,31,1,0,0
9234,74,1,0,0
9235,86,1,0,0
9236,186,1,0,0
9237,108,1,0,0
9238,36,1,0,0
9239,34,1,0,0
9240,147,1,0,0
9241,69,1,0,0
9242,161,1,0,0
9243,35,1,0,0
9244,40,1,0,0
9245,134,1,0,0
9246,25,1,0,0
9247,58,1,0,0
9248,85,1,0,0
9249,11,1,0,0
9250,129,1,0,0
9251,85,1,0,0
9252,85,1,0,0
9253,122,1,0,0
9254,24,1,0,0
9255,101,1,0,0
9256,77,1,0,0
9257,30,1,0,0
9258,36,1,0,0
9259,11,1,0,0
9260,140,1,0,0
9261,55,1,0,0
9262,45,1,0,0
9263,94,1,0,0
9264,112,1,0,0
9265,51,1,0,0
9266,55,1,0,0
9267,64,1,0,0
9268,25,1,0,0
9269,40,1,0,0
9270,51,1,0,0
9271,37,1,0,0
9272,36,1,0,0
9273,59,1,0,0
9274,48,1,0,0
9275,256,1,0,0
9276,88,1,0,0
9277,18,1,0,0
9278,143,1,0,0
9279,107,1,0,0
9280,34,1,0,0
9281,136,1,0,0
9282,35,1,0,0
9283,34,1,0,0
9284,97,1,0,0
9285,56,1,0,0
9286,53,1,0,0
9287,251,1,0,0
9288,33,1,0,0
9289,65,1,0,0
9290,61,1,0,0
9291,61,1,0,0
9292,60,1,0,0
9293,80,1,0,0
9294,15,1,0,0
9295,76,1,0,0
9296,103,1,0,0
9297,61,1,0,0
9298,142,1,0,0
9299,14,1,0,0
9300,21,1,0,0
9301,68,1,0,0
9302,35,1,0,0
9303,8,1,0,0
9304,100,1,0,0
9305,55,1,0,0
9306,73,1,0,0
9307,41,1,0,0
9308,36,1,0,0
9309,27,1,0,0
9310,12,1,0,0
9311,37,1,0,0
9312,45,1,0,0
9313,53,1,0,0
9314,67,1,0,0
9315,100,1,0,0
9316,44,1,0,0
9317,45,1,0,0
9318,30,1,0,0
9319,35,1,0,0
9320,67,1,0,0
9321,36,1,0,0
9322,25,1,0,0
9323,72,1,0,0
9324,154,1,0,0
9325,53,1,0,0
9326,146,1,0,0
9327,82,1,0,0
9328,231,1,0,0
9329,297,1,0,0
9330,58,1,0,0
9331,41,1,0,0
9332,56,1,0,0
9333,27,1,0,0
9334,57,1,0,0
9335,48,1,0,0
9336,128,1,0,0
9337,57,1,0,0
9338,38,1,0,0
9339,41,1,0,0
9340,36,1,0,0
9341,43,1,0,0
9342,59,1,0,0
9343,64,1,0,0
9344,197,1,0,0
9345,120,1,0,0
9346,55,1,0,0
9347,25,1,0,0
9348,66,1,0,0
9349,93,1,0,0
9350,110,1,0,0
9351,37,1,0,0
9352,26,1,0,0
9353,178,1,0,0
9354,52,1,0,0
9355,32,1,0,0
9356,62,1,0,0
9357,36,1,0,0
9358,62,1,0,0
9359,128,1,0,0
9360,34,1,0,0
9361,144,1,0,0
9362,310,1,0,0
9363,69,1,0,0
9364,128,1,0,0
9365,107,1,0,0
9366,47,1,0,0
9367,58,1,0,0
9368,104,1,0,0
9369,109,1,0,0
9370,37,1,0,0
9371,53,1,0,0
9372,33,1,0,0
9373,81,1,0,0
9374,81,1,0,0
9375,58,1,0,0
9376,141,1,0,0
9377,45,1,0,0
9378,18,1,0,0
9379,39,1,0,0
9380,145,1,0,0
9381,72,1,0,0
9382,10,1,0,0
9383,337,1,0,0
9384,71,1,0,0
9385,14,1,0,0
9386,25,1,0,0
9387,146,1,0,0
9388,24,1,0,0
9389,47,1,0,0
9390,20,1,0,0
9391,54,1,0,0
9392,40,1,0,0
9393,33,1,0,0
9394,126,1,0,0
9395,21,1,0,0
9396,55,1,0,0
9397,81,1,0,0
9398,78,1,0,0
9399,135,1,0,0
9400,61,1,0,0
9401,42,1,0,0
9402,71,1,0,0
9403,94,1,0,0
9404,145,1,0,0
9405,61,1,0,0
9406,33,1,0,0
9407,38,1,0,0
9408,17,1,0,0
9409,39,1,0,0
9410,35,1,0,0
9411,21,1,0,0
9412,50,1,0,0
9413,150,1,0,0
9414,107,1,0,0
9415,91,1,0,0
9416,39,1,0,0
9417,12,1,0,0
9418,123,1,0,0
9419,128,1,0,0
9420,87,1,0,0
9421,10,1,0,0
9422,184,1,0,0
9423,42,1,0,0
9424,31,1,0,0
9425,72,1,0,0
9426,126,1,0,0
9427,87,1,0,0
9428,104,1,0,0
9429,76,1,0,0
9430,10,1,0,0
9431,45,1,0,0
9432,17,1,0,0
9433,36,1,0,0
9434,49,1,0,0
9435,23,1,0,0
9436,64,1,0,0
9437,96,1,0,0
9438,134,1,0,0
9439,18,1,0,0
9440,27,1,0,0
9441,87,1,0,0
9442,228,1,0,0
9443,53,1,0,0
9444,14,1,0,0
9445,20,1,0,0
9446,62,1,0,0
9447,19,1,0,0
9448,13,1,0,0
9449,61,1,0,0
9450,106,1,0,0
9451,26,1,0,0
9452,22,1,0,0
9453,24,1,0,0
9454,32,1,0,0
9455,46,1,0,0
9456,99,1,0,0
9457,98,1,0,0
9458,67,1,0,0
9459,78,1,0,0
9460,17,1,0,0
9461,74,1,0,0
9462,21,1,0,0
9463,76,1,0,0
9464,24,1,0,0
9465,62,1,0,0
9466,22,1,0,0
9467,91,1,0,0
9468,35,1,0,0
9469,42,1,0,0
9470,65,1,0,0
9471,114,1,0,0
9472,50,1,0,0
9473,26,1,0,0
9474,73,1,0,0
9475,124,1,0,0
9476,38,1,0,0
9477,37,1,0,0
9478,102,1,0,0
9479,78,1,0,0
9480,42,1,0,0
9481,144,1,0,0
9482,23,1,0,0
9483,75,1,0,0
9484,52,1,0,0
9485,37,1,0,0
9486,177,1,0,0
9487,8,1,0,0
9488,50,1,0,0
9489,15,1,0,0
9490,72,1,0,0
9491,110,1,0,0
9492,15,1,0,0
9493,51,1,0,0
9494,90,1,0,0
9495,38,1,0,0
9496,57,1,0,0
9497,104,1,0,0
9498,71,1,0,0
9499,78,1,0,0
9500,38,1,0,0
9501,44,1,0,0
9502,69,1,0,0
9503,117,1,0,0
9504,69,1,0,0
9505,51,1,0,0
9506,74,1,0,0
9507,52,1,0,0
9508,19,1,0,0
9509,38,1,0,0
9510,26,1,0,0
9511,74,1,0,0
9512,107,1,0,0
9513,23,1,0,0
9514,59,1,0,0
9515,31,1,0,0
9516,30,1,0,0
9517,33,1,0,0
9518,29,1,0,0
9519,25,1,0,0
9520,35,1,0,0
9521,31,1,0,0
9522,31,1,0,0
9523,42,1,0,0
9524,17,1,0,0
9525,74,1,0,0
9526,40,1,0,0
9527,256,1,0,0
9528,210,1,0,0
9529,33,1,0,0
9530,46,1,0,0
9531,140,1,0,0
9532,33,1,0,0
9533,69,1,0,0
9534,44,1,0,0
9535,15,1,0,0
9536,59,1,0,0
9537,103,1,0,0
9538,23,1,0,0
9539,25,1,0,0
9540,61,1,0,0
9541,40,1,0,0
9542,137,1,0,0
9543,127,1,0,0
9544,33,1,0,0
9545,9,1,0,0
9546,33,1,0,0
9547,63,1,0,0
9548,7,1,0,0
9549,94,1,0,0
9550,119,1,0,0
9551,16,1,0,0
9552,139,1,0,0
9553,38,1,0,0
9554,95,1,0,0
9555,38,1,0,0
9556,12,1,0,0
9557,88,1,0,0
9558,78,1,0,0
9559,61,1,0,0
9560,68,1,0,0
9561,61,1,0,0
9562,115,1,0,0
9563,70,1,0,0
9564,128,1,0,0
9565,46,1,0,0
9566,63,1,0,0
9567,29,1,0,0
9568,19,1,0,0
9569,12,1,0,0
9570,31,1,0,0
9571,137,1,0,0
9572,84,1,0,0
9573,89,1,0,0
9574,31,1,0,0
9575,49,1,0,0
9576,30,1,0,0
9577,8,1,0,0
9578,21,1,0,0
9579,61,1,0,0
9580,10,1,0,0
9581,63,1,0,0
9582,39,1,0,0
9583,73,1,0,0
9584,17,1,0,0
9585,108,1,0,0
9586,70,1,0,0
9587,73,1,0,0
9588,172,1,0,0
9589,125,1,0,0
9590,109,1,0,0
9591,108,1,0,0
9592,13,1,0,0
9593,70,1,0,0
9594,46,1,0,0
9595,119,1,0,0
9596,70,1,0,0
9597,43,1,0,0
9598,84,1,0,0
9599,110,1,0,0
9600,38,1,0,0
9601,87,1,0,0
9602,76,1,0,0
9603,40,1,0,0
9604,69,1,0,0
9605,18,1,0,0
9606,83,1,0,0
9607,36,1,0,0
9608,72,1,0,0
9609,32,1,0,0
9610,37,1,0,0
9611,226,1,0,0
9612,19,1,0,0
9613,49,1,0,0
9614,50,1,0,0
9615,135,1,0,0
9616,76,1,0,0
9617,67,1,0,0
9618,69,1,0,0
9619,87,1,0,0
9620,39,1,0,0
9621,56,1,0,0
9622,98,1,0,0
9623,14,1,0,0
9624,43,1,0,0
9625,32,1,0,0
9626,46,1,0,0
9627,45,1,0,0
9628,28,1,0,0
9629,44,1,0,0
9630,80,1,0,0
9631,102,1,0,0
9632,103,1,0,0
9633,74,1,0,0
9634,56,1,0,0
9635,107,1,0,0
9636,16,1,0,0
9637,13,1,0,0
9638,28,1,0,0
9639,82,1,0,0
9640,52,1,0,0
9641,89,1,0,0
9642,25,1,0,0
9643,112,1,0,0
9644,15,1,0,0
9645,14,1,0,0
9646,93,1,0,0
9647,110,1,0,0
9648,44,1,0,0
9649,168,1,0,0
9650,49,1,0,0
9651,60,1,0,0
9652,26,1,0,0
9653,172,1,0,0
9654,14,1,0,0
9655,22,1,0,0
9656,50,1,0,0
9657,48,1,0,0
9658,52,1,0,0
9659,26,1,0,0
9660,75,1,0,0
9661,71,1,0,0
9662,28,1,0,0
9663,50,1,0,0
9664,51,1,0,0
9665,30,1,0,0
9666,99,1,0,0
9667,62,1,0,0
9668,77,1,0,0
9669,176,1,0,0
9670,31,1,0,0
9671,49,1,0,0
9672,63,1,0,0
9673,89,1,0,0
9674,39,1,0,0
9675,117,1,0,0
9676,85,1,0,0
9677,98,1,0,0
9678,13,1,0,0
9679,84,1,0,0
9680,11,1,0,0
9681,72,1,0,0
9682,102,1,0,0
9683,51,1,0,0
9684,64,1,0,0
9685,38,1,0,0
9686,84,1,0,0
9687,10,1,0,0
9688,40,1,0,0
9689,177,1,0,0
9690,190,1,0,0
9691,95,1,0,0
9692,172,1,0,0
9693,294,1,0,0
9694,57,1,0,0
9695,58,1,0,0
9696,59,1,0,0
9697,9,1,0,0
9698,47,1,0,0
9699,97,1,0,0
9700,189,1,0,0
9701,32,1,0,0
9702,57,1,0,0
9703,31,1,0,0
9704,67,1,0,0
9705,47,1,0,0
9706,76,1,0,0
9707,20,1,0,0
9708,28,1,0,0
9709,12,1,0,0
9710,47,1,0,0
9711,30,1,0,0
9712,59,1,0,0
9713,81,1,0,0
9714,19,1,0,0
9715,25,1,0,0
9716,66,1,0,0
9717,39,1,0,0
9718,108,1,0,0
9719,20,1,0,0
9720,70,1,0,0
9721,93,1,0,0
9722,128,1,0,0
9723,279,1,0,0
9724,72,1,0,0
9725,40,1,0,0
9726,229,1,0,0
9727,37,1,0,0
9728,9,1,0,0
9729,151,1,0,0
9730,143,1,0,0
9731,135,1,0,0
9732,45,1,0,0
9733,94,1,0,0
9734,152,1,0,0
9735,15,1,0,0
9736,60,1,0,0
9737,48,1,0,0
9738,42,1,0,0
9739,25,1,0,0
9740,32,1,0,0
9741,20,1,0,0
9742,93,1,0,0
9743,90,1,0,0
9744,47,1,0,0
9745,53,1,0,0
9746,79,1,0,0
9747,99,1,0,0
9748,32,1,0,0
9749,76,1,0,0
9750,39,1,0,0
9751,31,1,0,0
9752,38,1,0,0
9753,29,1,0,0
9754,18,1,0,0
9755,64,1,0,0
9756,17,1,0,0
9757,24,1,0,0
9758,31,1,0,0
9759,38,1,0,0
9760,71,1,0,0
9761,35,1,0,0
9762,7,1,0,0
9763,123,1,0,0
9764,118,1,0,0
9765,37,1,0,0
9766,50,1,0,0
9767,46,1,0,0
9768,68,1,0,0
9769,47,1,0,0
9770,9,1,0,0
9771,260,1,0,0
9772,38,1,0,0
9773,29,1,0,0
9774,21,1,0,0
9775,39,1,0,0
9776,78,1,0,0
9777,19,1,0,0
9778,10,1,0,0
9779,56,1,0,0
9780,41,1,0,0
9781,15,1,0,0
9782,60,1,0,0
9783,82,1,0,0
9784,68,1,0,0
9785,39,1,0,0
9786,69,1,0,0
9787,87,1,0,0
9788,47,1,0,0
9789,75,1,0,0
9790,72,1,0,0
9791,33,1,0,0
9792,17,1,0,0
9793,125,1,0,0
9794,47,1,0,0
9795,26,1,0,0
9796,55,1,0,0
9797,34,1,0,0
9798,169,1,0,0
9799,211,1,0,0
9800,85,1,0,0
9801,31,1,0,0
9802,31,1,0,0
9803,77,1,0,0
9804,118,1,0,0
9805,84,1,0,0
9806,64,1,0,0
9807,133,1,0,0
9808,69,1,0,0
9809,89,1,0,0
9810,65,1,0,0
9811,63,1,0,0
9812,75,1,0,0
9813,35,1,0,0
9814,11,1,0,0
9815,48,1,0,0
9816,27,1,0,0
9817,10,1,0,0
9818,77,1,0,0
9819,105,1,0,0
9820,11,1,0,0
9821,42,1,0,0
9822,32,1,0,0
9823,11,1,0,0
9824,34,1,0,0
9825,116,1,0,0
9826,68,1,0,0
9827,36,1,0,0
9828,59,1,0,0
9829,34,1,0,0
9830,19,1,0,0
9831,75,1,0,0
9832,22,1,0,0
9833,64,1,0,0
9834,67,1,0,0
9835,68,1,0,0
9836,46,1,0,0
9837,49,1,0,0
9838,17,1,0,0
9839,118,1,0,0
9840,112,1,0,0
9841,13,1,0,0
9842,101,1,0,0
9843,130,1,0,0
9844,95,1,0,0
9845,91,1,0,0
9846,19,1,0,0
9847,81,1,0,0
9848,68,1,0,0
9849,24,1,0,0
9850,35,1,0,0
9851,51,1,0,0
9852,26,1,0,0
9853,122,1,0,0
9854,56,1,0,0
9855,11,1,0,0
9856,76,1,0,0
9857,120,1,0,0
9858,92,1,0,0
9859,80,1,0,0
9860,221,1,0,0
9861,176,1,0,0
9862,117,1,0,0
9863,99,1,0,0
9864,169,1,0,0
9865,88,1,0,0
9866,31,1,0,0
9867,60,1,0,0
9868,102,1,0,0
9869,31,1,0,0
9870,17,1,0,0
9871,164,1,0,0
9872,21,1,0,0
9873,106,1,0,0
9874,13,1,0,0
9875,82,1,0,0
9876,176,1,0,0
9877,166,1,0,0
9878,28,1,0,0
9879,69,1,0,0
9880,116,1,0,0
9881,39,1,0,0
9882,75,1,0,0
9883,22,1,0,0
9884,23,1,0,0
9885,85,1,0,0
9886,64,1,0,0
9887,24,1,0,0
9888,85,1,0,0
9889,28,1,0,0
9890,59,1,0,0
9891,158,1,0,0
9892,113,1,0,0
9893,31,1,0,0
9894,49,1,0,0
9895,267,1,0,0
9896,84,1,0,0
9897,109,1,0,0
9898,115,1,0,0
9899,99,1,0,0
9900,65,1,0,0
9901,128,1,0,0
9902,16,1,0,0
9903,30,1,0,0
9904,46,1,0,0
9905,27,1,0,0
9906,113,1,0,0
9907,11,1,0,0
9908,107,1,0,0
9909,136,1,0,0
9910,49,1,0,0
9911,59,1,0,0
9912,138,1,0,0
9913,59,1,0,0
9914,15,1,0,0
9915,130,1,0,0
9916,92,1,0,0
9917,151,1,0,0
9918,64,1,0,0
9919,46,1,0,0
9920,140,1,0,0
9921,21,1,0,0
9922,48,1,0,0
9923,24,1,0,0
9924,9,1,0,0
9925,75,1,0,0
9926,35,1,0,0
9927,21,1,0,0
9928,60,1,0,0
9929,62,1,0,0
9930,11,1,0,0
9931,55,1,0,0
9932,45,1,0,0
9933,132,1,0,0
9934,50,1,0,0
9935,76,1,0,0
9936,26,1,0,0
9937,44,1,0,0
9938,83,1,0,0
9939,188,1,0,0
9940,53,1,0,0
9941,81,1,0,0
9942,113,1,0,0
9943,108,1,0,0
9944,128,1,0,0
9945,59,1,0,0
9946,83,1,0,0
9947,64,1,0,0
9948,96,1,0,0
9949,95,1,0,0
9950,29,1,0,0
9951,109,1,0,0
9952,66,1,0,0
9953,97,1,0,0
9954,115,1,0,0
9955,54,1,0,0
9956,8,1,0,0
9957,63,1,0,0
9958,97,1,0,0
9959,24,1,0,0
9960,85,1,0,0
9961,27,1,0,0
9962,113,1,0,0
9963,32,1,0,0
9964,38,1,0,0
9965,139,1,0,0
9966,38,1,0,0
9967,188,1,0,0
9968,70,1,0,0
9969,62,1,0,0
9970,117,1,0,0
9971,34,1,0,0
9972,117,1,0,0
9973,80,1,0,0
9974,54,1,0,0
9975,61,1,0,0
9976,94,1,0,0
9977,27,1,0,0
9978,90,1,0,0
9979,96,1,0,0
9980,100,1,0,0
9981,54,1,0,0
9982,173,1,0,0
9983,156,1,0,0
9984,27,1,0,0
9985,83,1,0,0
9986,47,1,0,0
9987,62,1,0,0
9988,40,1,0,0
9989,29,1,0,0
9990,88,1,0,0
9991,61,1,0,0
9992,87,1,0,0
9993,13,1,0,0
9994,91,1,0,0
9995,48,1,0,0
9996,79,1,0,0
9997,52,1,0,0
9998,214,1,0,0
9999,72,1,0,0
