trial,final_step,trapped,boundary_dead,contact_dead
0,122,1,0,0
1,27,1,0,0
2,51,1,0,0
3,19,1,0,0
4,92,1,0,0
5,34,1,0,0
6,23,1,0,0
7,117,1,0,0
8,100,1,0,0
9,88,1,0,0
10,27,1,0,0
11,29,1,0,0
12,176,1,0,0
13,68,1,0,0
14,145,1,0,0
15,44,1,0,0
16,107,1,0,0
17,65,1,0,0
18,43,1,0,0
19,68,1,0,0
20,244,1,0,0
21,28,1,0,0
22,119,1,0,0
23,30,1,0,0
24,39,1,0,0
25,8,1,0,0
26,32,1,0,0
27,63,1,0,0
28,46,1,0,0
29,50,1,0,0
30,12,1,0,0
31,144,1,0,0
32,153,1,0,0
33,39,1,0,0
34,76,1,0,0
35,60,1,0,0
36,73,1,0,0
37,43,1,0,0
38,171,1,0,0
39,35,1,0,0
40,77,1,0,0
41,11,1,0,0
42,46,1,0,0
43,45,1,0,0
44,61,1,0,0
45,83,1,0,0
46,27,1,0,0
47,24,1,0,0
48,72,1,0,0
49,39,1,0,0
50,54,1,0,0
51,30,1,0,0
52,25,1,0,0
53,28,1,0,0
54,45,1,0,0
55,63,1,0,0
56,56,1,0,0
57,12,1,0,0
58,156,1,0,0
59,48,1,0,0
60,124,1,0,0
61,83,1,0,0
62,27,1,0,0
63,50,1,0,0
64,85,1,0,0
65,98,1,0,0
66,124,1,0,0
67,132,1,0,0
68,32,1,0,0
69,11,1,0,0
70,18,1,0,0
71,15,1,0,0
72,8,1,0,0
73,122,1,0,0
74,70,1,0,0
75,12,1,0,0
76,252,1,0,0
77,120,1,0,0
78,82,1,0,0
79,35,1,0,0
80,18,1,0,0
81,15,1,0,0
82,101,1,0,0
83,88,1,0,0
84,34,1,0,0
85,164,1,0,0
86,35,1,0,0
87,24,1,0,0
88,48,1,0,0
89,56,1,0,0
90,121,1,0,0
91,64,1,0,0
92,220,1,0,0
93,23,1,0,0
94,35,1,0,0
95,41,1,0,0
96,59,1,0,0
97,67,1,0,0
98,57,1,0,0
99,45,1,0,0
100,44,1,0,0
101,213,1,0,0
102,107,1,0,0
103,33,1,0,0
104,40,1,0,0
105,52,1,0,0
106,72,1,0,0
107,94,1,0,0
108,62,1,0,0
109,21,1,0,0
110,153,1,0,0
111,19,1,0,0
112,130,1,0,0
113,62,1,0,0
114,92,1,0,0
115,137,1,0,0
116,50,1,0,0
117,110,1,0,0
118,71,1,0,0
119,102,1,0,0
120,44,1,0,0
121,76,1,0,0
122,23,1,0,0
123,86,1,0,0
124,26,1,0,0
125,48,1,0,0
126,160,1,0,0
127,41,1,0,0
128,36,1,0,0
129,16,1,0,0
130,62,1,0,0
131,54,1,0,0
132,18,1,0,0
133,72,1,0,0
134,45,1,0,0
135,64,1,0,0
136,41,1,0,0
137,150,1,0,0
138,12,1,0,0
139,178,1,0,0
140,16,1,0,0
141,48,1,0,0
142,18,1,0,0
143,49,1,0,0
144,13,1,0,0
145,116,1,0,0
146,53,1,0,0
147,33,1,0,0
148,70,1,0,0
149,85,1,0,0
150,101,1,0,0
151,38,1,0,0
152,70,1,0,0
153,19,1,0,0
154,96,1,0,0
155,39,1,0,0
156,114,1,0,0
157,74,1,0,0
158,161,1,0,0
159,104,1,0,0
160,81,1,0,0
161,30,1,0,0
162,155,1,0,0
163,20,1,0,0
164,17,1,0,0
165,102,1,0,0
166,119,1,0,0
167,60,1,0,0
168,82,1,0,0
169,52,1,0,0
170,68,1,0,0
171,12,1,0,0
172,11,1,0,0
173,29,1,0,0
174,76,1,0,0
175,96,1,0,0
176,101,1,0,0
177,105,1,0,0
178,50,1,0,0
179,20,1,0,0
180,53,1,0,0
181,114,1,0,0
182,84,1,0,0
183,26,1,0,0
184,36,1,0,0
185,25,1,0,0
186,78,1,0,0
187,48,1,0,0
188,26,1,0,0
189,34,1,0,0
190,16,1,0,0
191,46,1,0,0
192,53,1,0,0
193,76,1,0,0
194,48,1,0,0
195,55,1,0,0
196,33,1,0,0
197,61,1,0,0
198,71,1,0,0
199,214,1,0,0
200,25,1,0,0
201,36,1,0,0
202,54,1,0,0
203,18,1,0,0
204,216,1,0,0
205,172,1,0,0
206,84,1,0,0
207,66,1,0,0
208,16,1,0,0
209,143,1,0,0
210,55,1,0,0
211,101,1,0,0
212,147,1,0,0
213,34,1,0,0
214,26,1,0,0
215,42,1,0,0
216,43,1,0,0
217,23,1,0,0
218,43,1,0,0
219,64,1,0,0
220,30,1,0,0
221,76,1,0,0
222,30,1,0,0
223,26,1,0,0
224,64,1,0,0
225,83,1,0,0
226,44,1,0,0
227,36,1,0,0
228,39,1,0,0
229,8,1,0,0
230,141,1,0,0
231,21,1,0,0
232,65,1,0,0
233,22,1,0,0
234,133,1,0,0
235,110,1,0,0
236,59,1,0,0
237,49,1,0,0
238,16,1,0,0
239,18,1,0,0
240,22,1,0,0
241,110,1,0,0
242,51,1,0,0
243,165,1,0,0
244,139,1,0,0
245,102,1,0,0
246,90,1,0,0
247,74,1,0,0
248,33,1,0,0
249,54,1,0,0
250,42,1,0,0
251,173,1,0,0
252,33,1,0,0
253,88,1,0,0
254,36,1,0,0
255,26,1,0,0
256,121,1,0,0
257,198,1,0,0
258,40,1,0,0
259,16,1,0,0
260,23,1,0,0
261,104,1,0,0
262,89,1,0,0
263,33,1,0,0
264,25,1,0,0
265,108,1,0,0
266,65,1,0,0
267,76,1,0,0
268,43,1,0,0
269,48,1,0,0
270,39,1,0,0
271,89,1,0,0
272,112,1,0,0
273,40,1,0,0
274,42,1,0,0
275,140,1,0,0
276,142,1,0,0
277,61,1,0,0
278,120,1,0,0
279,106,1,0,0
280,52,1,0,0
281,23,1,0,0
282,112,1,0,0
283,66,1,0,0
284,100,1,0,0
285,118,1,0,0
286,176,1,0,0
287,16,1,0,0
288,27,1,0,0
289,37,1,0,0
290,59,1,0,0
291,61,1,0,0
292,43,1,0,0
293,16,1,0,0
294,72,1,0,0
295,63,1,0,0
296,62,1,0,0
297,52,1,0,0
298,61,1,0,0
299,52,1,0,0
300,55,1,0,0
301,144,1,0,0
302,7,1,0,0
303,292,1,0,0
304,40,1,0,0
305,216,1,0,0
306,158,1,0,0
307,132,1,0,0
308,21,1,0,0
309,124,1,0,0
310,92,1,0,0
311,84,1,0,0
312,74,1,0,0
313,71,1,0,0
314,48,1,0,0
315,80,1,0,0
316,89,1,0,0
317,53,1,0,0
318,40,1,0,0
319,18,1,0,0
320,34,1,0,0
321,30,1,0,0
322,73,1,0,0
323,80,1,0,0
324,14,1,0,0
325,40,1,0,0
326,25,1,0,0
327,58,1,0,0
328,59,1,0,0
329,81,1,0,0
330,146,1,0,0
331,58,1,0,0
332,67,1,0,0
333,16,1,0,0
334,29,1,0,0
335,39,1,0,0
336,36,1,0,0
337,23,1,0,0
338,152,1,0,0
339,11,1,0,0
340,29,1,0,0
341,79,1,0,0
342,38,1,0,0
343,35,1,0,0
344,129,1,0,0
345,38,1,0,0
346,59,1,0,0
347,15,1,0,0
348,92,1,0,0
349,116,1,0,0
350,30,1,0,0
351,70,1,0,0
352,54,1,0,0
353,30,1,0,0
354,181,1,0,0
355,50,1,0,0
356,34,1,0,0
357,103,1,0,0
358,62,1,0,0
359,166,1,0,0
360,130,1,0,0
361,40,1,0,0
362,119,1,0,0
363,56,1,0,0
364,26,1,0,0
365,57,1,0,0
366,26,1,0,0
367,8,1,0,0
368,55,1,0,0
369,49,1,0,0
370,99,1,0,0
371,46,1,0,0
372,84,1,0,0
373,80,1,0,0
374,145,1,0,0
375,57,1,0,0
376,17,1,0,0
377,66,1,0,0
378,86,1,0,0
379,66,1,0,0
380,129,1,0,0
381,30,1,0,0
382,43,1,0,0
383,23,1,0,0
384,113,1,0,0
385,181,1,0,0
386,9,1,0,0
387,371,1,0,0
388,89,1,0,0
389,49,1,0,0
390,29,1,0,0
391,93,1,0,0
392,93,1,0,0
393,101,1,0,0
394,11,1,0,0
395,128,1,0,0
396,16,1,0,0
397,67,1,0,0
398,21,1,0,0
399,60,1,0,0
400,129,1,0,0
401,61,1,0,0
402,35,1,0,0
403,16,1,0,0
404,98,1,0,0
405,27,1,0,0
406,63,1,0,0
407,49,1,0,0
408,49,1,0,0
409,124,1,0,0
410,62,1,0,0
411,41,1,0,0
412,10,1,0,0
413,28,1,0,0
414,50,1,0,0
415,108,1,0,0
416,65,1,0,0
417,20,1,0,0
418,110,1,0,0
419,98,1,0,0
420,24,1,0,0
421,23,1,0,0
422,92,1,0,0
423,15,1,0,0
424,93,1,0,0
425,23,1,0,0
426,108,1,0,0
427,36,1,0,0
428,87,1,0,0
429,99,1,0,0
430,69,1,0,0
431,34,1,0,0
432,41,1,0,0
433,29,1,0,0
434,26,1,0,0
435,36,1,0,0
436,52,1,0,0
437,41,1,0,0
438,48,1,0,0
439,71,1,0,0
440,134,1,0,0
441,63,1,0,0
442,21,1,0,0
443,18,1,0,0
444,29,1,0,0
445,170,1,0,0
446,122,1,0,0
447,56,1,0,0
448,13,1,0,0
449,17,1,0,0
450,19,1,0,0
451,28,1,0,0
452,128,1,0,0
453,71,1,0,0
454,34,1,0,0
455,171,1,0,0
456,92,1,0,0
457,38,1,0,0
458,41,1,0,0
459,360,1,0,0
460,39,1,0,0
461,30,1,0,0
462,232,1,0,0
463,35,1,0,0
464,45,1,0,0
465,44,1,0,0
466,213,1,0,0
467,312,1,0,0
468,84,1,0,0
469,57,1,0,0
470,36,1,0,0
471,60,1,0,0
472,36,1,0,0
473,13,1,0,0
474,19,1,0,0
475,328,1,0,0
476,87,1,0,0
477,17,1,0,0
478,36,1,0,0
479,161,1,0,0
480,61,1,0,0
481,48,1,0,0
482,28,1,0,0
483,34,1,0,0
484,69,1,0,0
485,81,1,0,0
486,103,1,0,0
487,33,1,0,0
488,68,1,0,0
489,163,1,0,0
490,46,1,0,0
491,70,1,0,0
492,74,1,0,0
493,37,1,0,0
494,24,1,0,0
495,104,1,0,0
496,87,1,0,0
497,167,1,0,0
498,71,1,0,0
499,54,1,0,0
500,63,1,0,0
501,101,1,0,0
502,40,1,0,0
503,45,1,0,0
504,74,1,0,0
505,120,1,0,0
506,14,1,0,0
507,51,1,0,0
508,125,1,0,0
509,67,1,0,0
510,60,1,0,0
511,110,1,0,0
512,67,1,0,0
513,25,1,0,0
514,100,1,0,0
515,24,1,0,0
516,73,1,0,0
517,46,1,0,0
518,100,1,0,0
519,33,1,0,0
520,83,1,0,0
521,11,1,0,0
522,21,1,0,0
523,149,1,0,0
524,62,1,0,0
525,163,1,0,0
526,95,1,0,0
527,110,1,0,0
528,64,1,0,0
529,59,1,0,0
530,313,1,0,0
531,81,1,0,0
532,30,1,0,0
533,125,1,0,0
534,41,1,0,0
535,64,1,0,0
536,65,1,0,0
537,53,1,0,0
538,32,1,0,0
539,221,1,0,0
540,99,1,0,0
541,65,1,0,0
542,103,1,0,0
543,14,1,0,0
544,54,1,0,0
545,27,1,0,0
546,56,1,0,0
547,141,1,0,0
548,142,1,0,0
549,30,1,0,0
550,63,1,0,0
551,164,1,0,0
552,96,1,0,0
553,25,1,0,0
554,157,1,0,0
555,63,1,0,0
556,111,1,0,0
557,16,1,0,0
558,27,1,0,0
559,18,1,0,0
560,88,1,0,0
561,107,1,0,0
562,189,1,0,0
563,24,1,0,0
564,14,1,0,0
565,49,1,0,0
566,61,1,0,0
567,28,1,0,0
568,58,1,0,0
569,152,1,0,0
570,19,1,0,0
571,90,1,0,0
572,28,1,0,0
573,62,1,0,0
574,53,1,0,0
575,90,1,0,0
576,168,1,0,0
577,74,1,0,0
578,123,1,0,0
579,28,1,0,0
580,84,1,0,0
581,91,1,0,0
582,27,1,0,0
583,133,1,0,0
584,182,1,0,0
585,62,1,0,0
586,43,1,0,0
587,29,1,0,0
588,216,1,0,0
589,107,1,0,0
590,29,1,0,0
591,203,1,0,0
592,30,1,0,0
593,50,1,0,0
594,32,1,0,0
595,69,1,0,0
596,57,1,0,0
597,110,1,0,0
598,107,1,0,0
599,49,1,0,0
600,132,1,0,0
601,22,1,0,0
602,62,1,0,0
603,31,1,0,0
604,18,1,0,0
605,50,1,0,0
606,51,1,0,0
607,101,1,0,0
608,53,1,0,0
609,34,1,0,0
610,22,1,0,0
611,85,1,0,0
612,17,1,0,0
613,51,1,0,0
614,25,1,0,0
615,72,1,0,0
616,10,1,0,0
617,39,1,0,0
618,16,1,0,0
619,41,1,0,0
620,44,1,0,0
621,85,1,0,0
622,143,1,0,0
623,22,1,0,0
624,97,1,0,0
625,16,1,0,0
626,166,1,0,0
627,42,1,0,0
628,31,1,0,0
629,77,1,0,0
630,41,1,0,0
631,35,1,0,0
632,174,1,0,0
633,152,1,0,0
634,99,1,0,0
635,20,1,0,0
636,102,1,0,0
637,99,1,0,0
638,45,1,0,0
639,41,1,0,0
640,51,1,0,0
641,31,1,0,0
642,13,1,0,0
643,152,1,0,0
644,62,1,0,0
645,41,1,0,0
646,29,1,0,0
647,75,1,0,0
648,60,1,0,0
649,40,1,0,0
650,101,1,0,0
651,23,1,0,0
652,34,1,0,0
653,60,1,0,0
654,53,1,0,0
655,50,1,0,0
656,22,1,0,0
657,67,1,0,0
658,41,1,0,0
659,80,1,0,0
660,56,1,0,0
661,61,1,0,0
662,19,1,0,0
663,86,1,0,0
664,85,1,0,0
665,61,1,0,0
666,59,1,0,0
667,75,1,0,0
668,25,1,0,0
669,147,1,0,0
670,30,1,0,0
671,36,1,0,0
672,17,1,0,0
673,32,1,0,0
674,212,1,0,0
675,46,1,0,0
676,109,1,0,0
677,51,1,0,0
678,14,1,0,0
679,63,1,0,0
680,78,1,0,0
681,63,1,0,0
682,55,1,0,0
683,65,1,0,0
684,14,1,0,0
685,24,1,0,0
686,16,1,0,0
687,48,1,0,0
688,35,1,0,0
689,44,1,0,0
690,70,1,0,0
691,33,1,0,0
692,74,1,0,0
693,156,1,0,0
694,44,1,0,0
695,126,1,0,0
696,20,1,0,0
697,15,1,0,0
698,19,1,0,0
699,69,1,0,0
700,99,1,0,0
701,53,1,0,0
702,184,1,0,0
703,70,1,0,0
704,103,1,0,0
705,38,1,0,0
706,76,1,0,0
707,143,1,0,0
708,113,1,0,0
709,32,1,0,0
710,166,1,0,0
711,78,1,0,0
712,22,1,0,0
713,54,1,0,0
714,52,1,0,0
715,208,1,0,0
716,37,1,0,0
717,18,1,0,0
718,22,1,0,0
719,68,1,0,0
720,67,1,0,0
721,59,1,0,0
722,177,1,0,0
723,54,1,0,0
724,122,1,0,0
725,70,1,0,0
726,97,1,0,0
727,45,1,0,0
728,39,1,0,0
729,100,1,0,0
730,131,1,0,0
731,216,1,0,0
732,104,1,0,0
733,24,1,0,0
734,72,1,0,0
735,60,1,0,0
736,17,1,0,0
737,54,1,0,0
738,154,1,0,0
739,73,1,0,0
740,48,1,0,0
741,37,1,0,0
742,34,1,0,0
743,80,1,0,0
744,91,1,0,0
745,12,1,0,0
746,76,1,0,0
747,33,1,0,0
748,118,1,0,0
749,40,1,0,0
750,72,1,0,0
751,44,1,0,0
752,175,1,0,0
753,32,1,0,0
754,44,1,0,0
755,37,1,0,0
756,30,1,0,0
757,126,1,0,0
758,54,1,0,0
759,35,1,0,0
760,72,1,0,0
761,156,1,0,0
762,50,1,0,0
763,71,1,0,0
764,106,1,0,0
765,66,1,0,0
766,40,1,0,0
767,13,1,0,0
768,114,1,0,0
769,79,1,0,0
770,36,1,0,0
771,125,1,0,0
772,52,1,0,0
773,57,1,0,0
774,76,1,0,0
775,169,1,0,0
776,154,1,0,0
777,142,1,0,0
778,128,1,0,0
779,99,1,0,0
780,159,1,0,0
781,53,1,0,0
782,88,1,0,0
783,38,1,0,0
784,55,1,0,0
785,225,1,0,0
786,45,1,0,0
787,110,1,0,0
788,75,1,0,0
789,63,1,0,0
790,37,1,0,0
791,37,1,0,0
792,76,1,0,0
793,26,1,0,0
794,137,1,0,0
795,25,1,0,0
796,35,1,0,0
797,102,1,0,0
798,36,1,0,0
799,149,1,0,0
800,28,1,0,0
801,31,1,0,0
802,44,1,0,0
803,16,1,0,0
804,126,1,0,0
805,66,1,0,0
806,66,1,0,0
807,31,1,0,0
808,54,1,0,0
809,64,1,0,0
810,63,1,0,0
811,53,1,0,0
812,38,1,0,0
813,65,1,0,0
814,60,1,0,0
815,51,1,0,0
816,13,1,0,0
817,12,1,0,0
818,155,1,0,0
819,18,1,0,0
820,150,1,0,0
821,81,1,0,0
822,25,1,0,0
823,129,1,0,0
824,101,1,0,0
825,176,1,0,0
826,17,1,0,0
827,27,1,0,0
828,30,1,0,0
829,118,1,0,0
830,84,1,0,0
831,22,1,0,0
832,63,1,0,0
833,160,1,0,0
834,148,1,0,0
835,12,1,0,0
836,19,1,0,0
837,59,1,0,0
838,62,1,0,0
839,25,1,0,0
840,172,1,0,0
841,133,1,0,0
842,101,1,0,0
843,40,1,0,0
844,63,1,0,0
845,27,1,0,0
846,99,1,0,0
847,33,1,0,0
848,47,1,0,0
849,83,1,0,0
850,73,1,0,0
851,139,1,0,0
852,103,1,0,0
853,19,1,0,0
854,110,1,0,0
855,92,1,0,0
856,188,1,0,0
857,123,1,0,0
858,31,1,0,0
859,194,1,0,0
860,30,1,0,0
861,175,1,0,0
862,104,1,0,0
863,135,1,0,0
864,15,1,0,0
865,62,1,0,0
866,29,1,0,0
867,254,1,0,0
868,109,1,0,0
869,122,1,0,0
870,178,1,0,0
871,84,1,0,0
872,56,1,0,0
873,104,1,0,0
874,32,1,0,0
875,259,1,0,0
876,135,1,0,0
877,70,1,0,0
878,133,1,0,0
879,40,1,0,0
880,51,1,0,0
881,68,1,0,0
882,78,1,0,0
883,72,1,0,0
884,116,1,0,0
885,35,1,0,0
886,33,1,0,0
887,24,1,0,0
888,52,1,0,0
889,224,1,0,0
890,158,1,0,0
891,47,1,0,0
892,109,1,0,0
893,157,1,0,0
894,43,1,0,0
895,74,1,0,0
896,34,1,0,0
897,100,1,0,0
898,83,1,0,0
899,91,1,0,0
900,137,1,0,0
901,126,1,0,0
902,134,1,0,0
903,191,1,0,0
904,19,1,0,0
905,112,1,0,0
906,57,1,0,0
907,78,1,0,0
908,83,1,0,0
909,91,1,0,0
910,106,1,0,0
911,27,1,0,0
912,128,1,0,0
913,110,1,0,0
914,106,1,0,0
915,153,1,0,0
916,114,1,0,0
917,22,1,0,0
918,142,1,0,0
919,68,1,0,0
920,11,1,0,0
921,139,1,0,0
922,66,1,0,0
923,27,1,0,0
924,22,1,0,0
925,78,1,0,0
926,29,1,0,0
927,80,1,0,0
928,15,1,0,0
929,15,1,0,0
930,57,1,0,0
931,85,1,0,0
932,49,1,0,0
933,77,1,0,0
934,186,1,0,0
935,13,1,0,0
936,83,1,0,0
937,100,1,0,0
938,93,1,0,0
939,106,1,0,0
940,171,1,0,0
941,65,1,0,0
942,93,1,0,0
943,147,1,0,0
944,63,1,0,0
945,36,1,0,0
946,19,1,0,0
947,46,1,0,0
948,148,1,0,0
949,195,1,0,0
950,39,1,0,0
951,81,1,0,0
952,34,1,0,0
953,75,1,0,0
954,20,1,0,0
955,89,1,0,0
956,69,1,0,0
957,223,1,0,0
958,126,1,0,0
959,100,1,0,0
960,146,1,0,0
961,132,1,0,0
962,57,1,0,0
963,84,1,0,0
964,57,1,0,0
965,90,1,0,0
966,41,1,0,0
967,139,1,0,0
968,47,1,0,0
969,118,1,0,0
970,33,1,0,0
971,154,1,0,0
972,43,1,0,0
973,50,1,0,0
974,55,1,0,0
975,66,1,0,0
976,47,1,0,0
977,54,1,0,0
978,138,1,0,0
979,76,1,0,0
980,129,1,0,0
981,45,1,0,0
982,99,1,0,0
983,19,1,0,0
984,19,1,0,0
985,65,1,0,0
986,72,1,0,0
987,162,1,0,0
988,33,1,0,0
989,32,1,0,0
990,22,1,0,0
991,327,1,0,0
992,22,1,0,0
993,91,1,0,0
994,98,1,0,0
995,162,1,0,0
996,72,1,0,0
997,77,1,0,0
998,80,1,0,0
999,51,1,0,0
1000,173,1,0,0
1001,56,1,0,0
1002,19,1,0,0
1003,32,1,0,0
1004,27,1,0,0
1005,74,1,0,0
1006,61,1,0,0
1007,33,1,0,0
1008,11,1,0,0
1009,88,1,0,0
1010,43,1,0,0
1011,42,1,0,0
1012,111,1,0,0
1013,149,1,0,0
1014,74,1,0,0
1015,42,1,0,0
1016,87,1,0,0
1017,51,1,0,0
1018,53,1,0,0
1019,49,1,0,0
1020,87,1,0,0
1021,25,1,0,0
1022,13,1,0,0
1023,21,1,0,0
1024,34,1,0,0
1025,82,1,0,0
1026,74,1,0,0
1027,47,1,0,0
1028,86,1,0,0
1029,63,1,0,0
1030,18,1,0,0
1031,78,1,0,0
1032,86,1,0,0
1033,79,1,0,0
1034,89,1,0,0
1035,15,1,0,0
1036,55,1,0,0
1037,184,1,0,0
1038,133,1,0,0
1039,199,1,0,0
1040,71,1,0,0
1041,62,1,0,0
1042,87,1,0,0
1043,156,1,0,0
1044,81,1,0,0
1045,13,1,0,0
1046,248,1,0,0
1047,52,1,0,0
1048,58,1,0,0
1049,12,1,0,0
1050,53,1,0,0
1051,49,1,0,0
1052,30,1,0,0
1053,85,1,0,0
1054,87,1,0,0
1055,13,1,0,0
1056,16,1,0,0
1057,102,1,0,0
1058,61,1,0,0
1059,126,1,0,0
1060,15,1,0,0
1061,74,1,0,0
1062,127,1,0,0
1063,108,1,0,0
1064,15,1,0,0
1065,37,1,0,0
1066,28,1,0,0
1067,53,1,0,0
1068,36,1,0,0
1069,81,1,0,0
1070,43,1,0,0
1071,43,1,0,0
1072,63,1,0,0
1073,54,1,0,0
1074,124,1,0,0
1075,118,1,0,0
1076,60,1,0,0
1077,33,1,0,0
1078,98,1,0,0
1079,72,1,0,0
1080,137,1,0,0
1081,79,1,0,0
1082,40,1,0,0
1083,32,1,0,0
1084,82,1,0,0
1085,25,1,0,0
1086,72,1,0,0
1087,27,1,0,0
1088,44,1,0,0
1089,52,1,0,0
1090,18,1,0,0
1091,14,1,0,0
1092,129,1,0,0
1093,128,1,0,0
1094,25,1,0,0
1095,41,1,0,0
1096,23,1,0,0
1097,86,1,0,0
1098,66,1,0,0
1099,21,1,0,0
1100,13,1,0,0
1101,78,1,0,0
1102,35,1,0,0
1103,115,1,0,0
1104,98,1,0,0
1105,20,1,0,0
1106,61,1,0,0
1107,11,1,0,0
1108,29,1,0,0
1109,79,1,0,0
1110,27,1,0,0
1111,42,1,0,0
1112,79,1,0,0
1113,111,1,0,0
1114,13,1,0,0
1115,138,1,0,0
1116,41,1,0,0
1117,72,1,0,0
1118,14,1,0,0
1119,178,1,0,0
1120,153,1,0,0
1121,144,1,0,0
1122,144,1,0,0
1123,88,1,0,0
1124,23,1,0,0
1125,59,1,0,0
1126,59,1,0,0
1127,50,1,0,0
1128,47,1,0,0
1129,100,1,0,0
1130,107,1,0,0
1131,151,1,0,0
1132,43,1,0,0
1133,40,1,0,0
1134,58,1,0,0
1135,21,1,0,0
1136,45,1,0,0
1137,79,1,0,0
1138,32,1,0,0
1139,44,1,0,0
1140,23,1,0,0
1141,65,1,0,0
1142,49,1,0,0
1143,26,1,0,0
1144,26,1,0,0
1145,87,1,0,0
1146,46,1,0,0
1147,59,1,0,0
1148,109,1,0,0
1149,109,1,0,0
1150,43,1,0,0
1151,18,1,0,0
1152,70,1,0,0
1153,82,1,0,0
1154,34,1,0,0
1155,15,1,0,0
1156,88,1,0,0
1157,46,1,0,0
1158,87,1,0,0
1159,20,1,0,0
1160,46,1,0,0
1161,48,1,0,0
1162,71,1,0,0
1163,148,1,0,0
1164,32,1,0,0
1165,25,1,0,0
1166,47,1,0,0
1167,124,1,0,0
1168,121,1,0,0
1169,107,1,0,0
1170,28,1,0,0
1171,136,1,0,0
1172,81,1,0,0
1173,55,1,0,0
1174,62,1,0,0
1175,110,1,0,0
1176,15,1,0,0
1177,13,1,0,0
1178,127,1,0,0
1179,21,1,0,0
1180,78,1,0,0
1181,57,1,0,0
1182,12,1,0,0
1183,107,1,0,0
1184,123,1,0,0
1185,79,1,0,0
1186,70,1,0,0
1187,49,1,0,0
1188,30,1,0,0
1189,37,1,0,0
1190,259,1,0,0
1191,83,1,0,0
1192,17,1,0,0
1193,141,1,0,0
1194,69,1,0,0
1195,20,1,0,0
1196,126,1,0,0
1197,73,1,0,0
1198,27,1,0,0
1199,17,1,0,0
1200,14,1,0,0
1201,107,1,0,0
1202,77,1,0,0
1203,171,1,0,0
1204,174,1,0,0
1205,74,1,0,0
1206,70,1,0,0
1207,155,1,0,0
1208,14,1,0,0
1209,45,1,0,0
1210,95,1,0,0
1211,115,1,0,0
1212,48,1,0,0
1213,13,1,0,0
1214,78,1,0,0
1215,28,1,0,0
1216,107,1,0,0
1217,119,1,0,0
1218,20,1,0,0
1219,166,1,0,0
1220,85,1,0,0
1221,220,1,0,0
1222,71,1,0,0
1223,92,1,0,0
1224,17,1,0,0
1225,67,1,0,0
1226,87,1,0,0
1227,54,1,0,0
1228,117,1,0,0
1229,92,1,0,0
1230,30,1,0,0
1231,34,1,0,0
1232,40,1,0,0
1233,165,1,0,0
1234,104,1,0,0
1235,74,1,0,0
1236,180,1,0,0
1237,48,1,0,0
1238,106,1,0,0
1239,129,1,0,0
1240,26,1,0,0
1241,129,1,0,0
1242,126,1,0,0
1243,48,1,0,0
1244,54,1,0,0
1245,59,1,0,0
1246,23,1,0,0
1247,172,1,0,0
1248,109,1,0,0
1249,18,1,0,0
1250,78,1,0,0
1251,101,1,0,0
1252,94,1,0,0
1253,63,1,0,0
1254,107,1,0,0
1255,44,1,0,0
1256,94,1,0,0
1257,31,1,0,0
1258,64,1,0,0
1259,91,1,0,0
1260,52,1,0,0
1261,86,1,0,0
1262,224,1,0,0
1263,32,1,0,0
1264,27,1,0,0
1265,109,1,0,0
1266,99,1,0,0
1267,36,1,0,0
1268,43,1,0,0
1269,17,1,0,0
1270,103,1,0,0
1271,68,1,0,0
1272,106,1,0,0
1273,76,1,0,0
1274,50,1,0,0
1275,123,1,0,0
1276,13,1,0,0
1277,26,1,0,0
1278,108,1,0,0
1279,41,1,0,0
1280,42,1,0,0
1281,27,1,0,0
1282,29,1,0,0
1283,52,1,0,0
1284,55,1,0,0
1285,11,1,0,0
1286,52,1,0,0
1287,37,1,0,0
1288,100,1,0,0
1289,48,1,0,0
1290,115,1,0,0
1291,63,1,0,0
1292,33,1,0,0
1293,45,1,0,0
1294,52,1,0,0
1295,43,1,0,0
1296,54,1,0,0
1297,130,1,0,0
1298,144,1,0,0
1299,26,1,0,0
1300,76,1,0,0
1301,15,1,0,0
1302,164,1,0,0
1303,51,1,0,0
1304,51,1,0,0
1305,103,1,0,0
1306,33,1,0,0
1307,29,1,0,0
1308,57,1,0,0
1309,59,1,0,0
1310,29,1,0,0
1311,37,1,0,0
1312,12,1,0,0
1313,16,1,0,0
1314,31,1,0,0
1315,57,1,0,0
1316,30,1,0,0
1317,82,1,0,0
1318,97,1,0,0
1319,25,1,0,0
1320,30,1,0,0
1321,67,1,0,0
1322,34,1,0,0
1323,66,1,0,0
1324,78,1,0,0
1325,51,1,0,0
1326,26,1,0,0
1327,84,1,0,0
1328,56,1,0,0
1329,50,1,0,0
1330,46,1,0,0
1331,38,1,0,0
1332,21,1,0,0
1333,76,1,0,0
1334,107,1,0,0
1335,13,1,0,0
1336,22,1,0,0
1337,135,1,0,0
1338,31,1,0,0
1339,69,1,0,0
1340,37,1,0,0
1341,59,1,0,0
1342,34,1,0,0
1343,29,1,0,0
1344,41,1,0,0
1345,24,1,0,0
1346,71,1,0,0
1347,46,1,0,0
1348,81,1,0,0
1349,25,1,0,0
1350,11,1,0,0
1351,19,1,0,0
1352,74,1,0,0
1353,97,1,0,0
1354,27,1,0,0
1355,57,1,0,0
1356,30,1,0,0
1357,172,1,0,0
1358,94,1,0,0
1359,138,1,0,0
1360,9,1,0,0
1361,102,1,0,0
1362,88,1,0,0
1363,45,1,0,0
1364,98,1,0,0
1365,17,1,0,0
1366,15,1,0,0
1367,124,1,0,0
1368,189,1,0,0
1369,62,1,0,0
1370,40,1,0,0
1371,72,1,0,0
1372,179,1,0,0
1373,59,1,0,0
1374,90,1,0,0
1375,137,1,0,0
1376,34,1,0,0
1377,24,1,0,0
1378,50,1,0,0
1379,21,1,0,0
1380,61,1,0,0
1381,32,1,0,0
1382,31,1,0,0
1383,79,1,0,0
1384,28,1,0,0
1385,13,1,0,0
1386,45,1,0,0
1387,77,1,0,0
1388,101,1,0,0
1389,55,1,0,0
1390,122,1,0,0
1391,31,1,0,0
1392,23,1,0,0
1393,68,1,0,0
1394,85,1,0,0
1395,19,1,0,0
1396,56,1,0,0
1397,50,1,0,0
1398,17,1,0,0
1399,14,1,0,0
1400,63,1,0,0
1401,44,1,0,0
1402,35,1,0,0
1403,24,1,0,0
1404,55,1,0,0
1405,162,1,0,0
1406,42,1,0,0
1407,81,1,0,0
1408,16,1,0,0
1409,53,1,0,0
1410,172,1,0,0
1411,47,1,0,0
1412,33,1,0,0
1413,120,1,0,0
1414,47,1,0,0
1415,141,1,0,0
1416,32,1,0,0
1417,67,1,0,0
1418,19,1,0,0
1419,147,1,0,0
1420,128,1,0,0
1421,44,1,0,0
1422,73,1,0,0
1423,88,1,0,0
1424,58,1,0,0
1425,32,1,0,0
1426,48,1,0,0
1427,95,1,0,0
1428,19,1,0,0
1429,120,1,0,0
1430,21,1,0,0
1431,49,1,0,0
1432,186,1,0,0
1433,183,1,0,0
1434,105,1,0,0
1435,63,1,0,0
1436,83,1,0,0
1437,84,1,0,0
1438,66,1,0,0
1439,65,1,0,0
1440,14,1,0,0
1441,48,1,0,0
1442,35,1,0,0
1443,28,1,0,0
1444,81,1,0,0
1445,79,1,0,0
1446,60,1,0,0
1447,79,1,0,0
1448,60,1,0,0
1449,133,1,0,0
1450,42,1,0,0
1451,127,1,0,0
1452,35,1,0,0
1453,111,1,0,0
1454,128,1,0,0
1455,45,1,0,0
1456,34,1,0,0
1457,22,1,0,0
1458,41,1,0,0
1459,164,1,0,0
1460,13,1,0,0
1461,17,1,0,0
1462,121,1,0,0
1463,50,1,0,0
1464,25,1,0,0
1465,14,1,0,0
1466,56,1,0,0
1467,78,1,0,0
1468,83,1,0,0
1469,22,1,0,0
1470,76,1,0,0
1471,98,1,0,0
1472,48,1,0,0
1473,73,1,0,0
1474,39,1,0,0
1475,22,1,0,0
1476,31,1,0,0
1477,150,1,0,0
1478,14,1,0,0
1479,46,1,0,0
1480,15,1,0,0
1481,62,1,0,0
1482,75,1,0,0
1483,51,1,0,0
1484,17,1,0,0
1485,218,1,0,0
1486,107,1,0,0
1487,78,1,0,0
1488,29,1,0,0
1489,206,1,0,0
1490,43,1,0,0
1491,33,1,0,0
1492,10,1,0,0
1493,77,1,0,0
1494,36,1,0,0
1495,15,1,0,0
1496,75,1,0,0
1497,188,1,0,0
1498,104,1,0,0
1499,57,1,0,0
1500,73,1,0,0
1501,57,1,0,0
1502,23,1,0,0
1503,142,1,0,0
1504,90,1,0,0
1505,23,1,0,0
1506,87,1,0,0
1507,57,1,0,0
1508,91,1,0,0
1509,69,1,0,0
1510,135,1,0,0
1511,88,1,0,0
1512,34,1,0,0
1513,85,1,0,0
1514,31,1,0,0
1515,83,1,0,0
1516,29,1,0,0
1517,81,1,0,0
1518,74,1,0,0
1519,80,1,0,0
1520,24,1,0,0
1521,79,1,0,0
1522,12,1,0,0
1523,97,1,0,0
1524,28,1,0,0
1525,98,1,0,0
1526,26,1,0,0
1527,64,1,0,0
1528,107,1,0,0
1529,19,1,0,0
1530,150,1,0,0
1531,146,1,0,0
1532,74,1,0,0
1533,75,1,0,0
1534,54,1,0,0
1535,29,1,0,0
1536,24,1,0,0
1537,38,1,0,0
1538,60,1,0,0
1539,65,1,0,0
1540,86,1,0,0
1541,38,1,0,0
1542,39,1,0,0
1543,98,1,0,0
1544,104,1,0,0
1545,43,1,0,0
1546,104,1,0,0
1547,86,1,0,0
1548,31,1,0,0
1549,51,1,0,0
1550,13,1,0,0
1551,53,1,0,0
1552,106,1,0,0
1553,125,1,0,0
1554,135,1,0,0
1555,44,1,0,0
1556,187,1,0,0
1557,55,1,0,0
1558,64,1,0,0
1559,19,1,0,0
1560,20,1,0,0
1561,34,1,0,0
1562,56,1,0,0
1563,140,1,0,0
1564,136,1,0,0
1565,97,1,0,0
1566,33,1,0,0
1567,135,1,0,0
1568,27,1,0,0
1569,21,1,0,0
1570,39,1,0,0
1571,126,1,0,0
1572,106,1,0,0
1573,81,1,0,0
1574,76,1,0,0
1575,56,1,0,0
1576,60,1,0,0
1577,89,1,0,0
1578,33,1,0,0
1579,111,1,0,0
1580,20,1,0,0
1581,134,1,0,0
1582,105,1,0,0
1583,18,1,0,0
1584,35,1,0,0
1585,79,1,0,0
1586,235,1,0,0
1587,38,1,0,0
1588,90,1,0,0
1589,68,1,0,0
1590,37,1,0,0
1591,83,1,0,0
1592,71,1,0,0
1593,110,1,0,0
1594,135,1,0,0
1595,122,1,0,0
1596,15,1,0,0
1597,78,1,0,0
1598,60,1,0,0
1599,27,1,0,0
1600,64,1,0,0
1601,38,1,0,0
1602,117,1,0,0
1603,21,1,0,0
1604,89,1,0,0
1605,249,1,0,0
1606,45,1,0,0
1607,159,1,0,0
1608,113,1,0,0
1609,116,1,0,0
1610,101,1,0,0
1611,147,1,0,0
1612,68,1,0,0
1613,57,1,0,0
1614,75,1,0,0
1615,49,1,0,0
1616,145,1,0,0
1617,205,1,0,0
1618,202,1,0,0
1619,103,1,0,0
1620,107,1,0,0
1621,101,1,0,0
1622,21,1,0,0
1623,141,1,0,0
1624,32,1,0,0
1625,79,1,0,0
1626,70,1,0,0
1627,194,1,0,0
1628,95,1,0,0
1629,62,1,0,0
1630,81,1,0,0
1631,96,1,0,0
1632,144,1,0,0
1633,18,1,0,0
1634,22,1,0,0
1635,13,1,0,0
1636,16,1,0,0
1637,97,1,0,0
1638,52,1,0,0
1639,95,1,0,0
1640,50,1,0,0
1641,99,1,0,0
1642,26,1,0,0
1643,96,1,0,0
1644,67,1,0,0
1645,25,1,0,0
1646,33,1,0,0
1647,74,1,0,0
1648,71,1,0,0
1649,133,1,0,0
1650,11,1,0,0
1651,34,1,0,0
1652,53,1,0,0
1653,177,1,0,0
1654,121,1,0,0
1655,178,1,0,0
1656,10,1,0,0
1657,45,1,0,0
1658,126,1,0,0
1659,59,1,0,0
1660,114,1,0,0
1661,38,1,0,0
1662,129,1,0,0
1663,162,1,0,0
1664,34,1,0,0
1665,21,1,0,0
1666,41,1,0,0
1667,199,1,0,0
1668,15,1,0,0
1669,193,1,0,0
1670,77,1,0,0
1671,253,1,0,0
1672,179,1,0,0
1673,50,1,0,0
1674,97,1,0,0
1675,30,1,0,0
1676,43,1,0,0
1677,106,1,0,0
1678,65,1,0,0
1679,14,1,0,0
1680,38,1,0,0
1681,86,1,0,0
1682,97,1,0,0
1683,29,1,0,0
1684,48,1,0,0
1685,168,1,0,0
1686,65,1,0,0
1687,15,1,0,0
1688,41,1,0,0
1689,25,1,0,0
1690,67,1,0,0
1691,116,1,0,0
1692,25,1,0,0
1693,70,1,0,0
1694,44,1,0,0
1695,63,1,0,0
1696,84,1,0,0
1697,44,1,0,0
1698,180,1,0,0
1699,148,1,0,0
1700,113,1,0,0
1701,51,1,0,0
1702,155,1,0,0
1703,66,1,0,0
1704,108,1,0,0
1705,190,1,0,0
1706,107,1,0,0
1707,77,1,0,0
1708,200,1,0,0
1709,53,1,0,0
1710,39,1,0,0
1711,34,1,0,0
1712,38,1,0,0
1713,8,1,0,0
1714,63,1,0,0
1715,55,1,0,0
1716,70,1,0,0
1717,225,1,0,0
1718,139,1,0,0
1719,80,1,0,0
1720,114,1,0,0
1721,34,1,0,0
1722,104,1,0,0
1723,53,1,0,0
1724,202,1,0,0
1725,20,1,0,0
1726,53,1,0,0
1727,101,1,0,0
1728,59,1,0,0
1729,49,1,0,0
1730,29,1,0,0
1731,134,1,0,0
1732,28,1,0,0
1733,76,1,0,0
1734,130,1,0,0
1735,47,1,0,0
1736,71,1,0,0
1737,13,1,0,0
1738,44,1,0,0
1739,14,1,0,0
1740,97,1,0,0
1741,29,1,0,0
1742,37,1,0,0
1743,28,1,0,0
1744,57,1,0,0
1745,84,1,0,0
1746,62,1,0,0
1747,20,1,0,0
1748,130,1,0,0
1749,30,1,0,0
1750,118,1,0,0
1751,176,1,0,0
1752,23,1,0,0
1753,72,1,0,0
1754,52,1,0,0
1755,25,1,0,0
1756,43,1,0,0
1757,56,1,0,0
1758,73,1,0,0
1759,42,1,0,0
1760,55,1,0,0
1761,86,1,0,0
1762,46,1,0,0
1763,88,1,0,0
1764,150,1,0,0
1765,17,1,0,0
1766,41,1,0,0
1767,66,1,0,0
1768,198,1,0,0
1769,67,1,0,0
1770,80,1,0,0
1771,65,1,0,0
1772,34,1,0,0
1773,18,1,0,0
1774,41,1,0,0
1775,21,1,0,0
1776,84,1,0,0
1777,56,1,0,0
1778,42,1,0,0
1779,43,1,0,0
1780,55,1,0,0
1781,23,1,0,0
1782,33,1,0,0
1783,75,1,0,0
1784,27,1,0,0
1785,90,1,0,0
1786,278,1,0,0
1787,136,1,0,0
1788,33,1,0,0
1789,94,1,0,0
1790,200,1,0,0
1791,57,1,0,0
1792,146,1,0,0
1793,13,1,0,0
1794,133,1,0,0
1795,11,1,0,0
1796,128,1,0,0
1797,146,1,0,0
1798,102,1,0,0
1799,74,1,0,0
1800,76,1,0,0
1801,310,1,0,0
1802,48,1,0,0
1803,96,1,0,0
1804,15,1,0,0
1805,44,1,0,0
1806,57,1,0,0
1807,12,1,0,0
1808,43,1,0,0
1809,50,1,0,0
1810,55,1,0,0
1811,99,1,0,0
1812,75,1,0,0
1813,64,1,0,0
1814,42,1,0,0
1815,16,1,0,0
1816,32,1,0,0
1817,42,1,0,0
1818,74,1,0,0
1819,16,1,0,0
1820,37,1,0,0
1821,103,1,0,0
1822,165,1,0,0
1823,53,1,0,0
1824,38,1,0,0
1825,81,1,0,0
1826,83,1,0,0
1827,13,1,0,0
1828,50,1,0,0
1829,28,1,0,0
1830,65,1,0,0
1831,27,1,0,0
1832,147,1,0,0
1833,89,1,0,0
1834,183,1,0,0
1835,97,1,0,0
1836,17,1,0,0
1837,32,1,0,0
1838,31,1,0,0
1839,11,1,0,0
1840,22,1,0,0
1841,56,1,0,0
1842,105,1,0,0
1843,137,1,0,0
1844,192,1,0,0
1845,79,1,0,0
1846,59,1,0,0
1847,39,1,0,0
1848,72,1,0,0
1849,11,1,0,0
1850,83,1,0,0
1851,33,1,0,0
1852,43,1,0,0
1853,12,1,0,0
1854,33,1,0,0
1855,86,1,0,0
1856,93,1,0,0
1857,51,1,0,0
1858,159,1,0,0
1859,69,1,0,0
1860,153,1,0,0
1861,52,1,0,0
1862,35,1,0,0
1863,42,1,0,0
1864,44,1,0,0
1865,45,1,0,0
1866,49,1,0,0
1867,96,1,0,0
1868,62,1,0,0
1869,30,1,0,0
1870,44,1,0,0
1871,80,1,0,0
1872,30,1,0,0
1873,30,1,0,0
1874,26,1,0,0
1875,41,1,0,0
1876,57,1,0,0
1877,110,1,0,0
1878,140,1,0,0
1879,60,1,0,0
1880,242,1,0,0
1881,31,1,0,0
1882,68,1,0,0
1883,45,1,0,0
1884,61,1,0,0
1885,146,1,0,0
1886,27,1,0,0
1887,45,1,0,0
1888,115,1,0,0
1889,34,1,0,0
1890,12,1,0,0
1891,44,1,0,0
1892,35,1,0,0
1893,131,1,0,0
1894,69,1,0,0
1895,61,1,0,0
1896,8,1,0,0
1897,58,1,0,0
1898,30,1,0,0
1899,75,1,0,0
1900,87,1,0,0
1901,150,1,0,0
1902,28,1,0,0
1903,119,1,0,0
1904,16,1,0,0
1905,91,1,0,0
1906,31,1,0,0
1907,21,1,0,0
1908,53,1,0,0
1909,39,1,0,0
1910,39,1,0,0
1911,17,1,0,0
1912,72,1,0,0
1913,59,1,0,0
1914,182,1,0,0
1915,46,1,0,0
1916,187,1,0,0
1917,54,1,0,0
1918,56,1,0,0
1919,51,1,0,0
1920,48,1,0,0
1921,33,1,0,0
1922,16,1,0,0
1923,24,1,0,0
1924,33,1,0,0
1925,18,1,0,0
1926,85,1,0,0
1927,69,1,0,0
1928,145,1,0,0
1929,27,1,0,0
1930,58,1,0,0
1931,116,1,0,0
1932,118,1,0,0
1933,35,1,0,0
1934,58,1,0,0
1935,49,1,0,0
1936,209,1,0,0
1937,169,1,0,0
1938,34,1,0,0
1939,24,1,0,0
1940,43,1,0,0
1941,17,1,0,0
1942,63,1,0,0
1943,114,1,0,0
1944,182,1,0,0
1945,92,1,0,0
1946,161,1,0,0
1947,43,1,0,0
1948,90,1,0,0
1949,28,1,0,0
1950,57,1,0,0
1951,109,1,0,0
1952,20,1,0,0
1953,146,1,0,0
1954,82,1,0,0
1955,92,1,0,0
1956,39,1,0,0
1957,17,1,0,0
1958,141,1,0,0
1959,25,1,0,0
1960,76,1,0,0
1961,121,1,0,0
1962,41,1,0,0
1963,27,1,0,0
1964,144,1,0,0
1965,60,1,0,0
1966,36,1,0,0
1967,54,1,0,0
1968,126,1,0,0
1969,139,1,0,0
1970,74,1,0,0
1971,96,1,0,0
1972,104,1,0,0
1973,33,1,0,0
1974,140,1,0,0
1975,56,1,0,0
1976,129,1,0,0
1977,90,1,0,0
1978,19,1,0,0
1979,66,1,0,0
1980,84,1,0,0
1981,100,1,0,0
1982,69,1,0,0
1983,86,1,0,0
1984,76,1,0,0
1985,25,1,0,0
1986,16,1,0,0
1987,103,1,0,0
1988,90,1,0,0
1989,111,1,0,0
1990,113,1,0,0
1991,32,1,0,0
1992,21,1,0,0
1993,19,1,0,0
1994,59,1,0,0
1995,59,1,0,0
1996,25,1,0,0
1997,135,1,0,0
1998,140,1,0,0
1999,142,1,0,0
2000,25,1,0,0
2001,71,1,0,0
2002,25,1,0,0
2003,38,1,0,0
2004,84,1,0,0
2005,99,1,0,0
2006,20,1,0,0
2007,18,1,0,0
2008,80,1,0,0
2009,14,1,0,0
2010,42,1,0,0
2011,87,1,0,0
2012,144,1,0,0
2013,79,1,0,0
2014,58,1,0,0
2015,57,1,0,0
2016,26,1,0,0
2017,31,1,0,0
2018,153,1,0,0
2019,82,1,0,0
2020,63,1,0,0
2021,81,1,0,0
2022,61,1,0,0
2023,19,1,0,0
2024,169,1,0,0
2025,156,1,0,0
2026,59,1,0,0
2027,49,1,0,0
2028,74,1,0,0
2029,11,1,0,0
2030,75,1,0,0
2031,76,1,0,0
2032,39,1,0,0
2033,44,1,0,0
2034,58,1,0,0
2035,178,1,0,0
2036,119,1,0,0
2037,23,1,0,0
2038,47,1,0,0
2039,113,1,0,0
2040,87,1,0,0
2041,63,1,0,0
2042,163,1,0,0
2043,78,1,0,0
2044,25,1,0,0
2045,102,1,0,0
2046,48,1,0,0
2047,48,1,0,0
2048,118,1,0,0
2049,91,1,0,0
2050,85,1,0,0
2051,21,1,0,0
2052,71,1,0,0
2053,103,1,0,0
2054,112,1,0,0
2055,95,1,0,0
2056,67,1,0,0
2057,57,1,0,0
2058,44,1,0,0
2059,47,1,0,0
2060,67,1,0,0
2061,140,1,0,0
2062,38,1,0,0
2063,54,1,0,0
2064,40,1,0,0
2065,10,1,0,0
2066,15,1,0,0
2067,76,1,0,0
2068,27,1,0,0
2069,124,1,0,0
2070,63,1,0,0
2071,180,1,0,0
2072,12,1,0,0
2073,38,1,0,0
2074,88,1,0,0
2075,48,1,0,0
2076,130,1,0,0
2077,25,1,0,0
2078,39,1,0,0
2079,90,1,0,0
2080,161,1,0,0
2081,181,1,0,0
2082,30,1,0,0
2083,100,1,0,0
2084,131,1,0,0
2085,63,1,0,0
2086,48,1,0,0
2087,131,1,0,0
2088,90,1,0,0
2089,44,1,0,0
2090,34,1,0,0
2091,41,1,0,0
2092,32,1,0,0
2093,154,1,0,0
2094,68,1,0,0
2095,41,1,0,0
2096,26,1,0,0
2097,41,1,0,0
2098,35,1,0,0
2099,116,1,0,0
2100,33,1,0,0
2101,54,1,0,0
2102,43,1,0,0
2103,33,1,0,0
2104,21,1,0,0
2105,50,1,0,0
2106,116,1,0,0
2107,93,1,0,0
2108,32,1,0,0
2109,58,1,0,0
2110,60,1,0,0
2111,64,1,0,0
2112,12,1,0,0
2113,19,1,0,0
2114,52,1,0,0
2115,119,1,0,0
2116,214,1,0,0
2117,21,1,0,0
2118,59,1,0,0
2119,18,1,0,0
2120,52,1,0,0
2121,74,1,0,0
2122,53,1,0,0
2123,33,1,0,0
2124,55,1,0,0
2125,36,1,0,0
2126,70,1,0,0
2127,81,1,0,0
2128,51,1,0,0
2129,145,1,0,0
2130,98,1,0,0
2131,68,1,0,0
2132,16,1,0,0
2133,12,1,0,0
2134,36,1,0,0
2135,87,1,0,0
2136,65,1,0,0
2137,86,1,0,0
2138,98,1,0,0
2139,82,1,0,0
2140,55,1,0,0
2141,118,1,0,0
2142,13,1,0,0
2143,22,1,0,0
2144,104,1,0,0
2145,82,1,0,0
2146,22,1,0,0
2147,65,1,0,0
2148,17,1,0,0
2149,32,1,0,0
2150,48,1,0,0
2151,22,1,0,0
2152,35,1,0,0
2153,39,1,0,0
2154,9,1,0,0
2155,108,1,0,0
2156,76,1,0,0
2157,69,1,0,0
2158,37,1,0,0
2159,56,1,0,0
2160,64,1,0,0
2161,42,1,0,0
2162,18,1,0,0
2163,119,1,0,0
2164,28,1,0,0
2165,169,1,0,0
2166,221,1,0,0
2167,46,1,0,0
2168,33,1,0,0
2169,30,1,0,0
2170,235,1,0,0
2171,80,1,0,0
2172,72,1,0,0
2173,34,1,0,0
2174,19,1,0,0
2175,40,1,0,0
2176,282,1,0,0
2177,43,1,0,0
2178,35,1,0,0
2179,41,1,0,0
2180,42,1,0,0
2181,130,1,0,0
2182,75,1,0,0
2183,124,1,0,0
2184,33,1,0,0
2185,43,1,0,0
2186,24,1,0,0
2187,105,1,0,0
2188,138,1,0,0
2189,76,1,0,0
2190,83,1,0,0
2191,55,1,0,0
2192,21,1,0,0
2193,26,1,0,0
2194,126,1,0,0
2195,197,1,0,0
2196,84,1,0,0
2197,109,1,0,0
2198,66,1,0,0
2199,160,1,0,0
2200,63,1,0,0
2201,48,1,0,0
2202,86,1,0,0
2203,72,1,0,0
2204,74,1,0,0
2205,65,1,0,0
2206,21,1,0,0
2207,33,1,0,0
2208,92,1,0,0
2209,24,1,0,0
2210,77,1,0,0
2211,57,1,0,0
2212,22,1,0,0
2213,104,1,0,0
2214,99,1,0,0
2215,88,1,0,0
2216,37,1,0,0
2217,86,1,0,0
2218,95,1,0,0
2219,58,1,0,0
2220,93,1,0,0
2221,30,1,0,0
2222,159,1,0,0
2223,73,1,0,0
2224,74,1,0,0
2225,46,1,0,0
2226,23,1,0,0
2227,43,1,0,0
2228,73,1,0,0
2229,36,1,0,0
2230,51,1,0,0
2231,71,1,0,0
2232,129,1,0,0
2233,96,1,0,0
2234,134,1,0,0
2235,34,1,0,0
2236,22,1,0,0
2237,40,1,0,0
2238,124,1,0,0
2239,16,1,0,0
2240,161,1,0,0
2241,43,1,0,0
2242,70,1,0,0
2243,14,1,0,0
2244,31,1,0,0
2245,109,1,0,0
2246,60,1,0,0
2247,31,1,0,0
2248,140,1,0,0
2249,101,1,0,0
2250,45,1,0,0
2251,114,1,0,0
2252,46,1,0,0
2253,212,1,0,0
2254,61,1,0,0
2255,71,1,0,0
2256,105,1,0,0
2257,93,1,0,0
2258,114,1,0,0
2259,73,1,0,0
2260,273,1,0,0
2261,11,1,0,0
2262,122,1,0,0
2263,54,1,0,0
2264,84,1,0,0
2265,18,1,0,0
2266,28,1,0,0
2267,149,1,0,0
2268,54,1,0,0
2269,113,1,0,0
2270,33,1,0,0
2271,126,1,0,0
2272,88,1,0,0
2273,40,1,0,0
2274,75,1,0,0
2275,147,1,0,0
2276,45,1,0,0
2277,42,1,0,0
2278,84,1,0,0
2279,50,1,0,0
2280,63,1,0,0
2281,134,1,0,0
2282,10,1,0,0
2283,21,1,0,0
2284,96,1,0,0
2285,138,1,0,0
2286,26,1,0,0
2287,63,1,0,0
2288,39,1,0,0
2289,27,1,0,0
2290,51,1,0,0
2291,15,1,0,0
2292,11,1,0,0
2293,33,1,0,0
2294,261,1,0,0
2295,10,1,0,0
2296,56,1,0,0
2297,94,1,0,0
2298,82,1,0,0
2299,52,1,0,0
2300,78,1,0,0
2301,117,1,0,0
2302,78,1,0,0
2303,170,1,0,0
2304,77,1,0,0
2305,130,1,0,0
2306,111,1,0,0
2307,96,1,0,0
2308,77,1,0,0
2309,56,1,0,0
2310,64,1,0,0
2311,157,1,0,0
2312,32,1,0,0
2313,39,1,0,0
2314,36,1,0,0
2315,25,1,0,0
2316,15,1,0,0
2317,73,1,0,0
2318,72,1,0,0
2319,16,1,0,0
2320,75,1,0,0
2321,107,1,0,0
2322,124,1,0,0
2323,52,1,0,0
2324,85,1,0,0
2325,59,1,0,0
2326,54,1,0,0
2327,94,1,0,0
2328,44,1,0,0
2329,17,1,0,0
2330,175,1,0,0
2331,107,1,0,0
2332,107,1,0,0
2333,36,1,0,0
2334,67,1,0,0
2335,32,1,0,0
2336,59,1,0,0
2337,33,1,0,0
2338,50,1,0,0
2339,42,1,0,0
2340,126,1,0,0
2341,43,1,0,0
2342,62,1,0,0
2343,102,1,0,0
2344,78,1,0,0
2345,88,1,0,0
2346,21,1,0,0
2347,60,1,0,0
2348,77,1,0,0
2349,54,1,0,0
2350,21,1,0,0
2351,91,1,0,0
2352,68,1,0,0
2353,108,1,0,0
2354,61,1,0,0
2355,84,1,0,0
2356,93,1,0,0
2357,98,1,0,0
2358,63,1,0,0
2359,20,1,0,0
2360,128,1,0,0
2361,26,1,0,0
2362,35,1,0,0
2363,25,1,0,0
2364,77,1,0,0
2365,180,1,0,0
2366,16,1,0,0
2367,315,1,0,0
2368,47,1,0,0
2369,49,1,0,0
2370,92,1,0,0
2371,9,1,0,0
2372,123,1,0,0
2373,51,1,0,0
2374,67,1,0,0
2375,63,1,0,0
2376,29,1,0,0
2377,213,1,0,0
2378,31,1,0,0
2379,104,1,0,0
2380,78,1,0,0
2381,123,1,0,0
2382,35,1,0,0
2383,20,1,0,0
2384,153,1,0,0
2385,33,1,0,0
2386,14,1,0,0
2387,44,1,0,0
2388,61,1,0,0
2389,59,1,0,0
2390,52,1,0,0
2391,73,1,0,0
2392,212,1,0,0
2393,62,1,0,0
2394,30,1,0,0
2395,88,1,0,0
2396,35,1,0,0
2397,56,1,0,0
2398,89,1,0,0
2399,8,1,0,0
2400,21,1,0,0
2401,53,1,0,0
2402,197,1,0,0
2403,64,1,0,0
2404,185,1,0,0
2405,79,1,0,0
2406,154,1,0,0
2407,83,1,0,0
2408,16,1,0,0
2409,46,1,0,0
2410,161,1,0,0
2411,42,1,0,0
2412,89,1,0,0
2413,127,1,0,0
2414,118,1,0,0
2415,35,1,0,0
2416,33,1,0,0
2417,67,1,0,0
2418,95,1,0,0
2419,45,1,0,0
2420,88,1,0,0
2421,50,1,0,0
2422,88,1,0,0
2423,69,1,0,0
2424,22,1,0,0
2425,71,1,0,0
2426,9,1,0,0
2427,107,1,0,0
2428,45,1,0,0
2429,77,1,0,0
2430,56,1,0,0
2431,59,1,0,0
2432,31,1,0,0
2433,89,1,0,0
2434,31,1,0,0
2435,126,1,0,0
2436,53,1,0,0
2437,96,1,0,0
2438,19,1,0,0
2439,42,1,0,0
2440,41,1,0,0
2441,31,1,0,0
2442,151,1,0,0
2443,23,1,0,0
2444,32,1,0,0
2445,138,1,0,0
2446,49,1,0,0
2447,51,1,0,0
2448,63,1,0,0
2449,26,1,0,0
2450,163,1,0,0
2451,22,1,0,0
2452,52,1,0,0
2453,134,1,0,0
2454,43,1,0,0
2455,30,1,0,0
2456,136,1,0,0
2457,283,1,0,0
2458,148,1,0,0
2459,13,1,0,0
2460,130,1,0,0
2461,143,1,0,0
2462,15,1,0,0
2463,89,1,0,0
2464,70,1,0,0
2465,39,1,0,0
2466,17,1,0,0
2467,97,1,0,0
2468,18,1,0,0
2469,297,1,0,0
2470,108,1,0,0
2471,47,1,0,0
2472,106,1,0,0
2473,119,1,0,0
2474,88,1,0,0
2475,8,1,0,0
2476,102,1,0,0
2477,37,1,0,0
2478,33,1,0,0
2479,70,1,0,0
2480,63,1,0,0
2481,146,1,0,0
2482,37,1,0,0
2483,63,1,0,0
2484,54,1,0,0
2485,22,1,0,0
2486,55,1,0,0
2487,71,1,0,0
2488,81,1,0,0
2489,85,1,0,0
2490,78,1,0,0
2491,51,1,0,0
2492,48,1,0,0
2493,147,1,0,0
2494,61,1,0,0
2495,63,1,0,0
2496,110,1,0,0
2497,35,1,0,0
2498,118,1,0,0
2499,37,1,0,0
2500,38,1,0,0
2501,146,1,0,0
2502,13,1,0,0
2503,27,1,0,0
2504,46,1,0,0
2505,62,1,0,0
2506,74,1,0,0
2507,67,1,0,0
2508,90,1,0,0
2509,44,1,0,0
2510,37,1,0,0
2511,60,1,0,0
2512,44,1,0,0
2513,40,1,0,0
2514,38,1,0,0
2515,69,1,0,0
2516,34,1,0,0
2517,23,1,0,0
2518,28,1,0,0
2519,32,1,0,0
2520,23,1,0,0
2521,199,1,0,0
2522,31,1,0,0
2523,82,1,0,0
2524,103,1,0,0
2525,36,1,0,0
2526,67,1,0,0
2527,22,1,0,0
2528,137,1,0,0
2529,26,1,0,0
2530,152,1,0,0
2531,49,1,0,0
2532,154,1,0,0
2533,22,1,0,0
2534,156,1,0,0
2535,47,1,0,0
2536,36,1,0,0
2537,63,1,0,0
2538,134,1,0,0
2539,83,1,0,0
2540,83,1,0,0
2541,72,1,0,0
2542,67,1,0,0
2543,57,1,0,0
2544,59,1,0,0
2545,37,1,0,0
2546,101,1,0,0
2547,147,1,0,0
2548,96,1,0,0
2549,20,1,0,0
2550,74,1,0,0
2551,98,1,0,0
2552,60,1,0,0
2553,29,1,0,0
2554,19,1,0,0
2555,59,1,0,0
2556,100,1,0,0
2557,94,1,0,0
2558,94,1,0,0
2559,94,1,0,0
2560,73,1,0,0
2561,99,1,0,0
2562,69,1,0,0
2563,46,1,0,0
2564,58,1,0,0
2565,59,1,0,0
2566,95,1,0,0
2567,111,1,0,0
2568,60,1,0,0
2569,34,1,0,0
2570,134,1,0,0
2571,186,1,0,0
2572,30,1,0,0
2573,89,1,0,0
2574,37,1,0,0
2575,68,1,0,0
2576,130,1,0,0
2577,69,1,0,0
2578,95,1,0,0
2579,56,1,0,0
2580,20,1,0,0
2581,71,1,0,0
2582,59,1,0,0
2583,63,1,0,0
2584,44,1,0,0
2585,19,1,0,0
2586,31,1,0,0
2587,65,1,0,0
2588,102,1,0,0
2589,23,1,0,0
2590,39,1,0,0
2591,41,1,0,0
2592,83,1,0,0
2593,46,1,0,0
2594,94,1,0,0
2595,38,1,0,0
2596,87,1,0,0
2597,100,1,0,0
2598,44,1,0,0
2599,46,1,0,0
2600,9,1,0,0
2601,86,1,0,0
2602,223,1,0,0
2603,40,1,0,0
2604,152,1,0,0
2605,151,1,0,0
2606,59,1,0,0
2607,152,1,0,0
2608,37,1,0,0
2609,46,1,0,0
2610,94,1,0,0
2611,91,1,0,0
2612,18,1,0,0
2613,93,1,0,0
2614,34,1,0,0
2615,65,1,0,0
2616,72,1,0,0
2617,111,1,0,0
2618,78,1,0,0
2619,78,1,0,0
2620,63,1,0,0
2621,17,1,0,0
2622,164,1,0,0
2623,14,1,0,0
2624,52,1,0,0
2625,171,1,0,0
2626,31,1,0,0
2627,55,1,0,0
2628,74,1,0,0
2629,20,1,0,0
2630,78,1,0,0
2631,65,1,0,0
2632,126,1,0,0
2633,78,1,0,0
2634,92,1,0,0
2635,33,1,0,0
2636,10,1,0,0
2637,53,1,0,0
2638,29,1,0,0
2639,97,1,0,0
2640,102,1,0,0
2641,90,1,0,0
2642,89,1,0,0
2643,113,1,0,0
2644,37,1,0,0
2645,31,1,0,0
2646,42,1,0,0
2647,38,1,0,0
2648,19,1,0,0
2649,47,1,0,0
2650,40,1,0,0
2651,84,1,0,0
2652,56,1,0,0
2653,32,1,0,0
2654,53,1,0,0
2655,55,1,0,0
2656,67,1,0,0
2657,32,1,0,0
2658,267,1,0,0
2659,100,1,0,0
2660,74,1,0,0
2661,54,1,0,0
2662,75,1,0,0
2663,43,1,0,0
2664,65,1,0,0
2665,72,1,0,0
2666,49,1,0,0
2667,21,1,0,0
2668,27,1,0,0
2669,71,1,0,0
2670,51,1,0,0
2671,57,1,0,0
2672,25,1,0,0
2673,131,1,0,0
2674,84,1,0,0
2675,191,1,0,0
2676,54,1,0,0
2677,38,1,0,0
2678,53,1,0,0
2679,85,1,0,0
2680,22,1,0,0
2681,49,1,0,0
2682,27,1,0,0
2683,64,1,0,0
2684,84,1,0,0
2685,79,1,0,0
2686,115,1,0,0
2687,72,1,0,0
2688,21,1,0,0
2689,58,1,0,0
2690,41,1,0,0
2691,14,1,0,0
2692,50,1,0,0
2693,39,1,0,0
2694,15,1,0,0
2695,131,1,0,0
2696,71,1,0,0
2697,90,1,0,0
2698,49,1,0,0
2699,55,1,0,0
2700,254,1,0,0
2701,31,1,0,0
2702,81,1,0,0
2703,59,1,0,0
2704,257,1,0,0
2705,131,1,0,0
2706,26,1,0,0
2707,70,1,0,0
2708,21,1,0,0
2709,39,1,0,0
2710,70,1,0,0
2711,98,1,0,0
2712,96,1,0,0
2713,41,1,0,0
2714,148,1,0,0
2715,17,1,0,0
2716,121,1,0,0
2717,52,1,0,0
2718,57,1,0,0
2719,53,1,0,0
2720,10,1,0,0
2721,54,1,0,0
2722,30,1,0,0
2723,105,1,0,0
2724,84,1,0,0
2725,220,1,0,0
2726,57,1,0,0
2727,128,1,0,0
2728,23,1,0,0
2729,43,1,0,0
2730,32,1,0,0
2731,56,1,0,0
2732,104,1,0,0
2733,65,1,0,0
2734,35,1,0,0
2735,41,1,0,0
2736,62,1,0,0
2737,44,1,0,0
2738,216,1,0,0
2739,104,1,0,0
2740,46,1,0,0
2741,84,1,0,0
2742,27,1,0,0
2743,40,1,0,0
2744,17,1,0,0
2745,40,1,0,0
2746,30,1,0,0
2747,29,1,0,0
2748,103,1,0,0
2749,36,1,0,0
2750,49,1,0,0
2751,37,1,0,0
2752,68,1,0,0
2753,43,1,0,0
2754,56,1,0,0
2755,80,1,0,0
2756,23,1,0,0
2757,22,1,0,0
2758,110,1,0,0
2759,19,1,0,0
2760,47,1,0,0
2761,146,1,0,0
2762,86,1,0,0
2763,48,1,0,0
2764,86,1,0,0
2765,39,1,0,0
2766,48,1,0,0
2767,48,1,0,0
2768,69,1,0,0
2769,132,1,0,0
2770,127,1,0,0
2771,109,1,0,0
2772,348,1,0,0
2773,115,1,0,0
2774,26,1,0,0
2775,51,1,0,0
2776,166,1,0,0
2777,43,1,0,0
2778,104,1,0,0
2779,21,1,0,0
2780,91,1,0,0
2781,119,1,0,0
2782,69,1,0,0
2783,22,1,0,0
2784,150,1,0,0
2785,74,1,0,0
2786,94,1,0,0
2787,95,1,0,0
2788,28,1,0,0
2789,113,1,0,0
2790,57,1,0,0
2791,145,1,0,0
2792,101,1,0,0
2793,54,1,0,0
2794,157,1,0,0
2795,7,1,0,0
2796,19,1,0,0
2797,17,1,0,0
2798,23,1,0,0
2799,157,1,0,0
2800,152,1,0,0
2801,79,1,0,0
2802,41,1,0,0
2803,60,1,0,0
2804,54,1,0,0
2805,46,1,0,0
2806,39,1,0,0
2807,109,1,0,0
2808,71,1,0,0
2809,9,1,0,0
2810,230,1,0,0
2811,55,1,0,0
2812,17,1,0,0
2813,79,1,0,0
2814,72,1,0,0
2815,39,1,0,0
2816,213,1,0,0
2817,29,1,0,0
2818,183,1,0,0
2819,62,1,0,0
2820,89,1,0,0
2821,36,1,0,0
2822,43,1,0,0
2823,60,1,0,0
2824,14,1,0,0
2825,151,1,0,0
2826,121,1,0,0
2827,93,1,0,0
2828,37,1,0,0
2829,15,1,0,0
2830,189,1,0,0
2831,45,1,0,0
2832,75,1,0,0
2833,44,1,0,0
2834,75,1,0,0
2835,33,1,0,0
2836,36,1,0,0
2837,98,1,0,0
2838,64,1,0,0
2839,34,1,0,0
2840,17,1,0,0
2841,38,1,0,0
2842,20,1,0,0
2843,47,1,0,0
2844,48,1,0,0
2845,83,1,0,0
2846,78,1,0,0
2847,81,1,0,0
2848,47,1,0,0
2849,83,1,0,0
2850,75,1,0,0
2851,59,1,0,0
2852,51,1,0,0
2853,67,1,0,0
2854,61,1,0,0
2855,131,1,0,0
2856,51,1,0,0
2857,103,1,0,0
2858,21,1,0,0
2859,78,1,0,0
2860,31,1,0,0
2861,17,1,0,0
2862,30,1,0,0
2863,27,1,0,0
2864,59,1,0,0
2865,29,1,0,0
2866,47,1,0,0
2867,124,1,0,0
2868,89,1,0,0
2869,102,1,0,0
2870,34,1,0,0
2871,104,1,0,0
2872,45,1,0,0
2873,36,1,0,0
2874,281,1,0,0
2875,164,1,0,0
2876,25,1,0,0
2877,127,1,0,0
2878,30,1,0,0
2879,18,1,0,0
2880,12,1,0,0
2881,27,1,0,0
2882,23,1,0,0
2883,73,1,0,0
2884,15,1,0,0
2885,24,1,0,0
2886,131,1,0,0
2887,11,1,0,0
2888,34,1,0,0
2889,35,1,0,0
2890,148,1,0,0
2891,28,1,0,0
2892,50,1,0,0
2893,75,1,0,0
2894,46,1,0,0
2895,109,1,0,0
2896,36,1,0,0
2897,116,1,0,0
2898,78,1,0,0
2899,74,1,0,0
2900,49,1,0,0
2901,46,1,0,0
2902,52,1,0,0
2903,17,1,0,0
2904,174,1,0,0
2905,66,1,0,0
2906,35,1,0,0
2907,73,1,0,0
2908,147,1,0,0
2909,50,1,0,0
2910,40,1,0,0
2911,71,1,0,0
2912,97,1,0,0
2913,111,1,0,0
2914,20,1,0,0
2915,27,1,0,0
2916,60,1,0,0
2917,27,1,0,0
2918,112,1,0,0
2919,21,1,0,0
2920,123,1,0,0
2921,47,1,0,0
2922,29,1,0,0
2923,27,1,0,0
2924,76,1,0,0
2925,74,1,0,0
2926,19,1,0,0
2927,49,1,0,0
2928,67,1,0,0
2929,43,1,0,0
2930,38,1,0,0
2931,81,1,0,0
2932,112,1,0,0
2933,42,1,0,0
2934,134,1,0,0
2935,85,1,0,0
2936,71,1,0,0
2937,35,1,0,0
2938,42,1,0,0
2939,122,1,0,0
2940,13,1,0,0
2941,37,1,0,0
2942,65,1,0,0
2943,79,1,0,0
2944,97,1,0,0
2945,8,1,0,0
2946,118,1,0,0
2947,106,1,0,0
2948,75,1,0,0
2949,45,1,0,0
2950,74,1,0,0
2951,28,1,0,0
2952,17,1,0,0
2953,59,1,0,0
2954,114,1,0,0
2955,114,1,0,0
2956,57,1,0,0
2957,161,1,0,0
2958,43,1,0,0
2959,107,1,0,0
2960,40,1,0,0
2961,68,1,0,0
2962,47,1,0,0
2963,25,1,0,0
2964,51,1,0,0
2965,82,1,0,0
2966,107,1,0,0
2967,22,1,0,0
2968,34,1,0,0
2969,124,1,0,0
2970,52,1,0,0
2971,55,1,0,0
2972,89,1,0,0
2973,31,1,0,0
2974,97,1,0,0
2975,19,1,0,0
2976,87,1,0,0
2977,46,1,0,0
2978,28,1,0,0
2979,45,1,0,0
2980,61,1,0,0
2981,86,1,0,0
2982,62,1,0,0
2983,67,1,0,0
2984,59,1,0,0
2985,60,1,0,0
2986,25,1,0,0
2987,85,1,0,0
2988,35,1,0,0
2989,19,1,0,0
2990,12,1,0,0
2991,100,1,0,0
2992,56,1,0,0
2993,126,1,0,0
2994,71,1,0,0
2995,56,1,0,0
2996,176,1,0,0
2997,123,1,0,0
2998,95,1,0,0
2999,108,1,0,0
3000,140,1,0,0
3001,58,1,0,0
3002,24,1,0,0
3003,249,1,0,0
3004,70,1,0,0
3005,44,1,0,0
3006,72,1,0,0
3007,124,1,0,0
3008,65,1,0,0
3009,29,1,0,0
3010,82,1,0,0
3011,36,1,0,0
3012,109,1,0,0
3013,42,1,0,0
3014,72,1,0,0
3015,170,1,0,0
3016,146,1,0,0
3017,131,1,0,0
3018,31,1,0,0
3019,103,1,0,0
3020,86,1,0,0
3021,113,1,0,0
3022,51,1,0,0
3023,32,1,0,0
3024,31,1,0,0
3025,17,1,0,0
3026,38,1,0,0
3027,29,1,0,0
3028,26,1,0,0
3029,49,1,0,0
3030,38,1,0,0
3031,51,1,0,0
3032,96,1,0,0
3033,121,1,0,0
3034,34,1,0,0
3035,30,1,0,0
3036,108,1,0,0
3037,54,1,0,0
3038,111,1,0,0
3039,55,1,0,0
3040,37,1,0,0
3041,34,1,0,0
3042,51,1,0,0
3043,69,1,0,0
3044,84,1,0,0
3045,205,1,0,0
3046,289,1,0,0
3047,72,1,0,0
3048,29,1,0,0
3049,24,1,0,0
3050,78,1,0,0
3051,38,1,0,0
3052,73,1,0,0
3053,9,1,0,0
3054,63,1,0,0
3055,41,1,0,0
3056,23,1,0,0
3057,51,1,0,0
3058,80,1,0,0
3059,105,1,0,0
3060,19,1,0,0
3061,16,1,0,0
3062,65,1,0,0
3063,29,1,0,0
3064,49,1,0,0
3065,40,1,0,0
3066,11,1,0,0
3067,67,1,0,0
3068,15,1,0,0
3069,95,1,0,0
3070,119,1,0,0
3071,42,1,0,0
3072,130,1,0,0
3073,48,1,0,0
3074,31,1,0,0
3075,42,1,0,0
3076,38,1,0,0
3077,145,1,0,0
3078,44,1,0,0
3079,130,1,0,0
3080,159,1,0,0
3081,63,1,0,0
3082,22,1,0,0
3083,146,1,0,0
3084,15,1,0,0
3085,60,1,0,0
3086,18,1,0,0
3087,24,1,0,0
3088,65,1,0,0
3089,35,1,0,0
3090,25,1,0,0
3091,54,1,0,0
3092,36,1,0,0
3093,32,1,0,0
3094,115,1,0,0
3095,143,1,0,0
3096,147,1,0,0
3097,89,1,0,0
3098,80,1,0,0
3099,67,1,0,0
3100,52,1,0,0
3101,27,1,0,0
3102,170,1,0,0
3103,30,1,0,0
3104,62,1,0,0
3105,65,1,0,0
3106,24,1,0,0
3107,38,1,0,0
3108,23,1,0,0
3109,65,1,0,0
3110,156,1,0,0
3111,40,1,0,0
3112,86,1,0,0
3113,66,1,0,0
3114,79,1,0,0
3115,34,1,0,0
3116,210,1,0,0
3117,21,1,0,0
3118,77,1,0,0
3119,36,1,0,0
3120,111,1,0,0
3121,142,1,0,0
3122,80,1,0,0
3123,89,1,0,0
3124,83,1,0,0
3125,94,1,0,0
3126,97,1,0,0
3127,32,1,0,0
3128,37,1,0,0
3129,21,1,0,0
3130,58,1,0,0
3131,39,1,0,0
3132,36,1,0,0
3133,80,1,0,0
3134,53,1,0,0
3135,9,1,0,0
3136,55,1,0,0
3137,171,1,0,0
3138,201,1,0,0
3139,29,1,0,0
3140,142,1,0,0
3141,87,1,0,0
3142,43,1,0,0
3143,20,1,0,0
3144,39,1,0,0
3145,92,1,0,0
3146,15,1,0,0
3147,45,1,0,0
3148,39,1,0,0
3149,17,1,0,0
3150,99,1,0,0
3151,222,1,0,0
3152,90,1,0,0
3153,15,1,0,0
3154,132,1,0,0
3155,8,1,0,0
3156,54,1,0,0
3157,45,1,0,0
3158,10,1,0,0
3159,187,1,0,0
3160,66,1,0,0
3161,104,1,0,0
3162,110,1,0,0
3163,49,1,0,0
3164,28,1,0,0
3165,30,1,0,0
3166,23,1,0,0
3167,76,1,0,0
3168,48,1,0,0
3169,19,1,0,0
3170,84,1,0,0
3171,73,1,0,0
3172,70,1,0,0
3173,31,1,0,0
3174,50,1,0,0
3175,211,1,0,0
3176,29,1,0,0
3177,50,1,0,0
3178,60,1,0,0
3179,91,1,0,0
3180,212,1,0,0
3181,84,1,0,0
3182,65,1,0,0
3183,23,1,0,0
3184,54,1,0,0
3185,67,1,0,0
3186,154,1,0,0
3187,23,1,0,0
3188,40,1,0,0
3189,40,1,0,0
3190,86,1,0,0
3191,41,1,0,0
3192,35,1,0,0
3193,47,1,0,0
3194,70,1,0,0
3195,108,1,0,0
3196,15,1,0,0
3197,82,1,0,0
3198,25,1,0,0
3199,80,1,0,0
3200,57,1,0,0
3201,38,1,0,0
3202,160,1,0,0
3203,38,1,0,0
3204,199,1,0,0
3205,62,1,0,0
3206,18,1,0,0
3207,20,1,0,0
3208,54,1,0,0
3209,77,1,0,0
3210,117,1,0,0
3211,32,1,0,0
3212,63,1,0,0
3213,96,1,0,0
3214,59,1,0,0
3215,51,1,0,0
3216,101,1,0,0
3217,72,1,0,0
3218,121,1,0,0
3219,83,1,0,0
3220,84,1,0,0
3221,64,1,0,0
3222,19,1,0,0
3223,78,1,0,0
3224,77,1,0,0
3225,55,1,0,0
3226,48,1,0,0
3227,62,1,0,0
3228,64,1,0,0
3229,93,1,0,0
3230,96,1,0,0
3231,137,1,0,0
3232,39,1,0,0
3233,40,1,0,0
3234,102,1,0,0
3235,125,1,0,0
3236,65,1,0,0
3237,28,1,0,0
3238,40,1,0,0
3239,67,1,0,0
3240,19,1,0,0
3241,102,1,0,0
3242,15,1,0,0
3243,74,1,0,0
3244,39,1,0,0
3245,39,1,0,0
3246,125,1,0,0
3247,10,1,0,0
3248,134,1,0,0
3249,74,1,0,0
3250,15,1,0,0
3251,116,1,0,0
3252,88,1,0,0
3253,70,1,0,0
3254,189,1,0,0
3255,16,1,0,0
3256,23,1,0,0
3257,115,1,0,0
3258,96,1,0,0
3259,70,1,0,0
3260,136,1,0,0
3261,217,1,0,0
3262,84,1,0,0
3263,19,1,0,0
3264,26,1,0,0
3265,16,1,0,0
3266,103,1,0,0
3267,17,1,0,0
3268,88,1,0,0
3269,58,1,0,0
3270,79,1,0,0
3271,79,1,0,0
3272,58,1,0,0
3273,55,1,0,0
3274,12,1,0,0
3275,9,1,0,0
3276,48,1,0,0
3277,135,1,0,0
3278,34,1,0,0
3279,41,1,0,0
3280,72,1,0,0
3281,40,1,0,0
3282,40,1,0,0
3283,7,1,0,0
3284,72,1,0,0
3285,41,1,0,0
3286,33,1,0,0
3287,29,1,0,0
3288,101,1,0,0
3289,32,1,0,0
3290,36,1,0,0
3291,53,1,0,0
3292,59,1,0,0
3293,97,1,0,0
3294,72,1,0,0
3295,130,1,0,0
3296,121,1,0,0
3297,154,1,0,0
3298,59,1,0,0
3299,297,1,0,0
3300,21,1,0,0
3301,49,1,0,0
3302,72,1,0,0
3303,128,1,0,0
3304,39,1,0,0
3305,86,1,0,0
3306,71,1,0,0
3307,19,1,0,0
3308,43,1,0,0
3309,116,1,0,0
3310,50,1,0,0
3311,19,1,0,0
3312,24,1,0,0
3313,67,1,0,0
3314,66,1,0,0
3315,38,1,0,0
3316,15,1,0,0
3317,101,1,0,0
3318,19,1,0,0
3319,151,1,0,0
3320,189,1,0,0
3321,34,1,0,0
3322,77,1,0,0
3323,53,1,0,0
3324,29,1,0,0
3325,111,1,0,0
3326,155,1,0,0
3327,51,1,0,0
3328,53,1,0,0
3329,71,1,0,0
3330,24,1,0,0
3331,70,1,0,0
3332,85,1,0,0
3333,9,1,0,0
3334,58,1,0,0
3335,40,1,0,0
3336,23,1,0,0
3337,8,1,0,0
3338,26,1,0,0
3339,20,1,0,0
3340,42,1,0,0
3341,67,1,0,0
3342,90,1,0,0
3343,10,1,0,0
3344,36,1,0,0
3345,151,1,0,0
3346,20,1,0,0
3347,35,1,0,0
3348,75,1,0,0
3349,91,1,0,0
3350,171,1,0,0
3351,202,1,0,0
3352,100,1,0,0
3353,33,1,0,0
3354,39,1,0,0
3355,239,1,0,0
3356,11,1,0,0
3357,40,1,0,0
3358,100,1,0,0
3359,21,1,0,0
3360,47,1,0,0
3361,47,1,0,0
3362,58,1,0,0
3363,11,1,0,0
3364,22,1,0,0
3365,233,1,0,0
3366,121,1,0,0
3367,71,1,0,0
3368,33,1,0,0
3369,50,1,0,0
3370,31,1,0,0
3371,76,1,0,0
3372,111,1,0,0
3373,53,1,0,0
3374,131,1,0,0
3375,106,1,0,0
3376,45,1,0,0
3377,88,1,0,0
3378,47,1,0,0
3379,40,1,0,0
3380,53,1,0,0
3381,8,1,0,0
3382,45,1,0,0
3383,67,1,0,0
3384,38,1,0,0
3385,29,1,0,0
3386,116,1,0,0
3387,133,1,0,0
3388,25,1,0,0
3389,129,1,0,0
3390,43,1,0,0
3391,32,1,0,0
3392,118,1,0,0
3393,67,1,0,0
3394,122,1,0,0
3395,37,1,0,0
3396,26,1,0,0
3397,33,1,0,0
3398,95,1,0,0
3399,9,1,0,0
3400,128,1,0,0
3401,81,1,0,0
3402,35,1,0,0
3403,138,1,0,0
3404,12,1,0,0
3405,65,1,0,0
3406,54,1,0,0
3407,92,1,0,0
3408,17,1,0,0
3409,24,1,0,0
3410,91,1,0,0
3411,38,1,0,0
3412,77,1,0,0
3413,47,1,0,0
3414,58,1,0,0
3415,82,1,0,0
3416,42,1,0,0
3417,18,1,0,0
3418,63,1,0,0
3419,67,1,0,0
3420,29,1,0,0
3421,44,1,0,0
3422,198,1,0,0
3423,25,1,0,0
3424,52,1,0,0
3425,72,1,0,0
3426,145,1,0,0
3427,65,1,0,0
3428,146,1,0,0
3429,49,1,0,0
3430,70,1,0,0
3431,68,1,0,0
3432,18,1,0,0
3433,49,1,0,0
3434,48,1,0,0
3435,88,1,0,0
3436,52,1,0,0
3437,31,1,0,0
3438,43,1,0,0
3439,19,1,0,0
3440,30,1,0,0
3441,36,1,0,0
3442,45,1,0,0
3443,55,1,0,0
3444,53,1,0,0
3445,42,1,0,0
3446,74,1,0,0
3447,130,1,0,0
3448,99,1,0,0
3449,40,1,0,0
3450,36,1,0,0
3451,77,1,0,0
3452,23,1,0,0
3453,126,1,0,0
3454,36,1,0,0
3455,73,1,0,0
3456,104,1,0,0
3457,11,1,0,0
3458,44,1,0,0
3459,72,1,0,0
3460,60,1,0,0
3461,92,1,0,0
3462,71,1,0,0
3463,35,1,0,0
3464,13,1,0,0
3465,31,1,0,0
3466,74,1,0,0
3467,69,1,0,0
3468,88,1,0,0
3469,74,1,0,0
3470,12,1,0,0
3471,95,1,0,0
3472,40,1,0,0
3473,32,1,0,0
3474,43,1,0,0
3475,32,1,0,0
3476,17,1,0,0
3477,56,1,0,0
3478,68,1,0,0
3479,205,1,0,0
3480,38,1,0,0
3481,59,1,0,0
3482,48,1,0,0
3483,67,1,0,0
3484,39,1,0,0
3485,48,1,0,0
3486,107,1,0,0
3487,71,1,0,0
3488,51,1,0,0
3489,40,1,0,0
3490,27,1,0,0
3491,37,1,0,0
3492,96,1,0,0
3493,78,1,0,0
3494,31,1,0,0
3495,243,1,0,0
3496,147,1,0,0
3497,52,1,0,0
3498,102,1,0,0
3499,152,1,0,0
3500,44,1,0,0
3501,57,1,0,0
3502,65,1,0,0
3503,140,1,0,0
3504,62,1,0,0
3505,54,1,0,0
3506,64,1,0,0
3507,11,1,0,0
3508,95,1,0,0
3509,115,1,0,0
3510,72,1,0,0
3511,101,1,0,0
3512,73,1,0,0
3513,54,1,0,0
3514,93,1,0,0
3515,13,1,0,0
3516,7,1,0,0
3517,65,1,0,0
3518,41,1,0,0
3519,156,1,0,0
3520,35,1,0,0
3521,84,1,0,0
3522,133,1,0,0
3523,29,1,0,0
3524,42,1,0,0
3525,43,1,0,0
3526,29,1,0,0
3527,101,1,0,0
3528,84,1,0,0
3529,73,1,0,0
3530,64,1,0,0
3531,27,1,0,0
3532,31,1,0,0
3533,74,1,0,0
3534,45,1,0,0
3535,37,1,0,0
3536,147,1,0,0
3537,61,1,0,0
3538,30,1,0,0
3539,138,1,0,0
3540,85,1,0,0
3541,103,1,0,0
3542,26,1,0,0
3543,8,1,0,0
3544,181,1,0,0
3545,38,1,0,0
3546,90,1,0,0
3547,43,1,0,0
3548,94,1,0,0
3549,31,1,0,0
3550,136,1,0,0
3551,91,1,0,0
3552,53,1,0,0
3553,62,1,0,0
3554,111,1,0,0
3555,95,1,0,0
3556,23,1,0,0
3557,25,1,0,0
3558,37,1,0,0
3559,15,1,0,0
3560,64,1,0,0
3561,39,1,0,0
3562,55,1,0,0
3563,96,1,0,0
3564,135,1,0,0
3565,18,1,0,0
3566,197,1,0,0
3567,31,1,0,0
3568,74,1,0,0
3569,81,1,0,0
3570,59,1,0,0
3571,98,1,0,0
3572,16,1,0,0
3573,55,1,0,0
3574,67,1,0,0
3575,90,1,0,0
3576,82,1,0,0
3577,37,1,0,0
3578,10,1,0,0
3579,25,1,0,0
3580,24,1,0,0
3581,41,1,0,0
3582,89,1,0,0
3583,47,1,0,0
3584,58,1,0,0
3585,98,1,0,0
3586,18,1,0,0
3587,32,1,0,0
3588,199,1,0,0
3589,118,1,0,0
3590,52,1,0,0
3591,37,1,0,0
3592,154,1,0,0
3593,167,1,0,0
3594,46,1,0,0
3595,34,1,0,0
3596,83,1,0,0
3597,41,1,0,0
3598,32,1,0,0
3599,21,1,0,0
3600,21,1,0,0
3601,52,1,0,0
3602,109,1,0,0
3603,63,1,0,0
3604,76,1,0,0
3605,46,1,0,0
3606,49,1,0,0
3607,49,1,0,0
3608,29,1,0,0
3609,22,1,0,0
3610,42,1,0,0
3611,13,1,0,0
3612,47,1,0,0
3613,47,1,0,0
3614,111,1,0,0
3615,69,1,0,0
3616,80,1,0,0
3617,25,1,0,0
3618,122,1,0,0
3619,9,1,0,0
3620,31,1,0,0
3621,16,1,0,0
3622,28,1,0,0
3623,112,1,0,0
3624,117,1,0,0
3625,48,1,0,0
3626,247,1,0,0
3627,109,1,0,0
3628,79,1,0,0
3629,82,1,0,0
3630,50,1,0,0
3631,30,1,0,0
3632,114,1,0,0
3633,60,1,0,0
3634,31,1,0,0
3635,129,1,0,0
3636,75,1,0,0
3637,52,1,0,0
3638,72,1,0,0
3639,73,1,0,0
3640,72,1,0,0
3641,24,1,0,0
3642,36,1,0,0
3643,72,1,0,0
3644,276,1,0,0
3645,52,1,0,0
3646,68,1,0,0
3647,44,1,0,0
3648,35,1,0,0
3649,84,1,0,0
3650,124,1,0,0
3651,29,1,0,0
3652,93,1,0,0
3653,145,1,0,0
3654,40,1,0,0
3655,63,1,0,0
3656,35,1,0,0
3657,201,1,0,0
3658,43,1,0,0
3659,34,1,0,0
3660,62,1,0,0
3661,90,1,0,0
3662,14,1,0,0
3663,165,1,0,0
3664,88,1,0,0
3665,25,1,0,0
3666,28,1,0,0
3667,20,1,0,0
3668,81,1,0,0
3669,141,1,0,0
3670,65,1,0,0
3671,320,1,0,0
3672,83,1,0,0
3673,60,1,0,0
3674,77,1,0,0
3675,103,1,0,0
3676,15,1,0,0
3677,58,1,0,0
3678,113,1,0,0
3679,20,1,0,0
3680,99,1,0,0
3681,27,1,0,0
3682,37,1,0,0
3683,21,1,0,0
3684,30,1,0,0
3685,32,1,0,0
3686,63,1,0,0
3687,150,1,0,0
3688,38,1,0,0
3689,83,1,0,0
3690,54,1,0,0
3691,113,1,0,0
3692,66,1,0,0
3693,89,1,0,0
3694,38,1,0,0
3695,95,1,0,0
3696,50,1,0,0
3697,19,1,0,0
3698,69,1,0,0
3699,71,1,0,0
3700,15,1,0,0
3701,31,1,0,0
3702,15,1,0,0
3703,105,1,0,0
3704,44,1,0,0
3705,19,1,0,0
3706,92,1,0,0
3707,56,1,0,0
3708,88,1,0,0
3709,154,1,0,0
3710,102,1,0,0
3711,57,1,0,0
3712,48,1,0,0
3713,43,1,0,0
3714,82,1,0,0
3715,39,1,0,0
3716,95,1,0,0
3717,180,1,0,0
3718,52,1,0,0
3719,65,1,0,0
3720,88,1,0,0
3721,90,1,0,0
3722,18,1,0,0
3723,61,1,0,0
3724,69,1,0,0
3725,59,1,0,0
3726,13,1,0,0
3727,41,1,0,0
3728,129,1,0,0
3729,117,1,0,0
3730,54,1,0,0
3731,27,1,0,0
3732,50,1,0,0
3733,45,1,0,0
3734,39,1,0,0
3735,58,1,0,0
3736,58,1,0,0
3737,131,1,0,0
3738,70,1,0,0
3739,98,1,0,0
3740,76,1,0,0
3741,21,1,0,0
3742,67,1,0,0
3743,91,1,0,0
3744,74,1,0,0
3745,71,1,0,0
3746,239,1,0,0
3747,73,1,0,0
3748,254,1,0,0
3749,79,1,0,0
3750,54,1,0,0
3751,49,1,0,0
3752,43,1,0,0
3753,124,1,0,0
3754,47,1,0,0
3755,54,1,0,0
3756,146,1,0,0
3757,42,1,0,0
3758,67,1,0,0
3759,42,1,0,0
3760,90,1,0,0
3761,62,1,0,0
3762,70,1,0,0
3763,67,1,0,0
3764,13,1,0,0
3765,37,1,0,0
3766,54,1,0,0
3767,52,1,0,0
3768,98,1,0,0
3769,89,1,0,0
3770,167,1,0,0
3771,67,1,0,0
3772,163,1,0,0
3773,32,1,0,0
3774,29,1,0,0
3775,76,1,0,0
3776,96,1,0,0
3777,50,1,0,0
3778,37,1,0,0
3779,69,1,0,0
3780,50,1,0,0
3781,14,1,0,0
3782,46,1,0,0
3783,15,1,0,0
3784,71,1,0,0
3785,83,1,0,0
3786,23,1,0,0
3787,179,1,0,0
3788,37,1,0,0
3789,58,1,0,0
3790,43,1,0,0
3791,37,1,0,0
3792,79,1,0,0
3793,61,1,0,0
3794,168,1,0,0
3795,18,1,0,0
3796,35,1,0,0
3797,26,1,0,0
3798,60,1,0,0
3799,228,1,0,0
3800,23,1,0,0
3801,92,1,0,0
3802,146,1,0,0
3803,53,1,0,0
3804,21,1,0,0
3805,99,1,0,0
3806,30,1,0,0
3807,26,1,0,0
3808,110,1,0,0
3809,14,1,0,0
3810,76,1,0,0
3811,80,1,0,0
3812,8,1,0,0
3813,79,1,0,0
3814,59,1,0,0
3815,65,1,0,0
3816,166,1,0,0
3817,15,1,0,0
3818,80,1,0,0
3819,77,1,0,0
3820,132,1,0,0
3821,50,1,0,0
3822,25,1,0,0
3823,24,1,0,0
3824,49,1,0,0
3825,45,1,0,0
3826,68,1,0,0
3827,71,1,0,0
3828,28,1,0,0
3829,16,1,0,0
3830,203,1,0,0
3831,134,1,0,0
3832,40,1,0,0
3833,72,1,0,0
3834,125,1,0,0
3835,157,1,0,0
3836,102,1,0,0
3837,112,1,0,0
3838,115,1,0,0
3839,51,1,0,0
3840,148,1,0,0
3841,14,1,0,0
3842,60,1,0,0
3843,47,1,0,0
3844,190,1,0,0
3845,147,1,0,0
3846,68,1,0,0
3847,111,1,0,0
3848,43,1,0,0
3849,168,1,0,0
3850,40,1,0,0
3851,47,1,0,0
3852,102,1,0,0
3853,95,1,0,0
3854,18,1,0,0
3855,9,1,0,0
3856,168,1,0,0
3857,128,1,0,0
3858,104,1,0,0
3859,40,1,0,0
3860,90,1,0,0
3861,165,1,0,0
3862,135,1,0,0
3863,28,1,0,0
3864,42,1,0,0
3865,23,1,0,0
3866,28,1,0,0
3867,60,1,0,0
3868,26,1,0,0
3869,85,1,0,0
3870,42,1,0,0
3871,51,1,0,0
3872,83,1,0,0
3873,60,1,0,0
3874,204,1,0,0
3875,55,1,0,0
3876,54,1,0,0
3877,61,1,0,0
3878,108,1,0,0
3879,89,1,0,0
3880,90,1,0,0
3881,136,1,0,0
3882,45,1,0,0
3883,62,1,0,0
3884,108,1,0,0
3885,73,1,0,0
3886,86,1,0,0
3887,55,1,0,0
3888,44,1,0,0
3889,45,1,0,0
3890,22,1,0,0
3891,24,1,0,0
3892,22,1,0,0
3893,14,1,0,0
3894,17,1,0,0
3895,55,1,0,0
3896,83,1,0,0
3897,89,1,0,0
3898,77,1,0,0
3899,188,1,0,0
3900,23,1,0,0
3901,49,1,0,0
3902,110,1,0,0
3903,152,1,0,0
3904,29,1,0,0
3905,52,1,0,0
3906,50,1,0,0
3907,28,1,0,0
3908,143,1,0,0
3909,91,1,0,0
3910,71,1,0,0
3911,42,1,0,0
3912,40,1,0,0
3913,15,1,0,0
3914,63,1,0,0
3915,54,1,0,0
3916,77,1,0,0
3917,78,1,0,0
3918,76,1,0,0
3919,48,1,0,0
3920,80,1,0,0
3921,114,1,0,0
3922,65,1,0,0
3923,89,1,0,0
3924,33,1,0,0
3925,49,1,0,0
3926,9,1,0,0
3927,55,1,0,0
3928,82,1,0,0
3929,29,1,0,0
3930,158,1,0,0
3931,80,1,0,0
3932,53,1,0,0
3933,46,1,0,0
3934,41,1,0,0
3935,47,1,0,0
3936,51,1,0,0
3937,95,1,0,0
3938,180,1,0,0
3939,79,1,0,0
3940,46,1,0,0
3941,182,1,0,0
3942,224,1,0,0
3943,31,1,0,0
3944,36,1,0,0
3945,119,1,0,0
3946,172,1,0,0
3947,60,1,0,0
3948,35,1,0,0
3949,278,1,0,0
3950,85,1,0,0
3951,51,1,0,0
3952,20,1,0,0
3953,42,1,0,0
3954,120,1,0,0
3955,58,1,0,0
3956,16,1,0,0
3957,46,1,0,0
3958,90,1,0,0
3959,57,1,0,0
3960,26,1,0,0
3961,11,1,0,0
3962,60,1,0,0
3963,26,1,0,0
3964,35,1,0,0
3965,29,1,0,0
3966,24,1,0,0
3967,44,1,0,0
3968,40,1,0,0
3969,76,1,0,0
3970,102,1,0,0
3971,218,1,0,0
3972,65,1,0,0
3973,44,1,0,0
3974,31,1,0,0
3975,46,1,0,0
3976,33,1,0,0
3977,34,1,0,0
3978,29,1,0,0
3979,73,1,0,0
3980,115,1,0,0
3981,63,1,0,0
3982,71,1,0,0
3983,32,1,0,0
3984,113,1,0,0
3985,59,1,0,0
3986,85,1,0,0
3987,35,1,0,0
3988,22,1,0,0
3989,61,1,0,0
3990,79,1,0,0
3991,43,1,0,0
3992,20,1,0,0
3993,51,1,0,0
3994,40,1,0,0
3995,70,1,0,0
3996,21,1,0,0
3997,30,1,0,0
3998,175,1,0,0
3999,26,1,0,0
4000,181,1,0,0
4001,277,1,0,0
4002,39,1,0,0
4003,171,1,0,0
4004,173,1,0,0
4005,59,1,0,0
4006,156,1,0,0
4007,57,1,0,0
4008,128,1,0,0
4009,27,1,0,0
4010,64,1,0,0
4011,42,1,0,0
4012,17,1,0,0
4013,74,1,0,0
4014,127,1,0,0
4015,24,1,0,0
4016,52,1,0,0
4017,12,1,0,0
4018,140,1,0,0
4019,77,1,0,0
4020,60,1,0,0
4021,38,1,0,0
4022,54,1,0,0
4023,36,1,0,0
4024,169,1,0,0
4025,205,1,0,0
4026,43,1,0,0
4027,81,1,0,0
4028,202,1,0,0
4029,12,1,0,0
4030,56,1,0,0
4031,137,1,0,0
4032,37,1,0,0
4033,17,1,0,0
4034,92,1,0,0
4035,152,1,0,0
4036,42,1,0,0
4037,66,1,0,0
4038,114,1,0,0
4039,125,1,0,0
4040,22,1,0,0
4041,108,1,0,0
4042,51,1,0,0
4043,184,1,0,0
4044,15,1,0,0
4045,69,1,0,0
4046,102,1,0,0
4047,25,1,0,0
4048,26,1,0,0
4049,71,1,0,0
4050,42,1,0,0
4051,47,1,0,0
4052,20,1,0,0
4053,258,1,0,0
4054,11,1,0,0
4055,97,1,0,0
4056,60,1,0,0
4057,54,1,0,0
4058,101,1,0,0
4059,58,1,0,0
4060,69,1,0,0
4061,106,1,0,0
4062,51,1,0,0
4063,57,1,0,0
4064,85,1,0,0
4065,103,1,0,0
4066,208,1,0,0
4067,33,1,0,0
4068,30,1,0,0
4069,77,1,0,0
4070,116,1,0,0
4071,101,1,0,0
4072,51,1,0,0
4073,20,1,0,0
4074,21,1,0,0
4075,88,1,0,0
4076,57,1,0,0
4077,118,1,0,0
4078,39,1,0,0
4079,53,1,0,0
4080,127,1,0,0
4081,272,1,0,0
4082,132,1,0,0
4083,45,1,0,0
4084,50,1,0,0
4085,28,1,0,0
4086,71,1,0,0
4087,23,1,0,0
4088,106,1,0,0
4089,59,1,0,0
4090,92,1,0,0
4091,8,1,0,0
4092,47,1,0,0
4093,174,1,0,0
4094,11,1,0,0
4095,11,1,0,0
4096,41,1,0,0
4097,25,1,0,0
4098,118,1,0,0
4099,25,1,0,0
4100,134,1,0,0
4101,37,1,0,0
4102,40,1,0,0
4103,62,1,0,0
4104,9,1,0,0
4105,299,1,0,0
4106,68,1,0,0
4107,37,1,0,0
4108,42,1,0,0
4109,55,1,0,0
4110,27,1,0,0
4111,90,1,0,0
4112,54,1,0,0
4113,49,1,0,0
4114,28,1,0,0
4115,63,1,0,0
4116,29,1,0,0
4117,136,1,0,0
4118,41,1,0,0
4119,84,1,0,0
4120,118,1,0,0
4121,70,1,0,0
4122,88,1,0,0
4123,43,1,0,0
4124,118,1,0,0
4125,227,1,0,0
4126,70,1,0,0
4127,33,1,0,0
4128,129,1,0,0
4129,49,1,0,0
4130,47,1,0,0
4131,179,1,0,0
4132,42,1,0,0
4133,72,1,0,0
4134,110,1,0,0
4135,150,1,0,0
4136,80,1,0,0
4137,41,1,0,0
4138,9,1,0,0
4139,83,1,0,0
4140,34,1,0,0
4141,129,1,0,0
4142,30,1,0,0
4143,52,1,0,0
4144,81,1,0,0
4145,40,1,0,0
4146,111,1,0,0
4147,37,1,0,0
4148,106,1,0,0
4149,48,1,0,0
4150,59,1,0,0
4151,22,1,0,0
4152,131,1,0,0
4153,73,1,0,0
4154,41,1,0,0
4155,42,1,0,0
4156,77,1,0,0
4157,55,1,0,0
4158,40,1,0,0
4159,100,1,0,0
4160,81,1,0,0
4161,31,1,0,0
4162,140,1,0,0
4163,48,1,0,0
4164,11,1,0,0
4165,50,1,0,0
4166,53,1,0,0
4167,56,1,0,0
4168,33,1,0,0
4169,81,1,0,0
4170,133,1,0,0
4171,41,1,0,0
4172,89,1,0,0
4173,37,1,0,0
4174,70,1,0,0
4175,11,1,0,0
4176,46,1,0,0
4177,60,1,0,0
4178,129,1,0,0
4179,9,1,0,0
4180,99,1,0,0
4181,103,1,0,0
4182,126,1,0,0
4183,60,1,0,0
4184,53,1,0,0
4185,104,1,0,0
4186,25,1,0,0
4187,331,1,0,0
4188,43,1,0,0
4189,73,1,0,0
4190,18,1,0,0
4191,85,1,0,0
4192,73,1,0,0
4193,78,1,0,0
4194,119,1,0,0
4195,149,1,0,0
4196,126,1,0,0
4197,79,1,0,0
4198,79,1,0,0
4199,15,1,0,0
4200,21,1,0,0
4201,51,1,0,0
4202,72,1,0,0
4203,68,1,0,0
4204,51,1,0,0
4205,78,1,0,0
4206,114,1,0,0
4207,72,1,0,0
4208,76,1,0,0
4209,57,1,0,0
4210,36,1,0,0
4211,157,1,0,0
4212,102,1,0,0
4213,58,1,0,0
4214,99,1,0,0
4215,57,1,0,0
4216,32,1,0,0
4217,96,1,0,0
4218,47,1,0,0
4219,144,1,0,0
4220,18,1,0,0
4221,27,1,0,0
4222,12,1,0,0
4223,127,1,0,0
4224,40,1,0,0
4225,242,1,0,0
4226,249,1,0,0
4227,96,1,0,0
4228,130,1,0,0
4229,154,1,0,0
4230,59,1,0,0
4231,33,1,0,0
4232,45,1,0,0
4233,183,1,0,0
4234,19,1,0,0
4235,109,1,0,0
4236,100,1,0,0
4237,72,1,0,0
4238,53,1,0,0
4239,33,1,0,0
4240,40,1,0,0
4241,69,1,0,0
4242,80,1,0,0
4243,33,1,0,0
4244,60,1,0,0
4245,122,1,0,0
4246,52,1,0,0
4247,55,1,0,0
4248,147,1,0,0
4249,84,1,0,0
4250,62,1,0,0
4251,12,1,0,0
4252,79,1,0,0
4253,118,1,0,0
4254,11,1,0,0
4255,61,1,0,0
4256,15,1,0,0
4257,99,1,0,0
4258,47,1,0,0
4259,111,1,0,0
4260,10,1,0,0
4261,26,1,0,0
4262,74,1,0,0
4263,28,1,0,0
4264,39,1,0,0
4265,110,1,0,0
4266,145,1,0,0
4267,34,1,0,0
4268,100,1,0,0
4269,47,1,0,0
4270,64,1,0,0
4271,77,1,0,0
4272,71,1,0,0
4273,110,1,0,0
4274,34,1,0,0
4275,31,1,0,0
4276,15,1,0,0
4277,55,1,0,0
4278,17,1,0,0
4279,50,1,0,0
4280,86,1,0,0
4281,26,1,0,0
4282,81,1,0,0
4283,66,1,0,0
4284,47,1,0,0
4285,77,1,0,0
4286,126,1,0,0
4287,24,1,0,0
4288,12,1,0,0
4289,71,1,0,0
4290,62,1,0,0
4291,43,1,0,0
4292,53,1,0,0
4293,157,1,0,0
4294,16,1,0,0
4295,128,1,0,0
4296,23,1,0,0
4297,32,1,0,0
4298,20,1,0,0
4299,78,1,0,0
4300,12,1,0,0
4301,45,1,0,0
4302,103,1,0,0
4303,161,1,0,0
4304,153,1,0,0
4305,32,1,0,0
4306,51,1,0,0
4307,20,1,0,0
4308,57,1,0,0
4309,103,1,0,0
4310,147,1,0,0
4311,153,1,0,0
4312,23,1,0,0
4313,202,1,0,0
4314,43,1,0,0
4315,62,1,0,0
4316,111,1,0,0
4317,53,1,0,0
4318,65,1,0,0
4319,102,1,0,0
4320,23,1,0,0
4321,99,1,0,0
4322,27,1,0,0
4323,14,1,0,0
4324,65,1,0,0
4325,137,1,0,0
4326,38,1,0,0
4327,29,1,0,0
4328,89,1,0,0
4329,71,1,0,0
4330,40,1,0,0
4331,73,1,0,0
4332,13,1,0,0
4333,142,1,0,0
4334,158,1,0,0
4335,30,1,0,0
4336,40,1,0,0
4337,132,1,0,0
4338,32,1,0,0
4339,44,1,0,0
4340,167,1,0,0
4341,37,1,0,0
4342,61,1,0,0
4343,130,1,0,0
4344,71,1,0,0
4345,17,1,0,0
4346,131,1,0,0
4347,82,1,0,0
4348,36,1,0,0
4349,38,1,0,0
4350,73,1,0,0
4351,10,1,0,0
4352,12,1,0,0
4353,50,1,0,0
4354,42,1,0,0
4355,32,1,0,0
4356,195,1,0,0
4357,83,1,0,0
4358,129,1,0,0
4359,52,1,0,0
4360,14,1,0,0
4361,15,1,0,0
4362,62,1,0,0
4363,25,1,0,0
4364,19,1,0,0
4365,141,1,0,0
4366,167,1,0,0
4367,70,1,0,0
4368,168,1,0,0
4369,90,1,0,0
4370,44,1,0,0
4371,80,1,0,0
4372,18,1,0,0
4373,31,1,0,0
4374,292,1,0,0
4375,22,1,0,0
4376,218,1,0,0
4377,32,1,0,0
4378,167,1,0,0
4379,51,1,0,0
4380,33,1,0,0
4381,54,1,0,0
4382,62,1,0,0
4383,41,1,0,0
4384,28,1,0,0
4385,73,1,0,0
4386,46,1,0,0
4387,116,1,0,0
4388,28,1,0,0
4389,76,1,0,0
4390,92,1,0,0
4391,67,1,0,0
4392,84,1,0,0
4393,77,1,0,0
4394,22,1,0,0
4395,45,1,0,0
4396,139,1,0,0
4397,27,1,0,0
4398,64,1,0,0
4399,44,1,0,0
4400,73,1,0,0
4401,40,1,0,0
4402,30,1,0,0
4403,26,1,0,0
4404,34,1,0,0
4405,97,1,0,0
4406,86,1,0,0
4407,43,1,0,0
4408,61,1,0,0
4409,143,1,0,0
4410,106,1,0,0
4411,125,1,0,0
4412,31,1,0,0
4413,76,1,0,0
4414,125,1,0,0
4415,84,1,0,0
4416,41,1,0,0
4417,59,1,0,0
4418,27,1,0,0
4419,41,1,0,0
4420,14,1,0,0
4421,54,1,0,0
4422,18,1,0,0
4423,87,1,0,0
4424,95,1,0,0
4425,8,1,0,0
4426,45,1,0,0
4427,98,1,0,0
4428,113,1,0,0
4429,181,1,0,0
4430,38,1,0,0
4431,42,1,0,0
4432,55,1,0,0
4433,27,1,0,0
4434,49,1,0,0
4435,184,1,0,0
4436,120,1,0,0
4437,39,1,0,0
4438,108,1,0,0
4439,51,1,0,0
4440,160,1,0,0
4441,39,1,0,0
4442,59,1,0,0
4443,106,1,0,0
4444,67,1,0,0
4445,28,1,0,0
4446,118,1,0,0
4447,10,1,0,0
4448,40,1,0,0
4449,48,1,0,0
4450,78,1,0,0
4451,147,1,0,0
4452,126,1,0,0
4453,30,1,0,0
4454,114,1,0,0
4455,27,1,0,0
4456,181,1,0,0
4457,58,1,0,0
4458,235,1,0,0
4459,72,1,0,0
4460,126,1,0,0
4461,36,1,0,0
4462,53,1,0,0
4463,96,1,0,0
4464,60,1,0,0
4465,42,1,0,0
4466,60,1,0,0
4467,19,1,0,0
4468,122,1,0,0
4469,49,1,0,0
4470,209,1,0,0
4471,25,1,0,0
4472,41,1,0,0
4473,131,1,0,0
4474,28,1,0,0
4475,102,1,0,0
4476,23,1,0,0
4477,28,1,0,0
4478,95,1,0,0
4479,117,1,0,0
4480,133,1,0,0
4481,70,1,0,0
4482,10,1,0,0
4483,14,1,0,0
4484,84,1,0,0
4485,173,1,0,0
4486,12,1,0,0
4487,35,1,0,0
4488,37,1,0,0
4489,112,1,0,0
4490,108,1,0,0
4491,45,1,0,0
4492,152,1,0,0
4493,163,1,0,0
4494,72,1,0,0
4495,48,1,0,0
4496,59,1,0,0
4497,77,1,0,0
4498,106,1,0,0
4499,137,1,0,0
4500,95,1,0,0
4501,107,1,0,0
4502,38,1,0,0
4503,79,1,0,0
4504,17,1,0,0
4505,31,1,0,0
4506,62,1,0,0
4507,12,1,0,0
4508,115,1,0,0
4509,180,1,0,0
4510,29,1,0,0
4511,18,1,0,0
4512,36,1,0,0
4513,66,1,0,0
4514,71,1,0,0
4515,9,1,0,0
4516,104,1,0,0
4517,18,1,0,0
4518,46,1,0,0
4519,30,1,0,0
4520,121,1,0,0
4521,49,1,0,0
4522,21,1,0,0
4523,88,1,0,0
4524,18,1,0,0
4525,68,1,0,0
4526,227,1,0,0
4527,92,1,0,0
4528,122,1,0,0
4529,11,1,0,0
4530,297,1,0,0
4531,53,1,0,0
4532,12,1,0,0
4533,12,1,0,0
4534,85,1,0,0
4535,33,1,0,0
4536,68,1,0,0
4537,11,1,0,0
4538,7,1,0,0
4539,81,1,0,0
4540,25,1,0,0
4541,57,1,0,0
4542,89,1,0,0
4543,122,1,0,0
4544,89,1,0,0
4545,21,1,0,0
4546,41,1,0,0
4547,45,1,0,0
4548,108,1,0,0
4549,65,1,0,0
4550,73,1,0,0
4551,39,1,0,0
4552,43,1,0,0
4553,48,1,0,0
4554,127,1,0,0
4555,60,1,0,0
4556,53,1,0,0
4557,48,1,0,0
4558,127,1,0,0
4559,133,1,0,0
4560,142,1,0,0
4561,117,1,0,0
4562,37,1,0,0
4563,9,1,0,0
4564,21,1,0,0
4565,120,1,0,0
4566,14,1,0,0
4567,66,1,0,0
4568,121,1,0,0
4569,16,1,0,0
4570,26,1,0,0
4571,27,1,0,0
4572,87,1,0,0
4573,59,1,0,0
4574,27,1,0,0
4575,39,1,0,0
4576,88,1,0,0
4577,55,1,0,0
4578,130,1,0,0
4579,376,1,0,0
4580,153,1,0,0
4581,15,1,0,0
4582,91,1,0,0
4583,76,1,0,0
4584,52,1,0,0
4585,82,1,0,0
4586,63,1,0,0
4587,78,1,0,0
4588,31,1,0,0
4589,46,1,0,0
4590,37,1,0,0
4591,53,1,0,0
4592,151,1,0,0
4593,43,1,0,0
4594,7,1,0,0
4595,114,1,0,0
4596,11,1,0,0
4597,29,1,0,0
4598,86,1,0,0
4599,67,1,0,0
4600,219,1,0,0
4601,167,1,0,0
4602,12,1,0,0
4603,62,1,0,0
4604,20,1,0,0
4605,12,1,0,0
4606,70,1,0,0
4607,59,1,0,0
4608,283,1,0,0
4609,31,1,0,0
4610,81,1,0,0
4611,62,1,0,0
4612,47,1,0,0
4613,35,1,0,0
4614,21,1,0,0
4615,32,1,0,0
4616,59,1,0,0
4617,18,1,0,0
4618,29,1,0,0
4619,125,1,0,0
4620,74,1,0,0
4621,70,1,0,0
4622,15,1,0,0
4623,20,1,0,0
4624,43,1,0,0
4625,76,1,0,0
4626,109,1,0,0
4627,35,1,0,0
4628,103,1,0,0
4629,209,1,0,0
4630,117,1,0,0
4631,117,1,0,0
4632,157,1,0,0
4633,56,1,0,0
4634,35,1,0,0
4635,90,1,0,0
4636,73,1,0,0
4637,33,1,0,0
4638,20,1,0,0
4639,168,1,0,0
4640,37,1,0,0
4641,47,1,0,0
4642,85,1,0,0
4643,77,1,0,0
4644,93,1,0,0
4645,117,1,0,0
4646,151,1,0,0
4647,35,1,0,0
4648,51,1,0,0
4649,76,1,0,0
4650,40,1,0,0
4651,75,1,0,0
4652,41,1,0,0
4653,13,1,0,0
4654,120,1,0,0
4655,48,1,0,0
4656,32,1,0,0
4657,17,1,0,0
4658,35,1,0,0
4659,24,1,0,0
4660,135,1,0,0
4661,24,1,0,0
4662,22,1,0,0
4663,37,1,0,0
4664,78,1,0,0
4665,61,1,0,0
4666,110,1,0,0
4667,81,1,0,0
4668,96,1,0,0
4669,90,1,0,0
4670,54,1,0,0
4671,25,1,0,0
4672,37,1,0,0
4673,47,1,0,0
4674,42,1,0,0
4675,55,1,0,0
4676,74,1,0,0
4677,12,1,0,0
4678,46,1,0,0
4679,64,1,0,0
4680,36,1,0,0
4681,23,1,0,0
4682,48,1,0,0
4683,59,1,0,0
4684,237,1,0,0
4685,167,1,0,0
4686,19,1,0,0
4687,86,1,0,0
4688,89,1,0,0
4689,47,1,0,0
4690,33,1,0,0
4691,201,1,0,0
4692,66,1,0,0
4693,100,1,0,0
4694,199,1,0,0
4695,33,1,0,0
4696,41,1,0,0
4697,57,1,0,0
4698,76,1,0,0
4699,27,1,0,0
4700,86,1,0,0
4701,54,1,0,0
4702,45,1,0,0
4703,238,1,0,0
4704,22,1,0,0
4705,98,1,0,0
4706,117,1,0,0
4707,15,1,0,0
4708,108,1,0,0
4709,90,1,0,0
4710,190,1,0,0
4711,75,1,0,0
4712,143,1,0,0
4713,55,1,0,0
4714,160,1,0,0
4715,102,1,0,0
4716,85,1,0,0
4717,34,1,0,0
4718,184,1,0,0
4719,50,1,0,0
4720,123,1,0,0
4721,77,1,0,0
4722,92,1,0,0
4723,119,1,0,0
4724,11,1,0,0
4725,71,1,0,0
4726,21,1,0,0
4727,61,1,0,0
4728,39,1,0,0
4729,18,1,0,0
4730,166,1,0,0
4731,29,1,0,0
4732,60,1,0,0
4733,78,1,0,0
4734,120,1,0,0
4735,50,1,0,0
4736,49,1,0,0
4737,147,1,0,0
4738,47,1,0,0
4739,28,1,0,0
4740,45,1,0,0
4741,100,1,0,0
4742,90,1,0,0
4743,202,1,0,0
4744,39,1,0,0
4745,231,1,0,0
4746,15,1,0,0
4747,21,1,0,0
4748,57,1,0,0
4749,35,1,0,0
4750,21,1,0,0
4751,57,1,0,0
4752,51,1,0,0
4753,17,1,0,0
4754,73,1,0,0
4755,41,1,0,0
4756,55,1,0,0
4757,59,1,0,0
4758,76,1,0,0
4759,60,1,0,0
4760,100,1,0,0
4761,45,1,0,0
4762,64,1,0,0
4763,117,1,0,0
4764,51,1,0,0
4765,99,1,0,0
4766,86,1,0,0
4767,27,1,0,0
4768,34,1,0,0
4769,69,1,0,0
4770,165,1,0,0
4771,23,1,0,0
4772,64,1,0,0
4773,37,1,0,0
4774,96,1,0,0
4775,54,1,0,0
4776,136,1,0,0
4777,39,1,0,0
4778,132,1,0,0
4779,29,1,0,0
4780,67,1,0,0
4781,72,1,0,0
4782,163,1,0,0
4783,40,1,0,0
4784,36,1,0,0
4785,56,1,0,0
4786,39,1,0,0
4787,74,1,0,0
4788,41,1,0,0
4789,67,1,0,0
4790,35,1,0,0
4791,28,1,0,0
4792,56,1,0,0
4793,30,1,0,0
4794,50,1,0,0
4795,26,1,0,0
4796,213,1,0,0
4797,61,1,0,0
4798,34,1,0,0
4799,28,1,0,0
4800,31,1,0,0
4801,31,1,0,0
4802,19,1,0,0
4803,63,1,0,0
4804,83,1,0,0
4805,144,1,0,0
4806,122,1,0,0
4807,126,1,0,0
4808,64,1,0,0
4809,130,1,0,0
4810,48,1,0,0
4811,53,1,0,0
4812,51,1,0,0
4813,83,1,0,0
4814,60,1,0,0
4815,68,1,0,0
4816,83,1,0,0
4817,99,1,0,0
4818,36,1,0,0
4819,43,1,0,0
4820,96,1,0,0
4821,218,1,0,0
4822,52,1,0,0
4823,70,1,0,0
4824,29,1,0,0
4825,87,1,0,0
4826,21,1,0,0
4827,19,1,0,0
4828,19,1,0,0
4829,114,1,0,0
4830,58,1,0,0
4831,114,1,0,0
4832,35,1,0,0
4833,30,1,0,0
4834,20,1,0,0
4835,112,1,0,0
4836,110,1,0,0
4837,17,1,0,0
4838,95,1,0,0
4839,80,1,0,0
4840,35,1,0,0
4841,55,1,0,0
4842,42,1,0,0
4843,309,1,0,0
4844,104,1,0,0
4845,43,1,0,0
4846,93,1,0,0
4847,199,1,0,0
4848,172,1,0,0
4849,32,1,0,0
4850,28,1,0,0
4851,60,1,0,0
4852,59,1,0,0
4853,53,1,0,0
4854,64,1,0,0
4855,93,1,0,0
4856,49,1,0,0
4857,26,1,0,0
4858,25,1,0,0
4859,80,1,0,0
4860,33,1,0,0
4861,98,1,0,0
4862,17,1,0,0
4863,78,1,0,0
4864,14,1,0,0
4865,11,1,0,0
4866,267,1,0,0
4867,34,1,0,0
4868,39,1,0,0
4869,60,1,0,0
4870,28,1,0,0
4871,33,1,0,0
4872,114,1,0,0
4873,63,1,0,0
4874,43,1,0,0
4875,144,1,0,0
4876,46,1,0,0
4877,72,1,0,0
4878,25,1,0,0
4879,65,1,0,0
4880,147,1,0,0
4881,87,1,0,0
4882,255,1,0,0
4883,61,1,0,0
4884,124,1,0,0
4885,61,1,0,0
4886,63,1,0,0
4887,121,1,0,0
4888,117,1,0,0
4889,53,1,0,0
4890,52,1,0,0
4891,133,1,0,0
4892,43,1,0,0
4893,51,1,0,0
4894,23,1,0,0
4895,111,1,0,0
4896,137,1,0,0
4897,48,1,0,0
4898,254,1,0,0
4899,135,1,0,0
4900,67,1,0,0
4901,103,1,0,0
4902,122,1,0,0
4903,82,1,0,0
4904,61,1,0,0
4905,20,1,0,0
4906,34,1,0,0
4907,142,1,0,0
4908,27,1,0,0
4909,50,1,0,0
4910,18,1,0,0
4911,37,1,0,0
4912,123,1,0,0
4913,64,1,0,0
4914,103,1,0,0
4915,30,1,0,0
4916,30,1,0,0
4917,42,1,0,0
4918,54,1,0,0
4919,48,1,0,0
4920,82,1,0,0
4921,57,1,0,0
4922,49,1,0,0
4923,45,1,0,0
4924,23,1,0,0
4925,333,1,0,0
4926,87,1,0,0
4927,19,1,0,0
4928,120,1,0,0
4929,25,1,0,0
4930,46,1,0,0
4931,84,1,0,0
4932,86,1,0,0
4933,46,1,0,0
4934,61,1,0,0
4935,50,1,0,0
4936,134,1,0,0
4937,14,1,0,0
4938,94,1,0,0
4939,119,1,0,0
4940,103,1,0,0
4941,102,1,0,0
4942,67,1,0,0
4943,42,1,0,0
4944,151,1,0,0
4945,47,1,0,0
4946,52,1,0,0
4947,177,1,0,0
4948,69,1,0,0
4949,36,1,0,0
4950,21,1,0,0
4951,36,1,0,0
4952,73,1,0,0
4953,53,1,0,0
4954,39,1,0,0
4955,142,1,0,0
4956,94,1,0,0
4957,12,1,0,0
4958,55,1,0,0
4959,58,1,0,0
4960,9,1,0,0
4961,44,1,0,0
4962,58,1,0,0
4963,52,1,0,0
4964,41,1,0,0
4965,25,1,0,0
4966,27,1,0,0
4967,36,1,0,0
4968,26,1,0,0
4969,50,1,0,0
4970,20,1,0,0
4971,103,1,0,0
4972,150,1,0,0
4973,11,1,0,0
4974,45,1,0,0
4975,150,1,0,0
4976,39,1,0,0
4977,38,1,0,0
4978,35,1,0,0
4979,12,1,0,0
4980,34,1,0,0
4981,81,1,0,0
4982,92,1,0,0
4983,33,1,0,0
4984,26,1,0,0
4985,71,1,0,0
4986,62,1,0,0
4987,42,1,0,0
4988,67,1,0,0
4989,68,1,0,0
4990,31,1,0,0
4991,20,1,0,0
4992,19,1,0,0
4993,29,1,0,0
4994,122,1,0,0
4995,74,1,0,0
4996,63,1,0,0
4997,23,1,0,0
4998,66,1,0,0
4999,111,1,0,0
5000,13,1,0,0
5001,76,1,0,0
5002,121,1,0,0
5003,82,1,0,0
5004,65,1,0,0
5005,71,1,0,0
5006,82,1,0,0
5007,64,1,0,0
5008,41,1,0,0
5009,50,1,0,0
5010,72,1,0,0
5011,41,1,0,0
5012,192,1,0,0
5013,122,1,0,0
5014,46,1,0,0
5015,82,1,0,0
5016,56,1,0,0
5017,94,1,0,0
5018,68,1,0,0
5019,28,1,0,0
5020,24,1,0,0
5021,93,1,0,0
5022,132,1,0,0
5023,48,1,0,0
5024,108,1,0,0
5025,31,1,0,0
5026,108,1,0,0
5027,81,1,0,0
5028,29,1,0,0
5029,67,1,0,0
5030,87,1,0,0
5031,46,1,0,0
5032,43,1,0,0
5033,212,1,0,0
5034,17,1,0,0
5035,54,1,0,0
5036,78,1,0,0
5037,25,1,0,0
5038,104,1,0,0
5039,67,1,0,0
5040,21,1,0,0
5041,143,1,0,0
5042,35,1,0,0
5043,28,1,0,0
5044,28,1,0,0
5045,25,1,0,0
5046,47,1,0,0
5047,95,1,0,0
5048,206,1,0,0
5049,110,1,0,0
5050,29,1,0,0
5051,22,1,0,0
5052,95,1,0,0
5053,132,1,0,0
5054,10,1,0,0
5055,72,1,0,0
5056,75,1,0,0
5057,239,1,0,0
5058,63,1,0,0
5059,16,1,0,0
5060,67,1,0,0
5061,55,1,0,0
5062,31,1,0,0
5063,30,1,0,0
5064,90,1,0,0
5065,52,1,0,0
5066,66,1,0,0
5067,57,1,0,0
5068,67,1,0,0
5069,78,1,0,0
5070,152,1,0,0
5071,56,1,0,0
5072,51,1,0,0
5073,168,1,0,0
5074,144,1,0,0
5075,23,1,0,0
5076,38,1,0,0
5077,153,1,0,0
5078,38,1,0,0
5079,13,1,0,0
5080,24,1,0,0
5081,76,1,0,0
5082,82,1,0,0
5083,64,1,0,0
5084,91,1,0,0
5085,63,1,0,0
5086,255,1,0,0
5087,12,1,0,0
5088,47,1,0,0
5089,130,1,0,0
5090,23,1,0,0
5091,53,1,0,0
5092,37,1,0,0
5093,76,1,0,0
5094,182,1,0,0
5095,32,1,0,0
5096,55,1,0,0
5097,68,1,0,0
5098,33,1,0,0
5099,58,1,0,0
5100,24,1,0,0
5101,26,1,0,0
5102,16,1,0,0
5103,77,1,0,0
5104,75,1,0,0
5105,18,1,0,0
5106,17,1,0,0
5107,82,1,0,0
5108,128,1,0,0
5109,134,1,0,0
5110,69,1,0,0
5111,92,1,0,0
5112,71,1,0,0
5113,22,1,0,0
5114,74,1,0,0
5115,109,1,0,0
5116,204,1,0,0
5117,71,1,0,0
5118,87,1,0,0
5119,12,1,0,0
5120,212,1,0,0
5121,96,1,0,0
5122,56,1,0,0
5123,96,1,0,0
5124,31,1,0,0
5125,85,1,0,0
5126,90,1,0,0
5127,119,1,0,0
5128,15,1,0,0
5129,79,1,0,0
5130,182,1,0,0
5131,104,1,0,0
5132,116,1,0,0
5133,162,1,0,0
5134,41,1,0,0
5135,57,1,0,0
5136,100,1,0,0
5137,84,1,0,0
5138,39,1,0,0
5139,63,1,0,0
5140,80,1,0,0
5141,17,1,0,0
5142,67,1,0,0
5143,66,1,0,0
5144,107,1,0,0
5145,52,1,0,0
5146,12,1,0,0
5147,10,1,0,0
5148,170,1,0,0
5149,16,1,0,0
5150,79,1,0,0
5151,40,1,0,0
5152,19,1,0,0
5153,15,1,0,0
5154,182,1,0,0
5155,89,1,0,0
5156,51,1,0,0
5157,90,1,0,0
5158,29,1,0,0
5159,42,1,0,0
5160,58,1,0,0
5161,118,1,0,0
5162,77,1,0,0
5163,219,1,0,0
5164,90,1,0,0
5165,27,1,0,0
5166,11,1,0,0
5167,90,1,0,0
5168,70,1,0,0
5169,199,1,0,0
5170,62,1,0,0
5171,183,1,0,0
5172,48,1,0,0
5173,52,1,0,0
5174,150,1,0,0
5175,57,1,0,0
5176,33,1,0,0
5177,12,1,0,0
5178,76,1,0,0
5179,108,1,0,0
5180,118,1,0,0
5181,41,1,0,0
5182,24,1,0,0
5183,174,1,0,0
5184,63,1,0,0
5185,62,1,0,0
5186,28,1,0,0
5187,72,1,0,0
5188,51,1,0,0
5189,126,1,0,0
5190,56,1,0,0
5191,64,1,0,0
5192,71,1,0,0
5193,31,1,0,0
5194,88,1,0,0
5195,46,1,0,0
5196,29,1,0,0
5197,87,1,0,0
5198,29,1,0,0
5199,38,1,0,0
5200,36,1,0,0
5201,54,1,0,0
5202,102,1,0,0
5203,73,1,0,0
5204,54,1,0,0
5205,57,1,0,0
5206,17,1,0,0
5207,56,1,0,0
5208,52,1,0,0
5209,127,1,0,0
5210,28,1,0,0
5211,132,1,0,0
5212,16,1,0,0
5213,109,1,0,0
5214,74,1,0,0
5215,93,1,0,0
5216,26,1,0,0
5217,212,1,0,0
5218,80,1,0,0
5219,83,1,0,0
5220,66,1,0,0
5221,50,1,0,0
5222,54,1,0,0
5223,64,1,0,0
5224,47,1,0,0
5225,31,1,0,0
5226,34,1,0,0
5227,55,1,0,0
5228,71,1,0,0
5229,180,1,0,0
5230,62,1,0,0
5231,65,1,0,0
5232,54,1,0,0
5233,48,1,0,0
5234,105,1,0,0
5235,58,1,0,0
5236,63,1,0,0
5237,102,1,0,0
5238,135,1,0,0
5239,46,1,0,0
5240,35,1,0,0
5241,185,1,0,0
5242,58,1,0,0
5243,25,1,0,0
5244,17,1,0,0
5245,57,1,0,0
5246,52,1,0,0
5247,76,1,0,0
5248,42,1,0,0
5249,84,1,0,0
5250,52,1,0,0
5251,57,1,0,0
5252,42,1,0,0
5253,47,1,0,0
5254,33,1,0,0
5255,74,1,0,0
5256,214,1,0,0
5257,62,1,0,0
5258,19,1,0,0
5259,57,1,0,0
5260,73,1,0,0
5261,45,1,0,0
5262,68,1,0,0
5263,59,1,0,0
5264,50,1,0,0
5265,35,1,0,0
5266,65,1,0,0
5267,42,1,0,0
5268,13,1,0,0
5269,186,1,0,0
5270,19,1,0,0
5271,51,1,0,0
5272,26,1,0,0
5273,137,1,0,0
5274,83,1,0,0
5275,43,1,0,0
5276,118,1,0,0
5277,44,1,0,0
5278,98,1,0,0
5279,98,1,0,0
5280,50,1,0,0
5281,69,1,0,0
5282,79,1,0,0
5283,22,1,0,0
5284,11,1,0,0
5285,235,1,0,0
5286,14,1,0,0
5287,87,1,0,0
5288,96,1,0,0
5289,76,1,0,0
5290,126,1,0,0
5291,144,1,0,0
5292,87,1,0,0
5293,43,1,0,0
5294,76,1,0,0
5295,44,1,0,0
5296,56,1,0,0
5297,65,1,0,0
5298,68,1,0,0
5299,39,1,0,0
5300,120,1,0,0
5301,70,1,0,0
5302,35,1,0,0
5303,38,1,0,0
5304,65,1,0,0
5305,38,1,0,0
5306,95,1,0,0
5307,122,1,0,0
5308,56,1,0,0
5309,96,1,0,0
5310,33,1,0,0
5311,85,1,0,0
5312,19,1,0,0
5313,118,1,0,0
5314,100,1,0,0
5315,38,1,0,0
5316,85,1,0,0
5317,83,1,0,0
5318,53,1,0,0
5319,110,1,0,0
5320,129,1,0,0
5321,95,1,0,0
5322,100,1,0,0
5323,47,1,0,0
5324,51,1,0,0
5325,17,1,0,0
5326,13,1,0,0
5327,24,1,0,0
5328,40,1,0,0
5329,237,1,0,0
5330,22,1,0,0
5331,17,1,0,0
5332,11,1,0,0
5333,28,1,0,0
5334,150,1,0,0
5335,23,1,0,0
5336,31,1,0,0
5337,101,1,0,0
5338,55,1,0,0
5339,49,1,0,0
5340,49,1,0,0
5341,180,1,0,0
5342,88,1,0,0
5343,95,1,0,0
5344,117,1,0,0
5345,48,1,0,0
5346,34,1,0,0
5347,347,1,0,0
5348,33,1,0,0
5349,273,1,0,0
5350,50,1,0,0
5351,24,1,0,0
5352,45,1,0,0
5353,157,1,0,0
5354,35,1,0,0
5355,40,1,0,0
5356,32,1,0,0
5357,86,1,0,0
5358,65,1,0,0
5359,60,1,0,0
5360,37,1,0,0
5361,112,1,0,0
5362,15,1,0,0
5363,12,1,0,0
5364,53,1,0,0
5365,50,1,0,0
5366,62,1,0,0
5367,98,1,0,0
5368,40,1,0,0
5369,154,1,0,0
5370,40,1,0,0
5371,98,1,0,0
5372,173,1,0,0
5373,12,1,0,0
5374,41,1,0,0
5375,49,1,0,0
5376,120,1,0,0
5377,120,1,0,0
5378,34,1,0,0
5379,92,1,0,0
5380,69,1,0,0
5381,47,1,0,0
5382,121,1,0,0
5383,30,1,0,0
5384,58,1,0,0
5385,68,1,0,0
5386,62,1,0,0
5387,15,1,0,0
5388,58,1,0,0
5389,196,1,0,0
5390,19,1,0,0
5391,86,1,0,0
5392,108,1,0,0
5393,73,1,0,0
5394,27,1,0,0
5395,75,1,0,0
5396,90,1,0,0
5397,88,1,0,0
5398,14,1,0,0
5399,113,1,0,0
5400,28,1,0,0
5401,28,1,0,0
5402,34,1,0,0
5403,14,1,0,0
5404,62,1,0,0
5405,66,1,0,0
5406,24,1,0,0
5407,25,1,0,0
5408,80,1,0,0
5409,107,1,0,0
5410,87,1,0,0
5411,131,1,0,0
5412,78,1,0,0
5413,118,1,0,0
5414,234,1,0,0
5415,100,1,0,0
5416,25,1,0,0
5417,104,1,0,0
5418,41,1,0,0
5419,28,1,0,0
5420,41,1,0,0
5421,55,1,0,0
5422,19,1,0,0
5423,111,1,0,0
5424,18,1,0,0
5425,34,1,0,0
5426,47,1,0,0
5427,27,1,0,0
5428,19,1,0,0
5429,31,1,0,0
5430,217,1,0,0
5431,137,1,0,0
5432,101,1,0,0
5433,56,1,0,0
5434,58,1,0,0
5435,146,1,0,0
5436,85,1,0,0
5437,86,1,0,0
5438,63,1,0,0
5439,51,1,0,0
5440,25,1,0,0
5441,99,1,0,0
5442,23,1,0,0
5443,105,1,0,0
5444,39,1,0,0
5445,33,1,0,0
5446,70,1,0,0
5447,58,1,0,0
5448,113,1,0,0
5449,157,1,0,0
5450,57,1,0,0
5451,35,1,0,0
5452,27,1,0,0
5453,49,1,0,0
5454,23,1,0,0
5455,37,1,0,0
5456,106,1,0,0
5457,34,1,0,0
5458,88,1,0,0
5459,31,1,0,0
5460,27,1,0,0
5461,71,1,0,0
5462,16,1,0,0
5463,98,1,0,0
5464,14,1,0,0
5465,108,1,0,0
5466,67,1,0,0
5467,180,1,0,0
5468,72,1,0,0
5469,26,1,0,0
5470,46,1,0,0
5471,90,1,0,0
5472,75,1,0,0
5473,49,1,0,0
5474,175,1,0,0
5475,77,1,0,0
5476,95,1,0,0
5477,61,1,0,0
5478,38,1,0,0
5479,24,1,0,0
5480,12,1,0,0
5481,64,1,0,0
5482,24,1,0,0
5483,7,1,0,0
5484,118,1,0,0
5485,37,1,0,0
5486,11,1,0,0
5487,30,1,0,0
5488,66,1,0,0
5489,19,1,0,0
5490,115,1,0,0
5491,95,1,0,0
5492,138,1,0,0
5493,72,1,0,0
5494,45,1,0,0
5495,34,1,0,0
5496,69,1,0,0
5497,71,1,0,0
5498,20,1,0,0
5499,75,1,0,0
5500,127,1,0,0
5501,16,1,0,0
5502,111,1,0,0
5503,122,1,0,0
5504,118,1,0,0
5505,86,1,0,0
5506,29,1,0,0
5507,15,1,0,0
5508,52,1,0,0
5509,126,1,0,0
5510,75,1,0,0
5511,66,1,0,0
5512,37,1,0,0
5513,24,1,0,0
5514,26,1,0,0
5515,66,1,0,0
5516,62,1,0,0
5517,55,1,0,0
5518,57,1,0,0
5519,80,1,0,0
5520,43,1,0,0
5521,35,1,0,0
5522,54,1,0,0
5523,146,1,0,0
5524,62,1,0,0
5525,19,1,0,0
5526,129,1,0,0
5527,160,1,0,0
5528,77,1,0,0
5529,65,1,0,0
5530,85,1,0,0
5531,57,1,0,0
5532,55,1,0,0
5533,28,1,0,0
5534,46,1,0,0
5535,61,1,0,0
5536,46,1,0,0
5537,48,1,0,0
5538,32,1,0,0
5539,73,1,0,0
5540,186,1,0,0
5541,38,1,0,0
5542,163,1,0,0
5543,82,1,0,0
5544,46,1,0,0
5545,132,1,0,0
5546,59,1,0,0
5547,61,1,0,0
5548,105,1,0,0
5549,17,1,0,0
5550,204,1,0,0
5551,97,1,0,0
5552,117,1,0,0
5553,26,1,0,0
5554,35,1,0,0
5555,13,1,0,0
5556,80,1,0,0
5557,218,1,0,0
5558,122,1,0,0
5559,21,1,0,0
5560,142,1,0,0
5561,37,1,0,0
5562,141,1,0,0
5563,136,1,0,0
5564,114,1,0,0
5565,21,1,0,0
5566,129,1,0,0
5567,178,1,0,0
5568,52,1,0,0
5569,106,1,0,0
5570,186,1,0,0
5571,32,1,0,0
5572,155,1,0,0
5573,75,1,0,0
5574,43,1,0,0
5575,121,1,0,0
5576,111,1,0,0
5577,54,1,0,0
5578,102,1,0,0
5579,52,1,0,0
5580,21,1,0,0
5581,148,1,0,0
5582,71,1,0,0
5583,43,1,0,0
5584,121,1,0,0
5585,46,1,0,0
5586,48,1,0,0
5587,77,1,0,0
5588,11,1,0,0
5589,34,1,0,0
5590,64,1,0,0
5591,46,1,0,0
5592,29,1,0,0
5593,18,1,0,0
5594,60,1,0,0
5595,66,1,0,0
5596,98,1,0,0
5597,49,1,0,0
5598,64,1,0,0
5599,82,1,0,0
5600,86,1,0,0
5601,68,1,0,0
5602,92,1,0,0
5603,172,1,0,0
5604,64,1,0,0
5605,62,1,0,0
5606,40,1,0,0
5607,142,1,0,0
5608,13,1,0,0
5609,78,1,0,0
5610,16,1,0,0
5611,12,1,0,0
5612,37,1,0,0
5613,30,1,0,0
5614,144,1,0,0
5615,141,1,0,0
5616,43,1,0,0
5617,46,1,0,0
5618,76,1,0,0
5619,191,1,0,0
5620,79,1,0,0
5621,29,1,0,0
5622,18,1,0,0
5623,171,1,0,0
5624,26,1,0,0
5625,17,1,0,0
5626,39,1,0,0
5627,38,1,0,0
5628,12,1,0,0
5629,113,1,0,0
5630,19,1,0,0
5631,27,1,0,0
5632,104,1,0,0
5633,87,1,0,0
5634,46,1,0,0
5635,39,1,0,0
5636,122,1,0,0
5637,23,1,0,0
5638,64,1,0,0
5639,17,1,0,0
5640,50,1,0,0
5641,10,1,0,0
5642,79,1,0,0
5643,40,1,0,0
5644,91,1,0,0
5645,51,1,0,0
5646,101,1,0,0
5647,10,1,0,0
5648,26,1,0,0
5649,15,1,0,0
5650,22,1,0,0
5651,128,1,0,0
5652,76,1,0,0
5653,137,1,0,0
5654,81,1,0,0
5655,22,1,0,0
5656,11,1,0,0
5657,69,1,0,0
5658,37,1,0,0
5659,73,1,0,0
5660,193,1,0,0
5661,48,1,0,0
5662,81,1,0,0
5663,83,1,0,0
5664,60,1,0,0
5665,29,1,0,0
5666,80,1,0,0
5667,67,1,0,0
5668,16,1,0,0
5669,78,1,0,0
5670,26,1,0,0
5671,64,1,0,0
5672,34,1,0,0
5673,80,1,0,0
5674,80,1,0,0
5675,38,1,0,0
5676,35,1,0,0
5677,156,1,0,0
5678,54,1,0,0
5679,13,1,0,0
5680,68,1,0,0
5681,75,1,0,0
5682,51,1,0,0
5683,49,1,0,0
5684,39,1,0,0
5685,159,1,0,0
5686,91,1,0,0
5687,24,1,0,0
5688,190,1,0,0
5689,90,1,0,0
5690,40,1,0,0
5691,44,1,0,0
5692,44,1,0,0
5693,162,1,0,0
5694,26,1,0,0
5695,41,1,0,0
5696,100,1,0,0
5697,27,1,0,0
5698,34,1,0,0
5699,113,1,0,0
5700,186,1,0,0
5701,58,1,0,0
5702,276,1,0,0
5703,35,1,0,0
5704,106,1,0,0
5705,39,1,0,0
5706,156,1,0,0
5707,21,1,0,0
5708,46,1,0,0
5709,236,1,0,0
5710,67,1,0,0
5711,16,1,0,0
5712,99,1,0,0
5713,44,1,0,0
5714,24,1,0,0
5715,22,1,0,0
5716,44,1,0,0
5717,56,1,0,0
5718,45,1,0,0
5719,12,1,0,0
5720,10,1,0,0
5721,30,1,0,0
5722,45,1,0,0
5723,20,1,0,0
5724,56,1,0,0
5725,75,1,0,0
5726,115,1,0,0
5727,71,1,0,0
5728,47,1,0,0
5729,40,1,0,0
5730,59,1,0,0
5731,44,1,0,0
5732,166,1,0,0
5733,80,1,0,0
5734,91,1,0,0
5735,33,1,0,0
5736,39,1,0,0
5737,88,1,0,0
5738,21,1,0,0
5739,12,1,0,0
5740,96,1,0,0
5741,14,1,0,0
5742,17,1,0,0
5743,158,1,0,0
5744,24,1,0,0
5745,53,1,0,0
5746,37,1,0,0
5747,51,1,0,0
5748,42,1,0,0
5749,48,1,0,0
5750,7,1,0,0
5751,169,1,0,0
5752,81,1,0,0
5753,44,1,0,0
5754,26,1,0,0
5755,104,1,0,0
5756,57,1,0,0
5757,107,1,0,0
5758,54,1,0,0
5759,20,1,0,0
5760,49,1,0,0
5761,14,1,0,0
5762,7,1,0,0
5763,58,1,0,0
5764,62,1,0,0
5765,151,1,0,0
5766,30,1,0,0
5767,156,1,0,0
5768,59,1,0,0
5769,24,1,0,0
5770,53,1,0,0
5771,86,1,0,0
5772,128,1,0,0
5773,32,1,0,0
5774,25,1,0,0
5775,13,1,0,0
5776,52,1,0,0
5777,76,1,0,0
5778,48,1,0,0
5779,62,1,0,0
5780,40,1,0,0
5781,127,1,0,0
5782,196,1,0,0
5783,64,1,0,0
5784,34,1,0,0
5785,36,1,0,0
5786,177,1,0,0
5787,129,1,0,0
5788,66,1,0,0
5789,18,1,0,0
5790,40,1,0,0
5791,24,1,0,0
5792,26,1,0,0
5793,94,1,0,0
5794,44,1,0,0
5795,101,1,0,0
5796,41,1,0,0
5797,16,1,0,0
5798,82,1,0,0
5799,75,1,0,0
5800,48,1,0,0
5801,35,1,0,0
5802,104,1,0,0
5803,14,1,0,0
5804,102,1,0,0
5805,54,1,0,0
5806,38,1,0,0
5807,32,1,0,0
5808,113,1,0,0
5809,35,1,0,0
5810,47,1,0,0
5811,66,1,0,0
5812,21,1,0,0
5813,48,1,0,0
5814,30,1,0,0
5815,31,1,0,0
5816,48,1,0,0
5817,140,1,0,0
5818,163,1,0,0
5819,108,1,0,0
5820,75,1,0,0
5821,39,1,0,0
5822,178,1,0,0
5823,83,1,0,0
5824,154,1,0,0
5825,46,1,0,0
5826,202,1,0,0
5827,140,1,0,0
5828,9,1,0,0
5829,104,1,0,0
5830,10,1,0,0
5831,15,1,0,0
5832,59,1,0,0
5833,108,1,0,0
5834,93,1,0,0
5835,85,1,0,0
5836,64,1,0,0
5837,34,1,0,0
5838,76,1,0,0
5839,95,1,0,0
5840,32,1,0,0
5841,59,1,0,0
5842,129,1,0,0
5843,15,1,0,0
5844,35,1,0,0
5845,82,1,0,0
5846,43,1,0,0
5847,170,1,0,0
5848,19,1,0,0
5849,51,1,0,0
5850,105,1,0,0
5851,44,1,0,0
5852,36,1,0,0
5853,50,1,0,0
5854,32,1,0,0
5855,132,1,0,0
5856,43,1,0,0
5857,54,1,0,0
5858,75,1,0,0
5859,42,1,0,0
5860,140,1,0,0
5861,80,1,0,0
5862,205,1,0,0
5863,124,1,0,0
5864,41,1,0,0
5865,118,1,0,0
5866,44,1,0,0
5867,95,1,0,0
5868,31,1,0,0
5869,78,1,0,0
5870,9,1,0,0
5871,21,1,0,0
5872,25,1,0,0
5873,57,1,0,0
5874,136,1,0,0
5875,31,1,0,0
5876,91,1,0,0
5877,21,1,0,0
5878,78,1,0,0
5879,36,1,0,0
5880,67,1,0,0
5881,82,1,0,0
5882,59,1,0,0
5883,30,1,0,0
5884,28,1,0,0
5885,100,1,0,0
5886,47,1,0,0
5887,41,1,0,0
5888,60,1,0,0
5889,23,1,0,0
5890,109,1,0,0
5891,94,1,0,0
5892,7,1,0,0
5893,23,1,0,0
5894,80,1,0,0
5895,13,1,0,0
5896,87,1,0,0
5897,70,1,0,0
5898,130,1,0,0
5899,14,1,0,0
5900,166,1,0,0
5901,66,1,0,0
5902,65,1,0,0
5903,116,1,0,0
5904,167,1,0,0
5905,163,1,0,0
5906,26,1,0,0
5907,116,1,0,0
5908,47,1,0,0
5909,52,1,0,0
5910,57,1,0,0
5911,150,1,0,0
5912,45,1,0,0
5913,32,1,0,0
5914,123,1,0,0
5915,83,1,0,0
5916,37,1,0,0
5917,49,1,0,0
5918,62,1,0,0
5919,165,1,0,0
5920,28,1,0,0
5921,43,1,0,0
5922,71,1,0,0
5923,70,1,0,0
5924,38,1,0,0
5925,139,1,0,0
5926,71,1,0,0
5927,88,1,0,0
5928,38,1,0,0
5929,151,1,0,0
5930,64,1,0,0
5931,132,1,0,0
5932,38,1,0,0
5933,81,1,0,0
5934,68,1,0,0
5935,176,1,0,0
5936,86,1,0,0
5937,10,1,0,0
5938,29,1,0,0
5939,37,1,0,0
5940,11,1,0,0
5941,39,1,0,0
5942,87,1,0,0
5943,41,1,0,0
5944,42,1,0,0
5945,42,1,0,0
5946,149,1,0,0
5947,27,1,0,0
5948,54,1,0,0
5949,154,1,0,0
5950,27,1,0,0
5951,60,1,0,0
5952,196,1,0,0
5953,27,1,0,0
5954,102,1,0,0
5955,143,1,0,0
5956,21,1,0,0
5957,43,1,0,0
5958,33,1,0,0
5959,54,1,0,0
5960,35,1,0,0
5961,32,1,0,0
5962,139,1,0,0
5963,45,1,0,0
5964,40,1,0,0
5965,82,1,0,0
5966,20,1,0,0
5967,49,1,0,0
5968,57,1,0,0
5969,61,1,0,0
5970,38,1,0,0
5971,32,1,0,0
5972,46,1,0,0
5973,44,1,0,0
5974,67,1,0,0
5975,109,1,0,0
5976,74,1,0,0
5977,139,1,0,0
5978,64,1,0,0
5979,55,1,0,0
5980,112,1,0,0
5981,155,1,0,0
5982,81,1,0,0
5983,86,1,0,0
5984,139,1,0,0
5985,62,1,0,0
5986,39,1,0,0
5987,166,1,0,0
5988,45,1,0,0
5989,59,1,0,0
5990,281,1,0,0
5991,16,1,0,0
5992,96,1,0,0
5993,153,1,0,0
5994,123,1,0,0
5995,38,1,0,0
5996,89,1,0,0
5997,24,1,0,0
5998,23,1,0,0
5999,81,1,0,0
6000,106,1,0,0
6001,51,1,0,0
6002,30,1,0,0
6003,47,1,0,0
6004,144,1,0,0
6005,38,1,0,0
6006,22,1,0,0
6007,189,1,0,0
6008,32,1,0,0
6009,110,1,0,0
6010,104,1,0,0
6011,36,1,0,0
6012,86,1,0,0
6013,38,1,0,0
6014,81,1,0,0
6015,86,1,0,0
6016,30,1,0,0
6017,14,1,0,0
6018,95,1,0,0
6019,17,1,0,0
6020,73,1,0,0
6021,29,1,0,0
6022,26,1,0,0
6023,97,1,0,0
6024,49,1,0,0
6025,39,1,0,0
6026,25,1,0,0
6027,52,1,0,0
6028,32,1,0,0
6029,36,1,0,0
6030,45,1,0,0
6031,59,1,0,0
6032,34,1,0,0
6033,71,1,0,0
6034,28,1,0,0
6035,234,1,0,0
6036,58,1,0,0
6037,32,1,0,0
6038,63,1,0,0
6039,26,1,0,0
6040,24,1,0,0
6041,65,1,0,0
6042,98,1,0,0
6043,70,1,0,0
6044,35,1,0,0
6045,49,1,0,0
6046,43,1,0,0
6047,111,1,0,0
6048,83,1,0,0
6049,20,1,0,0
6050,90,1,0,0
6051,96,1,0,0
6052,100,1,0,0
6053,16,1,0,0
6054,126,1,0,0
6055,21,1,0,0
6056,182,1,0,0
6057,16,1,0,0
6058,29,1,0,0
6059,118,1,0,0
6060,116,1,0,0
6061,23,1,0,0
6062,15,1,0,0
6063,23,1,0,0
6064,45,1,0,0
6065,62,1,0,0
6066,187,1,0,0
6067,11,1,0,0
6068,25,1,0,0
6069,61,1,0,0
6070,68,1,0,0
6071,64,1,0,0
6072,32,1,0,0
6073,41,1,0,0
6074,44,1,0,0
6075,32,1,0,0
6076,18,1,0,0
6077,92,1,0,0
6078,88,1,0,0
6079,100,1,0,0
6080,42,1,0,0
6081,130,1,0,0
6082,67,1,0,0
6083,70,1,0,0
6084,23,1,0,0
6085,28,1,0,0
6086,43,1,0,0
6087,76,1,0,0
6088,104,1,0,0
6089,173,1,0,0
6090,37,1,0,0
6091,70,1,0,0
6092,67,1,0,0
6093,58,1,0,0
6094,57,1,0,0
6095,59,1,0,0
6096,72,1,0,0
6097,125,1,0,0
6098,12,1,0,0
6099,64,1,0,0
6100,74,1,0,0
6101,101,1,0,0
6102,219,1,0,0
6103,29,1,0,0
6104,82,1,0,0
6105,85,1,0,0
6106,86,1,0,0
6107,41,1,0,0
6108,40,1,0,0
6109,153,1,0,0
6110,26,1,0,0
6111,50,1,0,0
6112,79,1,0,0
6113,168,1,0,0
6114,29,1,0,0
6115,62,1,0,0
6116,53,1,0,0
6117,69,1,0,0
6118,43,1,0,0
6119,227,1,0,0
6120,41,1,0,0
6121,29,1,0,0
6122,62,1,0,0
6123,61,1,0,0
6124,91,1,0,0
6125,208,1,0,0
6126,155,1,0,0
6127,92,1,0,0
6128,48,1,0,0
6129,121,1,0,0
6130,188,1,0,0
6131,66,1,0,0
6132,57,1,0,0
6133,104,1,0,0
6134,53,1,0,0
6135,83,1,0,0
6136,51,1,0,0
6137,100,1,0,0
6138,59,1,0,0
6139,87,1,0,0
6140,88,1,0,0
6141,25,1,0,0
6142,90,1,0,0
6143,34,1,0,0
6144,23,1,0,0
6145,53,1,0,0
6146,74,1,0,0
6147,139,1,0,0
6148,28,1,0,0
6149,35,1,0,0
6150,39,1,0,0
6151,126,1,0,0
6152,97,1,0,0
6153,127,1,0,0
6154,22,1,0,0
6155,90,1,0,0
6156,21,1,0,0
6157,58,1,0,0
6158,50,1,0,0
6159,24,1,0,0
6160,23,1,0,0
6161,17,1,0,0
6162,42,1,0,0
6163,63,1,0,0
6164,33,1,0,0
6165,75,1,0,0
6166,34,1,0,0
6167,133,1,0,0
6168,25,1,0,0
6169,82,1,0,0
6170,38,1,0,0
6171,25,1,0,0
6172,226,1,0,0
6173,46,1,0,0
6174,53,1,0,0
6175,69,1,0,0
6176,43,1,0,0
6177,77,1,0,0
6178,39,1,0,0
6179,99,1,0,0
6180,48,1,0,0
6181,90,1,0,0
6182,103,1,0,0
6183,49,1,0,0
6184,51,1,0,0
6185,27,1,0,0
6186,87,1,0,0
6187,263,1,0,0
6188,47,1,0,0
6189,225,1,0,0
6190,323,1,0,0
6191,23,1,0,0
6192,9,1,0,0
6193,191,1,0,0
6194,53,1,0,0
6195,40,1,0,0
6196,120,1,0,0
6197,112,1,0,0
6198,33,1,0,0
6199,62,1,0,0
6200,19,1,0,0
6201,75,1,0,0
6202,86,1,0,0
6203,47,1,0,0
6204,15,1,0,0
6205,58,1,0,0
6206,38,1,0,0
6207,59,1,0,0
6208,46,1,0,0
6209,17,1,0,0
6210,70,1,0,0
6211,73,1,0,0
6212,122,1,0,0
6213,40,1,0,0
6214,65,1,0,0
6215,21,1,0,0
6216,85,1,0,0
6217,25,1,0,0
6218,158,1,0,0
6219,101,1,0,0
6220,37,1,0,0
6221,22,1,0,0
6222,142,1,0,0
6223,54,1,0,0
6224,196,1,0,0
6225,50,1,0,0
6226,47,1,0,0
6227,13,1,0,0
6228,91,1,0,0
6229,36,1,0,0
6230,68,1,0,0
6231,60,1,0,0
6232,133,1,0,0
6233,43,1,0,0
6234,129,1,0,0
6235,71,1,0,0
6236,73,1,0,0
6237,38,1,0,0
6238,58,1,0,0
6239,15,1,0,0
6240,116,1,0,0
6241,27,1,0,0
6242,50,1,0,0
6243,69,1,0,0
6244,82,1,0,0
6245,33,1,0,0
6246,125,1,0,0
6247,48,1,0,0
6248,141,1,0,0
6249,168,1,0,0
6250,43,1,0,0
6251,65,1,0,0
6252,70,1,0,0
6253,51,1,0,0
6254,29,1,0,0
6255,72,1,0,0
6256,88,1,0,0
6257,23,1,0,0
6258,111,1,0,0
6259,67,1,0,0
6260,80,1,0,0
6261,115,1,0,0
6262,122,1,0,0
6263,78,1,0,0
6264,275,1,0,0
6265,130,1,0,0
6266,25,1,0,0
6267,190,1,0,0
6268,46,1,0,0
6269,114,1,0,0
6270,14,1,0,0
6271,15,1,0,0
6272,173,1,0,0
6273,123,1,0,0
6274,158,1,0,0
6275,153,1,0,0
6276,31,1,0,0
6277,60,1,0,0
6278,76,1,0,0
6279,63,1,0,0
6280,72,1,0,0
6281,19,1,0,0
6282,53,1,0,0
6283,24,1,0,0
6284,135,1,0,0
6285,33,1,0,0
6286,53,1,0,0
6287,71,1,0,0
6288,32,1,0,0
6289,120,1,0,0
6290,85,1,0,0
6291,67,1,0,0
6292,53,1,0,0
6293,88,1,0,0
6294,9,1,0,0
6295,27,1,0,0
6296,15,1,0,0
6297,56,1,0,0
6298,102,1,0,0
6299,50,1,0,0
6300,55,1,0,0
6301,122,1,0,0
6302,31,1,0,0
6303,59,1,0,0
6304,63,1,0,0
6305,41,1,0,0
6306,75,1,0,0
6307,63,1,0,0
6308,202,1,0,0
6309,294,1,0,0
6310,13,1,0,0
6311,25,1,0,0
6312,22,1,0,0
6313,20,1,0,0
6314,19,1,0,0
6315,19,1,0,0
6316,57,1,0,0
6317,28,1,0,0
6318,75,1,0,0
6319,19,1,0,0
6320,254,1,0,0
6321,17,1,0,0
6322,181,1,0,0
6323,116,1,0,0
6324,20,1,0,0
6325,59,1,0,0
6326,62,1,0,0
6327,46,1,0,0
6328,87,1,0,0
6329,156,1,0,0
6330,83,1,0,0
6331,59,1,0,0
6332,43,1,0,0
6333,17,1,0,0
6334,26,1,0,0
6335,178,1,0,0
6336,217,1,0,0
6337,58,1,0,0
6338,26,1,0,0
6339,27,1,0,0
6340,71,1,0,0
6341,109,1,0,0
6342,58,1,0,0
6343,70,1,0,0
6344,58,1,0,0
6345,31,1,0,0
6346,53,1,0,0
6347,22,1,0,0
6348,74,1,0,0
6349,54,1,0,0
6350,84,1,0,0
6351,40,1,0,0
6352,139,1,0,0
6353,42,1,0,0
6354,80,1,0,0
6355,33,1,0,0
6356,57,1,0,0
6357,57,1,0,0
6358,97,1,0,0
6359,130,1,0,0
6360,73,1,0,0
6361,54,1,0,0
6362,46,1,0,0
6363,30,1,0,0
6364,38,1,0,0
6365,20,1,0,0
6366,66,1,0,0
6367,16,1,0,0
6368,305,1,0,0
6369,58,1,0,0
6370,60,1,0,0
6371,220,1,0,0
6372,47,1,0,0
6373,62,1,0,0
6374,22,1,0,0
6375,53,1,0,0
6376,91,1,0,0
6377,173,1,0,0
6378,65,1,0,0
6379,209,1,0,0
6380,142,1,0,0
6381,104,1,0,0
6382,96,1,0,0
6383,329,1,0,0
6384,23,1,0,0
6385,65,1,0,0
6386,28,1,0,0
6387,22,1,0,0
6388,108,1,0,0
6389,69,1,0,0
6390,46,1,0,0
6391,22,1,0,0
6392,59,1,0,0
6393,162,1,0,0
6394,97,1,0,0
6395,78,1,0,0
6396,78,1,0,0
6397,14,1,0,0
6398,69,1,0,0
6399,85,1,0,0
6400,60,1,0,0
6401,94,1,0,0
6402,83,1,0,0
6403,170,1,0,0
6404,75,1,0,0
6405,43,1,0,0
6406,189,1,0,0
6407,30,1,0,0
6408,98,1,0,0
6409,90,1,0,0
6410,41,1,0,0
6411,45,1,0,0
6412,54,1,0,0
6413,12,1,0,0
6414,175,1,0,0
6415,111,1,0,0
6416,93,1,0,0
6417,93,1,0,0
6418,114,1,0,0
6419,54,1,0,0
6420,157,1,0,0
6421,21,1,0,0
6422,60,1,0,0
6423,51,1,0,0
6424,110,1,0,0
6425,44,1,0,0
6426,69,1,0,0
6427,172,1,0,0
6428,170,1,0,0
6429,84,1,0,0
6430,139,1,0,0
6431,20,1,0,0
6432,127,1,0,0
6433,25,1,0,0
6434,19,1,0,0
6435,134,1,0,0
6436,120,1,0,0
6437,9,1,0,0
6438,26,1,0,0
6439,48,1,0,0
6440,55,1,0,0
6441,23,1,0,0
6442,121,1,0,0
6443,73,1,0,0
6444,60,1,0,0
6445,23,1,0,0
6446,214,1,0,0
6447,147,1,0,0
6448,45,1,0,0
6449,39,1,0,0
6450,29,1,0,0
6451,9,1,0,0
6452,137,1,0,0
6453,109,1,0,0
6454,94,1,0,0
6455,121,1,0,0
6456,86,1,0,0
6457,97,1,0,0
6458,55,1,0,0
6459,48,1,0,0
6460,159,1,0,0
6461,117,1,0,0
6462,67,1,0,0
6463,9,1,0,0
6464,112,1,0,0
6465,74,1,0,0
6466,117,1,0,0
6467,17,1,0,0
6468,76,1,0,0
6469,23,1,0,0
6470,22,1,0,0
6471,57,1,0,0
6472,53,1,0,0
6473,54,1,0,0
6474,84,1,0,0
6475,75,1,0,0
6476,121,1,0,0
6477,31,1,0,0
6478,98,1,0,0
6479,80,1,0,0
6480,23,1,0,0
6481,17,1,0,0
6482,14,1,0,0
6483,37,1,0,0
6484,43,1,0,0
6485,180,1,0,0
6486,54,1,0,0
6487,86,1,0,0
6488,76,1,0,0
6489,34,1,0,0
6490,53,1,0,0
6491,47,1,0,0
6492,44,1,0,0
6493,183,1,0,0
6494,104,1,0,0
6495,80,1,0,0
6496,79,1,0,0
6497,19,1,0,0
6498,39,1,0,0
6499,25,1,0,0
6500,114,1,0,0
6501,35,1,0,0
6502,36,1,0,0
6503,60,1,0,0
6504,173,1,0,0
6505,12,1,0,0
6506,55,1,0,0
6507,39,1,0,0
6508,63,1,0,0
6509,18,1,0,0
6510,64,1,0,0
6511,67,1,0,0
6512,67,1,0,0
6513,21,1,0,0
6514,167,1,0,0
6515,44,1,0,0
6516,45,1,0,0
6517,117,1,0,0
6518,39,1,0,0
6519,73,1,0,0
6520,48,1,0,0
6521,71,1,0,0
6522,78,1,0,0
6523,42,1,0,0
6524,46,1,0,0
6525,154,1,0,0
6526,26,1,0,0
6527,127,1,0,0
6528,180,1,0,0
6529,50,1,0,0
6530,34,1,0,0
6531,59,1,0,0
6532,18,1,0,0
6533,195,1,0,0
6534,36,1,0,0
6535,86,1,0,0
6536,34,1,0,0
6537,13,1,0,0
6538,50,1,0,0
6539,78,1,0,0
6540,67,1,0,0
6541,151,1,0,0
6542,48,1,0,0
6543,77,1,0,0
6544,40,1,0,0
6545,54,1,0,0
6546,90,1,0,0
6547,188,1,0,0
6548,72,1,0,0
6549,38,1,0,0
6550,33,1,0,0
6551,51,1,0,0
6552,26,1,0,0
6553,43,1,0,0
6554,92,1,0,0
6555,13,1,0,0
6556,56,1,0,0
6557,53,1,0,0
6558,24,1,0,0
6559,50,1,0,0
6560,69,1,0,0
6561,21,1,0,0
6562,74,1,0,0
6563,115,1,0,0
6564,94,1,0,0
6565,25,1,0,0
6566,114,1,0,0
6567,19,1,0,0
6568,57,1,0,0
6569,47,1,0,0
6570,70,1,0,0
6571,49,1,0,0
6572,84,1,0,0
6573,64,1,0,0
6574,29,1,0,0
6575,77,1,0,0
6576,26,1,0,0
6577,138,1,0,0
6578,150,1,0,0
6579,188,1,0,0
6580,63,1,0,0
6581,120,1,0,0
6582,68,1,0,0
6583,16,1,0,0
6584,122,1,0,0
6585,59,1,0,0
6586,32,1,0,0
6587,34,1,0,0
6588,36,1,0,0
6589,84,1,0,0
6590,19,1,0,0
6591,54,1,0,0
6592,89,1,0,0
6593,36,1,0,0
6594,221,1,0,0
6595,52,1,0,0
6596,39,1,0,0
6597,135,1,0,0
6598,101,1,0,0
6599,30,1,0,0
6600,168,1,0,0
6601,202,1,0,0
6602,36,1,0,0
6603,15,1,0,0
6604,74,1,0,0
6605,36,1,0,0
6606,143,1,0,0
6607,120,1,0,0
6608,238,1,0,0
6609,18,1,0,0
6610,74,1,0,0
6611,107,1,0,0
6612,53,1,0,0
6613,81,1,0,0
6614,23,1,0,0
6615,40,1,0,0
6616,168,1,0,0
6617,97,1,0,0
6618,103,1,0,0
6619,27,1,0,0
6620,46,1,0,0
6621,41,1,0,0
6622,22,1,0,0
6623,39,1,0,0
6624,26,1,0,0
6625,46,1,0,0
6626,65,1,0,0
6627,25,1,0,0
6628,17,1,0,0
6629,46,1,0,0
6630,136,1,0,0
6631,180,1,0,0
6632,147,1,0,0
6633,35,1,0,0
6634,51,1,0,0
6635,17,1,0,0
6636,13,1,0,0
6637,16,1,0,0
6638,81,1,0,0
6639,35,1,0,0
6640,38,1,0,0
6641,72,1,0,0
6642,16,1,0,0
6643,52,1,0,0
6644,119,1,0,0
6645,53,1,0,0
6646,43,1,0,0
6647,102,1,0,0
6648,11,1,0,0
6649,38,1,0,0
6650,28,1,0,0
6651,16,1,0,0
6652,56,1,0,0
6653,36,1,0,0
6654,62,1,0,0
6655,84,1,0,0
6656,151,1,0,0
6657,55,1,0,0
6658,55,1,0,0
6659,15,1,0,0
6660,150,1,0,0
6661,36,1,0,0
6662,63,1,0,0
6663,77,1,0,0
6664,38,1,0,0
6665,33,1,0,0
6666,75,1,0,0
6667,37,1,0,0
6668,18,1,0,0
6669,90,1,0,0
6670,53,1,0,0
6671,86,1,0,0
6672,57,1,0,0
6673,22,1,0,0
6674,37,1,0,0
6675,77,1,0,0
6676,92,1,0,0
6677,78,1,0,0
6678,55,1,0,0
6679,46,1,0,0
6680,172,1,0,0
6681,131,1,0,0
6682,22,1,0,0
6683,99,1,0,0
6684,78,1,0,0
6685,49,1,0,0
6686,16,1,0,0
6687,37,1,0,0
6688,134,1,0,0
6689,89,1,0,0
6690,14,1,0,0
6691,37,1,0,0
6692,60,1,0,0
6693,25,1,0,0
6694,41,1,0,0
6695,27,1,0,0
6696,19,1,0,0
6697,95,1,0,0
6698,84,1,0,0
6699,42,1,0,0
6700,26,1,0,0
6701,37,1,0,0
6702,169,1,0,0
6703,19,1,0,0
6704,13,1,0,0
6705,59,1,0,0
6706,33,1,0,0
6707,29,1,0,0
6708,29,1,0,0
6709,15,1,0,0
6710,29,1,0,0
6711,44,1,0,0
6712,37,1,0,0
6713,194,1,0,0
6714,66,1,0,0
6715,43,1,0,0
6716,55,1,0,0
6717,94,1,0,0
6718,29,1,0,0
6719,36,1,0,0
6720,108,1,0,0
6721,94,1,0,0
6722,117,1,0,0
6723,93,1,0,0
6724,37,1,0,0
6725,150,1,0,0
6726,97,1,0,0
6727,128,1,0,0
6728,86,1,0,0
6729,7,1,0,0
6730,40,1,0,0
6731,45,1,0,0
6732,68,1,0,0
6733,52,1,0,0
6734,81,1,0,0
6735,71,1,0,0
6736,76,1,0,0
6737,48,1,0,0
6738,76,1,0,0
6739,19,1,0,0
6740,62,1,0,0
6741,55,1,0,0
6742,23,1,0,0
6743,55,1,0,0
6744,28,1,0,0
6745,26,1,0,0
6746,29,1,0,0
6747,72,1,0,0
6748,89,1,0,0
6749,41,1,0,0
6750,56,1,0,0
6751,31,1,0,0
6752,58,1,0,0
6753,81,1,0,0
6754,80,1,0,0
6755,88,1,0,0
6756,142,1,0,0
6757,33,1,0,0
6758,107,1,0,0
6759,101,1,0,0
6760,53,1,0,0
6761,45,1,0,0
6762,18,1,0,0
6763,33,1,0,0
6764,78,1,0,0
6765,42,1,0,0
6766,19,1,0,0
6767,110,1,0,0
6768,58,1,0,0
6769,17,1,0,0
6770,107,1,0,0
6771,142,1,0,0
6772,46,1,0,0
6773,119,1,0,0
6774,66,1,0,0
6775,176,1,0,0
6776,18,1,0,0
6777,16,1,0,0
6778,39,1,0,0
6779,34,1,0,0
6780,77,1,0,0
6781,104,1,0,0
6782,129,1,0,0
6783,37,1,0,0
6784,48,1,0,0
6785,30,1,0,0
6786,80,1,0,0
6787,44,1,0,0
6788,15,1,0,0
6789,90,1,0,0
6790,34,1,0,0
6791,43,1,0,0
6792,125,1,0,0
6793,111,1,0,0
6794,160,1,0,0
6795,50,1,0,0
6796,100,1,0,0
6797,33,1,0,0
6798,15,1,0,0
6799,48,1,0,0
6800,86,1,0,0
6801,32,1,0,0
6802,93,1,0,0
6803,72,1,0,0
6804,45,1,0,0
6805,37,1,0,0
6806,53,1,0,0
6807,80,1,0,0
6808,75,1,0,0
6809,51,1,0,0
6810,27,1,0,0
6811,13,1,0,0
6812,38,1,0,0
6813,134,1,0,0
6814,68,1,0,0
6815,83,1,0,0
6816,46,1,0,0
6817,36,1,0,0
6818,24,1,0,0
6819,155,1,0,0
6820,104,1,0,0
6821,68,1,0,0
6822,13,1,0,0
6823,23,1,0,0
6824,51,1,0,0
6825,50,1,0,0
6826,81,1,0,0
6827,92,1,0,0
6828,69,1,0,0
6829,21,1,0,0
6830,28,1,0,0
6831,328,1,0,0
6832,118,1,0,0
6833,47,1,0,0
6834,43,1,0,0
6835,28,1,0,0
6836,10,1,0,0
6837,65,1,0,0
6838,164,1,0,0
6839,74,1,0,0
6840,123,1,0,0
6841,263,1,0,0
6842,109,1,0,0
6843,66,1,0,0
6844,35,1,0,0
6845,14,1,0,0
6846,28,1,0,0
6847,26,1,0,0
6848,40,1,0,0
6849,60,1,0,0
6850,122,1,0,0
6851,29,1,0,0
6852,151,1,0,0
6853,45,1,0,0
6854,71,1,0,0
6855,65,1,0,0
6856,44,1,0,0
6857,75,1,0,0
6858,194,1,0,0
6859,73,1,0,0
6860,34,1,0,0
6861,46,1,0,0
6862,164,1,0,0
6863,45,1,0,0
6864,152,1,0,0
6865,29,1,0,0
6866,65,1,0,0
6867,14,1,0,0
6868,40,1,0,0
6869,132,1,0,0
6870,172,1,0,0
6871,32,1,0,0
6872,95,1,0,0
6873,62,1,0,0
6874,65,1,0,0
6875,144,1,0,0
6876,123,1,0,0
6877,55,1,0,0
6878,68,1,0,0
6879,122,1,0,0
6880,45,1,0,0
6881,148,1,0,0
6882,82,1,0,0
6883,10,1,0,0
6884,66,1,0,0
6885,24,1,0,0
6886,85,1,0,0
6887,58,1,0,0
6888,38,1,0,0
6889,78,1,0,0
6890,53,1,0,0
6891,66,1,0,0
6892,84,1,0,0
6893,91,1,0,0
6894,25,1,0,0
6895,59,1,0,0
6896,117,1,0,0
6897,26,1,0,0
6898,32,1,0,0
6899,140,1,0,0
6900,19,1,0,0
6901,54,1,0,0
6902,45,1,0,0
6903,126,1,0,0
6904,89,1,0,0
6905,21,1,0,0
6906,55,1,0,0
6907,141,1,0,0
6908,88,1,0,0
6909,31,1,0,0
6910,50,1,0,0
6911,41,1,0,0
6912,57,1,0,0
6913,82,1,0,0
6914,40,1,0,0
6915,154,1,0,0
6916,32,1,0,0
6917,99,1,0,0
6918,24,1,0,0
6919,114,1,0,0
6920,34,1,0,0
6921,70,1,0,0
6922,41,1,0,0
6923,119,1,0,0
6924,152,1,0,0
6925,92,1,0,0
6926,107,1,0,0
6927,136,1,0,0
6928,116,1,0,0
6929,163,1,0,0
6930,162,1,0,0
6931,43,1,0,0
6932,48,1,0,0
6933,78,1,0,0
6934,55,1,0,0
6935,57,1,0,0
6936,47,1,0,0
6937,10,1,0,0
6938,127,1,0,0
6939,65,1,0,0
6940,121,1,0,0
6941,73,1,0,0
6942,48,1,0,0
6943,30,1,0,0
6944,46,1,0,0
6945,55,1,0,0
6946,37,1,0,0
6947,23,1,0,0
6948,64,1,0,0
6949,51,1,0,0
6950,65,1,0,0
6951,63,1,0,0
6952,110,1,0,0
6953,45,1,0,0
6954,30,1,0,0
6955,90,1,0,0
6956,111,1,0,0
6957,95,1,0,0
6958,133,1,0,0
6959,165,1,0,0
6960,57,1,0,0
6961,12,1,0,0
6962,66,1,0,0
6963,34,1,0,0
6964,112,1,0,0
6965,75,1,0,0
6966,89,1,0,0
6967,34,1,0,0
6968,58,1,0,0
6969,44,1,0,0
6970,44,1,0,0
6971,31,1,0,0
6972,45,1,0,0
6973,62,1,0,0
6974,33,1,0,0
6975,19,1,0,0
6976,26,1,0,0
6977,59,1,0,0
6978,98,1,0,0
6979,75,1,0,0
6980,72,1,0,0
6981,49,1,0,0
6982,41,1,0,0
6983,52,1,0,0
6984,27,1,0,0
6985,37,1,0,0
6986,17,1,0,0
6987,69,1,0,0
6988,63,1,0,0
6989,89,1,0,0
6990,81,1,0,0
6991,85,1,0,0
6992,10,1,0,0
6993,31,1,0,0
6994,70,1,0,0
6995,150,1,0,0
6996,62,1,0,0
6997,47,1,0,0
6998,73,1,0,0
6999,19,1,0,0
7000,151,1,0,0
7001,135,1,0,0
7002,81,1,0,0
7003,19,1,0,0
7004,50,1,0,0
7005,41,1,0,0
7006,74,1,0,0
7007,11,1,0,0
7008,22,1,0,0
7009,36,1,0,0
7010,63,1,0,0
7011,28,1,0,0
7012,69,1,0,0
7013,30,1,0,0
7014,48,1,0,0
7015,25,1,0,0
7016,71,1,0,0
7017,101,1,0,0
7018,26,1,0,0
7019,62,1,0,0
7020,180,1,0,0
7021,120,1,0,0
7022,95,1,0,0
7023,93,1,0,0
7024,117,1,0,0
7025,105,1,0,0
7026,45,1,0,0
7027,52,1,0,0
7028,31,1,0,0
7029,135,1,0,0
7030,120,1,0,0
7031,76,1,0,0
7032,39,1,0,0
7033,90,1,0,0
7034,20,1,0,0
7035,60,1,0,0
7036,183,1,0,0
7037,25,1,0,0
7038,216,1,0,0
7039,135,1,0,0
7040,74,1,0,0
7041,33,1,0,0
7042,85,1,0,0
7043,45,1,0,0
7044,21,1,0,0
7045,11,1,0,0
7046,13,1,0,0
7047,41,1,0,0
7048,9,1,0,0
7049,63,1,0,0
7050,105,1,0,0
7051,36,1,0,0
7052,145,1,0,0
7053,111,1,0,0
7054,84,1,0,0
7055,257,1,0,0
7056,103,1,0,0
7057,65,1,0,0
7058,35,1,0,0
7059,198,1,0,0
7060,75,1,0,0
7061,67,1,0,0
7062,98,1,0,0
7063,77,1,0,0
7064,54,1,0,0
7065,60,1,0,0
7066,79,1,0,0
7067,74,1,0,0
7068,38,1,0,0
7069,65,1,0,0
7070,43,1,0,0
7071,158,1,0,0
7072,52,1,0,0
7073,50,1,0,0
7074,55,1,0,0
7075,64,1,0,0
7076,68,1,0,0
7077,114,1,0,0
7078,25,1,0,0
7079,57,1,0,0
7080,115,1,0,0
7081,54,1,0,0
7082,45,1,0,0
7083,33,1,0,0
7084,115,1,0,0
7085,34,1,0,0
7086,62,1,0,0
7087,35,1,0,0
7088,70,1,0,0
7089,93,1,0,0
7090,86,1,0,0
7091,64,1,0,0
7092,80,1,0,0
7093,26,1,0,0
7094,75,1,0,0
7095,84,1,0,0
7096,97,1,0,0
7097,80,1,0,0
7098,13,1,0,0
7099,91,1,0,0
7100,32,1,0,0
7101,165,1,0,0
7102,16,1,0,0
7103,87,1,0,0
7104,20,1,0,0
7105,83,1,0,0
7106,16,1,0,0
7107,92,1,0,0
7108,16,1,0,0
7109,107,1,0,0
7110,8,1,0,0
7111,99,1,0,0
7112,35,1,0,0
7113,38,1,0,0
7114,39,1,0,0
7115,13,1,0,0
7116,134,1,0,0
7117,104,1,0,0
7118,60,1,0,0
7119,18,1,0,0
7120,112,1,0,0
7121,25,1,0,0
7122,16,1,0,0
7123,51,1,0,0
7124,126,1,0,0
7125,75,1,0,0
7126,55,1,0,0
7127,19,1,0,0
7128,24,1,0,0
7129,43,1,0,0
7130,79,1,0,0
7131,23,1,0,0
7132,40,1,0,0
7133,27,1,0,0
7134,72,1,0,0
7135,38,1,0,0
7136,86,1,0,0
7137,57,1,0,0
7138,13,1,0,0
7139,71,1,0,0
7140,86,1,0,0
7141,58,1,0,0
7142,45,1,0,0
7143,79,1,0,0
7144,71,1,0,0
7145,105,1,0,0
7146,175,1,0,0
7147,31,1,0,0
7148,37,1,0,0
7149,63,1,0,0
7150,9,1,0,0
7151,49,1,0,0
7152,33,1,0,0
7153,89,1,0,0
7154,89,1,0,0
7155,44,1,0,0
7156,89,1,0,0
7157,123,1,0,0
7158,38,1,0,0
7159,62,1,0,0
7160,34,1,0,0
7161,17,1,0,0
7162,58,1,0,0
7163,57,1,0,0
7164,251,1,0,0
7165,47,1,0,0
7166,117,1,0,0
7167,20,1,0,0
7168,20,1,0,0
7169,23,1,0,0
7170,39,1,0,0
7171,77,1,0,0
7172,39,1,0,0
7173,55,1,0,0
7174,87,1,0,0
7175,42,1,0,0
7176,34,1,0,0
7177,37,1,0,0
7178,113,1,0,0
7179,27,1,0,0
7180,19,1,0,0
7181,46,1,0,0
7182,29,1,0,0
7183,61,1,0,0
7184,22,1,0,0
7185,39,1,0,0
7186,65,1,0,0
7187,89,1,0,0
7188,100,1,0,0
7189,43,1,0,0
7190,35,1,0,0
7191,9,1,0,0
7192,48,1,0,0
7193,175,1,0,0
7194,49,1,0,0
7195,29,1,0,0
7196,86,1,0,0
7197,26,1,0,0
7198,74,1,0,0
7199,39,1,0,0
7200,27,1,0,0
7201,9,1,0,0
7202,107,1,0,0
7203,36,1,0,0
7204,32,1,0,0
7205,105,1,0,0
7206,26,1,0,0
7207,23,1,0,0
7208,213,1,0,0
7209,37,1,0,0
7210,47,1,0,0
7211,48,1,0,0
7212,49,1,0,0
7213,72,1,0,0
7214,22,1,0,0
7215,22,1,0,0
7216,42,1,0,0
7217,80,1,0,0
7218,77,1,0,0
7219,48,1,0,0
7220,13,1,0,0
7221,25,1,0,0
7222,16,1,0,0
7223,36,1,0,0
7224,50,1,0,0
7225,259,1,0,0
7226,134,1,0,0
7227,8,1,0,0
7228,85,1,0,0
7229,20,1,0,0
7230,65,1,0,0
7231,23,1,0,0
7232,58,1,0,0
7233,61,1,0,0
7234,25,1,0,0
7235,91,1,0,0
7236,27,1,0,0
7237,51,1,0,0
7238,62,1,0,0
7239,8,1,0,0
7240,28,1,0,0
7241,93,1,0,0
7242,83,1,0,0
7243,117,1,0,0
7244,67,1,0,0
7245,122,1,0,0
7246,23,1,0,0
7247,85,1,0,0
7248,170,1,0,0
7249,15,1,0,0
7250,81,1,0,0
7251,61,1,0,0
7252,48,1,0,0
7253,78,1,0,0
7254,17,1,0,0
7255,66,1,0,0
7256,115,1,0,0
7257,67,1,0,0
7258,54,1,0,0
7259,54,1,0,0
7260,25,1,0,0
7261,23,1,0,0
7262,78,1,0,0
7263,84,1,0,0
7264,64,1,0,0
7265,9,1,0,0
7266,97,1,0,0
7267,200,1,0,0
7268,91,1,0,0
7269,55,1,0,0
7270,73,1,0,0
7271,52,1,0,0
7272,113,1,0,0
7273,99,1,0,0
7274,49,1,0,0
7275,44,1,0,0
7276,69,1,0,0
7277,47,1,0,0
7278,42,1,0,0
7279,83,1,0,0
7280,53,1,0,0
7281,37,1,0,0
7282,72,1,0,0
7283,25,1,0,0
7284,59,1,0,0
7285,63,1,0,0
7286,123,1,0,0
7287,37,1,0,0
7288,109,1,0,0
7289,17,1,0,0
7290,84,1,0,0
7291,105,1,0,0
7292,106,1,0,0
7293,135,1,0,0
7294,26,1,0,0
7295,89,1,0,0
7296,33,1,0,0
7297,44,1,0,0
7298,39,1,0,0
7299,14,1,0,0
7300,150,1,0,0
7301,40,1,0,0
7302,43,1,0,0
7303,51,1,0,0
7304,120,1,0,0
7305,19,1,0,0
7306,15,1,0,0
7307,99,1,0,0
7308,99,1,0,0
7309,96,1,0,0
7310,88,1,0,0
7311,26,1,0,0
7312,11,1,0,0
7313,50,1,0,0
7314,33,1,0,0
7315,73,1,0,0
7316,66,1,0,0
7317,93,1,0,0
7318,151,1,0,0
7319,59,1,0,0
7320,80,1,0,0
7321,103,1,0,0
7322,27,1,0,0
7323,35,1,0,0
7324,101,1,0,0
7325,34,1,0,0
7326,70,1,0,0
7327,61,1,0,0
7328,147,1,0,0
7329,27,1,0,0
7330,71,1,0,0
7331,153,1,0,0
7332,44,1,0,0
7333,104,1,0,0
7334,62,1,0,0
7335,202,1,0,0
7336,94,1,0,0
7337,53,1,0,0
7338,115,1,0,0
7339,60,1,0,0
7340,30,1,0,0
7341,314,1,0,0
7342,86,1,0,0
7343,152,1,0,0
7344,36,1,0,0
7345,73,1,0,0
7346,51,1,0,0
7347,106,1,0,0
7348,84,1,0,0
7349,54,1,0,0
7350,52,1,0,0
7351,52,1,0,0
7352,23,1,0,0
7353,21,1,0,0
7354,76,1,0,0
7355,37,1,0,0
7356,80,1,0,0
7357,58,1,0,0
7358,98,1,0,0
7359,21,1,0,0
7360,85,1,0,0
7361,69,1,0,0
7362,49,1,0,0
7363,43,1,0,0
7364,68,1,0,0
7365,174,1,0,0
7366,47,1,0,0
7367,37,1,0,0
7368,40,1,0,0
7369,30,1,0,0
7370,82,1,0,0
7371,28,1,0,0
7372,54,1,0,0
7373,43,1,0,0
7374,96,1,0,0
7375,16,1,0,0
7376,47,1,0,0
7377,70,1,0,0
7378,80,1,0,0
7379,79,1,0,0
7380,81,1,0,0
7381,19,1,0,0
7382,27,1,0,0
7383,154,1,0,0
7384,141,1,0,0
7385,36,1,0,0
7386,96,1,0,0
7387,26,1,0,0
7388,23,1,0,0
7389,118,1,0,0
7390,27,1,0,0
7391,154,1,0,0
7392,66,1,0,0
7393,17,1,0,0
7394,28,1,0,0
7395,32,1,0,0
7396,104,1,0,0
7397,51,1,0,0
7398,186,1,0,0
7399,55,1,0,0
7400,44,1,0,0
7401,90,1,0,0
7402,56,1,0,0
7403,16,1,0,0
7404,70,1,0,0
7405,41,1,0,0
7406,50,1,0,0
7407,34,1,0,0
7408,59,1,0,0
7409,36,1,0,0
7410,79,1,0,0
7411,88,1,0,0
7412,65,1,0,0
7413,80,1,0,0
7414,137,1,0,0
7415,28,1,0,0
7416,44,1,0,0
7417,50,1,0,0
7418,9,1,0,0
7419,147,1,0,0
7420,44,1,0,0
7421,10,1,0,0
7422,28,1,0,0
7423,246,1,0,0
7424,76,1,0,0
7425,224,1,0,0
7426,117,1,0,0
7427,45,1,0,0
7428,29,1,0,0
7429,245,1,0,0
7430,60,1,0,0
7431,35,1,0,0
7432,36,1,0,0
7433,50,1,0,0
7434,56,1,0,0
7435,140,1,0,0
7436,52,1,0,0
7437,24,1,0,0
7438,73,1,0,0
7439,27,1,0,0
7440,89,1,0,0
7441,147,1,0,0
7442,29,1,0,0
7443,110,1,0,0
7444,91,1,0,0
7445,51,1,0,0
7446,64,1,0,0
7447,82,1,0,0
7448,30,1,0,0
7449,28,1,0,0
7450,9,1,0,0
7451,42,1,0,0
7452,33,1,0,0
7453,87,1,0,0
7454,94,1,0,0
7455,74,1,0,0
7456,38,1,0,0
7457,71,1,0,0
7458,56,1,0,0
7459,175,1,0,0
7460,76,1,0,0
7461,92,1,0,0
7462,101,1,0,0
7463,85,1,0,0
7464,68,1,0,0
7465,30,1,0,0
7466,74,1,0,0
7467,75,1,0,0
7468,41,1,0,0
7469,93,1,0,0
7470,72,1,0,0
7471,75,1,0,0
7472,142,1,0,0
7473,149,1,0,0
7474,76,1,0,0
7475,184,1,0,0
7476,124,1,0,0
7477,146,1,0,0
7478,11,1,0,0
7479,74,1,0,0
7480,12,1,0,0
7481,26,1,0,0
7482,47,1,0,0
7483,22,1,0,0
7484,46,1,0,0
7485,73,1,0,0
7486,25,1,0,0
7487,37,1,0,0
7488,60,1,0,0
7489,60,1,0,0
7490,98,1,0,0
7491,30,1,0,0
7492,137,1,0,0
7493,29,1,0,0
7494,184,1,0,0
7495,84,1,0,0
7496,28,1,0,0
7497,54,1,0,0
7498,57,1,0,0
7499,30,1,0,0
7500,32,1,0,0
7501,93,1,0,0
7502,46,1,0,0
7503,27,1,0,0
7504,88,1,0,0
7505,217,1,0,0
7506,143,1,0,0
7507,45,1,0,0
7508,13,1,0,0
7509,35,1,0,0
7510,69,1,0,0
7511,57,1,0,0
7512,56,1,0,0
7513,147,1,0,0
7514,133,1,0,0
7515,118,1,0,0
7516,107,1,0,0
7517,37,1,0,0
7518,138,1,0,0
7519,85,1,0,0
7520,85,1,0,0
7521,39,1,0,0
7522,108,1,0,0
7523,41,1,0,0
7524,21,1,0,0
7525,231,1,0,0
7526,25,1,0,0
7527,19,1,0,0
7528,25,1,0,0
7529,174,1,0,0
7530,17,1,0,0
7531,76,1,0,0
7532,155,1,0,0
7533,59,1,0,0
7534,54,1,0,0
7535,69,1,0,0
7536,46,1,0,0
7537,65,1,0,0
7538,121,1,0,0
7539,51,1,0,0
7540,40,1,0,0
7541,124,1,0,0
7542,29,1,0,0
7543,115,1,0,0
7544,21,1,0,0
7545,164,1,0,0
7546,24,1,0,0
7547,13,1,0,0
7548,14,1,0,0
7549,117,1,0,0
7550,128,1,0,0
7551,25,1,0,0
7552,119,1,0,0
7553,15,1,0,0
7554,82,1,0,0
7555,44,1,0,0
7556,17,1,0,0
7557,56,1,0,0
7558,197,1,0,0
7559,57,1,0,0
7560,72,1,0,0
7561,77,1,0,0
7562,31,1,0,0
7563,48,1,0,0
7564,95,1,0,0
7565,60,1,0,0
7566,106,1,0,0
7567,157,1,0,0
7568,76,1,0,0
7569,45,1,0,0
7570,25,1,0,0
7571,86,1,0,0
7572,266,1,0,0
7573,81,1,0,0
7574,88,1,0,0
7575,149,1,0,0
7576,40,1,0,0
7577,268,1,0,0
7578,169,1,0,0
7579,86,1,0,0
7580,89,1,0,0
7581,56,1,0,0
7582,45,1,0,0
7583,126,1,0,0
7584,21,1,0,0
7585,127,1,0,0
7586,230,1,0,0
7587,47,1,0,0
7588,47,1,0,0
7589,156,1,0,0
7590,36,1,0,0
7591,19,1,0,0
7592,55,1,0,0
7593,90,1,0,0
7594,219,1,0,0
7595,380,1,0,0
7596,34,1,0,0
7597,16,1,0,0
7598,60,1,0,0
7599,30,1,0,0
7600,49,1,0,0
7601,24,1,0,0
7602,44,1,0,0
7603,100,1,0,0
7604,64,1,0,0
7605,99,1,0,0
7606,67,1,0,0
7607,38,1,0,0
7608,109,1,0,0
7609,86,1,0,0
7610,113,1,0,0
7611,107,1,0,0
7612,90,1,0,0
7613,13,1,0,0
7614,53,1,0,0
7615,94,1,0,0
7616,31,1,0,0
7617,33,1,0,0
7618,47,1,0,0
7619,56,1,0,0
7620,70,1,0,0
7621,124,1,0,0
7622,84,1,0,0
7623,62,1,0,0
7624,58,1,0,0
7625,169,1,0,0
7626,50,1,0,0
7627,60,1,0,0
7628,62,1,0,0
7629,111,1,0,0
7630,57,1,0,0
7631,83,1,0,0
7632,37,1,0,0
7633,120,1,0,0
7634,30,1,0,0
7635,24,1,0,0
7636,35,1,0,0
7637,8,1,0,0
7638,39,1,0,0
7639,70,1,0,0
7640,92,1,0,0
7641,31,1,0,0
7642,70,1,0,0
7643,51,1,0,0
7644,44,1,0,0
7645,16,1,0,0
7646,123,1,0,0
7647,142,1,0,0
7648,43,1,0,0
7649,195,1,0,0
7650,33,1,0,0
7651,102,1,0,0
7652,74,1,0,0
7653,90,1,0,0
7654,53,1,0,0
7655,52,1,0,0
7656,146,1,0,0
7657,125,1,0,0
7658,151,1,0,0
7659,12,1,0,0
7660,20,1,0,0
7661,105,1,0,0
7662,75,1,0,0
7663,119,1,0,0
7664,64,1,0,0
7665,41,1,0,0
7666,27,1,0,0
7667,147,1,0,0
7668,104,1,0,0
7669,40,1,0,0
7670,21,1,0,0
7671,16,1,0,0
7672,105,1,0,0
7673,54,1,0,0
7674,98,1,0,0
7675,63,1,0,0
7676,85,1,0,0
7677,24,1,0,0
7678,47,1,0,0
7679,26,1,0,0
7680,19,1,0,0
7681,18,1,0,0
7682,75,1,0,0
7683,36,1,0,0
7684,38,1,0,0
7685,96,1,0,0
7686,44,1,0,0
7687,214,1,0,0
7688,59,1,0,0
7689,51,1,0,0
7690,74,1,0,0
7691,47,1,0,0
7692,35,1,0,0
7693,76,1,0,0
7694,143,1,0,0
7695,21,1,0,0
7696,101,1,0,0
7697,11,1,0,0
7698,25,1,0,0
7699,36,1,0,0
7700,81,1,0,0
7701,25,1,0,0
7702,41,1,0,0
7703,15,1,0,0
7704,149,1,0,0
7705,180,1,0,0
7706,53,1,0,0
7707,94,1,0,0
7708,93,1,0,0
7709,56,1,0,0
7710,75,1,0,0
7711,82,1,0,0
7712,39,1,0,0
7713,260,1,0,0
7714,43,1,0,0
7715,65,1,0,0
7716,71,1,0,0
7717,8,1,0,0
7718,36,1,0,0
7719,79,1,0,0
7720,14,1,0,0
7721,52,1,0,0
7722,158,1,0,0
7723,28,1,0,0
7724,59,1,0,0
7725,89,1,0,0
7726,21,1,0,0
7727,39,1,0,0
7728,103,1,0,0
7729,81,1,0,0
7730,25,1,0,0
7731,51,1,0,0
7732,42,1,0,0
7733,28,1,0,0
7734,24,1,0,0
7735,127,1,0,0
7736,9,1,0,0
7737,158,1,0,0
7738,31,1,0,0
7739,94,1,0,0
7740,62,1,0,0
7741,59,1,0,0
7742,50,1,0,0
7743,32,1,0,0
7744,146,1,0,0
7745,35,1,0,0
7746,17,1,0,0
7747,18,1,0,0
7748,103,1,0,0
7749,73,1,0,0
7750,30,1,0,0
7751,16,1,0,0
7752,87,1,0,0
7753,28,1,0,0
7754,61,1,0,0
7755,125,1,0,0
7756,23,1,0,0
7757,68,1,0,0
7758,51,1,0,0
7759,12,1,0,0
7760,62,1,0,0
7761,27,1,0,0
7762,23,1,0,0
7763,23,1,0,0
7764,128,1,0,0
7765,61,1,0,0
7766,185,1,0,0
7767,27,1,0,0
7768,62,1,0,0
7769,33,1,0,0
7770,195,1,0,0
7771,28,1,0,0
7772,80,1,0,0
7773,26,1,0,0
7774,49,1,0,0
7775,127,1,0,0
7776,80,1,0,0
7777,70,1,0,0
7778,149,1,0,0
7779,76,1,0,0
7780,73,1,0,0
7781,87,1,0,0
7782,40,1,0,0
7783,54,1,0,0
7784,98,1,0,0
7785,104,1,0,0
7786,26,1,0,0
7787,116,1,0,0
7788,100,1,0,0
7789,215,1,0,0
7790,128,1,0,0
7791,27,1,0,0
7792,84,1,0,0
7793,80,1,0,0
7794,44,1,0,0
7795,79,1,0,0
7796,88,1,0,0
7797,43,1,0,0
7798,158,1,0,0
7799,31,1,0,0
7800,59,1,0,0
7801,61,1,0,0
7802,34,1,0,0
7803,58,1,0,0
7804,27,1,0,0
7805,24,1,0,0
7806,71,1,0,0
7807,18,1,0,0
7808,37,1,0,0
7809,88,1,0,0
7810,132,1,0,0
7811,20,1,0,0
7812,96,1,0,0
7813,57,1,0,0
7814,85,1,0,0
7815,45,1,0,0
7816,59,1,0,0
7817,13,1,0,0
7818,82,1,0,0
7819,109,1,0,0
7820,112,1,0,0
7821,113,1,0,0
7822,29,1,0,0
7823,55,1,0,0
7824,132,1,0,0
7825,162,1,0,0
7826,26,1,0,0
7827,26,1,0,0
7828,40,1,0,0
7829,150,1,0,0
7830,19,1,0,0
7831,64,1,0,0
7832,29,1,0,0
7833,317,1,0,0
7834,18,1,0,0
7835,10,1,0,0
7836,32,1,0,0
7837,57,1,0,0
7838,95,1,0,0
7839,33,1,0,0
7840,43,1,0,0
7841,88,1,0,0
7842,58,1,0,0
7843,79,1,0,0
7844,76,1,0,0
7845,91,1,0,0
7846,26,1,0,0
7847,18,1,0,0
7848,24,1,0,0
7849,129,1,0,0
7850,37,1,0,0
7851,15,1,0,0
7852,148,1,0,0
7853,17,1,0,0
7854,14,1,0,0
7855,53,1,0,0
7856,72,1,0,0
7857,153,1,0,0
7858,13,1,0,0
7859,53,1,0,0
7860,17,1,0,0
7861,42,1,0,0
7862,104,1,0,0
7863,78,1,0,0
7864,170,1,0,0
7865,40,1,0,0
7866,205,1,0,0
7867,15,1,0,0
7868,40,1,0,0
7869,58,1,0,0
7870,16,1,0,0
7871,22,1,0,0
7872,52,1,0,0
7873,81,1,0,0
7874,46,1,0,0
7875,96,1,0,0
7876,78,1,0,0
7877,239,1,0,0
7878,78,1,0,0
7879,28,1,0,0
7880,25,1,0,0
7881,14,1,0,0
7882,120,1,0,0
7883,9,1,0,0
7884,136,1,0,0
7885,67,1,0,0
7886,106,1,0,0
7887,31,1,0,0
7888,13,1,0,0
7889,234,1,0,0
7890,91,1,0,0
7891,68,1,0,0
7892,125,1,0,0
7893,55,1,0,0
7894,161,1,0,0
7895,170,1,0,0
7896,119,1,0,0
7897,84,1,0,0
7898,367,1,0,0
7899,90,1,0,0
7900,30,1,0,0
7901,183,1,0,0
7902,102,1,0,0
7903,56,1,0,0
7904,147,1,0,0
7905,17,1,0,0
7906,71,1,0,0
7907,99,1,0,0
7908,32,1,0,0
7909,121,1,0,0
7910,28,1,0,0
7911,29,1,0,0
7912,20,1,0,0
7913,41,1,0,0
7914,45,1,0,0
7915,28,1,0,0
7916,151,1,0,0
7917,57,1,0,0
7918,194,1,0,0
7919,78,1,0,0
7920,126,1,0,0
7921,35,1,0,0
7922,80,1,0,0
7923,24,1,0,0
7924,60,1,0,0
7925,29,1,0,0
7926,52,1,0,0
7927,12,1,0,0
7928,38,1,0,0
7929,19,1,0,0
7930,56,1,0,0
7931,13,1,0,0
7932,44,1,0,0
7933,25,1,0,0
7934,112,1,0,0
7935,47,1,0,0
7936,39,1,0,0
7937,96,1,0,0
7938,11,1,0,0
7939,73,1,0,0
7940,37,1,0,0
7941,51,1,0,0
7942,82,1,0,0
7943,53,1,0,0
7944,63,1,0,0
7945,190,1,0,0
7946,48,1,0,0
7947,89,1,0,0
7948,98,1,0,0
7949,63,1,0,0
7950,35,1,0,0
7951,20,1,0,0
7952,25,1,0,0
7953,61,1,0,0
7954,68,1,0,0
7955,53,1,0,0
7956,95,1,0,0
7957,26,1,0,0
7958,46,1,0,0
7959,32,1,0,0
7960,190,1,0,0
7961,21,1,0,0
7962,13,1,0,0
7963,50,1,0,0
7964,14,1,0,0
7965,53,1,0,0
7966,40,1,0,0
7967,82,1,0,0
7968,37,1,0,0
7969,13,1,0,0
7970,61,1,0,0
7971,152,1,0,0
7972,28,1,0,0
7973,63,1,0,0
7974,31,1,0,0
7975,64,1,0,0
7976,77,1,0,0
7977,45,1,0,0
7978,113,1,0,0
7979,79,1,0,0
7980,94,1,0,0
7981,137,1,0,0
7982,48,1,0,0
7983,52,1,0,0
7984,47,1,0,0
7985,247,1,0,0
7986,118,1,0,0
7987,66,1,0,0
7988,75,1,0,0
7989,86,1,0,0
7990,39,1,0,0
7991,48,1,0,0
7992,28,1,0,0
7993,41,1,0,0
7994,47,1,0,0
7995,17,1,0,0
7996,16,1,0,0
7997,178,1,0,0
7998,68,1,0,0
7999,39,1,0,0
8000,76,1,0,0
8001,62,1,0,0
8002,26,1,0,0
8003,75,1,0,0
8004,110,1,0,0
8005,179,1,0,0
8006,38,1,0,0
8007,78,1,0,0
8008,96,1,0,0
8009,31,1,0,0
8010,81,1,0,0
8011,62,1,0,0
8012,37,1,0,0
8013,180,1,0,0
8014,21,1,0,0
8015,42,1,0,0
8016,14,1,0,0
8017,48,1,0,0
8018,132,1,0,0
8019,66,1,0,0
8020,67,1,0,0
8021,47,1,0,0
8022,82,1,0,0
8023,58,1,0,0
8024,43,1,0,0
8025,45,1,0,0
8026,197,1,0,0
8027,92,1,0,0
8028,111,1,0,0
8029,13,1,0,0
8030,77,1,0,0
8031,35,1,0,0
8032,24,1,0,0
8033,52,1,0,0
8034,133,1,0,0
8035,114,1,0,0
8036,84,1,0,0
8037,69,1,0,0
8038,91,1,0,0
8039,139,1,0,0
8040,244,1,0,0
8041,93,1,0,0
8042,16,1,0,0
8043,78,1,0,0
8044,113,1,0,0
8045,91,1,0,0
8046,123,1,0,0
8047,43,1,0,0
8048,201,1,0,0
8049,66,1,0,0
8050,39,1,0,0
8051,96,1,0,0
8052,23,1,0,0
8053,45,1,0,0
8054,94,1,0,0
8055,70,1,0,0
8056,80,1,0,0
8057,18,1,0,0
8058,60,1,0,0
8059,61,1,0,0
8060,68,1,0,0
8061,116,1,0,0
8062,37,1,0,0
8063,24,1,0,0
8064,90,1,0,0
8065,36,1,0,0
8066,94,1,0,0
8067,74,1,0,0
8068,61,1,0,0
8069,33,1,0,0
8070,63,1,0,0
8071,24,1,0,0
8072,35,1,0,0
8073,33,1,0,0
8074,27,1,0,0
8075,11,1,0,0
8076,16,1,0,0
8077,64,1,0,0
8078,18,1,0,0
8079,56,1,0,0
8080,64,1,0,0
8081,106,1,0,0
8082,173,1,0,0
8083,162,1,0,0
8084,132,1,0,0
8085,29,1,0,0
8086,49,1,0,0
8087,26,1,0,0
8088,28,1,0,0
8089,93,1,0,0
8090,206,1,0,0
8091,45,1,0,0
8092,83,1,0,0
8093,72,1,0,0
8094,88,1,0,0
8095,45,1,0,0
8096,33,1,0,0
8097,79,1,0,0
8098,27,1,0,0
8099,162,1,0,0
8100,113,1,0,0
8101,25,1,0,0
8102,38,1,0,0
8103,73,1,0,0
8104,151,1,0,0
8105,225,1,0,0
8106,202,1,0,0
8107,80,1,0,0
8108,19,1,0,0
8109,42,1,0,0
8110,43,1,0,0
8111,24,1,0,0
8112,113,1,0,0
8113,33,1,0,0
8114,131,1,0,0
8115,63,1,0,0
8116,84,1,0,0
8117,63,1,0,0
8118,42,1,0,0
8119,47,1,0,0
8120,64,1,0,0
8121,137,1,0,0
8122,47,1,0,0
8123,83,1,0,0
8124,286,1,0,0
8125,38,1,0,0
8126,34,1,0,0
8127,27,1,0,0
8128,118,1,0,0
8129,19,1,0,0
8130,110,1,0,0
8131,31,1,0,0
8132,45,1,0,0
8133,49,1,0,0
8134,18,1,0,0
8135,185,1,0,0
8136,48,1,0,0
8137,161,1,0,0
8138,25,1,0,0
8139,74,1,0,0
8140,70,1,0,0
8141,129,1,0,0
8142,30,1,0,0
8143,69,1,0,0
8144,112,1,0,0
8145,84,1,0,0
8146,48,1,0,0
8147,46,1,0,0
8148,31,1,0,0
8149,76,1,0,0
8150,11,1,0,0
8151,176,1,0,0
8152,18,1,0,0
8153,42,1,0,0
8154,37,1,0,0
8155,7,1,0,0
8156,196,1,0,0
8157,112,1,0,0
8158,56,1,0,0
8159,71,1,0,0
8160,158,1,0,0
8161,132,1,0,0
8162,38,1,0,0
8163,37,1,0,0
8164,25,1,0,0
8165,15,1,0,0
8166,203,1,0,0
8167,48,1,0,0
8168,131,1,0,0
8169,100,1,0,0
8170,55,1,0,0
8171,57,1,0,0
8172,55,1,0,0
8173,109,1,0,0
8174,85,1,0,0
8175,41,1,0,0
8176,41,1,0,0
8177,101,1,0,0
8178,33,1,0,0
8179,92,1,0,0
8180,107,1,0,0
8181,94,1,0,0
8182,27,1,0,0
8183,34,1,0,0
8184,66,1,0,0
8185,303,1,0,0
8186,131,1,0,0
8187,113,1,0,0
8188,120,1,0,0
8189,122,1,0,0
8190,78,1,0,0
8191,44,1,0,0
8192,168,1,0,0
8193,71,1,0,0
8194,37,1,0,0
8195,82,1,0,0
8196,33,1,0,0
8197,62,1,0,0
8198,62,1,0,0
8199,41,1,0,0
8200,34,1,0,0
8201,36,1,0,0
8202,112,1,0,0
8203,188,1,0,0
8204,25,1,0,0
8205,25,1,0,0
8206,24,1,0,0
8207,36,1,0,0
8208,52,1,0,0
8209,24,1,0,0
8210,45,1,0,0
8211,75,1,0,0
8212,76,1,0,0
8213,92,1,0,0
8214,14,1,0,0
8215,145,1,0,0
8216,83,1,0,0
8217,49,1,0,0
8218,68,1,0,0
8219,61,1,0,0
8220,63,1,0,0
8221,51,1,0,0
8222,35,1,0,0
8223,18,1,0,0
8224,34,1,0,0
8225,21,1,0,0
8226,58,1,0,0
8227,54,1,0,0
8228,71,1,0,0
8229,79,1,0,0
8230,43,1,0,0
8231,45,1,0,0
8232,94,1,0,0
8233,28,1,0,0
8234,40,1,0,0
8235,29,1,0,0
8236,15,1,0,0
8237,22,1,0,0
8238,14,1,0,0
8239,79,1,0,0
8240,95,1,0,0
8241,49,1,0,0
8242,49,1,0,0
8243,27,1,0,0
8244,32,1,0,0
8245,74,1,0,0
8246,53,1,0,0
8247,29,1,0,0
8248,33,1,0,0
8249,145,1,0,0
8250,138,1,0,0
8251,27,1,0,0
8252,71,1,0,0
8253,28,1,0,0
8254,33,1,0,0
8255,54,1,0,0
8256,171,1,0,0
8257,36,1,0,0
8258,110,1,0,0
8259,25,1,0,0
8260,24,1,0,0
8261,67,1,0,0
8262,18,1,0,0
8263,156,1,0,0
8264,26,1,0,0
8265,124,1,0,0
8266,55,1,0,0
8267,101,1,0,0
8268,63,1,0,0
8269,59,1,0,0
8270,11,1,0,0
8271,39,1,0,0
8272,50,1,0,0
8273,90,1,0,0
8274,35,1,0,0
8275,20,1,0,0
8276,69,1,0,0
8277,47,1,0,0
8278,73,1,0,0
8279,122,1,0,0
8280,45,1,0,0
8281,69,1,0,0
8282,74,1,0,0
8283,40,1,0,0
8284,61,1,0,0
8285,31,1,0,0
8286,26,1,0,0
8287,77,1,0,0
8288,203,1,0,0
8289,90,1,0,0
8290,25,1,0,0
8291,80,1,0,0
8292,43,1,0,0
8293,49,1,0,0
8294,52,1,0,0
8295,21,1,0,0
8296,159,1,0,0
8297,20,1,0,0
8298,102,1,0,0
8299,71,1,0,0
8300,88,1,0,0
8301,94,1,0,0
8302,119,1,0,0
8303,120,1,0,0
8304,27,1,0,0
8305,52,1,0,0
8306,74,1,0,0
8307,23,1,0,0
8308,143,1,0,0
8309,154,1,0,0
8310,144,1,0,0
8311,257,1,0,0
8312,153,1,0,0
8313,60,1,0,0
8314,89,1,0,0
8315,31,1,0,0
8316,113,1,0,0
8317,23,1,0,0
8318,37,1,0,0
8319,64,1,0,0
8320,161,1,0,0
8321,63,1,0,0
8322,95,1,0,0
8323,32,1,0,0
8324,105,1,0,0
8325,132,1,0,0
8326,40,1,0,0
8327,22,1,0,0
8328,127,1,0,0
8329,106,1,0,0
8330,36,1,0,0
8331,190,1,0,0
8332,20,1,0,0
8333,77,1,0,0
8334,64,1,0,0
8335,38,1,0,0
8336,52,1,0,0
8337,19,1,0,0
8338,125,1,0,0
8339,188,1,0,0
8340,113,1,0,0
8341,79,1,0,0
8342,34,1,0,0
8343,47,1,0,0
8344,68,1,0,0
8345,160,1,0,0
8346,23,1,0,0
8347,77,1,0,0
8348,72,1,0,0
8349,199,1,0,0
8350,158,1,0,0
8351,75,1,0,0
8352,15,1,0,0
8353,17,1,0,0
8354,93,1,0,0
8355,108,1,0,0
8356,107,1,0,0
8357,54,1,0,0
8358,54,1,0,0
8359,131,1,0,0
8360,101,1,0,0
8361,23,1,0,0
8362,9,1,0,0
8363,47,1,0,0
8364,18,1,0,0
8365,104,1,0,0
8366,84,1,0,0
8367,192,1,0,0
8368,29,1,0,0
8369,87,1,0,0
8370,34,1,0,0
8371,15,1,0,0
8372,94,1,0,0
8373,68,1,0,0
8374,30,1,0,0
8375,103,1,0,0
8376,50,1,0,0
8377,70,1,0,0
8378,61,1,0,0
8379,58,1,0,0
8380,95,1,0,0
8381,41,1,0,0
8382,143,1,0,0
8383,13,1,0,0
8384,50,1,0,0
8385,39,1,0,0
8386,99,1,0,0
8387,60,1,0,0
8388,198,1,0,0
8389,47,1,0,0
8390,55,1,0,0
8391,55,1,0,0
8392,18,1,0,0
8393,206,1,0,0
8394,26,1,0,0
8395,67,1,0,0
8396,22,1,0,0
8397,162,1,0,0
8398,177,1,0,0
8399,44,1,0,0
8400,27,1,0,0
8401,17,1,0,0
8402,64,1,0,0
8403,253,1,0,0
8404,30,1,0,0
8405,39,1,0,0
8406,56,1,0,0
8407,44,1,0,0
8408,62,1,0,0
8409,164,1,0,0
8410,103,1,0,0
8411,36,1,0,0
8412,27,1,0,0
8413,24,1,0,0
8414,77,1,0,0
8415,96,1,0,0
8416,25,1,0,0
8417,41,1,0,0
8418,201,1,0,0
8419,48,1,0,0
8420,41,1,0,0
8421,90,1,0,0
8422,43,1,0,0
8423,96,1,0,0
8424,50,1,0,0
8425,70,1,0,0
8426,123,1,0,0
8427,45,1,0,0
8428,93,1,0,0
8429,123,1,0,0
8430,40,1,0,0
8431,92,1,0,0
8432,70,1,0,0
8433,11,1,0,0
8434,72,1,0,0
8435,62,1,0,0
8436,51,1,0,0
8437,180,1,0,0
8438,83,1,0,0
8439,78,1,0,0
8440,97,1,0,0
8441,100,1,0,0
8442,54,1,0,0
8443,7,1,0,0
8444,170,1,0,0
8445,37,1,0,0
8446,153,1,0,0
8447,71,1,0,0
8448,13,1,0,0
8449,43,1,0,0
8450,115,1,0,0
8451,47,1,0,0
8452,36,1,0,0
8453,77,1,0,0
8454,79,1,0,0
8455,21,1,0,0
8456,14,1,0,0
8457,42,1,0,0
8458,41,1,0,0
8459,7,1,0,0
8460,26,1,0,0
8461,77,1,0,0
8462,95,1,0,0
8463,9,1,0,0
8464,27,1,0,0
8465,217,1,0,0
8466,143,1,0,0
8467,68,1,0,0
8468,17,1,0,0
8469,44,1,0,0
8470,64,1,0,0
8471,133,1,0,0
8472,28,1,0,0
8473,32,1,0,0
8474,44,1,0,0
8475,34,1,0,0
8476,17,1,0,0
8477,46,1,0,0
8478,63,1,0,0
8479,71,1,0,0
8480,32,1,0,0
8481,87,1,0,0
8482,46,1,0,0
8483,100,1,0,0
8484,46,1,0,0
8485,11,1,0,0
8486,34,1,0,0
8487,73,1,0,0
8488,139,1,0,0
8489,143,1,0,0
8490,243,1,0,0
8491,53,1,0,0
8492,105,1,0,0
8493,89,1,0,0
8494,28,1,0,0
8495,101,1,0,0
8496,18,1,0,0
8497,16,1,0,0
8498,66,1,0,0
8499,63,1,0,0
8500,25,1,0,0
8501,71,1,0,0
8502,97,1,0,0
8503,21,1,0,0
8504,51,1,0,0
8505,63,1,0,0
8506,20,1,0,0
8507,16,1,0,0
8508,66,1,0,0
8509,73,1,0,0
8510,53,1,0,0
8511,33,1,0,0
8512,98,1,0,0
8513,83,1,0,0
8514,32,1,0,0
8515,192,1,0,0
8516,21,1,0,0
8517,61,1,0,0
8518,187,1,0,0
8519,18,1,0,0
8520,389,1,0,0
8521,40,1,0,0
8522,146,1,0,0
8523,118,1,0,0
8524,107,1,0,0
8525,17,1,0,0
8526,58,1,0,0
8527,169,1,0,0
8528,22,1,0,0
8529,114,1,0,0
8530,160,1,0,0
8531,50,1,0,0
8532,132,1,0,0
8533,11,1,0,0
8534,44,1,0,0
8535,142,1,0,0
8536,13,1,0,0
8537,101,1,0,0
8538,56,1,0,0
8539,79,1,0,0
8540,72,1,0,0
8541,106,1,0,0
8542,126,1,0,0
8543,67,1,0,0
8544,28,1,0,0
8545,7,1,0,0
8546,76,1,0,0
8547,32,1,0,0
8548,56,1,0,0
8549,26,1,0,0
8550,151,1,0,0
8551,31,1,0,0
8552,126,1,0,0
8553,100,1,0,0
8554,15,1,0,0
8555,79,1,0,0
8556,110,1,0,0
8557,43,1,0,0
8558,63,1,0,0
8559,107,1,0,0
8560,77,1,0,0
8561,58,1,0,0
8562,176,1,0,0
8563,34,1,0,0
8564,257,1,0,0
8565,40,1,0,0
8566,52,1,0,0
8567,81,1,0,0
8568,77,1,0,0
8569,63,1,0,0
8570,15,1,0,0
8571,66,1,0,0
8572,58,1,0,0
8573,114,1,0,0
8574,55,1,0,0
8575,121,1,0,0
8576,45,1,0,0
8577,117,1,0,0
8578,92,1,0,0
8579,94,1,0,0
8580,82,1,0,0
8581,53,1,0,0
8582,44,1,0,0
8583,50,1,0,0
8584,12,1,0,0
8585,28,1,0,0
8586,69,1,0,0
8587,81,1,0,0
8588,34,1,0,0
8589,93,1,0,0
8590,166,1,0,0
8591,91,1,0,0
8592,72,1,0,0
8593,18,1,0,0
8594,21,1,0,0
8595,65,1,0,0
8596,76,1,0,0
8597,28,1,0,0
8598,41,1,0,0
8599,23,1,0,0
8600,95,1,0,0
8601,85,1,0,0
8602,49,1,0,0
8603,45,1,0,0
8604,32,1,0,0
8605,124,1,0,0
8606,132,1,0,0
8607,71,1,0,0
8608,69,1,0,0
8609,69,1,0,0
8610,75,1,0,0
8611,45,1,0,0
8612,67,1,0,0
8613,34,1,0,0
8614,28,1,0,0
8615,28,1,0,0
8616,77,1,0,0
8617,112,1,0,0
8618,14,1,0,0
8619,94,1,0,0
8620,103,1,0,0
8621,54,1,0,0
8622,53,1,0,0
8623,68,1,0,0
8624,65,1,0,0
8625,154,1,0,0
8626,276,1,0,0
8627,200,1,0,0
8628,92,1,0,0
8629,7,1,0,0
8630,14,1,0,0
8631,81,1,0,0
8632,81,1,0,0
8633,41,1,0,0
8634,79,1,0,0
8635,42,1,0,0
8636,25,1,0,0
8637,27,1,0,0
8638,25,1,0,0
8639,193,1,0,0
8640,183,1,0,0
8641,68,1,0,0
8642,39,1,0,0
8643,74,1,0,0
8644,146,1,0,0
8645,34,1,0,0
8646,56,1,0,0
8647,55,1,0,0
8648,79,1,0,0
8649,41,1,0,0
8650,88,1,0,0
8651,144,1,0,0
8652,37,1,0,0
8653,70,1,0,0
8654,194,1,0,0
8655,84,1,0,0
8656,95,1,0,0
8657,108,1,0,0
8658,80,1,0,0
8659,11,1,0,0
8660,66,1,0,0
8661,30,1,0,0
8662,84,1,0,0
8663,93,1,0,0
8664,88,1,0,0
8665,73,1,0,0
8666,133,1,0,0
8667,40,1,0,0
8668,45,1,0,0
8669,110,1,0,0
8670,124,1,0,0
8671,80,1,0,0
8672,67,1,0,0
8673,105,1,0,0
8674,52,1,0,0
8675,85,1,0,0
8676,17,1,0,0
8677,82,1,0,0
8678,50,1,0,0
8679,57,1,0,0
8680,67,1,0,0
8681,46,1,0,0
8682,44,1,0,0
8683,121,1,0,0
8684,51,1,0,0
8685,56,1,0,0
8686,96,1,0,0
8687,97,1,0,0
8688,30,1,0,0
8689,49,1,0,0
8690,26,1,0,0
8691,39,1,0,0
8692,43,1,0,0
8693,30,1,0,0
8694,65,1,0,0
8695,72,1,0,0
8696,35,1,0,0
8697,22,1,0,0
8698,98,1,0,0
8699,69,1,0,0
8700,40,1,0,0
8701,50,1,0,0
8702,73,1,0,0
8703,43,1,0,0
8704,40,1,0,0
8705,146,1,0,0
8706,39,1,0,0
8707,29,1,0,0
8708,230,1,0,0
8709,51,1,0,0
8710,53,1,0,0
8711,24,1,0,0
8712,84,1,0,0
8713,68,1,0,0
8714,84,1,0,0
8715,189,1,0,0
8716,29,1,0,0
8717,20,1,0,0
8718,74,1,0,0
8719,110,1,0,0
8720,96,1,0,0
8721,70,1,0,0
8722,71,1,0,0
8723,80,1,0,0
8724,70,1,0,0
8725,22,1,0,0
8726,26,1,0,0
8727,51,1,0,0
8728,31,1,0,0
8729,75,1,0,0
8730,31,1,0,0
8731,48,1,0,0
8732,192,1,0,0
8733,20,1,0,0
8734,20,1,0,0
8735,32,1,0,0
8736,116,1,0,0
8737,104,1,0,0
8738,30,1,0,0
8739,68,1,0,0
8740,34,1,0,0
8741,23,1,0,0
8742,32,1,0,0
8743,132,1,0,0
8744,41,1,0,0
8745,33,1,0,0
8746,124,1,0,0
8747,58,1,0,0
8748,74,1,0,0
8749,87,1,0,0
8750,30,1,0,0
8751,55,1,0,0
8752,55,1,0,0
8753,33,1,0,0
8754,38,1,0,0
8755,77,1,0,0
8756,15,1,0,0
8757,125,1,0,0
8758,13,1,0,0
8759,29,1,0,0
8760,57,1,0,0
8761,13,1,0,0
8762,67,1,0,0
8763,83,1,0,0
8764,50,1,0,0
8765,16,1,0,0
8766,81,1,0,0
8767,175,1,0,0
8768,36,1,0,0
8769,239,1,0,0
8770,46,1,0,0
8771,292,1,0,0
8772,55,1,0,0
8773,15,1,0,0
8774,29,1,0,0
8775,13,1,0,0
8776,67,1,0,0
8777,22,1,0,0
8778,58,1,0,0
8779,26,1,0,0
8780,45,1,0,0
8781,38,1,0,0
8782,51,1,0,0
8783,101,1,0,0
8784,71,1,0,0
8785,98,1,0,0
8786,179,1,0,0
8787,44,1,0,0
8788,64,1,0,0
8789,16,1,0,0
8790,134,1,0,0
8791,41,1,0,0
8792,50,1,0,0
8793,20,1,0,0
8794,101,1,0,0
8795,140,1,0,0
8796,80,1,0,0
8797,164,1,0,0
8798,46,1,0,0
8799,75,1,0,0
8800,25,1,0,0
8801,144,1,0,0
8802,24,1,0,0
8803,49,1,0,0
8804,96,1,0,0
8805,135,1,0,0
8806,36,1,0,0
8807,84,1,0,0
8808,55,1,0,0
8809,40,1,0,0
8810,50,1,0,0
8811,48,1,0,0
8812,14,1,0,0
8813,102,1,0,0
8814,67,1,0,0
8815,60,1,0,0
8816,21,1,0,0
8817,38,1,0,0
8818,91,1,0,0
8819,16,1,0,0
8820,85,1,0,0
8821,139,1,0,0
8822,121,1,0,0
8823,31,1,0,0
8824,178,1,0,0
8825,49,1,0,0
8826,67,1,0,0
8827,18,1,0,0
8828,81,1,0,0
8829,62,1,0,0
8830,100,1,0,0
8831,101,1,0,0
8832,117,1,0,0
8833,67,1,0,0
8834,16,1,0,0
8835,45,1,0,0
8836,48,1,0,0
8837,45,1,0,0
8838,12,1,0,0
8839,17,1,0,0
8840,66,1,0,0
8841,69,1,0,0
8842,15,1,0,0
8843,63,1,0,0
8844,73,1,0,0
8845,83,1,0,0
8846,32,1,0,0
8847,162,1,0,0
8848,30,1,0,0
8849,32,1,0,0
8850,30,1,0,0
8851,139,1,0,0
8852,8,1,0,0
8853,62,1,0,0
8854,162,1,0,0
8855,34,1,0,0
8856,79,1,0,0
8857,71,1,0,0
8858,35,1,0,0
8859,78,1,0,0
8860,54,1,0,0
8861,52,1,0,0
8862,43,1,0,0
8863,16,1,0,0
8864,38,1,0,0
8865,88,1,0,0
8866,7,1,0,0
8867,92,1,0,0
8868,132,1,0,0
8869,118,1,0,0
8870,66,1,0,0
8871,148,1,0,0
8872,28,1,0,0
8873,80,1,0,0
8874,58,1,0,0
8875,80,1,0,0
8876,45,1,0,0
8877,29,1,0,0
8878,80,1,0,0
8879,19,1,0,0
8880,16,1,0,0
8881,300,1,0,0
8882,38,1,0,0
8883,26,1,0,0
8884,25,1,0,0
8885,26,1,0,0
8886,154,1,0,0
8887,63,1,0,0
8888,168,1,0,0
8889,167,1,0,0
8890,159,1,0,0
8891,98,1,0,0
8892,112,1,0,0
8893,21,1,0,0
8894,142,1,0,0
8895,52,1,0,0
8896,13,1,0,0
8897,131,1,0,0
8898,143,1,0,0
8899,61,1,0,0
8900,168,1,0,0
8901,253,1,0,0
8902,138,1,0,0
8903,81,1,0,0
8904,56,1,0,0
8905,79,1,0,0
8906,129,1,0,0
8907,131,1,0,0
8908,81,1,0,0
8909,111,1,0,0
8910,38,1,0,0
8911,65,1,0,0
8912,46,1,0,0
8913,17,1,0,0
8914,46,1,0,0
8915,15,1,0,0
8916,153,1,0,0
8917,12,1,0,0
8918,47,1,0,0
8919,32,1,0,0
8920,81,1,0,0
8921,32,1,0,0
8922,58,1,0,0
8923,41,1,0,0
8924,79,1,0,0
8925,32,1,0,0
8926,21,1,0,0
8927,136,1,0,0
8928,85,1,0,0
8929,296,1,0,0
8930,195,1,0,0
8931,86,1,0,0
8932,45,1,0,0
8933,9,1,0,0
8934,27,1,0,0
8935,118,1,0,0
8936,77,1,0,0
8937,30,1,0,0
8938,28,1,0,0
8939,25,1,0,0
8940,39,1,0,0
8941,56,1,0,0
8942,12,1,0,0
8943,40,1,0,0
8944,29,1,0,0
8945,30,1,0,0
8946,42,1,0,0
8947,103,1,0,0
8948,84,1,0,0
8949,62,1,0,0
8950,21,1,0,0
8951,28,1,0,0
8952,89,1,0,0
8953,19,1,0,0
8954,99,1,0,0
8955,49,1,0,0
8956,80,1,0,0
8957,94,1,0,0
8958,139,1,0,0
8959,76,1,0,0
8960,86,1,0,0
8961,31,1,0,0
8962,34,1,0,0
8963,38,1,0,0
8964,181,1,0,0
8965,40,1,0,0
8966,32,1,0,0
8967,55,1,0,0
8968,150,1,0,0
8969,181,1,0,0
8970,84,1,0,0
8971,72,1,0,0
8972,20,1,0,0
8973,95,1,0,0
8974,67,1,0,0
8975,38,1,0,0
8976,59,1,0,0
8977,20,1,0,0
8978,62,1,0,0
8979,38,1,0,0
8980,26,1,0,0
8981,42,1,0,0
8982,43,1,0,0
8983,299,1,0,0
8984,34,1,0,0
8985,42,1,0,0
8986,78,1,0,0
8987,129,1,0,0
8988,21,1,0,0
8989,81,1,0,0
8990,27,1,0,0
8991,45,1,0,0
8992,55,1,0,0
8993,29,1,0,0
8994,43,1,0,0
8995,154,1,0,0
8996,107,1,0,0
8997,12,1,0,0
8998,29,1,0,0
8999,91,1,0,0
9000,156,1,0,0
9001,91,1,0,0
9002,59,1,0,0
9003,10,1,0,0
9004,29,1,0,0
9005,122,1,0,0
9006,138,1,0,0
9007,18,1,0,0
9008,75,1,0,0
9009,48,1,0,0
9010,97,1,0,0
9011,19,1,0,0
9012,53,1,0,0
9013,57,1,0,0
9014,54,1,0,0
9015,116,1,0,0
9016,102,1,0,0
9017,170,1,0,0
9018,224,1,0,0
9019,38,1,0,0
9020,20,1,0,0
9021,61,1,0,0
9022,52,1,0,0
9023,29,1,0,0
9024,87,1,0,0
9025,134,1,0,0
9026,50,1,0,0
9027,92,1,0,0
9028,61,1,0,0
9029,12,1,0,0
9030,8,1,0,0
9031,20,1,0,0
9032,17,1,0,0
9033,25,1,0,0
9034,30,1,0,0
9035,61,1,0,0
9036,77,1,0,0
9037,33,1,0,0
9038,29,1,0,0
9039,57,1,0,0
9040,37,1,0,0
9041,269,1,0,0
9042,162,1,0,0
9043,83,1,0,0
9044,44,1,0,0
9045,29,1,0,0
9046,54,1,0,0
9047,35,1,0,0
9048,33,1,0,0
9049,50,1,0,0
9050,81,1,0,0
9051,58,1,0,0
9052,91,1,0,0
9053,19,1,0,0
9054,197,1,0,0
9055,28,1,0,0
9056,95,1,0,0
9057,80,1,0,0
9058,75,1,0,0
9059,109,1,0,0
9060,25,1,0,0
9061,121,1,0,0
9062,124,1,0,0
9063,22,1,0,0
9064,67,1,0,0
9065,168,1,0,0
9066,28,1,0,0
9067,51,1,0,0
9068,47,1,0,0
9069,27,1,0,0
9070,28,1,0,0
9071,72,1,0,0
9072,55,1,0,0
9073,18,1,0,0
9074,216,1,0,0
9075,54,1,0,0
9076,163,1,0,0
9077,91,1,0,0
9078,19,1,0,0
9079,109,1,0,0
9080,68,1,0,0
9081,111,1,0,0
9082,126,1,0,0
9083,128,1,0,0
9084,61,1,0,0
9085,30,1,0,0
9086,63,1,0,0
9087,97,1,0,0
9088,67,1,0,0
9089,88,1,0,0
9090,50,1,0,0
9091,53,1,0,0
9092,58,1,0,0
9093,193,1,0,0
9094,218,1,0,0
9095,76,1,0,0
9096,104,1,0,0
9097,43,1,0,0
9098,41,1,0,0
9099,39,1,0,0
9100,20,1,0,0
9101,36,1,0,0
9102,56,1,0,0
9103,35,1,0,0
9104,137,1,0,0
9105,132,1,0,0
9106,24,1,0,0
9107,238,1,0,0
9108,33,1,0,0
9109,109,1,0,0
9110,46,1,0,0
9111,61,1,0,0
9112,37,1,0,0
9113,18,1,0,0
9114,87,1,0,0
9115,17,1,0,0
9116,77,1,0,0
9117,151,1,0,0
9118,71,1,0,0
9119,96,1,0,0
9120,97,1,0,0
9121,66,1,0,0
9122,34,1,0,0
9123,54,1,0,0
9124,35,1,0,0
9125,70,1,0,0
9126,12,1,0,0
9127,106,1,0,0
9128,38,1,0,0
9129,104,1,0,0
9130,40,1,0,0
9131,83,1,0,0
9132,76,1,0,0
9133,99,1,0,0
9134,41,1,0,0
9135,99,1,0,0
9136,71,1,0,0
9137,63,1,0,0
9138,169,1,0,0
9139,61,1,0,0
9140,40,1,0,0
9141,56,1,0,0
9142,51,1,0,0
9143,99,1,0,0
9144,21,1,0,0
9145,65,1,0,0
9146,17,1,0,0
9147,157,1,0,0
9148,29,1,0,0
9149,25,1,0,0
9150,107,1,0,0
9151,66,1,0,0
9152,82,1,0,0
9153,45,1,0,0
9154,12,1,0,0
9155,44,1,0,0
9156,22,1,0,0
9157,152,1,0,0
9158,54,1,0,0
9159,90,1,0,0
9160,83,1,0,0
9161,106,1,0,0
9162,40,1,0,0
9163,32,1,0,0
9164,49,1,0,0
9165,114,1,0,0
9166,38,1,0,0
9167,117,1,0,0
9168,90,1,0,0
9169,40,1,0,0
9170,28,1,0,0
9171,76,1,0,0
9172,35,1,0,0
9173,96,1,0,0
9174,62,1,0,0
9175,71,1,0,0
9176,119,1,0,0
9177,74,1,0,0
9178,45,1,0,0
9179,74,1,0,0
9180,158,1,0,0
9181,21,1,0,0
9182,49,1,0,0
9183,50,1,0,0
9184,23,1,0,0
9185,132,1,0,0
9186,42,1,0,0
9187,158,1,0,0
9188,56,1,0,0
9189,49,1,0,0
9190,41,1,0,0
9191,109,1,0,0
9192,49,1,0,0
9193,86,1,0,0
9194,237,1,0,0
9195,19,1,0,0
9196,150,1,0,0
9197,141,1,0,0
9198,27,1,0,0
9199,45,1,0,0
9200,88,1,0,0
9201,88,1,0,0
9202,59,1,0,0
9203,103,1,0,0
9204,14,1,0,0
9205,15,1,0,0
9206,36,1,0,0
9207,85,1,0,0
9208,76,1,0,0
9209,58,1,0,0
9210,96,1,0,0
9211,111,1,0,0
9212,20,1,0,0
9213,81,1,0,0
9214,35,1,0,0
9215,53,1,0,0
9216,50,1,0,0
9217,23,1,0,0
9218,30,1,0,0
9219,50,1,0,0
9220,9,1,0,0
9221,12,1,0,0
9222,31,1,0,0
9223,60,1,0,0
9224,151,1,0,0
9225,15,1,0,0
9226,47,1,0,0
9227,65,1,0,0
9228,81,1,0,0
9229,135,1,0,0
9230,38,1,0,0
9231,91,1,0,0
9232,56,1,0,0
9233,22,1,0,0
9234,7,1,0,0
9235,38,1,0,0
9236,90,1,0,0
9237,42,1,0,0
9238,91,1,0,0
9239,42,1,0,0
9240,60,1,0,0
9241,28,1,0,0
9242,89,1,0,0
9243,28,1,0,0
9244,119,1,0,0
9245,78,1,0,0
9246,26,1,0,0
9247,131,1,0,0
9248,149,1,0,0
9249,49,1,0,0
9250,34,1,0,0
9251,34,1,0,0
9252,35,1,0,0
9253,16,1,0,0
9254,98,1,0,0
9255,82,1,0,0
9256,16,1,0,0
9257,100,1,0,0
9258,18,1,0,0
9259,80,1,0,0
9260,89,1,0,0
9261,93,1,0,0
9262,77,1,0,0
9263,198,1,0,0
9264,68,1,0,0
9265,93,1,0,0
9266,59,1,0,0
9267,29,1,0,0
9268,71,1,0,0
9269,25,1,0,0
9270,29,1,0,0
9271,78,1,0,0
9272,88,1,0,0
9273,62,1,0,0
9274,98,1,0,0
9275,76,1,0,0
9276,70,1,0,0
9277,55,1,0,0
9278,58,1,0,0
9279,93,1,0,0
9280,77,1,0,0
9281,77,1,0,0
9282,13,1,0,0
9283,14,1,0,0
9284,20,1,0,0
9285,94,1,0,0
9286,244,1,0,0
9287,92,1,0,0
9288,118,1,0,0
9289,66,1,0,0
9290,94,1,0,0
9291,107,1,0,0
9292,47,1,0,0
9293,67,1,0,0
9294,31,1,0,0
9295,63,1,0,0
9296,28,1,0,0
9297,41,1,0,0
9298,68,1,0,0
9299,127,1,0,0
9300,129,1,0,0
9301,22,1,0,0
9302,72,1,0,0
9303,17,1,0,0
9304,30,1,0,0
9305,51,1,0,0
9306,62,1,0,0
9307,212,1,0,0
9308,23,1,0,0
9309,98,1,0,0
9310,53,1,0,0
9311,89,1,0,0
9312,89,1,0,0
9313,63,1,0,0
9314,29,1,0,0
9315,73,1,0,0
9316,60,1,0,0
9317,105,1,0,0
9318,23,1,0,0
9319,97,1,0,0
9320,99,1,0,0
9321,92,1,0,0
9322,121,1,0,0
9323,52,1,0,0
9324,17,1,0,0
9325,153,1,0,0
9326,70,1,0,0
9327,104,1,0,0
9328,141,1,0,0
9329,80,1,0,0
9330,55,1,0,0
9331,44,1,0,0
9332,204,1,0,0
9333,66,1,0,0
9334,152,1,0,0
9335,71,1,0,0
9336,37,1,0,0
9337,68,1,0,0
9338,50,1,0,0
9339,154,1,0,0
9340,31,1,0,0
9341,129,1,0,0
9342,58,1,0,0
9343,52,1,0,0
9344,87,1,0,0
9345,24,1,0,0
9346,32,1,0,0
9347,46,1,0,0
9348,33,1,0,0
9349,25,1,0,0
9350,42,1,0,0
9351,157,1,0,0
9352,140,1,0,0
9353,76,1,0,0
9354,46,1,0,0
9355,55,1,0,0
9356,117,1,0,0
9357,65,1,0,0
9358,41,1,0,0
9359,36,1,0,0
9360,19,1,0,0
9361,23,1,0,0
9362,23,1,0,0
9363,93,1,0,0
9364,29,1,0,0
9365,113,1,0,0
9366,115,1,0,0
9367,148,1,0,0
9368,47,1,0,0
9369,40,1,0,0
9370,45,1,0,0
9371,13,1,0,0
9372,99,1,0,0
9373,44,1,0,0
9374,14,1,0,0
9375,33,1,0,0
9376,35,1,0,0
9377,19,1,0,0
9378,77,1,0,0
9379,20,1,0,0
9380,108,1,0,0
9381,21,1,0,0
9382,120,1,0,0
9383,30,1,0,0
9384,22,1,0,0
9385,211,1,0,0
9386,41,1,0,0
9387,86,1,0,0
9388,13,1,0,0
9389,124,1,0,0
9390,20,1,0,0
9391,61,1,0,0
9392,140,1,0,0
9393,40,1,0,0
9394,82,1,0,0
9395,115,1,0,0
9396,157,1,0,0
9397,66,1,0,0
9398,150,1,0,0
9399,37,1,0,0
9400,41,1,0,0
9401,25,1,0,0
9402,131,1,0,0
9403,136,1,0,0
9404,81,1,0,0
9405,50,1,0,0
9406,62,1,0,0
9407,41,1,0,0
9408,47,1,0,0
9409,35,1,0,0
9410,36,1,0,0
9411,171,1,0,0
9412,62,1,0,0
9413,101,1,0,0
9414,27,1,0,0
9415,23,1,0,0
9416,47,1,0,0
9417,103,1,0,0
9418,37,1,0,0
9419,23,1,0,0
9420,37,1,0,0
9421,23,1,0,0
9422,202,1,0,0
9423,78,1,0,0
9424,31,1,0,0
9425,52,1,0,0
9426,75,1,0,0
9427,81,1,0,0
9428,17,1,0,0
9429,134,1,0,0
9430,18,1,0,0
9431,59,1,0,0
9432,64,1,0,0
9433,50,1,0,0
9434,55,1,0,0
9435,33,1,0,0
9436,121,1,0,0
9437,24,1,0,0
9438,112,1,0,0
9439,96,1,0,0
9440,175,1,0,0
9441,48,1,0,0
9442,111,1,0,0
9443,72,1,0,0
9444,94,1,0,0
9445,50,1,0,0
9446,21,1,0,0
9447,37,1,0,0
9448,40,1,0,0
9449,41,1,0,0
9450,42,1,0,0
9451,59,1,0,0
9452,62,1,0,0
9453,62,1,0,0
9454,61,1,0,0
9455,21,1,0,0
9456,53,1,0,0
9457,29,1,0,0
9458,50,1,0,0
9459,123,1,0,0
9460,93,1,0,0
9461,127,1,0,0
9462,15,1,0,0
9463,152,1,0,0
9464,91,1,0,0
9465,96,1,0,0
9466,34,1,0,0
9467,48,1,0,0
9468,109,1,0,0
9469,48,1,0,0
9470,85,1,0,0
9471,64,1,0,0
9472,57,1,0,0
9473,109,1,0,0
9474,103,1,0,0
9475,106,1,0,0
9476,77,1,0,0
9477,76,1,0,0
9478,139,1,0,0
9479,56,1,0,0
9480,47,1,0,0
9481,43,1,0,0
9482,41,1,0,0
9483,91,1,0,0
9484,52,1,0,0
9485,268,1,0,0
9486,183,1,0,0
9487,85,1,0,0
9488,26,1,0,0
9489,15,1,0,0
9490,42,1,0,0
9491,46,1,0,0
9492,51,1,0,0
9493,15,1,0,0
9494,59,1,0,0
9495,107,1,0,0
9496,17,1,0,0
9497,38,1,0,0
9498,111,1,0,0
9499,35,1,0,0
9500,60,1,0,0
9501,55,1,0,0
9502,27,1,0,0
9503,142,1,0,0
9504,54,1,0,0
9505,47,1,0,0
9506,115,1,0,0
9507,25,1,0,0
9508,26,1,0,0
9509,37,1,0,0
9510,47,1,0,0
9511,15,1,0,0
9512,100,1,0,0
9513,101,1,0,0
9514,103,1,0,0
9515,38,1,0,0
9516,51,1,0,0
9517,29,1,0,0
9518,120,1,0,0
9519,49,1,0,0
9520,91,1,0,0
9521,42,1,0,0
9522,14,1,0,0
9523,17,1,0,0
9524,21,1,0,0
9525,84,1,0,0
9526,54,1,0,0
9527,32,1,0,0
9528,27,1,0,0
9529,54,1,0,0
9530,54,1,0,0
9531,130,1,0,0
9532,24,1,0,0
9533,57,1,0,0
9534,47,1,0,0
9535,45,1,0,0
9536,125,1,0,0
9537,60,1,0,0
9538,25,1,0,0
9539,35,1,0,0
9540,77,1,0,0
9541,84,1,0,0
9542,39,1,0,0
9543,16,1,0,0
9544,110,1,0,0
9545,52,1,0,0
9546,66,1,0,0
9547,64,1,0,0
9548,63,1,0,0
9549,139,1,0,0
9550,37,1,0,0
9551,38,1,0,0
9552,92,1,0,0
9553,51,1,0,0
9554,105,1,0,0
9555,43,1,0,0
9556,25,1,0,0
9557,28,1,0,0
9558,79,1,0,0
9559,40,1,0,0
9560,38,1,0,0
9561,212,1,0,0
9562,177,1,0,0
9563,69,1,0,0
9564,53,1,0,0
9565,110,1,0,0
9566,85,1,0,0
9567,160,1,0,0
9568,160,1,0,0
9569,73,1,0,0
9570,155,1,0,0
9571,27,1,0,0
9572,40,1,0,0
9573,83,1,0,0
9574,105,1,0,0
9575,15,1,0,0
9576,46,1,0,0
9577,26,1,0,0
9578,66,1,0,0
9579,17,1,0,0
9580,22,1,0,0
9581,15,1,0,0
9582,50,1,0,0
9583,31,1,0,0
9584,137,1,0,0
9585,164,1,0,0
9586,61,1,0,0
9587,42,1,0,0
9588,83,1,0,0
9589,118,1,0,0
9590,93,1,0,0
9591,178,1,0,0
9592,118,1,0,0
9593,54,1,0,0
9594,54,1,0,0
9595,91,1,0,0
9596,113,1,0,0
9597,47,1,0,0
9598,53,1,0,0
9599,106,1,0,0
9600,33,1,0,0
9601,105,1,0,0
9602,166,1,0,0
9603,54,1,0,0
9604,40,1,0,0
9605,10,1,0,0
9606,31,1,0,0
9607,93,1,0,0
9608,37,1,0,0
9609,38,1,0,0
9610,106,1,0,0
9611,23,1,0,0
9612,77,1,0,0
9613,21,1,0,0
9614,16,1,0,0
9615,73,1,0,0
9616,104,1,0,0
9617,106,1,0,0
9618,45,1,0,0
9619,66,1,0,0
9620,114,1,0,0
9621,59,1,0,0
9622,95,1,0,0
9623,173,1,0,0
9624,57,1,0,0
9625,61,1,0,0
9626,120,1,0,0
9627,18,1,0,0
9628,94,1,0,0
9629,73,1,0,0
9630,122,1,0,0
9631,15,1,0,0
9632,69,1,0,0
9633,180,1,0,0
9634,43,1,0,0
9635,154,1,0,0
9636,47,1,0,0
9637,107,1,0,0
9638,42,1,0,0
9639,15,1,0,0
9640,114,1,0,0
9641,75,1,0,0
9642,57,1,0,0
9643,14,1,0,0
9644,60,1,0,0
9645,47,1,0,0
9646,49,1,0,0
9647,61,1,0,0
9648,24,1,0,0
9649,69,1,0,0
9650,118,1,0,0
9651,79,1,0,0
9652,33,1,0,0
9653,26,1,0,0
9654,53,1,0,0
9655,118,1,0,0
9656,155,1,0,0
9657,8,1,0,0
9658,23,1,0,0
9659,37,1,0,0
9660,96,1,0,0
9661,46,1,0,0
9662,68,1,0,0
9663,83,1,0,0
9664,10,1,0,0
9665,46,1,0,0
9666,97,1,0,0
9667,11,1,0,0
9668,20,1,0,0
9669,12,1,0,0
9670,100,1,0,0
9671,46,1,0,0
9672,181,1,0,0
9673,48,1,0,0
9674,64,1,0,0
9675,22,1,0,0
9676,108,1,0,0
9677,193,1,0,0
9678,24,1,0,0
9679,54,1,0,0
9680,38,1,0,0
9681,35,1,0,0
9682,61,1,0,0
9683,17,1,0,0
9684,36,1,0,0
9685,26,1,0,0
9686,211,1,0,0
9687,35,1,0,0
9688,75,1,0,0
9689,33,1,0,0
9690,152,1,0,0
9691,56,1,0,0
9692,46,1,0,0
9693,26,1,0,0
9694,45,1,0,0
9695,45,1,0,0
9696,12,1,0,0
9697,56,1,0,0
9698,36,1,0,0
9699,51,1,0,0
9700,21,1,0,0
9701,51,1,0,0
9702,27,1,0,0
9703,29,1,0,0
9704,101,1,0,0
9705,11,1,0,0
9706,70,1,0,0
9707,85,1,0,0
9708,36,1,0,0
9709,84,1,0,0
9710,130,1,0,0
9711,90,1,0,0
9712,236,1,0,0
9713,60,1,0,0
9714,15,1,0,0
9715,34,1,0,0
9716,49,1,0,0
9717,19,1,0,0
9718,21,1,0,0
9719,13,1,0,0
9720,67,1,0,0
9721,58,1,0,0
9722,15,1,0,0
9723,141,1,0,0
9724,44,1,0,0
9725,23,1,0,0
9726,28,1,0,0
9727,84,1,0,0
9728,48,1,0,0
9729,31,1,0,0
9730,95,1,0,0
9731,73,1,0,0
9732,30,1,0,0
9733,14,1,0,0
9734,77,1,0,0
9735,71,1,0,0
9736,109,1,0,0
9737,174,1,0,0
9738,56,1,0,0
9739,53,1,0,0
9740,27,1,0,0
9741,73,1,0,0
9742,68,1,0,0
9743,23,1,0,0
9744,99,1,0,0
9745,122,1,0,0
9746,57,1,0,0
9747,122,1,0,0
9748,71,1,0,0
9749,41,1,0,0
9750,44,1,0,0
9751,34,1,0,0
9752,69,1,0,0
9753,35,1,0,0
9754,183,1,0,0
9755,64,1,0,0
9756,23,1,0,0
9757,66,1,0,0
9758,76,1,0,0
9759,124,1,0,0
9760,70,1,0,0
9761,23,1,0,0
9762,18,1,0,0
9763,10,1,0,0
9764,58,1,0,0
9765,45,1,0,0
9766,94,1,0,0
9767,195,1,0,0
9768,158,1,0,0
9769,41,1,0,0
9770,45,1,0,0
9771,43,1,0,0
9772,29,1,0,0
9773,141,1,0,0
9774,62,1,0,0
9775,73,1,0,0
9776,40,1,0,0
9777,185,1,0,0
9778,32,1,0,0
9779,77,1,0,0
9780,11,1,0,0
9781,44,1,0,0
9782,41,1,0,0
9783,112,1,0,0
9784,50,1,0,0
9785,129,1,0,0
9786,42,1,0,0
9787,42,1,0,0
9788,22,1,0,0
9789,166,1,0,0
9790,17,1,0,0
9791,103,1,0,0
9792,52,1,0,0
9793,90,1,0,0
9794,33,1,0,0
9795,69,1,0,0
9796,120,1,0,0
9797,36,1,0,0
9798,40,1,0,0
9799,45,1,0,0
9800,136,1,0,0
9801,53,1,0,0
9802,14,1,0,0
9803,86,1,0,0
9804,201,1,0,0
9805,50,1,0,0
9806,18,1,0,0
9807,18,1,0,0
9808,71,1,0,0
9809,19,1,0,0
9810,108,1,0,0
9811,91,1,0,0
9812,26,1,0,0
9813,228,1,0,0
9814,43,1,0,0
9815,29,1,0,0
9816,193,1,0,0
9817,41,1,0,0
9818,35,1,0,0
9819,26,1,0,0
9820,126,1,0,0
9821,118,1,0,0
9822,135,1,0,0
9823,55,1,0,0
9824,15,1,0,0
9825,28,1,0,0
9826,52,1,0,0
9827,113,1,0,0
9828,48,1,0,0
9829,65,1,0,0
9830,42,1,0,0
9831,89,1,0,0
9832,52,1,0,0
9833,53,1,0,0
9834,21,1,0,0
9835,29,1,0,0
9836,77,1,0,0
9837,19,1,0,0
9838,94,1,0,0
9839,304,1,0,0
9840,14,1,0,0
9841,115,1,0,0
9842,81,1,0,0
9843,153,1,0,0
9844,9,1,0,0
9845,30,1,0,0
9846,47,1,0,0
9847,70,1,0,0
9848,226,1,0,0
9849,66,1,0,0
9850,84,1,0,0
9851,128,1,0,0
9852,75,1,0,0
9853,80,1,0,0
9854,123,1,0,0
9855,81,1,0,0
9856,63,1,0,0
9857,102,1,0,0
9858,23,1,0,0
9859,46,1,0,0
9860,33,1,0,0
9861,155,1,0,0
9862,38,1,0,0
9863,176,1,0,0
9864,75,1,0,0
9865,25,1,0,0
9866,14,1,0,0
9867,57,1,0,0
9868,94,1,0,0
9869,14,1,0,0
9870,38,1,0,0
9871,122,1,0,0
9872,261,1,0,0
9873,154,1,0,0
9874,40,1,0,0
9875,20,1,0,0
9876,42,1,0,0
9877,70,1,0,0
9878,73,1,0,0
9879,39,1,0,0
9880,24,1,0,0
9881,100,1,0,0
9882,15,1,0,0
9883,127,1,0,0
9884,18,1,0,0
9885,124,1,0,0
9886,39,1,0,0
9887,46,1,0,0
9888,81,1,0,0
9889,79,1,0,0
9890,139,1,0,0
9891,23,1,0,0
9892,62,1,0,0
9893,234,1,0,0
9894,29,1,0,0
9895,77,1,0,0
9896,24,1,0,0
9897,52,1,0,0
9898,127,1,0,0
9899,49,1,0,0
9900,55,1,0,0
9901,301,1,0,0
9902,77,1,0,0
9903,133,1,0,0
9904,147,1,0,0
9905,38,1,0,0
9906,121,1,0,0
9907,115,1,0,0
9908,69,1,0,0
9909,56,1,0,0
9910,25,1,0,0
9911,116,1,0,0
9912,138,1,0,0
9913,19,1,0,0
9914,63,1,0,0
9915,54,1,0,0
9916,69,1,0,0
9917,138,1,0,0
9918,125,1,0,0
9919,154,1,0,0
9920,156,1,0,0
9921,24,1,0,0
9922,42,1,0,0
9923,36,1,0,0
9924,25,1,0,0
9925,110,1,0,0
9926,35,1,0,0
9927,46,1,0,0
9928,23,1,0,0
9929,84,1,0,0
9930,29,1,0,0
9931,153,1,0,0
9932,53,1,0,0
9933,29,1,0,0
9934,68,1,0,0
9935,24,1,0,0
9936,78,1,0,0
9937,73,1,0,0
9938,28,1,0,0
9939,30,1,0,0
9940,56,1,0,0
9941,87,1,0,0
9942,84,1,0,0
9943,51,1,0,0
9944,20,1,0,0
9945,79,1,0,0
9946,109,1,0,0
9947,48,1,0,0
9948,44,1,0,0
9949,25,1,0,0
9950,123,1,0,0
9951,19,1,0,0
9952,14,1,0,0
9953,40,1,0,0
9954,66,1,0,0
9955,68,1,0,0
9956,136,1,0,0
9957,35,1,0,0
9958,110,1,0,0
9959,49,1,0,0
9960,17,1,0,0
9961,18,1,0,0
9962,20,1,0,0
9963,21,1,0,0
9964,23,1,0,0
9965,157,1,0,0
9966,15,1,0,0
9967,24,1,0,0
9968,43,1,0,0
9969,130,1,0,0
9970,170,1,0,0
9971,21,1,0,0
9972,124,1,0,0
9973,100,1,0,0
9974,39,1,0,0
9975,121,1,0,0
9976,48,1,0,0
9977,77,1,0,0
9978,36,1,0,0
9979,30,1,0,0
9980,209,1,0,0
9981,41,1,0,0
9982,98,1,0,0
9983,71,1,0,0
9984,72,1,0,0
9985,124,1,0,0
9986,17,1,0,0
9987,117,1,0,0
9988,16,1,0,0
9989,26,1,0,0
9990,34,1,0,0
9991,43,1,0,0
9992,91,1,0,0
9993,33,1,0,0
9994,66,1,0,0
9995,41,1,0,0
9996,23,1,0,0
9997,49,1,0,0
9998,40,1,0,0
9999,27,1,0,0
