trial,final_step,trapped,contact_dead,boundary_dead
0,84,1,0,0
1,33,1,0,0
2,125,1,0,0
3,49,1,0,0
4,26,1,0,0
5,42,1,0,0
6,58,1,0,0
7,34,1,0,0
8,20,1,0,0
9,51,1,0,0
10,66,1,0,0
11,139,1,0,0
12,47,1,0,0
13,32,1,0,0
14,55,1,0,0
15,34,1,0,0
16,299,1,0,0
17,50,1,0,0
18,82,1,0,0
19,54,1,0,0
20,19,1,0,0
21,121,1,0,0
22,62,1,0,0
23,41,1,0,0
24,126,1,0,0
25,49,1,0,0
26,40,1,0,0
27,36,1,0,0
28,17,1,0,0
29,39,1,0,0
30,117,1,0,0
31,111,1,0,0
32,77,1,0,0
33,75,1,0,0
34,31,1,0,0
35,60,1,0,0
36,141,1,0,0
37,37,1,0,0
38,45,1,0,0
39,105,1,0,0
40,56,1,0,0
41,44,1,0,0
42,39,1,0,0
43,110,1,0,0
44,27,1,0,0
45,58,1,0,0
46,38,1,0,0
47,28,1,0,0
48,54,1,0,0
49,197,1,0,0
50,145,1,0,0
51,146,1,0,0
52,70,1,0,0
53,77,1,0,0
54,67,1,0,0
55,155,1,0,0
56,35,1,0,0
57,9,1,0,0
58,24,1,0,0
59,66,1,0,0
60,43,1,0,0
61,49,1,0,0
62,41,1,0,0
63,35,1,0,0
64,112,1,0,0
65,39,1,0,0
66,45,1,0,0
67,138,1,0,0
68,132,1,0,0
69,41,1,0,0
70,112,1,0,0
71,77,1,0,0
72,76,1,0,0
73,53,1,0,0
74,37,1,0,0
75,38,1,0,0
76,13,1,0,0
77,23,1,0,0
78,55,1,0,0
79,32,1,0,0
80,38,1,0,0
81,25,1,0,0
82,58,1,0,0
83,107,1,0,0
84,62,1,0,0
85,59,1,0,0
86,110,1,0,0
87,62,1,0,0
88,72,1,0,0
89,49,1,0,0
90,65,1,0,0
91,194,1,0,0
92,35,1,0,0
93,12,1,0,0
94,84,1,0,0
95,56,1,0,0
96,61,1,0,0
97,108,1,0,0
98,73,1,0,0
99,96,1,0,0
100,53,1,0,0
101,51,1,0,0
102,60,1,0,0
103,59,1,0,0
104,138,1,0,0
105,14,1,0,0
106,8,1,0,0
107,48,1,0,0
108,114,1,0,0
109,77,1,0,0
110,15,1,0,0
111,104,1,0,0
112,109,1,0,0
113,158,1,0,0
114,37,1,0,0
115,98,1,0,0
116,32,1,0,0
117,116,1,0,0
118,106,1,0,0
119,129,1,0,0
120,64,1,0,0
121,134,1,0,0
122,82,1,0,0
123,93,1,0,0
124,20,1,0,0
125,125,1,0,0
126,33,1,0,0
127,99,1,0,0
128,15,1,0,0
129,42,1,0,0
130,32,1,0,0
131,11,1,0,0
132,43,1,0,0
133,68,1,0,0
134,76,1,0,0
135,88,1,0,0
136,30,1,0,0
137,110,1,0,0
138,135,1,0,0
139,46,1,0,0
140,45,1,0,0
141,123,1,0,0
142,130,1,0,0
143,37,1,0,0
144,81,1,0,0
145,14,1,0,0
146,19,1,0,0
147,62,1,0,0
148,69,1,0,0
149,79,1,0,0
150,35,1,0,0
151,44,1,0,0
152,87,1,0,0
153,62,1,0,0
154,151,1,0,0
155,22,1,0,0
156,79,1,0,0
157,241,1,0,0
158,192,1,0,0
159,21,1,0,0
160,54,1,0,0
161,157,1,0,0
162,185,1,0,0
163,112,1,0,0
164,111,1,0,0
165,65,1,0,0
166,93,1,0,0
167,106,1,0,0
168,27,1,0,0
169,81,1,0,0
170,40,1,0,0
171,31,1,0,0
172,17,1,0,0
173,33,1,0,0
174,48,1,0,0
175,22,1,0,0
176,80,1,0,0
177,28,1,0,0
178,60,1,0,0
179,21,1,0,0
180,89,1,0,0
181,47,1,0,0
182,68,1,0,0
183,82,1,0,0
184,44,1,0,0
185,26,1,0,0
186,48,1,0,0
187,52,1,0,0
188,81,1,0,0
189,20,1,0,0
190,100,1,0,0
191,96,1,0,0
192,22,1,0,0
193,24,1,0,0
194,30,1,0,0
195,227,1,0,0
196,66,1,0,0
197,119,1,0,0
198,79,1,0,0
199,20,1,0,0
200,78,1,0,0
201,72,1,0,0
202,111,1,0,0
203,52,1,0,0
204,20,1,0,0
205,24,1,0,0
206,12,1,0,0
207,43,1,0,0
208,35,1,0,0
209,171,1,0,0
210,85,1,0,0
211,106,1,0,0
212,49,1,0,0
213,76,1,0,0
214,63,1,0,0
215,128,1,0,0
216,141,1,0,0
217,72,1,0,0
218,57,1,0,0
219,18,1,0,0
220,135,1,0,0
221,65,1,0,0
222,74,1,0,0
223,16,1,0,0
224,50,1,0,0
225,86,1,0,0
226,34,1,0,0
227,12,1,0,0
228,92,1,0,0
229,59,1,0,0
230,27,1,0,0
231,69,1,0,0
232,50,1,0,0
233,82,1,0,0
234,79,1,0,0
235,92,1,0,0
236,73,1,0,0
237,18,1,0,0
238,19,1,0,0
239,50,1,0,0
240,84,1,0,0
241,91,1,0,0
242,95,1,0,0
243,95,1,0,0
244,34,1,0,0
245,109,1,0,0
246,114,1,0,0
247,31,1,0,0
248,9,1,0,0
249,47,1,0,0
250,66,1,0,0
251,25,1,0,0
252,46,1,0,0
253,13,1,0,0
254,159,1,0,0
255,28,1,0,0
256,94,1,0,0
257,92,1,0,0
258,14,1,0,0
259,101,1,0,0
260,23,1,0,0
261,108,1,0,0
262,73,1,0,0
263,45,1,0,0
264,46,1,0,0
265,76,1,0,0
266,19,1,0,0
267,67,1,0,0
268,35,1,0,0
269,101,1,0,0
270,103,1,0,0
271,33,1,0,0
272,110,1,0,0
273,58,1,0,0
274,116,1,0,0
275,53,1,0,0
276,48,1,0,0
277,17,1,0,0
278,45,1,0,0
279,37,1,0,0
280,76,1,0,0
281,51,1,0,0
282,7,1,0,0
283,47,1,0,0
284,78,1,0,0
285,121,1,0,0
286,44,1,0,0
287,114,1,0,0
288,26,1,0,0
289,71,1,0,0
290,39,1,0,0
291,59,1,0,0
292,38,1,0,0
293,54,1,0,0
294,34,1,0,0
295,40,1,0,0
296,50,1,0,0
297,30,1,0,0
298,126,1,0,0
299,52,1,0,0
300,27,1,0,0
301,67,1,0,0
302,71,1,0,0
303,44,1,0,0
304,55,1,0,0
305,13,1,0,0
306,96,1,0,0
307,70,1,0,0
308,111,1,0,0
309,27,1,0,0
310,47,1,0,0
311,67,1,0,0
312,36,1,0,0
313,47,1,0,0
314,37,1,0,0
315,71,1,0,0
316,39,1,0,0
317,49,1,0,0
318,198,1,0,0
319,64,1,0,0
320,32,1,0,0
321,47,1,0,0
322,106,1,0,0
323,133,1,0,0
324,35,1,0,0
325,99,1,0,0
326,11,1,0,0
327,149,1,0,0
328,59,1,0,0
329,48,1,0,0
330,54,1,0,0
331,111,1,0,0
332,73,1,0,0
333,47,1,0,0
334,59,1,0,0
335,106,1,0,0
336,65,1,0,0
337,44,1,0,0
338,119,1,0,0
339,14,1,0,0
340,27,1,0,0
341,38,1,0,0
342,140,1,0,0
343,11,1,0,0
344,88,1,0,0
345,53,1,0,0
346,72,1,0,0
347,21,1,0,0
348,26,1,0,0
349,153,1,0,0
350,43,1,0,0
351,30,1,0,0
352,106,1,0,0
353,65,1,0,0
354,20,1,0,0
355,97,1,0,0
356,63,1,0,0
357,60,1,0,0
358,196,1,0,0
359,37,1,0,0
360,85,1,0,0
361,46,1,0,0
362,11,1,0,0
363,46,1,0,0
364,70,1,0,0
365,55,1,0,0
366,75,1,0,0
367,83,1,0,0
368,120,1,0,0
369,96,1,0,0
370,38,1,0,0
371,140,1,0,0
372,129,1,0,0
373,157,1,0,0
374,152,1,0,0
375,45,1,0,0
376,58,1,0,0
377,51,1,0,0
378,60,1,0,0
379,26,1,0,0
380,43,1,0,0
381,18,1,0,0
382,72,1,0,0
383,22,1,0,0
384,141,1,0,0
385,19,1,0,0
386,25,1,0,0
387,79,1,0,0
388,191,1,0,0
389,93,1,0,0
390,9,1,0,0
391,118,1,0,0
392,23,1,0,0
393,107,1,0,0
394,46,1,0,0
395,122,1,0,0
396,62,1,0,0
397,28,1,0,0
398,18,1,0,0
399,205,1,0,0
400,30,1,0,0
401,16,1,0,0
402,49,1,0,0
403,8,1,0,0
404,69,1,0,0
405,29,1,0,0
406,36,1,0,0
407,107,1,0,0
408,107,1,0,0
409,108,1,0,0
410,135,1,0,0
411,178,1,0,0
412,147,1,0,0
413,95,1,0,0
414,110,1,0,0
415,71,1,0,0
416,45,1,0,0
417,86,1,0,0
418,45,1,0,0
419,63,1,0,0
420,128,1,0,0
421,86,1,0,0
422,23,1,0,0
423,25,1,0,0
424,66,1,0,0
425,179,1,0,0
426,55,1,0,0
427,75,1,0,0
428,29,1,0,0
429,202,1,0,0
430,53,1,0,0
431,68,1,0,0
432,76,1,0,0
433,58,1,0,0
434,33,1,0,0
435,201,1,0,0
436,79,1,0,0
437,99,1,0,0
438,26,1,0,0
439,31,1,0,0
440,28,1,0,0
441,89,1,0,0
442,110,1,0,0
443,38,1,0,0
444,69,1,0,0
445,18,1,0,0
446,26,1,0,0
447,115,1,0,0
448,34,1,0,0
449,31,1,0,0
450,89,1,0,0
451,40,1,0,0
452,50,1,0,0
453,54,1,0,0
454,15,1,0,0
455,7,1,0,0
456,39,1,0,0
457,15,1,0,0
458,165,1,0,0
459,44,1,0,0
460,35,1,0,0
461,81,1,0,0
462,37,1,0,0
463,32,1,0,0
464,90,1,0,0
465,21,1,0,0
466,108,1,0,0
467,77,1,0,0
468,36,1,0,0
469,23,1,0,0
470,77,1,0,0
471,77,1,0,0
472,38,1,0,0
473,31,1,0,0
474,32,1,0,0
475,111,1,0,0
476,27,1,0,0
477,244,1,0,0
478,14,1,0,0
479,28,1,0,0
480,126,1,0,0
481,57,1,0,0
482,64,1,0,0
483,14,1,0,0
484,42,1,0,0
485,50,1,0,0
486,51,1,0,0
487,86,1,0,0
488,240,1,0,0
489,52,1,0,0
490,149,1,0,0
491,39,1,0,0
492,157,1,0,0
493,36,1,0,0
494,38,1,0,0
495,178,1,0,0
496,33,1,0,0
497,28,1,0,0
498,218,1,0,0
499,19,1,0,0
500,27,1,0,0
501,15,1,0,0
502,49,1,0,0
503,14,1,0,0
504,23,1,0,0
505,32,1,0,0
506,73,1,0,0
507,17,1,0,0
508,26,1,0,0
509,21,1,0,0
510,95,1,0,0
511,72,1,0,0
512,74,1,0,0
513,85,1,0,0
514,108,1,0,0
515,20,1,0,0
516,73,1,0,0
517,65,1,0,0
518,29,1,0,0
519,76,1,0,0
520,108,1,0,0
521,69,1,0,0
522,100,1,0,0
523,75,1,0,0
524,16,1,0,0
525,19,1,0,0
526,37,1,0,0
527,72,1,0,0
528,100,1,0,0
529,186,1,0,0
530,98,1,0,0
531,33,1,0,0
532,65,1,0,0
533,18,1,0,0
534,22,1,0,0
535,116,1,0,0
536,21,1,0,0
537,55,1,0,0
538,114,1,0,0
539,116,1,0,0
540,70,1,0,0
541,154,1,0,0
542,61,1,0,0
543,100,1,0,0
544,95,1,0,0
545,63,1,0,0
546,32,1,0,0
547,82,1,0,0
548,12,1,0,0
549,114,1,0,0
550,30,1,0,0
551,13,1,0,0
552,24,1,0,0
553,164,1,0,0
554,66,1,0,0
555,58,1,0,0
556,127,1,0,0
557,24,1,0,0
558,95,1,0,0
559,51,1,0,0
560,18,1,0,0
561,17,1,0,0
562,38,1,0,0
563,71,1,0,0
564,21,1,0,0
565,157,1,0,0
566,90,1,0,0
567,63,1,0,0
568,18,1,0,0
569,48,1,0,0
570,80,1,0,0
571,52,1,0,0
572,20,1,0,0
573,18,1,0,0
574,55,1,0,0
575,9,1,0,0
576,44,1,0,0
577,43,1,0,0
578,145,1,0,0
579,29,1,0,0
580,232,1,0,0
581,28,1,0,0
582,39,1,0,0
583,111,1,0,0
584,44,1,0,0
585,47,1,0,0
586,60,1,0,0
587,68,1,0,0
588,45,1,0,0
589,128,1,0,0
590,102,1,0,0
591,39,1,0,0
592,66,1,0,0
593,70,1,0,0
594,99,1,0,0
595,70,1,0,0
596,27,1,0,0
597,147,1,0,0
598,98,1,0,0
599,109,1,0,0
600,86,1,0,0
601,72,1,0,0
602,31,1,0,0
603,59,1,0,0
604,27,1,0,0
605,51,1,0,0
606,37,1,0,0
607,133,1,0,0
608,13,1,0,0
609,109,1,0,0
610,95,1,0,0
611,50,1,0,0
612,63,1,0,0
613,76,1,0,0
614,62,1,0,0
615,121,1,0,0
616,81,1,0,0
617,21,1,0,0
618,25,1,0,0
619,54,1,0,0
620,69,1,0,0
621,62,1,0,0
622,56,1,0,0
623,26,1,0,0
624,71,1,0,0
625,110,1,0,0
626,196,1,0,0
627,90,1,0,0
628,45,1,0,0
629,115,1,0,0
630,38,1,0,0
631,146,1,0,0
632,31,1,0,0
633,74,1,0,0
634,109,1,0,0
635,63,1,0,0
636,20,1,0,0
637,16,1,0,0
638,90,1,0,0
639,114,1,0,0
640,115,1,0,0
641,30,1,0,0
642,59,1,0,0
643,101,1,0,0
644,78,1,0,0
645,23,1,0,0
646,61,1,0,0
647,110,1,0,0
648,44,1,0,0
649,76,1,0,0
650,70,1,0,0
651,78,1,0,0
652,98,1,0,0
653,13,1,0,0
654,41,1,0,0
655,40,1,0,0
656,45,1,0,0
657,39,1,0,0
658,67,1,0,0
659,143,1,0,0
660,114,1,0,0
661,47,1,0,0
662,55,1,0,0
663,108,1,0,0
664,150,1,0,0
665,35,1,0,0
666,91,1,0,0
667,154,1,0,0
668,137,1,0,0
669,10,1,0,0
670,62,1,0,0
671,45,1,0,0
672,62,1,0,0
673,22,1,0,0
674,29,1,0,0
675,50,1,0,0
676,48,1,0,0
677,40,1,0,0
678,127,1,0,0
679,104,1,0,0
680,55,1,0,0
681,52,1,0,0
682,88,1,0,0
683,90,1,0,0
684,185,1,0,0
685,50,1,0,0
686,22,1,0,0
687,17,1,0,0
688,44,1,0,0
689,50,1,0,0
690,41,1,0,0
691,50,1,0,0
692,37,1,0,0
693,79,1,0,0
694,7,1,0,0
695,41,1,0,0
696,29,1,0,0
697,68,1,0,0
698,66,1,0,0
699,141,1,0,0
700,53,1,0,0
701,11,1,0,0
702,74,1,0,0
703,21,1,0,0
704,42,1,0,0
705,44,1,0,0
706,57,1,0,0
707,83,1,0,0
708,55,1,0,0
709,56,1,0,0
710,57,1,0,0
711,119,1,0,0
712,28,1,0,0
713,112,1,0,0
714,54,1,0,0
715,104,1,0,0
716,48,1,0,0
717,20,1,0,0
718,63,1,0,0
719,74,1,0,0
720,78,1,0,0
721,116,1,0,0
722,84,1,0,0
723,25,1,0,0
724,47,1,0,0
725,179,1,0,0
726,43,1,0,0
727,83,1,0,0
728,19,1,0,0
729,63,1,0,0
730,197,1,0,0
731,18,1,0,0
732,16,1,0,0
733,111,1,0,0
734,38,1,0,0
735,92,1,0,0
736,9,1,0,0
737,62,1,0,0
738,41,1,0,0
739,39,1,0,0
740,25,1,0,0
741,69,1,0,0
742,143,1,0,0
743,134,1,0,0
744,31,1,0,0
745,62,1,0,0
746,171,1,0,0
747,46,1,0,0
748,65,1,0,0
749,27,1,0,0
750,22,1,0,0
751,38,1,0,0
752,76,1,0,0
753,134,1,0,0
754,93,1,0,0
755,94,1,0,0
756,97,1,0,0
757,36,1,0,0
758,36,1,0,0
759,37,1,0,0
760,98,1,0,0
761,99,1,0,0
762,21,1,0,0
763,105,1,0,0
764,39,1,0,0
765,64,1,0,0
766,30,1,0,0
767,88,1,0,0
768,43,1,0,0
769,88,1,0,0
770,20,1,0,0
771,46,1,0,0
772,41,1,0,0
773,40,1,0,0
774,75,1,0,0
775,104,1,0,0
776,67,1,0,0
777,37,1,0,0
778,31,1,0,0
779,20,1,0,0
780,102,1,0,0
781,67,1,0,0
782,23,1,0,0
783,37,1,0,0
784,180,1,0,0
785,63,1,0,0
786,135,1,0,0
787,34,1,0,0
788,54,1,0,0
789,25,1,0,0
790,42,1,0,0
791,86,1,0,0
792,16,1,0,0
793,141,1,0,0
794,30,1,0,0
795,50,1,0,0
796,230,1,0,0
797,22,1,0,0
798,32,1,0,0
799,22,1,0,0
800,71,1,0,0
801,36,1,0,0
802,21,1,0,0
803,120,1,0,0
804,39,1,0,0
805,54,1,0,0
806,32,1,0,0
807,47,1,0,0
808,49,1,0,0
809,228,1,0,0
810,26,1,0,0
811,16,1,0,0
812,41,1,0,0
813,228,1,0,0
814,28,1,0,0
815,81,1,0,0
816,72,1,0,0
817,39,1,0,0
818,29,1,0,0
819,117,1,0,0
820,11,1,0,0
821,16,1,0,0
822,102,1,0,0
823,55,1,0,0
824,41,1,0,0
825,98,1,0,0
826,36,1,0,0
827,74,1,0,0
828,61,1,0,0
829,78,1,0,0
830,23,1,0,0
831,32,1,0,0
832,118,1,0,0
833,22,1,0,0
834,39,1,0,0
835,103,1,0,0
836,35,1,0,0
837,35,1,0,0
838,111,1,0,0
839,33,1,0,0
840,51,1,0,0
841,17,1,0,0
842,49,1,0,0
843,17,1,0,0
844,191,1,0,0
845,64,1,0,0
846,151,1,0,0
847,69,1,0,0
848,74,1,0,0
849,91,1,0,0
850,16,1,0,0
851,118,1,0,0
852,103,1,0,0
853,43,1,0,0
854,34,1,0,0
855,67,1,0,0
856,10,1,0,0
857,48,1,0,0
858,159,1,0,0
859,88,1,0,0
860,20,1,0,0
861,31,1,0,0
862,36,1,0,0
863,154,1,0,0
864,26,1,0,0
865,123,1,0,0
866,41,1,0,0
867,69,1,0,0
868,192,1,0,0
869,83,1,0,0
870,49,1,0,0
871,145,1,0,0
872,81,1,0,0
873,42,1,0,0
874,16,1,0,0
875,35,1,0,0
876,116,1,0,0
877,33,1,0,0
878,20,1,0,0
879,61,1,0,0
880,163,1,0,0
881,30,1,0,0
882,81,1,0,0
883,37,1,0,0
884,95,1,0,0
885,27,1,0,0
886,22,1,0,0
887,54,1,0,0
888,112,1,0,0
889,253,1,0,0
890,127,1,0,0
891,52,1,0,0
892,40,1,0,0
893,34,1,0,0
894,67,1,0,0
895,51,1,0,0
896,23,1,0,0
897,44,1,0,0
898,13,1,0,0
899,16,1,0,0
900,17,1,0,0
901,76,1,0,0
902,86,1,0,0
903,31,1,0,0
904,49,1,0,0
905,91,1,0,0
906,60,1,0,0
907,99,1,0,0
908,94,1,0,0
909,43,1,0,0
910,80,1,0,0
911,23,1,0,0
912,106,1,0,0
913,66,1,0,0
914,104,1,0,0
915,67,1,0,0
916,152,1,0,0
917,63,1,0,0
918,27,1,0,0
919,8,1,0,0
920,54,1,0,0
921,172,1,0,0
922,79,1,0,0
923,58,1,0,0
924,161,1,0,0
925,45,1,0,0
926,168,1,0,0
927,131,1,0,0
928,73,1,0,0
929,45,1,0,0
930,65,1,0,0
931,57,1,0,0
932,130,1,0,0
933,109,1,0,0
934,65,1,0,0
935,110,1,0,0
936,114,1,0,0
937,19,1,0,0
938,79,1,0,0
939,48,1,0,0
940,40,1,0,0
941,10,1,0,0
942,86,1,0,0
943,162,1,0,0
944,56,1,0,0
945,102,1,0,0
946,59,1,0,0
947,54,1,0,0
948,15,1,0,0
949,74,1,0,0
950,39,1,0,0
951,131,1,0,0
952,142,1,0,0
953,106,1,0,0
954,80,1,0,0
955,48,1,0,0
956,23,1,0,0
957,28,1,0,0
958,199,1,0,0
959,68,1,0,0
960,44,1,0,0
961,31,1,0,0
962,43,1,0,0
963,28,1,0,0
964,53,1,0,0
965,29,1,0,0
966,98,1,0,0
967,25,1,0,0
968,11,1,0,0
969,33,1,0,0
970,12,1,0,0
971,29,1,0,0
972,31,1,0,0
973,56,1,0,0
974,31,1,0,0
975,73,1,0,0
976,80,1,0,0
977,42,1,0,0
978,31,1,0,0
979,22,1,0,0
980,33,1,0,0
981,98,1,0,0
982,22,1,0,0
983,92,1,0,0
984,92,1,0,0
985,51,1,0,0
986,63,1,0,0
987,20,1,0,0
988,48,1,0,0
989,36,1,0,0
990,50,1,0,0
991,60,1,0,0
992,60,1,0,0
993,207,1,0,0
994,133,1,0,0
995,66,1,0,0
996,40,1,0,0
997,131,1,0,0
998,16,1,0,0
999,62,1,0,0
1000,7,1,0,0
1001,82,1,0,0
1002,83,1,0,0
1003,163,1,0,0
1004,21,1,0,0
1005,196,1,0,0
1006,145,1,0,0
1007,60,1,0,0
1008,111,1,0,0
1009,49,1,0,0
1010,60,1,0,0
1011,62,1,0,0
1012,30,1,0,0
1013,42,1,0,0
1014,77,1,0,0
1015,92,1,0,0
1016,105,1,0,0
1017,80,1,0,0
1018,62,1,0,0
1019,100,1,0,0
1020,67,1,0,0
1021,112,1,0,0
1022,131,1,0,0
1023,25,1,0,0
1024,68,1,0,0
1025,101,1,0,0
1026,36,1,0,0
1027,56,1,0,0
1028,81,1,0,0
1029,20,1,0,0
1030,21,1,0,0
1031,72,1,0,0
1032,60,1,0,0
1033,23,1,0,0
1034,36,1,0,0
1035,126,1,0,0
1036,77,1,0,0
1037,205,1,0,0
1038,87,1,0,0
1039,68,1,0,0
1040,32,1,0,0
1041,29,1,0,0
1042,92,1,0,0
1043,198,1,0,0
1044,80,1,0,0
1045,48,1,0,0
1046,111,1,0,0
1047,164,1,0,0
1048,117,1,0,0
1049,20,1,0,0
1050,70,1,0,0
1051,167,1,0,0
1052,64,1,0,0
1053,142,1,0,0
1054,66,1,0,0
1055,76,1,0,0
1056,66,1,0,0
1057,106,1,0,0
1058,16,1,0,0
1059,46,1,0,0
1060,14,1,0,0
1061,49,1,0,0
1062,33,1,0,0
1063,109,1,0,0
1064,112,1,0,0
1065,30,1,0,0
1066,270,1,0,0
1067,66,1,0,0
1068,80,1,0,0
1069,67,1,0,0
1070,124,1,0,0
1071,35,1,0,0
1072,85,1,0,0
1073,133,1,0,0
1074,12,1,0,0
1075,118,1,0,0
1076,49,1,0,0
1077,33,1,0,0
1078,56,1,0,0
1079,27,1,0,0
1080,150,1,0,0
1081,21,1,0,0
1082,11,1,0,0
1083,33,1,0,0
1084,150,1,0,0
1085,15,1,0,0
1086,79,1,0,0
1087,117,1,0,0
1088,50,1,0,0
1089,20,1,0,0
1090,62,1,0,0
1091,85,1,0,0
1092,40,1,0,0
1093,70,1,0,0
1094,41,1,0,0
1095,128,1,0,0
1096,33,1,0,0
1097,62,1,0,0
1098,59,1,0,0
1099,62,1,0,0
1100,22,1,0,0
1101,65,1,0,0
1102,65,1,0,0
1103,65,1,0,0
1104,168,1,0,0
1105,143,1,0,0
1106,90,1,0,0
1107,264,1,0,0
1108,72,1,0,0
1109,193,1,0,0
1110,68,1,0,0
1111,20,1,0,0
1112,15,1,0,0
1113,74,1,0,0
1114,53,1,0,0
1115,19,1,0,0
1116,137,1,0,0
1117,64,1,0,0
1118,49,1,0,0
1119,126,1,0,0
1120,40,1,0,0
1121,66,1,0,0
1122,72,1,0,0
1123,37,1,0,0
1124,34,1,0,0
1125,62,1,0,0
1126,32,1,0,0
1127,43,1,0,0
1128,16,1,0,0
1129,157,1,0,0
1130,57,1,0,0
1131,50,1,0,0
1132,67,1,0,0
1133,28,1,0,0
1134,133,1,0,0
1135,34,1,0,0
1136,144,1,0,0
1137,111,1,0,0
1138,77,1,0,0
1139,24,1,0,0
1140,42,1,0,0
1141,12,1,0,0
1142,35,1,0,0
1143,14,1,0,0
1144,52,1,0,0
1145,37,1,0,0
1146,45,1,0,0
1147,56,1,0,0
1148,103,1,0,0
1149,198,1,0,0
1150,31,1,0,0
1151,39,1,0,0
1152,29,1,0,0
1153,23,1,0,0
1154,44,1,0,0
1155,48,1,0,0
1156,43,1,0,0
1157,181,1,0,0
1158,34,1,0,0
1159,161,1,0,0
1160,79,1,0,0
1161,92,1,0,0
1162,103,1,0,0
1163,56,1,0,0
1164,201,1,0,0
1165,28,1,0,0
1166,159,1,0,0
1167,25,1,0,0
1168,153,1,0,0
1169,27,1,0,0
1170,190,1,0,0
1171,50,1,0,0
1172,79,1,0,0
1173,24,1,0,0
1174,86,1,0,0
1175,20,1,0,0
1176,39,1,0,0
1177,71,1,0,0
1178,189,1,0,0
1179,41,1,0,0
1180,33,1,0,0
1181,22,1,0,0
1182,64,1,0,0
1183,29,1,0,0
1184,128,1,0,0
1185,58,1,0,0
1186,138,1,0,0
1187,40,1,0,0
1188,62,1,0,0
1189,168,1,0,0
1190,123,1,0,0
1191,44,1,0,0
1192,38,1,0,0
1193,19,1,0,0
1194,59,1,0,0
1195,225,1,0,0
1196,34,1,0,0
1197,63,1,0,0
1198,61,1,0,0
1199,50,1,0,0
1200,38,1,0,0
1201,84,1,0,0
1202,21,1,0,0
1203,190,1,0,0
1204,48,1,0,0
1205,113,1,0,0
1206,39,1,0,0
1207,52,1,0,0
1208,359,1,0,0
1209,30,1,0,0
1210,20,1,0,0
1211,37,1,0,0
1212,56,1,0,0
1213,102,1,0,0
1214,93,1,0,0
1215,106,1,0,0
1216,39,1,0,0
1217,20,1,0,0
1218,83,1,0,0
1219,71,1,0,0
1220,42,1,0,0
1221,75,1,0,0
1222,154,1,0,0
1223,26,1,0,0
1224,226,1,0,0
1225,10,1,0,0
1226,11,1,0,0
1227,24,1,0,0
1228,16,1,0,0
1229,109,1,0,0
1230,45,1,0,0
1231,116,1,0,0
1232,54,1,0,0
1233,53,1,0,0
1234,190,1,0,0
1235,63,1,0,0
1236,45,1,0,0
1237,120,1,0,0
1238,61,1,0,0
1239,125,1,0,0
1240,64,1,0,0
1241,35,1,0,0
1242,164,1,0,0
1243,89,1,0,0
1244,42,1,0,0
1245,138,1,0,0
1246,100,1,0,0
1247,216,1,0,0
1248,82,1,0,0
1249,93,1,0,0
1250,70,1,0,0
1251,68,1,0,0
1252,86,1,0,0
1253,38,1,0,0
1254,25,1,0,0
1255,72,1,0,0
1256,30,1,0,0
1257,33,1,0,0
1258,49,1,0,0
1259,195,1,0,0
1260,44,1,0,0
1261,75,1,0,0
1262,142,1,0,0
1263,119,1,0,0
1264,52,1,0,0
1265,72,1,0,0
1266,147,1,0,0
1267,27,1,0,0
1268,76,1,0,0
1269,34,1,0,0
1270,46,1,0,0
1271,55,1,0,0
1272,47,1,0,0
1273,66,1,0,0
1274,110,1,0,0
1275,19,1,0,0
1276,38,1,0,0
1277,253,1,0,0
1278,14,1,0,0
1279,35,1,0,0
1280,20,1,0,0
1281,78,1,0,0
1282,106,1,0,0
1283,13,1,0,0
1284,30,1,0,0
1285,56,1,0,0
1286,45,1,0,0
1287,25,1,0,0
1288,81,1,0,0
1289,38,1,0,0
1290,97,1,0,0
1291,47,1,0,0
1292,94,1,0,0
1293,30,1,0,0
1294,97,1,0,0
1295,54,1,0,0
1296,46,1,0,0
1297,53,1,0,0
1298,51,1,0,0
1299,94,1,0,0
1300,14,1,0,0
1301,118,1,0,0
1302,73,1,0,0
1303,16,1,0,0
1304,46,1,0,0
1305,24,1,0,0
1306,203,1,0,0
1307,54,1,0,0
1308,99,1,0,0
1309,40,1,0,0
1310,26,1,0,0
1311,17,1,0,0
1312,210,1,0,0
1313,17,1,0,0
1314,32,1,0,0
1315,70,1,0,0
1316,8,1,0,0
1317,118,1,0,0
1318,52,1,0,0
1319,9,1,0,0
1320,61,1,0,0
1321,120,1,0,0
1322,39,1,0,0
1323,118,1,0,0
1324,103,1,0,0
1325,74,1,0,0
1326,56,1,0,0
1327,56,1,0,0
1328,66,1,0,0
1329,211,1,0,0
1330,60,1,0,0
1331,46,1,0,0
1332,92,1,0,0
1333,46,1,0,0
1334,98,1,0,0
1335,61,1,0,0
1336,29,1,0,0
1337,45,1,0,0
1338,144,1,0,0
1339,56,1,0,0
1340,42,1,0,0
1341,10,1,0,0
1342,134,1,0,0
1343,50,1,0,0
1344,16,1,0,0
1345,11,1,0,0
1346,41,1,0,0
1347,85,1,0,0
1348,72,1,0,0
1349,118,1,0,0
1350,36,1,0,0
1351,108,1,0,0
1352,37,1,0,0
1353,63,1,0,0
1354,63,1,0,0
1355,42,1,0,0
1356,19,1,0,0
1357,114,1,0,0
1358,26,1,0,0
1359,63,1,0,0
1360,86,1,0,0
1361,50,1,0,0
1362,35,1,0,0
1363,72,1,0,0
1364,52,1,0,0
1365,24,1,0,0
1366,108,1,0,0
1367,43,1,0,0
1368,133,1,0,0
1369,60,1,0,0
1370,30,1,0,0
1371,77,1,0,0
1372,47,1,0,0
1373,273,1,0,0
1374,107,1,0,0
1375,73,1,0,0
1376,85,1,0,0
1377,12,1,0,0
1378,66,1,0,0
1379,22,1,0,0
1380,50,1,0,0
1381,105,1,0,0
1382,24,1,0,0
1383,24,1,0,0
1384,69,1,0,0
1385,51,1,0,0
1386,60,1,0,0
1387,21,1,0,0
1388,36,1,0,0
1389,104,1,0,0
1390,48,1,0,0
1391,15,1,0,0
1392,97,1,0,0
1393,91,1,0,0
1394,84,1,0,0
1395,16,1,0,0
1396,29,1,0,0
1397,81,1,0,0
1398,52,1,0,0
1399,40,1,0,0
1400,67,1,0,0
1401,79,1,0,0
1402,62,1,0,0
1403,66,1,0,0
1404,104,1,0,0
1405,165,1,0,0
1406,83,1,0,0
1407,29,1,0,0
1408,17,1,0,0
1409,100,1,0,0
1410,171,1,0,0
1411,19,1,0,0
1412,27,1,0,0
1413,154,1,0,0
1414,102,1,0,0
1415,97,1,0,0
1416,101,1,0,0
1417,38,1,0,0
1418,213,1,0,0
1419,125,1,0,0
1420,48,1,0,0
1421,24,1,0,0
1422,97,1,0,0
1423,160,1,0,0
1424,36,1,0,0
1425,35,1,0,0
1426,14,1,0,0
1427,21,1,0,0
1428,63,1,0,0
1429,26,1,0,0
1430,9,1,0,0
1431,53,1,0,0
1432,48,1,0,0
1433,8,1,0,0
1434,101,1,0,0
1435,102,1,0,0
1436,15,1,0,0
1437,74,1,0,0
1438,14,1,0,0
1439,31,1,0,0
1440,36,1,0,0
1441,50,1,0,0
1442,175,1,0,0
1443,209,1,0,0
1444,47,1,0,0
1445,15,1,0,0
1446,95,1,0,0
1447,114,1,0,0
1448,61,1,0,0
1449,51,1,0,0
1450,17,1,0,0
1451,34,1,0,0
1452,75,1,0,0
1453,29,1,0,0
1454,129,1,0,0
1455,18,1,0,0
1456,37,1,0,0
1457,25,1,0,0
1458,22,1,0,0
1459,65,1,0,0
1460,76,1,0,0
1461,29,1,0,0
1462,82,1,0,0
1463,13,1,0,0
1464,47,1,0,0
1465,23,1,0,0
1466,41,1,0,0
1467,42,1,0,0
1468,18,1,0,0
1469,139,1,0,0
1470,92,1,0,0
1471,21,1,0,0
1472,53,1,0,0
1473,44,1,0,0
1474,104,1,0,0
1475,108,1,0,0
1476,35,1,0,0
1477,84,1,0,0
1478,27,1,0,0
1479,95,1,0,0
1480,87,1,0,0
1481,23,1,0,0
1482,50,1,0,0
1483,55,1,0,0
1484,23,1,0,0
1485,59,1,0,0
1486,121,1,0,0
1487,51,1,0,0
1488,38,1,0,0
1489,48,1,0,0
1490,140,1,0,0
1491,135,1,0,0
1492,18,1,0,0
1493,271,1,0,0
1494,50,1,0,0
1495,10,1,0,0
1496,66,1,0,0
1497,99,1,0,0
1498,25,1,0,0
1499,69,1,0,0
1500,50,1,0,0
1501,73,1,0,0
1502,44,1,0,0
1503,28,1,0,0
1504,49,1,0,0
1505,43,1,0,0
1506,33,1,0,0
1507,150,1,0,0
1508,41,1,0,0
1509,40,1,0,0
1510,82,1,0,0
1511,176,1,0,0
1512,10,1,0,0
1513,118,1,0,0
1514,147,1,0,0
1515,72,1,0,0
1516,25,1,0,0
1517,83,1,0,0
1518,119,1,0,0
1519,11,1,0,0
1520,70,1,0,0
1521,169,1,0,0
1522,99,1,0,0
1523,30,1,0,0
1524,24,1,0,0
1525,101,1,0,0
1526,142,1,0,0
1527,54,1,0,0
1528,66,1,0,0
1529,70,1,0,0
1530,53,1,0,0
1531,72,1,0,0
1532,44,1,0,0
1533,37,1,0,0
1534,101,1,0,0
1535,78,1,0,0
1536,63,1,0,0
1537,116,1,0,0
1538,115,1,0,0
1539,62,1,0,0
1540,99,1,0,0
1541,106,1,0,0
1542,204,1,0,0
1543,76,1,0,0
1544,81,1,0,0
1545,72,1,0,0
1546,89,1,0,0
1547,58,1,0,0
1548,67,1,0,0
1549,115,1,0,0
1550,60,1,0,0
1551,34,1,0,0
1552,28,1,0,0
1553,175,1,0,0
1554,142,1,0,0
1555,52,1,0,0
1556,70,1,0,0
1557,11,1,0,0
1558,34,1,0,0
1559,38,1,0,0
1560,39,1,0,0
1561,47,1,0,0
1562,124,1,0,0
1563,129,1,0,0
1564,9,1,0,0
1565,33,1,0,0
1566,36,1,0,0
1567,42,1,0,0
1568,43,1,0,0
1569,33,1,0,0
1570,76,1,0,0
1571,25,1,0,0
1572,99,1,0,0
1573,179,1,0,0
1574,33,1,0,0
1575,16,1,0,0
1576,57,1,0,0
1577,70,1,0,0
1578,56,1,0,0
1579,21,1,0,0
1580,43,1,0,0
1581,38,1,0,0
1582,103,1,0,0
1583,104,1,0,0
1584,105,1,0,0
1585,42,1,0,0
1586,18,1,0,0
1587,10,1,0,0
1588,115,1,0,0
1589,32,1,0,0
1590,65,1,0,0
1591,25,1,0,0
1592,56,1,0,0
1593,70,1,0,0
1594,128,1,0,0
1595,125,1,0,0
1596,46,1,0,0
1597,107,1,0,0
1598,29,1,0,0
1599,170,1,0,0
1600,25,1,0,0
1601,61,1,0,0
1602,162,1,0,0
1603,183,1,0,0
1604,88,1,0,0
1605,92,1,0,0
1606,369,1,0,0
1607,68,1,0,0
1608,91,1,0,0
1609,163,1,0,0
1610,104,1,0,0
1611,12,1,0,0
1612,25,1,0,0
1613,12,1,0,0
1614,21,1,0,0
1615,62,1,0,0
1616,13,1,0,0
1617,183,1,0,0
1618,14,1,0,0
1619,18,1,0,0
1620,22,1,0,0
1621,33,1,0,0
1622,252,1,0,0
1623,33,1,0,0
1624,98,1,0,0
1625,21,1,0,0
1626,31,1,0,0
1627,34,1,0,0
1628,148,1,0,0
1629,80,1,0,0
1630,35,1,0,0
1631,83,1,0,0
1632,63,1,0,0
1633,79,1,0,0
1634,77,1,0,0
1635,36,1,0,0
1636,123,1,0,0
1637,109,1,0,0
1638,30,1,0,0
1639,27,1,0,0
1640,41,1,0,0
1641,124,1,0,0
1642,104,1,0,0
1643,42,1,0,0
1644,53,1,0,0
1645,35,1,0,0
1646,107,1,0,0
1647,69,1,0,0
1648,12,1,0,0
1649,59,1,0,0
1650,12,1,0,0
1651,47,1,0,0
1652,13,1,0,0
1653,98,1,0,0
1654,19,1,0,0
1655,30,1,0,0
1656,142,1,0,0
1657,188,1,0,0
1658,126,1,0,0
1659,66,1,0,0
1660,30,1,0,0
1661,280,1,0,0
1662,120,1,0,0
1663,21,1,0,0
1664,42,1,0,0
1665,43,1,0,0
1666,65,1,0,0
1667,11,1,0,0
1668,94,1,0,0
1669,75,1,0,0
1670,23,1,0,0
1671,80,1,0,0
1672,41,1,0,0
1673,82,1,0,0
1674,117,1,0,0
1675,129,1,0,0
1676,7,1,0,0
1677,50,1,0,0
1678,43,1,0,0
1679,60,1,0,0
1680,94,1,0,0
1681,57,1,0,0
1682,154,1,0,0
1683,61,1,0,0
1684,60,1,0,0
1685,124,1,0,0
1686,62,1,0,0
1687,188,1,0,0
1688,65,1,0,0
1689,154,1,0,0
1690,60,1,0,0
1691,78,1,0,0
1692,20,1,0,0
1693,54,1,0,0
1694,9,1,0,0
1695,134,1,0,0
1696,128,1,0,0
1697,34,1,0,0
1698,180,1,0,0
1699,37,1,0,0
1700,62,1,0,0
1701,40,1,0,0
1702,132,1,0,0
1703,138,1,0,0
1704,58,1,0,0
1705,87,1,0,0
1706,27,1,0,0
1707,120,1,0,0
1708,64,1,0,0
1709,112,1,0,0
1710,40,1,0,0
1711,60,1,0,0
1712,118,1,0,0
1713,41,1,0,0
1714,97,1,0,0
1715,85,1,0,0
1716,56,1,0,0
1717,75,1,0,0
1718,104,1,0,0
1719,50,1,0,0
1720,44,1,0,0
1721,66,1,0,0
1722,45,1,0,0
1723,19,1,0,0
1724,60,1,0,0
1725,73,1,0,0
1726,56,1,0,0
1727,96,1,0,0
1728,57,1,0,0
1729,134,1,0,0
1730,38,1,0,0
1731,45,1,0,0
1732,49,1,0,0
1733,118,1,0,0
1734,42,1,0,0
1735,186,1,0,0
1736,217,1,0,0
1737,96,1,0,0
1738,33,1,0,0
1739,24,1,0,0
1740,128,1,0,0
1741,210,1,0,0
1742,56,1,0,0
1743,31,1,0,0
1744,14,1,0,0
1745,85,1,0,0
1746,39,1,0,0
1747,25,1,0,0
1748,84,1,0,0
1749,144,1,0,0
1750,88,1,0,0
1751,117,1,0,0
1752,74,1,0,0
1753,59,1,0,0
1754,34,1,0,0
1755,48,1,0,0
1756,55,1,0,0
1757,73,1,0,0
1758,29,1,0,0
1759,25,1,0,0
1760,77,1,0,0
1761,126,1,0,0
1762,149,1,0,0
1763,44,1,0,0
1764,69,1,0,0
1765,220,1,0,0
1766,34,1,0,0
1767,48,1,0,0
1768,7,1,0,0
1769,118,1,0,0
1770,104,1,0,0
1771,122,1,0,0
1772,73,1,0,0
1773,99,1,0,0
1774,39,1,0,0
1775,50,1,0,0
1776,17,1,0,0
1777,79,1,0,0
1778,78,1,0,0
1779,109,1,0,0
1780,11,1,0,0
1781,50,1,0,0
1782,69,1,0,0
1783,34,1,0,0
1784,102,1,0,0
1785,16,1,0,0
1786,50,1,0,0
1787,42,1,0,0
1788,44,1,0,0
1789,40,1,0,0
1790,88,1,0,0
1791,146,1,0,0
1792,27,1,0,0
1793,45,1,0,0
1794,145,1,0,0
1795,90,1,0,0
1796,15,1,0,0
1797,81,1,0,0
1798,117,1,0,0
1799,42,1,0,0
1800,68,1,0,0
1801,55,1,0,0
1802,12,1,0,0
1803,86,1,0,0
1804,59,1,0,0
1805,51,1,0,0
1806,51,1,0,0
1807,113,1,0,0
1808,45,1,0,0
1809,95,1,0,0
1810,32,1,0,0
1811,23,1,0,0
1812,46,1,0,0
1813,182,1,0,0
1814,124,1,0,0
1815,171,1,0,0
1816,132,1,0,0
1817,54,1,0,0
1818,41,1,0,0
1819,118,1,0,0
1820,39,1,0,0
1821,128,1,0,0
1822,231,1,0,0
1823,163,1,0,0
1824,53,1,0,0
1825,20,1,0,0
1826,45,1,0,0
1827,56,1,0,0
1828,37,1,0,0
1829,70,1,0,0
1830,43,1,0,0
1831,55,1,0,0
1832,36,1,0,0
1833,122,1,0,0
1834,43,1,0,0
1835,120,1,0,0
1836,24,1,0,0
1837,151,1,0,0
1838,11,1,0,0
1839,18,1,0,0
1840,84,1,0,0
1841,42,1,0,0
1842,15,1,0,0
1843,52,1,0,0
1844,174,1,0,0
1845,36,1,0,0
1846,9,1,0,0
1847,18,1,0,0
1848,87,1,0,0
1849,35,1,0,0
1850,26,1,0,0
1851,116,1,0,0
1852,167,1,0,0
1853,26,1,0,0
1854,55,1,0,0
1855,29,1,0,0
1856,316,1,0,0
1857,55,1,0,0
1858,61,1,0,0
1859,21,1,0,0
1860,71,1,0,0
1861,91,1,0,0
1862,36,1,0,0
1863,35,1,0,0
1864,183,1,0,0
1865,239,1,0,0
1866,74,1,0,0
1867,102,1,0,0
1868,112,1,0,0
1869,86,1,0,0
1870,52,1,0,0
1871,65,1,0,0
1872,21,1,0,0
1873,39,1,0,0
1874,46,1,0,0
1875,110,1,0,0
1876,13,1,0,0
1877,30,1,0,0
1878,32,1,0,0
1879,59,1,0,0
1880,83,1,0,0
1881,160,1,0,0
1882,35,1,0,0
1883,110,1,0,0
1884,33,1,0,0
1885,184,1,0,0
1886,65,1,0,0
1887,38,1,0,0
1888,68,1,0,0
1889,34,1,0,0
1890,34,1,0,0
1891,119,1,0,0
1892,148,1,0,0
1893,160,1,0,0
1894,65,1,0,0
1895,188,1,0,0
1896,9,1,0,0
1897,93,1,0,0
1898,78,1,0,0
1899,60,1,0,0
1900,80,1,0,0
1901,11,1,0,0
1902,35,1,0,0
1903,85,1,0,0
1904,77,1,0,0
1905,22,1,0,0
1906,62,1,0,0
1907,25,1,0,0
1908,11,1,0,0
1909,33,1,0,0
1910,15,1,0,0
1911,93,1,0,0
1912,24,1,0,0
1913,131,1,0,0
1914,148,1,0,0
1915,35,1,0,0
1916,49,1,0,0
1917,40,1,0,0
1918,14,1,0,0
1919,246,1,0,0
1920,200,1,0,0
1921,13,1,0,0
1922,37,1,0,0
1923,26,1,0,0
1924,72,1,0,0
1925,93,1,0,0
1926,39,1,0,0
1927,30,1,0,0
1928,56,1,0,0
1929,171,1,0,0
1930,30,1,0,0
1931,31,1,0,0
1932,53,1,0,0
1933,33,1,0,0
1934,85,1,0,0
1935,90,1,0,0
1936,70,1,0,0
1937,44,1,0,0
1938,90,1,0,0
1939,225,1,0,0
1940,33,1,0,0
1941,60,1,0,0
1942,57,1,0,0
1943,68,1,0,0
1944,40,1,0,0
1945,59,1,0,0
1946,23,1,0,0
1947,11,1,0,0
1948,122,1,0,0
1949,93,1,0,0
1950,17,1,0,0
1951,135,1,0,0
1952,18,1,0,0
1953,98,1,0,0
1954,104,1,0,0
1955,24,1,0,0
1956,83,1,0,0
1957,111,1,0,0
1958,78,1,0,0
1959,52,1,0,0
1960,30,1,0,0
1961,27,1,0,0
1962,12,1,0,0
1963,80,1,0,0
1964,25,1,0,0
1965,90,1,0,0
1966,56,1,0,0
1967,39,1,0,0
1968,54,1,0,0
1969,117,1,0,0
1970,52,1,0,0
1971,17,1,0,0
1972,35,1,0,0
1973,38,1,0,0
1974,17,1,0,0
1975,20,1,0,0
1976,115,1,0,0
1977,36,1,0,0
1978,19,1,0,0
1979,29,1,0,0
1980,12,1,0,0
1981,64,1,0,0
1982,74,1,0,0
1983,26,1,0,0
1984,53,1,0,0
1985,33,1,0,0
1986,22,1,0,0
1987,130,1,0,0
1988,69,1,0,0
1989,56,1,0,0
1990,37,1,0,0
1991,46,1,0,0
1992,261,1,0,0
1993,276,1,0,0
1994,16,1,0,0
1995,64,1,0,0
1996,42,1,0,0
1997,100,1,0,0
1998,108,1,0,0
1999,88,1,0,0
2000,86,1,0,0
2001,43,1,0,0
2002,106,1,0,0
2003,98,1,0,0
2004,108,1,0,0
2005,205,1,0,0
2006,21,1,0,0
2007,159,1,0,0
2008,61,1,0,0
2009,111,1,0,0
2010,73,1,0,0
2011,22,1,0,0
2012,33,1,0,0
2013,166,1,0,0
2014,13,1,0,0
2015,31,1,0,0
2016,182,1,0,0
2017,74,1,0,0
2018,20,1,0,0
2019,42,1,0,0
2020,60,1,0,0
2021,47,1,0,0
2022,30,1,0,0
2023,54,1,0,0
2024,125,1,0,0
2025,144,1,0,0
2026,145,1,0,0
2027,53,1,0,0
2028,42,1,0,0
2029,35,1,0,0
2030,109,1,0,0
2031,118,1,0,0
2032,151,1,0,0
2033,27,1,0,0
2034,249,1,0,0
2035,114,1,0,0
2036,150,1,0,0
2037,77,1,0,0
2038,31,1,0,0
2039,32,1,0,0
2040,69,1,0,0
2041,84,1,0,0
2042,35,1,0,0
2043,33,1,0,0
2044,335,1,0,0
2045,113,1,0,0
2046,87,1,0,0
2047,52,1,0,0
2048,40,1,0,0
2049,45,1,0,0
2050,89,1,0,0
2051,55,1,0,0
2052,34,1,0,0
2053,111,1,0,0
2054,110,1,0,0
2055,56,1,0,0
2056,83,1,0,0
2057,358,1,0,0
2058,22,1,0,0
2059,77,1,0,0
2060,52,1,0,0
2061,50,1,0,0
2062,88,1,0,0
2063,106,1,0,0
2064,67,1,0,0
2065,67,1,0,0
2066,65,1,0,0
2067,67,1,0,0
2068,46,1,0,0
2069,84,1,0,0
2070,38,1,0,0
2071,19,1,0,0
2072,42,1,0,0
2073,19,1,0,0
2074,113,1,0,0
2075,37,1,0,0
2076,71,1,0,0
2077,30,1,0,0
2078,51,1,0,0
2079,64,1,0,0
2080,128,1,0,0
2081,38,1,0,0
2082,17,1,0,0
2083,47,1,0,0
2084,60,1,0,0
2085,52,1,0,0
2086,104,1,0,0
2087,107,1,0,0
2088,9,1,0,0
2089,80,1,0,0
2090,52,1,0,0
2091,75,1,0,0
2092,49,1,0,0
2093,97,1,0,0
2094,32,1,0,0
2095,70,1,0,0
2096,20,1,0,0
2097,61,1,0,0
2098,23,1,0,0
2099,47,1,0,0
2100,29,1,0,0
2101,54,1,0,0
2102,80,1,0,0
2103,79,1,0,0
2104,65,1,0,0
2105,20,1,0,0
2106,64,1,0,0
2107,48,1,0,0
2108,87,1,0,0
2109,49,1,0,0
2110,79,1,0,0
2111,53,1,0,0
2112,40,1,0,0
2113,112,1,0,0
2114,259,1,0,0
2115,58,1,0,0
2116,25,1,0,0
2117,93,1,0,0
2118,44,1,0,0
2119,42,1,0,0
2120,72,1,0,0
2121,27,1,0,0
2122,88,1,0,0
2123,44,1,0,0
2124,67,1,0,0
2125,124,1,0,0
2126,72,1,0,0
2127,172,1,0,0
2128,39,1,0,0
2129,66,1,0,0
2130,63,1,0,0
2131,72,1,0,0
2132,36,1,0,0
2133,55,1,0,0
2134,44,1,0,0
2135,166,1,0,0
2136,48,1,0,0
2137,171,1,0,0
2138,71,1,0,0
2139,38,1,0,0
2140,139,1,0,0
2141,47,1,0,0
2142,58,1,0,0
2143,132,1,0,0
2144,59,1,0,0
2145,141,1,0,0
2146,17,1,0,0
2147,38,1,0,0
2148,41,1,0,0
2149,162,1,0,0
2150,63,1,0,0
2151,12,1,0,0
2152,144,1,0,0
2153,66,1,0,0
2154,39,1,0,0
2155,264,1,0,0
2156,78,1,0,0
2157,11,1,0,0
2158,11,1,0,0
2159,31,1,0,0
2160,70,1,0,0
2161,64,1,0,0
2162,87,1,0,0
2163,73,1,0,0
2164,42,1,0,0
2165,46,1,0,0
2166,23,1,0,0
2167,47,1,0,0
2168,11,1,0,0
2169,195,1,0,0
2170,77,1,0,0
2171,92,1,0,0
2172,27,1,0,0
2173,52,1,0,0
2174,39,1,0,0
2175,11,1,0,0
2176,64,1,0,0
2177,55,1,0,0
2178,159,1,0,0
2179,38,1,0,0
2180,79,1,0,0
2181,24,1,0,0
2182,124,1,0,0
2183,94,1,0,0
2184,67,1,0,0
2185,100,1,0,0
2186,23,1,0,0
2187,13,1,0,0
2188,30,1,0,0
2189,55,1,0,0
2190,155,1,0,0
2191,53,1,0,0
2192,25,1,0,0
2193,110,1,0,0
2194,23,1,0,0
2195,62,1,0,0
2196,61,1,0,0
2197,79,1,0,0
2198,39,1,0,0
2199,49,1,0,0
2200,60,1,0,0
2201,48,1,0,0
2202,34,1,0,0
2203,57,1,0,0
2204,139,1,0,0
2205,70,1,0,0
2206,85,1,0,0
2207,70,1,0,0
2208,51,1,0,0
2209,20,1,0,0
2210,46,1,0,0
2211,194,1,0,0
2212,23,1,0,0
2213,64,1,0,0
2214,183,1,0,0
2215,8,1,0,0
2216,89,1,0,0
2217,19,1,0,0
2218,145,1,0,0
2219,56,1,0,0
2220,20,1,0,0
2221,105,1,0,0
2222,11,1,0,0
2223,79,1,0,0
2224,17,1,0,0
2225,60,1,0,0
2226,50,1,0,0
2227,39,1,0,0
2228,101,1,0,0
2229,26,1,0,0
2230,34,1,0,0
2231,25,1,0,0
2232,179,1,0,0
2233,50,1,0,0
2234,15,1,0,0
2235,52,1,0,0
2236,24,1,0,0
2237,169,1,0,0
2238,95,1,0,0
2239,57,1,0,0
2240,191,1,0,0
2241,174,1,0,0
2242,12,1,0,0
2243,39,1,0,0
2244,42,1,0,0
2245,136,1,0,0
2246,120,1,0,0
2247,88,1,0,0
2248,30,1,0,0
2249,63,1,0,0
2250,31,1,0,0
2251,27,1,0,0
2252,81,1,0,0
2253,32,1,0,0
2254,58,1,0,0
2255,141,1,0,0
2256,123,1,0,0
2257,56,1,0,0
2258,258,1,0,0
2259,55,1,0,0
2260,175,1,0,0
2261,27,1,0,0
2262,16,1,0,0
2263,23,1,0,0
2264,26,1,0,0
2265,103,1,0,0
2266,32,1,0,0
2267,42,1,0,0
2268,48,1,0,0
2269,61,1,0,0
2270,8,1,0,0
2271,63,1,0,0
2272,51,1,0,0
2273,112,1,0,0
2274,47,1,0,0
2275,263,1,0,0
2276,103,1,0,0
2277,64,1,0,0
2278,51,1,0,0
2279,29,1,0,0
2280,35,1,0,0
2281,75,1,0,0
2282,81,1,0,0
2283,98,1,0,0
2284,193,1,0,0
2285,426,1,0,0
2286,56,1,0,0
2287,20,1,0,0
2288,15,1,0,0
2289,12,1,0,0
2290,49,1,0,0
2291,73,1,0,0
2292,68,1,0,0
2293,42,1,0,0
2294,110,1,0,0
2295,15,1,0,0
2296,48,1,0,0
2297,38,1,0,0
2298,54,1,0,0
2299,23,1,0,0
2300,52,1,0,0
2301,23,1,0,0
2302,150,1,0,0
2303,18,1,0,0
2304,39,1,0,0
2305,76,1,0,0
2306,41,1,0,0
2307,50,1,0,0
2308,55,1,0,0
2309,72,1,0,0
2310,88,1,0,0
2311,53,1,0,0
2312,49,1,0,0
2313,64,1,0,0
2314,59,1,0,0
2315,67,1,0,0
2316,23,1,0,0
2317,59,1,0,0
2318,154,1,0,0
2319,69,1,0,0
2320,97,1,0,0
2321,46,1,0,0
2322,7,1,0,0
2323,156,1,0,0
2324,232,1,0,0
2325,106,1,0,0
2326,115,1,0,0
2327,22,1,0,0
2328,57,1,0,0
2329,11,1,0,0
2330,49,1,0,0
2331,54,1,0,0
2332,67,1,0,0
2333,75,1,0,0
2334,128,1,0,0
2335,168,1,0,0
2336,77,1,0,0
2337,79,1,0,0
2338,27,1,0,0
2339,56,1,0,0
2340,158,1,0,0
2341,61,1,0,0
2342,36,1,0,0
2343,59,1,0,0
2344,80,1,0,0
2345,68,1,0,0
2346,109,1,0,0
2347,55,1,0,0
2348,67,1,0,0
2349,32,1,0,0
2350,82,1,0,0
2351,47,1,0,0
2352,67,1,0,0
2353,20,1,0,0
2354,115,1,0,0
2355,13,1,0,0
2356,20,1,0,0
2357,136,1,0,0
2358,14,1,0,0
2359,163,1,0,0
2360,68,1,0,0
2361,32,1,0,0
2362,50,1,0,0
2363,34,1,0,0
2364,210,1,0,0
2365,91,1,0,0
2366,58,1,0,0
2367,67,1,0,0
2368,42,1,0,0
2369,84,1,0,0
2370,32,1,0,0
2371,40,1,0,0
2372,56,1,0,0
2373,116,1,0,0
2374,38,1,0,0
2375,37,1,0,0
2376,45,1,0,0
2377,42,1,0,0
2378,65,1,0,0
2379,39,1,0,0
2380,134,1,0,0
2381,58,1,0,0
2382,64,1,0,0
2383,245,1,0,0
2384,76,1,0,0
2385,89,1,0,0
2386,55,1,0,0
2387,117,1,0,0
2388,136,1,0,0
2389,18,1,0,0
2390,49,1,0,0
2391,112,1,0,0
2392,23,1,0,0
2393,43,1,0,0
2394,57,1,0,0
2395,56,1,0,0
2396,38,1,0,0
2397,76,1,0,0
2398,30,1,0,0
2399,25,1,0,0
2400,53,1,0,0
2401,67,1,0,0
2402,67,1,0,0
2403,19,1,0,0
2404,22,1,0,0
2405,34,1,0,0
2406,141,1,0,0
2407,105,1,0,0
2408,45,1,0,0
2409,215,1,0,0
2410,198,1,0,0
2411,55,1,0,0
2412,75,1,0,0
2413,12,1,0,0
2414,16,1,0,0
2415,58,1,0,0
2416,38,1,0,0
2417,15,1,0,0
2418,37,1,0,0
2419,61,1,0,0
2420,99,1,0,0
2421,93,1,0,0
2422,46,1,0,0
2423,124,1,0,0
2424,43,1,0,0
2425,24,1,0,0
2426,35,1,0,0
2427,92,1,0,0
2428,33,1,0,0
2429,105,1,0,0
2430,145,1,0,0
2431,54,1,0,0
2432,100,1,0,0
2433,27,1,0,0
2434,45,1,0,0
2435,62,1,0,0
2436,55,1,0,0
2437,92,1,0,0
2438,95,1,0,0
2439,23,1,0,0
2440,21,1,0,0
2441,65,1,0,0
2442,214,1,0,0
2443,27,1,0,0
2444,77,1,0,0
2445,31,1,0,0
2446,214,1,0,0
2447,51,1,0,0
2448,33,1,0,0
2449,46,1,0,0
2450,71,1,0,0
2451,73,1,0,0
2452,63,1,0,0
2453,96,1,0,0
2454,109,1,0,0
2455,45,1,0,0
2456,52,1,0,0
2457,175,1,0,0
2458,20,1,0,0
2459,35,1,0,0
2460,53,1,0,0
2461,54,1,0,0
2462,13,1,0,0
2463,48,1,0,0
2464,16,1,0,0
2465,150,1,0,0
2466,124,1,0,0
2467,86,1,0,0
2468,200,1,0,0
2469,28,1,0,0
2470,87,1,0,0
2471,76,1,0,0
2472,175,1,0,0
2473,182,1,0,0
2474,44,1,0,0
2475,26,1,0,0
2476,32,1,0,0
2477,129,1,0,0
2478,161,1,0,0
2479,98,1,0,0
2480,15,1,0,0
2481,112,1,0,0
2482,96,1,0,0
2483,93,1,0,0
2484,87,1,0,0
2485,37,1,0,0
2486,97,1,0,0
2487,101,1,0,0
2488,221,1,0,0
2489,51,1,0,0
2490,64,1,0,0
2491,132,1,0,0
2492,98,1,0,0
2493,29,1,0,0
2494,44,1,0,0
2495,15,1,0,0
2496,41,1,0,0
2497,27,1,0,0
2498,74,1,0,0
2499,37,1,0,0
2500,20,1,0,0
2501,54,1,0,0
2502,12,1,0,0
2503,316,1,0,0
2504,19,1,0,0
2505,17,1,0,0
2506,25,1,0,0
2507,17,1,0,0
2508,21,1,0,0
2509,60,1,0,0
2510,47,1,0,0
2511,38,1,0,0
2512,81,1,0,0
2513,30,1,0,0
2514,66,1,0,0
2515,11,1,0,0
2516,40,1,0,0
2517,47,1,0,0
2518,100,1,0,0
2519,28,1,0,0
2520,54,1,0,0
2521,160,1,0,0
2522,65,1,0,0
2523,28,1,0,0
2524,55,1,0,0
2525,188,1,0,0
2526,155,1,0,0
2527,116,1,0,0
2528,222,1,0,0
2529,38,1,0,0
2530,96,1,0,0
2531,195,1,0,0
2532,89,1,0,0
2533,102,1,0,0
2534,67,1,0,0
2535,58,1,0,0
2536,33,1,0,0
2537,37,1,0,0
2538,8,1,0,0
2539,9,1,0,0
2540,131,1,0,0
2541,42,1,0,0
2542,130,1,0,0
2543,17,1,0,0
2544,124,1,0,0
2545,198,1,0,0
2546,92,1,0,0
2547,17,1,0,0
2548,41,1,0,0
2549,19,1,0,0
2550,21,1,0,0
2551,14,1,0,0
2552,22,1,0,0
2553,120,1,0,0
2554,51,1,0,0
2555,155,1,0,0
2556,185,1,0,0
2557,299,1,0,0
2558,39,1,0,0
2559,42,1,0,0
2560,23,1,0,0
2561,82,1,0,0
2562,23,1,0,0
2563,30,1,0,0
2564,163,1,0,0
2565,16,1,0,0
2566,73,1,0,0
2567,40,1,0,0
2568,84,1,0,0
2569,139,1,0,0
2570,277,1,0,0
2571,51,1,0,0
2572,89,1,0,0
2573,40,1,0,0
2574,22,1,0,0
2575,33,1,0,0
2576,19,1,0,0
2577,244,1,0,0
2578,76,1,0,0
2579,124,1,0,0
2580,70,1,0,0
2581,24,1,0,0
2582,54,1,0,0
2583,80,1,0,0
2584,35,1,0,0
2585,126,1,0,0
2586,35,1,0,0
2587,44,1,0,0
2588,53,1,0,0
2589,121,1,0,0
2590,16,1,0,0
2591,48,1,0,0
2592,43,1,0,0
2593,72,1,0,0
2594,158,1,0,0
2595,31,1,0,0
2596,66,1,0,0
2597,116,1,0,0
2598,67,1,0,0
2599,73,1,0,0
2600,42,1,0,0
2601,36,1,0,0
2602,53,1,0,0
2603,76,1,0,0
2604,58,1,0,0
2605,41,1,0,0
2606,74,1,0,0
2607,43,1,0,0
2608,47,1,0,0
2609,79,1,0,0
2610,67,1,0,0
2611,113,1,0,0
2612,10,1,0,0
2613,50,1,0,0
2614,31,1,0,0
2615,39,1,0,0
2616,69,1,0,0
2617,62,1,0,0
2618,26,1,0,0
2619,161,1,0,0
2620,221,1,0,0
2621,143,1,0,0
2622,82,1,0,0
2623,101,1,0,0
2624,60,1,0,0
2625,129,1,0,0
2626,15,1,0,0
2627,149,1,0,0
2628,68,1,0,0
2629,11,1,0,0
2630,46,1,0,0
2631,52,1,0,0
2632,194,1,0,0
2633,40,1,0,0
2634,162,1,0,0
2635,37,1,0,0
2636,50,1,0,0
2637,116,1,0,0
2638,28,1,0,0
2639,14,1,0,0
2640,242,1,0,0
2641,12,1,0,0
2642,13,1,0,0
2643,231,1,0,0
2644,74,1,0,0
2645,125,1,0,0
2646,63,1,0,0
2647,11,1,0,0
2648,77,1,0,0
2649,17,1,0,0
2650,56,1,0,0
2651,45,1,0,0
2652,37,1,0,0
2653,142,1,0,0
2654,99,1,0,0
2655,29,1,0,0
2656,25,1,0,0
2657,59,1,0,0
2658,19,1,0,0
2659,73,1,0,0
2660,54,1,0,0
2661,41,1,0,0
2662,204,1,0,0
2663,74,1,0,0
2664,39,1,0,0
2665,104,1,0,0
2666,114,1,0,0
2667,89,1,0,0
2668,25,1,0,0
2669,23,1,0,0
2670,46,1,0,0
2671,125,1,0,0
2672,108,1,0,0
2673,58,1,0,0
2674,20,1,0,0
2675,23,1,0,0
2676,35,1,0,0
2677,150,1,0,0
2678,38,1,0,0
2679,125,1,0,0
2680,21,1,0,0
2681,178,1,0,0
2682,62,1,0,0
2683,208,1,0,0
2684,74,1,0,0
2685,11,1,0,0
2686,103,1,0,0
2687,213,1,0,0
2688,63,1,0,0
2689,32,1,0,0
2690,24,1,0,0
2691,24,1,0,0
2692,26,1,0,0
2693,83,1,0,0
2694,71,1,0,0
2695,178,1,0,0
2696,14,1,0,0
2697,61,1,0,0
2698,109,1,0,0
2699,22,1,0,0
2700,180,1,0,0
2701,52,1,0,0
2702,31,1,0,0
2703,37,1,0,0
2704,17,1,0,0
2705,39,1,0,0
2706,106,1,0,0
2707,48,1,0,0
2708,90,1,0,0
2709,18,1,0,0
2710,65,1,0,0
2711,71,1,0,0
2712,56,1,0,0
2713,29,1,0,0
2714,116,1,0,0
2715,10,1,0,0
2716,116,1,0,0
2717,14,1,0,0
2718,40,1,0,0
2719,20,1,0,0
2720,61,1,0,0
2721,22,1,0,0
2722,23,1,0,0
2723,104,1,0,0
2724,33,1,0,0
2725,68,1,0,0
2726,52,1,0,0
2727,174,1,0,0
2728,31,1,0,0
2729,134,1,0,0
2730,23,1,0,0
2731,125,1,0,0
2732,31,1,0,0
2733,64,1,0,0
2734,27,1,0,0
2735,55,1,0,0
2736,31,1,0,0
2737,42,1,0,0
2738,76,1,0,0
2739,68,1,0,0
2740,57,1,0,0
2741,56,1,0,0
2742,32,1,0,0
2743,130,1,0,0
2744,31,1,0,0
2745,21,1,0,0
2746,58,1,0,0
2747,93,1,0,0
2748,12,1,0,0
2749,50,1,0,0
2750,89,1,0,0
2751,28,1,0,0
2752,32,1,0,0
2753,64,1,0,0
2754,40,1,0,0
2755,74,1,0,0
2756,77,1,0,0
2757,14,1,0,0
2758,191,1,0,0
2759,10,1,0,0
2760,50,1,0,0
2761,34,1,0,0
2762,68,1,0,0
2763,282,1,0,0
2764,165,1,0,0
2765,56,1,0,0
2766,8,1,0,0
2767,49,1,0,0
2768,40,1,0,0
2769,180,1,0,0
2770,135,1,0,0
2771,54,1,0,0
2772,17,1,0,0
2773,56,1,0,0
2774,74,1,0,0
2775,56,1,0,0
2776,75,1,0,0
2777,38,1,0,0
2778,190,1,0,0
2779,88,1,0,0
2780,50,1,0,0
2781,278,1,0,0
2782,39,1,0,0
2783,150,1,0,0
2784,96,1,0,0
2785,148,1,0,0
2786,36,1,0,0
2787,62,1,0,0
2788,36,1,0,0
2789,33,1,0,0
2790,145,1,0,0
2791,12,1,0,0
2792,76,1,0,0
2793,158,1,0,0
2794,37,1,0,0
2795,42,1,0,0
2796,98,1,0,0
2797,59,1,0,0
2798,24,1,0,0
2799,30,1,0,0
2800,87,1,0,0
2801,33,1,0,0
2802,41,1,0,0
2803,102,1,0,0
2804,44,1,0,0
2805,140,1,0,0
2806,95,1,0,0
2807,75,1,0,0
2808,31,1,0,0
2809,61,1,0,0
2810,134,1,0,0
2811,46,1,0,0
2812,38,1,0,0
2813,49,1,0,0
2814,12,1,0,0
2815,50,1,0,0
2816,92,1,0,0
2817,105,1,0,0
2818,31,1,0,0
2819,28,1,0,0
2820,91,1,0,0
2821,196,1,0,0
2822,55,1,0,0
2823,15,1,0,0
2824,15,1,0,0
2825,120,1,0,0
2826,35,1,0,0
2827,238,1,0,0
2828,96,1,0,0
2829,75,1,0,0
2830,14,1,0,0
2831,50,1,0,0
2832,54,1,0,0
2833,69,1,0,0
2834,27,1,0,0
2835,424,1,0,0
2836,25,1,0,0
2837,115,1,0,0
2838,77,1,0,0
2839,211,1,0,0
2840,20,1,0,0
2841,153,1,0,0
2842,28,1,0,0
2843,215,1,0,0
2844,20,1,0,0
2845,155,1,0,0
2846,88,1,0,0
2847,68,1,0,0
2848,115,1,0,0
2849,72,1,0,0
2850,53,1,0,0
2851,19,1,0,0
2852,235,1,0,0
2853,71,1,0,0
2854,35,1,0,0
2855,60,1,0,0
2856,27,1,0,0
2857,82,1,0,0
2858,48,1,0,0
2859,97,1,0,0
2860,64,1,0,0
2861,189,1,0,0
2862,81,1,0,0
2863,28,1,0,0
2864,37,1,0,0
2865,101,1,0,0
2866,178,1,0,0
2867,47,1,0,0
2868,24,1,0,0
2869,24,1,0,0
2870,89,1,0,0
2871,133,1,0,0
2872,52,1,0,0
2873,87,1,0,0
2874,92,1,0,0
2875,118,1,0,0
2876,218,1,0,0
2877,47,1,0,0
2878,70,1,0,0
2879,56,1,0,0
2880,19,1,0,0
2881,130,1,0,0
2882,28,1,0,0
2883,71,1,0,0
2884,45,1,0,0
2885,84,1,0,0
2886,92,1,0,0
2887,34,1,0,0
2888,34,1,0,0
2889,125,1,0,0
2890,12,1,0,0
2891,48,1,0,0
2892,50,1,0,0
2893,148,1,0,0
2894,64,1,0,0
2895,30,1,0,0
2896,151,1,0,0
2897,50,1,0,0
2898,24,1,0,0
2899,87,1,0,0
2900,88,1,0,0
2901,39,1,0,0
2902,35,1,0,0
2903,12,1,0,0
2904,17,1,0,0
2905,57,1,0,0
2906,22,1,0,0
2907,49,1,0,0
2908,71,1,0,0
2909,89,1,0,0
2910,141,1,0,0
2911,174,1,0,0
2912,46,1,0,0
2913,105,1,0,0
2914,46,1,0,0
2915,60,1,0,0
2916,23,1,0,0
2917,45,1,0,0
2918,90,1,0,0
2919,31,1,0,0
2920,58,1,0,0
2921,62,1,0,0
2922,52,1,0,0
2923,13,1,0,0
2924,54,1,0,0
2925,71,1,0,0
2926,22,1,0,0
2927,217,1,0,0
2928,41,1,0,0
2929,67,1,0,0
2930,47,1,0,0
2931,25,1,0,0
2932,21,1,0,0
2933,155,1,0,0
2934,43,1,0,0
2935,57,1,0,0
2936,91,1,0,0
2937,65,1,0,0
2938,28,1,0,0
2939,94,1,0,0
2940,58,1,0,0
2941,43,1,0,0
2942,45,1,0,0
2943,21,1,0,0
2944,13,1,0,0
2945,65,1,0,0
2946,33,1,0,0
2947,140,1,0,0
2948,39,1,0,0
2949,33,1,0,0
2950,70,1,0,0
2951,167,1,0,0
2952,103,1,0,0
2953,37,1,0,0
2954,84,1,0,0
2955,19,1,0,0
2956,25,1,0,0
2957,12,1,0,0
2958,40,1,0,0
2959,57,1,0,0
2960,48,1,0,0
2961,61,1,0,0
2962,63,1,0,0
2963,155,1,0,0
2964,44,1,0,0
2965,162,1,0,0
2966,54,1,0,0
2967,81,1,0,0
2968,76,1,0,0
2969,116,1,0,0
2970,26,1,0,0
2971,32,1,0,0
2972,29,1,0,0
2973,87,1,0,0
2974,65,1,0,0
2975,32,1,0,0
2976,122,1,0,0
2977,37,1,0,0
2978,35,1,0,0
2979,20,1,0,0
2980,128,1,0,0
2981,66,1,0,0
2982,145,1,0,0
2983,101,1,0,0
2984,125,1,0,0
2985,50,1,0,0
2986,149,1,0,0
2987,69,1,0,0
2988,120,1,0,0
2989,106,1,0,0
2990,54,1,0,0
2991,14,1,0,0
2992,65,1,0,0
2993,40,1,0,0
2994,25,1,0,0
2995,41,1,0,0
2996,265,1,0,0
2997,59,1,0,0
2998,59,1,0,0
2999,60,1,0,0
3000,64,1,0,0
3001,34,1,0,0
3002,90,1,0,0
3003,94,1,0,0
3004,18,1,0,0
3005,71,1,0,0
3006,12,1,0,0
3007,58,1,0,0
3008,40,1,0,0
3009,82,1,0,0
3010,9,1,0,0
3011,26,1,0,0
3012,43,1,0,0
3013,56,1,0,0
3014,21,1,0,0
3015,150,1,0,0
3016,75,1,0,0
3017,53,1,0,0
3018,29,1,0,0
3019,31,1,0,0
3020,53,1,0,0
3021,12,1,0,0
3022,33,1,0,0
3023,47,1,0,0
3024,24,1,0,0
3025,91,1,0,0
3026,21,1,0,0
3027,11,1,0,0
3028,310,1,0,0
3029,16,1,0,0
3030,46,1,0,0
3031,69,1,0,0
3032,39,1,0,0
3033,139,1,0,0
3034,10,1,0,0
3035,126,1,0,0
3036,48,1,0,0
3037,94,1,0,0
3038,53,1,0,0
3039,49,1,0,0
3040,67,1,0,0
3041,266,1,0,0
3042,84,1,0,0
3043,102,1,0,0
3044,138,1,0,0
3045,58,1,0,0
3046,93,1,0,0
3047,74,1,0,0
3048,60,1,0,0
3049,99,1,0,0
3050,37,1,0,0
3051,29,1,0,0
3052,59,1,0,0
3053,28,1,0,0
3054,40,1,0,0
3055,15,1,0,0
3056,83,1,0,0
3057,52,1,0,0
3058,77,1,0,0
3059,35,1,0,0
3060,105,1,0,0
3061,35,1,0,0
3062,27,1,0,0
3063,143,1,0,0
3064,86,1,0,0
3065,19,1,0,0
3066,172,1,0,0
3067,109,1,0,0
3068,13,1,0,0
3069,108,1,0,0
3070,57,1,0,0
3071,79,1,0,0
3072,110,1,0,0
3073,211,1,0,0
3074,32,1,0,0
3075,28,1,0,0
3076,14,1,0,0
3077,108,1,0,0
3078,63,1,0,0
3079,15,1,0,0
3080,131,1,0,0
3081,72,1,0,0
3082,37,1,0,0
3083,78,1,0,0
3084,38,1,0,0
3085,24,1,0,0
3086,141,1,0,0
3087,147,1,0,0
3088,88,1,0,0
3089,15,1,0,0
3090,21,1,0,0
3091,32,1,0,0
3092,27,1,0,0
3093,194,1,0,0
3094,17,1,0,0
3095,87,1,0,0
3096,118,1,0,0
3097,60,1,0,0
3098,197,1,0,0
3099,211,1,0,0
3100,91,1,0,0
3101,135,1,0,0
3102,103,1,0,0
3103,102,1,0,0
3104,33,1,0,0
3105,55,1,0,0
3106,26,1,0,0
3107,65,1,0,0
3108,46,1,0,0
3109,91,1,0,0
3110,96,1,0,0
3111,135,1,0,0
3112,40,1,0,0
3113,16,1,0,0
3114,91,1,0,0
3115,34,1,0,0
3116,139,1,0,0
3117,35,1,0,0
3118,25,1,0,0
3119,53,1,0,0
3120,27,1,0,0
3121,43,1,0,0
3122,41,1,0,0
3123,60,1,0,0
3124,78,1,0,0
3125,52,1,0,0
3126,68,1,0,0
3127,91,1,0,0
3128,13,1,0,0
3129,26,1,0,0
3130,25,1,0,0
3131,31,1,0,0
3132,26,1,0,0
3133,37,1,0,0
3134,33,1,0,0
3135,59,1,0,0
3136,20,1,0,0
3137,17,1,0,0
3138,30,1,0,0
3139,168,1,0,0
3140,39,1,0,0
3141,74,1,0,0
3142,33,1,0,0
3143,45,1,0,0
3144,54,1,0,0
3145,75,1,0,0
3146,153,1,0,0
3147,113,1,0,0
3148,100,1,0,0
3149,38,1,0,0
3150,46,1,0,0
3151,48,1,0,0
3152,54,1,0,0
3153,11,1,0,0
3154,43,1,0,0
3155,43,1,0,0
3156,37,1,0,0
3157,29,1,0,0
3158,92,1,0,0
3159,52,1,0,0
3160,56,1,0,0
3161,29,1,0,0
3162,14,1,0,0
3163,27,1,0,0
3164,95,1,0,0
3165,133,1,0,0
3166,68,1,0,0
3167,44,1,0,0
3168,119,1,0,0
3169,86,1,0,0
3170,43,1,0,0
3171,72,1,0,0
3172,48,1,0,0
3173,53,1,0,0
3174,34,1,0,0
3175,74,1,0,0
3176,49,1,0,0
3177,117,1,0,0
3178,70,1,0,0
3179,166,1,0,0
3180,158,1,0,0
3181,312,1,0,0
3182,108,1,0,0
3183,51,1,0,0
3184,67,1,0,0
3185,77,1,0,0
3186,85,1,0,0
3187,36,1,0,0
3188,19,1,0,0
3189,88,1,0,0
3190,50,1,0,0
3191,56,1,0,0
3192,113,1,0,0
3193,19,1,0,0
3194,62,1,0,0
3195,37,1,0,0
3196,64,1,0,0
3197,23,1,0,0
3198,76,1,0,0
3199,190,1,0,0
3200,30,1,0,0
3201,41,1,0,0
3202,46,1,0,0
3203,97,1,0,0
3204,22,1,0,0
3205,100,1,0,0
3206,29,1,0,0
3207,71,1,0,0
3208,104,1,0,0
3209,25,1,0,0
3210,71,1,0,0
3211,41,1,0,0
3212,22,1,0,0
3213,15,1,0,0
3214,46,1,0,0
3215,77,1,0,0
3216,47,1,0,0
3217,131,1,0,0
3218,136,1,0,0
3219,94,1,0,0
3220,127,1,0,0
3221,72,1,0,0
3222,82,1,0,0
3223,55,1,0,0
3224,95,1,0,0
3225,35,1,0,0
3226,23,1,0,0
3227,24,1,0,0
3228,53,1,0,0
3229,24,1,0,0
3230,50,1,0,0
3231,162,1,0,0
3232,33,1,0,0
3233,123,1,0,0
3234,39,1,0,0
3235,50,1,0,0
3236,95,1,0,0
3237,124,1,0,0
3238,78,1,0,0
3239,24,1,0,0
3240,62,1,0,0
3241,10,1,0,0
3242,101,1,0,0
3243,30,1,0,0
3244,76,1,0,0
3245,40,1,0,0
3246,107,1,0,0
3247,222,1,0,0
3248,88,1,0,0
3249,53,1,0,0
3250,149,1,0,0
3251,41,1,0,0
3252,47,1,0,0
3253,93,1,0,0
3254,72,1,0,0
3255,82,1,0,0
3256,77,1,0,0
3257,42,1,0,0
3258,29,1,0,0
3259,40,1,0,0
3260,20,1,0,0
3261,45,1,0,0
3262,235,1,0,0
3263,29,1,0,0
3264,58,1,0,0
3265,123,1,0,0
3266,30,1,0,0
3267,69,1,0,0
3268,17,1,0,0
3269,185,1,0,0
3270,57,1,0,0
3271,54,1,0,0
3272,48,1,0,0
3273,84,1,0,0
3274,61,1,0,0
3275,30,1,0,0
3276,58,1,0,0
3277,93,1,0,0
3278,25,1,0,0
3279,83,1,0,0
3280,71,1,0,0
3281,12,1,0,0
3282,120,1,0,0
3283,8,1,0,0
3284,126,1,0,0
3285,150,1,0,0
3286,85,1,0,0
3287,23,1,0,0
3288,78,1,0,0
3289,38,1,0,0
3290,47,1,0,0
3291,54,1,0,0
3292,64,1,0,0
3293,29,1,0,0
3294,24,1,0,0
3295,63,1,0,0
3296,17,1,0,0
3297,81,1,0,0
3298,25,1,0,0
3299,37,1,0,0
3300,60,1,0,0
3301,20,1,0,0
3302,20,1,0,0
3303,88,1,0,0
3304,154,1,0,0
3305,37,1,0,0
3306,111,1,0,0
3307,58,1,0,0
3308,144,1,0,0
3309,31,1,0,0
3310,211,1,0,0
3311,48,1,0,0
3312,35,1,0,0
3313,105,1,0,0
3314,54,1,0,0
3315,182,1,0,0
3316,26,1,0,0
3317,56,1,0,0
3318,42,1,0,0
3319,20,1,0,0
3320,14,1,0,0
3321,71,1,0,0
3322,93,1,0,0
3323,92,1,0,0
3324,173,1,0,0
3325,223,1,0,0
3326,64,1,0,0
3327,226,1,0,0
3328,26,1,0,0
3329,41,1,0,0
3330,15,1,0,0
3331,153,1,0,0
3332,89,1,0,0
3333,86,1,0,0
3334,9,1,0,0
3335,92,1,0,0
3336,46,1,0,0
3337,55,1,0,0
3338,53,1,0,0
3339,46,1,0,0
3340,23,1,0,0
3341,175,1,0,0
3342,21,1,0,0
3343,75,1,0,0
3344,122,1,0,0
3345,32,1,0,0
3346,131,1,0,0
3347,77,1,0,0
3348,173,1,0,0
3349,128,1,0,0
3350,25,1,0,0
3351,61,1,0,0
3352,99,1,0,0
3353,124,1,0,0
3354,143,1,0,0
3355,127,1,0,0
3356,79,1,0,0
3357,23,1,0,0
3358,24,1,0,0
3359,41,1,0,0
3360,53,1,0,0
3361,14,1,0,0
3362,75,1,0,0
3363,35,1,0,0
3364,58,1,0,0
3365,208,1,0,0
3366,66,1,0,0
3367,75,1,0,0
3368,82,1,0,0
3369,149,1,0,0
3370,18,1,0,0
3371,52,1,0,0
3372,24,1,0,0
3373,83,1,0,0
3374,40,1,0,0
3375,98,1,0,0
3376,22,1,0,0
3377,141,1,0,0
3378,105,1,0,0
3379,80,1,0,0
3380,62,1,0,0
3381,23,1,0,0
3382,24,1,0,0
3383,18,1,0,0
3384,142,1,0,0
3385,67,1,0,0
3386,45,1,0,0
3387,30,1,0,0
3388,53,1,0,0
3389,138,1,0,0
3390,41,1,0,0
3391,62,1,0,0
3392,68,1,0,0
3393,78,1,0,0
3394,12,1,0,0
3395,119,1,0,0
3396,22,1,0,0
3397,128,1,0,0
3398,89,1,0,0
3399,81,1,0,0
3400,59,1,0,0
3401,106,1,0,0
3402,60,1,0,0
3403,95,1,0,0
3404,48,1,0,0
3405,90,1,0,0
3406,127,1,0,0
3407,30,1,0,0
3408,162,1,0,0
3409,92,1,0,0
3410,16,1,0,0
3411,39,1,0,0
3412,170,1,0,0
3413,15,1,0,0
3414,47,1,0,0
3415,80,1,0,0
3416,190,1,0,0
3417,22,1,0,0
3418,40,1,0,0
3419,68,1,0,0
3420,15,1,0,0
3421,47,1,0,0
3422,69,1,0,0
3423,58,1,0,0
3424,65,1,0,0
3425,67,1,0,0
3426,25,1,0,0
3427,16,1,0,0
3428,84,1,0,0
3429,29,1,0,0
3430,71,1,0,0
3431,127,1,0,0
3432,49,1,0,0
3433,27,1,0,0
3434,17,1,0,0
3435,164,1,0,0
3436,63,1,0,0
3437,14,1,0,0
3438,35,1,0,0
3439,57,1,0,0
3440,26,1,0,0
3441,26,1,0,0
3442,41,1,0,0
3443,76,1,0,0
3444,120,1,0,0
3445,43,1,0,0
3446,136,1,0,0
3447,118,1,0,0
3448,58,1,0,0
3449,36,1,0,0
3450,54,1,0,0
3451,61,1,0,0
3452,62,1,0,0
3453,267,1,0,0
3454,49,1,0,0
3455,24,1,0,0
3456,73,1,0,0
3457,49,1,0,0
3458,27,1,0,0
3459,37,1,0,0
3460,246,1,0,0
3461,111,1,0,0
3462,30,1,0,0
3463,41,1,0,0
3464,168,1,0,0
3465,10,1,0,0
3466,72,1,0,0
3467,19,1,0,0
3468,85,1,0,0
3469,29,1,0,0
3470,18,1,0,0
3471,45,1,0,0
3472,101,1,0,0
3473,248,1,0,0
3474,73,1,0,0
3475,8,1,0,0
3476,29,1,0,0
3477,142,1,0,0
3478,56,1,0,0
3479,60,1,0,0
3480,68,1,0,0
3481,111,1,0,0
3482,49,1,0,0
3483,73,1,0,0
3484,36,1,0,0
3485,68,1,0,0
3486,120,1,0,0
3487,25,1,0,0
3488,91,1,0,0
3489,72,1,0,0
3490,26,1,0,0
3491,56,1,0,0
3492,38,1,0,0
3493,40,1,0,0
3494,139,1,0,0
3495,52,1,0,0
3496,27,1,0,0
3497,57,1,0,0
3498,68,1,0,0
3499,68,1,0,0
3500,11,1,0,0
3501,111,1,0,0
3502,107,1,0,0
3503,14,1,0,0
3504,34,1,0,0
3505,28,1,0,0
3506,168,1,0,0
3507,35,1,0,0
3508,57,1,0,0
3509,68,1,0,0
3510,37,1,0,0
3511,71,1,0,0
3512,127,1,0,0
3513,180,1,0,0
3514,28,1,0,0
3515,55,1,0,0
3516,101,1,0,0
3517,138,1,0,0
3518,128,1,0,0
3519,55,1,0,0
3520,13,1,0,0
3521,73,1,0,0
3522,40,1,0,0
3523,29,1,0,0
3524,156,1,0,0
3525,74,1,0,0
3526,34,1,0,0
3527,12,1,0,0
3528,33,1,0,0
3529,64,1,0,0
3530,163,1,0,0
3531,38,1,0,0
3532,29,1,0,0
3533,58,1,0,0
3534,152,1,0,0
3535,49,1,0,0
3536,31,1,0,0
3537,34,1,0,0
3538,106,1,0,0
3539,27,1,0,0
3540,87,1,0,0
3541,23,1,0,0
3542,47,1,0,0
3543,77,1,0,0
3544,64,1,0,0
3545,28,1,0,0
3546,27,1,0,0
3547,104,1,0,0
3548,26,1,0,0
3549,16,1,0,0
3550,81,1,0,0
3551,148,1,0,0
3552,61,1,0,0
3553,42,1,0,0
3554,19,1,0,0
3555,98,1,0,0
3556,58,1,0,0
3557,24,1,0,0
3558,244,1,0,0
3559,138,1,0,0
3560,44,1,0,0
3561,117,1,0,0
3562,76,1,0,0
3563,10,1,0,0
3564,145,1,0,0
3565,18,1,0,0
3566,42,1,0,0
3567,35,1,0,0
3568,39,1,0,0
3569,63,1,0,0
3570,73,1,0,0
3571,62,1,0,0
3572,64,1,0,0
3573,113,1,0,0
3574,130,1,0,0
3575,94,1,0,0
3576,31,1,0,0
3577,80,1,0,0
3578,44,1,0,0
3579,63,1,0,0
3580,43,1,0,0
3581,67,1,0,0
3582,190,1,0,0
3583,71,1,0,0
3584,44,1,0,0
3585,79,1,0,0
3586,35,1,0,0
3587,23,1,0,0
3588,286,1,0,0
3589,165,1,0,0
3590,118,1,0,0
3591,35,1,0,0
3592,34,1,0,0
3593,67,1,0,0
3594,29,1,0,0
3595,81,1,0,0
3596,11,1,0,0
3597,205,1,0,0
3598,69,1,0,0
3599,20,1,0,0
3600,17,1,0,0
3601,29,1,0,0
3602,116,1,0,0
3603,68,1,0,0
3604,88,1,0,0
3605,48,1,0,0
3606,58,1,0,0
3607,159,1,0,0
3608,169,1,0,0
3609,82,1,0,0
3610,49,1,0,0
3611,156,1,0,0
3612,128,1,0,0
3613,30,1,0,0
3614,139,1,0,0
3615,27,1,0,0
3616,60,1,0,0
3617,231,1,0,0
3618,114,1,0,0
3619,54,1,0,0
3620,78,1,0,0
3621,71,1,0,0
3622,98,1,0,0
3623,269,1,0,0
3624,145,1,0,0
3625,105,1,0,0
3626,125,1,0,0
3627,36,1,0,0
3628,118,1,0,0
3629,70,1,0,0
3630,50,1,0,0
3631,111,1,0,0
3632,41,1,0,0
3633,52,1,0,0
3634,84,1,0,0
3635,38,1,0,0
3636,85,1,0,0
3637,158,1,0,0
3638,60,1,0,0
3639,32,1,0,0
3640,63,1,0,0
3641,55,1,0,0
3642,110,1,0,0
3643,41,1,0,0
3644,71,1,0,0
3645,15,1,0,0
3646,37,1,0,0
3647,19,1,0,0
3648,11,1,0,0
3649,22,1,0,0
3650,51,1,0,0
3651,21,1,0,0
3652,109,1,0,0
3653,107,1,0,0
3654,57,1,0,0
3655,121,1,0,0
3656,61,1,0,0
3657,17,1,0,0
3658,58,1,0,0
3659,123,1,0,0
3660,236,1,0,0
3661,108,1,0,0
3662,212,1,0,0
3663,195,1,0,0
3664,66,1,0,0
3665,47,1,0,0
3666,68,1,0,0
3667,66,1,0,0
3668,52,1,0,0
3669,71,1,0,0
3670,46,1,0,0
3671,21,1,0,0
3672,64,1,0,0
3673,44,1,0,0
3674,89,1,0,0
3675,23,1,0,0
3676,36,1,0,0
3677,34,1,0,0
3678,16,1,0,0
3679,131,1,0,0
3680,12,1,0,0
3681,66,1,0,0
3682,145,1,0,0
3683,44,1,0,0
3684,149,1,0,0
3685,75,1,0,0
3686,8,1,0,0
3687,149,1,0,0
3688,65,1,0,0
3689,18,1,0,0
3690,192,1,0,0
3691,53,1,0,0
3692,81,1,0,0
3693,67,1,0,0
3694,31,1,0,0
3695,13,1,0,0
3696,43,1,0,0
3697,30,1,0,0
3698,78,1,0,0
3699,11,1,0,0
3700,38,1,0,0
3701,46,1,0,0
3702,78,1,0,0
3703,20,1,0,0
3704,27,1,0,0
3705,11,1,0,0
3706,31,1,0,0
3707,29,1,0,0
3708,95,1,0,0
3709,44,1,0,0
3710,36,1,0,0
3711,55,1,0,0
3712,35,1,0,0
3713,118,1,0,0
3714,84,1,0,0
3715,34,1,0,0
3716,67,1,0,0
3717,41,1,0,0
3718,24,1,0,0
3719,159,1,0,0
3720,27,1,0,0
3721,25,1,0,0
3722,64,1,0,0
3723,32,1,0,0
3724,16,1,0,0
3725,142,1,0,0
3726,58,1,0,0
3727,91,1,0,0
3728,113,1,0,0
3729,78,1,0,0
3730,67,1,0,0
3731,181,1,0,0
3732,25,1,0,0
3733,22,1,0,0
3734,72,1,0,0
3735,71,1,0,0
3736,127,1,0,0
3737,17,1,0,0
3738,14,1,0,0
3739,90,1,0,0
3740,122,1,0,0
3741,61,1,0,0
3742,57,1,0,0
3743,28,1,0,0
3744,37,1,0,0
3745,209,1,0,0
3746,71,1,0,0
3747,54,1,0,0
3748,46,1,0,0
3749,26,1,0,0
3750,59,1,0,0
3751,37,1,0,0
3752,19,1,0,0
3753,72,1,0,0
3754,135,1,0,0
3755,95,1,0,0
3756,96,1,0,0
3757,19,1,0,0
3758,13,1,0,0
3759,166,1,0,0
3760,83,1,0,0
3761,65,1,0,0
3762,45,1,0,0
3763,14,1,0,0
3764,12,1,0,0
3765,76,1,0,0
3766,36,1,0,0
3767,10,1,0,0
3768,66,1,0,0
3769,60,1,0,0
3770,70,1,0,0
3771,33,1,0,0
3772,55,1,0,0
3773,178,1,0,0
3774,39,1,0,0
3775,66,1,0,0
3776,92,1,0,0
3777,22,1,0,0
3778,105,1,0,0
3779,31,1,0,0
3780,38,1,0,0
3781,32,1,0,0
3782,167,1,0,0
3783,19,1,0,0
3784,125,1,0,0
3785,24,1,0,0
3786,18,1,0,0
3787,12,1,0,0
3788,157,1,0,0
3789,66,1,0,0
3790,47,1,0,0
3791,95,1,0,0
3792,24,1,0,0
3793,109,1,0,0
3794,177,1,0,0
3795,214,1,0,0
3796,47,1,0,0
3797,15,1,0,0
3798,21,1,0,0
3799,21,1,0,0
3800,75,1,0,0
3801,69,1,0,0
3802,127,1,0,0
3803,102,1,0,0
3804,102,1,0,0
3805,122,1,0,0
3806,163,1,0,0
3807,34,1,0,0
3808,80,1,0,0
3809,122,1,0,0
3810,53,1,0,0
3811,111,1,0,0
3812,25,1,0,0
3813,45,1,0,0
3814,121,1,0,0
3815,114,1,0,0
3816,102,1,0,0
3817,46,1,0,0
3818,53,1,0,0
3819,52,1,0,0
3820,29,1,0,0
3821,11,1,0,0
3822,166,1,0,0
3823,52,1,0,0
3824,69,1,0,0
3825,34,1,0,0
3826,66,1,0,0
3827,113,1,0,0
3828,43,1,0,0
3829,73,1,0,0
3830,85,1,0,0
3831,65,1,0,0
3832,77,1,0,0
3833,39,1,0,0
3834,101,1,0,0
3835,105,1,0,0
3836,31,1,0,0
3837,86,1,0,0
3838,142,1,0,0
3839,54,1,0,0
3840,133,1,0,0
3841,178,1,0,0
3842,13,1,0,0
3843,16,1,0,0
3844,175,1,0,0
3845,106,1,0,0
3846,20,1,0,0
3847,70,1,0,0
3848,67,1,0,0
3849,17,1,0,0
3850,150,1,0,0
3851,117,1,0,0
3852,43,1,0,0
3853,53,1,0,0
3854,26,1,0,0
3855,44,1,0,0
3856,20,1,0,0
3857,35,1,0,0
3858,37,1,0,0
3859,67,1,0,0
3860,50,1,0,0
3861,85,1,0,0
3862,15,1,0,0
3863,19,1,0,0
3864,42,1,0,0
3865,89,1,0,0
3866,66,1,0,0
3867,80,1,0,0
3868,22,1,0,0
3869,43,1,0,0
3870,49,1,0,0
3871,51,1,0,0
3872,68,1,0,0
3873,30,1,0,0
3874,70,1,0,0
3875,37,1,0,0
3876,69,1,0,0
3877,34,1,0,0
3878,109,1,0,0
3879,55,1,0,0
3880,35,1,0,0
3881,42,1,0,0
3882,30,1,0,0
3883,59,1,0,0
3884,112,1,0,0
3885,198,1,0,0
3886,44,1,0,0
3887,21,1,0,0
3888,22,1,0,0
3889,153,1,0,0
3890,96,1,0,0
3891,58,1,0,0
3892,12,1,0,0
3893,91,1,0,0
3894,25,1,0,0
3895,58,1,0,0
3896,184,1,0,0
3897,101,1,0,0
3898,139,1,0,0
3899,35,1,0,0
3900,20,1,0,0
3901,102,1,0,0
3902,93,1,0,0
3903,69,1,0,0
3904,47,1,0,0
3905,50,1,0,0
3906,17,1,0,0
3907,12,1,0,0
3908,39,1,0,0
3909,30,1,0,0
3910,140,1,0,0
3911,50,1,0,0
3912,74,1,0,0
3913,81,1,0,0
3914,23,1,0,0
3915,64,1,0,0
3916,80,1,0,0
3917,47,1,0,0
3918,46,1,0,0
3919,114,1,0,0
3920,32,1,0,0
3921,87,1,0,0
3922,13,1,0,0
3923,104,1,0,0
3924,119,1,0,0
3925,66,1,0,0
3926,105,1,0,0
3927,23,1,0,0
3928,58,1,0,0
3929,80,1,0,0
3930,30,1,0,0
3931,63,1,0,0
3932,51,1,0,0
3933,197,1,0,0
3934,53,1,0,0
3935,82,1,0,0
3936,92,1,0,0
3937,36,1,0,0
3938,22,1,0,0
3939,54,1,0,0
3940,203,1,0,0
3941,76,1,0,0
3942,131,1,0,0
3943,80,1,0,0
3944,49,1,0,0
3945,56,1,0,0
3946,25,1,0,0
3947,90,1,0,0
3948,64,1,0,0
3949,154,1,0,0
3950,82,1,0,0
3951,37,1,0,0
3952,89,1,0,0
3953,29,1,0,0
3954,51,1,0,0
3955,144,1,0,0
3956,111,1,0,0
3957,154,1,0,0
3958,33,1,0,0
3959,16,1,0,0
3960,28,1,0,0
3961,33,1,0,0
3962,158,1,0,0
3963,103,1,0,0
3964,37,1,0,0
3965,29,1,0,0
3966,66,1,0,0
3967,76,1,0,0
3968,46,1,0,0
3969,65,1,0,0
3970,28,1,0,0
3971,36,1,0,0
3972,94,1,0,0
3973,18,1,0,0
3974,50,1,0,0
3975,30,1,0,0
3976,97,1,0,0
3977,64,1,0,0
3978,38,1,0,0
3979,8,1,0,0
3980,178,1,0,0
3981,41,1,0,0
3982,27,1,0,0
3983,54,1,0,0
3984,108,1,0,0
3985,136,1,0,0
3986,72,1,0,0
3987,81,1,0,0
3988,42,1,0,0
3989,23,1,0,0
3990,133,1,0,0
3991,123,1,0,0
3992,39,1,0,0
3993,20,1,0,0
3994,150,1,0,0
3995,57,1,0,0
3996,35,1,0,0
3997,16,1,0,0
3998,91,1,0,0
3999,134,1,0,0
4000,45,1,0,0
4001,46,1,0,0
4002,58,1,0,0
4003,84,1,0,0
4004,36,1,0,0
4005,18,1,0,0
4006,84,1,0,0
4007,54,1,0,0
4008,118,1,0,0
4009,48,1,0,0
4010,113,1,0,0
4011,44,1,0,0
4012,24,1,0,0
4013,17,1,0,0
4014,50,1,0,0
4015,213,1,0,0
4016,51,1,0,0
4017,25,1,0,0
4018,33,1,0,0
4019,78,1,0,0
4020,172,1,0,0
4021,78,1,0,0
4022,18,1,0,0
4023,123,1,0,0
4024,73,1,0,0
4025,42,1,0,0
4026,108,1,0,0
4027,21,1,0,0
4028,20,1,0,0
4029,40,1,0,0
4030,45,1,0,0
4031,121,1,0,0
4032,154,1,0,0
4033,73,1,0,0
4034,27,1,0,0
4035,54,1,0,0
4036,127,1,0,0
4037,16,1,0,0
4038,40,1,0,0
4039,80,1,0,0
4040,26,1,0,0
4041,24,1,0,0
4042,63,1,0,0
4043,17,1,0,0
4044,64,1,0,0
4045,52,1,0,0
4046,78,1,0,0
4047,36,1,0,0
4048,80,1,0,0
4049,23,1,0,0
4050,62,1,0,0
4051,83,1,0,0
4052,62,1,0,0
4053,18,1,0,0
4054,20,1,0,0
4055,34,1,0,0
4056,157,1,0,0
4057,23,1,0,0
4058,10,1,0,0
4059,124,1,0,0
4060,51,1,0,0
4061,98,1,0,0
4062,47,1,0,0
4063,71,1,0,0
4064,25,1,0,0
4065,42,1,0,0
4066,85,1,0,0
4067,121,1,0,0
4068,145,1,0,0
4069,103,1,0,0
4070,15,1,0,0
4071,25,1,0,0
4072,125,1,0,0
4073,35,1,0,0
4074,25,1,0,0
4075,35,1,0,0
4076,38,1,0,0
4077,109,1,0,0
4078,99,1,0,0
4079,59,1,0,0
4080,44,1,0,0
4081,42,1,0,0
4082,42,1,0,0
4083,62,1,0,0
4084,46,1,0,0
4085,15,1,0,0
4086,28,1,0,0
4087,88,1,0,0
4088,171,1,0,0
4089,103,1,0,0
4090,51,1,0,0
4091,264,1,0,0
4092,26,1,0,0
4093,110,1,0,0
4094,72,1,0,0
4095,33,1,0,0
4096,102,1,0,0
4097,88,1,0,0
4098,50,1,0,0
4099,29,1,0,0
4100,56,1,0,0
4101,20,1,0,0
4102,104,1,0,0
4103,23,1,0,0
4104,95,1,0,0
4105,142,1,0,0
4106,56,1,0,0
4107,71,1,0,0
4108,21,1,0,0
4109,80,1,0,0
4110,37,1,0,0
4111,20,1,0,0
4112,34,1,0,0
4113,157,1,0,0
4114,62,1,0,0
4115,25,1,0,0
4116,215,1,0,0
4117,61,1,0,0
4118,187,1,0,0
4119,22,1,0,0
4120,47,1,0,0
4121,27,1,0,0
4122,46,1,0,0
4123,29,1,0,0
4124,46,1,0,0
4125,22,1,0,0
4126,26,1,0,0
4127,68,1,0,0
4128,113,1,0,0
4129,65,1,0,0
4130,151,1,0,0
4131,17,1,0,0
4132,25,1,0,0
4133,34,1,0,0
4134,136,1,0,0
4135,72,1,0,0
4136,54,1,0,0
4137,223,1,0,0
4138,93,1,0,0
4139,41,1,0,0
4140,121,1,0,0
4141,69,1,0,0
4142,64,1,0,0
4143,21,1,0,0
4144,77,1,0,0
4145,193,1,0,0
4146,89,1,0,0
4147,22,1,0,0
4148,81,1,0,0
4149,10,1,0,0
4150,33,1,0,0
4151,40,1,0,0
4152,57,1,0,0
4153,15,1,0,0
4154,16,1,0,0
4155,44,1,0,0
4156,88,1,0,0
4157,23,1,0,0
4158,127,1,0,0
4159,56,1,0,0
4160,114,1,0,0
4161,32,1,0,0
4162,30,1,0,0
4163,52,1,0,0
4164,52,1,0,0
4165,59,1,0,0
4166,37,1,0,0
4167,39,1,0,0
4168,56,1,0,0
4169,74,1,0,0
4170,97,1,0,0
4171,111,1,0,0
4172,149,1,0,0
4173,103,1,0,0
4174,16,1,0,0
4175,82,1,0,0
4176,176,1,0,0
4177,107,1,0,0
4178,31,1,0,0
4179,156,1,0,0
4180,76,1,0,0
4181,65,1,0,0
4182,86,1,0,0
4183,48,1,0,0
4184,140,1,0,0
4185,14,1,0,0
4186,77,1,0,0
4187,26,1,0,0
4188,73,1,0,0
4189,118,1,0,0
4190,7,1,0,0
4191,31,1,0,0
4192,43,1,0,0
4193,112,1,0,0
4194,48,1,0,0
4195,98,1,0,0
4196,137,1,0,0
4197,15,1,0,0
4198,24,1,0,0
4199,66,1,0,0
4200,35,1,0,0
4201,37,1,0,0
4202,60,1,0,0
4203,18,1,0,0
4204,45,1,0,0
4205,68,1,0,0
4206,37,1,0,0
4207,142,1,0,0
4208,203,1,0,0
4209,15,1,0,0
4210,62,1,0,0
4211,65,1,0,0
4212,52,1,0,0
4213,41,1,0,0
4214,26,1,0,0
4215,31,1,0,0
4216,23,1,0,0
4217,69,1,0,0
4218,29,1,0,0
4219,51,1,0,0
4220,22,1,0,0
4221,47,1,0,0
4222,61,1,0,0
4223,72,1,0,0
4224,44,1,0,0
4225,47,1,0,0
4226,32,1,0,0
4227,133,1,0,0
4228,60,1,0,0
4229,52,1,0,0
4230,39,1,0,0
4231,89,1,0,0
4232,61,1,0,0
4233,53,1,0,0
4234,105,1,0,0
4235,31,1,0,0
4236,148,1,0,0
4237,31,1,0,0
4238,100,1,0,0
4239,107,1,0,0
4240,178,1,0,0
4241,68,1,0,0
4242,232,1,0,0
4243,180,1,0,0
4244,68,1,0,0
4245,142,1,0,0
4246,101,1,0,0
4247,48,1,0,0
4248,8,1,0,0
4249,155,1,0,0
4250,96,1,0,0
4251,40,1,0,0
4252,85,1,0,0
4253,35,1,0,0
4254,64,1,0,0
4255,62,1,0,0
4256,27,1,0,0
4257,70,1,0,0
4258,58,1,0,0
4259,41,1,0,0
4260,40,1,0,0
4261,74,1,0,0
4262,62,1,0,0
4263,75,1,0,0
4264,49,1,0,0
4265,19,1,0,0
4266,208,1,0,0
4267,20,1,0,0
4268,35,1,0,0
4269,24,1,0,0
4270,106,1,0,0
4271,129,1,0,0
4272,57,1,0,0
4273,10,1,0,0
4274,121,1,0,0
4275,51,1,0,0
4276,30,1,0,0
4277,234,1,0,0
4278,35,1,0,0
4279,81,1,0,0
4280,35,1,0,0
4281,127,1,0,0
4282,42,1,0,0
4283,101,1,0,0
4284,50,1,0,0
4285,41,1,0,0
4286,174,1,0,0
4287,27,1,0,0
4288,16,1,0,0
4289,80,1,0,0
4290,48,1,0,0
4291,86,1,0,0
4292,152,1,0,0
4293,66,1,0,0
4294,33,1,0,0
4295,37,1,0,0
4296,15,1,0,0
4297,127,1,0,0
4298,33,1,0,0
4299,72,1,0,0
4300,84,1,0,0
4301,88,1,0,0
4302,33,1,0,0
4303,22,1,0,0
4304,42,1,0,0
4305,160,1,0,0
4306,100,1,0,0
4307,63,1,0,0
4308,77,1,0,0
4309,99,1,0,0
4310,58,1,0,0
4311,20,1,0,0
4312,44,1,0,0
4313,205,1,0,0
4314,16,1,0,0
4315,56,1,0,0
4316,136,1,0,0
4317,67,1,0,0
4318,35,1,0,0
4319,43,1,0,0
4320,37,1,0,0
4321,88,1,0,0
4322,100,1,0,0
4323,19,1,0,0
4324,94,1,0,0
4325,50,1,0,0
4326,136,1,0,0
4327,87,1,0,0
4328,45,1,0,0
4329,44,1,0,0
4330,11,1,0,0
4331,43,1,0,0
4332,42,1,0,0
4333,131,1,0,0
4334,7,1,0,0
4335,80,1,0,0
4336,69,1,0,0
4337,23,1,0,0
4338,105,1,0,0
4339,87,1,0,0
4340,48,1,0,0
4341,72,1,0,0
4342,39,1,0,0
4343,11,1,0,0
4344,109,1,0,0
4345,61,1,0,0
4346,86,1,0,0
4347,123,1,0,0
4348,24,1,0,0
4349,39,1,0,0
4350,20,1,0,0
4351,24,1,0,0
4352,57,1,0,0
4353,92,1,0,0
4354,84,1,0,0
4355,48,1,0,0
4356,31,1,0,0
4357,74,1,0,0
4358,48,1,0,0
4359,27,1,0,0
4360,15,1,0,0
4361,84,1,0,0
4362,41,1,0,0
4363,57,1,0,0
4364,14,1,0,0
4365,18,1,0,0
4366,54,1,0,0
4367,61,1,0,0
4368,42,1,0,0
4369,43,1,0,0
4370,91,1,0,0
4371,106,1,0,0
4372,124,1,0,0
4373,54,1,0,0
4374,156,1,0,0
4375,94,1,0,0
4376,48,1,0,0
4377,143,1,0,0
4378,118,1,0,0
4379,23,1,0,0
4380,99,1,0,0
4381,107,1,0,0
4382,35,1,0,0
4383,11,1,0,0
4384,82,1,0,0
4385,16,1,0,0
4386,82,1,0,0
4387,35,1,0,0
4388,110,1,0,0
4389,64,1,0,0
4390,17,1,0,0
4391,42,1,0,0
4392,63,1,0,0
4393,140,1,0,0
4394,54,1,0,0
4395,54,1,0,0
4396,18,1,0,0
4397,202,1,0,0
4398,41,1,0,0
4399,30,1,0,0
4400,56,1,0,0
4401,48,1,0,0
4402,15,1,0,0
4403,38,1,0,0
4404,17,1,0,0
4405,57,1,0,0
4406,156,1,0,0
4407,38,1,0,0
4408,13,1,0,0
4409,93,1,0,0
4410,103,1,0,0
4411,61,1,0,0
4412,149,1,0,0
4413,68,1,0,0
4414,40,1,0,0
4415,93,1,0,0
4416,23,1,0,0
4417,28,1,0,0
4418,59,1,0,0
4419,117,1,0,0
4420,431,1,0,0
4421,12,1,0,0
4422,108,1,0,0
4423,40,1,0,0
4424,77,1,0,0
4425,8,1,0,0
4426,57,1,0,0
4427,114,1,0,0
4428,79,1,0,0
4429,31,1,0,0
4430,59,1,0,0
4431,36,1,0,0
4432,67,1,0,0
4433,79,1,0,0
4434,89,1,0,0
4435,109,1,0,0
4436,136,1,0,0
4437,31,1,0,0
4438,63,1,0,0
4439,67,1,0,0
4440,81,1,0,0
4441,65,1,0,0
4442,31,1,0,0
4443,216,1,0,0
4444,15,1,0,0
4445,43,1,0,0
4446,23,1,0,0
4447,75,1,0,0
4448,18,1,0,0
4449,14,1,0,0
4450,59,1,0,0
4451,30,1,0,0
4452,144,1,0,0
4453,132,1,0,0
4454,89,1,0,0
4455,19,1,0,0
4456,21,1,0,0
4457,20,1,0,0
4458,69,1,0,0
4459,50,1,0,0
4460,88,1,0,0
4461,28,1,0,0
4462,118,1,0,0
4463,128,1,0,0
4464,139,1,0,0
4465,33,1,0,0
4466,76,1,0,0
4467,22,1,0,0
4468,132,1,0,0
4469,35,1,0,0
4470,101,1,0,0
4471,28,1,0,0
4472,42,1,0,0
4473,82,1,0,0
4474,22,1,0,0
4475,71,1,0,0
4476,101,1,0,0
4477,24,1,0,0
4478,43,1,0,0
4479,10,1,0,0
4480,155,1,0,0
4481,104,1,0,0
4482,67,1,0,0
4483,20,1,0,0
4484,119,1,0,0
4485,106,1,0,0
4486,90,1,0,0
4487,29,1,0,0
4488,20,1,0,0
4489,34,1,0,0
4490,90,1,0,0
4491,61,1,0,0
4492,74,1,0,0
4493,76,1,0,0
4494,50,1,0,0
4495,32,1,0,0
4496,20,1,0,0
4497,131,1,0,0
4498,11,1,0,0
4499,25,1,0,0
4500,33,1,0,0
4501,92,1,0,0
4502,94,1,0,0
4503,45,1,0,0
4504,51,1,0,0
4505,57,1,0,0
4506,55,1,0,0
4507,68,1,0,0
4508,26,1,0,0
4509,41,1,0,0
4510,38,1,0,0
4511,44,1,0,0
4512,26,1,0,0
4513,23,1,0,0
4514,13,1,0,0
4515,57,1,0,0
4516,181,1,0,0
4517,54,1,0,0
4518,31,1,0,0
4519,61,1,0,0
4520,120,1,0,0
4521,35,1,0,0
4522,49,1,0,0
4523,29,1,0,0
4524,20,1,0,0
4525,56,1,0,0
4526,72,1,0,0
4527,147,1,0,0
4528,53,1,0,0
4529,60,1,0,0
4530,28,1,0,0
4531,167,1,0,0
4532,50,1,0,0
4533,121,1,0,0
4534,72,1,0,0
4535,58,1,0,0
4536,80,1,0,0
4537,156,1,0,0
4538,79,1,0,0
4539,40,1,0,0
4540,24,1,0,0
4541,30,1,0,0
4542,74,1,0,0
4543,57,1,0,0
4544,72,1,0,0
4545,62,1,0,0
4546,73,1,0,0
4547,89,1,0,0
4548,34,1,0,0
4549,36,1,0,0
4550,14,1,0,0
4551,91,1,0,0
4552,19,1,0,0
4553,97,1,0,0
4554,69,1,0,0
4555,47,1,0,0
4556,106,1,0,0
4557,99,1,0,0
4558,45,1,0,0
4559,82,1,0,0
4560,86,1,0,0
4561,101,1,0,0
4562,52,1,0,0
4563,65,1,0,0
4564,31,1,0,0
4565,112,1,0,0
4566,42,1,0,0
4567,96,1,0,0
4568,65,1,0,0
4569,33,1,0,0
4570,126,1,0,0
4571,14,1,0,0
4572,139,1,0,0
4573,312,1,0,0
4574,63,1,0,0
4575,98,1,0,0
4576,110,1,0,0
4577,51,1,0,0
4578,74,1,0,0
4579,121,1,0,0
4580,32,1,0,0
4581,164,1,0,0
4582,18,1,0,0
4583,37,1,0,0
4584,65,1,0,0
4585,108,1,0,0
4586,80,1,0,0
4587,126,1,0,0
4588,163,1,0,0
4589,21,1,0,0
4590,49,1,0,0
4591,24,1,0,0
4592,84,1,0,0
4593,38,1,0,0
4594,84,1,0,0
4595,87,1,0,0
4596,148,1,0,0
4597,7,1,0,0
4598,72,1,0,0
4599,15,1,0,0
4600,56,1,0,0
4601,144,1,0,0
4602,81,1,0,0
4603,71,1,0,0
4604,45,1,0,0
4605,51,1,0,0
4606,44,1,0,0
4607,43,1,0,0
4608,68,1,0,0
4609,86,1,0,0
4610,25,1,0,0
4611,93,1,0,0
4612,90,1,0,0
4613,172,1,0,0
4614,26,1,0,0
4615,47,1,0,0
4616,70,1,0,0
4617,22,1,0,0
4618,23,1,0,0
4619,15,1,0,0
4620,13,1,0,0
4621,113,1,0,0
4622,98,1,0,0
4623,32,1,0,0
4624,131,1,0,0
4625,55,1,0,0
4626,63,1,0,0
4627,36,1,0,0
4628,17,1,0,0
4629,39,1,0,0
4630,164,1,0,0
4631,13,1,0,0
4632,59,1,0,0
4633,75,1,0,0
4634,77,1,0,0
4635,82,1,0,0
4636,63,1,0,0
4637,20,1,0,0
4638,57,1,0,0
4639,119,1,0,0
4640,28,1,0,0
4641,113,1,0,0
4642,131,1,0,0
4643,23,1,0,0
4644,108,1,0,0
4645,32,1,0,0
4646,49,1,0,0
4647,206,1,0,0
4648,40,1,0,0
4649,26,1,0,0
4650,22,1,0,0
4651,92,1,0,0
4652,67,1,0,0
4653,114,1,0,0
4654,126,1,0,0
4655,35,1,0,0
4656,31,1,0,0
4657,40,1,0,0
4658,86,1,0,0
4659,126,1,0,0
4660,156,1,0,0
4661,80,1,0,0
4662,82,1,0,0
4663,292,1,0,0
4664,10,1,0,0
4665,81,1,0,0
4666,138,1,0,0
4667,53,1,0,0
4668,87,1,0,0
4669,95,1,0,0
4670,32,1,0,0
4671,86,1,0,0
4672,28,1,0,0
4673,164,1,0,0
4674,34,1,0,0
4675,68,1,0,0
4676,68,1,0,0
4677,80,1,0,0
4678,16,1,0,0
4679,175,1,0,0
4680,44,1,0,0
4681,19,1,0,0
4682,19,1,0,0
4683,51,1,0,0
4684,27,1,0,0
4685,58,1,0,0
4686,98,1,0,0
4687,69,1,0,0
4688,68,1,0,0
4689,26,1,0,0
4690,95,1,0,0
4691,123,1,0,0
4692,141,1,0,0
4693,46,1,0,0
4694,164,1,0,0
4695,10,1,0,0
4696,65,1,0,0
4697,50,1,0,0
4698,89,1,0,0
4699,31,1,0,0
4700,33,1,0,0
4701,9,1,0,0
4702,121,1,0,0
4703,21,1,0,0
4704,36,1,0,0
4705,13,1,0,0
4706,224,1,0,0
4707,55,1,0,0
4708,64,1,0,0
4709,57,1,0,0
4710,54,1,0,0
4711,99,1,0,0
4712,124,1,0,0
4713,53,1,0,0
4714,61,1,0,0
4715,91,1,0,0
4716,33,1,0,0
4717,90,1,0,0
4718,206,1,0,0
4719,22,1,0,0
4720,67,1,0,0
4721,51,1,0,0
4722,48,1,0,0
4723,121,1,0,0
4724,77,1,0,0
4725,27,1,0,0
4726,100,1,0,0
4727,30,1,0,0
4728,7,1,0,0
4729,45,1,0,0
4730,53,1,0,0
4731,39,1,0,0
4732,110,1,0,0
4733,84,1,0,0
4734,133,1,0,0
4735,18,1,0,0
4736,39,1,0,0
4737,44,1,0,0
4738,81,1,0,0
4739,63,1,0,0
4740,34,1,0,0
4741,54,1,0,0
4742,9,1,0,0
4743,22,1,0,0
4744,38,1,0,0
4745,46,1,0,0
4746,64,1,0,0
4747,102,1,0,0
4748,25,1,0,0
4749,44,1,0,0
4750,48,1,0,0
4751,70,1,0,0
4752,198,1,0,0
4753,75,1,0,0
4754,62,1,0,0
4755,31,1,0,0
4756,121,1,0,0
4757,36,1,0,0
4758,44,1,0,0
4759,105,1,0,0
4760,48,1,0,0
4761,57,1,0,0
4762,18,1,0,0
4763,122,1,0,0
4764,41,1,0,0
4765,116,1,0,0
4766,7,1,0,0
4767,55,1,0,0
4768,23,1,0,0
4769,105,1,0,0
4770,41,1,0,0
4771,30,1,0,0
4772,68,1,0,0
4773,92,1,0,0
4774,62,1,0,0
4775,39,1,0,0
4776,33,1,0,0
4777,20,1,0,0
4778,21,1,0,0
4779,107,1,0,0
4780,15,1,0,0
4781,88,1,0,0
4782,168,1,0,0
4783,29,1,0,0
4784,170,1,0,0
4785,25,1,0,0
4786,158,1,0,0
4787,149,1,0,0
4788,14,1,0,0
4789,30,1,0,0
4790,106,1,0,0
4791,42,1,0,0
4792,43,1,0,0
4793,44,1,0,0
4794,171,1,0,0
4795,19,1,0,0
4796,98,1,0,0
4797,128,1,0,0
4798,57,1,0,0
4799,41,1,0,0
4800,126,1,0,0
4801,81,1,0,0
4802,52,1,0,0
4803,18,1,0,0
4804,143,1,0,0
4805,57,1,0,0
4806,35,1,0,0
4807,44,1,0,0
4808,91,1,0,0
4809,107,1,0,0
4810,139,1,0,0
4811,29,1,0,0
4812,151,1,0,0
4813,55,1,0,0
4814,56,1,0,0
4815,220,1,0,0
4816,106,1,0,0
4817,71,1,0,0
4818,25,1,0,0
4819,126,1,0,0
4820,17,1,0,0
4821,36,1,0,0
4822,50,1,0,0
4823,31,1,0,0
4824,121,1,0,0
4825,12,1,0,0
4826,25,1,0,0
4827,67,1,0,0
4828,176,1,0,0
4829,212,1,0,0
4830,94,1,0,0
4831,100,1,0,0
4832,50,1,0,0
4833,31,1,0,0
4834,46,1,0,0
4835,41,1,0,0
4836,129,1,0,0
4837,80,1,0,0
4838,40,1,0,0
4839,41,1,0,0
4840,103,1,0,0
4841,89,1,0,0
4842,33,1,0,0
4843,27,1,0,0
4844,110,1,0,0
4845,22,1,0,0
4846,16,1,0,0
4847,51,1,0,0
4848,69,1,0,0
4849,17,1,0,0
4850,35,1,0,0
4851,33,1,0,0
4852,63,1,0,0
4853,38,1,0,0
4854,43,1,0,0
4855,120,1,0,0
4856,88,1,0,0
4857,32,1,0,0
4858,67,1,0,0
4859,30,1,0,0
4860,100,1,0,0
4861,59,1,0,0
4862,49,1,0,0
4863,25,1,0,0
4864,79,1,0,0
4865,58,1,0,0
4866,25,1,0,0
4867,60,1,0,0
4868,21,1,0,0
4869,78,1,0,0
4870,36,1,0,0
4871,18,1,0,0
4872,166,1,0,0
4873,35,1,0,0
4874,54,1,0,0
4875,51,1,0,0
4876,98,1,0,0
4877,63,1,0,0
4878,13,1,0,0
4879,158,1,0,0
4880,169,1,0,0
4881,81,1,0,0
4882,94,1,0,0
4883,65,1,0,0
4884,43,1,0,0
4885,68,1,0,0
4886,26,1,0,0
4887,26,1,0,0
4888,313,1,0,0
4889,187,1,0,0
4890,212,1,0,0
4891,22,1,0,0
4892,55,1,0,0
4893,32,1,0,0
4894,34,1,0,0
4895,147,1,0,0
4896,44,1,0,0
4897,297,1,0,0
4898,62,1,0,0
4899,10,1,0,0
4900,118,1,0,0
4901,62,1,0,0
4902,32,1,0,0
4903,84,1,0,0
4904,51,1,0,0
4905,59,1,0,0
4906,13,1,0,0
4907,43,1,0,0
4908,171,1,0,0
4909,26,1,0,0
4910,194,1,0,0
4911,11,1,0,0
4912,86,1,0,0
4913,73,1,0,0
4914,47,1,0,0
4915,58,1,0,0
4916,122,1,0,0
4917,31,1,0,0
4918,93,1,0,0
4919,57,1,0,0
4920,138,1,0,0
4921,24,1,0,0
4922,175,1,0,0
4923,48,1,0,0
4924,65,1,0,0
4925,35,1,0,0
4926,75,1,0,0
4927,92,1,0,0
4928,48,1,0,0
4929,101,1,0,0
4930,28,1,0,0
4931,42,1,0,0
4932,78,1,0,0
4933,87,1,0,0
4934,134,1,0,0
4935,75,1,0,0
4936,54,1,0,0
4937,42,1,0,0
4938,98,1,0,0
4939,172,1,0,0
4940,115,1,0,0
4941,48,1,0,0
4942,46,1,0,0
4943,37,1,0,0
4944,179,1,0,0
4945,31,1,0,0
4946,51,1,0,0
4947,98,1,0,0
4948,69,1,0,0
4949,54,1,0,0
4950,44,1,0,0
4951,233,1,0,0
4952,14,1,0,0
4953,82,1,0,0
4954,51,1,0,0
4955,154,1,0,0
4956,96,1,0,0
4957,35,1,0,0
4958,70,1,0,0
4959,22,1,0,0
4960,52,1,0,0
4961,117,1,0,0
4962,75,1,0,0
4963,153,1,0,0
4964,95,1,0,0
4965,93,1,0,0
4966,94,1,0,0
4967,175,1,0,0
4968,26,1,0,0
4969,69,1,0,0
4970,11,1,0,0
4971,66,1,0,0
4972,73,1,0,0
4973,30,1,0,0
4974,57,1,0,0
4975,71,1,0,0
4976,122,1,0,0
4977,12,1,0,0
4978,44,1,0,0
4979,52,1,0,0
4980,19,1,0,0
4981,17,1,0,0
4982,255,1,0,0
4983,49,1,0,0
4984,62,1,0,0
4985,111,1,0,0
4986,17,1,0,0
4987,38,1,0,0
4988,132,1,0,0
4989,42,1,0,0
4990,54,1,0,0
4991,63,1,0,0
4992,134,1,0,0
4993,66,1,0,0
4994,77,1,0,0
4995,115,1,0,0
4996,87,1,0,0
4997,95,1,0,0
4998,84,1,0,0
4999,200,1,0,0
5000,49,1,0,0
5001,73,1,0,0
5002,170,1,0,0
5003,75,1,0,0
5004,46,1,0,0
5005,22,1,0,0
5006,158,1,0,0
5007,75,1,0,0
5008,51,1,0,0
5009,43,1,0,0
5010,49,1,0,0
5011,186,1,0,0
5012,68,1,0,0
5013,44,1,0,0
5014,68,1,0,0
5015,33,1,0,0
5016,34,1,0,0
5017,42,1,0,0
5018,117,1,0,0
5019,29,1,0,0
5020,54,1,0,0
5021,74,1,0,0
5022,109,1,0,0
5023,60,1,0,0
5024,79,1,0,0
5025,21,1,0,0
5026,44,1,0,0
5027,20,1,0,0
5028,107,1,0,0
5029,12,1,0,0
5030,13,1,0,0
5031,41,1,0,0
5032,85,1,0,0
5033,127,1,0,0
5034,139,1,0,0
5035,22,1,0,0
5036,101,1,0,0
5037,44,1,0,0
5038,15,1,0,0
5039,86,1,0,0
5040,179,1,0,0
5041,60,1,0,0
5042,32,1,0,0
5043,26,1,0,0
5044,28,1,0,0
5045,34,1,0,0
5046,62,1,0,0
5047,134,1,0,0
5048,7,1,0,0
5049,65,1,0,0
5050,83,1,0,0
5051,79,1,0,0
5052,246,1,0,0
5053,51,1,0,0
5054,51,1,0,0
5055,9,1,0,0
5056,8,1,0,0
5057,11,1,0,0
5058,59,1,0,0
5059,94,1,0,0
5060,71,1,0,0
5061,178,1,0,0
5062,19,1,0,0
5063,16,1,0,0
5064,39,1,0,0
5065,78,1,0,0
5066,11,1,0,0
5067,94,1,0,0
5068,74,1,0,0
5069,46,1,0,0
5070,38,1,0,0
5071,72,1,0,0
5072,65,1,0,0
5073,70,1,0,0
5074,214,1,0,0
5075,61,1,0,0
5076,78,1,0,0
5077,133,1,0,0
5078,23,1,0,0
5079,21,1,0,0
5080,90,1,0,0
5081,213,1,0,0
5082,24,1,0,0
5083,118,1,0,0
5084,27,1,0,0
5085,246,1,0,0
5086,150,1,0,0
5087,79,1,0,0
5088,84,1,0,0
5089,36,1,0,0
5090,290,1,0,0
5091,78,1,0,0
5092,150,1,0,0
5093,116,1,0,0
5094,44,1,0,0
5095,195,1,0,0
5096,87,1,0,0
5097,80,1,0,0
5098,98,1,0,0
5099,46,1,0,0
5100,139,1,0,0
5101,62,1,0,0
5102,39,1,0,0
5103,26,1,0,0
5104,29,1,0,0
5105,66,1,0,0
5106,35,1,0,0
5107,73,1,0,0
5108,38,1,0,0
5109,97,1,0,0
5110,11,1,0,0
5111,97,1,0,0
5112,75,1,0,0
5113,66,1,0,0
5114,30,1,0,0
5115,141,1,0,0
5116,204,1,0,0
5117,142,1,0,0
5118,70,1,0,0
5119,51,1,0,0
5120,59,1,0,0
5121,68,1,0,0
5122,71,1,0,0
5123,40,1,0,0
5124,71,1,0,0
5125,75,1,0,0
5126,97,1,0,0
5127,25,1,0,0
5128,200,1,0,0
5129,9,1,0,0
5130,18,1,0,0
5131,94,1,0,0
5132,90,1,0,0
5133,60,1,0,0
5134,88,1,0,0
5135,101,1,0,0
5136,146,1,0,0
5137,104,1,0,0
5138,34,1,0,0
5139,52,1,0,0
5140,58,1,0,0
5141,47,1,0,0
5142,8,1,0,0
5143,44,1,0,0
5144,51,1,0,0
5145,78,1,0,0
5146,65,1,0,0
5147,42,1,0,0
5148,25,1,0,0
5149,121,1,0,0
5150,34,1,0,0
5151,163,1,0,0
5152,96,1,0,0
5153,147,1,0,0
5154,77,1,0,0
5155,20,1,0,0
5156,112,1,0,0
5157,102,1,0,0
5158,107,1,0,0
5159,16,1,0,0
5160,24,1,0,0
5161,108,1,0,0
5162,96,1,0,0
5163,40,1,0,0
5164,98,1,0,0
5165,97,1,0,0
5166,45,1,0,0
5167,49,1,0,0
5168,66,1,0,0
5169,19,1,0,0
5170,11,1,0,0
5171,29,1,0,0
5172,66,1,0,0
5173,64,1,0,0
5174,83,1,0,0
5175,19,1,0,0
5176,194,1,0,0
5177,88,1,0,0
5178,93,1,0,0
5179,24,1,0,0
5180,7,1,0,0
5181,66,1,0,0
5182,62,1,0,0
5183,32,1,0,0
5184,120,1,0,0
5185,48,1,0,0
5186,136,1,0,0
5187,43,1,0,0
5188,86,1,0,0
5189,26,1,0,0
5190,20,1,0,0
5191,38,1,0,0
5192,112,1,0,0
5193,21,1,0,0
5194,15,1,0,0
5195,49,1,0,0
5196,41,1,0,0
5197,120,1,0,0
5198,21,1,0,0
5199,114,1,0,0
5200,132,1,0,0
5201,35,1,0,0
5202,107,1,0,0
5203,49,1,0,0
5204,44,1,0,0
5205,35,1,0,0
5206,146,1,0,0
5207,82,1,0,0
5208,33,1,0,0
5209,193,1,0,0
5210,68,1,0,0
5211,154,1,0,0
5212,60,1,0,0
5213,357,1,0,0
5214,70,1,0,0
5215,36,1,0,0
5216,27,1,0,0
5217,45,1,0,0
5218,24,1,0,0
5219,98,1,0,0
5220,19,1,0,0
5221,67,1,0,0
5222,119,1,0,0
5223,21,1,0,0
5224,152,1,0,0
5225,69,1,0,0
5226,31,1,0,0
5227,52,1,0,0
5228,98,1,0,0
5229,33,1,0,0
5230,48,1,0,0
5231,39,1,0,0
5232,29,1,0,0
5233,72,1,0,0
5234,124,1,0,0
5235,15,1,0,0
5236,40,1,0,0
5237,21,1,0,0
5238,102,1,0,0
5239,179,1,0,0
5240,113,1,0,0
5241,22,1,0,0
5242,102,1,0,0
5243,30,1,0,0
5244,61,1,0,0
5245,19,1,0,0
5246,72,1,0,0
5247,27,1,0,0
5248,57,1,0,0
5249,82,1,0,0
5250,23,1,0,0
5251,14,1,0,0
5252,33,1,0,0
5253,56,1,0,0
5254,97,1,0,0
5255,45,1,0,0
5256,41,1,0,0
5257,52,1,0,0
5258,173,1,0,0
5259,215,1,0,0
5260,35,1,0,0
5261,61,1,0,0
5262,105,1,0,0
5263,85,1,0,0
5264,264,1,0,0
5265,55,1,0,0
5266,79,1,0,0
5267,106,1,0,0
5268,130,1,0,0
5269,54,1,0,0
5270,64,1,0,0
5271,43,1,0,0
5272,74,1,0,0
5273,48,1,0,0
5274,69,1,0,0
5275,28,1,0,0
5276,38,1,0,0
5277,123,1,0,0
5278,42,1,0,0
5279,18,1,0,0
5280,45,1,0,0
5281,57,1,0,0
5282,104,1,0,0
5283,41,1,0,0
5284,27,1,0,0
5285,66,1,0,0
5286,25,1,0,0
5287,55,1,0,0
5288,51,1,0,0
5289,64,1,0,0
5290,104,1,0,0
5291,121,1,0,0
5292,10,1,0,0
5293,54,1,0,0
5294,58,1,0,0
5295,47,1,0,0
5296,24,1,0,0
5297,39,1,0,0
5298,46,1,0,0
5299,33,1,0,0
5300,22,1,0,0
5301,68,1,0,0
5302,58,1,0,0
5303,13,1,0,0
5304,26,1,0,0
5305,173,1,0,0
5306,8,1,0,0
5307,13,1,0,0
5308,130,1,0,0
5309,31,1,0,0
5310,72,1,0,0
5311,30,1,0,0
5312,73,1,0,0
5313,11,1,0,0
5314,80,1,0,0
5315,34,1,0,0
5316,41,1,0,0
5317,38,1,0,0
5318,96,1,0,0
5319,16,1,0,0
5320,26,1,0,0
5321,58,1,0,0
5322,68,1,0,0
5323,126,1,0,0
5324,36,1,0,0
5325,65,1,0,0
5326,27,1,0,0
5327,51,1,0,0
5328,111,1,0,0
5329,41,1,0,0
5330,168,1,0,0
5331,47,1,0,0
5332,11,1,0,0
5333,110,1,0,0
5334,96,1,0,0
5335,22,1,0,0
5336,195,1,0,0
5337,40,1,0,0
5338,84,1,0,0
5339,32,1,0,0
5340,151,1,0,0
5341,107,1,0,0
5342,72,1,0,0
5343,149,1,0,0
5344,76,1,0,0
5345,69,1,0,0
5346,82,1,0,0
5347,35,1,0,0
5348,75,1,0,0
5349,42,1,0,0
5350,97,1,0,0
5351,22,1,0,0
5352,24,1,0,0
5353,25,1,0,0
5354,51,1,0,0
5355,69,1,0,0
5356,106,1,0,0
5357,75,1,0,0
5358,67,1,0,0
5359,36,1,0,0
5360,63,1,0,0
5361,56,1,0,0
5362,114,1,0,0
5363,56,1,0,0
5364,67,1,0,0
5365,325,1,0,0
5366,81,1,0,0
5367,45,1,0,0
5368,55,1,0,0
5369,88,1,0,0
5370,59,1,0,0
5371,94,1,0,0
5372,77,1,0,0
5373,168,1,0,0
5374,58,1,0,0
5375,29,1,0,0
5376,147,1,0,0
5377,23,1,0,0
5378,184,1,0,0
5379,35,1,0,0
5380,114,1,0,0
5381,44,1,0,0
5382,30,1,0,0
5383,33,1,0,0
5384,30,1,0,0
5385,52,1,0,0
5386,94,1,0,0
5387,16,1,0,0
5388,120,1,0,0
5389,66,1,0,0
5390,56,1,0,0
5391,136,1,0,0
5392,153,1,0,0
5393,24,1,0,0
5394,39,1,0,0
5395,17,1,0,0
5396,209,1,0,0
5397,135,1,0,0
5398,88,1,0,0
5399,85,1,0,0
5400,189,1,0,0
5401,59,1,0,0
5402,218,1,0,0
5403,41,1,0,0
5404,52,1,0,0
5405,269,1,0,0
5406,165,1,0,0
5407,30,1,0,0
5408,79,1,0,0
5409,18,1,0,0
5410,19,1,0,0
5411,15,1,0,0
5412,48,1,0,0
5413,69,1,0,0
5414,67,1,0,0
5415,34,1,0,0
5416,146,1,0,0
5417,47,1,0,0
5418,58,1,0,0
5419,52,1,0,0
5420,104,1,0,0
5421,66,1,0,0
5422,9,1,0,0
5423,66,1,0,0
5424,72,1,0,0
5425,115,1,0,0
5426,110,1,0,0
5427,36,1,0,0
5428,32,1,0,0
5429,27,1,0,0
5430,39,1,0,0
5431,67,1,0,0
5432,200,1,0,0
5433,110,1,0,0
5434,116,1,0,0
5435,65,1,0,0
5436,122,1,0,0
5437,92,1,0,0
5438,59,1,0,0
5439,261,1,0,0
5440,182,1,0,0
5441,25,1,0,0
5442,46,1,0,0
5443,45,1,0,0
5444,131,1,0,0
5445,151,1,0,0
5446,13,1,0,0
5447,33,1,0,0
5448,282,1,0,0
5449,33,1,0,0
5450,75,1,0,0
5451,40,1,0,0
5452,59,1,0,0
5453,42,1,0,0
5454,36,1,0,0
5455,60,1,0,0
5456,71,1,0,0
5457,127,1,0,0
5458,11,1,0,0
5459,67,1,0,0
5460,21,1,0,0
5461,48,1,0,0
5462,29,1,0,0
5463,34,1,0,0
5464,43,1,0,0
5465,121,1,0,0
5466,124,1,0,0
5467,89,1,0,0
5468,141,1,0,0
5469,118,1,0,0
5470,15,1,0,0
5471,63,1,0,0
5472,24,1,0,0
5473,69,1,0,0
5474,18,1,0,0
5475,90,1,0,0
5476,277,1,0,0
5477,37,1,0,0
5478,33,1,0,0
5479,194,1,0,0
5480,31,1,0,0
5481,38,1,0,0
5482,36,1,0,0
5483,69,1,0,0
5484,12,1,0,0
5485,13,1,0,0
5486,67,1,0,0
5487,84,1,0,0
5488,43,1,0,0
5489,106,1,0,0
5490,115,1,0,0
5491,25,1,0,0
5492,156,1,0,0
5493,177,1,0,0
5494,91,1,0,0
5495,31,1,0,0
5496,8,1,0,0
5497,39,1,0,0
5498,94,1,0,0
5499,43,1,0,0
5500,109,1,0,0
5501,48,1,0,0
5502,153,1,0,0
5503,44,1,0,0
5504,175,1,0,0
5505,29,1,0,0
5506,63,1,0,0
5507,77,1,0,0
5508,82,1,0,0
5509,94,1,0,0
5510,51,1,0,0
5511,129,1,0,0
5512,68,1,0,0
5513,95,1,0,0
5514,140,1,0,0
5515,62,1,0,0
5516,105,1,0,0
5517,14,1,0,0
5518,57,1,0,0
5519,56,1,0,0
5520,52,1,0,0
5521,65,1,0,0
5522,28,1,0,0
5523,154,1,0,0
5524,26,1,0,0
5525,40,1,0,0
5526,66,1,0,0
5527,37,1,0,0
5528,40,1,0,0
5529,47,1,0,0
5530,34,1,0,0
5531,57,1,0,0
5532,47,1,0,0
5533,62,1,0,0
5534,35,1,0,0
5535,70,1,0,0
5536,71,1,0,0
5537,27,1,0,0
5538,85,1,0,0
5539,103,1,0,0
5540,59,1,0,0
5541,53,1,0,0
5542,59,1,0,0
5543,29,1,0,0
5544,119,1,0,0
5545,112,1,0,0
5546,105,1,0,0
5547,94,1,0,0
5548,48,1,0,0
5549,52,1,0,0
5550,113,1,0,0
5551,48,1,0,0
5552,141,1,0,0
5553,38,1,0,0
5554,35,1,0,0
5555,125,1,0,0
5556,119,1,0,0
5557,52,1,0,0
5558,72,1,0,0
5559,46,1,0,0
5560,56,1,0,0
5561,74,1,0,0
5562,27,1,0,0
5563,46,1,0,0
5564,48,1,0,0
5565,14,1,0,0
5566,22,1,0,0
5567,23,1,0,0
5568,110,1,0,0
5569,78,1,0,0
5570,90,1,0,0
5571,86,1,0,0
5572,67,1,0,0
5573,96,1,0,0
5574,219,1,0,0
5575,114,1,0,0
5576,50,1,0,0
5577,211,1,0,0
5578,35,1,0,0
5579,214,1,0,0
5580,107,1,0,0
5581,127,1,0,0
5582,38,1,0,0
5583,123,1,0,0
5584,34,1,0,0
5585,49,1,0,0
5586,12,1,0,0
5587,152,1,0,0
5588,12,1,0,0
5589,87,1,0,0
5590,176,1,0,0
5591,37,1,0,0
5592,62,1,0,0
5593,64,1,0,0
5594,183,1,0,0
5595,39,1,0,0
5596,21,1,0,0
5597,18,1,0,0
5598,36,1,0,0
5599,50,1,0,0
5600,95,1,0,0
5601,79,1,0,0
5602,67,1,0,0
5603,46,1,0,0
5604,22,1,0,0
5605,39,1,0,0
5606,56,1,0,0
5607,151,1,0,0
5608,27,1,0,0
5609,38,1,0,0
5610,96,1,0,0
5611,35,1,0,0
5612,26,1,0,0
5613,76,1,0,0
5614,15,1,0,0
5615,112,1,0,0
5616,130,1,0,0
5617,16,1,0,0
5618,17,1,0,0
5619,40,1,0,0
5620,117,1,0,0
5621,48,1,0,0
5622,47,1,0,0
5623,153,1,0,0
5624,26,1,0,0
5625,84,1,0,0
5626,110,1,0,0
5627,69,1,0,0
5628,29,1,0,0
5629,117,1,0,0
5630,70,1,0,0
5631,45,1,0,0
5632,170,1,0,0
5633,39,1,0,0
5634,239,1,0,0
5635,79,1,0,0
5636,164,1,0,0
5637,12,1,0,0
5638,128,1,0,0
5639,67,1,0,0
5640,139,1,0,0
5641,71,1,0,0
5642,83,1,0,0
5643,112,1,0,0
5644,293,1,0,0
5645,64,1,0,0
5646,16,1,0,0
5647,64,1,0,0
5648,55,1,0,0
5649,61,1,0,0
5650,61,1,0,0
5651,65,1,0,0
5652,124,1,0,0
5653,87,1,0,0
5654,97,1,0,0
5655,109,1,0,0
5656,133,1,0,0
5657,82,1,0,0
5658,42,1,0,0
5659,49,1,0,0
5660,45,1,0,0
5661,41,1,0,0
5662,98,1,0,0
5663,225,1,0,0
5664,134,1,0,0
5665,55,1,0,0
5666,51,1,0,0
5667,16,1,0,0
5668,83,1,0,0
5669,110,1,0,0
5670,227,1,0,0
5671,41,1,0,0
5672,74,1,0,0
5673,65,1,0,0
5674,16,1,0,0
5675,41,1,0,0
5676,111,1,0,0
5677,52,1,0,0
5678,32,1,0,0
5679,27,1,0,0
5680,58,1,0,0
5681,112,1,0,0
5682,147,1,0,0
5683,41,1,0,0
5684,212,1,0,0
5685,55,1,0,0
5686,15,1,0,0
5687,129,1,0,0
5688,30,1,0,0
5689,20,1,0,0
5690,23,1,0,0
5691,69,1,0,0
5692,84,1,0,0
5693,85,1,0,0
5694,105,1,0,0
5695,31,1,0,0
5696,80,1,0,0
5697,21,1,0,0
5698,53,1,0,0
5699,45,1,0,0
5700,30,1,0,0
5701,38,1,0,0
5702,115,1,0,0
5703,13,1,0,0
5704,134,1,0,0
5705,86,1,0,0
5706,83,1,0,0
5707,25,1,0,0
5708,31,1,0,0
5709,86,1,0,0
5710,13,1,0,0
5711,41,1,0,0
5712,145,1,0,0
5713,119,1,0,0
5714,76,1,0,0
5715,25,1,0,0
5716,53,1,0,0
5717,129,1,0,0
5718,13,1,0,0
5719,28,1,0,0
5720,48,1,0,0
5721,104,1,0,0
5722,141,1,0,0
5723,165,1,0,0
5724,57,1,0,0
5725,49,1,0,0
5726,131,1,0,0
5727,57,1,0,0
5728,105,1,0,0
5729,24,1,0,0
5730,67,1,0,0
5731,45,1,0,0
5732,95,1,0,0
5733,16,1,0,0
5734,64,1,0,0
5735,76,1,0,0
5736,14,1,0,0
5737,93,1,0,0
5738,124,1,0,0
5739,23,1,0,0
5740,60,1,0,0
5741,87,1,0,0
5742,39,1,0,0
5743,75,1,0,0
5744,30,1,0,0
5745,23,1,0,0
5746,59,1,0,0
5747,27,1,0,0
5748,30,1,0,0
5749,32,1,0,0
5750,66,1,0,0
5751,93,1,0,0
5752,19,1,0,0
5753,44,1,0,0
5754,41,1,0,0
5755,23,1,0,0
5756,73,1,0,0
5757,35,1,0,0
5758,206,1,0,0
5759,15,1,0,0
5760,76,1,0,0
5761,19,1,0,0
5762,50,1,0,0
5763,21,1,0,0
5764,26,1,0,0
5765,53,1,0,0
5766,66,1,0,0
5767,64,1,0,0
5768,53,1,0,0
5769,31,1,0,0
5770,190,1,0,0
5771,9,1,0,0
5772,61,1,0,0
5773,52,1,0,0
5774,31,1,0,0
5775,74,1,0,0
5776,163,1,0,0
5777,59,1,0,0
5778,36,1,0,0
5779,56,1,0,0
5780,88,1,0,0
5781,116,1,0,0
5782,12,1,0,0
5783,45,1,0,0
5784,100,1,0,0
5785,63,1,0,0
5786,13,1,0,0
5787,40,1,0,0
5788,42,1,0,0
5789,108,1,0,0
5790,66,1,0,0
5791,49,1,0,0
5792,96,1,0,0
5793,100,1,0,0
5794,116,1,0,0
5795,19,1,0,0
5796,201,1,0,0
5797,84,1,0,0
5798,129,1,0,0
5799,30,1,0,0
5800,103,1,0,0
5801,110,1,0,0
5802,123,1,0,0
5803,57,1,0,0
5804,31,1,0,0
5805,66,1,0,0
5806,54,1,0,0
5807,51,1,0,0
5808,163,1,0,0
5809,18,1,0,0
5810,39,1,0,0
5811,60,1,0,0
5812,40,1,0,0
5813,11,1,0,0
5814,61,1,0,0
5815,37,1,0,0
5816,42,1,0,0
5817,59,1,0,0
5818,29,1,0,0
5819,61,1,0,0
5820,87,1,0,0
5821,104,1,0,0
5822,41,1,0,0
5823,86,1,0,0
5824,24,1,0,0
5825,19,1,0,0
5826,36,1,0,0
5827,28,1,0,0
5828,11,1,0,0
5829,55,1,0,0
5830,24,1,0,0
5831,160,1,0,0
5832,49,1,0,0
5833,100,1,0,0
5834,57,1,0,0
5835,162,1,0,0
5836,78,1,0,0
5837,10,1,0,0
5838,16,1,0,0
5839,30,1,0,0
5840,39,1,0,0
5841,36,1,0,0
5842,17,1,0,0
5843,59,1,0,0
5844,37,1,0,0
5845,93,1,0,0
5846,122,1,0,0
5847,158,1,0,0
5848,277,1,0,0
5849,26,1,0,0
5850,63,1,0,0
5851,66,1,0,0
5852,9,1,0,0
5853,99,1,0,0
5854,145,1,0,0
5855,44,1,0,0
5856,35,1,0,0
5857,41,1,0,0
5858,88,1,0,0
5859,37,1,0,0
5860,17,1,0,0
5861,77,1,0,0
5862,11,1,0,0
5863,84,1,0,0
5864,148,1,0,0
5865,105,1,0,0
5866,47,1,0,0
5867,14,1,0,0
5868,17,1,0,0
5869,91,1,0,0
5870,106,1,0,0
5871,71,1,0,0
5872,52,1,0,0
5873,84,1,0,0
5874,63,1,0,0
5875,92,1,0,0
5876,7,1,0,0
5877,190,1,0,0
5878,138,1,0,0
5879,119,1,0,0
5880,28,1,0,0
5881,20,1,0,0
5882,74,1,0,0
5883,52,1,0,0
5884,99,1,0,0
5885,40,1,0,0
5886,226,1,0,0
5887,26,1,0,0
5888,23,1,0,0
5889,232,1,0,0
5890,63,1,0,0
5891,92,1,0,0
5892,65,1,0,0
5893,89,1,0,0
5894,62,1,0,0
5895,174,1,0,0
5896,80,1,0,0
5897,11,1,0,0
5898,94,1,0,0
5899,14,1,0,0
5900,17,1,0,0
5901,39,1,0,0
5902,76,1,0,0
5903,160,1,0,0
5904,145,1,0,0
5905,31,1,0,0
5906,101,1,0,0
5907,63,1,0,0
5908,49,1,0,0
5909,30,1,0,0
5910,62,1,0,0
5911,74,1,0,0
5912,22,1,0,0
5913,49,1,0,0
5914,32,1,0,0
5915,68,1,0,0
5916,100,1,0,0
5917,217,1,0,0
5918,21,1,0,0
5919,111,1,0,0
5920,111,1,0,0
5921,49,1,0,0
5922,109,1,0,0
5923,119,1,0,0
5924,97,1,0,0
5925,63,1,0,0
5926,76,1,0,0
5927,29,1,0,0
5928,122,1,0,0
5929,42,1,0,0
5930,41,1,0,0
5931,52,1,0,0
5932,56,1,0,0
5933,9,1,0,0
5934,90,1,0,0
5935,106,1,0,0
5936,39,1,0,0
5937,40,1,0,0
5938,49,1,0,0
5939,37,1,0,0
5940,45,1,0,0
5941,109,1,0,0
5942,96,1,0,0
5943,50,1,0,0
5944,135,1,0,0
5945,95,1,0,0
5946,30,1,0,0
5947,25,1,0,0
5948,51,1,0,0
5949,15,1,0,0
5950,41,1,0,0
5951,123,1,0,0
5952,71,1,0,0
5953,82,1,0,0
5954,24,1,0,0
5955,128,1,0,0
5956,59,1,0,0
5957,28,1,0,0
5958,220,1,0,0
5959,16,1,0,0
5960,82,1,0,0
5961,157,1,0,0
5962,57,1,0,0
5963,26,1,0,0
5964,39,1,0,0
5965,42,1,0,0
5966,18,1,0,0
5967,21,1,0,0
5968,92,1,0,0
5969,71,1,0,0
5970,85,1,0,0
5971,30,1,0,0
5972,40,1,0,0
5973,58,1,0,0
5974,34,1,0,0
5975,58,1,0,0
5976,16,1,0,0
5977,9,1,0,0
5978,69,1,0,0
5979,76,1,0,0
5980,99,1,0,0
5981,51,1,0,0
5982,42,1,0,0
5983,129,1,0,0
5984,73,1,0,0
5985,20,1,0,0
5986,179,1,0,0
5987,45,1,0,0
5988,49,1,0,0
5989,11,1,0,0
5990,160,1,0,0
5991,67,1,0,0
5992,192,1,0,0
5993,68,1,0,0
5994,73,1,0,0
5995,121,1,0,0
5996,66,1,0,0
5997,105,1,0,0
5998,10,1,0,0
5999,31,1,0,0
6000,87,1,0,0
6001,66,1,0,0
6002,40,1,0,0
6003,23,1,0,0
6004,79,1,0,0
6005,173,1,0,0
6006,24,1,0,0
6007,45,1,0,0
6008,40,1,0,0
6009,191,1,0,0
6010,52,1,0,0
6011,41,1,0,0
6012,105,1,0,0
6013,13,1,0,0
6014,45,1,0,0
6015,42,1,0,0
6016,73,1,0,0
6017,45,1,0,0
6018,118,1,0,0
6019,60,1,0,0
6020,31,1,0,0
6021,41,1,0,0
6022,15,1,0,0
6023,114,1,0,0
6024,21,1,0,0
6025,127,1,0,0
6026,101,1,0,0
6027,53,1,0,0
6028,51,1,0,0
6029,124,1,0,0
6030,56,1,0,0
6031,43,1,0,0
6032,52,1,0,0
6033,22,1,0,0
6034,42,1,0,0
6035,90,1,0,0
6036,36,1,0,0
6037,97,1,0,0
6038,211,1,0,0
6039,80,1,0,0
6040,26,1,0,0
6041,26,1,0,0
6042,55,1,0,0
6043,92,1,0,0
6044,136,1,0,0
6045,96,1,0,0
6046,30,1,0,0
6047,32,1,0,0
6048,23,1,0,0
6049,219,1,0,0
6050,59,1,0,0
6051,7,1,0,0
6052,19,1,0,0
6053,55,1,0,0
6054,185,1,0,0
6055,35,1,0,0
6056,52,1,0,0
6057,102,1,0,0
6058,94,1,0,0
6059,20,1,0,0
6060,113,1,0,0
6061,219,1,0,0
6062,24,1,0,0
6063,96,1,0,0
6064,32,1,0,0
6065,50,1,0,0
6066,41,1,0,0
6067,46,1,0,0
6068,60,1,0,0
6069,29,1,0,0
6070,13,1,0,0
6071,63,1,0,0
6072,15,1,0,0
6073,105,1,0,0
6074,16,1,0,0
6075,35,1,0,0
6076,66,1,0,0
6077,41,1,0,0
6078,27,1,0,0
6079,99,1,0,0
6080,84,1,0,0
6081,60,1,0,0
6082,33,1,0,0
6083,32,1,0,0
6084,23,1,0,0
6085,30,1,0,0
6086,22,1,0,0
6087,37,1,0,0
6088,108,1,0,0
6089,73,1,0,0
6090,27,1,0,0
6091,233,1,0,0
6092,37,1,0,0
6093,68,1,0,0
6094,26,1,0,0
6095,98,1,0,0
6096,56,1,0,0
6097,88,1,0,0
6098,70,1,0,0
6099,57,1,0,0
6100,25,1,0,0
6101,37,1,0,0
6102,59,1,0,0
6103,42,1,0,0
6104,101,1,0,0
6105,66,1,0,0
6106,72,1,0,0
6107,77,1,0,0
6108,53,1,0,0
6109,46,1,0,0
6110,142,1,0,0
6111,38,1,0,0
6112,143,1,0,0
6113,93,1,0,0
6114,293,1,0,0
6115,100,1,0,0
6116,48,1,0,0
6117,37,1,0,0
6118,37,1,0,0
6119,97,1,0,0
6120,34,1,0,0
6121,121,1,0,0
6122,34,1,0,0
6123,53,1,0,0
6124,214,1,0,0
6125,51,1,0,0
6126,48,1,0,0
6127,29,1,0,0
6128,68,1,0,0
6129,90,1,0,0
6130,208,1,0,0
6131,60,1,0,0
6132,64,1,0,0
6133,94,1,0,0
6134,128,1,0,0
6135,30,1,0,0
6136,131,1,0,0
6137,35,1,0,0
6138,38,1,0,0
6139,152,1,0,0
6140,131,1,0,0
6141,30,1,0,0
6142,45,1,0,0
6143,67,1,0,0
6144,36,1,0,0
6145,18,1,0,0
6146,40,1,0,0
6147,219,1,0,0
6148,84,1,0,0
6149,54,1,0,0
6150,18,1,0,0
6151,17,1,0,0
6152,108,1,0,0
6153,16,1,0,0
6154,58,1,0,0
6155,114,1,0,0
6156,291,1,0,0
6157,161,1,0,0
6158,129,1,0,0
6159,41,1,0,0
6160,93,1,0,0
6161,107,1,0,0
6162,112,1,0,0
6163,87,1,0,0
6164,188,1,0,0
6165,64,1,0,0
6166,34,1,0,0
6167,37,1,0,0
6168,47,1,0,0
6169,90,1,0,0
6170,40,1,0,0
6171,95,1,0,0
6172,62,1,0,0
6173,116,1,0,0
6174,72,1,0,0
6175,83,1,0,0
6176,90,1,0,0
6177,11,1,0,0
6178,14,1,0,0
6179,69,1,0,0
6180,115,1,0,0
6181,15,1,0,0
6182,28,1,0,0
6183,61,1,0,0
6184,52,1,0,0
6185,34,1,0,0
6186,19,1,0,0
6187,169,1,0,0
6188,43,1,0,0
6189,20,1,0,0
6190,56,1,0,0
6191,44,1,0,0
6192,72,1,0,0
6193,60,1,0,0
6194,102,1,0,0
6195,36,1,0,0
6196,79,1,0,0
6197,25,1,0,0
6198,98,1,0,0
6199,63,1,0,0
6200,26,1,0,0
6201,25,1,0,0
6202,105,1,0,0
6203,50,1,0,0
6204,79,1,0,0
6205,49,1,0,0
6206,49,1,0,0
6207,141,1,0,0
6208,238,1,0,0
6209,61,1,0,0
6210,60,1,0,0
6211,18,1,0,0
6212,48,1,0,0
6213,54,1,0,0
6214,51,1,0,0
6215,62,1,0,0
6216,39,1,0,0
6217,151,1,0,0
6218,34,1,0,0
6219,124,1,0,0
6220,37,1,0,0
6221,51,1,0,0
6222,128,1,0,0
6223,35,1,0,0
6224,57,1,0,0
6225,82,1,0,0
6226,62,1,0,0
6227,39,1,0,0
6228,59,1,0,0
6229,109,1,0,0
6230,46,1,0,0
6231,50,1,0,0
6232,80,1,0,0
6233,35,1,0,0
6234,53,1,0,0
6235,69,1,0,0
6236,22,1,0,0
6237,105,1,0,0
6238,51,1,0,0
6239,16,1,0,0
6240,82,1,0,0
6241,93,1,0,0
6242,11,1,0,0
6243,20,1,0,0
6244,58,1,0,0
6245,19,1,0,0
6246,65,1,0,0
6247,52,1,0,0
6248,195,1,0,0
6249,31,1,0,0
6250,15,1,0,0
6251,47,1,0,0
6252,25,1,0,0
6253,48,1,0,0
6254,88,1,0,0
6255,77,1,0,0
6256,29,1,0,0
6257,36,1,0,0
6258,32,1,0,0
6259,91,1,0,0
6260,252,1,0,0
6261,48,1,0,0
6262,19,1,0,0
6263,22,1,0,0
6264,63,1,0,0
6265,46,1,0,0
6266,79,1,0,0
6267,90,1,0,0
6268,81,1,0,0
6269,20,1,0,0
6270,77,1,0,0
6271,49,1,0,0
6272,54,1,0,0
6273,165,1,0,0
6274,11,1,0,0
6275,78,1,0,0
6276,23,1,0,0
6277,47,1,0,0
6278,150,1,0,0
6279,37,1,0,0
6280,25,1,0,0
6281,45,1,0,0
6282,25,1,0,0
6283,37,1,0,0
6284,67,1,0,0
6285,32,1,0,0
6286,65,1,0,0
6287,65,1,0,0
6288,83,1,0,0
6289,33,1,0,0
6290,80,1,0,0
6291,54,1,0,0
6292,135,1,0,0
6293,57,1,0,0
6294,70,1,0,0
6295,57,1,0,0
6296,45,1,0,0
6297,32,1,0,0
6298,62,1,0,0
6299,164,1,0,0
6300,66,1,0,0
6301,63,1,0,0
6302,68,1,0,0
6303,64,1,0,0
6304,18,1,0,0
6305,9,1,0,0
6306,52,1,0,0
6307,34,1,0,0
6308,117,1,0,0
6309,22,1,0,0
6310,22,1,0,0
6311,13,1,0,0
6312,23,1,0,0
6313,90,1,0,0
6314,74,1,0,0
6315,184,1,0,0
6316,102,1,0,0
6317,59,1,0,0
6318,102,1,0,0
6319,13,1,0,0
6320,64,1,0,0
6321,22,1,0,0
6322,152,1,0,0
6323,32,1,0,0
6324,36,1,0,0
6325,94,1,0,0
6326,28,1,0,0
6327,35,1,0,0
6328,40,1,0,0
6329,93,1,0,0
6330,57,1,0,0
6331,19,1,0,0
6332,61,1,0,0
6333,98,1,0,0
6334,53,1,0,0
6335,44,1,0,0
6336,59,1,0,0
6337,46,1,0,0
6338,70,1,0,0
6339,39,1,0,0
6340,119,1,0,0
6341,16,1,0,0
6342,98,1,0,0
6343,31,1,0,0
6344,149,1,0,0
6345,21,1,0,0
6346,63,1,0,0
6347,72,1,0,0
6348,22,1,0,0
6349,53,1,0,0
6350,52,1,0,0
6351,123,1,0,0
6352,107,1,0,0
6353,32,1,0,0
6354,25,1,0,0
6355,123,1,0,0
6356,88,1,0,0
6357,68,1,0,0
6358,45,1,0,0
6359,73,1,0,0
6360,64,1,0,0
6361,18,1,0,0
6362,38,1,0,0
6363,71,1,0,0
6364,105,1,0,0
6365,40,1,0,0
6366,110,1,0,0
6367,111,1,0,0
6368,163,1,0,0
6369,17,1,0,0
6370,41,1,0,0
6371,155,1,0,0
6372,55,1,0,0
6373,105,1,0,0
6374,77,1,0,0
6375,59,1,0,0
6376,100,1,0,0
6377,193,1,0,0
6378,93,1,0,0
6379,71,1,0,0
6380,31,1,0,0
6381,25,1,0,0
6382,37,1,0,0
6383,74,1,0,0
6384,89,1,0,0
6385,81,1,0,0
6386,20,1,0,0
6387,40,1,0,0
6388,124,1,0,0
6389,43,1,0,0
6390,59,1,0,0
6391,116,1,0,0
6392,75,1,0,0
6393,33,1,0,0
6394,119,1,0,0
6395,70,1,0,0
6396,218,1,0,0
6397,84,1,0,0
6398,99,1,0,0
6399,41,1,0,0
6400,48,1,0,0
6401,112,1,0,0
6402,59,1,0,0
6403,50,1,0,0
6404,79,1,0,0
6405,32,1,0,0
6406,24,1,0,0
6407,84,1,0,0
6408,53,1,0,0
6409,91,1,0,0
6410,47,1,0,0
6411,106,1,0,0
6412,56,1,0,0
6413,71,1,0,0
6414,37,1,0,0
6415,51,1,0,0
6416,97,1,0,0
6417,89,1,0,0
6418,138,1,0,0
6419,91,1,0,0
6420,187,1,0,0
6421,57,1,0,0
6422,53,1,0,0
6423,79,1,0,0
6424,70,1,0,0
6425,37,1,0,0
6426,64,1,0,0
6427,178,1,0,0
6428,78,1,0,0
6429,53,1,0,0
6430,29,1,0,0
6431,7,1,0,0
6432,58,1,0,0
6433,55,1,0,0
6434,49,1,0,0
6435,11,1,0,0
6436,32,1,0,0
6437,13,1,0,0
6438,91,1,0,0
6439,58,1,0,0
6440,53,1,0,0
6441,13,1,0,0
6442,9,1,0,0
6443,87,1,0,0
6444,64,1,0,0
6445,106,1,0,0
6446,144,1,0,0
6447,111,1,0,0
6448,136,1,0,0
6449,30,1,0,0
6450,100,1,0,0
6451,93,1,0,0
6452,46,1,0,0
6453,71,1,0,0
6454,21,1,0,0
6455,79,1,0,0
6456,42,1,0,0
6457,25,1,0,0
6458,92,1,0,0
6459,50,1,0,0
6460,10,1,0,0
6461,38,1,0,0
6462,27,1,0,0
6463,74,1,0,0
6464,90,1,0,0
6465,65,1,0,0
6466,53,1,0,0
6467,32,1,0,0
6468,17,1,0,0
6469,60,1,0,0
6470,46,1,0,0
6471,16,1,0,0
6472,114,1,0,0
6473,99,1,0,0
6474,31,1,0,0
6475,41,1,0,0
6476,139,1,0,0
6477,170,1,0,0
6478,87,1,0,0
6479,224,1,0,0
6480,31,1,0,0
6481,18,1,0,0
6482,39,1,0,0
6483,76,1,0,0
6484,28,1,0,0
6485,65,1,0,0
6486,36,1,0,0
6487,158,1,0,0
6488,140,1,0,0
6489,84,1,0,0
6490,37,1,0,0
6491,49,1,0,0
6492,10,1,0,0
6493,52,1,0,0
6494,21,1,0,0
6495,28,1,0,0
6496,93,1,0,0
6497,94,1,0,0
6498,26,1,0,0
6499,87,1,0,0
6500,73,1,0,0
6501,69,1,0,0
6502,57,1,0,0
6503,91,1,0,0
6504,57,1,0,0
6505,178,1,0,0
6506,22,1,0,0
6507,39,1,0,0
6508,35,1,0,0
6509,21,1,0,0
6510,48,1,0,0
6511,36,1,0,0
6512,18,1,0,0
6513,24,1,0,0
6514,68,1,0,0
6515,253,1,0,0
6516,139,1,0,0
6517,111,1,0,0
6518,23,1,0,0
6519,56,1,0,0
6520,69,1,0,0
6521,55,1,0,0
6522,55,1,0,0
6523,28,1,0,0
6524,71,1,0,0
6525,53,1,0,0
6526,47,1,0,0
6527,38,1,0,0
6528,35,1,0,0
6529,40,1,0,0
6530,75,1,0,0
6531,22,1,0,0
6532,77,1,0,0
6533,130,1,0,0
6534,12,1,0,0
6535,99,1,0,0
6536,284,1,0,0
6537,122,1,0,0
6538,180,1,0,0
6539,98,1,0,0
6540,7,1,0,0
6541,54,1,0,0
6542,48,1,0,0
6543,90,1,0,0
6544,56,1,0,0
6545,27,1,0,0
6546,31,1,0,0
6547,92,1,0,0
6548,118,1,0,0
6549,34,1,0,0
6550,77,1,0,0
6551,15,1,0,0
6552,95,1,0,0
6553,77,1,0,0
6554,33,1,0,0
6555,108,1,0,0
6556,211,1,0,0
6557,115,1,0,0
6558,42,1,0,0
6559,66,1,0,0
6560,62,1,0,0
6561,29,1,0,0
6562,86,1,0,0
6563,96,1,0,0
6564,20,1,0,0
6565,85,1,0,0
6566,24,1,0,0
6567,88,1,0,0
6568,51,1,0,0
6569,63,1,0,0
6570,101,1,0,0
6571,52,1,0,0
6572,81,1,0,0
6573,54,1,0,0
6574,65,1,0,0
6575,69,1,0,0
6576,99,1,0,0
6577,45,1,0,0
6578,80,1,0,0
6579,19,1,0,0
6580,426,1,0,0
6581,31,1,0,0
6582,197,1,0,0
6583,93,1,0,0
6584,65,1,0,0
6585,25,1,0,0
6586,114,1,0,0
6587,67,1,0,0
6588,53,1,0,0
6589,125,1,0,0
6590,62,1,0,0
6591,29,1,0,0
6592,68,1,0,0
6593,63,1,0,0
6594,109,1,0,0
6595,140,1,0,0
6596,76,1,0,0
6597,25,1,0,0
6598,60,1,0,0
6599,192,1,0,0
6600,47,1,0,0
6601,118,1,0,0
6602,36,1,0,0
6603,100,1,0,0
6604,12,1,0,0
6605,27,1,0,0
6606,81,1,0,0
6607,90,1,0,0
6608,56,1,0,0
6609,77,1,0,0
6610,30,1,0,0
6611,113,1,0,0
6612,26,1,0,0
6613,26,1,0,0
6614,57,1,0,0
6615,110,1,0,0
6616,72,1,0,0
6617,178,1,0,0
6618,20,1,0,0
6619,51,1,0,0
6620,179,1,0,0
6621,105,1,0,0
6622,36,1,0,0
6623,32,1,0,0
6624,15,1,0,0
6625,19,1,0,0
6626,39,1,0,0
6627,84,1,0,0
6628,145,1,0,0
6629,125,1,0,0
6630,47,1,0,0
6631,80,1,0,0
6632,62,1,0,0
6633,21,1,0,0
6634,68,1,0,0
6635,32,1,0,0
6636,9,1,0,0
6637,67,1,0,0
6638,144,1,0,0
6639,39,1,0,0
6640,100,1,0,0
6641,53,1,0,0
6642,29,1,0,0
6643,152,1,0,0
6644,25,1,0,0
6645,81,1,0,0
6646,49,1,0,0
6647,57,1,0,0
6648,23,1,0,0
6649,9,1,0,0
6650,69,1,0,0
6651,39,1,0,0
6652,109,1,0,0
6653,46,1,0,0
6654,16,1,0,0
6655,54,1,0,0
6656,143,1,0,0
6657,80,1,0,0
6658,106,1,0,0
6659,22,1,0,0
6660,45,1,0,0
6661,56,1,0,0
6662,111,1,0,0
6663,42,1,0,0
6664,42,1,0,0
6665,43,1,0,0
6666,56,1,0,0
6667,70,1,0,0
6668,59,1,0,0
6669,10,1,0,0
6670,59,1,0,0
6671,74,1,0,0
6672,37,1,0,0
6673,17,1,0,0
6674,28,1,0,0
6675,52,1,0,0
6676,201,1,0,0
6677,86,1,0,0
6678,78,1,0,0
6679,148,1,0,0
6680,120,1,0,0
6681,78,1,0,0
6682,51,1,0,0
6683,68,1,0,0
6684,57,1,0,0
6685,16,1,0,0
6686,42,1,0,0
6687,104,1,0,0
6688,82,1,0,0
6689,34,1,0,0
6690,116,1,0,0
6691,23,1,0,0
6692,131,1,0,0
6693,87,1,0,0
6694,86,1,0,0
6695,31,1,0,0
6696,69,1,0,0
6697,80,1,0,0
6698,33,1,0,0
6699,81,1,0,0
6700,24,1,0,0
6701,135,1,0,0
6702,110,1,0,0
6703,118,1,0,0
6704,43,1,0,0
6705,24,1,0,0
6706,19,1,0,0
6707,74,1,0,0
6708,75,1,0,0
6709,79,1,0,0
6710,34,1,0,0
6711,15,1,0,0
6712,66,1,0,0
6713,60,1,0,0
6714,52,1,0,0
6715,46,1,0,0
6716,36,1,0,0
6717,37,1,0,0
6718,67,1,0,0
6719,48,1,0,0
6720,40,1,0,0
6721,48,1,0,0
6722,30,1,0,0
6723,25,1,0,0
6724,54,1,0,0
6725,40,1,0,0
6726,83,1,0,0
6727,39,1,0,0
6728,148,1,0,0
6729,68,1,0,0
6730,26,1,0,0
6731,74,1,0,0
6732,79,1,0,0
6733,42,1,0,0
6734,111,1,0,0
6735,58,1,0,0
6736,23,1,0,0
6737,64,1,0,0
6738,98,1,0,0
6739,162,1,0,0
6740,29,1,0,0
6741,176,1,0,0
6742,180,1,0,0
6743,111,1,0,0
6744,55,1,0,0
6745,39,1,0,0
6746,16,1,0,0
6747,18,1,0,0
6748,31,1,0,0
6749,26,1,0,0
6750,149,1,0,0
6751,59,1,0,0
6752,64,1,0,0
6753,77,1,0,0
6754,32,1,0,0
6755,30,1,0,0
6756,64,1,0,0
6757,47,1,0,0
6758,136,1,0,0
6759,96,1,0,0
6760,26,1,0,0
6761,60,1,0,0
6762,17,1,0,0
6763,99,1,0,0
6764,49,1,0,0
6765,51,1,0,0
6766,71,1,0,0
6767,58,1,0,0
6768,105,1,0,0
6769,24,1,0,0
6770,36,1,0,0
6771,55,1,0,0
6772,35,1,0,0
6773,59,1,0,0
6774,23,1,0,0
6775,59,1,0,0
6776,50,1,0,0
6777,17,1,0,0
6778,24,1,0,0
6779,20,1,0,0
6780,11,1,0,0
6781,81,1,0,0
6782,68,1,0,0
6783,119,1,0,0
6784,9,1,0,0
6785,25,1,0,0
6786,44,1,0,0
6787,13,1,0,0
6788,147,1,0,0
6789,23,1,0,0
6790,31,1,0,0
6791,151,1,0,0
6792,13,1,0,0
6793,37,1,0,0
6794,48,1,0,0
6795,43,1,0,0
6796,28,1,0,0
6797,107,1,0,0
6798,59,1,0,0
6799,56,1,0,0
6800,40,1,0,0
6801,85,1,0,0
6802,23,1,0,0
6803,29,1,0,0
6804,15,1,0,0
6805,95,1,0,0
6806,231,1,0,0
6807,36,1,0,0
6808,103,1,0,0
6809,68,1,0,0
6810,81,1,0,0
6811,32,1,0,0
6812,66,1,0,0
6813,42,1,0,0
6814,73,1,0,0
6815,68,1,0,0
6816,47,1,0,0
6817,27,1,0,0
6818,61,1,0,0
6819,104,1,0,0
6820,49,1,0,0
6821,145,1,0,0
6822,41,1,0,0
6823,19,1,0,0
6824,53,1,0,0
6825,31,1,0,0
6826,55,1,0,0
6827,160,1,0,0
6828,160,1,0,0
6829,28,1,0,0
6830,26,1,0,0
6831,56,1,0,0
6832,147,1,0,0
6833,127,1,0,0
6834,77,1,0,0
6835,30,1,0,0
6836,93,1,0,0
6837,22,1,0,0
6838,73,1,0,0
6839,120,1,0,0
6840,97,1,0,0
6841,12,1,0,0
6842,69,1,0,0
6843,55,1,0,0
6844,59,1,0,0
6845,132,1,0,0
6846,34,1,0,0
6847,53,1,0,0
6848,82,1,0,0
6849,42,1,0,0
6850,70,1,0,0
6851,149,1,0,0
6852,66,1,0,0
6853,18,1,0,0
6854,73,1,0,0
6855,35,1,0,0
6856,34,1,0,0
6857,50,1,0,0
6858,27,1,0,0
6859,21,1,0,0
6860,38,1,0,0
6861,265,1,0,0
6862,92,1,0,0
6863,118,1,0,0
6864,29,1,0,0
6865,54,1,0,0
6866,99,1,0,0
6867,88,1,0,0
6868,38,1,0,0
6869,36,1,0,0
6870,58,1,0,0
6871,98,1,0,0
6872,37,1,0,0
6873,98,1,0,0
6874,45,1,0,0
6875,177,1,0,0
6876,93,1,0,0
6877,64,1,0,0
6878,14,1,0,0
6879,119,1,0,0
6880,102,1,0,0
6881,114,1,0,0
6882,52,1,0,0
6883,42,1,0,0
6884,40,1,0,0
6885,37,1,0,0
6886,293,1,0,0
6887,52,1,0,0
6888,96,1,0,0
6889,98,1,0,0
6890,39,1,0,0
6891,94,1,0,0
6892,81,1,0,0
6893,89,1,0,0
6894,66,1,0,0
6895,23,1,0,0
6896,126,1,0,0
6897,22,1,0,0
6898,211,1,0,0
6899,65,1,0,0
6900,61,1,0,0
6901,14,1,0,0
6902,52,1,0,0
6903,32,1,0,0
6904,11,1,0,0
6905,52,1,0,0
6906,156,1,0,0
6907,52,1,0,0
6908,31,1,0,0
6909,134,1,0,0
6910,118,1,0,0
6911,44,1,0,0
6912,83,1,0,0
6913,101,1,0,0
6914,100,1,0,0
6915,214,1,0,0
6916,17,1,0,0
6917,204,1,0,0
6918,70,1,0,0
6919,20,1,0,0
6920,109,1,0,0
6921,29,1,0,0
6922,35,1,0,0
6923,123,1,0,0
6924,32,1,0,0
6925,31,1,0,0
6926,107,1,0,0
6927,53,1,0,0
6928,20,1,0,0
6929,29,1,0,0
6930,43,1,0,0
6931,21,1,0,0
6932,39,1,0,0
6933,30,1,0,0
6934,17,1,0,0
6935,48,1,0,0
6936,177,1,0,0
6937,39,1,0,0
6938,70,1,0,0
6939,54,1,0,0
6940,44,1,0,0
6941,41,1,0,0
6942,116,1,0,0
6943,34,1,0,0
6944,347,1,0,0
6945,45,1,0,0
6946,89,1,0,0
6947,13,1,0,0
6948,60,1,0,0
6949,144,1,0,0
6950,98,1,0,0
6951,47,1,0,0
6952,44,1,0,0
6953,9,1,0,0
6954,43,1,0,0
6955,133,1,0,0
6956,76,1,0,0
6957,27,1,0,0
6958,43,1,0,0
6959,45,1,0,0
6960,159,1,0,0
6961,50,1,0,0
6962,119,1,0,0
6963,65,1,0,0
6964,30,1,0,0
6965,23,1,0,0
6966,263,1,0,0
6967,182,1,0,0
6968,59,1,0,0
6969,127,1,0,0
6970,40,1,0,0
6971,17,1,0,0
6972,27,1,0,0
6973,90,1,0,0
6974,35,1,0,0
6975,86,1,0,0
6976,70,1,0,0
6977,45,1,0,0
6978,32,1,0,0
6979,131,1,0,0
6980,64,1,0,0
6981,32,1,0,0
6982,45,1,0,0
6983,38,1,0,0
6984,149,1,0,0
6985,15,1,0,0
6986,23,1,0,0
6987,107,1,0,0
6988,173,1,0,0
6989,138,1,0,0
6990,51,1,0,0
6991,40,1,0,0
6992,26,1,0,0
6993,134,1,0,0
6994,49,1,0,0
6995,146,1,0,0
6996,59,1,0,0
6997,104,1,0,0
6998,11,1,0,0
6999,37,1,0,0
7000,19,1,0,0
7001,163,1,0,0
7002,31,1,0,0
7003,54,1,0,0
7004,82,1,0,0
7005,154,1,0,0
7006,83,1,0,0
7007,31,1,0,0
7008,91,1,0,0
7009,30,1,0,0
7010,71,1,0,0
7011,128,1,0,0
7012,83,1,0,0
7013,121,1,0,0
7014,86,1,0,0
7015,68,1,0,0
7016,9,1,0,0
7017,78,1,0,0
7018,250,1,0,0
7019,50,1,0,0
7020,100,1,0,0
7021,91,1,0,0
7022,25,1,0,0
7023,22,1,0,0
7024,65,1,0,0
7025,71,1,0,0
7026,39,1,0,0
7027,33,1,0,0
7028,56,1,0,0
7029,81,1,0,0
7030,100,1,0,0
7031,52,1,0,0
7032,19,1,0,0
7033,24,1,0,0
7034,166,1,0,0
7035,56,1,0,0
7036,337,1,0,0
7037,58,1,0,0
7038,62,1,0,0
7039,93,1,0,0
7040,53,1,0,0
7041,101,1,0,0
7042,85,1,0,0
7043,19,1,0,0
7044,109,1,0,0
7045,190,1,0,0
7046,156,1,0,0
7047,74,1,0,0
7048,47,1,0,0
7049,42,1,0,0
7050,29,1,0,0
7051,28,1,0,0
7052,25,1,0,0
7053,30,1,0,0
7054,150,1,0,0
7055,20,1,0,0
7056,51,1,0,0
7057,126,1,0,0
7058,81,1,0,0
7059,203,1,0,0
7060,36,1,0,0
7061,48,1,0,0
7062,146,1,0,0
7063,65,1,0,0
7064,84,1,0,0
7065,43,1,0,0
7066,249,1,0,0
7067,76,1,0,0
7068,15,1,0,0
7069,217,1,0,0
7070,17,1,0,0
7071,61,1,0,0
7072,245,1,0,0
7073,440,1,0,0
7074,29,1,0,0
7075,47,1,0,0
7076,79,1,0,0
7077,140,1,0,0
7078,49,1,0,0
7079,36,1,0,0
7080,54,1,0,0
7081,154,1,0,0
7082,113,1,0,0
7083,140,1,0,0
7084,110,1,0,0
7085,95,1,0,0
7086,55,1,0,0
7087,17,1,0,0
7088,53,1,0,0
7089,32,1,0,0
7090,29,1,0,0
7091,19,1,0,0
7092,24,1,0,0
7093,41,1,0,0
7094,35,1,0,0
7095,32,1,0,0
7096,92,1,0,0
7097,76,1,0,0
7098,17,1,0,0
7099,14,1,0,0
7100,54,1,0,0
7101,53,1,0,0
7102,81,1,0,0
7103,51,1,0,0
7104,31,1,0,0
7105,85,1,0,0
7106,80,1,0,0
7107,189,1,0,0
7108,50,1,0,0
7109,331,1,0,0
7110,166,1,0,0
7111,56,1,0,0
7112,313,1,0,0
7113,89,1,0,0
7114,191,1,0,0
7115,77,1,0,0
7116,107,1,0,0
7117,57,1,0,0
7118,26,1,0,0
7119,92,1,0,0
7120,94,1,0,0
7121,43,1,0,0
7122,90,1,0,0
7123,118,1,0,0
7124,20,1,0,0
7125,86,1,0,0
7126,79,1,0,0
7127,38,1,0,0
7128,77,1,0,0
7129,61,1,0,0
7130,21,1,0,0
7131,26,1,0,0
7132,80,1,0,0
7133,159,1,0,0
7134,64,1,0,0
7135,195,1,0,0
7136,59,1,0,0
7137,41,1,0,0
7138,25,1,0,0
7139,313,1,0,0
7140,83,1,0,0
7141,9,1,0,0
7142,107,1,0,0
7143,123,1,0,0
7144,31,1,0,0
7145,22,1,0,0
7146,24,1,0,0
7147,217,1,0,0
7148,27,1,0,0
7149,48,1,0,0
7150,61,1,0,0
7151,69,1,0,0
7152,149,1,0,0
7153,26,1,0,0
7154,173,1,0,0
7155,127,1,0,0
7156,108,1,0,0
7157,21,1,0,0
7158,53,1,0,0
7159,64,1,0,0
7160,31,1,0,0
7161,38,1,0,0
7162,49,1,0,0
7163,57,1,0,0
7164,67,1,0,0
7165,120,1,0,0
7166,58,1,0,0
7167,40,1,0,0
7168,126,1,0,0
7169,62,1,0,0
7170,100,1,0,0
7171,68,1,0,0
7172,28,1,0,0
7173,19,1,0,0
7174,83,1,0,0
7175,99,1,0,0
7176,36,1,0,0
7177,20,1,0,0
7178,26,1,0,0
7179,32,1,0,0
7180,128,1,0,0
7181,112,1,0,0
7182,180,1,0,0
7183,41,1,0,0
7184,24,1,0,0
7185,47,1,0,0
7186,49,1,0,0
7187,48,1,0,0
7188,28,1,0,0
7189,60,1,0,0
7190,35,1,0,0
7191,58,1,0,0
7192,92,1,0,0
7193,197,1,0,0
7194,121,1,0,0
7195,78,1,0,0
7196,98,1,0,0
7197,98,1,0,0
7198,97,1,0,0
7199,116,1,0,0
7200,16,1,0,0
7201,35,1,0,0
7202,55,1,0,0
7203,92,1,0,0
7204,110,1,0,0
7205,48,1,0,0
7206,87,1,0,0
7207,183,1,0,0
7208,78,1,0,0
7209,40,1,0,0
7210,69,1,0,0
7211,177,1,0,0
7212,144,1,0,0
7213,43,1,0,0
7214,99,1,0,0
7215,35,1,0,0
7216,67,1,0,0
7217,32,1,0,0
7218,126,1,0,0
7219,159,1,0,0
7220,113,1,0,0
7221,87,1,0,0
7222,43,1,0,0
7223,85,1,0,0
7224,16,1,0,0
7225,50,1,0,0
7226,52,1,0,0
7227,72,1,0,0
7228,141,1,0,0
7229,114,1,0,0
7230,117,1,0,0
7231,36,1,0,0
7232,169,1,0,0
7233,54,1,0,0
7234,124,1,0,0
7235,63,1,0,0
7236,22,1,0,0
7237,153,1,0,0
7238,42,1,0,0
7239,110,1,0,0
7240,45,1,0,0
7241,28,1,0,0
7242,136,1,0,0
7243,278,1,0,0
7244,13,1,0,0
7245,53,1,0,0
7246,440,1,0,0
7247,50,1,0,0
7248,31,1,0,0
7249,10,1,0,0
7250,48,1,0,0
7251,30,1,0,0
7252,40,1,0,0
7253,35,1,0,0
7254,35,1,0,0
7255,63,1,0,0
7256,51,1,0,0
7257,63,1,0,0
7258,60,1,0,0
7259,63,1,0,0
7260,20,1,0,0
7261,202,1,0,0
7262,17,1,0,0
7263,44,1,0,0
7264,44,1,0,0
7265,27,1,0,0
7266,9,1,0,0
7267,109,1,0,0
7268,89,1,0,0
7269,111,1,0,0
7270,48,1,0,0
7271,27,1,0,0
7272,26,1,0,0
7273,50,1,0,0
7274,41,1,0,0
7275,101,1,0,0
7276,121,1,0,0
7277,61,1,0,0
7278,21,1,0,0
7279,107,1,0,0
7280,48,1,0,0
7281,93,1,0,0
7282,77,1,0,0
7283,62,1,0,0
7284,147,1,0,0
7285,126,1,0,0
7286,287,1,0,0
7287,48,1,0,0
7288,49,1,0,0
7289,70,1,0,0
7290,41,1,0,0
7291,75,1,0,0
7292,22,1,0,0
7293,10,1,0,0
7294,134,1,0,0
7295,43,1,0,0
7296,132,1,0,0
7297,15,1,0,0
7298,13,1,0,0
7299,94,1,0,0
7300,103,1,0,0
7301,155,1,0,0
7302,38,1,0,0
7303,25,1,0,0
7304,51,1,0,0
7305,41,1,0,0
7306,32,1,0,0
7307,26,1,0,0
7308,115,1,0,0
7309,46,1,0,0
7310,22,1,0,0
7311,14,1,0,0
7312,64,1,0,0
7313,140,1,0,0
7314,55,1,0,0
7315,16,1,0,0
7316,30,1,0,0
7317,68,1,0,0
7318,75,1,0,0
7319,77,1,0,0
7320,80,1,0,0
7321,95,1,0,0
7322,78,1,0,0
7323,90,1,0,0
7324,112,1,0,0
7325,29,1,0,0
7326,170,1,0,0
7327,103,1,0,0
7328,34,1,0,0
7329,20,1,0,0
7330,46,1,0,0
7331,35,1,0,0
7332,55,1,0,0
7333,21,1,0,0
7334,10,1,0,0
7335,54,1,0,0
7336,101,1,0,0
7337,84,1,0,0
7338,115,1,0,0
7339,28,1,0,0
7340,128,1,0,0
7341,56,1,0,0
7342,58,1,0,0
7343,14,1,0,0
7344,161,1,0,0
7345,77,1,0,0
7346,54,1,0,0
7347,15,1,0,0
7348,75,1,0,0
7349,119,1,0,0
7350,175,1,0,0
7351,42,1,0,0
7352,58,1,0,0
7353,18,1,0,0
7354,75,1,0,0
7355,93,1,0,0
7356,70,1,0,0
7357,250,1,0,0
7358,39,1,0,0
7359,123,1,0,0
7360,120,1,0,0
7361,107,1,0,0
7362,10,1,0,0
7363,20,1,0,0
7364,55,1,0,0
7365,63,1,0,0
7366,67,1,0,0
7367,36,1,0,0
7368,36,1,0,0
7369,40,1,0,0
7370,10,1,0,0
7371,76,1,0,0
7372,77,1,0,0
7373,169,1,0,0
7374,41,1,0,0
7375,70,1,0,0
7376,28,1,0,0
7377,59,1,0,0
7378,7,1,0,0
7379,87,1,0,0
7380,92,1,0,0
7381,41,1,0,0
7382,88,1,0,0
7383,22,1,0,0
7384,71,1,0,0
7385,69,1,0,0
7386,28,1,0,0
7387,28,1,0,0
7388,106,1,0,0
7389,20,1,0,0
7390,72,1,0,0
7391,81,1,0,0
7392,20,1,0,0
7393,134,1,0,0
7394,35,1,0,0
7395,12,1,0,0
7396,56,1,0,0
7397,57,1,0,0
7398,10,1,0,0
7399,35,1,0,0
7400,26,1,0,0
7401,146,1,0,0
7402,32,1,0,0
7403,39,1,0,0
7404,66,1,0,0
7405,98,1,0,0
7406,78,1,0,0
7407,75,1,0,0
7408,41,1,0,0
7409,32,1,0,0
7410,129,1,0,0
7411,62,1,0,0
7412,44,1,0,0
7413,62,1,0,0
7414,61,1,0,0
7415,93,1,0,0
7416,45,1,0,0
7417,112,1,0,0
7418,60,1,0,0
7419,36,1,0,0
7420,43,1,0,0
7421,66,1,0,0
7422,34,1,0,0
7423,106,1,0,0
7424,76,1,0,0
7425,82,1,0,0
7426,103,1,0,0
7427,24,1,0,0
7428,137,1,0,0
7429,32,1,0,0
7430,148,1,0,0
7431,77,1,0,0
7432,49,1,0,0
7433,78,1,0,0
7434,235,1,0,0
7435,11,1,0,0
7436,18,1,0,0
7437,96,1,0,0
7438,56,1,0,0
7439,35,1,0,0
7440,41,1,0,0
7441,12,1,0,0
7442,58,1,0,0
7443,36,1,0,0
7444,71,1,0,0
7445,55,1,0,0
7446,28,1,0,0
7447,85,1,0,0
7448,72,1,0,0
7449,13,1,0,0
7450,66,1,0,0
7451,65,1,0,0
7452,149,1,0,0
7453,11,1,0,0
7454,58,1,0,0
7455,37,1,0,0
7456,147,1,0,0
7457,45,1,0,0
7458,42,1,0,0
7459,35,1,0,0
7460,27,1,0,0
7461,112,1,0,0
7462,52,1,0,0
7463,42,1,0,0
7464,15,1,0,0
7465,27,1,0,0
7466,12,1,0,0
7467,75,1,0,0
7468,47,1,0,0
7469,147,1,0,0
7470,20,1,0,0
7471,365,1,0,0
7472,51,1,0,0
7473,34,1,0,0
7474,45,1,0,0
7475,40,1,0,0
7476,119,1,0,0
7477,27,1,0,0
7478,83,1,0,0
7479,20,1,0,0
7480,106,1,0,0
7481,63,1,0,0
7482,94,1,0,0
7483,37,1,0,0
7484,319,1,0,0
7485,44,1,0,0
7486,379,1,0,0
7487,16,1,0,0
7488,67,1,0,0
7489,85,1,0,0
7490,27,1,0,0
7491,102,1,0,0
7492,61,1,0,0
7493,38,1,0,0
7494,29,1,0,0
7495,51,1,0,0
7496,41,1,0,0
7497,41,1,0,0
7498,68,1,0,0
7499,147,1,0,0
7500,19,1,0,0
7501,18,1,0,0
7502,68,1,0,0
7503,105,1,0,0
7504,66,1,0,0
7505,67,1,0,0
7506,54,1,0,0
7507,69,1,0,0
7508,111,1,0,0
7509,41,1,0,0
7510,19,1,0,0
7511,50,1,0,0
7512,76,1,0,0
7513,9,1,0,0
7514,27,1,0,0
7515,60,1,0,0
7516,124,1,0,0
7517,131,1,0,0
7518,22,1,0,0
7519,272,1,0,0
7520,24,1,0,0
7521,92,1,0,0
7522,172,1,0,0
7523,41,1,0,0
7524,244,1,0,0
7525,116,1,0,0
7526,90,1,0,0
7527,115,1,0,0
7528,59,1,0,0
7529,195,1,0,0
7530,57,1,0,0
7531,19,1,0,0
7532,24,1,0,0
7533,63,1,0,0
7534,95,1,0,0
7535,121,1,0,0
7536,24,1,0,0
7537,18,1,0,0
7538,247,1,0,0
7539,45,1,0,0
7540,9,1,0,0
7541,58,1,0,0
7542,166,1,0,0
7543,18,1,0,0
7544,44,1,0,0
7545,9,1,0,0
7546,25,1,0,0
7547,29,1,0,0
7548,94,1,0,0
7549,45,1,0,0
7550,19,1,0,0
7551,39,1,0,0
7552,22,1,0,0
7553,102,1,0,0
7554,33,1,0,0
7555,36,1,0,0
7556,28,1,0,0
7557,26,1,0,0
7558,57,1,0,0
7559,38,1,0,0
7560,28,1,0,0
7561,19,1,0,0
7562,65,1,0,0
7563,81,1,0,0
7564,22,1,0,0
7565,99,1,0,0
7566,91,1,0,0
7567,39,1,0,0
7568,69,1,0,0
7569,65,1,0,0
7570,84,1,0,0
7571,33,1,0,0
7572,47,1,0,0
7573,27,1,0,0
7574,67,1,0,0
7575,45,1,0,0
7576,146,1,0,0
7577,192,1,0,0
7578,126,1,0,0
7579,81,1,0,0
7580,140,1,0,0
7581,101,1,0,0
7582,8,1,0,0
7583,73,1,0,0
7584,115,1,0,0
7585,40,1,0,0
7586,81,1,0,0
7587,51,1,0,0
7588,125,1,0,0
7589,46,1,0,0
7590,9,1,0,0
7591,37,1,0,0
7592,71,1,0,0
7593,62,1,0,0
7594,36,1,0,0
7595,67,1,0,0
7596,28,1,0,0
7597,15,1,0,0
7598,88,1,0,0
7599,32,1,0,0
7600,37,1,0,0
7601,38,1,0,0
7602,46,1,0,0
7603,181,1,0,0
7604,36,1,0,0
7605,27,1,0,0
7606,73,1,0,0
7607,95,1,0,0
7608,90,1,0,0
7609,158,1,0,0
7610,39,1,0,0
7611,19,1,0,0
7612,23,1,0,0
7613,103,1,0,0
7614,122,1,0,0
7615,101,1,0,0
7616,34,1,0,0
7617,90,1,0,0
7618,86,1,0,0
7619,54,1,0,0
7620,87,1,0,0
7621,69,1,0,0
7622,86,1,0,0
7623,28,1,0,0
7624,65,1,0,0
7625,58,1,0,0
7626,98,1,0,0
7627,31,1,0,0
7628,59,1,0,0
7629,82,1,0,0
7630,97,1,0,0
7631,155,1,0,0
7632,18,1,0,0
7633,123,1,0,0
7634,166,1,0,0
7635,28,1,0,0
7636,32,1,0,0
7637,24,1,0,0
7638,41,1,0,0
7639,345,1,0,0
7640,50,1,0,0
7641,85,1,0,0
7642,123,1,0,0
7643,36,1,0,0
7644,50,1,0,0
7645,149,1,0,0
7646,160,1,0,0
7647,68,1,0,0
7648,46,1,0,0
7649,148,1,0,0
7650,71,1,0,0
7651,155,1,0,0
7652,47,1,0,0
7653,91,1,0,0
7654,106,1,0,0
7655,124,1,0,0
7656,191,1,0,0
7657,94,1,0,0
7658,95,1,0,0
7659,36,1,0,0
7660,88,1,0,0
7661,103,1,0,0
7662,82,1,0,0
7663,53,1,0,0
7664,28,1,0,0
7665,140,1,0,0
7666,270,1,0,0
7667,98,1,0,0
7668,66,1,0,0
7669,33,1,0,0
7670,80,1,0,0
7671,78,1,0,0
7672,30,1,0,0
7673,170,1,0,0
7674,35,1,0,0
7675,41,1,0,0
7676,35,1,0,0
7677,50,1,0,0
7678,16,1,0,0
7679,49,1,0,0
7680,74,1,0,0
7681,13,1,0,0
7682,71,1,0,0
7683,94,1,0,0
7684,15,1,0,0
7685,78,1,0,0
7686,93,1,0,0
7687,47,1,0,0
7688,45,1,0,0
7689,20,1,0,0
7690,35,1,0,0
7691,173,1,0,0
7692,73,1,0,0
7693,74,1,0,0
7694,166,1,0,0
7695,148,1,0,0
7696,129,1,0,0
7697,187,1,0,0
7698,75,1,0,0
7699,47,1,0,0
7700,197,1,0,0
7701,60,1,0,0
7702,13,1,0,0
7703,133,1,0,0
7704,56,1,0,0
7705,56,1,0,0
7706,85,1,0,0
7707,8,1,0,0
7708,107,1,0,0
7709,59,1,0,0
7710,90,1,0,0
7711,64,1,0,0
7712,52,1,0,0
7713,63,1,0,0
7714,77,1,0,0
7715,179,1,0,0
7716,108,1,0,0
7717,251,1,0,0
7718,115,1,0,0
7719,149,1,0,0
7720,19,1,0,0
7721,10,1,0,0
7722,53,1,0,0
7723,103,1,0,0
7724,16,1,0,0
7725,71,1,0,0
7726,34,1,0,0
7727,20,1,0,0
7728,7,1,0,0
7729,47,1,0,0
7730,38,1,0,0
7731,20,1,0,0
7732,149,1,0,0
7733,34,1,0,0
7734,70,1,0,0
7735,53,1,0,0
7736,22,1,0,0
7737,180,1,0,0
7738,34,1,0,0
7739,67,1,0,0
7740,58,1,0,0
7741,52,1,0,0
7742,89,1,0,0
7743,15,1,0,0
7744,9,1,0,0
7745,11,1,0,0
7746,30,1,0,0
7747,29,1,0,0
7748,23,1,0,0
7749,50,1,0,0
7750,56,1,0,0
7751,45,1,0,0
7752,28,1,0,0
7753,24,1,0,0
7754,63,1,0,0
7755,48,1,0,0
7756,119,1,0,0
7757,78,1,0,0
7758,77,1,0,0
7759,24,1,0,0
7760,14,1,0,0
7761,60,1,0,0
7762,31,1,0,0
7763,74,1,0,0
7764,88,1,0,0
7765,40,1,0,0
7766,67,1,0,0
7767,14,1,0,0
7768,75,1,0,0
7769,39,1,0,0
7770,77,1,0,0
7771,34,1,0,0
7772,42,1,0,0
7773,318,1,0,0
7774,108,1,0,0
7775,31,1,0,0
7776,52,1,0,0
7777,194,1,0,0
7778,110,1,0,0
7779,28,1,0,0
7780,40,1,0,0
7781,89,1,0,0
7782,11,1,0,0
7783,182,1,0,0
7784,126,1,0,0
7785,66,1,0,0
7786,18,1,0,0
7787,9,1,0,0
7788,38,1,0,0
7789,112,1,0,0
7790,43,1,0,0
7791,93,1,0,0
7792,18,1,0,0
7793,25,1,0,0
7794,92,1,0,0
7795,75,1,0,0
7796,19,1,0,0
7797,60,1,0,0
7798,14,1,0,0
7799,33,1,0,0
7800,32,1,0,0
7801,56,1,0,0
7802,59,1,0,0
7803,14,1,0,0
7804,29,1,0,0
7805,82,1,0,0
7806,185,1,0,0
7807,38,1,0,0
7808,72,1,0,0
7809,37,1,0,0
7810,109,1,0,0
7811,32,1,0,0
7812,31,1,0,0
7813,89,1,0,0
7814,13,1,0,0
7815,63,1,0,0
7816,26,1,0,0
7817,32,1,0,0
7818,54,1,0,0
7819,15,1,0,0
7820,12,1,0,0
7821,25,1,0,0
7822,88,1,0,0
7823,86,1,0,0
7824,50,1,0,0
7825,204,1,0,0
7826,34,1,0,0
7827,72,1,0,0
7828,48,1,0,0
7829,26,1,0,0
7830,47,1,0,0
7831,48,1,0,0
7832,43,1,0,0
7833,35,1,0,0
7834,55,1,0,0
7835,28,1,0,0
7836,87,1,0,0
7837,53,1,0,0
7838,85,1,0,0
7839,43,1,0,0
7840,57,1,0,0
7841,16,1,0,0
7842,27,1,0,0
7843,18,1,0,0
7844,113,1,0,0
7845,80,1,0,0
7846,121,1,0,0
7847,111,1,0,0
7848,115,1,0,0
7849,17,1,0,0
7850,55,1,0,0
7851,97,1,0,0
7852,94,1,0,0
7853,24,1,0,0
7854,120,1,0,0
7855,36,1,0,0
7856,27,1,0,0
7857,49,1,0,0
7858,88,1,0,0
7859,32,1,0,0
7860,106,1,0,0
7861,17,1,0,0
7862,40,1,0,0
7863,83,1,0,0
7864,114,1,0,0
7865,96,1,0,0
7866,98,1,0,0
7867,39,1,0,0
7868,19,1,0,0
7869,44,1,0,0
7870,67,1,0,0
7871,68,1,0,0
7872,75,1,0,0
7873,70,1,0,0
7874,88,1,0,0
7875,59,1,0,0
7876,47,1,0,0
7877,65,1,0,0
7878,35,1,0,0
7879,59,1,0,0
7880,43,1,0,0
7881,70,1,0,0
7882,53,1,0,0
7883,101,1,0,0
7884,40,1,0,0
7885,36,1,0,0
7886,61,1,0,0
7887,17,1,0,0
7888,67,1,0,0
7889,117,1,0,0
7890,42,1,0,0
7891,64,1,0,0
7892,118,1,0,0
7893,136,1,0,0
7894,47,1,0,0
7895,123,1,0,0
7896,7,1,0,0
7897,89,1,0,0
7898,108,1,0,0
7899,89,1,0,0
7900,31,1,0,0
7901,43,1,0,0
7902,39,1,0,0
7903,21,1,0,0
7904,142,1,0,0
7905,110,1,0,0
7906,82,1,0,0
7907,90,1,0,0
7908,111,1,0,0
7909,84,1,0,0
7910,60,1,0,0
7911,173,1,0,0
7912,84,1,0,0
7913,179,1,0,0
7914,95,1,0,0
7915,19,1,0,0
7916,142,1,0,0
7917,33,1,0,0
7918,139,1,0,0
7919,88,1,0,0
7920,64,1,0,0
7921,53,1,0,0
7922,368,1,0,0
7923,137,1,0,0
7924,191,1,0,0
7925,30,1,0,0
7926,164,1,0,0
7927,130,1,0,0
7928,115,1,0,0
7929,85,1,0,0
7930,61,1,0,0
7931,44,1,0,0
7932,150,1,0,0
7933,118,1,0,0
7934,19,1,0,0
7935,47,1,0,0
7936,30,1,0,0
7937,30,1,0,0
7938,36,1,0,0
7939,64,1,0,0
7940,11,1,0,0
7941,49,1,0,0
7942,76,1,0,0
7943,165,1,0,0
7944,107,1,0,0
7945,70,1,0,0
7946,49,1,0,0
7947,46,1,0,0
7948,62,1,0,0
7949,46,1,0,0
7950,127,1,0,0
7951,120,1,0,0
7952,52,1,0,0
7953,57,1,0,0
7954,45,1,0,0
7955,87,1,0,0
7956,61,1,0,0
7957,22,1,0,0
7958,25,1,0,0
7959,121,1,0,0
7960,82,1,0,0
7961,26,1,0,0
7962,28,1,0,0
7963,32,1,0,0
7964,90,1,0,0
7965,102,1,0,0
7966,45,1,0,0
7967,129,1,0,0
7968,43,1,0,0
7969,204,1,0,0
7970,84,1,0,0
7971,41,1,0,0
7972,181,1,0,0
7973,68,1,0,0
7974,93,1,0,0
7975,82,1,0,0
7976,53,1,0,0
7977,42,1,0,0
7978,98,1,0,0
7979,70,1,0,0
7980,122,1,0,0
7981,26,1,0,0
7982,99,1,0,0
7983,37,1,0,0
7984,123,1,0,0
7985,20,1,0,0
7986,67,1,0,0
7987,219,1,0,0
7988,35,1,0,0
7989,152,1,0,0
7990,106,1,0,0
7991,84,1,0,0
7992,83,1,0,0
7993,33,1,0,0
7994,52,1,0,0
7995,68,1,0,0
7996,46,1,0,0
7997,9,1,0,0
7998,74,1,0,0
7999,113,1,0,0
8000,62,1,0,0
8001,97,1,0,0
8002,28,1,0,0
8003,62,1,0,0
8004,19,1,0,0
8005,80,1,0,0
8006,194,1,0,0
8007,105,1,0,0
8008,76,1,0,0
8009,65,1,0,0
8010,63,1,0,0
8011,132,1,0,0
8012,54,1,0,0
8013,38,1,0,0
8014,59,1,0,0
8015,35,1,0,0
8016,257,1,0,0
8017,157,1,0,0
8018,50,1,0,0
8019,73,1,0,0
8020,28,1,0,0
8021,112,1,0,0
8022,165,1,0,0
8023,90,1,0,0
8024,44,1,0,0
8025,16,1,0,0
8026,123,1,0,0
8027,31,1,0,0
8028,128,1,0,0
8029,111,1,0,0
8030,148,1,0,0
8031,71,1,0,0
8032,39,1,0,0
8033,76,1,0,0
8034,75,1,0,0
8035,163,1,0,0
8036,77,1,0,0
8037,86,1,0,0
8038,61,1,0,0
8039,71,1,0,0
8040,164,1,0,0
8041,164,1,0,0
8042,17,1,0,0
8043,34,1,0,0
8044,19,1,0,0
8045,50,1,0,0
8046,71,1,0,0
8047,33,1,0,0
8048,15,1,0,0
8049,116,1,0,0
8050,81,1,0,0
8051,64,1,0,0
8052,69,1,0,0
8053,65,1,0,0
8054,19,1,0,0
8055,55,1,0,0
8056,82,1,0,0
8057,39,1,0,0
8058,84,1,0,0
8059,56,1,0,0
8060,68,1,0,0
8061,28,1,0,0
8062,56,1,0,0
8063,41,1,0,0
8064,9,1,0,0
8065,206,1,0,0
8066,65,1,0,0
8067,32,1,0,0
8068,61,1,0,0
8069,73,1,0,0
8070,76,1,0,0
8071,160,1,0,0
8072,117,1,0,0
8073,61,1,0,0
8074,65,1,0,0
8075,12,1,0,0
8076,65,1,0,0
8077,21,1,0,0
8078,62,1,0,0
8079,82,1,0,0
8080,162,1,0,0
8081,57,1,0,0
8082,103,1,0,0
8083,13,1,0,0
8084,85,1,0,0
8085,119,1,0,0
8086,12,1,0,0
8087,171,1,0,0
8088,20,1,0,0
8089,44,1,0,0
8090,65,1,0,0
8091,56,1,0,0
8092,354,1,0,0
8093,56,1,0,0
8094,44,1,0,0
8095,227,1,0,0
8096,73,1,0,0
8097,102,1,0,0
8098,33,1,0,0
8099,14,1,0,0
8100,49,1,0,0
8101,231,1,0,0
8102,60,1,0,0
8103,95,1,0,0
8104,20,1,0,0
8105,98,1,0,0
8106,60,1,0,0
8107,21,1,0,0
8108,110,1,0,0
8109,108,1,0,0
8110,66,1,0,0
8111,82,1,0,0
8112,58,1,0,0
8113,25,1,0,0
8114,29,1,0,0
8115,16,1,0,0
8116,120,1,0,0
8117,77,1,0,0
8118,88,1,0,0
8119,59,1,0,0
8120,62,1,0,0
8121,22,1,0,0
8122,84,1,0,0
8123,174,1,0,0
8124,25,1,0,0
8125,34,1,0,0
8126,58,1,0,0
8127,84,1,0,0
8128,117,1,0,0
8129,170,1,0,0
8130,67,1,0,0
8131,15,1,0,0
8132,80,1,0,0
8133,55,1,0,0
8134,123,1,0,0
8135,20,1,0,0
8136,54,1,0,0
8137,63,1,0,0
8138,27,1,0,0
8139,25,1,0,0
8140,121,1,0,0
8141,59,1,0,0
8142,19,1,0,0
8143,59,1,0,0
8144,42,1,0,0
8145,27,1,0,0
8146,58,1,0,0
8147,20,1,0,0
8148,58,1,0,0
8149,42,1,0,0
8150,62,1,0,0
8151,58,1,0,0
8152,21,1,0,0
8153,101,1,0,0
8154,46,1,0,0
8155,60,1,0,0
8156,48,1,0,0
8157,101,1,0,0
8158,51,1,0,0
8159,105,1,0,0
8160,22,1,0,0
8161,25,1,0,0
8162,60,1,0,0
8163,109,1,0,0
8164,82,1,0,0
8165,88,1,0,0
8166,68,1,0,0
8167,102,1,0,0
8168,163,1,0,0
8169,124,1,0,0
8170,15,1,0,0
8171,89,1,0,0
8172,37,1,0,0
8173,52,1,0,0
8174,57,1,0,0
8175,126,1,0,0
8176,60,1,0,0
8177,245,1,0,0
8178,137,1,0,0
8179,44,1,0,0
8180,57,1,0,0
8181,65,1,0,0
8182,83,1,0,0
8183,50,1,0,0
8184,16,1,0,0
8185,87,1,0,0
8186,24,1,0,0
8187,32,1,0,0
8188,133,1,0,0
8189,17,1,0,0
8190,69,1,0,0
8191,137,1,0,0
8192,30,1,0,0
8193,53,1,0,0
8194,66,1,0,0
8195,42,1,0,0
8196,32,1,0,0
8197,74,1,0,0
8198,167,1,0,0
8199,94,1,0,0
8200,62,1,0,0
8201,38,1,0,0
8202,18,1,0,0
8203,29,1,0,0
8204,48,1,0,0
8205,16,1,0,0
8206,33,1,0,0
8207,145,1,0,0
8208,81,1,0,0
8209,172,1,0,0
8210,21,1,0,0
8211,36,1,0,0
8212,103,1,0,0
8213,117,1,0,0
8214,23,1,0,0
8215,39,1,0,0
8216,15,1,0,0
8217,73,1,0,0
8218,121,1,0,0
8219,73,1,0,0
8220,55,1,0,0
8221,15,1,0,0
8222,68,1,0,0
8223,94,1,0,0
8224,72,1,0,0
8225,24,1,0,0
8226,51,1,0,0
8227,105,1,0,0
8228,192,1,0,0
8229,97,1,0,0
8230,40,1,0,0
8231,58,1,0,0
8232,122,1,0,0
8233,39,1,0,0
8234,36,1,0,0
8235,66,1,0,0
8236,42,1,0,0
8237,41,1,0,0
8238,66,1,0,0
8239,76,1,0,0
8240,32,1,0,0
8241,84,1,0,0
8242,123,1,0,0
8243,245,1,0,0
8244,75,1,0,0
8245,25,1,0,0
8246,125,1,0,0
8247,54,1,0,0
8248,102,1,0,0
8249,46,1,0,0
8250,99,1,0,0
8251,68,1,0,0
8252,105,1,0,0
8253,89,1,0,0
8254,32,1,0,0
8255,20,1,0,0
8256,61,1,0,0
8257,51,1,0,0
8258,119,1,0,0
8259,121,1,0,0
8260,52,1,0,0
8261,30,1,0,0
8262,37,1,0,0
8263,85,1,0,0
8264,32,1,0,0
8265,52,1,0,0
8266,19,1,0,0
8267,56,1,0,0
8268,60,1,0,0
8269,33,1,0,0
8270,65,1,0,0
8271,15,1,0,0
8272,100,1,0,0
8273,63,1,0,0
8274,82,1,0,0
8275,156,1,0,0
8276,192,1,0,0
8277,54,1,0,0
8278,23,1,0,0
8279,52,1,0,0
8280,55,1,0,0
8281,63,1,0,0
8282,40,1,0,0
8283,13,1,0,0
8284,61,1,0,0
8285,79,1,0,0
8286,33,1,0,0
8287,30,1,0,0
8288,79,1,0,0
8289,62,1,0,0
8290,20,1,0,0
8291,23,1,0,0
8292,56,1,0,0
8293,49,1,0,0
8294,164,1,0,0
8295,45,1,0,0
8296,96,1,0,0
8297,72,1,0,0
8298,50,1,0,0
8299,61,1,0,0
8300,126,1,0,0
8301,47,1,0,0
8302,92,1,0,0
8303,56,1,0,0
8304,149,1,0,0
8305,43,1,0,0
8306,53,1,0,0
8307,173,1,0,0
8308,107,1,0,0
8309,219,1,0,0
8310,51,1,0,0
8311,202,1,0,0
8312,35,1,0,0
8313,25,1,0,0
8314,55,1,0,0
8315,23,1,0,0
8316,27,1,0,0
8317,146,1,0,0
8318,75,1,0,0
8319,41,1,0,0
8320,34,1,0,0
8321,60,1,0,0
8322,253,1,0,0
8323,62,1,0,0
8324,60,1,0,0
8325,37,1,0,0
8326,25,1,0,0
8327,39,1,0,0
8328,144,1,0,0
8329,32,1,0,0
8330,50,1,0,0
8331,15,1,0,0
8332,45,1,0,0
8333,96,1,0,0
8334,31,1,0,0
8335,124,1,0,0
8336,33,1,0,0
8337,53,1,0,0
8338,20,1,0,0
8339,53,1,0,0
8340,53,1,0,0
8341,159,1,0,0
8342,42,1,0,0
8343,113,1,0,0
8344,42,1,0,0
8345,70,1,0,0
8346,63,1,0,0
8347,119,1,0,0
8348,76,1,0,0
8349,35,1,0,0
8350,92,1,0,0
8351,44,1,0,0
8352,74,1,0,0
8353,73,1,0,0
8354,53,1,0,0
8355,19,1,0,0
8356,155,1,0,0
8357,74,1,0,0
8358,41,1,0,0
8359,100,1,0,0
8360,126,1,0,0
8361,142,1,0,0
8362,76,1,0,0
8363,264,1,0,0
8364,136,1,0,0
8365,50,1,0,0
8366,64,1,0,0
8367,23,1,0,0
8368,208,1,0,0
8369,44,1,0,0
8370,158,1,0,0
8371,64,1,0,0
8372,18,1,0,0
8373,202,1,0,0
8374,158,1,0,0
8375,13,1,0,0
8376,48,1,0,0
8377,69,1,0,0
8378,161,1,0,0
8379,92,1,0,0
8380,69,1,0,0
8381,65,1,0,0
8382,117,1,0,0
8383,36,1,0,0
8384,80,1,0,0
8385,98,1,0,0
8386,206,1,0,0
8387,223,1,0,0
8388,35,1,0,0
8389,112,1,0,0
8390,34,1,0,0
8391,265,1,0,0
8392,31,1,0,0
8393,115,1,0,0
8394,209,1,0,0
8395,13,1,0,0
8396,35,1,0,0
8397,56,1,0,0
8398,47,1,0,0
8399,107,1,0,0
8400,217,1,0,0
8401,17,1,0,0
8402,31,1,0,0
8403,116,1,0,0
8404,102,1,0,0
8405,154,1,0,0
8406,166,1,0,0
8407,63,1,0,0
8408,86,1,0,0
8409,72,1,0,0
8410,49,1,0,0
8411,120,1,0,0
8412,97,1,0,0
8413,99,1,0,0
8414,53,1,0,0
8415,25,1,0,0
8416,19,1,0,0
8417,114,1,0,0
8418,59,1,0,0
8419,66,1,0,0
8420,34,1,0,0
8421,54,1,0,0
8422,12,1,0,0
8423,32,1,0,0
8424,12,1,0,0
8425,33,1,0,0
8426,161,1,0,0
8427,15,1,0,0
8428,85,1,0,0
8429,34,1,0,0
8430,51,1,0,0
8431,33,1,0,0
8432,57,1,0,0
8433,76,1,0,0
8434,26,1,0,0
8435,54,1,0,0
8436,132,1,0,0
8437,89,1,0,0
8438,48,1,0,0
8439,22,1,0,0
8440,130,1,0,0
8441,64,1,0,0
8442,47,1,0,0
8443,105,1,0,0
8444,19,1,0,0
8445,118,1,0,0
8446,33,1,0,0
8447,97,1,0,0
8448,30,1,0,0
8449,27,1,0,0
8450,40,1,0,0
8451,69,1,0,0
8452,44,1,0,0
8453,93,1,0,0
8454,43,1,0,0
8455,55,1,0,0
8456,83,1,0,0
8457,46,1,0,0
8458,98,1,0,0
8459,199,1,0,0
8460,90,1,0,0
8461,157,1,0,0
8462,81,1,0,0
8463,15,1,0,0
8464,200,1,0,0
8465,50,1,0,0
8466,63,1,0,0
8467,26,1,0,0
8468,49,1,0,0
8469,206,1,0,0
8470,35,1,0,0
8471,79,1,0,0
8472,188,1,0,0
8473,32,1,0,0
8474,42,1,0,0
8475,34,1,0,0
8476,56,1,0,0
8477,79,1,0,0
8478,34,1,0,0
8479,50,1,0,0
8480,18,1,0,0
8481,29,1,0,0
8482,75,1,0,0
8483,89,1,0,0
8484,47,1,0,0
8485,21,1,0,0
8486,124,1,0,0
8487,73,1,0,0
8488,64,1,0,0
8489,23,1,0,0
8490,54,1,0,0
8491,68,1,0,0
8492,137,1,0,0
8493,16,1,0,0
8494,164,1,0,0
8495,34,1,0,0
8496,109,1,0,0
8497,109,1,0,0
8498,200,1,0,0
8499,13,1,0,0
8500,52,1,0,0
8501,176,1,0,0
8502,28,1,0,0
8503,53,1,0,0
8504,22,1,0,0
8505,42,1,0,0
8506,180,1,0,0
8507,37,1,0,0
8508,27,1,0,0
8509,96,1,0,0
8510,45,1,0,0
8511,56,1,0,0
8512,14,1,0,0
8513,47,1,0,0
8514,27,1,0,0
8515,131,1,0,0
8516,55,1,0,0
8517,33,1,0,0
8518,162,1,0,0
8519,64,1,0,0
8520,122,1,0,0
8521,110,1,0,0
8522,178,1,0,0
8523,43,1,0,0
8524,37,1,0,0
8525,93,1,0,0
8526,134,1,0,0
8527,147,1,0,0
8528,136,1,0,0
8529,94,1,0,0
8530,189,1,0,0
8531,23,1,0,0
8532,73,1,0,0
8533,79,1,0,0
8534,45,1,0,0
8535,43,1,0,0
8536,32,1,0,0
8537,64,1,0,0
8538,88,1,0,0
8539,31,1,0,0
8540,72,1,0,0
8541,73,1,0,0
8542,115,1,0,0
8543,33,1,0,0
8544,28,1,0,0
8545,65,1,0,0
8546,36,1,0,0
8547,34,1,0,0
8548,28,1,0,0
8549,108,1,0,0
8550,143,1,0,0
8551,16,1,0,0
8552,110,1,0,0
8553,21,1,0,0
8554,51,1,0,0
8555,97,1,0,0
8556,113,1,0,0
8557,88,1,0,0
8558,41,1,0,0
8559,25,1,0,0
8560,25,1,0,0
8561,54,1,0,0
8562,77,1,0,0
8563,232,1,0,0
8564,89,1,0,0
8565,18,1,0,0
8566,108,1,0,0
8567,91,1,0,0
8568,161,1,0,0
8569,53,1,0,0
8570,44,1,0,0
8571,128,1,0,0
8572,53,1,0,0
8573,75,1,0,0
8574,55,1,0,0
8575,67,1,0,0
8576,25,1,0,0
8577,79,1,0,0
8578,89,1,0,0
8579,278,1,0,0
8580,141,1,0,0
8581,26,1,0,0
8582,44,1,0,0
8583,78,1,0,0
8584,104,1,0,0
8585,72,1,0,0
8586,59,1,0,0
8587,84,1,0,0
8588,19,1,0,0
8589,51,1,0,0
8590,55,1,0,0
8591,138,1,0,0
8592,51,1,0,0
8593,43,1,0,0
8594,17,1,0,0
8595,64,1,0,0
8596,32,1,0,0
8597,47,1,0,0
8598,177,1,0,0
8599,64,1,0,0
8600,41,1,0,0
8601,55,1,0,0
8602,24,1,0,0
8603,59,1,0,0
8604,17,1,0,0
8605,48,1,0,0
8606,101,1,0,0
8607,22,1,0,0
8608,170,1,0,0
8609,43,1,0,0
8610,82,1,0,0
8611,170,1,0,0
8612,57,1,0,0
8613,28,1,0,0
8614,109,1,0,0
8615,32,1,0,0
8616,128,1,0,0
8617,15,1,0,0
8618,53,1,0,0
8619,134,1,0,0
8620,25,1,0,0
8621,120,1,0,0
8622,29,1,0,0
8623,38,1,0,0
8624,12,1,0,0
8625,15,1,0,0
8626,35,1,0,0
8627,99,1,0,0
8628,149,1,0,0
8629,150,1,0,0
8630,78,1,0,0
8631,45,1,0,0
8632,177,1,0,0
8633,50,1,0,0
8634,42,1,0,0
8635,12,1,0,0
8636,102,1,0,0
8637,28,1,0,0
8638,33,1,0,0
8639,100,1,0,0
8640,52,1,0,0
8641,24,1,0,0
8642,133,1,0,0
8643,40,1,0,0
8644,79,1,0,0
8645,59,1,0,0
8646,34,1,0,0
8647,15,1,0,0
8648,38,1,0,0
8649,36,1,0,0
8650,149,1,0,0
8651,14,1,0,0
8652,90,1,0,0
8653,193,1,0,0
8654,98,1,0,0
8655,26,1,0,0
8656,16,1,0,0
8657,82,1,0,0
8658,54,1,0,0
8659,25,1,0,0
8660,28,1,0,0
8661,104,1,0,0
8662,47,1,0,0
8663,47,1,0,0
8664,164,1,0,0
8665,63,1,0,0
8666,85,1,0,0
8667,34,1,0,0
8668,13,1,0,0
8669,69,1,0,0
8670,47,1,0,0
8671,38,1,0,0
8672,46,1,0,0
8673,72,1,0,0
8674,30,1,0,0
8675,23,1,0,0
8676,87,1,0,0
8677,113,1,0,0
8678,32,1,0,0
8679,46,1,0,0
8680,192,1,0,0
8681,140,1,0,0
8682,241,1,0,0
8683,22,1,0,0
8684,92,1,0,0
8685,32,1,0,0
8686,24,1,0,0
8687,47,1,0,0
8688,59,1,0,0
8689,48,1,0,0
8690,45,1,0,0
8691,37,1,0,0
8692,104,1,0,0
8693,185,1,0,0
8694,99,1,0,0
8695,112,1,0,0
8696,112,1,0,0
8697,31,1,0,0
8698,74,1,0,0
8699,66,1,0,0
8700,59,1,0,0
8701,122,1,0,0
8702,71,1,0,0
8703,68,1,0,0
8704,25,1,0,0
8705,91,1,0,0
8706,42,1,0,0
8707,12,1,0,0
8708,35,1,0,0
8709,128,1,0,0
8710,43,1,0,0
8711,8,1,0,0
8712,59,1,0,0
8713,68,1,0,0
8714,60,1,0,0
8715,56,1,0,0
8716,52,1,0,0
8717,82,1,0,0
8718,20,1,0,0
8719,50,1,0,0
8720,30,1,0,0
8721,46,1,0,0
8722,73,1,0,0
8723,61,1,0,0
8724,116,1,0,0
8725,89,1,0,0
8726,196,1,0,0
8727,138,1,0,0
8728,60,1,0,0
8729,54,1,0,0
8730,187,1,0,0
8731,50,1,0,0
8732,21,1,0,0
8733,21,1,0,0
8734,59,1,0,0
8735,48,1,0,0
8736,115,1,0,0
8737,52,1,0,0
8738,23,1,0,0
8739,59,1,0,0
8740,63,1,0,0
8741,221,1,0,0
8742,15,1,0,0
8743,100,1,0,0
8744,52,1,0,0
8745,27,1,0,0
8746,23,1,0,0
8747,21,1,0,0
8748,77,1,0,0
8749,104,1,0,0
8750,55,1,0,0
8751,26,1,0,0
8752,136,1,0,0
8753,183,1,0,0
8754,96,1,0,0
8755,85,1,0,0
8756,43,1,0,0
8757,185,1,0,0
8758,56,1,0,0
8759,204,1,0,0
8760,53,1,0,0
8761,121,1,0,0
8762,123,1,0,0
8763,92,1,0,0
8764,130,1,0,0
8765,60,1,0,0
8766,11,1,0,0
8767,38,1,0,0
8768,24,1,0,0
8769,72,1,0,0
8770,71,1,0,0
8771,15,1,0,0
8772,45,1,0,0
8773,146,1,0,0
8774,58,1,0,0
8775,38,1,0,0
8776,142,1,0,0
8777,85,1,0,0
8778,64,1,0,0
8779,151,1,0,0
8780,83,1,0,0
8781,44,1,0,0
8782,75,1,0,0
8783,93,1,0,0
8784,152,1,0,0
8785,68,1,0,0
8786,34,1,0,0
8787,34,1,0,0
8788,104,1,0,0
8789,42,1,0,0
8790,40,1,0,0
8791,129,1,0,0
8792,100,1,0,0
8793,116,1,0,0
8794,11,1,0,0
8795,42,1,0,0
8796,36,1,0,0
8797,24,1,0,0
8798,81,1,0,0
8799,160,1,0,0
8800,116,1,0,0
8801,16,1,0,0
8802,28,1,0,0
8803,158,1,0,0
8804,61,1,0,0
8805,28,1,0,0
8806,40,1,0,0
8807,58,1,0,0
8808,100,1,0,0
8809,35,1,0,0
8810,66,1,0,0
8811,56,1,0,0
8812,87,1,0,0
8813,21,1,0,0
8814,24,1,0,0
8815,64,1,0,0
8816,42,1,0,0
8817,63,1,0,0
8818,87,1,0,0
8819,83,1,0,0
8820,78,1,0,0
8821,55,1,0,0
8822,36,1,0,0
8823,154,1,0,0
8824,38,1,0,0
8825,45,1,0,0
8826,18,1,0,0
8827,37,1,0,0
8828,140,1,0,0
8829,64,1,0,0
8830,57,1,0,0
8831,133,1,0,0
8832,25,1,0,0
8833,99,1,0,0
8834,49,1,0,0
8835,148,1,0,0
8836,32,1,0,0
8837,71,1,0,0
8838,101,1,0,0
8839,193,1,0,0
8840,75,1,0,0
8841,122,1,0,0
8842,23,1,0,0
8843,110,1,0,0
8844,35,1,0,0
8845,24,1,0,0
8846,117,1,0,0
8847,117,1,0,0
8848,14,1,0,0
8849,56,1,0,0
8850,145,1,0,0
8851,33,1,0,0
8852,61,1,0,0
8853,59,1,0,0
8854,119,1,0,0
8855,28,1,0,0
8856,49,1,0,0
8857,15,1,0,0
8858,31,1,0,0
8859,87,1,0,0
8860,42,1,0,0
8861,129,1,0,0
8862,22,1,0,0
8863,35,1,0,0
8864,48,1,0,0
8865,122,1,0,0
8866,101,1,0,0
8867,82,1,0,0
8868,149,1,0,0
8869,25,1,0,0
8870,60,1,0,0
8871,75,1,0,0
8872,71,1,0,0
8873,9,1,0,0
8874,35,1,0,0
8875,80,1,0,0
8876,117,1,0,0
8877,163,1,0,0
8878,138,1,0,0
8879,45,1,0,0
8880,29,1,0,0
8881,244,1,0,0
8882,59,1,0,0
8883,82,1,0,0
8884,67,1,0,0
8885,55,1,0,0
8886,77,1,0,0
8887,40,1,0,0
8888,27,1,0,0
8889,43,1,0,0
8890,168,1,0,0
8891,35,1,0,0
8892,84,1,0,0
8893,42,1,0,0
8894,16,1,0,0
8895,15,1,0,0
8896,118,1,0,0
8897,44,1,0,0
8898,89,1,0,0
8899,42,1,0,0
8900,56,1,0,0
8901,90,1,0,0
8902,209,1,0,0
8903,59,1,0,0
8904,93,1,0,0
8905,15,1,0,0
8906,92,1,0,0
8907,107,1,0,0
8908,103,1,0,0
8909,61,1,0,0
8910,15,1,0,0
8911,64,1,0,0
8912,18,1,0,0
8913,19,1,0,0
8914,55,1,0,0
8915,56,1,0,0
8916,35,1,0,0
8917,67,1,0,0
8918,225,1,0,0
8919,109,1,0,0
8920,106,1,0,0
8921,136,1,0,0
8922,50,1,0,0
8923,162,1,0,0
8924,26,1,0,0
8925,61,1,0,0
8926,64,1,0,0
8927,45,1,0,0
8928,54,1,0,0
8929,123,1,0,0
8930,134,1,0,0
8931,213,1,0,0
8932,318,1,0,0
8933,114,1,0,0
8934,91,1,0,0
8935,79,1,0,0
8936,17,1,0,0
8937,74,1,0,0
8938,154,1,0,0
8939,21,1,0,0
8940,138,1,0,0
8941,66,1,0,0
8942,96,1,0,0
8943,92,1,0,0
8944,181,1,0,0
8945,81,1,0,0
8946,47,1,0,0
8947,19,1,0,0
8948,133,1,0,0
8949,36,1,0,0
8950,14,1,0,0
8951,9,1,0,0
8952,94,1,0,0
8953,73,1,0,0
8954,121,1,0,0
8955,83,1,0,0
8956,110,1,0,0
8957,22,1,0,0
8958,74,1,0,0
8959,128,1,0,0
8960,48,1,0,0
8961,22,1,0,0
8962,49,1,0,0
8963,22,1,0,0
8964,49,1,0,0
8965,165,1,0,0
8966,279,1,0,0
8967,89,1,0,0
8968,50,1,0,0
8969,84,1,0,0
8970,49,1,0,0
8971,107,1,0,0
8972,38,1,0,0
8973,81,1,0,0
8974,52,1,0,0
8975,79,1,0,0
8976,66,1,0,0
8977,15,1,0,0
8978,169,1,0,0
8979,92,1,0,0
8980,65,1,0,0
8981,124,1,0,0
8982,30,1,0,0
8983,100,1,0,0
8984,45,1,0,0
8985,47,1,0,0
8986,62,1,0,0
8987,65,1,0,0
8988,76,1,0,0
8989,17,1,0,0
8990,34,1,0,0
8991,69,1,0,0
8992,50,1,0,0
8993,61,1,0,0
8994,35,1,0,0
8995,75,1,0,0
8996,45,1,0,0
8997,108,1,0,0
8998,283,1,0,0
8999,75,1,0,0
9000,41,1,0,0
9001,48,1,0,0
9002,96,1,0,0
9003,16,1,0,0
9004,61,1,0,0
9005,90,1,0,0
9006,60,1,0,0
9007,175,1,0,0
9008,223,1,0,0
9009,67,1,0,0
9010,128,1,0,0
9011,12,1,0,0
9012,106,1,0,0
9013,100,1,0,0
9014,36,1,0,0
9015,75,1,0,0
9016,156,1,0,0
9017,19,1,0,0
9018,11,1,0,0
9019,80,1,0,0
9020,32,1,0,0
9021,103,1,0,0
9022,57,1,0,0
9023,102,1,0,0
9024,17,1,0,0
9025,42,1,0,0
9026,132,1,0,0
9027,27,1,0,0
9028,44,1,0,0
9029,27,1,0,0
9030,87,1,0,0
9031,76,1,0,0
9032,82,1,0,0
9033,36,1,0,0
9034,21,1,0,0
9035,93,1,0,0
9036,70,1,0,0
9037,152,1,0,0
9038,149,1,0,0
9039,36,1,0,0
9040,65,1,0,0
9041,201,1,0,0
9042,24,1,0,0
9043,110,1,0,0
9044,170,1,0,0
9045,59,1,0,0
9046,108,1,0,0
9047,53,1,0,0
9048,167,1,0,0
9049,34,1,0,0
9050,168,1,0,0
9051,90,1,0,0
9052,8,1,0,0
9053,83,1,0,0
9054,44,1,0,0
9055,75,1,0,0
9056,64,1,0,0
9057,36,1,0,0
9058,50,1,0,0
9059,54,1,0,0
9060,47,1,0,0
9061,17,1,0,0
9062,30,1,0,0
9063,27,1,0,0
9064,63,1,0,0
9065,111,1,0,0
9066,23,1,0,0
9067,92,1,0,0
9068,25,1,0,0
9069,54,1,0,0
9070,47,1,0,0
9071,74,1,0,0
9072,46,1,0,0
9073,35,1,0,0
9074,51,1,0,0
9075,53,1,0,0
9076,64,1,0,0
9077,91,1,0,0
9078,91,1,0,0
9079,45,1,0,0
9080,36,1,0,0
9081,92,1,0,0
9082,74,1,0,0
9083,59,1,0,0
9084,20,1,0,0
9085,22,1,0,0
9086,58,1,0,0
9087,39,1,0,0
9088,156,1,0,0
9089,89,1,0,0
9090,48,1,0,0
9091,104,1,0,0
9092,88,1,0,0
9093,13,1,0,0
9094,90,1,0,0
9095,103,1,0,0
9096,72,1,0,0
9097,76,1,0,0
9098,52,1,0,0
9099,30,1,0,0
9100,115,1,0,0
9101,49,1,0,0
9102,107,1,0,0
9103,50,1,0,0
9104,55,1,0,0
9105,128,1,0,0
9106,38,1,0,0
9107,38,1,0,0
9108,91,1,0,0
9109,34,1,0,0
9110,303,1,0,0
9111,51,1,0,0
9112,44,1,0,0
9113,60,1,0,0
9114,76,1,0,0
9115,41,1,0,0
9116,112,1,0,0
9117,13,1,0,0
9118,27,1,0,0
9119,63,1,0,0
9120,39,1,0,0
9121,74,1,0,0
9122,72,1,0,0
9123,103,1,0,0
9124,56,1,0,0
9125,9,1,0,0
9126,78,1,0,0
9127,10,1,0,0
9128,88,1,0,0
9129,21,1,0,0
9130,142,1,0,0
9131,64,1,0,0
9132,50,1,0,0
9133,13,1,0,0
9134,25,1,0,0
9135,76,1,0,0
9136,140,1,0,0
9137,69,1,0,0
9138,20,1,0,0
9139,23,1,0,0
9140,39,1,0,0
9141,52,1,0,0
9142,251,1,0,0
9143,22,1,0,0
9144,96,1,0,0
9145,228,1,0,0
9146,102,1,0,0
9147,50,1,0,0
9148,71,1,0,0
9149,75,1,0,0
9150,64,1,0,0
9151,193,1,0,0
9152,64,1,0,0
9153,120,1,0,0
9154,83,1,0,0
9155,34,1,0,0
9156,95,1,0,0
9157,15,1,0,0
9158,31,1,0,0
9159,92,1,0,0
9160,31,1,0,0
9161,92,1,0,0
9162,93,1,0,0
9163,172,1,0,0
9164,78,1,0,0
9165,40,1,0,0
9166,67,1,0,0
9167,62,1,0,0
9168,64,1,0,0
9169,82,1,0,0
9170,107,1,0,0
9171,151,1,0,0
9172,96,1,0,0
9173,11,1,0,0
9174,76,1,0,0
9175,67,1,0,0
9176,49,1,0,0
9177,35,1,0,0
9178,42,1,0,0
9179,16,1,0,0
9180,28,1,0,0
9181,46,1,0,0
9182,25,1,0,0
9183,69,1,0,0
9184,46,1,0,0
9185,52,1,0,0
9186,12,1,0,0
9187,94,1,0,0
9188,40,1,0,0
9189,99,1,0,0
9190,48,1,0,0
9191,9,1,0,0
9192,17,1,0,0
9193,66,1,0,0
9194,9,1,0,0
9195,82,1,0,0
9196,25,1,0,0
9197,91,1,0,0
9198,54,1,0,0
9199,261,1,0,0
9200,72,1,0,0
9201,37,1,0,0
9202,64,1,0,0
9203,44,1,0,0
9204,151,1,0,0
9205,55,1,0,0
9206,8,1,0,0
9207,71,1,0,0
9208,53,1,0,0
9209,32,1,0,0
9210,26,1,0,0
9211,57,1,0,0
9212,172,1,0,0
9213,57,1,0,0
9214,45,1,0,0
9215,20,1,0,0
9216,22,1,0,0
9217,36,1,0,0
9218,25,1,0,0
9219,26,1,0,0
9220,36,1,0,0
9221,158,1,0,0
9222,174,1,0,0
9223,29,1,0,0
9224,71,1,0,0
9225,124,1,0,0
9226,143,1,0,0
9227,31,1,0,0
9228,25,1,0,0
9229,75,1,0,0
9230,94,1,0,0
9231,209,1,0,0
9232,78,1,0,0
9233,77,1,0,0
9234,60,1,0,0
9235,50,1,0,0
9236,56,1,0,0
9237,23,1,0,0
9238,23,1,0,0
9239,63,1,0,0
9240,52,1,0,0
9241,31,1,0,0
9242,93,1,0,0
9243,75,1,0,0
9244,61,1,0,0
9245,13,1,0,0
9246,77,1,0,0
9247,35,1,0,0
9248,111,1,0,0
9249,34,1,0,0
9250,83,1,0,0
9251,68,1,0,0
9252,178,1,0,0
9253,49,1,0,0
9254,113,1,0,0
9255,57,1,0,0
9256,27,1,0,0
9257,143,1,0,0
9258,193,1,0,0
9259,160,1,0,0
9260,44,1,0,0
9261,49,1,0,0
9262,97,1,0,0
9263,32,1,0,0
9264,120,1,0,0
9265,71,1,0,0
9266,9,1,0,0
9267,30,1,0,0
9268,54,1,0,0
9269,33,1,0,0
9270,72,1,0,0
9271,74,1,0,0
9272,35,1,0,0
9273,15,1,0,0
9274,25,1,0,0
9275,22,1,0,0
9276,51,1,0,0
9277,67,1,0,0
9278,30,1,0,0
9279,116,1,0,0
9280,126,1,0,0
9281,61,1,0,0
9282,114,1,0,0
9283,21,1,0,0
9284,33,1,0,0
9285,81,1,0,0
9286,114,1,0,0
9287,168,1,0,0
9288,26,1,0,0
9289,78,1,0,0
9290,26,1,0,0
9291,47,1,0,0
9292,51,1,0,0
9293,117,1,0,0
9294,65,1,0,0
9295,49,1,0,0
9296,139,1,0,0
9297,30,1,0,0
9298,24,1,0,0
9299,18,1,0,0
9300,144,1,0,0
9301,32,1,0,0
9302,41,1,0,0
9303,50,1,0,0
9304,132,1,0,0
9305,79,1,0,0
9306,143,1,0,0
9307,69,1,0,0
9308,56,1,0,0
9309,17,1,0,0
9310,45,1,0,0
9311,88,1,0,0
9312,203,1,0,0
9313,88,1,0,0
9314,146,1,0,0
9315,56,1,0,0
9316,34,1,0,0
9317,72,1,0,0
9318,53,1,0,0
9319,148,1,0,0
9320,71,1,0,0
9321,60,1,0,0
9322,59,1,0,0
9323,25,1,0,0
9324,76,1,0,0
9325,139,1,0,0
9326,49,1,0,0
9327,71,1,0,0
9328,23,1,0,0
9329,87,1,0,0
9330,108,1,0,0
9331,13,1,0,0
9332,71,1,0,0
9333,58,1,0,0
9334,96,1,0,0
9335,116,1,0,0
9336,19,1,0,0
9337,33,1,0,0
9338,59,1,0,0
9339,112,1,0,0
9340,57,1,0,0
9341,77,1,0,0
9342,269,1,0,0
9343,12,1,0,0
9344,90,1,0,0
9345,65,1,0,0
9346,129,1,0,0
9347,151,1,0,0
9348,218,1,0,0
9349,94,1,0,0
9350,21,1,0,0
9351,65,1,0,0
9352,47,1,0,0
9353,96,1,0,0
9354,41,1,0,0
9355,17,1,0,0
9356,85,1,0,0
9357,63,1,0,0
9358,23,1,0,0
9359,60,1,0,0
9360,34,1,0,0
9361,74,1,0,0
9362,234,1,0,0
9363,51,1,0,0
9364,95,1,0,0
9365,101,1,0,0
9366,21,1,0,0
9367,38,1,0,0
9368,66,1,0,0
9369,12,1,0,0
9370,17,1,0,0
9371,176,1,0,0
9372,76,1,0,0
9373,65,1,0,0
9374,88,1,0,0
9375,22,1,0,0
9376,42,1,0,0
9377,89,1,0,0
9378,78,1,0,0
9379,70,1,0,0
9380,71,1,0,0
9381,130,1,0,0
9382,85,1,0,0
9383,82,1,0,0
9384,23,1,0,0
9385,108,1,0,0
9386,13,1,0,0
9387,28,1,0,0
9388,14,1,0,0
9389,18,1,0,0
9390,37,1,0,0
9391,105,1,0,0
9392,62,1,0,0
9393,39,1,0,0
9394,60,1,0,0
9395,144,1,0,0
9396,70,1,0,0
9397,56,1,0,0
9398,96,1,0,0
9399,79,1,0,0
9400,23,1,0,0
9401,26,1,0,0
9402,58,1,0,0
9403,13,1,0,0
9404,142,1,0,0
9405,86,1,0,0
9406,36,1,0,0
9407,20,1,0,0
9408,98,1,0,0
9409,39,1,0,0
9410,78,1,0,0
9411,302,1,0,0
9412,43,1,0,0
9413,27,1,0,0
9414,15,1,0,0
9415,32,1,0,0
9416,145,1,0,0
9417,33,1,0,0
9418,115,1,0,0
9419,39,1,0,0
9420,178,1,0,0
9421,107,1,0,0
9422,69,1,0,0
9423,157,1,0,0
9424,50,1,0,0
9425,93,1,0,0
9426,50,1,0,0
9427,9,1,0,0
9428,26,1,0,0
9429,18,1,0,0
9430,18,1,0,0
9431,25,1,0,0
9432,29,1,0,0
9433,91,1,0,0
9434,60,1,0,0
9435,91,1,0,0
9436,72,1,0,0
9437,95,1,0,0
9438,16,1,0,0
9439,101,1,0,0
9440,230,1,0,0
9441,91,1,0,0
9442,8,1,0,0
9443,37,1,0,0
9444,52,1,0,0
9445,63,1,0,0
9446,76,1,0,0
9447,47,1,0,0
9448,46,1,0,0
9449,46,1,0,0
9450,78,1,0,0
9451,187,1,0,0
9452,148,1,0,0
9453,39,1,0,0
9454,88,1,0,0
9455,13,1,0,0
9456,175,1,0,0
9457,56,1,0,0
9458,94,1,0,0
9459,81,1,0,0
9460,35,1,0,0
9461,92,1,0,0
9462,127,1,0,0
9463,13,1,0,0
9464,164,1,0,0
9465,253,1,0,0
9466,21,1,0,0
9467,76,1,0,0
9468,51,1,0,0
9469,53,1,0,0
9470,94,1,0,0
9471,24,1,0,0
9472,25,1,0,0
9473,117,1,0,0
9474,120,1,0,0
9475,52,1,0,0
9476,44,1,0,0
9477,29,1,0,0
9478,101,1,0,0
9479,31,1,0,0
9480,9,1,0,0
9481,100,1,0,0
9482,37,1,0,0
9483,78,1,0,0
9484,38,1,0,0
9485,29,1,0,0
9486,122,1,0,0
9487,29,1,0,0
9488,80,1,0,0
9489,73,1,0,0
9490,36,1,0,0
9491,58,1,0,0
9492,25,1,0,0
9493,31,1,0,0
9494,86,1,0,0
9495,12,1,0,0
9496,50,1,0,0
9497,39,1,0,0
9498,35,1,0,0
9499,122,1,0,0
9500,63,1,0,0
9501,71,1,0,0
9502,213,1,0,0
9503,38,1,0,0
9504,72,1,0,0
9505,28,1,0,0
9506,92,1,0,0
9507,77,1,0,0
9508,74,1,0,0
9509,43,1,0,0
9510,36,1,0,0
9511,72,1,0,0
9512,89,1,0,0
9513,45,1,0,0
9514,71,1,0,0
9515,70,1,0,0
9516,21,1,0,0
9517,68,1,0,0
9518,65,1,0,0
9519,102,1,0,0
9520,41,1,0,0
9521,9,1,0,0
9522,28,1,0,0
9523,119,1,0,0
9524,23,1,0,0
9525,26,1,0,0
9526,53,1,0,0
9527,22,1,0,0
9528,111,1,0,0
9529,14,1,0,0
9530,146,1,0,0
9531,44,1,0,0
9532,30,1,0,0
9533,38,1,0,0
9534,18,1,0,0
9535,45,1,0,0
9536,42,1,0,0
9537,33,1,0,0
9538,49,1,0,0
9539,13,1,0,0
9540,14,1,0,0
9541,34,1,0,0
9542,33,1,0,0
9543,50,1,0,0
9544,130,1,0,0
9545,141,1,0,0
9546,119,1,0,0
9547,40,1,0,0
9548,63,1,0,0
9549,68,1,0,0
9550,57,1,0,0
9551,16,1,0,0
9552,145,1,0,0
9553,11,1,0,0
9554,43,1,0,0
9555,82,1,0,0
9556,45,1,0,0
9557,12,1,0,0
9558,40,1,0,0
9559,69,1,0,0
9560,13,1,0,0
9561,40,1,0,0
9562,39,1,0,0
9563,17,1,0,0
9564,56,1,0,0
9565,99,1,0,0
9566,19,1,0,0
9567,33,1,0,0
9568,28,1,0,0
9569,117,1,0,0
9570,40,1,0,0
9571,124,1,0,0
9572,103,1,0,0
9573,41,1,0,0
9574,7,1,0,0
9575,104,1,0,0
9576,16,1,0,0
9577,40,1,0,0
9578,161,1,0,0
9579,19,1,0,0
9580,103,1,0,0
9581,63,1,0,0
9582,58,1,0,0
9583,40,1,0,0
9584,16,1,0,0
9585,57,1,0,0
9586,37,1,0,0
9587,73,1,0,0
9588,71,1,0,0
9589,85,1,0,0
9590,20,1,0,0
9591,68,1,0,0
9592,25,1,0,0
9593,44,1,0,0
9594,72,1,0,0
9595,51,1,0,0
9596,45,1,0,0
9597,73,1,0,0
9598,39,1,0,0
9599,95,1,0,0
9600,9,1,0,0
9601,96,1,0,0
9602,48,1,0,0
9603,64,1,0,0
9604,43,1,0,0
9605,74,1,0,0
9606,52,1,0,0
9607,39,1,0,0
9608,76,1,0,0
9609,39,1,0,0
9610,7,1,0,0
9611,67,1,0,0
9612,26,1,0,0
9613,40,1,0,0
9614,83,1,0,0
9615,97,1,0,0
9616,89,1,0,0
9617,63,1,0,0
9618,34,1,0,0
9619,50,1,0,0
9620,66,1,0,0
9621,52,1,0,0
9622,103,1,0,0
9623,18,1,0,0
9624,36,1,0,0
9625,81,1,0,0
9626,28,1,0,0
9627,243,1,0,0
9628,174,1,0,0
9629,96,1,0,0
9630,66,1,0,0
9631,61,1,0,0
9632,32,1,0,0
9633,46,1,0,0
9634,88,1,0,0
9635,30,1,0,0
9636,79,1,0,0
9637,72,1,0,0
9638,99,1,0,0
9639,133,1,0,0
9640,92,1,0,0
9641,39,1,0,0
9642,65,1,0,0
9643,15,1,0,0
9644,41,1,0,0
9645,126,1,0,0
9646,13,1,0,0
9647,158,1,0,0
9648,98,1,0,0
9649,93,1,0,0
9650,74,1,0,0
9651,72,1,0,0
9652,23,1,0,0
9653,50,1,0,0
9654,257,1,0,0
9655,346,1,0,0
9656,139,1,0,0
9657,56,1,0,0
9658,115,1,0,0
9659,131,1,0,0
9660,22,1,0,0
9661,20,1,0,0
9662,34,1,0,0
9663,104,1,0,0
9664,90,1,0,0
9665,86,1,0,0
9666,23,1,0,0
9667,38,1,0,0
9668,29,1,0,0
9669,53,1,0,0
9670,197,1,0,0
9671,39,1,0,0
9672,17,1,0,0
9673,14,1,0,0
9674,90,1,0,0
9675,37,1,0,0
9676,55,1,0,0
9677,27,1,0,0
9678,47,1,0,0
9679,27,1,0,0
9680,122,1,0,0
9681,85,1,0,0
9682,32,1,0,0
9683,105,1,0,0
9684,33,1,0,0
9685,230,1,0,0
9686,65,1,0,0
9687,89,1,0,0
9688,90,1,0,0
9689,162,1,0,0
9690,41,1,0,0
9691,72,1,0,0
9692,57,1,0,0
9693,49,1,0,0
9694,75,1,0,0
9695,94,1,0,0
9696,13,1,0,0
9697,142,1,0,0
9698,15,1,0,0
9699,85,1,0,0
9700,63,1,0,0
9701,66,1,0,0
9702,101,1,0,0
9703,50,1,0,0
9704,27,1,0,0
9705,27,1,0,0
9706,25,1,0,0
9707,37,1,0,0
9708,83,1,0,0
9709,120,1,0,0
9710,201,1,0,0
9711,173,1,0,0
9712,32,1,0,0
9713,110,1,0,0
9714,59,1,0,0
9715,38,1,0,0
9716,15,1,0,0
9717,28,1,0,0
9718,100,1,0,0
9719,40,1,0,0
9720,32,1,0,0
9721,73,1,0,0
9722,267,1,0,0
9723,58,1,0,0
9724,172,1,0,0
9725,179,1,0,0
9726,69,1,0,0
9727,53,1,0,0
9728,68,1,0,0
9729,299,1,0,0
9730,79,1,0,0
9731,66,1,0,0
9732,17,1,0,0
9733,87,1,0,0
9734,67,1,0,0
9735,46,1,0,0
9736,15,1,0,0
9737,107,1,0,0
9738,82,1,0,0
9739,132,1,0,0
9740,9,1,0,0
9741,7,1,0,0
9742,29,1,0,0
9743,10,1,0,0
9744,23,1,0,0
9745,105,1,0,0
9746,19,1,0,0
9747,76,1,0,0
9748,68,1,0,0
9749,54,1,0,0
9750,44,1,0,0
9751,31,1,0,0
9752,69,1,0,0
9753,48,1,0,0
9754,31,1,0,0
9755,110,1,0,0
9756,49,1,0,0
9757,33,1,0,0
9758,99,1,0,0
9759,140,1,0,0
9760,130,1,0,0
9761,81,1,0,0
9762,126,1,0,0
9763,44,1,0,0
9764,11,1,0,0
9765,31,1,0,0
9766,67,1,0,0
9767,18,1,0,0
9768,127,1,0,0
9769,86,1,0,0
9770,91,1,0,0
9771,135,1,0,0
9772,27,1,0,0
9773,37,1,0,0
9774,96,1,0,0
9775,68,1,0,0
9776,82,1,0,0
9777,63,1,0,0
9778,161,1,0,0
9779,28,1,0,0
9780,91,1,0,0
9781,61,1,0,0
9782,51,1,0,0
9783,164,1,0,0
9784,64,1,0,0
9785,19,1,0,0
9786,93,1,0,0
9787,39,1,0,0
9788,44,1,0,0
9789,116,1,0,0
9790,65,1,0,0
9791,137,1,0,0
9792,25,1,0,0
9793,57,1,0,0
9794,52,1,0,0
9795,38,1,0,0
9796,73,1,0,0
9797,77,1,0,0
9798,19,1,0,0
9799,117,1,0,0
9800,160,1,0,0
9801,127,1,0,0
9802,64,1,0,0
9803,98,1,0,0
9804,122,1,0,0
9805,30,1,0,0
9806,28,1,0,0
9807,22,1,0,0
9808,16,1,0,0
9809,60,1,0,0
9810,64,1,0,0
9811,28,1,0,0
9812,55,1,0,0
9813,53,1,0,0
9814,90,1,0,0
9815,176,1,0,0
9816,11,1,0,0
9817,187,1,0,0
9818,103,1,0,0
9819,40,1,0,0
9820,126,1,0,0
9821,73,1,0,0
9822,27,1,0,0
9823,48,1,0,0
9824,20,1,0,0
9825,44,1,0,0
9826,87,1,0,0
9827,76,1,0,0
9828,44,1,0,0
9829,40,1,0,0
9830,115,1,0,0
9831,34,1,0,0
9832,70,1,0,0
9833,98,1,0,0
9834,22,1,0,0
9835,32,1,0,0
9836,27,1,0,0
9837,16,1,0,0
9838,37,1,0,0
9839,57,1,0,0
9840,19,1,0,0
9841,50,1,0,0
9842,112,1,0,0
9843,12,1,0,0
9844,42,1,0,0
9845,80,1,0,0
9846,55,1,0,0
9847,23,1,0,0
9848,81,1,0,0
9849,49,1,0,0
9850,196,1,0,0
9851,31,1,0,0
9852,110,1,0,0
9853,106,1,0,0
9854,155,1,0,0
9855,46,1,0,0
9856,50,1,0,0
9857,62,1,0,0
9858,60,1,0,0
9859,59,1,0,0
9860,83,1,0,0
9861,91,1,0,0
9862,64,1,0,0
9863,21,1,0,0
9864,36,1,0,0
9865,21,1,0,0
9866,81,1,0,0
9867,98,1,0,0
9868,118,1,0,0
9869,82,1,0,0
9870,52,1,0,0
9871,45,1,0,0
9872,15,1,0,0
9873,72,1,0,0
9874,100,1,0,0
9875,35,1,0,0
9876,67,1,0,0
9877,16,1,0,0
9878,114,1,0,0
9879,78,1,0,0
9880,52,1,0,0
9881,57,1,0,0
9882,162,1,0,0
9883,46,1,0,0
9884,50,1,0,0
9885,37,1,0,0
9886,69,1,0,0
9887,113,1,0,0
9888,151,1,0,0
9889,59,1,0,0
9890,44,1,0,0
9891,77,1,0,0
9892,186,1,0,0
9893,56,1,0,0
9894,9,1,0,0
9895,177,1,0,0
9896,145,1,0,0
9897,36,1,0,0
9898,168,1,0,0
9899,52,1,0,0
9900,39,1,0,0
9901,8,1,0,0
9902,15,1,0,0
9903,112,1,0,0
9904,58,1,0,0
9905,34,1,0,0
9906,102,1,0,0
9907,53,1,0,0
9908,42,1,0,0
9909,26,1,0,0
9910,15,1,0,0
9911,55,1,0,0
9912,32,1,0,0
9913,63,1,0,0
9914,43,1,0,0
9915,134,1,0,0
9916,45,1,0,0
9917,22,1,0,0
9918,43,1,0,0
9919,57,1,0,0
9920,29,1,0,0
9921,65,1,0,0
9922,38,1,0,0
9923,259,1,0,0
9924,57,1,0,0
9925,85,1,0,0
9926,171,1,0,0
9927,51,1,0,0
9928,97,1,0,0
9929,216,1,0,0
9930,50,1,0,0
9931,67,1,0,0
9932,13,1,0,0
9933,44,1,0,0
9934,129,1,0,0
9935,71,1,0,0
9936,160,1,0,0
9937,50,1,0,0
9938,24,1,0,0
9939,98,1,0,0
9940,56,1,0,0
9941,73,1,0,0
9942,32,1,0,0
9943,51,1,0,0
9944,117,1,0,0
9945,22,1,0,0
9946,131,1,0,0
9947,121,1,0,0
9948,69,1,0,0
9949,19,1,0,0
9950,121,1,0,0
9951,41,1,0,0
9952,146,1,0,0
9953,83,1,0,0
9954,35,1,0,0
9955,329,1,0,0
9956,191,1,0,0
9957,21,1,0,0
9958,78,1,0,0
9959,62,1,0,0
9960,128,1,0,0
9961,54,1,0,0
9962,68,1,0,0
9963,36,1,0,0
9964,35,1,0,0
9965,113,1,0,0
9966,75,1,0,0
9967,100,1,0,0
9968,99,1,0,0
9969,151,1,0,0
9970,39,1,0,0
9971,17,1,0,0
9972,72,1,0,0
9973,34,1,0,0
9974,46,1,0,0
9975,41,1,0,0
9976,58,1,0,0
9977,37,1,0,0
9978,17,1,0,0
9979,115,1,0,0
9980,19,1,0,0
9981,184,1,0,0
9982,63,1,0,0
9983,107,1,0,0
9984,115,1,0,0
9985,65,1,0,0
9986,74,1,0,0
9987,70,1,0,0
9988,77,1,0,0
9989,128,1,0,0
9990,49,1,0,0
9991,93,1,0,0
9992,132,1,0,0
9993,13,1,0,0
9994,58,1,0,0
9995,61,1,0,0
9996,13,1,0,0
9997,94,1,0,0
9998,99,1,0,0
9999,35,1,0,0
