trial,final_step,trapped,boundary_dead,contact_dead
0,101,1,0,0
1,48,1,0,0
2,51,1,0,0
3,19,1,0,0
4,92,1,0,0
5,34,1,0,0
6,23,1,0,0
7,117,1,0,0
8,100,1,0,0
9,88,1,0,0
10,27,1,0,0
11,29,1,0,0
12,294,1,0,0
13,95,1,0,0
14,44,1,0,0
15,107,1,0,0
16,65,1,0,0
17,43,1,0,0
18,68,1,0,0
19,237,1,0,0
20,52,1,0,0
21,102,1,0,0
22,30,1,0,0
23,39,1,0,0
24,8,1,0,0
25,32,1,0,0
26,63,1,0,0
27,46,1,0,0
28,50,1,0,0
29,12,1,0,0
30,144,1,0,0
31,143,1,0,0
32,49,1,0,0
33,76,1,0,0
34,60,1,0,0
35,73,1,0,0
36,43,1,0,0
37,171,1,0,0
38,35,1,0,0
39,77,1,0,0
40,11,1,0,0
41,46,1,0,0
42,45,1,0,0
43,61,1,0,0
44,83,1,0,0
45,27,1,0,0
46,24,1,0,0
47,72,1,0,0
48,39,1,0,0
49,54,1,0,0
50,30,1,0,0
51,25,1,0,0
52,28,1,0,0
53,45,1,0,0
54,63,1,0,0
55,56,1,0,0
56,12,1,0,0
57,156,1,0,0
58,48,1,0,0
59,124,1,0,0
60,83,1,0,0
61,27,1,0,0
62,50,1,0,0
63,85,1,0,0
64,98,1,0,0
65,124,1,0,0
66,132,1,0,0
67,32,1,0,0
68,11,1,0,0
69,18,1,0,0
70,15,1,0,0
71,8,1,0,0
72,122,1,0,0
73,70,1,0,0
74,12,1,0,0
75,252,1,0,0
76,120,1,0,0
77,82,1,0,0
78,35,1,0,0
79,18,1,0,0
80,15,1,0,0
81,101,1,0,0
82,88,1,0,0
83,34,1,0,0
84,164,1,0,0
85,35,1,0,0
86,24,1,0,0
87,48,1,0,0
88,56,1,0,0
89,121,1,0,0
90,64,1,0,0
91,147,1,0,0
92,73,1,0,0
93,23,1,0,0
94,35,1,0,0
95,41,1,0,0
96,59,1,0,0
97,67,1,0,0
98,57,1,0,0
99,45,1,0,0
100,44,1,0,0
101,213,1,0,0
102,107,1,0,0
103,33,1,0,0
104,40,1,0,0
105,52,1,0,0
106,72,1,0,0
107,94,1,0,0
108,62,1,0,0
109,21,1,0,0
110,153,1,0,0
111,19,1,0,0
112,130,1,0,0
113,62,1,0,0
114,92,1,0,0
115,137,1,0,0
116,50,1,0,0
117,110,1,0,0
118,71,1,0,0
119,146,1,0,0
120,76,1,0,0
121,23,1,0,0
122,86,1,0,0
123,26,1,0,0
124,48,1,0,0
125,160,1,0,0
126,41,1,0,0
127,36,1,0,0
128,16,1,0,0
129,62,1,0,0
130,54,1,0,0
131,18,1,0,0
132,72,1,0,0
133,45,1,0,0
134,64,1,0,0
135,41,1,0,0
136,150,1,0,0
137,12,1,0,0
138,160,1,0,0
139,22,1,0,0
140,60,1,0,0
141,18,1,0,0
142,49,1,0,0
143,13,1,0,0
144,116,1,0,0
145,53,1,0,0
146,33,1,0,0
147,70,1,0,0
148,85,1,0,0
149,101,1,0,0
150,38,1,0,0
151,70,1,0,0
152,19,1,0,0
153,96,1,0,0
154,39,1,0,0
155,114,1,0,0
156,74,1,0,0
157,161,1,0,0
158,104,1,0,0
159,81,1,0,0
160,30,1,0,0
161,155,1,0,0
162,20,1,0,0
163,17,1,0,0
164,102,1,0,0
165,119,1,0,0
166,60,1,0,0
167,82,1,0,0
168,52,1,0,0
169,68,1,0,0
170,12,1,0,0
171,11,1,0,0
172,29,1,0,0
173,76,1,0,0
174,96,1,0,0
175,101,1,0,0
176,105,1,0,0
177,50,1,0,0
178,20,1,0,0
179,53,1,0,0
180,114,1,0,0
181,84,1,0,0
182,26,1,0,0
183,36,1,0,0
184,25,1,0,0
185,78,1,0,0
186,48,1,0,0
187,26,1,0,0
188,34,1,0,0
189,16,1,0,0
190,46,1,0,0
191,53,1,0,0
192,76,1,0,0
193,48,1,0,0
194,55,1,0,0
195,33,1,0,0
196,61,1,0,0
197,71,1,0,0
198,165,1,0,0
199,33,1,0,0
200,41,1,0,0
201,36,1,0,0
202,54,1,0,0
203,18,1,0,0
204,216,1,0,0
205,172,1,0,0
206,84,1,0,0
207,66,1,0,0
208,16,1,0,0
209,143,1,0,0
210,55,1,0,0
211,101,1,0,0
212,147,1,0,0
213,34,1,0,0
214,26,1,0,0
215,42,1,0,0
216,43,1,0,0
217,23,1,0,0
218,43,1,0,0
219,64,1,0,0
220,30,1,0,0
221,76,1,0,0
222,30,1,0,0
223,26,1,0,0
224,64,1,0,0
225,83,1,0,0
226,44,1,0,0
227,36,1,0,0
228,39,1,0,0
229,8,1,0,0
230,141,1,0,0
231,21,1,0,0
232,65,1,0,0
233,22,1,0,0
234,133,1,0,0
235,110,1,0,0
236,59,1,0,0
237,49,1,0,0
238,16,1,0,0
239,18,1,0,0
240,22,1,0,0
241,110,1,0,0
242,51,1,0,0
243,165,1,0,0
244,139,1,0,0
245,102,1,0,0
246,90,1,0,0
247,74,1,0,0
248,33,1,0,0
249,54,1,0,0
250,42,1,0,0
251,173,1,0,0
252,33,1,0,0
253,88,1,0,0
254,36,1,0,0
255,26,1,0,0
256,121,1,0,0
257,198,1,0,0
258,40,1,0,0
259,16,1,0,0
260,23,1,0,0
261,104,1,0,0
262,89,1,0,0
263,33,1,0,0
264,25,1,0,0
265,108,1,0,0
266,65,1,0,0
267,76,1,0,0
268,43,1,0,0
269,48,1,0,0
270,39,1,0,0
271,89,1,0,0
272,112,1,0,0
273,40,1,0,0
274,42,1,0,0
275,118,1,0,0
276,45,1,0,0
277,119,1,0,0
278,61,1,0,0
279,120,1,0,0
280,106,1,0,0
281,52,1,0,0
282,23,1,0,0
283,112,1,0,0
284,66,1,0,0
285,100,1,0,0
286,118,1,0,0
287,118,1,0,0
288,58,1,0,0
289,16,1,0,0
290,27,1,0,0
291,37,1,0,0
292,59,1,0,0
293,61,1,0,0
294,43,1,0,0
295,16,1,0,0
296,72,1,0,0
297,63,1,0,0
298,62,1,0,0
299,52,1,0,0
300,61,1,0,0
301,52,1,0,0
302,55,1,0,0
303,131,1,0,0
304,167,1,0,0
305,145,1,0,0
306,40,1,0,0
307,184,1,0,0
308,32,1,0,0
309,158,1,0,0
310,132,1,0,0
311,21,1,0,0
312,124,1,0,0
313,92,1,0,0
314,84,1,0,0
315,74,1,0,0
316,71,1,0,0
317,48,1,0,0
318,80,1,0,0
319,89,1,0,0
320,53,1,0,0
321,40,1,0,0
322,18,1,0,0
323,34,1,0,0
324,30,1,0,0
325,73,1,0,0
326,80,1,0,0
327,14,1,0,0
328,40,1,0,0
329,25,1,0,0
330,58,1,0,0
331,59,1,0,0
332,81,1,0,0
333,146,1,0,0
334,58,1,0,0
335,67,1,0,0
336,16,1,0,0
337,29,1,0,0
338,39,1,0,0
339,36,1,0,0
340,23,1,0,0
341,152,1,0,0
342,11,1,0,0
343,29,1,0,0
344,79,1,0,0
345,38,1,0,0
346,35,1,0,0
347,129,1,0,0
348,38,1,0,0
349,59,1,0,0
350,15,1,0,0
351,92,1,0,0
352,116,1,0,0
353,30,1,0,0
354,70,1,0,0
355,54,1,0,0
356,30,1,0,0
357,165,1,0,0
358,66,1,0,0
359,34,1,0,0
360,103,1,0,0
361,62,1,0,0
362,166,1,0,0
363,130,1,0,0
364,40,1,0,0
365,119,1,0,0
366,56,1,0,0
367,26,1,0,0
368,57,1,0,0
369,26,1,0,0
370,8,1,0,0
371,55,1,0,0
372,49,1,0,0
373,99,1,0,0
374,46,1,0,0
375,84,1,0,0
376,80,1,0,0
377,145,1,0,0
378,57,1,0,0
379,17,1,0,0
380,66,1,0,0
381,86,1,0,0
382,66,1,0,0
383,159,1,0,0
384,43,1,0,0
385,23,1,0,0
386,113,1,0,0
387,160,1,0,0
388,62,1,0,0
389,81,1,0,0
390,178,1,0,0
391,80,1,0,0
392,89,1,0,0
393,49,1,0,0
394,29,1,0,0
395,93,1,0,0
396,93,1,0,0
397,101,1,0,0
398,11,1,0,0
399,128,1,0,0
400,16,1,0,0
401,67,1,0,0
402,21,1,0,0
403,60,1,0,0
404,129,1,0,0
405,61,1,0,0
406,35,1,0,0
407,16,1,0,0
408,98,1,0,0
409,27,1,0,0
410,63,1,0,0
411,49,1,0,0
412,49,1,0,0
413,124,1,0,0
414,62,1,0,0
415,41,1,0,0
416,10,1,0,0
417,28,1,0,0
418,50,1,0,0
419,108,1,0,0
420,65,1,0,0
421,20,1,0,0
422,110,1,0,0
423,98,1,0,0
424,24,1,0,0
425,23,1,0,0
426,92,1,0,0
427,15,1,0,0
428,93,1,0,0
429,23,1,0,0
430,108,1,0,0
431,36,1,0,0
432,87,1,0,0
433,99,1,0,0
434,69,1,0,0
435,34,1,0,0
436,41,1,0,0
437,29,1,0,0
438,26,1,0,0
439,36,1,0,0
440,52,1,0,0
441,41,1,0,0
442,48,1,0,0
443,71,1,0,0
444,134,1,0,0
445,63,1,0,0
446,21,1,0,0
447,18,1,0,0
448,29,1,0,0
449,209,1,0,0
450,139,1,0,0
451,13,1,0,0
452,17,1,0,0
453,19,1,0,0
454,28,1,0,0
455,128,1,0,0
456,71,1,0,0
457,34,1,0,0
458,182,1,0,0
459,47,1,0,0
460,34,1,0,0
461,38,1,0,0
462,41,1,0,0
463,164,1,0,0
464,42,1,0,0
465,154,1,0,0
466,39,1,0,0
467,30,1,0,0
468,171,1,0,0
469,61,1,0,0
470,35,1,0,0
471,45,1,0,0
472,44,1,0,0
473,220,1,0,0
474,123,1,0,0
475,45,1,0,0
476,108,1,0,0
477,21,1,0,0
478,92,1,0,0
479,57,1,0,0
480,36,1,0,0
481,60,1,0,0
482,36,1,0,0
483,13,1,0,0
484,19,1,0,0
485,111,1,0,0
486,180,1,0,0
487,10,1,0,0
488,27,1,0,0
489,87,1,0,0
490,17,1,0,0
491,36,1,0,0
492,161,1,0,0
493,61,1,0,0
494,48,1,0,0
495,28,1,0,0
496,34,1,0,0
497,69,1,0,0
498,81,1,0,0
499,103,1,0,0
500,33,1,0,0
501,68,1,0,0
502,163,1,0,0
503,46,1,0,0
504,70,1,0,0
505,74,1,0,0
506,37,1,0,0
507,24,1,0,0
508,104,1,0,0
509,87,1,0,0
510,183,1,0,0
511,55,1,0,0
512,54,1,0,0
513,63,1,0,0
514,101,1,0,0
515,40,1,0,0
516,45,1,0,0
517,74,1,0,0
518,147,1,0,0
519,12,1,0,0
520,93,1,0,0
521,58,1,0,0
522,67,1,0,0
523,60,1,0,0
524,110,1,0,0
525,67,1,0,0
526,25,1,0,0
527,100,1,0,0
528,24,1,0,0
529,73,1,0,0
530,46,1,0,0
531,100,1,0,0
532,33,1,0,0
533,83,1,0,0
534,11,1,0,0
535,21,1,0,0
536,149,1,0,0
537,62,1,0,0
538,163,1,0,0
539,95,1,0,0
540,110,1,0,0
541,64,1,0,0
542,59,1,0,0
543,387,1,0,0
544,33,1,0,0
545,131,1,0,0
546,39,1,0,0
547,64,1,0,0
548,65,1,0,0
549,53,1,0,0
550,32,1,0,0
551,131,1,0,0
552,90,1,0,0
553,99,1,0,0
554,65,1,0,0
555,103,1,0,0
556,14,1,0,0
557,54,1,0,0
558,27,1,0,0
559,56,1,0,0
560,141,1,0,0
561,140,1,0,0
562,27,1,0,0
563,68,1,0,0
564,160,1,0,0
565,100,1,0,0
566,25,1,0,0
567,157,1,0,0
568,63,1,0,0
569,111,1,0,0
570,16,1,0,0
571,27,1,0,0
572,18,1,0,0
573,88,1,0,0
574,107,1,0,0
575,189,1,0,0
576,24,1,0,0
577,14,1,0,0
578,49,1,0,0
579,61,1,0,0
580,28,1,0,0
581,58,1,0,0
582,193,1,0,0
583,68,1,0,0
584,28,1,0,0
585,62,1,0,0
586,53,1,0,0
587,90,1,0,0
588,168,1,0,0
589,74,1,0,0
590,123,1,0,0
591,28,1,0,0
592,84,1,0,0
593,91,1,0,0
594,27,1,0,0
595,133,1,0,0
596,174,1,0,0
597,70,1,0,0
598,43,1,0,0
599,29,1,0,0
600,216,1,0,0
601,107,1,0,0
602,29,1,0,0
603,203,1,0,0
604,30,1,0,0
605,50,1,0,0
606,32,1,0,0
607,69,1,0,0
608,57,1,0,0
609,110,1,0,0
610,107,1,0,0
611,49,1,0,0
612,132,1,0,0
613,22,1,0,0
614,62,1,0,0
615,31,1,0,0
616,18,1,0,0
617,50,1,0,0
618,51,1,0,0
619,101,1,0,0
620,53,1,0,0
621,34,1,0,0
622,22,1,0,0
623,85,1,0,0
624,17,1,0,0
625,51,1,0,0
626,25,1,0,0
627,72,1,0,0
628,10,1,0,0
629,39,1,0,0
630,16,1,0,0
631,41,1,0,0
632,44,1,0,0
633,85,1,0,0
634,143,1,0,0
635,22,1,0,0
636,97,1,0,0
637,16,1,0,0
638,166,1,0,0
639,42,1,0,0
640,31,1,0,0
641,77,1,0,0
642,41,1,0,0
643,35,1,0,0
644,113,1,0,0
645,61,1,0,0
646,152,1,0,0
647,99,1,0,0
648,20,1,0,0
649,102,1,0,0
650,99,1,0,0
651,45,1,0,0
652,41,1,0,0
653,51,1,0,0
654,31,1,0,0
655,13,1,0,0
656,152,1,0,0
657,62,1,0,0
658,41,1,0,0
659,29,1,0,0
660,75,1,0,0
661,60,1,0,0
662,40,1,0,0
663,101,1,0,0
664,23,1,0,0
665,34,1,0,0
666,60,1,0,0
667,53,1,0,0
668,50,1,0,0
669,22,1,0,0
670,67,1,0,0
671,41,1,0,0
672,80,1,0,0
673,56,1,0,0
674,61,1,0,0
675,19,1,0,0
676,86,1,0,0
677,85,1,0,0
678,61,1,0,0
679,59,1,0,0
680,75,1,0,0
681,25,1,0,0
682,147,1,0,0
683,30,1,0,0
684,36,1,0,0
685,17,1,0,0
686,32,1,0,0
687,212,1,0,0
688,46,1,0,0
689,109,1,0,0
690,51,1,0,0
691,14,1,0,0
692,63,1,0,0
693,78,1,0,0
694,63,1,0,0
695,55,1,0,0
696,65,1,0,0
697,14,1,0,0
698,24,1,0,0
699,16,1,0,0
700,48,1,0,0
701,35,1,0,0
702,44,1,0,0
703,70,1,0,0
704,33,1,0,0
705,74,1,0,0
706,156,1,0,0
707,44,1,0,0
708,126,1,0,0
709,20,1,0,0
710,15,1,0,0
711,19,1,0,0
712,69,1,0,0
713,99,1,0,0
714,53,1,0,0
715,165,1,0,0
716,89,1,0,0
717,103,1,0,0
718,38,1,0,0
719,76,1,0,0
720,143,1,0,0
721,113,1,0,0
722,32,1,0,0
723,166,1,0,0
724,78,1,0,0
725,22,1,0,0
726,54,1,0,0
727,52,1,0,0
728,167,1,0,0
729,64,1,0,0
730,32,1,0,0
731,22,1,0,0
732,68,1,0,0
733,67,1,0,0
734,59,1,0,0
735,177,1,0,0
736,54,1,0,0
737,122,1,0,0
738,70,1,0,0
739,97,1,0,0
740,45,1,0,0
741,39,1,0,0
742,100,1,0,0
743,131,1,0,0
744,213,1,0,0
745,122,1,0,0
746,81,1,0,0
747,60,1,0,0
748,17,1,0,0
749,54,1,0,0
750,154,1,0,0
751,73,1,0,0
752,48,1,0,0
753,37,1,0,0
754,34,1,0,0
755,80,1,0,0
756,91,1,0,0
757,12,1,0,0
758,76,1,0,0
759,33,1,0,0
760,100,1,0,0
761,58,1,0,0
762,72,1,0,0
763,44,1,0,0
764,104,1,0,0
765,71,1,0,0
766,32,1,0,0
767,44,1,0,0
768,37,1,0,0
769,30,1,0,0
770,126,1,0,0
771,54,1,0,0
772,35,1,0,0
773,72,1,0,0
774,156,1,0,0
775,50,1,0,0
776,71,1,0,0
777,106,1,0,0
778,66,1,0,0
779,40,1,0,0
780,13,1,0,0
781,114,1,0,0
782,79,1,0,0
783,36,1,0,0
784,125,1,0,0
785,52,1,0,0
786,57,1,0,0
787,76,1,0,0
788,169,1,0,0
789,154,1,0,0
790,142,1,0,0
791,128,1,0,0
792,99,1,0,0
793,159,1,0,0
794,53,1,0,0
795,88,1,0,0
796,38,1,0,0
797,55,1,0,0
798,148,1,0,0
799,69,1,0,0
800,34,1,0,0
801,14,1,0,0
802,115,1,0,0
803,75,1,0,0
804,63,1,0,0
805,37,1,0,0
806,37,1,0,0
807,76,1,0,0
808,26,1,0,0
809,137,1,0,0
810,25,1,0,0
811,35,1,0,0
812,102,1,0,0
813,36,1,0,0
814,149,1,0,0
815,28,1,0,0
816,31,1,0,0
817,44,1,0,0
818,16,1,0,0
819,126,1,0,0
820,66,1,0,0
821,66,1,0,0
822,31,1,0,0
823,54,1,0,0
824,64,1,0,0
825,63,1,0,0
826,53,1,0,0
827,38,1,0,0
828,65,1,0,0
829,60,1,0,0
830,51,1,0,0
831,13,1,0,0
832,12,1,0,0
833,155,1,0,0
834,18,1,0,0
835,148,1,0,0
836,28,1,0,0
837,55,1,0,0
838,25,1,0,0
839,129,1,0,0
840,101,1,0,0
841,122,1,0,0
842,27,1,0,0
843,76,1,0,0
844,111,1,0,0
845,32,1,0,0
846,84,1,0,0
847,22,1,0,0
848,63,1,0,0
849,160,1,0,0
850,148,1,0,0
851,12,1,0,0
852,19,1,0,0
853,59,1,0,0
854,62,1,0,0
855,25,1,0,0
856,101,1,0,0
857,71,1,0,0
858,133,1,0,0
859,101,1,0,0
860,40,1,0,0
861,63,1,0,0
862,27,1,0,0
863,99,1,0,0
864,33,1,0,0
865,47,1,0,0
866,83,1,0,0
867,73,1,0,0
868,139,1,0,0
869,103,1,0,0
870,19,1,0,0
871,110,1,0,0
872,92,1,0,0
873,188,1,0,0
874,123,1,0,0
875,31,1,0,0
876,194,1,0,0
877,30,1,0,0
878,175,1,0,0
879,104,1,0,0
880,135,1,0,0
881,15,1,0,0
882,62,1,0,0
883,29,1,0,0
884,213,1,0,0
885,41,1,0,0
886,109,1,0,0
887,119,1,0,0
888,170,1,0,0
889,21,1,0,0
890,74,1,0,0
891,56,1,0,0
892,104,1,0,0
893,32,1,0,0
894,259,1,0,0
895,135,1,0,0
896,70,1,0,0
897,150,1,0,0
898,23,1,0,0
899,51,1,0,0
900,68,1,0,0
901,78,1,0,0
902,72,1,0,0
903,104,1,0,0
904,12,1,0,0
905,35,1,0,0
906,33,1,0,0
907,24,1,0,0
908,52,1,0,0
909,253,1,0,0
910,127,1,0,0
911,49,1,0,0
912,204,1,0,0
913,62,1,0,0
914,43,1,0,0
915,74,1,0,0
916,34,1,0,0
917,100,1,0,0
918,83,1,0,0
919,91,1,0,0
920,137,1,0,0
921,136,1,0,0
922,91,1,0,0
923,129,1,0,0
924,44,1,0,0
925,65,1,0,0
926,117,1,0,0
927,57,1,0,0
928,78,1,0,0
929,83,1,0,0
930,91,1,0,0
931,106,1,0,0
932,27,1,0,0
933,128,1,0,0
934,110,1,0,0
935,106,1,0,0
936,153,1,0,0
937,114,1,0,0
938,22,1,0,0
939,142,1,0,0
940,68,1,0,0
941,11,1,0,0
942,139,1,0,0
943,66,1,0,0
944,27,1,0,0
945,22,1,0,0
946,78,1,0,0
947,29,1,0,0
948,80,1,0,0
949,15,1,0,0
950,15,1,0,0
951,57,1,0,0
952,85,1,0,0
953,49,1,0,0
954,77,1,0,0
955,136,1,0,0
956,16,1,0,0
957,21,1,0,0
958,109,1,0,0
959,100,1,0,0
960,93,1,0,0
961,106,1,0,0
962,171,1,0,0
963,65,1,0,0
964,93,1,0,0
965,147,1,0,0
966,63,1,0,0
967,36,1,0,0
968,19,1,0,0
969,46,1,0,0
970,148,1,0,0
971,159,1,0,0
972,45,1,0,0
973,30,1,0,0
974,81,1,0,0
975,34,1,0,0
976,75,1,0,0
977,20,1,0,0
978,89,1,0,0
979,69,1,0,0
980,127,1,0,0
981,96,1,0,0
982,126,1,0,0
983,100,1,0,0
984,146,1,0,0
985,132,1,0,0
986,57,1,0,0
987,84,1,0,0
988,57,1,0,0
989,90,1,0,0
990,41,1,0,0
991,139,1,0,0
992,47,1,0,0
993,189,1,0,0
994,116,1,0,0
995,43,1,0,0
996,50,1,0,0
997,55,1,0,0
998,66,1,0,0
999,47,1,0,0
1000,54,1,0,0
1001,138,1,0,0
1002,76,1,0,0
1003,129,1,0,0
1004,45,1,0,0
1005,97,1,0,0
1006,40,1,0,0
1007,65,1,0,0
1008,72,1,0,0
1009,162,1,0,0
1010,33,1,0,0
1011,32,1,0,0
1012,22,1,0,0
1013,209,1,0,0
1014,53,1,0,0
1015,70,1,0,0
1016,108,1,0,0
1017,98,1,0,0
1018,184,1,0,0
1019,50,1,0,0
1020,132,1,0,0
1021,76,1,0,0
1022,149,1,0,0
1023,32,1,0,0
1024,48,1,0,0
1025,19,1,0,0
1026,32,1,0,0
1027,27,1,0,0
1028,74,1,0,0
1029,61,1,0,0
1030,33,1,0,0
1031,11,1,0,0
1032,88,1,0,0
1033,43,1,0,0
1034,42,1,0,0
1035,111,1,0,0
1036,149,1,0,0
1037,74,1,0,0
1038,42,1,0,0
1039,87,1,0,0
1040,51,1,0,0
1041,53,1,0,0
1042,49,1,0,0
1043,87,1,0,0
1044,25,1,0,0
1045,13,1,0,0
1046,21,1,0,0
1047,34,1,0,0
1048,82,1,0,0
1049,74,1,0,0
1050,47,1,0,0
1051,86,1,0,0
1052,63,1,0,0
1053,18,1,0,0
1054,78,1,0,0
1055,86,1,0,0
1056,79,1,0,0
1057,89,1,0,0
1058,15,1,0,0
1059,55,1,0,0
1060,184,1,0,0
1061,133,1,0,0
1062,132,1,0,0
1063,28,1,0,0
1064,112,1,0,0
1065,60,1,0,0
1066,87,1,0,0
1067,156,1,0,0
1068,81,1,0,0
1069,13,1,0,0
1070,248,1,0,0
1071,52,1,0,0
1072,58,1,0,0
1073,12,1,0,0
1074,53,1,0,0
1075,49,1,0,0
1076,30,1,0,0
1077,85,1,0,0
1078,87,1,0,0
1079,13,1,0,0
1080,16,1,0,0
1081,102,1,0,0
1082,61,1,0,0
1083,126,1,0,0
1084,15,1,0,0
1085,74,1,0,0
1086,127,1,0,0
1087,108,1,0,0
1088,15,1,0,0
1089,37,1,0,0
1090,28,1,0,0
1091,53,1,0,0
1092,36,1,0,0
1093,81,1,0,0
1094,43,1,0,0
1095,43,1,0,0
1096,63,1,0,0
1097,54,1,0,0
1098,124,1,0,0
1099,118,1,0,0
1100,60,1,0,0
1101,33,1,0,0
1102,98,1,0,0
1103,72,1,0,0
1104,137,1,0,0
1105,79,1,0,0
1106,40,1,0,0
1107,32,1,0,0
1108,82,1,0,0
1109,25,1,0,0
1110,72,1,0,0
1111,27,1,0,0
1112,44,1,0,0
1113,52,1,0,0
1114,18,1,0,0
1115,14,1,0,0
1116,129,1,0,0
1117,128,1,0,0
1118,25,1,0,0
1119,41,1,0,0
1120,23,1,0,0
1121,86,1,0,0
1122,66,1,0,0
1123,21,1,0,0
1124,13,1,0,0
1125,78,1,0,0
1126,35,1,0,0
1127,115,1,0,0
1128,98,1,0,0
1129,20,1,0,0
1130,61,1,0,0
1131,11,1,0,0
1132,29,1,0,0
1133,79,1,0,0
1134,27,1,0,0
1135,42,1,0,0
1136,79,1,0,0
1137,111,1,0,0
1138,13,1,0,0
1139,138,1,0,0
1140,41,1,0,0
1141,72,1,0,0
1142,14,1,0,0
1143,178,1,0,0
1144,77,1,0,0
1145,76,1,0,0
1146,144,1,0,0
1147,144,1,0,0
1148,88,1,0,0
1149,23,1,0,0
1150,59,1,0,0
1151,59,1,0,0
1152,50,1,0,0
1153,47,1,0,0
1154,100,1,0,0
1155,107,1,0,0
1156,151,1,0,0
1157,43,1,0,0
1158,40,1,0,0
1159,58,1,0,0
1160,21,1,0,0
1161,45,1,0,0
1162,79,1,0,0
1163,32,1,0,0
1164,44,1,0,0
1165,23,1,0,0
1166,65,1,0,0
1167,49,1,0,0
1168,26,1,0,0
1169,26,1,0,0
1170,87,1,0,0
1171,46,1,0,0
1172,59,1,0,0
1173,109,1,0,0
1174,152,1,0,0
1175,18,1,0,0
1176,70,1,0,0
1177,82,1,0,0
1178,34,1,0,0
1179,15,1,0,0
1180,88,1,0,0
1181,46,1,0,0
1182,87,1,0,0
1183,20,1,0,0
1184,46,1,0,0
1185,48,1,0,0
1186,71,1,0,0
1187,129,1,0,0
1188,51,1,0,0
1189,25,1,0,0
1190,47,1,0,0
1191,124,1,0,0
1192,121,1,0,0
1193,107,1,0,0
1194,28,1,0,0
1195,136,1,0,0
1196,81,1,0,0
1197,55,1,0,0
1198,62,1,0,0
1199,110,1,0,0
1200,15,1,0,0
1201,13,1,0,0
1202,108,1,0,0
1203,24,1,0,0
1204,94,1,0,0
1205,57,1,0,0
1206,12,1,0,0
1207,107,1,0,0
1208,123,1,0,0
1209,79,1,0,0
1210,70,1,0,0
1211,49,1,0,0
1212,30,1,0,0
1213,37,1,0,0
1214,164,1,0,0
1215,38,1,0,0
1216,8,1,0,0
1217,132,1,0,0
1218,17,1,0,0
1219,141,1,0,0
1220,69,1,0,0
1221,20,1,0,0
1222,132,1,0,0
1223,67,1,0,0
1224,27,1,0,0
1225,17,1,0,0
1226,14,1,0,0
1227,107,1,0,0
1228,77,1,0,0
1229,114,1,0,0
1230,27,1,0,0
1231,37,1,0,0
1232,167,1,0,0
1233,74,1,0,0
1234,70,1,0,0
1235,155,1,0,0
1236,14,1,0,0
1237,45,1,0,0
1238,95,1,0,0
1239,115,1,0,0
1240,48,1,0,0
1241,13,1,0,0
1242,78,1,0,0
1243,28,1,0,0
1244,107,1,0,0
1245,119,1,0,0
1246,20,1,0,0
1247,166,1,0,0
1248,85,1,0,0
1249,111,1,0,0
1250,109,1,0,0
1251,71,1,0,0
1252,92,1,0,0
1253,17,1,0,0
1254,67,1,0,0
1255,87,1,0,0
1256,54,1,0,0
1257,117,1,0,0
1258,92,1,0,0
1259,30,1,0,0
1260,34,1,0,0
1261,40,1,0,0
1262,165,1,0,0
1263,104,1,0,0
1264,74,1,0,0
1265,115,1,0,0
1266,65,1,0,0
1267,48,1,0,0
1268,106,1,0,0
1269,121,1,0,0
1270,34,1,0,0
1271,129,1,0,0
1272,126,1,0,0
1273,48,1,0,0
1274,54,1,0,0
1275,59,1,0,0
1276,23,1,0,0
1277,172,1,0,0
1278,109,1,0,0
1279,18,1,0,0
1280,78,1,0,0
1281,101,1,0,0
1282,94,1,0,0
1283,63,1,0,0
1284,107,1,0,0
1285,44,1,0,0
1286,94,1,0,0
1287,31,1,0,0
1288,64,1,0,0
1289,91,1,0,0
1290,52,1,0,0
1291,86,1,0,0
1292,242,1,0,0
1293,62,1,0,0
1294,88,1,0,0
1295,99,1,0,0
1296,36,1,0,0
1297,43,1,0,0
1298,17,1,0,0
1299,103,1,0,0
1300,68,1,0,0
1301,106,1,0,0
1302,76,1,0,0
1303,50,1,0,0
1304,123,1,0,0
1305,13,1,0,0
1306,26,1,0,0
1307,108,1,0,0
1308,41,1,0,0
1309,42,1,0,0
1310,27,1,0,0
1311,29,1,0,0
1312,52,1,0,0
1313,55,1,0,0
1314,11,1,0,0
1315,52,1,0,0
1316,37,1,0,0
1317,100,1,0,0
1318,48,1,0,0
1319,115,1,0,0
1320,63,1,0,0
1321,33,1,0,0
1322,45,1,0,0
1323,52,1,0,0
1324,43,1,0,0
1325,54,1,0,0
1326,130,1,0,0
1327,144,1,0,0
1328,26,1,0,0
1329,76,1,0,0
1330,15,1,0,0
1331,164,1,0,0
1332,51,1,0,0
1333,51,1,0,0
1334,103,1,0,0
1335,33,1,0,0
1336,29,1,0,0
1337,57,1,0,0
1338,59,1,0,0
1339,29,1,0,0
1340,37,1,0,0
1341,12,1,0,0
1342,16,1,0,0
1343,31,1,0,0
1344,57,1,0,0
1345,30,1,0,0
1346,82,1,0,0
1347,97,1,0,0
1348,25,1,0,0
1349,30,1,0,0
1350,67,1,0,0
1351,34,1,0,0
1352,66,1,0,0
1353,78,1,0,0
1354,51,1,0,0
1355,26,1,0,0
1356,84,1,0,0
1357,56,1,0,0
1358,50,1,0,0
1359,46,1,0,0
1360,38,1,0,0
1361,21,1,0,0
1362,76,1,0,0
1363,107,1,0,0
1364,13,1,0,0
1365,22,1,0,0
1366,135,1,0,0
1367,31,1,0,0
1368,69,1,0,0
1369,37,1,0,0
1370,59,1,0,0
1371,34,1,0,0
1372,29,1,0,0
1373,41,1,0,0
1374,24,1,0,0
1375,71,1,0,0
1376,46,1,0,0
1377,81,1,0,0
1378,25,1,0,0
1379,11,1,0,0
1380,19,1,0,0
1381,74,1,0,0
1382,97,1,0,0
1383,27,1,0,0
1384,57,1,0,0
1385,30,1,0,0
1386,146,1,0,0
1387,36,1,0,0
1388,50,1,0,0
1389,172,1,0,0
1390,9,1,0,0
1391,102,1,0,0
1392,88,1,0,0
1393,45,1,0,0
1394,98,1,0,0
1395,17,1,0,0
1396,15,1,0,0
1397,124,1,0,0
1398,189,1,0,0
1399,62,1,0,0
1400,40,1,0,0
1401,72,1,0,0
1402,179,1,0,0
1403,59,1,0,0
1404,90,1,0,0
1405,137,1,0,0
1406,34,1,0,0
1407,24,1,0,0
1408,50,1,0,0
1409,21,1,0,0
1410,61,1,0,0
1411,32,1,0,0
1412,31,1,0,0
1413,79,1,0,0
1414,28,1,0,0
1415,13,1,0,0
1416,45,1,0,0
1417,77,1,0,0
1418,101,1,0,0
1419,55,1,0,0
1420,122,1,0,0
1421,31,1,0,0
1422,23,1,0,0
1423,68,1,0,0
1424,85,1,0,0
1425,19,1,0,0
1426,56,1,0,0
1427,50,1,0,0
1428,17,1,0,0
1429,14,1,0,0
1430,63,1,0,0
1431,44,1,0,0
1432,35,1,0,0
1433,24,1,0,0
1434,55,1,0,0
1435,162,1,0,0
1436,42,1,0,0
1437,81,1,0,0
1438,16,1,0,0
1439,53,1,0,0
1440,143,1,0,0
1441,29,1,0,0
1442,47,1,0,0
1443,33,1,0,0
1444,120,1,0,0
1445,47,1,0,0
1446,141,1,0,0
1447,32,1,0,0
1448,67,1,0,0
1449,19,1,0,0
1450,147,1,0,0
1451,128,1,0,0
1452,44,1,0,0
1453,73,1,0,0
1454,88,1,0,0
1455,58,1,0,0
1456,32,1,0,0
1457,48,1,0,0
1458,95,1,0,0
1459,19,1,0,0
1460,120,1,0,0
1461,21,1,0,0
1462,49,1,0,0
1463,194,1,0,0
1464,125,1,0,0
1465,50,1,0,0
1466,105,1,0,0
1467,63,1,0,0
1468,83,1,0,0
1469,84,1,0,0
1470,66,1,0,0
1471,65,1,0,0
1472,14,1,0,0
1473,48,1,0,0
1474,35,1,0,0
1475,28,1,0,0
1476,81,1,0,0
1477,79,1,0,0
1478,60,1,0,0
1479,79,1,0,0
1480,60,1,0,0
1481,133,1,0,0
1482,42,1,0,0
1483,127,1,0,0
1484,35,1,0,0
1485,111,1,0,0
1486,128,1,0,0
1487,45,1,0,0
1488,34,1,0,0
1489,22,1,0,0
1490,41,1,0,0
1491,164,1,0,0
1492,13,1,0,0
1493,17,1,0,0
1494,121,1,0,0
1495,50,1,0,0
1496,25,1,0,0
1497,14,1,0,0
1498,56,1,0,0
1499,78,1,0,0
1500,83,1,0,0
1501,22,1,0,0
1502,76,1,0,0
1503,98,1,0,0
1504,48,1,0,0
1505,73,1,0,0
1506,39,1,0,0
1507,22,1,0,0
1508,31,1,0,0
1509,150,1,0,0
1510,14,1,0,0
1511,46,1,0,0
1512,15,1,0,0
1513,62,1,0,0
1514,75,1,0,0
1515,51,1,0,0
1516,17,1,0,0
1517,218,1,0,0
1518,107,1,0,0
1519,78,1,0,0
1520,29,1,0,0
1521,159,1,0,0
1522,47,1,0,0
1523,43,1,0,0
1524,33,1,0,0
1525,10,1,0,0
1526,77,1,0,0
1527,36,1,0,0
1528,15,1,0,0
1529,75,1,0,0
1530,141,1,0,0
1531,153,1,0,0
1532,55,1,0,0
1533,73,1,0,0
1534,57,1,0,0
1535,23,1,0,0
1536,142,1,0,0
1537,90,1,0,0
1538,23,1,0,0
1539,87,1,0,0
1540,57,1,0,0
1541,91,1,0,0
1542,69,1,0,0
1543,135,1,0,0
1544,88,1,0,0
1545,34,1,0,0
1546,85,1,0,0
1547,31,1,0,0
1548,83,1,0,0
1549,29,1,0,0
1550,81,1,0,0
1551,74,1,0,0
1552,80,1,0,0
1553,24,1,0,0
1554,79,1,0,0
1555,12,1,0,0
1556,97,1,0,0
1557,28,1,0,0
1558,98,1,0,0
1559,26,1,0,0
1560,64,1,0,0
1561,107,1,0,0
1562,19,1,0,0
1563,150,1,0,0
1564,146,1,0,0
1565,74,1,0,0
1566,75,1,0,0
1567,54,1,0,0
1568,29,1,0,0
1569,24,1,0,0
1570,38,1,0,0
1571,60,1,0,0
1572,65,1,0,0
1573,86,1,0,0
1574,38,1,0,0
1575,39,1,0,0
1576,98,1,0,0
1577,104,1,0,0
1578,43,1,0,0
1579,104,1,0,0
1580,86,1,0,0
1581,31,1,0,0
1582,51,1,0,0
1583,13,1,0,0
1584,53,1,0,0
1585,106,1,0,0
1586,124,1,0,0
1587,136,1,0,0
1588,44,1,0,0
1589,187,1,0,0
1590,55,1,0,0
1591,64,1,0,0
1592,19,1,0,0
1593,20,1,0,0
1594,34,1,0,0
1595,56,1,0,0
1596,140,1,0,0
1597,136,1,0,0
1598,97,1,0,0
1599,33,1,0,0
1600,135,1,0,0
1601,27,1,0,0
1602,21,1,0,0
1603,39,1,0,0
1604,126,1,0,0
1605,106,1,0,0
1606,81,1,0,0
1607,76,1,0,0
1608,56,1,0,0
1609,60,1,0,0
1610,89,1,0,0
1611,33,1,0,0
1612,111,1,0,0
1613,20,1,0,0
1614,134,1,0,0
1615,105,1,0,0
1616,18,1,0,0
1617,35,1,0,0
1618,79,1,0,0
1619,152,1,0,0
1620,121,1,0,0
1621,90,1,0,0
1622,68,1,0,0
1623,37,1,0,0
1624,83,1,0,0
1625,71,1,0,0
1626,110,1,0,0
1627,135,1,0,0
1628,114,1,0,0
1629,23,1,0,0
1630,78,1,0,0
1631,60,1,0,0
1632,27,1,0,0
1633,64,1,0,0
1634,38,1,0,0
1635,117,1,0,0
1636,21,1,0,0
1637,89,1,0,0
1638,249,1,0,0
1639,45,1,0,0
1640,161,1,0,0
1641,111,1,0,0
1642,116,1,0,0
1643,101,1,0,0
1644,147,1,0,0
1645,68,1,0,0
1646,57,1,0,0
1647,75,1,0,0
1648,49,1,0,0
1649,133,1,0,0
1650,85,1,0,0
1651,29,1,0,0
1652,103,1,0,0
1653,202,1,0,0
1654,103,1,0,0
1655,107,1,0,0
1656,101,1,0,0
1657,21,1,0,0
1658,141,1,0,0
1659,32,1,0,0
1660,79,1,0,0
1661,70,1,0,0
1662,194,1,0,0
1663,95,1,0,0
1664,62,1,0,0
1665,81,1,0,0
1666,96,1,0,0
1667,144,1,0,0
1668,18,1,0,0
1669,22,1,0,0
1670,13,1,0,0
1671,16,1,0,0
1672,97,1,0,0
1673,52,1,0,0
1674,95,1,0,0
1675,50,1,0,0
1676,99,1,0,0
1677,26,1,0,0
1678,96,1,0,0
1679,67,1,0,0
1680,25,1,0,0
1681,33,1,0,0
1682,74,1,0,0
1683,71,1,0,0
1684,81,1,0,0
1685,21,1,0,0
1686,48,1,0,0
1687,76,1,0,0
1688,84,1,0,0
1689,91,1,0,0
1690,128,1,0,0
1691,178,1,0,0
1692,10,1,0,0
1693,45,1,0,0
1694,126,1,0,0
1695,59,1,0,0
1696,114,1,0,0
1697,38,1,0,0
1698,129,1,0,0
1699,162,1,0,0
1700,34,1,0,0
1701,21,1,0,0
1702,41,1,0,0
1703,97,1,0,0
1704,80,1,0,0
1705,43,1,0,0
1706,30,1,0,0
1707,157,1,0,0
1708,77,1,0,0
1709,230,1,0,0
1710,173,1,0,0
1711,45,1,0,0
1712,75,1,0,0
1713,86,1,0,0
1714,43,1,0,0
1715,106,1,0,0
1716,65,1,0,0
1717,14,1,0,0
1718,38,1,0,0
1719,86,1,0,0
1720,97,1,0,0
1721,29,1,0,0
1722,48,1,0,0
1723,168,1,0,0
1724,65,1,0,0
1725,15,1,0,0
1726,41,1,0,0
1727,25,1,0,0
1728,67,1,0,0
1729,116,1,0,0
1730,25,1,0,0
1731,70,1,0,0
1732,44,1,0,0
1733,63,1,0,0
1734,84,1,0,0
1735,44,1,0,0
1736,122,1,0,0
1737,206,1,0,0
1738,113,1,0,0
1739,51,1,0,0
1740,155,1,0,0
1741,66,1,0,0
1742,108,1,0,0
1743,198,1,0,0
1744,176,1,0,0
1745,200,1,0,0
1746,53,1,0,0
1747,39,1,0,0
1748,34,1,0,0
1749,38,1,0,0
1750,8,1,0,0
1751,63,1,0,0
1752,55,1,0,0
1753,70,1,0,0
1754,210,1,0,0
1755,140,1,0,0
1756,14,1,0,0
1757,80,1,0,0
1758,113,1,0,0
1759,35,1,0,0
1760,104,1,0,0
1761,53,1,0,0
1762,173,1,0,0
1763,49,1,0,0
1764,53,1,0,0
1765,101,1,0,0
1766,59,1,0,0
1767,49,1,0,0
1768,29,1,0,0
1769,134,1,0,0
1770,28,1,0,0
1771,76,1,0,0
1772,130,1,0,0
1773,47,1,0,0
1774,71,1,0,0
1775,13,1,0,0
1776,44,1,0,0
1777,14,1,0,0
1778,97,1,0,0
1779,29,1,0,0
1780,37,1,0,0
1781,28,1,0,0
1782,57,1,0,0
1783,84,1,0,0
1784,62,1,0,0
1785,20,1,0,0
1786,130,1,0,0
1787,30,1,0,0
1788,118,1,0,0
1789,155,1,0,0
1790,21,1,0,0
1791,23,1,0,0
1792,72,1,0,0
1793,52,1,0,0
1794,25,1,0,0
1795,43,1,0,0
1796,56,1,0,0
1797,73,1,0,0
1798,42,1,0,0
1799,55,1,0,0
1800,86,1,0,0
1801,46,1,0,0
1802,88,1,0,0
1803,150,1,0,0
1804,17,1,0,0
1805,41,1,0,0
1806,66,1,0,0
1807,240,1,0,0
1808,13,1,0,0
1809,19,1,0,0
1810,73,1,0,0
1811,65,1,0,0
1812,34,1,0,0
1813,18,1,0,0
1814,41,1,0,0
1815,21,1,0,0
1816,84,1,0,0
1817,56,1,0,0
1818,42,1,0,0
1819,43,1,0,0
1820,55,1,0,0
1821,23,1,0,0
1822,33,1,0,0
1823,75,1,0,0
1824,27,1,0,0
1825,90,1,0,0
1826,263,1,0,0
1827,51,1,0,0
1828,133,1,0,0
1829,94,1,0,0
1830,200,1,0,0
1831,57,1,0,0
1832,106,1,0,0
1833,11,1,0,0
1834,42,1,0,0
1835,113,1,0,0
1836,159,1,0,0
1837,146,1,0,0
1838,102,1,0,0
1839,74,1,0,0
1840,76,1,0,0
1841,306,1,0,0
1842,52,1,0,0
1843,96,1,0,0
1844,15,1,0,0
1845,44,1,0,0
1846,57,1,0,0
1847,12,1,0,0
1848,43,1,0,0
1849,50,1,0,0
1850,55,1,0,0
1851,99,1,0,0
1852,75,1,0,0
1853,64,1,0,0
1854,42,1,0,0
1855,16,1,0,0
1856,32,1,0,0
1857,42,1,0,0
1858,74,1,0,0
1859,16,1,0,0
1860,37,1,0,0
1861,103,1,0,0
1862,165,1,0,0
1863,53,1,0,0
1864,38,1,0,0
1865,81,1,0,0
1866,83,1,0,0
1867,13,1,0,0
1868,50,1,0,0
1869,28,1,0,0
1870,65,1,0,0
1871,27,1,0,0
1872,171,1,0,0
1873,65,1,0,0
1874,115,1,0,0
1875,41,1,0,0
1876,38,1,0,0
1877,86,1,0,0
1878,17,1,0,0
1879,32,1,0,0
1880,31,1,0,0
1881,11,1,0,0
1882,22,1,0,0
1883,56,1,0,0
1884,105,1,0,0
1885,137,1,0,0
1886,192,1,0,0
1887,79,1,0,0
1888,59,1,0,0
1889,39,1,0,0
1890,72,1,0,0
1891,11,1,0,0
1892,83,1,0,0
1893,33,1,0,0
1894,43,1,0,0
1895,12,1,0,0
1896,33,1,0,0
1897,86,1,0,0
1898,93,1,0,0
1899,51,1,0,0
1900,159,1,0,0
1901,69,1,0,0
1902,153,1,0,0
1903,52,1,0,0
1904,35,1,0,0
1905,42,1,0,0
1906,44,1,0,0
1907,45,1,0,0
1908,49,1,0,0
1909,96,1,0,0
1910,62,1,0,0
1911,30,1,0,0
1912,44,1,0,0
1913,80,1,0,0
1914,30,1,0,0
1915,30,1,0,0
1916,26,1,0,0
1917,41,1,0,0
1918,57,1,0,0
1919,110,1,0,0
1920,140,1,0,0
1921,60,1,0,0
1922,189,1,0,0
1923,84,1,0,0
1924,68,1,0,0
1925,45,1,0,0
1926,61,1,0,0
1927,146,1,0,0
1928,27,1,0,0
1929,45,1,0,0
1930,115,1,0,0
1931,34,1,0,0
1932,12,1,0,0
1933,44,1,0,0
1934,35,1,0,0
1935,131,1,0,0
1936,69,1,0,0
1937,61,1,0,0
1938,8,1,0,0
1939,58,1,0,0
1940,30,1,0,0
1941,75,1,0,0
1942,87,1,0,0
1943,150,1,0,0
1944,28,1,0,0
1945,119,1,0,0
1946,16,1,0,0
1947,91,1,0,0
1948,31,1,0,0
1949,21,1,0,0
1950,53,1,0,0
1951,39,1,0,0
1952,39,1,0,0
1953,17,1,0,0
1954,72,1,0,0
1955,59,1,0,0
1956,182,1,0,0
1957,46,1,0,0
1958,157,1,0,0
1959,47,1,0,0
1960,37,1,0,0
1961,56,1,0,0
1962,51,1,0,0
1963,48,1,0,0
1964,33,1,0,0
1965,16,1,0,0
1966,24,1,0,0
1967,33,1,0,0
1968,18,1,0,0
1969,85,1,0,0
1970,69,1,0,0
1971,145,1,0,0
1972,27,1,0,0
1973,58,1,0,0
1974,116,1,0,0
1975,118,1,0,0
1976,35,1,0,0
1977,58,1,0,0
1978,49,1,0,0
1979,205,1,0,0
1980,12,1,0,0
1981,176,1,0,0
1982,43,1,0,0
1983,43,1,0,0
1984,17,1,0,0
1985,63,1,0,0
1986,114,1,0,0
1987,304,1,0,0
1988,17,1,0,0
1989,121,1,0,0
1990,126,1,0,0
1991,28,1,0,0
1992,57,1,0,0
1993,109,1,0,0
1994,20,1,0,0
1995,146,1,0,0
1996,82,1,0,0
1997,92,1,0,0
1998,39,1,0,0
1999,17,1,0,0
2000,141,1,0,0
2001,25,1,0,0
2002,76,1,0,0
2003,121,1,0,0
2004,41,1,0,0
2005,27,1,0,0
2006,144,1,0,0
2007,60,1,0,0
2008,36,1,0,0
2009,54,1,0,0
2010,126,1,0,0
2011,139,1,0,0
2012,74,1,0,0
2013,96,1,0,0
2014,104,1,0,0
2015,33,1,0,0
2016,140,1,0,0
2017,56,1,0,0
2018,129,1,0,0
2019,90,1,0,0
2020,19,1,0,0
2021,66,1,0,0
2022,84,1,0,0
2023,100,1,0,0
2024,69,1,0,0
2025,86,1,0,0
2026,76,1,0,0
2027,25,1,0,0
2028,16,1,0,0
2029,103,1,0,0
2030,90,1,0,0
2031,111,1,0,0
2032,113,1,0,0
2033,32,1,0,0
2034,21,1,0,0
2035,19,1,0,0
2036,59,1,0,0
2037,59,1,0,0
2038,25,1,0,0
2039,135,1,0,0
2040,140,1,0,0
2041,142,1,0,0
2042,25,1,0,0
2043,71,1,0,0
2044,25,1,0,0
2045,38,1,0,0
2046,84,1,0,0
2047,99,1,0,0
2048,20,1,0,0
2049,18,1,0,0
2050,80,1,0,0
2051,14,1,0,0
2052,42,1,0,0
2053,87,1,0,0
2054,144,1,0,0
2055,79,1,0,0
2056,58,1,0,0
2057,57,1,0,0
2058,26,1,0,0
2059,31,1,0,0
2060,153,1,0,0
2061,82,1,0,0
2062,63,1,0,0
2063,81,1,0,0
2064,61,1,0,0
2065,19,1,0,0
2066,169,1,0,0
2067,156,1,0,0
2068,59,1,0,0
2069,49,1,0,0
2070,74,1,0,0
2071,11,1,0,0
2072,75,1,0,0
2073,76,1,0,0
2074,39,1,0,0
2075,44,1,0,0
2076,58,1,0,0
2077,135,1,0,0
2078,47,1,0,0
2079,115,1,0,0
2080,23,1,0,0
2081,47,1,0,0
2082,113,1,0,0
2083,87,1,0,0
2084,63,1,0,0
2085,145,1,0,0
2086,96,1,0,0
2087,25,1,0,0
2088,102,1,0,0
2089,48,1,0,0
2090,48,1,0,0
2091,118,1,0,0
2092,91,1,0,0
2093,85,1,0,0
2094,21,1,0,0
2095,71,1,0,0
2096,103,1,0,0
2097,112,1,0,0
2098,95,1,0,0
2099,67,1,0,0
2100,57,1,0,0
2101,44,1,0,0
2102,47,1,0,0
2103,67,1,0,0
2104,140,1,0,0
2105,38,1,0,0
2106,54,1,0,0
2107,40,1,0,0
2108,10,1,0,0
2109,15,1,0,0
2110,76,1,0,0
2111,27,1,0,0
2112,124,1,0,0
2113,63,1,0,0
2114,180,1,0,0
2115,12,1,0,0
2116,38,1,0,0
2117,88,1,0,0
2118,48,1,0,0
2119,130,1,0,0
2120,25,1,0,0
2121,39,1,0,0
2122,90,1,0,0
2123,161,1,0,0
2124,181,1,0,0
2125,30,1,0,0
2126,100,1,0,0
2127,131,1,0,0
2128,63,1,0,0
2129,48,1,0,0
2130,101,1,0,0
2131,30,1,0,0
2132,90,1,0,0
2133,44,1,0,0
2134,34,1,0,0
2135,41,1,0,0
2136,32,1,0,0
2137,154,1,0,0
2138,68,1,0,0
2139,41,1,0,0
2140,26,1,0,0
2141,41,1,0,0
2142,35,1,0,0
2143,116,1,0,0
2144,33,1,0,0
2145,54,1,0,0
2146,43,1,0,0
2147,33,1,0,0
2148,21,1,0,0
2149,50,1,0,0
2150,116,1,0,0
2151,93,1,0,0
2152,32,1,0,0
2153,58,1,0,0
2154,60,1,0,0
2155,64,1,0,0
2156,12,1,0,0
2157,19,1,0,0
2158,52,1,0,0
2159,119,1,0,0
2160,214,1,0,0
2161,21,1,0,0
2162,59,1,0,0
2163,18,1,0,0
2164,52,1,0,0
2165,74,1,0,0
2166,53,1,0,0
2167,33,1,0,0
2168,55,1,0,0
2169,36,1,0,0
2170,70,1,0,0
2171,81,1,0,0
2172,51,1,0,0
2173,145,1,0,0
2174,98,1,0,0
2175,68,1,0,0
2176,16,1,0,0
2177,12,1,0,0
2178,36,1,0,0
2179,87,1,0,0
2180,65,1,0,0
2181,86,1,0,0
2182,98,1,0,0
2183,82,1,0,0
2184,55,1,0,0
2185,118,1,0,0
2186,13,1,0,0
2187,22,1,0,0
2188,104,1,0,0
2189,82,1,0,0
2190,22,1,0,0
2191,65,1,0,0
2192,17,1,0,0
2193,32,1,0,0
2194,48,1,0,0
2195,22,1,0,0
2196,35,1,0,0
2197,39,1,0,0
2198,9,1,0,0
2199,108,1,0,0
2200,76,1,0,0
2201,69,1,0,0
2202,37,1,0,0
2203,56,1,0,0
2204,64,1,0,0
2205,42,1,0,0
2206,18,1,0,0
2207,119,1,0,0
2208,28,1,0,0
2209,181,1,0,0
2210,53,1,0,0
2211,156,1,0,0
2212,46,1,0,0
2213,33,1,0,0
2214,30,1,0,0
2215,162,1,0,0
2216,73,1,0,0
2217,80,1,0,0
2218,72,1,0,0
2219,34,1,0,0
2220,19,1,0,0
2221,40,1,0,0
2222,207,1,0,0
2223,75,1,0,0
2224,43,1,0,0
2225,35,1,0,0
2226,41,1,0,0
2227,42,1,0,0
2228,130,1,0,0
2229,75,1,0,0
2230,124,1,0,0
2231,33,1,0,0
2232,43,1,0,0
2233,24,1,0,0
2234,105,1,0,0
2235,138,1,0,0
2236,76,1,0,0
2237,83,1,0,0
2238,55,1,0,0
2239,21,1,0,0
2240,26,1,0,0
2241,126,1,0,0
2242,197,1,0,0
2243,84,1,0,0
2244,109,1,0,0
2245,66,1,0,0
2246,160,1,0,0
2247,63,1,0,0
2248,48,1,0,0
2249,86,1,0,0
2250,72,1,0,0
2251,74,1,0,0
2252,65,1,0,0
2253,21,1,0,0
2254,33,1,0,0
2255,92,1,0,0
2256,24,1,0,0
2257,77,1,0,0
2258,57,1,0,0
2259,22,1,0,0
2260,104,1,0,0
2261,99,1,0,0
2262,88,1,0,0
2263,37,1,0,0
2264,86,1,0,0
2265,95,1,0,0
2266,58,1,0,0
2267,93,1,0,0
2268,30,1,0,0
2269,159,1,0,0
2270,73,1,0,0
2271,74,1,0,0
2272,46,1,0,0
2273,23,1,0,0
2274,43,1,0,0
2275,73,1,0,0
2276,36,1,0,0
2277,51,1,0,0
2278,71,1,0,0
2279,129,1,0,0
2280,96,1,0,0
2281,134,1,0,0
2282,34,1,0,0
2283,22,1,0,0
2284,40,1,0,0
2285,124,1,0,0
2286,16,1,0,0
2287,161,1,0,0
2288,43,1,0,0
2289,70,1,0,0
2290,14,1,0,0
2291,31,1,0,0
2292,109,1,0,0
2293,60,1,0,0
2294,31,1,0,0
2295,140,1,0,0
2296,101,1,0,0
2297,45,1,0,0
2298,114,1,0,0
2299,46,1,0,0
2300,212,1,0,0
2301,61,1,0,0
2302,71,1,0,0
2303,105,1,0,0
2304,93,1,0,0
2305,114,1,0,0
2306,73,1,0,0
2307,273,1,0,0
2308,11,1,0,0
2309,122,1,0,0
2310,54,1,0,0
2311,84,1,0,0
2312,18,1,0,0
2313,28,1,0,0
2314,149,1,0,0
2315,54,1,0,0
2316,113,1,0,0
2317,33,1,0,0
2318,126,1,0,0
2319,88,1,0,0
2320,40,1,0,0
2321,75,1,0,0
2322,115,1,0,0
2323,32,1,0,0
2324,45,1,0,0
2325,42,1,0,0
2326,84,1,0,0
2327,50,1,0,0
2328,63,1,0,0
2329,144,1,0,0
2330,21,1,0,0
2331,96,1,0,0
2332,138,1,0,0
2333,26,1,0,0
2334,63,1,0,0
2335,39,1,0,0
2336,27,1,0,0
2337,51,1,0,0
2338,15,1,0,0
2339,11,1,0,0
2340,33,1,0,0
2341,150,1,0,0
2342,111,1,0,0
2343,10,1,0,0
2344,56,1,0,0
2345,94,1,0,0
2346,82,1,0,0
2347,52,1,0,0
2348,78,1,0,0
2349,117,1,0,0
2350,78,1,0,0
2351,170,1,0,0
2352,77,1,0,0
2353,130,1,0,0
2354,111,1,0,0
2355,96,1,0,0
2356,77,1,0,0
2357,56,1,0,0
2358,64,1,0,0
2359,157,1,0,0
2360,32,1,0,0
2361,39,1,0,0
2362,36,1,0,0
2363,25,1,0,0
2364,15,1,0,0
2365,73,1,0,0
2366,72,1,0,0
2367,16,1,0,0
2368,75,1,0,0
2369,131,1,0,0
2370,71,1,0,0
2371,40,1,0,0
2372,41,1,0,0
2373,85,1,0,0
2374,59,1,0,0
2375,54,1,0,0
2376,94,1,0,0
2377,44,1,0,0
2378,17,1,0,0
2379,175,1,0,0
2380,107,1,0,0
2381,107,1,0,0
2382,36,1,0,0
2383,67,1,0,0
2384,32,1,0,0
2385,59,1,0,0
2386,33,1,0,0
2387,50,1,0,0
2388,42,1,0,0
2389,126,1,0,0
2390,43,1,0,0
2391,62,1,0,0
2392,102,1,0,0
2393,78,1,0,0
2394,88,1,0,0
2395,21,1,0,0
2396,60,1,0,0
2397,77,1,0,0
2398,54,1,0,0
2399,21,1,0,0
2400,91,1,0,0
2401,68,1,0,0
2402,108,1,0,0
2403,61,1,0,0
2404,84,1,0,0
2405,93,1,0,0
2406,98,1,0,0
2407,63,1,0,0
2408,20,1,0,0
2409,128,1,0,0
2410,26,1,0,0
2411,35,1,0,0
2412,25,1,0,0
2413,77,1,0,0
2414,174,1,0,0
2415,161,1,0,0
2416,159,1,0,0
2417,64,1,0,0
2418,49,1,0,0
2419,92,1,0,0
2420,9,1,0,0
2421,123,1,0,0
2422,51,1,0,0
2423,67,1,0,0
2424,63,1,0,0
2425,29,1,0,0
2426,211,1,0,0
2427,33,1,0,0
2428,104,1,0,0
2429,78,1,0,0
2430,123,1,0,0
2431,35,1,0,0
2432,20,1,0,0
2433,153,1,0,0
2434,33,1,0,0
2435,14,1,0,0
2436,44,1,0,0
2437,61,1,0,0
2438,59,1,0,0
2439,52,1,0,0
2440,73,1,0,0
2441,212,1,0,0
2442,62,1,0,0
2443,30,1,0,0
2444,88,1,0,0
2445,35,1,0,0
2446,56,1,0,0
2447,89,1,0,0
2448,8,1,0,0
2449,21,1,0,0
2450,53,1,0,0
2451,151,1,0,0
2452,46,1,0,0
2453,64,1,0,0
2454,115,1,0,0
2455,70,1,0,0
2456,79,1,0,0
2457,154,1,0,0
2458,83,1,0,0
2459,16,1,0,0
2460,46,1,0,0
2461,161,1,0,0
2462,42,1,0,0
2463,89,1,0,0
2464,127,1,0,0
2465,118,1,0,0
2466,35,1,0,0
2467,33,1,0,0
2468,67,1,0,0
2469,95,1,0,0
2470,45,1,0,0
2471,88,1,0,0
2472,50,1,0,0
2473,88,1,0,0
2474,69,1,0,0
2475,22,1,0,0
2476,71,1,0,0
2477,9,1,0,0
2478,107,1,0,0
2479,45,1,0,0
2480,77,1,0,0
2481,56,1,0,0
2482,59,1,0,0
2483,31,1,0,0
2484,89,1,0,0
2485,31,1,0,0
2486,126,1,0,0
2487,53,1,0,0
2488,96,1,0,0
2489,19,1,0,0
2490,42,1,0,0
2491,41,1,0,0
2492,31,1,0,0
2493,151,1,0,0
2494,23,1,0,0
2495,32,1,0,0
2496,138,1,0,0
2497,49,1,0,0
2498,51,1,0,0
2499,63,1,0,0
2500,26,1,0,0
2501,163,1,0,0
2502,22,1,0,0
2503,52,1,0,0
2504,134,1,0,0
2505,43,1,0,0
2506,30,1,0,0
2507,136,1,0,0
2508,283,1,0,0
2509,148,1,0,0
2510,13,1,0,0
2511,130,1,0,0
2512,143,1,0,0
2513,15,1,0,0
2514,89,1,0,0
2515,70,1,0,0
2516,39,1,0,0
2517,17,1,0,0
2518,97,1,0,0
2519,18,1,0,0
2520,297,1,0,0
2521,108,1,0,0
2522,47,1,0,0
2523,106,1,0,0
2524,127,1,0,0
2525,107,1,0,0
2526,11,1,0,0
2527,72,1,0,0
2528,37,1,0,0
2529,33,1,0,0
2530,70,1,0,0
2531,63,1,0,0
2532,146,1,0,0
2533,37,1,0,0
2534,63,1,0,0
2535,54,1,0,0
2536,22,1,0,0
2537,55,1,0,0
2538,71,1,0,0
2539,81,1,0,0
2540,85,1,0,0
2541,78,1,0,0
2542,51,1,0,0
2543,48,1,0,0
2544,147,1,0,0
2545,61,1,0,0
2546,63,1,0,0
2547,110,1,0,0
2548,35,1,0,0
2549,118,1,0,0
2550,37,1,0,0
2551,38,1,0,0
2552,146,1,0,0
2553,13,1,0,0
2554,27,1,0,0
2555,46,1,0,0
2556,62,1,0,0
2557,74,1,0,0
2558,67,1,0,0
2559,90,1,0,0
2560,44,1,0,0
2561,37,1,0,0
2562,60,1,0,0
2563,44,1,0,0
2564,40,1,0,0
2565,38,1,0,0
2566,69,1,0,0
2567,34,1,0,0
2568,23,1,0,0
2569,28,1,0,0
2570,32,1,0,0
2571,23,1,0,0
2572,150,1,0,0
2573,80,1,0,0
2574,82,1,0,0
2575,103,1,0,0
2576,36,1,0,0
2577,67,1,0,0
2578,22,1,0,0
2579,137,1,0,0
2580,26,1,0,0
2581,152,1,0,0
2582,49,1,0,0
2583,154,1,0,0
2584,22,1,0,0
2585,147,1,0,0
2586,9,1,0,0
2587,47,1,0,0
2588,36,1,0,0
2589,63,1,0,0
2590,134,1,0,0
2591,83,1,0,0
2592,83,1,0,0
2593,72,1,0,0
2594,67,1,0,0
2595,57,1,0,0
2596,59,1,0,0
2597,37,1,0,0
2598,101,1,0,0
2599,147,1,0,0
2600,96,1,0,0
2601,20,1,0,0
2602,74,1,0,0
2603,98,1,0,0
2604,60,1,0,0
2605,29,1,0,0
2606,19,1,0,0
2607,59,1,0,0
2608,100,1,0,0
2609,94,1,0,0
2610,94,1,0,0
2611,94,1,0,0
2612,73,1,0,0
2613,99,1,0,0
2614,69,1,0,0
2615,46,1,0,0
2616,58,1,0,0
2617,59,1,0,0
2618,95,1,0,0
2619,111,1,0,0
2620,60,1,0,0
2621,34,1,0,0
2622,134,1,0,0
2623,194,1,0,0
2624,24,1,0,0
2625,63,1,0,0
2626,61,1,0,0
2627,68,1,0,0
2628,143,1,0,0
2629,56,1,0,0
2630,95,1,0,0
2631,56,1,0,0
2632,20,1,0,0
2633,71,1,0,0
2634,59,1,0,0
2635,63,1,0,0
2636,44,1,0,0
2637,19,1,0,0
2638,31,1,0,0
2639,65,1,0,0
2640,102,1,0,0
2641,23,1,0,0
2642,39,1,0,0
2643,41,1,0,0
2644,83,1,0,0
2645,46,1,0,0
2646,94,1,0,0
2647,38,1,0,0
2648,87,1,0,0
2649,100,1,0,0
2650,44,1,0,0
2651,46,1,0,0
2652,9,1,0,0
2653,86,1,0,0
2654,223,1,0,0
2655,40,1,0,0
2656,152,1,0,0
2657,151,1,0,0
2658,59,1,0,0
2659,152,1,0,0
2660,37,1,0,0
2661,46,1,0,0
2662,94,1,0,0
2663,91,1,0,0
2664,18,1,0,0
2665,93,1,0,0
2666,34,1,0,0
2667,65,1,0,0
2668,72,1,0,0
2669,111,1,0,0
2670,78,1,0,0
2671,78,1,0,0
2672,63,1,0,0
2673,17,1,0,0
2674,164,1,0,0
2675,14,1,0,0
2676,52,1,0,0
2677,142,1,0,0
2678,29,1,0,0
2679,31,1,0,0
2680,55,1,0,0
2681,74,1,0,0
2682,20,1,0,0
2683,78,1,0,0
2684,65,1,0,0
2685,126,1,0,0
2686,78,1,0,0
2687,92,1,0,0
2688,33,1,0,0
2689,10,1,0,0
2690,53,1,0,0
2691,29,1,0,0
2692,97,1,0,0
2693,102,1,0,0
2694,90,1,0,0
2695,89,1,0,0
2696,113,1,0,0
2697,37,1,0,0
2698,31,1,0,0
2699,42,1,0,0
2700,38,1,0,0
2701,19,1,0,0
2702,47,1,0,0
2703,40,1,0,0
2704,84,1,0,0
2705,56,1,0,0
2706,32,1,0,0
2707,53,1,0,0
2708,55,1,0,0
2709,67,1,0,0
2710,32,1,0,0
2711,174,1,0,0
2712,93,1,0,0
2713,100,1,0,0
2714,74,1,0,0
2715,54,1,0,0
2716,75,1,0,0
2717,43,1,0,0
2718,65,1,0,0
2719,72,1,0,0
2720,49,1,0,0
2721,21,1,0,0
2722,27,1,0,0
2723,71,1,0,0
2724,51,1,0,0
2725,57,1,0,0
2726,25,1,0,0
2727,119,1,0,0
2728,96,1,0,0
2729,191,1,0,0
2730,54,1,0,0
2731,38,1,0,0
2732,53,1,0,0
2733,85,1,0,0
2734,22,1,0,0
2735,49,1,0,0
2736,27,1,0,0
2737,64,1,0,0
2738,84,1,0,0
2739,79,1,0,0
2740,115,1,0,0
2741,72,1,0,0
2742,21,1,0,0
2743,58,1,0,0
2744,41,1,0,0
2745,14,1,0,0
2746,50,1,0,0
2747,39,1,0,0
2748,15,1,0,0
2749,121,1,0,0
2750,81,1,0,0
2751,90,1,0,0
2752,49,1,0,0
2753,55,1,0,0
2754,139,1,0,0
2755,115,1,0,0
2756,31,1,0,0
2757,81,1,0,0
2758,59,1,0,0
2759,111,1,0,0
2760,146,1,0,0
2761,131,1,0,0
2762,26,1,0,0
2763,70,1,0,0
2764,21,1,0,0
2765,39,1,0,0
2766,70,1,0,0
2767,98,1,0,0
2768,96,1,0,0
2769,41,1,0,0
2770,148,1,0,0
2771,17,1,0,0
2772,121,1,0,0
2773,52,1,0,0
2774,57,1,0,0
2775,53,1,0,0
2776,10,1,0,0
2777,54,1,0,0
2778,30,1,0,0
2779,120,1,0,0
2780,69,1,0,0
2781,220,1,0,0
2782,57,1,0,0
2783,128,1,0,0
2784,23,1,0,0
2785,43,1,0,0
2786,32,1,0,0
2787,56,1,0,0
2788,104,1,0,0
2789,65,1,0,0
2790,35,1,0,0
2791,41,1,0,0
2792,62,1,0,0
2793,44,1,0,0
2794,179,1,0,0
2795,141,1,0,0
2796,46,1,0,0
2797,84,1,0,0
2798,27,1,0,0
2799,40,1,0,0
2800,17,1,0,0
2801,40,1,0,0
2802,30,1,0,0
2803,29,1,0,0
2804,103,1,0,0
2805,36,1,0,0
2806,49,1,0,0
2807,37,1,0,0
2808,68,1,0,0
2809,43,1,0,0
2810,56,1,0,0
2811,80,1,0,0
2812,23,1,0,0
2813,22,1,0,0
2814,110,1,0,0
2815,19,1,0,0
2816,47,1,0,0
2817,146,1,0,0
2818,86,1,0,0
2819,48,1,0,0
2820,86,1,0,0
2821,39,1,0,0
2822,48,1,0,0
2823,48,1,0,0
2824,69,1,0,0
2825,132,1,0,0
2826,127,1,0,0
2827,109,1,0,0
2828,149,1,0,0
2829,10,1,0,0
2830,189,1,0,0
2831,115,1,0,0
2832,26,1,0,0
2833,51,1,0,0
2834,120,1,0,0
2835,46,1,0,0
2836,43,1,0,0
2837,104,1,0,0
2838,21,1,0,0
2839,91,1,0,0
2840,119,1,0,0
2841,69,1,0,0
2842,22,1,0,0
2843,150,1,0,0
2844,74,1,0,0
2845,94,1,0,0
2846,95,1,0,0
2847,28,1,0,0
2848,113,1,0,0
2849,57,1,0,0
2850,106,1,0,0
2851,8,1,0,0
2852,38,1,0,0
2853,94,1,0,0
2854,54,1,0,0
2855,157,1,0,0
2856,7,1,0,0
2857,19,1,0,0
2858,17,1,0,0
2859,23,1,0,0
2860,157,1,0,0
2861,152,1,0,0
2862,79,1,0,0
2863,41,1,0,0
2864,60,1,0,0
2865,54,1,0,0
2866,46,1,0,0
2867,39,1,0,0
2868,109,1,0,0
2869,71,1,0,0
2870,9,1,0,0
2871,251,1,0,0
2872,34,1,0,0
2873,17,1,0,0
2874,79,1,0,0
2875,72,1,0,0
2876,39,1,0,0
2877,142,1,0,0
2878,71,1,0,0
2879,29,1,0,0
2880,183,1,0,0
2881,62,1,0,0
2882,89,1,0,0
2883,36,1,0,0
2884,43,1,0,0
2885,60,1,0,0
2886,14,1,0,0
2887,151,1,0,0
2888,121,1,0,0
2889,93,1,0,0
2890,37,1,0,0
2891,15,1,0,0
2892,158,1,0,0
2893,76,1,0,0
2894,75,1,0,0
2895,44,1,0,0
2896,75,1,0,0
2897,33,1,0,0
2898,36,1,0,0
2899,98,1,0,0
2900,64,1,0,0
2901,34,1,0,0
2902,17,1,0,0
2903,38,1,0,0
2904,20,1,0,0
2905,47,1,0,0
2906,48,1,0,0
2907,83,1,0,0
2908,78,1,0,0
2909,81,1,0,0
2910,47,1,0,0
2911,83,1,0,0
2912,75,1,0,0
2913,59,1,0,0
2914,51,1,0,0
2915,67,1,0,0
2916,61,1,0,0
2917,131,1,0,0
2918,51,1,0,0
2919,103,1,0,0
2920,21,1,0,0
2921,78,1,0,0
2922,31,1,0,0
2923,17,1,0,0
2924,30,1,0,0
2925,27,1,0,0
2926,59,1,0,0
2927,29,1,0,0
2928,47,1,0,0
2929,124,1,0,0
2930,89,1,0,0
2931,102,1,0,0
2932,34,1,0,0
2933,104,1,0,0
2934,45,1,0,0
2935,36,1,0,0
2936,231,1,0,0
2937,52,1,0,0
2938,140,1,0,0
2939,67,1,0,0
2940,107,1,0,0
2941,30,1,0,0
2942,18,1,0,0
2943,12,1,0,0
2944,27,1,0,0
2945,23,1,0,0
2946,73,1,0,0
2947,15,1,0,0
2948,24,1,0,0
2949,176,1,0,0
2950,35,1,0,0
2951,148,1,0,0
2952,28,1,0,0
2953,50,1,0,0
2954,75,1,0,0
2955,46,1,0,0
2956,109,1,0,0
2957,36,1,0,0
2958,116,1,0,0
2959,78,1,0,0
2960,74,1,0,0
2961,49,1,0,0
2962,46,1,0,0
2963,52,1,0,0
2964,17,1,0,0
2965,240,1,0,0
2966,35,1,0,0
2967,73,1,0,0
2968,147,1,0,0
2969,50,1,0,0
2970,40,1,0,0
2971,71,1,0,0
2972,97,1,0,0
2973,111,1,0,0
2974,20,1,0,0
2975,27,1,0,0
2976,60,1,0,0
2977,27,1,0,0
2978,112,1,0,0
2979,21,1,0,0
2980,199,1,0,0
2981,27,1,0,0
2982,76,1,0,0
2983,74,1,0,0
2984,19,1,0,0
2985,49,1,0,0
2986,67,1,0,0
2987,43,1,0,0
2988,38,1,0,0
2989,81,1,0,0
2990,124,1,0,0
2991,88,1,0,0
2992,40,1,0,0
2993,36,1,0,0
2994,85,1,0,0
2995,71,1,0,0
2996,35,1,0,0
2997,42,1,0,0
2998,115,1,0,0
2999,57,1,0,0
3000,65,1,0,0
3001,79,1,0,0
3002,97,1,0,0
3003,8,1,0,0
3004,118,1,0,0
3005,106,1,0,0
3006,75,1,0,0
3007,45,1,0,0
3008,74,1,0,0
3009,28,1,0,0
3010,17,1,0,0
3011,59,1,0,0
3012,135,1,0,0
3013,122,1,0,0
3014,28,1,0,0
3015,161,1,0,0
3016,43,1,0,0
3017,107,1,0,0
3018,40,1,0,0
3019,68,1,0,0
3020,47,1,0,0
3021,25,1,0,0
3022,51,1,0,0
3023,82,1,0,0
3024,107,1,0,0
3025,22,1,0,0
3026,34,1,0,0
3027,124,1,0,0
3028,52,1,0,0
3029,55,1,0,0
3030,89,1,0,0
3031,31,1,0,0
3032,97,1,0,0
3033,19,1,0,0
3034,87,1,0,0
3035,46,1,0,0
3036,28,1,0,0
3037,45,1,0,0
3038,61,1,0,0
3039,86,1,0,0
3040,62,1,0,0
3041,67,1,0,0
3042,59,1,0,0
3043,60,1,0,0
3044,25,1,0,0
3045,85,1,0,0
3046,35,1,0,0
3047,19,1,0,0
3048,12,1,0,0
3049,100,1,0,0
3050,56,1,0,0
3051,152,1,0,0
3052,45,1,0,0
3053,56,1,0,0
3054,142,1,0,0
3055,52,1,0,0
3056,105,1,0,0
3057,95,1,0,0
3058,108,1,0,0
3059,140,1,0,0
3060,58,1,0,0
3061,24,1,0,0
3062,156,1,0,0
3063,93,1,0,0
3064,70,1,0,0
3065,44,1,0,0
3066,72,1,0,0
3067,124,1,0,0
3068,65,1,0,0
3069,29,1,0,0
3070,82,1,0,0
3071,36,1,0,0
3072,109,1,0,0
3073,42,1,0,0
3074,72,1,0,0
3075,178,1,0,0
3076,138,1,0,0
3077,131,1,0,0
3078,31,1,0,0
3079,103,1,0,0
3080,86,1,0,0
3081,113,1,0,0
3082,51,1,0,0
3083,32,1,0,0
3084,31,1,0,0
3085,17,1,0,0
3086,38,1,0,0
3087,29,1,0,0
3088,26,1,0,0
3089,49,1,0,0
3090,38,1,0,0
3091,51,1,0,0
3092,96,1,0,0
3093,121,1,0,0
3094,34,1,0,0
3095,30,1,0,0
3096,108,1,0,0
3097,54,1,0,0
3098,111,1,0,0
3099,55,1,0,0
3100,37,1,0,0
3101,34,1,0,0
3102,51,1,0,0
3103,69,1,0,0
3104,84,1,0,0
3105,164,1,0,0
3106,48,1,0,0
3107,121,1,0,0
3108,161,1,0,0
3109,72,1,0,0
3110,29,1,0,0
3111,24,1,0,0
3112,78,1,0,0
3113,38,1,0,0
3114,73,1,0,0
3115,9,1,0,0
3116,63,1,0,0
3117,41,1,0,0
3118,23,1,0,0
3119,51,1,0,0
3120,80,1,0,0
3121,105,1,0,0
3122,19,1,0,0
3123,16,1,0,0
3124,65,1,0,0
3125,29,1,0,0
3126,49,1,0,0
3127,40,1,0,0
3128,11,1,0,0
3129,67,1,0,0
3130,15,1,0,0
3131,95,1,0,0
3132,119,1,0,0
3133,42,1,0,0
3134,130,1,0,0
3135,48,1,0,0
3136,31,1,0,0
3137,42,1,0,0
3138,38,1,0,0
3139,145,1,0,0
3140,44,1,0,0
3141,130,1,0,0
3142,159,1,0,0
3143,63,1,0,0
3144,22,1,0,0
3145,165,1,0,0
3146,56,1,0,0
3147,18,1,0,0
3148,24,1,0,0
3149,65,1,0,0
3150,35,1,0,0
3151,25,1,0,0
3152,54,1,0,0
3153,36,1,0,0
3154,32,1,0,0
3155,115,1,0,0
3156,143,1,0,0
3157,147,1,0,0
3158,89,1,0,0
3159,80,1,0,0
3160,67,1,0,0
3161,52,1,0,0
3162,27,1,0,0
3163,170,1,0,0
3164,30,1,0,0
3165,62,1,0,0
3166,65,1,0,0
3167,24,1,0,0
3168,38,1,0,0
3169,23,1,0,0
3170,65,1,0,0
3171,154,1,0,0
3172,89,1,0,0
3173,105,1,0,0
3174,79,1,0,0
3175,34,1,0,0
3176,210,1,0,0
3177,21,1,0,0
3178,77,1,0,0
3179,36,1,0,0
3180,111,1,0,0
3181,142,1,0,0
3182,80,1,0,0
3183,89,1,0,0
3184,83,1,0,0
3185,94,1,0,0
3186,97,1,0,0
3187,32,1,0,0
3188,37,1,0,0
3189,21,1,0,0
3190,58,1,0,0
3191,39,1,0,0
3192,36,1,0,0
3193,80,1,0,0
3194,53,1,0,0
3195,9,1,0,0
3196,55,1,0,0
3197,171,1,0,0
3198,201,1,0,0
3199,29,1,0,0
3200,142,1,0,0
3201,87,1,0,0
3202,43,1,0,0
3203,20,1,0,0
3204,39,1,0,0
3205,92,1,0,0
3206,15,1,0,0
3207,45,1,0,0
3208,39,1,0,0
3209,17,1,0,0
3210,99,1,0,0
3211,205,1,0,0
3212,107,1,0,0
3213,15,1,0,0
3214,139,1,0,0
3215,27,1,0,0
3216,26,1,0,0
3217,47,1,0,0
3218,10,1,0,0
3219,187,1,0,0
3220,66,1,0,0
3221,104,1,0,0
3222,110,1,0,0
3223,49,1,0,0
3224,28,1,0,0
3225,30,1,0,0
3226,23,1,0,0
3227,76,1,0,0
3228,48,1,0,0
3229,19,1,0,0
3230,84,1,0,0
3231,73,1,0,0
3232,70,1,0,0
3233,31,1,0,0
3234,50,1,0,0
3235,211,1,0,0
3236,29,1,0,0
3237,50,1,0,0
3238,60,1,0,0
3239,91,1,0,0
3240,181,1,0,0
3241,31,1,0,0
3242,84,1,0,0
3243,65,1,0,0
3244,23,1,0,0
3245,54,1,0,0
3246,67,1,0,0
3247,154,1,0,0
3248,23,1,0,0
3249,40,1,0,0
3250,40,1,0,0
3251,86,1,0,0
3252,41,1,0,0
3253,35,1,0,0
3254,47,1,0,0
3255,70,1,0,0
3256,108,1,0,0
3257,15,1,0,0
3258,82,1,0,0
3259,25,1,0,0
3260,80,1,0,0
3261,57,1,0,0
3262,38,1,0,0
3263,160,1,0,0
3264,38,1,0,0
3265,199,1,0,0
3266,62,1,0,0
3267,18,1,0,0
3268,20,1,0,0
3269,54,1,0,0
3270,77,1,0,0
3271,117,1,0,0
3272,32,1,0,0
3273,63,1,0,0
3274,96,1,0,0
3275,59,1,0,0
3276,51,1,0,0
3277,101,1,0,0
3278,72,1,0,0
3279,121,1,0,0
3280,83,1,0,0
3281,84,1,0,0
3282,64,1,0,0
3283,19,1,0,0
3284,78,1,0,0
3285,77,1,0,0
3286,55,1,0,0
3287,48,1,0,0
3288,62,1,0,0
3289,64,1,0,0
3290,93,1,0,0
3291,96,1,0,0
3292,137,1,0,0
3293,39,1,0,0
3294,40,1,0,0
3295,102,1,0,0
3296,125,1,0,0
3297,65,1,0,0
3298,28,1,0,0
3299,40,1,0,0
3300,67,1,0,0
3301,19,1,0,0
3302,102,1,0,0
3303,15,1,0,0
3304,74,1,0,0
3305,39,1,0,0
3306,39,1,0,0
3307,125,1,0,0
3308,10,1,0,0
3309,134,1,0,0
3310,74,1,0,0
3311,15,1,0,0
3312,116,1,0,0
3313,88,1,0,0
3314,70,1,0,0
3315,189,1,0,0
3316,16,1,0,0
3317,23,1,0,0
3318,115,1,0,0
3319,96,1,0,0
3320,70,1,0,0
3321,136,1,0,0
3322,208,1,0,0
3323,87,1,0,0
3324,51,1,0,0
3325,16,1,0,0
3326,103,1,0,0
3327,17,1,0,0
3328,88,1,0,0
3329,58,1,0,0
3330,79,1,0,0
3331,79,1,0,0
3332,58,1,0,0
3333,55,1,0,0
3334,12,1,0,0
3335,9,1,0,0
3336,48,1,0,0
3337,135,1,0,0
3338,34,1,0,0
3339,41,1,0,0
3340,72,1,0,0
3341,40,1,0,0
3342,40,1,0,0
3343,7,1,0,0
3344,72,1,0,0
3345,41,1,0,0
3346,33,1,0,0
3347,29,1,0,0
3348,101,1,0,0
3349,32,1,0,0
3350,36,1,0,0
3351,53,1,0,0
3352,59,1,0,0
3353,93,1,0,0
3354,40,1,0,0
3355,60,1,0,0
3356,106,1,0,0
3357,121,1,0,0
3358,154,1,0,0
3359,59,1,0,0
3360,303,1,0,0
3361,50,1,0,0
3362,86,1,0,0
3363,143,1,0,0
3364,110,1,0,0
3365,71,1,0,0
3366,19,1,0,0
3367,43,1,0,0
3368,116,1,0,0
3369,50,1,0,0
3370,19,1,0,0
3371,24,1,0,0
3372,67,1,0,0
3373,66,1,0,0
3374,38,1,0,0
3375,15,1,0,0
3376,101,1,0,0
3377,19,1,0,0
3378,151,1,0,0
3379,189,1,0,0
3380,34,1,0,0
3381,77,1,0,0
3382,53,1,0,0
3383,29,1,0,0
3384,111,1,0,0
3385,155,1,0,0
3386,51,1,0,0
3387,53,1,0,0
3388,71,1,0,0
3389,24,1,0,0
3390,70,1,0,0
3391,85,1,0,0
3392,9,1,0,0
3393,58,1,0,0
3394,40,1,0,0
3395,23,1,0,0
3396,8,1,0,0
3397,26,1,0,0
3398,20,1,0,0
3399,42,1,0,0
3400,67,1,0,0
3401,90,1,0,0
3402,10,1,0,0
3403,36,1,0,0
3404,154,1,0,0
3405,127,1,0,0
3406,91,1,0,0
3407,171,1,0,0
3408,202,1,0,0
3409,100,1,0,0
3410,33,1,0,0
3411,39,1,0,0
3412,390,1,0,0
3413,21,1,0,0
3414,47,1,0,0
3415,47,1,0,0
3416,58,1,0,0
3417,11,1,0,0
3418,22,1,0,0
3419,233,1,0,0
3420,121,1,0,0
3421,71,1,0,0
3422,33,1,0,0
3423,50,1,0,0
3424,31,1,0,0
3425,76,1,0,0
3426,111,1,0,0
3427,53,1,0,0
3428,131,1,0,0
3429,106,1,0,0
3430,45,1,0,0
3431,88,1,0,0
3432,47,1,0,0
3433,40,1,0,0
3434,53,1,0,0
3435,8,1,0,0
3436,45,1,0,0
3437,67,1,0,0
3438,38,1,0,0
3439,29,1,0,0
3440,116,1,0,0
3441,133,1,0,0
3442,25,1,0,0
3443,129,1,0,0
3444,43,1,0,0
3445,32,1,0,0
3446,85,1,0,0
3447,33,1,0,0
3448,67,1,0,0
3449,122,1,0,0
3450,37,1,0,0
3451,26,1,0,0
3452,33,1,0,0
3453,95,1,0,0
3454,9,1,0,0
3455,128,1,0,0
3456,81,1,0,0
3457,35,1,0,0
3458,138,1,0,0
3459,12,1,0,0
3460,65,1,0,0
3461,54,1,0,0
3462,92,1,0,0
3463,17,1,0,0
3464,24,1,0,0
3465,91,1,0,0
3466,38,1,0,0
3467,77,1,0,0
3468,47,1,0,0
3469,58,1,0,0
3470,82,1,0,0
3471,42,1,0,0
3472,18,1,0,0
3473,63,1,0,0
3474,67,1,0,0
3475,29,1,0,0
3476,44,1,0,0
3477,198,1,0,0
3478,25,1,0,0
3479,52,1,0,0
3480,72,1,0,0
3481,145,1,0,0
3482,65,1,0,0
3483,146,1,0,0
3484,49,1,0,0
3485,70,1,0,0
3486,68,1,0,0
3487,18,1,0,0
3488,49,1,0,0
3489,48,1,0,0
3490,88,1,0,0
3491,52,1,0,0
3492,31,1,0,0
3493,43,1,0,0
3494,19,1,0,0
3495,30,1,0,0
3496,36,1,0,0
3497,45,1,0,0
3498,55,1,0,0
3499,53,1,0,0
3500,42,1,0,0
3501,74,1,0,0
3502,163,1,0,0
3503,66,1,0,0
3504,40,1,0,0
3505,36,1,0,0
3506,77,1,0,0
3507,23,1,0,0
3508,126,1,0,0
3509,36,1,0,0
3510,73,1,0,0
3511,138,1,0,0
3512,32,1,0,0
3513,61,1,0,0
3514,60,1,0,0
3515,92,1,0,0
3516,71,1,0,0
3517,35,1,0,0
3518,13,1,0,0
3519,31,1,0,0
3520,74,1,0,0
3521,69,1,0,0
3522,88,1,0,0
3523,74,1,0,0
3524,12,1,0,0
3525,95,1,0,0
3526,40,1,0,0
3527,32,1,0,0
3528,43,1,0,0
3529,32,1,0,0
3530,17,1,0,0
3531,56,1,0,0
3532,68,1,0,0
3533,263,1,0,0
3534,39,1,0,0
3535,48,1,0,0
3536,67,1,0,0
3537,39,1,0,0
3538,48,1,0,0
3539,107,1,0,0
3540,71,1,0,0
3541,51,1,0,0
3542,40,1,0,0
3543,27,1,0,0
3544,37,1,0,0
3545,96,1,0,0
3546,78,1,0,0
3547,31,1,0,0
3548,237,1,0,0
3549,21,1,0,0
3550,132,1,0,0
3551,52,1,0,0
3552,102,1,0,0
3553,152,1,0,0
3554,44,1,0,0
3555,57,1,0,0
3556,65,1,0,0
3557,140,1,0,0
3558,62,1,0,0
3559,54,1,0,0
3560,64,1,0,0
3561,11,1,0,0
3562,95,1,0,0
3563,115,1,0,0
3564,72,1,0,0
3565,101,1,0,0
3566,73,1,0,0
3567,54,1,0,0
3568,93,1,0,0
3569,13,1,0,0
3570,7,1,0,0
3571,65,1,0,0
3572,41,1,0,0
3573,166,1,0,0
3574,25,1,0,0
3575,84,1,0,0
3576,133,1,0,0
3577,29,1,0,0
3578,42,1,0,0
3579,43,1,0,0
3580,29,1,0,0
3581,101,1,0,0
3582,84,1,0,0
3583,73,1,0,0
3584,64,1,0,0
3585,27,1,0,0
3586,31,1,0,0
3587,74,1,0,0
3588,45,1,0,0
3589,37,1,0,0
3590,147,1,0,0
3591,61,1,0,0
3592,30,1,0,0
3593,138,1,0,0
3594,85,1,0,0
3595,103,1,0,0
3596,26,1,0,0
3597,8,1,0,0
3598,181,1,0,0
3599,38,1,0,0
3600,90,1,0,0
3601,43,1,0,0
3602,94,1,0,0
3603,31,1,0,0
3604,136,1,0,0
3605,91,1,0,0
3606,53,1,0,0
3607,62,1,0,0
3608,111,1,0,0
3609,95,1,0,0
3610,23,1,0,0
3611,25,1,0,0
3612,37,1,0,0
3613,15,1,0,0
3614,64,1,0,0
3615,39,1,0,0
3616,55,1,0,0
3617,96,1,0,0
3618,135,1,0,0
3619,18,1,0,0
3620,197,1,0,0
3621,31,1,0,0
3622,74,1,0,0
3623,81,1,0,0
3624,59,1,0,0
3625,98,1,0,0
3626,16,1,0,0
3627,55,1,0,0
3628,67,1,0,0
3629,90,1,0,0
3630,82,1,0,0
3631,37,1,0,0
3632,10,1,0,0
3633,25,1,0,0
3634,24,1,0,0
3635,41,1,0,0
3636,89,1,0,0
3637,47,1,0,0
3638,58,1,0,0
3639,98,1,0,0
3640,18,1,0,0
3641,32,1,0,0
3642,199,1,0,0
3643,118,1,0,0
3644,52,1,0,0
3645,37,1,0,0
3646,154,1,0,0
3647,167,1,0,0
3648,46,1,0,0
3649,34,1,0,0
3650,126,1,0,0
3651,42,1,0,0
3652,30,1,0,0
3653,52,1,0,0
3654,109,1,0,0
3655,63,1,0,0
3656,76,1,0,0
3657,46,1,0,0
3658,49,1,0,0
3659,49,1,0,0
3660,29,1,0,0
3661,22,1,0,0
3662,42,1,0,0
3663,13,1,0,0
3664,47,1,0,0
3665,47,1,0,0
3666,111,1,0,0
3667,69,1,0,0
3668,80,1,0,0
3669,25,1,0,0
3670,122,1,0,0
3671,9,1,0,0
3672,31,1,0,0
3673,16,1,0,0
3674,28,1,0,0
3675,112,1,0,0
3676,117,1,0,0
3677,48,1,0,0
3678,247,1,0,0
3679,109,1,0,0
3680,79,1,0,0
3681,82,1,0,0
3682,50,1,0,0
3683,30,1,0,0
3684,114,1,0,0
3685,60,1,0,0
3686,31,1,0,0
3687,129,1,0,0
3688,75,1,0,0
3689,52,1,0,0
3690,72,1,0,0
3691,73,1,0,0
3692,72,1,0,0
3693,24,1,0,0
3694,36,1,0,0
3695,72,1,0,0
3696,247,1,0,0
3697,72,1,0,0
3698,69,1,0,0
3699,52,1,0,0
3700,35,1,0,0
3701,84,1,0,0
3702,124,1,0,0
3703,29,1,0,0
3704,93,1,0,0
3705,145,1,0,0
3706,40,1,0,0
3707,63,1,0,0
3708,35,1,0,0
3709,211,1,0,0
3710,53,1,0,0
3711,61,1,0,0
3712,9,1,0,0
3713,96,1,0,0
3714,14,1,0,0
3715,165,1,0,0
3716,88,1,0,0
3717,25,1,0,0
3718,28,1,0,0
3719,20,1,0,0
3720,81,1,0,0
3721,141,1,0,0
3722,65,1,0,0
3723,292,1,0,0
3724,28,1,0,0
3725,83,1,0,0
3726,60,1,0,0
3727,77,1,0,0
3728,103,1,0,0
3729,15,1,0,0
3730,58,1,0,0
3731,113,1,0,0
3732,20,1,0,0
3733,99,1,0,0
3734,27,1,0,0
3735,37,1,0,0
3736,21,1,0,0
3737,30,1,0,0
3738,32,1,0,0
3739,63,1,0,0
3740,148,1,0,0
3741,40,1,0,0
3742,83,1,0,0
3743,54,1,0,0
3744,113,1,0,0
3745,66,1,0,0
3746,89,1,0,0
3747,38,1,0,0
3748,95,1,0,0
3749,50,1,0,0
3750,19,1,0,0
3751,69,1,0,0
3752,71,1,0,0
3753,15,1,0,0
3754,31,1,0,0
3755,15,1,0,0
3756,105,1,0,0
3757,44,1,0,0
3758,19,1,0,0
3759,92,1,0,0
3760,56,1,0,0
3761,88,1,0,0
3762,154,1,0,0
3763,102,1,0,0
3764,57,1,0,0
3765,48,1,0,0
3766,43,1,0,0
3767,82,1,0,0
3768,39,1,0,0
3769,95,1,0,0
3770,168,1,0,0
3771,64,1,0,0
3772,65,1,0,0
3773,88,1,0,0
3774,90,1,0,0
3775,18,1,0,0
3776,61,1,0,0
3777,69,1,0,0
3778,59,1,0,0
3779,13,1,0,0
3780,41,1,0,0
3781,129,1,0,0
3782,117,1,0,0
3783,54,1,0,0
3784,27,1,0,0
3785,50,1,0,0
3786,45,1,0,0
3787,39,1,0,0
3788,58,1,0,0
3789,58,1,0,0
3790,131,1,0,0
3791,70,1,0,0
3792,98,1,0,0
3793,76,1,0,0
3794,21,1,0,0
3795,67,1,0,0
3796,91,1,0,0
3797,74,1,0,0
3798,71,1,0,0
3799,176,1,0,0
3800,112,1,0,0
3801,16,1,0,0
3802,61,1,0,0
3803,146,1,0,0
3804,55,1,0,0
3805,79,1,0,0
3806,54,1,0,0
3807,49,1,0,0
3808,43,1,0,0
3809,124,1,0,0
3810,47,1,0,0
3811,54,1,0,0
3812,157,1,0,0
3813,31,1,0,0
3814,67,1,0,0
3815,42,1,0,0
3816,90,1,0,0
3817,62,1,0,0
3818,70,1,0,0
3819,67,1,0,0
3820,13,1,0,0
3821,37,1,0,0
3822,54,1,0,0
3823,52,1,0,0
3824,98,1,0,0
3825,89,1,0,0
3826,167,1,0,0
3827,67,1,0,0
3828,163,1,0,0
3829,32,1,0,0
3830,29,1,0,0
3831,76,1,0,0
3832,96,1,0,0
3833,50,1,0,0
3834,37,1,0,0
3835,69,1,0,0
3836,50,1,0,0
3837,14,1,0,0
3838,46,1,0,0
3839,15,1,0,0
3840,71,1,0,0
3841,83,1,0,0
3842,23,1,0,0
3843,163,1,0,0
3844,59,1,0,0
3845,52,1,0,0
3846,43,1,0,0
3847,37,1,0,0
3848,79,1,0,0
3849,61,1,0,0
3850,168,1,0,0
3851,18,1,0,0
3852,35,1,0,0
3853,26,1,0,0
3854,60,1,0,0
3855,228,1,0,0
3856,23,1,0,0
3857,92,1,0,0
3858,187,1,0,0
3859,12,1,0,0
3860,21,1,0,0
3861,99,1,0,0
3862,30,1,0,0
3863,26,1,0,0
3864,110,1,0,0
3865,14,1,0,0
3866,76,1,0,0
3867,80,1,0,0
3868,8,1,0,0
3869,79,1,0,0
3870,59,1,0,0
3871,65,1,0,0
3872,166,1,0,0
3873,15,1,0,0
3874,80,1,0,0
3875,77,1,0,0
3876,132,1,0,0
3877,50,1,0,0
3878,25,1,0,0
3879,24,1,0,0
3880,49,1,0,0
3881,45,1,0,0
3882,68,1,0,0
3883,71,1,0,0
3884,28,1,0,0
3885,16,1,0,0
3886,229,1,0,0
3887,108,1,0,0
3888,40,1,0,0
3889,72,1,0,0
3890,125,1,0,0
3891,149,1,0,0
3892,110,1,0,0
3893,112,1,0,0
3894,115,1,0,0
3895,51,1,0,0
3896,148,1,0,0
3897,14,1,0,0
3898,60,1,0,0
3899,47,1,0,0
3900,244,1,0,0
3901,103,1,0,0
3902,66,1,0,0
3903,64,1,0,0
3904,26,1,0,0
3905,155,1,0,0
3906,69,1,0,0
3907,40,1,0,0
3908,47,1,0,0
3909,102,1,0,0
3910,95,1,0,0
3911,18,1,0,0
3912,9,1,0,0
3913,168,1,0,0
3914,124,1,0,0
3915,13,1,0,0
3916,95,1,0,0
3917,40,1,0,0
3918,90,1,0,0
3919,189,1,0,0
3920,111,1,0,0
3921,28,1,0,0
3922,42,1,0,0
3923,23,1,0,0
3924,28,1,0,0
3925,60,1,0,0
3926,26,1,0,0
3927,85,1,0,0
3928,42,1,0,0
3929,51,1,0,0
3930,83,1,0,0
3931,60,1,0,0
3932,109,1,0,0
3933,27,1,0,0
3934,109,1,0,0
3935,68,1,0,0
3936,61,1,0,0
3937,96,1,0,0
3938,38,1,0,0
3939,77,1,0,0
3940,21,1,0,0
3941,10,1,0,0
3942,181,1,0,0
3943,45,1,0,0
3944,62,1,0,0
3945,108,1,0,0
3946,73,1,0,0
3947,86,1,0,0
3948,55,1,0,0
3949,44,1,0,0
3950,45,1,0,0
3951,22,1,0,0
3952,24,1,0,0
3953,22,1,0,0
3954,14,1,0,0
3955,17,1,0,0
3956,55,1,0,0
3957,83,1,0,0
3958,89,1,0,0
3959,77,1,0,0
3960,134,1,0,0
3961,64,1,0,0
3962,62,1,0,0
3963,110,1,0,0
3964,152,1,0,0
3965,29,1,0,0
3966,52,1,0,0
3967,50,1,0,0
3968,28,1,0,0
3969,143,1,0,0
3970,91,1,0,0
3971,71,1,0,0
3972,42,1,0,0
3973,40,1,0,0
3974,15,1,0,0
3975,63,1,0,0
3976,54,1,0,0
3977,77,1,0,0
3978,78,1,0,0
3979,76,1,0,0
3980,48,1,0,0
3981,80,1,0,0
3982,114,1,0,0
3983,65,1,0,0
3984,89,1,0,0
3985,33,1,0,0
3986,49,1,0,0
3987,9,1,0,0
3988,55,1,0,0
3989,82,1,0,0
3990,29,1,0,0
3991,123,1,0,0
3992,115,1,0,0
3993,53,1,0,0
3994,46,1,0,0
3995,41,1,0,0
3996,47,1,0,0
3997,51,1,0,0
3998,95,1,0,0
3999,180,1,0,0
4000,79,1,0,0
4001,46,1,0,0
4002,164,1,0,0
4003,20,1,0,0
4004,135,1,0,0
4005,87,1,0,0
4006,31,1,0,0
4007,36,1,0,0
4008,119,1,0,0
4009,141,1,0,0
4010,91,1,0,0
4011,35,1,0,0
4012,204,1,0,0
4013,81,1,0,0
4014,78,1,0,0
4015,51,1,0,0
4016,20,1,0,0
4017,42,1,0,0
4018,120,1,0,0
4019,58,1,0,0
4020,16,1,0,0
4021,46,1,0,0
4022,90,1,0,0
4023,57,1,0,0
4024,26,1,0,0
4025,11,1,0,0
4026,60,1,0,0
4027,26,1,0,0
4028,35,1,0,0
4029,29,1,0,0
4030,24,1,0,0
4031,44,1,0,0
4032,40,1,0,0
4033,76,1,0,0
4034,102,1,0,0
4035,218,1,0,0
4036,65,1,0,0
4037,44,1,0,0
4038,31,1,0,0
4039,46,1,0,0
4040,33,1,0,0
4041,34,1,0,0
4042,29,1,0,0
4043,73,1,0,0
4044,115,1,0,0
4045,63,1,0,0
4046,71,1,0,0
4047,32,1,0,0
4048,113,1,0,0
4049,59,1,0,0
4050,85,1,0,0
4051,35,1,0,0
4052,22,1,0,0
4053,61,1,0,0
4054,79,1,0,0
4055,43,1,0,0
4056,20,1,0,0
4057,51,1,0,0
4058,40,1,0,0
4059,70,1,0,0
4060,21,1,0,0
4061,30,1,0,0
4062,175,1,0,0
4063,26,1,0,0
4064,104,1,0,0
4065,77,1,0,0
4066,231,1,0,0
4067,46,1,0,0
4068,39,1,0,0
4069,171,1,0,0
4070,190,1,0,0
4071,17,1,0,0
4072,36,1,0,0
4073,145,1,0,0
4074,57,1,0,0
4075,128,1,0,0
4076,27,1,0,0
4077,64,1,0,0
4078,42,1,0,0
4079,17,1,0,0
4080,74,1,0,0
4081,127,1,0,0
4082,24,1,0,0
4083,52,1,0,0
4084,12,1,0,0
4085,108,1,0,0
4086,109,1,0,0
4087,60,1,0,0
4088,38,1,0,0
4089,54,1,0,0
4090,36,1,0,0
4091,205,1,0,0
4092,19,1,0,0
4093,38,1,0,0
4094,112,1,0,0
4095,43,1,0,0
4096,81,1,0,0
4097,202,1,0,0
4098,12,1,0,0
4099,56,1,0,0
4100,137,1,0,0
4101,37,1,0,0
4102,17,1,0,0
4103,92,1,0,0
4104,142,1,0,0
4105,132,1,0,0
4106,100,1,0,0
4107,125,1,0,0
4108,22,1,0,0
4109,108,1,0,0
4110,51,1,0,0
4111,138,1,0,0
4112,44,1,0,0
4113,17,1,0,0
4114,69,1,0,0
4115,102,1,0,0
4116,25,1,0,0
4117,26,1,0,0
4118,71,1,0,0
4119,42,1,0,0
4120,47,1,0,0
4121,20,1,0,0
4122,258,1,0,0
4123,11,1,0,0
4124,97,1,0,0
4125,60,1,0,0
4126,54,1,0,0
4127,101,1,0,0
4128,58,1,0,0
4129,69,1,0,0
4130,106,1,0,0
4131,51,1,0,0
4132,57,1,0,0
4133,85,1,0,0
4134,103,1,0,0
4135,208,1,0,0
4136,33,1,0,0
4137,30,1,0,0
4138,77,1,0,0
4139,116,1,0,0
4140,101,1,0,0
4141,51,1,0,0
4142,20,1,0,0
4143,21,1,0,0
4144,88,1,0,0
4145,57,1,0,0
4146,118,1,0,0
4147,39,1,0,0
4148,53,1,0,0
4149,127,1,0,0
4150,272,1,0,0
4151,132,1,0,0
4152,45,1,0,0
4153,50,1,0,0
4154,28,1,0,0
4155,71,1,0,0
4156,23,1,0,0
4157,106,1,0,0
4158,59,1,0,0
4159,92,1,0,0
4160,8,1,0,0
4161,47,1,0,0
4162,174,1,0,0
4163,11,1,0,0
4164,11,1,0,0
4165,41,1,0,0
4166,25,1,0,0
4167,118,1,0,0
4168,25,1,0,0
4169,134,1,0,0
4170,37,1,0,0
4171,40,1,0,0
4172,62,1,0,0
4173,9,1,0,0
4174,168,1,0,0
4175,131,1,0,0
4176,68,1,0,0
4177,37,1,0,0
4178,42,1,0,0
4179,55,1,0,0
4180,27,1,0,0
4181,90,1,0,0
4182,54,1,0,0
4183,49,1,0,0
4184,28,1,0,0
4185,63,1,0,0
4186,29,1,0,0
4187,136,1,0,0
4188,41,1,0,0
4189,84,1,0,0
4190,118,1,0,0
4191,70,1,0,0
4192,88,1,0,0
4193,43,1,0,0
4194,291,1,0,0
4195,54,1,0,0
4196,70,1,0,0
4197,33,1,0,0
4198,129,1,0,0
4199,49,1,0,0
4200,47,1,0,0
4201,179,1,0,0
4202,42,1,0,0
4203,72,1,0,0
4204,110,1,0,0
4205,150,1,0,0
4206,80,1,0,0
4207,41,1,0,0
4208,9,1,0,0
4209,83,1,0,0
4210,34,1,0,0
4211,129,1,0,0
4212,30,1,0,0
4213,52,1,0,0
4214,81,1,0,0
4215,40,1,0,0
4216,111,1,0,0
4217,37,1,0,0
4218,106,1,0,0
4219,48,1,0,0
4220,59,1,0,0
4221,22,1,0,0
4222,131,1,0,0
4223,73,1,0,0
4224,41,1,0,0
4225,42,1,0,0
4226,77,1,0,0
4227,55,1,0,0
4228,40,1,0,0
4229,100,1,0,0
4230,81,1,0,0
4231,31,1,0,0
4232,140,1,0,0
4233,48,1,0,0
4234,11,1,0,0
4235,50,1,0,0
4236,53,1,0,0
4237,56,1,0,0
4238,33,1,0,0
4239,81,1,0,0
4240,133,1,0,0
4241,41,1,0,0
4242,89,1,0,0
4243,37,1,0,0
4244,70,1,0,0
4245,11,1,0,0
4246,46,1,0,0
4247,60,1,0,0
4248,129,1,0,0
4249,9,1,0,0
4250,99,1,0,0
4251,103,1,0,0
4252,129,1,0,0
4253,68,1,0,0
4254,42,1,0,0
4255,104,1,0,0
4256,25,1,0,0
4257,127,1,0,0
4258,204,1,0,0
4259,43,1,0,0
4260,73,1,0,0
4261,18,1,0,0
4262,85,1,0,0
4263,73,1,0,0
4264,78,1,0,0
4265,119,1,0,0
4266,149,1,0,0
4267,126,1,0,0
4268,79,1,0,0
4269,79,1,0,0
4270,15,1,0,0
4271,21,1,0,0
4272,51,1,0,0
4273,72,1,0,0
4274,68,1,0,0
4275,51,1,0,0
4276,78,1,0,0
4277,114,1,0,0
4278,72,1,0,0
4279,76,1,0,0
4280,57,1,0,0
4281,36,1,0,0
4282,157,1,0,0
4283,102,1,0,0
4284,58,1,0,0
4285,99,1,0,0
4286,57,1,0,0
4287,32,1,0,0
4288,96,1,0,0
4289,47,1,0,0
4290,144,1,0,0
4291,18,1,0,0
4292,27,1,0,0
4293,12,1,0,0
4294,127,1,0,0
4295,40,1,0,0
4296,120,1,0,0
4297,122,1,0,0
4298,273,1,0,0
4299,10,1,0,0
4300,62,1,0,0
4301,130,1,0,0
4302,174,1,0,0
4303,82,1,0,0
4304,109,1,0,0
4305,109,1,0,0
4306,19,1,0,0
4307,109,1,0,0
4308,100,1,0,0
4309,72,1,0,0
4310,53,1,0,0
4311,33,1,0,0
4312,40,1,0,0
4313,69,1,0,0
4314,80,1,0,0
4315,33,1,0,0
4316,60,1,0,0
4317,122,1,0,0
4318,52,1,0,0
4319,55,1,0,0
4320,113,1,0,0
4321,17,1,0,0
4322,17,1,0,0
4323,84,1,0,0
4324,62,1,0,0
4325,12,1,0,0
4326,79,1,0,0
4327,118,1,0,0
4328,11,1,0,0
4329,61,1,0,0
4330,15,1,0,0
4331,99,1,0,0
4332,47,1,0,0
4333,111,1,0,0
4334,10,1,0,0
4335,26,1,0,0
4336,74,1,0,0
4337,28,1,0,0
4338,39,1,0,0
4339,110,1,0,0
4340,145,1,0,0
4341,34,1,0,0
4342,100,1,0,0
4343,47,1,0,0
4344,64,1,0,0
4345,77,1,0,0
4346,71,1,0,0
4347,110,1,0,0
4348,34,1,0,0
4349,31,1,0,0
4350,15,1,0,0
4351,55,1,0,0
4352,17,1,0,0
4353,50,1,0,0
4354,86,1,0,0
4355,26,1,0,0
4356,81,1,0,0
4357,66,1,0,0
4358,47,1,0,0
4359,77,1,0,0
4360,126,1,0,0
4361,24,1,0,0
4362,12,1,0,0
4363,71,1,0,0
4364,62,1,0,0
4365,43,1,0,0
4366,53,1,0,0
4367,157,1,0,0
4368,16,1,0,0
4369,128,1,0,0
4370,23,1,0,0
4371,32,1,0,0
4372,20,1,0,0
4373,78,1,0,0
4374,12,1,0,0
4375,45,1,0,0
4376,198,1,0,0
4377,66,1,0,0
4378,153,1,0,0
4379,32,1,0,0
4380,51,1,0,0
4381,20,1,0,0
4382,57,1,0,0
4383,103,1,0,0
4384,165,1,0,0
4385,146,1,0,0
4386,12,1,0,0
4387,147,1,0,0
4388,55,1,0,0
4389,43,1,0,0
4390,62,1,0,0
4391,111,1,0,0
4392,53,1,0,0
4393,65,1,0,0
4394,102,1,0,0
4395,23,1,0,0
4396,99,1,0,0
4397,27,1,0,0
4398,14,1,0,0
4399,65,1,0,0
4400,137,1,0,0
4401,38,1,0,0
4402,29,1,0,0
4403,89,1,0,0
4404,71,1,0,0
4405,40,1,0,0
4406,73,1,0,0
4407,13,1,0,0
4408,142,1,0,0
4409,138,1,0,0
4410,29,1,0,0
4411,76,1,0,0
4412,117,1,0,0
4413,32,1,0,0
4414,44,1,0,0
4415,169,1,0,0
4416,35,1,0,0
4417,61,1,0,0
4418,130,1,0,0
4419,71,1,0,0
4420,17,1,0,0
4421,131,1,0,0
4422,82,1,0,0
4423,36,1,0,0
4424,38,1,0,0
4425,73,1,0,0
4426,10,1,0,0
4427,12,1,0,0
4428,50,1,0,0
4429,42,1,0,0
4430,32,1,0,0
4431,195,1,0,0
4432,83,1,0,0
4433,129,1,0,0
4434,52,1,0,0
4435,14,1,0,0
4436,15,1,0,0
4437,62,1,0,0
4438,25,1,0,0
4439,19,1,0,0
4440,141,1,0,0
4441,154,1,0,0
4442,83,1,0,0
4443,168,1,0,0
4444,90,1,0,0
4445,44,1,0,0
4446,80,1,0,0
4447,18,1,0,0
4448,31,1,0,0
4449,240,1,0,0
4450,43,1,0,0
4451,31,1,0,0
4452,185,1,0,0
4453,33,1,0,0
4454,32,1,0,0
4455,167,1,0,0
4456,51,1,0,0
4457,33,1,0,0
4458,54,1,0,0
4459,62,1,0,0
4460,41,1,0,0
4461,28,1,0,0
4462,73,1,0,0
4463,46,1,0,0
4464,116,1,0,0
4465,28,1,0,0
4466,76,1,0,0
4467,92,1,0,0
4468,67,1,0,0
4469,84,1,0,0
4470,77,1,0,0
4471,22,1,0,0
4472,45,1,0,0
4473,139,1,0,0
4474,27,1,0,0
4475,64,1,0,0
4476,44,1,0,0
4477,73,1,0,0
4478,40,1,0,0
4479,30,1,0,0
4480,26,1,0,0
4481,34,1,0,0
4482,97,1,0,0
4483,86,1,0,0
4484,43,1,0,0
4485,61,1,0,0
4486,143,1,0,0
4487,106,1,0,0
4488,125,1,0,0
4489,31,1,0,0
4490,76,1,0,0
4491,125,1,0,0
4492,84,1,0,0
4493,41,1,0,0
4494,59,1,0,0
4495,27,1,0,0
4496,41,1,0,0
4497,14,1,0,0
4498,54,1,0,0
4499,18,1,0,0
4500,87,1,0,0
4501,95,1,0,0
4502,8,1,0,0
4503,45,1,0,0
4504,98,1,0,0
4505,113,1,0,0
4506,225,1,0,0
4507,37,1,0,0
4508,54,1,0,0
4509,27,1,0,0
4510,49,1,0,0
4511,184,1,0,0
4512,120,1,0,0
4513,39,1,0,0
4514,108,1,0,0
4515,51,1,0,0
4516,160,1,0,0
4517,39,1,0,0
4518,59,1,0,0
4519,106,1,0,0
4520,67,1,0,0
4521,28,1,0,0
4522,118,1,0,0
4523,10,1,0,0
4524,40,1,0,0
4525,48,1,0,0
4526,78,1,0,0
4527,147,1,0,0
4528,126,1,0,0
4529,30,1,0,0
4530,114,1,0,0
4531,27,1,0,0
4532,181,1,0,0
4533,58,1,0,0
4534,235,1,0,0
4535,72,1,0,0
4536,175,1,0,0
4537,51,1,0,0
4538,27,1,0,0
4539,58,1,0,0
4540,60,1,0,0
4541,42,1,0,0
4542,60,1,0,0
4543,19,1,0,0
4544,122,1,0,0
4545,49,1,0,0
4546,209,1,0,0
4547,25,1,0,0
4548,41,1,0,0
4549,131,1,0,0
4550,28,1,0,0
4551,102,1,0,0
4552,23,1,0,0
4553,28,1,0,0
4554,95,1,0,0
4555,117,1,0,0
4556,110,1,0,0
4557,23,1,0,0
4558,70,1,0,0
4559,10,1,0,0
4560,14,1,0,0
4561,84,1,0,0
4562,126,1,0,0
4563,47,1,0,0
4564,12,1,0,0
4565,35,1,0,0
4566,37,1,0,0
4567,112,1,0,0
4568,108,1,0,0
4569,45,1,0,0
4570,152,1,0,0
4571,235,1,0,0
4572,48,1,0,0
4573,59,1,0,0
4574,77,1,0,0
4575,106,1,0,0
4576,137,1,0,0
4577,95,1,0,0
4578,107,1,0,0
4579,38,1,0,0
4580,79,1,0,0
4581,17,1,0,0
4582,31,1,0,0
4583,62,1,0,0
4584,12,1,0,0
4585,115,1,0,0
4586,180,1,0,0
4587,29,1,0,0
4588,18,1,0,0
4589,36,1,0,0
4590,66,1,0,0
4591,71,1,0,0
4592,9,1,0,0
4593,95,1,0,0
4594,27,1,0,0
4595,46,1,0,0
4596,30,1,0,0
4597,121,1,0,0
4598,49,1,0,0
4599,21,1,0,0
4600,88,1,0,0
4601,18,1,0,0
4602,68,1,0,0
4603,144,1,0,0
4604,83,1,0,0
4605,92,1,0,0
4606,122,1,0,0
4607,11,1,0,0
4608,285,1,0,0
4609,65,1,0,0
4610,12,1,0,0
4611,12,1,0,0
4612,85,1,0,0
4613,33,1,0,0
4614,68,1,0,0
4615,11,1,0,0
4616,7,1,0,0
4617,81,1,0,0
4618,25,1,0,0
4619,57,1,0,0
4620,89,1,0,0
4621,122,1,0,0
4622,89,1,0,0
4623,21,1,0,0
4624,41,1,0,0
4625,45,1,0,0
4626,108,1,0,0
4627,65,1,0,0
4628,73,1,0,0
4629,39,1,0,0
4630,43,1,0,0
4631,48,1,0,0
4632,127,1,0,0
4633,60,1,0,0
4634,53,1,0,0
4635,48,1,0,0
4636,127,1,0,0
4637,133,1,0,0
4638,142,1,0,0
4639,117,1,0,0
4640,37,1,0,0
4641,9,1,0,0
4642,21,1,0,0
4643,120,1,0,0
4644,14,1,0,0
4645,66,1,0,0
4646,163,1,0,0
4647,27,1,0,0
4648,87,1,0,0
4649,59,1,0,0
4650,27,1,0,0
4651,39,1,0,0
4652,88,1,0,0
4653,55,1,0,0
4654,222,1,0,0
4655,253,1,0,0
4656,31,1,0,0
4657,149,1,0,0
4658,110,1,0,0
4659,76,1,0,0
4660,52,1,0,0
4661,82,1,0,0
4662,63,1,0,0
4663,78,1,0,0
4664,31,1,0,0
4665,46,1,0,0
4666,37,1,0,0
4667,53,1,0,0
4668,151,1,0,0
4669,43,1,0,0
4670,7,1,0,0
4671,114,1,0,0
4672,11,1,0,0
4673,29,1,0,0
4674,86,1,0,0
4675,67,1,0,0
4676,235,1,0,0
4677,56,1,0,0
4678,14,1,0,0
4679,89,1,0,0
4680,66,1,0,0
4681,20,1,0,0
4682,12,1,0,0
4683,70,1,0,0
4684,59,1,0,0
4685,246,1,0,0
4686,29,1,0,0
4687,8,1,0,0
4688,31,1,0,0
4689,81,1,0,0
4690,62,1,0,0
4691,47,1,0,0
4692,35,1,0,0
4693,21,1,0,0
4694,32,1,0,0
4695,59,1,0,0
4696,18,1,0,0
4697,29,1,0,0
4698,125,1,0,0
4699,74,1,0,0
4700,70,1,0,0
4701,15,1,0,0
4702,20,1,0,0
4703,43,1,0,0
4704,76,1,0,0
4705,109,1,0,0
4706,35,1,0,0
4707,103,1,0,0
4708,93,1,0,0
4709,151,1,0,0
4710,82,1,0,0
4711,117,1,0,0
4712,157,1,0,0
4713,56,1,0,0
4714,35,1,0,0
4715,90,1,0,0
4716,73,1,0,0
4717,33,1,0,0
4718,20,1,0,0
4719,168,1,0,0
4720,37,1,0,0
4721,47,1,0,0
4722,85,1,0,0
4723,77,1,0,0
4724,93,1,0,0
4725,117,1,0,0
4726,151,1,0,0
4727,35,1,0,0
4728,51,1,0,0
4729,76,1,0,0
4730,40,1,0,0
4731,75,1,0,0
4732,41,1,0,0
4733,13,1,0,0
4734,120,1,0,0
4735,48,1,0,0
4736,32,1,0,0
4737,17,1,0,0
4738,35,1,0,0
4739,24,1,0,0
4740,135,1,0,0
4741,24,1,0,0
4742,22,1,0,0
4743,37,1,0,0
4744,78,1,0,0
4745,61,1,0,0
4746,110,1,0,0
4747,81,1,0,0
4748,96,1,0,0
4749,90,1,0,0
4750,54,1,0,0
4751,25,1,0,0
4752,37,1,0,0
4753,47,1,0,0
4754,42,1,0,0
4755,55,1,0,0
4756,74,1,0,0
4757,12,1,0,0
4758,46,1,0,0
4759,64,1,0,0
4760,36,1,0,0
4761,23,1,0,0
4762,48,1,0,0
4763,59,1,0,0
4764,248,1,0,0
4765,156,1,0,0
4766,19,1,0,0
4767,86,1,0,0
4768,89,1,0,0
4769,47,1,0,0
4770,33,1,0,0
4771,235,1,0,0
4772,32,1,0,0
4773,100,1,0,0
4774,166,1,0,0
4775,33,1,0,0
4776,33,1,0,0
4777,41,1,0,0
4778,57,1,0,0
4779,76,1,0,0
4780,27,1,0,0
4781,86,1,0,0
4782,54,1,0,0
4783,45,1,0,0
4784,238,1,0,0
4785,22,1,0,0
4786,98,1,0,0
4787,117,1,0,0
4788,15,1,0,0
4789,108,1,0,0
4790,90,1,0,0
4791,176,1,0,0
4792,89,1,0,0
4793,198,1,0,0
4794,160,1,0,0
4795,102,1,0,0
4796,85,1,0,0
4797,34,1,0,0
4798,184,1,0,0
4799,50,1,0,0
4800,123,1,0,0
4801,77,1,0,0
4802,92,1,0,0
4803,119,1,0,0
4804,11,1,0,0
4805,71,1,0,0
4806,21,1,0,0
4807,61,1,0,0
4808,39,1,0,0
4809,18,1,0,0
4810,166,1,0,0
4811,29,1,0,0
4812,60,1,0,0
4813,78,1,0,0
4814,120,1,0,0
4815,50,1,0,0
4816,49,1,0,0
4817,147,1,0,0
4818,47,1,0,0
4819,28,1,0,0
4820,45,1,0,0
4821,100,1,0,0
4822,90,1,0,0
4823,121,1,0,0
4824,81,1,0,0
4825,39,1,0,0
4826,231,1,0,0
4827,15,1,0,0
4828,21,1,0,0
4829,57,1,0,0
4830,35,1,0,0
4831,21,1,0,0
4832,57,1,0,0
4833,51,1,0,0
4834,17,1,0,0
4835,73,1,0,0
4836,41,1,0,0
4837,55,1,0,0
4838,59,1,0,0
4839,76,1,0,0
4840,60,1,0,0
4841,100,1,0,0
4842,45,1,0,0
4843,64,1,0,0
4844,117,1,0,0
4845,51,1,0,0
4846,99,1,0,0
4847,86,1,0,0
4848,27,1,0,0
4849,34,1,0,0
4850,69,1,0,0
4851,153,1,0,0
4852,99,1,0,0
4853,37,1,0,0
4854,96,1,0,0
4855,54,1,0,0
4856,136,1,0,0
4857,39,1,0,0
4858,132,1,0,0
4859,29,1,0,0
4860,67,1,0,0
4861,72,1,0,0
4862,154,1,0,0
4863,45,1,0,0
4864,40,1,0,0
4865,56,1,0,0
4866,39,1,0,0
4867,74,1,0,0
4868,41,1,0,0
4869,67,1,0,0
4870,35,1,0,0
4871,28,1,0,0
4872,56,1,0,0
4873,30,1,0,0
4874,50,1,0,0
4875,26,1,0,0
4876,135,1,0,0
4877,78,1,0,0
4878,61,1,0,0
4879,34,1,0,0
4880,28,1,0,0
4881,31,1,0,0
4882,31,1,0,0
4883,19,1,0,0
4884,63,1,0,0
4885,83,1,0,0
4886,154,1,0,0
4887,112,1,0,0
4888,126,1,0,0
4889,64,1,0,0
4890,130,1,0,0
4891,48,1,0,0
4892,53,1,0,0
4893,51,1,0,0
4894,83,1,0,0
4895,60,1,0,0
4896,68,1,0,0
4897,83,1,0,0
4898,99,1,0,0
4899,36,1,0,0
4900,43,1,0,0
4901,96,1,0,0
4902,129,1,0,0
4903,89,1,0,0
4904,52,1,0,0
4905,70,1,0,0
4906,29,1,0,0
4907,87,1,0,0
4908,21,1,0,0
4909,19,1,0,0
4910,19,1,0,0
4911,114,1,0,0
4912,58,1,0,0
4913,114,1,0,0
4914,35,1,0,0
4915,30,1,0,0
4916,20,1,0,0
4917,112,1,0,0
4918,110,1,0,0
4919,17,1,0,0
4920,95,1,0,0
4921,80,1,0,0
4922,35,1,0,0
4923,55,1,0,0
4924,42,1,0,0
4925,241,1,0,0
4926,76,1,0,0
4927,96,1,0,0
4928,43,1,0,0
4929,85,1,0,0
4930,207,1,0,0
4931,172,1,0,0
4932,32,1,0,0
4933,28,1,0,0
4934,60,1,0,0
4935,59,1,0,0
4936,53,1,0,0
4937,64,1,0,0
4938,93,1,0,0
4939,49,1,0,0
4940,26,1,0,0
4941,25,1,0,0
4942,80,1,0,0
4943,33,1,0,0
4944,98,1,0,0
4945,17,1,0,0
4946,78,1,0,0
4947,14,1,0,0
4948,11,1,0,0
4949,220,1,0,0
4950,120,1,0,0
4951,60,1,0,0
4952,28,1,0,0
4953,33,1,0,0
4954,114,1,0,0
4955,63,1,0,0
4956,43,1,0,0
4957,144,1,0,0
4958,46,1,0,0
4959,72,1,0,0
4960,25,1,0,0
4961,65,1,0,0
4962,147,1,0,0
4963,87,1,0,0
4964,255,1,0,0
4965,61,1,0,0
4966,124,1,0,0
4967,61,1,0,0
4968,63,1,0,0
4969,121,1,0,0
4970,117,1,0,0
4971,53,1,0,0
4972,52,1,0,0
4973,133,1,0,0
4974,43,1,0,0
4975,51,1,0,0
4976,23,1,0,0
4977,111,1,0,0
4978,137,1,0,0
4979,48,1,0,0
4980,254,1,0,0
4981,100,1,0,0
4982,35,1,0,0
4983,67,1,0,0
4984,103,1,0,0
4985,122,1,0,0
4986,82,1,0,0
4987,61,1,0,0
4988,20,1,0,0
4989,34,1,0,0
4990,142,1,0,0
4991,27,1,0,0
4992,50,1,0,0
4993,18,1,0,0
4994,37,1,0,0
4995,123,1,0,0
4996,64,1,0,0
4997,103,1,0,0
4998,30,1,0,0
4999,30,1,0,0
5000,42,1,0,0
5001,54,1,0,0
5002,48,1,0,0
5003,82,1,0,0
5004,57,1,0,0
5005,49,1,0,0
5006,45,1,0,0
5007,23,1,0,0
5008,161,1,0,0
5009,172,1,0,0
5010,87,1,0,0
5011,19,1,0,0
5012,120,1,0,0
5013,25,1,0,0
5014,46,1,0,0
5015,84,1,0,0
5016,86,1,0,0
5017,46,1,0,0
5018,61,1,0,0
5019,50,1,0,0
5020,134,1,0,0
5021,14,1,0,0
5022,94,1,0,0
5023,119,1,0,0
5024,103,1,0,0
5025,102,1,0,0
5026,67,1,0,0
5027,42,1,0,0
5028,162,1,0,0
5029,88,1,0,0
5030,177,1,0,0
5031,69,1,0,0
5032,36,1,0,0
5033,21,1,0,0
5034,36,1,0,0
5035,73,1,0,0
5036,53,1,0,0
5037,39,1,0,0
5038,142,1,0,0
5039,94,1,0,0
5040,12,1,0,0
5041,55,1,0,0
5042,58,1,0,0
5043,9,1,0,0
5044,44,1,0,0
5045,58,1,0,0
5046,52,1,0,0
5047,41,1,0,0
5048,25,1,0,0
5049,27,1,0,0
5050,36,1,0,0
5051,26,1,0,0
5052,50,1,0,0
5053,20,1,0,0
5054,103,1,0,0
5055,150,1,0,0
5056,11,1,0,0
5057,45,1,0,0
5058,150,1,0,0
5059,39,1,0,0
5060,38,1,0,0
5061,35,1,0,0
5062,12,1,0,0
5063,34,1,0,0
5064,81,1,0,0
5065,92,1,0,0
5066,33,1,0,0
5067,26,1,0,0
5068,71,1,0,0
5069,62,1,0,0
5070,42,1,0,0
5071,67,1,0,0
5072,68,1,0,0
5073,31,1,0,0
5074,20,1,0,0
5075,19,1,0,0
5076,29,1,0,0
5077,122,1,0,0
5078,74,1,0,0
5079,63,1,0,0
5080,23,1,0,0
5081,66,1,0,0
5082,111,1,0,0
5083,13,1,0,0
5084,76,1,0,0
5085,121,1,0,0
5086,82,1,0,0
5087,65,1,0,0
5088,71,1,0,0
5089,82,1,0,0
5090,64,1,0,0
5091,41,1,0,0
5092,50,1,0,0
5093,72,1,0,0
5094,41,1,0,0
5095,107,1,0,0
5096,207,1,0,0
5097,46,1,0,0
5098,82,1,0,0
5099,56,1,0,0
5100,94,1,0,0
5101,68,1,0,0
5102,28,1,0,0
5103,24,1,0,0
5104,93,1,0,0
5105,132,1,0,0
5106,48,1,0,0
5107,108,1,0,0
5108,31,1,0,0
5109,108,1,0,0
5110,81,1,0,0
5111,29,1,0,0
5112,67,1,0,0
5113,87,1,0,0
5114,46,1,0,0
5115,43,1,0,0
5116,212,1,0,0
5117,17,1,0,0
5118,54,1,0,0
5119,78,1,0,0
5120,25,1,0,0
5121,104,1,0,0
5122,67,1,0,0
5123,21,1,0,0
5124,143,1,0,0
5125,35,1,0,0
5126,28,1,0,0
5127,28,1,0,0
5128,25,1,0,0
5129,47,1,0,0
5130,95,1,0,0
5131,206,1,0,0
5132,110,1,0,0
5133,29,1,0,0
5134,22,1,0,0
5135,95,1,0,0
5136,132,1,0,0
5137,10,1,0,0
5138,72,1,0,0
5139,75,1,0,0
5140,239,1,0,0
5141,63,1,0,0
5142,16,1,0,0
5143,67,1,0,0
5144,55,1,0,0
5145,31,1,0,0
5146,30,1,0,0
5147,90,1,0,0
5148,52,1,0,0
5149,66,1,0,0
5150,57,1,0,0
5151,67,1,0,0
5152,78,1,0,0
5153,149,1,0,0
5154,110,1,0,0
5155,125,1,0,0
5156,47,1,0,0
5157,54,1,0,0
5158,277,1,0,0
5159,77,1,0,0
5160,97,1,0,0
5161,82,1,0,0
5162,64,1,0,0
5163,91,1,0,0
5164,63,1,0,0
5165,159,1,0,0
5166,96,1,0,0
5167,12,1,0,0
5168,47,1,0,0
5169,88,1,0,0
5170,16,1,0,0
5171,49,1,0,0
5172,53,1,0,0
5173,37,1,0,0
5174,76,1,0,0
5175,182,1,0,0
5176,32,1,0,0
5177,55,1,0,0
5178,68,1,0,0
5179,33,1,0,0
5180,58,1,0,0
5181,24,1,0,0
5182,26,1,0,0
5183,16,1,0,0
5184,77,1,0,0
5185,75,1,0,0
5186,18,1,0,0
5187,17,1,0,0
5188,82,1,0,0
5189,128,1,0,0
5190,134,1,0,0
5191,69,1,0,0
5192,92,1,0,0
5193,71,1,0,0
5194,22,1,0,0
5195,74,1,0,0
5196,109,1,0,0
5197,156,1,0,0
5198,11,1,0,0
5199,37,1,0,0
5200,71,1,0,0
5201,87,1,0,0
5202,12,1,0,0
5203,150,1,0,0
5204,158,1,0,0
5205,56,1,0,0
5206,96,1,0,0
5207,31,1,0,0
5208,85,1,0,0
5209,90,1,0,0
5210,119,1,0,0
5211,15,1,0,0
5212,79,1,0,0
5213,165,1,0,0
5214,111,1,0,0
5215,126,1,0,0
5216,162,1,0,0
5217,41,1,0,0
5218,57,1,0,0
5219,100,1,0,0
5220,84,1,0,0
5221,39,1,0,0
5222,63,1,0,0
5223,80,1,0,0
5224,17,1,0,0
5225,67,1,0,0
5226,66,1,0,0
5227,107,1,0,0
5228,52,1,0,0
5229,12,1,0,0
5230,10,1,0,0
5231,170,1,0,0
5232,16,1,0,0
5233,79,1,0,0
5234,40,1,0,0
5235,19,1,0,0
5236,15,1,0,0
5237,182,1,0,0
5238,89,1,0,0
5239,51,1,0,0
5240,90,1,0,0
5241,29,1,0,0
5242,42,1,0,0
5243,58,1,0,0
5244,118,1,0,0
5245,77,1,0,0
5246,159,1,0,0
5247,18,1,0,0
5248,132,1,0,0
5249,27,1,0,0
5250,11,1,0,0
5251,90,1,0,0
5252,70,1,0,0
5253,199,1,0,0
5254,62,1,0,0
5255,168,1,0,0
5256,63,1,0,0
5257,52,1,0,0
5258,150,1,0,0
5259,57,1,0,0
5260,33,1,0,0
5261,12,1,0,0
5262,76,1,0,0
5263,108,1,0,0
5264,118,1,0,0
5265,41,1,0,0
5266,24,1,0,0
5267,246,1,0,0
5268,88,1,0,0
5269,65,1,0,0
5270,51,1,0,0
5271,126,1,0,0
5272,56,1,0,0
5273,64,1,0,0
5274,71,1,0,0
5275,31,1,0,0
5276,88,1,0,0
5277,46,1,0,0
5278,29,1,0,0
5279,87,1,0,0
5280,29,1,0,0
5281,38,1,0,0
5282,36,1,0,0
5283,54,1,0,0
5284,102,1,0,0
5285,73,1,0,0
5286,54,1,0,0
5287,57,1,0,0
5288,17,1,0,0
5289,56,1,0,0
5290,52,1,0,0
5291,139,1,0,0
5292,164,1,0,0
5293,109,1,0,0
5294,74,1,0,0
5295,93,1,0,0
5296,26,1,0,0
5297,212,1,0,0
5298,80,1,0,0
5299,83,1,0,0
5300,66,1,0,0
5301,50,1,0,0
5302,54,1,0,0
5303,64,1,0,0
5304,47,1,0,0
5305,31,1,0,0
5306,34,1,0,0
5307,55,1,0,0
5308,71,1,0,0
5309,180,1,0,0
5310,62,1,0,0
5311,65,1,0,0
5312,54,1,0,0
5313,48,1,0,0
5314,105,1,0,0
5315,58,1,0,0
5316,63,1,0,0
5317,137,1,0,0
5318,27,1,0,0
5319,73,1,0,0
5320,46,1,0,0
5321,35,1,0,0
5322,208,1,0,0
5323,259,1,0,0
5324,45,1,0,0
5325,84,1,0,0
5326,52,1,0,0
5327,57,1,0,0
5328,42,1,0,0
5329,47,1,0,0
5330,33,1,0,0
5331,74,1,0,0
5332,214,1,0,0
5333,62,1,0,0
5334,19,1,0,0
5335,57,1,0,0
5336,73,1,0,0
5337,45,1,0,0
5338,68,1,0,0
5339,59,1,0,0
5340,50,1,0,0
5341,35,1,0,0
5342,65,1,0,0
5343,42,1,0,0
5344,13,1,0,0
5345,122,1,0,0
5346,12,1,0,0
5347,52,1,0,0
5348,19,1,0,0
5349,51,1,0,0
5350,26,1,0,0
5351,123,1,0,0
5352,14,1,0,0
5353,83,1,0,0
5354,43,1,0,0
5355,118,1,0,0
5356,44,1,0,0
5357,98,1,0,0
5358,98,1,0,0
5359,50,1,0,0
5360,69,1,0,0
5361,79,1,0,0
5362,22,1,0,0
5363,11,1,0,0
5364,143,1,0,0
5365,92,1,0,0
5366,14,1,0,0
5367,87,1,0,0
5368,96,1,0,0
5369,76,1,0,0
5370,126,1,0,0
5371,144,1,0,0
5372,87,1,0,0
5373,43,1,0,0
5374,76,1,0,0
5375,44,1,0,0
5376,56,1,0,0
5377,65,1,0,0
5378,68,1,0,0
5379,39,1,0,0
5380,120,1,0,0
5381,70,1,0,0
5382,35,1,0,0
5383,38,1,0,0
5384,65,1,0,0
5385,38,1,0,0
5386,95,1,0,0
5387,122,1,0,0
5388,56,1,0,0
5389,96,1,0,0
5390,33,1,0,0
5391,85,1,0,0
5392,19,1,0,0
5393,118,1,0,0
5394,100,1,0,0
5395,38,1,0,0
5396,85,1,0,0
5397,83,1,0,0
5398,53,1,0,0
5399,110,1,0,0
5400,129,1,0,0
5401,95,1,0,0
5402,100,1,0,0
5403,47,1,0,0
5404,51,1,0,0
5405,17,1,0,0
5406,13,1,0,0
5407,24,1,0,0
5408,40,1,0,0
5409,237,1,0,0
5410,22,1,0,0
5411,17,1,0,0
5412,11,1,0,0
5413,28,1,0,0
5414,150,1,0,0
5415,23,1,0,0
5416,31,1,0,0
5417,101,1,0,0
5418,55,1,0,0
5419,49,1,0,0
5420,49,1,0,0
5421,106,1,0,0
5422,42,1,0,0
5423,44,1,0,0
5424,18,1,0,0
5425,58,1,0,0
5426,95,1,0,0
5427,151,1,0,0
5428,14,1,0,0
5429,34,1,0,0
5430,347,1,0,0
5431,33,1,0,0
5432,208,1,0,0
5433,115,1,0,0
5434,24,1,0,0
5435,45,1,0,0
5436,157,1,0,0
5437,35,1,0,0
5438,40,1,0,0
5439,32,1,0,0
5440,86,1,0,0
5441,65,1,0,0
5442,60,1,0,0
5443,37,1,0,0
5444,112,1,0,0
5445,15,1,0,0
5446,12,1,0,0
5447,53,1,0,0
5448,50,1,0,0
5449,62,1,0,0
5450,98,1,0,0
5451,40,1,0,0
5452,154,1,0,0
5453,40,1,0,0
5454,98,1,0,0
5455,116,1,0,0
5456,9,1,0,0
5457,67,1,0,0
5458,83,1,0,0
5459,120,1,0,0
5460,120,1,0,0
5461,34,1,0,0
5462,92,1,0,0
5463,69,1,0,0
5464,47,1,0,0
5465,121,1,0,0
5466,30,1,0,0
5467,58,1,0,0
5468,68,1,0,0
5469,62,1,0,0
5470,15,1,0,0
5471,58,1,0,0
5472,165,1,0,0
5473,31,1,0,0
5474,19,1,0,0
5475,86,1,0,0
5476,108,1,0,0
5477,73,1,0,0
5478,27,1,0,0
5479,75,1,0,0
5480,90,1,0,0
5481,88,1,0,0
5482,14,1,0,0
5483,113,1,0,0
5484,28,1,0,0
5485,28,1,0,0
5486,34,1,0,0
5487,14,1,0,0
5488,62,1,0,0
5489,66,1,0,0
5490,24,1,0,0
5491,25,1,0,0
5492,80,1,0,0
5493,107,1,0,0
5494,87,1,0,0
5495,131,1,0,0
5496,78,1,0,0
5497,118,1,0,0
5498,234,1,0,0
5499,100,1,0,0
5500,25,1,0,0
5501,104,1,0,0
5502,41,1,0,0
5503,28,1,0,0
5504,41,1,0,0
5505,55,1,0,0
5506,19,1,0,0
5507,111,1,0,0
5508,18,1,0,0
5509,34,1,0,0
5510,47,1,0,0
5511,27,1,0,0
5512,19,1,0,0
5513,31,1,0,0
5514,201,1,0,0
5515,27,1,0,0
5516,238,1,0,0
5517,45,1,0,0
5518,58,1,0,0
5519,146,1,0,0
5520,85,1,0,0
5521,86,1,0,0
5522,63,1,0,0
5523,51,1,0,0
5524,25,1,0,0
5525,99,1,0,0
5526,23,1,0,0
5527,105,1,0,0
5528,39,1,0,0
5529,33,1,0,0
5530,70,1,0,0
5531,58,1,0,0
5532,113,1,0,0
5533,157,1,0,0
5534,57,1,0,0
5535,35,1,0,0
5536,27,1,0,0
5537,49,1,0,0
5538,23,1,0,0
5539,37,1,0,0
5540,106,1,0,0
5541,34,1,0,0
5542,88,1,0,0
5543,31,1,0,0
5544,27,1,0,0
5545,71,1,0,0
5546,16,1,0,0
5547,98,1,0,0
5548,14,1,0,0
5549,108,1,0,0
5550,67,1,0,0
5551,121,1,0,0
5552,59,1,0,0
5553,72,1,0,0
5554,26,1,0,0
5555,46,1,0,0
5556,90,1,0,0
5557,75,1,0,0
5558,49,1,0,0
5559,175,1,0,0
5560,77,1,0,0
5561,95,1,0,0
5562,61,1,0,0
5563,38,1,0,0
5564,24,1,0,0
5565,12,1,0,0
5566,64,1,0,0
5567,24,1,0,0
5568,7,1,0,0
5569,118,1,0,0
5570,37,1,0,0
5571,11,1,0,0
5572,30,1,0,0
5573,66,1,0,0
5574,19,1,0,0
5575,115,1,0,0
5576,95,1,0,0
5577,138,1,0,0
5578,72,1,0,0
5579,45,1,0,0
5580,34,1,0,0
5581,69,1,0,0
5582,71,1,0,0
5583,20,1,0,0
5584,75,1,0,0
5585,127,1,0,0
5586,16,1,0,0
5587,111,1,0,0
5588,240,1,0,0
5589,86,1,0,0
5590,29,1,0,0
5591,15,1,0,0
5592,52,1,0,0
5593,140,1,0,0
5594,61,1,0,0
5595,66,1,0,0
5596,37,1,0,0
5597,24,1,0,0
5598,26,1,0,0
5599,66,1,0,0
5600,62,1,0,0
5601,55,1,0,0
5602,57,1,0,0
5603,80,1,0,0
5604,43,1,0,0
5605,35,1,0,0
5606,54,1,0,0
5607,134,1,0,0
5608,24,1,0,0
5609,198,1,0,0
5610,131,1,0,0
5611,106,1,0,0
5612,65,1,0,0
5613,85,1,0,0
5614,57,1,0,0
5615,55,1,0,0
5616,28,1,0,0
5617,46,1,0,0
5618,61,1,0,0
5619,46,1,0,0
5620,48,1,0,0
5621,32,1,0,0
5622,73,1,0,0
5623,186,1,0,0
5624,38,1,0,0
5625,163,1,0,0
5626,82,1,0,0
5627,46,1,0,0
5628,132,1,0,0
5629,59,1,0,0
5630,61,1,0,0
5631,105,1,0,0
5632,17,1,0,0
5633,301,1,0,0
5634,117,1,0,0
5635,26,1,0,0
5636,35,1,0,0
5637,13,1,0,0
5638,80,1,0,0
5639,145,1,0,0
5640,73,1,0,0
5641,122,1,0,0
5642,21,1,0,0
5643,142,1,0,0
5644,37,1,0,0
5645,180,1,0,0
5646,9,1,0,0
5647,88,1,0,0
5648,114,1,0,0
5649,21,1,0,0
5650,129,1,0,0
5651,178,1,0,0
5652,52,1,0,0
5653,106,1,0,0
5654,160,1,0,0
5655,58,1,0,0
5656,155,1,0,0
5657,75,1,0,0
5658,43,1,0,0
5659,121,1,0,0
5660,111,1,0,0
5661,54,1,0,0
5662,102,1,0,0
5663,52,1,0,0
5664,21,1,0,0
5665,148,1,0,0
5666,71,1,0,0
5667,43,1,0,0
5668,121,1,0,0
5669,46,1,0,0
5670,48,1,0,0
5671,77,1,0,0
5672,11,1,0,0
5673,34,1,0,0
5674,64,1,0,0
5675,46,1,0,0
5676,29,1,0,0
5677,18,1,0,0
5678,60,1,0,0
5679,66,1,0,0
5680,98,1,0,0
5681,49,1,0,0
5682,64,1,0,0
5683,82,1,0,0
5684,86,1,0,0
5685,68,1,0,0
5686,92,1,0,0
5687,172,1,0,0
5688,64,1,0,0
5689,62,1,0,0
5690,40,1,0,0
5691,142,1,0,0
5692,13,1,0,0
5693,78,1,0,0
5694,16,1,0,0
5695,12,1,0,0
5696,37,1,0,0
5697,30,1,0,0
5698,134,1,0,0
5699,151,1,0,0
5700,43,1,0,0
5701,46,1,0,0
5702,76,1,0,0
5703,191,1,0,0
5704,79,1,0,0
5705,29,1,0,0
5706,18,1,0,0
5707,171,1,0,0
5708,26,1,0,0
5709,17,1,0,0
5710,39,1,0,0
5711,38,1,0,0
5712,12,1,0,0
5713,113,1,0,0
5714,19,1,0,0
5715,27,1,0,0
5716,104,1,0,0
5717,87,1,0,0
5718,46,1,0,0
5719,39,1,0,0
5720,122,1,0,0
5721,23,1,0,0
5722,64,1,0,0
5723,17,1,0,0
5724,50,1,0,0
5725,10,1,0,0
5726,79,1,0,0
5727,40,1,0,0
5728,91,1,0,0
5729,51,1,0,0
5730,101,1,0,0
5731,10,1,0,0
5732,26,1,0,0
5733,15,1,0,0
5734,22,1,0,0
5735,128,1,0,0
5736,76,1,0,0
5737,124,1,0,0
5738,15,1,0,0
5739,20,1,0,0
5740,75,1,0,0
5741,86,1,0,0
5742,37,1,0,0
5743,73,1,0,0
5744,214,1,0,0
5745,27,1,0,0
5746,81,1,0,0
5747,83,1,0,0
5748,60,1,0,0
5749,29,1,0,0
5750,80,1,0,0
5751,67,1,0,0
5752,16,1,0,0
5753,78,1,0,0
5754,26,1,0,0
5755,64,1,0,0
5756,34,1,0,0
5757,80,1,0,0
5758,80,1,0,0
5759,38,1,0,0
5760,35,1,0,0
5761,137,1,0,0
5762,19,1,0,0
5763,54,1,0,0
5764,13,1,0,0
5765,68,1,0,0
5766,75,1,0,0
5767,51,1,0,0
5768,49,1,0,0
5769,39,1,0,0
5770,123,1,0,0
5771,33,1,0,0
5772,94,1,0,0
5773,24,1,0,0
5774,186,1,0,0
5775,94,1,0,0
5776,40,1,0,0
5777,44,1,0,0
5778,44,1,0,0
5779,162,1,0,0
5780,26,1,0,0
5781,41,1,0,0
5782,100,1,0,0
5783,27,1,0,0
5784,34,1,0,0
5785,113,1,0,0
5786,186,1,0,0
5787,58,1,0,0
5788,276,1,0,0
5789,35,1,0,0
5790,106,1,0,0
5791,39,1,0,0
5792,132,1,0,0
5793,138,1,0,0
5794,170,1,0,0
5795,11,1,0,0
5796,75,1,0,0
5797,16,1,0,0
5798,99,1,0,0
5799,44,1,0,0
5800,24,1,0,0
5801,22,1,0,0
5802,44,1,0,0
5803,56,1,0,0
5804,45,1,0,0
5805,12,1,0,0
5806,10,1,0,0
5807,30,1,0,0
5808,45,1,0,0
5809,20,1,0,0
5810,56,1,0,0
5811,75,1,0,0
5812,115,1,0,0
5813,71,1,0,0
5814,47,1,0,0
5815,40,1,0,0
5816,59,1,0,0
5817,44,1,0,0
5818,166,1,0,0
5819,80,1,0,0
5820,91,1,0,0
5821,33,1,0,0
5822,39,1,0,0
5823,88,1,0,0
5824,21,1,0,0
5825,12,1,0,0
5826,96,1,0,0
5827,14,1,0,0
5828,17,1,0,0
5829,158,1,0,0
5830,24,1,0,0
5831,53,1,0,0
5832,37,1,0,0
5833,51,1,0,0
5834,42,1,0,0
5835,48,1,0,0
5836,7,1,0,0
5837,160,1,0,0
5838,80,1,0,0
5839,40,1,0,0
5840,27,1,0,0
5841,29,1,0,0
5842,10,1,0,0
5843,78,1,0,0
5844,57,1,0,0
5845,107,1,0,0
5846,54,1,0,0
5847,20,1,0,0
5848,49,1,0,0
5849,14,1,0,0
5850,7,1,0,0
5851,58,1,0,0
5852,62,1,0,0
5853,151,1,0,0
5854,30,1,0,0
5855,156,1,0,0
5856,59,1,0,0
5857,24,1,0,0
5858,53,1,0,0
5859,86,1,0,0
5860,128,1,0,0
5861,32,1,0,0
5862,25,1,0,0
5863,13,1,0,0
5864,52,1,0,0
5865,76,1,0,0
5866,48,1,0,0
5867,62,1,0,0
5868,40,1,0,0
5869,127,1,0,0
5870,196,1,0,0
5871,64,1,0,0
5872,34,1,0,0
5873,36,1,0,0
5874,177,1,0,0
5875,129,1,0,0
5876,66,1,0,0
5877,18,1,0,0
5878,40,1,0,0
5879,24,1,0,0
5880,26,1,0,0
5881,94,1,0,0
5882,44,1,0,0
5883,101,1,0,0
5884,41,1,0,0
5885,16,1,0,0
5886,82,1,0,0
5887,75,1,0,0
5888,48,1,0,0
5889,35,1,0,0
5890,104,1,0,0
5891,14,1,0,0
5892,102,1,0,0
5893,54,1,0,0
5894,38,1,0,0
5895,32,1,0,0
5896,113,1,0,0
5897,35,1,0,0
5898,47,1,0,0
5899,66,1,0,0
5900,21,1,0,0
5901,48,1,0,0
5902,30,1,0,0
5903,31,1,0,0
5904,48,1,0,0
5905,87,1,0,0
5906,53,1,0,0
5907,129,1,0,0
5908,44,1,0,0
5909,47,1,0,0
5910,240,1,0,0
5911,103,1,0,0
5912,83,1,0,0
5913,154,1,0,0
5914,46,1,0,0
5915,202,1,0,0
5916,154,1,0,0
5917,99,1,0,0
5918,10,1,0,0
5919,15,1,0,0
5920,59,1,0,0
5921,108,1,0,0
5922,93,1,0,0
5923,85,1,0,0
5924,64,1,0,0
5925,34,1,0,0
5926,76,1,0,0
5927,95,1,0,0
5928,32,1,0,0
5929,59,1,0,0
5930,129,1,0,0
5931,15,1,0,0
5932,35,1,0,0
5933,82,1,0,0
5934,43,1,0,0
5935,170,1,0,0
5936,19,1,0,0
5937,51,1,0,0
5938,105,1,0,0
5939,44,1,0,0
5940,36,1,0,0
5941,50,1,0,0
5942,32,1,0,0
5943,132,1,0,0
5944,43,1,0,0
5945,54,1,0,0
5946,75,1,0,0
5947,42,1,0,0
5948,133,1,0,0
5949,44,1,0,0
5950,45,1,0,0
5951,231,1,0,0
5952,96,1,0,0
5953,41,1,0,0
5954,118,1,0,0
5955,44,1,0,0
5956,95,1,0,0
5957,31,1,0,0
5958,78,1,0,0
5959,9,1,0,0
5960,21,1,0,0
5961,25,1,0,0
5962,57,1,0,0
5963,136,1,0,0
5964,31,1,0,0
5965,91,1,0,0
5966,21,1,0,0
5967,78,1,0,0
5968,36,1,0,0
5969,67,1,0,0
5970,82,1,0,0
5971,59,1,0,0
5972,30,1,0,0
5973,28,1,0,0
5974,100,1,0,0
5975,47,1,0,0
5976,41,1,0,0
5977,60,1,0,0
5978,23,1,0,0
5979,109,1,0,0
5980,94,1,0,0
5981,7,1,0,0
5982,23,1,0,0
5983,80,1,0,0
5984,13,1,0,0
5985,87,1,0,0
5986,70,1,0,0
5987,130,1,0,0
5988,14,1,0,0
5989,166,1,0,0
5990,66,1,0,0
5991,65,1,0,0
5992,116,1,0,0
5993,167,1,0,0
5994,163,1,0,0
5995,26,1,0,0
5996,116,1,0,0
5997,47,1,0,0
5998,52,1,0,0
5999,57,1,0,0
6000,150,1,0,0
6001,45,1,0,0
6002,32,1,0,0
6003,147,1,0,0
6004,19,1,0,0
6005,40,1,0,0
6006,37,1,0,0
6007,49,1,0,0
6008,62,1,0,0
6009,165,1,0,0
6010,28,1,0,0
6011,43,1,0,0
6012,71,1,0,0
6013,70,1,0,0
6014,38,1,0,0
6015,139,1,0,0
6016,71,1,0,0
6017,88,1,0,0
6018,38,1,0,0
6019,151,1,0,0
6020,64,1,0,0
6021,132,1,0,0
6022,38,1,0,0
6023,81,1,0,0
6024,68,1,0,0
6025,176,1,0,0
6026,86,1,0,0
6027,10,1,0,0
6028,29,1,0,0
6029,37,1,0,0
6030,11,1,0,0
6031,39,1,0,0
6032,87,1,0,0
6033,41,1,0,0
6034,42,1,0,0
6035,42,1,0,0
6036,149,1,0,0
6037,27,1,0,0
6038,54,1,0,0
6039,154,1,0,0
6040,27,1,0,0
6041,60,1,0,0
6042,196,1,0,0
6043,27,1,0,0
6044,102,1,0,0
6045,143,1,0,0
6046,21,1,0,0
6047,43,1,0,0
6048,33,1,0,0
6049,54,1,0,0
6050,35,1,0,0
6051,32,1,0,0
6052,139,1,0,0
6053,45,1,0,0
6054,40,1,0,0
6055,82,1,0,0
6056,20,1,0,0
6057,49,1,0,0
6058,57,1,0,0
6059,61,1,0,0
6060,38,1,0,0
6061,32,1,0,0
6062,46,1,0,0
6063,44,1,0,0
6064,67,1,0,0
6065,109,1,0,0
6066,74,1,0,0
6067,139,1,0,0
6068,64,1,0,0
6069,55,1,0,0
6070,112,1,0,0
6071,155,1,0,0
6072,81,1,0,0
6073,86,1,0,0
6074,139,1,0,0
6075,62,1,0,0
6076,39,1,0,0
6077,166,1,0,0
6078,45,1,0,0
6079,59,1,0,0
6080,281,1,0,0
6081,16,1,0,0
6082,96,1,0,0
6083,153,1,0,0
6084,123,1,0,0
6085,38,1,0,0
6086,89,1,0,0
6087,24,1,0,0
6088,23,1,0,0
6089,81,1,0,0
6090,106,1,0,0
6091,51,1,0,0
6092,30,1,0,0
6093,47,1,0,0
6094,144,1,0,0
6095,38,1,0,0
6096,22,1,0,0
6097,189,1,0,0
6098,32,1,0,0
6099,110,1,0,0
6100,104,1,0,0
6101,36,1,0,0
6102,86,1,0,0
6103,38,1,0,0
6104,81,1,0,0
6105,86,1,0,0
6106,30,1,0,0
6107,14,1,0,0
6108,95,1,0,0
6109,17,1,0,0
6110,73,1,0,0
6111,29,1,0,0
6112,26,1,0,0
6113,97,1,0,0
6114,49,1,0,0
6115,39,1,0,0
6116,25,1,0,0
6117,52,1,0,0
6118,32,1,0,0
6119,36,1,0,0
6120,45,1,0,0
6121,59,1,0,0
6122,34,1,0,0
6123,71,1,0,0
6124,28,1,0,0
6125,164,1,0,0
6126,70,1,0,0
6127,58,1,0,0
6128,32,1,0,0
6129,63,1,0,0
6130,26,1,0,0
6131,24,1,0,0
6132,65,1,0,0
6133,98,1,0,0
6134,70,1,0,0
6135,35,1,0,0
6136,49,1,0,0
6137,43,1,0,0
6138,111,1,0,0
6139,83,1,0,0
6140,20,1,0,0
6141,90,1,0,0
6142,96,1,0,0
6143,100,1,0,0
6144,16,1,0,0
6145,126,1,0,0
6146,21,1,0,0
6147,182,1,0,0
6148,16,1,0,0
6149,29,1,0,0
6150,160,1,0,0
6151,29,1,0,0
6152,33,1,0,0
6153,35,1,0,0
6154,15,1,0,0
6155,23,1,0,0
6156,45,1,0,0
6157,62,1,0,0
6158,187,1,0,0
6159,11,1,0,0
6160,25,1,0,0
6161,61,1,0,0
6162,68,1,0,0
6163,64,1,0,0
6164,32,1,0,0
6165,41,1,0,0
6166,44,1,0,0
6167,32,1,0,0
6168,18,1,0,0
6169,92,1,0,0
6170,88,1,0,0
6171,100,1,0,0
6172,42,1,0,0
6173,130,1,0,0
6174,67,1,0,0
6175,70,1,0,0
6176,23,1,0,0
6177,28,1,0,0
6178,43,1,0,0
6179,76,1,0,0
6180,104,1,0,0
6181,173,1,0,0
6182,37,1,0,0
6183,70,1,0,0
6184,67,1,0,0
6185,58,1,0,0
6186,57,1,0,0
6187,59,1,0,0
6188,72,1,0,0
6189,125,1,0,0
6190,12,1,0,0
6191,64,1,0,0
6192,74,1,0,0
6193,101,1,0,0
6194,123,1,0,0
6195,96,1,0,0
6196,29,1,0,0
6197,82,1,0,0
6198,85,1,0,0
6199,86,1,0,0
6200,41,1,0,0
6201,40,1,0,0
6202,153,1,0,0
6203,26,1,0,0
6204,50,1,0,0
6205,79,1,0,0
6206,168,1,0,0
6207,29,1,0,0
6208,62,1,0,0
6209,53,1,0,0
6210,69,1,0,0
6211,43,1,0,0
6212,147,1,0,0
6213,27,1,0,0
6214,117,1,0,0
6215,68,1,0,0
6216,61,1,0,0
6217,91,1,0,0
6218,208,1,0,0
6219,184,1,0,0
6220,63,1,0,0
6221,48,1,0,0
6222,121,1,0,0
6223,188,1,0,0
6224,66,1,0,0
6225,57,1,0,0
6226,104,1,0,0
6227,53,1,0,0
6228,83,1,0,0
6229,51,1,0,0
6230,100,1,0,0
6231,59,1,0,0
6232,87,1,0,0
6233,88,1,0,0
6234,25,1,0,0
6235,112,1,0,0
6236,35,1,0,0
6237,53,1,0,0
6238,74,1,0,0
6239,139,1,0,0
6240,28,1,0,0
6241,35,1,0,0
6242,39,1,0,0
6243,126,1,0,0
6244,97,1,0,0
6245,127,1,0,0
6246,22,1,0,0
6247,90,1,0,0
6248,21,1,0,0
6249,58,1,0,0
6250,50,1,0,0
6251,24,1,0,0
6252,23,1,0,0
6253,17,1,0,0
6254,42,1,0,0
6255,63,1,0,0
6256,33,1,0,0
6257,75,1,0,0
6258,34,1,0,0
6259,133,1,0,0
6260,25,1,0,0
6261,82,1,0,0
6262,38,1,0,0
6263,25,1,0,0
6264,226,1,0,0
6265,46,1,0,0
6266,53,1,0,0
6267,69,1,0,0
6268,43,1,0,0
6269,77,1,0,0
6270,39,1,0,0
6271,99,1,0,0
6272,48,1,0,0
6273,90,1,0,0
6274,103,1,0,0
6275,49,1,0,0
6276,51,1,0,0
6277,27,1,0,0
6278,87,1,0,0
6279,217,1,0,0
6280,49,1,0,0
6281,47,1,0,0
6282,220,1,0,0
6283,179,1,0,0
6284,151,1,0,0
6285,18,1,0,0
6286,9,1,0,0
6287,191,1,0,0
6288,53,1,0,0
6289,40,1,0,0
6290,141,1,0,0
6291,91,1,0,0
6292,33,1,0,0
6293,62,1,0,0
6294,19,1,0,0
6295,75,1,0,0
6296,86,1,0,0
6297,47,1,0,0
6298,15,1,0,0
6299,58,1,0,0
6300,38,1,0,0
6301,59,1,0,0
6302,46,1,0,0
6303,17,1,0,0
6304,70,1,0,0
6305,73,1,0,0
6306,122,1,0,0
6307,40,1,0,0
6308,65,1,0,0
6309,21,1,0,0
6310,85,1,0,0
6311,25,1,0,0
6312,126,1,0,0
6313,133,1,0,0
6314,37,1,0,0
6315,22,1,0,0
6316,156,1,0,0
6317,38,1,0,0
6318,198,1,0,0
6319,50,1,0,0
6320,47,1,0,0
6321,13,1,0,0
6322,91,1,0,0
6323,36,1,0,0
6324,68,1,0,0
6325,60,1,0,0
6326,133,1,0,0
6327,43,1,0,0
6328,129,1,0,0
6329,71,1,0,0
6330,73,1,0,0
6331,38,1,0,0
6332,58,1,0,0
6333,15,1,0,0
6334,116,1,0,0
6335,27,1,0,0
6336,50,1,0,0
6337,69,1,0,0
6338,82,1,0,0
6339,33,1,0,0
6340,125,1,0,0
6341,48,1,0,0
6342,123,1,0,0
6343,186,1,0,0
6344,43,1,0,0
6345,65,1,0,0
6346,70,1,0,0
6347,51,1,0,0
6348,29,1,0,0
6349,72,1,0,0
6350,88,1,0,0
6351,23,1,0,0
6352,111,1,0,0
6353,67,1,0,0
6354,80,1,0,0
6355,115,1,0,0
6356,122,1,0,0
6357,78,1,0,0
6358,237,1,0,0
6359,38,1,0,0
6360,130,1,0,0
6361,25,1,0,0
6362,190,1,0,0
6363,46,1,0,0
6364,114,1,0,0
6365,14,1,0,0
6366,15,1,0,0
6367,173,1,0,0
6368,123,1,0,0
6369,158,1,0,0
6370,153,1,0,0
6371,31,1,0,0
6372,60,1,0,0
6373,76,1,0,0
6374,63,1,0,0
6375,72,1,0,0
6376,19,1,0,0
6377,53,1,0,0
6378,24,1,0,0
6379,135,1,0,0
6380,33,1,0,0
6381,53,1,0,0
6382,71,1,0,0
6383,32,1,0,0
6384,120,1,0,0
6385,85,1,0,0
6386,67,1,0,0
6387,53,1,0,0
6388,88,1,0,0
6389,9,1,0,0
6390,27,1,0,0
6391,15,1,0,0
6392,56,1,0,0
6393,102,1,0,0
6394,50,1,0,0
6395,55,1,0,0
6396,122,1,0,0
6397,31,1,0,0
6398,59,1,0,0
6399,63,1,0,0
6400,41,1,0,0
6401,75,1,0,0
6402,63,1,0,0
6403,178,1,0,0
6404,61,1,0,0
6405,68,1,0,0
6406,27,1,0,0
6407,150,1,0,0
6408,50,1,0,0
6409,22,1,0,0
6410,20,1,0,0
6411,19,1,0,0
6412,19,1,0,0
6413,57,1,0,0
6414,28,1,0,0
6415,75,1,0,0
6416,19,1,0,0
6417,232,1,0,0
6418,16,1,0,0
6419,40,1,0,0
6420,164,1,0,0
6421,116,1,0,0
6422,20,1,0,0
6423,59,1,0,0
6424,62,1,0,0
6425,46,1,0,0
6426,87,1,0,0
6427,156,1,0,0
6428,83,1,0,0
6429,59,1,0,0
6430,43,1,0,0
6431,17,1,0,0
6432,26,1,0,0
6433,345,1,0,0
6434,26,1,0,0
6435,135,1,0,0
6436,71,1,0,0
6437,109,1,0,0
6438,58,1,0,0
6439,70,1,0,0
6440,58,1,0,0
6441,31,1,0,0
6442,53,1,0,0
6443,22,1,0,0
6444,74,1,0,0
6445,54,1,0,0
6446,84,1,0,0
6447,40,1,0,0
6448,139,1,0,0
6449,42,1,0,0
6450,80,1,0,0
6451,33,1,0,0
6452,57,1,0,0
6453,57,1,0,0
6454,97,1,0,0
6455,130,1,0,0
6456,73,1,0,0
6457,54,1,0,0
6458,46,1,0,0
6459,30,1,0,0
6460,38,1,0,0
6461,20,1,0,0
6462,66,1,0,0
6463,16,1,0,0
6464,124,1,0,0
6465,181,1,0,0
6466,58,1,0,0
6467,60,1,0,0
6468,220,1,0,0
6469,47,1,0,0
6470,62,1,0,0
6471,22,1,0,0
6472,53,1,0,0
6473,91,1,0,0
6474,173,1,0,0
6475,65,1,0,0
6476,351,1,0,0
6477,104,1,0,0
6478,96,1,0,0
6479,329,1,0,0
6480,23,1,0,0
6481,65,1,0,0
6482,28,1,0,0
6483,22,1,0,0
6484,108,1,0,0
6485,69,1,0,0
6486,46,1,0,0
6487,22,1,0,0
6488,59,1,0,0
6489,162,1,0,0
6490,97,1,0,0
6491,78,1,0,0
6492,78,1,0,0
6493,14,1,0,0
6494,69,1,0,0
6495,85,1,0,0
6496,60,1,0,0
6497,94,1,0,0
6498,83,1,0,0
6499,143,1,0,0
6500,49,1,0,0
6501,188,1,0,0
6502,97,1,0,0
6503,30,1,0,0
6504,98,1,0,0
6505,90,1,0,0
6506,41,1,0,0
6507,45,1,0,0
6508,54,1,0,0
6509,12,1,0,0
6510,175,1,0,0
6511,111,1,0,0
6512,93,1,0,0
6513,93,1,0,0
6514,84,1,0,0
6515,36,1,0,0
6516,41,1,0,0
6517,164,1,0,0
6518,21,1,0,0
6519,60,1,0,0
6520,51,1,0,0
6521,110,1,0,0
6522,44,1,0,0
6523,69,1,0,0
6524,160,1,0,0
6525,36,1,0,0
6526,146,1,0,0
6527,84,1,0,0
6528,139,1,0,0
6529,20,1,0,0
6530,127,1,0,0
6531,25,1,0,0
6532,19,1,0,0
6533,134,1,0,0
6534,120,1,0,0
6535,9,1,0,0
6536,26,1,0,0
6537,48,1,0,0
6538,55,1,0,0
6539,23,1,0,0
6540,121,1,0,0
6541,73,1,0,0
6542,60,1,0,0
6543,23,1,0,0
6544,101,1,0,0
6545,111,1,0,0
6546,149,1,0,0
6547,45,1,0,0
6548,39,1,0,0
6549,29,1,0,0
6550,9,1,0,0
6551,137,1,0,0
6552,109,1,0,0
6553,94,1,0,0
6554,121,1,0,0
6555,86,1,0,0
6556,97,1,0,0
6557,55,1,0,0
6558,48,1,0,0
6559,159,1,0,0
6560,117,1,0,0
6561,67,1,0,0
6562,9,1,0,0
6563,112,1,0,0
6564,74,1,0,0
6565,117,1,0,0
6566,17,1,0,0
6567,76,1,0,0
6568,23,1,0,0
6569,22,1,0,0
6570,57,1,0,0
6571,53,1,0,0
6572,54,1,0,0
6573,84,1,0,0
6574,75,1,0,0
6575,128,1,0,0
6576,62,1,0,0
6577,60,1,0,0
6578,80,1,0,0
6579,23,1,0,0
6580,17,1,0,0
6581,14,1,0,0
6582,37,1,0,0
6583,43,1,0,0
6584,112,1,0,0
6585,76,1,0,0
6586,46,1,0,0
6587,86,1,0,0
6588,76,1,0,0
6589,34,1,0,0
6590,53,1,0,0
6591,47,1,0,0
6592,44,1,0,0
6593,183,1,0,0
6594,104,1,0,0
6595,80,1,0,0
6596,79,1,0,0
6597,19,1,0,0
6598,39,1,0,0
6599,25,1,0,0
6600,114,1,0,0
6601,35,1,0,0
6602,36,1,0,0
6603,60,1,0,0
6604,173,1,0,0
6605,12,1,0,0
6606,55,1,0,0
6607,39,1,0,0
6608,63,1,0,0
6609,18,1,0,0
6610,64,1,0,0
6611,67,1,0,0
6612,67,1,0,0
6613,21,1,0,0
6614,167,1,0,0
6615,44,1,0,0
6616,45,1,0,0
6617,117,1,0,0
6618,39,1,0,0
6619,73,1,0,0
6620,48,1,0,0
6621,71,1,0,0
6622,78,1,0,0
6623,42,1,0,0
6624,46,1,0,0
6625,122,1,0,0
6626,32,1,0,0
6627,26,1,0,0
6628,127,1,0,0
6629,180,1,0,0
6630,50,1,0,0
6631,34,1,0,0
6632,59,1,0,0
6633,18,1,0,0
6634,195,1,0,0
6635,36,1,0,0
6636,86,1,0,0
6637,34,1,0,0
6638,13,1,0,0
6639,50,1,0,0
6640,78,1,0,0
6641,67,1,0,0
6642,151,1,0,0
6643,48,1,0,0
6644,77,1,0,0
6645,40,1,0,0
6646,54,1,0,0
6647,90,1,0,0
6648,188,1,0,0
6649,72,1,0,0
6650,38,1,0,0
6651,33,1,0,0
6652,51,1,0,0
6653,26,1,0,0
6654,43,1,0,0
6655,92,1,0,0
6656,13,1,0,0
6657,56,1,0,0
6658,53,1,0,0
6659,24,1,0,0
6660,50,1,0,0
6661,69,1,0,0
6662,21,1,0,0
6663,74,1,0,0
6664,115,1,0,0
6665,94,1,0,0
6666,25,1,0,0
6667,114,1,0,0
6668,19,1,0,0
6669,57,1,0,0
6670,47,1,0,0
6671,70,1,0,0
6672,49,1,0,0
6673,84,1,0,0
6674,64,1,0,0
6675,29,1,0,0
6676,77,1,0,0
6677,26,1,0,0
6678,118,1,0,0
6679,20,1,0,0
6680,150,1,0,0
6681,251,1,0,0
6682,120,1,0,0
6683,68,1,0,0
6684,16,1,0,0
6685,122,1,0,0
6686,59,1,0,0
6687,32,1,0,0
6688,34,1,0,0
6689,36,1,0,0
6690,84,1,0,0
6691,19,1,0,0
6692,54,1,0,0
6693,89,1,0,0
6694,36,1,0,0
6695,226,1,0,0
6696,86,1,0,0
6697,133,1,0,0
6698,172,1,0,0
6699,129,1,0,0
6700,170,1,0,0
6701,32,1,0,0
6702,36,1,0,0
6703,15,1,0,0
6704,74,1,0,0
6705,36,1,0,0
6706,137,1,0,0
6707,126,1,0,0
6708,166,1,0,0
6709,49,1,0,0
6710,41,1,0,0
6711,74,1,0,0
6712,107,1,0,0
6713,53,1,0,0
6714,81,1,0,0
6715,23,1,0,0
6716,40,1,0,0
6717,94,1,0,0
6718,74,1,0,0
6719,97,1,0,0
6720,103,1,0,0
6721,27,1,0,0
6722,46,1,0,0
6723,41,1,0,0
6724,22,1,0,0
6725,39,1,0,0
6726,26,1,0,0
6727,46,1,0,0
6728,65,1,0,0
6729,25,1,0,0
6730,17,1,0,0
6731,46,1,0,0
6732,136,1,0,0
6733,180,1,0,0
6734,147,1,0,0
6735,35,1,0,0
6736,51,1,0,0
6737,17,1,0,0
6738,13,1,0,0
6739,16,1,0,0
6740,81,1,0,0
6741,35,1,0,0
6742,38,1,0,0
6743,72,1,0,0
6744,16,1,0,0
6745,52,1,0,0
6746,119,1,0,0
6747,53,1,0,0
6748,43,1,0,0
6749,102,1,0,0
6750,11,1,0,0
6751,38,1,0,0
6752,28,1,0,0
6753,16,1,0,0
6754,56,1,0,0
6755,36,1,0,0
6756,62,1,0,0
6757,84,1,0,0
6758,151,1,0,0
6759,55,1,0,0
6760,55,1,0,0
6761,15,1,0,0
6762,150,1,0,0
6763,36,1,0,0
6764,63,1,0,0
6765,77,1,0,0
6766,38,1,0,0
6767,33,1,0,0
6768,75,1,0,0
6769,37,1,0,0
6770,18,1,0,0
6771,90,1,0,0
6772,53,1,0,0
6773,86,1,0,0
6774,57,1,0,0
6775,22,1,0,0
6776,37,1,0,0
6777,77,1,0,0
6778,92,1,0,0
6779,78,1,0,0
6780,55,1,0,0
6781,46,1,0,0
6782,172,1,0,0
6783,131,1,0,0
6784,22,1,0,0
6785,99,1,0,0
6786,78,1,0,0
6787,49,1,0,0
6788,16,1,0,0
6789,37,1,0,0
6790,134,1,0,0
6791,89,1,0,0
6792,14,1,0,0
6793,37,1,0,0
6794,60,1,0,0
6795,25,1,0,0
6796,41,1,0,0
6797,27,1,0,0
6798,19,1,0,0
6799,95,1,0,0
6800,84,1,0,0
6801,42,1,0,0
6802,26,1,0,0
6803,37,1,0,0
6804,152,1,0,0
6805,36,1,0,0
6806,13,1,0,0
6807,59,1,0,0
6808,33,1,0,0
6809,29,1,0,0
6810,29,1,0,0
6811,15,1,0,0
6812,29,1,0,0
6813,44,1,0,0
6814,37,1,0,0
6815,194,1,0,0
6816,66,1,0,0
6817,43,1,0,0
6818,55,1,0,0
6819,94,1,0,0
6820,29,1,0,0
6821,36,1,0,0
6822,108,1,0,0
6823,94,1,0,0
6824,117,1,0,0
6825,93,1,0,0
6826,37,1,0,0
6827,150,1,0,0
6828,97,1,0,0
6829,128,1,0,0
6830,86,1,0,0
6831,7,1,0,0
6832,40,1,0,0
6833,45,1,0,0
6834,68,1,0,0
6835,52,1,0,0
6836,81,1,0,0
6837,71,1,0,0
6838,76,1,0,0
6839,48,1,0,0
6840,76,1,0,0
6841,19,1,0,0
6842,62,1,0,0
6843,55,1,0,0
6844,23,1,0,0
6845,55,1,0,0
6846,28,1,0,0
6847,26,1,0,0
6848,29,1,0,0
6849,72,1,0,0
6850,89,1,0,0
6851,41,1,0,0
6852,56,1,0,0
6853,31,1,0,0
6854,58,1,0,0
6855,106,1,0,0
6856,78,1,0,0
6857,65,1,0,0
6858,142,1,0,0
6859,33,1,0,0
6860,107,1,0,0
6861,101,1,0,0
6862,53,1,0,0
6863,45,1,0,0
6864,18,1,0,0
6865,33,1,0,0
6866,78,1,0,0
6867,42,1,0,0
6868,19,1,0,0
6869,110,1,0,0
6870,58,1,0,0
6871,17,1,0,0
6872,107,1,0,0
6873,142,1,0,0
6874,46,1,0,0
6875,119,1,0,0
6876,66,1,0,0
6877,176,1,0,0
6878,18,1,0,0
6879,16,1,0,0
6880,39,1,0,0
6881,34,1,0,0
6882,77,1,0,0
6883,104,1,0,0
6884,113,1,0,0
6885,53,1,0,0
6886,48,1,0,0
6887,30,1,0,0
6888,80,1,0,0
6889,44,1,0,0
6890,15,1,0,0
6891,90,1,0,0
6892,34,1,0,0
6893,43,1,0,0
6894,125,1,0,0
6895,111,1,0,0
6896,160,1,0,0
6897,50,1,0,0
6898,100,1,0,0
6899,33,1,0,0
6900,15,1,0,0
6901,48,1,0,0
6902,86,1,0,0
6903,32,1,0,0
6904,93,1,0,0
6905,72,1,0,0
6906,45,1,0,0
6907,37,1,0,0
6908,53,1,0,0
6909,80,1,0,0
6910,75,1,0,0
6911,51,1,0,0
6912,27,1,0,0
6913,13,1,0,0
6914,38,1,0,0
6915,134,1,0,0
6916,68,1,0,0
6917,83,1,0,0
6918,46,1,0,0
6919,36,1,0,0
6920,24,1,0,0
6921,167,1,0,0
6922,29,1,0,0
6923,63,1,0,0
6924,68,1,0,0
6925,13,1,0,0
6926,23,1,0,0
6927,51,1,0,0
6928,50,1,0,0
6929,81,1,0,0
6930,92,1,0,0
6931,69,1,0,0
6932,21,1,0,0
6933,28,1,0,0
6934,202,1,0,0
6935,35,1,0,0
6936,74,1,0,0
6937,142,1,0,0
6938,48,1,0,0
6939,38,1,0,0
6940,25,1,0,0
6941,10,1,0,0
6942,65,1,0,0
6943,164,1,0,0
6944,74,1,0,0
6945,123,1,0,0
6946,190,1,0,0
6947,73,1,0,0
6948,109,1,0,0
6949,66,1,0,0
6950,35,1,0,0
6951,14,1,0,0
6952,28,1,0,0
6953,26,1,0,0
6954,40,1,0,0
6955,60,1,0,0
6956,134,1,0,0
6957,17,1,0,0
6958,151,1,0,0
6959,45,1,0,0
6960,71,1,0,0
6961,65,1,0,0
6962,44,1,0,0
6963,75,1,0,0
6964,194,1,0,0
6965,73,1,0,0
6966,34,1,0,0
6967,46,1,0,0
6968,156,1,0,0
6969,61,1,0,0
6970,144,1,0,0
6971,29,1,0,0
6972,65,1,0,0
6973,14,1,0,0
6974,40,1,0,0
6975,132,1,0,0
6976,172,1,0,0
6977,32,1,0,0
6978,95,1,0,0
6979,62,1,0,0
6980,65,1,0,0
6981,144,1,0,0
6982,123,1,0,0
6983,55,1,0,0
6984,68,1,0,0
6985,122,1,0,0
6986,45,1,0,0
6987,130,1,0,0
6988,100,1,0,0
6989,10,1,0,0
6990,66,1,0,0
6991,24,1,0,0
6992,85,1,0,0
6993,58,1,0,0
6994,38,1,0,0
6995,78,1,0,0
6996,53,1,0,0
6997,66,1,0,0
6998,84,1,0,0
6999,91,1,0,0
7000,25,1,0,0
7001,59,1,0,0
7002,117,1,0,0
7003,26,1,0,0
7004,32,1,0,0
7005,140,1,0,0
7006,19,1,0,0
7007,54,1,0,0
7008,45,1,0,0
7009,137,1,0,0
7010,36,1,0,0
7011,42,1,0,0
7012,21,1,0,0
7013,55,1,0,0
7014,141,1,0,0
7015,88,1,0,0
7016,31,1,0,0
7017,50,1,0,0
7018,41,1,0,0
7019,57,1,0,0
7020,82,1,0,0
7021,40,1,0,0
7022,154,1,0,0
7023,32,1,0,0
7024,99,1,0,0
7025,24,1,0,0
7026,114,1,0,0
7027,34,1,0,0
7028,70,1,0,0
7029,41,1,0,0
7030,119,1,0,0
7031,152,1,0,0
7032,92,1,0,0
7033,107,1,0,0
7034,136,1,0,0
7035,116,1,0,0
7036,163,1,0,0
7037,162,1,0,0
7038,43,1,0,0
7039,48,1,0,0
7040,78,1,0,0
7041,55,1,0,0
7042,57,1,0,0
7043,47,1,0,0
7044,10,1,0,0
7045,127,1,0,0
7046,65,1,0,0
7047,121,1,0,0
7048,73,1,0,0
7049,48,1,0,0
7050,30,1,0,0
7051,46,1,0,0
7052,55,1,0,0
7053,37,1,0,0
7054,23,1,0,0
7055,64,1,0,0
7056,51,1,0,0
7057,65,1,0,0
7058,63,1,0,0
7059,110,1,0,0
7060,45,1,0,0
7061,30,1,0,0
7062,90,1,0,0
7063,111,1,0,0
7064,95,1,0,0
7065,133,1,0,0
7066,165,1,0,0
7067,57,1,0,0
7068,12,1,0,0
7069,66,1,0,0
7070,34,1,0,0
7071,89,1,0,0
7072,98,1,0,0
7073,89,1,0,0
7074,34,1,0,0
7075,58,1,0,0
7076,44,1,0,0
7077,44,1,0,0
7078,31,1,0,0
7079,45,1,0,0
7080,62,1,0,0
7081,33,1,0,0
7082,19,1,0,0
7083,26,1,0,0
7084,59,1,0,0
7085,98,1,0,0
7086,75,1,0,0
7087,72,1,0,0
7088,49,1,0,0
7089,41,1,0,0
7090,52,1,0,0
7091,27,1,0,0
7092,37,1,0,0
7093,17,1,0,0
7094,69,1,0,0
7095,63,1,0,0
7096,89,1,0,0
7097,81,1,0,0
7098,85,1,0,0
7099,10,1,0,0
7100,31,1,0,0
7101,70,1,0,0
7102,150,1,0,0
7103,62,1,0,0
7104,47,1,0,0
7105,73,1,0,0
7106,19,1,0,0
7107,151,1,0,0
7108,135,1,0,0
7109,81,1,0,0
7110,19,1,0,0
7111,50,1,0,0
7112,41,1,0,0
7113,74,1,0,0
7114,11,1,0,0
7115,22,1,0,0
7116,36,1,0,0
7117,63,1,0,0
7118,28,1,0,0
7119,69,1,0,0
7120,30,1,0,0
7121,48,1,0,0
7122,25,1,0,0
7123,71,1,0,0
7124,101,1,0,0
7125,26,1,0,0
7126,62,1,0,0
7127,194,1,0,0
7128,107,1,0,0
7129,48,1,0,0
7130,46,1,0,0
7131,93,1,0,0
7132,117,1,0,0
7133,105,1,0,0
7134,45,1,0,0
7135,52,1,0,0
7136,31,1,0,0
7137,135,1,0,0
7138,120,1,0,0
7139,76,1,0,0
7140,39,1,0,0
7141,90,1,0,0
7142,20,1,0,0
7143,60,1,0,0
7144,183,1,0,0
7145,25,1,0,0
7146,337,1,0,0
7147,88,1,0,0
7148,33,1,0,0
7149,85,1,0,0
7150,45,1,0,0
7151,21,1,0,0
7152,11,1,0,0
7153,13,1,0,0
7154,41,1,0,0
7155,9,1,0,0
7156,63,1,0,0
7157,105,1,0,0
7158,36,1,0,0
7159,145,1,0,0
7160,111,1,0,0
7161,84,1,0,0
7162,257,1,0,0
7163,103,1,0,0
7164,65,1,0,0
7165,35,1,0,0
7166,198,1,0,0
7167,75,1,0,0
7168,67,1,0,0
7169,98,1,0,0
7170,77,1,0,0
7171,54,1,0,0
7172,60,1,0,0
7173,79,1,0,0
7174,74,1,0,0
7175,38,1,0,0
7176,65,1,0,0
7177,43,1,0,0
7178,162,1,0,0
7179,113,1,0,0
7180,39,1,0,0
7181,81,1,0,0
7182,71,1,0,0
7183,95,1,0,0
7184,25,1,0,0
7185,57,1,0,0
7186,115,1,0,0
7187,54,1,0,0
7188,45,1,0,0
7189,33,1,0,0
7190,115,1,0,0
7191,34,1,0,0
7192,62,1,0,0
7193,35,1,0,0
7194,70,1,0,0
7195,93,1,0,0
7196,86,1,0,0
7197,64,1,0,0
7198,80,1,0,0
7199,26,1,0,0
7200,75,1,0,0
7201,84,1,0,0
7202,97,1,0,0
7203,80,1,0,0
7204,13,1,0,0
7205,91,1,0,0
7206,32,1,0,0
7207,165,1,0,0
7208,16,1,0,0
7209,87,1,0,0
7210,20,1,0,0
7211,83,1,0,0
7212,16,1,0,0
7213,92,1,0,0
7214,16,1,0,0
7215,107,1,0,0
7216,8,1,0,0
7217,99,1,0,0
7218,35,1,0,0
7219,38,1,0,0
7220,39,1,0,0
7221,13,1,0,0
7222,134,1,0,0
7223,104,1,0,0
7224,60,1,0,0
7225,18,1,0,0
7226,112,1,0,0
7227,25,1,0,0
7228,16,1,0,0
7229,51,1,0,0
7230,126,1,0,0
7231,75,1,0,0
7232,55,1,0,0
7233,19,1,0,0
7234,24,1,0,0
7235,43,1,0,0
7236,79,1,0,0
7237,23,1,0,0
7238,40,1,0,0
7239,27,1,0,0
7240,72,1,0,0
7241,38,1,0,0
7242,86,1,0,0
7243,57,1,0,0
7244,13,1,0,0
7245,71,1,0,0
7246,86,1,0,0
7247,58,1,0,0
7248,45,1,0,0
7249,79,1,0,0
7250,71,1,0,0
7251,105,1,0,0
7252,213,1,0,0
7253,55,1,0,0
7254,61,1,0,0
7255,35,1,0,0
7256,33,1,0,0
7257,89,1,0,0
7258,89,1,0,0
7259,44,1,0,0
7260,89,1,0,0
7261,123,1,0,0
7262,38,1,0,0
7263,62,1,0,0
7264,34,1,0,0
7265,17,1,0,0
7266,58,1,0,0
7267,57,1,0,0
7268,251,1,0,0
7269,47,1,0,0
7270,117,1,0,0
7271,20,1,0,0
7272,20,1,0,0
7273,23,1,0,0
7274,39,1,0,0
7275,77,1,0,0
7276,39,1,0,0
7277,55,1,0,0
7278,87,1,0,0
7279,42,1,0,0
7280,34,1,0,0
7281,37,1,0,0
7282,113,1,0,0
7283,27,1,0,0
7284,19,1,0,0
7285,46,1,0,0
7286,29,1,0,0
7287,61,1,0,0
7288,22,1,0,0
7289,39,1,0,0
7290,65,1,0,0
7291,89,1,0,0
7292,100,1,0,0
7293,43,1,0,0
7294,35,1,0,0
7295,9,1,0,0
7296,48,1,0,0
7297,175,1,0,0
7298,49,1,0,0
7299,29,1,0,0
7300,86,1,0,0
7301,26,1,0,0
7302,74,1,0,0
7303,39,1,0,0
7304,27,1,0,0
7305,9,1,0,0
7306,107,1,0,0
7307,36,1,0,0
7308,32,1,0,0
7309,105,1,0,0
7310,26,1,0,0
7311,23,1,0,0
7312,100,1,0,0
7313,37,1,0,0
7314,76,1,0,0
7315,37,1,0,0
7316,47,1,0,0
7317,48,1,0,0
7318,49,1,0,0
7319,72,1,0,0
7320,22,1,0,0
7321,22,1,0,0
7322,42,1,0,0
7323,80,1,0,0
7324,77,1,0,0
7325,48,1,0,0
7326,13,1,0,0
7327,25,1,0,0
7328,16,1,0,0
7329,36,1,0,0
7330,50,1,0,0
7331,150,1,0,0
7332,109,1,0,0
7333,134,1,0,0
7334,8,1,0,0
7335,85,1,0,0
7336,20,1,0,0
7337,65,1,0,0
7338,23,1,0,0
7339,58,1,0,0
7340,61,1,0,0
7341,25,1,0,0
7342,91,1,0,0
7343,27,1,0,0
7344,51,1,0,0
7345,62,1,0,0
7346,8,1,0,0
7347,28,1,0,0
7348,93,1,0,0
7349,83,1,0,0
7350,117,1,0,0
7351,67,1,0,0
7352,122,1,0,0
7353,23,1,0,0
7354,85,1,0,0
7355,170,1,0,0
7356,15,1,0,0
7357,81,1,0,0
7358,61,1,0,0
7359,48,1,0,0
7360,78,1,0,0
7361,17,1,0,0
7362,66,1,0,0
7363,115,1,0,0
7364,67,1,0,0
7365,54,1,0,0
7366,54,1,0,0
7367,25,1,0,0
7368,23,1,0,0
7369,78,1,0,0
7370,84,1,0,0
7371,64,1,0,0
7372,9,1,0,0
7373,97,1,0,0
7374,187,1,0,0
7375,104,1,0,0
7376,55,1,0,0
7377,73,1,0,0
7378,52,1,0,0
7379,113,1,0,0
7380,99,1,0,0
7381,49,1,0,0
7382,44,1,0,0
7383,69,1,0,0
7384,47,1,0,0
7385,42,1,0,0
7386,83,1,0,0
7387,53,1,0,0
7388,37,1,0,0
7389,72,1,0,0
7390,25,1,0,0
7391,59,1,0,0
7392,63,1,0,0
7393,123,1,0,0
7394,37,1,0,0
7395,109,1,0,0
7396,17,1,0,0
7397,84,1,0,0
7398,105,1,0,0
7399,106,1,0,0
7400,135,1,0,0
7401,26,1,0,0
7402,89,1,0,0
7403,33,1,0,0
7404,44,1,0,0
7405,39,1,0,0
7406,14,1,0,0
7407,150,1,0,0
7408,40,1,0,0
7409,43,1,0,0
7410,51,1,0,0
7411,120,1,0,0
7412,19,1,0,0
7413,15,1,0,0
7414,99,1,0,0
7415,99,1,0,0
7416,96,1,0,0
7417,88,1,0,0
7418,26,1,0,0
7419,11,1,0,0
7420,50,1,0,0
7421,33,1,0,0
7422,73,1,0,0
7423,66,1,0,0
7424,93,1,0,0
7425,151,1,0,0
7426,59,1,0,0
7427,80,1,0,0
7428,103,1,0,0
7429,27,1,0,0
7430,35,1,0,0
7431,101,1,0,0
7432,34,1,0,0
7433,70,1,0,0
7434,61,1,0,0
7435,147,1,0,0
7436,27,1,0,0
7437,71,1,0,0
7438,153,1,0,0
7439,44,1,0,0
7440,104,1,0,0
7441,62,1,0,0
7442,225,1,0,0
7443,71,1,0,0
7444,53,1,0,0
7445,115,1,0,0
7446,60,1,0,0
7447,30,1,0,0
7448,297,1,0,0
7449,103,1,0,0
7450,152,1,0,0
7451,36,1,0,0
7452,73,1,0,0
7453,51,1,0,0
7454,106,1,0,0
7455,84,1,0,0
7456,54,1,0,0
7457,52,1,0,0
7458,52,1,0,0
7459,23,1,0,0
7460,21,1,0,0
7461,76,1,0,0
7462,37,1,0,0
7463,80,1,0,0
7464,58,1,0,0
7465,98,1,0,0
7466,21,1,0,0
7467,85,1,0,0
7468,69,1,0,0
7469,49,1,0,0
7470,43,1,0,0
7471,68,1,0,0
7472,159,1,0,0
7473,15,1,0,0
7474,47,1,0,0
7475,37,1,0,0
7476,40,1,0,0
7477,30,1,0,0
7478,82,1,0,0
7479,28,1,0,0
7480,54,1,0,0
7481,43,1,0,0
7482,96,1,0,0
7483,16,1,0,0
7484,47,1,0,0
7485,70,1,0,0
7486,80,1,0,0
7487,79,1,0,0
7488,81,1,0,0
7489,19,1,0,0
7490,27,1,0,0
7491,154,1,0,0
7492,110,1,0,0
7493,31,1,0,0
7494,36,1,0,0
7495,96,1,0,0
7496,26,1,0,0
7497,23,1,0,0
7498,118,1,0,0
7499,27,1,0,0
7500,158,1,0,0
7501,62,1,0,0
7502,17,1,0,0
7503,28,1,0,0
7504,32,1,0,0
7505,104,1,0,0
7506,51,1,0,0
7507,186,1,0,0
7508,55,1,0,0
7509,44,1,0,0
7510,90,1,0,0
7511,56,1,0,0
7512,16,1,0,0
7513,70,1,0,0
7514,41,1,0,0
7515,50,1,0,0
7516,34,1,0,0
7517,59,1,0,0
7518,36,1,0,0
7519,79,1,0,0
7520,88,1,0,0
7521,65,1,0,0
7522,80,1,0,0
7523,137,1,0,0
7524,28,1,0,0
7525,44,1,0,0
7526,50,1,0,0
7527,9,1,0,0
7528,147,1,0,0
7529,44,1,0,0
7530,10,1,0,0
7531,28,1,0,0
7532,246,1,0,0
7533,76,1,0,0
7534,220,1,0,0
7535,121,1,0,0
7536,45,1,0,0
7537,29,1,0,0
7538,162,1,0,0
7539,83,1,0,0
7540,60,1,0,0
7541,35,1,0,0
7542,36,1,0,0
7543,50,1,0,0
7544,56,1,0,0
7545,140,1,0,0
7546,52,1,0,0
7547,24,1,0,0
7548,73,1,0,0
7549,27,1,0,0
7550,89,1,0,0
7551,147,1,0,0
7552,29,1,0,0
7553,110,1,0,0
7554,91,1,0,0
7555,51,1,0,0
7556,64,1,0,0
7557,82,1,0,0
7558,30,1,0,0
7559,28,1,0,0
7560,9,1,0,0
7561,42,1,0,0
7562,33,1,0,0
7563,87,1,0,0
7564,94,1,0,0
7565,74,1,0,0
7566,38,1,0,0
7567,71,1,0,0
7568,56,1,0,0
7569,175,1,0,0
7570,76,1,0,0
7571,92,1,0,0
7572,101,1,0,0
7573,85,1,0,0
7574,68,1,0,0
7575,30,1,0,0
7576,74,1,0,0
7577,75,1,0,0
7578,41,1,0,0
7579,93,1,0,0
7580,72,1,0,0
7581,75,1,0,0
7582,142,1,0,0
7583,149,1,0,0
7584,76,1,0,0
7585,184,1,0,0
7586,124,1,0,0
7587,146,1,0,0
7588,11,1,0,0
7589,74,1,0,0
7590,12,1,0,0
7591,26,1,0,0
7592,47,1,0,0
7593,22,1,0,0
7594,46,1,0,0
7595,73,1,0,0
7596,25,1,0,0
7597,37,1,0,0
7598,60,1,0,0
7599,60,1,0,0
7600,98,1,0,0
7601,30,1,0,0
7602,137,1,0,0
7603,29,1,0,0
7604,157,1,0,0
7605,20,1,0,0
7606,91,1,0,0
7607,28,1,0,0
7608,54,1,0,0
7609,57,1,0,0
7610,30,1,0,0
7611,32,1,0,0
7612,93,1,0,0
7613,46,1,0,0
7614,27,1,0,0
7615,88,1,0,0
7616,217,1,0,0
7617,143,1,0,0
7618,45,1,0,0
7619,13,1,0,0
7620,35,1,0,0
7621,69,1,0,0
7622,57,1,0,0
7623,56,1,0,0
7624,147,1,0,0
7625,133,1,0,0
7626,118,1,0,0
7627,107,1,0,0
7628,37,1,0,0
7629,138,1,0,0
7630,85,1,0,0
7631,85,1,0,0
7632,39,1,0,0
7633,108,1,0,0
7634,41,1,0,0
7635,21,1,0,0
7636,231,1,0,0
7637,25,1,0,0
7638,19,1,0,0
7639,25,1,0,0
7640,174,1,0,0
7641,17,1,0,0
7642,76,1,0,0
7643,155,1,0,0
7644,59,1,0,0
7645,54,1,0,0
7646,69,1,0,0
7647,46,1,0,0
7648,65,1,0,0
7649,121,1,0,0
7650,51,1,0,0
7651,40,1,0,0
7652,124,1,0,0
7653,29,1,0,0
7654,115,1,0,0
7655,21,1,0,0
7656,164,1,0,0
7657,24,1,0,0
7658,13,1,0,0
7659,14,1,0,0
7660,117,1,0,0
7661,110,1,0,0
7662,152,1,0,0
7663,32,1,0,0
7664,75,1,0,0
7665,44,1,0,0
7666,17,1,0,0
7667,56,1,0,0
7668,190,1,0,0
7669,115,1,0,0
7670,98,1,0,0
7671,31,1,0,0
7672,48,1,0,0
7673,95,1,0,0
7674,60,1,0,0
7675,106,1,0,0
7676,133,1,0,0
7677,100,1,0,0
7678,45,1,0,0
7679,25,1,0,0
7680,86,1,0,0
7681,160,1,0,0
7682,106,1,0,0
7683,81,1,0,0
7684,88,1,0,0
7685,149,1,0,0
7686,40,1,0,0
7687,196,1,0,0
7688,72,1,0,0
7689,169,1,0,0
7690,86,1,0,0
7691,89,1,0,0
7692,56,1,0,0
7693,45,1,0,0
7694,126,1,0,0
7695,21,1,0,0
7696,127,1,0,0
7697,147,1,0,0
7698,83,1,0,0
7699,47,1,0,0
7700,47,1,0,0
7701,129,1,0,0
7702,27,1,0,0
7703,36,1,0,0
7704,19,1,0,0
7705,55,1,0,0
7706,90,1,0,0
7707,157,1,0,0
7708,17,1,0,0
7709,45,1,0,0
7710,380,1,0,0
7711,34,1,0,0
7712,16,1,0,0
7713,60,1,0,0
7714,30,1,0,0
7715,49,1,0,0
7716,24,1,0,0
7717,44,1,0,0
7718,100,1,0,0
7719,64,1,0,0
7720,99,1,0,0
7721,67,1,0,0
7722,38,1,0,0
7723,109,1,0,0
7724,86,1,0,0
7725,113,1,0,0
7726,107,1,0,0
7727,90,1,0,0
7728,13,1,0,0
7729,53,1,0,0
7730,94,1,0,0
7731,31,1,0,0
7732,33,1,0,0
7733,47,1,0,0
7734,56,1,0,0
7735,70,1,0,0
7736,124,1,0,0
7737,84,1,0,0
7738,62,1,0,0
7739,58,1,0,0
7740,169,1,0,0
7741,50,1,0,0
7742,60,1,0,0
7743,62,1,0,0
7744,111,1,0,0
7745,57,1,0,0
7746,83,1,0,0
7747,37,1,0,0
7748,120,1,0,0
7749,30,1,0,0
7750,24,1,0,0
7751,35,1,0,0
7752,8,1,0,0
7753,39,1,0,0
7754,70,1,0,0
7755,92,1,0,0
7756,31,1,0,0
7757,70,1,0,0
7758,51,1,0,0
7759,44,1,0,0
7760,16,1,0,0
7761,123,1,0,0
7762,142,1,0,0
7763,43,1,0,0
7764,150,1,0,0
7765,180,1,0,0
7766,74,1,0,0
7767,90,1,0,0
7768,53,1,0,0
7769,52,1,0,0
7770,146,1,0,0
7771,125,1,0,0
7772,151,1,0,0
7773,12,1,0,0
7774,20,1,0,0
7775,105,1,0,0
7776,75,1,0,0
7777,119,1,0,0
7778,64,1,0,0
7779,41,1,0,0
7780,27,1,0,0
7781,147,1,0,0
7782,104,1,0,0
7783,40,1,0,0
7784,21,1,0,0
7785,16,1,0,0
7786,105,1,0,0
7787,54,1,0,0
7788,98,1,0,0
7789,63,1,0,0
7790,85,1,0,0
7791,24,1,0,0
7792,47,1,0,0
7793,26,1,0,0
7794,19,1,0,0
7795,18,1,0,0
7796,75,1,0,0
7797,36,1,0,0
7798,38,1,0,0
7799,96,1,0,0
7800,44,1,0,0
7801,197,1,0,0
7802,39,1,0,0
7803,37,1,0,0
7804,51,1,0,0
7805,74,1,0,0
7806,47,1,0,0
7807,35,1,0,0
7808,76,1,0,0
7809,148,1,0,0
7810,23,1,0,0
7811,94,1,0,0
7812,11,1,0,0
7813,25,1,0,0
7814,36,1,0,0
7815,81,1,0,0
7816,25,1,0,0
7817,41,1,0,0
7818,15,1,0,0
7819,149,1,0,0
7820,121,1,0,0
7821,14,1,0,0
7822,51,1,0,0
7823,47,1,0,0
7824,94,1,0,0
7825,93,1,0,0
7826,56,1,0,0
7827,75,1,0,0
7828,82,1,0,0
7829,39,1,0,0
7830,260,1,0,0
7831,43,1,0,0
7832,65,1,0,0
7833,71,1,0,0
7834,8,1,0,0
7835,36,1,0,0
7836,79,1,0,0
7837,14,1,0,0
7838,52,1,0,0
7839,96,1,0,0
7840,14,1,0,0
7841,64,1,0,0
7842,71,1,0,0
7843,89,1,0,0
7844,21,1,0,0
7845,39,1,0,0
7846,103,1,0,0
7847,81,1,0,0
7848,25,1,0,0
7849,51,1,0,0
7850,42,1,0,0
7851,28,1,0,0
7852,24,1,0,0
7853,127,1,0,0
7854,9,1,0,0
7855,179,1,0,0
7856,36,1,0,0
7857,40,1,0,0
7858,90,1,0,0
7859,59,1,0,0
7860,50,1,0,0
7861,32,1,0,0
7862,163,1,0,0
7863,21,1,0,0
7864,32,1,0,0
7865,103,1,0,0
7866,73,1,0,0
7867,30,1,0,0
7868,16,1,0,0
7869,87,1,0,0
7870,28,1,0,0
7871,61,1,0,0
7872,125,1,0,0
7873,23,1,0,0
7874,68,1,0,0
7875,51,1,0,0
7876,12,1,0,0
7877,62,1,0,0
7878,27,1,0,0
7879,23,1,0,0
7880,23,1,0,0
7881,128,1,0,0
7882,61,1,0,0
7883,202,1,0,0
7884,72,1,0,0
7885,33,1,0,0
7886,142,1,0,0
7887,81,1,0,0
7888,80,1,0,0
7889,26,1,0,0
7890,49,1,0,0
7891,207,1,0,0
7892,70,1,0,0
7893,100,1,0,0
7894,54,1,0,0
7895,71,1,0,0
7896,73,1,0,0
7897,87,1,0,0
7898,40,1,0,0
7899,54,1,0,0
7900,98,1,0,0
7901,104,1,0,0
7902,26,1,0,0
7903,116,1,0,0
7904,100,1,0,0
7905,215,1,0,0
7906,128,1,0,0
7907,27,1,0,0
7908,84,1,0,0
7909,80,1,0,0
7910,44,1,0,0
7911,79,1,0,0
7912,88,1,0,0
7913,43,1,0,0
7914,105,1,0,0
7915,86,1,0,0
7916,25,1,0,0
7917,32,1,0,0
7918,61,1,0,0
7919,34,1,0,0
7920,58,1,0,0
7921,27,1,0,0
7922,24,1,0,0
7923,71,1,0,0
7924,18,1,0,0
7925,37,1,0,0
7926,88,1,0,0
7927,107,1,0,0
7928,25,1,0,0
7929,20,1,0,0
7930,96,1,0,0
7931,57,1,0,0
7932,85,1,0,0
7933,45,1,0,0
7934,59,1,0,0
7935,13,1,0,0
7936,82,1,0,0
7937,109,1,0,0
7938,112,1,0,0
7939,113,1,0,0
7940,29,1,0,0
7941,55,1,0,0
7942,132,1,0,0
7943,162,1,0,0
7944,26,1,0,0
7945,26,1,0,0
7946,40,1,0,0
7947,148,1,0,0
7948,36,1,0,0
7949,10,1,0,0
7950,39,1,0,0
7951,29,1,0,0
7952,199,1,0,0
7953,160,1,0,0
7954,45,1,0,0
7955,125,1,0,0
7956,33,1,0,0
7957,43,1,0,0
7958,88,1,0,0
7959,58,1,0,0
7960,79,1,0,0
7961,76,1,0,0
7962,91,1,0,0
7963,26,1,0,0
7964,18,1,0,0
7965,24,1,0,0
7966,129,1,0,0
7967,37,1,0,0
7968,15,1,0,0
7969,148,1,0,0
7970,17,1,0,0
7971,14,1,0,0
7972,53,1,0,0
7973,72,1,0,0
7974,153,1,0,0
7975,13,1,0,0
7976,53,1,0,0
7977,17,1,0,0
7978,42,1,0,0
7979,104,1,0,0
7980,78,1,0,0
7981,170,1,0,0
7982,40,1,0,0
7983,205,1,0,0
7984,15,1,0,0
7985,40,1,0,0
7986,58,1,0,0
7987,16,1,0,0
7988,22,1,0,0
7989,52,1,0,0
7990,81,1,0,0
7991,46,1,0,0
7992,96,1,0,0
7993,78,1,0,0
7994,198,1,0,0
7995,41,1,0,0
7996,78,1,0,0
7997,28,1,0,0
7998,25,1,0,0
7999,14,1,0,0
8000,120,1,0,0
8001,9,1,0,0
8002,136,1,0,0
8003,67,1,0,0
8004,106,1,0,0
8005,31,1,0,0
8006,13,1,0,0
8007,234,1,0,0
8008,91,1,0,0
8009,68,1,0,0
8010,125,1,0,0
8011,55,1,0,0
8012,161,1,0,0
8013,108,1,0,0
8014,16,1,0,0
8015,46,1,0,0
8016,119,1,0,0
8017,84,1,0,0
8018,239,1,0,0
8019,11,1,0,0
8020,89,1,0,0
8021,28,1,0,0
8022,90,1,0,0
8023,30,1,0,0
8024,183,1,0,0
8025,102,1,0,0
8026,56,1,0,0
8027,147,1,0,0
8028,17,1,0,0
8029,71,1,0,0
8030,99,1,0,0
8031,32,1,0,0
8032,121,1,0,0
8033,28,1,0,0
8034,29,1,0,0
8035,20,1,0,0
8036,41,1,0,0
8037,45,1,0,0
8038,28,1,0,0
8039,151,1,0,0
8040,57,1,0,0
8041,194,1,0,0
8042,65,1,0,0
8043,149,1,0,0
8044,50,1,0,0
8045,79,1,0,0
8046,60,1,0,0
8047,29,1,0,0
8048,52,1,0,0
8049,12,1,0,0
8050,38,1,0,0
8051,19,1,0,0
8052,56,1,0,0
8053,13,1,0,0
8054,44,1,0,0
8055,25,1,0,0
8056,112,1,0,0
8057,47,1,0,0
8058,39,1,0,0
8059,96,1,0,0
8060,11,1,0,0
8061,73,1,0,0
8062,37,1,0,0
8063,51,1,0,0
8064,82,1,0,0
8065,53,1,0,0
8066,63,1,0,0
8067,190,1,0,0
8068,48,1,0,0
8069,89,1,0,0
8070,98,1,0,0
8071,63,1,0,0
8072,35,1,0,0
8073,20,1,0,0
8074,25,1,0,0
8075,61,1,0,0
8076,68,1,0,0
8077,53,1,0,0
8078,95,1,0,0
8079,26,1,0,0
8080,46,1,0,0
8081,32,1,0,0
8082,196,1,0,0
8083,27,1,0,0
8084,14,1,0,0
8085,37,1,0,0
8086,14,1,0,0
8087,53,1,0,0
8088,40,1,0,0
8089,82,1,0,0
8090,37,1,0,0
8091,13,1,0,0
8092,61,1,0,0
8093,152,1,0,0
8094,28,1,0,0
8095,63,1,0,0
8096,31,1,0,0
8097,64,1,0,0
8098,77,1,0,0
8099,45,1,0,0
8100,109,1,0,0
8101,37,1,0,0
8102,46,1,0,0
8103,94,1,0,0
8104,131,1,0,0
8105,106,1,0,0
8106,47,1,0,0
8107,198,1,0,0
8108,117,1,0,0
8109,50,1,0,0
8110,66,1,0,0
8111,75,1,0,0
8112,86,1,0,0
8113,39,1,0,0
8114,48,1,0,0
8115,28,1,0,0
8116,41,1,0,0
8117,47,1,0,0
8118,17,1,0,0
8119,16,1,0,0
8120,143,1,0,0
8121,35,1,0,0
8122,68,1,0,0
8123,39,1,0,0
8124,76,1,0,0
8125,62,1,0,0
8126,26,1,0,0
8127,75,1,0,0
8128,110,1,0,0
8129,225,1,0,0
8130,17,1,0,0
8131,149,1,0,0
8132,31,1,0,0
8133,81,1,0,0
8134,62,1,0,0
8135,37,1,0,0
8136,180,1,0,0
8137,21,1,0,0
8138,42,1,0,0
8139,14,1,0,0
8140,48,1,0,0
8141,127,1,0,0
8142,28,1,0,0
8143,43,1,0,0
8144,67,1,0,0
8145,47,1,0,0
8146,82,1,0,0
8147,58,1,0,0
8148,43,1,0,0
8149,45,1,0,0
8150,161,1,0,0
8151,106,1,0,0
8152,133,1,0,0
8153,13,1,0,0
8154,77,1,0,0
8155,35,1,0,0
8156,24,1,0,0
8157,52,1,0,0
8158,133,1,0,0
8159,114,1,0,0
8160,84,1,0,0
8161,69,1,0,0
8162,91,1,0,0
8163,139,1,0,0
8164,202,1,0,0
8165,15,1,0,0
8166,45,1,0,0
8167,75,1,0,0
8168,16,1,0,0
8169,78,1,0,0
8170,113,1,0,0
8171,91,1,0,0
8172,123,1,0,0
8173,43,1,0,0
8174,140,1,0,0
8175,106,1,0,0
8176,60,1,0,0
8177,96,1,0,0
8178,23,1,0,0
8179,45,1,0,0
8180,94,1,0,0
8181,70,1,0,0
8182,80,1,0,0
8183,18,1,0,0
8184,60,1,0,0
8185,61,1,0,0
8186,68,1,0,0
8187,116,1,0,0
8188,37,1,0,0
8189,24,1,0,0
8190,90,1,0,0
8191,36,1,0,0
8192,94,1,0,0
8193,74,1,0,0
8194,61,1,0,0
8195,33,1,0,0
8196,63,1,0,0
8197,24,1,0,0
8198,35,1,0,0
8199,33,1,0,0
8200,27,1,0,0
8201,11,1,0,0
8202,16,1,0,0
8203,64,1,0,0
8204,18,1,0,0
8205,56,1,0,0
8206,64,1,0,0
8207,106,1,0,0
8208,261,1,0,0
8209,74,1,0,0
8210,132,1,0,0
8211,29,1,0,0
8212,49,1,0,0
8213,26,1,0,0
8214,28,1,0,0
8215,210,1,0,0
8216,134,1,0,0
8217,83,1,0,0
8218,72,1,0,0
8219,88,1,0,0
8220,45,1,0,0
8221,33,1,0,0
8222,79,1,0,0
8223,27,1,0,0
8224,162,1,0,0
8225,113,1,0,0
8226,25,1,0,0
8227,38,1,0,0
8228,73,1,0,0
8229,131,1,0,0
8230,20,1,0,0
8231,225,1,0,0
8232,202,1,0,0
8233,80,1,0,0
8234,19,1,0,0
8235,42,1,0,0
8236,43,1,0,0
8237,24,1,0,0
8238,113,1,0,0
8239,33,1,0,0
8240,131,1,0,0
8241,63,1,0,0
8242,84,1,0,0
8243,63,1,0,0
8244,42,1,0,0
8245,47,1,0,0
8246,64,1,0,0
8247,137,1,0,0
8248,47,1,0,0
8249,83,1,0,0
8250,286,1,0,0
8251,38,1,0,0
8252,34,1,0,0
8253,27,1,0,0
8254,118,1,0,0
8255,19,1,0,0
8256,82,1,0,0
8257,59,1,0,0
8258,45,1,0,0
8259,49,1,0,0
8260,18,1,0,0
8261,185,1,0,0
8262,48,1,0,0
8263,161,1,0,0
8264,25,1,0,0
8265,74,1,0,0
8266,70,1,0,0
8267,104,1,0,0
8268,25,1,0,0
8269,30,1,0,0
8270,69,1,0,0
8271,112,1,0,0
8272,84,1,0,0
8273,48,1,0,0
8274,46,1,0,0
8275,31,1,0,0
8276,76,1,0,0
8277,11,1,0,0
8278,92,1,0,0
8279,10,1,0,0
8280,74,1,0,0
8281,18,1,0,0
8282,42,1,0,0
8283,37,1,0,0
8284,7,1,0,0
8285,196,1,0,0
8286,112,1,0,0
8287,56,1,0,0
8288,71,1,0,0
8289,158,1,0,0
8290,132,1,0,0
8291,38,1,0,0
8292,37,1,0,0
8293,25,1,0,0
8294,15,1,0,0
8295,203,1,0,0
8296,48,1,0,0
8297,131,1,0,0
8298,100,1,0,0
8299,55,1,0,0
8300,57,1,0,0
8301,55,1,0,0
8302,109,1,0,0
8303,85,1,0,0
8304,41,1,0,0
8305,41,1,0,0
8306,101,1,0,0
8307,33,1,0,0
8308,92,1,0,0
8309,107,1,0,0
8310,94,1,0,0
8311,27,1,0,0
8312,34,1,0,0
8313,66,1,0,0
8314,151,1,0,0
8315,160,1,0,0
8316,65,1,0,0
8317,58,1,0,0
8318,113,1,0,0
8319,120,1,0,0
8320,122,1,0,0
8321,78,1,0,0
8322,44,1,0,0
8323,176,1,0,0
8324,57,1,0,0
8325,43,1,0,0
8326,82,1,0,0
8327,33,1,0,0
8328,62,1,0,0
8329,62,1,0,0
8330,41,1,0,0
8331,34,1,0,0
8332,36,1,0,0
8333,112,1,0,0
8334,105,1,0,0
8335,20,1,0,0
8336,63,1,0,0
8337,25,1,0,0
8338,25,1,0,0
8339,24,1,0,0
8340,36,1,0,0
8341,52,1,0,0
8342,24,1,0,0
8343,45,1,0,0
8344,75,1,0,0
8345,76,1,0,0
8346,92,1,0,0
8347,14,1,0,0
8348,145,1,0,0
8349,83,1,0,0
8350,49,1,0,0
8351,68,1,0,0
8352,61,1,0,0
8353,63,1,0,0
8354,51,1,0,0
8355,35,1,0,0
8356,18,1,0,0
8357,34,1,0,0
8358,21,1,0,0
8359,58,1,0,0
8360,54,1,0,0
8361,71,1,0,0
8362,79,1,0,0
8363,43,1,0,0
8364,45,1,0,0
8365,94,1,0,0
8366,28,1,0,0
8367,40,1,0,0
8368,29,1,0,0
8369,15,1,0,0
8370,22,1,0,0
8371,14,1,0,0
8372,79,1,0,0
8373,95,1,0,0
8374,49,1,0,0
8375,49,1,0,0
8376,27,1,0,0
8377,32,1,0,0
8378,74,1,0,0
8379,53,1,0,0
8380,29,1,0,0
8381,33,1,0,0
8382,197,1,0,0
8383,10,1,0,0
8384,15,1,0,0
8385,61,1,0,0
8386,27,1,0,0
8387,71,1,0,0
8388,28,1,0,0
8389,33,1,0,0
8390,54,1,0,0
8391,185,1,0,0
8392,22,1,0,0
8393,110,1,0,0
8394,25,1,0,0
8395,24,1,0,0
8396,67,1,0,0
8397,18,1,0,0
8398,156,1,0,0
8399,26,1,0,0
8400,124,1,0,0
8401,55,1,0,0
8402,101,1,0,0
8403,63,1,0,0
8404,59,1,0,0
8405,11,1,0,0
8406,39,1,0,0
8407,50,1,0,0
8408,90,1,0,0
8409,35,1,0,0
8410,20,1,0,0
8411,69,1,0,0
8412,47,1,0,0
8413,73,1,0,0
8414,122,1,0,0
8415,45,1,0,0
8416,69,1,0,0
8417,74,1,0,0
8418,40,1,0,0
8419,61,1,0,0
8420,31,1,0,0
8421,26,1,0,0
8422,77,1,0,0
8423,203,1,0,0
8424,90,1,0,0
8425,25,1,0,0
8426,80,1,0,0
8427,43,1,0,0
8428,49,1,0,0
8429,52,1,0,0
8430,21,1,0,0
8431,159,1,0,0
8432,20,1,0,0
8433,102,1,0,0
8434,71,1,0,0
8435,88,1,0,0
8436,94,1,0,0
8437,116,1,0,0
8438,123,1,0,0
8439,27,1,0,0
8440,52,1,0,0
8441,74,1,0,0
8442,23,1,0,0
8443,133,1,0,0
8444,68,1,0,0
8445,122,1,0,0
8446,68,1,0,0
8447,31,1,0,0
8448,171,1,0,0
8449,105,1,0,0
8450,153,1,0,0
8451,60,1,0,0
8452,89,1,0,0
8453,31,1,0,0
8454,113,1,0,0
8455,23,1,0,0
8456,37,1,0,0
8457,64,1,0,0
8458,161,1,0,0
8459,63,1,0,0
8460,95,1,0,0
8461,32,1,0,0
8462,105,1,0,0
8463,132,1,0,0
8464,40,1,0,0
8465,22,1,0,0
8466,98,1,0,0
8467,43,1,0,0
8468,92,1,0,0
8469,36,1,0,0
8470,190,1,0,0
8471,20,1,0,0
8472,77,1,0,0
8473,64,1,0,0
8474,38,1,0,0
8475,52,1,0,0
8476,19,1,0,0
8477,125,1,0,0
8478,188,1,0,0
8479,113,1,0,0
8480,79,1,0,0
8481,34,1,0,0
8482,47,1,0,0
8483,68,1,0,0
8484,160,1,0,0
8485,23,1,0,0
8486,77,1,0,0
8487,72,1,0,0
8488,92,1,0,0
8489,33,1,0,0
8490,25,1,0,0
8491,49,1,0,0
8492,158,1,0,0
8493,75,1,0,0
8494,15,1,0,0
8495,17,1,0,0
8496,93,1,0,0
8497,108,1,0,0
8498,107,1,0,0
8499,54,1,0,0
8500,54,1,0,0
8501,131,1,0,0
8502,101,1,0,0
8503,23,1,0,0
8504,9,1,0,0
8505,47,1,0,0
8506,18,1,0,0
8507,104,1,0,0
8508,84,1,0,0
8509,170,1,0,0
8510,35,1,0,0
8511,103,1,0,0
8512,34,1,0,0
8513,15,1,0,0
8514,94,1,0,0
8515,68,1,0,0
8516,30,1,0,0
8517,103,1,0,0
8518,50,1,0,0
8519,70,1,0,0
8520,61,1,0,0
8521,58,1,0,0
8522,78,1,0,0
8523,30,1,0,0
8524,44,1,0,0
8525,127,1,0,0
8526,13,1,0,0
8527,50,1,0,0
8528,39,1,0,0
8529,99,1,0,0
8530,60,1,0,0
8531,198,1,0,0
8532,47,1,0,0
8533,55,1,0,0
8534,55,1,0,0
8535,18,1,0,0
8536,206,1,0,0
8537,26,1,0,0
8538,67,1,0,0
8539,22,1,0,0
8540,162,1,0,0
8541,166,1,0,0
8542,13,1,0,0
8543,42,1,0,0
8544,27,1,0,0
8545,17,1,0,0
8546,64,1,0,0
8547,253,1,0,0
8548,30,1,0,0
8549,39,1,0,0
8550,56,1,0,0
8551,44,1,0,0
8552,62,1,0,0
8553,164,1,0,0
8554,103,1,0,0
8555,36,1,0,0
8556,27,1,0,0
8557,24,1,0,0
8558,77,1,0,0
8559,96,1,0,0
8560,25,1,0,0
8561,41,1,0,0
8562,194,1,0,0
8563,57,1,0,0
8564,39,1,0,0
8565,90,1,0,0
8566,43,1,0,0
8567,96,1,0,0
8568,50,1,0,0
8569,70,1,0,0
8570,123,1,0,0
8571,45,1,0,0
8572,93,1,0,0
8573,123,1,0,0
8574,40,1,0,0
8575,92,1,0,0
8576,70,1,0,0
8577,11,1,0,0
8578,72,1,0,0
8579,62,1,0,0
8580,51,1,0,0
8581,130,1,0,0
8582,50,1,0,0
8583,83,1,0,0
8584,78,1,0,0
8585,97,1,0,0
8586,100,1,0,0
8587,54,1,0,0
8588,7,1,0,0
8589,170,1,0,0
8590,37,1,0,0
8591,153,1,0,0
8592,71,1,0,0
8593,13,1,0,0
8594,43,1,0,0
8595,113,1,0,0
8596,10,1,0,0
8597,15,1,0,0
8598,24,1,0,0
8599,36,1,0,0
8600,77,1,0,0
8601,79,1,0,0
8602,21,1,0,0
8603,14,1,0,0
8604,42,1,0,0
8605,41,1,0,0
8606,7,1,0,0
8607,26,1,0,0
8608,77,1,0,0
8609,95,1,0,0
8610,9,1,0,0
8611,27,1,0,0
8612,114,1,0,0
8613,103,1,0,0
8614,143,1,0,0
8615,68,1,0,0
8616,17,1,0,0
8617,44,1,0,0
8618,64,1,0,0
8619,133,1,0,0
8620,28,1,0,0
8621,32,1,0,0
8622,44,1,0,0
8623,34,1,0,0
8624,17,1,0,0
8625,46,1,0,0
8626,63,1,0,0
8627,71,1,0,0
8628,32,1,0,0
8629,87,1,0,0
8630,46,1,0,0
8631,100,1,0,0
8632,46,1,0,0
8633,11,1,0,0
8634,34,1,0,0
8635,73,1,0,0
8636,158,1,0,0
8637,124,1,0,0
8638,154,1,0,0
8639,27,1,0,0
8640,74,1,0,0
8641,41,1,0,0
8642,105,1,0,0
8643,89,1,0,0
8644,28,1,0,0
8645,101,1,0,0
8646,18,1,0,0
8647,16,1,0,0
8648,66,1,0,0
8649,63,1,0,0
8650,25,1,0,0
8651,71,1,0,0
8652,97,1,0,0
8653,21,1,0,0
8654,51,1,0,0
8655,63,1,0,0
8656,20,1,0,0
8657,16,1,0,0
8658,66,1,0,0
8659,73,1,0,0
8660,53,1,0,0
8661,33,1,0,0
8662,98,1,0,0
8663,83,1,0,0
8664,32,1,0,0
8665,180,1,0,0
8666,23,1,0,0
8667,15,1,0,0
8668,56,1,0,0
8669,187,1,0,0
8670,18,1,0,0
8671,245,1,0,0
8672,144,1,0,0
8673,40,1,0,0
8674,146,1,0,0
8675,118,1,0,0
8676,107,1,0,0
8677,17,1,0,0
8678,58,1,0,0
8679,118,1,0,0
8680,51,1,0,0
8681,22,1,0,0
8682,114,1,0,0
8683,160,1,0,0
8684,50,1,0,0
8685,132,1,0,0
8686,11,1,0,0
8687,44,1,0,0
8688,142,1,0,0
8689,13,1,0,0
8690,101,1,0,0
8691,56,1,0,0
8692,79,1,0,0
8693,72,1,0,0
8694,106,1,0,0
8695,126,1,0,0
8696,67,1,0,0
8697,28,1,0,0
8698,7,1,0,0
8699,76,1,0,0
8700,32,1,0,0
8701,56,1,0,0
8702,26,1,0,0
8703,151,1,0,0
8704,31,1,0,0
8705,126,1,0,0
8706,100,1,0,0
8707,15,1,0,0
8708,79,1,0,0
8709,110,1,0,0
8710,43,1,0,0
8711,63,1,0,0
8712,107,1,0,0
8713,77,1,0,0
8714,58,1,0,0
8715,178,1,0,0
8716,217,1,0,0
8717,72,1,0,0
8718,40,1,0,0
8719,52,1,0,0
8720,81,1,0,0
8721,77,1,0,0
8722,63,1,0,0
8723,15,1,0,0
8724,66,1,0,0
8725,58,1,0,0
8726,114,1,0,0
8727,55,1,0,0
8728,121,1,0,0
8729,45,1,0,0
8730,117,1,0,0
8731,92,1,0,0
8732,94,1,0,0
8733,82,1,0,0
8734,53,1,0,0
8735,44,1,0,0
8736,50,1,0,0
8737,12,1,0,0
8738,28,1,0,0
8739,69,1,0,0
8740,81,1,0,0
8741,34,1,0,0
8742,93,1,0,0
8743,166,1,0,0
8744,91,1,0,0
8745,72,1,0,0
8746,18,1,0,0
8747,21,1,0,0
8748,65,1,0,0
8749,76,1,0,0
8750,28,1,0,0
8751,41,1,0,0
8752,23,1,0,0
8753,95,1,0,0
8754,85,1,0,0
8755,49,1,0,0
8756,45,1,0,0
8757,32,1,0,0
8758,124,1,0,0
8759,132,1,0,0
8760,71,1,0,0
8761,69,1,0,0
8762,69,1,0,0
8763,75,1,0,0
8764,45,1,0,0
8765,67,1,0,0
8766,34,1,0,0
8767,28,1,0,0
8768,28,1,0,0
8769,77,1,0,0
8770,112,1,0,0
8771,14,1,0,0
8772,94,1,0,0
8773,103,1,0,0
8774,54,1,0,0
8775,53,1,0,0
8776,68,1,0,0
8777,65,1,0,0
8778,124,1,0,0
8779,73,1,0,0
8780,123,1,0,0
8781,110,1,0,0
8782,156,1,0,0
8783,41,1,0,0
8784,95,1,0,0
8785,7,1,0,0
8786,14,1,0,0
8787,81,1,0,0
8788,81,1,0,0
8789,41,1,0,0
8790,79,1,0,0
8791,42,1,0,0
8792,25,1,0,0
8793,27,1,0,0
8794,25,1,0,0
8795,193,1,0,0
8796,179,1,0,0
8797,32,1,0,0
8798,40,1,0,0
8799,39,1,0,0
8800,74,1,0,0
8801,146,1,0,0
8802,34,1,0,0
8803,56,1,0,0
8804,55,1,0,0
8805,79,1,0,0
8806,41,1,0,0
8807,88,1,0,0
8808,144,1,0,0
8809,37,1,0,0
8810,70,1,0,0
8811,194,1,0,0
8812,84,1,0,0
8813,95,1,0,0
8814,108,1,0,0
8815,80,1,0,0
8816,11,1,0,0
8817,66,1,0,0
8818,30,1,0,0
8819,84,1,0,0
8820,93,1,0,0
8821,88,1,0,0
8822,73,1,0,0
8823,133,1,0,0
8824,40,1,0,0
8825,45,1,0,0
8826,110,1,0,0
8827,124,1,0,0
8828,80,1,0,0
8829,67,1,0,0
8830,105,1,0,0
8831,52,1,0,0
8832,85,1,0,0
8833,17,1,0,0
8834,82,1,0,0
8835,50,1,0,0
8836,57,1,0,0
8837,67,1,0,0
8838,46,1,0,0
8839,44,1,0,0
8840,121,1,0,0
8841,51,1,0,0
8842,56,1,0,0
8843,96,1,0,0
8844,97,1,0,0
8845,30,1,0,0
8846,49,1,0,0
8847,26,1,0,0
8848,39,1,0,0
8849,43,1,0,0
8850,30,1,0,0
8851,65,1,0,0
8852,72,1,0,0
8853,35,1,0,0
8854,22,1,0,0
8855,98,1,0,0
8856,69,1,0,0
8857,40,1,0,0
8858,50,1,0,0
8859,73,1,0,0
8860,43,1,0,0
8861,40,1,0,0
8862,146,1,0,0
8863,39,1,0,0
8864,29,1,0,0
8865,230,1,0,0
8866,51,1,0,0
8867,53,1,0,0
8868,24,1,0,0
8869,84,1,0,0
8870,68,1,0,0
8871,84,1,0,0
8872,189,1,0,0
8873,29,1,0,0
8874,20,1,0,0
8875,74,1,0,0
8876,110,1,0,0
8877,96,1,0,0
8878,70,1,0,0
8879,71,1,0,0
8880,80,1,0,0
8881,70,1,0,0
8882,22,1,0,0
8883,26,1,0,0
8884,51,1,0,0
8885,31,1,0,0
8886,75,1,0,0
8887,31,1,0,0
8888,48,1,0,0
8889,175,1,0,0
8890,17,1,0,0
8891,20,1,0,0
8892,20,1,0,0
8893,32,1,0,0
8894,116,1,0,0
8895,104,1,0,0
8896,30,1,0,0
8897,68,1,0,0
8898,34,1,0,0
8899,23,1,0,0
8900,32,1,0,0
8901,132,1,0,0
8902,41,1,0,0
8903,33,1,0,0
8904,124,1,0,0
8905,58,1,0,0
8906,74,1,0,0
8907,87,1,0,0
8908,30,1,0,0
8909,55,1,0,0
8910,55,1,0,0
8911,33,1,0,0
8912,38,1,0,0
8913,77,1,0,0
8914,15,1,0,0
8915,112,1,0,0
8916,21,1,0,0
8917,91,1,0,0
8918,13,1,0,0
8919,67,1,0,0
8920,83,1,0,0
8921,50,1,0,0
8922,16,1,0,0
8923,81,1,0,0
8924,175,1,0,0
8925,36,1,0,0
8926,239,1,0,0
8927,46,1,0,0
8928,92,1,0,0
8929,129,1,0,0
8930,38,1,0,0
8931,30,1,0,0
8932,58,1,0,0
8933,15,1,0,0
8934,29,1,0,0
8935,13,1,0,0
8936,67,1,0,0
8937,22,1,0,0
8938,58,1,0,0
8939,26,1,0,0
8940,45,1,0,0
8941,38,1,0,0
8942,51,1,0,0
8943,101,1,0,0
8944,71,1,0,0
8945,98,1,0,0
8946,140,1,0,0
8947,34,1,0,0
8948,49,1,0,0
8949,64,1,0,0
8950,16,1,0,0
8951,134,1,0,0
8952,41,1,0,0
8953,50,1,0,0
8954,20,1,0,0
8955,101,1,0,0
8956,140,1,0,0
8957,80,1,0,0
8958,210,1,0,0
8959,75,1,0,0
8960,25,1,0,0
8961,144,1,0,0
8962,24,1,0,0
8963,49,1,0,0
8964,96,1,0,0
8965,135,1,0,0
8966,36,1,0,0
8967,84,1,0,0
8968,55,1,0,0
8969,40,1,0,0
8970,50,1,0,0
8971,48,1,0,0
8972,14,1,0,0
8973,102,1,0,0
8974,67,1,0,0
8975,60,1,0,0
8976,21,1,0,0
8977,38,1,0,0
8978,91,1,0,0
8979,16,1,0,0
8980,85,1,0,0
8981,139,1,0,0
8982,121,1,0,0
8983,31,1,0,0
8984,178,1,0,0
8985,49,1,0,0
8986,67,1,0,0
8987,18,1,0,0
8988,81,1,0,0
8989,62,1,0,0
8990,100,1,0,0
8991,218,1,0,0
8992,67,1,0,0
8993,16,1,0,0
8994,45,1,0,0
8995,48,1,0,0
8996,45,1,0,0
8997,12,1,0,0
8998,17,1,0,0
8999,66,1,0,0
9000,69,1,0,0
9001,15,1,0,0
9002,63,1,0,0
9003,73,1,0,0
9004,83,1,0,0
9005,32,1,0,0
9006,162,1,0,0
9007,30,1,0,0
9008,32,1,0,0
9009,30,1,0,0
9010,114,1,0,0
9011,95,1,0,0
9012,162,1,0,0
9013,34,1,0,0
9014,79,1,0,0
9015,71,1,0,0
9016,35,1,0,0
9017,78,1,0,0
9018,54,1,0,0
9019,52,1,0,0
9020,43,1,0,0
9021,16,1,0,0
9022,38,1,0,0
9023,88,1,0,0
9024,7,1,0,0
9025,92,1,0,0
9026,132,1,0,0
9027,118,1,0,0
9028,66,1,0,0
9029,148,1,0,0
9030,28,1,0,0
9031,80,1,0,0
9032,58,1,0,0
9033,80,1,0,0
9034,45,1,0,0
9035,29,1,0,0
9036,80,1,0,0
9037,19,1,0,0
9038,16,1,0,0
9039,122,1,0,0
9040,178,1,0,0
9041,38,1,0,0
9042,26,1,0,0
9043,25,1,0,0
9044,26,1,0,0
9045,164,1,0,0
9046,53,1,0,0
9047,175,1,0,0
9048,160,1,0,0
9049,159,1,0,0
9050,98,1,0,0
9051,112,1,0,0
9052,21,1,0,0
9053,142,1,0,0
9054,52,1,0,0
9055,13,1,0,0
9056,151,1,0,0
9057,123,1,0,0
9058,61,1,0,0
9059,276,1,0,0
9060,37,1,0,0
9061,22,1,0,0
9062,143,1,0,0
9063,81,1,0,0
9064,81,1,0,0
9065,56,1,0,0
9066,79,1,0,0
9067,129,1,0,0
9068,131,1,0,0
9069,81,1,0,0
9070,111,1,0,0
9071,38,1,0,0
9072,65,1,0,0
9073,46,1,0,0
9074,17,1,0,0
9075,46,1,0,0
9076,15,1,0,0
9077,153,1,0,0
9078,12,1,0,0
9079,47,1,0,0
9080,32,1,0,0
9081,81,1,0,0
9082,32,1,0,0
9083,58,1,0,0
9084,41,1,0,0
9085,79,1,0,0
9086,32,1,0,0
9087,21,1,0,0
9088,176,1,0,0
9089,45,1,0,0
9090,296,1,0,0
9091,175,1,0,0
9092,106,1,0,0
9093,45,1,0,0
9094,9,1,0,0
9095,27,1,0,0
9096,118,1,0,0
9097,77,1,0,0
9098,30,1,0,0
9099,28,1,0,0
9100,25,1,0,0
9101,39,1,0,0
9102,56,1,0,0
9103,12,1,0,0
9104,40,1,0,0
9105,29,1,0,0
9106,30,1,0,0
9107,42,1,0,0
9108,103,1,0,0
9109,84,1,0,0
9110,62,1,0,0
9111,21,1,0,0
9112,28,1,0,0
9113,89,1,0,0
9114,19,1,0,0
9115,99,1,0,0
9116,49,1,0,0
9117,80,1,0,0
9118,94,1,0,0
9119,139,1,0,0
9120,76,1,0,0
9121,86,1,0,0
9122,31,1,0,0
9123,34,1,0,0
9124,38,1,0,0
9125,131,1,0,0
9126,177,1,0,0
9127,150,1,0,0
9128,157,1,0,0
9129,108,1,0,0
9130,72,1,0,0
9131,20,1,0,0
9132,95,1,0,0
9133,67,1,0,0
9134,38,1,0,0
9135,59,1,0,0
9136,20,1,0,0
9137,62,1,0,0
9138,38,1,0,0
9139,26,1,0,0
9140,42,1,0,0
9141,43,1,0,0
9142,168,1,0,0
9143,131,1,0,0
9144,34,1,0,0
9145,42,1,0,0
9146,78,1,0,0
9147,129,1,0,0
9148,21,1,0,0
9149,81,1,0,0
9150,27,1,0,0
9151,45,1,0,0
9152,55,1,0,0
9153,29,1,0,0
9154,43,1,0,0
9155,154,1,0,0
9156,107,1,0,0
9157,12,1,0,0
9158,29,1,0,0
9159,91,1,0,0
9160,156,1,0,0
9161,91,1,0,0
9162,59,1,0,0
9163,10,1,0,0
9164,29,1,0,0
9165,122,1,0,0
9166,138,1,0,0
9167,18,1,0,0
9168,75,1,0,0
9169,48,1,0,0
9170,97,1,0,0
9171,19,1,0,0
9172,53,1,0,0
9173,57,1,0,0
9174,54,1,0,0
9175,116,1,0,0
9176,102,1,0,0
9177,170,1,0,0
9178,224,1,0,0
9179,38,1,0,0
9180,20,1,0,0
9181,61,1,0,0
9182,52,1,0,0
9183,29,1,0,0
9184,87,1,0,0
9185,134,1,0,0
9186,50,1,0,0
9187,92,1,0,0
9188,61,1,0,0
9189,12,1,0,0
9190,8,1,0,0
9191,20,1,0,0
9192,17,1,0,0
9193,25,1,0,0
9194,30,1,0,0
9195,61,1,0,0
9196,77,1,0,0
9197,33,1,0,0
9198,29,1,0,0
9199,57,1,0,0
9200,37,1,0,0
9201,168,1,0,0
9202,101,1,0,0
9203,162,1,0,0
9204,83,1,0,0
9205,44,1,0,0
9206,29,1,0,0
9207,54,1,0,0
9208,35,1,0,0
9209,33,1,0,0
9210,50,1,0,0
9211,81,1,0,0
9212,58,1,0,0
9213,91,1,0,0
9214,19,1,0,0
9215,197,1,0,0
9216,28,1,0,0
9217,95,1,0,0
9218,80,1,0,0
9219,75,1,0,0
9220,109,1,0,0
9221,25,1,0,0
9222,121,1,0,0
9223,124,1,0,0
9224,22,1,0,0
9225,67,1,0,0
9226,168,1,0,0
9227,28,1,0,0
9228,51,1,0,0
9229,47,1,0,0
9230,27,1,0,0
9231,28,1,0,0
9232,72,1,0,0
9233,55,1,0,0
9234,18,1,0,0
9235,158,1,0,0
9236,112,1,0,0
9237,117,1,0,0
9238,46,1,0,0
9239,91,1,0,0
9240,19,1,0,0
9241,109,1,0,0
9242,68,1,0,0
9243,167,1,0,0
9244,70,1,0,0
9245,128,1,0,0
9246,61,1,0,0
9247,30,1,0,0
9248,63,1,0,0
9249,97,1,0,0
9250,67,1,0,0
9251,88,1,0,0
9252,50,1,0,0
9253,53,1,0,0
9254,58,1,0,0
9255,193,1,0,0
9256,110,1,0,0
9257,41,1,0,0
9258,67,1,0,0
9259,76,1,0,0
9260,104,1,0,0
9261,43,1,0,0
9262,41,1,0,0
9263,39,1,0,0
9264,20,1,0,0
9265,36,1,0,0
9266,56,1,0,0
9267,35,1,0,0
9268,137,1,0,0
9269,132,1,0,0
9270,24,1,0,0
9271,238,1,0,0
9272,33,1,0,0
9273,109,1,0,0
9274,46,1,0,0
9275,61,1,0,0
9276,37,1,0,0
9277,18,1,0,0
9278,87,1,0,0
9279,17,1,0,0
9280,77,1,0,0
9281,151,1,0,0
9282,71,1,0,0
9283,96,1,0,0
9284,97,1,0,0
9285,66,1,0,0
9286,34,1,0,0
9287,54,1,0,0
9288,35,1,0,0
9289,70,1,0,0
9290,12,1,0,0
9291,106,1,0,0
9292,38,1,0,0
9293,104,1,0,0
9294,40,1,0,0
9295,83,1,0,0
9296,76,1,0,0
9297,99,1,0,0
9298,41,1,0,0
9299,99,1,0,0
9300,71,1,0,0
9301,63,1,0,0
9302,118,1,0,0
9303,51,1,0,0
9304,61,1,0,0
9305,40,1,0,0
9306,56,1,0,0
9307,51,1,0,0
9308,99,1,0,0
9309,21,1,0,0
9310,65,1,0,0
9311,17,1,0,0
9312,157,1,0,0
9313,29,1,0,0
9314,25,1,0,0
9315,107,1,0,0
9316,66,1,0,0
9317,82,1,0,0
9318,45,1,0,0
9319,12,1,0,0
9320,44,1,0,0
9321,22,1,0,0
9322,152,1,0,0
9323,54,1,0,0
9324,90,1,0,0
9325,83,1,0,0
9326,106,1,0,0
9327,40,1,0,0
9328,32,1,0,0
9329,49,1,0,0
9330,114,1,0,0
9331,38,1,0,0
9332,117,1,0,0
9333,90,1,0,0
9334,40,1,0,0
9335,28,1,0,0
9336,76,1,0,0
9337,35,1,0,0
9338,96,1,0,0
9339,62,1,0,0
9340,71,1,0,0
9341,119,1,0,0
9342,74,1,0,0
9343,45,1,0,0
9344,74,1,0,0
9345,179,1,0,0
9346,49,1,0,0
9347,50,1,0,0
9348,23,1,0,0
9349,132,1,0,0
9350,42,1,0,0
9351,158,1,0,0
9352,56,1,0,0
9353,49,1,0,0
9354,41,1,0,0
9355,109,1,0,0
9356,49,1,0,0
9357,86,1,0,0
9358,161,1,0,0
9359,251,1,0,0
9360,70,1,0,0
9361,33,1,0,0
9362,57,1,0,0
9363,88,1,0,0
9364,21,1,0,0
9365,68,1,0,0
9366,46,1,0,0
9367,59,1,0,0
9368,103,1,0,0
9369,14,1,0,0
9370,15,1,0,0
9371,36,1,0,0
9372,85,1,0,0
9373,76,1,0,0
9374,58,1,0,0
9375,96,1,0,0
9376,111,1,0,0
9377,20,1,0,0
9378,81,1,0,0
9379,35,1,0,0
9380,53,1,0,0
9381,50,1,0,0
9382,23,1,0,0
9383,30,1,0,0
9384,50,1,0,0
9385,9,1,0,0
9386,12,1,0,0
9387,31,1,0,0
9388,60,1,0,0
9389,151,1,0,0
9390,15,1,0,0
9391,47,1,0,0
9392,65,1,0,0
9393,81,1,0,0
9394,135,1,0,0
9395,38,1,0,0
9396,91,1,0,0
9397,56,1,0,0
9398,22,1,0,0
9399,7,1,0,0
9400,38,1,0,0
9401,90,1,0,0
9402,42,1,0,0
9403,91,1,0,0
9404,42,1,0,0
9405,60,1,0,0
9406,28,1,0,0
9407,89,1,0,0
9408,28,1,0,0
9409,119,1,0,0
9410,78,1,0,0
9411,26,1,0,0
9412,131,1,0,0
9413,149,1,0,0
9414,49,1,0,0
9415,34,1,0,0
9416,34,1,0,0
9417,35,1,0,0
9418,16,1,0,0
9419,98,1,0,0
9420,82,1,0,0
9421,16,1,0,0
9422,100,1,0,0
9423,18,1,0,0
9424,80,1,0,0
9425,89,1,0,0
9426,93,1,0,0
9427,77,1,0,0
9428,124,1,0,0
9429,74,1,0,0
9430,68,1,0,0
9431,93,1,0,0
9432,59,1,0,0
9433,29,1,0,0
9434,71,1,0,0
9435,25,1,0,0
9436,29,1,0,0
9437,78,1,0,0
9438,88,1,0,0
9439,62,1,0,0
9440,98,1,0,0
9441,76,1,0,0
9442,70,1,0,0
9443,55,1,0,0
9444,58,1,0,0
9445,93,1,0,0
9446,77,1,0,0
9447,77,1,0,0
9448,13,1,0,0
9449,14,1,0,0
9450,20,1,0,0
9451,94,1,0,0
9452,244,1,0,0
9453,92,1,0,0
9454,118,1,0,0
9455,66,1,0,0
9456,94,1,0,0
9457,107,1,0,0
9458,47,1,0,0
9459,67,1,0,0
9460,31,1,0,0
9461,63,1,0,0
9462,28,1,0,0
9463,41,1,0,0
9464,68,1,0,0
9465,127,1,0,0
9466,129,1,0,0
9467,22,1,0,0
9468,72,1,0,0
9469,17,1,0,0
9470,30,1,0,0
9471,51,1,0,0
9472,62,1,0,0
9473,212,1,0,0
9474,23,1,0,0
9475,98,1,0,0
9476,53,1,0,0
9477,89,1,0,0
9478,89,1,0,0
9479,63,1,0,0
9480,29,1,0,0
9481,73,1,0,0
9482,60,1,0,0
9483,105,1,0,0
9484,23,1,0,0
9485,97,1,0,0
9486,99,1,0,0
9487,92,1,0,0
9488,121,1,0,0
9489,52,1,0,0
9490,17,1,0,0
9491,173,1,0,0
9492,50,1,0,0
9493,104,1,0,0
9494,129,1,0,0
9495,92,1,0,0
9496,55,1,0,0
9497,44,1,0,0
9498,204,1,0,0
9499,66,1,0,0
9500,152,1,0,0
9501,71,1,0,0
9502,37,1,0,0
9503,68,1,0,0
9504,50,1,0,0
9505,154,1,0,0
9506,31,1,0,0
9507,129,1,0,0
9508,58,1,0,0
9509,52,1,0,0
9510,87,1,0,0
9511,24,1,0,0
9512,32,1,0,0
9513,46,1,0,0
9514,33,1,0,0
9515,25,1,0,0
9516,42,1,0,0
9517,157,1,0,0
9518,140,1,0,0
9519,76,1,0,0
9520,46,1,0,0
9521,55,1,0,0
9522,117,1,0,0
9523,65,1,0,0
9524,41,1,0,0
9525,36,1,0,0
9526,19,1,0,0
9527,23,1,0,0
9528,23,1,0,0
9529,93,1,0,0
9530,29,1,0,0
9531,117,1,0,0
9532,111,1,0,0
9533,148,1,0,0
9534,47,1,0,0
9535,40,1,0,0
9536,45,1,0,0
9537,13,1,0,0
9538,99,1,0,0
9539,44,1,0,0
9540,14,1,0,0
9541,33,1,0,0
9542,35,1,0,0
9543,19,1,0,0
9544,77,1,0,0
9545,20,1,0,0
9546,108,1,0,0
9547,21,1,0,0
9548,120,1,0,0
9549,30,1,0,0
9550,22,1,0,0
9551,211,1,0,0
9552,41,1,0,0
9553,86,1,0,0
9554,13,1,0,0
9555,124,1,0,0
9556,20,1,0,0
9557,61,1,0,0
9558,140,1,0,0
9559,40,1,0,0
9560,82,1,0,0
9561,115,1,0,0
9562,78,1,0,0
9563,79,1,0,0
9564,66,1,0,0
9565,142,1,0,0
9566,27,1,0,0
9567,18,1,0,0
9568,41,1,0,0
9569,25,1,0,0
9570,131,1,0,0
9571,136,1,0,0
9572,81,1,0,0
9573,50,1,0,0
9574,62,1,0,0
9575,41,1,0,0
9576,47,1,0,0
9577,35,1,0,0
9578,36,1,0,0
9579,171,1,0,0
9580,62,1,0,0
9581,101,1,0,0
9582,27,1,0,0
9583,23,1,0,0
9584,47,1,0,0
9585,103,1,0,0
9586,37,1,0,0
9587,23,1,0,0
9588,37,1,0,0
9589,23,1,0,0
9590,202,1,0,0
9591,78,1,0,0
9592,31,1,0,0
9593,52,1,0,0
9594,75,1,0,0
9595,81,1,0,0
9596,17,1,0,0
9597,134,1,0,0
9598,18,1,0,0
9599,59,1,0,0
9600,64,1,0,0
9601,50,1,0,0
9602,55,1,0,0
9603,33,1,0,0
9604,121,1,0,0
9605,24,1,0,0
9606,112,1,0,0
9607,96,1,0,0
9608,175,1,0,0
9609,48,1,0,0
9610,111,1,0,0
9611,72,1,0,0
9612,94,1,0,0
9613,50,1,0,0
9614,21,1,0,0
9615,37,1,0,0
9616,40,1,0,0
9617,41,1,0,0
9618,42,1,0,0
9619,59,1,0,0
9620,62,1,0,0
9621,62,1,0,0
9622,61,1,0,0
9623,21,1,0,0
9624,53,1,0,0
9625,29,1,0,0
9626,50,1,0,0
9627,123,1,0,0
9628,93,1,0,0
9629,127,1,0,0
9630,15,1,0,0
9631,152,1,0,0
9632,91,1,0,0
9633,96,1,0,0
9634,34,1,0,0
9635,48,1,0,0
9636,109,1,0,0
9637,48,1,0,0
9638,85,1,0,0
9639,64,1,0,0
9640,57,1,0,0
9641,109,1,0,0
9642,103,1,0,0
9643,106,1,0,0
9644,77,1,0,0
9645,76,1,0,0
9646,139,1,0,0
9647,56,1,0,0
9648,47,1,0,0
9649,43,1,0,0
9650,41,1,0,0
9651,91,1,0,0
9652,52,1,0,0
9653,164,1,0,0
9654,29,1,0,0
9655,75,1,0,0
9656,145,1,0,0
9657,40,1,0,0
9658,109,1,0,0
9659,15,1,0,0
9660,42,1,0,0
9661,46,1,0,0
9662,51,1,0,0
9663,15,1,0,0
9664,59,1,0,0
9665,107,1,0,0
9666,17,1,0,0
9667,38,1,0,0
9668,113,1,0,0
9669,33,1,0,0
9670,60,1,0,0
9671,55,1,0,0
9672,27,1,0,0
9673,142,1,0,0
9674,54,1,0,0
9675,47,1,0,0
9676,115,1,0,0
9677,25,1,0,0
9678,26,1,0,0
9679,37,1,0,0
9680,47,1,0,0
9681,15,1,0,0
9682,100,1,0,0
9683,101,1,0,0
9684,103,1,0,0
9685,38,1,0,0
9686,51,1,0,0
9687,29,1,0,0
9688,189,1,0,0
9689,71,1,0,0
9690,42,1,0,0
9691,14,1,0,0
9692,17,1,0,0
9693,21,1,0,0
9694,84,1,0,0
9695,54,1,0,0
9696,32,1,0,0
9697,27,1,0,0
9698,54,1,0,0
9699,54,1,0,0
9700,130,1,0,0
9701,24,1,0,0
9702,57,1,0,0
9703,47,1,0,0
9704,45,1,0,0
9705,125,1,0,0
9706,60,1,0,0
9707,25,1,0,0
9708,35,1,0,0
9709,77,1,0,0
9710,84,1,0,0
9711,39,1,0,0
9712,16,1,0,0
9713,110,1,0,0
9714,52,1,0,0
9715,66,1,0,0
9716,64,1,0,0
9717,63,1,0,0
9718,139,1,0,0
9719,37,1,0,0
9720,38,1,0,0
9721,92,1,0,0
9722,51,1,0,0
9723,139,1,0,0
9724,62,1,0,0
9725,79,1,0,0
9726,40,1,0,0
9727,38,1,0,0
9728,139,1,0,0
9729,11,1,0,0
9730,62,1,0,0
9731,177,1,0,0
9732,69,1,0,0
9733,53,1,0,0
9734,110,1,0,0
9735,85,1,0,0
9736,164,1,0,0
9737,156,1,0,0
9738,73,1,0,0
9739,155,1,0,0
9740,27,1,0,0
9741,40,1,0,0
9742,83,1,0,0
9743,105,1,0,0
9744,15,1,0,0
9745,46,1,0,0
9746,26,1,0,0
9747,66,1,0,0
9748,17,1,0,0
9749,22,1,0,0
9750,15,1,0,0
9751,50,1,0,0
9752,31,1,0,0
9753,137,1,0,0
9754,164,1,0,0
9755,61,1,0,0
9756,42,1,0,0
9757,83,1,0,0
9758,118,1,0,0
9759,93,1,0,0
9760,178,1,0,0
9761,118,1,0,0
9762,54,1,0,0
9763,54,1,0,0
9764,91,1,0,0
9765,113,1,0,0
9766,47,1,0,0
9767,53,1,0,0
9768,106,1,0,0
9769,33,1,0,0
9770,105,1,0,0
9771,144,1,0,0
9772,24,1,0,0
9773,52,1,0,0
9774,40,1,0,0
9775,10,1,0,0
9776,31,1,0,0
9777,93,1,0,0
9778,37,1,0,0
9779,38,1,0,0
9780,95,1,0,0
9781,111,1,0,0
9782,21,1,0,0
9783,16,1,0,0
9784,73,1,0,0
9785,104,1,0,0
9786,106,1,0,0
9787,45,1,0,0
9788,66,1,0,0
9789,114,1,0,0
9790,59,1,0,0
9791,95,1,0,0
9792,173,1,0,0
9793,57,1,0,0
9794,61,1,0,0
9795,120,1,0,0
9796,18,1,0,0
9797,94,1,0,0
9798,73,1,0,0
9799,122,1,0,0
9800,15,1,0,0
9801,69,1,0,0
9802,180,1,0,0
9803,43,1,0,0
9804,154,1,0,0
9805,47,1,0,0
9806,107,1,0,0
9807,42,1,0,0
9808,15,1,0,0
9809,114,1,0,0
9810,75,1,0,0
9811,57,1,0,0
9812,14,1,0,0
9813,60,1,0,0
9814,47,1,0,0
9815,49,1,0,0
9816,61,1,0,0
9817,24,1,0,0
9818,69,1,0,0
9819,118,1,0,0
9820,79,1,0,0
9821,33,1,0,0
9822,26,1,0,0
9823,53,1,0,0
9824,118,1,0,0
9825,155,1,0,0
9826,8,1,0,0
9827,23,1,0,0
9828,37,1,0,0
9829,96,1,0,0
9830,46,1,0,0
9831,68,1,0,0
9832,83,1,0,0
9833,10,1,0,0
9834,46,1,0,0
9835,97,1,0,0
9836,11,1,0,0
9837,20,1,0,0
9838,12,1,0,0
9839,100,1,0,0
9840,46,1,0,0
9841,181,1,0,0
9842,48,1,0,0
9843,64,1,0,0
9844,22,1,0,0
9845,108,1,0,0
9846,90,1,0,0
9847,31,1,0,0
9848,31,1,0,0
9849,41,1,0,0
9850,24,1,0,0
9851,54,1,0,0
9852,38,1,0,0
9853,35,1,0,0
9854,61,1,0,0
9855,17,1,0,0
9856,36,1,0,0
9857,26,1,0,0
9858,211,1,0,0
9859,35,1,0,0
9860,75,1,0,0
9861,33,1,0,0
9862,152,1,0,0
9863,56,1,0,0
9864,46,1,0,0
9865,26,1,0,0
9866,45,1,0,0
9867,45,1,0,0
9868,12,1,0,0
9869,56,1,0,0
9870,36,1,0,0
9871,51,1,0,0
9872,21,1,0,0
9873,51,1,0,0
9874,27,1,0,0
9875,29,1,0,0
9876,101,1,0,0
9877,11,1,0,0
9878,70,1,0,0
9879,85,1,0,0
9880,36,1,0,0
9881,84,1,0,0
9882,130,1,0,0
9883,90,1,0,0
9884,236,1,0,0
9885,60,1,0,0
9886,15,1,0,0
9887,34,1,0,0
9888,49,1,0,0
9889,19,1,0,0
9890,21,1,0,0
9891,13,1,0,0
9892,67,1,0,0
9893,58,1,0,0
9894,15,1,0,0
9895,141,1,0,0
9896,44,1,0,0
9897,23,1,0,0
9898,28,1,0,0
9899,84,1,0,0
9900,48,1,0,0
9901,31,1,0,0
9902,95,1,0,0
9903,73,1,0,0
9904,30,1,0,0
9905,14,1,0,0
9906,77,1,0,0
9907,71,1,0,0
9908,109,1,0,0
9909,118,1,0,0
9910,62,1,0,0
9911,50,1,0,0
9912,53,1,0,0
9913,27,1,0,0
9914,73,1,0,0
9915,68,1,0,0
9916,23,1,0,0
9917,99,1,0,0
9918,122,1,0,0
9919,57,1,0,0
9920,122,1,0,0
9921,71,1,0,0
9922,41,1,0,0
9923,44,1,0,0
9924,34,1,0,0
9925,69,1,0,0
9926,35,1,0,0
9927,183,1,0,0
9928,64,1,0,0
9929,23,1,0,0
9930,66,1,0,0
9931,76,1,0,0
9932,153,1,0,0
9933,41,1,0,0
9934,23,1,0,0
9935,18,1,0,0
9936,10,1,0,0
9937,58,1,0,0
9938,45,1,0,0
9939,94,1,0,0
9940,195,1,0,0
9941,78,1,0,0
9942,24,1,0,0
9943,56,1,0,0
9944,41,1,0,0
9945,45,1,0,0
9946,43,1,0,0
9947,29,1,0,0
9948,141,1,0,0
9949,62,1,0,0
9950,73,1,0,0
9951,40,1,0,0
9952,104,1,0,0
9953,81,1,0,0
9954,32,1,0,0
9955,77,1,0,0
9956,11,1,0,0
9957,44,1,0,0
9958,41,1,0,0
9959,112,1,0,0
9960,50,1,0,0
9961,129,1,0,0
9962,42,1,0,0
9963,42,1,0,0
9964,22,1,0,0
9965,87,1,0,0
9966,199,1,0,0
9967,52,1,0,0
9968,90,1,0,0
9969,33,1,0,0
9970,69,1,0,0
9971,120,1,0,0
9972,36,1,0,0
9973,40,1,0,0
9974,45,1,0,0
9975,136,1,0,0
9976,53,1,0,0
9977,14,1,0,0
9978,86,1,0,0
9979,271,1,0,0
9980,16,1,0,0
9981,71,1,0,0
9982,19,1,0,0
9983,108,1,0,0
9984,91,1,0,0
9985,26,1,0,0
9986,227,1,0,0
9987,46,1,0,0
9988,27,1,0,0
9989,163,1,0,0
9990,30,1,0,0
9991,41,1,0,0
9992,35,1,0,0
9993,26,1,0,0
9994,126,1,0,0
9995,118,1,0,0
9996,135,1,0,0
9997,55,1,0,0
9998,15,1,0,0
9999,28,1,0,0
