trial,final_step,trapped,contact_dead,boundary_dead
0,34,1,0,0
1,95,1,0,0
2,111,1,0,0
3,51,1,0,0
4,39,1,0,0
5,63,1,0,0
6,94,1,0,0
7,113,1,0,0
8,72,1,0,0
9,47,1,0,0
10,40,1,0,0
11,44,1,0,0
12,21,1,0,0
13,122,1,0,0
14,17,1,0,0
15,67,1,0,0
16,23,1,0,0
17,222,1,0,0
18,28,1,0,0
19,52,1,0,0
20,48,1,0,0
21,35,1,0,0
22,21,1,0,0
23,154,1,0,0
24,33,1,0,0
25,141,1,0,0
26,34,1,0,0
27,121,1,0,0
28,23,1,0,0
29,23,1,0,0
30,40,1,0,0
31,33,1,0,0
32,25,1,0,0
33,136,1,0,0
34,57,1,0,0
35,47,1,0,0
36,63,1,0,0
37,20,1,0,0
38,82,1,0,0
39,39,1,0,0
40,147,1,0,0
41,36,1,0,0
42,42,1,0,0
43,18,1,0,0
44,30,1,0,0
45,49,1,0,0
46,46,1,0,0
47,28,1,0,0
48,179,1,0,0
49,18,1,0,0
50,18,1,0,0
51,36,1,0,0
52,99,1,0,0
53,76,1,0,0
54,22,1,0,0
55,24,1,0,0
56,72,1,0,0
57,33,1,0,0
58,65,1,0,0
59,30,1,0,0
60,82,1,0,0
61,73,1,0,0
62,93,1,0,0
63,190,1,0,0
64,93,1,0,0
65,218,1,0,0
66,111,1,0,0
67,38,1,0,0
68,80,1,0,0
69,132,1,0,0
70,65,1,0,0
71,12,1,0,0
72,102,1,0,0
73,17,1,0,0
74,143,1,0,0
75,50,1,0,0
76,41,1,0,0
77,59,1,0,0
78,132,1,0,0
79,34,1,0,0
80,44,1,0,0
81,84,1,0,0
82,20,1,0,0
83,53,1,0,0
84,22,1,0,0
85,17,1,0,0
86,101,1,0,0
87,151,1,0,0
88,7,1,0,0
89,32,1,0,0
90,83,1,0,0
91,32,1,0,0
92,101,1,0,0
93,16,1,0,0
94,150,1,0,0
95,68,1,0,0
96,36,1,0,0
97,61,1,0,0
98,146,1,0,0
99,54,1,0,0
100,82,1,0,0
101,87,1,0,0
102,100,1,0,0
103,44,1,0,0
104,63,1,0,0
105,81,1,0,0
106,123,1,0,0
107,88,1,0,0
108,37,1,0,0
109,118,1,0,0
110,133,1,0,0
111,53,1,0,0
112,21,1,0,0
113,27,1,0,0
114,39,1,0,0
115,40,1,0,0
116,80,1,0,0
117,112,1,0,0
118,63,1,0,0
119,35,1,0,0
120,44,1,0,0
121,49,1,0,0
122,64,1,0,0
123,21,1,0,0
124,98,1,0,0
125,17,1,0,0
126,93,1,0,0
127,49,1,0,0
128,102,1,0,0
129,46,1,0,0
130,167,1,0,0
131,76,1,0,0
132,89,1,0,0
133,81,1,0,0
134,41,1,0,0
135,71,1,0,0
136,30,1,0,0
137,195,1,0,0
138,42,1,0,0
139,67,1,0,0
140,145,1,0,0
141,134,1,0,0
142,40,1,0,0
143,50,1,0,0
144,29,1,0,0
145,69,1,0,0
146,15,1,0,0
147,78,1,0,0
148,78,1,0,0
149,11,1,0,0
150,18,1,0,0
151,73,1,0,0
152,64,1,0,0
153,97,1,0,0
154,61,1,0,0
155,51,1,0,0
156,128,1,0,0
157,111,1,0,0
158,134,1,0,0
159,17,1,0,0
160,72,1,0,0
161,108,1,0,0
162,51,1,0,0
163,32,1,0,0
164,31,1,0,0
165,17,1,0,0
166,39,1,0,0
167,32,1,0,0
168,57,1,0,0
169,28,1,0,0
170,26,1,0,0
171,92,1,0,0
172,45,1,0,0
173,202,1,0,0
174,47,1,0,0
175,27,1,0,0
176,63,1,0,0
177,21,1,0,0
178,28,1,0,0
179,148,1,0,0
180,221,1,0,0
181,82,1,0,0
182,37,1,0,0
183,40,1,0,0
184,82,1,0,0
185,101,1,0,0
186,17,1,0,0
187,183,1,0,0
188,10,1,0,0
189,14,1,0,0
190,49,1,0,0
191,22,1,0,0
192,72,1,0,0
193,8,1,0,0
194,32,1,0,0
195,40,1,0,0
196,71,1,0,0
197,67,1,0,0
198,86,1,0,0
199,54,1,0,0
200,84,1,0,0
201,28,1,0,0
202,47,1,0,0
203,78,1,0,0
204,42,1,0,0
205,47,1,0,0
206,19,1,0,0
207,131,1,0,0
208,83,1,0,0
209,112,1,0,0
210,37,1,0,0
211,29,1,0,0
212,25,1,0,0
213,131,1,0,0
214,59,1,0,0
215,35,1,0,0
216,123,1,0,0
217,17,1,0,0
218,127,1,0,0
219,100,1,0,0
220,46,1,0,0
221,50,1,0,0
222,73,1,0,0
223,104,1,0,0
224,57,1,0,0
225,62,1,0,0
226,38,1,0,0
227,47,1,0,0
228,11,1,0,0
229,22,1,0,0
230,110,1,0,0
231,49,1,0,0
232,70,1,0,0
233,12,1,0,0
234,26,1,0,0
235,71,1,0,0
236,32,1,0,0
237,63,1,0,0
238,29,1,0,0
239,136,1,0,0
240,46,1,0,0
241,23,1,0,0
242,87,1,0,0
243,20,1,0,0
244,32,1,0,0
245,92,1,0,0
246,105,1,0,0
247,170,1,0,0
248,56,1,0,0
249,86,1,0,0
250,110,1,0,0
251,26,1,0,0
252,71,1,0,0
253,77,1,0,0
254,189,1,0,0
255,113,1,0,0
256,44,1,0,0
257,42,1,0,0
258,67,1,0,0
259,75,1,0,0
260,121,1,0,0
261,173,1,0,0
262,15,1,0,0
263,21,1,0,0
264,145,1,0,0
265,43,1,0,0
266,22,1,0,0
267,109,1,0,0
268,13,1,0,0
269,38,1,0,0
270,77,1,0,0
271,18,1,0,0
272,93,1,0,0
273,28,1,0,0
274,8,1,0,0
275,83,1,0,0
276,17,1,0,0
277,24,1,0,0
278,157,1,0,0
279,45,1,0,0
280,68,1,0,0
281,93,1,0,0
282,60,1,0,0
283,217,1,0,0
284,19,1,0,0
285,70,1,0,0
286,23,1,0,0
287,206,1,0,0
288,51,1,0,0
289,37,1,0,0
290,23,1,0,0
291,46,1,0,0
292,91,1,0,0
293,67,1,0,0
294,31,1,0,0
295,72,1,0,0
296,99,1,0,0
297,102,1,0,0
298,45,1,0,0
299,45,1,0,0
300,140,1,0,0
301,38,1,0,0
302,137,1,0,0
303,9,1,0,0
304,24,1,0,0
305,24,1,0,0
306,45,1,0,0
307,84,1,0,0
308,79,1,0,0
309,20,1,0,0
310,125,1,0,0
311,61,1,0,0
312,109,1,0,0
313,116,1,0,0
314,114,1,0,0
315,56,1,0,0
316,42,1,0,0
317,149,1,0,0
318,30,1,0,0
319,40,1,0,0
320,162,1,0,0
321,71,1,0,0
322,72,1,0,0
323,54,1,0,0
324,35,1,0,0
325,61,1,0,0
326,29,1,0,0
327,52,1,0,0
328,67,1,0,0
329,34,1,0,0
330,46,1,0,0
331,53,1,0,0
332,26,1,0,0
333,58,1,0,0
334,14,1,0,0
335,38,1,0,0
336,83,1,0,0
337,105,1,0,0
338,47,1,0,0
339,61,1,0,0
340,108,1,0,0
341,69,1,0,0
342,27,1,0,0
343,69,1,0,0
344,57,1,0,0
345,69,1,0,0
346,44,1,0,0
347,86,1,0,0
348,126,1,0,0
349,94,1,0,0
350,30,1,0,0
351,23,1,0,0
352,71,1,0,0
353,48,1,0,0
354,48,1,0,0
355,27,1,0,0
356,63,1,0,0
357,98,1,0,0
358,98,1,0,0
359,126,1,0,0
360,21,1,0,0
361,127,1,0,0
362,223,1,0,0
363,30,1,0,0
364,16,1,0,0
365,59,1,0,0
366,40,1,0,0
367,42,1,0,0
368,10,1,0,0
369,113,1,0,0
370,214,1,0,0
371,63,1,0,0
372,18,1,0,0
373,69,1,0,0
374,52,1,0,0
375,16,1,0,0
376,16,1,0,0
377,38,1,0,0
378,29,1,0,0
379,11,1,0,0
380,46,1,0,0
381,52,1,0,0
382,82,1,0,0
383,186,1,0,0
384,130,1,0,0
385,15,1,0,0
386,35,1,0,0
387,145,1,0,0
388,124,1,0,0
389,111,1,0,0
390,33,1,0,0
391,164,1,0,0
392,31,1,0,0
393,114,1,0,0
394,76,1,0,0
395,69,1,0,0
396,71,1,0,0
397,173,1,0,0
398,40,1,0,0
399,189,1,0,0
400,76,1,0,0
401,31,1,0,0
402,42,1,0,0
403,92,1,0,0
404,26,1,0,0
405,77,1,0,0
406,41,1,0,0
407,76,1,0,0
408,38,1,0,0
409,90,1,0,0
410,64,1,0,0
411,18,1,0,0
412,137,1,0,0
413,55,1,0,0
414,126,1,0,0
415,24,1,0,0
416,66,1,0,0
417,76,1,0,0
418,87,1,0,0
419,42,1,0,0
420,107,1,0,0
421,53,1,0,0
422,148,1,0,0
423,57,1,0,0
424,11,1,0,0
425,129,1,0,0
426,105,1,0,0
427,50,1,0,0
428,75,1,0,0
429,49,1,0,0
430,37,1,0,0
431,27,1,0,0
432,21,1,0,0
433,39,1,0,0
434,125,1,0,0
435,13,1,0,0
436,101,1,0,0
437,137,1,0,0
438,123,1,0,0
439,113,1,0,0
440,19,1,0,0
441,35,1,0,0
442,117,1,0,0
443,45,1,0,0
444,162,1,0,0
445,23,1,0,0
446,48,1,0,0
447,59,1,0,0
448,45,1,0,0
449,86,1,0,0
450,38,1,0,0
451,56,1,0,0
452,108,1,0,0
453,32,1,0,0
454,64,1,0,0
455,82,1,0,0
456,91,1,0,0
457,33,1,0,0
458,32,1,0,0
459,84,1,0,0
460,57,1,0,0
461,99,1,0,0
462,26,1,0,0
463,78,1,0,0
464,255,1,0,0
465,137,1,0,0
466,79,1,0,0
467,26,1,0,0
468,69,1,0,0
469,19,1,0,0
470,64,1,0,0
471,28,1,0,0
472,19,1,0,0
473,105,1,0,0
474,55,1,0,0
475,86,1,0,0
476,26,1,0,0
477,45,1,0,0
478,52,1,0,0
479,126,1,0,0
480,31,1,0,0
481,137,1,0,0
482,60,1,0,0
483,77,1,0,0
484,40,1,0,0
485,93,1,0,0
486,91,1,0,0
487,56,1,0,0
488,29,1,0,0
489,18,1,0,0
490,67,1,0,0
491,30,1,0,0
492,21,1,0,0
493,19,1,0,0
494,117,1,0,0
495,78,1,0,0
496,42,1,0,0
497,91,1,0,0
498,79,1,0,0
499,171,1,0,0
500,40,1,0,0
501,200,1,0,0
502,83,1,0,0
503,68,1,0,0
504,91,1,0,0
505,36,1,0,0
506,77,1,0,0
507,92,1,0,0
508,86,1,0,0
509,63,1,0,0
510,9,1,0,0
511,69,1,0,0
512,13,1,0,0
513,49,1,0,0
514,123,1,0,0
515,88,1,0,0
516,106,1,0,0
517,57,1,0,0
518,47,1,0,0
519,123,1,0,0
520,16,1,0,0
521,70,1,0,0
522,94,1,0,0
523,44,1,0,0
524,121,1,0,0
525,59,1,0,0
526,22,1,0,0
527,27,1,0,0
528,76,1,0,0
529,84,1,0,0
530,51,1,0,0
531,106,1,0,0
532,18,1,0,0
533,77,1,0,0
534,97,1,0,0
535,44,1,0,0
536,26,1,0,0
537,112,1,0,0
538,50,1,0,0
539,79,1,0,0
540,90,1,0,0
541,106,1,0,0
542,52,1,0,0
543,31,1,0,0
544,98,1,0,0
545,122,1,0,0
546,135,1,0,0
547,82,1,0,0
548,36,1,0,0
549,65,1,0,0
550,75,1,0,0
551,53,1,0,0
552,27,1,0,0
553,119,1,0,0
554,167,1,0,0
555,25,1,0,0
556,103,1,0,0
557,36,1,0,0
558,92,1,0,0
559,191,1,0,0
560,52,1,0,0
561,65,1,0,0
562,100,1,0,0
563,65,1,0,0
564,11,1,0,0
565,89,1,0,0
566,59,1,0,0
567,96,1,0,0
568,67,1,0,0
569,46,1,0,0
570,52,1,0,0
571,27,1,0,0
572,61,1,0,0
573,212,1,0,0
574,122,1,0,0
575,104,1,0,0
576,68,1,0,0
577,89,1,0,0
578,35,1,0,0
579,93,1,0,0
580,48,1,0,0
581,53,1,0,0
582,12,1,0,0
583,28,1,0,0
584,117,1,0,0
585,10,1,0,0
586,48,1,0,0
587,39,1,0,0
588,55,1,0,0
589,40,1,0,0
590,19,1,0,0
591,67,1,0,0
592,70,1,0,0
593,116,1,0,0
594,29,1,0,0
595,151,1,0,0
596,18,1,0,0
597,40,1,0,0
598,45,1,0,0
599,35,1,0,0
600,87,1,0,0
601,35,1,0,0
602,46,1,0,0
603,73,1,0,0
604,34,1,0,0
605,80,1,0,0
606,19,1,0,0
607,72,1,0,0
608,32,1,0,0
609,42,1,0,0
610,42,1,0,0
611,31,1,0,0
612,155,1,0,0
613,81,1,0,0
614,83,1,0,0
615,65,1,0,0
616,35,1,0,0
617,19,1,0,0
618,113,1,0,0
619,131,1,0,0
620,45,1,0,0
621,18,1,0,0
622,53,1,0,0
623,76,1,0,0
624,143,1,0,0
625,100,1,0,0
626,52,1,0,0
627,79,1,0,0
628,53,1,0,0
629,104,1,0,0
630,18,1,0,0
631,70,1,0,0
632,53,1,0,0
633,95,1,0,0
634,78,1,0,0
635,63,1,0,0
636,98,1,0,0
637,54,1,0,0
638,39,1,0,0
639,50,1,0,0
640,80,1,0,0
641,12,1,0,0
642,137,1,0,0
643,46,1,0,0
644,89,1,0,0
645,20,1,0,0
646,111,1,0,0
647,56,1,0,0
648,59,1,0,0
649,59,1,0,0
650,157,1,0,0
651,97,1,0,0
652,55,1,0,0
653,124,1,0,0
654,52,1,0,0
655,54,1,0,0
656,19,1,0,0
657,64,1,0,0
658,42,1,0,0
659,119,1,0,0
660,11,1,0,0
661,43,1,0,0
662,72,1,0,0
663,56,1,0,0
664,39,1,0,0
665,138,1,0,0
666,90,1,0,0
667,138,1,0,0
668,42,1,0,0
669,139,1,0,0
670,151,1,0,0
671,34,1,0,0
672,124,1,0,0
673,44,1,0,0
674,116,1,0,0
675,18,1,0,0
676,56,1,0,0
677,55,1,0,0
678,57,1,0,0
679,78,1,0,0
680,93,1,0,0
681,137,1,0,0
682,85,1,0,0
683,30,1,0,0
684,23,1,0,0
685,74,1,0,0
686,108,1,0,0
687,64,1,0,0
688,68,1,0,0
689,144,1,0,0
690,41,1,0,0
691,7,1,0,0
692,41,1,0,0
693,148,1,0,0
694,66,1,0,0
695,24,1,0,0
696,106,1,0,0
697,60,1,0,0
698,10,1,0,0
699,73,1,0,0
700,102,1,0,0
701,101,1,0,0
702,93,1,0,0
703,36,1,0,0
704,134,1,0,0
705,59,1,0,0
706,43,1,0,0
707,47,1,0,0
708,17,1,0,0
709,184,1,0,0
710,61,1,0,0
711,29,1,0,0
712,34,1,0,0
713,56,1,0,0
714,41,1,0,0
715,72,1,0,0
716,30,1,0,0
717,177,1,0,0
718,98,1,0,0
719,23,1,0,0
720,105,1,0,0
721,47,1,0,0
722,172,1,0,0
723,87,1,0,0
724,125,1,0,0
725,43,1,0,0
726,135,1,0,0
727,43,1,0,0
728,36,1,0,0
729,23,1,0,0
730,120,1,0,0
731,37,1,0,0
732,157,1,0,0
733,55,1,0,0
734,30,1,0,0
735,42,1,0,0
736,48,1,0,0
737,81,1,0,0
738,48,1,0,0
739,18,1,0,0
740,113,1,0,0
741,114,1,0,0
742,27,1,0,0
743,80,1,0,0
744,20,1,0,0
745,69,1,0,0
746,106,1,0,0
747,15,1,0,0
748,76,1,0,0
749,54,1,0,0
750,31,1,0,0
751,19,1,0,0
752,167,1,0,0
753,38,1,0,0
754,110,1,0,0
755,159,1,0,0
756,38,1,0,0
757,47,1,0,0
758,142,1,0,0
759,78,1,0,0
760,90,1,0,0
761,55,1,0,0
762,256,1,0,0
763,17,1,0,0
764,19,1,0,0
765,12,1,0,0
766,30,1,0,0
767,144,1,0,0
768,29,1,0,0
769,80,1,0,0
770,32,1,0,0
771,157,1,0,0
772,204,1,0,0
773,72,1,0,0
774,44,1,0,0
775,127,1,0,0
776,77,1,0,0
777,168,1,0,0
778,110,1,0,0
779,125,1,0,0
780,170,1,0,0
781,24,1,0,0
782,79,1,0,0
783,82,1,0,0
784,148,1,0,0
785,148,1,0,0
786,185,1,0,0
787,69,1,0,0
788,40,1,0,0
789,33,1,0,0
790,86,1,0,0
791,27,1,0,0
792,35,1,0,0
793,40,1,0,0
794,45,1,0,0
795,47,1,0,0
796,77,1,0,0
797,125,1,0,0
798,119,1,0,0
799,59,1,0,0
800,62,1,0,0
801,86,1,0,0
802,71,1,0,0
803,129,1,0,0
804,82,1,0,0
805,92,1,0,0
806,52,1,0,0
807,51,1,0,0
808,67,1,0,0
809,48,1,0,0
810,190,1,0,0
811,93,1,0,0
812,86,1,0,0
813,254,1,0,0
814,74,1,0,0
815,15,1,0,0
816,34,1,0,0
817,67,1,0,0
818,33,1,0,0
819,97,1,0,0
820,41,1,0,0
821,56,1,0,0
822,40,1,0,0
823,184,1,0,0
824,74,1,0,0
825,74,1,0,0
826,31,1,0,0
827,66,1,0,0
828,99,1,0,0
829,107,1,0,0
830,76,1,0,0
831,48,1,0,0
832,86,1,0,0
833,86,1,0,0
834,122,1,0,0
835,86,1,0,0
836,25,1,0,0
837,34,1,0,0
838,42,1,0,0
839,54,1,0,0
840,68,1,0,0
841,11,1,0,0
842,146,1,0,0
843,35,1,0,0
844,47,1,0,0
845,142,1,0,0
846,98,1,0,0
847,30,1,0,0
848,70,1,0,0
849,65,1,0,0
850,131,1,0,0
851,75,1,0,0
852,13,1,0,0
853,41,1,0,0
854,26,1,0,0
855,38,1,0,0
856,88,1,0,0
857,17,1,0,0
858,129,1,0,0
859,23,1,0,0
860,56,1,0,0
861,57,1,0,0
862,143,1,0,0
863,125,1,0,0
864,56,1,0,0
865,207,1,0,0
866,40,1,0,0
867,47,1,0,0
868,117,1,0,0
869,79,1,0,0
870,82,1,0,0
871,24,1,0,0
872,84,1,0,0
873,61,1,0,0
874,38,1,0,0
875,43,1,0,0
876,113,1,0,0
877,31,1,0,0
878,90,1,0,0
879,28,1,0,0
880,44,1,0,0
881,137,1,0,0
882,50,1,0,0
883,80,1,0,0
884,20,1,0,0
885,45,1,0,0
886,47,1,0,0
887,62,1,0,0
888,59,1,0,0
889,76,1,0,0
890,90,1,0,0
891,48,1,0,0
892,47,1,0,0
893,21,1,0,0
894,18,1,0,0
895,12,1,0,0
896,192,1,0,0
897,39,1,0,0
898,24,1,0,0
899,66,1,0,0
900,32,1,0,0
901,67,1,0,0
902,150,1,0,0
903,18,1,0,0
904,121,1,0,0
905,26,1,0,0
906,103,1,0,0
907,75,1,0,0
908,81,1,0,0
909,41,1,0,0
910,205,1,0,0
911,31,1,0,0
912,111,1,0,0
913,123,1,0,0
914,37,1,0,0
915,34,1,0,0
916,33,1,0,0
917,79,1,0,0
918,117,1,0,0
919,20,1,0,0
920,54,1,0,0
921,46,1,0,0
922,65,1,0,0
923,49,1,0,0
924,37,1,0,0
925,114,1,0,0
926,43,1,0,0
927,18,1,0,0
928,52,1,0,0
929,21,1,0,0
930,58,1,0,0
931,104,1,0,0
932,58,1,0,0
933,27,1,0,0
934,84,1,0,0
935,11,1,0,0
936,24,1,0,0
937,161,1,0,0
938,69,1,0,0
939,122,1,0,0
940,71,1,0,0
941,86,1,0,0
942,152,1,0,0
943,11,1,0,0
944,19,1,0,0
945,28,1,0,0
946,88,1,0,0
947,39,1,0,0
948,13,1,0,0
949,23,1,0,0
950,43,1,0,0
951,87,1,0,0
952,34,1,0,0
953,80,1,0,0
954,66,1,0,0
955,46,1,0,0
956,51,1,0,0
957,27,1,0,0
958,43,1,0,0
959,103,1,0,0
960,38,1,0,0
961,29,1,0,0
962,74,1,0,0
963,31,1,0,0
964,144,1,0,0
965,11,1,0,0
966,48,1,0,0
967,43,1,0,0
968,43,1,0,0
969,26,1,0,0
970,105,1,0,0
971,67,1,0,0
972,72,1,0,0
973,130,1,0,0
974,97,1,0,0
975,73,1,0,0
976,43,1,0,0
977,54,1,0,0
978,176,1,0,0
979,98,1,0,0
980,65,1,0,0
981,107,1,0,0
982,90,1,0,0
983,78,1,0,0
984,45,1,0,0
985,56,1,0,0
986,45,1,0,0
987,40,1,0,0
988,173,1,0,0
989,15,1,0,0
990,42,1,0,0
991,190,1,0,0
992,51,1,0,0
993,28,1,0,0
994,122,1,0,0
995,15,1,0,0
996,53,1,0,0
997,52,1,0,0
998,165,1,0,0
999,128,1,0,0
1000,64,1,0,0
1001,39,1,0,0
1002,73,1,0,0
1003,151,1,0,0
1004,109,1,0,0
1005,24,1,0,0
1006,107,1,0,0
1007,44,1,0,0
1008,23,1,0,0
1009,168,1,0,0
1010,48,1,0,0
1011,15,1,0,0
1012,14,1,0,0
1013,60,1,0,0
1014,134,1,0,0
1015,26,1,0,0
1016,57,1,0,0
1017,8,1,0,0
1018,48,1,0,0
1019,94,1,0,0
1020,75,1,0,0
1021,194,1,0,0
1022,130,1,0,0
1023,49,1,0,0
1024,64,1,0,0
1025,90,1,0,0
1026,66,1,0,0
1027,96,1,0,0
1028,33,1,0,0
1029,30,1,0,0
1030,48,1,0,0
1031,38,1,0,0
1032,21,1,0,0
1033,221,1,0,0
1034,44,1,0,0
1035,91,1,0,0
1036,28,1,0,0
1037,121,1,0,0
1038,84,1,0,0
1039,15,1,0,0
1040,177,1,0,0
1041,59,1,0,0
1042,28,1,0,0
1043,139,1,0,0
1044,95,1,0,0
1045,80,1,0,0
1046,31,1,0,0
1047,60,1,0,0
1048,36,1,0,0
1049,137,1,0,0
1050,15,1,0,0
1051,68,1,0,0
1052,32,1,0,0
1053,20,1,0,0
1054,45,1,0,0
1055,110,1,0,0
1056,24,1,0,0
1057,44,1,0,0
1058,16,1,0,0
1059,20,1,0,0
1060,58,1,0,0
1061,29,1,0,0
1062,36,1,0,0
1063,51,1,0,0
1064,84,1,0,0
1065,72,1,0,0
1066,37,1,0,0
1067,139,1,0,0
1068,94,1,0,0
1069,75,1,0,0
1070,61,1,0,0
1071,58,1,0,0
1072,26,1,0,0
1073,55,1,0,0
1074,35,1,0,0
1075,102,1,0,0
1076,52,1,0,0
1077,33,1,0,0
1078,10,1,0,0
1079,56,1,0,0
1080,88,1,0,0
1081,18,1,0,0
1082,23,1,0,0
1083,13,1,0,0
1084,188,1,0,0
1085,57,1,0,0
1086,18,1,0,0
1087,37,1,0,0
1088,46,1,0,0
1089,120,1,0,0
1090,70,1,0,0
1091,73,1,0,0
1092,41,1,0,0
1093,28,1,0,0
1094,38,1,0,0
1095,194,1,0,0
1096,122,1,0,0
1097,75,1,0,0
1098,26,1,0,0
1099,190,1,0,0
1100,278,1,0,0
1101,85,1,0,0
1102,101,1,0,0
1103,51,1,0,0
1104,22,1,0,0
1105,80,1,0,0
1106,18,1,0,0
1107,153,1,0,0
1108,48,1,0,0
1109,35,1,0,0
1110,188,1,0,0
1111,27,1,0,0
1112,108,1,0,0
1113,28,1,0,0
1114,88,1,0,0
1115,64,1,0,0
1116,54,1,0,0
1117,215,1,0,0
1118,100,1,0,0
1119,70,1,0,0
1120,132,1,0,0
1121,67,1,0,0
1122,14,1,0,0
1123,107,1,0,0
1124,81,1,0,0
1125,58,1,0,0
1126,159,1,0,0
1127,11,1,0,0
1128,97,1,0,0
1129,42,1,0,0
1130,24,1,0,0
1131,72,1,0,0
1132,36,1,0,0
1133,40,1,0,0
1134,33,1,0,0
1135,54,1,0,0
1136,18,1,0,0
1137,15,1,0,0
1138,46,1,0,0
1139,23,1,0,0
1140,42,1,0,0
1141,26,1,0,0
1142,16,1,0,0
1143,21,1,0,0
1144,70,1,0,0
1145,56,1,0,0
1146,32,1,0,0
1147,365,1,0,0
1148,49,1,0,0
1149,99,1,0,0
1150,33,1,0,0
1151,10,1,0,0
1152,30,1,0,0
1153,145,1,0,0
1154,134,1,0,0
1155,220,1,0,0
1156,110,1,0,0
1157,9,1,0,0
1158,44,1,0,0
1159,37,1,0,0
1160,67,1,0,0
1161,75,1,0,0
1162,19,1,0,0
1163,16,1,0,0
1164,75,1,0,0
1165,45,1,0,0
1166,156,1,0,0
1167,63,1,0,0
1168,176,1,0,0
1169,138,1,0,0
1170,80,1,0,0
1171,64,1,0,0
1172,30,1,0,0
1173,19,1,0,0
1174,108,1,0,0
1175,116,1,0,0
1176,57,1,0,0
1177,80,1,0,0
1178,70,1,0,0
1179,89,1,0,0
1180,43,1,0,0
1181,25,1,0,0
1182,64,1,0,0
1183,42,1,0,0
1184,70,1,0,0
1185,28,1,0,0
1186,73,1,0,0
1187,71,1,0,0
1188,117,1,0,0
1189,31,1,0,0
1190,23,1,0,0
1191,32,1,0,0
1192,11,1,0,0
1193,66,1,0,0
1194,129,1,0,0
1195,101,1,0,0
1196,10,1,0,0
1197,53,1,0,0
1198,97,1,0,0
1199,36,1,0,0
1200,32,1,0,0
1201,46,1,0,0
1202,88,1,0,0
1203,54,1,0,0
1204,24,1,0,0
1205,80,1,0,0
1206,55,1,0,0
1207,63,1,0,0
1208,43,1,0,0
1209,76,1,0,0
1210,50,1,0,0
1211,18,1,0,0
1212,54,1,0,0
1213,66,1,0,0
1214,160,1,0,0
1215,87,1,0,0
1216,150,1,0,0
1217,28,1,0,0
1218,58,1,0,0
1219,68,1,0,0
1220,89,1,0,0
1221,146,1,0,0
1222,59,1,0,0
1223,98,1,0,0
1224,29,1,0,0
1225,108,1,0,0
1226,111,1,0,0
1227,37,1,0,0
1228,29,1,0,0
1229,28,1,0,0
1230,133,1,0,0
1231,37,1,0,0
1232,85,1,0,0
1233,17,1,0,0
1234,46,1,0,0
1235,57,1,0,0
1236,30,1,0,0
1237,54,1,0,0
1238,113,1,0,0
1239,20,1,0,0
1240,25,1,0,0
1241,16,1,0,0
1242,63,1,0,0
1243,50,1,0,0
1244,34,1,0,0
1245,63,1,0,0
1246,99,1,0,0
1247,92,1,0,0
1248,36,1,0,0
1249,178,1,0,0
1250,224,1,0,0
1251,22,1,0,0
1252,22,1,0,0
1253,38,1,0,0
1254,107,1,0,0
1255,75,1,0,0
1256,52,1,0,0
1257,20,1,0,0
1258,44,1,0,0
1259,141,1,0,0
1260,69,1,0,0
1261,30,1,0,0
1262,15,1,0,0
1263,45,1,0,0
1264,42,1,0,0
1265,144,1,0,0
1266,138,1,0,0
1267,128,1,0,0
1268,37,1,0,0
1269,83,1,0,0
1270,23,1,0,0
1271,31,1,0,0
1272,10,1,0,0
1273,11,1,0,0
1274,73,1,0,0
1275,48,1,0,0
1276,29,1,0,0
1277,68,1,0,0
1278,41,1,0,0
1279,107,1,0,0
1280,42,1,0,0
1281,21,1,0,0
1282,98,1,0,0
1283,138,1,0,0
1284,85,1,0,0
1285,63,1,0,0
1286,114,1,0,0
1287,65,1,0,0
1288,100,1,0,0
1289,12,1,0,0
1290,67,1,0,0
1291,96,1,0,0
1292,198,1,0,0
1293,61,1,0,0
1294,72,1,0,0
1295,57,1,0,0
1296,115,1,0,0
1297,131,1,0,0
1298,40,1,0,0
1299,110,1,0,0
1300,38,1,0,0
1301,120,1,0,0
1302,63,1,0,0
1303,17,1,0,0
1304,79,1,0,0
1305,64,1,0,0
1306,105,1,0,0
1307,19,1,0,0
1308,103,1,0,0
1309,106,1,0,0
1310,96,1,0,0
1311,18,1,0,0
1312,170,1,0,0
1313,140,1,0,0
1314,89,1,0,0
1315,47,1,0,0
1316,29,1,0,0
1317,18,1,0,0
1318,19,1,0,0
1319,17,1,0,0
1320,89,1,0,0
1321,35,1,0,0
1322,102,1,0,0
1323,79,1,0,0
1324,98,1,0,0
1325,74,1,0,0
1326,17,1,0,0
1327,48,1,0,0
1328,44,1,0,0
1329,67,1,0,0
1330,121,1,0,0
1331,94,1,0,0
1332,64,1,0,0
1333,33,1,0,0
1334,154,1,0,0
1335,149,1,0,0
1336,57,1,0,0
1337,41,1,0,0
1338,46,1,0,0
1339,217,1,0,0
1340,60,1,0,0
1341,23,1,0,0
1342,51,1,0,0
1343,20,1,0,0
1344,46,1,0,0
1345,169,1,0,0
1346,20,1,0,0
1347,61,1,0,0
1348,19,1,0,0
1349,82,1,0,0
1350,176,1,0,0
1351,32,1,0,0
1352,23,1,0,0
1353,26,1,0,0
1354,59,1,0,0
1355,44,1,0,0
1356,68,1,0,0
1357,137,1,0,0
1358,79,1,0,0
1359,254,1,0,0
1360,81,1,0,0
1361,69,1,0,0
1362,203,1,0,0
1363,28,1,0,0
1364,83,1,0,0
1365,48,1,0,0
1366,27,1,0,0
1367,103,1,0,0
1368,22,1,0,0
1369,83,1,0,0
1370,20,1,0,0
1371,59,1,0,0
1372,22,1,0,0
1373,25,1,0,0
1374,65,1,0,0
1375,41,1,0,0
1376,80,1,0,0
1377,63,1,0,0
1378,185,1,0,0
1379,34,1,0,0
1380,28,1,0,0
1381,68,1,0,0
1382,75,1,0,0
1383,7,1,0,0
1384,36,1,0,0
1385,53,1,0,0
1386,14,1,0,0
1387,63,1,0,0
1388,86,1,0,0
1389,34,1,0,0
1390,44,1,0,0
1391,35,1,0,0
1392,34,1,0,0
1393,64,1,0,0
1394,41,1,0,0
1395,130,1,0,0
1396,31,1,0,0
1397,39,1,0,0
1398,12,1,0,0
1399,68,1,0,0
1400,98,1,0,0
1401,84,1,0,0
1402,106,1,0,0
1403,17,1,0,0
1404,78,1,0,0
1405,141,1,0,0
1406,96,1,0,0
1407,41,1,0,0
1408,28,1,0,0
1409,37,1,0,0
1410,36,1,0,0
1411,95,1,0,0
1412,50,1,0,0
1413,136,1,0,0
1414,146,1,0,0
1415,129,1,0,0
1416,139,1,0,0
1417,99,1,0,0
1418,68,1,0,0
1419,52,1,0,0
1420,31,1,0,0
1421,57,1,0,0
1422,60,1,0,0
1423,108,1,0,0
1424,200,1,0,0
1425,26,1,0,0
1426,36,1,0,0
1427,83,1,0,0
1428,30,1,0,0
1429,31,1,0,0
1430,28,1,0,0
1431,29,1,0,0
1432,18,1,0,0
1433,108,1,0,0
1434,73,1,0,0
1435,104,1,0,0
1436,129,1,0,0
1437,27,1,0,0
1438,82,1,0,0
1439,57,1,0,0
1440,34,1,0,0
1441,21,1,0,0
1442,65,1,0,0
1443,71,1,0,0
1444,119,1,0,0
1445,98,1,0,0
1446,18,1,0,0
1447,84,1,0,0
1448,21,1,0,0
1449,70,1,0,0
1450,73,1,0,0
1451,55,1,0,0
1452,77,1,0,0
1453,46,1,0,0
1454,82,1,0,0
1455,27,1,0,0
1456,52,1,0,0
1457,38,1,0,0
1458,47,1,0,0
1459,19,1,0,0
1460,43,1,0,0
1461,167,1,0,0
1462,14,1,0,0
1463,22,1,0,0
1464,52,1,0,0
1465,61,1,0,0
1466,81,1,0,0
1467,64,1,0,0
1468,89,1,0,0
1469,57,1,0,0
1470,58,1,0,0
1471,42,1,0,0
1472,87,1,0,0
1473,95,1,0,0
1474,81,1,0,0
1475,79,1,0,0
1476,84,1,0,0
1477,81,1,0,0
1478,110,1,0,0
1479,48,1,0,0
1480,166,1,0,0
1481,183,1,0,0
1482,52,1,0,0
1483,52,1,0,0
1484,36,1,0,0
1485,27,1,0,0
1486,219,1,0,0
1487,49,1,0,0
1488,90,1,0,0
1489,87,1,0,0
1490,192,1,0,0
1491,72,1,0,0
1492,55,1,0,0
1493,42,1,0,0
1494,55,1,0,0
1495,57,1,0,0
1496,23,1,0,0
1497,65,1,0,0
1498,81,1,0,0
1499,39,1,0,0
1500,58,1,0,0
1501,106,1,0,0
1502,63,1,0,0
1503,39,1,0,0
1504,36,1,0,0
1505,30,1,0,0
1506,40,1,0,0
1507,34,1,0,0
1508,60,1,0,0
1509,61,1,0,0
1510,33,1,0,0
1511,55,1,0,0
1512,30,1,0,0
1513,42,1,0,0
1514,134,1,0,0
1515,57,1,0,0
1516,75,1,0,0
1517,35,1,0,0
1518,71,1,0,0
1519,43,1,0,0
1520,24,1,0,0
1521,120,1,0,0
1522,100,1,0,0
1523,39,1,0,0
1524,33,1,0,0
1525,162,1,0,0
1526,32,1,0,0
1527,67,1,0,0
1528,17,1,0,0
1529,31,1,0,0
1530,112,1,0,0
1531,69,1,0,0
1532,43,1,0,0
1533,27,1,0,0
1534,187,1,0,0
1535,98,1,0,0
1536,59,1,0,0
1537,25,1,0,0
1538,47,1,0,0
1539,42,1,0,0
1540,109,1,0,0
1541,182,1,0,0
1542,52,1,0,0
1543,76,1,0,0
1544,44,1,0,0
1545,55,1,0,0
1546,37,1,0,0
1547,21,1,0,0
1548,53,1,0,0
1549,32,1,0,0
1550,63,1,0,0
1551,148,1,0,0
1552,45,1,0,0
1553,113,1,0,0
1554,45,1,0,0
1555,63,1,0,0
1556,110,1,0,0
1557,82,1,0,0
1558,20,1,0,0
1559,72,1,0,0
1560,200,1,0,0
1561,94,1,0,0
1562,38,1,0,0
1563,123,1,0,0
1564,69,1,0,0
1565,50,1,0,0
1566,59,1,0,0
1567,19,1,0,0
1568,52,1,0,0
1569,36,1,0,0
1570,224,1,0,0
1571,51,1,0,0
1572,141,1,0,0
1573,56,1,0,0
1574,23,1,0,0
1575,70,1,0,0
1576,128,1,0,0
1577,55,1,0,0
1578,112,1,0,0
1579,58,1,0,0
1580,95,1,0,0
1581,46,1,0,0
1582,45,1,0,0
1583,57,1,0,0
1584,81,1,0,0
1585,21,1,0,0
1586,134,1,0,0
1587,87,1,0,0
1588,78,1,0,0
1589,43,1,0,0
1590,27,1,0,0
1591,61,1,0,0
1592,117,1,0,0
1593,190,1,0,0
1594,89,1,0,0
1595,38,1,0,0
1596,40,1,0,0
1597,71,1,0,0
1598,64,1,0,0
1599,45,1,0,0
1600,24,1,0,0
1601,93,1,0,0
1602,61,1,0,0
1603,51,1,0,0
1604,76,1,0,0
1605,11,1,0,0
1606,24,1,0,0
1607,89,1,0,0
1608,26,1,0,0
1609,78,1,0,0
1610,121,1,0,0
1611,124,1,0,0
1612,66,1,0,0
1613,71,1,0,0
1614,92,1,0,0
1615,64,1,0,0
1616,33,1,0,0
1617,81,1,0,0
1618,39,1,0,0
1619,34,1,0,0
1620,30,1,0,0
1621,66,1,0,0
1622,152,1,0,0
1623,27,1,0,0
1624,168,1,0,0
1625,91,1,0,0
1626,83,1,0,0
1627,111,1,0,0
1628,81,1,0,0
1629,36,1,0,0
1630,210,1,0,0
1631,94,1,0,0
1632,32,1,0,0
1633,191,1,0,0
1634,68,1,0,0
1635,191,1,0,0
1636,71,1,0,0
1637,24,1,0,0
1638,82,1,0,0
1639,13,1,0,0
1640,130,1,0,0
1641,163,1,0,0
1642,277,1,0,0
1643,194,1,0,0
1644,33,1,0,0
1645,70,1,0,0
1646,50,1,0,0
1647,112,1,0,0
1648,42,1,0,0
1649,26,1,0,0
1650,62,1,0,0
1651,32,1,0,0
1652,75,1,0,0
1653,59,1,0,0
1654,148,1,0,0
1655,83,1,0,0
1656,166,1,0,0
1657,65,1,0,0
1658,15,1,0,0
1659,79,1,0,0
1660,69,1,0,0
1661,38,1,0,0
1662,88,1,0,0
1663,124,1,0,0
1664,41,1,0,0
1665,71,1,0,0
1666,38,1,0,0
1667,140,1,0,0
1668,101,1,0,0
1669,32,1,0,0
1670,147,1,0,0
1671,216,1,0,0
1672,123,1,0,0
1673,31,1,0,0
1674,47,1,0,0
1675,68,1,0,0
1676,50,1,0,0
1677,236,1,0,0
1678,88,1,0,0
1679,44,1,0,0
1680,85,1,0,0
1681,38,1,0,0
1682,77,1,0,0
1683,105,1,0,0
1684,13,1,0,0
1685,47,1,0,0
1686,27,1,0,0
1687,98,1,0,0
1688,77,1,0,0
1689,76,1,0,0
1690,56,1,0,0
1691,39,1,0,0
1692,53,1,0,0
1693,18,1,0,0
1694,97,1,0,0
1695,149,1,0,0
1696,109,1,0,0
1697,22,1,0,0
1698,101,1,0,0
1699,123,1,0,0
1700,89,1,0,0
1701,53,1,0,0
1702,65,1,0,0
1703,32,1,0,0
1704,27,1,0,0
1705,41,1,0,0
1706,40,1,0,0
1707,47,1,0,0
1708,112,1,0,0
1709,48,1,0,0
1710,24,1,0,0
1711,77,1,0,0
1712,183,1,0,0
1713,59,1,0,0
1714,40,1,0,0
1715,46,1,0,0
1716,98,1,0,0
1717,9,1,0,0
1718,151,1,0,0
1719,158,1,0,0
1720,11,1,0,0
1721,100,1,0,0
1722,77,1,0,0
1723,23,1,0,0
1724,144,1,0,0
1725,29,1,0,0
1726,93,1,0,0
1727,92,1,0,0
1728,50,1,0,0
1729,85,1,0,0
1730,41,1,0,0
1731,49,1,0,0
1732,37,1,0,0
1733,18,1,0,0
1734,45,1,0,0
1735,21,1,0,0
1736,18,1,0,0
1737,92,1,0,0
1738,31,1,0,0
1739,57,1,0,0
1740,53,1,0,0
1741,52,1,0,0
1742,44,1,0,0
1743,38,1,0,0
1744,98,1,0,0
1745,42,1,0,0
1746,106,1,0,0
1747,9,1,0,0
1748,79,1,0,0
1749,93,1,0,0
1750,24,1,0,0
1751,103,1,0,0
1752,49,1,0,0
1753,99,1,0,0
1754,48,1,0,0
1755,180,1,0,0
1756,17,1,0,0
1757,101,1,0,0
1758,29,1,0,0
1759,132,1,0,0
1760,35,1,0,0
1761,112,1,0,0
1762,101,1,0,0
1763,70,1,0,0
1764,25,1,0,0
1765,35,1,0,0
1766,38,1,0,0
1767,83,1,0,0
1768,113,1,0,0
1769,75,1,0,0
1770,104,1,0,0
1771,38,1,0,0
1772,76,1,0,0
1773,52,1,0,0
1774,24,1,0,0
1775,35,1,0,0
1776,44,1,0,0
1777,77,1,0,0
1778,48,1,0,0
1779,78,1,0,0
1780,40,1,0,0
1781,236,1,0,0
1782,149,1,0,0
1783,59,1,0,0
1784,16,1,0,0
1785,101,1,0,0
1786,17,1,0,0
1787,97,1,0,0
1788,39,1,0,0
1789,48,1,0,0
1790,107,1,0,0
1791,86,1,0,0
1792,87,1,0,0
1793,60,1,0,0
1794,58,1,0,0
1795,129,1,0,0
1796,13,1,0,0
1797,97,1,0,0
1798,26,1,0,0
1799,72,1,0,0
1800,62,1,0,0
1801,88,1,0,0
1802,168,1,0,0
1803,130,1,0,0
1804,111,1,0,0
1805,60,1,0,0
1806,70,1,0,0
1807,111,1,0,0
1808,29,1,0,0
1809,130,1,0,0
1810,35,1,0,0
1811,152,1,0,0
1812,43,1,0,0
1813,18,1,0,0
1814,132,1,0,0
1815,61,1,0,0
1816,73,1,0,0
1817,19,1,0,0
1818,50,1,0,0
1819,109,1,0,0
1820,81,1,0,0
1821,98,1,0,0
1822,72,1,0,0
1823,60,1,0,0
1824,24,1,0,0
1825,10,1,0,0
1826,47,1,0,0
1827,33,1,0,0
1828,137,1,0,0
1829,131,1,0,0
1830,143,1,0,0
1831,130,1,0,0
1832,41,1,0,0
1833,137,1,0,0
1834,61,1,0,0
1835,91,1,0,0
1836,16,1,0,0
1837,163,1,0,0
1838,21,1,0,0
1839,7,1,0,0
1840,26,1,0,0
1841,27,1,0,0
1842,28,1,0,0
1843,105,1,0,0
1844,21,1,0,0
1845,55,1,0,0
1846,37,1,0,0
1847,14,1,0,0
1848,137,1,0,0
1849,45,1,0,0
1850,137,1,0,0
1851,149,1,0,0
1852,46,1,0,0
1853,49,1,0,0
1854,71,1,0,0
1855,75,1,0,0
1856,121,1,0,0
1857,24,1,0,0
1858,128,1,0,0
1859,15,1,0,0
1860,115,1,0,0
1861,129,1,0,0
1862,164,1,0,0
1863,136,1,0,0
1864,179,1,0,0
1865,22,1,0,0
1866,146,1,0,0
1867,29,1,0,0
1868,32,1,0,0
1869,118,1,0,0
1870,325,1,0,0
1871,30,1,0,0
1872,74,1,0,0
1873,37,1,0,0
1874,87,1,0,0
1875,70,1,0,0
1876,47,1,0,0
1877,53,1,0,0
1878,38,1,0,0
1879,74,1,0,0
1880,17,1,0,0
1881,36,1,0,0
1882,110,1,0,0
1883,36,1,0,0
1884,89,1,0,0
1885,98,1,0,0
1886,31,1,0,0
1887,42,1,0,0
1888,87,1,0,0
1889,70,1,0,0
1890,50,1,0,0
1891,106,1,0,0
1892,34,1,0,0
1893,72,1,0,0
1894,116,1,0,0
1895,75,1,0,0
1896,23,1,0,0
1897,12,1,0,0
1898,79,1,0,0
1899,20,1,0,0
1900,44,1,0,0
1901,50,1,0,0
1902,101,1,0,0
1903,97,1,0,0
1904,151,1,0,0
1905,51,1,0,0
1906,39,1,0,0
1907,28,1,0,0
1908,46,1,0,0
1909,173,1,0,0
1910,149,1,0,0
1911,27,1,0,0
1912,129,1,0,0
1913,12,1,0,0
1914,100,1,0,0
1915,21,1,0,0
1916,14,1,0,0
1917,97,1,0,0
1918,31,1,0,0
1919,134,1,0,0
1920,46,1,0,0
1921,19,1,0,0
1922,65,1,0,0
1923,71,1,0,0
1924,80,1,0,0
1925,174,1,0,0
1926,30,1,0,0
1927,38,1,0,0
1928,16,1,0,0
1929,55,1,0,0
1930,20,1,0,0
1931,38,1,0,0
1932,14,1,0,0
1933,58,1,0,0
1934,110,1,0,0
1935,32,1,0,0
1936,20,1,0,0
1937,30,1,0,0
1938,36,1,0,0
1939,24,1,0,0
1940,27,1,0,0
1941,117,1,0,0
1942,64,1,0,0
1943,30,1,0,0
1944,29,1,0,0
1945,125,1,0,0
1946,93,1,0,0
1947,25,1,0,0
1948,39,1,0,0
1949,122,1,0,0
1950,84,1,0,0
1951,14,1,0,0
1952,81,1,0,0
1953,52,1,0,0
1954,66,1,0,0
1955,113,1,0,0
1956,10,1,0,0
1957,145,1,0,0
1958,169,1,0,0
1959,30,1,0,0
1960,55,1,0,0
1961,150,1,0,0
1962,54,1,0,0
1963,131,1,0,0
1964,75,1,0,0
1965,100,1,0,0
1966,52,1,0,0
1967,46,1,0,0
1968,32,1,0,0
1969,29,1,0,0
1970,117,1,0,0
1971,37,1,0,0
1972,46,1,0,0
1973,156,1,0,0
1974,90,1,0,0
1975,21,1,0,0
1976,73,1,0,0
1977,115,1,0,0
1978,17,1,0,0
1979,87,1,0,0
1980,41,1,0,0
1981,28,1,0,0
1982,57,1,0,0
1983,27,1,0,0
1984,60,1,0,0
1985,43,1,0,0
1986,79,1,0,0
1987,88,1,0,0
1988,16,1,0,0
1989,111,1,0,0
1990,57,1,0,0
1991,24,1,0,0
1992,41,1,0,0
1993,41,1,0,0
1994,142,1,0,0
1995,42,1,0,0
1996,34,1,0,0
1997,54,1,0,0
1998,48,1,0,0
1999,12,1,0,0
2000,37,1,0,0
2001,18,1,0,0
2002,187,1,0,0
2003,76,1,0,0
2004,43,1,0,0
2005,59,1,0,0
2006,105,1,0,0
2007,94,1,0,0
2008,29,1,0,0
2009,126,1,0,0
2010,15,1,0,0
2011,70,1,0,0
2012,130,1,0,0
2013,82,1,0,0
2014,142,1,0,0
2015,27,1,0,0
2016,30,1,0,0
2017,34,1,0,0
2018,59,1,0,0
2019,44,1,0,0
2020,131,1,0,0
2021,53,1,0,0
2022,91,1,0,0
2023,13,1,0,0
2024,29,1,0,0
2025,67,1,0,0
2026,81,1,0,0
2027,69,1,0,0
2028,56,1,0,0
2029,40,1,0,0
2030,77,1,0,0
2031,112,1,0,0
2032,55,1,0,0
2033,82,1,0,0
2034,47,1,0,0
2035,33,1,0,0
2036,49,1,0,0
2037,21,1,0,0
2038,152,1,0,0
2039,65,1,0,0
2040,34,1,0,0
2041,39,1,0,0
2042,30,1,0,0
2043,83,1,0,0
2044,45,1,0,0
2045,57,1,0,0
2046,110,1,0,0
2047,27,1,0,0
2048,17,1,0,0
2049,102,1,0,0
2050,132,1,0,0
2051,78,1,0,0
2052,139,1,0,0
2053,91,1,0,0
2054,103,1,0,0
2055,15,1,0,0
2056,83,1,0,0
2057,27,1,0,0
2058,24,1,0,0
2059,36,1,0,0
2060,9,1,0,0
2061,88,1,0,0
2062,66,1,0,0
2063,114,1,0,0
2064,41,1,0,0
2065,13,1,0,0
2066,46,1,0,0
2067,22,1,0,0
2068,117,1,0,0
2069,58,1,0,0
2070,35,1,0,0
2071,72,1,0,0
2072,18,1,0,0
2073,43,1,0,0
2074,147,1,0,0
2075,98,1,0,0
2076,38,1,0,0
2077,45,1,0,0
2078,22,1,0,0
2079,58,1,0,0
2080,34,1,0,0
2081,90,1,0,0
2082,13,1,0,0
2083,122,1,0,0
2084,58,1,0,0
2085,211,1,0,0
2086,20,1,0,0
2087,66,1,0,0
2088,38,1,0,0
2089,25,1,0,0
2090,120,1,0,0
2091,49,1,0,0
2092,64,1,0,0
2093,67,1,0,0
2094,73,1,0,0
2095,58,1,0,0
2096,73,1,0,0
2097,53,1,0,0
2098,82,1,0,0
2099,71,1,0,0
2100,145,1,0,0
2101,69,1,0,0
2102,69,1,0,0
2103,69,1,0,0
2104,65,1,0,0
2105,11,1,0,0
2106,29,1,0,0
2107,51,1,0,0
2108,61,1,0,0
2109,33,1,0,0
2110,27,1,0,0
2111,71,1,0,0
2112,185,1,0,0
2113,22,1,0,0
2114,86,1,0,0
2115,48,1,0,0
2116,83,1,0,0
2117,32,1,0,0
2118,24,1,0,0
2119,92,1,0,0
2120,56,1,0,0
2121,61,1,0,0
2122,20,1,0,0
2123,64,1,0,0
2124,156,1,0,0
2125,34,1,0,0
2126,11,1,0,0
2127,25,1,0,0
2128,109,1,0,0
2129,28,1,0,0
2130,25,1,0,0
2131,106,1,0,0
2132,38,1,0,0
2133,23,1,0,0
2134,59,1,0,0
2135,33,1,0,0
2136,48,1,0,0
2137,40,1,0,0
2138,54,1,0,0
2139,23,1,0,0
2140,63,1,0,0
2141,28,1,0,0
2142,201,1,0,0
2143,76,1,0,0
2144,62,1,0,0
2145,123,1,0,0
2146,117,1,0,0
2147,33,1,0,0
2148,43,1,0,0
2149,39,1,0,0
2150,108,1,0,0
2151,18,1,0,0
2152,26,1,0,0
2153,78,1,0,0
2154,46,1,0,0
2155,48,1,0,0
2156,53,1,0,0
2157,17,1,0,0
2158,13,1,0,0
2159,164,1,0,0
2160,49,1,0,0
2161,89,1,0,0
2162,67,1,0,0
2163,60,1,0,0
2164,26,1,0,0
2165,91,1,0,0
2166,45,1,0,0
2167,39,1,0,0
2168,99,1,0,0
2169,22,1,0,0
2170,24,1,0,0
2171,52,1,0,0
2172,60,1,0,0
2173,39,1,0,0
2174,9,1,0,0
2175,57,1,0,0
2176,90,1,0,0
2177,24,1,0,0
2178,31,1,0,0
2179,58,1,0,0
2180,54,1,0,0
2181,78,1,0,0
2182,84,1,0,0
2183,33,1,0,0
2184,35,1,0,0
2185,91,1,0,0
2186,18,1,0,0
2187,10,1,0,0
2188,55,1,0,0
2189,138,1,0,0
2190,85,1,0,0
2191,42,1,0,0
2192,111,1,0,0
2193,25,1,0,0
2194,132,1,0,0
2195,16,1,0,0
2196,73,1,0,0
2197,45,1,0,0
2198,24,1,0,0
2199,109,1,0,0
2200,140,1,0,0
2201,61,1,0,0
2202,17,1,0,0
2203,33,1,0,0
2204,147,1,0,0
2205,33,1,0,0
2206,65,1,0,0
2207,13,1,0,0
2208,34,1,0,0
2209,49,1,0,0
2210,38,1,0,0
2211,147,1,0,0
2212,68,1,0,0
2213,61,1,0,0
2214,58,1,0,0
2215,168,1,0,0
2216,52,1,0,0
2217,16,1,0,0
2218,28,1,0,0
2219,44,1,0,0
2220,21,1,0,0
2221,53,1,0,0
2222,41,1,0,0
2223,66,1,0,0
2224,69,1,0,0
2225,11,1,0,0
2226,49,1,0,0
2227,39,1,0,0
2228,48,1,0,0
2229,25,1,0,0
2230,22,1,0,0
2231,112,1,0,0
2232,22,1,0,0
2233,52,1,0,0
2234,62,1,0,0
2235,26,1,0,0
2236,74,1,0,0
2237,58,1,0,0
2238,40,1,0,0
2239,66,1,0,0
2240,17,1,0,0
2241,36,1,0,0
2242,43,1,0,0
2243,58,1,0,0
2244,29,1,0,0
2245,27,1,0,0
2246,68,1,0,0
2247,48,1,0,0
2248,23,1,0,0
2249,98,1,0,0
2250,173,1,0,0
2251,56,1,0,0
2252,42,1,0,0
2253,58,1,0,0
2254,55,1,0,0
2255,51,1,0,0
2256,88,1,0,0
2257,67,1,0,0
2258,23,1,0,0
2259,23,1,0,0
2260,29,1,0,0
2261,97,1,0,0
2262,9,1,0,0
2263,91,1,0,0
2264,31,1,0,0
2265,39,1,0,0
2266,183,1,0,0
2267,78,1,0,0
2268,31,1,0,0
2269,45,1,0,0
2270,35,1,0,0
2271,15,1,0,0
2272,20,1,0,0
2273,156,1,0,0
2274,91,1,0,0
2275,57,1,0,0
2276,22,1,0,0
2277,45,1,0,0
2278,78,1,0,0
2279,19,1,0,0
2280,73,1,0,0
2281,39,1,0,0
2282,50,1,0,0
2283,44,1,0,0
2284,190,1,0,0
2285,36,1,0,0
2286,75,1,0,0
2287,43,1,0,0
2288,174,1,0,0
2289,7,1,0,0
2290,120,1,0,0
2291,13,1,0,0
2292,93,1,0,0
2293,21,1,0,0
2294,34,1,0,0
2295,25,1,0,0
2296,61,1,0,0
2297,32,1,0,0
2298,71,1,0,0
2299,44,1,0,0
2300,100,1,0,0
2301,136,1,0,0
2302,55,1,0,0
2303,81,1,0,0
2304,44,1,0,0
2305,29,1,0,0
2306,25,1,0,0
2307,71,1,0,0
2308,45,1,0,0
2309,50,1,0,0
2310,56,1,0,0
2311,29,1,0,0
2312,13,1,0,0
2313,64,1,0,0
2314,38,1,0,0
2315,18,1,0,0
2316,184,1,0,0
2317,109,1,0,0
2318,80,1,0,0
2319,72,1,0,0
2320,74,1,0,0
2321,50,1,0,0
2322,74,1,0,0
2323,100,1,0,0
2324,9,1,0,0
2325,67,1,0,0
2326,117,1,0,0
2327,175,1,0,0
2328,69,1,0,0
2329,61,1,0,0
2330,12,1,0,0
2331,58,1,0,0
2332,65,1,0,0
2333,31,1,0,0
2334,68,1,0,0
2335,65,1,0,0
2336,74,1,0,0
2337,141,1,0,0
2338,52,1,0,0
2339,109,1,0,0
2340,33,1,0,0
2341,67,1,0,0
2342,62,1,0,0
2343,160,1,0,0
2344,68,1,0,0
2345,82,1,0,0
2346,33,1,0,0
2347,31,1,0,0
2348,220,1,0,0
2349,95,1,0,0
2350,45,1,0,0
2351,36,1,0,0
2352,100,1,0,0
2353,7,1,0,0
2354,19,1,0,0
2355,33,1,0,0
2356,18,1,0,0
2357,50,1,0,0
2358,111,1,0,0
2359,25,1,0,0
2360,143,1,0,0
2361,40,1,0,0
2362,35,1,0,0
2363,94,1,0,0
2364,86,1,0,0
2365,100,1,0,0
2366,101,1,0,0
2367,73,1,0,0
2368,30,1,0,0
2369,65,1,0,0
2370,27,1,0,0
2371,24,1,0,0
2372,46,1,0,0
2373,39,1,0,0
2374,51,1,0,0
2375,100,1,0,0
2376,119,1,0,0
2377,126,1,0,0
2378,266,1,0,0
2379,25,1,0,0
2380,51,1,0,0
2381,21,1,0,0
2382,22,1,0,0
2383,47,1,0,0
2384,30,1,0,0
2385,64,1,0,0
2386,20,1,0,0
2387,128,1,0,0
2388,36,1,0,0
2389,17,1,0,0
2390,32,1,0,0
2391,183,1,0,0
2392,155,1,0,0
2393,128,1,0,0
2394,37,1,0,0
2395,87,1,0,0
2396,19,1,0,0
2397,64,1,0,0
2398,43,1,0,0
2399,71,1,0,0
2400,90,1,0,0
2401,102,1,0,0
2402,49,1,0,0
2403,126,1,0,0
2404,108,1,0,0
2405,57,1,0,0
2406,93,1,0,0
2407,113,1,0,0
2408,21,1,0,0
2409,43,1,0,0
2410,128,1,0,0
2411,57,1,0,0
2412,51,1,0,0
2413,118,1,0,0
2414,90,1,0,0
2415,38,1,0,0
2416,29,1,0,0
2417,97,1,0,0
2418,41,1,0,0
2419,49,1,0,0
2420,46,1,0,0
2421,140,1,0,0
2422,66,1,0,0
2423,138,1,0,0
2424,14,1,0,0
2425,21,1,0,0
2426,63,1,0,0
2427,116,1,0,0
2428,61,1,0,0
2429,116,1,0,0
2430,60,1,0,0
2431,8,1,0,0
2432,24,1,0,0
2433,150,1,0,0
2434,27,1,0,0
2435,36,1,0,0
2436,86,1,0,0
2437,67,1,0,0
2438,143,1,0,0
2439,63,1,0,0
2440,119,1,0,0
2441,58,1,0,0
2442,17,1,0,0
2443,66,1,0,0
2444,40,1,0,0
2445,10,1,0,0
2446,37,1,0,0
2447,21,1,0,0
2448,19,1,0,0
2449,21,1,0,0
2450,20,1,0,0
2451,41,1,0,0
2452,39,1,0,0
2453,24,1,0,0
2454,57,1,0,0
2455,40,1,0,0
2456,118,1,0,0
2457,41,1,0,0
2458,102,1,0,0
2459,69,1,0,0
2460,77,1,0,0
2461,96,1,0,0
2462,152,1,0,0
2463,27,1,0,0
2464,80,1,0,0
2465,72,1,0,0
2466,91,1,0,0
2467,54,1,0,0
2468,42,1,0,0
2469,162,1,0,0
2470,95,1,0,0
2471,53,1,0,0
2472,42,1,0,0
2473,81,1,0,0
2474,53,1,0,0
2475,53,1,0,0
2476,157,1,0,0
2477,65,1,0,0
2478,53,1,0,0
2479,57,1,0,0
2480,40,1,0,0
2481,93,1,0,0
2482,19,1,0,0
2483,39,1,0,0
2484,123,1,0,0
2485,53,1,0,0
2486,69,1,0,0
2487,33,1,0,0
2488,127,1,0,0
2489,63,1,0,0
2490,69,1,0,0
2491,39,1,0,0
2492,66,1,0,0
2493,61,1,0,0
2494,38,1,0,0
2495,107,1,0,0
2496,83,1,0,0
2497,32,1,0,0
2498,54,1,0,0
2499,69,1,0,0
2500,53,1,0,0
2501,129,1,0,0
2502,34,1,0,0
2503,30,1,0,0
2504,68,1,0,0
2505,112,1,0,0
2506,183,1,0,0
2507,26,1,0,0
2508,57,1,0,0
2509,95,1,0,0
2510,44,1,0,0
2511,38,1,0,0
2512,23,1,0,0
2513,116,1,0,0
2514,126,1,0,0
2515,53,1,0,0
2516,183,1,0,0
2517,47,1,0,0
2518,68,1,0,0
2519,41,1,0,0
2520,51,1,0,0
2521,102,1,0,0
2522,17,1,0,0
2523,69,1,0,0
2524,70,1,0,0
2525,32,1,0,0
2526,82,1,0,0
2527,52,1,0,0
2528,194,1,0,0
2529,79,1,0,0
2530,29,1,0,0
2531,51,1,0,0
2532,43,1,0,0
2533,56,1,0,0
2534,66,1,0,0
2535,39,1,0,0
2536,48,1,0,0
2537,43,1,0,0
2538,46,1,0,0
2539,55,1,0,0
2540,47,1,0,0
2541,61,1,0,0
2542,77,1,0,0
2543,15,1,0,0
2544,112,1,0,0
2545,24,1,0,0
2546,192,1,0,0
2547,37,1,0,0
2548,65,1,0,0
2549,41,1,0,0
2550,22,1,0,0
2551,17,1,0,0
2552,25,1,0,0
2553,31,1,0,0
2554,35,1,0,0
2555,88,1,0,0
2556,56,1,0,0
2557,48,1,0,0
2558,32,1,0,0
2559,53,1,0,0
2560,42,1,0,0
2561,70,1,0,0
2562,25,1,0,0
2563,38,1,0,0
2564,110,1,0,0
2565,25,1,0,0
2566,66,1,0,0
2567,97,1,0,0
2568,137,1,0,0
2569,112,1,0,0
2570,74,1,0,0
2571,51,1,0,0
2572,280,1,0,0
2573,38,1,0,0
2574,91,1,0,0
2575,36,1,0,0
2576,76,1,0,0
2577,58,1,0,0
2578,29,1,0,0
2579,84,1,0,0
2580,33,1,0,0
2581,202,1,0,0
2582,68,1,0,0
2583,133,1,0,0
2584,175,1,0,0
2585,25,1,0,0
2586,136,1,0,0
2587,26,1,0,0
2588,107,1,0,0
2589,14,1,0,0
2590,27,1,0,0
2591,23,1,0,0
2592,82,1,0,0
2593,29,1,0,0
2594,59,1,0,0
2595,107,1,0,0
2596,47,1,0,0
2597,25,1,0,0
2598,12,1,0,0
2599,77,1,0,0
2600,52,1,0,0
2601,37,1,0,0
2602,136,1,0,0
2603,77,1,0,0
2604,9,1,0,0
2605,143,1,0,0
2606,29,1,0,0
2607,36,1,0,0
2608,57,1,0,0
2609,107,1,0,0
2610,14,1,0,0
2611,58,1,0,0
2612,16,1,0,0
2613,134,1,0,0
2614,25,1,0,0
2615,207,1,0,0
2616,20,1,0,0
2617,107,1,0,0
2618,70,1,0,0
2619,96,1,0,0
2620,171,1,0,0
2621,10,1,0,0
2622,27,1,0,0
2623,37,1,0,0
2624,7,1,0,0
2625,49,1,0,0
2626,61,1,0,0
2627,85,1,0,0
2628,14,1,0,0
2629,31,1,0,0
2630,84,1,0,0
2631,52,1,0,0
2632,146,1,0,0
2633,56,1,0,0
2634,27,1,0,0
2635,16,1,0,0
2636,30,1,0,0
2637,67,1,0,0
2638,58,1,0,0
2639,34,1,0,0
2640,20,1,0,0
2641,9,1,0,0
2642,62,1,0,0
2643,41,1,0,0
2644,21,1,0,0
2645,137,1,0,0
2646,217,1,0,0
2647,18,1,0,0
2648,55,1,0,0
2649,52,1,0,0
2650,13,1,0,0
2651,148,1,0,0
2652,203,1,0,0
2653,56,1,0,0
2654,13,1,0,0
2655,87,1,0,0
2656,75,1,0,0
2657,32,1,0,0
2658,52,1,0,0
2659,49,1,0,0
2660,151,1,0,0
2661,89,1,0,0
2662,36,1,0,0
2663,70,1,0,0
2664,109,1,0,0
2665,44,1,0,0
2666,19,1,0,0
2667,122,1,0,0
2668,78,1,0,0
2669,43,1,0,0
2670,130,1,0,0
2671,128,1,0,0
2672,41,1,0,0
2673,36,1,0,0
2674,84,1,0,0
2675,83,1,0,0
2676,84,1,0,0
2677,67,1,0,0
2678,30,1,0,0
2679,23,1,0,0
2680,202,1,0,0
2681,50,1,0,0
2682,58,1,0,0
2683,80,1,0,0
2684,126,1,0,0
2685,44,1,0,0
2686,11,1,0,0
2687,85,1,0,0
2688,85,1,0,0
2689,110,1,0,0
2690,14,1,0,0
2691,47,1,0,0
2692,101,1,0,0
2693,86,1,0,0
2694,44,1,0,0
2695,23,1,0,0
2696,32,1,0,0
2697,69,1,0,0
2698,58,1,0,0
2699,99,1,0,0
2700,104,1,0,0
2701,29,1,0,0
2702,83,1,0,0
2703,38,1,0,0
2704,33,1,0,0
2705,17,1,0,0
2706,54,1,0,0
2707,70,1,0,0
2708,26,1,0,0
2709,57,1,0,0
2710,111,1,0,0
2711,42,1,0,0
2712,19,1,0,0
2713,71,1,0,0
2714,36,1,0,0
2715,76,1,0,0
2716,94,1,0,0
2717,22,1,0,0
2718,54,1,0,0
2719,137,1,0,0
2720,130,1,0,0
2721,67,1,0,0
2722,20,1,0,0
2723,109,1,0,0
2724,140,1,0,0
2725,26,1,0,0
2726,52,1,0,0
2727,22,1,0,0
2728,45,1,0,0
2729,28,1,0,0
2730,33,1,0,0
2731,20,1,0,0
2732,19,1,0,0
2733,115,1,0,0
2734,72,1,0,0
2735,75,1,0,0
2736,31,1,0,0
2737,147,1,0,0
2738,111,1,0,0
2739,43,1,0,0
2740,36,1,0,0
2741,49,1,0,0
2742,13,1,0,0
2743,124,1,0,0
2744,20,1,0,0
2745,126,1,0,0
2746,31,1,0,0
2747,46,1,0,0
2748,119,1,0,0
2749,144,1,0,0
2750,54,1,0,0
2751,13,1,0,0
2752,61,1,0,0
2753,95,1,0,0
2754,36,1,0,0
2755,93,1,0,0
2756,36,1,0,0
2757,170,1,0,0
2758,27,1,0,0
2759,29,1,0,0
2760,54,1,0,0
2761,51,1,0,0
2762,80,1,0,0
2763,29,1,0,0
2764,36,1,0,0
2765,73,1,0,0
2766,26,1,0,0
2767,63,1,0,0
2768,41,1,0,0
2769,19,1,0,0
2770,80,1,0,0
2771,88,1,0,0
2772,77,1,0,0
2773,80,1,0,0
2774,80,1,0,0
2775,28,1,0,0
2776,124,1,0,0
2777,204,1,0,0
2778,138,1,0,0
2779,29,1,0,0
2780,63,1,0,0
2781,10,1,0,0
2782,71,1,0,0
2783,147,1,0,0
2784,17,1,0,0
2785,155,1,0,0
2786,98,1,0,0
2787,81,1,0,0
2788,64,1,0,0
2789,69,1,0,0
2790,94,1,0,0
2791,54,1,0,0
2792,41,1,0,0
2793,52,1,0,0
2794,44,1,0,0
2795,46,1,0,0
2796,28,1,0,0
2797,11,1,0,0
2798,64,1,0,0
2799,42,1,0,0
2800,42,1,0,0
2801,32,1,0,0
2802,62,1,0,0
2803,58,1,0,0
2804,15,1,0,0
2805,137,1,0,0
2806,18,1,0,0
2807,36,1,0,0
2808,32,1,0,0
2809,92,1,0,0
2810,39,1,0,0
2811,25,1,0,0
2812,86,1,0,0
2813,53,1,0,0
2814,147,1,0,0
2815,222,1,0,0
2816,105,1,0,0
2817,31,1,0,0
2818,112,1,0,0
2819,162,1,0,0
2820,89,1,0,0
2821,100,1,0,0
2822,91,1,0,0
2823,49,1,0,0
2824,30,1,0,0
2825,61,1,0,0
2826,100,1,0,0
2827,33,1,0,0
2828,66,1,0,0
2829,70,1,0,0
2830,45,1,0,0
2831,30,1,0,0
2832,51,1,0,0
2833,156,1,0,0
2834,31,1,0,0
2835,159,1,0,0
2836,38,1,0,0
2837,42,1,0,0
2838,46,1,0,0
2839,140,1,0,0
2840,140,1,0,0
2841,25,1,0,0
2842,52,1,0,0
2843,93,1,0,0
2844,57,1,0,0
2845,10,1,0,0
2846,37,1,0,0
2847,58,1,0,0
2848,96,1,0,0
2849,93,1,0,0
2850,272,1,0,0
2851,57,1,0,0
2852,48,1,0,0
2853,49,1,0,0
2854,17,1,0,0
2855,21,1,0,0
2856,52,1,0,0
2857,39,1,0,0
2858,34,1,0,0
2859,66,1,0,0
2860,169,1,0,0
2861,39,1,0,0
2862,29,1,0,0
2863,111,1,0,0
2864,39,1,0,0
2865,49,1,0,0
2866,156,1,0,0
2867,64,1,0,0
2868,101,1,0,0
2869,33,1,0,0
2870,166,1,0,0
2871,27,1,0,0
2872,76,1,0,0
2873,175,1,0,0
2874,33,1,0,0
2875,104,1,0,0
2876,60,1,0,0
2877,190,1,0,0
2878,31,1,0,0
2879,165,1,0,0
2880,93,1,0,0
2881,87,1,0,0
2882,47,1,0,0
2883,151,1,0,0
2884,139,1,0,0
2885,135,1,0,0
2886,45,1,0,0
2887,136,1,0,0
2888,96,1,0,0
2889,113,1,0,0
2890,21,1,0,0
2891,158,1,0,0
2892,75,1,0,0
2893,22,1,0,0
2894,174,1,0,0
2895,65,1,0,0
2896,19,1,0,0
2897,21,1,0,0
2898,106,1,0,0
2899,150,1,0,0
2900,63,1,0,0
2901,19,1,0,0
2902,80,1,0,0
2903,85,1,0,0
2904,57,1,0,0
2905,49,1,0,0
2906,116,1,0,0
2907,152,1,0,0
2908,88,1,0,0
2909,54,1,0,0
2910,74,1,0,0
2911,134,1,0,0
2912,59,1,0,0
2913,167,1,0,0
2914,89,1,0,0
2915,41,1,0,0
2916,60,1,0,0
2917,101,1,0,0
2918,22,1,0,0
2919,162,1,0,0
2920,42,1,0,0
2921,71,1,0,0
2922,79,1,0,0
2923,47,1,0,0
2924,103,1,0,0
2925,34,1,0,0
2926,42,1,0,0
2927,165,1,0,0
2928,206,1,0,0
2929,63,1,0,0
2930,9,1,0,0
2931,101,1,0,0
2932,75,1,0,0
2933,15,1,0,0
2934,87,1,0,0
2935,86,1,0,0
2936,100,1,0,0
2937,54,1,0,0
2938,21,1,0,0
2939,39,1,0,0
2940,28,1,0,0
2941,117,1,0,0
2942,118,1,0,0
2943,57,1,0,0
2944,85,1,0,0
2945,47,1,0,0
2946,30,1,0,0
2947,49,1,0,0
2948,21,1,0,0
2949,18,1,0,0
2950,41,1,0,0
2951,89,1,0,0
2952,42,1,0,0
2953,42,1,0,0
2954,54,1,0,0
2955,41,1,0,0
2956,38,1,0,0
2957,43,1,0,0
2958,34,1,0,0
2959,55,1,0,0
2960,85,1,0,0
2961,8,1,0,0
2962,282,1,0,0
2963,140,1,0,0
2964,18,1,0,0
2965,47,1,0,0
2966,39,1,0,0
2967,231,1,0,0
2968,58,1,0,0
2969,22,1,0,0
2970,39,1,0,0
2971,32,1,0,0
2972,41,1,0,0
2973,78,1,0,0
2974,78,1,0,0
2975,48,1,0,0
2976,35,1,0,0
2977,123,1,0,0
2978,14,1,0,0
2979,57,1,0,0
2980,50,1,0,0
2981,28,1,0,0
2982,37,1,0,0
2983,75,1,0,0
2984,31,1,0,0
2985,33,1,0,0
2986,60,1,0,0
2987,36,1,0,0
2988,52,1,0,0
2989,79,1,0,0
2990,96,1,0,0
2991,46,1,0,0
2992,42,1,0,0
2993,56,1,0,0
2994,113,1,0,0
2995,39,1,0,0
2996,55,1,0,0
2997,50,1,0,0
2998,85,1,0,0
2999,57,1,0,0
3000,39,1,0,0
3001,58,1,0,0
3002,14,1,0,0
3003,45,1,0,0
3004,109,1,0,0
3005,55,1,0,0
3006,13,1,0,0
3007,156,1,0,0
3008,30,1,0,0
3009,106,1,0,0
3010,109,1,0,0
3011,16,1,0,0
3012,33,1,0,0
3013,54,1,0,0
3014,83,1,0,0
3015,32,1,0,0
3016,55,1,0,0
3017,33,1,0,0
3018,216,1,0,0
3019,137,1,0,0
3020,23,1,0,0
3021,42,1,0,0
3022,88,1,0,0
3023,83,1,0,0
3024,37,1,0,0
3025,33,1,0,0
3026,91,1,0,0
3027,53,1,0,0
3028,13,1,0,0
3029,54,1,0,0
3030,178,1,0,0
3031,94,1,0,0
3032,24,1,0,0
3033,179,1,0,0
3034,21,1,0,0
3035,121,1,0,0
3036,85,1,0,0
3037,216,1,0,0
3038,113,1,0,0
3039,184,1,0,0
3040,35,1,0,0
3041,37,1,0,0
3042,22,1,0,0
3043,141,1,0,0
3044,35,1,0,0
3045,111,1,0,0
3046,76,1,0,0
3047,93,1,0,0
3048,140,1,0,0
3049,39,1,0,0
3050,20,1,0,0
3051,77,1,0,0
3052,58,1,0,0
3053,122,1,0,0
3054,59,1,0,0
3055,75,1,0,0
3056,11,1,0,0
3057,64,1,0,0
3058,111,1,0,0
3059,67,1,0,0
3060,38,1,0,0
3061,57,1,0,0
3062,67,1,0,0
3063,37,1,0,0
3064,145,1,0,0
3065,119,1,0,0
3066,81,1,0,0
3067,17,1,0,0
3068,33,1,0,0
3069,50,1,0,0
3070,84,1,0,0
3071,27,1,0,0
3072,45,1,0,0
3073,62,1,0,0
3074,125,1,0,0
3075,59,1,0,0
3076,40,1,0,0
3077,15,1,0,0
3078,117,1,0,0
3079,37,1,0,0
3080,22,1,0,0
3081,155,1,0,0
3082,47,1,0,0
3083,125,1,0,0
3084,78,1,0,0
3085,126,1,0,0
3086,55,1,0,0
3087,35,1,0,0
3088,53,1,0,0
3089,87,1,0,0
3090,52,1,0,0
3091,25,1,0,0
3092,16,1,0,0
3093,71,1,0,0
3094,92,1,0,0
3095,49,1,0,0
3096,177,1,0,0
3097,95,1,0,0
3098,74,1,0,0
3099,9,1,0,0
3100,40,1,0,0
3101,114,1,0,0
3102,7,1,0,0
3103,70,1,0,0
3104,12,1,0,0
3105,55,1,0,0
3106,27,1,0,0
3107,156,1,0,0
3108,28,1,0,0
3109,35,1,0,0
3110,61,1,0,0
3111,121,1,0,0
3112,86,1,0,0
3113,108,1,0,0
3114,49,1,0,0
3115,24,1,0,0
3116,120,1,0,0
3117,99,1,0,0
3118,14,1,0,0
3119,27,1,0,0
3120,36,1,0,0
3121,74,1,0,0
3122,82,1,0,0
3123,24,1,0,0
3124,28,1,0,0
3125,314,1,0,0
3126,46,1,0,0
3127,62,1,0,0
3128,152,1,0,0
3129,42,1,0,0
3130,28,1,0,0
3131,28,1,0,0
3132,23,1,0,0
3133,155,1,0,0
3134,31,1,0,0
3135,27,1,0,0
3136,155,1,0,0
3137,63,1,0,0
3138,48,1,0,0
3139,73,1,0,0
3140,109,1,0,0
3141,103,1,0,0
3142,39,1,0,0
3143,58,1,0,0
3144,164,1,0,0
3145,9,1,0,0
3146,42,1,0,0
3147,50,1,0,0
3148,105,1,0,0
3149,30,1,0,0
3150,29,1,0,0
3151,26,1,0,0
3152,11,1,0,0
3153,81,1,0,0
3154,19,1,0,0
3155,33,1,0,0
3156,57,1,0,0
3157,43,1,0,0
3158,52,1,0,0
3159,53,1,0,0
3160,65,1,0,0
3161,102,1,0,0
3162,41,1,0,0
3163,73,1,0,0
3164,90,1,0,0
3165,36,1,0,0
3166,122,1,0,0
3167,106,1,0,0
3168,21,1,0,0
3169,53,1,0,0
3170,107,1,0,0
3171,24,1,0,0
3172,43,1,0,0
3173,219,1,0,0
3174,41,1,0,0
3175,19,1,0,0
3176,44,1,0,0
3177,60,1,0,0
3178,74,1,0,0
3179,25,1,0,0
3180,25,1,0,0
3181,163,1,0,0
3182,25,1,0,0
3183,139,1,0,0
3184,61,1,0,0
3185,25,1,0,0
3186,49,1,0,0
3187,43,1,0,0
3188,35,1,0,0
3189,13,1,0,0
3190,53,1,0,0
3191,83,1,0,0
3192,49,1,0,0
3193,146,1,0,0
3194,170,1,0,0
3195,145,1,0,0
3196,16,1,0,0
3197,186,1,0,0
3198,57,1,0,0
3199,141,1,0,0
3200,68,1,0,0
3201,105,1,0,0
3202,70,1,0,0
3203,71,1,0,0
3204,38,1,0,0
3205,69,1,0,0
3206,99,1,0,0
3207,42,1,0,0
3208,72,1,0,0
3209,52,1,0,0
3210,85,1,0,0
3211,15,1,0,0
3212,58,1,0,0
3213,129,1,0,0
3214,186,1,0,0
3215,29,1,0,0
3216,21,1,0,0
3217,10,1,0,0
3218,21,1,0,0
3219,145,1,0,0
3220,149,1,0,0
3221,106,1,0,0
3222,21,1,0,0
3223,80,1,0,0
3224,34,1,0,0
3225,33,1,0,0
3226,31,1,0,0
3227,37,1,0,0
3228,76,1,0,0
3229,85,1,0,0
3230,102,1,0,0
3231,21,1,0,0
3232,53,1,0,0
3233,28,1,0,0
3234,154,1,0,0
3235,27,1,0,0
3236,27,1,0,0
3237,60,1,0,0
3238,123,1,0,0
3239,144,1,0,0
3240,77,1,0,0
3241,33,1,0,0
3242,84,1,0,0
3243,74,1,0,0
3244,69,1,0,0
3245,11,1,0,0
3246,41,1,0,0
3247,94,1,0,0
3248,34,1,0,0
3249,57,1,0,0
3250,37,1,0,0
3251,119,1,0,0
3252,89,1,0,0
3253,62,1,0,0
3254,45,1,0,0
3255,110,1,0,0
3256,29,1,0,0
3257,21,1,0,0
3258,53,1,0,0
3259,28,1,0,0
3260,139,1,0,0
3261,15,1,0,0
3262,24,1,0,0
3263,57,1,0,0
3264,17,1,0,0
3265,43,1,0,0
3266,43,1,0,0
3267,57,1,0,0
3268,20,1,0,0
3269,59,1,0,0
3270,41,1,0,0
3271,91,1,0,0
3272,63,1,0,0
3273,61,1,0,0
3274,55,1,0,0
3275,69,1,0,0
3276,15,1,0,0
3277,125,1,0,0
3278,61,1,0,0
3279,96,1,0,0
3280,31,1,0,0
3281,79,1,0,0
3282,16,1,0,0
3283,43,1,0,0
3284,84,1,0,0
3285,23,1,0,0
3286,82,1,0,0
3287,16,1,0,0
3288,210,1,0,0
3289,39,1,0,0
3290,73,1,0,0
3291,47,1,0,0
3292,86,1,0,0
3293,26,1,0,0
3294,102,1,0,0
3295,27,1,0,0
3296,92,1,0,0
3297,67,1,0,0
3298,115,1,0,0
3299,45,1,0,0
3300,29,1,0,0
3301,83,1,0,0
3302,65,1,0,0
3303,32,1,0,0
3304,83,1,0,0
3305,62,1,0,0
3306,18,1,0,0
3307,125,1,0,0
3308,39,1,0,0
3309,171,1,0,0
3310,69,1,0,0
3311,51,1,0,0
3312,32,1,0,0
3313,105,1,0,0
3314,33,1,0,0
3315,110,1,0,0
3316,134,1,0,0
3317,74,1,0,0
3318,15,1,0,0
3319,48,1,0,0
3320,135,1,0,0
3321,98,1,0,0
3322,67,1,0,0
3323,124,1,0,0
3324,90,1,0,0
3325,54,1,0,0
3326,191,1,0,0
3327,88,1,0,0
3328,58,1,0,0
3329,145,1,0,0
3330,97,1,0,0
3331,83,1,0,0
3332,23,1,0,0
3333,105,1,0,0
3334,118,1,0,0
3335,52,1,0,0
3336,87,1,0,0
3337,66,1,0,0
3338,77,1,0,0
3339,78,1,0,0
3340,50,1,0,0
3341,42,1,0,0
3342,28,1,0,0
3343,15,1,0,0
3344,87,1,0,0
3345,23,1,0,0
3346,52,1,0,0
3347,152,1,0,0
3348,135,1,0,0
3349,10,1,0,0
3350,66,1,0,0
3351,35,1,0,0
3352,23,1,0,0
3353,21,1,0,0
3354,55,1,0,0
3355,16,1,0,0
3356,60,1,0,0
3357,87,1,0,0
3358,49,1,0,0
3359,64,1,0,0
3360,37,1,0,0
3361,59,1,0,0
3362,25,1,0,0
3363,15,1,0,0
3364,78,1,0,0
3365,36,1,0,0
3366,60,1,0,0
3367,97,1,0,0
3368,33,1,0,0
3369,86,1,0,0
3370,77,1,0,0
3371,58,1,0,0
3372,123,1,0,0
3373,70,1,0,0
3374,148,1,0,0
3375,76,1,0,0
3376,99,1,0,0
3377,26,1,0,0
3378,106,1,0,0
3379,16,1,0,0
3380,26,1,0,0
3381,119,1,0,0
3382,65,1,0,0
3383,20,1,0,0
3384,85,1,0,0
3385,50,1,0,0
3386,12,1,0,0
3387,58,1,0,0
3388,73,1,0,0
3389,33,1,0,0
3390,189,1,0,0
3391,70,1,0,0
3392,74,1,0,0
3393,50,1,0,0
3394,75,1,0,0
3395,31,1,0,0
3396,90,1,0,0
3397,83,1,0,0
3398,50,1,0,0
3399,27,1,0,0
3400,147,1,0,0
3401,100,1,0,0
3402,35,1,0,0
3403,40,1,0,0
3404,147,1,0,0
3405,14,1,0,0
3406,79,1,0,0
3407,118,1,0,0
3408,13,1,0,0
3409,27,1,0,0
3410,130,1,0,0
3411,33,1,0,0
3412,32,1,0,0
3413,52,1,0,0
3414,163,1,0,0
3415,40,1,0,0
3416,37,1,0,0
3417,77,1,0,0
3418,44,1,0,0
3419,32,1,0,0
3420,24,1,0,0
3421,166,1,0,0
3422,103,1,0,0
3423,17,1,0,0
3424,11,1,0,0
3425,23,1,0,0
3426,56,1,0,0
3427,39,1,0,0
3428,45,1,0,0
3429,20,1,0,0
3430,16,1,0,0
3431,71,1,0,0
3432,153,1,0,0
3433,139,1,0,0
3434,82,1,0,0
3435,39,1,0,0
3436,150,1,0,0
3437,88,1,0,0
3438,40,1,0,0
3439,8,1,0,0
3440,63,1,0,0
3441,92,1,0,0
3442,20,1,0,0
3443,26,1,0,0
3444,53,1,0,0
3445,48,1,0,0
3446,106,1,0,0
3447,53,1,0,0
3448,34,1,0,0
3449,76,1,0,0
3450,59,1,0,0
3451,38,1,0,0
3452,120,1,0,0
3453,135,1,0,0
3454,47,1,0,0
3455,45,1,0,0
3456,81,1,0,0
3457,144,1,0,0
3458,80,1,0,0
3459,95,1,0,0
3460,60,1,0,0
3461,109,1,0,0
3462,51,1,0,0
3463,119,1,0,0
3464,33,1,0,0
3465,81,1,0,0
3466,56,1,0,0
3467,53,1,0,0
3468,39,1,0,0
3469,140,1,0,0
3470,73,1,0,0
3471,15,1,0,0
3472,61,1,0,0
3473,161,1,0,0
3474,43,1,0,0
3475,87,1,0,0
3476,129,1,0,0
3477,29,1,0,0
3478,30,1,0,0
3479,122,1,0,0
3480,76,1,0,0
3481,42,1,0,0
3482,85,1,0,0
3483,43,1,0,0
3484,32,1,0,0
3485,100,1,0,0
3486,38,1,0,0
3487,64,1,0,0
3488,85,1,0,0
3489,31,1,0,0
3490,141,1,0,0
3491,36,1,0,0
3492,68,1,0,0
3493,76,1,0,0
3494,60,1,0,0
3495,19,1,0,0
3496,139,1,0,0
3497,121,1,0,0
3498,68,1,0,0
3499,37,1,0,0
3500,23,1,0,0
3501,46,1,0,0
3502,69,1,0,0
3503,25,1,0,0
3504,70,1,0,0
3505,99,1,0,0
3506,33,1,0,0
3507,17,1,0,0
3508,98,1,0,0
3509,19,1,0,0
3510,17,1,0,0
3511,57,1,0,0
3512,19,1,0,0
3513,80,1,0,0
3514,14,1,0,0
3515,9,1,0,0
3516,38,1,0,0
3517,85,1,0,0
3518,67,1,0,0
3519,35,1,0,0
3520,32,1,0,0
3521,34,1,0,0
3522,109,1,0,0
3523,49,1,0,0
3524,47,1,0,0
3525,39,1,0,0
3526,47,1,0,0
3527,22,1,0,0
3528,106,1,0,0
3529,64,1,0,0
3530,81,1,0,0
3531,27,1,0,0
3532,69,1,0,0
3533,26,1,0,0
3534,66,1,0,0
3535,47,1,0,0
3536,40,1,0,0
3537,96,1,0,0
3538,55,1,0,0
3539,11,1,0,0
3540,62,1,0,0
3541,71,1,0,0
3542,123,1,0,0
3543,35,1,0,0
3544,17,1,0,0
3545,25,1,0,0
3546,38,1,0,0
3547,62,1,0,0
3548,69,1,0,0
3549,47,1,0,0
3550,52,1,0,0
3551,65,1,0,0
3552,50,1,0,0
3553,33,1,0,0
3554,76,1,0,0
3555,48,1,0,0
3556,84,1,0,0
3557,88,1,0,0
3558,44,1,0,0
3559,52,1,0,0
3560,11,1,0,0
3561,25,1,0,0
3562,45,1,0,0
3563,17,1,0,0
3564,25,1,0,0
3565,73,1,0,0
3566,63,1,0,0
3567,40,1,0,0
3568,38,1,0,0
3569,77,1,0,0
3570,26,1,0,0
3571,74,1,0,0
3572,37,1,0,0
3573,95,1,0,0
3574,36,1,0,0
3575,7,1,0,0
3576,159,1,0,0
3577,75,1,0,0
3578,22,1,0,0
3579,54,1,0,0
3580,21,1,0,0
3581,43,1,0,0
3582,140,1,0,0
3583,70,1,0,0
3584,82,1,0,0
3585,41,1,0,0
3586,70,1,0,0
3587,65,1,0,0
3588,55,1,0,0
3589,7,1,0,0
3590,195,1,0,0
3591,78,1,0,0
3592,71,1,0,0
3593,97,1,0,0
3594,50,1,0,0
3595,30,1,0,0
3596,174,1,0,0
3597,81,1,0,0
3598,79,1,0,0
3599,101,1,0,0
3600,151,1,0,0
3601,20,1,0,0
3602,91,1,0,0
3603,68,1,0,0
3604,32,1,0,0
3605,46,1,0,0
3606,35,1,0,0
3607,10,1,0,0
3608,17,1,0,0
3609,53,1,0,0
3610,90,1,0,0
3611,38,1,0,0
3612,60,1,0,0
3613,143,1,0,0
3614,17,1,0,0
3615,135,1,0,0
3616,28,1,0,0
3617,13,1,0,0
3618,81,1,0,0
3619,38,1,0,0
3620,58,1,0,0
3621,140,1,0,0
3622,15,1,0,0
3623,23,1,0,0
3624,129,1,0,0
3625,34,1,0,0
3626,83,1,0,0
3627,70,1,0,0
3628,33,1,0,0
3629,104,1,0,0
3630,156,1,0,0
3631,117,1,0,0
3632,49,1,0,0
3633,142,1,0,0
3634,21,1,0,0
3635,13,1,0,0
3636,26,1,0,0
3637,61,1,0,0
3638,140,1,0,0
3639,20,1,0,0
3640,22,1,0,0
3641,50,1,0,0
3642,128,1,0,0
3643,93,1,0,0
3644,72,1,0,0
3645,32,1,0,0
3646,28,1,0,0
3647,24,1,0,0
3648,99,1,0,0
3649,118,1,0,0
3650,80,1,0,0
3651,113,1,0,0
3652,119,1,0,0
3653,79,1,0,0
3654,224,1,0,0
3655,82,1,0,0
3656,41,1,0,0
3657,79,1,0,0
3658,25,1,0,0
3659,80,1,0,0
3660,216,1,0,0
3661,94,1,0,0
3662,75,1,0,0
3663,30,1,0,0
3664,47,1,0,0
3665,11,1,0,0
3666,177,1,0,0
3667,19,1,0,0
3668,56,1,0,0
3669,29,1,0,0
3670,46,1,0,0
3671,50,1,0,0
3672,57,1,0,0
3673,81,1,0,0
3674,14,1,0,0
3675,65,1,0,0
3676,103,1,0,0
3677,118,1,0,0
3678,120,1,0,0
3679,75,1,0,0
3680,27,1,0,0
3681,68,1,0,0
3682,30,1,0,0
3683,63,1,0,0
3684,10,1,0,0
3685,35,1,0,0
3686,71,1,0,0
3687,95,1,0,0
3688,13,1,0,0
3689,66,1,0,0
3690,225,1,0,0
3691,27,1,0,0
3692,92,1,0,0
3693,52,1,0,0
3694,132,1,0,0
3695,45,1,0,0
3696,98,1,0,0
3697,80,1,0,0
3698,46,1,0,0
3699,80,1,0,0
3700,49,1,0,0
3701,74,1,0,0
3702,61,1,0,0
3703,157,1,0,0
3704,12,1,0,0
3705,113,1,0,0
3706,19,1,0,0
3707,88,1,0,0
3708,45,1,0,0
3709,83,1,0,0
3710,27,1,0,0
3711,87,1,0,0
3712,121,1,0,0
3713,9,1,0,0
3714,140,1,0,0
3715,47,1,0,0
3716,57,1,0,0
3717,14,1,0,0
3718,19,1,0,0
3719,35,1,0,0
3720,52,1,0,0
3721,86,1,0,0
3722,93,1,0,0
3723,29,1,0,0
3724,65,1,0,0
3725,29,1,0,0
3726,110,1,0,0
3727,11,1,0,0
3728,83,1,0,0
3729,23,1,0,0
3730,108,1,0,0
3731,80,1,0,0
3732,74,1,0,0
3733,210,1,0,0
3734,11,1,0,0
3735,108,1,0,0
3736,26,1,0,0
3737,163,1,0,0
3738,62,1,0,0
3739,53,1,0,0
3740,63,1,0,0
3741,69,1,0,0
3742,15,1,0,0
3743,63,1,0,0
3744,46,1,0,0
3745,35,1,0,0
3746,17,1,0,0
3747,76,1,0,0
3748,47,1,0,0
3749,13,1,0,0
3750,28,1,0,0
3751,66,1,0,0
3752,122,1,0,0
3753,15,1,0,0
3754,112,1,0,0
3755,89,1,0,0
3756,83,1,0,0
3757,133,1,0,0
3758,39,1,0,0
3759,56,1,0,0
3760,50,1,0,0
3761,79,1,0,0
3762,49,1,0,0
3763,91,1,0,0
3764,24,1,0,0
3765,64,1,0,0
3766,71,1,0,0
3767,59,1,0,0
3768,74,1,0,0
3769,110,1,0,0
3770,58,1,0,0
3771,52,1,0,0
3772,74,1,0,0
3773,33,1,0,0
3774,55,1,0,0
3775,146,1,0,0
3776,48,1,0,0
3777,171,1,0,0
3778,71,1,0,0
3779,50,1,0,0
3780,54,1,0,0
3781,34,1,0,0
3782,62,1,0,0
3783,89,1,0,0
3784,9,1,0,0
3785,53,1,0,0
3786,108,1,0,0
3787,40,1,0,0
3788,41,1,0,0
3789,98,1,0,0
3790,37,1,0,0
3791,111,1,0,0
3792,284,1,0,0
3793,60,1,0,0
3794,106,1,0,0
3795,73,1,0,0
3796,41,1,0,0
3797,15,1,0,0
3798,20,1,0,0
3799,69,1,0,0
3800,57,1,0,0
3801,77,1,0,0
3802,140,1,0,0
3803,42,1,0,0
3804,43,1,0,0
3805,119,1,0,0
3806,97,1,0,0
3807,61,1,0,0
3808,33,1,0,0
3809,40,1,0,0
3810,13,1,0,0
3811,63,1,0,0
3812,179,1,0,0
3813,50,1,0,0
3814,94,1,0,0
3815,74,1,0,0
3816,54,1,0,0
3817,13,1,0,0
3818,95,1,0,0
3819,39,1,0,0
3820,26,1,0,0
3821,38,1,0,0
3822,42,1,0,0
3823,23,1,0,0
3824,27,1,0,0
3825,33,1,0,0
3826,42,1,0,0
3827,41,1,0,0
3828,55,1,0,0
3829,33,1,0,0
3830,85,1,0,0
3831,99,1,0,0
3832,32,1,0,0
3833,40,1,0,0
3834,29,1,0,0
3835,19,1,0,0
3836,62,1,0,0
3837,134,1,0,0
3838,122,1,0,0
3839,50,1,0,0
3840,119,1,0,0
3841,78,1,0,0
3842,72,1,0,0
3843,35,1,0,0
3844,34,1,0,0
3845,113,1,0,0
3846,101,1,0,0
3847,31,1,0,0
3848,37,1,0,0
3849,42,1,0,0
3850,88,1,0,0
3851,80,1,0,0
3852,44,1,0,0
3853,20,1,0,0
3854,128,1,0,0
3855,38,1,0,0
3856,68,1,0,0
3857,24,1,0,0
3858,38,1,0,0
3859,9,1,0,0
3860,134,1,0,0
3861,84,1,0,0
3862,41,1,0,0
3863,15,1,0,0
3864,63,1,0,0
3865,88,1,0,0
3866,70,1,0,0
3867,64,1,0,0
3868,13,1,0,0
3869,64,1,0,0
3870,50,1,0,0
3871,144,1,0,0
3872,133,1,0,0
3873,68,1,0,0
3874,32,1,0,0
3875,50,1,0,0
3876,37,1,0,0
3877,33,1,0,0
3878,75,1,0,0
3879,63,1,0,0
3880,120,1,0,0
3881,135,1,0,0
3882,66,1,0,0
3883,79,1,0,0
3884,106,1,0,0
3885,128,1,0,0
3886,98,1,0,0
3887,178,1,0,0
3888,24,1,0,0
3889,80,1,0,0
3890,27,1,0,0
3891,38,1,0,0
3892,21,1,0,0
3893,28,1,0,0
3894,56,1,0,0
3895,46,1,0,0
3896,92,1,0,0
3897,146,1,0,0
3898,59,1,0,0
3899,85,1,0,0
3900,21,1,0,0
3901,85,1,0,0
3902,68,1,0,0
3903,72,1,0,0
3904,59,1,0,0
3905,138,1,0,0
3906,57,1,0,0
3907,77,1,0,0
3908,40,1,0,0
3909,36,1,0,0
3910,70,1,0,0
3911,174,1,0,0
3912,59,1,0,0
3913,30,1,0,0
3914,12,1,0,0
3915,112,1,0,0
3916,11,1,0,0
3917,47,1,0,0
3918,137,1,0,0
3919,79,1,0,0
3920,48,1,0,0
3921,125,1,0,0
3922,80,1,0,0
3923,116,1,0,0
3924,60,1,0,0
3925,104,1,0,0
3926,35,1,0,0
3927,62,1,0,0
3928,161,1,0,0
3929,62,1,0,0
3930,67,1,0,0
3931,146,1,0,0
3932,41,1,0,0
3933,65,1,0,0
3934,21,1,0,0
3935,122,1,0,0
3936,81,1,0,0
3937,146,1,0,0
3938,37,1,0,0
3939,158,1,0,0
3940,112,1,0,0
3941,22,1,0,0
3942,61,1,0,0
3943,29,1,0,0
3944,20,1,0,0
3945,32,1,0,0
3946,37,1,0,0
3947,31,1,0,0
3948,82,1,0,0
3949,39,1,0,0
3950,41,1,0,0
3951,32,1,0,0
3952,50,1,0,0
3953,89,1,0,0
3954,94,1,0,0
3955,122,1,0,0
3956,15,1,0,0
3957,41,1,0,0
3958,25,1,0,0
3959,43,1,0,0
3960,114,1,0,0
3961,213,1,0,0
3962,42,1,0,0
3963,80,1,0,0
3964,26,1,0,0
3965,126,1,0,0
3966,164,1,0,0
3967,15,1,0,0
3968,47,1,0,0
3969,27,1,0,0
3970,26,1,0,0
3971,23,1,0,0
3972,70,1,0,0
3973,102,1,0,0
3974,190,1,0,0
3975,44,1,0,0
3976,159,1,0,0
3977,95,1,0,0
3978,133,1,0,0
3979,41,1,0,0
3980,37,1,0,0
3981,87,1,0,0
3982,92,1,0,0
3983,64,1,0,0
3984,31,1,0,0
3985,90,1,0,0
3986,135,1,0,0
3987,58,1,0,0
3988,67,1,0,0
3989,17,1,0,0
3990,29,1,0,0
3991,39,1,0,0
3992,66,1,0,0
3993,42,1,0,0
3994,119,1,0,0
3995,81,1,0,0
3996,246,1,0,0
3997,65,1,0,0
3998,26,1,0,0
3999,71,1,0,0
4000,24,1,0,0
4001,135,1,0,0
4002,38,1,0,0
4003,103,1,0,0
4004,155,1,0,0
4005,249,1,0,0
4006,135,1,0,0
4007,24,1,0,0
4008,128,1,0,0
4009,14,1,0,0
4010,46,1,0,0
4011,75,1,0,0
4012,18,1,0,0
4013,165,1,0,0
4014,47,1,0,0
4015,42,1,0,0
4016,67,1,0,0
4017,17,1,0,0
4018,69,1,0,0
4019,93,1,0,0
4020,31,1,0,0
4021,49,1,0,0
4022,43,1,0,0
4023,29,1,0,0
4024,127,1,0,0
4025,32,1,0,0
4026,32,1,0,0
4027,30,1,0,0
4028,44,1,0,0
4029,61,1,0,0
4030,90,1,0,0
4031,52,1,0,0
4032,20,1,0,0
4033,98,1,0,0
4034,32,1,0,0
4035,44,1,0,0
4036,164,1,0,0
4037,154,1,0,0
4038,13,1,0,0
4039,77,1,0,0
4040,19,1,0,0
4041,120,1,0,0
4042,61,1,0,0
4043,103,1,0,0
4044,116,1,0,0
4045,60,1,0,0
4046,59,1,0,0
4047,29,1,0,0
4048,105,1,0,0
4049,26,1,0,0
4050,71,1,0,0
4051,47,1,0,0
4052,109,1,0,0
4053,57,1,0,0
4054,81,1,0,0
4055,51,1,0,0
4056,21,1,0,0
4057,57,1,0,0
4058,141,1,0,0
4059,66,1,0,0
4060,120,1,0,0
4061,75,1,0,0
4062,58,1,0,0
4063,11,1,0,0
4064,122,1,0,0
4065,19,1,0,0
4066,105,1,0,0
4067,190,1,0,0
4068,150,1,0,0
4069,41,1,0,0
4070,30,1,0,0
4071,80,1,0,0
4072,84,1,0,0
4073,41,1,0,0
4074,155,1,0,0
4075,75,1,0,0
4076,49,1,0,0
4077,66,1,0,0
4078,60,1,0,0
4079,147,1,0,0
4080,63,1,0,0
4081,174,1,0,0
4082,16,1,0,0
4083,67,1,0,0
4084,25,1,0,0
4085,90,1,0,0
4086,47,1,0,0
4087,37,1,0,0
4088,27,1,0,0
4089,18,1,0,0
4090,37,1,0,0
4091,100,1,0,0
4092,12,1,0,0
4093,34,1,0,0
4094,70,1,0,0
4095,107,1,0,0
4096,158,1,0,0
4097,11,1,0,0
4098,21,1,0,0
4099,75,1,0,0
4100,68,1,0,0
4101,19,1,0,0
4102,132,1,0,0
4103,119,1,0,0
4104,44,1,0,0
4105,156,1,0,0
4106,87,1,0,0
4107,23,1,0,0
4108,21,1,0,0
4109,242,1,0,0
4110,97,1,0,0
4111,89,1,0,0
4112,196,1,0,0
4113,86,1,0,0
4114,25,1,0,0
4115,87,1,0,0
4116,60,1,0,0
4117,27,1,0,0
4118,58,1,0,0
4119,31,1,0,0
4120,47,1,0,0
4121,47,1,0,0
4122,32,1,0,0
4123,25,1,0,0
4124,24,1,0,0
4125,66,1,0,0
4126,99,1,0,0
4127,109,1,0,0
4128,28,1,0,0
4129,81,1,0,0
4130,70,1,0,0
4131,225,1,0,0
4132,45,1,0,0
4133,55,1,0,0
4134,44,1,0,0
4135,38,1,0,0
4136,82,1,0,0
4137,23,1,0,0
4138,47,1,0,0
4139,55,1,0,0
4140,18,1,0,0
4141,174,1,0,0
4142,76,1,0,0
4143,130,1,0,0
4144,108,1,0,0
4145,49,1,0,0
4146,72,1,0,0
4147,21,1,0,0
4148,110,1,0,0
4149,54,1,0,0
4150,73,1,0,0
4151,21,1,0,0
4152,49,1,0,0
4153,30,1,0,0
4154,42,1,0,0
4155,77,1,0,0
4156,55,1,0,0
4157,109,1,0,0
4158,40,1,0,0
4159,61,1,0,0
4160,95,1,0,0
4161,180,1,0,0
4162,74,1,0,0
4163,69,1,0,0
4164,84,1,0,0
4165,89,1,0,0
4166,41,1,0,0
4167,18,1,0,0
4168,77,1,0,0
4169,34,1,0,0
4170,34,1,0,0
4171,23,1,0,0
4172,95,1,0,0
4173,63,1,0,0
4174,142,1,0,0
4175,233,1,0,0
4176,19,1,0,0
4177,52,1,0,0
4178,67,1,0,0
4179,184,1,0,0
4180,38,1,0,0
4181,72,1,0,0
4182,45,1,0,0
4183,169,1,0,0
4184,106,1,0,0
4185,133,1,0,0
4186,108,1,0,0
4187,32,1,0,0
4188,73,1,0,0
4189,74,1,0,0
4190,164,1,0,0
4191,29,1,0,0
4192,85,1,0,0
4193,40,1,0,0
4194,24,1,0,0
4195,156,1,0,0
4196,76,1,0,0
4197,88,1,0,0
4198,54,1,0,0
4199,94,1,0,0
4200,35,1,0,0
4201,100,1,0,0
4202,13,1,0,0
4203,41,1,0,0
4204,51,1,0,0
4205,118,1,0,0
4206,132,1,0,0
4207,85,1,0,0
4208,42,1,0,0
4209,17,1,0,0
4210,25,1,0,0
4211,78,1,0,0
4212,50,1,0,0
4213,93,1,0,0
4214,145,1,0,0
4215,46,1,0,0
4216,70,1,0,0
4217,66,1,0,0
4218,42,1,0,0
4219,85,1,0,0
4220,134,1,0,0
4221,90,1,0,0
4222,26,1,0,0
4223,22,1,0,0
4224,39,1,0,0
4225,47,1,0,0
4226,39,1,0,0
4227,26,1,0,0
4228,77,1,0,0
4229,24,1,0,0
4230,170,1,0,0
4231,84,1,0,0
4232,107,1,0,0
4233,43,1,0,0
4234,42,1,0,0
4235,89,1,0,0
4236,31,1,0,0
4237,64,1,0,0
4238,87,1,0,0
4239,81,1,0,0
4240,57,1,0,0
4241,50,1,0,0
4242,9,1,0,0
4243,63,1,0,0
4244,35,1,0,0
4245,24,1,0,0
4246,112,1,0,0
4247,39,1,0,0
4248,49,1,0,0
4249,185,1,0,0
4250,15,1,0,0
4251,35,1,0,0
4252,106,1,0,0
4253,86,1,0,0
4254,16,1,0,0
4255,25,1,0,0
4256,37,1,0,0
4257,47,1,0,0
4258,21,1,0,0
4259,134,1,0,0
4260,38,1,0,0
4261,24,1,0,0
4262,34,1,0,0
4263,42,1,0,0
4264,33,1,0,0
4265,84,1,0,0
4266,77,1,0,0
4267,27,1,0,0
4268,25,1,0,0
4269,16,1,0,0
4270,97,1,0,0
4271,9,1,0,0
4272,18,1,0,0
4273,81,1,0,0
4274,62,1,0,0
4275,41,1,0,0
4276,80,1,0,0
4277,93,1,0,0
4278,74,1,0,0
4279,17,1,0,0
4280,35,1,0,0
4281,40,1,0,0
4282,48,1,0,0
4283,37,1,0,0
4284,32,1,0,0
4285,127,1,0,0
4286,36,1,0,0
4287,85,1,0,0
4288,113,1,0,0
4289,50,1,0,0
4290,51,1,0,0
4291,40,1,0,0
4292,58,1,0,0
4293,39,1,0,0
4294,57,1,0,0
4295,14,1,0,0
4296,113,1,0,0
4297,114,1,0,0
4298,170,1,0,0
4299,47,1,0,0
4300,115,1,0,0
4301,36,1,0,0
4302,117,1,0,0
4303,38,1,0,0
4304,77,1,0,0
4305,12,1,0,0
4306,72,1,0,0
4307,73,1,0,0
4308,81,1,0,0
4309,55,1,0,0
4310,18,1,0,0
4311,53,1,0,0
4312,48,1,0,0
4313,59,1,0,0
4314,56,1,0,0
4315,46,1,0,0
4316,116,1,0,0
4317,22,1,0,0
4318,116,1,0,0
4319,54,1,0,0
4320,84,1,0,0
4321,47,1,0,0
4322,16,1,0,0
4323,50,1,0,0
4324,34,1,0,0
4325,40,1,0,0
4326,32,1,0,0
4327,67,1,0,0
4328,101,1,0,0
4329,167,1,0,0
4330,35,1,0,0
4331,35,1,0,0
4332,155,1,0,0
4333,91,1,0,0
4334,33,1,0,0
4335,131,1,0,0
4336,72,1,0,0
4337,73,1,0,0
4338,28,1,0,0
4339,15,1,0,0
4340,76,1,0,0
4341,88,1,0,0
4342,26,1,0,0
4343,41,1,0,0
4344,92,1,0,0
4345,67,1,0,0
4346,66,1,0,0
4347,135,1,0,0
4348,125,1,0,0
4349,75,1,0,0
4350,34,1,0,0
4351,107,1,0,0
4352,69,1,0,0
4353,63,1,0,0
4354,15,1,0,0
4355,71,1,0,0
4356,48,1,0,0
4357,110,1,0,0
4358,16,1,0,0
4359,56,1,0,0
4360,78,1,0,0
4361,174,1,0,0
4362,13,1,0,0
4363,51,1,0,0
4364,216,1,0,0
4365,50,1,0,0
4366,40,1,0,0
4367,69,1,0,0
4368,31,1,0,0
4369,101,1,0,0
4370,60,1,0,0
4371,34,1,0,0
4372,12,1,0,0
4373,62,1,0,0
4374,67,1,0,0
4375,19,1,0,0
4376,21,1,0,0
4377,99,1,0,0
4378,16,1,0,0
4379,91,1,0,0
4380,13,1,0,0
4381,75,1,0,0
4382,173,1,0,0
4383,107,1,0,0
4384,34,1,0,0
4385,75,1,0,0
4386,37,1,0,0
4387,100,1,0,0
4388,54,1,0,0
4389,78,1,0,0
4390,54,1,0,0
4391,69,1,0,0
4392,17,1,0,0
4393,103,1,0,0
4394,85,1,0,0
4395,29,1,0,0
4396,24,1,0,0
4397,79,1,0,0
4398,75,1,0,0
4399,55,1,0,0
4400,72,1,0,0
4401,31,1,0,0
4402,43,1,0,0
4403,63,1,0,0
4404,17,1,0,0
4405,14,1,0,0
4406,93,1,0,0
4407,124,1,0,0
4408,68,1,0,0
4409,29,1,0,0
4410,193,1,0,0
4411,56,1,0,0
4412,122,1,0,0
4413,38,1,0,0
4414,14,1,0,0
4415,50,1,0,0
4416,60,1,0,0
4417,127,1,0,0
4418,81,1,0,0
4419,66,1,0,0
4420,34,1,0,0
4421,29,1,0,0
4422,134,1,0,0
4423,61,1,0,0
4424,81,1,0,0
4425,298,1,0,0
4426,41,1,0,0
4427,105,1,0,0
4428,28,1,0,0
4429,23,1,0,0
4430,170,1,0,0
4431,10,1,0,0
4432,53,1,0,0
4433,179,1,0,0
4434,32,1,0,0
4435,24,1,0,0
4436,92,1,0,0
4437,61,1,0,0
4438,138,1,0,0
4439,151,1,0,0
4440,27,1,0,0
4441,90,1,0,0
4442,21,1,0,0
4443,38,1,0,0
4444,25,1,0,0
4445,16,1,0,0
4446,122,1,0,0
4447,57,1,0,0
4448,49,1,0,0
4449,136,1,0,0
4450,27,1,0,0
4451,80,1,0,0
4452,114,1,0,0
4453,149,1,0,0
4454,19,1,0,0
4455,8,1,0,0
4456,36,1,0,0
4457,35,1,0,0
4458,58,1,0,0
4459,52,1,0,0
4460,85,1,0,0
4461,203,1,0,0
4462,127,1,0,0
4463,64,1,0,0
4464,21,1,0,0
4465,37,1,0,0
4466,12,1,0,0
4467,68,1,0,0
4468,53,1,0,0
4469,140,1,0,0
4470,59,1,0,0
4471,58,1,0,0
4472,12,1,0,0
4473,51,1,0,0
4474,56,1,0,0
4475,15,1,0,0
4476,46,1,0,0
4477,25,1,0,0
4478,54,1,0,0
4479,45,1,0,0
4480,70,1,0,0
4481,93,1,0,0
4482,79,1,0,0
4483,21,1,0,0
4484,84,1,0,0
4485,120,1,0,0
4486,33,1,0,0
4487,115,1,0,0
4488,119,1,0,0
4489,73,1,0,0
4490,107,1,0,0
4491,43,1,0,0
4492,89,1,0,0
4493,181,1,0,0
4494,176,1,0,0
4495,26,1,0,0
4496,43,1,0,0
4497,141,1,0,0
4498,30,1,0,0
4499,43,1,0,0
4500,44,1,0,0
4501,160,1,0,0
4502,126,1,0,0
4503,80,1,0,0
4504,67,1,0,0
4505,48,1,0,0
4506,52,1,0,0
4507,62,1,0,0
4508,23,1,0,0
4509,137,1,0,0
4510,36,1,0,0
4511,58,1,0,0
4512,56,1,0,0
4513,79,1,0,0
4514,64,1,0,0
4515,69,1,0,0
4516,116,1,0,0
4517,29,1,0,0
4518,74,1,0,0
4519,51,1,0,0
4520,18,1,0,0
4521,17,1,0,0
4522,35,1,0,0
4523,18,1,0,0
4524,56,1,0,0
4525,31,1,0,0
4526,108,1,0,0
4527,18,1,0,0
4528,11,1,0,0
4529,135,1,0,0
4530,62,1,0,0
4531,206,1,0,0
4532,98,1,0,0
4533,29,1,0,0
4534,169,1,0,0
4535,81,1,0,0
4536,78,1,0,0
4537,57,1,0,0
4538,50,1,0,0
4539,57,1,0,0
4540,74,1,0,0
4541,100,1,0,0
4542,13,1,0,0
4543,50,1,0,0
4544,48,1,0,0
4545,96,1,0,0
4546,71,1,0,0
4547,128,1,0,0
4548,173,1,0,0
4549,45,1,0,0
4550,67,1,0,0
4551,145,1,0,0
4552,101,1,0,0
4553,54,1,0,0
4554,48,1,0,0
4555,13,1,0,0
4556,50,1,0,0
4557,113,1,0,0
4558,62,1,0,0
4559,105,1,0,0
4560,59,1,0,0
4561,113,1,0,0
4562,74,1,0,0
4563,79,1,0,0
4564,115,1,0,0
4565,64,1,0,0
4566,18,1,0,0
4567,35,1,0,0
4568,89,1,0,0
4569,37,1,0,0
4570,156,1,0,0
4571,71,1,0,0
4572,18,1,0,0
4573,162,1,0,0
4574,59,1,0,0
4575,31,1,0,0
4576,51,1,0,0
4577,140,1,0,0
4578,25,1,0,0
4579,31,1,0,0
4580,125,1,0,0
4581,21,1,0,0
4582,49,1,0,0
4583,87,1,0,0
4584,127,1,0,0
4585,59,1,0,0
4586,38,1,0,0
4587,51,1,0,0
4588,14,1,0,0
4589,34,1,0,0
4590,127,1,0,0
4591,30,1,0,0
4592,34,1,0,0
4593,121,1,0,0
4594,28,1,0,0
4595,17,1,0,0
4596,75,1,0,0
4597,41,1,0,0
4598,47,1,0,0
4599,64,1,0,0
4600,45,1,0,0
4601,39,1,0,0
4602,125,1,0,0
4603,210,1,0,0
4604,22,1,0,0
4605,16,1,0,0
4606,13,1,0,0
4607,45,1,0,0
4608,19,1,0,0
4609,50,1,0,0
4610,46,1,0,0
4611,156,1,0,0
4612,91,1,0,0
4613,34,1,0,0
4614,84,1,0,0
4615,61,1,0,0
4616,311,1,0,0
4617,57,1,0,0
4618,43,1,0,0
4619,26,1,0,0
4620,11,1,0,0
4621,59,1,0,0
4622,81,1,0,0
4623,22,1,0,0
4624,91,1,0,0
4625,27,1,0,0
4626,24,1,0,0
4627,90,1,0,0
4628,121,1,0,0
4629,36,1,0,0
4630,56,1,0,0
4631,70,1,0,0
4632,31,1,0,0
4633,144,1,0,0
4634,22,1,0,0
4635,50,1,0,0
4636,34,1,0,0
4637,50,1,0,0
4638,89,1,0,0
4639,55,1,0,0
4640,72,1,0,0
4641,152,1,0,0
4642,125,1,0,0
4643,21,1,0,0
4644,88,1,0,0
4645,13,1,0,0
4646,70,1,0,0
4647,110,1,0,0
4648,76,1,0,0
4649,77,1,0,0
4650,73,1,0,0
4651,76,1,0,0
4652,109,1,0,0
4653,22,1,0,0
4654,109,1,0,0
4655,19,1,0,0
4656,39,1,0,0
4657,156,1,0,0
4658,118,1,0,0
4659,161,1,0,0
4660,13,1,0,0
4661,46,1,0,0
4662,115,1,0,0
4663,84,1,0,0
4664,17,1,0,0
4665,21,1,0,0
4666,24,1,0,0
4667,32,1,0,0
4668,108,1,0,0
4669,197,1,0,0
4670,31,1,0,0
4671,21,1,0,0
4672,61,1,0,0
4673,48,1,0,0
4674,16,1,0,0
4675,48,1,0,0
4676,9,1,0,0
4677,14,1,0,0
4678,28,1,0,0
4679,73,1,0,0
4680,56,1,0,0
4681,32,1,0,0
4682,28,1,0,0
4683,20,1,0,0
4684,192,1,0,0
4685,126,1,0,0
4686,52,1,0,0
4687,55,1,0,0
4688,31,1,0,0
4689,43,1,0,0
4690,75,1,0,0
4691,34,1,0,0
4692,93,1,0,0
4693,34,1,0,0
4694,113,1,0,0
4695,141,1,0,0
4696,97,1,0,0
4697,97,1,0,0
4698,54,1,0,0
4699,33,1,0,0
4700,78,1,0,0
4701,42,1,0,0
4702,123,1,0,0
4703,111,1,0,0
4704,161,1,0,0
4705,159,1,0,0
4706,101,1,0,0
4707,57,1,0,0
4708,68,1,0,0
4709,70,1,0,0
4710,20,1,0,0
4711,98,1,0,0
4712,23,1,0,0
4713,110,1,0,0
4714,100,1,0,0
4715,110,1,0,0
4716,15,1,0,0
4717,56,1,0,0
4718,60,1,0,0
4719,123,1,0,0
4720,159,1,0,0
4721,69,1,0,0
4722,64,1,0,0
4723,115,1,0,0
4724,106,1,0,0
4725,30,1,0,0
4726,135,1,0,0
4727,80,1,0,0
4728,115,1,0,0
4729,62,1,0,0
4730,87,1,0,0
4731,72,1,0,0
4732,43,1,0,0
4733,84,1,0,0
4734,76,1,0,0
4735,49,1,0,0
4736,75,1,0,0
4737,46,1,0,0
4738,58,1,0,0
4739,25,1,0,0
4740,60,1,0,0
4741,80,1,0,0
4742,44,1,0,0
4743,21,1,0,0
4744,91,1,0,0
4745,31,1,0,0
4746,15,1,0,0
4747,29,1,0,0
4748,32,1,0,0
4749,47,1,0,0
4750,41,1,0,0
4751,37,1,0,0
4752,117,1,0,0
4753,33,1,0,0
4754,179,1,0,0
4755,54,1,0,0
4756,13,1,0,0
4757,198,1,0,0
4758,182,1,0,0
4759,9,1,0,0
4760,104,1,0,0
4761,113,1,0,0
4762,14,1,0,0
4763,154,1,0,0
4764,12,1,0,0
4765,21,1,0,0
4766,44,1,0,0
4767,212,1,0,0
4768,50,1,0,0
4769,33,1,0,0
4770,118,1,0,0
4771,73,1,0,0
4772,116,1,0,0
4773,25,1,0,0
4774,73,1,0,0
4775,66,1,0,0
4776,22,1,0,0
4777,55,1,0,0
4778,114,1,0,0
4779,59,1,0,0
4780,69,1,0,0
4781,49,1,0,0
4782,31,1,0,0
4783,100,1,0,0
4784,11,1,0,0
4785,108,1,0,0
4786,59,1,0,0
4787,69,1,0,0
4788,107,1,0,0
4789,259,1,0,0
4790,109,1,0,0
4791,25,1,0,0
4792,80,1,0,0
4793,39,1,0,0
4794,60,1,0,0
4795,21,1,0,0
4796,117,1,0,0
4797,69,1,0,0
4798,20,1,0,0
4799,90,1,0,0
4800,61,1,0,0
4801,40,1,0,0
4802,93,1,0,0
4803,92,1,0,0
4804,79,1,0,0
4805,26,1,0,0
4806,24,1,0,0
4807,41,1,0,0
4808,36,1,0,0
4809,12,1,0,0
4810,121,1,0,0
4811,128,1,0,0
4812,27,1,0,0
4813,86,1,0,0
4814,153,1,0,0
4815,13,1,0,0
4816,58,1,0,0
4817,245,1,0,0
4818,80,1,0,0
4819,52,1,0,0
4820,30,1,0,0
4821,63,1,0,0
4822,80,1,0,0
4823,13,1,0,0
4824,66,1,0,0
4825,17,1,0,0
4826,38,1,0,0
4827,69,1,0,0
4828,53,1,0,0
4829,111,1,0,0
4830,118,1,0,0
4831,102,1,0,0
4832,119,1,0,0
4833,66,1,0,0
4834,22,1,0,0
4835,65,1,0,0
4836,37,1,0,0
4837,103,1,0,0
4838,99,1,0,0
4839,43,1,0,0
4840,89,1,0,0
4841,15,1,0,0
4842,147,1,0,0
4843,20,1,0,0
4844,20,1,0,0
4845,93,1,0,0
4846,17,1,0,0
4847,51,1,0,0
4848,59,1,0,0
4849,96,1,0,0
4850,63,1,0,0
4851,54,1,0,0
4852,73,1,0,0
4853,31,1,0,0
4854,109,1,0,0
4855,22,1,0,0
4856,74,1,0,0
4857,115,1,0,0
4858,43,1,0,0
4859,150,1,0,0
4860,15,1,0,0
4861,23,1,0,0
4862,46,1,0,0
4863,15,1,0,0
4864,51,1,0,0
4865,132,1,0,0
4866,75,1,0,0
4867,67,1,0,0
4868,228,1,0,0
4869,17,1,0,0
4870,18,1,0,0
4871,89,1,0,0
4872,88,1,0,0
4873,29,1,0,0
4874,47,1,0,0
4875,32,1,0,0
4876,176,1,0,0
4877,65,1,0,0
4878,55,1,0,0
4879,110,1,0,0
4880,155,1,0,0
4881,16,1,0,0
4882,95,1,0,0
4883,67,1,0,0
4884,84,1,0,0
4885,99,1,0,0
4886,72,1,0,0
4887,68,1,0,0
4888,32,1,0,0
4889,68,1,0,0
4890,104,1,0,0
4891,83,1,0,0
4892,72,1,0,0
4893,24,1,0,0
4894,24,1,0,0
4895,39,1,0,0
4896,52,1,0,0
4897,66,1,0,0
4898,83,1,0,0
4899,128,1,0,0
4900,176,1,0,0
4901,9,1,0,0
4902,30,1,0,0
4903,74,1,0,0
4904,70,1,0,0
4905,52,1,0,0
4906,26,1,0,0
4907,97,1,0,0
4908,40,1,0,0
4909,51,1,0,0
4910,105,1,0,0
4911,39,1,0,0
4912,59,1,0,0
4913,190,1,0,0
4914,50,1,0,0
4915,85,1,0,0
4916,48,1,0,0
4917,55,1,0,0
4918,35,1,0,0
4919,29,1,0,0
4920,56,1,0,0
4921,77,1,0,0
4922,119,1,0,0
4923,61,1,0,0
4924,189,1,0,0
4925,23,1,0,0
4926,20,1,0,0
4927,74,1,0,0
4928,53,1,0,0
4929,54,1,0,0
4930,29,1,0,0
4931,50,1,0,0
4932,77,1,0,0
4933,31,1,0,0
4934,170,1,0,0
4935,153,1,0,0
4936,26,1,0,0
4937,57,1,0,0
4938,69,1,0,0
4939,56,1,0,0
4940,133,1,0,0
4941,26,1,0,0
4942,43,1,0,0
4943,68,1,0,0
4944,83,1,0,0
4945,103,1,0,0
4946,45,1,0,0
4947,58,1,0,0
4948,258,1,0,0
4949,110,1,0,0
4950,215,1,0,0
4951,37,1,0,0
4952,78,1,0,0
4953,38,1,0,0
4954,54,1,0,0
4955,26,1,0,0
4956,76,1,0,0
4957,33,1,0,0
4958,41,1,0,0
4959,34,1,0,0
4960,36,1,0,0
4961,51,1,0,0
4962,40,1,0,0
4963,136,1,0,0
4964,100,1,0,0
4965,21,1,0,0
4966,32,1,0,0
4967,40,1,0,0
4968,121,1,0,0
4969,78,1,0,0
4970,28,1,0,0
4971,45,1,0,0
4972,127,1,0,0
4973,77,1,0,0
4974,23,1,0,0
4975,104,1,0,0
4976,136,1,0,0
4977,111,1,0,0
4978,24,1,0,0
4979,42,1,0,0
4980,39,1,0,0
4981,148,1,0,0
4982,84,1,0,0
4983,28,1,0,0
4984,36,1,0,0
4985,25,1,0,0
4986,129,1,0,0
4987,86,1,0,0
4988,25,1,0,0
4989,63,1,0,0
4990,59,1,0,0
4991,118,1,0,0
4992,81,1,0,0
4993,94,1,0,0
4994,257,1,0,0
4995,29,1,0,0
4996,95,1,0,0
4997,171,1,0,0
4998,18,1,0,0
4999,40,1,0,0
5000,104,1,0,0
5001,13,1,0,0
5002,126,1,0,0
5003,11,1,0,0
5004,28,1,0,0
5005,66,1,0,0
5006,92,1,0,0
5007,112,1,0,0
5008,132,1,0,0
5009,103,1,0,0
5010,102,1,0,0
5011,22,1,0,0
5012,53,1,0,0
5013,101,1,0,0
5014,154,1,0,0
5015,40,1,0,0
5016,38,1,0,0
5017,109,1,0,0
5018,57,1,0,0
5019,125,1,0,0
5020,73,1,0,0
5021,95,1,0,0
5022,34,1,0,0
5023,113,1,0,0
5024,71,1,0,0
5025,22,1,0,0
5026,197,1,0,0
5027,77,1,0,0
5028,58,1,0,0
5029,53,1,0,0
5030,180,1,0,0
5031,36,1,0,0
5032,120,1,0,0
5033,77,1,0,0
5034,11,1,0,0
5035,69,1,0,0
5036,179,1,0,0
5037,27,1,0,0
5038,69,1,0,0
5039,23,1,0,0
5040,55,1,0,0
5041,21,1,0,0
5042,49,1,0,0
5043,69,1,0,0
5044,43,1,0,0
5045,114,1,0,0
5046,37,1,0,0
5047,19,1,0,0
5048,121,1,0,0
5049,210,1,0,0
5050,61,1,0,0
5051,143,1,0,0
5052,59,1,0,0
5053,157,1,0,0
5054,56,1,0,0
5055,83,1,0,0
5056,83,1,0,0
5057,232,1,0,0
5058,35,1,0,0
5059,160,1,0,0
5060,136,1,0,0
5061,107,1,0,0
5062,99,1,0,0
5063,198,1,0,0
5064,32,1,0,0
5065,21,1,0,0
5066,88,1,0,0
5067,74,1,0,0
5068,172,1,0,0
5069,18,1,0,0
5070,99,1,0,0
5071,32,1,0,0
5072,117,1,0,0
5073,62,1,0,0
5074,37,1,0,0
5075,137,1,0,0
5076,125,1,0,0
5077,43,1,0,0
5078,57,1,0,0
5079,26,1,0,0
5080,129,1,0,0
5081,35,1,0,0
5082,21,1,0,0
5083,7,1,0,0
5084,22,1,0,0
5085,22,1,0,0
5086,33,1,0,0
5087,45,1,0,0
5088,43,1,0,0
5089,97,1,0,0
5090,9,1,0,0
5091,11,1,0,0
5092,19,1,0,0
5093,61,1,0,0
5094,85,1,0,0
5095,23,1,0,0
5096,60,1,0,0
5097,71,1,0,0
5098,107,1,0,0
5099,134,1,0,0
5100,188,1,0,0
5101,30,1,0,0
5102,101,1,0,0
5103,31,1,0,0
5104,62,1,0,0
5105,65,1,0,0
5106,102,1,0,0
5107,53,1,0,0
5108,87,1,0,0
5109,118,1,0,0
5110,79,1,0,0
5111,26,1,0,0
5112,96,1,0,0
5113,109,1,0,0
5114,100,1,0,0
5115,78,1,0,0
5116,134,1,0,0
5117,21,1,0,0
5118,55,1,0,0
5119,21,1,0,0
5120,77,1,0,0
5121,115,1,0,0
5122,22,1,0,0
5123,20,1,0,0
5124,234,1,0,0
5125,23,1,0,0
5126,97,1,0,0
5127,32,1,0,0
5128,159,1,0,0
5129,88,1,0,0
5130,87,1,0,0
5131,44,1,0,0
5132,85,1,0,0
5133,107,1,0,0
5134,216,1,0,0
5135,76,1,0,0
5136,162,1,0,0
5137,84,1,0,0
5138,133,1,0,0
5139,41,1,0,0
5140,21,1,0,0
5141,42,1,0,0
5142,49,1,0,0
5143,52,1,0,0
5144,21,1,0,0
5145,48,1,0,0
5146,265,1,0,0
5147,45,1,0,0
5148,79,1,0,0
5149,33,1,0,0
5150,51,1,0,0
5151,51,1,0,0
5152,182,1,0,0
5153,37,1,0,0
5154,143,1,0,0
5155,58,1,0,0
5156,34,1,0,0
5157,93,1,0,0
5158,211,1,0,0
5159,41,1,0,0
5160,69,1,0,0
5161,94,1,0,0
5162,134,1,0,0
5163,113,1,0,0
5164,40,1,0,0
5165,15,1,0,0
5166,128,1,0,0
5167,153,1,0,0
5168,30,1,0,0
5169,13,1,0,0
5170,30,1,0,0
5171,24,1,0,0
5172,43,1,0,0
5173,17,1,0,0
5174,71,1,0,0
5175,143,1,0,0
5176,14,1,0,0
5177,63,1,0,0
5178,18,1,0,0
5179,24,1,0,0
5180,43,1,0,0
5181,50,1,0,0
5182,49,1,0,0
5183,20,1,0,0
5184,126,1,0,0
5185,19,1,0,0
5186,82,1,0,0
5187,42,1,0,0
5188,41,1,0,0
5189,31,1,0,0
5190,68,1,0,0
5191,67,1,0,0
5192,105,1,0,0
5193,14,1,0,0
5194,64,1,0,0
5195,48,1,0,0
5196,146,1,0,0
5197,256,1,0,0
5198,78,1,0,0
5199,32,1,0,0
5200,55,1,0,0
5201,21,1,0,0
5202,83,1,0,0
5203,24,1,0,0
5204,144,1,0,0
5205,115,1,0,0
5206,55,1,0,0
5207,104,1,0,0
5208,89,1,0,0
5209,8,1,0,0
5210,61,1,0,0
5211,54,1,0,0
5212,72,1,0,0
5213,74,1,0,0
5214,121,1,0,0
5215,50,1,0,0
5216,114,1,0,0
5217,94,1,0,0
5218,110,1,0,0
5219,77,1,0,0
5220,104,1,0,0
5221,130,1,0,0
5222,119,1,0,0
5223,35,1,0,0
5224,330,1,0,0
5225,29,1,0,0
5226,68,1,0,0
5227,56,1,0,0
5228,79,1,0,0
5229,28,1,0,0
5230,71,1,0,0
5231,10,1,0,0
5232,90,1,0,0
5233,53,1,0,0
5234,40,1,0,0
5235,34,1,0,0
5236,122,1,0,0
5237,65,1,0,0
5238,23,1,0,0
5239,34,1,0,0
5240,32,1,0,0
5241,146,1,0,0
5242,58,1,0,0
5243,94,1,0,0
5244,39,1,0,0
5245,26,1,0,0
5246,53,1,0,0
5247,105,1,0,0
5248,65,1,0,0
5249,39,1,0,0
5250,107,1,0,0
5251,117,1,0,0
5252,137,1,0,0
5253,47,1,0,0
5254,205,1,0,0
5255,30,1,0,0
5256,16,1,0,0
5257,47,1,0,0
5258,33,1,0,0
5259,59,1,0,0
5260,57,1,0,0
5261,37,1,0,0
5262,61,1,0,0
5263,244,1,0,0
5264,253,1,0,0
5265,129,1,0,0
5266,111,1,0,0
5267,61,1,0,0
5268,39,1,0,0
5269,19,1,0,0
5270,65,1,0,0
5271,205,1,0,0
5272,26,1,0,0
5273,83,1,0,0
5274,181,1,0,0
5275,93,1,0,0
5276,68,1,0,0
5277,78,1,0,0
5278,71,1,0,0
5279,62,1,0,0
5280,39,1,0,0
5281,87,1,0,0
5282,11,1,0,0
5283,95,1,0,0
5284,37,1,0,0
5285,78,1,0,0
5286,74,1,0,0
5287,265,1,0,0
5288,84,1,0,0
5289,54,1,0,0
5290,86,1,0,0
5291,52,1,0,0
5292,30,1,0,0
5293,109,1,0,0
5294,41,1,0,0
5295,122,1,0,0
5296,167,1,0,0
5297,35,1,0,0
5298,25,1,0,0
5299,90,1,0,0
5300,22,1,0,0
5301,61,1,0,0
5302,97,1,0,0
5303,17,1,0,0
5304,110,1,0,0
5305,35,1,0,0
5306,32,1,0,0
5307,27,1,0,0
5308,79,1,0,0
5309,104,1,0,0
5310,39,1,0,0
5311,61,1,0,0
5312,120,1,0,0
5313,75,1,0,0
5314,56,1,0,0
5315,74,1,0,0
5316,121,1,0,0
5317,39,1,0,0
5318,53,1,0,0
5319,87,1,0,0
5320,40,1,0,0
5321,78,1,0,0
5322,60,1,0,0
5323,64,1,0,0
5324,9,1,0,0
5325,119,1,0,0
5326,40,1,0,0
5327,16,1,0,0
5328,23,1,0,0
5329,97,1,0,0
5330,24,1,0,0
5331,75,1,0,0
5332,37,1,0,0
5333,61,1,0,0
5334,137,1,0,0
5335,170,1,0,0
5336,38,1,0,0
5337,59,1,0,0
5338,9,1,0,0
5339,73,1,0,0
5340,55,1,0,0
5341,28,1,0,0
5342,40,1,0,0
5343,25,1,0,0
5344,47,1,0,0
5345,29,1,0,0
5346,145,1,0,0
5347,53,1,0,0
5348,31,1,0,0
5349,45,1,0,0
5350,34,1,0,0
5351,35,1,0,0
5352,31,1,0,0
5353,32,1,0,0
5354,53,1,0,0
5355,53,1,0,0
5356,116,1,0,0
5357,106,1,0,0
5358,83,1,0,0
5359,18,1,0,0
5360,7,1,0,0
5361,160,1,0,0
5362,93,1,0,0
5363,46,1,0,0
5364,41,1,0,0
5365,116,1,0,0
5366,94,1,0,0
5367,38,1,0,0
5368,251,1,0,0
5369,56,1,0,0
5370,18,1,0,0
5371,222,1,0,0
5372,51,1,0,0
5373,48,1,0,0
5374,11,1,0,0
5375,21,1,0,0
5376,168,1,0,0
5377,72,1,0,0
5378,25,1,0,0
5379,75,1,0,0
5380,53,1,0,0
5381,112,1,0,0
5382,23,1,0,0
5383,166,1,0,0
5384,95,1,0,0
5385,76,1,0,0
5386,70,1,0,0
5387,222,1,0,0
5388,116,1,0,0
5389,27,1,0,0
5390,70,1,0,0
5391,64,1,0,0
5392,40,1,0,0
5393,11,1,0,0
5394,34,1,0,0
5395,74,1,0,0
5396,95,1,0,0
5397,97,1,0,0
5398,29,1,0,0
5399,23,1,0,0
5400,31,1,0,0
5401,45,1,0,0
5402,46,1,0,0
5403,19,1,0,0
5404,20,1,0,0
5405,25,1,0,0
5406,18,1,0,0
5407,103,1,0,0
5408,21,1,0,0
5409,47,1,0,0
5410,8,1,0,0
5411,19,1,0,0
5412,119,1,0,0
5413,164,1,0,0
5414,223,1,0,0
5415,83,1,0,0
5416,20,1,0,0
5417,97,1,0,0
5418,31,1,0,0
5419,12,1,0,0
5420,26,1,0,0
5421,24,1,0,0
5422,113,1,0,0
5423,146,1,0,0
5424,94,1,0,0
5425,167,1,0,0
5426,118,1,0,0
5427,146,1,0,0
5428,73,1,0,0
5429,72,1,0,0
5430,13,1,0,0
5431,9,1,0,0
5432,67,1,0,0
5433,155,1,0,0
5434,31,1,0,0
5435,26,1,0,0
5436,247,1,0,0
5437,56,1,0,0
5438,48,1,0,0
5439,132,1,0,0
5440,48,1,0,0
5441,64,1,0,0
5442,16,1,0,0
5443,127,1,0,0
5444,63,1,0,0
5445,26,1,0,0
5446,44,1,0,0
5447,44,1,0,0
5448,132,1,0,0
5449,50,1,0,0
5450,76,1,0,0
5451,64,1,0,0
5452,60,1,0,0
5453,48,1,0,0
5454,241,1,0,0
5455,18,1,0,0
5456,32,1,0,0
5457,43,1,0,0
5458,36,1,0,0
5459,39,1,0,0
5460,57,1,0,0
5461,134,1,0,0
5462,33,1,0,0
5463,12,1,0,0
5464,54,1,0,0
5465,37,1,0,0
5466,106,1,0,0
5467,166,1,0,0
5468,104,1,0,0
5469,129,1,0,0
5470,40,1,0,0
5471,76,1,0,0
5472,67,1,0,0
5473,100,1,0,0
5474,22,1,0,0
5475,19,1,0,0
5476,116,1,0,0
5477,174,1,0,0
5478,147,1,0,0
5479,98,1,0,0
5480,178,1,0,0
5481,95,1,0,0
5482,9,1,0,0
5483,135,1,0,0
5484,38,1,0,0
5485,71,1,0,0
5486,173,1,0,0
5487,106,1,0,0
5488,31,1,0,0
5489,64,1,0,0
5490,27,1,0,0
5491,90,1,0,0
5492,131,1,0,0
5493,70,1,0,0
5494,42,1,0,0
5495,105,1,0,0
5496,47,1,0,0
5497,259,1,0,0
5498,87,1,0,0
5499,95,1,0,0
5500,27,1,0,0
5501,61,1,0,0
5502,48,1,0,0
5503,76,1,0,0
5504,109,1,0,0
5505,15,1,0,0
5506,11,1,0,0
5507,113,1,0,0
5508,42,1,0,0
5509,232,1,0,0
5510,41,1,0,0
5511,118,1,0,0
5512,165,1,0,0
5513,73,1,0,0
5514,71,1,0,0
5515,11,1,0,0
5516,85,1,0,0
5517,66,1,0,0
5518,74,1,0,0
5519,28,1,0,0
5520,71,1,0,0
5521,101,1,0,0
5522,100,1,0,0
5523,125,1,0,0
5524,75,1,0,0
5525,83,1,0,0
5526,82,1,0,0
5527,61,1,0,0
5528,28,1,0,0
5529,9,1,0,0
5530,23,1,0,0
5531,52,1,0,0
5532,21,1,0,0
5533,28,1,0,0
5534,30,1,0,0
5535,70,1,0,0
5536,58,1,0,0
5537,34,1,0,0
5538,79,1,0,0
5539,85,1,0,0
5540,46,1,0,0
5541,58,1,0,0
5542,38,1,0,0
5543,56,1,0,0
5544,149,1,0,0
5545,68,1,0,0
5546,38,1,0,0
5547,43,1,0,0
5548,16,1,0,0
5549,27,1,0,0
5550,62,1,0,0
5551,51,1,0,0
5552,47,1,0,0
5553,44,1,0,0
5554,70,1,0,0
5555,35,1,0,0
5556,40,1,0,0
5557,79,1,0,0
5558,26,1,0,0
5559,15,1,0,0
5560,44,1,0,0
5561,132,1,0,0
5562,20,1,0,0
5563,45,1,0,0
5564,17,1,0,0
5565,27,1,0,0
5566,69,1,0,0
5567,166,1,0,0
5568,66,1,0,0
5569,66,1,0,0
5570,27,1,0,0
5571,63,1,0,0
5572,142,1,0,0
5573,44,1,0,0
5574,71,1,0,0
5575,132,1,0,0
5576,48,1,0,0
5577,93,1,0,0
5578,79,1,0,0
5579,52,1,0,0
5580,80,1,0,0
5581,15,1,0,0
5582,13,1,0,0
5583,68,1,0,0
5584,186,1,0,0
5585,142,1,0,0
5586,83,1,0,0
5587,31,1,0,0
5588,59,1,0,0
5589,130,1,0,0
5590,208,1,0,0
5591,25,1,0,0
5592,151,1,0,0
5593,73,1,0,0
5594,25,1,0,0
5595,122,1,0,0
5596,71,1,0,0
5597,40,1,0,0
5598,78,1,0,0
5599,16,1,0,0
5600,42,1,0,0
5601,100,1,0,0
5602,33,1,0,0
5603,28,1,0,0
5604,181,1,0,0
5605,31,1,0,0
5606,156,1,0,0
5607,155,1,0,0
5608,44,1,0,0
5609,24,1,0,0
5610,138,1,0,0
5611,16,1,0,0
5612,22,1,0,0
5613,116,1,0,0
5614,18,1,0,0
5615,104,1,0,0
5616,48,1,0,0
5617,172,1,0,0
5618,69,1,0,0
5619,63,1,0,0
5620,56,1,0,0
5621,13,1,0,0
5622,52,1,0,0
5623,28,1,0,0
5624,41,1,0,0
5625,111,1,0,0
5626,53,1,0,0
5627,69,1,0,0
5628,84,1,0,0
5629,9,1,0,0
5630,25,1,0,0
5631,95,1,0,0
5632,27,1,0,0
5633,36,1,0,0
5634,137,1,0,0
5635,125,1,0,0
5636,53,1,0,0
5637,156,1,0,0
5638,150,1,0,0
5639,50,1,0,0
5640,57,1,0,0
5641,167,1,0,0
5642,35,1,0,0
5643,68,1,0,0
5644,64,1,0,0
5645,101,1,0,0
5646,77,1,0,0
5647,77,1,0,0
5648,105,1,0,0
5649,55,1,0,0
5650,19,1,0,0
5651,37,1,0,0
5652,22,1,0,0
5653,23,1,0,0
5654,159,1,0,0
5655,119,1,0,0
5656,56,1,0,0
5657,125,1,0,0
5658,121,1,0,0
5659,36,1,0,0
5660,28,1,0,0
5661,15,1,0,0
5662,16,1,0,0
5663,59,1,0,0
5664,142,1,0,0
5665,69,1,0,0
5666,32,1,0,0
5667,34,1,0,0
5668,55,1,0,0
5669,91,1,0,0
5670,97,1,0,0
5671,27,1,0,0
5672,37,1,0,0
5673,52,1,0,0
5674,27,1,0,0
5675,29,1,0,0
5676,94,1,0,0
5677,116,1,0,0
5678,29,1,0,0
5679,71,1,0,0
5680,73,1,0,0
5681,103,1,0,0
5682,128,1,0,0
5683,130,1,0,0
5684,169,1,0,0
5685,33,1,0,0
5686,76,1,0,0
5687,16,1,0,0
5688,68,1,0,0
5689,122,1,0,0
5690,121,1,0,0
5691,64,1,0,0
5692,43,1,0,0
5693,59,1,0,0
5694,112,1,0,0
5695,17,1,0,0
5696,72,1,0,0
5697,46,1,0,0
5698,16,1,0,0
5699,46,1,0,0
5700,71,1,0,0
5701,57,1,0,0
5702,125,1,0,0
5703,54,1,0,0
5704,67,1,0,0
5705,51,1,0,0
5706,49,1,0,0
5707,68,1,0,0
5708,65,1,0,0
5709,82,1,0,0
5710,13,1,0,0
5711,152,1,0,0
5712,34,1,0,0
5713,88,1,0,0
5714,144,1,0,0
5715,39,1,0,0
5716,71,1,0,0
5717,98,1,0,0
5718,22,1,0,0
5719,81,1,0,0
5720,76,1,0,0
5721,16,1,0,0
5722,32,1,0,0
5723,14,1,0,0
5724,21,1,0,0
5725,58,1,0,0
5726,94,1,0,0
5727,230,1,0,0
5728,41,1,0,0
5729,63,1,0,0
5730,135,1,0,0
5731,17,1,0,0
5732,13,1,0,0
5733,48,1,0,0
5734,69,1,0,0
5735,66,1,0,0
5736,58,1,0,0
5737,99,1,0,0
5738,89,1,0,0
5739,88,1,0,0
5740,120,1,0,0
5741,111,1,0,0
5742,47,1,0,0
5743,95,1,0,0
5744,96,1,0,0
5745,82,1,0,0
5746,29,1,0,0
5747,49,1,0,0
5748,9,1,0,0
5749,131,1,0,0
5750,88,1,0,0
5751,53,1,0,0
5752,160,1,0,0
5753,54,1,0,0
5754,30,1,0,0
5755,32,1,0,0
5756,71,1,0,0
5757,104,1,0,0
5758,90,1,0,0
5759,48,1,0,0
5760,43,1,0,0
5761,159,1,0,0
5762,20,1,0,0
5763,33,1,0,0
5764,36,1,0,0
5765,110,1,0,0
5766,63,1,0,0
5767,153,1,0,0
5768,105,1,0,0
5769,41,1,0,0
5770,33,1,0,0
5771,96,1,0,0
5772,148,1,0,0
5773,43,1,0,0
5774,67,1,0,0
5775,138,1,0,0
5776,37,1,0,0
5777,92,1,0,0
5778,95,1,0,0
5779,43,1,0,0
5780,40,1,0,0
5781,137,1,0,0
5782,24,1,0,0
5783,54,1,0,0
5784,31,1,0,0
5785,20,1,0,0
5786,55,1,0,0
5787,51,1,0,0
5788,178,1,0,0
5789,85,1,0,0
5790,155,1,0,0
5791,37,1,0,0
5792,43,1,0,0
5793,100,1,0,0
5794,143,1,0,0
5795,115,1,0,0
5796,118,1,0,0
5797,28,1,0,0
5798,33,1,0,0
5799,16,1,0,0
5800,177,1,0,0
5801,52,1,0,0
5802,53,1,0,0
5803,54,1,0,0
5804,111,1,0,0
5805,59,1,0,0
5806,43,1,0,0
5807,37,1,0,0
5808,24,1,0,0
5809,49,1,0,0
5810,43,1,0,0
5811,83,1,0,0
5812,60,1,0,0
5813,161,1,0,0
5814,27,1,0,0
5815,125,1,0,0
5816,45,1,0,0
5817,23,1,0,0
5818,47,1,0,0
5819,11,1,0,0
5820,133,1,0,0
5821,80,1,0,0
5822,44,1,0,0
5823,90,1,0,0
5824,78,1,0,0
5825,97,1,0,0
5826,33,1,0,0
5827,66,1,0,0
5828,9,1,0,0
5829,105,1,0,0
5830,50,1,0,0
5831,48,1,0,0
5832,157,1,0,0
5833,64,1,0,0
5834,55,1,0,0
5835,14,1,0,0
5836,129,1,0,0
5837,32,1,0,0
5838,51,1,0,0
5839,9,1,0,0
5840,51,1,0,0
5841,31,1,0,0
5842,132,1,0,0
5843,23,1,0,0
5844,110,1,0,0
5845,91,1,0,0
5846,45,1,0,0
5847,33,1,0,0
5848,40,1,0,0
5849,29,1,0,0
5850,167,1,0,0
5851,210,1,0,0
5852,42,1,0,0
5853,14,1,0,0
5854,100,1,0,0
5855,34,1,0,0
5856,85,1,0,0
5857,66,1,0,0
5858,106,1,0,0
5859,71,1,0,0
5860,45,1,0,0
5861,36,1,0,0
5862,42,1,0,0
5863,107,1,0,0
5864,52,1,0,0
5865,35,1,0,0
5866,108,1,0,0
5867,35,1,0,0
5868,245,1,0,0
5869,24,1,0,0
5870,83,1,0,0
5871,92,1,0,0
5872,43,1,0,0
5873,28,1,0,0
5874,87,1,0,0
5875,45,1,0,0
5876,29,1,0,0
5877,87,1,0,0
5878,72,1,0,0
5879,33,1,0,0
5880,75,1,0,0
5881,43,1,0,0
5882,35,1,0,0
5883,34,1,0,0
5884,16,1,0,0
5885,56,1,0,0
5886,33,1,0,0
5887,50,1,0,0
5888,68,1,0,0
5889,42,1,0,0
5890,49,1,0,0
5891,79,1,0,0
5892,46,1,0,0
5893,63,1,0,0
5894,22,1,0,0
5895,13,1,0,0
5896,34,1,0,0
5897,18,1,0,0
5898,137,1,0,0
5899,90,1,0,0
5900,163,1,0,0
5901,9,1,0,0
5902,36,1,0,0
5903,204,1,0,0
5904,42,1,0,0
5905,55,1,0,0
5906,51,1,0,0
5907,214,1,0,0
5908,15,1,0,0
5909,56,1,0,0
5910,147,1,0,0
5911,62,1,0,0
5912,75,1,0,0
5913,41,1,0,0
5914,27,1,0,0
5915,39,1,0,0
5916,70,1,0,0
5917,41,1,0,0
5918,31,1,0,0
5919,119,1,0,0
5920,23,1,0,0
5921,54,1,0,0
5922,136,1,0,0
5923,137,1,0,0
5924,93,1,0,0
5925,175,1,0,0
5926,194,1,0,0
5927,19,1,0,0
5928,103,1,0,0
5929,57,1,0,0
5930,35,1,0,0
5931,59,1,0,0
5932,55,1,0,0
5933,102,1,0,0
5934,198,1,0,0
5935,21,1,0,0
5936,82,1,0,0
5937,19,1,0,0
5938,76,1,0,0
5939,46,1,0,0
5940,35,1,0,0
5941,82,1,0,0
5942,63,1,0,0
5943,39,1,0,0
5944,65,1,0,0
5945,76,1,0,0
5946,39,1,0,0
5947,51,1,0,0
5948,22,1,0,0
5949,95,1,0,0
5950,118,1,0,0
5951,136,1,0,0
5952,65,1,0,0
5953,177,1,0,0
5954,68,1,0,0
5955,111,1,0,0
5956,14,1,0,0
5957,44,1,0,0
5958,51,1,0,0
5959,15,1,0,0
5960,40,1,0,0
5961,25,1,0,0
5962,29,1,0,0
5963,117,1,0,0
5964,14,1,0,0
5965,82,1,0,0
5966,21,1,0,0
5967,44,1,0,0
5968,167,1,0,0
5969,146,1,0,0
5970,28,1,0,0
5971,172,1,0,0
5972,67,1,0,0
5973,69,1,0,0
5974,154,1,0,0
5975,95,1,0,0
5976,9,1,0,0
5977,96,1,0,0
5978,73,1,0,0
5979,139,1,0,0
5980,21,1,0,0
5981,54,1,0,0
5982,101,1,0,0
5983,41,1,0,0
5984,135,1,0,0
5985,36,1,0,0
5986,76,1,0,0
5987,67,1,0,0
5988,74,1,0,0
5989,164,1,0,0
5990,33,1,0,0
5991,36,1,0,0
5992,62,1,0,0
5993,87,1,0,0
5994,47,1,0,0
5995,66,1,0,0
5996,64,1,0,0
5997,19,1,0,0
5998,95,1,0,0
5999,42,1,0,0
6000,33,1,0,0
6001,42,1,0,0
6002,42,1,0,0
6003,27,1,0,0
6004,34,1,0,0
6005,109,1,0,0
6006,42,1,0,0
6007,151,1,0,0
6008,68,1,0,0
6009,51,1,0,0
6010,53,1,0,0
6011,30,1,0,0
6012,191,1,0,0
6013,99,1,0,0
6014,90,1,0,0
6015,48,1,0,0
6016,55,1,0,0
6017,60,1,0,0
6018,12,1,0,0
6019,57,1,0,0
6020,46,1,0,0
6021,67,1,0,0
6022,70,1,0,0
6023,62,1,0,0
6024,40,1,0,0
6025,35,1,0,0
6026,89,1,0,0
6027,24,1,0,0
6028,30,1,0,0
6029,66,1,0,0
6030,20,1,0,0
6031,44,1,0,0
6032,43,1,0,0
6033,125,1,0,0
6034,45,1,0,0
6035,44,1,0,0
6036,42,1,0,0
6037,47,1,0,0
6038,143,1,0,0
6039,13,1,0,0
6040,54,1,0,0
6041,43,1,0,0
6042,16,1,0,0
6043,28,1,0,0
6044,19,1,0,0
6045,30,1,0,0
6046,66,1,0,0
6047,85,1,0,0
6048,47,1,0,0
6049,29,1,0,0
6050,18,1,0,0
6051,45,1,0,0
6052,36,1,0,0
6053,56,1,0,0
6054,34,1,0,0
6055,111,1,0,0
6056,71,1,0,0
6057,95,1,0,0
6058,13,1,0,0
6059,53,1,0,0
6060,82,1,0,0
6061,77,1,0,0
6062,39,1,0,0
6063,50,1,0,0
6064,89,1,0,0
6065,24,1,0,0
6066,19,1,0,0
6067,45,1,0,0
6068,62,1,0,0
6069,138,1,0,0
6070,56,1,0,0
6071,64,1,0,0
6072,132,1,0,0
6073,122,1,0,0
6074,21,1,0,0
6075,102,1,0,0
6076,124,1,0,0
6077,89,1,0,0
6078,46,1,0,0
6079,46,1,0,0
6080,48,1,0,0
6081,65,1,0,0
6082,196,1,0,0
6083,162,1,0,0
6084,46,1,0,0
6085,75,1,0,0
6086,48,1,0,0
6087,108,1,0,0
6088,19,1,0,0
6089,68,1,0,0
6090,37,1,0,0
6091,87,1,0,0
6092,92,1,0,0
6093,39,1,0,0
6094,30,1,0,0
6095,172,1,0,0
6096,22,1,0,0
6097,40,1,0,0
6098,48,1,0,0
6099,60,1,0,0
6100,45,1,0,0
6101,81,1,0,0
6102,19,1,0,0
6103,116,1,0,0
6104,21,1,0,0
6105,29,1,0,0
6106,12,1,0,0
6107,67,1,0,0
6108,45,1,0,0
6109,133,1,0,0
6110,190,1,0,0
6111,145,1,0,0
6112,11,1,0,0
6113,116,1,0,0
6114,50,1,0,0
6115,71,1,0,0
6116,71,1,0,0
6117,69,1,0,0
6118,32,1,0,0
6119,99,1,0,0
6120,67,1,0,0
6121,54,1,0,0
6122,87,1,0,0
6123,69,1,0,0
6124,149,1,0,0
6125,42,1,0,0
6126,39,1,0,0
6127,37,1,0,0
6128,41,1,0,0
6129,96,1,0,0
6130,29,1,0,0
6131,43,1,0,0
6132,96,1,0,0
6133,109,1,0,0
6134,69,1,0,0
6135,133,1,0,0
6136,76,1,0,0
6137,15,1,0,0
6138,79,1,0,0
6139,48,1,0,0
6140,51,1,0,0
6141,86,1,0,0
6142,62,1,0,0
6143,37,1,0,0
6144,58,1,0,0
6145,105,1,0,0
6146,22,1,0,0
6147,173,1,0,0
6148,56,1,0,0
6149,59,1,0,0
6150,35,1,0,0
6151,41,1,0,0
6152,101,1,0,0
6153,28,1,0,0
6154,76,1,0,0
6155,13,1,0,0
6156,73,1,0,0
6157,44,1,0,0
6158,38,1,0,0
6159,96,1,0,0
6160,25,1,0,0
6161,141,1,0,0
6162,83,1,0,0
6163,42,1,0,0
6164,19,1,0,0
6165,60,1,0,0
6166,92,1,0,0
6167,62,1,0,0
6168,25,1,0,0
6169,122,1,0,0
6170,67,1,0,0
6171,128,1,0,0
6172,43,1,0,0
6173,96,1,0,0
6174,170,1,0,0
6175,30,1,0,0
6176,12,1,0,0
6177,119,1,0,0
6178,35,1,0,0
6179,117,1,0,0
6180,50,1,0,0
6181,99,1,0,0
6182,142,1,0,0
6183,47,1,0,0
6184,42,1,0,0
6185,57,1,0,0
6186,86,1,0,0
6187,24,1,0,0
6188,133,1,0,0
6189,47,1,0,0
6190,64,1,0,0
6191,109,1,0,0
6192,23,1,0,0
6193,122,1,0,0
6194,53,1,0,0
6195,132,1,0,0
6196,18,1,0,0
6197,52,1,0,0
6198,89,1,0,0
6199,11,1,0,0
6200,12,1,0,0
6201,47,1,0,0
6202,25,1,0,0
6203,90,1,0,0
6204,8,1,0,0
6205,54,1,0,0
6206,149,1,0,0
6207,77,1,0,0
6208,19,1,0,0
6209,26,1,0,0
6210,32,1,0,0
6211,126,1,0,0
6212,40,1,0,0
6213,93,1,0,0
6214,55,1,0,0
6215,40,1,0,0
6216,30,1,0,0
6217,84,1,0,0
6218,103,1,0,0
6219,27,1,0,0
6220,62,1,0,0
6221,27,1,0,0
6222,115,1,0,0
6223,48,1,0,0
6224,49,1,0,0
6225,93,1,0,0
6226,20,1,0,0
6227,78,1,0,0
6228,41,1,0,0
6229,77,1,0,0
6230,14,1,0,0
6231,44,1,0,0
6232,38,1,0,0
6233,14,1,0,0
6234,75,1,0,0
6235,58,1,0,0
6236,42,1,0,0
6237,102,1,0,0
6238,124,1,0,0
6239,69,1,0,0
6240,161,1,0,0
6241,58,1,0,0
6242,16,1,0,0
6243,142,1,0,0
6244,48,1,0,0
6245,182,1,0,0
6246,22,1,0,0
6247,62,1,0,0
6248,104,1,0,0
6249,64,1,0,0
6250,120,1,0,0
6251,17,1,0,0
6252,22,1,0,0
6253,32,1,0,0
6254,48,1,0,0
6255,31,1,0,0
6256,107,1,0,0
6257,183,1,0,0
6258,55,1,0,0
6259,81,1,0,0
6260,148,1,0,0
6261,22,1,0,0
6262,46,1,0,0
6263,75,1,0,0
6264,63,1,0,0
6265,35,1,0,0
6266,108,1,0,0
6267,58,1,0,0
6268,54,1,0,0
6269,109,1,0,0
6270,27,1,0,0
6271,91,1,0,0
6272,35,1,0,0
6273,40,1,0,0
6274,53,1,0,0
6275,22,1,0,0
6276,109,1,0,0
6277,28,1,0,0
6278,14,1,0,0
6279,50,1,0,0
6280,43,1,0,0
6281,81,1,0,0
6282,33,1,0,0
6283,15,1,0,0
6284,72,1,0,0
6285,96,1,0,0
6286,24,1,0,0
6287,22,1,0,0
6288,14,1,0,0
6289,89,1,0,0
6290,25,1,0,0
6291,73,1,0,0
6292,16,1,0,0
6293,71,1,0,0
6294,62,1,0,0
6295,173,1,0,0
6296,24,1,0,0
6297,47,1,0,0
6298,141,1,0,0
6299,30,1,0,0
6300,56,1,0,0
6301,51,1,0,0
6302,97,1,0,0
6303,97,1,0,0
6304,111,1,0,0
6305,18,1,0,0
6306,18,1,0,0
6307,52,1,0,0
6308,26,1,0,0
6309,9,1,0,0
6310,30,1,0,0
6311,98,1,0,0
6312,10,1,0,0
6313,129,1,0,0
6314,46,1,0,0
6315,100,1,0,0
6316,119,1,0,0
6317,41,1,0,0
6318,100,1,0,0
6319,25,1,0,0
6320,75,1,0,0
6321,22,1,0,0
6322,23,1,0,0
6323,98,1,0,0
6324,30,1,0,0
6325,11,1,0,0
6326,61,1,0,0
6327,36,1,0,0
6328,81,1,0,0
6329,42,1,0,0
6330,38,1,0,0
6331,59,1,0,0
6332,42,1,0,0
6333,41,1,0,0
6334,93,1,0,0
6335,93,1,0,0
6336,67,1,0,0
6337,38,1,0,0
6338,68,1,0,0
6339,112,1,0,0
6340,34,1,0,0
6341,53,1,0,0
6342,48,1,0,0
6343,95,1,0,0
6344,83,1,0,0
6345,29,1,0,0
6346,46,1,0,0
6347,213,1,0,0
6348,84,1,0,0
6349,35,1,0,0
6350,80,1,0,0
6351,63,1,0,0
6352,99,1,0,0
6353,89,1,0,0
6354,67,1,0,0
6355,46,1,0,0
6356,60,1,0,0
6357,44,1,0,0
6358,87,1,0,0
6359,95,1,0,0
6360,29,1,0,0
6361,90,1,0,0
6362,122,1,0,0
6363,122,1,0,0
6364,33,1,0,0
6365,164,1,0,0
6366,81,1,0,0
6367,16,1,0,0
6368,21,1,0,0
6369,26,1,0,0
6370,40,1,0,0
6371,83,1,0,0
6372,35,1,0,0
6373,160,1,0,0
6374,19,1,0,0
6375,72,1,0,0
6376,142,1,0,0
6377,43,1,0,0
6378,59,1,0,0
6379,22,1,0,0
6380,164,1,0,0
6381,57,1,0,0
6382,45,1,0,0
6383,23,1,0,0
6384,94,1,0,0
6385,79,1,0,0
6386,245,1,0,0
6387,153,1,0,0
6388,99,1,0,0
6389,121,1,0,0
6390,42,1,0,0
6391,61,1,0,0
6392,13,1,0,0
6393,36,1,0,0
6394,12,1,0,0
6395,27,1,0,0
6396,89,1,0,0
6397,80,1,0,0
6398,55,1,0,0
6399,25,1,0,0
6400,57,1,0,0
6401,19,1,0,0
6402,61,1,0,0
6403,88,1,0,0
6404,53,1,0,0
6405,8,1,0,0
6406,40,1,0,0
6407,141,1,0,0
6408,10,1,0,0
6409,67,1,0,0
6410,28,1,0,0
6411,85,1,0,0
6412,120,1,0,0
6413,66,1,0,0
6414,32,1,0,0
6415,28,1,0,0
6416,67,1,0,0
6417,44,1,0,0
6418,31,1,0,0
6419,115,1,0,0
6420,27,1,0,0
6421,9,1,0,0
6422,164,1,0,0
6423,63,1,0,0
6424,32,1,0,0
6425,164,1,0,0
6426,87,1,0,0
6427,43,1,0,0
6428,97,1,0,0
6429,60,1,0,0
6430,75,1,0,0
6431,67,1,0,0
6432,24,1,0,0
6433,30,1,0,0
6434,136,1,0,0
6435,78,1,0,0
6436,103,1,0,0
6437,42,1,0,0
6438,178,1,0,0
6439,43,1,0,0
6440,74,1,0,0
6441,99,1,0,0
6442,36,1,0,0
6443,65,1,0,0
6444,162,1,0,0
6445,103,1,0,0
6446,44,1,0,0
6447,22,1,0,0
6448,29,1,0,0
6449,25,1,0,0
6450,65,1,0,0
6451,34,1,0,0
6452,94,1,0,0
6453,75,1,0,0
6454,39,1,0,0
6455,52,1,0,0
6456,75,1,0,0
6457,59,1,0,0
6458,19,1,0,0
6459,66,1,0,0
6460,56,1,0,0
6461,137,1,0,0
6462,203,1,0,0
6463,41,1,0,0
6464,53,1,0,0
6465,43,1,0,0
6466,34,1,0,0
6467,60,1,0,0
6468,31,1,0,0
6469,36,1,0,0
6470,208,1,0,0
6471,159,1,0,0
6472,37,1,0,0
6473,105,1,0,0
6474,67,1,0,0
6475,21,1,0,0
6476,29,1,0,0
6477,39,1,0,0
6478,193,1,0,0
6479,64,1,0,0
6480,71,1,0,0
6481,44,1,0,0
6482,18,1,0,0
6483,31,1,0,0
6484,8,1,0,0
6485,34,1,0,0
6486,20,1,0,0
6487,55,1,0,0
6488,22,1,0,0
6489,68,1,0,0
6490,67,1,0,0
6491,17,1,0,0
6492,89,1,0,0
6493,102,1,0,0
6494,77,1,0,0
6495,52,1,0,0
6496,51,1,0,0
6497,15,1,0,0
6498,40,1,0,0
6499,23,1,0,0
6500,47,1,0,0
6501,45,1,0,0
6502,148,1,0,0
6503,84,1,0,0
6504,45,1,0,0
6505,31,1,0,0
6506,97,1,0,0
6507,39,1,0,0
6508,186,1,0,0
6509,37,1,0,0
6510,108,1,0,0
6511,50,1,0,0
6512,167,1,0,0
6513,81,1,0,0
6514,20,1,0,0
6515,60,1,0,0
6516,34,1,0,0
6517,16,1,0,0
6518,208,1,0,0
6519,107,1,0,0
6520,141,1,0,0
6521,56,1,0,0
6522,58,1,0,0
6523,114,1,0,0
6524,51,1,0,0
6525,121,1,0,0
6526,138,1,0,0
6527,63,1,0,0
6528,38,1,0,0
6529,37,1,0,0
6530,73,1,0,0
6531,29,1,0,0
6532,80,1,0,0
6533,224,1,0,0
6534,48,1,0,0
6535,64,1,0,0
6536,47,1,0,0
6537,85,1,0,0
6538,63,1,0,0
6539,62,1,0,0
6540,89,1,0,0
6541,33,1,0,0
6542,114,1,0,0
6543,133,1,0,0
6544,34,1,0,0
6545,28,1,0,0
6546,73,1,0,0
6547,84,1,0,0
6548,83,1,0,0
6549,90,1,0,0
6550,32,1,0,0
6551,71,1,0,0
6552,44,1,0,0
6553,112,1,0,0
6554,14,1,0,0
6555,42,1,0,0
6556,73,1,0,0
6557,87,1,0,0
6558,57,1,0,0
6559,29,1,0,0
6560,126,1,0,0
6561,138,1,0,0
6562,32,1,0,0
6563,44,1,0,0
6564,85,1,0,0
6565,53,1,0,0
6566,8,1,0,0
6567,71,1,0,0
6568,36,1,0,0
6569,136,1,0,0
6570,33,1,0,0
6571,32,1,0,0
6572,56,1,0,0
6573,26,1,0,0
6574,29,1,0,0
6575,82,1,0,0
6576,122,1,0,0
6577,80,1,0,0
6578,83,1,0,0
6579,46,1,0,0
6580,54,1,0,0
6581,51,1,0,0
6582,74,1,0,0
6583,25,1,0,0
6584,87,1,0,0
6585,47,1,0,0
6586,10,1,0,0
6587,157,1,0,0
6588,41,1,0,0
6589,69,1,0,0
6590,92,1,0,0
6591,159,1,0,0
6592,50,1,0,0
6593,28,1,0,0
6594,151,1,0,0
6595,208,1,0,0
6596,71,1,0,0
6597,54,1,0,0
6598,65,1,0,0
6599,40,1,0,0
6600,131,1,0,0
6601,33,1,0,0
6602,195,1,0,0
6603,122,1,0,0
6604,83,1,0,0
6605,12,1,0,0
6606,89,1,0,0
6607,91,1,0,0
6608,67,1,0,0
6609,33,1,0,0
6610,29,1,0,0
6611,72,1,0,0
6612,38,1,0,0
6613,60,1,0,0
6614,38,1,0,0
6615,70,1,0,0
6616,68,1,0,0
6617,113,1,0,0
6618,131,1,0,0
6619,32,1,0,0
6620,74,1,0,0
6621,56,1,0,0
6622,103,1,0,0
6623,75,1,0,0
6624,70,1,0,0
6625,155,1,0,0
6626,9,1,0,0
6627,61,1,0,0
6628,60,1,0,0
6629,40,1,0,0
6630,125,1,0,0
6631,131,1,0,0
6632,23,1,0,0
6633,20,1,0,0
6634,86,1,0,0
6635,95,1,0,0
6636,36,1,0,0
6637,45,1,0,0
6638,39,1,0,0
6639,30,1,0,0
6640,50,1,0,0
6641,39,1,0,0
6642,61,1,0,0
6643,126,1,0,0
6644,62,1,0,0
6645,77,1,0,0
6646,71,1,0,0
6647,104,1,0,0
6648,93,1,0,0
6649,45,1,0,0
6650,71,1,0,0
6651,138,1,0,0
6652,47,1,0,0
6653,158,1,0,0
6654,41,1,0,0
6655,182,1,0,0
6656,33,1,0,0
6657,31,1,0,0
6658,23,1,0,0
6659,48,1,0,0
6660,108,1,0,0
6661,18,1,0,0
6662,108,1,0,0
6663,68,1,0,0
6664,80,1,0,0
6665,54,1,0,0
6666,171,1,0,0
6667,88,1,0,0
6668,136,1,0,0
6669,77,1,0,0
6670,60,1,0,0
6671,87,1,0,0
6672,48,1,0,0
6673,129,1,0,0
6674,227,1,0,0
6675,50,1,0,0
6676,74,1,0,0
6677,59,1,0,0
6678,86,1,0,0
6679,22,1,0,0
6680,22,1,0,0
6681,41,1,0,0
6682,109,1,0,0
6683,151,1,0,0
6684,25,1,0,0
6685,166,1,0,0
6686,47,1,0,0
6687,31,1,0,0
6688,42,1,0,0
6689,54,1,0,0
6690,17,1,0,0
6691,61,1,0,0
6692,37,1,0,0
6693,83,1,0,0
6694,89,1,0,0
6695,47,1,0,0
6696,84,1,0,0
6697,20,1,0,0
6698,46,1,0,0
6699,21,1,0,0
6700,58,1,0,0
6701,110,1,0,0
6702,78,1,0,0
6703,61,1,0,0
6704,72,1,0,0
6705,39,1,0,0
6706,50,1,0,0
6707,150,1,0,0
6708,83,1,0,0
6709,126,1,0,0
6710,147,1,0,0
6711,102,1,0,0
6712,72,1,0,0
6713,42,1,0,0
6714,28,1,0,0
6715,95,1,0,0
6716,102,1,0,0
6717,62,1,0,0
6718,167,1,0,0
6719,29,1,0,0
6720,41,1,0,0
6721,51,1,0,0
6722,83,1,0,0
6723,128,1,0,0
6724,44,1,0,0
6725,22,1,0,0
6726,221,1,0,0
6727,28,1,0,0
6728,79,1,0,0
6729,27,1,0,0
6730,72,1,0,0
6731,25,1,0,0
6732,141,1,0,0
6733,53,1,0,0
6734,38,1,0,0
6735,179,1,0,0
6736,31,1,0,0
6737,38,1,0,0
6738,103,1,0,0
6739,135,1,0,0
6740,84,1,0,0
6741,169,1,0,0
6742,123,1,0,0
6743,74,1,0,0
6744,110,1,0,0
6745,96,1,0,0
6746,110,1,0,0
6747,85,1,0,0
6748,142,1,0,0
6749,66,1,0,0
6750,51,1,0,0
6751,62,1,0,0
6752,21,1,0,0
6753,198,1,0,0
6754,20,1,0,0
6755,19,1,0,0
6756,141,1,0,0
6757,20,1,0,0
6758,33,1,0,0
6759,57,1,0,0
6760,56,1,0,0
6761,34,1,0,0
6762,42,1,0,0
6763,69,1,0,0
6764,110,1,0,0
6765,89,1,0,0
6766,67,1,0,0
6767,38,1,0,0
6768,16,1,0,0
6769,35,1,0,0
6770,98,1,0,0
6771,162,1,0,0
6772,67,1,0,0
6773,74,1,0,0
6774,17,1,0,0
6775,107,1,0,0
6776,52,1,0,0
6777,36,1,0,0
6778,76,1,0,0
6779,82,1,0,0
6780,145,1,0,0
6781,21,1,0,0
6782,30,1,0,0
6783,146,1,0,0
6784,93,1,0,0
6785,27,1,0,0
6786,25,1,0,0
6787,17,1,0,0
6788,147,1,0,0
6789,22,1,0,0
6790,104,1,0,0
6791,110,1,0,0
6792,136,1,0,0
6793,124,1,0,0
6794,102,1,0,0
6795,51,1,0,0
6796,29,1,0,0
6797,101,1,0,0
6798,80,1,0,0
6799,21,1,0,0
6800,77,1,0,0
6801,55,1,0,0
6802,107,1,0,0
6803,50,1,0,0
6804,222,1,0,0
6805,185,1,0,0
6806,108,1,0,0
6807,112,1,0,0
6808,116,1,0,0
6809,43,1,0,0
6810,59,1,0,0
6811,52,1,0,0
6812,39,1,0,0
6813,74,1,0,0
6814,157,1,0,0
6815,19,1,0,0
6816,28,1,0,0
6817,101,1,0,0
6818,171,1,0,0
6819,43,1,0,0
6820,85,1,0,0
6821,14,1,0,0
6822,12,1,0,0
6823,17,1,0,0
6824,26,1,0,0
6825,221,1,0,0
6826,17,1,0,0
6827,87,1,0,0
6828,35,1,0,0
6829,143,1,0,0
6830,64,1,0,0
6831,38,1,0,0
6832,80,1,0,0
6833,58,1,0,0
6834,90,1,0,0
6835,242,1,0,0
6836,41,1,0,0
6837,130,1,0,0
6838,74,1,0,0
6839,52,1,0,0
6840,96,1,0,0
6841,42,1,0,0
6842,33,1,0,0
6843,37,1,0,0
6844,206,1,0,0
6845,121,1,0,0
6846,53,1,0,0
6847,77,1,0,0
6848,19,1,0,0
6849,188,1,0,0
6850,20,1,0,0
6851,55,1,0,0
6852,25,1,0,0
6853,28,1,0,0
6854,61,1,0,0
6855,116,1,0,0
6856,25,1,0,0
6857,78,1,0,0
6858,39,1,0,0
6859,44,1,0,0
6860,69,1,0,0
6861,31,1,0,0
6862,55,1,0,0
6863,27,1,0,0
6864,158,1,0,0
6865,94,1,0,0
6866,42,1,0,0
6867,170,1,0,0
6868,12,1,0,0
6869,115,1,0,0
6870,63,1,0,0
6871,36,1,0,0
6872,7,1,0,0
6873,74,1,0,0
6874,28,1,0,0
6875,32,1,0,0
6876,93,1,0,0
6877,53,1,0,0
6878,15,1,0,0
6879,73,1,0,0
6880,59,1,0,0
6881,42,1,0,0
6882,91,1,0,0
6883,124,1,0,0
6884,10,1,0,0
6885,32,1,0,0
6886,204,1,0,0
6887,70,1,0,0
6888,75,1,0,0
6889,30,1,0,0
6890,36,1,0,0
6891,56,1,0,0
6892,57,1,0,0
6893,183,1,0,0
6894,30,1,0,0
6895,27,1,0,0
6896,34,1,0,0
6897,88,1,0,0
6898,42,1,0,0
6899,95,1,0,0
6900,158,1,0,0
6901,145,1,0,0
6902,78,1,0,0
6903,21,1,0,0
6904,160,1,0,0
6905,50,1,0,0
6906,38,1,0,0
6907,81,1,0,0
6908,61,1,0,0
6909,56,1,0,0
6910,23,1,0,0
6911,29,1,0,0
6912,88,1,0,0
6913,39,1,0,0
6914,17,1,0,0
6915,51,1,0,0
6916,47,1,0,0
6917,36,1,0,0
6918,14,1,0,0
6919,44,1,0,0
6920,122,1,0,0
6921,46,1,0,0
6922,66,1,0,0
6923,63,1,0,0
6924,16,1,0,0
6925,56,1,0,0
6926,59,1,0,0
6927,78,1,0,0
6928,20,1,0,0
6929,74,1,0,0
6930,116,1,0,0
6931,48,1,0,0
6932,49,1,0,0
6933,129,1,0,0
6934,24,1,0,0
6935,89,1,0,0
6936,30,1,0,0
6937,84,1,0,0
6938,42,1,0,0
6939,27,1,0,0
6940,17,1,0,0
6941,64,1,0,0
6942,19,1,0,0
6943,105,1,0,0
6944,163,1,0,0
6945,21,1,0,0
6946,124,1,0,0
6947,46,1,0,0
6948,67,1,0,0
6949,226,1,0,0
6950,49,1,0,0
6951,87,1,0,0
6952,95,1,0,0
6953,86,1,0,0
6954,91,1,0,0
6955,41,1,0,0
6956,53,1,0,0
6957,40,1,0,0
6958,15,1,0,0
6959,107,1,0,0
6960,55,1,0,0
6961,84,1,0,0
6962,67,1,0,0
6963,120,1,0,0
6964,39,1,0,0
6965,27,1,0,0
6966,122,1,0,0
6967,113,1,0,0
6968,88,1,0,0
6969,55,1,0,0
6970,97,1,0,0
6971,42,1,0,0
6972,32,1,0,0
6973,88,1,0,0
6974,40,1,0,0
6975,7,1,0,0
6976,80,1,0,0
6977,73,1,0,0
6978,122,1,0,0
6979,79,1,0,0
6980,29,1,0,0
6981,9,1,0,0
6982,153,1,0,0
6983,18,1,0,0
6984,147,1,0,0
6985,46,1,0,0
6986,44,1,0,0
6987,51,1,0,0
6988,18,1,0,0
6989,51,1,0,0
6990,55,1,0,0
6991,70,1,0,0
6992,163,1,0,0
6993,31,1,0,0
6994,223,1,0,0
6995,92,1,0,0
6996,49,1,0,0
6997,11,1,0,0
6998,151,1,0,0
6999,71,1,0,0
7000,48,1,0,0
7001,34,1,0,0
7002,83,1,0,0
7003,14,1,0,0
7004,52,1,0,0
7005,14,1,0,0
7006,106,1,0,0
7007,31,1,0,0
7008,168,1,0,0
7009,114,1,0,0
7010,95,1,0,0
7011,64,1,0,0
7012,20,1,0,0
7013,56,1,0,0
7014,85,1,0,0
7015,175,1,0,0
7016,88,1,0,0
7017,62,1,0,0
7018,58,1,0,0
7019,44,1,0,0
7020,114,1,0,0
7021,70,1,0,0
7022,24,1,0,0
7023,106,1,0,0
7024,30,1,0,0
7025,126,1,0,0
7026,53,1,0,0
7027,21,1,0,0
7028,127,1,0,0
7029,22,1,0,0
7030,28,1,0,0
7031,61,1,0,0
7032,29,1,0,0
7033,21,1,0,0
7034,165,1,0,0
7035,32,1,0,0
7036,24,1,0,0
7037,38,1,0,0
7038,83,1,0,0
7039,59,1,0,0
7040,59,1,0,0
7041,40,1,0,0
7042,237,1,0,0
7043,42,1,0,0
7044,60,1,0,0
7045,170,1,0,0
7046,97,1,0,0
7047,187,1,0,0
7048,97,1,0,0
7049,66,1,0,0
7050,135,1,0,0
7051,98,1,0,0
7052,65,1,0,0
7053,155,1,0,0
7054,80,1,0,0
7055,26,1,0,0
7056,146,1,0,0
7057,24,1,0,0
7058,55,1,0,0
7059,63,1,0,0
7060,67,1,0,0
7061,53,1,0,0
7062,48,1,0,0
7063,175,1,0,0
7064,49,1,0,0
7065,103,1,0,0
7066,21,1,0,0
7067,47,1,0,0
7068,126,1,0,0
7069,66,1,0,0
7070,51,1,0,0
7071,51,1,0,0
7072,79,1,0,0
7073,37,1,0,0
7074,12,1,0,0
7075,22,1,0,0
7076,62,1,0,0
7077,101,1,0,0
7078,60,1,0,0
7079,242,1,0,0
7080,30,1,0,0
7081,79,1,0,0
7082,50,1,0,0
7083,193,1,0,0
7084,45,1,0,0
7085,42,1,0,0
7086,62,1,0,0
7087,154,1,0,0
7088,14,1,0,0
7089,13,1,0,0
7090,49,1,0,0
7091,24,1,0,0
7092,68,1,0,0
7093,18,1,0,0
7094,74,1,0,0
7095,37,1,0,0
7096,80,1,0,0
7097,39,1,0,0
7098,75,1,0,0
7099,153,1,0,0
7100,70,1,0,0
7101,24,1,0,0
7102,20,1,0,0
7103,48,1,0,0
7104,74,1,0,0
7105,30,1,0,0
7106,112,1,0,0
7107,137,1,0,0
7108,19,1,0,0
7109,31,1,0,0
7110,41,1,0,0
7111,62,1,0,0
7112,25,1,0,0
7113,35,1,0,0
7114,49,1,0,0
7115,73,1,0,0
7116,73,1,0,0
7117,154,1,0,0
7118,75,1,0,0
7119,68,1,0,0
7120,106,1,0,0
7121,41,1,0,0
7122,42,1,0,0
7123,36,1,0,0
7124,63,1,0,0
7125,76,1,0,0
7126,43,1,0,0
7127,22,1,0,0
7128,16,1,0,0
7129,42,1,0,0
7130,71,1,0,0
7131,96,1,0,0
7132,172,1,0,0
7133,54,1,0,0
7134,125,1,0,0
7135,26,1,0,0
7136,22,1,0,0
7137,37,1,0,0
7138,102,1,0,0
7139,22,1,0,0
7140,33,1,0,0
7141,52,1,0,0
7142,80,1,0,0
7143,120,1,0,0
7144,59,1,0,0
7145,58,1,0,0
7146,67,1,0,0
7147,139,1,0,0
7148,21,1,0,0
7149,43,1,0,0
7150,40,1,0,0
7151,91,1,0,0
7152,69,1,0,0
7153,48,1,0,0
7154,22,1,0,0
7155,64,1,0,0
7156,32,1,0,0
7157,32,1,0,0
7158,74,1,0,0
7159,20,1,0,0
7160,49,1,0,0
7161,120,1,0,0
7162,41,1,0,0
7163,37,1,0,0
7164,96,1,0,0
7165,153,1,0,0
7166,19,1,0,0
7167,81,1,0,0
7168,43,1,0,0
7169,206,1,0,0
7170,86,1,0,0
7171,134,1,0,0
7172,48,1,0,0
7173,13,1,0,0
7174,38,1,0,0
7175,63,1,0,0
7176,120,1,0,0
7177,114,1,0,0
7178,168,1,0,0
7179,49,1,0,0
7180,74,1,0,0
7181,121,1,0,0
7182,102,1,0,0
7183,44,1,0,0
7184,23,1,0,0
7185,158,1,0,0
7186,20,1,0,0
7187,42,1,0,0
7188,70,1,0,0
7189,48,1,0,0
7190,96,1,0,0
7191,94,1,0,0
7192,167,1,0,0
7193,160,1,0,0
7194,19,1,0,0
7195,36,1,0,0
7196,59,1,0,0
7197,208,1,0,0
7198,12,1,0,0
7199,60,1,0,0
7200,32,1,0,0
7201,88,1,0,0
7202,83,1,0,0
7203,101,1,0,0
7204,70,1,0,0
7205,76,1,0,0
7206,13,1,0,0
7207,27,1,0,0
7208,28,1,0,0
7209,61,1,0,0
7210,155,1,0,0
7211,95,1,0,0
7212,18,1,0,0
7213,62,1,0,0
7214,117,1,0,0
7215,141,1,0,0
7216,131,1,0,0
7217,70,1,0,0
7218,140,1,0,0
7219,62,1,0,0
7220,155,1,0,0
7221,39,1,0,0
7222,22,1,0,0
7223,52,1,0,0
7224,16,1,0,0
7225,66,1,0,0
7226,66,1,0,0
7227,38,1,0,0
7228,23,1,0,0
7229,53,1,0,0
7230,36,1,0,0
7231,63,1,0,0
7232,20,1,0,0
7233,47,1,0,0
7234,43,1,0,0
7235,27,1,0,0
7236,36,1,0,0
7237,62,1,0,0
7238,44,1,0,0
7239,30,1,0,0
7240,81,1,0,0
7241,164,1,0,0
7242,28,1,0,0
7243,81,1,0,0
7244,125,1,0,0
7245,38,1,0,0
7246,81,1,0,0
7247,34,1,0,0
7248,80,1,0,0
7249,23,1,0,0
7250,19,1,0,0
7251,78,1,0,0
7252,57,1,0,0
7253,39,1,0,0
7254,77,1,0,0
7255,58,1,0,0
7256,70,1,0,0
7257,70,1,0,0
7258,41,1,0,0
7259,26,1,0,0
7260,103,1,0,0
7261,18,1,0,0
7262,91,1,0,0
7263,57,1,0,0
7264,74,1,0,0
7265,76,1,0,0
7266,27,1,0,0
7267,42,1,0,0
7268,78,1,0,0
7269,34,1,0,0
7270,54,1,0,0
7271,96,1,0,0
7272,116,1,0,0
7273,66,1,0,0
7274,71,1,0,0
7275,99,1,0,0
7276,104,1,0,0
7277,121,1,0,0
7278,114,1,0,0
7279,63,1,0,0
7280,186,1,0,0
7281,86,1,0,0
7282,55,1,0,0
7283,66,1,0,0
7284,100,1,0,0
7285,51,1,0,0
7286,71,1,0,0
7287,13,1,0,0
7288,27,1,0,0
7289,67,1,0,0
7290,85,1,0,0
7291,18,1,0,0
7292,80,1,0,0
7293,11,1,0,0
7294,92,1,0,0
7295,16,1,0,0
7296,68,1,0,0
7297,170,1,0,0
7298,93,1,0,0
7299,48,1,0,0
7300,125,1,0,0
7301,83,1,0,0
7302,141,1,0,0
7303,265,1,0,0
7304,29,1,0,0
7305,25,1,0,0
7306,61,1,0,0
7307,54,1,0,0
7308,128,1,0,0
7309,161,1,0,0
7310,106,1,0,0
7311,62,1,0,0
7312,72,1,0,0
7313,39,1,0,0
7314,55,1,0,0
7315,161,1,0,0
7316,92,1,0,0
7317,46,1,0,0
7318,175,1,0,0
7319,30,1,0,0
7320,121,1,0,0
7321,35,1,0,0
7322,33,1,0,0
7323,37,1,0,0
7324,14,1,0,0
7325,56,1,0,0
7326,44,1,0,0
7327,16,1,0,0
7328,15,1,0,0
7329,32,1,0,0
7330,95,1,0,0
7331,92,1,0,0
7332,75,1,0,0
7333,49,1,0,0
7334,129,1,0,0
7335,130,1,0,0
7336,94,1,0,0
7337,66,1,0,0
7338,65,1,0,0
7339,114,1,0,0
7340,235,1,0,0
7341,67,1,0,0
7342,133,1,0,0
7343,27,1,0,0
7344,134,1,0,0
7345,79,1,0,0
7346,13,1,0,0
7347,87,1,0,0
7348,78,1,0,0
7349,259,1,0,0
7350,38,1,0,0
7351,53,1,0,0
7352,9,1,0,0
7353,40,1,0,0
7354,42,1,0,0
7355,46,1,0,0
7356,192,1,0,0
7357,11,1,0,0
7358,109,1,0,0
7359,73,1,0,0
7360,49,1,0,0
7361,138,1,0,0
7362,93,1,0,0
7363,88,1,0,0
7364,51,1,0,0
7365,46,1,0,0
7366,32,1,0,0
7367,48,1,0,0
7368,59,1,0,0
7369,55,1,0,0
7370,29,1,0,0
7371,77,1,0,0
7372,41,1,0,0
7373,46,1,0,0
7374,124,1,0,0
7375,36,1,0,0
7376,156,1,0,0
7377,158,1,0,0
7378,79,1,0,0
7379,98,1,0,0
7380,39,1,0,0
7381,51,1,0,0
7382,46,1,0,0
7383,121,1,0,0
7384,69,1,0,0
7385,39,1,0,0
7386,26,1,0,0
7387,45,1,0,0
7388,26,1,0,0
7389,53,1,0,0
7390,47,1,0,0
7391,39,1,0,0
7392,83,1,0,0
7393,65,1,0,0
7394,143,1,0,0
7395,17,1,0,0
7396,59,1,0,0
7397,116,1,0,0
7398,47,1,0,0
7399,94,1,0,0
7400,44,1,0,0
7401,27,1,0,0
7402,73,1,0,0
7403,85,1,0,0
7404,61,1,0,0
7405,105,1,0,0
7406,101,1,0,0
7407,102,1,0,0
7408,72,1,0,0
7409,18,1,0,0
7410,184,1,0,0
7411,29,1,0,0
7412,223,1,0,0
7413,66,1,0,0
7414,31,1,0,0
7415,98,1,0,0
7416,59,1,0,0
7417,46,1,0,0
7418,122,1,0,0
7419,55,1,0,0
7420,148,1,0,0
7421,55,1,0,0
7422,187,1,0,0
7423,104,1,0,0
7424,161,1,0,0
7425,11,1,0,0
7426,55,1,0,0
7427,104,1,0,0
7428,42,1,0,0
7429,19,1,0,0
7430,29,1,0,0
7431,44,1,0,0
7432,35,1,0,0
7433,73,1,0,0
7434,76,1,0,0
7435,31,1,0,0
7436,24,1,0,0
7437,62,1,0,0
7438,18,1,0,0
7439,56,1,0,0
7440,103,1,0,0
7441,75,1,0,0
7442,70,1,0,0
7443,18,1,0,0
7444,75,1,0,0
7445,32,1,0,0
7446,11,1,0,0
7447,11,1,0,0
7448,97,1,0,0
7449,23,1,0,0
7450,24,1,0,0
7451,134,1,0,0
7452,133,1,0,0
7453,20,1,0,0
7454,131,1,0,0
7455,95,1,0,0
7456,33,1,0,0
7457,113,1,0,0
7458,19,1,0,0
7459,53,1,0,0
7460,20,1,0,0
7461,39,1,0,0
7462,60,1,0,0
7463,64,1,0,0
7464,51,1,0,0
7465,23,1,0,0
7466,43,1,0,0
7467,74,1,0,0
7468,109,1,0,0
7469,44,1,0,0
7470,70,1,0,0
7471,79,1,0,0
7472,37,1,0,0
7473,46,1,0,0
7474,35,1,0,0
7475,45,1,0,0
7476,40,1,0,0
7477,64,1,0,0
7478,86,1,0,0
7479,21,1,0,0
7480,89,1,0,0
7481,23,1,0,0
7482,71,1,0,0
7483,141,1,0,0
7484,20,1,0,0
7485,31,1,0,0
7486,45,1,0,0
7487,73,1,0,0
7488,42,1,0,0
7489,76,1,0,0
7490,125,1,0,0
7491,167,1,0,0
7492,49,1,0,0
7493,80,1,0,0
7494,20,1,0,0
7495,181,1,0,0
7496,125,1,0,0
7497,63,1,0,0
7498,42,1,0,0
7499,25,1,0,0
7500,61,1,0,0
7501,45,1,0,0
7502,98,1,0,0
7503,101,1,0,0
7504,39,1,0,0
7505,29,1,0,0
7506,189,1,0,0
7507,53,1,0,0
7508,98,1,0,0
7509,65,1,0,0
7510,33,1,0,0
7511,24,1,0,0
7512,46,1,0,0
7513,113,1,0,0
7514,149,1,0,0
7515,27,1,0,0
7516,104,1,0,0
7517,30,1,0,0
7518,26,1,0,0
7519,135,1,0,0
7520,112,1,0,0
7521,94,1,0,0
7522,33,1,0,0
7523,71,1,0,0
7524,132,1,0,0
7525,56,1,0,0
7526,93,1,0,0
7527,74,1,0,0
7528,35,1,0,0
7529,59,1,0,0
7530,17,1,0,0
7531,69,1,0,0
7532,25,1,0,0
7533,35,1,0,0
7534,38,1,0,0
7535,26,1,0,0
7536,45,1,0,0
7537,29,1,0,0
7538,64,1,0,0
7539,81,1,0,0
7540,98,1,0,0
7541,33,1,0,0
7542,61,1,0,0
7543,17,1,0,0
7544,106,1,0,0
7545,60,1,0,0
7546,126,1,0,0
7547,116,1,0,0
7548,33,1,0,0
7549,57,1,0,0
7550,8,1,0,0
7551,31,1,0,0
7552,130,1,0,0
7553,98,1,0,0
7554,52,1,0,0
7555,34,1,0,0
7556,32,1,0,0
7557,40,1,0,0
7558,19,1,0,0
7559,146,1,0,0
7560,41,1,0,0
7561,51,1,0,0
7562,178,1,0,0
7563,57,1,0,0
7564,34,1,0,0
7565,11,1,0,0
7566,120,1,0,0
7567,104,1,0,0
7568,87,1,0,0
7569,48,1,0,0
7570,20,1,0,0
7571,30,1,0,0
7572,46,1,0,0
7573,75,1,0,0
7574,25,1,0,0
7575,64,1,0,0
7576,108,1,0,0
7577,11,1,0,0
7578,26,1,0,0
7579,71,1,0,0
7580,75,1,0,0
7581,44,1,0,0
7582,38,1,0,0
7583,35,1,0,0
7584,31,1,0,0
7585,43,1,0,0
7586,238,1,0,0
7587,106,1,0,0
7588,45,1,0,0
7589,11,1,0,0
7590,85,1,0,0
7591,53,1,0,0
7592,66,1,0,0
7593,115,1,0,0
7594,75,1,0,0
7595,78,1,0,0
7596,49,1,0,0
7597,96,1,0,0
7598,21,1,0,0
7599,104,1,0,0
7600,47,1,0,0
7601,46,1,0,0
7602,60,1,0,0
7603,161,1,0,0
7604,57,1,0,0
7605,85,1,0,0
7606,32,1,0,0
7607,137,1,0,0
7608,74,1,0,0
7609,19,1,0,0
7610,120,1,0,0
7611,104,1,0,0
7612,27,1,0,0
7613,23,1,0,0
7614,34,1,0,0
7615,79,1,0,0
7616,47,1,0,0
7617,60,1,0,0
7618,97,1,0,0
7619,51,1,0,0
7620,39,1,0,0
7621,103,1,0,0
7622,43,1,0,0
7623,15,1,0,0
7624,186,1,0,0
7625,24,1,0,0
7626,47,1,0,0
7627,73,1,0,0
7628,54,1,0,0
7629,73,1,0,0
7630,71,1,0,0
7631,104,1,0,0
7632,30,1,0,0
7633,23,1,0,0
7634,35,1,0,0
7635,41,1,0,0
7636,19,1,0,0
7637,71,1,0,0
7638,107,1,0,0
7639,24,1,0,0
7640,56,1,0,0
7641,162,1,0,0
7642,92,1,0,0
7643,14,1,0,0
7644,98,1,0,0
7645,33,1,0,0
7646,31,1,0,0
7647,12,1,0,0
7648,67,1,0,0
7649,165,1,0,0
7650,21,1,0,0
7651,30,1,0,0
7652,120,1,0,0
7653,72,1,0,0
7654,188,1,0,0
7655,79,1,0,0
7656,30,1,0,0
7657,78,1,0,0
7658,60,1,0,0
7659,83,1,0,0
7660,48,1,0,0
7661,55,1,0,0
7662,79,1,0,0
7663,22,1,0,0
7664,22,1,0,0
7665,162,1,0,0
7666,68,1,0,0
7667,33,1,0,0
7668,86,1,0,0
7669,66,1,0,0
7670,56,1,0,0
7671,99,1,0,0
7672,24,1,0,0
7673,149,1,0,0
7674,48,1,0,0
7675,53,1,0,0
7676,99,1,0,0
7677,41,1,0,0
7678,39,1,0,0
7679,40,1,0,0
7680,110,1,0,0
7681,115,1,0,0
7682,91,1,0,0
7683,36,1,0,0
7684,32,1,0,0
7685,88,1,0,0
7686,15,1,0,0
7687,25,1,0,0
7688,44,1,0,0
7689,17,1,0,0
7690,57,1,0,0
7691,41,1,0,0
7692,159,1,0,0
7693,73,1,0,0
7694,64,1,0,0
7695,73,1,0,0
7696,14,1,0,0
7697,24,1,0,0
7698,145,1,0,0
7699,46,1,0,0
7700,46,1,0,0
7701,50,1,0,0
7702,49,1,0,0
7703,75,1,0,0
7704,107,1,0,0
7705,39,1,0,0
7706,18,1,0,0
7707,100,1,0,0
7708,82,1,0,0
7709,20,1,0,0
7710,66,1,0,0
7711,69,1,0,0
7712,75,1,0,0
7713,12,1,0,0
7714,80,1,0,0
7715,153,1,0,0
7716,112,1,0,0
7717,76,1,0,0
7718,48,1,0,0
7719,21,1,0,0
7720,61,1,0,0
7721,26,1,0,0
7722,57,1,0,0
7723,41,1,0,0
7724,48,1,0,0
7725,31,1,0,0
7726,43,1,0,0
7727,20,1,0,0
7728,65,1,0,0
7729,89,1,0,0
7730,61,1,0,0
7731,28,1,0,0
7732,54,1,0,0
7733,78,1,0,0
7734,33,1,0,0
7735,181,1,0,0
7736,62,1,0,0
7737,58,1,0,0
7738,188,1,0,0
7739,70,1,0,0
7740,93,1,0,0
7741,36,1,0,0
7742,173,1,0,0
7743,80,1,0,0
7744,29,1,0,0
7745,55,1,0,0
7746,78,1,0,0
7747,47,1,0,0
7748,62,1,0,0
7749,47,1,0,0
7750,148,1,0,0
7751,57,1,0,0
7752,61,1,0,0
7753,90,1,0,0
7754,12,1,0,0
7755,54,1,0,0
7756,33,1,0,0
7757,102,1,0,0
7758,26,1,0,0
7759,42,1,0,0
7760,68,1,0,0
7761,68,1,0,0
7762,82,1,0,0
7763,102,1,0,0
7764,66,1,0,0
7765,61,1,0,0
7766,43,1,0,0
7767,63,1,0,0
7768,97,1,0,0
7769,34,1,0,0
7770,13,1,0,0
7771,20,1,0,0
7772,96,1,0,0
7773,119,1,0,0
7774,28,1,0,0
7775,36,1,0,0
7776,102,1,0,0
7777,44,1,0,0
7778,27,1,0,0
7779,98,1,0,0
7780,51,1,0,0
7781,64,1,0,0
7782,120,1,0,0
7783,23,1,0,0
7784,57,1,0,0
7785,47,1,0,0
7786,30,1,0,0
7787,62,1,0,0
7788,24,1,0,0
7789,39,1,0,0
7790,66,1,0,0
7791,67,1,0,0
7792,56,1,0,0
7793,30,1,0,0
7794,97,1,0,0
7795,18,1,0,0
7796,51,1,0,0
7797,18,1,0,0
7798,24,1,0,0
7799,41,1,0,0
7800,160,1,0,0
7801,33,1,0,0
7802,42,1,0,0
7803,39,1,0,0
7804,47,1,0,0
7805,29,1,0,0
7806,97,1,0,0
7807,73,1,0,0
7808,73,1,0,0
7809,92,1,0,0
7810,11,1,0,0
7811,35,1,0,0
7812,44,1,0,0
7813,19,1,0,0
7814,38,1,0,0
7815,138,1,0,0
7816,35,1,0,0
7817,65,1,0,0
7818,64,1,0,0
7819,92,1,0,0
7820,19,1,0,0
7821,14,1,0,0
7822,95,1,0,0
7823,24,1,0,0
7824,35,1,0,0
7825,93,1,0,0
7826,60,1,0,0
7827,198,1,0,0
7828,54,1,0,0
7829,44,1,0,0
7830,53,1,0,0
7831,86,1,0,0
7832,8,1,0,0
7833,62,1,0,0
7834,88,1,0,0
7835,82,1,0,0
7836,114,1,0,0
7837,53,1,0,0
7838,105,1,0,0
7839,76,1,0,0
7840,22,1,0,0
7841,116,1,0,0
7842,12,1,0,0
7843,24,1,0,0
7844,49,1,0,0
7845,36,1,0,0
7846,34,1,0,0
7847,11,1,0,0
7848,34,1,0,0
7849,120,1,0,0
7850,36,1,0,0
7851,76,1,0,0
7852,49,1,0,0
7853,36,1,0,0
7854,87,1,0,0
7855,19,1,0,0
7856,73,1,0,0
7857,104,1,0,0
7858,28,1,0,0
7859,20,1,0,0
7860,21,1,0,0
7861,57,1,0,0
7862,98,1,0,0
7863,82,1,0,0
7864,29,1,0,0
7865,33,1,0,0
7866,131,1,0,0
7867,50,1,0,0
7868,61,1,0,0
7869,57,1,0,0
7870,26,1,0,0
7871,25,1,0,0
7872,41,1,0,0
7873,40,1,0,0
7874,54,1,0,0
7875,75,1,0,0
7876,133,1,0,0
7877,72,1,0,0
7878,23,1,0,0
7879,79,1,0,0
7880,42,1,0,0
7881,58,1,0,0
7882,119,1,0,0
7883,16,1,0,0
7884,25,1,0,0
7885,17,1,0,0
7886,44,1,0,0
7887,99,1,0,0
7888,9,1,0,0
7889,20,1,0,0
7890,27,1,0,0
7891,26,1,0,0
7892,45,1,0,0
7893,36,1,0,0
7894,109,1,0,0
7895,24,1,0,0
7896,41,1,0,0
7897,62,1,0,0
7898,137,1,0,0
7899,11,1,0,0
7900,57,1,0,0
7901,23,1,0,0
7902,35,1,0,0
7903,89,1,0,0
7904,15,1,0,0
7905,105,1,0,0
7906,71,1,0,0
7907,127,1,0,0
7908,27,1,0,0
7909,74,1,0,0
7910,29,1,0,0
7911,123,1,0,0
7912,26,1,0,0
7913,165,1,0,0
7914,43,1,0,0
7915,47,1,0,0
7916,84,1,0,0
7917,51,1,0,0
7918,39,1,0,0
7919,131,1,0,0
7920,128,1,0,0
7921,72,1,0,0
7922,80,1,0,0
7923,50,1,0,0
7924,47,1,0,0
7925,21,1,0,0
7926,43,1,0,0
7927,67,1,0,0
7928,141,1,0,0
7929,102,1,0,0
7930,78,1,0,0
7931,190,1,0,0
7932,55,1,0,0
7933,45,1,0,0
7934,66,1,0,0
7935,65,1,0,0
7936,152,1,0,0
7937,34,1,0,0
7938,24,1,0,0
7939,36,1,0,0
7940,14,1,0,0
7941,121,1,0,0
7942,164,1,0,0
7943,14,1,0,0
7944,57,1,0,0
7945,225,1,0,0
7946,56,1,0,0
7947,12,1,0,0
7948,54,1,0,0
7949,9,1,0,0
7950,59,1,0,0
7951,177,1,0,0
7952,19,1,0,0
7953,20,1,0,0
7954,25,1,0,0
7955,94,1,0,0
7956,48,1,0,0
7957,100,1,0,0
7958,46,1,0,0
7959,39,1,0,0
7960,36,1,0,0
7961,19,1,0,0
7962,102,1,0,0
7963,85,1,0,0
7964,58,1,0,0
7965,13,1,0,0
7966,87,1,0,0
7967,46,1,0,0
7968,44,1,0,0
7969,88,1,0,0
7970,39,1,0,0
7971,67,1,0,0
7972,29,1,0,0
7973,101,1,0,0
7974,73,1,0,0
7975,55,1,0,0
7976,34,1,0,0
7977,137,1,0,0
7978,83,1,0,0
7979,54,1,0,0
7980,62,1,0,0
7981,60,1,0,0
7982,108,1,0,0
7983,43,1,0,0
7984,45,1,0,0
7985,33,1,0,0
7986,54,1,0,0
7987,26,1,0,0
7988,171,1,0,0
7989,104,1,0,0
7990,77,1,0,0
7991,93,1,0,0
7992,31,1,0,0
7993,106,1,0,0
7994,77,1,0,0
7995,74,1,0,0
7996,70,1,0,0
7997,49,1,0,0
7998,55,1,0,0
7999,46,1,0,0
8000,33,1,0,0
8001,60,1,0,0
8002,65,1,0,0
8003,50,1,0,0
8004,107,1,0,0
8005,89,1,0,0
8006,33,1,0,0
8007,166,1,0,0
8008,88,1,0,0
8009,84,1,0,0
8010,90,1,0,0
8011,31,1,0,0
8012,81,1,0,0
8013,58,1,0,0
8014,7,1,0,0
8015,9,1,0,0
8016,19,1,0,0
8017,20,1,0,0
8018,17,1,0,0
8019,61,1,0,0
8020,67,1,0,0
8021,83,1,0,0
8022,113,1,0,0
8023,57,1,0,0
8024,60,1,0,0
8025,182,1,0,0
8026,80,1,0,0
8027,70,1,0,0
8028,51,1,0,0
8029,50,1,0,0
8030,44,1,0,0
8031,37,1,0,0
8032,138,1,0,0
8033,113,1,0,0
8034,85,1,0,0
8035,90,1,0,0
8036,71,1,0,0
8037,46,1,0,0
8038,58,1,0,0
8039,66,1,0,0
8040,51,1,0,0
8041,42,1,0,0
8042,32,1,0,0
8043,72,1,0,0
8044,144,1,0,0
8045,31,1,0,0
8046,38,1,0,0
8047,15,1,0,0
8048,84,1,0,0
8049,41,1,0,0
8050,50,1,0,0
8051,50,1,0,0
8052,11,1,0,0
8053,69,1,0,0
8054,95,1,0,0
8055,102,1,0,0
8056,9,1,0,0
8057,78,1,0,0
8058,71,1,0,0
8059,164,1,0,0
8060,171,1,0,0
8061,10,1,0,0
8062,132,1,0,0
8063,46,1,0,0
8064,28,1,0,0
8065,104,1,0,0
8066,178,1,0,0
8067,36,1,0,0
8068,158,1,0,0
8069,55,1,0,0
8070,60,1,0,0
8071,39,1,0,0
8072,98,1,0,0
8073,45,1,0,0
8074,150,1,0,0
8075,58,1,0,0
8076,47,1,0,0
8077,171,1,0,0
8078,25,1,0,0
8079,76,1,0,0
8080,40,1,0,0
8081,33,1,0,0
8082,43,1,0,0
8083,75,1,0,0
8084,29,1,0,0
8085,86,1,0,0
8086,103,1,0,0
8087,163,1,0,0
8088,88,1,0,0
8089,36,1,0,0
8090,185,1,0,0
8091,60,1,0,0
8092,28,1,0,0
8093,12,1,0,0
8094,137,1,0,0
8095,45,1,0,0
8096,71,1,0,0
8097,16,1,0,0
8098,94,1,0,0
8099,66,1,0,0
8100,86,1,0,0
8101,23,1,0,0
8102,127,1,0,0
8103,10,1,0,0
8104,20,1,0,0
8105,97,1,0,0
8106,12,1,0,0
8107,95,1,0,0
8108,126,1,0,0
8109,36,1,0,0
8110,45,1,0,0
8111,138,1,0,0
8112,83,1,0,0
8113,45,1,0,0
8114,37,1,0,0
8115,102,1,0,0
8116,59,1,0,0
8117,36,1,0,0
8118,58,1,0,0
8119,57,1,0,0
8120,25,1,0,0
8121,77,1,0,0
8122,36,1,0,0
8123,157,1,0,0
8124,64,1,0,0
8125,114,1,0,0
8126,84,1,0,0
8127,59,1,0,0
8128,20,1,0,0
8129,33,1,0,0
8130,29,1,0,0
8131,104,1,0,0
8132,21,1,0,0
8133,88,1,0,0
8134,51,1,0,0
8135,64,1,0,0
8136,14,1,0,0
8137,202,1,0,0
8138,91,1,0,0
8139,11,1,0,0
8140,135,1,0,0
8141,42,1,0,0
8142,20,1,0,0
8143,129,1,0,0
8144,151,1,0,0
8145,37,1,0,0
8146,62,1,0,0
8147,56,1,0,0
8148,124,1,0,0
8149,47,1,0,0
8150,50,1,0,0
8151,20,1,0,0
8152,56,1,0,0
8153,161,1,0,0
8154,13,1,0,0
8155,102,1,0,0
8156,66,1,0,0
8157,125,1,0,0
8158,257,1,0,0
8159,87,1,0,0
8160,226,1,0,0
8161,91,1,0,0
8162,88,1,0,0
8163,131,1,0,0
8164,21,1,0,0
8165,59,1,0,0
8166,34,1,0,0
8167,55,1,0,0
8168,84,1,0,0
8169,11,1,0,0
8170,81,1,0,0
8171,121,1,0,0
8172,11,1,0,0
8173,20,1,0,0
8174,27,1,0,0
8175,49,1,0,0
8176,39,1,0,0
8177,35,1,0,0
8178,55,1,0,0
8179,105,1,0,0
8180,80,1,0,0
8181,96,1,0,0
8182,75,1,0,0
8183,199,1,0,0
8184,53,1,0,0
8185,81,1,0,0
8186,195,1,0,0
8187,68,1,0,0
8188,63,1,0,0
8189,13,1,0,0
8190,105,1,0,0
8191,36,1,0,0
8192,111,1,0,0
8193,102,1,0,0
8194,38,1,0,0
8195,101,1,0,0
8196,42,1,0,0
8197,50,1,0,0
8198,137,1,0,0
8199,220,1,0,0
8200,17,1,0,0
8201,111,1,0,0
8202,109,1,0,0
8203,53,1,0,0
8204,54,1,0,0
8205,67,1,0,0
8206,189,1,0,0
8207,38,1,0,0
8208,40,1,0,0
8209,176,1,0,0
8210,102,1,0,0
8211,117,1,0,0
8212,43,1,0,0
8213,90,1,0,0
8214,33,1,0,0
8215,201,1,0,0
8216,97,1,0,0
8217,69,1,0,0
8218,144,1,0,0
8219,36,1,0,0
8220,94,1,0,0
8221,46,1,0,0
8222,34,1,0,0
8223,108,1,0,0
8224,12,1,0,0
8225,34,1,0,0
8226,71,1,0,0
8227,114,1,0,0
8228,64,1,0,0
8229,146,1,0,0
8230,31,1,0,0
8231,59,1,0,0
8232,39,1,0,0
8233,15,1,0,0
8234,44,1,0,0
8235,45,1,0,0
8236,10,1,0,0
8237,44,1,0,0
8238,65,1,0,0
8239,55,1,0,0
8240,36,1,0,0
8241,29,1,0,0
8242,65,1,0,0
8243,37,1,0,0
8244,96,1,0,0
8245,21,1,0,0
8246,138,1,0,0
8247,85,1,0,0
8248,11,1,0,0
8249,42,1,0,0
8250,39,1,0,0
8251,84,1,0,0
8252,60,1,0,0
8253,40,1,0,0
8254,83,1,0,0
8255,124,1,0,0
8256,57,1,0,0
8257,135,1,0,0
8258,40,1,0,0
8259,74,1,0,0
8260,69,1,0,0
8261,70,1,0,0
8262,34,1,0,0
8263,115,1,0,0
8264,50,1,0,0
8265,77,1,0,0
8266,177,1,0,0
8267,80,1,0,0
8268,36,1,0,0
8269,24,1,0,0
8270,86,1,0,0
8271,47,1,0,0
8272,67,1,0,0
8273,37,1,0,0
8274,75,1,0,0
8275,62,1,0,0
8276,88,1,0,0
8277,69,1,0,0
8278,153,1,0,0
8279,25,1,0,0
8280,10,1,0,0
8281,160,1,0,0
8282,78,1,0,0
8283,32,1,0,0
8284,198,1,0,0
8285,42,1,0,0
8286,67,1,0,0
8287,18,1,0,0
8288,17,1,0,0
8289,70,1,0,0
8290,24,1,0,0
8291,58,1,0,0
8292,108,1,0,0
8293,80,1,0,0
8294,83,1,0,0
8295,181,1,0,0
8296,79,1,0,0
8297,16,1,0,0
8298,55,1,0,0
8299,15,1,0,0
8300,167,1,0,0
8301,15,1,0,0
8302,62,1,0,0
8303,65,1,0,0
8304,91,1,0,0
8305,126,1,0,0
8306,115,1,0,0
8307,35,1,0,0
8308,19,1,0,0
8309,53,1,0,0
8310,62,1,0,0
8311,78,1,0,0
8312,59,1,0,0
8313,27,1,0,0
8314,96,1,0,0
8315,133,1,0,0
8316,141,1,0,0
8317,61,1,0,0
8318,51,1,0,0
8319,40,1,0,0
8320,35,1,0,0
8321,151,1,0,0
8322,63,1,0,0
8323,64,1,0,0
8324,87,1,0,0
8325,57,1,0,0
8326,36,1,0,0
8327,146,1,0,0
8328,59,1,0,0
8329,98,1,0,0
8330,52,1,0,0
8331,24,1,0,0
8332,70,1,0,0
8333,146,1,0,0
8334,23,1,0,0
8335,84,1,0,0
8336,113,1,0,0
8337,9,1,0,0
8338,28,1,0,0
8339,56,1,0,0
8340,27,1,0,0
8341,14,1,0,0
8342,53,1,0,0
8343,77,1,0,0
8344,103,1,0,0
8345,89,1,0,0
8346,37,1,0,0
8347,107,1,0,0
8348,126,1,0,0
8349,77,1,0,0
8350,7,1,0,0
8351,85,1,0,0
8352,19,1,0,0
8353,10,1,0,0
8354,13,1,0,0
8355,19,1,0,0
8356,163,1,0,0
8357,75,1,0,0
8358,26,1,0,0
8359,163,1,0,0
8360,57,1,0,0
8361,93,1,0,0
8362,163,1,0,0
8363,98,1,0,0
8364,96,1,0,0
8365,197,1,0,0
8366,29,1,0,0
8367,61,1,0,0
8368,48,1,0,0
8369,96,1,0,0
8370,41,1,0,0
8371,73,1,0,0
8372,182,1,0,0
8373,52,1,0,0
8374,115,1,0,0
8375,26,1,0,0
8376,295,1,0,0
8377,12,1,0,0
8378,16,1,0,0
8379,104,1,0,0
8380,66,1,0,0
8381,126,1,0,0
8382,108,1,0,0
8383,25,1,0,0
8384,111,1,0,0
8385,57,1,0,0
8386,57,1,0,0
8387,38,1,0,0
8388,65,1,0,0
8389,80,1,0,0
8390,29,1,0,0
8391,225,1,0,0
8392,65,1,0,0
8393,106,1,0,0
8394,51,1,0,0
8395,63,1,0,0
8396,116,1,0,0
8397,17,1,0,0
8398,106,1,0,0
8399,111,1,0,0
8400,21,1,0,0
8401,207,1,0,0
8402,74,1,0,0
8403,140,1,0,0
8404,60,1,0,0
8405,58,1,0,0
8406,91,1,0,0
8407,34,1,0,0
8408,22,1,0,0
8409,71,1,0,0
8410,152,1,0,0
8411,20,1,0,0
8412,69,1,0,0
8413,28,1,0,0
8414,12,1,0,0
8415,66,1,0,0
8416,30,1,0,0
8417,109,1,0,0
8418,35,1,0,0
8419,37,1,0,0
8420,128,1,0,0
8421,80,1,0,0
8422,61,1,0,0
8423,33,1,0,0
8424,68,1,0,0
8425,60,1,0,0
8426,30,1,0,0
8427,47,1,0,0
8428,95,1,0,0
8429,90,1,0,0
8430,78,1,0,0
8431,38,1,0,0
8432,117,1,0,0
8433,80,1,0,0
8434,83,1,0,0
8435,97,1,0,0
8436,167,1,0,0
8437,84,1,0,0
8438,57,1,0,0
8439,117,1,0,0
8440,149,1,0,0
8441,23,1,0,0
8442,86,1,0,0
8443,67,1,0,0
8444,141,1,0,0
8445,115,1,0,0
8446,250,1,0,0
8447,111,1,0,0
8448,64,1,0,0
8449,61,1,0,0
8450,77,1,0,0
8451,42,1,0,0
8452,55,1,0,0
8453,73,1,0,0
8454,50,1,0,0
8455,35,1,0,0
8456,80,1,0,0
8457,124,1,0,0
8458,37,1,0,0
8459,49,1,0,0
8460,17,1,0,0
8461,162,1,0,0
8462,90,1,0,0
8463,89,1,0,0
8464,25,1,0,0
8465,33,1,0,0
8466,24,1,0,0
8467,57,1,0,0
8468,134,1,0,0
8469,30,1,0,0
8470,28,1,0,0
8471,73,1,0,0
8472,16,1,0,0
8473,58,1,0,0
8474,50,1,0,0
8475,74,1,0,0
8476,77,1,0,0
8477,25,1,0,0
8478,101,1,0,0
8479,111,1,0,0
8480,10,1,0,0
8481,75,1,0,0
8482,31,1,0,0
8483,46,1,0,0
8484,34,1,0,0
8485,21,1,0,0
8486,53,1,0,0
8487,17,1,0,0
8488,61,1,0,0
8489,156,1,0,0
8490,35,1,0,0
8491,29,1,0,0
8492,44,1,0,0
8493,30,1,0,0
8494,58,1,0,0
8495,22,1,0,0
8496,39,1,0,0
8497,25,1,0,0
8498,31,1,0,0
8499,121,1,0,0
8500,32,1,0,0
8501,91,1,0,0
8502,54,1,0,0
8503,94,1,0,0
8504,63,1,0,0
8505,38,1,0,0
8506,91,1,0,0
8507,43,1,0,0
8508,31,1,0,0
8509,104,1,0,0
8510,57,1,0,0
8511,36,1,0,0
8512,22,1,0,0
8513,36,1,0,0
8514,104,1,0,0
8515,106,1,0,0
8516,353,1,0,0
8517,78,1,0,0
8518,34,1,0,0
8519,69,1,0,0
8520,45,1,0,0
8521,30,1,0,0
8522,17,1,0,0
8523,65,1,0,0
8524,127,1,0,0
8525,134,1,0,0
8526,13,1,0,0
8527,132,1,0,0
8528,67,1,0,0
8529,106,1,0,0
8530,55,1,0,0
8531,131,1,0,0
8532,74,1,0,0
8533,39,1,0,0
8534,111,1,0,0
8535,19,1,0,0
8536,56,1,0,0
8537,50,1,0,0
8538,43,1,0,0
8539,113,1,0,0
8540,15,1,0,0
8541,12,1,0,0
8542,28,1,0,0
8543,34,1,0,0
8544,54,1,0,0
8545,13,1,0,0
8546,125,1,0,0
8547,125,1,0,0
8548,58,1,0,0
8549,72,1,0,0
8550,66,1,0,0
8551,29,1,0,0
8552,30,1,0,0
8553,37,1,0,0
8554,65,1,0,0
8555,41,1,0,0
8556,38,1,0,0
8557,56,1,0,0
8558,101,1,0,0
8559,105,1,0,0
8560,110,1,0,0
8561,51,1,0,0
8562,100,1,0,0
8563,170,1,0,0
8564,88,1,0,0
8565,95,1,0,0
8566,54,1,0,0
8567,50,1,0,0
8568,94,1,0,0
8569,44,1,0,0
8570,50,1,0,0
8571,87,1,0,0
8572,36,1,0,0
8573,43,1,0,0
8574,27,1,0,0
8575,27,1,0,0
8576,65,1,0,0
8577,276,1,0,0
8578,36,1,0,0
8579,26,1,0,0
8580,27,1,0,0
8581,78,1,0,0
8582,14,1,0,0
8583,148,1,0,0
8584,10,1,0,0
8585,109,1,0,0
8586,44,1,0,0
8587,11,1,0,0
8588,23,1,0,0
8589,134,1,0,0
8590,14,1,0,0
8591,102,1,0,0
8592,17,1,0,0
8593,39,1,0,0
8594,31,1,0,0
8595,12,1,0,0
8596,34,1,0,0
8597,59,1,0,0
8598,56,1,0,0
8599,32,1,0,0
8600,35,1,0,0
8601,28,1,0,0
8602,39,1,0,0
8603,21,1,0,0
8604,227,1,0,0
8605,13,1,0,0
8606,70,1,0,0
8607,116,1,0,0
8608,93,1,0,0
8609,46,1,0,0
8610,142,1,0,0
8611,19,1,0,0
8612,35,1,0,0
8613,66,1,0,0
8614,23,1,0,0
8615,69,1,0,0
8616,67,1,0,0
8617,41,1,0,0
8618,56,1,0,0
8619,107,1,0,0
8620,38,1,0,0
8621,47,1,0,0
8622,36,1,0,0
8623,66,1,0,0
8624,25,1,0,0
8625,96,1,0,0
8626,32,1,0,0
8627,50,1,0,0
8628,70,1,0,0
8629,74,1,0,0
8630,75,1,0,0
8631,41,1,0,0
8632,148,1,0,0
8633,77,1,0,0
8634,40,1,0,0
8635,66,1,0,0
8636,179,1,0,0
8637,36,1,0,0
8638,28,1,0,0
8639,76,1,0,0
8640,69,1,0,0
8641,95,1,0,0
8642,29,1,0,0
8643,31,1,0,0
8644,83,1,0,0
8645,9,1,0,0
8646,102,1,0,0
8647,8,1,0,0
8648,50,1,0,0
8649,119,1,0,0
8650,133,1,0,0
8651,133,1,0,0
8652,70,1,0,0
8653,108,1,0,0
8654,21,1,0,0
8655,40,1,0,0
8656,65,1,0,0
8657,35,1,0,0
8658,83,1,0,0
8659,53,1,0,0
8660,127,1,0,0
8661,86,1,0,0
8662,133,1,0,0
8663,65,1,0,0
8664,104,1,0,0
8665,23,1,0,0
8666,122,1,0,0
8667,74,1,0,0
8668,66,1,0,0
8669,175,1,0,0
8670,88,1,0,0
8671,270,1,0,0
8672,56,1,0,0
8673,69,1,0,0
8674,105,1,0,0
8675,44,1,0,0
8676,39,1,0,0
8677,37,1,0,0
8678,36,1,0,0
8679,117,1,0,0
8680,29,1,0,0
8681,107,1,0,0
8682,234,1,0,0
8683,20,1,0,0
8684,41,1,0,0
8685,140,1,0,0
8686,94,1,0,0
8687,66,1,0,0
8688,111,1,0,0
8689,110,1,0,0
8690,153,1,0,0
8691,115,1,0,0
8692,65,1,0,0
8693,54,1,0,0
8694,145,1,0,0
8695,154,1,0,0
8696,85,1,0,0
8697,78,1,0,0
8698,55,1,0,0
8699,49,1,0,0
8700,27,1,0,0
8701,182,1,0,0
8702,47,1,0,0
8703,28,1,0,0
8704,24,1,0,0
8705,21,1,0,0
8706,54,1,0,0
8707,103,1,0,0
8708,193,1,0,0
8709,48,1,0,0
8710,131,1,0,0
8711,14,1,0,0
8712,64,1,0,0
8713,75,1,0,0
8714,47,1,0,0
8715,125,1,0,0
8716,102,1,0,0
8717,100,1,0,0
8718,54,1,0,0
8719,69,1,0,0
8720,35,1,0,0
8721,119,1,0,0
8722,11,1,0,0
8723,65,1,0,0
8724,11,1,0,0
8725,20,1,0,0
8726,120,1,0,0
8727,86,1,0,0
8728,56,1,0,0
8729,61,1,0,0
8730,45,1,0,0
8731,187,1,0,0
8732,35,1,0,0
8733,106,1,0,0
8734,81,1,0,0
8735,28,1,0,0
8736,84,1,0,0
8737,121,1,0,0
8738,17,1,0,0
8739,125,1,0,0
8740,67,1,0,0
8741,30,1,0,0
8742,33,1,0,0
8743,91,1,0,0
8744,84,1,0,0
8745,153,1,0,0
8746,43,1,0,0
8747,43,1,0,0
8748,97,1,0,0
8749,138,1,0,0
8750,64,1,0,0
8751,55,1,0,0
8752,119,1,0,0
8753,99,1,0,0
8754,117,1,0,0
8755,62,1,0,0
8756,61,1,0,0
8757,17,1,0,0
8758,50,1,0,0
8759,76,1,0,0
8760,52,1,0,0
8761,22,1,0,0
8762,77,1,0,0
8763,115,1,0,0
8764,264,1,0,0
8765,50,1,0,0
8766,57,1,0,0
8767,106,1,0,0
8768,58,1,0,0
8769,37,1,0,0
8770,57,1,0,0
8771,80,1,0,0
8772,54,1,0,0
8773,44,1,0,0
8774,83,1,0,0
8775,42,1,0,0
8776,47,1,0,0
8777,54,1,0,0
8778,14,1,0,0
8779,52,1,0,0
8780,31,1,0,0
8781,132,1,0,0
8782,31,1,0,0
8783,137,1,0,0
8784,93,1,0,0
8785,128,1,0,0
8786,83,1,0,0
8787,21,1,0,0
8788,45,1,0,0
8789,86,1,0,0
8790,49,1,0,0
8791,104,1,0,0
8792,16,1,0,0
8793,103,1,0,0
8794,79,1,0,0
8795,51,1,0,0
8796,44,1,0,0
8797,50,1,0,0
8798,72,1,0,0
8799,37,1,0,0
8800,25,1,0,0
8801,121,1,0,0
8802,36,1,0,0
8803,29,1,0,0
8804,59,1,0,0
8805,57,1,0,0
8806,33,1,0,0
8807,20,1,0,0
8808,53,1,0,0
8809,116,1,0,0
8810,32,1,0,0
8811,48,1,0,0
8812,88,1,0,0
8813,32,1,0,0
8814,137,1,0,0
8815,25,1,0,0
8816,63,1,0,0
8817,33,1,0,0
8818,119,1,0,0
8819,51,1,0,0
8820,12,1,0,0
8821,33,1,0,0
8822,161,1,0,0
8823,44,1,0,0
8824,24,1,0,0
8825,107,1,0,0
8826,40,1,0,0
8827,40,1,0,0
8828,84,1,0,0
8829,27,1,0,0
8830,11,1,0,0
8831,124,1,0,0
8832,100,1,0,0
8833,24,1,0,0
8834,43,1,0,0
8835,29,1,0,0
8836,33,1,0,0
8837,15,1,0,0
8838,30,1,0,0
8839,66,1,0,0
8840,60,1,0,0
8841,33,1,0,0
8842,55,1,0,0
8843,26,1,0,0
8844,46,1,0,0
8845,144,1,0,0
8846,24,1,0,0
8847,62,1,0,0
8848,97,1,0,0
8849,68,1,0,0
8850,108,1,0,0
8851,63,1,0,0
8852,21,1,0,0
8853,116,1,0,0
8854,80,1,0,0
8855,178,1,0,0
8856,23,1,0,0
8857,80,1,0,0
8858,60,1,0,0
8859,26,1,0,0
8860,21,1,0,0
8861,66,1,0,0
8862,78,1,0,0
8863,90,1,0,0
8864,35,1,0,0
8865,158,1,0,0
8866,52,1,0,0
8867,123,1,0,0
8868,153,1,0,0
8869,95,1,0,0
8870,37,1,0,0
8871,79,1,0,0
8872,63,1,0,0
8873,45,1,0,0
8874,51,1,0,0
8875,58,1,0,0
8876,11,1,0,0
8877,96,1,0,0
8878,66,1,0,0
8879,83,1,0,0
8880,70,1,0,0
8881,127,1,0,0
8882,136,1,0,0
8883,24,1,0,0
8884,125,1,0,0
8885,110,1,0,0
8886,62,1,0,0
8887,165,1,0,0
8888,55,1,0,0
8889,68,1,0,0
8890,67,1,0,0
8891,67,1,0,0
8892,87,1,0,0
8893,33,1,0,0
8894,69,1,0,0
8895,111,1,0,0
8896,21,1,0,0
8897,71,1,0,0
8898,45,1,0,0
8899,107,1,0,0
8900,149,1,0,0
8901,20,1,0,0
8902,86,1,0,0
8903,68,1,0,0
8904,117,1,0,0
8905,92,1,0,0
8906,15,1,0,0
8907,56,1,0,0
8908,126,1,0,0
8909,135,1,0,0
8910,59,1,0,0
8911,73,1,0,0
8912,40,1,0,0
8913,43,1,0,0
8914,101,1,0,0
8915,21,1,0,0
8916,36,1,0,0
8917,56,1,0,0
8918,43,1,0,0
8919,23,1,0,0
8920,35,1,0,0
8921,79,1,0,0
8922,72,1,0,0
8923,39,1,0,0
8924,20,1,0,0
8925,44,1,0,0
8926,64,1,0,0
8927,136,1,0,0
8928,60,1,0,0
8929,81,1,0,0
8930,98,1,0,0
8931,20,1,0,0
8932,69,1,0,0
8933,152,1,0,0
8934,66,1,0,0
8935,42,1,0,0
8936,18,1,0,0
8937,42,1,0,0
8938,108,1,0,0
8939,101,1,0,0
8940,12,1,0,0
8941,11,1,0,0
8942,114,1,0,0
8943,23,1,0,0
8944,44,1,0,0
8945,136,1,0,0
8946,85,1,0,0
8947,39,1,0,0
8948,39,1,0,0
8949,40,1,0,0
8950,115,1,0,0
8951,33,1,0,0
8952,59,1,0,0
8953,85,1,0,0
8954,202,1,0,0
8955,69,1,0,0
8956,93,1,0,0
8957,126,1,0,0
8958,41,1,0,0
8959,70,1,0,0
8960,26,1,0,0
8961,21,1,0,0
8962,76,1,0,0
8963,58,1,0,0
8964,187,1,0,0
8965,246,1,0,0
8966,81,1,0,0
8967,15,1,0,0
8968,54,1,0,0
8969,7,1,0,0
8970,14,1,0,0
8971,11,1,0,0
8972,81,1,0,0
8973,26,1,0,0
8974,63,1,0,0
8975,37,1,0,0
8976,24,1,0,0
8977,124,1,0,0
8978,197,1,0,0
8979,64,1,0,0
8980,36,1,0,0
8981,39,1,0,0
8982,96,1,0,0
8983,26,1,0,0
8984,34,1,0,0
8985,58,1,0,0
8986,23,1,0,0
8987,66,1,0,0
8988,30,1,0,0
8989,63,1,0,0
8990,95,1,0,0
8991,180,1,0,0
8992,11,1,0,0
8993,56,1,0,0
8994,65,1,0,0
8995,23,1,0,0
8996,34,1,0,0
8997,50,1,0,0
8998,61,1,0,0
8999,69,1,0,0
9000,32,1,0,0
9001,55,1,0,0
9002,42,1,0,0
9003,21,1,0,0
9004,144,1,0,0
9005,26,1,0,0
9006,133,1,0,0
9007,14,1,0,0
9008,132,1,0,0
9009,62,1,0,0
9010,54,1,0,0
9011,54,1,0,0
9012,37,1,0,0
9013,40,1,0,0
9014,133,1,0,0
9015,39,1,0,0
9016,37,1,0,0
9017,58,1,0,0
9018,46,1,0,0
9019,25,1,0,0
9020,17,1,0,0
9021,13,1,0,0
9022,80,1,0,0
9023,99,1,0,0
9024,16,1,0,0
9025,23,1,0,0
9026,28,1,0,0
9027,102,1,0,0
9028,41,1,0,0
9029,118,1,0,0
9030,62,1,0,0
9031,56,1,0,0
9032,138,1,0,0
9033,13,1,0,0
9034,40,1,0,0
9035,27,1,0,0
9036,88,1,0,0
9037,63,1,0,0
9038,116,1,0,0
9039,23,1,0,0
9040,129,1,0,0
9041,125,1,0,0
9042,50,1,0,0
9043,21,1,0,0
9044,161,1,0,0
9045,141,1,0,0
9046,17,1,0,0
9047,58,1,0,0
9048,68,1,0,0
9049,26,1,0,0
9050,79,1,0,0
9051,116,1,0,0
9052,25,1,0,0
9053,213,1,0,0
9054,149,1,0,0
9055,89,1,0,0
9056,26,1,0,0
9057,17,1,0,0
9058,44,1,0,0
9059,54,1,0,0
9060,39,1,0,0
9061,68,1,0,0
9062,70,1,0,0
9063,20,1,0,0
9064,19,1,0,0
9065,134,1,0,0
9066,23,1,0,0
9067,81,1,0,0
9068,54,1,0,0
9069,101,1,0,0
9070,81,1,0,0
9071,18,1,0,0
9072,145,1,0,0
9073,76,1,0,0
9074,64,1,0,0
9075,10,1,0,0
9076,70,1,0,0
9077,36,1,0,0
9078,13,1,0,0
9079,141,1,0,0
9080,73,1,0,0
9081,71,1,0,0
9082,82,1,0,0
9083,45,1,0,0
9084,39,1,0,0
9085,37,1,0,0
9086,13,1,0,0
9087,125,1,0,0
9088,24,1,0,0
9089,78,1,0,0
9090,52,1,0,0
9091,91,1,0,0
9092,52,1,0,0
9093,78,1,0,0
9094,96,1,0,0
9095,95,1,0,0
9096,68,1,0,0
9097,75,1,0,0
9098,56,1,0,0
9099,108,1,0,0
9100,34,1,0,0
9101,110,1,0,0
9102,23,1,0,0
9103,91,1,0,0
9104,42,1,0,0
9105,44,1,0,0
9106,12,1,0,0
9107,157,1,0,0
9108,58,1,0,0
9109,27,1,0,0
9110,11,1,0,0
9111,103,1,0,0
9112,99,1,0,0
9113,89,1,0,0
9114,35,1,0,0
9115,85,1,0,0
9116,55,1,0,0
9117,63,1,0,0
9118,41,1,0,0
9119,50,1,0,0
9120,52,1,0,0
9121,66,1,0,0
9122,79,1,0,0
9123,45,1,0,0
9124,67,1,0,0
9125,95,1,0,0
9126,36,1,0,0
9127,12,1,0,0
9128,23,1,0,0
9129,66,1,0,0
9130,51,1,0,0
9131,67,1,0,0
9132,53,1,0,0
9133,113,1,0,0
9134,28,1,0,0
9135,60,1,0,0
9136,93,1,0,0
9137,43,1,0,0
9138,18,1,0,0
9139,13,1,0,0
9140,251,1,0,0
9141,61,1,0,0
9142,129,1,0,0
9143,41,1,0,0
9144,36,1,0,0
9145,38,1,0,0
9146,91,1,0,0
9147,20,1,0,0
9148,48,1,0,0
9149,24,1,0,0
9150,37,1,0,0
9151,24,1,0,0
9152,16,1,0,0
9153,94,1,0,0
9154,130,1,0,0
9155,43,1,0,0
9156,58,1,0,0
9157,100,1,0,0
9158,90,1,0,0
9159,16,1,0,0
9160,23,1,0,0
9161,57,1,0,0
9162,108,1,0,0
9163,83,1,0,0
9164,28,1,0,0
9165,38,1,0,0
9166,42,1,0,0
9167,111,1,0,0
9168,42,1,0,0
9169,43,1,0,0
9170,108,1,0,0
9171,80,1,0,0
9172,23,1,0,0
9173,97,1,0,0
9174,111,1,0,0
9175,65,1,0,0
9176,37,1,0,0
9177,113,1,0,0
9178,49,1,0,0
9179,104,1,0,0
9180,11,1,0,0
9181,114,1,0,0
9182,37,1,0,0
9183,30,1,0,0
9184,108,1,0,0
9185,25,1,0,0
9186,244,1,0,0
9187,89,1,0,0
9188,120,1,0,0
9189,83,1,0,0
9190,49,1,0,0
9191,33,1,0,0
9192,27,1,0,0
9193,26,1,0,0
9194,124,1,0,0
9195,251,1,0,0
9196,68,1,0,0
9197,51,1,0,0
9198,82,1,0,0
9199,22,1,0,0
9200,90,1,0,0
9201,33,1,0,0
9202,92,1,0,0
9203,61,1,0,0
9204,127,1,0,0
9205,46,1,0,0
9206,82,1,0,0
9207,35,1,0,0
9208,84,1,0,0
9209,34,1,0,0
9210,28,1,0,0
9211,22,1,0,0
9212,31,1,0,0
9213,62,1,0,0
9214,26,1,0,0
9215,51,1,0,0
9216,23,1,0,0
9217,19,1,0,0
9218,38,1,0,0
9219,246,1,0,0
9220,60,1,0,0
9221,129,1,0,0
9222,102,1,0,0
9223,34,1,0,0
9224,87,1,0,0
9225,94,1,0,0
9226,16,1,0,0
9227,69,1,0,0
9228,57,1,0,0
9229,55,1,0,0
9230,168,1,0,0
9231,12,1,0,0
9232,70,1,0,0
9233,45,1,0,0
9234,57,1,0,0
9235,88,1,0,0
9236,44,1,0,0
9237,10,1,0,0
9238,33,1,0,0
9239,48,1,0,0
9240,68,1,0,0
9241,201,1,0,0
9242,73,1,0,0
9243,225,1,0,0
9244,66,1,0,0
9245,121,1,0,0
9246,19,1,0,0
9247,92,1,0,0
9248,103,1,0,0
9249,70,1,0,0
9250,127,1,0,0
9251,31,1,0,0
9252,115,1,0,0
9253,63,1,0,0
9254,36,1,0,0
9255,55,1,0,0
9256,73,1,0,0
9257,32,1,0,0
9258,185,1,0,0
9259,119,1,0,0
9260,84,1,0,0
9261,72,1,0,0
9262,130,1,0,0
9263,23,1,0,0
9264,15,1,0,0
9265,68,1,0,0
9266,53,1,0,0
9267,74,1,0,0
9268,99,1,0,0
9269,35,1,0,0
9270,93,1,0,0
9271,147,1,0,0
9272,66,1,0,0
9273,68,1,0,0
9274,30,1,0,0
9275,156,1,0,0
9276,39,1,0,0
9277,31,1,0,0
9278,38,1,0,0
9279,86,1,0,0
9280,151,1,0,0
9281,48,1,0,0
9282,158,1,0,0
9283,61,1,0,0
9284,28,1,0,0
9285,111,1,0,0
9286,102,1,0,0
9287,110,1,0,0
9288,50,1,0,0
9289,53,1,0,0
9290,180,1,0,0
9291,91,1,0,0
9292,44,1,0,0
9293,12,1,0,0
9294,9,1,0,0
9295,49,1,0,0
9296,15,1,0,0
9297,39,1,0,0
9298,27,1,0,0
9299,103,1,0,0
9300,35,1,0,0
9301,10,1,0,0
9302,59,1,0,0
9303,69,1,0,0
9304,80,1,0,0
9305,56,1,0,0
9306,90,1,0,0
9307,13,1,0,0
9308,51,1,0,0
9309,30,1,0,0
9310,13,1,0,0
9311,41,1,0,0
9312,87,1,0,0
9313,28,1,0,0
9314,42,1,0,0
9315,118,1,0,0
9316,105,1,0,0
9317,43,1,0,0
9318,127,1,0,0
9319,44,1,0,0
9320,30,1,0,0
9321,43,1,0,0
9322,69,1,0,0
9323,89,1,0,0
9324,55,1,0,0
9325,32,1,0,0
9326,68,1,0,0
9327,153,1,0,0
9328,195,1,0,0
9329,129,1,0,0
9330,89,1,0,0
9331,53,1,0,0
9332,46,1,0,0
9333,64,1,0,0
9334,68,1,0,0
9335,151,1,0,0
9336,41,1,0,0
9337,20,1,0,0
9338,151,1,0,0
9339,31,1,0,0
9340,15,1,0,0
9341,133,1,0,0
9342,13,1,0,0
9343,76,1,0,0
9344,89,1,0,0
9345,11,1,0,0
9346,8,1,0,0
9347,82,1,0,0
9348,82,1,0,0
9349,85,1,0,0
9350,20,1,0,0
9351,29,1,0,0
9352,91,1,0,0
9353,220,1,0,0
9354,19,1,0,0
9355,134,1,0,0
9356,25,1,0,0
9357,120,1,0,0
9358,64,1,0,0
9359,86,1,0,0
9360,60,1,0,0
9361,42,1,0,0
9362,185,1,0,0
9363,26,1,0,0
9364,29,1,0,0
9365,27,1,0,0
9366,133,1,0,0
9367,33,1,0,0
9368,203,1,0,0
9369,138,1,0,0
9370,89,1,0,0
9371,81,1,0,0
9372,32,1,0,0
9373,157,1,0,0
9374,72,1,0,0
9375,32,1,0,0
9376,61,1,0,0
9377,69,1,0,0
9378,33,1,0,0
9379,65,1,0,0
9380,40,1,0,0
9381,124,1,0,0
9382,109,1,0,0
9383,16,1,0,0
9384,65,1,0,0
9385,92,1,0,0
9386,101,1,0,0
9387,33,1,0,0
9388,57,1,0,0
9389,100,1,0,0
9390,95,1,0,0
9391,64,1,0,0
9392,66,1,0,0
9393,23,1,0,0
9394,28,1,0,0
9395,196,1,0,0
9396,44,1,0,0
9397,74,1,0,0
9398,98,1,0,0
9399,46,1,0,0
9400,15,1,0,0
9401,46,1,0,0
9402,68,1,0,0
9403,21,1,0,0
9404,128,1,0,0
9405,18,1,0,0
9406,63,1,0,0
9407,46,1,0,0
9408,202,1,0,0
9409,56,1,0,0
9410,18,1,0,0
9411,76,1,0,0
9412,16,1,0,0
9413,45,1,0,0
9414,127,1,0,0
9415,22,1,0,0
9416,65,1,0,0
9417,58,1,0,0
9418,42,1,0,0
9419,20,1,0,0
9420,38,1,0,0
9421,42,1,0,0
9422,17,1,0,0
9423,42,1,0,0
9424,41,1,0,0
9425,57,1,0,0
9426,33,1,0,0
9427,175,1,0,0
9428,40,1,0,0
9429,86,1,0,0
9430,63,1,0,0
9431,192,1,0,0
9432,61,1,0,0
9433,34,1,0,0
9434,161,1,0,0
9435,56,1,0,0
9436,43,1,0,0
9437,15,1,0,0
9438,254,1,0,0
9439,60,1,0,0
9440,43,1,0,0
9441,210,1,0,0
9442,85,1,0,0
9443,254,1,0,0
9444,33,1,0,0
9445,71,1,0,0
9446,45,1,0,0
9447,18,1,0,0
9448,78,1,0,0
9449,83,1,0,0
9450,89,1,0,0
9451,19,1,0,0
9452,201,1,0,0
9453,45,1,0,0
9454,184,1,0,0
9455,62,1,0,0
9456,33,1,0,0
9457,49,1,0,0
9458,126,1,0,0
9459,110,1,0,0
9460,137,1,0,0
9461,75,1,0,0
9462,42,1,0,0
9463,195,1,0,0
9464,136,1,0,0
9465,40,1,0,0
9466,31,1,0,0
9467,57,1,0,0
9468,158,1,0,0
9469,69,1,0,0
9470,87,1,0,0
9471,32,1,0,0
9472,34,1,0,0
9473,32,1,0,0
9474,84,1,0,0
9475,24,1,0,0
9476,200,1,0,0
9477,38,1,0,0
9478,35,1,0,0
9479,132,1,0,0
9480,83,1,0,0
9481,32,1,0,0
9482,48,1,0,0
9483,20,1,0,0
9484,169,1,0,0
9485,66,1,0,0
9486,134,1,0,0
9487,21,1,0,0
9488,158,1,0,0
9489,23,1,0,0
9490,68,1,0,0
9491,155,1,0,0
9492,45,1,0,0
9493,54,1,0,0
9494,51,1,0,0
9495,201,1,0,0
9496,57,1,0,0
9497,85,1,0,0
9498,15,1,0,0
9499,76,1,0,0
9500,45,1,0,0
9501,92,1,0,0
9502,116,1,0,0
9503,96,1,0,0
9504,25,1,0,0
9505,136,1,0,0
9506,49,1,0,0
9507,78,1,0,0
9508,83,1,0,0
9509,13,1,0,0
9510,63,1,0,0
9511,26,1,0,0
9512,80,1,0,0
9513,151,1,0,0
9514,53,1,0,0
9515,67,1,0,0
9516,37,1,0,0
9517,60,1,0,0
9518,13,1,0,0
9519,17,1,0,0
9520,76,1,0,0
9521,7,1,0,0
9522,102,1,0,0
9523,37,1,0,0
9524,37,1,0,0
9525,29,1,0,0
9526,106,1,0,0
9527,21,1,0,0
9528,65,1,0,0
9529,55,1,0,0
9530,43,1,0,0
9531,47,1,0,0
9532,34,1,0,0
9533,52,1,0,0
9534,26,1,0,0
9535,191,1,0,0
9536,20,1,0,0
9537,76,1,0,0
9538,78,1,0,0
9539,8,1,0,0
9540,35,1,0,0
9541,84,1,0,0
9542,96,1,0,0
9543,142,1,0,0
9544,130,1,0,0
9545,33,1,0,0
9546,22,1,0,0
9547,29,1,0,0
9548,17,1,0,0
9549,25,1,0,0
9550,71,1,0,0
9551,61,1,0,0
9552,37,1,0,0
9553,76,1,0,0
9554,13,1,0,0
9555,40,1,0,0
9556,14,1,0,0
9557,15,1,0,0
9558,29,1,0,0
9559,11,1,0,0
9560,256,1,0,0
9561,27,1,0,0
9562,274,1,0,0
9563,112,1,0,0
9564,92,1,0,0
9565,238,1,0,0
9566,122,1,0,0
9567,36,1,0,0
9568,100,1,0,0
9569,174,1,0,0
9570,22,1,0,0
9571,13,1,0,0
9572,189,1,0,0
9573,65,1,0,0
9574,123,1,0,0
9575,85,1,0,0
9576,73,1,0,0
9577,64,1,0,0
9578,115,1,0,0
9579,14,1,0,0
9580,38,1,0,0
9581,15,1,0,0
9582,52,1,0,0
9583,95,1,0,0
9584,12,1,0,0
9585,67,1,0,0
9586,32,1,0,0
9587,34,1,0,0
9588,67,1,0,0
9589,65,1,0,0
9590,17,1,0,0
9591,39,1,0,0
9592,57,1,0,0
9593,101,1,0,0
9594,104,1,0,0
9595,48,1,0,0
9596,78,1,0,0
9597,28,1,0,0
9598,47,1,0,0
9599,33,1,0,0
9600,40,1,0,0
9601,25,1,0,0
9602,97,1,0,0
9603,139,1,0,0
9604,49,1,0,0
9605,77,1,0,0
9606,84,1,0,0
9607,90,1,0,0
9608,20,1,0,0
9609,33,1,0,0
9610,22,1,0,0
9611,46,1,0,0
9612,72,1,0,0
9613,63,1,0,0
9614,33,1,0,0
9615,91,1,0,0
9616,38,1,0,0
9617,50,1,0,0
9618,57,1,0,0
9619,74,1,0,0
9620,106,1,0,0
9621,54,1,0,0
9622,32,1,0,0
9623,104,1,0,0
9624,14,1,0,0
9625,74,1,0,0
9626,40,1,0,0
9627,15,1,0,0
9628,60,1,0,0
9629,63,1,0,0
9630,141,1,0,0
9631,55,1,0,0
9632,34,1,0,0
9633,58,1,0,0
9634,105,1,0,0
9635,53,1,0,0
9636,37,1,0,0
9637,126,1,0,0
9638,56,1,0,0
9639,139,1,0,0
9640,123,1,0,0
9641,59,1,0,0
9642,95,1,0,0
9643,12,1,0,0
9644,157,1,0,0
9645,30,1,0,0
9646,34,1,0,0
9647,78,1,0,0
9648,63,1,0,0
9649,21,1,0,0
9650,103,1,0,0
9651,59,1,0,0
9652,96,1,0,0
9653,100,1,0,0
9654,45,1,0,0
9655,66,1,0,0
9656,41,1,0,0
9657,69,1,0,0
9658,21,1,0,0
9659,120,1,0,0
9660,37,1,0,0
9661,15,1,0,0
9662,44,1,0,0
9663,70,1,0,0
9664,33,1,0,0
9665,38,1,0,0
9666,21,1,0,0
9667,99,1,0,0
9668,75,1,0,0
9669,143,1,0,0
9670,100,1,0,0
9671,166,1,0,0
9672,29,1,0,0
9673,61,1,0,0
9674,23,1,0,0
9675,30,1,0,0
9676,19,1,0,0
9677,118,1,0,0
9678,44,1,0,0
9679,63,1,0,0
9680,162,1,0,0
9681,40,1,0,0
9682,79,1,0,0
9683,20,1,0,0
9684,78,1,0,0
9685,91,1,0,0
9686,120,1,0,0
9687,75,1,0,0
9688,23,1,0,0
9689,9,1,0,0
9690,60,1,0,0
9691,84,1,0,0
9692,44,1,0,0
9693,91,1,0,0
9694,26,1,0,0
9695,135,1,0,0
9696,39,1,0,0
9697,57,1,0,0
9698,125,1,0,0
9699,53,1,0,0
9700,132,1,0,0
9701,76,1,0,0
9702,40,1,0,0
9703,21,1,0,0
9704,38,1,0,0
9705,35,1,0,0
9706,60,1,0,0
9707,21,1,0,0
9708,227,1,0,0
9709,64,1,0,0
9710,10,1,0,0
9711,67,1,0,0
9712,99,1,0,0
9713,17,1,0,0
9714,39,1,0,0
9715,123,1,0,0
9716,34,1,0,0
9717,117,1,0,0
9718,18,1,0,0
9719,34,1,0,0
9720,90,1,0,0
9721,53,1,0,0
9722,339,1,0,0
9723,70,1,0,0
9724,35,1,0,0
9725,59,1,0,0
9726,74,1,0,0
9727,42,1,0,0
9728,109,1,0,0
9729,56,1,0,0
9730,30,1,0,0
9731,109,1,0,0
9732,7,1,0,0
9733,31,1,0,0
9734,20,1,0,0
9735,61,1,0,0
9736,64,1,0,0
9737,37,1,0,0
9738,51,1,0,0
9739,48,1,0,0
9740,119,1,0,0
9741,69,1,0,0
9742,31,1,0,0
9743,133,1,0,0
9744,18,1,0,0
9745,161,1,0,0
9746,43,1,0,0
9747,28,1,0,0
9748,31,1,0,0
9749,52,1,0,0
9750,38,1,0,0
9751,27,1,0,0
9752,82,1,0,0
9753,148,1,0,0
9754,58,1,0,0
9755,85,1,0,0
9756,76,1,0,0
9757,72,1,0,0
9758,57,1,0,0
9759,157,1,0,0
9760,132,1,0,0
9761,20,1,0,0
9762,38,1,0,0
9763,92,1,0,0
9764,20,1,0,0
9765,112,1,0,0
9766,35,1,0,0
9767,52,1,0,0
9768,77,1,0,0
9769,32,1,0,0
9770,49,1,0,0
9771,75,1,0,0
9772,139,1,0,0
9773,64,1,0,0
9774,41,1,0,0
9775,49,1,0,0
9776,53,1,0,0
9777,44,1,0,0
9778,37,1,0,0
9779,127,1,0,0
9780,118,1,0,0
9781,30,1,0,0
9782,95,1,0,0
9783,79,1,0,0
9784,11,1,0,0
9785,73,1,0,0
9786,90,1,0,0
9787,46,1,0,0
9788,37,1,0,0
9789,292,1,0,0
9790,40,1,0,0
9791,85,1,0,0
9792,87,1,0,0
9793,60,1,0,0
9794,35,1,0,0
9795,166,1,0,0
9796,98,1,0,0
9797,15,1,0,0
9798,42,1,0,0
9799,172,1,0,0
9800,56,1,0,0
9801,40,1,0,0
9802,125,1,0,0
9803,17,1,0,0
9804,136,1,0,0
9805,46,1,0,0
9806,63,1,0,0
9807,42,1,0,0
9808,41,1,0,0
9809,109,1,0,0
9810,104,1,0,0
9811,29,1,0,0
9812,54,1,0,0
9813,38,1,0,0
9814,55,1,0,0
9815,128,1,0,0
9816,17,1,0,0
9817,103,1,0,0
9818,93,1,0,0
9819,29,1,0,0
9820,130,1,0,0
9821,93,1,0,0
9822,23,1,0,0
9823,40,1,0,0
9824,27,1,0,0
9825,37,1,0,0
9826,31,1,0,0
9827,72,1,0,0
9828,57,1,0,0
9829,89,1,0,0
9830,67,1,0,0
9831,54,1,0,0
9832,59,1,0,0
9833,118,1,0,0
9834,106,1,0,0
9835,41,1,0,0
9836,129,1,0,0
9837,138,1,0,0
9838,7,1,0,0
9839,37,1,0,0
9840,115,1,0,0
9841,49,1,0,0
9842,55,1,0,0
9843,18,1,0,0
9844,25,1,0,0
9845,80,1,0,0
9846,44,1,0,0
9847,116,1,0,0
9848,173,1,0,0
9849,22,1,0,0
9850,47,1,0,0
9851,33,1,0,0
9852,137,1,0,0
9853,105,1,0,0
9854,39,1,0,0
9855,49,1,0,0
9856,24,1,0,0
9857,98,1,0,0
9858,177,1,0,0
9859,73,1,0,0
9860,59,1,0,0
9861,69,1,0,0
9862,14,1,0,0
9863,29,1,0,0
9864,62,1,0,0
9865,38,1,0,0
9866,41,1,0,0
9867,133,1,0,0
9868,42,1,0,0
9869,97,1,0,0
9870,79,1,0,0
9871,25,1,0,0
9872,25,1,0,0
9873,49,1,0,0
9874,37,1,0,0
9875,106,1,0,0
9876,45,1,0,0
9877,79,1,0,0
9878,72,1,0,0
9879,32,1,0,0
9880,72,1,0,0
9881,55,1,0,0
9882,151,1,0,0
9883,167,1,0,0
9884,88,1,0,0
9885,32,1,0,0
9886,123,1,0,0
9887,62,1,0,0
9888,180,1,0,0
9889,37,1,0,0
9890,28,1,0,0
9891,99,1,0,0
9892,103,1,0,0
9893,75,1,0,0
9894,42,1,0,0
9895,120,1,0,0
9896,44,1,0,0
9897,42,1,0,0
9898,30,1,0,0
9899,19,1,0,0
9900,39,1,0,0
9901,59,1,0,0
9902,57,1,0,0
9903,76,1,0,0
9904,74,1,0,0
9905,32,1,0,0
9906,62,1,0,0
9907,62,1,0,0
9908,39,1,0,0
9909,54,1,0,0
9910,30,1,0,0
9911,14,1,0,0
9912,69,1,0,0
9913,134,1,0,0
9914,20,1,0,0
9915,98,1,0,0
9916,54,1,0,0
9917,94,1,0,0
9918,87,1,0,0
9919,56,1,0,0
9920,85,1,0,0
9921,24,1,0,0
9922,175,1,0,0
9923,51,1,0,0
9924,153,1,0,0
9925,20,1,0,0
9926,35,1,0,0
9927,122,1,0,0
9928,119,1,0,0
9929,11,1,0,0
9930,95,1,0,0
9931,89,1,0,0
9932,42,1,0,0
9933,76,1,0,0
9934,87,1,0,0
9935,107,1,0,0
9936,222,1,0,0
9937,127,1,0,0
9938,135,1,0,0
9939,72,1,0,0
9940,129,1,0,0
9941,26,1,0,0
9942,156,1,0,0
9943,81,1,0,0
9944,42,1,0,0
9945,47,1,0,0
9946,64,1,0,0
9947,11,1,0,0
9948,89,1,0,0
9949,129,1,0,0
9950,60,1,0,0
9951,26,1,0,0
9952,60,1,0,0
9953,22,1,0,0
9954,24,1,0,0
9955,33,1,0,0
9956,103,1,0,0
9957,21,1,0,0
9958,116,1,0,0
9959,50,1,0,0
9960,216,1,0,0
9961,17,1,0,0
9962,28,1,0,0
9963,65,1,0,0
9964,112,1,0,0
9965,38,1,0,0
9966,41,1,0,0
9967,31,1,0,0
9968,22,1,0,0
9969,35,1,0,0
9970,96,1,0,0
9971,154,1,0,0
9972,93,1,0,0
9973,18,1,0,0
9974,151,1,0,0
9975,89,1,0,0
9976,18,1,0,0
9977,182,1,0,0
9978,20,1,0,0
9979,79,1,0,0
9980,159,1,0,0
9981,159,1,0,0
9982,16,1,0,0
9983,90,1,0,0
9984,23,1,0,0
9985,110,1,0,0
9986,27,1,0,0
9987,89,1,0,0
9988,56,1,0,0
9989,16,1,0,0
9990,170,1,0,0
9991,64,1,0,0
9992,68,1,0,0
9993,17,1,0,0
9994,14,1,0,0
9995,91,1,0,0
9996,66,1,0,0
9997,70,1,0,0
9998,81,1,0,0
9999,66,1,0,0
