trial,final_step,trapped,contact_dead,boundary_dead
0,1,1,1,0
1,4,1,1,0
2,3,1,1,0
3,5,1,1,0
4,3,1,1,0
5,1,1,1,0
6,2,1,1,0
7,3,1,1,0
8,1,1,1,0
9,2,1,1,0
10,6,1,1,0
11,2,1,1,0
12,8,1,1,0
13,2,1,1,0
14,1,1,1,0
15,19,1,1,0
16,4,1,1,0
17,3,1,1,0
18,1,1,1,0
19,1,1,1,0
20,3,1,1,0
21,7,1,1,0
22,1,1,1,0
23,8,1,1,0
24,2,1,1,0
25,1,1,1,0
26,4,1,1,0
27,2,1,1,0
28,1,1,1,0
29,7,1,1,0
30,1,1,1,0
31,2,1,1,0
32,1,1,1,0
33,1,1,1,0
34,6,1,1,0
35,1,1,1,0
36,3,1,1,0
37,9,1,1,0
38,3,1,1,0
39,5,1,1,0
40,2,1,1,0
41,4,1,1,0
42,5,1,1,0
43,5,1,1,0
44,2,1,1,0
45,3,1,1,0
46,2,1,1,0
47,1,1,1,0
48,2,1,1,0
49,3,1,1,0
50,10,1,1,0
51,6,1,1,0
52,3,1,1,0
53,1,1,1,0
54,4,1,1,0
55,3,1,1,0
56,6,1,1,0
57,3,1,1,0
58,2,1,1,0
59,1,1,1,0
60,1,1,1,0
61,2,1,1,0
62,3,1,1,0
63,1,1,1,0
64,4,1,1,0
65,1,1,1,0
66,2,1,1,0
67,8,1,1,0
68,7,1,1,0
69,2,1,1,0
70,1,1,1,0
71,3,1,1,0
72,1,1,1,0
73,7,1,1,0
74,5,1,1,0
75,4,1,1,0
76,2,1,1,0
77,8,1,1,0
78,3,1,1,0
79,1,1,1,0
80,4,1,1,0
81,1,1,1,0
82,6,1,1,0
83,8,1,1,0
84,4,1,1,0
85,4,1,1,0
86,5,1,1,0
87,2,1,1,0
88,6,1,1,0
89,4,1,1,0
90,1,1,1,0
91,16,1,1,0
92,1,1,1,0
93,7,1,1,0
94,2,1,1,0
95,3,1,1,0
96,2,1,1,0
97,1,1,1,0
98,1,1,1,0
99,3,1,1,0
100,9,1,1,0
101,3,1,1,0
102,1,1,1,0
103,5,1,1,0
104,4,1,1,0
105,2,1,1,0
106,3,1,1,0
107,3,1,1,0
108,2,1,1,0
109,2,1,1,0
110,1,1,1,0
111,1,1,1,0
112,4,1,1,0
113,1,1,1,0
114,4,1,1,0
115,1,1,1,0
116,1,1,1,0
117,7,1,1,0
118,4,1,1,0
119,1,1,1,0
120,5,1,1,0
121,6,1,1,0
122,12,1,1,0
123,15,1,1,0
124,4,1,1,0
125,2,1,1,0
126,4,1,1,0
127,10,1,1,0
128,5,1,1,0
129,6,1,1,0
130,5,1,1,0
131,1,1,1,0
132,4,1,1,0
133,3,1,1,0
134,3,1,1,0
135,8,1,1,0
136,2,1,1,0
137,2,1,1,0
138,5,1,1,0
139,3,1,1,0
140,1,1,1,0
141,2,1,1,0
142,3,1,1,0
143,5,1,1,0
144,5,1,1,0
145,1,1,1,0
146,2,1,1,0
147,2,1,1,0
148,1,1,1,0
149,1,1,1,0
150,1,1,1,0
151,3,1,1,0
152,1,1,1,0
153,8,1,1,0
154,3,1,1,0
155,2,1,1,0
156,5,1,1,0
157,5,1,1,0
158,2,1,1,0
159,2,1,1,0
160,1,1,1,0
161,3,1,1,0
162,4,1,1,0
163,1,1,1,0
164,3,1,1,0
165,1,1,1,0
166,1,1,1,0
167,1,1,1,0
168,6,1,1,0
169,3,1,1,0
170,3,1,1,0
171,8,1,1,0
172,1,1,1,0
173,4,1,1,0
174,3,1,1,0
175,8,1,1,0
176,4,1,1,0
177,1,1,1,0
178,1,1,1,0
179,2,1,1,0
180,3,1,1,0
181,6,1,1,0
182,1,1,1,0
183,1,1,1,0
184,2,1,1,0
185,1,1,1,0
186,5,1,1,0
187,3,1,1,0
188,7,1,1,0
189,5,1,1,0
190,2,1,1,0
191,1,1,1,0
192,3,1,1,0
193,1,1,1,0
194,1,1,1,0
195,3,1,1,0
196,2,1,1,0
197,2,1,1,0
198,1,1,1,0
199,2,1,1,0
200,8,1,1,0
201,7,1,1,0
202,1,1,1,0
203,2,1,1,0
204,2,1,1,0
205,3,1,1,0
206,4,1,1,0
207,4,1,1,0
208,5,1,1,0
209,4,1,1,0
210,6,1,1,0
211,1,1,1,0
212,2,1,1,0
213,12,1,1,0
214,7,1,1,0
215,2,1,1,0
216,1,1,1,0
217,2,1,1,0
218,2,1,1,0
219,1,1,1,0
220,4,1,1,0
221,2,1,1,0
222,5,1,1,0
223,2,1,1,0
224,5,1,1,0
225,5,1,1,0
226,4,1,1,0
227,4,1,1,0
228,3,1,1,0
229,3,1,1,0
230,5,1,1,0
231,4,1,1,0
232,1,1,1,0
233,9,1,1,0
234,2,1,1,0
235,1,1,1,0
236,3,1,1,0
237,2,1,1,0
238,2,1,1,0
239,2,1,1,0
240,13,1,1,0
241,2,1,1,0
242,2,1,1,0
243,3,1,1,0
244,5,1,1,0
245,1,1,1,0
246,1,1,1,0
247,6,1,1,0
248,2,1,1,0
249,3,1,1,0
250,13,1,1,0
251,4,1,1,0
252,5,1,1,0
253,2,1,1,0
254,6,1,1,0
255,1,1,1,0
256,4,1,1,0
257,3,1,1,0
258,2,1,1,0
259,3,1,1,0
260,12,1,1,0
261,1,1,1,0
262,1,1,1,0
263,3,1,1,0
264,3,1,1,0
265,3,1,1,0
266,3,1,1,0
267,6,1,1,0
268,2,1,1,0
269,4,1,1,0
270,1,1,1,0
271,4,1,1,0
272,1,1,1,0
273,7,1,1,0
274,1,1,1,0
275,1,1,1,0
276,1,1,1,0
277,3,1,1,0
278,1,1,1,0
279,5,1,1,0
280,5,1,1,0
281,5,1,1,0
282,6,1,1,0
283,3,1,1,0
284,2,1,1,0
285,12,1,1,0
286,2,1,1,0
287,3,1,1,0
288,9,1,1,0
289,1,1,1,0
290,1,1,1,0
291,5,1,1,0
292,1,1,1,0
293,3,1,1,0
294,2,1,1,0
295,5,1,1,0
296,2,1,1,0
297,5,1,1,0
298,1,1,1,0
299,7,1,1,0
300,6,1,1,0
301,2,1,1,0
302,1,1,1,0
303,3,1,1,0
304,6,1,1,0
305,2,1,1,0
306,2,1,1,0
307,8,1,1,0
308,3,1,1,0
309,3,1,1,0
310,3,1,1,0
311,1,1,1,0
312,1,1,1,0
313,3,1,1,0
314,5,1,1,0
315,4,1,1,0
316,2,1,1,0
317,3,1,1,0
318,3,1,1,0
319,4,1,1,0
320,3,1,1,0
321,16,1,1,0
322,3,1,1,0
323,2,1,1,0
324,6,1,1,0
325,8,1,1,0
326,3,1,1,0
327,1,1,1,0
328,4,1,1,0
329,3,1,1,0
330,1,1,1,0
331,8,1,1,0
332,3,1,1,0
333,8,1,1,0
334,2,1,1,0
335,5,1,1,0
336,3,1,1,0
337,1,1,1,0
338,4,1,1,0
339,3,1,1,0
340,2,1,1,0
341,4,1,1,0
342,1,1,1,0
343,1,1,1,0
344,13,1,1,0
345,6,1,1,0
346,1,1,1,0
347,2,1,1,0
348,1,1,1,0
349,1,1,1,0
350,1,1,1,0
351,2,1,1,0
352,3,1,1,0
353,22,1,1,0
354,5,1,1,0
355,2,1,1,0
356,7,1,1,0
357,2,1,1,0
358,2,1,1,0
359,3,1,1,0
360,2,1,1,0
361,2,1,1,0
362,2,1,1,0
363,7,1,1,0
364,2,1,1,0
365,1,1,1,0
366,4,1,1,0
367,3,1,1,0
368,5,1,1,0
369,4,1,1,0
370,1,1,1,0
371,2,1,1,0
372,1,1,1,0
373,3,1,1,0
374,4,1,1,0
375,4,1,1,0
376,2,1,1,0
377,2,1,1,0
378,5,1,1,0
379,1,1,1,0
380,4,1,1,0
381,2,1,1,0
382,4,1,1,0
383,1,1,1,0
384,6,1,1,0
385,1,1,1,0
386,1,1,1,0
387,3,1,1,0
388,1,1,1,0
389,1,1,1,0
390,3,1,1,0
391,6,1,1,0
392,4,1,1,0
393,1,1,1,0
394,4,1,1,0
395,3,1,1,0
396,7,1,1,0
397,3,1,1,0
398,1,1,1,0
399,4,1,1,0
400,5,1,1,0
401,5,1,1,0
402,1,1,1,0
403,2,1,1,0
404,1,1,1,0
405,1,1,1,0
406,5,1,1,0
407,4,1,1,0
408,1,1,1,0
409,3,1,1,0
410,1,1,1,0
411,3,1,1,0
412,12,1,1,0
413,1,1,1,0
414,5,1,1,0
415,3,1,1,0
416,7,1,1,0
417,2,1,1,0
418,2,1,1,0
419,2,1,1,0
420,3,1,1,0
421,2,1,1,0
422,1,1,1,0
423,1,1,1,0
424,1,1,1,0
425,4,1,1,0
426,1,1,1,0
427,1,1,1,0
428,1,1,1,0
429,1,1,1,0
430,1,1,1,0
431,6,1,1,0
432,1,1,1,0
433,4,1,1,0
434,6,1,1,0
435,2,1,1,0
436,3,1,1,0
437,3,1,1,0
438,1,1,1,0
439,3,1,1,0
440,2,1,1,0
441,3,1,1,0
442,2,1,1,0
443,9,1,1,0
444,9,1,1,0
445,3,1,1,0
446,7,1,1,0
447,1,1,1,0
448,1,1,1,0
449,1,1,1,0
450,1,1,1,0
451,4,1,1,0
452,6,1,1,0
453,2,1,1,0
454,2,1,1,0
455,2,1,1,0
456,5,1,1,0
457,5,1,1,0
458,3,1,1,0
459,1,1,1,0
460,4,1,1,0
461,2,1,1,0
462,1,1,1,0
463,1,1,1,0
464,2,1,1,0
465,2,1,1,0
466,1,1,1,0
467,2,1,1,0
468,4,1,1,0
469,4,1,1,0
470,1,1,1,0
471,1,1,1,0
472,5,1,1,0
473,3,1,1,0
474,3,1,1,0
475,3,1,1,0
476,2,1,1,0
477,2,1,1,0
478,5,1,1,0
479,1,1,1,0
480,3,1,1,0
481,3,1,1,0
482,2,1,1,0
483,5,1,1,0
484,5,1,1,0
485,2,1,1,0
486,3,1,1,0
487,1,1,1,0
488,3,1,1,0
489,5,1,1,0
490,1,1,1,0
491,1,1,1,0
492,3,1,1,0
493,1,1,1,0
494,2,1,1,0
495,3,1,1,0
496,12,1,1,0
497,1,1,1,0
498,1,1,1,0
499,1,1,1,0
500,19,1,1,0
501,5,1,1,0
502,3,1,1,0
503,3,1,1,0
504,2,1,1,0
505,6,1,1,0
506,3,1,1,0
507,1,1,1,0
508,6,1,1,0
509,3,1,1,0
510,3,1,1,0
511,6,1,1,0
512,4,1,1,0
513,2,1,1,0
514,3,1,1,0
515,2,1,1,0
516,1,1,1,0
517,3,1,1,0
518,9,1,1,0
519,5,1,1,0
520,1,1,1,0
521,1,1,1,0
522,1,1,1,0
523,1,1,1,0
524,6,1,1,0
525,3,1,1,0
526,1,1,1,0
527,1,1,1,0
528,1,1,1,0
529,7,1,1,0
530,5,1,1,0
531,2,1,1,0
532,2,1,1,0
533,1,1,1,0
534,1,1,1,0
535,4,1,1,0
536,3,1,1,0
537,2,1,1,0
538,3,1,1,0
539,3,1,1,0
540,7,1,1,0
541,6,1,1,0
542,1,1,1,0
543,10,1,1,0
544,3,1,1,0
545,2,1,1,0
546,13,1,1,0
547,1,1,1,0
548,2,1,1,0
549,1,1,1,0
550,3,1,1,0
551,3,1,1,0
552,1,1,1,0
553,6,1,1,0
554,1,1,1,0
555,4,1,1,0
556,1,1,1,0
557,5,1,1,0
558,3,1,1,0
559,4,1,1,0
560,1,1,1,0
561,2,1,1,0
562,10,1,1,0
563,1,1,1,0
564,1,1,1,0
565,6,1,1,0
566,10,1,1,0
567,5,1,1,0
568,1,1,1,0
569,4,1,1,0
570,2,1,1,0
571,2,1,1,0
572,1,1,1,0
573,3,1,1,0
574,2,1,1,0
575,1,1,1,0
576,2,1,1,0
577,5,1,1,0
578,4,1,1,0
579,8,1,1,0
580,1,1,1,0
581,2,1,1,0
582,5,1,1,0
583,2,1,1,0
584,12,1,1,0
585,2,1,1,0
586,4,1,1,0
587,2,1,1,0
588,1,1,1,0
589,1,1,1,0
590,1,1,1,0
591,3,1,1,0
592,5,1,1,0
593,2,1,1,0
594,2,1,1,0
595,3,1,1,0
596,1,1,1,0
597,1,1,1,0
598,1,1,1,0
599,4,1,1,0
600,4,1,1,0
601,1,1,1,0
602,5,1,1,0
603,3,1,1,0
604,11,1,1,0
605,1,1,1,0
606,4,1,1,0
607,3,1,1,0
608,2,1,1,0
609,6,1,1,0
610,2,1,1,0
611,9,1,1,0
612,7,1,1,0
613,5,1,1,0
614,1,1,1,0
615,4,1,1,0
616,3,1,1,0
617,3,1,1,0
618,6,1,1,0
619,6,1,1,0
620,3,1,1,0
621,2,1,1,0
622,1,1,1,0
623,4,1,1,0
624,1,1,1,0
625,5,1,1,0
626,1,1,1,0
627,2,1,1,0
628,7,1,1,0
629,4,1,1,0
630,6,1,1,0
631,8,1,1,0
632,6,1,1,0
633,3,1,1,0
634,1,1,1,0
635,1,1,1,0
636,4,1,1,0
637,2,1,1,0
638,1,1,1,0
639,7,1,1,0
640,2,1,1,0
641,10,1,1,0
642,5,1,1,0
643,1,1,1,0
644,2,1,1,0
645,4,1,1,0
646,6,1,1,0
647,1,1,1,0
648,2,1,1,0
649,5,1,1,0
650,1,1,1,0
651,3,1,1,0
652,5,1,1,0
653,11,1,1,0
654,6,1,1,0
655,5,1,1,0
656,2,1,1,0
657,1,1,1,0
658,5,1,1,0
659,1,1,1,0
660,4,1,1,0
661,2,1,1,0
662,4,1,1,0
663,3,1,1,0
664,3,1,1,0
665,3,1,1,0
666,4,1,1,0
667,2,1,1,0
668,4,1,1,0
669,1,1,1,0
670,1,1,1,0
671,1,1,1,0
672,6,1,1,0
673,3,1,1,0
674,1,1,1,0
675,2,1,1,0
676,2,1,1,0
677,3,1,1,0
678,7,1,1,0
679,1,1,1,0
680,3,1,1,0
681,6,1,1,0
682,5,1,1,0
683,3,1,1,0
684,5,1,1,0
685,3,1,1,0
686,1,1,1,0
687,1,1,1,0
688,5,1,1,0
689,1,1,1,0
690,2,1,1,0
691,4,1,1,0
692,4,1,1,0
693,4,1,1,0
694,3,1,1,0
695,4,1,1,0
696,4,1,1,0
697,2,1,1,0
698,2,1,1,0
699,11,1,1,0
700,10,1,1,0
701,4,1,1,0
702,1,1,1,0
703,5,1,1,0
704,5,1,1,0
705,5,1,1,0
706,3,1,1,0
707,2,1,1,0
708,5,1,1,0
709,5,1,1,0
710,5,1,1,0
711,1,1,1,0
712,3,1,1,0
713,1,1,1,0
714,1,1,1,0
715,3,1,1,0
716,2,1,1,0
717,1,1,1,0
718,1,1,1,0
719,3,1,1,0
720,2,1,1,0
721,1,1,1,0
722,6,1,1,0
723,2,1,1,0
724,3,1,1,0
725,1,1,1,0
726,2,1,1,0
727,5,1,1,0
728,5,1,1,0
729,2,1,1,0
730,3,1,1,0
731,19,1,1,0
732,5,1,1,0
733,2,1,1,0
734,2,1,1,0
735,3,1,1,0
736,6,1,1,0
737,4,1,1,0
738,7,1,1,0
739,5,1,1,0
740,8,1,1,0
741,3,1,1,0
742,4,1,1,0
743,5,1,1,0
744,5,1,1,0
745,6,1,1,0
746,5,1,1,0
747,1,1,1,0
748,1,1,1,0
749,12,1,1,0
750,1,1,1,0
751,5,1,1,0
752,5,1,1,0
753,3,1,1,0
754,3,1,1,0
755,3,1,1,0
756,1,1,1,0
757,4,1,1,0
758,2,1,1,0
759,3,1,1,0
760,4,1,1,0
761,2,1,1,0
762,3,1,1,0
763,7,1,1,0
764,5,1,1,0
765,1,1,1,0
766,1,1,1,0
767,5,1,1,0
768,7,1,1,0
769,3,1,1,0
770,7,1,1,0
771,1,1,1,0
772,6,1,1,0
773,1,1,1,0
774,4,1,1,0
775,7,1,1,0
776,7,1,1,0
777,3,1,1,0
778,2,1,1,0
779,3,1,1,0
780,2,1,1,0
781,3,1,1,0
782,1,1,1,0
783,3,1,1,0
784,2,1,1,0
785,2,1,1,0
786,2,1,1,0
787,1,1,1,0
788,1,1,1,0
789,2,1,1,0
790,8,1,1,0
791,6,1,1,0
792,7,1,1,0
793,2,1,1,0
794,4,1,1,0
795,8,1,1,0
796,1,1,1,0
797,2,1,1,0
798,7,1,1,0
799,2,1,1,0
800,6,1,1,0
801,1,1,1,0
802,1,1,1,0
803,5,1,1,0
804,4,1,1,0
805,7,1,1,0
806,2,1,1,0
807,3,1,1,0
808,4,1,1,0
809,2,1,1,0
810,3,1,1,0
811,4,1,1,0
812,2,1,1,0
813,4,1,1,0
814,4,1,1,0
815,2,1,1,0
816,3,1,1,0
817,3,1,1,0
818,3,1,1,0
819,5,1,1,0
820,1,1,1,0
821,1,1,1,0
822,1,1,1,0
823,2,1,1,0
824,1,1,1,0
825,3,1,1,0
826,8,1,1,0
827,2,1,1,0
828,7,1,1,0
829,3,1,1,0
830,6,1,1,0
831,2,1,1,0
832,4,1,1,0
833,3,1,1,0
834,5,1,1,0
835,12,1,1,0
836,7,1,1,0
837,5,1,1,0
838,1,1,1,0
839,4,1,1,0
840,1,1,1,0
841,8,1,1,0
842,1,1,1,0
843,1,1,1,0
844,2,1,1,0
845,2,1,1,0
846,3,1,1,0
847,3,1,1,0
848,1,1,1,0
849,3,1,1,0
850,3,1,1,0
851,2,1,1,0
852,1,1,1,0
853,2,1,1,0
854,2,1,1,0
855,1,1,1,0
856,5,1,1,0
857,6,1,1,0
858,2,1,1,0
859,3,1,1,0
860,3,1,1,0
861,5,1,1,0
862,2,1,1,0
863,1,1,1,0
864,11,1,1,0
865,3,1,1,0
866,3,1,1,0
867,2,1,1,0
868,7,1,1,0
869,5,1,1,0
870,1,1,1,0
871,1,1,1,0
872,2,1,1,0
873,7,1,1,0
874,8,1,1,0
875,2,1,1,0
876,1,1,1,0
877,2,1,1,0
878,6,1,1,0
879,3,1,1,0
880,2,1,1,0
881,7,1,1,0
882,5,1,1,0
883,3,1,1,0
884,3,1,1,0
885,2,1,1,0
886,1,1,1,0
887,7,1,1,0
888,19,1,1,0
889,6,1,1,0
890,2,1,1,0
891,1,1,1,0
892,3,1,1,0
893,6,1,1,0
894,4,1,1,0
895,1,1,1,0
896,1,1,1,0
897,4,1,1,0
898,1,1,1,0
899,4,1,1,0
900,3,1,1,0
901,2,1,1,0
902,11,1,1,0
903,3,1,1,0
904,1,1,1,0
905,3,1,1,0
906,5,1,1,0
907,9,1,1,0
908,1,1,1,0
909,6,1,1,0
910,1,1,1,0
911,2,1,1,0
912,5,1,1,0
913,1,1,1,0
914,1,1,1,0
915,4,1,1,0
916,1,1,1,0
917,1,1,1,0
918,9,1,1,0
919,4,1,1,0
920,3,1,1,0
921,1,1,1,0
922,5,1,1,0
923,2,1,1,0
924,3,1,1,0
925,6,1,1,0
926,8,1,1,0
927,8,1,1,0
928,3,1,1,0
929,3,1,1,0
930,2,1,1,0
931,1,1,1,0
932,2,1,1,0
933,2,1,1,0
934,10,1,1,0
935,3,1,1,0
936,4,1,1,0
937,2,1,1,0
938,4,1,1,0
939,1,1,1,0
940,4,1,1,0
941,9,1,1,0
942,4,1,1,0
943,2,1,1,0
944,1,1,1,0
945,1,1,1,0
946,3,1,1,0
947,3,1,1,0
948,4,1,1,0
949,2,1,1,0
950,4,1,1,0
951,3,1,1,0
952,4,1,1,0
953,4,1,1,0
954,5,1,1,0
955,6,1,1,0
956,2,1,1,0
957,1,1,1,0
958,1,1,1,0
959,7,1,1,0
960,7,1,1,0
961,8,1,1,0
962,7,1,1,0
963,5,1,1,0
964,3,1,1,0
965,2,1,1,0
966,7,1,1,0
967,1,1,1,0
968,2,1,1,0
969,4,1,1,0
970,2,1,1,0
971,1,1,1,0
972,6,1,1,0
973,3,1,1,0
974,4,1,1,0
975,1,1,1,0
976,7,1,1,0
977,1,1,1,0
978,1,1,1,0
979,1,1,1,0
980,2,1,1,0
981,3,1,1,0
982,2,1,1,0
983,12,1,1,0
984,3,1,1,0
985,2,1,1,0
986,3,1,1,0
987,2,1,1,0
988,2,1,1,0
989,4,1,1,0
990,6,1,1,0
991,1,1,1,0
992,9,1,1,0
993,2,1,1,0
994,2,1,1,0
995,6,1,1,0
996,1,1,1,0
997,1,1,1,0
998,2,1,1,0
999,5,1,1,0
1000,1,1,1,0
1001,1,1,1,0
1002,6,1,1,0
1003,5,1,1,0
1004,1,1,1,0
1005,4,1,1,0
1006,5,1,1,0
1007,4,1,1,0
1008,4,1,1,0
1009,13,1,1,0
1010,2,1,1,0
1011,2,1,1,0
1012,1,1,1,0
1013,1,1,1,0
1014,1,1,1,0
1015,4,1,1,0
1016,2,1,1,0
1017,7,1,1,0
1018,3,1,1,0
1019,1,1,1,0
1020,11,1,1,0
1021,4,1,1,0
1022,2,1,1,0
1023,4,1,1,0
1024,4,1,1,0
1025,1,1,1,0
1026,2,1,1,0
1027,1,1,1,0
1028,2,1,1,0
1029,3,1,1,0
1030,1,1,1,0
1031,1,1,1,0
1032,4,1,1,0
1033,4,1,1,0
1034,7,1,1,0
1035,2,1,1,0
1036,1,1,1,0
1037,1,1,1,0
1038,5,1,1,0
1039,3,1,1,0
1040,2,1,1,0
1041,8,1,1,0
1042,2,1,1,0
1043,5,1,1,0
1044,2,1,1,0
1045,9,1,1,0
1046,7,1,1,0
1047,3,1,1,0
1048,1,1,1,0
1049,3,1,1,0
1050,3,1,1,0
1051,6,1,1,0
1052,1,1,1,0
1053,1,1,1,0
1054,8,1,1,0
1055,5,1,1,0
1056,1,1,1,0
1057,3,1,1,0
1058,3,1,1,0
1059,4,1,1,0
1060,5,1,1,0
1061,2,1,1,0
1062,1,1,1,0
1063,5,1,1,0
1064,2,1,1,0
1065,8,1,1,0
1066,10,1,1,0
1067,10,1,1,0
1068,1,1,1,0
1069,2,1,1,0
1070,4,1,1,0
1071,2,1,1,0
1072,2,1,1,0
1073,8,1,1,0
1074,1,1,1,0
1075,1,1,1,0
1076,1,1,1,0
1077,5,1,1,0
1078,2,1,1,0
1079,5,1,1,0
1080,2,1,1,0
1081,3,1,1,0
1082,1,1,1,0
1083,1,1,1,0
1084,3,1,1,0
1085,4,1,1,0
1086,1,1,1,0
1087,1,1,1,0
1088,3,1,1,0
1089,9,1,1,0
1090,7,1,1,0
1091,2,1,1,0
1092,1,1,1,0
1093,1,1,1,0
1094,2,1,1,0
1095,3,1,1,0
1096,1,1,1,0
1097,3,1,1,0
1098,3,1,1,0
1099,7,1,1,0
1100,2,1,1,0
1101,9,1,1,0
1102,3,1,1,0
1103,5,1,1,0
1104,3,1,1,0
1105,9,1,1,0
1106,2,1,1,0
1107,1,1,1,0
1108,1,1,1,0
1109,6,1,1,0
1110,6,1,1,0
1111,1,1,1,0
1112,4,1,1,0
1113,3,1,1,0
1114,1,1,1,0
1115,3,1,1,0
1116,2,1,1,0
1117,2,1,1,0
1118,2,1,1,0
1119,1,1,1,0
1120,6,1,1,0
1121,10,1,1,0
1122,5,1,1,0
1123,3,1,1,0
1124,2,1,1,0
1125,6,1,1,0
1126,6,1,1,0
1127,3,1,1,0
1128,2,1,1,0
1129,4,1,1,0
1130,2,1,1,0
1131,1,1,1,0
1132,3,1,1,0
1133,4,1,1,0
1134,1,1,1,0
1135,2,1,1,0
1136,2,1,1,0
1137,1,1,1,0
1138,2,1,1,0
1139,2,1,1,0
1140,2,1,1,0
1141,5,1,1,0
1142,3,1,1,0
1143,3,1,1,0
1144,5,1,1,0
1145,6,1,1,0
1146,3,1,1,0
1147,3,1,1,0
1148,1,1,1,0
1149,2,1,1,0
1150,5,1,1,0
1151,11,1,1,0
1152,3,1,1,0
1153,5,1,1,0
1154,8,1,1,0
1155,2,1,1,0
1156,1,1,1,0
1157,2,1,1,0
1158,1,1,1,0
1159,5,1,1,0
1160,12,1,1,0
1161,5,1,1,0
1162,4,1,1,0
1163,2,1,1,0
1164,5,1,1,0
1165,3,1,1,0
1166,1,1,1,0
1167,1,1,1,0
1168,2,1,1,0
1169,1,1,1,0
1170,2,1,1,0
1171,4,1,1,0
1172,2,1,1,0
1173,1,1,1,0
1174,8,1,1,0
1175,1,1,1,0
1176,1,1,1,0
1177,3,1,1,0
1178,1,1,1,0
1179,9,1,1,0
1180,1,1,1,0
1181,2,1,1,0
1182,1,1,1,0
1183,8,1,1,0
1184,4,1,1,0
1185,9,1,1,0
1186,4,1,1,0
1187,3,1,1,0
1188,5,1,1,0
1189,2,1,1,0
1190,1,1,1,0
1191,3,1,1,0
1192,2,1,1,0
1193,3,1,1,0
1194,2,1,1,0
1195,1,1,1,0
1196,5,1,1,0
1197,3,1,1,0
1198,1,1,1,0
1199,1,1,1,0
1200,5,1,1,0
1201,2,1,1,0
1202,7,1,1,0
1203,2,1,1,0
1204,2,1,1,0
1205,1,1,1,0
1206,3,1,1,0
1207,2,1,1,0
1208,4,1,1,0
1209,1,1,1,0
1210,7,1,1,0
1211,3,1,1,0
1212,3,1,1,0
1213,5,1,1,0
1214,3,1,1,0
1215,4,1,1,0
1216,3,1,1,0
1217,1,1,1,0
1218,8,1,1,0
1219,14,1,1,0
1220,1,1,1,0
1221,3,1,1,0
1222,1,1,1,0
1223,2,1,1,0
1224,1,1,1,0
1225,2,1,1,0
1226,2,1,1,0
1227,2,1,1,0
1228,2,1,1,0
1229,2,1,1,0
1230,4,1,1,0
1231,3,1,1,0
1232,1,1,1,0
1233,11,1,1,0
1234,3,1,1,0
1235,2,1,1,0
1236,1,1,1,0
1237,6,1,1,0
1238,3,1,1,0
1239,2,1,1,0
1240,3,1,1,0
1241,3,1,1,0
1242,8,1,1,0
1243,3,1,1,0
1244,4,1,1,0
1245,1,1,1,0
1246,7,1,1,0
1247,7,1,1,0
1248,8,1,1,0
1249,1,1,1,0
1250,4,1,1,0
1251,4,1,1,0
1252,5,1,1,0
1253,2,1,1,0
1254,1,1,1,0
1255,1,1,1,0
1256,4,1,1,0
1257,7,1,1,0
1258,2,1,1,0
1259,3,1,1,0
1260,3,1,1,0
1261,3,1,1,0
1262,5,1,1,0
1263,5,1,1,0
1264,1,1,1,0
1265,4,1,1,0
1266,1,1,1,0
1267,1,1,1,0
1268,3,1,1,0
1269,6,1,1,0
1270,1,1,1,0
1271,3,1,1,0
1272,1,1,1,0
1273,5,1,1,0
1274,2,1,1,0
1275,3,1,1,0
1276,3,1,1,0
1277,3,1,1,0
1278,4,1,1,0
1279,1,1,1,0
1280,8,1,1,0
1281,3,1,1,0
1282,3,1,1,0
1283,3,1,1,0
1284,4,1,1,0
1285,4,1,1,0
1286,8,1,1,0
1287,1,1,1,0
1288,4,1,1,0
1289,1,1,1,0
1290,5,1,1,0
1291,3,1,1,0
1292,3,1,1,0
1293,6,1,1,0
1294,7,1,1,0
1295,1,1,1,0
1296,1,1,1,0
1297,2,1,1,0
1298,1,1,1,0
1299,1,1,1,0
1300,1,1,1,0
1301,1,1,1,0
1302,1,1,1,0
1303,2,1,1,0
1304,6,1,1,0
1305,1,1,1,0
1306,1,1,1,0
1307,2,1,1,0
1308,2,1,1,0
1309,4,1,1,0
1310,1,1,1,0
1311,2,1,1,0
1312,4,1,1,0
1313,12,1,1,0
1314,3,1,1,0
1315,2,1,1,0
1316,11,1,1,0
1317,10,1,1,0
1318,2,1,1,0
1319,4,1,1,0
1320,11,1,1,0
1321,2,1,1,0
1322,6,1,1,0
1323,3,1,1,0
1324,2,1,1,0
1325,4,1,1,0
1326,4,1,1,0
1327,3,1,1,0
1328,1,1,1,0
1329,2,1,1,0
1330,1,1,1,0
1331,7,1,1,0
1332,4,1,1,0
1333,1,1,1,0
1334,1,1,1,0
1335,6,1,1,0
1336,4,1,1,0
1337,4,1,1,0
1338,2,1,1,0
1339,12,1,1,0
1340,3,1,1,0
1341,1,1,1,0
1342,3,1,1,0
1343,3,1,1,0
1344,2,1,1,0
1345,1,1,1,0
1346,2,1,1,0
1347,2,1,1,0
1348,2,1,1,0
1349,2,1,1,0
1350,3,1,1,0
1351,3,1,1,0
1352,1,1,1,0
1353,1,1,1,0
1354,5,1,1,0
1355,1,1,1,0
1356,1,1,1,0
1357,6,1,1,0
1358,1,1,1,0
1359,3,1,1,0
1360,5,1,1,0
1361,3,1,1,0
1362,1,1,1,0
1363,4,1,1,0
1364,7,1,1,0
1365,1,1,1,0
1366,8,1,1,0
1367,1,1,1,0
1368,4,1,1,0
1369,3,1,1,0
1370,3,1,1,0
1371,2,1,1,0
1372,3,1,1,0
1373,3,1,1,0
1374,2,1,1,0
1375,4,1,1,0
1376,2,1,1,0
1377,1,1,1,0
1378,5,1,1,0
1379,3,1,1,0
1380,16,1,1,0
1381,1,1,1,0
1382,7,1,1,0
1383,2,1,1,0
1384,2,1,1,0
1385,6,1,1,0
1386,3,1,1,0
1387,4,1,1,0
1388,2,1,1,0
1389,2,1,1,0
1390,1,1,1,0
1391,1,1,1,0
1392,2,1,1,0
1393,2,1,1,0
1394,3,1,1,0
1395,1,1,1,0
1396,2,1,1,0
1397,2,1,1,0
1398,3,1,1,0
1399,1,1,1,0
1400,1,1,1,0
1401,1,1,1,0
1402,1,1,1,0
1403,2,1,1,0
1404,1,1,1,0
1405,1,1,1,0
1406,1,1,1,0
1407,1,1,1,0
1408,2,1,1,0
1409,1,1,1,0
1410,4,1,1,0
1411,8,1,1,0
1412,2,1,1,0
1413,6,1,1,0
1414,3,1,1,0
1415,3,1,1,0
1416,1,1,1,0
1417,6,1,1,0
1418,5,1,1,0
1419,8,1,1,0
1420,4,1,1,0
1421,4,1,1,0
1422,2,1,1,0
1423,4,1,1,0
1424,2,1,1,0
1425,1,1,1,0
1426,9,1,1,0
1427,6,1,1,0
1428,6,1,1,0
1429,1,1,1,0
1430,1,1,1,0
1431,3,1,1,0
1432,9,1,1,0
1433,3,1,1,0
1434,1,1,1,0
1435,3,1,1,0
1436,1,1,1,0
1437,12,1,1,0
1438,3,1,1,0
1439,1,1,1,0
1440,1,1,1,0
1441,6,1,1,0
1442,3,1,1,0
1443,2,1,1,0
1444,7,1,1,0
1445,1,1,1,0
1446,7,1,1,0
1447,10,1,1,0
1448,3,1,1,0
1449,3,1,1,0
1450,10,1,1,0
1451,1,1,1,0
1452,10,1,1,0
1453,10,1,1,0
1454,3,1,1,0
1455,2,1,1,0
1456,1,1,1,0
1457,1,1,1,0
1458,3,1,1,0
1459,3,1,1,0
1460,2,1,1,0
1461,1,1,1,0
1462,2,1,1,0
1463,4,1,1,0
1464,8,1,1,0
1465,3,1,1,0
1466,2,1,1,0
1467,3,1,1,0
1468,11,1,1,0
1469,1,1,1,0
1470,2,1,1,0
1471,4,1,1,0
1472,4,1,1,0
1473,5,1,1,0
1474,1,1,1,0
1475,3,1,1,0
1476,2,1,1,0
1477,1,1,1,0
1478,2,1,1,0
1479,7,1,1,0
1480,2,1,1,0
1481,4,1,1,0
1482,4,1,1,0
1483,1,1,1,0
1484,7,1,1,0
1485,2,1,1,0
1486,7,1,1,0
1487,2,1,1,0
1488,6,1,1,0
1489,1,1,1,0
1490,3,1,1,0
1491,3,1,1,0
1492,4,1,1,0
1493,4,1,1,0
1494,5,1,1,0
1495,5,1,1,0
1496,3,1,1,0
1497,3,1,1,0
1498,2,1,1,0
1499,4,1,1,0
1500,1,1,1,0
1501,5,1,1,0
1502,3,1,1,0
1503,6,1,1,0
1504,1,1,1,0
1505,5,1,1,0
1506,3,1,1,0
1507,6,1,1,0
1508,1,1,1,0
1509,4,1,1,0
1510,2,1,1,0
1511,4,1,1,0
1512,5,1,1,0
1513,6,1,1,0
1514,4,1,1,0
1515,7,1,1,0
1516,2,1,1,0
1517,4,1,1,0
1518,12,1,1,0
1519,2,1,1,0
1520,1,1,1,0
1521,2,1,1,0
1522,1,1,1,0
1523,7,1,1,0
1524,3,1,1,0
1525,3,1,1,0
1526,10,1,1,0
1527,1,1,1,0
1528,4,1,1,0
1529,10,1,1,0
1530,1,1,1,0
1531,1,1,1,0
1532,4,1,1,0
1533,1,1,1,0
1534,5,1,1,0
1535,1,1,1,0
1536,3,1,1,0
1537,3,1,1,0
1538,2,1,1,0
1539,3,1,1,0
1540,1,1,1,0
1541,1,1,1,0
1542,11,1,1,0
1543,1,1,1,0
1544,5,1,1,0
1545,1,1,1,0
1546,2,1,1,0
1547,3,1,1,0
1548,4,1,1,0
1549,3,1,1,0
1550,4,1,1,0
1551,1,1,1,0
1552,3,1,1,0
1553,3,1,1,0
1554,3,1,1,0
1555,4,1,1,0
1556,6,1,1,0
1557,6,1,1,0
1558,3,1,1,0
1559,3,1,1,0
1560,2,1,1,0
1561,1,1,1,0
1562,1,1,1,0
1563,5,1,1,0
1564,8,1,1,0
1565,2,1,1,0
1566,8,1,1,0
1567,2,1,1,0
1568,2,1,1,0
1569,3,1,1,0
1570,3,1,1,0
1571,1,1,1,0
1572,3,1,1,0
1573,8,1,1,0
1574,3,1,1,0
1575,3,1,1,0
1576,3,1,1,0
1577,1,1,1,0
1578,1,1,1,0
1579,2,1,1,0
1580,1,1,1,0
1581,1,1,1,0
1582,2,1,1,0
1583,2,1,1,0
1584,6,1,1,0
1585,6,1,1,0
1586,4,1,1,0
1587,1,1,1,0
1588,3,1,1,0
1589,5,1,1,0
1590,7,1,1,0
1591,4,1,1,0
1592,2,1,1,0
1593,6,1,1,0
1594,1,1,1,0
1595,2,1,1,0
1596,3,1,1,0
1597,9,1,1,0
1598,1,1,1,0
1599,5,1,1,0
1600,4,1,1,0
1601,6,1,1,0
1602,1,1,1,0
1603,2,1,1,0
1604,6,1,1,0
1605,1,1,1,0
1606,4,1,1,0
1607,1,1,1,0
1608,1,1,1,0
1609,4,1,1,0
1610,3,1,1,0
1611,2,1,1,0
1612,2,1,1,0
1613,2,1,1,0
1614,10,1,1,0
1615,8,1,1,0
1616,1,1,1,0
1617,3,1,1,0
1618,3,1,1,0
1619,1,1,1,0
1620,6,1,1,0
1621,4,1,1,0
1622,2,1,1,0
1623,3,1,1,0
1624,3,1,1,0
1625,5,1,1,0
1626,3,1,1,0
1627,4,1,1,0
1628,1,1,1,0
1629,6,1,1,0
1630,6,1,1,0
1631,9,1,1,0
1632,7,1,1,0
1633,3,1,1,0
1634,1,1,1,0
1635,6,1,1,0
1636,1,1,1,0
1637,2,1,1,0
1638,3,1,1,0
1639,8,1,1,0
1640,7,1,1,0
1641,6,1,1,0
1642,4,1,1,0
1643,2,1,1,0
1644,8,1,1,0
1645,1,1,1,0
1646,1,1,1,0
1647,6,1,1,0
1648,4,1,1,0
1649,10,1,1,0
1650,3,1,1,0
1651,4,1,1,0
1652,2,1,1,0
1653,8,1,1,0
1654,5,1,1,0
1655,1,1,1,0
1656,2,1,1,0
1657,6,1,1,0
1658,2,1,1,0
1659,5,1,1,0
1660,3,1,1,0
1661,1,1,1,0
1662,2,1,1,0
1663,3,1,1,0
1664,3,1,1,0
1665,2,1,1,0
1666,1,1,1,0
1667,6,1,1,0
1668,3,1,1,0
1669,2,1,1,0
1670,1,1,1,0
1671,4,1,1,0
1672,2,1,1,0
1673,1,1,1,0
1674,3,1,1,0
1675,5,1,1,0
1676,1,1,1,0
1677,2,1,1,0
1678,3,1,1,0
1679,11,1,1,0
1680,2,1,1,0
1681,4,1,1,0
1682,1,1,1,0
1683,3,1,1,0
1684,4,1,1,0
1685,4,1,1,0
1686,1,1,1,0
1687,3,1,1,0
1688,1,1,1,0
1689,2,1,1,0
1690,2,1,1,0
1691,3,1,1,0
1692,5,1,1,0
1693,6,1,1,0
1694,4,1,1,0
1695,3,1,1,0
1696,5,1,1,0
1697,5,1,1,0
1698,2,1,1,0
1699,3,1,1,0
1700,6,1,1,0
1701,14,1,1,0
1702,3,1,1,0
1703,3,1,1,0
1704,9,1,1,0
1705,1,1,1,0
1706,4,1,1,0
1707,1,1,1,0
1708,3,1,1,0
1709,5,1,1,0
1710,1,1,1,0
1711,9,1,1,0
1712,4,1,1,0
1713,7,1,1,0
1714,1,1,1,0
1715,1,1,1,0
1716,7,1,1,0
1717,3,1,1,0
1718,3,1,1,0
1719,2,1,1,0
1720,7,1,1,0
1721,1,1,1,0
1722,3,1,1,0
1723,3,1,1,0
1724,5,1,1,0
1725,6,1,1,0
1726,4,1,1,0
1727,3,1,1,0
1728,5,1,1,0
1729,1,1,1,0
1730,3,1,1,0
1731,4,1,1,0
1732,1,1,1,0
1733,4,1,1,0
1734,6,1,1,0
1735,2,1,1,0
1736,4,1,1,0
1737,1,1,1,0
1738,2,1,1,0
1739,8,1,1,0
1740,5,1,1,0
1741,5,1,1,0
1742,2,1,1,0
1743,1,1,1,0
1744,1,1,1,0
1745,7,1,1,0
1746,9,1,1,0
1747,1,1,1,0
1748,6,1,1,0
1749,2,1,1,0
1750,6,1,1,0
1751,3,1,1,0
1752,7,1,1,0
1753,6,1,1,0
1754,1,1,1,0
1755,4,1,1,0
1756,1,1,1,0
1757,1,1,1,0
1758,2,1,1,0
1759,4,1,1,0
1760,1,1,1,0
1761,1,1,1,0
1762,3,1,1,0
1763,3,1,1,0
1764,1,1,1,0
1765,5,1,1,0
1766,5,1,1,0
1767,4,1,1,0
1768,2,1,1,0
1769,3,1,1,0
1770,2,1,1,0
1771,2,1,1,0
1772,3,1,1,0
1773,3,1,1,0
1774,2,1,1,0
1775,9,1,1,0
1776,4,1,1,0
1777,3,1,1,0
1778,3,1,1,0
1779,3,1,1,0
1780,5,1,1,0
1781,2,1,1,0
1782,2,1,1,0
1783,4,1,1,0
1784,4,1,1,0
1785,2,1,1,0
1786,4,1,1,0
1787,2,1,1,0
1788,2,1,1,0
1789,3,1,1,0
1790,1,1,1,0
1791,1,1,1,0
1792,4,1,1,0
1793,4,1,1,0
1794,1,1,1,0
1795,4,1,1,0
1796,1,1,1,0
1797,2,1,1,0
1798,3,1,1,0
1799,3,1,1,0
1800,13,1,1,0
1801,5,1,1,0
1802,8,1,1,0
1803,1,1,1,0
1804,4,1,1,0
1805,2,1,1,0
1806,17,1,1,0
1807,5,1,1,0
1808,2,1,1,0
1809,3,1,1,0
1810,1,1,1,0
1811,2,1,1,0
1812,5,1,1,0
1813,2,1,1,0
1814,1,1,1,0
1815,3,1,1,0
1816,2,1,1,0
1817,1,1,1,0
1818,5,1,1,0
1819,1,1,1,0
1820,3,1,1,0
1821,1,1,1,0
1822,1,1,1,0
1823,2,1,1,0
1824,7,1,1,0
1825,4,1,1,0
1826,6,1,1,0
1827,5,1,1,0
1828,1,1,1,0
1829,8,1,1,0
1830,4,1,1,0
1831,2,1,1,0
1832,5,1,1,0
1833,2,1,1,0
1834,14,1,1,0
1835,9,1,1,0
1836,5,1,1,0
1837,1,1,1,0
1838,2,1,1,0
1839,1,1,1,0
1840,5,1,1,0
1841,4,1,1,0
1842,2,1,1,0
1843,4,1,1,0
1844,6,1,1,0
1845,10,1,1,0
1846,4,1,1,0
1847,1,1,1,0
1848,3,1,1,0
1849,1,1,1,0
1850,1,1,1,0
1851,3,1,1,0
1852,5,1,1,0
1853,2,1,1,0
1854,3,1,1,0
1855,9,1,1,0
1856,2,1,1,0
1857,1,1,1,0
1858,8,1,1,0
1859,3,1,1,0
1860,3,1,1,0
1861,2,1,1,0
1862,1,1,1,0
1863,1,1,1,0
1864,2,1,1,0
1865,4,1,1,0
1866,3,1,1,0
1867,3,1,1,0
1868,2,1,1,0
1869,4,1,1,0
1870,9,1,1,0
1871,5,1,1,0
1872,5,1,1,0
1873,3,1,1,0
1874,4,1,1,0
1875,5,1,1,0
1876,1,1,1,0
1877,1,1,1,0
1878,2,1,1,0
1879,4,1,1,0
1880,3,1,1,0
1881,3,1,1,0
1882,3,1,1,0
1883,3,1,1,0
1884,3,1,1,0
1885,3,1,1,0
1886,3,1,1,0
1887,9,1,1,0
1888,5,1,1,0
1889,1,1,1,0
1890,5,1,1,0
1891,5,1,1,0
1892,2,1,1,0
1893,3,1,1,0
1894,1,1,1,0
1895,2,1,1,0
1896,3,1,1,0
1897,8,1,1,0
1898,3,1,1,0
1899,6,1,1,0
1900,6,1,1,0
1901,4,1,1,0
1902,11,1,1,0
1903,5,1,1,0
1904,1,1,1,0
1905,8,1,1,0
1906,1,1,1,0
1907,1,1,1,0
1908,1,1,1,0
1909,3,1,1,0
1910,2,1,1,0
1911,3,1,1,0
1912,1,1,1,0
1913,4,1,1,0
1914,4,1,1,0
1915,3,1,1,0
1916,2,1,1,0
1917,2,1,1,0
1918,1,1,1,0
1919,5,1,1,0
1920,5,1,1,0
1921,4,1,1,0
1922,4,1,1,0
1923,4,1,1,0
1924,3,1,1,0
1925,2,1,1,0
1926,7,1,1,0
1927,2,1,1,0
1928,1,1,1,0
1929,7,1,1,0
1930,2,1,1,0
1931,14,1,1,0
1932,9,1,1,0
1933,2,1,1,0
1934,11,1,1,0
1935,2,1,1,0
1936,3,1,1,0
1937,10,1,1,0
1938,2,1,1,0
1939,2,1,1,0
1940,4,1,1,0
1941,2,1,1,0
1942,1,1,1,0
1943,1,1,1,0
1944,3,1,1,0
1945,5,1,1,0
1946,6,1,1,0
1947,4,1,1,0
1948,11,1,1,0
1949,6,1,1,0
1950,1,1,1,0
1951,1,1,1,0
1952,7,1,1,0
1953,1,1,1,0
1954,3,1,1,0
1955,1,1,1,0
1956,2,1,1,0
1957,3,1,1,0
1958,1,1,1,0
1959,5,1,1,0
1960,4,1,1,0
1961,1,1,1,0
1962,4,1,1,0
1963,3,1,1,0
1964,5,1,1,0
1965,1,1,1,0
1966,2,1,1,0
1967,7,1,1,0
1968,6,1,1,0
1969,5,1,1,0
1970,1,1,1,0
1971,1,1,1,0
1972,3,1,1,0
1973,3,1,1,0
1974,1,1,1,0
1975,5,1,1,0
1976,6,1,1,0
1977,2,1,1,0
1978,1,1,1,0
1979,3,1,1,0
1980,3,1,1,0
1981,3,1,1,0
1982,2,1,1,0
1983,2,1,1,0
1984,1,1,1,0
1985,3,1,1,0
1986,5,1,1,0
1987,2,1,1,0
1988,3,1,1,0
1989,2,1,1,0
1990,9,1,1,0
1991,1,1,1,0
1992,4,1,1,0
1993,2,1,1,0
1994,8,1,1,0
1995,1,1,1,0
1996,4,1,1,0
1997,5,1,1,0
1998,2,1,1,0
1999,8,1,1,0
2000,3,1,1,0
2001,4,1,1,0
2002,4,1,1,0
2003,4,1,1,0
2004,4,1,1,0
2005,1,1,1,0
2006,2,1,1,0
2007,7,1,1,0
2008,8,1,1,0
2009,6,1,1,0
2010,4,1,1,0
2011,3,1,1,0
2012,3,1,1,0
2013,2,1,1,0
2014,3,1,1,0
2015,2,1,1,0
2016,3,1,1,0
2017,5,1,1,0
2018,4,1,1,0
2019,8,1,1,0
2020,1,1,1,0
2021,6,1,1,0
2022,2,1,1,0
2023,2,1,1,0
2024,2,1,1,0
2025,5,1,1,0
2026,3,1,1,0
2027,3,1,1,0
2028,5,1,1,0
2029,1,1,1,0
2030,6,1,1,0
2031,1,1,1,0
2032,8,1,1,0
2033,4,1,1,0
2034,2,1,1,0
2035,1,1,1,0
2036,5,1,1,0
2037,1,1,1,0
2038,1,1,1,0
2039,15,1,1,0
2040,1,1,1,0
2041,5,1,1,0
2042,6,1,1,0
2043,2,1,1,0
2044,2,1,1,0
2045,3,1,1,0
2046,1,1,1,0
2047,5,1,1,0
2048,7,1,1,0
2049,2,1,1,0
2050,7,1,1,0
2051,7,1,1,0
2052,2,1,1,0
2053,2,1,1,0
2054,3,1,1,0
2055,1,1,1,0
2056,1,1,1,0
2057,4,1,1,0
2058,2,1,1,0
2059,1,1,1,0
2060,3,1,1,0
2061,1,1,1,0
2062,2,1,1,0
2063,4,1,1,0
2064,3,1,1,0
2065,6,1,1,0
2066,1,1,1,0
2067,3,1,1,0
2068,4,1,1,0
2069,3,1,1,0
2070,13,1,1,0
2071,6,1,1,0
2072,7,1,1,0
2073,1,1,1,0
2074,2,1,1,0
2075,2,1,1,0
2076,5,1,1,0
2077,7,1,1,0
2078,2,1,1,0
2079,3,1,1,0
2080,1,1,1,0
2081,5,1,1,0
2082,2,1,1,0
2083,2,1,1,0
2084,8,1,1,0
2085,3,1,1,0
2086,10,1,1,0
2087,2,1,1,0
2088,3,1,1,0
2089,1,1,1,0
2090,3,1,1,0
2091,3,1,1,0
2092,5,1,1,0
2093,2,1,1,0
2094,5,1,1,0
2095,4,1,1,0
2096,3,1,1,0
2097,3,1,1,0
2098,3,1,1,0
2099,2,1,1,0
2100,3,1,1,0
2101,5,1,1,0
2102,1,1,1,0
2103,2,1,1,0
2104,2,1,1,0
2105,2,1,1,0
2106,3,1,1,0
2107,2,1,1,0
2108,1,1,1,0
2109,1,1,1,0
2110,4,1,1,0
2111,2,1,1,0
2112,12,1,1,0
2113,3,1,1,0
2114,6,1,1,0
2115,2,1,1,0
2116,4,1,1,0
2117,1,1,1,0
2118,1,1,1,0
2119,1,1,1,0
2120,2,1,1,0
2121,5,1,1,0
2122,5,1,1,0
2123,2,1,1,0
2124,5,1,1,0
2125,1,1,1,0
2126,4,1,1,0
2127,1,1,1,0
2128,5,1,1,0
2129,2,1,1,0
2130,2,1,1,0
2131,2,1,1,0
2132,1,1,1,0
2133,1,1,1,0
2134,7,1,1,0
2135,9,1,1,0
2136,4,1,1,0
2137,2,1,1,0
2138,3,1,1,0
2139,3,1,1,0
2140,2,1,1,0
2141,6,1,1,0
2142,3,1,1,0
2143,5,1,1,0
2144,9,1,1,0
2145,1,1,1,0
2146,5,1,1,0
2147,1,1,1,0
2148,1,1,1,0
2149,4,1,1,0
2150,2,1,1,0
2151,12,1,1,0
2152,9,1,1,0
2153,2,1,1,0
2154,1,1,1,0
2155,3,1,1,0
2156,2,1,1,0
2157,9,1,1,0
2158,8,1,1,0
2159,4,1,1,0
2160,5,1,1,0
2161,1,1,1,0
2162,2,1,1,0
2163,7,1,1,0
2164,5,1,1,0
2165,2,1,1,0
2166,3,1,1,0
2167,3,1,1,0
2168,1,1,1,0
2169,2,1,1,0
2170,4,1,1,0
2171,2,1,1,0
2172,1,1,1,0
2173,4,1,1,0
2174,7,1,1,0
2175,4,1,1,0
2176,1,1,1,0
2177,5,1,1,0
2178,3,1,1,0
2179,7,1,1,0
2180,1,1,1,0
2181,16,1,1,0
2182,9,1,1,0
2183,7,1,1,0
2184,7,1,1,0
2185,3,1,1,0
2186,1,1,1,0
2187,6,1,1,0
2188,3,1,1,0
2189,3,1,1,0
2190,10,1,1,0
2191,4,1,1,0
2192,2,1,1,0
2193,1,1,1,0
2194,2,1,1,0
2195,8,1,1,0
2196,5,1,1,0
2197,1,1,1,0
2198,2,1,1,0
2199,3,1,1,0
2200,1,1,1,0
2201,6,1,1,0
2202,5,1,1,0
2203,1,1,1,0
2204,1,1,1,0
2205,7,1,1,0
2206,9,1,1,0
2207,3,1,1,0
2208,3,1,1,0
2209,7,1,1,0
2210,2,1,1,0
2211,12,1,1,0
2212,1,1,1,0
2213,9,1,1,0
2214,6,1,1,0
2215,6,1,1,0
2216,1,1,1,0
2217,3,1,1,0
2218,1,1,1,0
2219,1,1,1,0
2220,1,1,1,0
2221,2,1,1,0
2222,2,1,1,0
2223,12,1,1,0
2224,2,1,1,0
2225,6,1,1,0
2226,1,1,1,0
2227,1,1,1,0
2228,3,1,1,0
2229,1,1,1,0
2230,1,1,1,0
2231,3,1,1,0
2232,3,1,1,0
2233,2,1,1,0
2234,6,1,1,0
2235,1,1,1,0
2236,3,1,1,0
2237,1,1,1,0
2238,1,1,1,0
2239,1,1,1,0
2240,5,1,1,0
2241,3,1,1,0
2242,1,1,1,0
2243,7,1,1,0
2244,7,1,1,0
2245,3,1,1,0
2246,1,1,1,0
2247,6,1,1,0
2248,1,1,1,0
2249,7,1,1,0
2250,3,1,1,0
2251,5,1,1,0
2252,4,1,1,0
2253,2,1,1,0
2254,4,1,1,0
2255,2,1,1,0
2256,13,1,1,0
2257,1,1,1,0
2258,7,1,1,0
2259,2,1,1,0
2260,2,1,1,0
2261,6,1,1,0
2262,2,1,1,0
2263,6,1,1,0
2264,1,1,1,0
2265,3,1,1,0
2266,6,1,1,0
2267,4,1,1,0
2268,3,1,1,0
2269,9,1,1,0
2270,8,1,1,0
2271,3,1,1,0
2272,1,1,1,0
2273,5,1,1,0
2274,5,1,1,0
2275,2,1,1,0
2276,1,1,1,0
2277,3,1,1,0
2278,2,1,1,0
2279,3,1,1,0
2280,2,1,1,0
2281,6,1,1,0
2282,2,1,1,0
2283,3,1,1,0
2284,1,1,1,0
2285,2,1,1,0
2286,3,1,1,0
2287,3,1,1,0
2288,6,1,1,0
2289,4,1,1,0
2290,3,1,1,0
2291,1,1,1,0
2292,1,1,1,0
2293,3,1,1,0
2294,2,1,1,0
2295,6,1,1,0
2296,2,1,1,0
2297,7,1,1,0
2298,1,1,1,0
2299,1,1,1,0
2300,6,1,1,0
2301,9,1,1,0
2302,1,1,1,0
2303,1,1,1,0
2304,4,1,1,0
2305,4,1,1,0
2306,4,1,1,0
2307,3,1,1,0
2308,2,1,1,0
2309,5,1,1,0
2310,3,1,1,0
2311,8,1,1,0
2312,5,1,1,0
2313,6,1,1,0
2314,14,1,1,0
2315,1,1,1,0
2316,3,1,1,0
2317,5,1,1,0
2318,2,1,1,0
2319,2,1,1,0
2320,2,1,1,0
2321,8,1,1,0
2322,6,1,1,0
2323,1,1,1,0
2324,1,1,1,0
2325,5,1,1,0
2326,4,1,1,0
2327,7,1,1,0
2328,3,1,1,0
2329,2,1,1,0
2330,4,1,1,0
2331,9,1,1,0
2332,2,1,1,0
2333,9,1,1,0
2334,5,1,1,0
2335,5,1,1,0
2336,3,1,1,0
2337,6,1,1,0
2338,3,1,1,0
2339,2,1,1,0
2340,1,1,1,0
2341,5,1,1,0
2342,4,1,1,0
2343,3,1,1,0
2344,5,1,1,0
2345,2,1,1,0
2346,1,1,1,0
2347,1,1,1,0
2348,6,1,1,0
2349,1,1,1,0
2350,2,1,1,0
2351,1,1,1,0
2352,1,1,1,0
2353,1,1,1,0
2354,5,1,1,0
2355,4,1,1,0
2356,4,1,1,0
2357,8,1,1,0
2358,1,1,1,0
2359,5,1,1,0
2360,1,1,1,0
2361,5,1,1,0
2362,1,1,1,0
2363,5,1,1,0
2364,5,1,1,0
2365,1,1,1,0
2366,3,1,1,0
2367,2,1,1,0
2368,2,1,1,0
2369,2,1,1,0
2370,4,1,1,0
2371,2,1,1,0
2372,1,1,1,0
2373,1,1,1,0
2374,3,1,1,0
2375,1,1,1,0
2376,6,1,1,0
2377,1,1,1,0
2378,1,1,1,0
2379,1,1,1,0
2380,1,1,1,0
2381,3,1,1,0
2382,5,1,1,0
2383,2,1,1,0
2384,5,1,1,0
2385,2,1,1,0
2386,5,1,1,0
2387,5,1,1,0
2388,4,1,1,0
2389,1,1,1,0
2390,10,1,1,0
2391,6,1,1,0
2392,1,1,1,0
2393,4,1,1,0
2394,2,1,1,0
2395,6,1,1,0
2396,5,1,1,0
2397,2,1,1,0
2398,1,1,1,0
2399,3,1,1,0
2400,2,1,1,0
2401,4,1,1,0
2402,3,1,1,0
2403,4,1,1,0
2404,7,1,1,0
2405,2,1,1,0
2406,5,1,1,0
2407,3,1,1,0
2408,23,1,1,0
2409,4,1,1,0
2410,1,1,1,0
2411,5,1,1,0
2412,1,1,1,0
2413,8,1,1,0
2414,1,1,1,0
2415,1,1,1,0
2416,4,1,1,0
2417,4,1,1,0
2418,5,1,1,0
2419,5,1,1,0
2420,1,1,1,0
2421,11,1,1,0
2422,3,1,1,0
2423,1,1,1,0
2424,1,1,1,0
2425,3,1,1,0
2426,1,1,1,0
2427,4,1,1,0
2428,2,1,1,0
2429,2,1,1,0
2430,8,1,1,0
2431,11,1,1,0
2432,3,1,1,0
2433,3,1,1,0
2434,1,1,1,0
2435,1,1,1,0
2436,2,1,1,0
2437,3,1,1,0
2438,2,1,1,0
2439,5,1,1,0
2440,10,1,1,0
2441,10,1,1,0
2442,4,1,1,0
2443,2,1,1,0
2444,7,1,1,0
2445,7,1,1,0
2446,1,1,1,0
2447,2,1,1,0
2448,3,1,1,0
2449,7,1,1,0
2450,1,1,1,0
2451,1,1,1,0
2452,5,1,1,0
2453,1,1,1,0
2454,2,1,1,0
2455,14,1,1,0
2456,4,1,1,0
2457,2,1,1,0
2458,3,1,1,0
2459,6,1,1,0
2460,3,1,1,0
2461,4,1,1,0
2462,3,1,1,0
2463,1,1,1,0
2464,8,1,1,0
2465,11,1,1,0
2466,5,1,1,0
2467,4,1,1,0
2468,3,1,1,0
2469,5,1,1,0
2470,3,1,1,0
2471,3,1,1,0
2472,2,1,1,0
2473,4,1,1,0
2474,3,1,1,0
2475,1,1,1,0
2476,4,1,1,0
2477,4,1,1,0
2478,3,1,1,0
2479,1,1,1,0
2480,1,1,1,0
2481,5,1,1,0
2482,6,1,1,0
2483,5,1,1,0
2484,1,1,1,0
2485,1,1,1,0
2486,1,1,1,0
2487,3,1,1,0
2488,3,1,1,0
2489,1,1,1,0
2490,12,1,1,0
2491,1,1,1,0
2492,2,1,1,0
2493,4,1,1,0
2494,5,1,1,0
2495,1,1,1,0
2496,5,1,1,0
2497,2,1,1,0
2498,2,1,1,0
2499,6,1,1,0
2500,7,1,1,0
2501,1,1,1,0
2502,5,1,1,0
2503,1,1,1,0
2504,9,1,1,0
2505,7,1,1,0
2506,14,1,1,0
2507,3,1,1,0
2508,8,1,1,0
2509,3,1,1,0
2510,1,1,1,0
2511,9,1,1,0
2512,2,1,1,0
2513,7,1,1,0
2514,4,1,1,0
2515,1,1,1,0
2516,4,1,1,0
2517,13,1,1,0
2518,5,1,1,0
2519,5,1,1,0
2520,4,1,1,0
2521,2,1,1,0
2522,1,1,1,0
2523,8,1,1,0
2524,3,1,1,0
2525,5,1,1,0
2526,5,1,1,0
2527,4,1,1,0
2528,6,1,1,0
2529,1,1,1,0
2530,1,1,1,0
2531,14,1,1,0
2532,4,1,1,0
2533,3,1,1,0
2534,5,1,1,0
2535,7,1,1,0
2536,2,1,1,0
2537,4,1,1,0
2538,1,1,1,0
2539,4,1,1,0
2540,1,1,1,0
2541,6,1,1,0
2542,5,1,1,0
2543,1,1,1,0
2544,4,1,1,0
2545,5,1,1,0
2546,8,1,1,0
2547,5,1,1,0
2548,1,1,1,0
2549,5,1,1,0
2550,6,1,1,0
2551,9,1,1,0
2552,2,1,1,0
2553,3,1,1,0
2554,1,1,1,0
2555,1,1,1,0
2556,6,1,1,0
2557,1,1,1,0
2558,3,1,1,0
2559,4,1,1,0
2560,4,1,1,0
2561,1,1,1,0
2562,3,1,1,0
2563,3,1,1,0
2564,8,1,1,0
2565,4,1,1,0
2566,2,1,1,0
2567,4,1,1,0
2568,4,1,1,0
2569,3,1,1,0
2570,8,1,1,0
2571,5,1,1,0
2572,4,1,1,0
2573,2,1,1,0
2574,5,1,1,0
2575,2,1,1,0
2576,1,1,1,0
2577,3,1,1,0
2578,1,1,1,0
2579,5,1,1,0
2580,4,1,1,0
2581,1,1,1,0
2582,2,1,1,0
2583,3,1,1,0
2584,4,1,1,0
2585,2,1,1,0
2586,3,1,1,0
2587,1,1,1,0
2588,1,1,1,0
2589,1,1,1,0
2590,8,1,1,0
2591,1,1,1,0
2592,7,1,1,0
2593,9,1,1,0
2594,2,1,1,0
2595,5,1,1,0
2596,1,1,1,0
2597,2,1,1,0
2598,2,1,1,0
2599,4,1,1,0
2600,1,1,1,0
2601,3,1,1,0
2602,1,1,1,0
2603,3,1,1,0
2604,2,1,1,0
2605,1,1,1,0
2606,1,1,1,0
2607,3,1,1,0
2608,2,1,1,0
2609,2,1,1,0
2610,1,1,1,0
2611,1,1,1,0
2612,2,1,1,0
2613,6,1,1,0
2614,3,1,1,0
2615,3,1,1,0
2616,4,1,1,0
2617,1,1,1,0
2618,2,1,1,0
2619,1,1,1,0
2620,2,1,1,0
2621,2,1,1,0
2622,9,1,1,0
2623,4,1,1,0
2624,3,1,1,0
2625,1,1,1,0
2626,5,1,1,0
2627,2,1,1,0
2628,2,1,1,0
2629,2,1,1,0
2630,1,1,1,0
2631,5,1,1,0
2632,1,1,1,0
2633,3,1,1,0
2634,1,1,1,0
2635,2,1,1,0
2636,6,1,1,0
2637,2,1,1,0
2638,1,1,1,0
2639,2,1,1,0
2640,1,1,1,0
2641,5,1,1,0
2642,2,1,1,0
2643,4,1,1,0
2644,1,1,1,0
2645,3,1,1,0
2646,1,1,1,0
2647,1,1,1,0
2648,1,1,1,0
2649,1,1,1,0
2650,7,1,1,0
2651,1,1,1,0
2652,1,1,1,0
2653,1,1,1,0
2654,4,1,1,0
2655,1,1,1,0
2656,2,1,1,0
2657,4,1,1,0
2658,5,1,1,0
2659,1,1,1,0
2660,2,1,1,0
2661,1,1,1,0
2662,4,1,1,0
2663,3,1,1,0
2664,1,1,1,0
2665,1,1,1,0
2666,8,1,1,0
2667,6,1,1,0
2668,2,1,1,0
2669,3,1,1,0
2670,5,1,1,0
2671,1,1,1,0
2672,8,1,1,0
2673,4,1,1,0
2674,3,1,1,0
2675,7,1,1,0
2676,6,1,1,0
2677,2,1,1,0
2678,7,1,1,0
2679,3,1,1,0
2680,6,1,1,0
2681,4,1,1,0
2682,3,1,1,0
2683,6,1,1,0
2684,3,1,1,0
2685,1,1,1,0
2686,3,1,1,0
2687,4,1,1,0
2688,3,1,1,0
2689,2,1,1,0
2690,3,1,1,0
2691,1,1,1,0
2692,3,1,1,0
2693,6,1,1,0
2694,4,1,1,0
2695,7,1,1,0
2696,1,1,1,0
2697,3,1,1,0
2698,3,1,1,0
2699,1,1,1,0
2700,3,1,1,0
2701,2,1,1,0
2702,2,1,1,0
2703,6,1,1,0
2704,3,1,1,0
2705,1,1,1,0
2706,1,1,1,0
2707,3,1,1,0
2708,1,1,1,0
2709,3,1,1,0
2710,3,1,1,0
2711,4,1,1,0
2712,2,1,1,0
2713,1,1,1,0
2714,1,1,1,0
2715,4,1,1,0
2716,2,1,1,0
2717,1,1,1,0
2718,3,1,1,0
2719,4,1,1,0
2720,10,1,1,0
2721,5,1,1,0
2722,5,1,1,0
2723,1,1,1,0
2724,1,1,1,0
2725,3,1,1,0
2726,2,1,1,0
2727,8,1,1,0
2728,6,1,1,0
2729,2,1,1,0
2730,4,1,1,0
2731,2,1,1,0
2732,3,1,1,0
2733,4,1,1,0
2734,2,1,1,0
2735,4,1,1,0
2736,3,1,1,0
2737,3,1,1,0
2738,4,1,1,0
2739,1,1,1,0
2740,2,1,1,0
2741,2,1,1,0
2742,6,1,1,0
2743,1,1,1,0
2744,3,1,1,0
2745,9,1,1,0
2746,3,1,1,0
2747,3,1,1,0
2748,2,1,1,0
2749,2,1,1,0
2750,4,1,1,0
2751,1,1,1,0
2752,2,1,1,0
2753,2,1,1,0
2754,1,1,1,0
2755,1,1,1,0
2756,2,1,1,0
2757,3,1,1,0
2758,2,1,1,0
2759,3,1,1,0
2760,2,1,1,0
2761,3,1,1,0
2762,7,1,1,0
2763,2,1,1,0
2764,5,1,1,0
2765,1,1,1,0
2766,1,1,1,0
2767,1,1,1,0
2768,5,1,1,0
2769,7,1,1,0
2770,3,1,1,0
2771,6,1,1,0
2772,1,1,1,0
2773,4,1,1,0
2774,8,1,1,0
2775,3,1,1,0
2776,2,1,1,0
2777,1,1,1,0
2778,1,1,1,0
2779,5,1,1,0
2780,1,1,1,0
2781,3,1,1,0
2782,2,1,1,0
2783,4,1,1,0
2784,2,1,1,0
2785,1,1,1,0
2786,10,1,1,0
2787,3,1,1,0
2788,1,1,1,0
2789,3,1,1,0
2790,1,1,1,0
2791,1,1,1,0
2792,5,1,1,0
2793,1,1,1,0
2794,4,1,1,0
2795,1,1,1,0
2796,1,1,1,0
2797,4,1,1,0
2798,2,1,1,0
2799,1,1,1,0
2800,1,1,1,0
2801,1,1,1,0
2802,7,1,1,0
2803,5,1,1,0
2804,3,1,1,0
2805,2,1,1,0
2806,2,1,1,0
2807,5,1,1,0
2808,2,1,1,0
2809,2,1,1,0
2810,4,1,1,0
2811,5,1,1,0
2812,5,1,1,0
2813,5,1,1,0
2814,3,1,1,0
2815,5,1,1,0
2816,1,1,1,0
2817,6,1,1,0
2818,3,1,1,0
2819,4,1,1,0
2820,10,1,1,0
2821,4,1,1,0
2822,6,1,1,0
2823,1,1,1,0
2824,1,1,1,0
2825,3,1,1,0
2826,3,1,1,0
2827,6,1,1,0
2828,1,1,1,0
2829,1,1,1,0
2830,1,1,1,0
2831,1,1,1,0
2832,3,1,1,0
2833,7,1,1,0
2834,2,1,1,0
2835,3,1,1,0
2836,2,1,1,0
2837,5,1,1,0
2838,4,1,1,0
2839,7,1,1,0
2840,1,1,1,0
2841,3,1,1,0
2842,1,1,1,0
2843,4,1,1,0
2844,4,1,1,0
2845,1,1,1,0
2846,1,1,1,0
2847,5,1,1,0
2848,1,1,1,0
2849,9,1,1,0
2850,3,1,1,0
2851,7,1,1,0
2852,4,1,1,0
2853,6,1,1,0
2854,5,1,1,0
2855,3,1,1,0
2856,6,1,1,0
2857,1,1,1,0
2858,3,1,1,0
2859,7,1,1,0
2860,1,1,1,0
2861,1,1,1,0
2862,1,1,1,0
2863,2,1,1,0
2864,1,1,1,0
2865,2,1,1,0
2866,4,1,1,0
2867,13,1,1,0
2868,3,1,1,0
2869,6,1,1,0
2870,2,1,1,0
2871,5,1,1,0
2872,2,1,1,0
2873,3,1,1,0
2874,3,1,1,0
2875,3,1,1,0
2876,1,1,1,0
2877,2,1,1,0
2878,1,1,1,0
2879,3,1,1,0
2880,2,1,1,0
2881,9,1,1,0
2882,4,1,1,0
2883,3,1,1,0
2884,3,1,1,0
2885,1,1,1,0
2886,4,1,1,0
2887,9,1,1,0
2888,3,1,1,0
2889,2,1,1,0
2890,4,1,1,0
2891,1,1,1,0
2892,2,1,1,0
2893,7,1,1,0
2894,4,1,1,0
2895,5,1,1,0
2896,3,1,1,0
2897,8,1,1,0
2898,7,1,1,0
2899,13,1,1,0
2900,1,1,1,0
2901,1,1,1,0
2902,11,1,1,0
2903,5,1,1,0
2904,2,1,1,0
2905,2,1,1,0
2906,5,1,1,0
2907,2,1,1,0
2908,2,1,1,0
2909,3,1,1,0
2910,3,1,1,0
2911,3,1,1,0
2912,1,1,1,0
2913,3,1,1,0
2914,7,1,1,0
2915,5,1,1,0
2916,4,1,1,0
2917,1,1,1,0
2918,1,1,1,0
2919,1,1,1,0
2920,6,1,1,0
2921,5,1,1,0
2922,1,1,1,0
2923,1,1,1,0
2924,3,1,1,0
2925,1,1,1,0
2926,6,1,1,0
2927,1,1,1,0
2928,1,1,1,0
2929,9,1,1,0
2930,4,1,1,0
2931,10,1,1,0
2932,15,1,1,0
2933,2,1,1,0
2934,4,1,1,0
2935,3,1,1,0
2936,4,1,1,0
2937,2,1,1,0
2938,2,1,1,0
2939,3,1,1,0
2940,5,1,1,0
2941,2,1,1,0
2942,3,1,1,0
2943,3,1,1,0
2944,1,1,1,0
2945,8,1,1,0
2946,5,1,1,0
2947,5,1,1,0
2948,6,1,1,0
2949,7,1,1,0
2950,2,1,1,0
2951,2,1,1,0
2952,5,1,1,0
2953,1,1,1,0
2954,4,1,1,0
2955,1,1,1,0
2956,4,1,1,0
2957,5,1,1,0
2958,1,1,1,0
2959,4,1,1,0
2960,2,1,1,0
2961,3,1,1,0
2962,2,1,1,0
2963,4,1,1,0
2964,13,1,1,0
2965,7,1,1,0
2966,2,1,1,0
2967,5,1,1,0
2968,1,1,1,0
2969,3,1,1,0
2970,10,1,1,0
2971,2,1,1,0
2972,4,1,1,0
2973,7,1,1,0
2974,2,1,1,0
2975,13,1,1,0
2976,6,1,1,0
2977,8,1,1,0
2978,2,1,1,0
2979,4,1,1,0
2980,5,1,1,0
2981,8,1,1,0
2982,1,1,1,0
2983,1,1,1,0
2984,2,1,1,0
2985,1,1,1,0
2986,8,1,1,0
2987,7,1,1,0
2988,2,1,1,0
2989,2,1,1,0
2990,6,1,1,0
2991,1,1,1,0
2992,3,1,1,0
2993,2,1,1,0
2994,1,1,1,0
2995,2,1,1,0
2996,2,1,1,0
2997,3,1,1,0
2998,5,1,1,0
2999,4,1,1,0
3000,1,1,1,0
3001,3,1,1,0
3002,1,1,1,0
3003,5,1,1,0
3004,5,1,1,0
3005,3,1,1,0
3006,1,1,1,0
3007,2,1,1,0
3008,10,1,1,0
3009,2,1,1,0
3010,5,1,1,0
3011,3,1,1,0
3012,3,1,1,0
3013,4,1,1,0
3014,5,1,1,0
3015,9,1,1,0
3016,9,1,1,0
3017,2,1,1,0
3018,8,1,1,0
3019,2,1,1,0
3020,3,1,1,0
3021,5,1,1,0
3022,2,1,1,0
3023,4,1,1,0
3024,9,1,1,0
3025,3,1,1,0
3026,4,1,1,0
3027,2,1,1,0
3028,2,1,1,0
3029,5,1,1,0
3030,3,1,1,0
3031,2,1,1,0
3032,1,1,1,0
3033,5,1,1,0
3034,2,1,1,0
3035,6,1,1,0
3036,9,1,1,0
3037,1,1,1,0
3038,11,1,1,0
3039,2,1,1,0
3040,4,1,1,0
3041,1,1,1,0
3042,2,1,1,0
3043,2,1,1,0
3044,3,1,1,0
3045,3,1,1,0
3046,2,1,1,0
3047,4,1,1,0
3048,1,1,1,0
3049,3,1,1,0
3050,4,1,1,0
3051,7,1,1,0
3052,2,1,1,0
3053,4,1,1,0
3054,3,1,1,0
3055,1,1,1,0
3056,2,1,1,0
3057,5,1,1,0
3058,3,1,1,0
3059,1,1,1,0
3060,2,1,1,0
3061,6,1,1,0
3062,2,1,1,0
3063,12,1,1,0
3064,12,1,1,0
3065,2,1,1,0
3066,1,1,1,0
3067,1,1,1,0
3068,8,1,1,0
3069,8,1,1,0
3070,3,1,1,0
3071,3,1,1,0
3072,4,1,1,0
3073,1,1,1,0
3074,2,1,1,0
3075,3,1,1,0
3076,4,1,1,0
3077,1,1,1,0
3078,6,1,1,0
3079,1,1,1,0
3080,1,1,1,0
3081,1,1,1,0
3082,2,1,1,0
3083,2,1,1,0
3084,2,1,1,0
3085,2,1,1,0
3086,4,1,1,0
3087,2,1,1,0
3088,5,1,1,0
3089,2,1,1,0
3090,2,1,1,0
3091,4,1,1,0
3092,3,1,1,0
3093,6,1,1,0
3094,1,1,1,0
3095,1,1,1,0
3096,1,1,1,0
3097,2,1,1,0
3098,1,1,1,0
3099,2,1,1,0
3100,2,1,1,0
3101,1,1,1,0
3102,1,1,1,0
3103,1,1,1,0
3104,4,1,1,0
3105,2,1,1,0
3106,1,1,1,0
3107,2,1,1,0
3108,2,1,1,0
3109,3,1,1,0
3110,1,1,1,0
3111,4,1,1,0
3112,9,1,1,0
3113,3,1,1,0
3114,9,1,1,0
3115,3,1,1,0
3116,3,1,1,0
3117,5,1,1,0
3118,5,1,1,0
3119,4,1,1,0
3120,3,1,1,0
3121,7,1,1,0
3122,3,1,1,0
3123,2,1,1,0
3124,2,1,1,0
3125,5,1,1,0
3126,6,1,1,0
3127,4,1,1,0
3128,4,1,1,0
3129,6,1,1,0
3130,6,1,1,0
3131,5,1,1,0
3132,2,1,1,0
3133,3,1,1,0
3134,1,1,1,0
3135,3,1,1,0
3136,3,1,1,0
3137,7,1,1,0
3138,11,1,1,0
3139,9,1,1,0
3140,2,1,1,0
3141,2,1,1,0
3142,1,1,1,0
3143,5,1,1,0
3144,2,1,1,0
3145,2,1,1,0
3146,2,1,1,0
3147,4,1,1,0
3148,1,1,1,0
3149,4,1,1,0
3150,6,1,1,0
3151,2,1,1,0
3152,5,1,1,0
3153,1,1,1,0
3154,1,1,1,0
3155,5,1,1,0
3156,2,1,1,0
3157,2,1,1,0
3158,6,1,1,0
3159,1,1,1,0
3160,5,1,1,0
3161,5,1,1,0
3162,1,1,1,0
3163,4,1,1,0
3164,3,1,1,0
3165,2,1,1,0
3166,3,1,1,0
3167,2,1,1,0
3168,8,1,1,0
3169,1,1,1,0
3170,1,1,1,0
3171,2,1,1,0
3172,2,1,1,0
3173,2,1,1,0
3174,7,1,1,0
3175,2,1,1,0
3176,5,1,1,0
3177,1,1,1,0
3178,8,1,1,0
3179,1,1,1,0
3180,2,1,1,0
3181,2,1,1,0
3182,3,1,1,0
3183,3,1,1,0
3184,3,1,1,0
3185,4,1,1,0
3186,2,1,1,0
3187,4,1,1,0
3188,4,1,1,0
3189,5,1,1,0
3190,3,1,1,0
3191,1,1,1,0
3192,11,1,1,0
3193,6,1,1,0
3194,1,1,1,0
3195,4,1,1,0
3196,1,1,1,0
3197,1,1,1,0
3198,1,1,1,0
3199,2,1,1,0
3200,2,1,1,0
3201,3,1,1,0
3202,6,1,1,0
3203,5,1,1,0
3204,5,1,1,0
3205,2,1,1,0
3206,2,1,1,0
3207,6,1,1,0
3208,5,1,1,0
3209,5,1,1,0
3210,2,1,1,0
3211,5,1,1,0
3212,2,1,1,0
3213,6,1,1,0
3214,2,1,1,0
3215,3,1,1,0
3216,3,1,1,0
3217,1,1,1,0
3218,4,1,1,0
3219,1,1,1,0
3220,3,1,1,0
3221,8,1,1,0
3222,3,1,1,0
3223,3,1,1,0
3224,2,1,1,0
3225,11,1,1,0
3226,3,1,1,0
3227,10,1,1,0
3228,3,1,1,0
3229,1,1,1,0
3230,1,1,1,0
3231,1,1,1,0
3232,1,1,1,0
3233,3,1,1,0
3234,2,1,1,0
3235,7,1,1,0
3236,1,1,1,0
3237,1,1,1,0
3238,5,1,1,0
3239,1,1,1,0
3240,2,1,1,0
3241,3,1,1,0
3242,1,1,1,0
3243,17,1,1,0
3244,4,1,1,0
3245,5,1,1,0
3246,9,1,1,0
3247,5,1,1,0
3248,9,1,1,0
3249,5,1,1,0
3250,9,1,1,0
3251,8,1,1,0
3252,1,1,1,0
3253,3,1,1,0
3254,5,1,1,0
3255,2,1,1,0
3256,6,1,1,0
3257,2,1,1,0
3258,3,1,1,0
3259,1,1,1,0
3260,1,1,1,0
3261,2,1,1,0
3262,1,1,1,0
3263,1,1,1,0
3264,8,1,1,0
3265,2,1,1,0
3266,2,1,1,0
3267,1,1,1,0
3268,6,1,1,0
3269,5,1,1,0
3270,1,1,1,0
3271,1,1,1,0
3272,5,1,1,0
3273,5,1,1,0
3274,1,1,1,0
3275,2,1,1,0
3276,2,1,1,0
3277,2,1,1,0
3278,2,1,1,0
3279,4,1,1,0
3280,1,1,1,0
3281,5,1,1,0
3282,6,1,1,0
3283,2,1,1,0
3284,4,1,1,0
3285,3,1,1,0
3286,3,1,1,0
3287,6,1,1,0
3288,4,1,1,0
3289,1,1,1,0
3290,5,1,1,0
3291,4,1,1,0
3292,3,1,1,0
3293,1,1,1,0
3294,3,1,1,0
3295,10,1,1,0
3296,1,1,1,0
3297,3,1,1,0
3298,1,1,1,0
3299,2,1,1,0
3300,6,1,1,0
3301,2,1,1,0
3302,3,1,1,0
3303,3,1,1,0
3304,1,1,1,0
3305,1,1,1,0
3306,4,1,1,0
3307,2,1,1,0
3308,3,1,1,0
3309,3,1,1,0
3310,5,1,1,0
3311,2,1,1,0
3312,2,1,1,0
3313,3,1,1,0
3314,2,1,1,0
3315,1,1,1,0
3316,4,1,1,0
3317,3,1,1,0
3318,1,1,1,0
3319,1,1,1,0
3320,4,1,1,0
3321,2,1,1,0
3322,6,1,1,0
3323,4,1,1,0
3324,3,1,1,0
3325,1,1,1,0
3326,4,1,1,0
3327,3,1,1,0
3328,1,1,1,0
3329,1,1,1,0
3330,5,1,1,0
3331,1,1,1,0
3332,1,1,1,0
3333,2,1,1,0
3334,3,1,1,0
3335,2,1,1,0
3336,3,1,1,0
3337,3,1,1,0
3338,7,1,1,0
3339,7,1,1,0
3340,8,1,1,0
3341,17,1,1,0
3342,2,1,1,0
3343,6,1,1,0
3344,3,1,1,0
3345,1,1,1,0
3346,2,1,1,0
3347,10,1,1,0
3348,5,1,1,0
3349,4,1,1,0
3350,6,1,1,0
3351,2,1,1,0
3352,4,1,1,0
3353,9,1,1,0
3354,8,1,1,0
3355,3,1,1,0
3356,9,1,1,0
3357,2,1,1,0
3358,1,1,1,0
3359,5,1,1,0
3360,4,1,1,0
3361,3,1,1,0
3362,5,1,1,0
3363,3,1,1,0
3364,9,1,1,0
3365,6,1,1,0
3366,3,1,1,0
3367,5,1,1,0
3368,8,1,1,0
3369,2,1,1,0
3370,1,1,1,0
3371,6,1,1,0
3372,1,1,1,0
3373,3,1,1,0
3374,2,1,1,0
3375,1,1,1,0
3376,2,1,1,0
3377,3,1,1,0
3378,3,1,1,0
3379,8,1,1,0
3380,1,1,1,0
3381,3,1,1,0
3382,7,1,1,0
3383,5,1,1,0
3384,4,1,1,0
3385,9,1,1,0
3386,3,1,1,0
3387,3,1,1,0
3388,8,1,1,0
3389,3,1,1,0
3390,9,1,1,0
3391,4,1,1,0
3392,1,1,1,0
3393,1,1,1,0
3394,12,1,1,0
3395,6,1,1,0
3396,1,1,1,0
3397,1,1,1,0
3398,6,1,1,0
3399,2,1,1,0
3400,7,1,1,0
3401,6,1,1,0
3402,2,1,1,0
3403,5,1,1,0
3404,1,1,1,0
3405,6,1,1,0
3406,1,1,1,0
3407,3,1,1,0
3408,2,1,1,0
3409,7,1,1,0
3410,2,1,1,0
3411,4,1,1,0
3412,1,1,1,0
3413,4,1,1,0
3414,4,1,1,0
3415,1,1,1,0
3416,4,1,1,0
3417,2,1,1,0
3418,2,1,1,0
3419,1,1,1,0
3420,4,1,1,0
3421,6,1,1,0
3422,2,1,1,0
3423,1,1,1,0
3424,5,1,1,0
3425,3,1,1,0
3426,3,1,1,0
3427,1,1,1,0
3428,7,1,1,0
3429,2,1,1,0
3430,1,1,1,0
3431,10,1,1,0
3432,4,1,1,0
3433,1,1,1,0
3434,4,1,1,0
3435,9,1,1,0
3436,5,1,1,0
3437,7,1,1,0
3438,3,1,1,0
3439,10,1,1,0
3440,9,1,1,0
3441,3,1,1,0
3442,2,1,1,0
3443,3,1,1,0
3444,6,1,1,0
3445,5,1,1,0
3446,1,1,1,0
3447,2,1,1,0
3448,5,1,1,0
3449,4,1,1,0
3450,2,1,1,0
3451,1,1,1,0
3452,6,1,1,0
3453,3,1,1,0
3454,2,1,1,0
3455,1,1,1,0
3456,7,1,1,0
3457,4,1,1,0
3458,1,1,1,0
3459,3,1,1,0
3460,4,1,1,0
3461,4,1,1,0
3462,1,1,1,0
3463,2,1,1,0
3464,5,1,1,0
3465,1,1,1,0
3466,5,1,1,0
3467,4,1,1,0
3468,1,1,1,0
3469,3,1,1,0
3470,3,1,1,0
3471,4,1,1,0
3472,4,1,1,0
3473,5,1,1,0
3474,5,1,1,0
3475,1,1,1,0
3476,6,1,1,0
3477,4,1,1,0
3478,2,1,1,0
3479,1,1,1,0
3480,1,1,1,0
3481,1,1,1,0
3482,2,1,1,0
3483,2,1,1,0
3484,8,1,1,0
3485,5,1,1,0
3486,4,1,1,0
3487,4,1,1,0
3488,3,1,1,0
3489,3,1,1,0
3490,1,1,1,0
3491,1,1,1,0
3492,8,1,1,0
3493,2,1,1,0
3494,3,1,1,0
3495,5,1,1,0
3496,1,1,1,0
3497,3,1,1,0
3498,3,1,1,0
3499,1,1,1,0
3500,4,1,1,0
3501,4,1,1,0
3502,5,1,1,0
3503,5,1,1,0
3504,11,1,1,0
3505,1,1,1,0
3506,5,1,1,0
3507,2,1,1,0
3508,1,1,1,0
3509,5,1,1,0
3510,3,1,1,0
3511,7,1,1,0
3512,2,1,1,0
3513,1,1,1,0
3514,8,1,1,0
3515,1,1,1,0
3516,4,1,1,0
3517,3,1,1,0
3518,9,1,1,0
3519,5,1,1,0
3520,1,1,1,0
3521,3,1,1,0
3522,8,1,1,0
3523,7,1,1,0
3524,2,1,1,0
3525,4,1,1,0
3526,2,1,1,0
3527,8,1,1,0
3528,2,1,1,0
3529,1,1,1,0
3530,6,1,1,0
3531,2,1,1,0
3532,3,1,1,0
3533,12,1,1,0
3534,3,1,1,0
3535,3,1,1,0
3536,7,1,1,0
3537,2,1,1,0
3538,7,1,1,0
3539,3,1,1,0
3540,6,1,1,0
3541,7,1,1,0
3542,1,1,1,0
3543,1,1,1,0
3544,1,1,1,0
3545,3,1,1,0
3546,1,1,1,0
3547,1,1,1,0
3548,1,1,1,0
3549,2,1,1,0
3550,1,1,1,0
3551,1,1,1,0
3552,3,1,1,0
3553,2,1,1,0
3554,3,1,1,0
3555,12,1,1,0
3556,3,1,1,0
3557,6,1,1,0
3558,1,1,1,0
3559,10,1,1,0
3560,6,1,1,0
3561,1,1,1,0
3562,11,1,1,0
3563,3,1,1,0
3564,4,1,1,0
3565,3,1,1,0
3566,6,1,1,0
3567,2,1,1,0
3568,3,1,1,0
3569,2,1,1,0
3570,2,1,1,0
3571,2,1,1,0
3572,2,1,1,0
3573,1,1,1,0
3574,1,1,1,0
3575,5,1,1,0
3576,5,1,1,0
3577,3,1,1,0
3578,4,1,1,0
3579,5,1,1,0
3580,3,1,1,0
3581,1,1,1,0
3582,1,1,1,0
3583,6,1,1,0
3584,9,1,1,0
3585,2,1,1,0
3586,6,1,1,0
3587,5,1,1,0
3588,2,1,1,0
3589,15,1,1,0
3590,6,1,1,0
3591,5,1,1,0
3592,4,1,1,0
3593,3,1,1,0
3594,2,1,1,0
3595,1,1,1,0
3596,1,1,1,0
3597,2,1,1,0
3598,14,1,1,0
3599,2,1,1,0
3600,3,1,1,0
3601,6,1,1,0
3602,1,1,1,0
3603,1,1,1,0
3604,3,1,1,0
3605,1,1,1,0
3606,3,1,1,0
3607,8,1,1,0
3608,3,1,1,0
3609,3,1,1,0
3610,1,1,1,0
3611,5,1,1,0
3612,5,1,1,0
3613,5,1,1,0
3614,2,1,1,0
3615,3,1,1,0
3616,5,1,1,0
3617,4,1,1,0
3618,7,1,1,0
3619,3,1,1,0
3620,2,1,1,0
3621,4,1,1,0
3622,1,1,1,0
3623,1,1,1,0
3624,3,1,1,0
3625,5,1,1,0
3626,1,1,1,0
3627,3,1,1,0
3628,3,1,1,0
3629,9,1,1,0
3630,2,1,1,0
3631,6,1,1,0
3632,5,1,1,0
3633,1,1,1,0
3634,1,1,1,0
3635,2,1,1,0
3636,2,1,1,0
3637,2,1,1,0
3638,1,1,1,0
3639,7,1,1,0
3640,1,1,1,0
3641,4,1,1,0
3642,4,1,1,0
3643,1,1,1,0
3644,2,1,1,0
3645,9,1,1,0
3646,9,1,1,0
3647,6,1,1,0
3648,7,1,1,0
3649,1,1,1,0
3650,1,1,1,0
3651,3,1,1,0
3652,2,1,1,0
3653,2,1,1,0
3654,3,1,1,0
3655,2,1,1,0
3656,5,1,1,0
3657,1,1,1,0
3658,3,1,1,0
3659,2,1,1,0
3660,6,1,1,0
3661,3,1,1,0
3662,5,1,1,0
3663,3,1,1,0
3664,1,1,1,0
3665,4,1,1,0
3666,3,1,1,0
3667,1,1,1,0
3668,2,1,1,0
3669,9,1,1,0
3670,4,1,1,0
3671,2,1,1,0
3672,6,1,1,0
3673,5,1,1,0
3674,1,1,1,0
3675,1,1,1,0
3676,1,1,1,0
3677,2,1,1,0
3678,6,1,1,0
3679,5,1,1,0
3680,5,1,1,0
3681,2,1,1,0
3682,4,1,1,0
3683,2,1,1,0
3684,12,1,1,0
3685,2,1,1,0
3686,2,1,1,0
3687,7,1,1,0
3688,1,1,1,0
3689,1,1,1,0
3690,3,1,1,0
3691,6,1,1,0
3692,3,1,1,0
3693,2,1,1,0
3694,7,1,1,0
3695,3,1,1,0
3696,2,1,1,0
3697,1,1,1,0
3698,3,1,1,0
3699,1,1,1,0
3700,5,1,1,0
3701,1,1,1,0
3702,1,1,1,0
3703,1,1,1,0
3704,2,1,1,0
3705,1,1,1,0
3706,1,1,1,0
3707,2,1,1,0
3708,3,1,1,0
3709,4,1,1,0
3710,1,1,1,0
3711,2,1,1,0
3712,4,1,1,0
3713,3,1,1,0
3714,5,1,1,0
3715,4,1,1,0
3716,1,1,1,0
3717,3,1,1,0
3718,1,1,1,0
3719,9,1,1,0
3720,2,1,1,0
3721,6,1,1,0
3722,4,1,1,0
3723,8,1,1,0
3724,1,1,1,0
3725,7,1,1,0
3726,2,1,1,0
3727,2,1,1,0
3728,3,1,1,0
3729,5,1,1,0
3730,7,1,1,0
3731,3,1,1,0
3732,4,1,1,0
3733,3,1,1,0
3734,1,1,1,0
3735,2,1,1,0
3736,2,1,1,0
3737,2,1,1,0
3738,2,1,1,0
3739,2,1,1,0
3740,3,1,1,0
3741,4,1,1,0
3742,3,1,1,0
3743,4,1,1,0
3744,14,1,1,0
3745,3,1,1,0
3746,10,1,1,0
3747,2,1,1,0
3748,2,1,1,0
3749,2,1,1,0
3750,14,1,1,0
3751,3,1,1,0
3752,1,1,1,0
3753,6,1,1,0
3754,4,1,1,0
3755,3,1,1,0
3756,1,1,1,0
3757,4,1,1,0
3758,4,1,1,0
3759,3,1,1,0
3760,1,1,1,0
3761,8,1,1,0
3762,1,1,1,0
3763,11,1,1,0
3764,8,1,1,0
3765,7,1,1,0
3766,3,1,1,0
3767,4,1,1,0
3768,5,1,1,0
3769,3,1,1,0
3770,3,1,1,0
3771,5,1,1,0
3772,5,1,1,0
3773,3,1,1,0
3774,4,1,1,0
3775,3,1,1,0
3776,1,1,1,0
3777,4,1,1,0
3778,1,1,1,0
3779,6,1,1,0
3780,18,1,1,0
3781,5,1,1,0
3782,4,1,1,0
3783,2,1,1,0
3784,3,1,1,0
3785,5,1,1,0
3786,4,1,1,0
3787,1,1,1,0
3788,9,1,1,0
3789,6,1,1,0
3790,4,1,1,0
3791,3,1,1,0
3792,6,1,1,0
3793,4,1,1,0
3794,3,1,1,0
3795,1,1,1,0
3796,4,1,1,0
3797,1,1,1,0
3798,6,1,1,0
3799,7,1,1,0
3800,3,1,1,0
3801,3,1,1,0
3802,1,1,1,0
3803,2,1,1,0
3804,1,1,1,0
3805,6,1,1,0
3806,5,1,1,0
3807,3,1,1,0
3808,4,1,1,0
3809,5,1,1,0
3810,7,1,1,0
3811,5,1,1,0
3812,2,1,1,0
3813,3,1,1,0
3814,1,1,1,0
3815,7,1,1,0
3816,1,1,1,0
3817,3,1,1,0
3818,5,1,1,0
3819,2,1,1,0
3820,1,1,1,0
3821,4,1,1,0
3822,1,1,1,0
3823,4,1,1,0
3824,2,1,1,0
3825,1,1,1,0
3826,1,1,1,0
3827,7,1,1,0
3828,14,1,1,0
3829,2,1,1,0
3830,7,1,1,0
3831,5,1,1,0
3832,5,1,1,0
3833,3,1,1,0
3834,3,1,1,0
3835,9,1,1,0
3836,2,1,1,0
3837,3,1,1,0
3838,3,1,1,0
3839,1,1,1,0
3840,2,1,1,0
3841,1,1,1,0
3842,6,1,1,0
3843,1,1,1,0
3844,1,1,1,0
3845,5,1,1,0
3846,1,1,1,0
3847,1,1,1,0
3848,8,1,1,0
3849,3,1,1,0
3850,4,1,1,0
3851,5,1,1,0
3852,1,1,1,0
3853,4,1,1,0
3854,6,1,1,0
3855,3,1,1,0
3856,1,1,1,0
3857,2,1,1,0
3858,5,1,1,0
3859,3,1,1,0
3860,4,1,1,0
3861,2,1,1,0
3862,2,1,1,0
3863,5,1,1,0
3864,1,1,1,0
3865,1,1,1,0
3866,8,1,1,0
3867,6,1,1,0
3868,3,1,1,0
3869,4,1,1,0
3870,5,1,1,0
3871,2,1,1,0
3872,4,1,1,0
3873,3,1,1,0
3874,5,1,1,0
3875,3,1,1,0
3876,5,1,1,0
3877,5,1,1,0
3878,2,1,1,0
3879,6,1,1,0
3880,1,1,1,0
3881,3,1,1,0
3882,5,1,1,0
3883,3,1,1,0
3884,3,1,1,0
3885,1,1,1,0
3886,2,1,1,0
3887,1,1,1,0
3888,3,1,1,0
3889,4,1,1,0
3890,2,1,1,0
3891,13,1,1,0
3892,5,1,1,0
3893,3,1,1,0
3894,11,1,1,0
3895,1,1,1,0
3896,4,1,1,0
3897,6,1,1,0
3898,3,1,1,0
3899,9,1,1,0
3900,1,1,1,0
3901,1,1,1,0
3902,10,1,1,0
3903,7,1,1,0
3904,1,1,1,0
3905,2,1,1,0
3906,1,1,1,0
3907,1,1,1,0
3908,5,1,1,0
3909,1,1,1,0
3910,1,1,1,0
3911,1,1,1,0
3912,4,1,1,0
3913,6,1,1,0
3914,5,1,1,0
3915,2,1,1,0
3916,1,1,1,0
3917,7,1,1,0
3918,1,1,1,0
3919,10,1,1,0
3920,5,1,1,0
3921,1,1,1,0
3922,3,1,1,0
3923,1,1,1,0
3924,5,1,1,0
3925,1,1,1,0
3926,4,1,1,0
3927,3,1,1,0
3928,7,1,1,0
3929,11,1,1,0
3930,2,1,1,0
3931,1,1,1,0
3932,5,1,1,0
3933,5,1,1,0
3934,2,1,1,0
3935,1,1,1,0
3936,8,1,1,0
3937,5,1,1,0
3938,4,1,1,0
3939,3,1,1,0
3940,9,1,1,0
3941,1,1,1,0
3942,2,1,1,0
3943,1,1,1,0
3944,1,1,1,0
3945,3,1,1,0
3946,3,1,1,0
3947,2,1,1,0
3948,1,1,1,0
3949,10,1,1,0
3950,9,1,1,0
3951,1,1,1,0
3952,3,1,1,0
3953,1,1,1,0
3954,2,1,1,0
3955,4,1,1,0
3956,11,1,1,0
3957,1,1,1,0
3958,1,1,1,0
3959,2,1,1,0
3960,1,1,1,0
3961,9,1,1,0
3962,2,1,1,0
3963,3,1,1,0
3964,2,1,1,0
3965,13,1,1,0
3966,3,1,1,0
3967,1,1,1,0
3968,5,1,1,0
3969,1,1,1,0
3970,4,1,1,0
3971,2,1,1,0
3972,1,1,1,0
3973,1,1,1,0
3974,4,1,1,0
3975,3,1,1,0
3976,3,1,1,0
3977,1,1,1,0
3978,3,1,1,0
3979,5,1,1,0
3980,3,1,1,0
3981,1,1,1,0
3982,1,1,1,0
3983,3,1,1,0
3984,1,1,1,0
3985,7,1,1,0
3986,2,1,1,0
3987,5,1,1,0
3988,4,1,1,0
3989,3,1,1,0
3990,4,1,1,0
3991,1,1,1,0
3992,2,1,1,0
3993,3,1,1,0
3994,1,1,1,0
3995,1,1,1,0
3996,6,1,1,0
3997,1,1,1,0
3998,1,1,1,0
3999,1,1,1,0
4000,4,1,1,0
4001,2,1,1,0
4002,1,1,1,0
4003,1,1,1,0
4004,5,1,1,0
4005,2,1,1,0
4006,2,1,1,0
4007,1,1,1,0
4008,4,1,1,0
4009,2,1,1,0
4010,2,1,1,0
4011,7,1,1,0
4012,11,1,1,0
4013,2,1,1,0
4014,2,1,1,0
4015,1,1,1,0
4016,5,1,1,0
4017,1,1,1,0
4018,1,1,1,0
4019,3,1,1,0
4020,2,1,1,0
4021,2,1,1,0
4022,3,1,1,0
4023,4,1,1,0
4024,1,1,1,0
4025,10,1,1,0
4026,3,1,1,0
4027,3,1,1,0
4028,4,1,1,0
4029,2,1,1,0
4030,5,1,1,0
4031,3,1,1,0
4032,4,1,1,0
4033,3,1,1,0
4034,2,1,1,0
4035,4,1,1,0
4036,2,1,1,0
4037,3,1,1,0
4038,1,1,1,0
4039,5,1,1,0
4040,1,1,1,0
4041,2,1,1,0
4042,4,1,1,0
4043,9,1,1,0
4044,5,1,1,0
4045,2,1,1,0
4046,5,1,1,0
4047,13,1,1,0
4048,2,1,1,0
4049,4,1,1,0
4050,1,1,1,0
4051,6,1,1,0
4052,3,1,1,0
4053,1,1,1,0
4054,2,1,1,0
4055,1,1,1,0
4056,3,1,1,0
4057,1,1,1,0
4058,4,1,1,0
4059,3,1,1,0
4060,2,1,1,0
4061,1,1,1,0
4062,1,1,1,0
4063,3,1,1,0
4064,5,1,1,0
4065,4,1,1,0
4066,1,1,1,0
4067,3,1,1,0
4068,5,1,1,0
4069,6,1,1,0
4070,3,1,1,0
4071,3,1,1,0
4072,6,1,1,0
4073,7,1,1,0
4074,3,1,1,0
4075,4,1,1,0
4076,3,1,1,0
4077,8,1,1,0
4078,6,1,1,0
4079,1,1,1,0
4080,3,1,1,0
4081,5,1,1,0
4082,1,1,1,0
4083,2,1,1,0
4084,1,1,1,0
4085,1,1,1,0
4086,1,1,1,0
4087,4,1,1,0
4088,3,1,1,0
4089,4,1,1,0
4090,4,1,1,0
4091,5,1,1,0
4092,1,1,1,0
4093,2,1,1,0
4094,1,1,1,0
4095,5,1,1,0
4096,5,1,1,0
4097,3,1,1,0
4098,2,1,1,0
4099,2,1,1,0
4100,4,1,1,0
4101,1,1,1,0
4102,3,1,1,0
4103,2,1,1,0
4104,12,1,1,0
4105,4,1,1,0
4106,2,1,1,0
4107,7,1,1,0
4108,1,1,1,0
4109,1,1,1,0
4110,1,1,1,0
4111,1,1,1,0
4112,2,1,1,0
4113,2,1,1,0
4114,1,1,1,0
4115,2,1,1,0
4116,1,1,1,0
4117,1,1,1,0
4118,3,1,1,0
4119,2,1,1,0
4120,3,1,1,0
4121,6,1,1,0
4122,1,1,1,0
4123,3,1,1,0
4124,5,1,1,0
4125,3,1,1,0
4126,1,1,1,0
4127,1,1,1,0
4128,1,1,1,0
4129,2,1,1,0
4130,1,1,1,0
4131,2,1,1,0
4132,1,1,1,0
4133,3,1,1,0
4134,1,1,1,0
4135,1,1,1,0
4136,1,1,1,0
4137,6,1,1,0
4138,1,1,1,0
4139,6,1,1,0
4140,4,1,1,0
4141,2,1,1,0
4142,4,1,1,0
4143,3,1,1,0
4144,4,1,1,0
4145,3,1,1,0
4146,3,1,1,0
4147,2,1,1,0
4148,3,1,1,0
4149,5,1,1,0
4150,1,1,1,0
4151,1,1,1,0
4152,1,1,1,0
4153,5,1,1,0
4154,5,1,1,0
4155,1,1,1,0
4156,4,1,1,0
4157,7,1,1,0
4158,3,1,1,0
4159,2,1,1,0
4160,5,1,1,0
4161,1,1,1,0
4162,6,1,1,0
4163,3,1,1,0
4164,11,1,1,0
4165,2,1,1,0
4166,1,1,1,0
4167,5,1,1,0
4168,9,1,1,0
4169,1,1,1,0
4170,2,1,1,0
4171,6,1,1,0
4172,13,1,1,0
4173,4,1,1,0
4174,1,1,1,0
4175,1,1,1,0
4176,9,1,1,0
4177,11,1,1,0
4178,2,1,1,0
4179,1,1,1,0
4180,1,1,1,0
4181,2,1,1,0
4182,2,1,1,0
4183,1,1,1,0
4184,1,1,1,0
4185,1,1,1,0
4186,2,1,1,0
4187,1,1,1,0
4188,8,1,1,0
4189,2,1,1,0
4190,4,1,1,0
4191,4,1,1,0
4192,6,1,1,0
4193,1,1,1,0
4194,3,1,1,0
4195,2,1,1,0
4196,10,1,1,0
4197,3,1,1,0
4198,2,1,1,0
4199,2,1,1,0
4200,5,1,1,0
4201,5,1,1,0
4202,3,1,1,0
4203,8,1,1,0
4204,3,1,1,0
4205,3,1,1,0
4206,1,1,1,0
4207,5,1,1,0
4208,3,1,1,0
4209,4,1,1,0
4210,2,1,1,0
4211,5,1,1,0
4212,1,1,1,0
4213,10,1,1,0
4214,3,1,1,0
4215,6,1,1,0
4216,2,1,1,0
4217,5,1,1,0
4218,2,1,1,0
4219,7,1,1,0
4220,3,1,1,0
4221,1,1,1,0
4222,7,1,1,0
4223,4,1,1,0
4224,7,1,1,0
4225,2,1,1,0
4226,2,1,1,0
4227,4,1,1,0
4228,2,1,1,0
4229,8,1,1,0
4230,12,1,1,0
4231,2,1,1,0
4232,5,1,1,0
4233,2,1,1,0
4234,5,1,1,0
4235,5,1,1,0
4236,2,1,1,0
4237,2,1,1,0
4238,1,1,1,0
4239,2,1,1,0
4240,1,1,1,0
4241,6,1,1,0
4242,1,1,1,0
4243,3,1,1,0
4244,1,1,1,0
4245,4,1,1,0
4246,1,1,1,0
4247,3,1,1,0
4248,3,1,1,0
4249,1,1,1,0
4250,1,1,1,0
4251,1,1,1,0
4252,1,1,1,0
4253,5,1,1,0
4254,1,1,1,0
4255,3,1,1,0
4256,1,1,1,0
4257,4,1,1,0
4258,1,1,1,0
4259,5,1,1,0
4260,4,1,1,0
4261,12,1,1,0
4262,2,1,1,0
4263,1,1,1,0
4264,1,1,1,0
4265,2,1,1,0
4266,7,1,1,0
4267,1,1,1,0
4268,2,1,1,0
4269,6,1,1,0
4270,2,1,1,0
4271,4,1,1,0
4272,1,1,1,0
4273,11,1,1,0
4274,6,1,1,0
4275,4,1,1,0
4276,4,1,1,0
4277,1,1,1,0
4278,2,1,1,0
4279,7,1,1,0
4280,8,1,1,0
4281,8,1,1,0
4282,3,1,1,0
4283,3,1,1,0
4284,1,1,1,0
4285,2,1,1,0
4286,3,1,1,0
4287,3,1,1,0
4288,2,1,1,0
4289,2,1,1,0
4290,6,1,1,0
4291,2,1,1,0
4292,2,1,1,0
4293,4,1,1,0
4294,1,1,1,0
4295,2,1,1,0
4296,2,1,1,0
4297,5,1,1,0
4298,2,1,1,0
4299,1,1,1,0
4300,3,1,1,0
4301,3,1,1,0
4302,3,1,1,0
4303,1,1,1,0
4304,4,1,1,0
4305,5,1,1,0
4306,2,1,1,0
4307,1,1,1,0
4308,3,1,1,0
4309,4,1,1,0
4310,1,1,1,0
4311,5,1,1,0
4312,1,1,1,0
4313,1,1,1,0
4314,4,1,1,0
4315,1,1,1,0
4316,1,1,1,0
4317,2,1,1,0
4318,2,1,1,0
4319,1,1,1,0
4320,3,1,1,0
4321,2,1,1,0
4322,2,1,1,0
4323,1,1,1,0
4324,1,1,1,0
4325,2,1,1,0
4326,10,1,1,0
4327,3,1,1,0
4328,6,1,1,0
4329,1,1,1,0
4330,5,1,1,0
4331,5,1,1,0
4332,2,1,1,0
4333,1,1,1,0
4334,2,1,1,0
4335,3,1,1,0
4336,6,1,1,0
4337,1,1,1,0
4338,1,1,1,0
4339,1,1,1,0
4340,7,1,1,0
4341,1,1,1,0
4342,1,1,1,0
4343,3,1,1,0
4344,7,1,1,0
4345,5,1,1,0
4346,11,1,1,0
4347,5,1,1,0
4348,5,1,1,0
4349,3,1,1,0
4350,7,1,1,0
4351,3,1,1,0
4352,3,1,1,0
4353,1,1,1,0
4354,1,1,1,0
4355,1,1,1,0
4356,2,1,1,0
4357,3,1,1,0
4358,1,1,1,0
4359,7,1,1,0
4360,2,1,1,0
4361,2,1,1,0
4362,9,1,1,0
4363,5,1,1,0
4364,3,1,1,0
4365,2,1,1,0
4366,1,1,1,0
4367,3,1,1,0
4368,6,1,1,0
4369,2,1,1,0
4370,4,1,1,0
4371,1,1,1,0
4372,2,1,1,0
4373,6,1,1,0
4374,3,1,1,0
4375,4,1,1,0
4376,4,1,1,0
4377,6,1,1,0
4378,2,1,1,0
4379,4,1,1,0
4380,9,1,1,0
4381,2,1,1,0
4382,1,1,1,0
4383,1,1,1,0
4384,3,1,1,0
4385,4,1,1,0
4386,2,1,1,0
4387,3,1,1,0
4388,5,1,1,0
4389,6,1,1,0
4390,2,1,1,0
4391,3,1,1,0
4392,2,1,1,0
4393,1,1,1,0
4394,5,1,1,0
4395,10,1,1,0
4396,4,1,1,0
4397,5,1,1,0
4398,11,1,1,0
4399,1,1,1,0
4400,6,1,1,0
4401,3,1,1,0
4402,1,1,1,0
4403,7,1,1,0
4404,1,1,1,0
4405,6,1,1,0
4406,1,1,1,0
4407,1,1,1,0
4408,4,1,1,0
4409,4,1,1,0
4410,2,1,1,0
4411,2,1,1,0
4412,1,1,1,0
4413,10,1,1,0
4414,7,1,1,0
4415,2,1,1,0
4416,1,1,1,0
4417,1,1,1,0
4418,5,1,1,0
4419,7,1,1,0
4420,1,1,1,0
4421,3,1,1,0
4422,3,1,1,0
4423,7,1,1,0
4424,2,1,1,0
4425,4,1,1,0
4426,5,1,1,0
4427,1,1,1,0
4428,1,1,1,0
4429,1,1,1,0
4430,3,1,1,0
4431,1,1,1,0
4432,6,1,1,0
4433,1,1,1,0
4434,1,1,1,0
4435,1,1,1,0
4436,5,1,1,0
4437,7,1,1,0
4438,3,1,1,0
4439,5,1,1,0
4440,7,1,1,0
4441,2,1,1,0
4442,2,1,1,0
4443,4,1,1,0
4444,3,1,1,0
4445,1,1,1,0
4446,1,1,1,0
4447,1,1,1,0
4448,4,1,1,0
4449,3,1,1,0
4450,1,1,1,0
4451,2,1,1,0
4452,3,1,1,0
4453,3,1,1,0
4454,7,1,1,0
4455,5,1,1,0
4456,1,1,1,0
4457,2,1,1,0
4458,13,1,1,0
4459,2,1,1,0
4460,7,1,1,0
4461,3,1,1,0
4462,1,1,1,0
4463,4,1,1,0
4464,2,1,1,0
4465,8,1,1,0
4466,1,1,1,0
4467,4,1,1,0
4468,6,1,1,0
4469,5,1,1,0
4470,2,1,1,0
4471,2,1,1,0
4472,4,1,1,0
4473,12,1,1,0
4474,2,1,1,0
4475,6,1,1,0
4476,7,1,1,0
4477,1,1,1,0
4478,1,1,1,0
4479,5,1,1,0
4480,7,1,1,0
4481,2,1,1,0
4482,6,1,1,0
4483,3,1,1,0
4484,8,1,1,0
4485,6,1,1,0
4486,3,1,1,0
4487,10,1,1,0
4488,3,1,1,0
4489,2,1,1,0
4490,2,1,1,0
4491,5,1,1,0
4492,2,1,1,0
4493,2,1,1,0
4494,7,1,1,0
4495,2,1,1,0
4496,1,1,1,0
4497,3,1,1,0
4498,1,1,1,0
4499,3,1,1,0
4500,2,1,1,0
4501,3,1,1,0
4502,2,1,1,0
4503,3,1,1,0
4504,1,1,1,0
4505,1,1,1,0
4506,1,1,1,0
4507,3,1,1,0
4508,8,1,1,0
4509,6,1,1,0
4510,5,1,1,0
4511,5,1,1,0
4512,2,1,1,0
4513,2,1,1,0
4514,1,1,1,0
4515,3,1,1,0
4516,8,1,1,0
4517,3,1,1,0
4518,4,1,1,0
4519,2,1,1,0
4520,1,1,1,0
4521,1,1,1,0
4522,1,1,1,0
4523,2,1,1,0
4524,1,1,1,0
4525,7,1,1,0
4526,3,1,1,0
4527,4,1,1,0
4528,6,1,1,0
4529,3,1,1,0
4530,1,1,1,0
4531,1,1,1,0
4532,1,1,1,0
4533,3,1,1,0
4534,2,1,1,0
4535,3,1,1,0
4536,4,1,1,0
4537,2,1,1,0
4538,6,1,1,0
4539,3,1,1,0
4540,1,1,1,0
4541,8,1,1,0
4542,1,1,1,0
4543,3,1,1,0
4544,8,1,1,0
4545,1,1,1,0
4546,9,1,1,0
4547,5,1,1,0
4548,3,1,1,0
4549,4,1,1,0
4550,3,1,1,0
4551,9,1,1,0
4552,4,1,1,0
4553,1,1,1,0
4554,3,1,1,0
4555,8,1,1,0
4556,1,1,1,0
4557,1,1,1,0
4558,4,1,1,0
4559,3,1,1,0
4560,3,1,1,0
4561,1,1,1,0
4562,1,1,1,0
4563,3,1,1,0
4564,4,1,1,0
4565,4,1,1,0
4566,5,1,1,0
4567,4,1,1,0
4568,3,1,1,0
4569,2,1,1,0
4570,2,1,1,0
4571,8,1,1,0
4572,6,1,1,0
4573,2,1,1,0
4574,1,1,1,0
4575,4,1,1,0
4576,2,1,1,0
4577,1,1,1,0
4578,6,1,1,0
4579,2,1,1,0
4580,2,1,1,0
4581,11,1,1,0
4582,2,1,1,0
4583,10,1,1,0
4584,2,1,1,0
4585,3,1,1,0
4586,1,1,1,0
4587,1,1,1,0
4588,1,1,1,0
4589,6,1,1,0
4590,3,1,1,0
4591,6,1,1,0
4592,5,1,1,0
4593,3,1,1,0
4594,7,1,1,0
4595,1,1,1,0
4596,8,1,1,0
4597,4,1,1,0
4598,1,1,1,0
4599,1,1,1,0
4600,1,1,1,0
4601,4,1,1,0
4602,2,1,1,0
4603,1,1,1,0
4604,3,1,1,0
4605,4,1,1,0
4606,2,1,1,0
4607,3,1,1,0
4608,1,1,1,0
4609,4,1,1,0
4610,1,1,1,0
4611,5,1,1,0
4612,3,1,1,0
4613,2,1,1,0
4614,3,1,1,0
4615,3,1,1,0
4616,5,1,1,0
4617,2,1,1,0
4618,5,1,1,0
4619,2,1,1,0
4620,1,1,1,0
4621,5,1,1,0
4622,1,1,1,0
4623,3,1,1,0
4624,5,1,1,0
4625,5,1,1,0
4626,15,1,1,0
4627,1,1,1,0
4628,2,1,1,0
4629,11,1,1,0
4630,4,1,1,0
4631,3,1,1,0
4632,1,1,1,0
4633,1,1,1,0
4634,1,1,1,0
4635,1,1,1,0
4636,3,1,1,0
4637,3,1,1,0
4638,1,1,1,0
4639,7,1,1,0
4640,1,1,1,0
4641,8,1,1,0
4642,1,1,1,0
4643,1,1,1,0
4644,6,1,1,0
4645,2,1,1,0
4646,2,1,1,0
4647,12,1,1,0
4648,3,1,1,0
4649,1,1,1,0
4650,1,1,1,0
4651,1,1,1,0
4652,3,1,1,0
4653,2,1,1,0
4654,5,1,1,0
4655,1,1,1,0
4656,2,1,1,0
4657,1,1,1,0
4658,4,1,1,0
4659,4,1,1,0
4660,2,1,1,0
4661,1,1,1,0
4662,8,1,1,0
4663,5,1,1,0
4664,4,1,1,0
4665,2,1,1,0
4666,8,1,1,0
4667,1,1,1,0
4668,1,1,1,0
4669,3,1,1,0
4670,1,1,1,0
4671,4,1,1,0
4672,5,1,1,0
4673,2,1,1,0
4674,1,1,1,0
4675,5,1,1,0
4676,4,1,1,0
4677,1,1,1,0
4678,6,1,1,0
4679,1,1,1,0
4680,2,1,1,0
4681,3,1,1,0
4682,1,1,1,0
4683,5,1,1,0
4684,3,1,1,0
4685,2,1,1,0
4686,6,1,1,0
4687,1,1,1,0
4688,4,1,1,0
4689,5,1,1,0
4690,3,1,1,0
4691,1,1,1,0
4692,2,1,1,0
4693,1,1,1,0
4694,2,1,1,0
4695,1,1,1,0
4696,1,1,1,0
4697,2,1,1,0
4698,1,1,1,0
4699,7,1,1,0
4700,4,1,1,0
4701,11,1,1,0
4702,1,1,1,0
4703,1,1,1,0
4704,3,1,1,0
4705,8,1,1,0
4706,6,1,1,0
4707,4,1,1,0
4708,2,1,1,0
4709,5,1,1,0
4710,1,1,1,0
4711,7,1,1,0
4712,6,1,1,0
4713,2,1,1,0
4714,3,1,1,0
4715,3,1,1,0
4716,6,1,1,0
4717,1,1,1,0
4718,4,1,1,0
4719,1,1,1,0
4720,1,1,1,0
4721,10,1,1,0
4722,5,1,1,0
4723,5,1,1,0
4724,2,1,1,0
4725,4,1,1,0
4726,2,1,1,0
4727,4,1,1,0
4728,9,1,1,0
4729,4,1,1,0
4730,3,1,1,0
4731,3,1,1,0
4732,4,1,1,0
4733,3,1,1,0
4734,7,1,1,0
4735,5,1,1,0
4736,2,1,1,0
4737,4,1,1,0
4738,2,1,1,0
4739,4,1,1,0
4740,3,1,1,0
4741,1,1,1,0
4742,1,1,1,0
4743,4,1,1,0
4744,1,1,1,0
4745,4,1,1,0
4746,2,1,1,0
4747,4,1,1,0
4748,7,1,1,0
4749,7,1,1,0
4750,9,1,1,0
4751,1,1,1,0
4752,6,1,1,0
4753,1,1,1,0
4754,5,1,1,0
4755,6,1,1,0
4756,2,1,1,0
4757,5,1,1,0
4758,3,1,1,0
4759,2,1,1,0
4760,1,1,1,0
4761,3,1,1,0
4762,1,1,1,0
4763,2,1,1,0
4764,1,1,1,0
4765,1,1,1,0
4766,5,1,1,0
4767,2,1,1,0
4768,2,1,1,0
4769,1,1,1,0
4770,1,1,1,0
4771,1,1,1,0
4772,2,1,1,0
4773,3,1,1,0
4774,2,1,1,0
4775,4,1,1,0
4776,2,1,1,0
4777,7,1,1,0
4778,1,1,1,0
4779,4,1,1,0
4780,3,1,1,0
4781,3,1,1,0
4782,1,1,1,0
4783,1,1,1,0
4784,7,1,1,0
4785,1,1,1,0
4786,10,1,1,0
4787,1,1,1,0
4788,7,1,1,0
4789,2,1,1,0
4790,2,1,1,0
4791,2,1,1,0
4792,6,1,1,0
4793,8,1,1,0
4794,2,1,1,0
4795,6,1,1,0
4796,1,1,1,0
4797,3,1,1,0
4798,6,1,1,0
4799,5,1,1,0
4800,4,1,1,0
4801,3,1,1,0
4802,7,1,1,0
4803,2,1,1,0
4804,6,1,1,0
4805,4,1,1,0
4806,5,1,1,0
4807,4,1,1,0
4808,1,1,1,0
4809,4,1,1,0
4810,4,1,1,0
4811,2,1,1,0
4812,5,1,1,0
4813,10,1,1,0
4814,8,1,1,0
4815,10,1,1,0
4816,9,1,1,0
4817,5,1,1,0
4818,5,1,1,0
4819,1,1,1,0
4820,5,1,1,0
4821,3,1,1,0
4822,2,1,1,0
4823,3,1,1,0
4824,7,1,1,0
4825,7,1,1,0
4826,4,1,1,0
4827,6,1,1,0
4828,7,1,1,0
4829,7,1,1,0
4830,6,1,1,0
4831,2,1,1,0
4832,1,1,1,0
4833,10,1,1,0
4834,2,1,1,0
4835,3,1,1,0
4836,2,1,1,0
4837,1,1,1,0
4838,6,1,1,0
4839,2,1,1,0
4840,9,1,1,0
4841,7,1,1,0
4842,1,1,1,0
4843,1,1,1,0
4844,1,1,1,0
4845,4,1,1,0
4846,8,1,1,0
4847,3,1,1,0
4848,1,1,1,0
4849,7,1,1,0
4850,2,1,1,0
4851,8,1,1,0
4852,1,1,1,0
4853,5,1,1,0
4854,5,1,1,0
4855,3,1,1,0
4856,5,1,1,0
4857,1,1,1,0
4858,1,1,1,0
4859,1,1,1,0
4860,4,1,1,0
4861,1,1,1,0
4862,3,1,1,0
4863,6,1,1,0
4864,1,1,1,0
4865,4,1,1,0
4866,1,1,1,0
4867,7,1,1,0
4868,1,1,1,0
4869,5,1,1,0
4870,2,1,1,0
4871,4,1,1,0
4872,1,1,1,0
4873,4,1,1,0
4874,9,1,1,0
4875,5,1,1,0
4876,7,1,1,0
4877,8,1,1,0
4878,1,1,1,0
4879,2,1,1,0
4880,6,1,1,0
4881,8,1,1,0
4882,6,1,1,0
4883,3,1,1,0
4884,2,1,1,0
4885,1,1,1,0
4886,5,1,1,0
4887,2,1,1,0
4888,2,1,1,0
4889,4,1,1,0
4890,1,1,1,0
4891,4,1,1,0
4892,3,1,1,0
4893,8,1,1,0
4894,4,1,1,0
4895,1,1,1,0
4896,1,1,1,0
4897,2,1,1,0
4898,3,1,1,0
4899,1,1,1,0
4900,2,1,1,0
4901,1,1,1,0
4902,3,1,1,0
4903,2,1,1,0
4904,9,1,1,0
4905,7,1,1,0
4906,5,1,1,0
4907,2,1,1,0
4908,1,1,1,0
4909,5,1,1,0
4910,5,1,1,0
4911,1,1,1,0
4912,1,1,1,0
4913,4,1,1,0
4914,11,1,1,0
4915,4,1,1,0
4916,1,1,1,0
4917,1,1,1,0
4918,5,1,1,0
4919,2,1,1,0
4920,2,1,1,0
4921,9,1,1,0
4922,8,1,1,0
4923,1,1,1,0
4924,1,1,1,0
4925,1,1,1,0
4926,7,1,1,0
4927,6,1,1,0
4928,2,1,1,0
4929,3,1,1,0
4930,11,1,1,0
4931,10,1,1,0
4932,2,1,1,0
4933,1,1,1,0
4934,1,1,1,0
4935,2,1,1,0
4936,7,1,1,0
4937,1,1,1,0
4938,8,1,1,0
4939,1,1,1,0
4940,1,1,1,0
4941,1,1,1,0
4942,1,1,1,0
4943,1,1,1,0
4944,3,1,1,0
4945,2,1,1,0
4946,4,1,1,0
4947,3,1,1,0
4948,1,1,1,0
4949,1,1,1,0
4950,4,1,1,0
4951,7,1,1,0
4952,4,1,1,0
4953,8,1,1,0
4954,3,1,1,0
4955,11,1,1,0
4956,2,1,1,0
4957,8,1,1,0
4958,2,1,1,0
4959,4,1,1,0
4960,4,1,1,0
4961,3,1,1,0
4962,10,1,1,0
4963,3,1,1,0
4964,1,1,1,0
4965,3,1,1,0
4966,2,1,1,0
4967,3,1,1,0
4968,4,1,1,0
4969,2,1,1,0
4970,1,1,1,0
4971,2,1,1,0
4972,2,1,1,0
4973,1,1,1,0
4974,3,1,1,0
4975,1,1,1,0
4976,11,1,1,0
4977,3,1,1,0
4978,6,1,1,0
4979,1,1,1,0
4980,1,1,1,0
4981,2,1,1,0
4982,2,1,1,0
4983,3,1,1,0
4984,5,1,1,0
4985,7,1,1,0
4986,2,1,1,0
4987,3,1,1,0
4988,5,1,1,0
4989,1,1,1,0
4990,9,1,1,0
4991,2,1,1,0
4992,2,1,1,0
4993,8,1,1,0
4994,1,1,1,0
4995,3,1,1,0
4996,3,1,1,0
4997,7,1,1,0
4998,5,1,1,0
4999,8,1,1,0
5000,1,1,1,0
5001,1,1,1,0
5002,9,1,1,0
5003,2,1,1,0
5004,3,1,1,0
5005,5,1,1,0
5006,6,1,1,0
5007,4,1,1,0
5008,1,1,1,0
5009,2,1,1,0
5010,2,1,1,0
5011,4,1,1,0
5012,2,1,1,0
5013,3,1,1,0
5014,2,1,1,0
5015,7,1,1,0
5016,4,1,1,0
5017,4,1,1,0
5018,3,1,1,0
5019,5,1,1,0
5020,1,1,1,0
5021,2,1,1,0
5022,2,1,1,0
5023,14,1,1,0
5024,5,1,1,0
5025,1,1,1,0
5026,1,1,1,0
5027,3,1,1,0
5028,7,1,1,0
5029,2,1,1,0
5030,3,1,1,0
5031,2,1,1,0
5032,1,1,1,0
5033,5,1,1,0
5034,1,1,1,0
5035,1,1,1,0
5036,5,1,1,0
5037,3,1,1,0
5038,1,1,1,0
5039,3,1,1,0
5040,3,1,1,0
5041,2,1,1,0
5042,9,1,1,0
5043,3,1,1,0
5044,1,1,1,0
5045,2,1,1,0
5046,2,1,1,0
5047,8,1,1,0
5048,2,1,1,0
5049,4,1,1,0
5050,5,1,1,0
5051,13,1,1,0
5052,2,1,1,0
5053,4,1,1,0
5054,16,1,1,0
5055,3,1,1,0
5056,1,1,1,0
5057,1,1,1,0
5058,3,1,1,0
5059,6,1,1,0
5060,9,1,1,0
5061,1,1,1,0
5062,1,1,1,0
5063,4,1,1,0
5064,4,1,1,0
5065,2,1,1,0
5066,9,1,1,0
5067,3,1,1,0
5068,1,1,1,0
5069,1,1,1,0
5070,1,1,1,0
5071,1,1,1,0
5072,2,1,1,0
5073,4,1,1,0
5074,1,1,1,0
5075,1,1,1,0
5076,1,1,1,0
5077,2,1,1,0
5078,2,1,1,0
5079,3,1,1,0
5080,3,1,1,0
5081,3,1,1,0
5082,1,1,1,0
5083,4,1,1,0
5084,1,1,1,0
5085,11,1,1,0
5086,1,1,1,0
5087,5,1,1,0
5088,1,1,1,0
5089,7,1,1,0
5090,4,1,1,0
5091,7,1,1,0
5092,3,1,1,0
5093,1,1,1,0
5094,2,1,1,0
5095,3,1,1,0
5096,1,1,1,0
5097,1,1,1,0
5098,2,1,1,0
5099,8,1,1,0
5100,4,1,1,0
5101,8,1,1,0
5102,4,1,1,0
5103,6,1,1,0
5104,7,1,1,0
5105,1,1,1,0
5106,8,1,1,0
5107,4,1,1,0
5108,3,1,1,0
5109,3,1,1,0
5110,2,1,1,0
5111,1,1,1,0
5112,1,1,1,0
5113,2,1,1,0
5114,6,1,1,0
5115,6,1,1,0
5116,10,1,1,0
5117,1,1,1,0
5118,2,1,1,0
5119,1,1,1,0
5120,11,1,1,0
5121,1,1,1,0
5122,1,1,1,0
5123,4,1,1,0
5124,3,1,1,0
5125,2,1,1,0
5126,6,1,1,0
5127,7,1,1,0
5128,1,1,1,0
5129,4,1,1,0
5130,6,1,1,0
5131,2,1,1,0
5132,1,1,1,0
5133,2,1,1,0
5134,1,1,1,0
5135,5,1,1,0
5136,11,1,1,0
5137,4,1,1,0
5138,1,1,1,0
5139,5,1,1,0
5140,8,1,1,0
5141,1,1,1,0
5142,2,1,1,0
5143,3,1,1,0
5144,7,1,1,0
5145,4,1,1,0
5146,3,1,1,0
5147,4,1,1,0
5148,4,1,1,0
5149,4,1,1,0
5150,7,1,1,0
5151,3,1,1,0
5152,3,1,1,0
5153,1,1,1,0
5154,1,1,1,0
5155,2,1,1,0
5156,1,1,1,0
5157,2,1,1,0
5158,4,1,1,0
5159,2,1,1,0
5160,1,1,1,0
5161,1,1,1,0
5162,4,1,1,0
5163,1,1,1,0
5164,6,1,1,0
5165,1,1,1,0
5166,5,1,1,0
5167,2,1,1,0
5168,10,1,1,0
5169,1,1,1,0
5170,1,1,1,0
5171,4,1,1,0
5172,4,1,1,0
5173,2,1,1,0
5174,6,1,1,0
5175,1,1,1,0
5176,2,1,1,0
5177,1,1,1,0
5178,9,1,1,0
5179,1,1,1,0
5180,1,1,1,0
5181,1,1,1,0
5182,1,1,1,0
5183,1,1,1,0
5184,4,1,1,0
5185,5,1,1,0
5186,2,1,1,0
5187,4,1,1,0
5188,2,1,1,0
5189,1,1,1,0
5190,4,1,1,0
5191,5,1,1,0
5192,2,1,1,0
5193,2,1,1,0
5194,1,1,1,0
5195,1,1,1,0
5196,4,1,1,0
5197,3,1,1,0
5198,1,1,1,0
5199,5,1,1,0
5200,2,1,1,0
5201,1,1,1,0
5202,3,1,1,0
5203,8,1,1,0
5204,3,1,1,0
5205,4,1,1,0
5206,2,1,1,0
5207,2,1,1,0
5208,1,1,1,0
5209,2,1,1,0
5210,2,1,1,0
5211,3,1,1,0
5212,1,1,1,0
5213,1,1,1,0
5214,6,1,1,0
5215,2,1,1,0
5216,5,1,1,0
5217,3,1,1,0
5218,3,1,1,0
5219,6,1,1,0
5220,1,1,1,0
5221,2,1,1,0
5222,2,1,1,0
5223,1,1,1,0
5224,2,1,1,0
5225,7,1,1,0
5226,3,1,1,0
5227,9,1,1,0
5228,2,1,1,0
5229,7,1,1,0
5230,1,1,1,0
5231,2,1,1,0
5232,6,1,1,0
5233,3,1,1,0
5234,4,1,1,0
5235,3,1,1,0
5236,2,1,1,0
5237,6,1,1,0
5238,2,1,1,0
5239,3,1,1,0
5240,1,1,1,0
5241,2,1,1,0
5242,3,1,1,0
5243,1,1,1,0
5244,4,1,1,0
5245,4,1,1,0
5246,4,1,1,0
5247,1,1,1,0
5248,4,1,1,0
5249,3,1,1,0
5250,3,1,1,0
5251,8,1,1,0
5252,1,1,1,0
5253,1,1,1,0
5254,7,1,1,0
5255,1,1,1,0
5256,2,1,1,0
5257,4,1,1,0
5258,2,1,1,0
5259,2,1,1,0
5260,4,1,1,0
5261,1,1,1,0
5262,4,1,1,0
5263,4,1,1,0
5264,3,1,1,0
5265,5,1,1,0
5266,2,1,1,0
5267,2,1,1,0
5268,3,1,1,0
5269,3,1,1,0
5270,3,1,1,0
5271,2,1,1,0
5272,2,1,1,0
5273,4,1,1,0
5274,4,1,1,0
5275,4,1,1,0
5276,3,1,1,0
5277,1,1,1,0
5278,4,1,1,0
5279,7,1,1,0
5280,3,1,1,0
5281,8,1,1,0
5282,1,1,1,0
5283,4,1,1,0
5284,6,1,1,0
5285,5,1,1,0
5286,1,1,1,0
5287,10,1,1,0
5288,2,1,1,0
5289,1,1,1,0
5290,2,1,1,0
5291,9,1,1,0
5292,1,1,1,0
5293,1,1,1,0
5294,1,1,1,0
5295,3,1,1,0
5296,3,1,1,0
5297,1,1,1,0
5298,3,1,1,0
5299,1,1,1,0
5300,1,1,1,0
5301,3,1,1,0
5302,10,1,1,0
5303,1,1,1,0
5304,3,1,1,0
5305,4,1,1,0
5306,4,1,1,0
5307,3,1,1,0
5308,3,1,1,0
5309,2,1,1,0
5310,2,1,1,0
5311,7,1,1,0
5312,1,1,1,0
5313,4,1,1,0
5314,1,1,1,0
5315,1,1,1,0
5316,1,1,1,0
5317,1,1,1,0
5318,2,1,1,0
5319,3,1,1,0
5320,2,1,1,0
5321,1,1,1,0
5322,3,1,1,0
5323,2,1,1,0
5324,5,1,1,0
5325,1,1,1,0
5326,1,1,1,0
5327,1,1,1,0
5328,1,1,1,0
5329,1,1,1,0
5330,4,1,1,0
5331,6,1,1,0
5332,8,1,1,0
5333,2,1,1,0
5334,6,1,1,0
5335,6,1,1,0
5336,7,1,1,0
5337,5,1,1,0
5338,3,1,1,0
5339,2,1,1,0
5340,4,1,1,0
5341,3,1,1,0
5342,1,1,1,0
5343,3,1,1,0
5344,12,1,1,0
5345,1,1,1,0
5346,3,1,1,0
5347,5,1,1,0
5348,11,1,1,0
5349,3,1,1,0
5350,4,1,1,0
5351,8,1,1,0
5352,1,1,1,0
5353,3,1,1,0
5354,2,1,1,0
5355,6,1,1,0
5356,1,1,1,0
5357,2,1,1,0
5358,6,1,1,0
5359,1,1,1,0
5360,3,1,1,0
5361,10,1,1,0
5362,5,1,1,0
5363,7,1,1,0
5364,7,1,1,0
5365,7,1,1,0
5366,8,1,1,0
5367,7,1,1,0
5368,2,1,1,0
5369,1,1,1,0
5370,1,1,1,0
5371,3,1,1,0
5372,6,1,1,0
5373,14,1,1,0
5374,6,1,1,0
5375,3,1,1,0
5376,5,1,1,0
5377,5,1,1,0
5378,1,1,1,0
5379,2,1,1,0
5380,8,1,1,0
5381,4,1,1,0
5382,1,1,1,0
5383,5,1,1,0
5384,3,1,1,0
5385,4,1,1,0
5386,4,1,1,0
5387,2,1,1,0
5388,1,1,1,0
5389,1,1,1,0
5390,3,1,1,0
5391,6,1,1,0
5392,1,1,1,0
5393,1,1,1,0
5394,2,1,1,0
5395,5,1,1,0
5396,1,1,1,0
5397,6,1,1,0
5398,7,1,1,0
5399,1,1,1,0
5400,6,1,1,0
5401,1,1,1,0
5402,5,1,1,0
5403,4,1,1,0
5404,2,1,1,0
5405,2,1,1,0
5406,4,1,1,0
5407,1,1,1,0
5408,5,1,1,0
5409,3,1,1,0
5410,1,1,1,0
5411,2,1,1,0
5412,4,1,1,0
5413,2,1,1,0
5414,2,1,1,0
5415,15,1,1,0
5416,4,1,1,0
5417,5,1,1,0
5418,2,1,1,0
5419,6,1,1,0
5420,6,1,1,0
5421,4,1,1,0
5422,3,1,1,0
5423,3,1,1,0
5424,2,1,1,0
5425,4,1,1,0
5426,3,1,1,0
5427,2,1,1,0
5428,3,1,1,0
5429,2,1,1,0
5430,1,1,1,0
5431,1,1,1,0
5432,2,1,1,0
5433,1,1,1,0
5434,3,1,1,0
5435,3,1,1,0
5436,2,1,1,0
5437,3,1,1,0
5438,2,1,1,0
5439,1,1,1,0
5440,1,1,1,0
5441,1,1,1,0
5442,1,1,1,0
5443,5,1,1,0
5444,6,1,1,0
5445,4,1,1,0
5446,4,1,1,0
5447,2,1,1,0
5448,4,1,1,0
5449,1,1,1,0
5450,3,1,1,0
5451,3,1,1,0
5452,7,1,1,0
5453,2,1,1,0
5454,3,1,1,0
5455,5,1,1,0
5456,9,1,1,0
5457,2,1,1,0
5458,7,1,1,0
5459,16,1,1,0
5460,3,1,1,0
5461,1,1,1,0
5462,2,1,1,0
5463,2,1,1,0
5464,1,1,1,0
5465,2,1,1,0
5466,6,1,1,0
5467,1,1,1,0
5468,1,1,1,0
5469,1,1,1,0
5470,2,1,1,0
5471,7,1,1,0
5472,4,1,1,0
5473,1,1,1,0
5474,3,1,1,0
5475,1,1,1,0
5476,1,1,1,0
5477,1,1,1,0
5478,3,1,1,0
5479,4,1,1,0
5480,4,1,1,0
5481,2,1,1,0
5482,4,1,1,0
5483,1,1,1,0
5484,4,1,1,0
5485,8,1,1,0
5486,9,1,1,0
5487,1,1,1,0
5488,8,1,1,0
5489,2,1,1,0
5490,3,1,1,0
5491,5,1,1,0
5492,7,1,1,0
5493,1,1,1,0
5494,5,1,1,0
5495,1,1,1,0
5496,3,1,1,0
5497,5,1,1,0
5498,1,1,1,0
5499,5,1,1,0
5500,3,1,1,0
5501,11,1,1,0
5502,5,1,1,0
5503,1,1,1,0
5504,2,1,1,0
5505,6,1,1,0
5506,2,1,1,0
5507,4,1,1,0
5508,3,1,1,0
5509,5,1,1,0
5510,8,1,1,0
5511,1,1,1,0
5512,3,1,1,0
5513,2,1,1,0
5514,3,1,1,0
5515,1,1,1,0
5516,1,1,1,0
5517,2,1,1,0
5518,4,1,1,0
5519,2,1,1,0
5520,5,1,1,0
5521,4,1,1,0
5522,1,1,1,0
5523,3,1,1,0
5524,1,1,1,0
5525,3,1,1,0
5526,14,1,1,0
5527,2,1,1,0
5528,1,1,1,0
5529,2,1,1,0
5530,6,1,1,0
5531,2,1,1,0
5532,1,1,1,0
5533,1,1,1,0
5534,1,1,1,0
5535,7,1,1,0
5536,3,1,1,0
5537,6,1,1,0
5538,5,1,1,0
5539,1,1,1,0
5540,4,1,1,0
5541,3,1,1,0
5542,1,1,1,0
5543,2,1,1,0
5544,3,1,1,0
5545,4,1,1,0
5546,3,1,1,0
5547,1,1,1,0
5548,3,1,1,0
5549,1,1,1,0
5550,1,1,1,0
5551,2,1,1,0
5552,4,1,1,0
5553,2,1,1,0
5554,3,1,1,0
5555,3,1,1,0
5556,1,1,1,0
5557,6,1,1,0
5558,4,1,1,0
5559,2,1,1,0
5560,4,1,1,0
5561,1,1,1,0
5562,1,1,1,0
5563,6,1,1,0
5564,6,1,1,0
5565,1,1,1,0
5566,1,1,1,0
5567,1,1,1,0
5568,1,1,1,0
5569,3,1,1,0
5570,5,1,1,0
5571,1,1,1,0
5572,2,1,1,0
5573,1,1,1,0
5574,2,1,1,0
5575,4,1,1,0
5576,4,1,1,0
5577,3,1,1,0
5578,2,1,1,0
5579,1,1,1,0
5580,8,1,1,0
5581,5,1,1,0
5582,2,1,1,0
5583,2,1,1,0
5584,1,1,1,0
5585,1,1,1,0
5586,5,1,1,0
5587,2,1,1,0
5588,3,1,1,0
5589,1,1,1,0
5590,5,1,1,0
5591,3,1,1,0
5592,2,1,1,0
5593,1,1,1,0
5594,8,1,1,0
5595,2,1,1,0
5596,3,1,1,0
5597,2,1,1,0
5598,10,1,1,0
5599,1,1,1,0
5600,2,1,1,0
5601,4,1,1,0
5602,1,1,1,0
5603,4,1,1,0
5604,1,1,1,0
5605,1,1,1,0
5606,5,1,1,0
5607,5,1,1,0
5608,5,1,1,0
5609,9,1,1,0
5610,4,1,1,0
5611,4,1,1,0
5612,2,1,1,0
5613,1,1,1,0
5614,3,1,1,0
5615,2,1,1,0
5616,3,1,1,0
5617,1,1,1,0
5618,3,1,1,0
5619,1,1,1,0
5620,2,1,1,0
5621,2,1,1,0
5622,1,1,1,0
5623,2,1,1,0
5624,14,1,1,0
5625,1,1,1,0
5626,5,1,1,0
5627,5,1,1,0
5628,10,1,1,0
5629,1,1,1,0
5630,4,1,1,0
5631,2,1,1,0
5632,1,1,1,0
5633,1,1,1,0
5634,1,1,1,0
5635,1,1,1,0
5636,1,1,1,0
5637,8,1,1,0
5638,1,1,1,0
5639,3,1,1,0
5640,6,1,1,0
5641,3,1,1,0
5642,5,1,1,0
5643,4,1,1,0
5644,8,1,1,0
5645,9,1,1,0
5646,5,1,1,0
5647,3,1,1,0
5648,2,1,1,0
5649,12,1,1,0
5650,5,1,1,0
5651,1,1,1,0
5652,4,1,1,0
5653,2,1,1,0
5654,1,1,1,0
5655,3,1,1,0
5656,4,1,1,0
5657,1,1,1,0
5658,7,1,1,0
5659,2,1,1,0
5660,5,1,1,0
5661,4,1,1,0
5662,3,1,1,0
5663,1,1,1,0
5664,6,1,1,0
5665,10,1,1,0
5666,3,1,1,0
5667,5,1,1,0
5668,10,1,1,0
5669,3,1,1,0
5670,1,1,1,0
5671,9,1,1,0
5672,5,1,1,0
5673,3,1,1,0
5674,4,1,1,0
5675,1,1,1,0
5676,1,1,1,0
5677,2,1,1,0
5678,2,1,1,0
5679,2,1,1,0
5680,3,1,1,0
5681,1,1,1,0
5682,3,1,1,0
5683,6,1,1,0
5684,4,1,1,0
5685,8,1,1,0
5686,2,1,1,0
5687,4,1,1,0
5688,1,1,1,0
5689,1,1,1,0
5690,7,1,1,0
5691,1,1,1,0
5692,1,1,1,0
5693,2,1,1,0
5694,2,1,1,0
5695,2,1,1,0
5696,3,1,1,0
5697,3,1,1,0
5698,5,1,1,0
5699,2,1,1,0
5700,9,1,1,0
5701,1,1,1,0
5702,5,1,1,0
5703,4,1,1,0
5704,1,1,1,0
5705,3,1,1,0
5706,2,1,1,0
5707,1,1,1,0
5708,1,1,1,0
5709,2,1,1,0
5710,6,1,1,0
5711,9,1,1,0
5712,1,1,1,0
5713,5,1,1,0
5714,1,1,1,0
5715,3,1,1,0
5716,7,1,1,0
5717,2,1,1,0
5718,2,1,1,0
5719,1,1,1,0
5720,3,1,1,0
5721,1,1,1,0
5722,11,1,1,0
5723,5,1,1,0
5724,3,1,1,0
5725,6,1,1,0
5726,12,1,1,0
5727,2,1,1,0
5728,4,1,1,0
5729,5,1,1,0
5730,1,1,1,0
5731,3,1,1,0
5732,2,1,1,0
5733,2,1,1,0
5734,6,1,1,0
5735,1,1,1,0
5736,2,1,1,0
5737,5,1,1,0
5738,4,1,1,0
5739,3,1,1,0
5740,10,1,1,0
5741,10,1,1,0
5742,7,1,1,0
5743,2,1,1,0
5744,6,1,1,0
5745,1,1,1,0
5746,1,1,1,0
5747,2,1,1,0
5748,1,1,1,0
5749,17,1,1,0
5750,6,1,1,0
5751,3,1,1,0
5752,2,1,1,0
5753,4,1,1,0
5754,3,1,1,0
5755,1,1,1,0
5756,3,1,1,0
5757,1,1,1,0
5758,4,1,1,0
5759,1,1,1,0
5760,9,1,1,0
5761,1,1,1,0
5762,9,1,1,0
5763,8,1,1,0
5764,9,1,1,0
5765,2,1,1,0
5766,4,1,1,0
5767,3,1,1,0
5768,2,1,1,0
5769,1,1,1,0
5770,1,1,1,0
5771,9,1,1,0
5772,6,1,1,0
5773,3,1,1,0
5774,5,1,1,0
5775,3,1,1,0
5776,1,1,1,0
5777,14,1,1,0
5778,2,1,1,0
5779,2,1,1,0
5780,5,1,1,0
5781,1,1,1,0
5782,3,1,1,0
5783,8,1,1,0
5784,2,1,1,0
5785,2,1,1,0
5786,9,1,1,0
5787,7,1,1,0
5788,7,1,1,0
5789,3,1,1,0
5790,2,1,1,0
5791,2,1,1,0
5792,3,1,1,0
5793,1,1,1,0
5794,2,1,1,0
5795,4,1,1,0
5796,5,1,1,0
5797,5,1,1,0
5798,3,1,1,0
5799,2,1,1,0
5800,1,1,1,0
5801,1,1,1,0
5802,1,1,1,0
5803,3,1,1,0
5804,4,1,1,0
5805,1,1,1,0
5806,9,1,1,0
5807,2,1,1,0
5808,3,1,1,0
5809,3,1,1,0
5810,5,1,1,0
5811,2,1,1,0
5812,5,1,1,0
5813,5,1,1,0
5814,5,1,1,0
5815,1,1,1,0
5816,10,1,1,0
5817,1,1,1,0
5818,7,1,1,0
5819,1,1,1,0
5820,2,1,1,0
5821,1,1,1,0
5822,3,1,1,0
5823,3,1,1,0
5824,2,1,1,0
5825,1,1,1,0
5826,4,1,1,0
5827,11,1,1,0
5828,3,1,1,0
5829,1,1,1,0
5830,3,1,1,0
5831,3,1,1,0
5832,1,1,1,0
5833,3,1,1,0
5834,5,1,1,0
5835,8,1,1,0
5836,2,1,1,0
5837,4,1,1,0
5838,2,1,1,0
5839,2,1,1,0
5840,2,1,1,0
5841,4,1,1,0
5842,11,1,1,0
5843,2,1,1,0
5844,3,1,1,0
5845,6,1,1,0
5846,4,1,1,0
5847,2,1,1,0
5848,3,1,1,0
5849,5,1,1,0
5850,12,1,1,0
5851,3,1,1,0
5852,5,1,1,0
5853,4,1,1,0
5854,3,1,1,0
5855,9,1,1,0
5856,2,1,1,0
5857,5,1,1,0
5858,2,1,1,0
5859,4,1,1,0
5860,1,1,1,0
5861,3,1,1,0
5862,3,1,1,0
5863,14,1,1,0
5864,5,1,1,0
5865,10,1,1,0
5866,3,1,1,0
5867,2,1,1,0
5868,6,1,1,0
5869,2,1,1,0
5870,3,1,1,0
5871,1,1,1,0
5872,1,1,1,0
5873,1,1,1,0
5874,10,1,1,0
5875,2,1,1,0
5876,2,1,1,0
5877,4,1,1,0
5878,5,1,1,0
5879,4,1,1,0
5880,8,1,1,0
5881,3,1,1,0
5882,5,1,1,0
5883,12,1,1,0
5884,5,1,1,0
5885,1,1,1,0
5886,4,1,1,0
5887,4,1,1,0
5888,2,1,1,0
5889,1,1,1,0
5890,1,1,1,0
5891,11,1,1,0
5892,2,1,1,0
5893,2,1,1,0
5894,2,1,1,0
5895,5,1,1,0
5896,2,1,1,0
5897,2,1,1,0
5898,2,1,1,0
5899,3,1,1,0
5900,4,1,1,0
5901,7,1,1,0
5902,2,1,1,0
5903,1,1,1,0
5904,6,1,1,0
5905,5,1,1,0
5906,5,1,1,0
5907,3,1,1,0
5908,3,1,1,0
5909,6,1,1,0
5910,3,1,1,0
5911,5,1,1,0
5912,12,1,1,0
5913,3,1,1,0
5914,1,1,1,0
5915,3,1,1,0
5916,1,1,1,0
5917,1,1,1,0
5918,1,1,1,0
5919,7,1,1,0
5920,5,1,1,0
5921,7,1,1,0
5922,3,1,1,0
5923,3,1,1,0
5924,2,1,1,0
5925,2,1,1,0
5926,1,1,1,0
5927,3,1,1,0
5928,1,1,1,0
5929,5,1,1,0
5930,5,1,1,0
5931,1,1,1,0
5932,1,1,1,0
5933,2,1,1,0
5934,4,1,1,0
5935,2,1,1,0
5936,4,1,1,0
5937,1,1,1,0
5938,7,1,1,0
5939,2,1,1,0
5940,4,1,1,0
5941,3,1,1,0
5942,12,1,1,0
5943,1,1,1,0
5944,2,1,1,0
5945,1,1,1,0
5946,5,1,1,0
5947,3,1,1,0
5948,9,1,1,0
5949,4,1,1,0
5950,4,1,1,0
5951,2,1,1,0
5952,2,1,1,0
5953,4,1,1,0
5954,1,1,1,0
5955,2,1,1,0
5956,8,1,1,0
5957,6,1,1,0
5958,7,1,1,0
5959,4,1,1,0
5960,7,1,1,0
5961,6,1,1,0
5962,1,1,1,0
5963,3,1,1,0
5964,1,1,1,0
5965,1,1,1,0
5966,2,1,1,0
5967,3,1,1,0
5968,2,1,1,0
5969,2,1,1,0
5970,5,1,1,0
5971,1,1,1,0
5972,4,1,1,0
5973,11,1,1,0
5974,6,1,1,0
5975,2,1,1,0
5976,2,1,1,0
5977,2,1,1,0
5978,3,1,1,0
5979,1,1,1,0
5980,3,1,1,0
5981,3,1,1,0
5982,6,1,1,0
5983,1,1,1,0
5984,6,1,1,0
5985,7,1,1,0
5986,4,1,1,0
5987,3,1,1,0
5988,6,1,1,0
5989,2,1,1,0
5990,6,1,1,0
5991,3,1,1,0
5992,6,1,1,0
5993,13,1,1,0
5994,3,1,1,0
5995,1,1,1,0
5996,2,1,1,0
5997,2,1,1,0
5998,12,1,1,0
5999,1,1,1,0
6000,1,1,1,0
6001,3,1,1,0
6002,2,1,1,0
6003,3,1,1,0
6004,9,1,1,0
6005,1,1,1,0
6006,3,1,1,0
6007,1,1,1,0
6008,5,1,1,0
6009,8,1,1,0
6010,11,1,1,0
6011,3,1,1,0
6012,5,1,1,0
6013,6,1,1,0
6014,6,1,1,0
6015,1,1,1,0
6016,2,1,1,0
6017,6,1,1,0
6018,3,1,1,0
6019,1,1,1,0
6020,1,1,1,0
6021,3,1,1,0
6022,3,1,1,0
6023,3,1,1,0
6024,1,1,1,0
6025,4,1,1,0
6026,4,1,1,0
6027,1,1,1,0
6028,1,1,1,0
6029,1,1,1,0
6030,2,1,1,0
6031,12,1,1,0
6032,5,1,1,0
6033,3,1,1,0
6034,4,1,1,0
6035,1,1,1,0
6036,3,1,1,0
6037,3,1,1,0
6038,2,1,1,0
6039,4,1,1,0
6040,5,1,1,0
6041,1,1,1,0
6042,4,1,1,0
6043,2,1,1,0
6044,1,1,1,0
6045,4,1,1,0
6046,1,1,1,0
6047,1,1,1,0
6048,3,1,1,0
6049,1,1,1,0
6050,5,1,1,0
6051,3,1,1,0
6052,1,1,1,0
6053,8,1,1,0
6054,4,1,1,0
6055,6,1,1,0
6056,7,1,1,0
6057,4,1,1,0
6058,1,1,1,0
6059,1,1,1,0
6060,7,1,1,0
6061,2,1,1,0
6062,10,1,1,0
6063,3,1,1,0
6064,3,1,1,0
6065,1,1,1,0
6066,2,1,1,0
6067,1,1,1,0
6068,6,1,1,0
6069,3,1,1,0
6070,3,1,1,0
6071,1,1,1,0
6072,4,1,1,0
6073,3,1,1,0
6074,4,1,1,0
6075,4,1,1,0
6076,1,1,1,0
6077,3,1,1,0
6078,7,1,1,0
6079,4,1,1,0
6080,6,1,1,0
6081,2,1,1,0
6082,5,1,1,0
6083,1,1,1,0
6084,5,1,1,0
6085,7,1,1,0
6086,2,1,1,0
6087,4,1,1,0
6088,1,1,1,0
6089,3,1,1,0
6090,8,1,1,0
6091,1,1,1,0
6092,2,1,1,0
6093,1,1,1,0
6094,2,1,1,0
6095,2,1,1,0
6096,1,1,1,0
6097,6,1,1,0
6098,2,1,1,0
6099,3,1,1,0
6100,3,1,1,0
6101,5,1,1,0
6102,2,1,1,0
6103,2,1,1,0
6104,2,1,1,0
6105,3,1,1,0
6106,1,1,1,0
6107,9,1,1,0
6108,1,1,1,0
6109,7,1,1,0
6110,4,1,1,0
6111,5,1,1,0
6112,2,1,1,0
6113,3,1,1,0
6114,6,1,1,0
6115,1,1,1,0
6116,2,1,1,0
6117,2,1,1,0
6118,3,1,1,0
6119,4,1,1,0
6120,1,1,1,0
6121,4,1,1,0
6122,5,1,1,0
6123,1,1,1,0
6124,2,1,1,0
6125,6,1,1,0
6126,1,1,1,0
6127,5,1,1,0
6128,2,1,1,0
6129,2,1,1,0
6130,2,1,1,0
6131,4,1,1,0
6132,3,1,1,0
6133,1,1,1,0
6134,3,1,1,0
6135,1,1,1,0
6136,2,1,1,0
6137,2,1,1,0
6138,1,1,1,0
6139,6,1,1,0
6140,1,1,1,0
6141,2,1,1,0
6142,1,1,1,0
6143,5,1,1,0
6144,3,1,1,0
6145,1,1,1,0
6146,1,1,1,0
6147,8,1,1,0
6148,4,1,1,0
6149,1,1,1,0
6150,2,1,1,0
6151,4,1,1,0
6152,4,1,1,0
6153,2,1,1,0
6154,1,1,1,0
6155,3,1,1,0
6156,9,1,1,0
6157,1,1,1,0
6158,4,1,1,0
6159,3,1,1,0
6160,5,1,1,0
6161,1,1,1,0
6162,3,1,1,0
6163,3,1,1,0
6164,1,1,1,0
6165,4,1,1,0
6166,4,1,1,0
6167,10,1,1,0
6168,2,1,1,0
6169,11,1,1,0
6170,2,1,1,0
6171,5,1,1,0
6172,8,1,1,0
6173,1,1,1,0
6174,1,1,1,0
6175,2,1,1,0
6176,6,1,1,0
6177,6,1,1,0
6178,14,1,1,0
6179,1,1,1,0
6180,7,1,1,0
6181,2,1,1,0
6182,4,1,1,0
6183,3,1,1,0
6184,10,1,1,0
6185,2,1,1,0
6186,8,1,1,0
6187,2,1,1,0
6188,1,1,1,0
6189,1,1,1,0
6190,1,1,1,0
6191,2,1,1,0
6192,2,1,1,0
6193,1,1,1,0
6194,8,1,1,0
6195,6,1,1,0
6196,1,1,1,0
6197,3,1,1,0
6198,1,1,1,0
6199,3,1,1,0
6200,1,1,1,0
6201,1,1,1,0
6202,7,1,1,0
6203,2,1,1,0
6204,2,1,1,0
6205,3,1,1,0
6206,3,1,1,0
6207,2,1,1,0
6208,1,1,1,0
6209,1,1,1,0
6210,5,1,1,0
6211,2,1,1,0
6212,1,1,1,0
6213,1,1,1,0
6214,1,1,1,0
6215,3,1,1,0
6216,3,1,1,0
6217,1,1,1,0
6218,2,1,1,0
6219,3,1,1,0
6220,1,1,1,0
6221,8,1,1,0
6222,7,1,1,0
6223,4,1,1,0
6224,6,1,1,0
6225,2,1,1,0
6226,5,1,1,0
6227,1,1,1,0
6228,10,1,1,0
6229,7,1,1,0
6230,2,1,1,0
6231,2,1,1,0
6232,1,1,1,0
6233,5,1,1,0
6234,1,1,1,0
6235,2,1,1,0
6236,14,1,1,0
6237,7,1,1,0
6238,4,1,1,0
6239,3,1,1,0
6240,3,1,1,0
6241,7,1,1,0
6242,2,1,1,0
6243,3,1,1,0
6244,7,1,1,0
6245,4,1,1,0
6246,1,1,1,0
6247,3,1,1,0
6248,4,1,1,0
6249,4,1,1,0
6250,3,1,1,0
6251,4,1,1,0
6252,3,1,1,0
6253,1,1,1,0
6254,1,1,1,0
6255,2,1,1,0
6256,1,1,1,0
6257,4,1,1,0
6258,5,1,1,0
6259,1,1,1,0
6260,1,1,1,0
6261,3,1,1,0
6262,2,1,1,0
6263,8,1,1,0
6264,4,1,1,0
6265,1,1,1,0
6266,5,1,1,0
6267,1,1,1,0
6268,4,1,1,0
6269,4,1,1,0
6270,1,1,1,0
6271,3,1,1,0
6272,4,1,1,0
6273,8,1,1,0
6274,1,1,1,0
6275,1,1,1,0
6276,2,1,1,0
6277,4,1,1,0
6278,3,1,1,0
6279,3,1,1,0
6280,1,1,1,0
6281,3,1,1,0
6282,4,1,1,0
6283,3,1,1,0
6284,4,1,1,0
6285,3,1,1,0
6286,4,1,1,0
6287,1,1,1,0
6288,1,1,1,0
6289,7,1,1,0
6290,1,1,1,0
6291,4,1,1,0
6292,3,1,1,0
6293,6,1,1,0
6294,2,1,1,0
6295,1,1,1,0
6296,3,1,1,0
6297,5,1,1,0
6298,3,1,1,0
6299,3,1,1,0
6300,1,1,1,0
6301,1,1,1,0
6302,2,1,1,0
6303,4,1,1,0
6304,2,1,1,0
6305,1,1,1,0
6306,2,1,1,0
6307,13,1,1,0
6308,1,1,1,0
6309,6,1,1,0
6310,1,1,1,0
6311,3,1,1,0
6312,5,1,1,0
6313,7,1,1,0
6314,5,1,1,0
6315,1,1,1,0
6316,3,1,1,0
6317,10,1,1,0
6318,2,1,1,0
6319,1,1,1,0
6320,1,1,1,0
6321,6,1,1,0
6322,1,1,1,0
6323,5,1,1,0
6324,3,1,1,0
6325,3,1,1,0
6326,3,1,1,0
6327,2,1,1,0
6328,5,1,1,0
6329,2,1,1,0
6330,3,1,1,0
6331,1,1,1,0
6332,2,1,1,0
6333,1,1,1,0
6334,2,1,1,0
6335,7,1,1,0
6336,3,1,1,0
6337,2,1,1,0
6338,3,1,1,0
6339,11,1,1,0
6340,6,1,1,0
6341,2,1,1,0
6342,4,1,1,0
6343,4,1,1,0
6344,9,1,1,0
6345,4,1,1,0
6346,1,1,1,0
6347,10,1,1,0
6348,3,1,1,0
6349,6,1,1,0
6350,3,1,1,0
6351,4,1,1,0
6352,2,1,1,0
6353,4,1,1,0
6354,3,1,1,0
6355,3,1,1,0
6356,9,1,1,0
6357,5,1,1,0
6358,3,1,1,0
6359,4,1,1,0
6360,6,1,1,0
6361,6,1,1,0
6362,2,1,1,0
6363,1,1,1,0
6364,5,1,1,0
6365,5,1,1,0
6366,4,1,1,0
6367,5,1,1,0
6368,5,1,1,0
6369,4,1,1,0
6370,1,1,1,0
6371,1,1,1,0
6372,3,1,1,0
6373,3,1,1,0
6374,3,1,1,0
6375,1,1,1,0
6376,7,1,1,0
6377,3,1,1,0
6378,8,1,1,0
6379,4,1,1,0
6380,1,1,1,0
6381,3,1,1,0
6382,1,1,1,0
6383,5,1,1,0
6384,1,1,1,0
6385,3,1,1,0
6386,7,1,1,0
6387,4,1,1,0
6388,1,1,1,0
6389,2,1,1,0
6390,1,1,1,0
6391,3,1,1,0
6392,8,1,1,0
6393,8,1,1,0
6394,2,1,1,0
6395,6,1,1,0
6396,8,1,1,0
6397,3,1,1,0
6398,3,1,1,0
6399,1,1,1,0
6400,5,1,1,0
6401,2,1,1,0
6402,1,1,1,0
6403,1,1,1,0
6404,3,1,1,0
6405,5,1,1,0
6406,1,1,1,0
6407,7,1,1,0
6408,4,1,1,0
6409,8,1,1,0
6410,1,1,1,0
6411,3,1,1,0
6412,1,1,1,0
6413,2,1,1,0
6414,1,1,1,0
6415,11,1,1,0
6416,5,1,1,0
6417,6,1,1,0
6418,4,1,1,0
6419,3,1,1,0
6420,1,1,1,0
6421,6,1,1,0
6422,3,1,1,0
6423,1,1,1,0
6424,1,1,1,0
6425,3,1,1,0
6426,2,1,1,0
6427,8,1,1,0
6428,2,1,1,0
6429,4,1,1,0
6430,9,1,1,0
6431,5,1,1,0
6432,3,1,1,0
6433,4,1,1,0
6434,2,1,1,0
6435,3,1,1,0
6436,2,1,1,0
6437,2,1,1,0
6438,2,1,1,0
6439,1,1,1,0
6440,5,1,1,0
6441,1,1,1,0
6442,2,1,1,0
6443,3,1,1,0
6444,3,1,1,0
6445,1,1,1,0
6446,1,1,1,0
6447,5,1,1,0
6448,5,1,1,0
6449,1,1,1,0
6450,2,1,1,0
6451,2,1,1,0
6452,3,1,1,0
6453,4,1,1,0
6454,5,1,1,0
6455,1,1,1,0
6456,1,1,1,0
6457,1,1,1,0
6458,5,1,1,0
6459,13,1,1,0
6460,2,1,1,0
6461,1,1,1,0
6462,1,1,1,0
6463,1,1,1,0
6464,2,1,1,0
6465,2,1,1,0
6466,5,1,1,0
6467,1,1,1,0
6468,1,1,1,0
6469,1,1,1,0
6470,14,1,1,0
6471,2,1,1,0
6472,1,1,1,0
6473,1,1,1,0
6474,3,1,1,0
6475,9,1,1,0
6476,6,1,1,0
6477,3,1,1,0
6478,2,1,1,0
6479,3,1,1,0
6480,1,1,1,0
6481,1,1,1,0
6482,3,1,1,0
6483,2,1,1,0
6484,4,1,1,0
6485,7,1,1,0
6486,1,1,1,0
6487,2,1,1,0
6488,2,1,1,0
6489,4,1,1,0
6490,2,1,1,0
6491,2,1,1,0
6492,4,1,1,0
6493,1,1,1,0
6494,3,1,1,0
6495,6,1,1,0
6496,6,1,1,0
6497,2,1,1,0
6498,1,1,1,0
6499,5,1,1,0
6500,2,1,1,0
6501,1,1,1,0
6502,1,1,1,0
6503,8,1,1,0
6504,8,1,1,0
6505,8,1,1,0
6506,6,1,1,0
6507,4,1,1,0
6508,2,1,1,0
6509,1,1,1,0
6510,8,1,1,0
6511,5,1,1,0
6512,3,1,1,0
6513,3,1,1,0
6514,5,1,1,0
6515,6,1,1,0
6516,4,1,1,0
6517,9,1,1,0
6518,5,1,1,0
6519,4,1,1,0
6520,6,1,1,0
6521,1,1,1,0
6522,5,1,1,0
6523,4,1,1,0
6524,5,1,1,0
6525,2,1,1,0
6526,2,1,1,0
6527,8,1,1,0
6528,4,1,1,0
6529,5,1,1,0
6530,5,1,1,0
6531,1,1,1,0
6532,1,1,1,0
6533,2,1,1,0
6534,11,1,1,0
6535,2,1,1,0
6536,6,1,1,0
6537,1,1,1,0
6538,11,1,1,0
6539,2,1,1,0
6540,2,1,1,0
6541,5,1,1,0
6542,6,1,1,0
6543,4,1,1,0
6544,1,1,1,0
6545,2,1,1,0
6546,1,1,1,0
6547,13,1,1,0
6548,2,1,1,0
6549,2,1,1,0
6550,4,1,1,0
6551,2,1,1,0
6552,6,1,1,0
6553,1,1,1,0
6554,2,1,1,0
6555,1,1,1,0
6556,1,1,1,0
6557,4,1,1,0
6558,1,1,1,0
6559,2,1,1,0
6560,1,1,1,0
6561,6,1,1,0
6562,3,1,1,0
6563,1,1,1,0
6564,1,1,1,0
6565,9,1,1,0
6566,2,1,1,0
6567,3,1,1,0
6568,3,1,1,0
6569,5,1,1,0
6570,5,1,1,0
6571,9,1,1,0
6572,4,1,1,0
6573,1,1,1,0
6574,1,1,1,0
6575,5,1,1,0
6576,1,1,1,0
6577,2,1,1,0
6578,1,1,1,0
6579,4,1,1,0
6580,3,1,1,0
6581,1,1,1,0
6582,6,1,1,0
6583,1,1,1,0
6584,6,1,1,0
6585,6,1,1,0
6586,2,1,1,0
6587,3,1,1,0
6588,5,1,1,0
6589,1,1,1,0
6590,4,1,1,0
6591,1,1,1,0
6592,2,1,1,0
6593,3,1,1,0
6594,1,1,1,0
6595,4,1,1,0
6596,3,1,1,0
6597,2,1,1,0
6598,3,1,1,0
6599,2,1,1,0
6600,6,1,1,0
6601,7,1,1,0
6602,1,1,1,0
6603,3,1,1,0
6604,3,1,1,0
6605,2,1,1,0
6606,6,1,1,0
6607,8,1,1,0
6608,6,1,1,0
6609,7,1,1,0
6610,2,1,1,0
6611,2,1,1,0
6612,7,1,1,0
6613,2,1,1,0
6614,4,1,1,0
6615,2,1,1,0
6616,2,1,1,0
6617,5,1,1,0
6618,1,1,1,0
6619,1,1,1,0
6620,7,1,1,0
6621,6,1,1,0
6622,5,1,1,0
6623,1,1,1,0
6624,4,1,1,0
6625,5,1,1,0
6626,3,1,1,0
6627,6,1,1,0
6628,1,1,1,0
6629,3,1,1,0
6630,6,1,1,0
6631,4,1,1,0
6632,1,1,1,0
6633,2,1,1,0
6634,4,1,1,0
6635,2,1,1,0
6636,2,1,1,0
6637,6,1,1,0
6638,1,1,1,0
6639,1,1,1,0
6640,2,1,1,0
6641,3,1,1,0
6642,6,1,1,0
6643,8,1,1,0
6644,2,1,1,0
6645,1,1,1,0
6646,1,1,1,0
6647,7,1,1,0
6648,2,1,1,0
6649,4,1,1,0
6650,3,1,1,0
6651,2,1,1,0
6652,4,1,1,0
6653,8,1,1,0
6654,5,1,1,0
6655,8,1,1,0
6656,4,1,1,0
6657,2,1,1,0
6658,9,1,1,0
6659,1,1,1,0
6660,3,1,1,0
6661,1,1,1,0
6662,1,1,1,0
6663,3,1,1,0
6664,2,1,1,0
6665,2,1,1,0
6666,1,1,1,0
6667,2,1,1,0
6668,6,1,1,0
6669,1,1,1,0
6670,7,1,1,0
6671,3,1,1,0
6672,4,1,1,0
6673,6,1,1,0
6674,7,1,1,0
6675,2,1,1,0
6676,1,1,1,0
6677,1,1,1,0
6678,3,1,1,0
6679,3,1,1,0
6680,7,1,1,0
6681,4,1,1,0
6682,2,1,1,0
6683,1,1,1,0
6684,3,1,1,0
6685,3,1,1,0
6686,2,1,1,0
6687,6,1,1,0
6688,4,1,1,0
6689,3,1,1,0
6690,1,1,1,0
6691,5,1,1,0
6692,3,1,1,0
6693,4,1,1,0
6694,1,1,1,0
6695,12,1,1,0
6696,1,1,1,0
6697,1,1,1,0
6698,4,1,1,0
6699,11,1,1,0
6700,2,1,1,0
6701,1,1,1,0
6702,1,1,1,0
6703,1,1,1,0
6704,8,1,1,0
6705,1,1,1,0
6706,4,1,1,0
6707,16,1,1,0
6708,3,1,1,0
6709,4,1,1,0
6710,2,1,1,0
6711,3,1,1,0
6712,7,1,1,0
6713,2,1,1,0
6714,3,1,1,0
6715,2,1,1,0
6716,6,1,1,0
6717,1,1,1,0
6718,7,1,1,0
6719,6,1,1,0
6720,2,1,1,0
6721,4,1,1,0
6722,1,1,1,0
6723,2,1,1,0
6724,4,1,1,0
6725,8,1,1,0
6726,8,1,1,0
6727,5,1,1,0
6728,2,1,1,0
6729,1,1,1,0
6730,8,1,1,0
6731,8,1,1,0
6732,1,1,1,0
6733,1,1,1,0
6734,1,1,1,0
6735,6,1,1,0
6736,2,1,1,0
6737,5,1,1,0
6738,1,1,1,0
6739,9,1,1,0
6740,1,1,1,0
6741,1,1,1,0
6742,2,1,1,0
6743,5,1,1,0
6744,4,1,1,0
6745,4,1,1,0
6746,8,1,1,0
6747,7,1,1,0
6748,1,1,1,0
6749,3,1,1,0
6750,10,1,1,0
6751,3,1,1,0
6752,1,1,1,0
6753,6,1,1,0
6754,1,1,1,0
6755,2,1,1,0
6756,3,1,1,0
6757,1,1,1,0
6758,3,1,1,0
6759,3,1,1,0
6760,3,1,1,0
6761,2,1,1,0
6762,1,1,1,0
6763,5,1,1,0
6764,1,1,1,0
6765,2,1,1,0
6766,3,1,1,0
6767,1,1,1,0
6768,3,1,1,0
6769,1,1,1,0
6770,5,1,1,0
6771,2,1,1,0
6772,2,1,1,0
6773,3,1,1,0
6774,2,1,1,0
6775,3,1,1,0
6776,2,1,1,0
6777,4,1,1,0
6778,4,1,1,0
6779,2,1,1,0
6780,1,1,1,0
6781,11,1,1,0
6782,12,1,1,0
6783,1,1,1,0
6784,11,1,1,0
6785,4,1,1,0
6786,1,1,1,0
6787,4,1,1,0
6788,2,1,1,0
6789,8,1,1,0
6790,6,1,1,0
6791,2,1,1,0
6792,1,1,1,0
6793,2,1,1,0
6794,4,1,1,0
6795,1,1,1,0
6796,1,1,1,0
6797,6,1,1,0
6798,2,1,1,0
6799,5,1,1,0
6800,3,1,1,0
6801,3,1,1,0
6802,4,1,1,0
6803,1,1,1,0
6804,3,1,1,0
6805,1,1,1,0
6806,10,1,1,0
6807,8,1,1,0
6808,4,1,1,0
6809,1,1,1,0
6810,1,1,1,0
6811,1,1,1,0
6812,2,1,1,0
6813,4,1,1,0
6814,1,1,1,0
6815,1,1,1,0
6816,3,1,1,0
6817,2,1,1,0
6818,4,1,1,0
6819,15,1,1,0
6820,6,1,1,0
6821,4,1,1,0
6822,1,1,1,0
6823,2,1,1,0
6824,3,1,1,0
6825,2,1,1,0
6826,4,1,1,0
6827,1,1,1,0
6828,1,1,1,0
6829,3,1,1,0
6830,16,1,1,0
6831,6,1,1,0
6832,1,1,1,0
6833,3,1,1,0
6834,1,1,1,0
6835,1,1,1,0
6836,2,1,1,0
6837,5,1,1,0
6838,2,1,1,0
6839,2,1,1,0
6840,5,1,1,0
6841,2,1,1,0
6842,6,1,1,0
6843,5,1,1,0
6844,6,1,1,0
6845,5,1,1,0
6846,2,1,1,0
6847,2,1,1,0
6848,13,1,1,0
6849,2,1,1,0
6850,3,1,1,0
6851,2,1,1,0
6852,4,1,1,0
6853,9,1,1,0
6854,5,1,1,0
6855,8,1,1,0
6856,2,1,1,0
6857,3,1,1,0
6858,3,1,1,0
6859,4,1,1,0
6860,5,1,1,0
6861,3,1,1,0
6862,1,1,1,0
6863,1,1,1,0
6864,3,1,1,0
6865,3,1,1,0
6866,4,1,1,0
6867,3,1,1,0
6868,1,1,1,0
6869,11,1,1,0
6870,3,1,1,0
6871,1,1,1,0
6872,3,1,1,0
6873,8,1,1,0
6874,1,1,1,0
6875,2,1,1,0
6876,3,1,1,0
6877,7,1,1,0
6878,2,1,1,0
6879,8,1,1,0
6880,3,1,1,0
6881,10,1,1,0
6882,2,1,1,0
6883,1,1,1,0
6884,1,1,1,0
6885,2,1,1,0
6886,3,1,1,0
6887,2,1,1,0
6888,5,1,1,0
6889,2,1,1,0
6890,4,1,1,0
6891,1,1,1,0
6892,4,1,1,0
6893,3,1,1,0
6894,1,1,1,0
6895,2,1,1,0
6896,5,1,1,0
6897,11,1,1,0
6898,2,1,1,0
6899,3,1,1,0
6900,1,1,1,0
6901,2,1,1,0
6902,1,1,1,0
6903,4,1,1,0
6904,2,1,1,0
6905,2,1,1,0
6906,1,1,1,0
6907,2,1,1,0
6908,1,1,1,0
6909,6,1,1,0
6910,6,1,1,0
6911,2,1,1,0
6912,1,1,1,0
6913,2,1,1,0
6914,1,1,1,0
6915,4,1,1,0
6916,3,1,1,0
6917,4,1,1,0
6918,7,1,1,0
6919,1,1,1,0
6920,1,1,1,0
6921,4,1,1,0
6922,1,1,1,0
6923,1,1,1,0
6924,4,1,1,0
6925,2,1,1,0
6926,3,1,1,0
6927,5,1,1,0
6928,2,1,1,0
6929,4,1,1,0
6930,4,1,1,0
6931,3,1,1,0
6932,1,1,1,0
6933,3,1,1,0
6934,6,1,1,0
6935,3,1,1,0
6936,2,1,1,0
6937,1,1,1,0
6938,10,1,1,0
6939,6,1,1,0
6940,1,1,1,0
6941,3,1,1,0
6942,5,1,1,0
6943,1,1,1,0
6944,2,1,1,0
6945,15,1,1,0
6946,3,1,1,0
6947,1,1,1,0
6948,2,1,1,0
6949,5,1,1,0
6950,2,1,1,0
6951,2,1,1,0
6952,2,1,1,0
6953,5,1,1,0
6954,1,1,1,0
6955,3,1,1,0
6956,1,1,1,0
6957,10,1,1,0
6958,1,1,1,0
6959,1,1,1,0
6960,1,1,1,0
6961,1,1,1,0
6962,1,1,1,0
6963,2,1,1,0
6964,3,1,1,0
6965,7,1,1,0
6966,4,1,1,0
6967,3,1,1,0
6968,1,1,1,0
6969,6,1,1,0
6970,1,1,1,0
6971,1,1,1,0
6972,9,1,1,0
6973,12,1,1,0
6974,2,1,1,0
6975,3,1,1,0
6976,2,1,1,0
6977,7,1,1,0
6978,2,1,1,0
6979,2,1,1,0
6980,2,1,1,0
6981,1,1,1,0
6982,1,1,1,0
6983,1,1,1,0
6984,19,1,1,0
6985,3,1,1,0
6986,1,1,1,0
6987,8,1,1,0
6988,4,1,1,0
6989,2,1,1,0
6990,2,1,1,0
6991,2,1,1,0
6992,6,1,1,0
6993,5,1,1,0
6994,3,1,1,0
6995,1,1,1,0
6996,1,1,1,0
6997,4,1,1,0
6998,5,1,1,0
6999,8,1,1,0
7000,4,1,1,0
7001,3,1,1,0
7002,3,1,1,0
7003,4,1,1,0
7004,3,1,1,0
7005,1,1,1,0
7006,6,1,1,0
7007,4,1,1,0
7008,1,1,1,0
7009,2,1,1,0
7010,1,1,1,0
7011,5,1,1,0
7012,1,1,1,0
7013,11,1,1,0
7014,2,1,1,0
7015,7,1,1,0
7016,1,1,1,0
7017,1,1,1,0
7018,6,1,1,0
7019,7,1,1,0
7020,1,1,1,0
7021,1,1,1,0
7022,9,1,1,0
7023,3,1,1,0
7024,1,1,1,0
7025,5,1,1,0
7026,3,1,1,0
7027,3,1,1,0
7028,4,1,1,0
7029,2,1,1,0
7030,14,1,1,0
7031,2,1,1,0
7032,5,1,1,0
7033,6,1,1,0
7034,6,1,1,0
7035,2,1,1,0
7036,1,1,1,0
7037,7,1,1,0
7038,1,1,1,0
7039,16,1,1,0
7040,2,1,1,0
7041,1,1,1,0
7042,2,1,1,0
7043,2,1,1,0
7044,6,1,1,0
7045,2,1,1,0
7046,7,1,1,0
7047,2,1,1,0
7048,1,1,1,0
7049,3,1,1,0
7050,2,1,1,0
7051,5,1,1,0
7052,4,1,1,0
7053,6,1,1,0
7054,1,1,1,0
7055,5,1,1,0
7056,2,1,1,0
7057,4,1,1,0
7058,1,1,1,0
7059,2,1,1,0
7060,5,1,1,0
7061,3,1,1,0
7062,1,1,1,0
7063,1,1,1,0
7064,2,1,1,0
7065,1,1,1,0
7066,2,1,1,0
7067,5,1,1,0
7068,3,1,1,0
7069,6,1,1,0
7070,3,1,1,0
7071,8,1,1,0
7072,1,1,1,0
7073,1,1,1,0
7074,3,1,1,0
7075,1,1,1,0
7076,3,1,1,0
7077,1,1,1,0
7078,2,1,1,0
7079,1,1,1,0
7080,3,1,1,0
7081,3,1,1,0
7082,11,1,1,0
7083,2,1,1,0
7084,11,1,1,0
7085,10,1,1,0
7086,1,1,1,0
7087,7,1,1,0
7088,2,1,1,0
7089,7,1,1,0
7090,5,1,1,0
7091,1,1,1,0
7092,1,1,1,0
7093,1,1,1,0
7094,2,1,1,0
7095,2,1,1,0
7096,6,1,1,0
7097,1,1,1,0
7098,1,1,1,0
7099,1,1,1,0
7100,3,1,1,0
7101,2,1,1,0
7102,3,1,1,0
7103,1,1,1,0
7104,4,1,1,0
7105,2,1,1,0
7106,2,1,1,0
7107,4,1,1,0
7108,5,1,1,0
7109,3,1,1,0
7110,1,1,1,0
7111,5,1,1,0
7112,4,1,1,0
7113,1,1,1,0
7114,3,1,1,0
7115,5,1,1,0
7116,1,1,1,0
7117,4,1,1,0
7118,1,1,1,0
7119,8,1,1,0
7120,5,1,1,0
7121,6,1,1,0
7122,5,1,1,0
7123,7,1,1,0
7124,3,1,1,0
7125,1,1,1,0
7126,2,1,1,0
7127,6,1,1,0
7128,2,1,1,0
7129,5,1,1,0
7130,3,1,1,0
7131,2,1,1,0
7132,1,1,1,0
7133,11,1,1,0
7134,2,1,1,0
7135,10,1,1,0
7136,6,1,1,0
7137,2,1,1,0
7138,6,1,1,0
7139,3,1,1,0
7140,2,1,1,0
7141,2,1,1,0
7142,2,1,1,0
7143,3,1,1,0
7144,2,1,1,0
7145,2,1,1,0
7146,11,1,1,0
7147,5,1,1,0
7148,3,1,1,0
7149,5,1,1,0
7150,8,1,1,0
7151,3,1,1,0
7152,1,1,1,0
7153,4,1,1,0
7154,1,1,1,0
7155,3,1,1,0
7156,6,1,1,0
7157,7,1,1,0
7158,2,1,1,0
7159,3,1,1,0
7160,3,1,1,0
7161,6,1,1,0
7162,1,1,1,0
7163,3,1,1,0
7164,1,1,1,0
7165,4,1,1,0
7166,4,1,1,0
7167,1,1,1,0
7168,5,1,1,0
7169,2,1,1,0
7170,4,1,1,0
7171,1,1,1,0
7172,1,1,1,0
7173,2,1,1,0
7174,1,1,1,0
7175,5,1,1,0
7176,4,1,1,0
7177,1,1,1,0
7178,4,1,1,0
7179,1,1,1,0
7180,1,1,1,0
7181,4,1,1,0
7182,3,1,1,0
7183,2,1,1,0
7184,4,1,1,0
7185,5,1,1,0
7186,3,1,1,0
7187,5,1,1,0
7188,3,1,1,0
7189,5,1,1,0
7190,1,1,1,0
7191,2,1,1,0
7192,1,1,1,0
7193,2,1,1,0
7194,1,1,1,0
7195,1,1,1,0
7196,2,1,1,0
7197,2,1,1,0
7198,2,1,1,0
7199,3,1,1,0
7200,2,1,1,0
7201,9,1,1,0
7202,1,1,1,0
7203,5,1,1,0
7204,1,1,1,0
7205,2,1,1,0
7206,2,1,1,0
7207,4,1,1,0
7208,4,1,1,0
7209,5,1,1,0
7210,3,1,1,0
7211,3,1,1,0
7212,3,1,1,0
7213,7,1,1,0
7214,4,1,1,0
7215,3,1,1,0
7216,5,1,1,0
7217,10,1,1,0
7218,2,1,1,0
7219,3,1,1,0
7220,4,1,1,0
7221,2,1,1,0
7222,2,1,1,0
7223,1,1,1,0
7224,1,1,1,0
7225,5,1,1,0
7226,1,1,1,0
7227,2,1,1,0
7228,2,1,1,0
7229,12,1,1,0
7230,4,1,1,0
7231,3,1,1,0
7232,3,1,1,0
7233,6,1,1,0
7234,10,1,1,0
7235,2,1,1,0
7236,3,1,1,0
7237,4,1,1,0
7238,3,1,1,0
7239,1,1,1,0
7240,7,1,1,0
7241,3,1,1,0
7242,3,1,1,0
7243,3,1,1,0
7244,1,1,1,0
7245,1,1,1,0
7246,3,1,1,0
7247,7,1,1,0
7248,3,1,1,0
7249,3,1,1,0
7250,1,1,1,0
7251,2,1,1,0
7252,1,1,1,0
7253,1,1,1,0
7254,4,1,1,0
7255,2,1,1,0
7256,5,1,1,0
7257,2,1,1,0
7258,2,1,1,0
7259,2,1,1,0
7260,2,1,1,0
7261,1,1,1,0
7262,8,1,1,0
7263,1,1,1,0
7264,1,1,1,0
7265,1,1,1,0
7266,2,1,1,0
7267,3,1,1,0
7268,2,1,1,0
7269,1,1,1,0
7270,8,1,1,0
7271,1,1,1,0
7272,6,1,1,0
7273,8,1,1,0
7274,4,1,1,0
7275,2,1,1,0
7276,3,1,1,0
7277,1,1,1,0
7278,7,1,1,0
7279,7,1,1,0
7280,1,1,1,0
7281,2,1,1,0
7282,2,1,1,0
7283,1,1,1,0
7284,4,1,1,0
7285,2,1,1,0
7286,2,1,1,0
7287,6,1,1,0
7288,4,1,1,0
7289,3,1,1,0
7290,6,1,1,0
7291,3,1,1,0
7292,7,1,1,0
7293,5,1,1,0
7294,1,1,1,0
7295,9,1,1,0
7296,1,1,1,0
7297,5,1,1,0
7298,5,1,1,0
7299,1,1,1,0
7300,5,1,1,0
7301,2,1,1,0
7302,3,1,1,0
7303,1,1,1,0
7304,4,1,1,0
7305,6,1,1,0
7306,5,1,1,0
7307,2,1,1,0
7308,1,1,1,0
7309,4,1,1,0
7310,1,1,1,0
7311,2,1,1,0
7312,12,1,1,0
7313,7,1,1,0
7314,5,1,1,0
7315,1,1,1,0
7316,1,1,1,0
7317,5,1,1,0
7318,3,1,1,0
7319,3,1,1,0
7320,3,1,1,0
7321,6,1,1,0
7322,12,1,1,0
7323,4,1,1,0
7324,5,1,1,0
7325,4,1,1,0
7326,1,1,1,0
7327,1,1,1,0
7328,2,1,1,0
7329,3,1,1,0
7330,1,1,1,0
7331,2,1,1,0
7332,3,1,1,0
7333,2,1,1,0
7334,7,1,1,0
7335,2,1,1,0
7336,3,1,1,0
7337,7,1,1,0
7338,3,1,1,0
7339,1,1,1,0
7340,3,1,1,0
7341,2,1,1,0
7342,3,1,1,0
7343,2,1,1,0
7344,3,1,1,0
7345,3,1,1,0
7346,2,1,1,0
7347,3,1,1,0
7348,1,1,1,0
7349,1,1,1,0
7350,2,1,1,0
7351,8,1,1,0
7352,4,1,1,0
7353,1,1,1,0
7354,1,1,1,0
7355,1,1,1,0
7356,7,1,1,0
7357,6,1,1,0
7358,6,1,1,0
7359,9,1,1,0
7360,1,1,1,0
7361,1,1,1,0
7362,5,1,1,0
7363,2,1,1,0
7364,5,1,1,0
7365,2,1,1,0
7366,3,1,1,0
7367,2,1,1,0
7368,3,1,1,0
7369,3,1,1,0
7370,5,1,1,0
7371,2,1,1,0
7372,3,1,1,0
7373,6,1,1,0
7374,3,1,1,0
7375,4,1,1,0
7376,2,1,1,0
7377,2,1,1,0
7378,1,1,1,0
7379,4,1,1,0
7380,3,1,1,0
7381,4,1,1,0
7382,9,1,1,0
7383,2,1,1,0
7384,1,1,1,0
7385,4,1,1,0
7386,1,1,1,0
7387,4,1,1,0
7388,4,1,1,0
7389,2,1,1,0
7390,3,1,1,0
7391,1,1,1,0
7392,4,1,1,0
7393,3,1,1,0
7394,1,1,1,0
7395,5,1,1,0
7396,4,1,1,0
7397,7,1,1,0
7398,1,1,1,0
7399,2,1,1,0
7400,9,1,1,0
7401,5,1,1,0
7402,7,1,1,0
7403,2,1,1,0
7404,3,1,1,0
7405,2,1,1,0
7406,2,1,1,0
7407,5,1,1,0
7408,9,1,1,0
7409,3,1,1,0
7410,2,1,1,0
7411,1,1,1,0
7412,5,1,1,0
7413,3,1,1,0
7414,2,1,1,0
7415,1,1,1,0
7416,8,1,1,0
7417,2,1,1,0
7418,6,1,1,0
7419,7,1,1,0
7420,3,1,1,0
7421,3,1,1,0
7422,3,1,1,0
7423,5,1,1,0
7424,2,1,1,0
7425,2,1,1,0
7426,3,1,1,0
7427,1,1,1,0
7428,1,1,1,0
7429,1,1,1,0
7430,6,1,1,0
7431,4,1,1,0
7432,4,1,1,0
7433,5,1,1,0
7434,3,1,1,0
7435,5,1,1,0
7436,8,1,1,0
7437,7,1,1,0
7438,1,1,1,0
7439,6,1,1,0
7440,2,1,1,0
7441,2,1,1,0
7442,2,1,1,0
7443,3,1,1,0
7444,8,1,1,0
7445,1,1,1,0
7446,2,1,1,0
7447,5,1,1,0
7448,2,1,1,0
7449,10,1,1,0
7450,2,1,1,0
7451,5,1,1,0
7452,7,1,1,0
7453,5,1,1,0
7454,1,1,1,0
7455,3,1,1,0
7456,3,1,1,0
7457,4,1,1,0
7458,4,1,1,0
7459,3,1,1,0
7460,1,1,1,0
7461,7,1,1,0
7462,8,1,1,0
7463,3,1,1,0
7464,1,1,1,0
7465,3,1,1,0
7466,7,1,1,0
7467,1,1,1,0
7468,5,1,1,0
7469,1,1,1,0
7470,1,1,1,0
7471,2,1,1,0
7472,1,1,1,0
7473,3,1,1,0
7474,5,1,1,0
7475,8,1,1,0
7476,1,1,1,0
7477,5,1,1,0
7478,3,1,1,0
7479,1,1,1,0
7480,5,1,1,0
7481,1,1,1,0
7482,2,1,1,0
7483,4,1,1,0
7484,1,1,1,0
7485,1,1,1,0
7486,10,1,1,0
7487,10,1,1,0
7488,6,1,1,0
7489,4,1,1,0
7490,4,1,1,0
7491,2,1,1,0
7492,3,1,1,0
7493,4,1,1,0
7494,5,1,1,0
7495,3,1,1,0
7496,10,1,1,0
7497,2,1,1,0
7498,1,1,1,0
7499,6,1,1,0
7500,2,1,1,0
7501,1,1,1,0
7502,3,1,1,0
7503,2,1,1,0
7504,1,1,1,0
7505,3,1,1,0
7506,2,1,1,0
7507,1,1,1,0
7508,6,1,1,0
7509,3,1,1,0
7510,8,1,1,0
7511,3,1,1,0
7512,4,1,1,0
7513,4,1,1,0
7514,8,1,1,0
7515,5,1,1,0
7516,1,1,1,0
7517,2,1,1,0
7518,2,1,1,0
7519,8,1,1,0
7520,4,1,1,0
7521,8,1,1,0
7522,2,1,1,0
7523,5,1,1,0
7524,3,1,1,0
7525,2,1,1,0
7526,2,1,1,0
7527,3,1,1,0
7528,1,1,1,0
7529,3,1,1,0
7530,7,1,1,0
7531,2,1,1,0
7532,12,1,1,0
7533,1,1,1,0
7534,2,1,1,0
7535,1,1,1,0
7536,6,1,1,0
7537,6,1,1,0
7538,7,1,1,0
7539,8,1,1,0
7540,2,1,1,0
7541,4,1,1,0
7542,5,1,1,0
7543,6,1,1,0
7544,2,1,1,0
7545,6,1,1,0
7546,1,1,1,0
7547,1,1,1,0
7548,2,1,1,0
7549,1,1,1,0
7550,3,1,1,0
7551,3,1,1,0
7552,3,1,1,0
7553,1,1,1,0
7554,3,1,1,0
7555,4,1,1,0
7556,1,1,1,0
7557,2,1,1,0
7558,1,1,1,0
7559,6,1,1,0
7560,2,1,1,0
7561,5,1,1,0
7562,1,1,1,0
7563,4,1,1,0
7564,3,1,1,0
7565,1,1,1,0
7566,8,1,1,0
7567,6,1,1,0
7568,1,1,1,0
7569,2,1,1,0
7570,2,1,1,0
7571,1,1,1,0
7572,3,1,1,0
7573,4,1,1,0
7574,2,1,1,0
7575,2,1,1,0
7576,2,1,1,0
7577,7,1,1,0
7578,15,1,1,0
7579,2,1,1,0
7580,2,1,1,0
7581,3,1,1,0
7582,2,1,1,0
7583,1,1,1,0
7584,3,1,1,0
7585,2,1,1,0
7586,4,1,1,0
7587,2,1,1,0
7588,3,1,1,0
7589,11,1,1,0
7590,2,1,1,0
7591,6,1,1,0
7592,8,1,1,0
7593,3,1,1,0
7594,2,1,1,0
7595,2,1,1,0
7596,1,1,1,0
7597,4,1,1,0
7598,3,1,1,0
7599,1,1,1,0
7600,1,1,1,0
7601,1,1,1,0
7602,3,1,1,0
7603,6,1,1,0
7604,5,1,1,0
7605,9,1,1,0
7606,1,1,1,0
7607,10,1,1,0
7608,3,1,1,0
7609,2,1,1,0
7610,5,1,1,0
7611,2,1,1,0
7612,2,1,1,0
7613,2,1,1,0
7614,2,1,1,0
7615,5,1,1,0
7616,14,1,1,0
7617,5,1,1,0
7618,1,1,1,0
7619,5,1,1,0
7620,2,1,1,0
7621,3,1,1,0
7622,2,1,1,0
7623,4,1,1,0
7624,1,1,1,0
7625,1,1,1,0
7626,5,1,1,0
7627,2,1,1,0
7628,1,1,1,0
7629,1,1,1,0
7630,1,1,1,0
7631,2,1,1,0
7632,3,1,1,0
7633,2,1,1,0
7634,1,1,1,0
7635,1,1,1,0
7636,3,1,1,0
7637,3,1,1,0
7638,1,1,1,0
7639,1,1,1,0
7640,3,1,1,0
7641,3,1,1,0
7642,3,1,1,0
7643,1,1,1,0
7644,4,1,1,0
7645,1,1,1,0
7646,2,1,1,0
7647,5,1,1,0
7648,6,1,1,0
7649,1,1,1,0
7650,7,1,1,0
7651,3,1,1,0
7652,5,1,1,0
7653,2,1,1,0
7654,2,1,1,0
7655,1,1,1,0
7656,4,1,1,0
7657,2,1,1,0
7658,4,1,1,0
7659,1,1,1,0
7660,6,1,1,0
7661,9,1,1,0
7662,6,1,1,0
7663,3,1,1,0
7664,6,1,1,0
7665,15,1,1,0
7666,4,1,1,0
7667,12,1,1,0
7668,1,1,1,0
7669,1,1,1,0
7670,4,1,1,0
7671,1,1,1,0
7672,1,1,1,0
7673,2,1,1,0
7674,1,1,1,0
7675,2,1,1,0
7676,4,1,1,0
7677,2,1,1,0
7678,2,1,1,0
7679,3,1,1,0
7680,11,1,1,0
7681,6,1,1,0
7682,3,1,1,0
7683,3,1,1,0
7684,5,1,1,0
7685,1,1,1,0
7686,2,1,1,0
7687,5,1,1,0
7688,1,1,1,0
7689,1,1,1,0
7690,1,1,1,0
7691,8,1,1,0
7692,8,1,1,0
7693,3,1,1,0
7694,3,1,1,0
7695,10,1,1,0
7696,1,1,1,0
7697,7,1,1,0
7698,7,1,1,0
7699,2,1,1,0
7700,8,1,1,0
7701,7,1,1,0
7702,3,1,1,0
7703,1,1,1,0
7704,1,1,1,0
7705,6,1,1,0
7706,9,1,1,0
7707,3,1,1,0
7708,1,1,1,0
7709,2,1,1,0
7710,3,1,1,0
7711,1,1,1,0
7712,1,1,1,0
7713,16,1,1,0
7714,9,1,1,0
7715,8,1,1,0
7716,7,1,1,0
7717,2,1,1,0
7718,1,1,1,0
7719,3,1,1,0
7720,4,1,1,0
7721,3,1,1,0
7722,2,1,1,0
7723,1,1,1,0
7724,9,1,1,0
7725,12,1,1,0
7726,7,1,1,0
7727,1,1,1,0
7728,6,1,1,0
7729,2,1,1,0
7730,3,1,1,0
7731,4,1,1,0
7732,13,1,1,0
7733,3,1,1,0
7734,3,1,1,0
7735,2,1,1,0
7736,4,1,1,0
7737,1,1,1,0
7738,3,1,1,0
7739,4,1,1,0
7740,4,1,1,0
7741,1,1,1,0
7742,1,1,1,0
7743,7,1,1,0
7744,3,1,1,0
7745,2,1,1,0
7746,1,1,1,0
7747,1,1,1,0
7748,5,1,1,0
7749,7,1,1,0
7750,5,1,1,0
7751,1,1,1,0
7752,1,1,1,0
7753,4,1,1,0
7754,1,1,1,0
7755,5,1,1,0
7756,2,1,1,0
7757,2,1,1,0
7758,4,1,1,0
7759,1,1,1,0
7760,6,1,1,0
7761,4,1,1,0
7762,2,1,1,0
7763,9,1,1,0
7764,3,1,1,0
7765,2,1,1,0
7766,5,1,1,0
7767,2,1,1,0
7768,4,1,1,0
7769,1,1,1,0
7770,1,1,1,0
7771,2,1,1,0
7772,1,1,1,0
7773,3,1,1,0
7774,2,1,1,0
7775,5,1,1,0
7776,6,1,1,0
7777,1,1,1,0
7778,3,1,1,0
7779,1,1,1,0
7780,6,1,1,0
7781,1,1,1,0
7782,3,1,1,0
7783,8,1,1,0
7784,1,1,1,0
7785,3,1,1,0
7786,15,1,1,0
7787,2,1,1,0
7788,2,1,1,0
7789,5,1,1,0
7790,1,1,1,0
7791,4,1,1,0
7792,3,1,1,0
7793,1,1,1,0
7794,6,1,1,0
7795,1,1,1,0
7796,3,1,1,0
7797,1,1,1,0
7798,8,1,1,0
7799,6,1,1,0
7800,2,1,1,0
7801,6,1,1,0
7802,2,1,1,0
7803,3,1,1,0
7804,1,1,1,0
7805,4,1,1,0
7806,3,1,1,0
7807,6,1,1,0
7808,3,1,1,0
7809,9,1,1,0
7810,3,1,1,0
7811,1,1,1,0
7812,1,1,1,0
7813,4,1,1,0
7814,1,1,1,0
7815,1,1,1,0
7816,3,1,1,0
7817,1,1,1,0
7818,5,1,1,0
7819,1,1,1,0
7820,1,1,1,0
7821,1,1,1,0
7822,8,1,1,0
7823,3,1,1,0
7824,5,1,1,0
7825,4,1,1,0
7826,3,1,1,0
7827,10,1,1,0
7828,5,1,1,0
7829,2,1,1,0
7830,1,1,1,0
7831,1,1,1,0
7832,3,1,1,0
7833,1,1,1,0
7834,4,1,1,0
7835,3,1,1,0
7836,3,1,1,0
7837,2,1,1,0
7838,4,1,1,0
7839,5,1,1,0
7840,3,1,1,0
7841,6,1,1,0
7842,1,1,1,0
7843,1,1,1,0
7844,1,1,1,0
7845,4,1,1,0
7846,5,1,1,0
7847,15,1,1,0
7848,4,1,1,0
7849,10,1,1,0
7850,8,1,1,0
7851,1,1,1,0
7852,1,1,1,0
7853,7,1,1,0
7854,3,1,1,0
7855,6,1,1,0
7856,3,1,1,0
7857,3,1,1,0
7858,1,1,1,0
7859,1,1,1,0
7860,3,1,1,0
7861,12,1,1,0
7862,11,1,1,0
7863,4,1,1,0
7864,3,1,1,0
7865,6,1,1,0
7866,4,1,1,0
7867,6,1,1,0
7868,4,1,1,0
7869,2,1,1,0
7870,3,1,1,0
7871,1,1,1,0
7872,4,1,1,0
7873,1,1,1,0
7874,3,1,1,0
7875,5,1,1,0
7876,5,1,1,0
7877,3,1,1,0
7878,16,1,1,0
7879,1,1,1,0
7880,2,1,1,0
7881,6,1,1,0
7882,5,1,1,0
7883,2,1,1,0
7884,1,1,1,0
7885,3,1,1,0
7886,1,1,1,0
7887,1,1,1,0
7888,3,1,1,0
7889,3,1,1,0
7890,3,1,1,0
7891,1,1,1,0
7892,2,1,1,0
7893,1,1,1,0
7894,4,1,1,0
7895,1,1,1,0
7896,6,1,1,0
7897,4,1,1,0
7898,2,1,1,0
7899,5,1,1,0
7900,7,1,1,0
7901,2,1,1,0
7902,5,1,1,0
7903,11,1,1,0
7904,4,1,1,0
7905,8,1,1,0
7906,1,1,1,0
7907,1,1,1,0
7908,2,1,1,0
7909,8,1,1,0
7910,3,1,1,0
7911,1,1,1,0
7912,5,1,1,0
7913,1,1,1,0
7914,1,1,1,0
7915,3,1,1,0
7916,2,1,1,0
7917,2,1,1,0
7918,2,1,1,0
7919,4,1,1,0
7920,16,1,1,0
7921,4,1,1,0
7922,3,1,1,0
7923,2,1,1,0
7924,7,1,1,0
7925,6,1,1,0
7926,1,1,1,0
7927,3,1,1,0
7928,6,1,1,0
7929,9,1,1,0
7930,2,1,1,0
7931,2,1,1,0
7932,1,1,1,0
7933,7,1,1,0
7934,2,1,1,0
7935,4,1,1,0
7936,1,1,1,0
7937,2,1,1,0
7938,1,1,1,0
7939,1,1,1,0
7940,1,1,1,0
7941,9,1,1,0
7942,1,1,1,0
7943,3,1,1,0
7944,1,1,1,0
7945,4,1,1,0
7946,13,1,1,0
7947,1,1,1,0
7948,8,1,1,0
7949,2,1,1,0
7950,3,1,1,0
7951,2,1,1,0
7952,3,1,1,0
7953,3,1,1,0
7954,5,1,1,0
7955,2,1,1,0
7956,1,1,1,0
7957,1,1,1,0
7958,4,1,1,0
7959,3,1,1,0
7960,1,1,1,0
7961,6,1,1,0
7962,4,1,1,0
7963,2,1,1,0
7964,7,1,1,0
7965,7,1,1,0
7966,3,1,1,0
7967,4,1,1,0
7968,6,1,1,0
7969,5,1,1,0
7970,4,1,1,0
7971,2,1,1,0
7972,3,1,1,0
7973,3,1,1,0
7974,2,1,1,0
7975,3,1,1,0
7976,7,1,1,0
7977,4,1,1,0
7978,6,1,1,0
7979,2,1,1,0
7980,2,1,1,0
7981,2,1,1,0
7982,2,1,1,0
7983,5,1,1,0
7984,3,1,1,0
7985,6,1,1,0
7986,7,1,1,0
7987,3,1,1,0
7988,2,1,1,0
7989,2,1,1,0
7990,4,1,1,0
7991,3,1,1,0
7992,9,1,1,0
7993,3,1,1,0
7994,2,1,1,0
7995,4,1,1,0
7996,3,1,1,0
7997,6,1,1,0
7998,3,1,1,0
7999,4,1,1,0
8000,1,1,1,0
8001,3,1,1,0
8002,1,1,1,0
8003,6,1,1,0
8004,1,1,1,0
8005,4,1,1,0
8006,2,1,1,0
8007,3,1,1,0
8008,5,1,1,0
8009,3,1,1,0
8010,3,1,1,0
8011,9,1,1,0
8012,13,1,1,0
8013,2,1,1,0
8014,1,1,1,0
8015,16,1,1,0
8016,3,1,1,0
8017,10,1,1,0
8018,1,1,1,0
8019,1,1,1,0
8020,2,1,1,0
8021,6,1,1,0
8022,3,1,1,0
8023,1,1,1,0
8024,11,1,1,0
8025,5,1,1,0
8026,1,1,1,0
8027,5,1,1,0
8028,2,1,1,0
8029,1,1,1,0
8030,1,1,1,0
8031,5,1,1,0
8032,10,1,1,0
8033,1,1,1,0
8034,1,1,1,0
8035,4,1,1,0
8036,7,1,1,0
8037,5,1,1,0
8038,3,1,1,0
8039,4,1,1,0
8040,4,1,1,0
8041,2,1,1,0
8042,2,1,1,0
8043,4,1,1,0
8044,3,1,1,0
8045,4,1,1,0
8046,2,1,1,0
8047,1,1,1,0
8048,3,1,1,0
8049,4,1,1,0
8050,4,1,1,0
8051,4,1,1,0
8052,1,1,1,0
8053,1,1,1,0
8054,15,1,1,0
8055,3,1,1,0
8056,2,1,1,0
8057,1,1,1,0
8058,4,1,1,0
8059,2,1,1,0
8060,1,1,1,0
8061,2,1,1,0
8062,11,1,1,0
8063,3,1,1,0
8064,2,1,1,0
8065,4,1,1,0
8066,1,1,1,0
8067,2,1,1,0
8068,1,1,1,0
8069,1,1,1,0
8070,4,1,1,0
8071,1,1,1,0
8072,1,1,1,0
8073,8,1,1,0
8074,11,1,1,0
8075,1,1,1,0
8076,5,1,1,0
8077,3,1,1,0
8078,1,1,1,0
8079,8,1,1,0
8080,2,1,1,0
8081,12,1,1,0
8082,8,1,1,0
8083,3,1,1,0
8084,3,1,1,0
8085,5,1,1,0
8086,12,1,1,0
8087,2,1,1,0
8088,2,1,1,0
8089,5,1,1,0
8090,2,1,1,0
8091,9,1,1,0
8092,1,1,1,0
8093,5,1,1,0
8094,1,1,1,0
8095,1,1,1,0
8096,1,1,1,0
8097,7,1,1,0
8098,2,1,1,0
8099,7,1,1,0
8100,2,1,1,0
8101,4,1,1,0
8102,1,1,1,0
8103,5,1,1,0
8104,1,1,1,0
8105,4,1,1,0
8106,3,1,1,0
8107,2,1,1,0
8108,1,1,1,0
8109,8,1,1,0
8110,3,1,1,0
8111,5,1,1,0
8112,1,1,1,0
8113,4,1,1,0
8114,3,1,1,0
8115,8,1,1,0
8116,5,1,1,0
8117,4,1,1,0
8118,1,1,1,0
8119,9,1,1,0
8120,3,1,1,0
8121,2,1,1,0
8122,7,1,1,0
8123,5,1,1,0
8124,4,1,1,0
8125,2,1,1,0
8126,3,1,1,0
8127,5,1,1,0
8128,2,1,1,0
8129,4,1,1,0
8130,1,1,1,0
8131,3,1,1,0
8132,2,1,1,0
8133,8,1,1,0
8134,5,1,1,0
8135,10,1,1,0
8136,3,1,1,0
8137,1,1,1,0
8138,3,1,1,0
8139,10,1,1,0
8140,11,1,1,0
8141,1,1,1,0
8142,1,1,1,0
8143,1,1,1,0
8144,5,1,1,0
8145,3,1,1,0
8146,3,1,1,0
8147,5,1,1,0
8148,2,1,1,0
8149,1,1,1,0
8150,3,1,1,0
8151,10,1,1,0
8152,8,1,1,0
8153,1,1,1,0
8154,4,1,1,0
8155,5,1,1,0
8156,1,1,1,0
8157,3,1,1,0
8158,3,1,1,0
8159,2,1,1,0
8160,6,1,1,0
8161,3,1,1,0
8162,2,1,1,0
8163,5,1,1,0
8164,1,1,1,0
8165,4,1,1,0
8166,2,1,1,0
8167,3,1,1,0
8168,8,1,1,0
8169,4,1,1,0
8170,5,1,1,0
8171,2,1,1,0
8172,3,1,1,0
8173,1,1,1,0
8174,5,1,1,0
8175,2,1,1,0
8176,3,1,1,0
8177,1,1,1,0
8178,6,1,1,0
8179,1,1,1,0
8180,10,1,1,0
8181,1,1,1,0
8182,11,1,1,0
8183,1,1,1,0
8184,3,1,1,0
8185,3,1,1,0
8186,3,1,1,0
8187,5,1,1,0
8188,3,1,1,0
8189,1,1,1,0
8190,6,1,1,0
8191,2,1,1,0
8192,6,1,1,0
8193,1,1,1,0
8194,5,1,1,0
8195,4,1,1,0
8196,4,1,1,0
8197,5,1,1,0
8198,4,1,1,0
8199,5,1,1,0
8200,6,1,1,0
8201,7,1,1,0
8202,6,1,1,0
8203,3,1,1,0
8204,1,1,1,0
8205,3,1,1,0
8206,5,1,1,0
8207,2,1,1,0
8208,1,1,1,0
8209,3,1,1,0
8210,5,1,1,0
8211,1,1,1,0
8212,1,1,1,0
8213,8,1,1,0
8214,1,1,1,0
8215,4,1,1,0
8216,2,1,1,0
8217,3,1,1,0
8218,3,1,1,0
8219,1,1,1,0
8220,2,1,1,0
8221,1,1,1,0
8222,6,1,1,0
8223,1,1,1,0
8224,2,1,1,0
8225,1,1,1,0
8226,3,1,1,0
8227,1,1,1,0
8228,4,1,1,0
8229,5,1,1,0
8230,1,1,1,0
8231,1,1,1,0
8232,5,1,1,0
8233,5,1,1,0
8234,2,1,1,0
8235,1,1,1,0
8236,3,1,1,0
8237,2,1,1,0
8238,11,1,1,0
8239,3,1,1,0
8240,9,1,1,0
8241,3,1,1,0
8242,2,1,1,0
8243,1,1,1,0
8244,3,1,1,0
8245,7,1,1,0
8246,3,1,1,0
8247,5,1,1,0
8248,1,1,1,0
8249,1,1,1,0
8250,4,1,1,0
8251,5,1,1,0
8252,1,1,1,0
8253,3,1,1,0
8254,2,1,1,0
8255,4,1,1,0
8256,2,1,1,0
8257,9,1,1,0
8258,9,1,1,0
8259,6,1,1,0
8260,1,1,1,0
8261,3,1,1,0
8262,1,1,1,0
8263,1,1,1,0
8264,7,1,1,0
8265,2,1,1,0
8266,6,1,1,0
8267,5,1,1,0
8268,1,1,1,0
8269,1,1,1,0
8270,14,1,1,0
8271,1,1,1,0
8272,10,1,1,0
8273,4,1,1,0
8274,1,1,1,0
8275,3,1,1,0
8276,5,1,1,0
8277,2,1,1,0
8278,2,1,1,0
8279,2,1,1,0
8280,4,1,1,0
8281,2,1,1,0
8282,4,1,1,0
8283,5,1,1,0
8284,1,1,1,0
8285,5,1,1,0
8286,6,1,1,0
8287,3,1,1,0
8288,1,1,1,0
8289,3,1,1,0
8290,5,1,1,0
8291,5,1,1,0
8292,1,1,1,0
8293,10,1,1,0
8294,8,1,1,0
8295,9,1,1,0
8296,2,1,1,0
8297,2,1,1,0
8298,2,1,1,0
8299,1,1,1,0
8300,3,1,1,0
8301,5,1,1,0
8302,1,1,1,0
8303,3,1,1,0
8304,2,1,1,0
8305,4,1,1,0
8306,2,1,1,0
8307,11,1,1,0
8308,3,1,1,0
8309,2,1,1,0
8310,5,1,1,0
8311,4,1,1,0
8312,5,1,1,0
8313,2,1,1,0
8314,6,1,1,0
8315,3,1,1,0
8316,2,1,1,0
8317,5,1,1,0
8318,1,1,1,0
8319,8,1,1,0
8320,1,1,1,0
8321,7,1,1,0
8322,1,1,1,0
8323,7,1,1,0
8324,1,1,1,0
8325,2,1,1,0
8326,2,1,1,0
8327,4,1,1,0
8328,12,1,1,0
8329,2,1,1,0
8330,3,1,1,0
8331,3,1,1,0
8332,3,1,1,0
8333,16,1,1,0
8334,6,1,1,0
8335,3,1,1,0
8336,7,1,1,0
8337,14,1,1,0
8338,3,1,1,0
8339,2,1,1,0
8340,2,1,1,0
8341,1,1,1,0
8342,2,1,1,0
8343,3,1,1,0
8344,6,1,1,0
8345,1,1,1,0
8346,3,1,1,0
8347,2,1,1,0
8348,3,1,1,0
8349,4,1,1,0
8350,2,1,1,0
8351,3,1,1,0
8352,3,1,1,0
8353,1,1,1,0
8354,3,1,1,0
8355,4,1,1,0
8356,6,1,1,0
8357,1,1,1,0
8358,3,1,1,0
8359,4,1,1,0
8360,3,1,1,0
8361,3,1,1,0
8362,6,1,1,0
8363,3,1,1,0
8364,6,1,1,0
8365,9,1,1,0
8366,6,1,1,0
8367,1,1,1,0
8368,4,1,1,0
8369,1,1,1,0
8370,2,1,1,0
8371,1,1,1,0
8372,7,1,1,0
8373,1,1,1,0
8374,5,1,1,0
8375,1,1,1,0
8376,5,1,1,0
8377,2,1,1,0
8378,4,1,1,0
8379,3,1,1,0
8380,4,1,1,0
8381,2,1,1,0
8382,9,1,1,0
8383,6,1,1,0
8384,10,1,1,0
8385,12,1,1,0
8386,3,1,1,0
8387,1,1,1,0
8388,4,1,1,0
8389,1,1,1,0
8390,3,1,1,0
8391,1,1,1,0
8392,1,1,1,0
8393,3,1,1,0
8394,2,1,1,0
8395,1,1,1,0
8396,1,1,1,0
8397,13,1,1,0
8398,1,1,1,0
8399,4,1,1,0
8400,1,1,1,0
8401,1,1,1,0
8402,2,1,1,0
8403,1,1,1,0
8404,3,1,1,0
8405,2,1,1,0
8406,2,1,1,0
8407,4,1,1,0
8408,1,1,1,0
8409,2,1,1,0
8410,3,1,1,0
8411,5,1,1,0
8412,1,1,1,0
8413,6,1,1,0
8414,1,1,1,0
8415,3,1,1,0
8416,5,1,1,0
8417,4,1,1,0
8418,5,1,1,0
8419,2,1,1,0
8420,2,1,1,0
8421,3,1,1,0
8422,16,1,1,0
8423,2,1,1,0
8424,3,1,1,0
8425,6,1,1,0
8426,3,1,1,0
8427,3,1,1,0
8428,4,1,1,0
8429,2,1,1,0
8430,5,1,1,0
8431,2,1,1,0
8432,1,1,1,0
8433,10,1,1,0
8434,6,1,1,0
8435,1,1,1,0
8436,1,1,1,0
8437,1,1,1,0
8438,5,1,1,0
8439,5,1,1,0
8440,3,1,1,0
8441,3,1,1,0
8442,1,1,1,0
8443,9,1,1,0
8444,2,1,1,0
8445,2,1,1,0
8446,1,1,1,0
8447,7,1,1,0
8448,3,1,1,0
8449,1,1,1,0
8450,3,1,1,0
8451,7,1,1,0
8452,4,1,1,0
8453,3,1,1,0
8454,1,1,1,0
8455,1,1,1,0
8456,5,1,1,0
8457,6,1,1,0
8458,2,1,1,0
8459,6,1,1,0
8460,6,1,1,0
8461,3,1,1,0
8462,5,1,1,0
8463,2,1,1,0
8464,3,1,1,0
8465,1,1,1,0
8466,3,1,1,0
8467,6,1,1,0
8468,2,1,1,0
8469,3,1,1,0
8470,2,1,1,0
8471,1,1,1,0
8472,7,1,1,0
8473,3,1,1,0
8474,1,1,1,0
8475,10,1,1,0
8476,4,1,1,0
8477,3,1,1,0
8478,2,1,1,0
8479,8,1,1,0
8480,6,1,1,0
8481,1,1,1,0
8482,10,1,1,0
8483,4,1,1,0
8484,2,1,1,0
8485,1,1,1,0
8486,7,1,1,0
8487,2,1,1,0
8488,8,1,1,0
8489,3,1,1,0
8490,7,1,1,0
8491,2,1,1,0
8492,2,1,1,0
8493,5,1,1,0
8494,4,1,1,0
8495,5,1,1,0
8496,2,1,1,0
8497,1,1,1,0
8498,1,1,1,0
8499,2,1,1,0
8500,3,1,1,0
8501,2,1,1,0
8502,5,1,1,0
8503,1,1,1,0
8504,2,1,1,0
8505,3,1,1,0
8506,1,1,1,0
8507,6,1,1,0
8508,3,1,1,0
8509,8,1,1,0
8510,1,1,1,0
8511,7,1,1,0
8512,6,1,1,0
8513,4,1,1,0
8514,2,1,1,0
8515,2,1,1,0
8516,4,1,1,0
8517,3,1,1,0
8518,2,1,1,0
8519,2,1,1,0
8520,2,1,1,0
8521,5,1,1,0
8522,2,1,1,0
8523,1,1,1,0
8524,2,1,1,0
8525,3,1,1,0
8526,2,1,1,0
8527,5,1,1,0
8528,2,1,1,0
8529,5,1,1,0
8530,5,1,1,0
8531,3,1,1,0
8532,1,1,1,0
8533,2,1,1,0
8534,1,1,1,0
8535,6,1,1,0
8536,6,1,1,0
8537,2,1,1,0
8538,7,1,1,0
8539,5,1,1,0
8540,3,1,1,0
8541,3,1,1,0
8542,2,1,1,0
8543,5,1,1,0
8544,9,1,1,0
8545,2,1,1,0
8546,3,1,1,0
8547,3,1,1,0
8548,2,1,1,0
8549,7,1,1,0
8550,3,1,1,0
8551,4,1,1,0
8552,1,1,1,0
8553,5,1,1,0
8554,5,1,1,0
8555,1,1,1,0
8556,4,1,1,0
8557,1,1,1,0
8558,1,1,1,0
8559,3,1,1,0
8560,12,1,1,0
8561,4,1,1,0
8562,1,1,1,0
8563,9,1,1,0
8564,2,1,1,0
8565,3,1,1,0
8566,2,1,1,0
8567,4,1,1,0
8568,2,1,1,0
8569,1,1,1,0
8570,3,1,1,0
8571,1,1,1,0
8572,3,1,1,0
8573,3,1,1,0
8574,1,1,1,0
8575,4,1,1,0
8576,4,1,1,0
8577,5,1,1,0
8578,1,1,1,0
8579,4,1,1,0
8580,1,1,1,0
8581,3,1,1,0
8582,1,1,1,0
8583,3,1,1,0
8584,2,1,1,0
8585,6,1,1,0
8586,3,1,1,0
8587,10,1,1,0
8588,3,1,1,0
8589,4,1,1,0
8590,3,1,1,0
8591,1,1,1,0
8592,2,1,1,0
8593,5,1,1,0
8594,3,1,1,0
8595,3,1,1,0
8596,8,1,1,0
8597,1,1,1,0
8598,4,1,1,0
8599,5,1,1,0
8600,3,1,1,0
8601,2,1,1,0
8602,1,1,1,0
8603,3,1,1,0
8604,2,1,1,0
8605,1,1,1,0
8606,2,1,1,0
8607,2,1,1,0
8608,5,1,1,0
8609,1,1,1,0
8610,1,1,1,0
8611,3,1,1,0
8612,1,1,1,0
8613,1,1,1,0
8614,4,1,1,0
8615,2,1,1,0
8616,1,1,1,0
8617,1,1,1,0
8618,1,1,1,0
8619,3,1,1,0
8620,1,1,1,0
8621,6,1,1,0
8622,3,1,1,0
8623,2,1,1,0
8624,2,1,1,0
8625,3,1,1,0
8626,2,1,1,0
8627,1,1,1,0
8628,4,1,1,0
8629,4,1,1,0
8630,8,1,1,0
8631,5,1,1,0
8632,4,1,1,0
8633,10,1,1,0
8634,7,1,1,0
8635,1,1,1,0
8636,1,1,1,0
8637,3,1,1,0
8638,2,1,1,0
8639,2,1,1,0
8640,1,1,1,0
8641,2,1,1,0
8642,7,1,1,0
8643,7,1,1,0
8644,1,1,1,0
8645,4,1,1,0
8646,1,1,1,0
8647,1,1,1,0
8648,2,1,1,0
8649,2,1,1,0
8650,2,1,1,0
8651,1,1,1,0
8652,2,1,1,0
8653,1,1,1,0
8654,4,1,1,0
8655,2,1,1,0
8656,3,1,1,0
8657,3,1,1,0
8658,2,1,1,0
8659,1,1,1,0
8660,4,1,1,0
8661,3,1,1,0
8662,6,1,1,0
8663,11,1,1,0
8664,5,1,1,0
8665,1,1,1,0
8666,1,1,1,0
8667,8,1,1,0
8668,3,1,1,0
8669,3,1,1,0
8670,1,1,1,0
8671,4,1,1,0
8672,4,1,1,0
8673,9,1,1,0
8674,3,1,1,0
8675,2,1,1,0
8676,2,1,1,0
8677,1,1,1,0
8678,1,1,1,0
8679,2,1,1,0
8680,3,1,1,0
8681,3,1,1,0
8682,1,1,1,0
8683,3,1,1,0
8684,2,1,1,0
8685,1,1,1,0
8686,2,1,1,0
8687,3,1,1,0
8688,2,1,1,0
8689,1,1,1,0
8690,3,1,1,0
8691,5,1,1,0
8692,4,1,1,0
8693,3,1,1,0
8694,4,1,1,0
8695,1,1,1,0
8696,1,1,1,0
8697,4,1,1,0
8698,5,1,1,0
8699,1,1,1,0
8700,5,1,1,0
8701,8,1,1,0
8702,7,1,1,0
8703,1,1,1,0
8704,5,1,1,0
8705,2,1,1,0
8706,1,1,1,0
8707,4,1,1,0
8708,2,1,1,0
8709,1,1,1,0
8710,3,1,1,0
8711,7,1,1,0
8712,4,1,1,0
8713,2,1,1,0
8714,1,1,1,0
8715,8,1,1,0
8716,4,1,1,0
8717,13,1,1,0
8718,1,1,1,0
8719,7,1,1,0
8720,4,1,1,0
8721,5,1,1,0
8722,4,1,1,0
8723,5,1,1,0
8724,5,1,1,0
8725,18,1,1,0
8726,3,1,1,0
8727,2,1,1,0
8728,2,1,1,0
8729,2,1,1,0
8730,20,1,1,0
8731,1,1,1,0
8732,3,1,1,0
8733,4,1,1,0
8734,2,1,1,0
8735,2,1,1,0
8736,1,1,1,0
8737,4,1,1,0
8738,2,1,1,0
8739,9,1,1,0
8740,2,1,1,0
8741,6,1,1,0
8742,3,1,1,0
8743,1,1,1,0
8744,1,1,1,0
8745,3,1,1,0
8746,2,1,1,0
8747,4,1,1,0
8748,3,1,1,0
8749,7,1,1,0
8750,3,1,1,0
8751,5,1,1,0
8752,3,1,1,0
8753,2,1,1,0
8754,1,1,1,0
8755,1,1,1,0
8756,2,1,1,0
8757,1,1,1,0
8758,1,1,1,0
8759,3,1,1,0
8760,9,1,1,0
8761,1,1,1,0
8762,3,1,1,0
8763,2,1,1,0
8764,5,1,1,0
8765,2,1,1,0
8766,1,1,1,0
8767,3,1,1,0
8768,2,1,1,0
8769,6,1,1,0
8770,2,1,1,0
8771,6,1,1,0
8772,4,1,1,0
8773,1,1,1,0
8774,1,1,1,0
8775,1,1,1,0
8776,3,1,1,0
8777,2,1,1,0
8778,3,1,1,0
8779,3,1,1,0
8780,1,1,1,0
8781,4,1,1,0
8782,2,1,1,0
8783,1,1,1,0
8784,3,1,1,0
8785,2,1,1,0
8786,2,1,1,0
8787,3,1,1,0
8788,1,1,1,0
8789,1,1,1,0
8790,1,1,1,0
8791,1,1,1,0
8792,3,1,1,0
8793,3,1,1,0
8794,2,1,1,0
8795,1,1,1,0
8796,5,1,1,0
8797,16,1,1,0
8798,3,1,1,0
8799,2,1,1,0
8800,2,1,1,0
8801,1,1,1,0
8802,8,1,1,0
8803,11,1,1,0
8804,5,1,1,0
8805,2,1,1,0
8806,2,1,1,0
8807,3,1,1,0
8808,4,1,1,0
8809,6,1,1,0
8810,1,1,1,0
8811,4,1,1,0
8812,1,1,1,0
8813,9,1,1,0
8814,1,1,1,0
8815,7,1,1,0
8816,2,1,1,0
8817,3,1,1,0
8818,1,1,1,0
8819,5,1,1,0
8820,2,1,1,0
8821,13,1,1,0
8822,6,1,1,0
8823,2,1,1,0
8824,2,1,1,0
8825,9,1,1,0
8826,4,1,1,0
8827,5,1,1,0
8828,2,1,1,0
8829,2,1,1,0
8830,4,1,1,0
8831,3,1,1,0
8832,1,1,1,0
8833,2,1,1,0
8834,2,1,1,0
8835,3,1,1,0
8836,5,1,1,0
8837,4,1,1,0
8838,6,1,1,0
8839,7,1,1,0
8840,7,1,1,0
8841,1,1,1,0
8842,3,1,1,0
8843,2,1,1,0
8844,1,1,1,0
8845,1,1,1,0
8846,2,1,1,0
8847,3,1,1,0
8848,2,1,1,0
8849,1,1,1,0
8850,2,1,1,0
8851,3,1,1,0
8852,1,1,1,0
8853,1,1,1,0
8854,1,1,1,0
8855,1,1,1,0
8856,1,1,1,0
8857,1,1,1,0
8858,1,1,1,0
8859,2,1,1,0
8860,1,1,1,0
8861,1,1,1,0
8862,1,1,1,0
8863,4,1,1,0
8864,6,1,1,0
8865,2,1,1,0
8866,3,1,1,0
8867,5,1,1,0
8868,1,1,1,0
8869,3,1,1,0
8870,13,1,1,0
8871,2,1,1,0
8872,2,1,1,0
8873,1,1,1,0
8874,4,1,1,0
8875,4,1,1,0
8876,2,1,1,0
8877,3,1,1,0
8878,5,1,1,0
8879,1,1,1,0
8880,6,1,1,0
8881,8,1,1,0
8882,6,1,1,0
8883,5,1,1,0
8884,6,1,1,0
8885,8,1,1,0
8886,7,1,1,0
8887,4,1,1,0
8888,1,1,1,0
8889,7,1,1,0
8890,4,1,1,0
8891,1,1,1,0
8892,1,1,1,0
8893,1,1,1,0
8894,6,1,1,0
8895,2,1,1,0
8896,3,1,1,0
8897,2,1,1,0
8898,5,1,1,0
8899,1,1,1,0
8900,3,1,1,0
8901,1,1,1,0
8902,2,1,1,0
8903,1,1,1,0
8904,4,1,1,0
8905,1,1,1,0
8906,8,1,1,0
8907,2,1,1,0
8908,1,1,1,0
8909,2,1,1,0
8910,1,1,1,0
8911,1,1,1,0
8912,4,1,1,0
8913,3,1,1,0
8914,2,1,1,0
8915,6,1,1,0
8916,4,1,1,0
8917,3,1,1,0
8918,8,1,1,0
8919,3,1,1,0
8920,3,1,1,0
8921,4,1,1,0
8922,3,1,1,0
8923,1,1,1,0
8924,8,1,1,0
8925,6,1,1,0
8926,1,1,1,0
8927,7,1,1,0
8928,2,1,1,0
8929,2,1,1,0
8930,4,1,1,0
8931,7,1,1,0
8932,5,1,1,0
8933,2,1,1,0
8934,11,1,1,0
8935,1,1,1,0
8936,3,1,1,0
8937,3,1,1,0
8938,5,1,1,0
8939,2,1,1,0
8940,3,1,1,0
8941,2,1,1,0
8942,3,1,1,0
8943,5,1,1,0
8944,5,1,1,0
8945,6,1,1,0
8946,5,1,1,0
8947,1,1,1,0
8948,4,1,1,0
8949,10,1,1,0
8950,1,1,1,0
8951,1,1,1,0
8952,9,1,1,0
8953,1,1,1,0
8954,4,1,1,0
8955,2,1,1,0
8956,1,1,1,0
8957,3,1,1,0
8958,3,1,1,0
8959,20,1,1,0
8960,5,1,1,0
8961,1,1,1,0
8962,3,1,1,0
8963,1,1,1,0
8964,7,1,1,0
8965,3,1,1,0
8966,2,1,1,0
8967,3,1,1,0
8968,2,1,1,0
8969,5,1,1,0
8970,7,1,1,0
8971,5,1,1,0
8972,2,1,1,0
8973,2,1,1,0
8974,5,1,1,0
8975,1,1,1,0
8976,1,1,1,0
8977,2,1,1,0
8978,3,1,1,0
8979,1,1,1,0
8980,6,1,1,0
8981,1,1,1,0
8982,1,1,1,0
8983,2,1,1,0
8984,3,1,1,0
8985,4,1,1,0
8986,4,1,1,0
8987,1,1,1,0
8988,2,1,1,0
8989,4,1,1,0
8990,1,1,1,0
8991,4,1,1,0
8992,3,1,1,0
8993,1,1,1,0
8994,5,1,1,0
8995,1,1,1,0
8996,4,1,1,0
8997,2,1,1,0
8998,5,1,1,0
8999,1,1,1,0
9000,7,1,1,0
9001,5,1,1,0
9002,2,1,1,0
9003,1,1,1,0
9004,5,1,1,0
9005,1,1,1,0
9006,7,1,1,0
9007,1,1,1,0
9008,1,1,1,0
9009,4,1,1,0
9010,2,1,1,0
9011,3,1,1,0
9012,8,1,1,0
9013,1,1,1,0
9014,3,1,1,0
9015,7,1,1,0
9016,1,1,1,0
9017,5,1,1,0
9018,5,1,1,0
9019,1,1,1,0
9020,1,1,1,0
9021,2,1,1,0
9022,7,1,1,0
9023,4,1,1,0
9024,2,1,1,0
9025,3,1,1,0
9026,5,1,1,0
9027,4,1,1,0
9028,5,1,1,0
9029,3,1,1,0
9030,3,1,1,0
9031,6,1,1,0
9032,1,1,1,0
9033,4,1,1,0
9034,1,1,1,0
9035,2,1,1,0
9036,5,1,1,0
9037,11,1,1,0
9038,3,1,1,0
9039,3,1,1,0
9040,5,1,1,0
9041,1,1,1,0
9042,4,1,1,0
9043,3,1,1,0
9044,1,1,1,0
9045,1,1,1,0
9046,4,1,1,0
9047,1,1,1,0
9048,1,1,1,0
9049,2,1,1,0
9050,1,1,1,0
9051,3,1,1,0
9052,8,1,1,0
9053,4,1,1,0
9054,2,1,1,0
9055,4,1,1,0
9056,3,1,1,0
9057,5,1,1,0
9058,8,1,1,0
9059,5,1,1,0
9060,2,1,1,0
9061,3,1,1,0
9062,1,1,1,0
9063,3,1,1,0
9064,5,1,1,0
9065,2,1,1,0
9066,3,1,1,0
9067,1,1,1,0
9068,3,1,1,0
9069,7,1,1,0
9070,1,1,1,0
9071,4,1,1,0
9072,6,1,1,0
9073,4,1,1,0
9074,2,1,1,0
9075,1,1,1,0
9076,3,1,1,0
9077,4,1,1,0
9078,1,1,1,0
9079,3,1,1,0
9080,1,1,1,0
9081,4,1,1,0
9082,1,1,1,0
9083,2,1,1,0
9084,2,1,1,0
9085,9,1,1,0
9086,3,1,1,0
9087,3,1,1,0
9088,3,1,1,0
9089,1,1,1,0
9090,2,1,1,0
9091,1,1,1,0
9092,2,1,1,0
9093,4,1,1,0
9094,7,1,1,0
9095,11,1,1,0
9096,3,1,1,0
9097,3,1,1,0
9098,9,1,1,0
9099,2,1,1,0
9100,1,1,1,0
9101,1,1,1,0
9102,1,1,1,0
9103,3,1,1,0
9104,2,1,1,0
9105,2,1,1,0
9106,4,1,1,0
9107,3,1,1,0
9108,9,1,1,0
9109,5,1,1,0
9110,1,1,1,0
9111,1,1,1,0
9112,1,1,1,0
9113,6,1,1,0
9114,4,1,1,0
9115,6,1,1,0
9116,4,1,1,0
9117,7,1,1,0
9118,3,1,1,0
9119,1,1,1,0
9120,3,1,1,0
9121,8,1,1,0
9122,8,1,1,0
9123,6,1,1,0
9124,4,1,1,0
9125,1,1,1,0
9126,5,1,1,0
9127,4,1,1,0
9128,2,1,1,0
9129,4,1,1,0
9130,12,1,1,0
9131,6,1,1,0
9132,5,1,1,0
9133,1,1,1,0
9134,5,1,1,0
9135,4,1,1,0
9136,1,1,1,0
9137,3,1,1,0
9138,4,1,1,0
9139,1,1,1,0
9140,3,1,1,0
9141,7,1,1,0
9142,2,1,1,0
9143,1,1,1,0
9144,5,1,1,0
9145,3,1,1,0
9146,1,1,1,0
9147,2,1,1,0
9148,2,1,1,0
9149,4,1,1,0
9150,8,1,1,0
9151,3,1,1,0
9152,3,1,1,0
9153,4,1,1,0
9154,7,1,1,0
9155,4,1,1,0
9156,2,1,1,0
9157,2,1,1,0
9158,1,1,1,0
9159,3,1,1,0
9160,5,1,1,0
9161,2,1,1,0
9162,3,1,1,0
9163,1,1,1,0
9164,2,1,1,0
9165,2,1,1,0
9166,5,1,1,0
9167,5,1,1,0
9168,4,1,1,0
9169,3,1,1,0
9170,4,1,1,0
9171,3,1,1,0
9172,3,1,1,0
9173,3,1,1,0
9174,2,1,1,0
9175,7,1,1,0
9176,1,1,1,0
9177,1,1,1,0
9178,1,1,1,0
9179,5,1,1,0
9180,4,1,1,0
9181,7,1,1,0
9182,1,1,1,0
9183,5,1,1,0
9184,1,1,1,0
9185,8,1,1,0
9186,1,1,1,0
9187,1,1,1,0
9188,14,1,1,0
9189,1,1,1,0
9190,7,1,1,0
9191,3,1,1,0
9192,4,1,1,0
9193,5,1,1,0
9194,2,1,1,0
9195,2,1,1,0
9196,5,1,1,0
9197,4,1,1,0
9198,3,1,1,0
9199,1,1,1,0
9200,4,1,1,0
9201,1,1,1,0
9202,3,1,1,0
9203,5,1,1,0
9204,4,1,1,0
9205,3,1,1,0
9206,5,1,1,0
9207,1,1,1,0
9208,2,1,1,0
9209,4,1,1,0
9210,1,1,1,0
9211,4,1,1,0
9212,2,1,1,0
9213,5,1,1,0
9214,1,1,1,0
9215,3,1,1,0
9216,4,1,1,0
9217,4,1,1,0
9218,2,1,1,0
9219,10,1,1,0
9220,1,1,1,0
9221,8,1,1,0
9222,4,1,1,0
9223,2,1,1,0
9224,1,1,1,0
9225,2,1,1,0
9226,5,1,1,0
9227,5,1,1,0
9228,3,1,1,0
9229,2,1,1,0
9230,5,1,1,0
9231,3,1,1,0
9232,1,1,1,0
9233,1,1,1,0
9234,9,1,1,0
9235,2,1,1,0
9236,6,1,1,0
9237,7,1,1,0
9238,3,1,1,0
9239,3,1,1,0
9240,1,1,1,0
9241,2,1,1,0
9242,5,1,1,0
9243,6,1,1,0
9244,3,1,1,0
9245,8,1,1,0
9246,8,1,1,0
9247,5,1,1,0
9248,3,1,1,0
9249,6,1,1,0
9250,2,1,1,0
9251,1,1,1,0
9252,17,1,1,0
9253,1,1,1,0
9254,2,1,1,0
9255,4,1,1,0
9256,2,1,1,0
9257,2,1,1,0
9258,5,1,1,0
9259,1,1,1,0
9260,4,1,1,0
9261,5,1,1,0
9262,10,1,1,0
9263,2,1,1,0
9264,7,1,1,0
9265,18,1,1,0
9266,7,1,1,0
9267,2,1,1,0
9268,4,1,1,0
9269,5,1,1,0
9270,2,1,1,0
9271,3,1,1,0
9272,3,1,1,0
9273,4,1,1,0
9274,2,1,1,0
9275,7,1,1,0
9276,6,1,1,0
9277,5,1,1,0
9278,1,1,1,0
9279,5,1,1,0
9280,1,1,1,0
9281,3,1,1,0
9282,3,1,1,0
9283,3,1,1,0
9284,1,1,1,0
9285,5,1,1,0
9286,1,1,1,0
9287,5,1,1,0
9288,1,1,1,0
9289,2,1,1,0
9290,1,1,1,0
9291,5,1,1,0
9292,3,1,1,0
9293,5,1,1,0
9294,3,1,1,0
9295,3,1,1,0
9296,1,1,1,0
9297,1,1,1,0
9298,9,1,1,0
9299,3,1,1,0
9300,1,1,1,0
9301,2,1,1,0
9302,3,1,1,0
9303,3,1,1,0
9304,5,1,1,0
9305,2,1,1,0
9306,1,1,1,0
9307,2,1,1,0
9308,5,1,1,0
9309,2,1,1,0
9310,6,1,1,0
9311,2,1,1,0
9312,4,1,1,0
9313,9,1,1,0
9314,3,1,1,0
9315,3,1,1,0
9316,1,1,1,0
9317,6,1,1,0
9318,1,1,1,0
9319,4,1,1,0
9320,4,1,1,0
9321,1,1,1,0
9322,3,1,1,0
9323,9,1,1,0
9324,4,1,1,0
9325,2,1,1,0
9326,1,1,1,0
9327,4,1,1,0
9328,1,1,1,0
9329,1,1,1,0
9330,2,1,1,0
9331,3,1,1,0
9332,1,1,1,0
9333,2,1,1,0
9334,2,1,1,0
9335,1,1,1,0
9336,9,1,1,0
9337,6,1,1,0
9338,6,1,1,0
9339,4,1,1,0
9340,1,1,1,0
9341,2,1,1,0
9342,4,1,1,0
9343,4,1,1,0
9344,4,1,1,0
9345,1,1,1,0
9346,1,1,1,0
9347,1,1,1,0
9348,7,1,1,0
9349,11,1,1,0
9350,2,1,1,0
9351,4,1,1,0
9352,15,1,1,0
9353,2,1,1,0
9354,5,1,1,0
9355,1,1,1,0
9356,4,1,1,0
9357,3,1,1,0
9358,1,1,1,0
9359,2,1,1,0
9360,8,1,1,0
9361,2,1,1,0
9362,1,1,1,0
9363,8,1,1,0
9364,6,1,1,0
9365,3,1,1,0
9366,2,1,1,0
9367,8,1,1,0
9368,5,1,1,0
9369,2,1,1,0
9370,1,1,1,0
9371,4,1,1,0
9372,3,1,1,0
9373,8,1,1,0
9374,4,1,1,0
9375,4,1,1,0
9376,8,1,1,0
9377,5,1,1,0
9378,1,1,1,0
9379,5,1,1,0
9380,1,1,1,0
9381,3,1,1,0
9382,3,1,1,0
9383,6,1,1,0
9384,2,1,1,0
9385,1,1,1,0
9386,1,1,1,0
9387,6,1,1,0
9388,5,1,1,0
9389,1,1,1,0
9390,3,1,1,0
9391,5,1,1,0
9392,6,1,1,0
9393,1,1,1,0
9394,11,1,1,0
9395,3,1,1,0
9396,6,1,1,0
9397,5,1,1,0
9398,6,1,1,0
9399,4,1,1,0
9400,1,1,1,0
9401,4,1,1,0
9402,6,1,1,0
9403,2,1,1,0
9404,1,1,1,0
9405,6,1,1,0
9406,1,1,1,0
9407,5,1,1,0
9408,1,1,1,0
9409,3,1,1,0
9410,2,1,1,0
9411,4,1,1,0
9412,1,1,1,0
9413,4,1,1,0
9414,1,1,1,0
9415,2,1,1,0
9416,9,1,1,0
9417,2,1,1,0
9418,2,1,1,0
9419,3,1,1,0
9420,1,1,1,0
9421,3,1,1,0
9422,1,1,1,0
9423,7,1,1,0
9424,2,1,1,0
9425,4,1,1,0
9426,1,1,1,0
9427,1,1,1,0
9428,4,1,1,0
9429,1,1,1,0
9430,5,1,1,0
9431,3,1,1,0
9432,4,1,1,0
9433,3,1,1,0
9434,3,1,1,0
9435,2,1,1,0
9436,1,1,1,0
9437,10,1,1,0
9438,3,1,1,0
9439,4,1,1,0
9440,8,1,1,0
9441,5,1,1,0
9442,2,1,1,0
9443,1,1,1,0
9444,6,1,1,0
9445,1,1,1,0
9446,5,1,1,0
9447,1,1,1,0
9448,2,1,1,0
9449,5,1,1,0
9450,3,1,1,0
9451,2,1,1,0
9452,1,1,1,0
9453,1,1,1,0
9454,6,1,1,0
9455,3,1,1,0
9456,1,1,1,0
9457,13,1,1,0
9458,3,1,1,0
9459,2,1,1,0
9460,4,1,1,0
9461,3,1,1,0
9462,7,1,1,0
9463,3,1,1,0
9464,5,1,1,0
9465,1,1,1,0
9466,6,1,1,0
9467,3,1,1,0
9468,5,1,1,0
9469,1,1,1,0
9470,3,1,1,0
9471,2,1,1,0
9472,10,1,1,0
9473,5,1,1,0
9474,3,1,1,0
9475,26,1,1,0
9476,1,1,1,0
9477,3,1,1,0
9478,1,1,1,0
9479,8,1,1,0
9480,6,1,1,0
9481,1,1,1,0
9482,1,1,1,0
9483,4,1,1,0
9484,1,1,1,0
9485,2,1,1,0
9486,5,1,1,0
9487,2,1,1,0
9488,4,1,1,0
9489,6,1,1,0
9490,1,1,1,0
9491,1,1,1,0
9492,3,1,1,0
9493,3,1,1,0
9494,2,1,1,0
9495,2,1,1,0
9496,1,1,1,0
9497,14,1,1,0
9498,2,1,1,0
9499,1,1,1,0
9500,3,1,1,0
9501,4,1,1,0
9502,1,1,1,0
9503,2,1,1,0
9504,5,1,1,0
9505,2,1,1,0
9506,9,1,1,0
9507,6,1,1,0
9508,5,1,1,0
9509,6,1,1,0
9510,7,1,1,0
9511,3,1,1,0
9512,3,1,1,0
9513,1,1,1,0
9514,5,1,1,0
9515,5,1,1,0
9516,4,1,1,0
9517,1,1,1,0
9518,1,1,1,0
9519,3,1,1,0
9520,2,1,1,0
9521,6,1,1,0
9522,1,1,1,0
9523,2,1,1,0
9524,6,1,1,0
9525,7,1,1,0
9526,2,1,1,0
9527,2,1,1,0
9528,2,1,1,0
9529,2,1,1,0
9530,3,1,1,0
9531,3,1,1,0
9532,5,1,1,0
9533,2,1,1,0
9534,4,1,1,0
9535,9,1,1,0
9536,6,1,1,0
9537,7,1,1,0
9538,4,1,1,0
9539,5,1,1,0
9540,4,1,1,0
9541,4,1,1,0
9542,4,1,1,0
9543,3,1,1,0
9544,4,1,1,0
9545,4,1,1,0
9546,1,1,1,0
9547,5,1,1,0
9548,4,1,1,0
9549,2,1,1,0
9550,1,1,1,0
9551,4,1,1,0
9552,5,1,1,0
9553,1,1,1,0
9554,1,1,1,0
9555,7,1,1,0
9556,4,1,1,0
9557,2,1,1,0
9558,1,1,1,0
9559,7,1,1,0
9560,3,1,1,0
9561,4,1,1,0
9562,7,1,1,0
9563,3,1,1,0
9564,1,1,1,0
9565,2,1,1,0
9566,2,1,1,0
9567,1,1,1,0
9568,17,1,1,0
9569,2,1,1,0
9570,1,1,1,0
9571,3,1,1,0
9572,3,1,1,0
9573,7,1,1,0
9574,4,1,1,0
9575,2,1,1,0
9576,3,1,1,0
9577,3,1,1,0
9578,4,1,1,0
9579,4,1,1,0
9580,3,1,1,0
9581,1,1,1,0
9582,5,1,1,0
9583,2,1,1,0
9584,5,1,1,0
9585,12,1,1,0
9586,8,1,1,0
9587,3,1,1,0
9588,4,1,1,0
9589,2,1,1,0
9590,3,1,1,0
9591,3,1,1,0
9592,1,1,1,0
9593,1,1,1,0
9594,2,1,1,0
9595,2,1,1,0
9596,4,1,1,0
9597,3,1,1,0
9598,3,1,1,0
9599,3,1,1,0
9600,10,1,1,0
9601,7,1,1,0
9602,16,1,1,0
9603,2,1,1,0
9604,3,1,1,0
9605,2,1,1,0
9606,1,1,1,0
9607,1,1,1,0
9608,4,1,1,0
9609,1,1,1,0
9610,3,1,1,0
9611,7,1,1,0
9612,4,1,1,0
9613,3,1,1,0
9614,3,1,1,0
9615,3,1,1,0
9616,1,1,1,0
9617,2,1,1,0
9618,2,1,1,0
9619,3,1,1,0
9620,1,1,1,0
9621,6,1,1,0
9622,1,1,1,0
9623,1,1,1,0
9624,3,1,1,0
9625,1,1,1,0
9626,1,1,1,0
9627,4,1,1,0
9628,2,1,1,0
9629,1,1,1,0
9630,1,1,1,0
9631,3,1,1,0
9632,3,1,1,0
9633,1,1,1,0
9634,5,1,1,0
9635,1,1,1,0
9636,1,1,1,0
9637,7,1,1,0
9638,2,1,1,0
9639,2,1,1,0
9640,7,1,1,0
9641,4,1,1,0
9642,5,1,1,0
9643,5,1,1,0
9644,2,1,1,0
9645,7,1,1,0
9646,1,1,1,0
9647,4,1,1,0
9648,3,1,1,0
9649,2,1,1,0
9650,2,1,1,0
9651,1,1,1,0
9652,4,1,1,0
9653,1,1,1,0
9654,2,1,1,0
9655,1,1,1,0
9656,2,1,1,0
9657,2,1,1,0
9658,2,1,1,0
9659,1,1,1,0
9660,1,1,1,0
9661,5,1,1,0
9662,1,1,1,0
9663,6,1,1,0
9664,1,1,1,0
9665,10,1,1,0
9666,3,1,1,0
9667,3,1,1,0
9668,6,1,1,0
9669,5,1,1,0
9670,2,1,1,0
9671,5,1,1,0
9672,3,1,1,0
9673,1,1,1,0
9674,5,1,1,0
9675,5,1,1,0
9676,3,1,1,0
9677,1,1,1,0
9678,4,1,1,0
9679,4,1,1,0
9680,10,1,1,0
9681,3,1,1,0
9682,4,1,1,0
9683,2,1,1,0
9684,5,1,1,0
9685,3,1,1,0
9686,1,1,1,0
9687,2,1,1,0
9688,8,1,1,0
9689,2,1,1,0
9690,2,1,1,0
9691,1,1,1,0
9692,5,1,1,0
9693,10,1,1,0
9694,4,1,1,0
9695,8,1,1,0
9696,2,1,1,0
9697,3,1,1,0
9698,2,1,1,0
9699,12,1,1,0
9700,2,1,1,0
9701,2,1,1,0
9702,2,1,1,0
9703,2,1,1,0
9704,1,1,1,0
9705,1,1,1,0
9706,2,1,1,0
9707,1,1,1,0
9708,8,1,1,0
9709,2,1,1,0
9710,3,1,1,0
9711,2,1,1,0
9712,1,1,1,0
9713,3,1,1,0
9714,2,1,1,0
9715,3,1,1,0
9716,5,1,1,0
9717,10,1,1,0
9718,1,1,1,0
9719,4,1,1,0
9720,3,1,1,0
9721,4,1,1,0
9722,5,1,1,0
9723,2,1,1,0
9724,4,1,1,0
9725,7,1,1,0
9726,13,1,1,0
9727,2,1,1,0
9728,3,1,1,0
9729,1,1,1,0
9730,9,1,1,0
9731,2,1,1,0
9732,7,1,1,0
9733,2,1,1,0
9734,1,1,1,0
9735,1,1,1,0
9736,3,1,1,0
9737,2,1,1,0
9738,3,1,1,0
9739,5,1,1,0
9740,3,1,1,0
9741,1,1,1,0
9742,2,1,1,0
9743,3,1,1,0
9744,2,1,1,0
9745,7,1,1,0
9746,5,1,1,0
9747,2,1,1,0
9748,2,1,1,0
9749,6,1,1,0
9750,2,1,1,0
9751,1,1,1,0
9752,1,1,1,0
9753,5,1,1,0
9754,13,1,1,0
9755,1,1,1,0
9756,2,1,1,0
9757,1,1,1,0
9758,1,1,1,0
9759,6,1,1,0
9760,5,1,1,0
9761,5,1,1,0
9762,12,1,1,0
9763,1,1,1,0
9764,2,1,1,0
9765,1,1,1,0
9766,1,1,1,0
9767,10,1,1,0
9768,1,1,1,0
9769,1,1,1,0
9770,9,1,1,0
9771,1,1,1,0
9772,9,1,1,0
9773,1,1,1,0
9774,3,1,1,0
9775,5,1,1,0
9776,8,1,1,0
9777,2,1,1,0
9778,3,1,1,0
9779,1,1,1,0
9780,3,1,1,0
9781,4,1,1,0
9782,2,1,1,0
9783,1,1,1,0
9784,3,1,1,0
9785,5,1,1,0
9786,3,1,1,0
9787,1,1,1,0
9788,3,1,1,0
9789,1,1,1,0
9790,5,1,1,0
9791,3,1,1,0
9792,3,1,1,0
9793,3,1,1,0
9794,5,1,1,0
9795,5,1,1,0
9796,6,1,1,0
9797,1,1,1,0
9798,1,1,1,0
9799,2,1,1,0
9800,5,1,1,0
9801,1,1,1,0
9802,1,1,1,0
9803,2,1,1,0
9804,3,1,1,0
9805,2,1,1,0
9806,12,1,1,0
9807,6,1,1,0
9808,2,1,1,0
9809,7,1,1,0
9810,2,1,1,0
9811,3,1,1,0
9812,3,1,1,0
9813,1,1,1,0
9814,1,1,1,0
9815,2,1,1,0
9816,1,1,1,0
9817,1,1,1,0
9818,8,1,1,0
9819,3,1,1,0
9820,6,1,1,0
9821,6,1,1,0
9822,1,1,1,0
9823,3,1,1,0
9824,5,1,1,0
9825,3,1,1,0
9826,1,1,1,0
9827,3,1,1,0
9828,1,1,1,0
9829,2,1,1,0
9830,2,1,1,0
9831,4,1,1,0
9832,16,1,1,0
9833,3,1,1,0
9834,1,1,1,0
9835,7,1,1,0
9836,3,1,1,0
9837,5,1,1,0
9838,2,1,1,0
9839,2,1,1,0
9840,2,1,1,0
9841,4,1,1,0
9842,1,1,1,0
9843,3,1,1,0
9844,5,1,1,0
9845,3,1,1,0
9846,5,1,1,0
9847,5,1,1,0
9848,1,1,1,0
9849,4,1,1,0
9850,7,1,1,0
9851,3,1,1,0
9852,12,1,1,0
9853,1,1,1,0
9854,3,1,1,0
9855,1,1,1,0
9856,5,1,1,0
9857,2,1,1,0
9858,5,1,1,0
9859,2,1,1,0
9860,3,1,1,0
9861,3,1,1,0
9862,1,1,1,0
9863,3,1,1,0
9864,4,1,1,0
9865,3,1,1,0
9866,4,1,1,0
9867,1,1,1,0
9868,4,1,1,0
9869,3,1,1,0
9870,8,1,1,0
9871,2,1,1,0
9872,8,1,1,0
9873,2,1,1,0
9874,10,1,1,0
9875,1,1,1,0
9876,3,1,1,0
9877,2,1,1,0
9878,2,1,1,0
9879,1,1,1,0
9880,10,1,1,0
9881,4,1,1,0
9882,3,1,1,0
9883,3,1,1,0
9884,3,1,1,0
9885,13,1,1,0
9886,7,1,1,0
9887,6,1,1,0
9888,8,1,1,0
9889,2,1,1,0
9890,5,1,1,0
9891,1,1,1,0
9892,4,1,1,0
9893,3,1,1,0
9894,7,1,1,0
9895,1,1,1,0
9896,9,1,1,0
9897,4,1,1,0
9898,1,1,1,0
9899,1,1,1,0
9900,3,1,1,0
9901,2,1,1,0
9902,5,1,1,0
9903,2,1,1,0
9904,2,1,1,0
9905,12,1,1,0
9906,4,1,1,0
9907,6,1,1,0
9908,6,1,1,0
9909,1,1,1,0
9910,1,1,1,0
9911,6,1,1,0
9912,1,1,1,0
9913,2,1,1,0
9914,2,1,1,0
9915,5,1,1,0
9916,3,1,1,0
9917,6,1,1,0
9918,1,1,1,0
9919,1,1,1,0
9920,7,1,1,0
9921,2,1,1,0
9922,8,1,1,0
9923,3,1,1,0
9924,5,1,1,0
9925,2,1,1,0
9926,3,1,1,0
9927,1,1,1,0
9928,3,1,1,0
9929,11,1,1,0
9930,2,1,1,0
9931,3,1,1,0
9932,3,1,1,0
9933,3,1,1,0
9934,6,1,1,0
9935,1,1,1,0
9936,3,1,1,0
9937,3,1,1,0
9938,3,1,1,0
9939,3,1,1,0
9940,2,1,1,0
9941,1,1,1,0
9942,1,1,1,0
9943,1,1,1,0
9944,9,1,1,0
9945,3,1,1,0
9946,2,1,1,0
9947,1,1,1,0
9948,4,1,1,0
9949,1,1,1,0
9950,8,1,1,0
9951,3,1,1,0
9952,1,1,1,0
9953,5,1,1,0
9954,3,1,1,0
9955,6,1,1,0
9956,2,1,1,0
9957,9,1,1,0
9958,1,1,1,0
9959,3,1,1,0
9960,1,1,1,0
9961,11,1,1,0
9962,14,1,1,0
9963,9,1,1,0
9964,1,1,1,0
9965,1,1,1,0
9966,1,1,1,0
9967,1,1,1,0
9968,4,1,1,0
9969,2,1,1,0
9970,4,1,1,0
9971,5,1,1,0
9972,4,1,1,0
9973,1,1,1,0
9974,1,1,1,0
9975,1,1,1,0
9976,6,1,1,0
9977,2,1,1,0
9978,2,1,1,0
9979,4,1,1,0
9980,4,1,1,0
9981,5,1,1,0
9982,6,1,1,0
9983,11,1,1,0
9984,4,1,1,0
9985,6,1,1,0
9986,1,1,1,0
9987,2,1,1,0
9988,1,1,1,0
9989,5,1,1,0
9990,2,1,1,0
9991,3,1,1,0
9992,5,1,1,0
9993,9,1,1,0
9994,1,1,1,0
9995,3,1,1,0
9996,1,1,1,0
9997,5,1,1,0
9998,2,1,1,0
9999,1,1,1,0
