trial,final_step,trapped,contact_dead,boundary_dead
0,9,1,1,0
1,1,1,1,0
2,4,1,1,0
3,1,1,1,0
4,3,1,1,0
5,6,1,1,0
6,6,1,1,0
7,1,1,1,0
8,2,1,1,0
9,3,1,1,0
10,1,1,1,0
11,3,1,1,0
12,5,1,1,0
13,6,1,1,0
14,7,1,1,0
15,12,1,1,0
16,6,1,1,0
17,5,1,1,0
18,2,1,1,0
19,1,1,1,0
20,9,1,1,0
21,16,1,1,0
22,5,1,1,0
23,3,1,1,0
24,3,1,1,0
25,5,1,1,0
26,3,1,1,0
27,3,1,1,0
28,2,1,1,0
29,4,1,1,0
30,6,1,1,0
31,6,1,1,0
32,4,1,1,0
33,6,1,1,0
34,1,1,1,0
35,4,1,1,0
36,8,1,1,0
37,1,1,1,0
38,2,1,1,0
39,3,1,1,0
40,1,1,1,0
41,3,1,1,0
42,1,1,1,0
43,2,1,1,0
44,1,1,1,0
45,1,1,1,0
46,2,1,1,0
47,6,1,1,0
48,2,1,1,0
49,3,1,1,0
50,1,1,1,0
51,5,1,1,0
52,1,1,1,0
53,4,1,1,0
54,3,1,1,0
55,2,1,1,0
56,1,1,1,0
57,3,1,1,0
58,4,1,1,0
59,2,1,1,0
60,2,1,1,0
61,1,1,1,0
62,2,1,1,0
63,7,1,1,0
64,9,1,1,0
65,2,1,1,0
66,1,1,1,0
67,7,1,1,0
68,3,1,1,0
69,2,1,1,0
70,4,1,1,0
71,8,1,1,0
72,2,1,1,0
73,3,1,1,0
74,2,1,1,0
75,4,1,1,0
76,3,1,1,0
77,14,1,1,0
78,2,1,1,0
79,3,1,1,0
80,1,1,1,0
81,4,1,1,0
82,2,1,1,0
83,6,1,1,0
84,2,1,1,0
85,2,1,1,0
86,5,1,1,0
87,9,1,1,0
88,2,1,1,0
89,10,1,1,0
90,3,1,1,0
91,8,1,1,0
92,6,1,1,0
93,4,1,1,0
94,8,1,1,0
95,2,1,1,0
96,5,1,1,0
97,1,1,1,0
98,1,1,1,0
99,8,1,1,0
100,7,1,1,0
101,2,1,1,0
102,4,1,1,0
103,1,1,1,0
104,3,1,1,0
105,3,1,1,0
106,3,1,1,0
107,4,1,1,0
108,3,1,1,0
109,2,1,1,0
110,1,1,1,0
111,3,1,1,0
112,4,1,1,0
113,10,1,1,0
114,4,1,1,0
115,3,1,1,0
116,3,1,1,0
117,1,1,1,0
118,1,1,1,0
119,5,1,1,0
120,3,1,1,0
121,5,1,1,0
122,2,1,1,0
123,2,1,1,0
124,2,1,1,0
125,6,1,1,0
126,2,1,1,0
127,8,1,1,0
128,1,1,1,0
129,5,1,1,0
130,1,1,1,0
131,3,1,1,0
132,10,1,1,0
133,3,1,1,0
134,9,1,1,0
135,1,1,1,0
136,1,1,1,0
137,2,1,1,0
138,1,1,1,0
139,1,1,1,0
140,3,1,1,0
141,2,1,1,0
142,1,1,1,0
143,1,1,1,0
144,1,1,1,0
145,2,1,1,0
146,2,1,1,0
147,1,1,1,0
148,5,1,1,0
149,6,1,1,0
150,5,1,1,0
151,2,1,1,0
152,2,1,1,0
153,5,1,1,0
154,5,1,1,0
155,7,1,1,0
156,3,1,1,0
157,2,1,1,0
158,1,1,1,0
159,1,1,1,0
160,5,1,1,0
161,2,1,1,0
162,3,1,1,0
163,1,1,1,0
164,3,1,1,0
165,1,1,1,0
166,4,1,1,0
167,5,1,1,0
168,4,1,1,0
169,3,1,1,0
170,11,1,1,0
171,7,1,1,0
172,10,1,1,0
173,14,1,1,0
174,4,1,1,0
175,1,1,1,0
176,3,1,1,0
177,14,1,1,0
178,1,1,1,0
179,2,1,1,0
180,1,1,1,0
181,2,1,1,0
182,1,1,1,0
183,1,1,1,0
184,3,1,1,0
185,2,1,1,0
186,6,1,1,0
187,3,1,1,0
188,3,1,1,0
189,2,1,1,0
190,2,1,1,0
191,1,1,1,0
192,6,1,1,0
193,2,1,1,0
194,1,1,1,0
195,3,1,1,0
196,8,1,1,0
197,4,1,1,0
198,3,1,1,0
199,1,1,1,0
200,1,1,1,0
201,1,1,1,0
202,5,1,1,0
203,1,1,1,0
204,8,1,1,0
205,10,1,1,0
206,5,1,1,0
207,4,1,1,0
208,1,1,1,0
209,2,1,1,0
210,1,1,1,0
211,4,1,1,0
212,1,1,1,0
213,9,1,1,0
214,5,1,1,0
215,14,1,1,0
216,2,1,1,0
217,2,1,1,0
218,5,1,1,0
219,1,1,1,0
220,3,1,1,0
221,4,1,1,0
222,2,1,1,0
223,2,1,1,0
224,1,1,1,0
225,4,1,1,0
226,6,1,1,0
227,2,1,1,0
228,3,1,1,0
229,2,1,1,0
230,2,1,1,0
231,6,1,1,0
232,4,1,1,0
233,2,1,1,0
234,6,1,1,0
235,5,1,1,0
236,1,1,1,0
237,1,1,1,0
238,6,1,1,0
239,2,1,1,0
240,3,1,1,0
241,1,1,1,0
242,3,1,1,0
243,5,1,1,0
244,9,1,1,0
245,8,1,1,0
246,1,1,1,0
247,6,1,1,0
248,5,1,1,0
249,2,1,1,0
250,3,1,1,0
251,3,1,1,0
252,4,1,1,0
253,6,1,1,0
254,4,1,1,0
255,3,1,1,0
256,5,1,1,0
257,2,1,1,0
258,2,1,1,0
259,1,1,1,0
260,5,1,1,0
261,2,1,1,0
262,2,1,1,0
263,5,1,1,0
264,7,1,1,0
265,3,1,1,0
266,3,1,1,0
267,3,1,1,0
268,2,1,1,0
269,6,1,1,0
270,2,1,1,0
271,3,1,1,0
272,2,1,1,0
273,4,1,1,0
274,1,1,1,0
275,5,1,1,0
276,4,1,1,0
277,4,1,1,0
278,8,1,1,0
279,1,1,1,0
280,4,1,1,0
281,2,1,1,0
282,1,1,1,0
283,4,1,1,0
284,6,1,1,0
285,4,1,1,0
286,1,1,1,0
287,1,1,1,0
288,1,1,1,0
289,7,1,1,0
290,2,1,1,0
291,1,1,1,0
292,6,1,1,0
293,1,1,1,0
294,5,1,1,0
295,5,1,1,0
296,2,1,1,0
297,2,1,1,0
298,1,1,1,0
299,1,1,1,0
300,3,1,1,0
301,3,1,1,0
302,2,1,1,0
303,3,1,1,0
304,2,1,1,0
305,1,1,1,0
306,3,1,1,0
307,3,1,1,0
308,3,1,1,0
309,13,1,1,0
310,9,1,1,0
311,5,1,1,0
312,9,1,1,0
313,1,1,1,0
314,10,1,1,0
315,1,1,1,0
316,3,1,1,0
317,1,1,1,0
318,1,1,1,0
319,2,1,1,0
320,1,1,1,0
321,4,1,1,0
322,11,1,1,0
323,2,1,1,0
324,1,1,1,0
325,1,1,1,0
326,4,1,1,0
327,5,1,1,0
328,1,1,1,0
329,5,1,1,0
330,3,1,1,0
331,2,1,1,0
332,4,1,1,0
333,12,1,1,0
334,1,1,1,0
335,1,1,1,0
336,1,1,1,0
337,1,1,1,0
338,2,1,1,0
339,1,1,1,0
340,3,1,1,0
341,2,1,1,0
342,3,1,1,0
343,5,1,1,0
344,5,1,1,0
345,14,1,1,0
346,3,1,1,0
347,13,1,1,0
348,6,1,1,0
349,1,1,1,0
350,2,1,1,0
351,1,1,1,0
352,2,1,1,0
353,1,1,1,0
354,5,1,1,0
355,1,1,1,0
356,3,1,1,0
357,9,1,1,0
358,1,1,1,0
359,4,1,1,0
360,1,1,1,0
361,1,1,1,0
362,2,1,1,0
363,6,1,1,0
364,2,1,1,0
365,3,1,1,0
366,4,1,1,0
367,5,1,1,0
368,1,1,1,0
369,1,1,1,0
370,1,1,1,0
371,4,1,1,0
372,5,1,1,0
373,13,1,1,0
374,2,1,1,0
375,1,1,1,0
376,6,1,1,0
377,2,1,1,0
378,5,1,1,0
379,1,1,1,0
380,1,1,1,0
381,2,1,1,0
382,5,1,1,0
383,1,1,1,0
384,1,1,1,0
385,2,1,1,0
386,3,1,1,0
387,2,1,1,0
388,2,1,1,0
389,8,1,1,0
390,3,1,1,0
391,3,1,1,0
392,5,1,1,0
393,1,1,1,0
394,6,1,1,0
395,4,1,1,0
396,6,1,1,0
397,6,1,1,0
398,3,1,1,0
399,2,1,1,0
400,5,1,1,0
401,5,1,1,0
402,2,1,1,0
403,1,1,1,0
404,1,1,1,0
405,2,1,1,0
406,2,1,1,0
407,5,1,1,0
408,1,1,1,0
409,1,1,1,0
410,1,1,1,0
411,3,1,1,0
412,3,1,1,0
413,2,1,1,0
414,4,1,1,0
415,5,1,1,0
416,2,1,1,0
417,2,1,1,0
418,5,1,1,0
419,2,1,1,0
420,10,1,1,0
421,2,1,1,0
422,2,1,1,0
423,2,1,1,0
424,1,1,1,0
425,3,1,1,0
426,2,1,1,0
427,8,1,1,0
428,1,1,1,0
429,2,1,1,0
430,2,1,1,0
431,5,1,1,0
432,3,1,1,0
433,8,1,1,0
434,3,1,1,0
435,6,1,1,0
436,6,1,1,0
437,1,1,1,0
438,1,1,1,0
439,1,1,1,0
440,6,1,1,0
441,10,1,1,0
442,2,1,1,0
443,2,1,1,0
444,1,1,1,0
445,3,1,1,0
446,2,1,1,0
447,3,1,1,0
448,6,1,1,0
449,2,1,1,0
450,10,1,1,0
451,3,1,1,0
452,1,1,1,0
453,3,1,1,0
454,1,1,1,0
455,3,1,1,0
456,2,1,1,0
457,2,1,1,0
458,9,1,1,0
459,4,1,1,0
460,2,1,1,0
461,3,1,1,0
462,2,1,1,0
463,11,1,1,0
464,10,1,1,0
465,1,1,1,0
466,4,1,1,0
467,13,1,1,0
468,2,1,1,0
469,2,1,1,0
470,1,1,1,0
471,2,1,1,0
472,3,1,1,0
473,8,1,1,0
474,2,1,1,0
475,2,1,1,0
476,1,1,1,0
477,1,1,1,0
478,11,1,1,0
479,5,1,1,0
480,1,1,1,0
481,1,1,1,0
482,4,1,1,0
483,1,1,1,0
484,1,1,1,0
485,2,1,1,0
486,1,1,1,0
487,3,1,1,0
488,3,1,1,0
489,1,1,1,0
490,6,1,1,0
491,1,1,1,0
492,1,1,1,0
493,3,1,1,0
494,3,1,1,0
495,1,1,1,0
496,1,1,1,0
497,2,1,1,0
498,4,1,1,0
499,3,1,1,0
500,1,1,1,0
501,3,1,1,0
502,3,1,1,0
503,9,1,1,0
504,5,1,1,0
505,1,1,1,0
506,8,1,1,0
507,4,1,1,0
508,1,1,1,0
509,7,1,1,0
510,1,1,1,0
511,4,1,1,0
512,2,1,1,0
513,3,1,1,0
514,3,1,1,0
515,3,1,1,0
516,3,1,1,0
517,1,1,1,0
518,6,1,1,0
519,1,1,1,0
520,1,1,1,0
521,6,1,1,0
522,1,1,1,0
523,1,1,1,0
524,3,1,1,0
525,4,1,1,0
526,5,1,1,0
527,3,1,1,0
528,3,1,1,0
529,1,1,1,0
530,4,1,1,0
531,4,1,1,0
532,1,1,1,0
533,7,1,1,0
534,2,1,1,0
535,5,1,1,0
536,1,1,1,0
537,9,1,1,0
538,6,1,1,0
539,5,1,1,0
540,7,1,1,0
541,3,1,1,0
542,7,1,1,0
543,1,1,1,0
544,6,1,1,0
545,2,1,1,0
546,2,1,1,0
547,1,1,1,0
548,4,1,1,0
549,4,1,1,0
550,3,1,1,0
551,3,1,1,0
552,3,1,1,0
553,4,1,1,0
554,3,1,1,0
555,6,1,1,0
556,3,1,1,0
557,1,1,1,0
558,4,1,1,0
559,1,1,1,0
560,4,1,1,0
561,4,1,1,0
562,2,1,1,0
563,2,1,1,0
564,3,1,1,0
565,1,1,1,0
566,8,1,1,0
567,1,1,1,0
568,12,1,1,0
569,4,1,1,0
570,10,1,1,0
571,6,1,1,0
572,5,1,1,0
573,3,1,1,0
574,11,1,1,0
575,1,1,1,0
576,2,1,1,0
577,2,1,1,0
578,4,1,1,0
579,2,1,1,0
580,12,1,1,0
581,1,1,1,0
582,4,1,1,0
583,10,1,1,0
584,1,1,1,0
585,4,1,1,0
586,2,1,1,0
587,3,1,1,0
588,2,1,1,0
589,4,1,1,0
590,3,1,1,0
591,6,1,1,0
592,4,1,1,0
593,5,1,1,0
594,4,1,1,0
595,1,1,1,0
596,1,1,1,0
597,1,1,1,0
598,4,1,1,0
599,3,1,1,0
600,3,1,1,0
601,3,1,1,0
602,4,1,1,0
603,1,1,1,0
604,13,1,1,0
605,1,1,1,0
606,2,1,1,0
607,2,1,1,0
608,3,1,1,0
609,1,1,1,0
610,3,1,1,0
611,4,1,1,0
612,1,1,1,0
613,2,1,1,0
614,2,1,1,0
615,3,1,1,0
616,1,1,1,0
617,4,1,1,0
618,1,1,1,0
619,2,1,1,0
620,2,1,1,0
621,6,1,1,0
622,1,1,1,0
623,1,1,1,0
624,1,1,1,0
625,4,1,1,0
626,1,1,1,0
627,4,1,1,0
628,5,1,1,0
629,8,1,1,0
630,1,1,1,0
631,5,1,1,0
632,7,1,1,0
633,1,1,1,0
634,3,1,1,0
635,3,1,1,0
636,2,1,1,0
637,2,1,1,0
638,6,1,1,0
639,2,1,1,0
640,2,1,1,0
641,2,1,1,0
642,2,1,1,0
643,3,1,1,0
644,5,1,1,0
645,5,1,1,0
646,4,1,1,0
647,3,1,1,0
648,8,1,1,0
649,2,1,1,0
650,9,1,1,0
651,2,1,1,0
652,2,1,1,0
653,1,1,1,0
654,3,1,1,0
655,5,1,1,0
656,6,1,1,0
657,1,1,1,0
658,1,1,1,0
659,2,1,1,0
660,3,1,1,0
661,1,1,1,0
662,1,1,1,0
663,1,1,1,0
664,2,1,1,0
665,2,1,1,0
666,2,1,1,0
667,3,1,1,0
668,2,1,1,0
669,5,1,1,0
670,6,1,1,0
671,2,1,1,0
672,4,1,1,0
673,3,1,1,0
674,1,1,1,0
675,3,1,1,0
676,2,1,1,0
677,13,1,1,0
678,4,1,1,0
679,1,1,1,0
680,3,1,1,0
681,3,1,1,0
682,1,1,1,0
683,2,1,1,0
684,15,1,1,0
685,3,1,1,0
686,4,1,1,0
687,3,1,1,0
688,2,1,1,0
689,8,1,1,0
690,1,1,1,0
691,1,1,1,0
692,3,1,1,0
693,5,1,1,0
694,4,1,1,0
695,7,1,1,0
696,1,1,1,0
697,5,1,1,0
698,7,1,1,0
699,1,1,1,0
700,4,1,1,0
701,5,1,1,0
702,7,1,1,0
703,1,1,1,0
704,2,1,1,0
705,12,1,1,0
706,2,1,1,0
707,1,1,1,0
708,10,1,1,0
709,2,1,1,0
710,2,1,1,0
711,1,1,1,0
712,3,1,1,0
713,3,1,1,0
714,1,1,1,0
715,2,1,1,0
716,2,1,1,0
717,1,1,1,0
718,1,1,1,0
719,3,1,1,0
720,6,1,1,0
721,2,1,1,0
722,1,1,1,0
723,3,1,1,0
724,7,1,1,0
725,3,1,1,0
726,7,1,1,0
727,3,1,1,0
728,6,1,1,0
729,13,1,1,0
730,3,1,1,0
731,1,1,1,0
732,4,1,1,0
733,2,1,1,0
734,7,1,1,0
735,3,1,1,0
736,5,1,1,0
737,4,1,1,0
738,3,1,1,0
739,6,1,1,0
740,2,1,1,0
741,5,1,1,0
742,1,1,1,0
743,1,1,1,0
744,3,1,1,0
745,5,1,1,0
746,3,1,1,0
747,2,1,1,0
748,6,1,1,0
749,2,1,1,0
750,4,1,1,0
751,3,1,1,0
752,1,1,1,0
753,4,1,1,0
754,4,1,1,0
755,1,1,1,0
756,2,1,1,0
757,3,1,1,0
758,1,1,1,0
759,1,1,1,0
760,3,1,1,0
761,3,1,1,0
762,3,1,1,0
763,1,1,1,0
764,1,1,1,0
765,4,1,1,0
766,4,1,1,0
767,18,1,1,0
768,5,1,1,0
769,4,1,1,0
770,5,1,1,0
771,4,1,1,0
772,4,1,1,0
773,6,1,1,0
774,1,1,1,0
775,4,1,1,0
776,2,1,1,0
777,11,1,1,0
778,1,1,1,0
779,2,1,1,0
780,1,1,1,0
781,4,1,1,0
782,2,1,1,0
783,2,1,1,0
784,1,1,1,0
785,6,1,1,0
786,1,1,1,0
787,1,1,1,0
788,4,1,1,0
789,2,1,1,0
790,4,1,1,0
791,1,1,1,0
792,4,1,1,0
793,2,1,1,0
794,6,1,1,0
795,5,1,1,0
796,3,1,1,0
797,3,1,1,0
798,3,1,1,0
799,4,1,1,0
800,5,1,1,0
801,1,1,1,0
802,4,1,1,0
803,2,1,1,0
804,2,1,1,0
805,6,1,1,0
806,1,1,1,0
807,1,1,1,0
808,1,1,1,0
809,2,1,1,0
810,1,1,1,0
811,3,1,1,0
812,2,1,1,0
813,1,1,1,0
814,2,1,1,0
815,6,1,1,0
816,1,1,1,0
817,7,1,1,0
818,1,1,1,0
819,4,1,1,0
820,1,1,1,0
821,1,1,1,0
822,8,1,1,0
823,3,1,1,0
824,2,1,1,0
825,8,1,1,0
826,1,1,1,0
827,1,1,1,0
828,5,1,1,0
829,1,1,1,0
830,3,1,1,0
831,4,1,1,0
832,2,1,1,0
833,3,1,1,0
834,3,1,1,0
835,3,1,1,0
836,2,1,1,0
837,2,1,1,0
838,3,1,1,0
839,2,1,1,0
840,7,1,1,0
841,3,1,1,0
842,2,1,1,0
843,1,1,1,0
844,2,1,1,0
845,3,1,1,0
846,8,1,1,0
847,1,1,1,0
848,2,1,1,0
849,3,1,1,0
850,3,1,1,0
851,6,1,1,0
852,2,1,1,0
853,1,1,1,0
854,3,1,1,0
855,1,1,1,0
856,2,1,1,0
857,3,1,1,0
858,3,1,1,0
859,3,1,1,0
860,4,1,1,0
861,10,1,1,0
862,4,1,1,0
863,1,1,1,0
864,2,1,1,0
865,2,1,1,0
866,4,1,1,0
867,1,1,1,0
868,3,1,1,0
869,2,1,1,0
870,9,1,1,0
871,5,1,1,0
872,2,1,1,0
873,3,1,1,0
874,1,1,1,0
875,1,1,1,0
876,7,1,1,0
877,1,1,1,0
878,2,1,1,0
879,1,1,1,0
880,8,1,1,0
881,3,1,1,0
882,1,1,1,0
883,1,1,1,0
884,2,1,1,0
885,5,1,1,0
886,4,1,1,0
887,2,1,1,0
888,2,1,1,0
889,3,1,1,0
890,7,1,1,0
891,1,1,1,0
892,1,1,1,0
893,5,1,1,0
894,1,1,1,0
895,2,1,1,0
896,4,1,1,0
897,4,1,1,0
898,1,1,1,0
899,2,1,1,0
900,4,1,1,0
901,8,1,1,0
902,3,1,1,0
903,1,1,1,0
904,1,1,1,0
905,4,1,1,0
906,1,1,1,0
907,6,1,1,0
908,2,1,1,0
909,1,1,1,0
910,1,1,1,0
911,3,1,1,0
912,5,1,1,0
913,2,1,1,0
914,3,1,1,0
915,3,1,1,0
916,3,1,1,0
917,2,1,1,0
918,1,1,1,0
919,16,1,1,0
920,1,1,1,0
921,5,1,1,0
922,2,1,1,0
923,4,1,1,0
924,3,1,1,0
925,2,1,1,0
926,3,1,1,0
927,4,1,1,0
928,6,1,1,0
929,5,1,1,0
930,1,1,1,0
931,5,1,1,0
932,2,1,1,0
933,6,1,1,0
934,1,1,1,0
935,4,1,1,0
936,5,1,1,0
937,1,1,1,0
938,1,1,1,0
939,2,1,1,0
940,1,1,1,0
941,3,1,1,0
942,1,1,1,0
943,4,1,1,0
944,5,1,1,0
945,2,1,1,0
946,3,1,1,0
947,1,1,1,0
948,3,1,1,0
949,1,1,1,0
950,17,1,1,0
951,2,1,1,0
952,3,1,1,0
953,3,1,1,0
954,1,1,1,0
955,3,1,1,0
956,4,1,1,0
957,2,1,1,0
958,3,1,1,0
959,1,1,1,0
960,11,1,1,0
961,1,1,1,0
962,4,1,1,0
963,3,1,1,0
964,1,1,1,0
965,3,1,1,0
966,2,1,1,0
967,3,1,1,0
968,3,1,1,0
969,4,1,1,0
970,1,1,1,0
971,8,1,1,0
972,3,1,1,0
973,5,1,1,0
974,3,1,1,0
975,4,1,1,0
976,3,1,1,0
977,7,1,1,0
978,1,1,1,0
979,9,1,1,0
980,1,1,1,0
981,2,1,1,0
982,1,1,1,0
983,2,1,1,0
984,2,1,1,0
985,2,1,1,0
986,8,1,1,0
987,3,1,1,0
988,2,1,1,0
989,2,1,1,0
990,1,1,1,0
991,5,1,1,0
992,2,1,1,0
993,4,1,1,0
994,2,1,1,0
995,1,1,1,0
996,5,1,1,0
997,1,1,1,0
998,3,1,1,0
999,8,1,1,0
1000,1,1,1,0
1001,5,1,1,0
1002,1,1,1,0
1003,3,1,1,0
1004,3,1,1,0
1005,2,1,1,0
1006,3,1,1,0
1007,1,1,1,0
1008,3,1,1,0
1009,3,1,1,0
1010,3,1,1,0
1011,4,1,1,0
1012,2,1,1,0
1013,1,1,1,0
1014,6,1,1,0
1015,2,1,1,0
1016,1,1,1,0
1017,2,1,1,0
1018,2,1,1,0
1019,3,1,1,0
1020,3,1,1,0
1021,1,1,1,0
1022,5,1,1,0
1023,5,1,1,0
1024,4,1,1,0
1025,6,1,1,0
1026,3,1,1,0
1027,3,1,1,0
1028,2,1,1,0
1029,21,1,1,0
1030,6,1,1,0
1031,3,1,1,0
1032,2,1,1,0
1033,2,1,1,0
1034,2,1,1,0
1035,1,1,1,0
1036,1,1,1,0
1037,4,1,1,0
1038,1,1,1,0
1039,2,1,1,0
1040,3,1,1,0
1041,2,1,1,0
1042,1,1,1,0
1043,7,1,1,0
1044,7,1,1,0
1045,5,1,1,0
1046,4,1,1,0
1047,4,1,1,0
1048,8,1,1,0
1049,12,1,1,0
1050,6,1,1,0
1051,7,1,1,0
1052,5,1,1,0
1053,2,1,1,0
1054,4,1,1,0
1055,6,1,1,0
1056,1,1,1,0
1057,2,1,1,0
1058,7,1,1,0
1059,2,1,1,0
1060,3,1,1,0
1061,6,1,1,0
1062,2,1,1,0
1063,5,1,1,0
1064,2,1,1,0
1065,2,1,1,0
1066,3,1,1,0
1067,1,1,1,0
1068,11,1,1,0
1069,8,1,1,0
1070,2,1,1,0
1071,2,1,1,0
1072,4,1,1,0
1073,1,1,1,0
1074,8,1,1,0
1075,1,1,1,0
1076,1,1,1,0
1077,2,1,1,0
1078,3,1,1,0
1079,1,1,1,0
1080,8,1,1,0
1081,1,1,1,0
1082,4,1,1,0
1083,5,1,1,0
1084,1,1,1,0
1085,2,1,1,0
1086,5,1,1,0
1087,2,1,1,0
1088,5,1,1,0
1089,1,1,1,0
1090,1,1,1,0
1091,1,1,1,0
1092,2,1,1,0
1093,2,1,1,0
1094,3,1,1,0
1095,1,1,1,0
1096,9,1,1,0
1097,4,1,1,0
1098,1,1,1,0
1099,3,1,1,0
1100,1,1,1,0
1101,4,1,1,0
1102,4,1,1,0
1103,3,1,1,0
1104,2,1,1,0
1105,2,1,1,0
1106,4,1,1,0
1107,1,1,1,0
1108,2,1,1,0
1109,1,1,1,0
1110,1,1,1,0
1111,4,1,1,0
1112,3,1,1,0
1113,14,1,1,0
1114,3,1,1,0
1115,3,1,1,0
1116,3,1,1,0
1117,2,1,1,0
1118,2,1,1,0
1119,11,1,1,0
1120,11,1,1,0
1121,6,1,1,0
1122,2,1,1,0
1123,3,1,1,0
1124,2,1,1,0
1125,3,1,1,0
1126,1,1,1,0
1127,3,1,1,0
1128,3,1,1,0
1129,9,1,1,0
1130,1,1,1,0
1131,3,1,1,0
1132,1,1,1,0
1133,4,1,1,0
1134,7,1,1,0
1135,4,1,1,0
1136,2,1,1,0
1137,4,1,1,0
1138,5,1,1,0
1139,4,1,1,0
1140,3,1,1,0
1141,9,1,1,0
1142,8,1,1,0
1143,3,1,1,0
1144,2,1,1,0
1145,5,1,1,0
1146,4,1,1,0
1147,3,1,1,0
1148,2,1,1,0
1149,2,1,1,0
1150,3,1,1,0
1151,3,1,1,0
1152,3,1,1,0
1153,3,1,1,0
1154,2,1,1,0
1155,3,1,1,0
1156,2,1,1,0
1157,2,1,1,0
1158,6,1,1,0
1159,10,1,1,0
1160,4,1,1,0
1161,1,1,1,0
1162,4,1,1,0
1163,4,1,1,0
1164,5,1,1,0
1165,2,1,1,0
1166,2,1,1,0
1167,3,1,1,0
1168,6,1,1,0
1169,3,1,1,0
1170,6,1,1,0
1171,7,1,1,0
1172,1,1,1,0
1173,1,1,1,0
1174,7,1,1,0
1175,7,1,1,0
1176,7,1,1,0
1177,19,1,1,0
1178,8,1,1,0
1179,3,1,1,0
1180,5,1,1,0
1181,1,1,1,0
1182,4,1,1,0
1183,2,1,1,0
1184,5,1,1,0
1185,2,1,1,0
1186,2,1,1,0
1187,1,1,1,0
1188,2,1,1,0
1189,1,1,1,0
1190,1,1,1,0
1191,1,1,1,0
1192,3,1,1,0
1193,1,1,1,0
1194,6,1,1,0
1195,2,1,1,0
1196,3,1,1,0
1197,3,1,1,0
1198,6,1,1,0
1199,7,1,1,0
1200,2,1,1,0
1201,3,1,1,0
1202,2,1,1,0
1203,5,1,1,0
1204,1,1,1,0
1205,2,1,1,0
1206,6,1,1,0
1207,1,1,1,0
1208,1,1,1,0
1209,1,1,1,0
1210,1,1,1,0
1211,2,1,1,0
1212,1,1,1,0
1213,2,1,1,0
1214,10,1,1,0
1215,3,1,1,0
1216,2,1,1,0
1217,1,1,1,0
1218,8,1,1,0
1219,1,1,1,0
1220,1,1,1,0
1221,1,1,1,0
1222,2,1,1,0
1223,3,1,1,0
1224,2,1,1,0
1225,1,1,1,0
1226,2,1,1,0
1227,1,1,1,0
1228,6,1,1,0
1229,2,1,1,0
1230,1,1,1,0
1231,1,1,1,0
1232,9,1,1,0
1233,1,1,1,0
1234,3,1,1,0
1235,2,1,1,0
1236,1,1,1,0
1237,2,1,1,0
1238,4,1,1,0
1239,4,1,1,0
1240,4,1,1,0
1241,3,1,1,0
1242,6,1,1,0
1243,1,1,1,0
1244,3,1,1,0
1245,1,1,1,0
1246,1,1,1,0
1247,2,1,1,0
1248,3,1,1,0
1249,3,1,1,0
1250,3,1,1,0
1251,2,1,1,0
1252,6,1,1,0
1253,1,1,1,0
1254,10,1,1,0
1255,2,1,1,0
1256,5,1,1,0
1257,2,1,1,0
1258,1,1,1,0
1259,4,1,1,0
1260,11,1,1,0
1261,4,1,1,0
1262,5,1,1,0
1263,3,1,1,0
1264,4,1,1,0
1265,3,1,1,0
1266,7,1,1,0
1267,9,1,1,0
1268,3,1,1,0
1269,4,1,1,0
1270,9,1,1,0
1271,3,1,1,0
1272,2,1,1,0
1273,4,1,1,0
1274,1,1,1,0
1275,2,1,1,0
1276,4,1,1,0
1277,2,1,1,0
1278,3,1,1,0
1279,4,1,1,0
1280,6,1,1,0
1281,1,1,1,0
1282,8,1,1,0
1283,2,1,1,0
1284,5,1,1,0
1285,4,1,1,0
1286,2,1,1,0
1287,1,1,1,0
1288,1,1,1,0
1289,3,1,1,0
1290,5,1,1,0
1291,4,1,1,0
1292,1,1,1,0
1293,1,1,1,0
1294,1,1,1,0
1295,5,1,1,0
1296,8,1,1,0
1297,4,1,1,0
1298,1,1,1,0
1299,5,1,1,0
1300,4,1,1,0
1301,3,1,1,0
1302,8,1,1,0
1303,2,1,1,0
1304,16,1,1,0
1305,3,1,1,0
1306,1,1,1,0
1307,4,1,1,0
1308,4,1,1,0
1309,2,1,1,0
1310,7,1,1,0
1311,8,1,1,0
1312,6,1,1,0
1313,4,1,1,0
1314,1,1,1,0
1315,7,1,1,0
1316,2,1,1,0
1317,3,1,1,0
1318,3,1,1,0
1319,1,1,1,0
1320,16,1,1,0
1321,10,1,1,0
1322,1,1,1,0
1323,1,1,1,0
1324,7,1,1,0
1325,1,1,1,0
1326,5,1,1,0
1327,1,1,1,0
1328,5,1,1,0
1329,1,1,1,0
1330,8,1,1,0
1331,6,1,1,0
1332,4,1,1,0
1333,5,1,1,0
1334,1,1,1,0
1335,3,1,1,0
1336,6,1,1,0
1337,3,1,1,0
1338,13,1,1,0
1339,2,1,1,0
1340,6,1,1,0
1341,2,1,1,0
1342,7,1,1,0
1343,1,1,1,0
1344,2,1,1,0
1345,4,1,1,0
1346,3,1,1,0
1347,1,1,1,0
1348,7,1,1,0
1349,2,1,1,0
1350,5,1,1,0
1351,1,1,1,0
1352,1,1,1,0
1353,3,1,1,0
1354,4,1,1,0
1355,2,1,1,0
1356,3,1,1,0
1357,3,1,1,0
1358,2,1,1,0
1359,7,1,1,0
1360,2,1,1,0
1361,5,1,1,0
1362,1,1,1,0
1363,2,1,1,0
1364,4,1,1,0
1365,4,1,1,0
1366,2,1,1,0
1367,7,1,1,0
1368,1,1,1,0
1369,3,1,1,0
1370,3,1,1,0
1371,1,1,1,0
1372,5,1,1,0
1373,2,1,1,0
1374,3,1,1,0
1375,5,1,1,0
1376,11,1,1,0
1377,6,1,1,0
1378,2,1,1,0
1379,7,1,1,0
1380,6,1,1,0
1381,5,1,1,0
1382,1,1,1,0
1383,2,1,1,0
1384,7,1,1,0
1385,3,1,1,0
1386,1,1,1,0
1387,3,1,1,0
1388,1,1,1,0
1389,2,1,1,0
1390,8,1,1,0
1391,2,1,1,0
1392,1,1,1,0
1393,5,1,1,0
1394,1,1,1,0
1395,4,1,1,0
1396,2,1,1,0
1397,7,1,1,0
1398,2,1,1,0
1399,1,1,1,0
1400,2,1,1,0
1401,2,1,1,0
1402,1,1,1,0
1403,1,1,1,0
1404,13,1,1,0
1405,6,1,1,0
1406,10,1,1,0
1407,1,1,1,0
1408,3,1,1,0
1409,5,1,1,0
1410,3,1,1,0
1411,6,1,1,0
1412,2,1,1,0
1413,1,1,1,0
1414,2,1,1,0
1415,5,1,1,0
1416,1,1,1,0
1417,3,1,1,0
1418,5,1,1,0
1419,4,1,1,0
1420,4,1,1,0
1421,7,1,1,0
1422,3,1,1,0
1423,6,1,1,0
1424,3,1,1,0
1425,6,1,1,0
1426,6,1,1,0
1427,1,1,1,0
1428,3,1,1,0
1429,2,1,1,0
1430,11,1,1,0
1431,1,1,1,0
1432,2,1,1,0
1433,8,1,1,0
1434,3,1,1,0
1435,11,1,1,0
1436,6,1,1,0
1437,4,1,1,0
1438,5,1,1,0
1439,6,1,1,0
1440,3,1,1,0
1441,1,1,1,0
1442,2,1,1,0
1443,1,1,1,0
1444,1,1,1,0
1445,2,1,1,0
1446,4,1,1,0
1447,1,1,1,0
1448,2,1,1,0
1449,3,1,1,0
1450,6,1,1,0
1451,3,1,1,0
1452,1,1,1,0
1453,1,1,1,0
1454,5,1,1,0
1455,3,1,1,0
1456,1,1,1,0
1457,3,1,1,0
1458,6,1,1,0
1459,2,1,1,0
1460,7,1,1,0
1461,2,1,1,0
1462,2,1,1,0
1463,5,1,1,0
1464,7,1,1,0
1465,1,1,1,0
1466,2,1,1,0
1467,6,1,1,0
1468,3,1,1,0
1469,1,1,1,0
1470,3,1,1,0
1471,2,1,1,0
1472,2,1,1,0
1473,7,1,1,0
1474,9,1,1,0
1475,1,1,1,0
1476,2,1,1,0
1477,5,1,1,0
1478,1,1,1,0
1479,1,1,1,0
1480,2,1,1,0
1481,5,1,1,0
1482,1,1,1,0
1483,11,1,1,0
1484,10,1,1,0
1485,2,1,1,0
1486,11,1,1,0
1487,2,1,1,0
1488,1,1,1,0
1489,4,1,1,0
1490,4,1,1,0
1491,2,1,1,0
1492,1,1,1,0
1493,1,1,1,0
1494,3,1,1,0
1495,3,1,1,0
1496,2,1,1,0
1497,3,1,1,0
1498,4,1,1,0
1499,4,1,1,0
1500,2,1,1,0
1501,3,1,1,0
1502,7,1,1,0
1503,1,1,1,0
1504,2,1,1,0
1505,5,1,1,0
1506,1,1,1,0
1507,13,1,1,0
1508,2,1,1,0
1509,1,1,1,0
1510,3,1,1,0
1511,4,1,1,0
1512,1,1,1,0
1513,3,1,1,0
1514,12,1,1,0
1515,3,1,1,0
1516,4,1,1,0
1517,5,1,1,0
1518,5,1,1,0
1519,2,1,1,0
1520,1,1,1,0
1521,2,1,1,0
1522,1,1,1,0
1523,1,1,1,0
1524,7,1,1,0
1525,3,1,1,0
1526,7,1,1,0
1527,4,1,1,0
1528,1,1,1,0
1529,3,1,1,0
1530,1,1,1,0
1531,1,1,1,0
1532,1,1,1,0
1533,5,1,1,0
1534,3,1,1,0
1535,3,1,1,0
1536,3,1,1,0
1537,3,1,1,0
1538,3,1,1,0
1539,11,1,1,0
1540,3,1,1,0
1541,1,1,1,0
1542,2,1,1,0
1543,8,1,1,0
1544,1,1,1,0
1545,5,1,1,0
1546,5,1,1,0
1547,4,1,1,0
1548,3,1,1,0
1549,1,1,1,0
1550,6,1,1,0
1551,11,1,1,0
1552,14,1,1,0
1553,1,1,1,0
1554,1,1,1,0
1555,2,1,1,0
1556,5,1,1,0
1557,3,1,1,0
1558,4,1,1,0
1559,2,1,1,0
1560,1,1,1,0
1561,5,1,1,0
1562,4,1,1,0
1563,1,1,1,0
1564,2,1,1,0
1565,2,1,1,0
1566,9,1,1,0
1567,2,1,1,0
1568,2,1,1,0
1569,4,1,1,0
1570,5,1,1,0
1571,5,1,1,0
1572,3,1,1,0
1573,1,1,1,0
1574,3,1,1,0
1575,1,1,1,0
1576,1,1,1,0
1577,3,1,1,0
1578,3,1,1,0
1579,5,1,1,0
1580,2,1,1,0
1581,2,1,1,0
1582,3,1,1,0
1583,6,1,1,0
1584,7,1,1,0
1585,8,1,1,0
1586,8,1,1,0
1587,3,1,1,0
1588,10,1,1,0
1589,13,1,1,0
1590,2,1,1,0
1591,1,1,1,0
1592,1,1,1,0
1593,2,1,1,0
1594,3,1,1,0
1595,12,1,1,0
1596,2,1,1,0
1597,6,1,1,0
1598,2,1,1,0
1599,3,1,1,0
1600,3,1,1,0
1601,4,1,1,0
1602,2,1,1,0
1603,1,1,1,0
1604,10,1,1,0
1605,1,1,1,0
1606,2,1,1,0
1607,1,1,1,0
1608,10,1,1,0
1609,2,1,1,0
1610,2,1,1,0
1611,6,1,1,0
1612,2,1,1,0
1613,6,1,1,0
1614,1,1,1,0
1615,9,1,1,0
1616,1,1,1,0
1617,2,1,1,0
1618,3,1,1,0
1619,1,1,1,0
1620,4,1,1,0
1621,4,1,1,0
1622,4,1,1,0
1623,5,1,1,0
1624,6,1,1,0
1625,4,1,1,0
1626,1,1,1,0
1627,1,1,1,0
1628,1,1,1,0
1629,6,1,1,0
1630,5,1,1,0
1631,2,1,1,0
1632,2,1,1,0
1633,1,1,1,0
1634,5,1,1,0
1635,10,1,1,0
1636,3,1,1,0
1637,1,1,1,0
1638,1,1,1,0
1639,2,1,1,0
1640,1,1,1,0
1641,5,1,1,0
1642,2,1,1,0
1643,10,1,1,0
1644,1,1,1,0
1645,3,1,1,0
1646,6,1,1,0
1647,1,1,1,0
1648,4,1,1,0
1649,2,1,1,0
1650,9,1,1,0
1651,7,1,1,0
1652,1,1,1,0
1653,3,1,1,0
1654,2,1,1,0
1655,3,1,1,0
1656,3,1,1,0
1657,3,1,1,0
1658,3,1,1,0
1659,3,1,1,0
1660,3,1,1,0
1661,2,1,1,0
1662,1,1,1,0
1663,1,1,1,0
1664,3,1,1,0
1665,1,1,1,0
1666,9,1,1,0
1667,5,1,1,0
1668,3,1,1,0
1669,8,1,1,0
1670,2,1,1,0
1671,1,1,1,0
1672,3,1,1,0
1673,3,1,1,0
1674,3,1,1,0
1675,2,1,1,0
1676,3,1,1,0
1677,13,1,1,0
1678,1,1,1,0
1679,4,1,1,0
1680,1,1,1,0
1681,1,1,1,0
1682,11,1,1,0
1683,3,1,1,0
1684,2,1,1,0
1685,3,1,1,0
1686,8,1,1,0
1687,2,1,1,0
1688,2,1,1,0
1689,3,1,1,0
1690,3,1,1,0
1691,1,1,1,0
1692,2,1,1,0
1693,3,1,1,0
1694,9,1,1,0
1695,2,1,1,0
1696,5,1,1,0
1697,5,1,1,0
1698,1,1,1,0
1699,11,1,1,0
1700,3,1,1,0
1701,6,1,1,0
1702,5,1,1,0
1703,2,1,1,0
1704,7,1,1,0
1705,5,1,1,0
1706,3,1,1,0
1707,6,1,1,0
1708,3,1,1,0
1709,2,1,1,0
1710,15,1,1,0
1711,5,1,1,0
1712,6,1,1,0
1713,1,1,1,0
1714,6,1,1,0
1715,5,1,1,0
1716,2,1,1,0
1717,1,1,1,0
1718,2,1,1,0
1719,6,1,1,0
1720,10,1,1,0
1721,3,1,1,0
1722,2,1,1,0
1723,1,1,1,0
1724,18,1,1,0
1725,3,1,1,0
1726,4,1,1,0
1727,7,1,1,0
1728,5,1,1,0
1729,7,1,1,0
1730,9,1,1,0
1731,17,1,1,0
1732,8,1,1,0
1733,1,1,1,0
1734,3,1,1,0
1735,1,1,1,0
1736,4,1,1,0
1737,7,1,1,0
1738,6,1,1,0
1739,7,1,1,0
1740,4,1,1,0
1741,4,1,1,0
1742,2,1,1,0
1743,1,1,1,0
1744,6,1,1,0
1745,11,1,1,0
1746,3,1,1,0
1747,4,1,1,0
1748,7,1,1,0
1749,5,1,1,0
1750,7,1,1,0
1751,5,1,1,0
1752,7,1,1,0
1753,1,1,1,0
1754,3,1,1,0
1755,6,1,1,0
1756,6,1,1,0
1757,5,1,1,0
1758,6,1,1,0
1759,3,1,1,0
1760,2,1,1,0
1761,2,1,1,0
1762,1,1,1,0
1763,3,1,1,0
1764,1,1,1,0
1765,1,1,1,0
1766,1,1,1,0
1767,1,1,1,0
1768,6,1,1,0
1769,1,1,1,0
1770,9,1,1,0
1771,4,1,1,0
1772,6,1,1,0
1773,1,1,1,0
1774,8,1,1,0
1775,4,1,1,0
1776,7,1,1,0
1777,4,1,1,0
1778,1,1,1,0
1779,7,1,1,0
1780,1,1,1,0
1781,1,1,1,0
1782,1,1,1,0
1783,1,1,1,0
1784,5,1,1,0
1785,1,1,1,0
1786,4,1,1,0
1787,1,1,1,0
1788,1,1,1,0
1789,8,1,1,0
1790,1,1,1,0
1791,13,1,1,0
1792,3,1,1,0
1793,2,1,1,0
1794,3,1,1,0
1795,10,1,1,0
1796,6,1,1,0
1797,3,1,1,0
1798,6,1,1,0
1799,5,1,1,0
1800,4,1,1,0
1801,2,1,1,0
1802,9,1,1,0
1803,2,1,1,0
1804,4,1,1,0
1805,4,1,1,0
1806,1,1,1,0
1807,5,1,1,0
1808,3,1,1,0
1809,6,1,1,0
1810,2,1,1,0
1811,8,1,1,0
1812,9,1,1,0
1813,2,1,1,0
1814,2,1,1,0
1815,4,1,1,0
1816,3,1,1,0
1817,4,1,1,0
1818,5,1,1,0
1819,2,1,1,0
1820,2,1,1,0
1821,4,1,1,0
1822,1,1,1,0
1823,13,1,1,0
1824,1,1,1,0
1825,2,1,1,0
1826,5,1,1,0
1827,1,1,1,0
1828,1,1,1,0
1829,7,1,1,0
1830,1,1,1,0
1831,15,1,1,0
1832,4,1,1,0
1833,1,1,1,0
1834,3,1,1,0
1835,5,1,1,0
1836,3,1,1,0
1837,2,1,1,0
1838,2,1,1,0
1839,2,1,1,0
1840,6,1,1,0
1841,4,1,1,0
1842,1,1,1,0
1843,1,1,1,0
1844,2,1,1,0
1845,1,1,1,0
1846,1,1,1,0
1847,5,1,1,0
1848,4,1,1,0
1849,2,1,1,0
1850,2,1,1,0
1851,1,1,1,0
1852,4,1,1,0
1853,4,1,1,0
1854,10,1,1,0
1855,1,1,1,0
1856,10,1,1,0
1857,4,1,1,0
1858,4,1,1,0
1859,5,1,1,0
1860,1,1,1,0
1861,5,1,1,0
1862,2,1,1,0
1863,2,1,1,0
1864,1,1,1,0
1865,3,1,1,0
1866,3,1,1,0
1867,3,1,1,0
1868,3,1,1,0
1869,1,1,1,0
1870,3,1,1,0
1871,1,1,1,0
1872,2,1,1,0
1873,5,1,1,0
1874,1,1,1,0
1875,1,1,1,0
1876,3,1,1,0
1877,1,1,1,0
1878,3,1,1,0
1879,1,1,1,0
1880,1,1,1,0
1881,3,1,1,0
1882,1,1,1,0
1883,1,1,1,0
1884,8,1,1,0
1885,2,1,1,0
1886,1,1,1,0
1887,2,1,1,0
1888,5,1,1,0
1889,3,1,1,0
1890,2,1,1,0
1891,2,1,1,0
1892,9,1,1,0
1893,3,1,1,0
1894,6,1,1,0
1895,6,1,1,0
1896,3,1,1,0
1897,6,1,1,0
1898,4,1,1,0
1899,7,1,1,0
1900,5,1,1,0
1901,2,1,1,0
1902,5,1,1,0
1903,1,1,1,0
1904,8,1,1,0
1905,4,1,1,0
1906,1,1,1,0
1907,6,1,1,0
1908,1,1,1,0
1909,1,1,1,0
1910,1,1,1,0
1911,5,1,1,0
1912,3,1,1,0
1913,3,1,1,0
1914,5,1,1,0
1915,1,1,1,0
1916,1,1,1,0
1917,1,1,1,0
1918,4,1,1,0
1919,1,1,1,0
1920,4,1,1,0
1921,1,1,1,0
1922,3,1,1,0
1923,3,1,1,0
1924,2,1,1,0
1925,1,1,1,0
1926,3,1,1,0
1927,3,1,1,0
1928,2,1,1,0
1929,2,1,1,0
1930,2,1,1,0
1931,2,1,1,0
1932,3,1,1,0
1933,1,1,1,0
1934,5,1,1,0
1935,8,1,1,0
1936,2,1,1,0
1937,6,1,1,0
1938,2,1,1,0
1939,1,1,1,0
1940,6,1,1,0
1941,2,1,1,0
1942,1,1,1,0
1943,2,1,1,0
1944,1,1,1,0
1945,5,1,1,0
1946,1,1,1,0
1947,2,1,1,0
1948,1,1,1,0
1949,2,1,1,0
1950,2,1,1,0
1951,10,1,1,0
1952,6,1,1,0
1953,2,1,1,0
1954,4,1,1,0
1955,1,1,1,0
1956,1,1,1,0
1957,5,1,1,0
1958,3,1,1,0
1959,1,1,1,0
1960,4,1,1,0
1961,6,1,1,0
1962,12,1,1,0
1963,2,1,1,0
1964,3,1,1,0
1965,10,1,1,0
1966,4,1,1,0
1967,2,1,1,0
1968,1,1,1,0
1969,4,1,1,0
1970,5,1,1,0
1971,1,1,1,0
1972,8,1,1,0
1973,2,1,1,0
1974,2,1,1,0
1975,5,1,1,0
1976,1,1,1,0
1977,1,1,1,0
1978,1,1,1,0
1979,2,1,1,0
1980,2,1,1,0
1981,3,1,1,0
1982,5,1,1,0
1983,4,1,1,0
1984,2,1,1,0
1985,4,1,1,0
1986,1,1,1,0
1987,1,1,1,0
1988,5,1,1,0
1989,1,1,1,0
1990,2,1,1,0
1991,6,1,1,0
1992,1,1,1,0
1993,4,1,1,0
1994,3,1,1,0
1995,2,1,1,0
1996,1,1,1,0
1997,7,1,1,0
1998,7,1,1,0
1999,5,1,1,0
2000,7,1,1,0
2001,3,1,1,0
2002,2,1,1,0
2003,1,1,1,0
2004,2,1,1,0
2005,4,1,1,0
2006,1,1,1,0
2007,1,1,1,0
2008,5,1,1,0
2009,1,1,1,0
2010,4,1,1,0
2011,1,1,1,0
2012,5,1,1,0
2013,6,1,1,0
2014,8,1,1,0
2015,7,1,1,0
2016,1,1,1,0
2017,9,1,1,0
2018,2,1,1,0
2019,2,1,1,0
2020,2,1,1,0
2021,1,1,1,0
2022,6,1,1,0
2023,9,1,1,0
2024,2,1,1,0
2025,7,1,1,0
2026,4,1,1,0
2027,4,1,1,0
2028,3,1,1,0
2029,4,1,1,0
2030,1,1,1,0
2031,3,1,1,0
2032,4,1,1,0
2033,12,1,1,0
2034,4,1,1,0
2035,4,1,1,0
2036,7,1,1,0
2037,4,1,1,0
2038,2,1,1,0
2039,2,1,1,0
2040,4,1,1,0
2041,2,1,1,0
2042,2,1,1,0
2043,2,1,1,0
2044,1,1,1,0
2045,2,1,1,0
2046,1,1,1,0
2047,3,1,1,0
2048,3,1,1,0
2049,10,1,1,0
2050,2,1,1,0
2051,9,1,1,0
2052,4,1,1,0
2053,1,1,1,0
2054,1,1,1,0
2055,2,1,1,0
2056,1,1,1,0
2057,5,1,1,0
2058,10,1,1,0
2059,1,1,1,0
2060,6,1,1,0
2061,3,1,1,0
2062,1,1,1,0
2063,2,1,1,0
2064,6,1,1,0
2065,2,1,1,0
2066,4,1,1,0
2067,6,1,1,0
2068,3,1,1,0
2069,3,1,1,0
2070,2,1,1,0
2071,3,1,1,0
2072,2,1,1,0
2073,1,1,1,0
2074,1,1,1,0
2075,6,1,1,0
2076,7,1,1,0
2077,4,1,1,0
2078,3,1,1,0
2079,4,1,1,0
2080,1,1,1,0
2081,2,1,1,0
2082,10,1,1,0
2083,2,1,1,0
2084,1,1,1,0
2085,2,1,1,0
2086,1,1,1,0
2087,6,1,1,0
2088,4,1,1,0
2089,5,1,1,0
2090,4,1,1,0
2091,4,1,1,0
2092,1,1,1,0
2093,3,1,1,0
2094,1,1,1,0
2095,1,1,1,0
2096,1,1,1,0
2097,5,1,1,0
2098,3,1,1,0
2099,1,1,1,0
2100,1,1,1,0
2101,8,1,1,0
2102,2,1,1,0
2103,1,1,1,0
2104,5,1,1,0
2105,10,1,1,0
2106,4,1,1,0
2107,2,1,1,0
2108,3,1,1,0
2109,9,1,1,0
2110,1,1,1,0
2111,11,1,1,0
2112,6,1,1,0
2113,1,1,1,0
2114,2,1,1,0
2115,2,1,1,0
2116,3,1,1,0
2117,8,1,1,0
2118,5,1,1,0
2119,1,1,1,0
2120,4,1,1,0
2121,8,1,1,0
2122,1,1,1,0
2123,2,1,1,0
2124,1,1,1,0
2125,1,1,1,0
2126,5,1,1,0
2127,1,1,1,0
2128,1,1,1,0
2129,6,1,1,0
2130,6,1,1,0
2131,4,1,1,0
2132,5,1,1,0
2133,7,1,1,0
2134,1,1,1,0
2135,4,1,1,0
2136,4,1,1,0
2137,2,1,1,0
2138,1,1,1,0
2139,4,1,1,0
2140,7,1,1,0
2141,4,1,1,0
2142,7,1,1,0
2143,1,1,1,0
2144,9,1,1,0
2145,5,1,1,0
2146,4,1,1,0
2147,6,1,1,0
2148,2,1,1,0
2149,4,1,1,0
2150,1,1,1,0
2151,10,1,1,0
2152,2,1,1,0
2153,1,1,1,0
2154,6,1,1,0
2155,2,1,1,0
2156,1,1,1,0
2157,5,1,1,0
2158,2,1,1,0
2159,8,1,1,0
2160,2,1,1,0
2161,2,1,1,0
2162,3,1,1,0
2163,4,1,1,0
2164,6,1,1,0
2165,1,1,1,0
2166,3,1,1,0
2167,8,1,1,0
2168,3,1,1,0
2169,8,1,1,0
2170,13,1,1,0
2171,6,1,1,0
2172,9,1,1,0
2173,8,1,1,0
2174,7,1,1,0
2175,10,1,1,0
2176,1,1,1,0
2177,2,1,1,0
2178,1,1,1,0
2179,4,1,1,0
2180,2,1,1,0
2181,4,1,1,0
2182,1,1,1,0
2183,4,1,1,0
2184,1,1,1,0
2185,1,1,1,0
2186,5,1,1,0
2187,3,1,1,0
2188,1,1,1,0
2189,7,1,1,0
2190,3,1,1,0
2191,1,1,1,0
2192,1,1,1,0
2193,1,1,1,0
2194,5,1,1,0
2195,2,1,1,0
2196,4,1,1,0
2197,6,1,1,0
2198,4,1,1,0
2199,3,1,1,0
2200,4,1,1,0
2201,1,1,1,0
2202,3,1,1,0
2203,2,1,1,0
2204,8,1,1,0
2205,3,1,1,0
2206,1,1,1,0
2207,2,1,1,0
2208,2,1,1,0
2209,3,1,1,0
2210,1,1,1,0
2211,7,1,1,0
2212,2,1,1,0
2213,5,1,1,0
2214,2,1,1,0
2215,1,1,1,0
2216,5,1,1,0
2217,1,1,1,0
2218,2,1,1,0
2219,4,1,1,0
2220,2,1,1,0
2221,3,1,1,0
2222,8,1,1,0
2223,9,1,1,0
2224,4,1,1,0
2225,1,1,1,0
2226,1,1,1,0
2227,4,1,1,0
2228,3,1,1,0
2229,3,1,1,0
2230,1,1,1,0
2231,2,1,1,0
2232,3,1,1,0
2233,2,1,1,0
2234,2,1,1,0
2235,4,1,1,0
2236,7,1,1,0
2237,5,1,1,0
2238,1,1,1,0
2239,1,1,1,0
2240,1,1,1,0
2241,5,1,1,0
2242,6,1,1,0
2243,2,1,1,0
2244,10,1,1,0
2245,1,1,1,0
2246,4,1,1,0
2247,2,1,1,0
2248,4,1,1,0
2249,1,1,1,0
2250,1,1,1,0
2251,8,1,1,0
2252,4,1,1,0
2253,3,1,1,0
2254,1,1,1,0
2255,5,1,1,0
2256,3,1,1,0
2257,2,1,1,0
2258,4,1,1,0
2259,9,1,1,0
2260,5,1,1,0
2261,5,1,1,0
2262,1,1,1,0
2263,10,1,1,0
2264,2,1,1,0
2265,7,1,1,0
2266,1,1,1,0
2267,3,1,1,0
2268,10,1,1,0
2269,6,1,1,0
2270,4,1,1,0
2271,7,1,1,0
2272,1,1,1,0
2273,7,1,1,0
2274,2,1,1,0
2275,2,1,1,0
2276,1,1,1,0
2277,3,1,1,0
2278,1,1,1,0
2279,3,1,1,0
2280,6,1,1,0
2281,4,1,1,0
2282,2,1,1,0
2283,1,1,1,0
2284,1,1,1,0
2285,3,1,1,0
2286,5,1,1,0
2287,5,1,1,0
2288,7,1,1,0
2289,1,1,1,0
2290,4,1,1,0
2291,1,1,1,0
2292,1,1,1,0
2293,3,1,1,0
2294,7,1,1,0
2295,2,1,1,0
2296,6,1,1,0
2297,4,1,1,0
2298,3,1,1,0
2299,5,1,1,0
2300,2,1,1,0
2301,3,1,1,0
2302,1,1,1,0
2303,3,1,1,0
2304,11,1,1,0
2305,1,1,1,0
2306,2,1,1,0
2307,2,1,1,0
2308,1,1,1,0
2309,2,1,1,0
2310,7,1,1,0
2311,3,1,1,0
2312,3,1,1,0
2313,1,1,1,0
2314,5,1,1,0
2315,2,1,1,0
2316,1,1,1,0
2317,4,1,1,0
2318,1,1,1,0
2319,5,1,1,0
2320,2,1,1,0
2321,1,1,1,0
2322,1,1,1,0
2323,6,1,1,0
2324,8,1,1,0
2325,3,1,1,0
2326,1,1,1,0
2327,2,1,1,0
2328,1,1,1,0
2329,2,1,1,0
2330,1,1,1,0
2331,8,1,1,0
2332,1,1,1,0
2333,4,1,1,0
2334,1,1,1,0
2335,1,1,1,0
2336,2,1,1,0
2337,4,1,1,0
2338,4,1,1,0
2339,3,1,1,0
2340,1,1,1,0
2341,10,1,1,0
2342,2,1,1,0
2343,3,1,1,0
2344,1,1,1,0
2345,1,1,1,0
2346,3,1,1,0
2347,4,1,1,0
2348,2,1,1,0
2349,2,1,1,0
2350,7,1,1,0
2351,2,1,1,0
2352,7,1,1,0
2353,5,1,1,0
2354,3,1,1,0
2355,2,1,1,0
2356,1,1,1,0
2357,4,1,1,0
2358,3,1,1,0
2359,2,1,1,0
2360,2,1,1,0
2361,8,1,1,0
2362,2,1,1,0
2363,5,1,1,0
2364,5,1,1,0
2365,1,1,1,0
2366,1,1,1,0
2367,7,1,1,0
2368,11,1,1,0
2369,3,1,1,0
2370,4,1,1,0
2371,4,1,1,0
2372,1,1,1,0
2373,8,1,1,0
2374,13,1,1,0
2375,3,1,1,0
2376,1,1,1,0
2377,1,1,1,0
2378,6,1,1,0
2379,2,1,1,0
2380,7,1,1,0
2381,1,1,1,0
2382,3,1,1,0
2383,5,1,1,0
2384,2,1,1,0
2385,7,1,1,0
2386,9,1,1,0
2387,8,1,1,0
2388,7,1,1,0
2389,8,1,1,0
2390,1,1,1,0
2391,11,1,1,0
2392,7,1,1,0
2393,2,1,1,0
2394,2,1,1,0
2395,4,1,1,0
2396,1,1,1,0
2397,1,1,1,0
2398,3,1,1,0
2399,6,1,1,0
2400,7,1,1,0
2401,7,1,1,0
2402,19,1,1,0
2403,3,1,1,0
2404,2,1,1,0
2405,2,1,1,0
2406,1,1,1,0
2407,1,1,1,0
2408,3,1,1,0
2409,4,1,1,0
2410,8,1,1,0
2411,4,1,1,0
2412,1,1,1,0
2413,6,1,1,0
2414,4,1,1,0
2415,5,1,1,0
2416,10,1,1,0
2417,4,1,1,0
2418,1,1,1,0
2419,3,1,1,0
2420,4,1,1,0
2421,1,1,1,0
2422,8,1,1,0
2423,6,1,1,0
2424,2,1,1,0
2425,5,1,1,0
2426,1,1,1,0
2427,3,1,1,0
2428,1,1,1,0
2429,2,1,1,0
2430,2,1,1,0
2431,4,1,1,0
2432,4,1,1,0
2433,6,1,1,0
2434,1,1,1,0
2435,6,1,1,0
2436,3,1,1,0
2437,1,1,1,0
2438,1,1,1,0
2439,4,1,1,0
2440,1,1,1,0
2441,1,1,1,0
2442,2,1,1,0
2443,1,1,1,0
2444,6,1,1,0
2445,1,1,1,0
2446,1,1,1,0
2447,1,1,1,0
2448,4,1,1,0
2449,1,1,1,0
2450,8,1,1,0
2451,3,1,1,0
2452,4,1,1,0
2453,4,1,1,0
2454,2,1,1,0
2455,3,1,1,0
2456,2,1,1,0
2457,3,1,1,0
2458,6,1,1,0
2459,2,1,1,0
2460,3,1,1,0
2461,3,1,1,0
2462,11,1,1,0
2463,9,1,1,0
2464,4,1,1,0
2465,11,1,1,0
2466,2,1,1,0
2467,1,1,1,0
2468,3,1,1,0
2469,2,1,1,0
2470,2,1,1,0
2471,4,1,1,0
2472,2,1,1,0
2473,1,1,1,0
2474,2,1,1,0
2475,4,1,1,0
2476,6,1,1,0
2477,1,1,1,0
2478,2,1,1,0
2479,5,1,1,0
2480,1,1,1,0
2481,1,1,1,0
2482,2,1,1,0
2483,2,1,1,0
2484,1,1,1,0
2485,6,1,1,0
2486,5,1,1,0
2487,2,1,1,0
2488,4,1,1,0
2489,1,1,1,0
2490,5,1,1,0
2491,1,1,1,0
2492,3,1,1,0
2493,4,1,1,0
2494,2,1,1,0
2495,2,1,1,0
2496,9,1,1,0
2497,1,1,1,0
2498,6,1,1,0
2499,4,1,1,0
2500,5,1,1,0
2501,1,1,1,0
2502,3,1,1,0
2503,1,1,1,0
2504,9,1,1,0
2505,7,1,1,0
2506,5,1,1,0
2507,1,1,1,0
2508,3,1,1,0
2509,5,1,1,0
2510,3,1,1,0
2511,18,1,1,0
2512,3,1,1,0
2513,6,1,1,0
2514,6,1,1,0
2515,2,1,1,0
2516,2,1,1,0
2517,9,1,1,0
2518,1,1,1,0
2519,1,1,1,0
2520,3,1,1,0
2521,5,1,1,0
2522,1,1,1,0
2523,2,1,1,0
2524,1,1,1,0
2525,1,1,1,0
2526,4,1,1,0
2527,12,1,1,0
2528,3,1,1,0
2529,5,1,1,0
2530,3,1,1,0
2531,7,1,1,0
2532,7,1,1,0
2533,4,1,1,0
2534,5,1,1,0
2535,8,1,1,0
2536,3,1,1,0
2537,1,1,1,0
2538,3,1,1,0
2539,4,1,1,0
2540,7,1,1,0
2541,4,1,1,0
2542,3,1,1,0
2543,3,1,1,0
2544,3,1,1,0
2545,1,1,1,0
2546,4,1,1,0
2547,6,1,1,0
2548,12,1,1,0
2549,6,1,1,0
2550,9,1,1,0
2551,5,1,1,0
2552,4,1,1,0
2553,4,1,1,0
2554,3,1,1,0
2555,9,1,1,0
2556,2,1,1,0
2557,7,1,1,0
2558,2,1,1,0
2559,1,1,1,0
2560,2,1,1,0
2561,1,1,1,0
2562,3,1,1,0
2563,1,1,1,0
2564,2,1,1,0
2565,8,1,1,0
2566,1,1,1,0
2567,5,1,1,0
2568,7,1,1,0
2569,4,1,1,0
2570,13,1,1,0
2571,5,1,1,0
2572,2,1,1,0
2573,3,1,1,0
2574,3,1,1,0
2575,10,1,1,0
2576,5,1,1,0
2577,1,1,1,0
2578,1,1,1,0
2579,7,1,1,0
2580,1,1,1,0
2581,2,1,1,0
2582,3,1,1,0
2583,4,1,1,0
2584,4,1,1,0
2585,1,1,1,0
2586,5,1,1,0
2587,3,1,1,0
2588,4,1,1,0
2589,1,1,1,0
2590,1,1,1,0
2591,3,1,1,0
2592,1,1,1,0
2593,4,1,1,0
2594,1,1,1,0
2595,3,1,1,0
2596,4,1,1,0
2597,4,1,1,0
2598,1,1,1,0
2599,7,1,1,0
2600,1,1,1,0
2601,1,1,1,0
2602,3,1,1,0
2603,3,1,1,0
2604,1,1,1,0
2605,4,1,1,0
2606,4,1,1,0
2607,5,1,1,0
2608,4,1,1,0
2609,7,1,1,0
2610,2,1,1,0
2611,1,1,1,0
2612,5,1,1,0
2613,2,1,1,0
2614,2,1,1,0
2615,5,1,1,0
2616,2,1,1,0
2617,3,1,1,0
2618,3,1,1,0
2619,7,1,1,0
2620,1,1,1,0
2621,3,1,1,0
2622,2,1,1,0
2623,3,1,1,0
2624,2,1,1,0
2625,2,1,1,0
2626,11,1,1,0
2627,1,1,1,0
2628,2,1,1,0
2629,2,1,1,0
2630,1,1,1,0
2631,4,1,1,0
2632,15,1,1,0
2633,7,1,1,0
2634,3,1,1,0
2635,4,1,1,0
2636,2,1,1,0
2637,2,1,1,0
2638,2,1,1,0
2639,1,1,1,0
2640,6,1,1,0
2641,6,1,1,0
2642,4,1,1,0
2643,4,1,1,0
2644,1,1,1,0
2645,5,1,1,0
2646,4,1,1,0
2647,2,1,1,0
2648,2,1,1,0
2649,1,1,1,0
2650,11,1,1,0
2651,6,1,1,0
2652,7,1,1,0
2653,1,1,1,0
2654,3,1,1,0
2655,3,1,1,0
2656,2,1,1,0
2657,5,1,1,0
2658,3,1,1,0
2659,2,1,1,0
2660,3,1,1,0
2661,3,1,1,0
2662,2,1,1,0
2663,6,1,1,0
2664,1,1,1,0
2665,5,1,1,0
2666,4,1,1,0
2667,2,1,1,0
2668,9,1,1,0
2669,5,1,1,0
2670,6,1,1,0
2671,4,1,1,0
2672,3,1,1,0
2673,2,1,1,0
2674,1,1,1,0
2675,3,1,1,0
2676,4,1,1,0
2677,1,1,1,0
2678,5,1,1,0
2679,4,1,1,0
2680,2,1,1,0
2681,1,1,1,0
2682,5,1,1,0
2683,1,1,1,0
2684,15,1,1,0
2685,1,1,1,0
2686,3,1,1,0
2687,9,1,1,0
2688,1,1,1,0
2689,8,1,1,0
2690,3,1,1,0
2691,1,1,1,0
2692,5,1,1,0
2693,3,1,1,0
2694,1,1,1,0
2695,4,1,1,0
2696,2,1,1,0
2697,8,1,1,0
2698,1,1,1,0
2699,1,1,1,0
2700,1,1,1,0
2701,2,1,1,0
2702,1,1,1,0
2703,3,1,1,0
2704,1,1,1,0
2705,5,1,1,0
2706,9,1,1,0
2707,2,1,1,0
2708,5,1,1,0
2709,5,1,1,0
2710,2,1,1,0
2711,4,1,1,0
2712,7,1,1,0
2713,2,1,1,0
2714,4,1,1,0
2715,2,1,1,0
2716,4,1,1,0
2717,2,1,1,0
2718,4,1,1,0
2719,5,1,1,0
2720,2,1,1,0
2721,2,1,1,0
2722,4,1,1,0
2723,3,1,1,0
2724,4,1,1,0
2725,2,1,1,0
2726,1,1,1,0
2727,2,1,1,0
2728,1,1,1,0
2729,1,1,1,0
2730,5,1,1,0
2731,3,1,1,0
2732,1,1,1,0
2733,2,1,1,0
2734,3,1,1,0
2735,1,1,1,0
2736,9,1,1,0
2737,5,1,1,0
2738,5,1,1,0
2739,3,1,1,0
2740,1,1,1,0
2741,1,1,1,0
2742,1,1,1,0
2743,1,1,1,0
2744,2,1,1,0
2745,2,1,1,0
2746,1,1,1,0
2747,2,1,1,0
2748,1,1,1,0
2749,2,1,1,0
2750,3,1,1,0
2751,5,1,1,0
2752,5,1,1,0
2753,7,1,1,0
2754,2,1,1,0
2755,5,1,1,0
2756,2,1,1,0
2757,6,1,1,0
2758,5,1,1,0
2759,2,1,1,0
2760,1,1,1,0
2761,5,1,1,0
2762,4,1,1,0
2763,4,1,1,0
2764,2,1,1,0
2765,7,1,1,0
2766,4,1,1,0
2767,1,1,1,0
2768,6,1,1,0
2769,2,1,1,0
2770,1,1,1,0
2771,8,1,1,0
2772,4,1,1,0
2773,2,1,1,0
2774,1,1,1,0
2775,6,1,1,0
2776,4,1,1,0
2777,7,1,1,0
2778,13,1,1,0
2779,4,1,1,0
2780,8,1,1,0
2781,2,1,1,0
2782,2,1,1,0
2783,6,1,1,0
2784,11,1,1,0
2785,1,1,1,0
2786,4,1,1,0
2787,2,1,1,0
2788,1,1,1,0
2789,11,1,1,0
2790,8,1,1,0
2791,3,1,1,0
2792,1,1,1,0
2793,7,1,1,0
2794,1,1,1,0
2795,2,1,1,0
2796,10,1,1,0
2797,2,1,1,0
2798,1,1,1,0
2799,1,1,1,0
2800,3,1,1,0
2801,5,1,1,0
2802,3,1,1,0
2803,2,1,1,0
2804,6,1,1,0
2805,4,1,1,0
2806,5,1,1,0
2807,2,1,1,0
2808,9,1,1,0
2809,11,1,1,0
2810,3,1,1,0
2811,4,1,1,0
2812,4,1,1,0
2813,4,1,1,0
2814,5,1,1,0
2815,1,1,1,0
2816,2,1,1,0
2817,3,1,1,0
2818,4,1,1,0
2819,8,1,1,0
2820,2,1,1,0
2821,3,1,1,0
2822,1,1,1,0
2823,4,1,1,0
2824,9,1,1,0
2825,1,1,1,0
2826,3,1,1,0
2827,6,1,1,0
2828,3,1,1,0
2829,2,1,1,0
2830,8,1,1,0
2831,2,1,1,0
2832,1,1,1,0
2833,5,1,1,0
2834,4,1,1,0
2835,3,1,1,0
2836,3,1,1,0
2837,3,1,1,0
2838,1,1,1,0
2839,2,1,1,0
2840,6,1,1,0
2841,5,1,1,0
2842,4,1,1,0
2843,3,1,1,0
2844,3,1,1,0
2845,2,1,1,0
2846,1,1,1,0
2847,6,1,1,0
2848,4,1,1,0
2849,2,1,1,0
2850,3,1,1,0
2851,1,1,1,0
2852,4,1,1,0
2853,1,1,1,0
2854,3,1,1,0
2855,2,1,1,0
2856,1,1,1,0
2857,8,1,1,0
2858,1,1,1,0
2859,7,1,1,0
2860,6,1,1,0
2861,1,1,1,0
2862,1,1,1,0
2863,1,1,1,0
2864,3,1,1,0
2865,3,1,1,0
2866,1,1,1,0
2867,4,1,1,0
2868,3,1,1,0
2869,3,1,1,0
2870,1,1,1,0
2871,5,1,1,0
2872,3,1,1,0
2873,2,1,1,0
2874,5,1,1,0
2875,6,1,1,0
2876,5,1,1,0
2877,5,1,1,0
2878,3,1,1,0
2879,3,1,1,0
2880,2,1,1,0
2881,3,1,1,0
2882,6,1,1,0
2883,6,1,1,0
2884,2,1,1,0
2885,5,1,1,0
2886,1,1,1,0
2887,1,1,1,0
2888,6,1,1,0
2889,1,1,1,0
2890,4,1,1,0
2891,2,1,1,0
2892,2,1,1,0
2893,6,1,1,0
2894,1,1,1,0
2895,3,1,1,0
2896,1,1,1,0
2897,1,1,1,0
2898,5,1,1,0
2899,5,1,1,0
2900,2,1,1,0
2901,5,1,1,0
2902,1,1,1,0
2903,1,1,1,0
2904,3,1,1,0
2905,1,1,1,0
2906,3,1,1,0
2907,4,1,1,0
2908,4,1,1,0
2909,1,1,1,0
2910,4,1,1,0
2911,1,1,1,0
2912,2,1,1,0
2913,3,1,1,0
2914,1,1,1,0
2915,5,1,1,0
2916,3,1,1,0
2917,9,1,1,0
2918,1,1,1,0
2919,1,1,1,0
2920,5,1,1,0
2921,2,1,1,0
2922,2,1,1,0
2923,1,1,1,0
2924,4,1,1,0
2925,2,1,1,0
2926,2,1,1,0
2927,1,1,1,0
2928,7,1,1,0
2929,4,1,1,0
2930,25,1,1,0
2931,5,1,1,0
2932,2,1,1,0
2933,1,1,1,0
2934,1,1,1,0
2935,3,1,1,0
2936,6,1,1,0
2937,2,1,1,0
2938,4,1,1,0
2939,1,1,1,0
2940,4,1,1,0
2941,3,1,1,0
2942,7,1,1,0
2943,6,1,1,0
2944,1,1,1,0
2945,3,1,1,0
2946,4,1,1,0
2947,3,1,1,0
2948,2,1,1,0
2949,1,1,1,0
2950,2,1,1,0
2951,2,1,1,0
2952,5,1,1,0
2953,9,1,1,0
2954,2,1,1,0
2955,1,1,1,0
2956,5,1,1,0
2957,4,1,1,0
2958,3,1,1,0
2959,2,1,1,0
2960,1,1,1,0
2961,1,1,1,0
2962,2,1,1,0
2963,2,1,1,0
2964,3,1,1,0
2965,1,1,1,0
2966,4,1,1,0
2967,2,1,1,0
2968,2,1,1,0
2969,2,1,1,0
2970,1,1,1,0
2971,16,1,1,0
2972,1,1,1,0
2973,1,1,1,0
2974,5,1,1,0
2975,3,1,1,0
2976,2,1,1,0
2977,2,1,1,0
2978,3,1,1,0
2979,3,1,1,0
2980,2,1,1,0
2981,4,1,1,0
2982,1,1,1,0
2983,6,1,1,0
2984,1,1,1,0
2985,2,1,1,0
2986,2,1,1,0
2987,5,1,1,0
2988,1,1,1,0
2989,1,1,1,0
2990,2,1,1,0
2991,3,1,1,0
2992,2,1,1,0
2993,1,1,1,0
2994,3,1,1,0
2995,2,1,1,0
2996,2,1,1,0
2997,2,1,1,0
2998,2,1,1,0
2999,1,1,1,0
3000,8,1,1,0
3001,4,1,1,0
3002,3,1,1,0
3003,4,1,1,0
3004,4,1,1,0
3005,5,1,1,0
3006,1,1,1,0
3007,1,1,1,0
3008,5,1,1,0
3009,4,1,1,0
3010,2,1,1,0
3011,10,1,1,0
3012,1,1,1,0
3013,1,1,1,0
3014,2,1,1,0
3015,3,1,1,0
3016,3,1,1,0
3017,1,1,1,0
3018,7,1,1,0
3019,4,1,1,0
3020,3,1,1,0
3021,1,1,1,0
3022,3,1,1,0
3023,3,1,1,0
3024,2,1,1,0
3025,4,1,1,0
3026,1,1,1,0
3027,3,1,1,0
3028,7,1,1,0
3029,1,1,1,0
3030,3,1,1,0
3031,1,1,1,0
3032,1,1,1,0
3033,1,1,1,0
3034,1,1,1,0
3035,12,1,1,0
3036,2,1,1,0
3037,1,1,1,0
3038,3,1,1,0
3039,1,1,1,0
3040,4,1,1,0
3041,9,1,1,0
3042,1,1,1,0
3043,3,1,1,0
3044,4,1,1,0
3045,6,1,1,0
3046,1,1,1,0
3047,2,1,1,0
3048,7,1,1,0
3049,6,1,1,0
3050,2,1,1,0
3051,3,1,1,0
3052,8,1,1,0
3053,2,1,1,0
3054,2,1,1,0
3055,4,1,1,0
3056,1,1,1,0
3057,2,1,1,0
3058,2,1,1,0
3059,1,1,1,0
3060,2,1,1,0
3061,11,1,1,0
3062,4,1,1,0
3063,3,1,1,0
3064,4,1,1,0
3065,2,1,1,0
3066,2,1,1,0
3067,2,1,1,0
3068,8,1,1,0
3069,12,1,1,0
3070,7,1,1,0
3071,2,1,1,0
3072,8,1,1,0
3073,7,1,1,0
3074,3,1,1,0
3075,2,1,1,0
3076,7,1,1,0
3077,1,1,1,0
3078,1,1,1,0
3079,11,1,1,0
3080,1,1,1,0
3081,13,1,1,0
3082,4,1,1,0
3083,1,1,1,0
3084,1,1,1,0
3085,5,1,1,0
3086,1,1,1,0
3087,1,1,1,0
3088,11,1,1,0
3089,1,1,1,0
3090,9,1,1,0
3091,3,1,1,0
3092,2,1,1,0
3093,2,1,1,0
3094,2,1,1,0
3095,11,1,1,0
3096,2,1,1,0
3097,4,1,1,0
3098,4,1,1,0
3099,3,1,1,0
3100,2,1,1,0
3101,2,1,1,0
3102,19,1,1,0
3103,1,1,1,0
3104,10,1,1,0
3105,3,1,1,0
3106,3,1,1,0
3107,3,1,1,0
3108,3,1,1,0
3109,3,1,1,0
3110,3,1,1,0
3111,2,1,1,0
3112,1,1,1,0
3113,1,1,1,0
3114,2,1,1,0
3115,6,1,1,0
3116,6,1,1,0
3117,10,1,1,0
3118,2,1,1,0
3119,4,1,1,0
3120,3,1,1,0
3121,1,1,1,0
3122,8,1,1,0
3123,2,1,1,0
3124,7,1,1,0
3125,8,1,1,0
3126,7,1,1,0
3127,1,1,1,0
3128,8,1,1,0
3129,1,1,1,0
3130,2,1,1,0
3131,2,1,1,0
3132,6,1,1,0
3133,2,1,1,0
3134,7,1,1,0
3135,2,1,1,0
3136,1,1,1,0
3137,9,1,1,0
3138,10,1,1,0
3139,3,1,1,0
3140,2,1,1,0
3141,5,1,1,0
3142,6,1,1,0
3143,1,1,1,0
3144,10,1,1,0
3145,3,1,1,0
3146,3,1,1,0
3147,5,1,1,0
3148,7,1,1,0
3149,3,1,1,0
3150,4,1,1,0
3151,2,1,1,0
3152,1,1,1,0
3153,5,1,1,0
3154,1,1,1,0
3155,2,1,1,0
3156,2,1,1,0
3157,11,1,1,0
3158,4,1,1,0
3159,3,1,1,0
3160,7,1,1,0
3161,1,1,1,0
3162,2,1,1,0
3163,3,1,1,0
3164,6,1,1,0
3165,1,1,1,0
3166,1,1,1,0
3167,4,1,1,0
3168,4,1,1,0
3169,4,1,1,0
3170,1,1,1,0
3171,3,1,1,0
3172,4,1,1,0
3173,3,1,1,0
3174,1,1,1,0
3175,4,1,1,0
3176,8,1,1,0
3177,1,1,1,0
3178,8,1,1,0
3179,5,1,1,0
3180,3,1,1,0
3181,10,1,1,0
3182,5,1,1,0
3183,2,1,1,0
3184,1,1,1,0
3185,2,1,1,0
3186,2,1,1,0
3187,10,1,1,0
3188,1,1,1,0
3189,1,1,1,0
3190,9,1,1,0
3191,3,1,1,0
3192,7,1,1,0
3193,3,1,1,0
3194,3,1,1,0
3195,3,1,1,0
3196,6,1,1,0
3197,3,1,1,0
3198,1,1,1,0
3199,3,1,1,0
3200,2,1,1,0
3201,5,1,1,0
3202,4,1,1,0
3203,5,1,1,0
3204,2,1,1,0
3205,2,1,1,0
3206,1,1,1,0
3207,4,1,1,0
3208,7,1,1,0
3209,4,1,1,0
3210,3,1,1,0
3211,3,1,1,0
3212,2,1,1,0
3213,2,1,1,0
3214,2,1,1,0
3215,9,1,1,0
3216,2,1,1,0
3217,3,1,1,0
3218,1,1,1,0
3219,2,1,1,0
3220,3,1,1,0
3221,4,1,1,0
3222,2,1,1,0
3223,1,1,1,0
3224,4,1,1,0
3225,4,1,1,0
3226,7,1,1,0
3227,1,1,1,0
3228,2,1,1,0
3229,9,1,1,0
3230,3,1,1,0
3231,4,1,1,0
3232,1,1,1,0
3233,4,1,1,0
3234,1,1,1,0
3235,1,1,1,0
3236,1,1,1,0
3237,12,1,1,0
3238,4,1,1,0
3239,2,1,1,0
3240,2,1,1,0
3241,4,1,1,0
3242,2,1,1,0
3243,5,1,1,0
3244,2,1,1,0
3245,6,1,1,0
3246,3,1,1,0
3247,12,1,1,0
3248,6,1,1,0
3249,2,1,1,0
3250,1,1,1,0
3251,2,1,1,0
3252,3,1,1,0
3253,1,1,1,0
3254,3,1,1,0
3255,8,1,1,0
3256,6,1,1,0
3257,3,1,1,0
3258,2,1,1,0
3259,4,1,1,0
3260,3,1,1,0
3261,2,1,1,0
3262,12,1,1,0
3263,3,1,1,0
3264,13,1,1,0
3265,1,1,1,0
3266,1,1,1,0
3267,1,1,1,0
3268,4,1,1,0
3269,3,1,1,0
3270,2,1,1,0
3271,1,1,1,0
3272,10,1,1,0
3273,1,1,1,0
3274,3,1,1,0
3275,3,1,1,0
3276,3,1,1,0
3277,5,1,1,0
3278,2,1,1,0
3279,2,1,1,0
3280,3,1,1,0
3281,2,1,1,0
3282,3,1,1,0
3283,1,1,1,0
3284,1,1,1,0
3285,1,1,1,0
3286,3,1,1,0
3287,1,1,1,0
3288,3,1,1,0
3289,4,1,1,0
3290,2,1,1,0
3291,1,1,1,0
3292,5,1,1,0
3293,7,1,1,0
3294,6,1,1,0
3295,4,1,1,0
3296,1,1,1,0
3297,1,1,1,0
3298,4,1,1,0
3299,13,1,1,0
3300,2,1,1,0
3301,5,1,1,0
3302,5,1,1,0
3303,2,1,1,0
3304,2,1,1,0
3305,4,1,1,0
3306,2,1,1,0
3307,4,1,1,0
3308,2,1,1,0
3309,13,1,1,0
3310,3,1,1,0
3311,1,1,1,0
3312,5,1,1,0
3313,3,1,1,0
3314,9,1,1,0
3315,2,1,1,0
3316,5,1,1,0
3317,4,1,1,0
3318,1,1,1,0
3319,2,1,1,0
3320,6,1,1,0
3321,1,1,1,0
3322,9,1,1,0
3323,2,1,1,0
3324,5,1,1,0
3325,10,1,1,0
3326,1,1,1,0
3327,3,1,1,0
3328,2,1,1,0
3329,2,1,1,0
3330,1,1,1,0
3331,2,1,1,0
3332,5,1,1,0
3333,1,1,1,0
3334,6,1,1,0
3335,2,1,1,0
3336,4,1,1,0
3337,5,1,1,0
3338,3,1,1,0
3339,7,1,1,0
3340,4,1,1,0
3341,3,1,1,0
3342,8,1,1,0
3343,6,1,1,0
3344,2,1,1,0
3345,6,1,1,0
3346,1,1,1,0
3347,5,1,1,0
3348,1,1,1,0
3349,6,1,1,0
3350,7,1,1,0
3351,4,1,1,0
3352,6,1,1,0
3353,1,1,1,0
3354,2,1,1,0
3355,3,1,1,0
3356,1,1,1,0
3357,2,1,1,0
3358,5,1,1,0
3359,3,1,1,0
3360,2,1,1,0
3361,3,1,1,0
3362,1,1,1,0
3363,9,1,1,0
3364,4,1,1,0
3365,6,1,1,0
3366,3,1,1,0
3367,2,1,1,0
3368,10,1,1,0
3369,1,1,1,0
3370,6,1,1,0
3371,1,1,1,0
3372,1,1,1,0
3373,1,1,1,0
3374,4,1,1,0
3375,2,1,1,0
3376,2,1,1,0
3377,1,1,1,0
3378,1,1,1,0
3379,3,1,1,0
3380,3,1,1,0
3381,1,1,1,0
3382,4,1,1,0
3383,2,1,1,0
3384,4,1,1,0
3385,3,1,1,0
3386,11,1,1,0
3387,3,1,1,0
3388,4,1,1,0
3389,1,1,1,0
3390,2,1,1,0
3391,3,1,1,0
3392,1,1,1,0
3393,5,1,1,0
3394,3,1,1,0
3395,3,1,1,0
3396,6,1,1,0
3397,2,1,1,0
3398,1,1,1,0
3399,4,1,1,0
3400,5,1,1,0
3401,11,1,1,0
3402,3,1,1,0
3403,4,1,1,0
3404,3,1,1,0
3405,3,1,1,0
3406,4,1,1,0
3407,2,1,1,0
3408,6,1,1,0
3409,11,1,1,0
3410,3,1,1,0
3411,2,1,1,0
3412,31,1,1,0
3413,2,1,1,0
3414,1,1,1,0
3415,4,1,1,0
3416,2,1,1,0
3417,6,1,1,0
3418,2,1,1,0
3419,7,1,1,0
3420,4,1,1,0
3421,1,1,1,0
3422,1,1,1,0
3423,2,1,1,0
3424,6,1,1,0
3425,1,1,1,0
3426,4,1,1,0
3427,7,1,1,0
3428,2,1,1,0
3429,5,1,1,0
3430,8,1,1,0
3431,13,1,1,0
3432,1,1,1,0
3433,1,1,1,0
3434,4,1,1,0
3435,3,1,1,0
3436,1,1,1,0
3437,5,1,1,0
3438,2,1,1,0
3439,5,1,1,0
3440,6,1,1,0
3441,9,1,1,0
3442,3,1,1,0
3443,6,1,1,0
3444,1,1,1,0
3445,7,1,1,0
3446,3,1,1,0
3447,2,1,1,0
3448,5,1,1,0
3449,12,1,1,0
3450,3,1,1,0
3451,1,1,1,0
3452,6,1,1,0
3453,1,1,1,0
3454,1,1,1,0
3455,7,1,1,0
3456,4,1,1,0
3457,5,1,1,0
3458,3,1,1,0
3459,4,1,1,0
3460,8,1,1,0
3461,1,1,1,0
3462,1,1,1,0
3463,2,1,1,0
3464,1,1,1,0
3465,7,1,1,0
3466,2,1,1,0
3467,2,1,1,0
3468,3,1,1,0
3469,1,1,1,0
3470,4,1,1,0
3471,8,1,1,0
3472,6,1,1,0
3473,1,1,1,0
3474,1,1,1,0
3475,12,1,1,0
3476,2,1,1,0
3477,9,1,1,0
3478,3,1,1,0
3479,9,1,1,0
3480,4,1,1,0
3481,4,1,1,0
3482,11,1,1,0
3483,3,1,1,0
3484,4,1,1,0
3485,5,1,1,0
3486,3,1,1,0
3487,2,1,1,0
3488,1,1,1,0
3489,3,1,1,0
3490,5,1,1,0
3491,3,1,1,0
3492,3,1,1,0
3493,2,1,1,0
3494,4,1,1,0
3495,3,1,1,0
3496,2,1,1,0
3497,1,1,1,0
3498,9,1,1,0
3499,7,1,1,0
3500,4,1,1,0
3501,3,1,1,0
3502,1,1,1,0
3503,7,1,1,0
3504,2,1,1,0
3505,5,1,1,0
3506,2,1,1,0
3507,4,1,1,0
3508,1,1,1,0
3509,6,1,1,0
3510,5,1,1,0
3511,6,1,1,0
3512,7,1,1,0
3513,4,1,1,0
3514,3,1,1,0
3515,5,1,1,0
3516,4,1,1,0
3517,2,1,1,0
3518,3,1,1,0
3519,2,1,1,0
3520,4,1,1,0
3521,1,1,1,0
3522,3,1,1,0
3523,6,1,1,0
3524,4,1,1,0
3525,4,1,1,0
3526,7,1,1,0
3527,10,1,1,0
3528,6,1,1,0
3529,4,1,1,0
3530,4,1,1,0
3531,6,1,1,0
3532,4,1,1,0
3533,10,1,1,0
3534,4,1,1,0
3535,4,1,1,0
3536,3,1,1,0
3537,2,1,1,0
3538,14,1,1,0
3539,2,1,1,0
3540,1,1,1,0
3541,2,1,1,0
3542,1,1,1,0
3543,6,1,1,0
3544,1,1,1,0
3545,5,1,1,0
3546,2,1,1,0
3547,1,1,1,0
3548,4,1,1,0
3549,4,1,1,0
3550,4,1,1,0
3551,8,1,1,0
3552,3,1,1,0
3553,7,1,1,0
3554,7,1,1,0
3555,3,1,1,0
3556,4,1,1,0
3557,2,1,1,0
3558,10,1,1,0
3559,1,1,1,0
3560,3,1,1,0
3561,4,1,1,0
3562,2,1,1,0
3563,1,1,1,0
3564,3,1,1,0
3565,1,1,1,0
3566,5,1,1,0
3567,5,1,1,0
3568,2,1,1,0
3569,7,1,1,0
3570,2,1,1,0
3571,1,1,1,0
3572,4,1,1,0
3573,19,1,1,0
3574,3,1,1,0
3575,13,1,1,0
3576,2,1,1,0
3577,3,1,1,0
3578,2,1,1,0
3579,8,1,1,0
3580,5,1,1,0
3581,6,1,1,0
3582,4,1,1,0
3583,6,1,1,0
3584,2,1,1,0
3585,8,1,1,0
3586,3,1,1,0
3587,1,1,1,0
3588,2,1,1,0
3589,1,1,1,0
3590,3,1,1,0
3591,2,1,1,0
3592,2,1,1,0
3593,1,1,1,0
3594,3,1,1,0
3595,1,1,1,0
3596,2,1,1,0
3597,5,1,1,0
3598,2,1,1,0
3599,2,1,1,0
3600,1,1,1,0
3601,5,1,1,0
3602,1,1,1,0
3603,8,1,1,0
3604,2,1,1,0
3605,3,1,1,0
3606,3,1,1,0
3607,10,1,1,0
3608,2,1,1,0
3609,2,1,1,0
3610,3,1,1,0
3611,1,1,1,0
3612,1,1,1,0
3613,9,1,1,0
3614,2,1,1,0
3615,1,1,1,0
3616,7,1,1,0
3617,2,1,1,0
3618,1,1,1,0
3619,6,1,1,0
3620,5,1,1,0
3621,3,1,1,0
3622,8,1,1,0
3623,11,1,1,0
3624,1,1,1,0
3625,1,1,1,0
3626,4,1,1,0
3627,1,1,1,0
3628,6,1,1,0
3629,6,1,1,0
3630,5,1,1,0
3631,1,1,1,0
3632,1,1,1,0
3633,5,1,1,0
3634,3,1,1,0
3635,2,1,1,0
3636,1,1,1,0
3637,5,1,1,0
3638,5,1,1,0
3639,18,1,1,0
3640,2,1,1,0
3641,3,1,1,0
3642,1,1,1,0
3643,3,1,1,0
3644,1,1,1,0
3645,3,1,1,0
3646,4,1,1,0
3647,5,1,1,0
3648,5,1,1,0
3649,2,1,1,0
3650,2,1,1,0
3651,4,1,1,0
3652,12,1,1,0
3653,6,1,1,0
3654,3,1,1,0
3655,4,1,1,0
3656,1,1,1,0
3657,3,1,1,0
3658,2,1,1,0
3659,2,1,1,0
3660,8,1,1,0
3661,2,1,1,0
3662,9,1,1,0
3663,3,1,1,0
3664,1,1,1,0
3665,3,1,1,0
3666,2,1,1,0
3667,6,1,1,0
3668,5,1,1,0
3669,3,1,1,0
3670,2,1,1,0
3671,2,1,1,0
3672,5,1,1,0
3673,1,1,1,0
3674,1,1,1,0
3675,3,1,1,0
3676,1,1,1,0
3677,1,1,1,0
3678,5,1,1,0
3679,2,1,1,0
3680,4,1,1,0
3681,1,1,1,0
3682,3,1,1,0
3683,4,1,1,0
3684,3,1,1,0
3685,1,1,1,0
3686,2,1,1,0
3687,4,1,1,0
3688,2,1,1,0
3689,8,1,1,0
3690,2,1,1,0
3691,1,1,1,0
3692,8,1,1,0
3693,8,1,1,0
3694,1,1,1,0
3695,6,1,1,0
3696,2,1,1,0
3697,13,1,1,0
3698,4,1,1,0
3699,4,1,1,0
3700,4,1,1,0
3701,1,1,1,0
3702,5,1,1,0
3703,3,1,1,0
3704,10,1,1,0
3705,1,1,1,0
3706,5,1,1,0
3707,6,1,1,0
3708,2,1,1,0
3709,1,1,1,0
3710,4,1,1,0
3711,2,1,1,0
3712,3,1,1,0
3713,4,1,1,0
3714,2,1,1,0
3715,11,1,1,0
3716,1,1,1,0
3717,2,1,1,0
3718,1,1,1,0
3719,2,1,1,0
3720,4,1,1,0
3721,1,1,1,0
3722,13,1,1,0
3723,4,1,1,0
3724,1,1,1,0
3725,1,1,1,0
3726,1,1,1,0
3727,6,1,1,0
3728,2,1,1,0
3729,1,1,1,0
3730,1,1,1,0
3731,5,1,1,0
3732,4,1,1,0
3733,2,1,1,0
3734,5,1,1,0
3735,1,1,1,0
3736,1,1,1,0
3737,1,1,1,0
3738,7,1,1,0
3739,1,1,1,0
3740,2,1,1,0
3741,1,1,1,0
3742,4,1,1,0
3743,5,1,1,0
3744,4,1,1,0
3745,7,1,1,0
3746,3,1,1,0
3747,3,1,1,0
3748,5,1,1,0
3749,6,1,1,0
3750,4,1,1,0
3751,2,1,1,0
3752,2,1,1,0
3753,3,1,1,0
3754,1,1,1,0
3755,3,1,1,0
3756,7,1,1,0
3757,6,1,1,0
3758,6,1,1,0
3759,3,1,1,0
3760,3,1,1,0
3761,4,1,1,0
3762,3,1,1,0
3763,4,1,1,0
3764,1,1,1,0
3765,3,1,1,0
3766,2,1,1,0
3767,2,1,1,0
3768,2,1,1,0
3769,1,1,1,0
3770,1,1,1,0
3771,12,1,1,0
3772,7,1,1,0
3773,6,1,1,0
3774,15,1,1,0
3775,2,1,1,0
3776,2,1,1,0
3777,2,1,1,0
3778,1,1,1,0
3779,2,1,1,0
3780,3,1,1,0
3781,2,1,1,0
3782,3,1,1,0
3783,1,1,1,0
3784,2,1,1,0
3785,1,1,1,0
3786,4,1,1,0
3787,1,1,1,0
3788,3,1,1,0
3789,3,1,1,0
3790,1,1,1,0
3791,6,1,1,0
3792,2,1,1,0
3793,1,1,1,0
3794,3,1,1,0
3795,4,1,1,0
3796,1,1,1,0
3797,2,1,1,0
3798,3,1,1,0
3799,1,1,1,0
3800,2,1,1,0
3801,3,1,1,0
3802,6,1,1,0
3803,2,1,1,0
3804,4,1,1,0
3805,5,1,1,0
3806,1,1,1,0
3807,9,1,1,0
3808,7,1,1,0
3809,3,1,1,0
3810,1,1,1,0
3811,4,1,1,0
3812,6,1,1,0
3813,7,1,1,0
3814,6,1,1,0
3815,15,1,1,0
3816,1,1,1,0
3817,8,1,1,0
3818,6,1,1,0
3819,6,1,1,0
3820,3,1,1,0
3821,4,1,1,0
3822,1,1,1,0
3823,1,1,1,0
3824,2,1,1,0
3825,5,1,1,0
3826,1,1,1,0
3827,1,1,1,0
3828,1,1,1,0
3829,1,1,1,0
3830,2,1,1,0
3831,5,1,1,0
3832,3,1,1,0
3833,2,1,1,0
3834,2,1,1,0
3835,1,1,1,0
3836,5,1,1,0
3837,2,1,1,0
3838,9,1,1,0
3839,5,1,1,0
3840,5,1,1,0
3841,1,1,1,0
3842,5,1,1,0
3843,3,1,1,0
3844,1,1,1,0
3845,2,1,1,0
3846,1,1,1,0
3847,2,1,1,0
3848,1,1,1,0
3849,3,1,1,0
3850,1,1,1,0
3851,3,1,1,0
3852,3,1,1,0
3853,9,1,1,0
3854,3,1,1,0
3855,3,1,1,0
3856,6,1,1,0
3857,2,1,1,0
3858,3,1,1,0
3859,2,1,1,0
3860,1,1,1,0
3861,1,1,1,0
3862,5,1,1,0
3863,6,1,1,0
3864,3,1,1,0
3865,1,1,1,0
3866,3,1,1,0
3867,6,1,1,0
3868,1,1,1,0
3869,1,1,1,0
3870,1,1,1,0
3871,1,1,1,0
3872,3,1,1,0
3873,2,1,1,0
3874,1,1,1,0
3875,6,1,1,0
3876,4,1,1,0
3877,2,1,1,0
3878,1,1,1,0
3879,3,1,1,0
3880,6,1,1,0
3881,5,1,1,0
3882,2,1,1,0
3883,3,1,1,0
3884,1,1,1,0
3885,4,1,1,0
3886,6,1,1,0
3887,3,1,1,0
3888,1,1,1,0
3889,1,1,1,0
3890,3,1,1,0
3891,5,1,1,0
3892,1,1,1,0
3893,2,1,1,0
3894,1,1,1,0
3895,3,1,1,0
3896,3,1,1,0
3897,9,1,1,0
3898,8,1,1,0
3899,3,1,1,0
3900,1,1,1,0
3901,3,1,1,0
3902,4,1,1,0
3903,2,1,1,0
3904,1,1,1,0
3905,2,1,1,0
3906,5,1,1,0
3907,1,1,1,0
3908,6,1,1,0
3909,7,1,1,0
3910,5,1,1,0
3911,1,1,1,0
3912,1,1,1,0
3913,2,1,1,0
3914,3,1,1,0
3915,1,1,1,0
3916,2,1,1,0
3917,5,1,1,0
3918,1,1,1,0
3919,5,1,1,0
3920,1,1,1,0
3921,1,1,1,0
3922,3,1,1,0
3923,3,1,1,0
3924,1,1,1,0
3925,5,1,1,0
3926,1,1,1,0
3927,6,1,1,0
3928,3,1,1,0
3929,8,1,1,0
3930,1,1,1,0
3931,4,1,1,0
3932,2,1,1,0
3933,1,1,1,0
3934,1,1,1,0
3935,9,1,1,0
3936,3,1,1,0
3937,2,1,1,0
3938,1,1,1,0
3939,3,1,1,0
3940,2,1,1,0
3941,4,1,1,0
3942,5,1,1,0
3943,11,1,1,0
3944,1,1,1,0
3945,3,1,1,0
3946,1,1,1,0
3947,2,1,1,0
3948,3,1,1,0
3949,2,1,1,0
3950,3,1,1,0
3951,1,1,1,0
3952,6,1,1,0
3953,1,1,1,0
3954,1,1,1,0
3955,3,1,1,0
3956,5,1,1,0
3957,4,1,1,0
3958,3,1,1,0
3959,3,1,1,0
3960,2,1,1,0
3961,6,1,1,0
3962,2,1,1,0
3963,4,1,1,0
3964,6,1,1,0
3965,3,1,1,0
3966,1,1,1,0
3967,5,1,1,0
3968,5,1,1,0
3969,2,1,1,0
3970,3,1,1,0
3971,4,1,1,0
3972,1,1,1,0
3973,1,1,1,0
3974,8,1,1,0
3975,1,1,1,0
3976,2,1,1,0
3977,3,1,1,0
3978,2,1,1,0
3979,5,1,1,0
3980,2,1,1,0
3981,1,1,1,0
3982,1,1,1,0
3983,1,1,1,0
3984,1,1,1,0
3985,6,1,1,0
3986,6,1,1,0
3987,2,1,1,0
3988,1,1,1,0
3989,3,1,1,0
3990,6,1,1,0
3991,6,1,1,0
3992,1,1,1,0
3993,1,1,1,0
3994,7,1,1,0
3995,5,1,1,0
3996,3,1,1,0
3997,5,1,1,0
3998,3,1,1,0
3999,8,1,1,0
4000,1,1,1,0
4001,2,1,1,0
4002,4,1,1,0
4003,3,1,1,0
4004,3,1,1,0
4005,4,1,1,0
4006,1,1,1,0
4007,6,1,1,0
4008,1,1,1,0
4009,1,1,1,0
4010,5,1,1,0
4011,3,1,1,0
4012,1,1,1,0
4013,2,1,1,0
4014,3,1,1,0
4015,1,1,1,0
4016,8,1,1,0
4017,1,1,1,0
4018,4,1,1,0
4019,10,1,1,0
4020,1,1,1,0
4021,1,1,1,0
4022,4,1,1,0
4023,2,1,1,0
4024,5,1,1,0
4025,2,1,1,0
4026,2,1,1,0
4027,7,1,1,0
4028,4,1,1,0
4029,4,1,1,0
4030,1,1,1,0
4031,1,1,1,0
4032,8,1,1,0
4033,2,1,1,0
4034,2,1,1,0
4035,1,1,1,0
4036,5,1,1,0
4037,4,1,1,0
4038,11,1,1,0
4039,7,1,1,0
4040,3,1,1,0
4041,2,1,1,0
4042,4,1,1,0
4043,1,1,1,0
4044,2,1,1,0
4045,2,1,1,0
4046,3,1,1,0
4047,2,1,1,0
4048,2,1,1,0
4049,5,1,1,0
4050,1,1,1,0
4051,1,1,1,0
4052,3,1,1,0
4053,3,1,1,0
4054,5,1,1,0
4055,2,1,1,0
4056,2,1,1,0
4057,13,1,1,0
4058,5,1,1,0
4059,2,1,1,0
4060,1,1,1,0
4061,5,1,1,0
4062,1,1,1,0
4063,2,1,1,0
4064,2,1,1,0
4065,5,1,1,0
4066,3,1,1,0
4067,12,1,1,0
4068,3,1,1,0
4069,4,1,1,0
4070,3,1,1,0
4071,1,1,1,0
4072,1,1,1,0
4073,4,1,1,0
4074,3,1,1,0
4075,2,1,1,0
4076,5,1,1,0
4077,5,1,1,0
4078,3,1,1,0
4079,3,1,1,0
4080,8,1,1,0
4081,1,1,1,0
4082,4,1,1,0
4083,2,1,1,0
4084,3,1,1,0
4085,4,1,1,0
4086,5,1,1,0
4087,1,1,1,0
4088,2,1,1,0
4089,1,1,1,0
4090,3,1,1,0
4091,3,1,1,0
4092,1,1,1,0
4093,3,1,1,0
4094,3,1,1,0
4095,3,1,1,0
4096,4,1,1,0
4097,6,1,1,0
4098,2,1,1,0
4099,4,1,1,0
4100,6,1,1,0
4101,1,1,1,0
4102,4,1,1,0
4103,1,1,1,0
4104,3,1,1,0
4105,6,1,1,0
4106,3,1,1,0
4107,1,1,1,0
4108,1,1,1,0
4109,4,1,1,0
4110,1,1,1,0
4111,5,1,1,0
4112,9,1,1,0
4113,3,1,1,0
4114,3,1,1,0
4115,1,1,1,0
4116,3,1,1,0
4117,2,1,1,0
4118,1,1,1,0
4119,3,1,1,0
4120,5,1,1,0
4121,2,1,1,0
4122,1,1,1,0
4123,1,1,1,0
4124,1,1,1,0
4125,3,1,1,0
4126,1,1,1,0
4127,6,1,1,0
4128,9,1,1,0
4129,2,1,1,0
4130,1,1,1,0
4131,8,1,1,0
4132,6,1,1,0
4133,4,1,1,0
4134,2,1,1,0
4135,2,1,1,0
4136,2,1,1,0
4137,4,1,1,0
4138,2,1,1,0
4139,4,1,1,0
4140,2,1,1,0
4141,5,1,1,0
4142,9,1,1,0
4143,1,1,1,0
4144,3,1,1,0
4145,1,1,1,0
4146,2,1,1,0
4147,1,1,1,0
4148,2,1,1,0
4149,5,1,1,0
4150,7,1,1,0
4151,1,1,1,0
4152,2,1,1,0
4153,5,1,1,0
4154,8,1,1,0
4155,1,1,1,0
4156,1,1,1,0
4157,1,1,1,0
4158,4,1,1,0
4159,1,1,1,0
4160,3,1,1,0
4161,1,1,1,0
4162,4,1,1,0
4163,2,1,1,0
4164,4,1,1,0
4165,1,1,1,0
4166,4,1,1,0
4167,4,1,1,0
4168,5,1,1,0
4169,6,1,1,0
4170,1,1,1,0
4171,3,1,1,0
4172,1,1,1,0
4173,4,1,1,0
4174,9,1,1,0
4175,1,1,1,0
4176,7,1,1,0
4177,2,1,1,0
4178,7,1,1,0
4179,2,1,1,0
4180,3,1,1,0
4181,5,1,1,0
4182,5,1,1,0
4183,6,1,1,0
4184,7,1,1,0
4185,1,1,1,0
4186,1,1,1,0
4187,2,1,1,0
4188,6,1,1,0
4189,1,1,1,0
4190,2,1,1,0
4191,5,1,1,0
4192,1,1,1,0
4193,5,1,1,0
4194,9,1,1,0
4195,4,1,1,0
4196,2,1,1,0
4197,3,1,1,0
4198,1,1,1,0
4199,2,1,1,0
4200,1,1,1,0
4201,2,1,1,0
4202,4,1,1,0
4203,1,1,1,0
4204,3,1,1,0
4205,5,1,1,0
4206,8,1,1,0
4207,1,1,1,0
4208,6,1,1,0
4209,4,1,1,0
4210,7,1,1,0
4211,3,1,1,0
4212,2,1,1,0
4213,3,1,1,0
4214,3,1,1,0
4215,9,1,1,0
4216,1,1,1,0
4217,1,1,1,0
4218,1,1,1,0
4219,5,1,1,0
4220,5,1,1,0
4221,11,1,1,0
4222,1,1,1,0
4223,1,1,1,0
4224,3,1,1,0
4225,1,1,1,0
4226,2,1,1,0
4227,1,1,1,0
4228,5,1,1,0
4229,1,1,1,0
4230,3,1,1,0
4231,3,1,1,0
4232,1,1,1,0
4233,3,1,1,0
4234,7,1,1,0
4235,9,1,1,0
4236,1,1,1,0
4237,1,1,1,0
4238,4,1,1,0
4239,1,1,1,0
4240,3,1,1,0
4241,2,1,1,0
4242,2,1,1,0
4243,2,1,1,0
4244,3,1,1,0
4245,4,1,1,0
4246,5,1,1,0
4247,6,1,1,0
4248,4,1,1,0
4249,1,1,1,0
4250,1,1,1,0
4251,1,1,1,0
4252,3,1,1,0
4253,3,1,1,0
4254,1,1,1,0
4255,3,1,1,0
4256,2,1,1,0
4257,1,1,1,0
4258,3,1,1,0
4259,2,1,1,0
4260,1,1,1,0
4261,3,1,1,0
4262,3,1,1,0
4263,4,1,1,0
4264,6,1,1,0
4265,2,1,1,0
4266,5,1,1,0
4267,4,1,1,0
4268,5,1,1,0
4269,4,1,1,0
4270,3,1,1,0
4271,9,1,1,0
4272,2,1,1,0
4273,2,1,1,0
4274,5,1,1,0
4275,2,1,1,0
4276,4,1,1,0
4277,4,1,1,0
4278,3,1,1,0
4279,5,1,1,0
4280,3,1,1,0
4281,2,1,1,0
4282,8,1,1,0
4283,4,1,1,0
4284,3,1,1,0
4285,6,1,1,0
4286,4,1,1,0
4287,8,1,1,0
4288,4,1,1,0
4289,1,1,1,0
4290,3,1,1,0
4291,1,1,1,0
4292,1,1,1,0
4293,2,1,1,0
4294,1,1,1,0
4295,2,1,1,0
4296,2,1,1,0
4297,5,1,1,0
4298,5,1,1,0
4299,1,1,1,0
4300,1,1,1,0
4301,2,1,1,0
4302,4,1,1,0
4303,2,1,1,0
4304,10,1,1,0
4305,5,1,1,0
4306,7,1,1,0
4307,2,1,1,0
4308,1,1,1,0
4309,2,1,1,0
4310,2,1,1,0
4311,2,1,1,0
4312,8,1,1,0
4313,3,1,1,0
4314,6,1,1,0
4315,1,1,1,0
4316,1,1,1,0
4317,6,1,1,0
4318,7,1,1,0
4319,2,1,1,0
4320,5,1,1,0
4321,3,1,1,0
4322,5,1,1,0
4323,2,1,1,0
4324,6,1,1,0
4325,4,1,1,0
4326,3,1,1,0
4327,4,1,1,0
4328,6,1,1,0
4329,7,1,1,0
4330,2,1,1,0
4331,2,1,1,0
4332,7,1,1,0
4333,4,1,1,0
4334,6,1,1,0
4335,3,1,1,0
4336,1,1,1,0
4337,9,1,1,0
4338,2,1,1,0
4339,4,1,1,0
4340,1,1,1,0
4341,1,1,1,0
4342,1,1,1,0
4343,4,1,1,0
4344,2,1,1,0
4345,1,1,1,0
4346,2,1,1,0
4347,5,1,1,0
4348,4,1,1,0
4349,3,1,1,0
4350,8,1,1,0
4351,2,1,1,0
4352,1,1,1,0
4353,4,1,1,0
4354,3,1,1,0
4355,2,1,1,0
4356,9,1,1,0
4357,1,1,1,0
4358,2,1,1,0
4359,3,1,1,0
4360,1,1,1,0
4361,3,1,1,0
4362,4,1,1,0
4363,4,1,1,0
4364,3,1,1,0
4365,1,1,1,0
4366,1,1,1,0
4367,1,1,1,0
4368,2,1,1,0
4369,2,1,1,0
4370,1,1,1,0
4371,6,1,1,0
4372,4,1,1,0
4373,1,1,1,0
4374,1,1,1,0
4375,1,1,1,0
4376,7,1,1,0
4377,4,1,1,0
4378,2,1,1,0
4379,3,1,1,0
4380,1,1,1,0
4381,4,1,1,0
4382,3,1,1,0
4383,8,1,1,0
4384,1,1,1,0
4385,2,1,1,0
4386,4,1,1,0
4387,9,1,1,0
4388,2,1,1,0
4389,1,1,1,0
4390,2,1,1,0
4391,7,1,1,0
4392,3,1,1,0
4393,6,1,1,0
4394,4,1,1,0
4395,1,1,1,0
4396,2,1,1,0
4397,16,1,1,0
4398,3,1,1,0
4399,22,1,1,0
4400,1,1,1,0
4401,13,1,1,0
4402,2,1,1,0
4403,1,1,1,0
4404,15,1,1,0
4405,1,1,1,0
4406,4,1,1,0
4407,8,1,1,0
4408,2,1,1,0
4409,4,1,1,0
4410,3,1,1,0
4411,9,1,1,0
4412,3,1,1,0
4413,3,1,1,0
4414,10,1,1,0
4415,1,1,1,0
4416,10,1,1,0
4417,4,1,1,0
4418,1,1,1,0
4419,7,1,1,0
4420,11,1,1,0
4421,1,1,1,0
4422,1,1,1,0
4423,1,1,1,0
4424,4,1,1,0
4425,1,1,1,0
4426,3,1,1,0
4427,4,1,1,0
4428,1,1,1,0
4429,2,1,1,0
4430,1,1,1,0
4431,1,1,1,0
4432,1,1,1,0
4433,11,1,1,0
4434,3,1,1,0
4435,1,1,1,0
4436,4,1,1,0
4437,2,1,1,0
4438,7,1,1,0
4439,6,1,1,0
4440,1,1,1,0
4441,5,1,1,0
4442,3,1,1,0
4443,2,1,1,0
4444,1,1,1,0
4445,5,1,1,0
4446,8,1,1,0
4447,1,1,1,0
4448,1,1,1,0
4449,8,1,1,0
4450,9,1,1,0
4451,2,1,1,0
4452,5,1,1,0
4453,4,1,1,0
4454,5,1,1,0
4455,1,1,1,0
4456,6,1,1,0
4457,3,1,1,0
4458,3,1,1,0
4459,4,1,1,0
4460,1,1,1,0
4461,6,1,1,0
4462,1,1,1,0
4463,2,1,1,0
4464,1,1,1,0
4465,3,1,1,0
4466,9,1,1,0
4467,3,1,1,0
4468,13,1,1,0
4469,11,1,1,0
4470,7,1,1,0
4471,2,1,1,0
4472,2,1,1,0
4473,6,1,1,0
4474,11,1,1,0
4475,3,1,1,0
4476,6,1,1,0
4477,5,1,1,0
4478,3,1,1,0
4479,5,1,1,0
4480,3,1,1,0
4481,7,1,1,0
4482,3,1,1,0
4483,1,1,1,0
4484,3,1,1,0
4485,1,1,1,0
4486,1,1,1,0
4487,10,1,1,0
4488,5,1,1,0
4489,4,1,1,0
4490,6,1,1,0
4491,1,1,1,0
4492,1,1,1,0
4493,2,1,1,0
4494,2,1,1,0
4495,1,1,1,0
4496,4,1,1,0
4497,6,1,1,0
4498,1,1,1,0
4499,2,1,1,0
4500,4,1,1,0
4501,3,1,1,0
4502,4,1,1,0
4503,5,1,1,0
4504,2,1,1,0
4505,3,1,1,0
4506,4,1,1,0
4507,14,1,1,0
4508,1,1,1,0
4509,4,1,1,0
4510,3,1,1,0
4511,1,1,1,0
4512,6,1,1,0
4513,5,1,1,0
4514,1,1,1,0
4515,1,1,1,0
4516,4,1,1,0
4517,6,1,1,0
4518,1,1,1,0
4519,7,1,1,0
4520,3,1,1,0
4521,4,1,1,0
4522,2,1,1,0
4523,2,1,1,0
4524,6,1,1,0
4525,1,1,1,0
4526,5,1,1,0
4527,2,1,1,0
4528,2,1,1,0
4529,2,1,1,0
4530,7,1,1,0
4531,1,1,1,0
4532,3,1,1,0
4533,1,1,1,0
4534,3,1,1,0
4535,3,1,1,0
4536,4,1,1,0
4537,5,1,1,0
4538,3,1,1,0
4539,2,1,1,0
4540,4,1,1,0
4541,5,1,1,0
4542,3,1,1,0
4543,5,1,1,0
4544,1,1,1,0
4545,6,1,1,0
4546,3,1,1,0
4547,3,1,1,0
4548,1,1,1,0
4549,1,1,1,0
4550,1,1,1,0
4551,3,1,1,0
4552,3,1,1,0
4553,3,1,1,0
4554,2,1,1,0
4555,5,1,1,0
4556,3,1,1,0
4557,4,1,1,0
4558,5,1,1,0
4559,1,1,1,0
4560,1,1,1,0
4561,3,1,1,0
4562,3,1,1,0
4563,3,1,1,0
4564,2,1,1,0
4565,5,1,1,0
4566,1,1,1,0
4567,3,1,1,0
4568,2,1,1,0
4569,4,1,1,0
4570,2,1,1,0
4571,3,1,1,0
4572,1,1,1,0
4573,2,1,1,0
4574,5,1,1,0
4575,6,1,1,0
4576,2,1,1,0
4577,1,1,1,0
4578,2,1,1,0
4579,2,1,1,0
4580,5,1,1,0
4581,3,1,1,0
4582,3,1,1,0
4583,1,1,1,0
4584,2,1,1,0
4585,4,1,1,0
4586,1,1,1,0
4587,8,1,1,0
4588,6,1,1,0
4589,5,1,1,0
4590,2,1,1,0
4591,4,1,1,0
4592,10,1,1,0
4593,5,1,1,0
4594,3,1,1,0
4595,2,1,1,0
4596,1,1,1,0
4597,2,1,1,0
4598,1,1,1,0
4599,4,1,1,0
4600,5,1,1,0
4601,2,1,1,0
4602,3,1,1,0
4603,3,1,1,0
4604,9,1,1,0
4605,3,1,1,0
4606,3,1,1,0
4607,3,1,1,0
4608,2,1,1,0
4609,6,1,1,0
4610,2,1,1,0
4611,1,1,1,0
4612,1,1,1,0
4613,1,1,1,0
4614,7,1,1,0
4615,2,1,1,0
4616,2,1,1,0
4617,2,1,1,0
4618,1,1,1,0
4619,1,1,1,0
4620,2,1,1,0
4621,3,1,1,0
4622,5,1,1,0
4623,4,1,1,0
4624,5,1,1,0
4625,3,1,1,0
4626,5,1,1,0
4627,6,1,1,0
4628,1,1,1,0
4629,4,1,1,0
4630,4,1,1,0
4631,3,1,1,0
4632,3,1,1,0
4633,2,1,1,0
4634,8,1,1,0
4635,1,1,1,0
4636,5,1,1,0
4637,6,1,1,0
4638,2,1,1,0
4639,9,1,1,0
4640,5,1,1,0
4641,3,1,1,0
4642,9,1,1,0
4643,3,1,1,0
4644,3,1,1,0
4645,8,1,1,0
4646,2,1,1,0
4647,9,1,1,0
4648,3,1,1,0
4649,1,1,1,0
4650,3,1,1,0
4651,2,1,1,0
4652,4,1,1,0
4653,5,1,1,0
4654,1,1,1,0
4655,5,1,1,0
4656,3,1,1,0
4657,1,1,1,0
4658,3,1,1,0
4659,1,1,1,0
4660,2,1,1,0
4661,3,1,1,0
4662,7,1,1,0
4663,1,1,1,0
4664,9,1,1,0
4665,3,1,1,0
4666,1,1,1,0
4667,2,1,1,0
4668,11,1,1,0
4669,7,1,1,0
4670,1,1,1,0
4671,1,1,1,0
4672,6,1,1,0
4673,2,1,1,0
4674,7,1,1,0
4675,3,1,1,0
4676,8,1,1,0
4677,2,1,1,0
4678,2,1,1,0
4679,5,1,1,0
4680,1,1,1,0
4681,7,1,1,0
4682,1,1,1,0
4683,1,1,1,0
4684,3,1,1,0
4685,6,1,1,0
4686,1,1,1,0
4687,3,1,1,0
4688,3,1,1,0
4689,6,1,1,0
4690,5,1,1,0
4691,1,1,1,0
4692,1,1,1,0
4693,6,1,1,0
4694,4,1,1,0
4695,3,1,1,0
4696,9,1,1,0
4697,3,1,1,0
4698,1,1,1,0
4699,2,1,1,0
4700,3,1,1,0
4701,4,1,1,0
4702,4,1,1,0
4703,7,1,1,0
4704,3,1,1,0
4705,1,1,1,0
4706,1,1,1,0
4707,3,1,1,0
4708,3,1,1,0
4709,7,1,1,0
4710,1,1,1,0
4711,1,1,1,0
4712,7,1,1,0
4713,6,1,1,0
4714,2,1,1,0
4715,4,1,1,0
4716,8,1,1,0
4717,12,1,1,0
4718,1,1,1,0
4719,2,1,1,0
4720,1,1,1,0
4721,4,1,1,0
4722,3,1,1,0
4723,1,1,1,0
4724,1,1,1,0
4725,3,1,1,0
4726,2,1,1,0
4727,7,1,1,0
4728,1,1,1,0
4729,5,1,1,0
4730,1,1,1,0
4731,6,1,1,0
4732,6,1,1,0
4733,1,1,1,0
4734,1,1,1,0
4735,5,1,1,0
4736,3,1,1,0
4737,8,1,1,0
4738,1,1,1,0
4739,7,1,1,0
4740,3,1,1,0
4741,2,1,1,0
4742,2,1,1,0
4743,3,1,1,0
4744,2,1,1,0
4745,9,1,1,0
4746,4,1,1,0
4747,5,1,1,0
4748,1,1,1,0
4749,2,1,1,0
4750,2,1,1,0
4751,13,1,1,0
4752,1,1,1,0
4753,3,1,1,0
4754,3,1,1,0
4755,1,1,1,0
4756,4,1,1,0
4757,1,1,1,0
4758,1,1,1,0
4759,4,1,1,0
4760,4,1,1,0
4761,5,1,1,0
4762,2,1,1,0
4763,5,1,1,0
4764,4,1,1,0
4765,4,1,1,0
4766,3,1,1,0
4767,3,1,1,0
4768,4,1,1,0
4769,4,1,1,0
4770,5,1,1,0
4771,2,1,1,0
4772,2,1,1,0
4773,1,1,1,0
4774,3,1,1,0
4775,3,1,1,0
4776,4,1,1,0
4777,2,1,1,0
4778,1,1,1,0
4779,7,1,1,0
4780,13,1,1,0
4781,3,1,1,0
4782,4,1,1,0
4783,3,1,1,0
4784,12,1,1,0
4785,1,1,1,0
4786,1,1,1,0
4787,2,1,1,0
4788,4,1,1,0
4789,16,1,1,0
4790,4,1,1,0
4791,10,1,1,0
4792,6,1,1,0
4793,3,1,1,0
4794,4,1,1,0
4795,4,1,1,0
4796,2,1,1,0
4797,1,1,1,0
4798,2,1,1,0
4799,1,1,1,0
4800,9,1,1,0
4801,4,1,1,0
4802,10,1,1,0
4803,3,1,1,0
4804,8,1,1,0
4805,1,1,1,0
4806,4,1,1,0
4807,14,1,1,0
4808,3,1,1,0
4809,3,1,1,0
4810,7,1,1,0
4811,4,1,1,0
4812,4,1,1,0
4813,2,1,1,0
4814,4,1,1,0
4815,3,1,1,0
4816,3,1,1,0
4817,2,1,1,0
4818,6,1,1,0
4819,2,1,1,0
4820,2,1,1,0
4821,3,1,1,0
4822,6,1,1,0
4823,3,1,1,0
4824,4,1,1,0
4825,4,1,1,0
4826,1,1,1,0
4827,11,1,1,0
4828,1,1,1,0
4829,1,1,1,0
4830,6,1,1,0
4831,4,1,1,0
4832,11,1,1,0
4833,1,1,1,0
4834,9,1,1,0
4835,1,1,1,0
4836,2,1,1,0
4837,7,1,1,0
4838,1,1,1,0
4839,3,1,1,0
4840,1,1,1,0
4841,2,1,1,0
4842,8,1,1,0
4843,3,1,1,0
4844,2,1,1,0
4845,8,1,1,0
4846,1,1,1,0
4847,2,1,1,0
4848,1,1,1,0
4849,9,1,1,0
4850,7,1,1,0
4851,9,1,1,0
4852,6,1,1,0
4853,4,1,1,0
4854,3,1,1,0
4855,2,1,1,0
4856,1,1,1,0
4857,1,1,1,0
4858,6,1,1,0
4859,2,1,1,0
4860,1,1,1,0
4861,4,1,1,0
4862,6,1,1,0
4863,3,1,1,0
4864,1,1,1,0
4865,1,1,1,0
4866,1,1,1,0
4867,4,1,1,0
4868,3,1,1,0
4869,3,1,1,0
4870,5,1,1,0
4871,4,1,1,0
4872,12,1,1,0
4873,3,1,1,0
4874,3,1,1,0
4875,4,1,1,0
4876,4,1,1,0
4877,6,1,1,0
4878,8,1,1,0
4879,3,1,1,0
4880,3,1,1,0
4881,1,1,1,0
4882,8,1,1,0
4883,1,1,1,0
4884,3,1,1,0
4885,2,1,1,0
4886,1,1,1,0
4887,1,1,1,0
4888,4,1,1,0
4889,2,1,1,0
4890,4,1,1,0
4891,3,1,1,0
4892,2,1,1,0
4893,2,1,1,0
4894,8,1,1,0
4895,1,1,1,0
4896,2,1,1,0
4897,1,1,1,0
4898,1,1,1,0
4899,12,1,1,0
4900,3,1,1,0
4901,2,1,1,0
4902,1,1,1,0
4903,2,1,1,0
4904,13,1,1,0
4905,3,1,1,0
4906,3,1,1,0
4907,2,1,1,0
4908,7,1,1,0
4909,6,1,1,0
4910,1,1,1,0
4911,2,1,1,0
4912,7,1,1,0
4913,1,1,1,0
4914,1,1,1,0
4915,2,1,1,0
4916,2,1,1,0
4917,3,1,1,0
4918,1,1,1,0
4919,1,1,1,0
4920,1,1,1,0
4921,1,1,1,0
4922,3,1,1,0
4923,4,1,1,0
4924,1,1,1,0
4925,3,1,1,0
4926,3,1,1,0
4927,2,1,1,0
4928,5,1,1,0
4929,6,1,1,0
4930,10,1,1,0
4931,1,1,1,0
4932,4,1,1,0
4933,2,1,1,0
4934,4,1,1,0
4935,1,1,1,0
4936,10,1,1,0
4937,9,1,1,0
4938,1,1,1,0
4939,1,1,1,0
4940,5,1,1,0
4941,3,1,1,0
4942,3,1,1,0
4943,1,1,1,0
4944,1,1,1,0
4945,1,1,1,0
4946,2,1,1,0
4947,5,1,1,0
4948,1,1,1,0
4949,3,1,1,0
4950,3,1,1,0
4951,1,1,1,0
4952,1,1,1,0
4953,1,1,1,0
4954,5,1,1,0
4955,7,1,1,0
4956,1,1,1,0
4957,1,1,1,0
4958,13,1,1,0
4959,2,1,1,0
4960,4,1,1,0
4961,1,1,1,0
4962,3,1,1,0
4963,5,1,1,0
4964,1,1,1,0
4965,2,1,1,0
4966,5,1,1,0
4967,5,1,1,0
4968,4,1,1,0
4969,4,1,1,0
4970,5,1,1,0
4971,1,1,1,0
4972,1,1,1,0
4973,2,1,1,0
4974,9,1,1,0
4975,5,1,1,0
4976,7,1,1,0
4977,1,1,1,0
4978,8,1,1,0
4979,1,1,1,0
4980,2,1,1,0
4981,9,1,1,0
4982,2,1,1,0
4983,9,1,1,0
4984,4,1,1,0
4985,1,1,1,0
4986,1,1,1,0
4987,2,1,1,0
4988,3,1,1,0
4989,4,1,1,0
4990,12,1,1,0
4991,1,1,1,0
4992,2,1,1,0
4993,2,1,1,0
4994,3,1,1,0
4995,2,1,1,0
4996,3,1,1,0
4997,6,1,1,0
4998,6,1,1,0
4999,7,1,1,0
5000,1,1,1,0
5001,3,1,1,0
5002,7,1,1,0
5003,6,1,1,0
5004,1,1,1,0
5005,1,1,1,0
5006,3,1,1,0
5007,3,1,1,0
5008,3,1,1,0
5009,5,1,1,0
5010,1,1,1,0
5011,1,1,1,0
5012,3,1,1,0
5013,4,1,1,0
5014,1,1,1,0
5015,2,1,1,0
5016,3,1,1,0
5017,2,1,1,0
5018,5,1,1,0
5019,4,1,1,0
5020,4,1,1,0
5021,4,1,1,0
5022,4,1,1,0
5023,3,1,1,0
5024,3,1,1,0
5025,7,1,1,0
5026,4,1,1,0
5027,2,1,1,0
5028,7,1,1,0
5029,2,1,1,0
5030,5,1,1,0
5031,1,1,1,0
5032,3,1,1,0
5033,2,1,1,0
5034,4,1,1,0
5035,3,1,1,0
5036,1,1,1,0
5037,3,1,1,0
5038,1,1,1,0
5039,3,1,1,0
5040,3,1,1,0
5041,5,1,1,0
5042,1,1,1,0
5043,3,1,1,0
5044,1,1,1,0
5045,4,1,1,0
5046,2,1,1,0
5047,1,1,1,0
5048,6,1,1,0
5049,3,1,1,0
5050,1,1,1,0
5051,3,1,1,0
5052,10,1,1,0
5053,7,1,1,0
5054,1,1,1,0
5055,8,1,1,0
5056,1,1,1,0
5057,1,1,1,0
5058,5,1,1,0
5059,1,1,1,0
5060,1,1,1,0
5061,2,1,1,0
5062,4,1,1,0
5063,3,1,1,0
5064,2,1,1,0
5065,1,1,1,0
5066,1,1,1,0
5067,11,1,1,0
5068,3,1,1,0
5069,6,1,1,0
5070,1,1,1,0
5071,2,1,1,0
5072,5,1,1,0
5073,2,1,1,0
5074,2,1,1,0
5075,3,1,1,0
5076,2,1,1,0
5077,3,1,1,0
5078,3,1,1,0
5079,7,1,1,0
5080,3,1,1,0
5081,7,1,1,0
5082,3,1,1,0
5083,3,1,1,0
5084,5,1,1,0
5085,2,1,1,0
5086,3,1,1,0
5087,11,1,1,0
5088,1,1,1,0
5089,4,1,1,0
5090,1,1,1,0
5091,21,1,1,0
5092,8,1,1,0
5093,5,1,1,0
5094,2,1,1,0
5095,1,1,1,0
5096,4,1,1,0
5097,6,1,1,0
5098,4,1,1,0
5099,4,1,1,0
5100,2,1,1,0
5101,3,1,1,0
5102,5,1,1,0
5103,4,1,1,0
5104,4,1,1,0
5105,1,1,1,0
5106,2,1,1,0
5107,3,1,1,0
5108,10,1,1,0
5109,7,1,1,0
5110,2,1,1,0
5111,12,1,1,0
5112,1,1,1,0
5113,5,1,1,0
5114,2,1,1,0
5115,9,1,1,0
5116,3,1,1,0
5117,3,1,1,0
5118,2,1,1,0
5119,1,1,1,0
5120,2,1,1,0
5121,1,1,1,0
5122,3,1,1,0
5123,5,1,1,0
5124,4,1,1,0
5125,10,1,1,0
5126,3,1,1,0
5127,2,1,1,0
5128,1,1,1,0
5129,11,1,1,0
5130,5,1,1,0
5131,2,1,1,0
5132,1,1,1,0
5133,1,1,1,0
5134,4,1,1,0
5135,1,1,1,0
5136,1,1,1,0
5137,2,1,1,0
5138,5,1,1,0
5139,1,1,1,0
5140,2,1,1,0
5141,1,1,1,0
5142,1,1,1,0
5143,1,1,1,0
5144,4,1,1,0
5145,1,1,1,0
5146,1,1,1,0
5147,7,1,1,0
5148,7,1,1,0
5149,1,1,1,0
5150,1,1,1,0
5151,2,1,1,0
5152,1,1,1,0
5153,1,1,1,0
5154,5,1,1,0
5155,7,1,1,0
5156,5,1,1,0
5157,6,1,1,0
5158,3,1,1,0
5159,3,1,1,0
5160,2,1,1,0
5161,3,1,1,0
5162,2,1,1,0
5163,4,1,1,0
5164,1,1,1,0
5165,3,1,1,0
5166,6,1,1,0
5167,3,1,1,0
5168,3,1,1,0
5169,3,1,1,0
5170,2,1,1,0
5171,13,1,1,0
5172,4,1,1,0
5173,5,1,1,0
5174,3,1,1,0
5175,1,1,1,0
5176,1,1,1,0
5177,2,1,1,0
5178,7,1,1,0
5179,5,1,1,0
5180,4,1,1,0
5181,3,1,1,0
5182,4,1,1,0
5183,3,1,1,0
5184,5,1,1,0
5185,3,1,1,0
5186,9,1,1,0
5187,1,1,1,0
5188,3,1,1,0
5189,5,1,1,0
5190,2,1,1,0
5191,1,1,1,0
5192,4,1,1,0
5193,2,1,1,0
5194,1,1,1,0
5195,1,1,1,0
5196,1,1,1,0
5197,1,1,1,0
5198,4,1,1,0
5199,2,1,1,0
5200,1,1,1,0
5201,4,1,1,0
5202,1,1,1,0
5203,1,1,1,0
5204,4,1,1,0
5205,7,1,1,0
5206,2,1,1,0
5207,11,1,1,0
5208,6,1,1,0
5209,2,1,1,0
5210,4,1,1,0
5211,11,1,1,0
5212,1,1,1,0
5213,4,1,1,0
5214,1,1,1,0
5215,4,1,1,0
5216,1,1,1,0
5217,10,1,1,0
5218,1,1,1,0
5219,1,1,1,0
5220,1,1,1,0
5221,11,1,1,0
5222,1,1,1,0
5223,1,1,1,0
5224,2,1,1,0
5225,1,1,1,0
5226,13,1,1,0
5227,2,1,1,0
5228,2,1,1,0
5229,2,1,1,0
5230,10,1,1,0
5231,8,1,1,0
5232,1,1,1,0
5233,1,1,1,0
5234,4,1,1,0
5235,2,1,1,0
5236,1,1,1,0
5237,1,1,1,0
5238,5,1,1,0
5239,3,1,1,0
5240,5,1,1,0
5241,1,1,1,0
5242,2,1,1,0
5243,14,1,1,0
5244,3,1,1,0
5245,1,1,1,0
5246,1,1,1,0
5247,4,1,1,0
5248,4,1,1,0
5249,2,1,1,0
5250,1,1,1,0
5251,3,1,1,0
5252,8,1,1,0
5253,4,1,1,0
5254,7,1,1,0
5255,1,1,1,0
5256,5,1,1,0
5257,3,1,1,0
5258,5,1,1,0
5259,4,1,1,0
5260,1,1,1,0
5261,1,1,1,0
5262,1,1,1,0
5263,5,1,1,0
5264,6,1,1,0
5265,3,1,1,0
5266,3,1,1,0
5267,1,1,1,0
5268,1,1,1,0
5269,3,1,1,0
5270,4,1,1,0
5271,8,1,1,0
5272,1,1,1,0
5273,4,1,1,0
5274,2,1,1,0
5275,3,1,1,0
5276,1,1,1,0
5277,3,1,1,0
5278,9,1,1,0
5279,1,1,1,0
5280,7,1,1,0
5281,1,1,1,0
5282,14,1,1,0
5283,6,1,1,0
5284,1,1,1,0
5285,2,1,1,0
5286,3,1,1,0
5287,4,1,1,0
5288,1,1,1,0
5289,4,1,1,0
5290,5,1,1,0
5291,1,1,1,0
5292,1,1,1,0
5293,3,1,1,0
5294,1,1,1,0
5295,2,1,1,0
5296,5,1,1,0
5297,2,1,1,0
5298,5,1,1,0
5299,1,1,1,0
5300,1,1,1,0
5301,9,1,1,0
5302,4,1,1,0
5303,3,1,1,0
5304,1,1,1,0
5305,2,1,1,0
5306,6,1,1,0
5307,8,1,1,0
5308,3,1,1,0
5309,3,1,1,0
5310,1,1,1,0
5311,5,1,1,0
5312,1,1,1,0
5313,3,1,1,0
5314,1,1,1,0
5315,4,1,1,0
5316,4,1,1,0
5317,2,1,1,0
5318,2,1,1,0
5319,2,1,1,0
5320,8,1,1,0
5321,9,1,1,0
5322,3,1,1,0
5323,1,1,1,0
5324,5,1,1,0
5325,2,1,1,0
5326,4,1,1,0
5327,4,1,1,0
5328,3,1,1,0
5329,1,1,1,0
5330,2,1,1,0
5331,7,1,1,0
5332,3,1,1,0
5333,5,1,1,0
5334,1,1,1,0
5335,1,1,1,0
5336,1,1,1,0
5337,2,1,1,0
5338,2,1,1,0
5339,5,1,1,0
5340,4,1,1,0
5341,12,1,1,0
5342,3,1,1,0
5343,3,1,1,0
5344,3,1,1,0
5345,4,1,1,0
5346,7,1,1,0
5347,1,1,1,0
5348,1,1,1,0
5349,4,1,1,0
5350,2,1,1,0
5351,3,1,1,0
5352,10,1,1,0
5353,2,1,1,0
5354,5,1,1,0
5355,3,1,1,0
5356,1,1,1,0
5357,6,1,1,0
5358,1,1,1,0
5359,3,1,1,0
5360,3,1,1,0
5361,11,1,1,0
5362,2,1,1,0
5363,10,1,1,0
5364,2,1,1,0
5365,1,1,1,0
5366,5,1,1,0
5367,2,1,1,0
5368,4,1,1,0
5369,2,1,1,0
5370,5,1,1,0
5371,3,1,1,0
5372,3,1,1,0
5373,2,1,1,0
5374,3,1,1,0
5375,1,1,1,0
5376,1,1,1,0
5377,9,1,1,0
5378,3,1,1,0
5379,2,1,1,0
5380,9,1,1,0
5381,1,1,1,0
5382,1,1,1,0
5383,3,1,1,0
5384,5,1,1,0
5385,8,1,1,0
5386,9,1,1,0
5387,7,1,1,0
5388,2,1,1,0
5389,1,1,1,0
5390,8,1,1,0
5391,2,1,1,0
5392,2,1,1,0
5393,7,1,1,0
5394,6,1,1,0
5395,2,1,1,0
5396,4,1,1,0
5397,2,1,1,0
5398,3,1,1,0
5399,2,1,1,0
5400,2,1,1,0
5401,7,1,1,0
5402,8,1,1,0
5403,3,1,1,0
5404,2,1,1,0
5405,2,1,1,0
5406,3,1,1,0
5407,2,1,1,0
5408,3,1,1,0
5409,1,1,1,0
5410,3,1,1,0
5411,3,1,1,0
5412,2,1,1,0
5413,4,1,1,0
5414,2,1,1,0
5415,1,1,1,0
5416,1,1,1,0
5417,2,1,1,0
5418,6,1,1,0
5419,8,1,1,0
5420,4,1,1,0
5421,4,1,1,0
5422,10,1,1,0
5423,2,1,1,0
5424,6,1,1,0
5425,2,1,1,0
5426,4,1,1,0
5427,1,1,1,0
5428,3,1,1,0
5429,2,1,1,0
5430,1,1,1,0
5431,4,1,1,0
5432,1,1,1,0
5433,10,1,1,0
5434,3,1,1,0
5435,7,1,1,0
5436,2,1,1,0
5437,1,1,1,0
5438,3,1,1,0
5439,6,1,1,0
5440,2,1,1,0
5441,1,1,1,0
5442,5,1,1,0
5443,3,1,1,0
5444,6,1,1,0
5445,2,1,1,0
5446,4,1,1,0
5447,5,1,1,0
5448,5,1,1,0
5449,5,1,1,0
5450,2,1,1,0
5451,2,1,1,0
5452,1,1,1,0
5453,4,1,1,0
5454,1,1,1,0
5455,2,1,1,0
5456,1,1,1,0
5457,1,1,1,0
5458,1,1,1,0
5459,4,1,1,0
5460,3,1,1,0
5461,24,1,1,0
5462,3,1,1,0
5463,5,1,1,0
5464,5,1,1,0
5465,5,1,1,0
5466,5,1,1,0
5467,4,1,1,0
5468,2,1,1,0
5469,1,1,1,0
5470,4,1,1,0
5471,5,1,1,0
5472,1,1,1,0
5473,2,1,1,0
5474,5,1,1,0
5475,3,1,1,0
5476,1,1,1,0
5477,5,1,1,0
5478,2,1,1,0
5479,5,1,1,0
5480,8,1,1,0
5481,1,1,1,0
5482,9,1,1,0
5483,1,1,1,0
5484,9,1,1,0
5485,2,1,1,0
5486,1,1,1,0
5487,2,1,1,0
5488,3,1,1,0
5489,1,1,1,0
5490,5,1,1,0
5491,6,1,1,0
5492,6,1,1,0
5493,4,1,1,0
5494,1,1,1,0
5495,1,1,1,0
5496,2,1,1,0
5497,3,1,1,0
5498,2,1,1,0
5499,2,1,1,0
5500,2,1,1,0
5501,3,1,1,0
5502,1,1,1,0
5503,1,1,1,0
5504,4,1,1,0
5505,5,1,1,0
5506,3,1,1,0
5507,1,1,1,0
5508,3,1,1,0
5509,5,1,1,0
5510,1,1,1,0
5511,1,1,1,0
5512,2,1,1,0
5513,5,1,1,0
5514,2,1,1,0
5515,1,1,1,0
5516,4,1,1,0
5517,3,1,1,0
5518,8,1,1,0
5519,3,1,1,0
5520,2,1,1,0
5521,1,1,1,0
5522,1,1,1,0
5523,1,1,1,0
5524,3,1,1,0
5525,2,1,1,0
5526,9,1,1,0
5527,2,1,1,0
5528,4,1,1,0
5529,1,1,1,0
5530,2,1,1,0
5531,3,1,1,0
5532,5,1,1,0
5533,2,1,1,0
5534,3,1,1,0
5535,3,1,1,0
5536,4,1,1,0
5537,1,1,1,0
5538,4,1,1,0
5539,7,1,1,0
5540,3,1,1,0
5541,4,1,1,0
5542,7,1,1,0
5543,2,1,1,0
5544,3,1,1,0
5545,1,1,1,0
5546,2,1,1,0
5547,2,1,1,0
5548,3,1,1,0
5549,4,1,1,0
5550,7,1,1,0
5551,2,1,1,0
5552,1,1,1,0
5553,1,1,1,0
5554,7,1,1,0
5555,1,1,1,0
5556,5,1,1,0
5557,3,1,1,0
5558,3,1,1,0
5559,1,1,1,0
5560,9,1,1,0
5561,9,1,1,0
5562,8,1,1,0
5563,2,1,1,0
5564,3,1,1,0
5565,6,1,1,0
5566,1,1,1,0
5567,4,1,1,0
5568,4,1,1,0
5569,3,1,1,0
5570,4,1,1,0
5571,8,1,1,0
5572,4,1,1,0
5573,2,1,1,0
5574,4,1,1,0
5575,5,1,1,0
5576,9,1,1,0
5577,1,1,1,0
5578,3,1,1,0
5579,1,1,1,0
5580,2,1,1,0
5581,1,1,1,0
5582,6,1,1,0
5583,1,1,1,0
5584,1,1,1,0
5585,4,1,1,0
5586,3,1,1,0
5587,1,1,1,0
5588,2,1,1,0
5589,7,1,1,0
5590,1,1,1,0
5591,3,1,1,0
5592,3,1,1,0
5593,4,1,1,0
5594,5,1,1,0
5595,5,1,1,0
5596,3,1,1,0
5597,3,1,1,0
5598,2,1,1,0
5599,3,1,1,0
5600,2,1,1,0
5601,3,1,1,0
5602,5,1,1,0
5603,3,1,1,0
5604,1,1,1,0
5605,3,1,1,0
5606,1,1,1,0
5607,1,1,1,0
5608,7,1,1,0
5609,5,1,1,0
5610,1,1,1,0
5611,1,1,1,0
5612,6,1,1,0
5613,2,1,1,0
5614,5,1,1,0
5615,3,1,1,0
5616,2,1,1,0
5617,3,1,1,0
5618,2,1,1,0
5619,7,1,1,0
5620,1,1,1,0
5621,2,1,1,0
5622,5,1,1,0
5623,1,1,1,0
5624,7,1,1,0
5625,3,1,1,0
5626,5,1,1,0
5627,1,1,1,0
5628,3,1,1,0
5629,5,1,1,0
5630,2,1,1,0
5631,1,1,1,0
5632,3,1,1,0
5633,1,1,1,0
5634,1,1,1,0
5635,3,1,1,0
5636,4,1,1,0
5637,5,1,1,0
5638,5,1,1,0
5639,1,1,1,0
5640,5,1,1,0
5641,1,1,1,0
5642,5,1,1,0
5643,4,1,1,0
5644,5,1,1,0
5645,2,1,1,0
5646,4,1,1,0
5647,2,1,1,0
5648,8,1,1,0
5649,3,1,1,0
5650,1,1,1,0
5651,8,1,1,0
5652,6,1,1,0
5653,8,1,1,0
5654,6,1,1,0
5655,1,1,1,0
5656,3,1,1,0
5657,1,1,1,0
5658,2,1,1,0
5659,5,1,1,0
5660,5,1,1,0
5661,4,1,1,0
5662,3,1,1,0
5663,4,1,1,0
5664,2,1,1,0
5665,4,1,1,0
5666,1,1,1,0
5667,1,1,1,0
5668,2,1,1,0
5669,9,1,1,0
5670,3,1,1,0
5671,4,1,1,0
5672,1,1,1,0
5673,1,1,1,0
5674,7,1,1,0
5675,5,1,1,0
5676,8,1,1,0
5677,1,1,1,0
5678,5,1,1,0
5679,3,1,1,0
5680,3,1,1,0
5681,3,1,1,0
5682,1,1,1,0
5683,1,1,1,0
5684,1,1,1,0
5685,1,1,1,0
5686,1,1,1,0
5687,1,1,1,0
5688,1,1,1,0
5689,2,1,1,0
5690,5,1,1,0
5691,6,1,1,0
5692,4,1,1,0
5693,5,1,1,0
5694,2,1,1,0
5695,6,1,1,0
5696,3,1,1,0
5697,1,1,1,0
5698,2,1,1,0
5699,1,1,1,0
5700,7,1,1,0
5701,1,1,1,0
5702,3,1,1,0
5703,3,1,1,0
5704,3,1,1,0
5705,1,1,1,0
5706,4,1,1,0
5707,5,1,1,0
5708,2,1,1,0
5709,1,1,1,0
5710,2,1,1,0
5711,1,1,1,0
5712,1,1,1,0
5713,1,1,1,0
5714,6,1,1,0
5715,6,1,1,0
5716,4,1,1,0
5717,3,1,1,0
5718,11,1,1,0
5719,1,1,1,0
5720,4,1,1,0
5721,1,1,1,0
5722,2,1,1,0
5723,1,1,1,0
5724,3,1,1,0
5725,10,1,1,0
5726,9,1,1,0
5727,8,1,1,0
5728,1,1,1,0
5729,1,1,1,0
5730,5,1,1,0
5731,3,1,1,0
5732,4,1,1,0
5733,4,1,1,0
5734,3,1,1,0
5735,3,1,1,0
5736,4,1,1,0
5737,3,1,1,0
5738,1,1,1,0
5739,1,1,1,0
5740,3,1,1,0
5741,1,1,1,0
5742,2,1,1,0
5743,1,1,1,0
5744,3,1,1,0
5745,1,1,1,0
5746,7,1,1,0
5747,1,1,1,0
5748,3,1,1,0
5749,5,1,1,0
5750,12,1,1,0
5751,2,1,1,0
5752,1,1,1,0
5753,1,1,1,0
5754,6,1,1,0
5755,2,1,1,0
5756,11,1,1,0
5757,1,1,1,0
5758,4,1,1,0
5759,3,1,1,0
5760,2,1,1,0
5761,1,1,1,0
5762,4,1,1,0
5763,4,1,1,0
5764,3,1,1,0
5765,3,1,1,0
5766,1,1,1,0
5767,2,1,1,0
5768,3,1,1,0
5769,1,1,1,0
5770,3,1,1,0
5771,1,1,1,0
5772,5,1,1,0
5773,6,1,1,0
5774,1,1,1,0
5775,1,1,1,0
5776,2,1,1,0
5777,1,1,1,0
5778,1,1,1,0
5779,1,1,1,0
5780,3,1,1,0
5781,4,1,1,0
5782,2,1,1,0
5783,8,1,1,0
5784,2,1,1,0
5785,1,1,1,0
5786,6,1,1,0
5787,2,1,1,0
5788,6,1,1,0
5789,4,1,1,0
5790,2,1,1,0
5791,4,1,1,0
5792,7,1,1,0
5793,2,1,1,0
5794,9,1,1,0
5795,3,1,1,0
5796,6,1,1,0
5797,1,1,1,0
5798,5,1,1,0
5799,8,1,1,0
5800,4,1,1,0
5801,2,1,1,0
5802,2,1,1,0
5803,5,1,1,0
5804,8,1,1,0
5805,5,1,1,0
5806,6,1,1,0
5807,6,1,1,0
5808,2,1,1,0
5809,3,1,1,0
5810,2,1,1,0
5811,6,1,1,0
5812,2,1,1,0
5813,3,1,1,0
5814,9,1,1,0
5815,2,1,1,0
5816,5,1,1,0
5817,3,1,1,0
5818,4,1,1,0
5819,3,1,1,0
5820,8,1,1,0
5821,4,1,1,0
5822,9,1,1,0
5823,3,1,1,0
5824,5,1,1,0
5825,4,1,1,0
5826,8,1,1,0
5827,4,1,1,0
5828,1,1,1,0
5829,8,1,1,0
5830,1,1,1,0
5831,3,1,1,0
5832,5,1,1,0
5833,4,1,1,0
5834,4,1,1,0
5835,2,1,1,0
5836,1,1,1,0
5837,1,1,1,0
5838,1,1,1,0
5839,1,1,1,0
5840,2,1,1,0
5841,6,1,1,0
5842,3,1,1,0
5843,5,1,1,0
5844,1,1,1,0
5845,3,1,1,0
5846,1,1,1,0
5847,5,1,1,0
5848,1,1,1,0
5849,1,1,1,0
5850,1,1,1,0
5851,1,1,1,0
5852,5,1,1,0
5853,8,1,1,0
5854,3,1,1,0
5855,1,1,1,0
5856,2,1,1,0
5857,1,1,1,0
5858,3,1,1,0
5859,2,1,1,0
5860,3,1,1,0
5861,1,1,1,0
5862,2,1,1,0
5863,1,1,1,0
5864,5,1,1,0
5865,1,1,1,0
5866,4,1,1,0
5867,4,1,1,0
5868,2,1,1,0
5869,4,1,1,0
5870,1,1,1,0
5871,9,1,1,0
5872,5,1,1,0
5873,1,1,1,0
5874,1,1,1,0
5875,1,1,1,0
5876,2,1,1,0
5877,3,1,1,0
5878,5,1,1,0
5879,5,1,1,0
5880,6,1,1,0
5881,7,1,1,0
5882,7,1,1,0
5883,6,1,1,0
5884,1,1,1,0
5885,2,1,1,0
5886,17,1,1,0
5887,2,1,1,0
5888,1,1,1,0
5889,3,1,1,0
5890,8,1,1,0
5891,2,1,1,0
5892,1,1,1,0
5893,2,1,1,0
5894,2,1,1,0
5895,5,1,1,0
5896,2,1,1,0
5897,4,1,1,0
5898,6,1,1,0
5899,9,1,1,0
5900,4,1,1,0
5901,6,1,1,0
5902,1,1,1,0
5903,7,1,1,0
5904,6,1,1,0
5905,1,1,1,0
5906,4,1,1,0
5907,4,1,1,0
5908,3,1,1,0
5909,4,1,1,0
5910,4,1,1,0
5911,1,1,1,0
5912,1,1,1,0
5913,3,1,1,0
5914,16,1,1,0
5915,1,1,1,0
5916,6,1,1,0
5917,1,1,1,0
5918,3,1,1,0
5919,2,1,1,0
5920,2,1,1,0
5921,2,1,1,0
5922,1,1,1,0
5923,7,1,1,0
5924,1,1,1,0
5925,7,1,1,0
5926,5,1,1,0
5927,1,1,1,0
5928,3,1,1,0
5929,2,1,1,0
5930,5,1,1,0
5931,7,1,1,0
5932,7,1,1,0
5933,1,1,1,0
5934,2,1,1,0
5935,17,1,1,0
5936,2,1,1,0
5937,2,1,1,0
5938,1,1,1,0
5939,15,1,1,0
5940,1,1,1,0
5941,2,1,1,0
5942,6,1,1,0
5943,1,1,1,0
5944,3,1,1,0
5945,3,1,1,0
5946,3,1,1,0
5947,2,1,1,0
5948,2,1,1,0
5949,5,1,1,0
5950,5,1,1,0
5951,5,1,1,0
5952,6,1,1,0
5953,8,1,1,0
5954,2,1,1,0
5955,5,1,1,0
5956,4,1,1,0
5957,1,1,1,0
5958,2,1,1,0
5959,1,1,1,0
5960,3,1,1,0
5961,2,1,1,0
5962,3,1,1,0
5963,2,1,1,0
5964,2,1,1,0
5965,1,1,1,0
5966,7,1,1,0
5967,2,1,1,0
5968,3,1,1,0
5969,3,1,1,0
5970,3,1,1,0
5971,7,1,1,0
5972,4,1,1,0
5973,5,1,1,0
5974,5,1,1,0
5975,1,1,1,0
5976,5,1,1,0
5977,2,1,1,0
5978,1,1,1,0
5979,1,1,1,0
5980,2,1,1,0
5981,3,1,1,0
5982,4,1,1,0
5983,2,1,1,0
5984,9,1,1,0
5985,1,1,1,0
5986,1,1,1,0
5987,1,1,1,0
5988,6,1,1,0
5989,3,1,1,0
5990,3,1,1,0
5991,3,1,1,0
5992,1,1,1,0
5993,2,1,1,0
5994,6,1,1,0
5995,3,1,1,0
5996,1,1,1,0
5997,4,1,1,0
5998,3,1,1,0
5999,1,1,1,0
6000,2,1,1,0
6001,6,1,1,0
6002,3,1,1,0
6003,2,1,1,0
6004,1,1,1,0
6005,4,1,1,0
6006,1,1,1,0
6007,1,1,1,0
6008,5,1,1,0
6009,3,1,1,0
6010,4,1,1,0
6011,9,1,1,0
6012,3,1,1,0
6013,1,1,1,0
6014,4,1,1,0
6015,1,1,1,0
6016,4,1,1,0
6017,2,1,1,0
6018,11,1,1,0
6019,5,1,1,0
6020,9,1,1,0
6021,7,1,1,0
6022,3,1,1,0
6023,5,1,1,0
6024,1,1,1,0
6025,1,1,1,0
6026,2,1,1,0
6027,11,1,1,0
6028,6,1,1,0
6029,11,1,1,0
6030,3,1,1,0
6031,3,1,1,0
6032,6,1,1,0
6033,2,1,1,0
6034,3,1,1,0
6035,3,1,1,0
6036,6,1,1,0
6037,1,1,1,0
6038,2,1,1,0
6039,1,1,1,0
6040,4,1,1,0
6041,1,1,1,0
6042,8,1,1,0
6043,3,1,1,0
6044,7,1,1,0
6045,4,1,1,0
6046,3,1,1,0
6047,1,1,1,0
6048,1,1,1,0
6049,7,1,1,0
6050,2,1,1,0
6051,8,1,1,0
6052,3,1,1,0
6053,5,1,1,0
6054,7,1,1,0
6055,3,1,1,0
6056,1,1,1,0
6057,7,1,1,0
6058,4,1,1,0
6059,2,1,1,0
6060,4,1,1,0
6061,8,1,1,0
6062,3,1,1,0
6063,2,1,1,0
6064,13,1,1,0
6065,7,1,1,0
6066,1,1,1,0
6067,6,1,1,0
6068,4,1,1,0
6069,2,1,1,0
6070,6,1,1,0
6071,6,1,1,0
6072,10,1,1,0
6073,6,1,1,0
6074,5,1,1,0
6075,6,1,1,0
6076,7,1,1,0
6077,9,1,1,0
6078,4,1,1,0
6079,6,1,1,0
6080,8,1,1,0
6081,4,1,1,0
6082,8,1,1,0
6083,2,1,1,0
6084,2,1,1,0
6085,1,1,1,0
6086,2,1,1,0
6087,1,1,1,0
6088,9,1,1,0
6089,10,1,1,0
6090,4,1,1,0
6091,6,1,1,0
6092,2,1,1,0
6093,3,1,1,0
6094,1,1,1,0
6095,2,1,1,0
6096,2,1,1,0
6097,3,1,1,0
6098,2,1,1,0
6099,4,1,1,0
6100,5,1,1,0
6101,1,1,1,0
6102,4,1,1,0
6103,7,1,1,0
6104,2,1,1,0
6105,4,1,1,0
6106,3,1,1,0
6107,2,1,1,0
6108,9,1,1,0
6109,11,1,1,0
6110,7,1,1,0
6111,3,1,1,0
6112,3,1,1,0
6113,3,1,1,0
6114,2,1,1,0
6115,1,1,1,0
6116,12,1,1,0
6117,1,1,1,0
6118,1,1,1,0
6119,3,1,1,0
6120,3,1,1,0
6121,4,1,1,0
6122,4,1,1,0
6123,4,1,1,0
6124,3,1,1,0
6125,1,1,1,0
6126,6,1,1,0
6127,4,1,1,0
6128,3,1,1,0
6129,1,1,1,0
6130,2,1,1,0
6131,4,1,1,0
6132,6,1,1,0
6133,1,1,1,0
6134,5,1,1,0
6135,1,1,1,0
6136,3,1,1,0
6137,8,1,1,0
6138,2,1,1,0
6139,1,1,1,0
6140,6,1,1,0
6141,4,1,1,0
6142,1,1,1,0
6143,11,1,1,0
6144,8,1,1,0
6145,3,1,1,0
6146,6,1,1,0
6147,3,1,1,0
6148,2,1,1,0
6149,1,1,1,0
6150,4,1,1,0
6151,1,1,1,0
6152,7,1,1,0
6153,3,1,1,0
6154,6,1,1,0
6155,4,1,1,0
6156,1,1,1,0
6157,1,1,1,0
6158,8,1,1,0
6159,6,1,1,0
6160,1,1,1,0
6161,5,1,1,0
6162,3,1,1,0
6163,10,1,1,0
6164,3,1,1,0
6165,1,1,1,0
6166,1,1,1,0
6167,1,1,1,0
6168,3,1,1,0
6169,1,1,1,0
6170,22,1,1,0
6171,1,1,1,0
6172,2,1,1,0
6173,3,1,1,0
6174,2,1,1,0
6175,2,1,1,0
6176,1,1,1,0
6177,2,1,1,0
6178,2,1,1,0
6179,2,1,1,0
6180,1,1,1,0
6181,4,1,1,0
6182,3,1,1,0
6183,4,1,1,0
6184,4,1,1,0
6185,1,1,1,0
6186,6,1,1,0
6187,5,1,1,0
6188,11,1,1,0
6189,4,1,1,0
6190,12,1,1,0
6191,1,1,1,0
6192,10,1,1,0
6193,9,1,1,0
6194,3,1,1,0
6195,1,1,1,0
6196,2,1,1,0
6197,3,1,1,0
6198,2,1,1,0
6199,2,1,1,0
6200,9,1,1,0
6201,16,1,1,0
6202,6,1,1,0
6203,5,1,1,0
6204,2,1,1,0
6205,5,1,1,0
6206,5,1,1,0
6207,1,1,1,0
6208,1,1,1,0
6209,3,1,1,0
6210,3,1,1,0
6211,1,1,1,0
6212,4,1,1,0
6213,2,1,1,0
6214,1,1,1,0
6215,3,1,1,0
6216,3,1,1,0
6217,3,1,1,0
6218,5,1,1,0
6219,3,1,1,0
6220,3,1,1,0
6221,5,1,1,0
6222,4,1,1,0
6223,1,1,1,0
6224,1,1,1,0
6225,6,1,1,0
6226,14,1,1,0
6227,5,1,1,0
6228,4,1,1,0
6229,1,1,1,0
6230,5,1,1,0
6231,1,1,1,0
6232,2,1,1,0
6233,6,1,1,0
6234,2,1,1,0
6235,3,1,1,0
6236,8,1,1,0
6237,5,1,1,0
6238,3,1,1,0
6239,1,1,1,0
6240,3,1,1,0
6241,2,1,1,0
6242,3,1,1,0
6243,2,1,1,0
6244,2,1,1,0
6245,2,1,1,0
6246,3,1,1,0
6247,2,1,1,0
6248,4,1,1,0
6249,3,1,1,0
6250,6,1,1,0
6251,2,1,1,0
6252,2,1,1,0
6253,2,1,1,0
6254,4,1,1,0
6255,5,1,1,0
6256,1,1,1,0
6257,2,1,1,0
6258,4,1,1,0
6259,5,1,1,0
6260,3,1,1,0
6261,6,1,1,0
6262,3,1,1,0
6263,5,1,1,0
6264,9,1,1,0
6265,2,1,1,0
6266,4,1,1,0
6267,3,1,1,0
6268,4,1,1,0
6269,2,1,1,0
6270,1,1,1,0
6271,2,1,1,0
6272,2,1,1,0
6273,6,1,1,0
6274,3,1,1,0
6275,2,1,1,0
6276,2,1,1,0
6277,5,1,1,0
6278,2,1,1,0
6279,1,1,1,0
6280,1,1,1,0
6281,3,1,1,0
6282,1,1,1,0
6283,5,1,1,0
6284,1,1,1,0
6285,3,1,1,0
6286,3,1,1,0
6287,1,1,1,0
6288,3,1,1,0
6289,5,1,1,0
6290,5,1,1,0
6291,1,1,1,0
6292,3,1,1,0
6293,1,1,1,0
6294,14,1,1,0
6295,10,1,1,0
6296,7,1,1,0
6297,10,1,1,0
6298,2,1,1,0
6299,8,1,1,0
6300,2,1,1,0
6301,10,1,1,0
6302,1,1,1,0
6303,13,1,1,0
6304,5,1,1,0
6305,2,1,1,0
6306,1,1,1,0
6307,1,1,1,0
6308,5,1,1,0
6309,8,1,1,0
6310,5,1,1,0
6311,1,1,1,0
6312,1,1,1,0
6313,6,1,1,0
6314,3,1,1,0
6315,5,1,1,0
6316,4,1,1,0
6317,1,1,1,0
6318,1,1,1,0
6319,1,1,1,0
6320,1,1,1,0
6321,9,1,1,0
6322,15,1,1,0
6323,5,1,1,0
6324,8,1,1,0
6325,5,1,1,0
6326,5,1,1,0
6327,2,1,1,0
6328,4,1,1,0
6329,2,1,1,0
6330,8,1,1,0
6331,1,1,1,0
6332,2,1,1,0
6333,3,1,1,0
6334,3,1,1,0
6335,2,1,1,0
6336,1,1,1,0
6337,9,1,1,0
6338,7,1,1,0
6339,5,1,1,0
6340,3,1,1,0
6341,3,1,1,0
6342,2,1,1,0
6343,2,1,1,0
6344,4,1,1,0
6345,3,1,1,0
6346,4,1,1,0
6347,4,1,1,0
6348,1,1,1,0
6349,1,1,1,0
6350,2,1,1,0
6351,3,1,1,0
6352,1,1,1,0
6353,2,1,1,0
6354,9,1,1,0
6355,4,1,1,0
6356,1,1,1,0
6357,3,1,1,0
6358,2,1,1,0
6359,1,1,1,0
6360,2,1,1,0
6361,6,1,1,0
6362,2,1,1,0
6363,1,1,1,0
6364,3,1,1,0
6365,9,1,1,0
6366,7,1,1,0
6367,6,1,1,0
6368,7,1,1,0
6369,1,1,1,0
6370,2,1,1,0
6371,9,1,1,0
6372,1,1,1,0
6373,2,1,1,0
6374,3,1,1,0
6375,11,1,1,0
6376,2,1,1,0
6377,5,1,1,0
6378,1,1,1,0
6379,4,1,1,0
6380,9,1,1,0
6381,3,1,1,0
6382,8,1,1,0
6383,5,1,1,0
6384,12,1,1,0
6385,5,1,1,0
6386,2,1,1,0
6387,5,1,1,0
6388,3,1,1,0
6389,2,1,1,0
6390,1,1,1,0
6391,3,1,1,0
6392,4,1,1,0
6393,2,1,1,0
6394,6,1,1,0
6395,4,1,1,0
6396,7,1,1,0
6397,5,1,1,0
6398,4,1,1,0
6399,2,1,1,0
6400,2,1,1,0
6401,3,1,1,0
6402,1,1,1,0
6403,7,1,1,0
6404,5,1,1,0
6405,1,1,1,0
6406,1,1,1,0
6407,1,1,1,0
6408,1,1,1,0
6409,1,1,1,0
6410,4,1,1,0
6411,3,1,1,0
6412,2,1,1,0
6413,4,1,1,0
6414,3,1,1,0
6415,9,1,1,0
6416,6,1,1,0
6417,2,1,1,0
6418,6,1,1,0
6419,1,1,1,0
6420,5,1,1,0
6421,3,1,1,0
6422,2,1,1,0
6423,3,1,1,0
6424,2,1,1,0
6425,4,1,1,0
6426,3,1,1,0
6427,2,1,1,0
6428,2,1,1,0
6429,2,1,1,0
6430,8,1,1,0
6431,4,1,1,0
6432,6,1,1,0
6433,5,1,1,0
6434,3,1,1,0
6435,1,1,1,0
6436,3,1,1,0
6437,4,1,1,0
6438,1,1,1,0
6439,1,1,1,0
6440,4,1,1,0
6441,6,1,1,0
6442,8,1,1,0
6443,2,1,1,0
6444,4,1,1,0
6445,2,1,1,0
6446,1,1,1,0
6447,8,1,1,0
6448,2,1,1,0
6449,11,1,1,0
6450,6,1,1,0
6451,1,1,1,0
6452,1,1,1,0
6453,4,1,1,0
6454,8,1,1,0
6455,3,1,1,0
6456,1,1,1,0
6457,7,1,1,0
6458,8,1,1,0
6459,2,1,1,0
6460,1,1,1,0
6461,1,1,1,0
6462,1,1,1,0
6463,3,1,1,0
6464,2,1,1,0
6465,1,1,1,0
6466,2,1,1,0
6467,2,1,1,0
6468,1,1,1,0
6469,3,1,1,0
6470,3,1,1,0
6471,1,1,1,0
6472,6,1,1,0
6473,2,1,1,0
6474,3,1,1,0
6475,2,1,1,0
6476,1,1,1,0
6477,2,1,1,0
6478,2,1,1,0
6479,5,1,1,0
6480,1,1,1,0
6481,4,1,1,0
6482,5,1,1,0
6483,3,1,1,0
6484,4,1,1,0
6485,1,1,1,0
6486,14,1,1,0
6487,6,1,1,0
6488,3,1,1,0
6489,6,1,1,0
6490,3,1,1,0
6491,1,1,1,0
6492,1,1,1,0
6493,6,1,1,0
6494,5,1,1,0
6495,4,1,1,0
6496,1,1,1,0
6497,1,1,1,0
6498,2,1,1,0
6499,1,1,1,0
6500,5,1,1,0
6501,2,1,1,0
6502,7,1,1,0
6503,2,1,1,0
6504,2,1,1,0
6505,8,1,1,0
6506,10,1,1,0
6507,5,1,1,0
6508,9,1,1,0
6509,2,1,1,0
6510,3,1,1,0
6511,2,1,1,0
6512,3,1,1,0
6513,3,1,1,0
6514,5,1,1,0
6515,4,1,1,0
6516,1,1,1,0
6517,3,1,1,0
6518,4,1,1,0
6519,6,1,1,0
6520,3,1,1,0
6521,1,1,1,0
6522,2,1,1,0
6523,1,1,1,0
6524,4,1,1,0
6525,4,1,1,0
6526,1,1,1,0
6527,1,1,1,0
6528,1,1,1,0
6529,3,1,1,0
6530,9,1,1,0
6531,1,1,1,0
6532,12,1,1,0
6533,1,1,1,0
6534,4,1,1,0
6535,2,1,1,0
6536,8,1,1,0
6537,2,1,1,0
6538,3,1,1,0
6539,1,1,1,0
6540,6,1,1,0
6541,6,1,1,0
6542,8,1,1,0
6543,3,1,1,0
6544,1,1,1,0
6545,5,1,1,0
6546,3,1,1,0
6547,15,1,1,0
6548,5,1,1,0
6549,4,1,1,0
6550,7,1,1,0
6551,3,1,1,0
6552,1,1,1,0
6553,2,1,1,0
6554,3,1,1,0
6555,5,1,1,0
6556,1,1,1,0
6557,1,1,1,0
6558,7,1,1,0
6559,2,1,1,0
6560,1,1,1,0
6561,4,1,1,0
6562,6,1,1,0
6563,2,1,1,0
6564,4,1,1,0
6565,3,1,1,0
6566,1,1,1,0
6567,9,1,1,0
6568,2,1,1,0
6569,4,1,1,0
6570,1,1,1,0
6571,3,1,1,0
6572,6,1,1,0
6573,3,1,1,0
6574,2,1,1,0
6575,4,1,1,0
6576,1,1,1,0
6577,5,1,1,0
6578,2,1,1,0
6579,1,1,1,0
6580,5,1,1,0
6581,1,1,1,0
6582,4,1,1,0
6583,1,1,1,0
6584,1,1,1,0
6585,1,1,1,0
6586,7,1,1,0
6587,2,1,1,0
6588,9,1,1,0
6589,1,1,1,0
6590,9,1,1,0
6591,2,1,1,0
6592,1,1,1,0
6593,7,1,1,0
6594,2,1,1,0
6595,3,1,1,0
6596,9,1,1,0
6597,2,1,1,0
6598,3,1,1,0
6599,2,1,1,0
6600,2,1,1,0
6601,2,1,1,0
6602,5,1,1,0
6603,1,1,1,0
6604,7,1,1,0
6605,10,1,1,0
6606,1,1,1,0
6607,2,1,1,0
6608,5,1,1,0
6609,1,1,1,0
6610,3,1,1,0
6611,2,1,1,0
6612,2,1,1,0
6613,6,1,1,0
6614,3,1,1,0
6615,4,1,1,0
6616,9,1,1,0
6617,1,1,1,0
6618,6,1,1,0
6619,10,1,1,0
6620,3,1,1,0
6621,2,1,1,0
6622,2,1,1,0
6623,3,1,1,0
6624,3,1,1,0
6625,2,1,1,0
6626,5,1,1,0
6627,10,1,1,0
6628,3,1,1,0
6629,7,1,1,0
6630,1,1,1,0
6631,1,1,1,0
6632,1,1,1,0
6633,7,1,1,0
6634,3,1,1,0
6635,5,1,1,0
6636,1,1,1,0
6637,11,1,1,0
6638,2,1,1,0
6639,4,1,1,0
6640,1,1,1,0
6641,3,1,1,0
6642,1,1,1,0
6643,1,1,1,0
6644,2,1,1,0
6645,2,1,1,0
6646,2,1,1,0
6647,2,1,1,0
6648,2,1,1,0
6649,1,1,1,0
6650,1,1,1,0
6651,5,1,1,0
6652,5,1,1,0
6653,4,1,1,0
6654,2,1,1,0
6655,4,1,1,0
6656,2,1,1,0
6657,3,1,1,0
6658,2,1,1,0
6659,7,1,1,0
6660,1,1,1,0
6661,4,1,1,0
6662,6,1,1,0
6663,9,1,1,0
6664,1,1,1,0
6665,1,1,1,0
6666,1,1,1,0
6667,5,1,1,0
6668,1,1,1,0
6669,3,1,1,0
6670,3,1,1,0
6671,3,1,1,0
6672,6,1,1,0
6673,9,1,1,0
6674,7,1,1,0
6675,2,1,1,0
6676,1,1,1,0
6677,3,1,1,0
6678,6,1,1,0
6679,2,1,1,0
6680,2,1,1,0
6681,3,1,1,0
6682,2,1,1,0
6683,3,1,1,0
6684,9,1,1,0
6685,1,1,1,0
6686,1,1,1,0
6687,1,1,1,0
6688,1,1,1,0
6689,3,1,1,0
6690,2,1,1,0
6691,1,1,1,0
6692,1,1,1,0
6693,7,1,1,0
6694,6,1,1,0
6695,10,1,1,0
6696,3,1,1,0
6697,3,1,1,0
6698,4,1,1,0
6699,2,1,1,0
6700,6,1,1,0
6701,2,1,1,0
6702,1,1,1,0
6703,4,1,1,0
6704,1,1,1,0
6705,1,1,1,0
6706,3,1,1,0
6707,15,1,1,0
6708,9,1,1,0
6709,2,1,1,0
6710,2,1,1,0
6711,2,1,1,0
6712,2,1,1,0
6713,6,1,1,0
6714,5,1,1,0
6715,5,1,1,0
6716,1,1,1,0
6717,6,1,1,0
6718,3,1,1,0
6719,5,1,1,0
6720,1,1,1,0
6721,1,1,1,0
6722,4,1,1,0
6723,2,1,1,0
6724,6,1,1,0
6725,2,1,1,0
6726,6,1,1,0
6727,1,1,1,0
6728,5,1,1,0
6729,1,1,1,0
6730,2,1,1,0
6731,1,1,1,0
6732,1,1,1,0
6733,5,1,1,0
6734,3,1,1,0
6735,2,1,1,0
6736,1,1,1,0
6737,3,1,1,0
6738,5,1,1,0
6739,3,1,1,0
6740,7,1,1,0
6741,7,1,1,0
6742,5,1,1,0
6743,2,1,1,0
6744,2,1,1,0
6745,4,1,1,0
6746,2,1,1,0
6747,5,1,1,0
6748,7,1,1,0
6749,3,1,1,0
6750,3,1,1,0
6751,2,1,1,0
6752,1,1,1,0
6753,2,1,1,0
6754,2,1,1,0
6755,4,1,1,0
6756,4,1,1,0
6757,1,1,1,0
6758,1,1,1,0
6759,3,1,1,0
6760,1,1,1,0
6761,7,1,1,0
6762,2,1,1,0
6763,2,1,1,0
6764,8,1,1,0
6765,6,1,1,0
6766,4,1,1,0
6767,1,1,1,0
6768,4,1,1,0
6769,17,1,1,0
6770,4,1,1,0
6771,4,1,1,0
6772,3,1,1,0
6773,2,1,1,0
6774,1,1,1,0
6775,4,1,1,0
6776,4,1,1,0
6777,10,1,1,0
6778,1,1,1,0
6779,3,1,1,0
6780,3,1,1,0
6781,8,1,1,0
6782,1,1,1,0
6783,5,1,1,0
6784,4,1,1,0
6785,2,1,1,0
6786,2,1,1,0
6787,1,1,1,0
6788,7,1,1,0
6789,9,1,1,0
6790,1,1,1,0
6791,1,1,1,0
6792,1,1,1,0
6793,4,1,1,0
6794,4,1,1,0
6795,1,1,1,0
6796,5,1,1,0
6797,2,1,1,0
6798,2,1,1,0
6799,3,1,1,0
6800,6,1,1,0
6801,1,1,1,0
6802,2,1,1,0
6803,3,1,1,0
6804,2,1,1,0
6805,5,1,1,0
6806,3,1,1,0
6807,1,1,1,0
6808,6,1,1,0
6809,8,1,1,0
6810,3,1,1,0
6811,1,1,1,0
6812,3,1,1,0
6813,3,1,1,0
6814,1,1,1,0
6815,2,1,1,0
6816,1,1,1,0
6817,3,1,1,0
6818,2,1,1,0
6819,1,1,1,0
6820,6,1,1,0
6821,1,1,1,0
6822,5,1,1,0
6823,2,1,1,0
6824,1,1,1,0
6825,1,1,1,0
6826,12,1,1,0
6827,3,1,1,0
6828,1,1,1,0
6829,1,1,1,0
6830,3,1,1,0
6831,9,1,1,0
6832,6,1,1,0
6833,2,1,1,0
6834,4,1,1,0
6835,1,1,1,0
6836,1,1,1,0
6837,3,1,1,0
6838,2,1,1,0
6839,2,1,1,0
6840,11,1,1,0
6841,4,1,1,0
6842,1,1,1,0
6843,2,1,1,0
6844,6,1,1,0
6845,7,1,1,0
6846,3,1,1,0
6847,1,1,1,0
6848,1,1,1,0
6849,5,1,1,0
6850,1,1,1,0
6851,2,1,1,0
6852,1,1,1,0
6853,1,1,1,0
6854,1,1,1,0
6855,3,1,1,0
6856,3,1,1,0
6857,1,1,1,0
6858,4,1,1,0
6859,2,1,1,0
6860,1,1,1,0
6861,3,1,1,0
6862,4,1,1,0
6863,10,1,1,0
6864,5,1,1,0
6865,8,1,1,0
6866,4,1,1,0
6867,8,1,1,0
6868,2,1,1,0
6869,4,1,1,0
6870,1,1,1,0
6871,1,1,1,0
6872,1,1,1,0
6873,5,1,1,0
6874,1,1,1,0
6875,2,1,1,0
6876,4,1,1,0
6877,5,1,1,0
6878,8,1,1,0
6879,1,1,1,0
6880,3,1,1,0
6881,6,1,1,0
6882,1,1,1,0
6883,8,1,1,0
6884,1,1,1,0
6885,3,1,1,0
6886,6,1,1,0
6887,10,1,1,0
6888,4,1,1,0
6889,2,1,1,0
6890,6,1,1,0
6891,1,1,1,0
6892,4,1,1,0
6893,13,1,1,0
6894,6,1,1,0
6895,4,1,1,0
6896,2,1,1,0
6897,4,1,1,0
6898,1,1,1,0
6899,1,1,1,0
6900,6,1,1,0
6901,2,1,1,0
6902,10,1,1,0
6903,9,1,1,0
6904,2,1,1,0
6905,2,1,1,0
6906,6,1,1,0
6907,2,1,1,0
6908,1,1,1,0
6909,5,1,1,0
6910,2,1,1,0
6911,13,1,1,0
6912,13,1,1,0
6913,1,1,1,0
6914,1,1,1,0
6915,4,1,1,0
6916,2,1,1,0
6917,7,1,1,0
6918,1,1,1,0
6919,3,1,1,0
6920,1,1,1,0
6921,5,1,1,0
6922,1,1,1,0
6923,1,1,1,0
6924,4,1,1,0
6925,3,1,1,0
6926,5,1,1,0
6927,3,1,1,0
6928,9,1,1,0
6929,1,1,1,0
6930,3,1,1,0
6931,1,1,1,0
6932,1,1,1,0
6933,10,1,1,0
6934,2,1,1,0
6935,2,1,1,0
6936,2,1,1,0
6937,4,1,1,0
6938,5,1,1,0
6939,5,1,1,0
6940,3,1,1,0
6941,4,1,1,0
6942,2,1,1,0
6943,4,1,1,0
6944,1,1,1,0
6945,1,1,1,0
6946,1,1,1,0
6947,8,1,1,0
6948,3,1,1,0
6949,2,1,1,0
6950,2,1,1,0
6951,4,1,1,0
6952,12,1,1,0
6953,3,1,1,0
6954,2,1,1,0
6955,4,1,1,0
6956,3,1,1,0
6957,2,1,1,0
6958,2,1,1,0
6959,3,1,1,0
6960,10,1,1,0
6961,6,1,1,0
6962,1,1,1,0
6963,5,1,1,0
6964,1,1,1,0
6965,14,1,1,0
6966,2,1,1,0
6967,1,1,1,0
6968,3,1,1,0
6969,1,1,1,0
6970,10,1,1,0
6971,4,1,1,0
6972,1,1,1,0
6973,1,1,1,0
6974,4,1,1,0
6975,2,1,1,0
6976,3,1,1,0
6977,1,1,1,0
6978,3,1,1,0
6979,3,1,1,0
6980,1,1,1,0
6981,3,1,1,0
6982,1,1,1,0
6983,1,1,1,0
6984,4,1,1,0
6985,3,1,1,0
6986,7,1,1,0
6987,3,1,1,0
6988,2,1,1,0
6989,6,1,1,0
6990,5,1,1,0
6991,1,1,1,0
6992,1,1,1,0
6993,4,1,1,0
6994,8,1,1,0
6995,5,1,1,0
6996,5,1,1,0
6997,3,1,1,0
6998,6,1,1,0
6999,11,1,1,0
7000,2,1,1,0
7001,1,1,1,0
7002,4,1,1,0
7003,4,1,1,0
7004,1,1,1,0
7005,3,1,1,0
7006,1,1,1,0
7007,4,1,1,0
7008,4,1,1,0
7009,4,1,1,0
7010,4,1,1,0
7011,7,1,1,0
7012,3,1,1,0
7013,5,1,1,0
7014,3,1,1,0
7015,1,1,1,0
7016,13,1,1,0
7017,7,1,1,0
7018,3,1,1,0
7019,1,1,1,0
7020,6,1,1,0
7021,2,1,1,0
7022,3,1,1,0
7023,2,1,1,0
7024,1,1,1,0
7025,1,1,1,0
7026,3,1,1,0
7027,4,1,1,0
7028,9,1,1,0
7029,1,1,1,0
7030,4,1,1,0
7031,4,1,1,0
7032,2,1,1,0
7033,4,1,1,0
7034,1,1,1,0
7035,1,1,1,0
7036,6,1,1,0
7037,1,1,1,0
7038,1,1,1,0
7039,11,1,1,0
7040,6,1,1,0
7041,2,1,1,0
7042,3,1,1,0
7043,3,1,1,0
7044,5,1,1,0
7045,3,1,1,0
7046,3,1,1,0
7047,1,1,1,0
7048,2,1,1,0
7049,5,1,1,0
7050,1,1,1,0
7051,1,1,1,0
7052,1,1,1,0
7053,3,1,1,0
7054,1,1,1,0
7055,1,1,1,0
7056,5,1,1,0
7057,1,1,1,0
7058,5,1,1,0
7059,1,1,1,0
7060,1,1,1,0
7061,1,1,1,0
7062,4,1,1,0
7063,1,1,1,0
7064,1,1,1,0
7065,3,1,1,0
7066,2,1,1,0
7067,6,1,1,0
7068,2,1,1,0
7069,4,1,1,0
7070,1,1,1,0
7071,7,1,1,0
7072,3,1,1,0
7073,3,1,1,0
7074,4,1,1,0
7075,6,1,1,0
7076,2,1,1,0
7077,1,1,1,0
7078,1,1,1,0
7079,5,1,1,0
7080,5,1,1,0
7081,3,1,1,0
7082,3,1,1,0
7083,4,1,1,0
7084,11,1,1,0
7085,5,1,1,0
7086,10,1,1,0
7087,3,1,1,0
7088,1,1,1,0
7089,3,1,1,0
7090,3,1,1,0
7091,1,1,1,0
7092,1,1,1,0
7093,2,1,1,0
7094,1,1,1,0
7095,2,1,1,0
7096,3,1,1,0
7097,3,1,1,0
7098,4,1,1,0
7099,1,1,1,0
7100,15,1,1,0
7101,1,1,1,0
7102,17,1,1,0
7103,3,1,1,0
7104,1,1,1,0
7105,5,1,1,0
7106,2,1,1,0
7107,2,1,1,0
7108,3,1,1,0
7109,2,1,1,0
7110,4,1,1,0
7111,6,1,1,0
7112,6,1,1,0
7113,3,1,1,0
7114,5,1,1,0
7115,5,1,1,0
7116,3,1,1,0
7117,4,1,1,0
7118,2,1,1,0
7119,4,1,1,0
7120,2,1,1,0
7121,2,1,1,0
7122,4,1,1,0
7123,3,1,1,0
7124,4,1,1,0
7125,6,1,1,0
7126,10,1,1,0
7127,2,1,1,0
7128,1,1,1,0
7129,13,1,1,0
7130,2,1,1,0
7131,1,1,1,0
7132,4,1,1,0
7133,6,1,1,0
7134,9,1,1,0
7135,2,1,1,0
7136,7,1,1,0
7137,3,1,1,0
7138,1,1,1,0
7139,2,1,1,0
7140,4,1,1,0
7141,4,1,1,0
7142,2,1,1,0
7143,9,1,1,0
7144,3,1,1,0
7145,3,1,1,0
7146,2,1,1,0
7147,1,1,1,0
7148,2,1,1,0
7149,4,1,1,0
7150,4,1,1,0
7151,4,1,1,0
7152,4,1,1,0
7153,3,1,1,0
7154,6,1,1,0
7155,4,1,1,0
7156,8,1,1,0
7157,5,1,1,0
7158,10,1,1,0
7159,2,1,1,0
7160,4,1,1,0
7161,10,1,1,0
7162,5,1,1,0
7163,2,1,1,0
7164,10,1,1,0
7165,2,1,1,0
7166,1,1,1,0
7167,6,1,1,0
7168,2,1,1,0
7169,8,1,1,0
7170,5,1,1,0
7171,2,1,1,0
7172,1,1,1,0
7173,1,1,1,0
7174,2,1,1,0
7175,1,1,1,0
7176,7,1,1,0
7177,2,1,1,0
7178,8,1,1,0
7179,2,1,1,0
7180,1,1,1,0
7181,2,1,1,0
7182,12,1,1,0
7183,6,1,1,0
7184,4,1,1,0
7185,2,1,1,0
7186,6,1,1,0
7187,4,1,1,0
7188,4,1,1,0
7189,7,1,1,0
7190,6,1,1,0
7191,7,1,1,0
7192,1,1,1,0
7193,2,1,1,0
7194,2,1,1,0
7195,3,1,1,0
7196,3,1,1,0
7197,10,1,1,0
7198,3,1,1,0
7199,10,1,1,0
7200,5,1,1,0
7201,2,1,1,0
7202,6,1,1,0
7203,9,1,1,0
7204,1,1,1,0
7205,1,1,1,0
7206,1,1,1,0
7207,5,1,1,0
7208,11,1,1,0
7209,2,1,1,0
7210,3,1,1,0
7211,2,1,1,0
7212,1,1,1,0
7213,8,1,1,0
7214,9,1,1,0
7215,3,1,1,0
7216,7,1,1,0
7217,1,1,1,0
7218,1,1,1,0
7219,2,1,1,0
7220,1,1,1,0
7221,1,1,1,0
7222,1,1,1,0
7223,1,1,1,0
7224,3,1,1,0
7225,2,1,1,0
7226,1,1,1,0
7227,4,1,1,0
7228,4,1,1,0
7229,3,1,1,0
7230,6,1,1,0
7231,2,1,1,0
7232,3,1,1,0
7233,1,1,1,0
7234,1,1,1,0
7235,7,1,1,0
7236,3,1,1,0
7237,3,1,1,0
7238,1,1,1,0
7239,2,1,1,0
7240,2,1,1,0
7241,2,1,1,0
7242,4,1,1,0
7243,1,1,1,0
7244,1,1,1,0
7245,3,1,1,0
7246,2,1,1,0
7247,1,1,1,0
7248,2,1,1,0
7249,3,1,1,0
7250,7,1,1,0
7251,3,1,1,0
7252,3,1,1,0
7253,4,1,1,0
7254,2,1,1,0
7255,6,1,1,0
7256,9,1,1,0
7257,3,1,1,0
7258,1,1,1,0
7259,1,1,1,0
7260,2,1,1,0
7261,3,1,1,0
7262,1,1,1,0
7263,2,1,1,0
7264,4,1,1,0
7265,6,1,1,0
7266,4,1,1,0
7267,4,1,1,0
7268,11,1,1,0
7269,1,1,1,0
7270,7,1,1,0
7271,8,1,1,0
7272,4,1,1,0
7273,10,1,1,0
7274,2,1,1,0
7275,3,1,1,0
7276,2,1,1,0
7277,3,1,1,0
7278,2,1,1,0
7279,2,1,1,0
7280,4,1,1,0
7281,1,1,1,0
7282,1,1,1,0
7283,1,1,1,0
7284,5,1,1,0
7285,1,1,1,0
7286,1,1,1,0
7287,1,1,1,0
7288,6,1,1,0
7289,4,1,1,0
7290,11,1,1,0
7291,1,1,1,0
7292,6,1,1,0
7293,5,1,1,0
7294,9,1,1,0
7295,5,1,1,0
7296,2,1,1,0
7297,3,1,1,0
7298,2,1,1,0
7299,4,1,1,0
7300,4,1,1,0
7301,4,1,1,0
7302,2,1,1,0
7303,5,1,1,0
7304,2,1,1,0
7305,3,1,1,0
7306,2,1,1,0
7307,2,1,1,0
7308,12,1,1,0
7309,5,1,1,0
7310,2,1,1,0
7311,5,1,1,0
7312,4,1,1,0
7313,7,1,1,0
7314,2,1,1,0
7315,10,1,1,0
7316,4,1,1,0
7317,4,1,1,0
7318,1,1,1,0
7319,7,1,1,0
7320,2,1,1,0
7321,4,1,1,0
7322,2,1,1,0
7323,2,1,1,0
7324,1,1,1,0
7325,1,1,1,0
7326,1,1,1,0
7327,1,1,1,0
7328,6,1,1,0
7329,1,1,1,0
7330,1,1,1,0
7331,5,1,1,0
7332,8,1,1,0
7333,5,1,1,0
7334,6,1,1,0
7335,6,1,1,0
7336,3,1,1,0
7337,2,1,1,0
7338,8,1,1,0
7339,5,1,1,0
7340,2,1,1,0
7341,7,1,1,0
7342,1,1,1,0
7343,12,1,1,0
7344,1,1,1,0
7345,1,1,1,0
7346,1,1,1,0
7347,4,1,1,0
7348,1,1,1,0
7349,4,1,1,0
7350,2,1,1,0
7351,1,1,1,0
7352,1,1,1,0
7353,3,1,1,0
7354,4,1,1,0
7355,1,1,1,0
7356,1,1,1,0
7357,8,1,1,0
7358,3,1,1,0
7359,1,1,1,0
7360,1,1,1,0
7361,2,1,1,0
7362,5,1,1,0
7363,3,1,1,0
7364,2,1,1,0
7365,3,1,1,0
7366,1,1,1,0
7367,1,1,1,0
7368,8,1,1,0
7369,3,1,1,0
7370,2,1,1,0
7371,1,1,1,0
7372,1,1,1,0
7373,7,1,1,0
7374,3,1,1,0
7375,1,1,1,0
7376,1,1,1,0
7377,1,1,1,0
7378,3,1,1,0
7379,3,1,1,0
7380,4,1,1,0
7381,4,1,1,0
7382,5,1,1,0
7383,4,1,1,0
7384,13,1,1,0
7385,10,1,1,0
7386,5,1,1,0
7387,1,1,1,0
7388,2,1,1,0
7389,1,1,1,0
7390,4,1,1,0
7391,1,1,1,0
7392,7,1,1,0
7393,10,1,1,0
7394,1,1,1,0
7395,5,1,1,0
7396,3,1,1,0
7397,3,1,1,0
7398,2,1,1,0
7399,1,1,1,0
7400,4,1,1,0
7401,3,1,1,0
7402,6,1,1,0
7403,2,1,1,0
7404,3,1,1,0
7405,7,1,1,0
7406,5,1,1,0
7407,4,1,1,0
7408,1,1,1,0
7409,12,1,1,0
7410,3,1,1,0
7411,1,1,1,0
7412,3,1,1,0
7413,6,1,1,0
7414,2,1,1,0
7415,2,1,1,0
7416,3,1,1,0
7417,4,1,1,0
7418,4,1,1,0
7419,7,1,1,0
7420,7,1,1,0
7421,1,1,1,0
7422,4,1,1,0
7423,6,1,1,0
7424,1,1,1,0
7425,3,1,1,0
7426,1,1,1,0
7427,4,1,1,0
7428,2,1,1,0
7429,3,1,1,0
7430,4,1,1,0
7431,1,1,1,0
7432,3,1,1,0
7433,2,1,1,0
7434,3,1,1,0
7435,11,1,1,0
7436,3,1,1,0
7437,1,1,1,0
7438,5,1,1,0
7439,6,1,1,0
7440,2,1,1,0
7441,3,1,1,0
7442,1,1,1,0
7443,21,1,1,0
7444,3,1,1,0
7445,3,1,1,0
7446,3,1,1,0
7447,1,1,1,0
7448,1,1,1,0
7449,2,1,1,0
7450,4,1,1,0
7451,5,1,1,0
7452,2,1,1,0
7453,3,1,1,0
7454,1,1,1,0
7455,1,1,1,0
7456,2,1,1,0
7457,1,1,1,0
7458,14,1,1,0
7459,3,1,1,0
7460,8,1,1,0
7461,1,1,1,0
7462,2,1,1,0
7463,5,1,1,0
7464,2,1,1,0
7465,1,1,1,0
7466,5,1,1,0
7467,5,1,1,0
7468,8,1,1,0
7469,3,1,1,0
7470,1,1,1,0
7471,5,1,1,0
7472,5,1,1,0
7473,9,1,1,0
7474,1,1,1,0
7475,3,1,1,0
7476,2,1,1,0
7477,3,1,1,0
7478,4,1,1,0
7479,11,1,1,0
7480,16,1,1,0
7481,2,1,1,0
7482,1,1,1,0
7483,1,1,1,0
7484,6,1,1,0
7485,2,1,1,0
7486,3,1,1,0
7487,2,1,1,0
7488,2,1,1,0
7489,2,1,1,0
7490,1,1,1,0
7491,1,1,1,0
7492,3,1,1,0
7493,2,1,1,0
7494,2,1,1,0
7495,1,1,1,0
7496,5,1,1,0
7497,3,1,1,0
7498,2,1,1,0
7499,1,1,1,0
7500,6,1,1,0
7501,3,1,1,0
7502,5,1,1,0
7503,6,1,1,0
7504,1,1,1,0
7505,9,1,1,0
7506,2,1,1,0
7507,3,1,1,0
7508,1,1,1,0
7509,8,1,1,0
7510,3,1,1,0
7511,1,1,1,0
7512,12,1,1,0
7513,1,1,1,0
7514,3,1,1,0
7515,3,1,1,0
7516,1,1,1,0
7517,6,1,1,0
7518,1,1,1,0
7519,1,1,1,0
7520,2,1,1,0
7521,9,1,1,0
7522,6,1,1,0
7523,5,1,1,0
7524,8,1,1,0
7525,2,1,1,0
7526,4,1,1,0
7527,1,1,1,0
7528,2,1,1,0
7529,4,1,1,0
7530,6,1,1,0
7531,2,1,1,0
7532,1,1,1,0
7533,2,1,1,0
7534,1,1,1,0
7535,2,1,1,0
7536,1,1,1,0
7537,1,1,1,0
7538,3,1,1,0
7539,3,1,1,0
7540,3,1,1,0
7541,1,1,1,0
7542,22,1,1,0
7543,1,1,1,0
7544,6,1,1,0
7545,11,1,1,0
7546,2,1,1,0
7547,2,1,1,0
7548,1,1,1,0
7549,1,1,1,0
7550,4,1,1,0
7551,4,1,1,0
7552,1,1,1,0
7553,4,1,1,0
7554,9,1,1,0
7555,4,1,1,0
7556,1,1,1,0
7557,11,1,1,0
7558,1,1,1,0
7559,2,1,1,0
7560,2,1,1,0
7561,10,1,1,0
7562,2,1,1,0
7563,3,1,1,0
7564,11,1,1,0
7565,1,1,1,0
7566,1,1,1,0
7567,1,1,1,0
7568,2,1,1,0
7569,8,1,1,0
7570,6,1,1,0
7571,1,1,1,0
7572,1,1,1,0
7573,3,1,1,0
7574,3,1,1,0
7575,7,1,1,0
7576,2,1,1,0
7577,4,1,1,0
7578,3,1,1,0
7579,1,1,1,0
7580,2,1,1,0
7581,3,1,1,0
7582,1,1,1,0
7583,2,1,1,0
7584,5,1,1,0
7585,8,1,1,0
7586,6,1,1,0
7587,3,1,1,0
7588,2,1,1,0
7589,1,1,1,0
7590,4,1,1,0
7591,9,1,1,0
7592,4,1,1,0
7593,1,1,1,0
7594,2,1,1,0
7595,2,1,1,0
7596,9,1,1,0
7597,2,1,1,0
7598,1,1,1,0
7599,3,1,1,0
7600,4,1,1,0
7601,1,1,1,0
7602,10,1,1,0
7603,3,1,1,0
7604,5,1,1,0
7605,2,1,1,0
7606,5,1,1,0
7607,1,1,1,0
7608,1,1,1,0
7609,3,1,1,0
7610,2,1,1,0
7611,2,1,1,0
7612,1,1,1,0
7613,3,1,1,0
7614,2,1,1,0
7615,3,1,1,0
7616,5,1,1,0
7617,8,1,1,0
7618,4,1,1,0
7619,1,1,1,0
7620,1,1,1,0
7621,3,1,1,0
7622,2,1,1,0
7623,1,1,1,0
7624,3,1,1,0
7625,3,1,1,0
7626,1,1,1,0
7627,3,1,1,0
7628,2,1,1,0
7629,1,1,1,0
7630,6,1,1,0
7631,1,1,1,0
7632,6,1,1,0
7633,5,1,1,0
7634,2,1,1,0
7635,1,1,1,0
7636,5,1,1,0
7637,4,1,1,0
7638,2,1,1,0
7639,3,1,1,0
7640,4,1,1,0
7641,6,1,1,0
7642,2,1,1,0
7643,2,1,1,0
7644,3,1,1,0
7645,2,1,1,0
7646,4,1,1,0
7647,6,1,1,0
7648,5,1,1,0
7649,5,1,1,0
7650,12,1,1,0
7651,1,1,1,0
7652,8,1,1,0
7653,4,1,1,0
7654,5,1,1,0
7655,2,1,1,0
7656,7,1,1,0
7657,2,1,1,0
7658,4,1,1,0
7659,4,1,1,0
7660,2,1,1,0
7661,2,1,1,0
7662,3,1,1,0
7663,2,1,1,0
7664,2,1,1,0
7665,10,1,1,0
7666,1,1,1,0
7667,6,1,1,0
7668,2,1,1,0
7669,1,1,1,0
7670,1,1,1,0
7671,1,1,1,0
7672,7,1,1,0
7673,4,1,1,0
7674,1,1,1,0
7675,2,1,1,0
7676,2,1,1,0
7677,2,1,1,0
7678,4,1,1,0
7679,4,1,1,0
7680,3,1,1,0
7681,2,1,1,0
7682,6,1,1,0
7683,1,1,1,0
7684,14,1,1,0
7685,2,1,1,0
7686,4,1,1,0
7687,2,1,1,0
7688,7,1,1,0
7689,3,1,1,0
7690,2,1,1,0
7691,2,1,1,0
7692,9,1,1,0
7693,4,1,1,0
7694,1,1,1,0
7695,1,1,1,0
7696,6,1,1,0
7697,3,1,1,0
7698,4,1,1,0
7699,3,1,1,0
7700,6,1,1,0
7701,11,1,1,0
7702,11,1,1,0
7703,4,1,1,0
7704,1,1,1,0
7705,2,1,1,0
7706,2,1,1,0
7707,2,1,1,0
7708,6,1,1,0
7709,7,1,1,0
7710,2,1,1,0
7711,2,1,1,0
7712,2,1,1,0
7713,3,1,1,0
7714,7,1,1,0
7715,6,1,1,0
7716,8,1,1,0
7717,6,1,1,0
7718,2,1,1,0
7719,2,1,1,0
7720,1,1,1,0
7721,1,1,1,0
7722,2,1,1,0
7723,3,1,1,0
7724,5,1,1,0
7725,1,1,1,0
7726,3,1,1,0
7727,3,1,1,0
7728,1,1,1,0
7729,4,1,1,0
7730,4,1,1,0
7731,3,1,1,0
7732,13,1,1,0
7733,6,1,1,0
7734,16,1,1,0
7735,1,1,1,0
7736,1,1,1,0
7737,10,1,1,0
7738,1,1,1,0
7739,3,1,1,0
7740,2,1,1,0
7741,1,1,1,0
7742,1,1,1,0
7743,1,1,1,0
7744,14,1,1,0
7745,6,1,1,0
7746,3,1,1,0
7747,5,1,1,0
7748,1,1,1,0
7749,1,1,1,0
7750,3,1,1,0
7751,5,1,1,0
7752,2,1,1,0
7753,2,1,1,0
7754,1,1,1,0
7755,1,1,1,0
7756,1,1,1,0
7757,1,1,1,0
7758,3,1,1,0
7759,10,1,1,0
7760,5,1,1,0
7761,2,1,1,0
7762,1,1,1,0
7763,3,1,1,0
7764,5,1,1,0
7765,4,1,1,0
7766,2,1,1,0
7767,1,1,1,0
7768,3,1,1,0
7769,5,1,1,0
7770,1,1,1,0
7771,5,1,1,0
7772,3,1,1,0
7773,1,1,1,0
7774,4,1,1,0
7775,1,1,1,0
7776,1,1,1,0
7777,5,1,1,0
7778,2,1,1,0
7779,1,1,1,0
7780,4,1,1,0
7781,1,1,1,0
7782,11,1,1,0
7783,3,1,1,0
7784,8,1,1,0
7785,2,1,1,0
7786,1,1,1,0
7787,7,1,1,0
7788,3,1,1,0
7789,3,1,1,0
7790,9,1,1,0
7791,7,1,1,0
7792,2,1,1,0
7793,1,1,1,0
7794,12,1,1,0
7795,6,1,1,0
7796,2,1,1,0
7797,5,1,1,0
7798,6,1,1,0
7799,4,1,1,0
7800,7,1,1,0
7801,5,1,1,0
7802,3,1,1,0
7803,2,1,1,0
7804,1,1,1,0
7805,3,1,1,0
7806,1,1,1,0
7807,4,1,1,0
7808,4,1,1,0
7809,2,1,1,0
7810,5,1,1,0
7811,3,1,1,0
7812,2,1,1,0
7813,3,1,1,0
7814,6,1,1,0
7815,7,1,1,0
7816,6,1,1,0
7817,2,1,1,0
7818,3,1,1,0
7819,3,1,1,0
7820,3,1,1,0
7821,4,1,1,0
7822,1,1,1,0
7823,2,1,1,0
7824,3,1,1,0
7825,1,1,1,0
7826,7,1,1,0
7827,1,1,1,0
7828,2,1,1,0
7829,4,1,1,0
7830,1,1,1,0
7831,2,1,1,0
7832,3,1,1,0
7833,1,1,1,0
7834,2,1,1,0
7835,1,1,1,0
7836,5,1,1,0
7837,5,1,1,0
7838,8,1,1,0
7839,1,1,1,0
7840,6,1,1,0
7841,3,1,1,0
7842,10,1,1,0
7843,2,1,1,0
7844,3,1,1,0
7845,1,1,1,0
7846,6,1,1,0
7847,7,1,1,0
7848,2,1,1,0
7849,3,1,1,0
7850,10,1,1,0
7851,1,1,1,0
7852,3,1,1,0
7853,2,1,1,0
7854,7,1,1,0
7855,3,1,1,0
7856,3,1,1,0
7857,8,1,1,0
7858,2,1,1,0
7859,5,1,1,0
7860,2,1,1,0
7861,3,1,1,0
7862,1,1,1,0
7863,2,1,1,0
7864,1,1,1,0
7865,1,1,1,0
7866,1,1,1,0
7867,5,1,1,0
7868,5,1,1,0
7869,3,1,1,0
7870,2,1,1,0
7871,4,1,1,0
7872,6,1,1,0
7873,6,1,1,0
7874,2,1,1,0
7875,1,1,1,0
7876,11,1,1,0
7877,4,1,1,0
7878,1,1,1,0
7879,6,1,1,0
7880,1,1,1,0
7881,7,1,1,0
7882,1,1,1,0
7883,2,1,1,0
7884,9,1,1,0
7885,3,1,1,0
7886,1,1,1,0
7887,3,1,1,0
7888,1,1,1,0
7889,1,1,1,0
7890,4,1,1,0
7891,10,1,1,0
7892,1,1,1,0
7893,3,1,1,0
7894,2,1,1,0
7895,5,1,1,0
7896,3,1,1,0
7897,1,1,1,0
7898,1,1,1,0
7899,5,1,1,0
7900,7,1,1,0
7901,1,1,1,0
7902,1,1,1,0
7903,3,1,1,0
7904,6,1,1,0
7905,4,1,1,0
7906,4,1,1,0
7907,2,1,1,0
7908,6,1,1,0
7909,1,1,1,0
7910,1,1,1,0
7911,2,1,1,0
7912,3,1,1,0
7913,1,1,1,0
7914,4,1,1,0
7915,5,1,1,0
7916,1,1,1,0
7917,1,1,1,0
7918,1,1,1,0
7919,4,1,1,0
7920,3,1,1,0
7921,1,1,1,0
7922,3,1,1,0
7923,1,1,1,0
7924,6,1,1,0
7925,3,1,1,0
7926,3,1,1,0
7927,10,1,1,0
7928,6,1,1,0
7929,3,1,1,0
7930,2,1,1,0
7931,3,1,1,0
7932,1,1,1,0
7933,1,1,1,0
7934,5,1,1,0
7935,3,1,1,0
7936,4,1,1,0
7937,4,1,1,0
7938,5,1,1,0
7939,1,1,1,0
7940,1,1,1,0
7941,3,1,1,0
7942,8,1,1,0
7943,9,1,1,0
7944,5,1,1,0
7945,5,1,1,0
7946,2,1,1,0
7947,5,1,1,0
7948,2,1,1,0
7949,5,1,1,0
7950,6,1,1,0
7951,6,1,1,0
7952,1,1,1,0
7953,2,1,1,0
7954,10,1,1,0
7955,7,1,1,0
7956,4,1,1,0
7957,2,1,1,0
7958,1,1,1,0
7959,4,1,1,0
7960,1,1,1,0
7961,2,1,1,0
7962,1,1,1,0
7963,2,1,1,0
7964,1,1,1,0
7965,3,1,1,0
7966,3,1,1,0
7967,5,1,1,0
7968,3,1,1,0
7969,7,1,1,0
7970,4,1,1,0
7971,2,1,1,0
7972,6,1,1,0
7973,2,1,1,0
7974,2,1,1,0
7975,2,1,1,0
7976,5,1,1,0
7977,2,1,1,0
7978,8,1,1,0
7979,3,1,1,0
7980,4,1,1,0
7981,5,1,1,0
7982,4,1,1,0
7983,2,1,1,0
7984,6,1,1,0
7985,3,1,1,0
7986,1,1,1,0
7987,2,1,1,0
7988,3,1,1,0
7989,5,1,1,0
7990,2,1,1,0
7991,10,1,1,0
7992,2,1,1,0
7993,3,1,1,0
7994,7,1,1,0
7995,1,1,1,0
7996,4,1,1,0
7997,3,1,1,0
7998,2,1,1,0
7999,2,1,1,0
8000,5,1,1,0
8001,6,1,1,0
8002,1,1,1,0
8003,2,1,1,0
8004,6,1,1,0
8005,5,1,1,0
8006,2,1,1,0
8007,3,1,1,0
8008,5,1,1,0
8009,2,1,1,0
8010,1,1,1,0
8011,6,1,1,0
8012,2,1,1,0
8013,4,1,1,0
8014,2,1,1,0
8015,10,1,1,0
8016,1,1,1,0
8017,1,1,1,0
8018,4,1,1,0
8019,3,1,1,0
8020,2,1,1,0
8021,6,1,1,0
8022,3,1,1,0
8023,3,1,1,0
8024,2,1,1,0
8025,2,1,1,0
8026,5,1,1,0
8027,8,1,1,0
8028,1,1,1,0
8029,2,1,1,0
8030,2,1,1,0
8031,9,1,1,0
8032,4,1,1,0
8033,8,1,1,0
8034,4,1,1,0
8035,4,1,1,0
8036,1,1,1,0
8037,5,1,1,0
8038,1,1,1,0
8039,5,1,1,0
8040,3,1,1,0
8041,1,1,1,0
8042,4,1,1,0
8043,2,1,1,0
8044,1,1,1,0
8045,1,1,1,0
8046,2,1,1,0
8047,2,1,1,0
8048,1,1,1,0
8049,1,1,1,0
8050,6,1,1,0
8051,3,1,1,0
8052,3,1,1,0
8053,2,1,1,0
8054,5,1,1,0
8055,8,1,1,0
8056,2,1,1,0
8057,5,1,1,0
8058,1,1,1,0
8059,1,1,1,0
8060,6,1,1,0
8061,3,1,1,0
8062,1,1,1,0
8063,2,1,1,0
8064,1,1,1,0
8065,10,1,1,0
8066,2,1,1,0
8067,6,1,1,0
8068,5,1,1,0
8069,1,1,1,0
8070,4,1,1,0
8071,3,1,1,0
8072,1,1,1,0
8073,4,1,1,0
8074,2,1,1,0
8075,2,1,1,0
8076,8,1,1,0
8077,8,1,1,0
8078,2,1,1,0
8079,1,1,1,0
8080,1,1,1,0
8081,3,1,1,0
8082,2,1,1,0
8083,4,1,1,0
8084,3,1,1,0
8085,10,1,1,0
8086,8,1,1,0
8087,4,1,1,0
8088,5,1,1,0
8089,4,1,1,0
8090,1,1,1,0
8091,1,1,1,0
8092,1,1,1,0
8093,4,1,1,0
8094,2,1,1,0
8095,1,1,1,0
8096,7,1,1,0
8097,3,1,1,0
8098,6,1,1,0
8099,2,1,1,0
8100,2,1,1,0
8101,3,1,1,0
8102,1,1,1,0
8103,2,1,1,0
8104,2,1,1,0
8105,1,1,1,0
8106,3,1,1,0
8107,1,1,1,0
8108,1,1,1,0
8109,3,1,1,0
8110,1,1,1,0
8111,13,1,1,0
8112,3,1,1,0
8113,8,1,1,0
8114,1,1,1,0
8115,2,1,1,0
8116,4,1,1,0
8117,2,1,1,0
8118,2,1,1,0
8119,4,1,1,0
8120,4,1,1,0
8121,2,1,1,0
8122,1,1,1,0
8123,4,1,1,0
8124,12,1,1,0
8125,4,1,1,0
8126,3,1,1,0
8127,7,1,1,0
8128,4,1,1,0
8129,9,1,1,0
8130,9,1,1,0
8131,4,1,1,0
8132,2,1,1,0
8133,3,1,1,0
8134,4,1,1,0
8135,12,1,1,0
8136,5,1,1,0
8137,1,1,1,0
8138,2,1,1,0
8139,5,1,1,0
8140,2,1,1,0
8141,7,1,1,0
8142,1,1,1,0
8143,7,1,1,0
8144,8,1,1,0
8145,3,1,1,0
8146,9,1,1,0
8147,6,1,1,0
8148,1,1,1,0
8149,2,1,1,0
8150,5,1,1,0
8151,2,1,1,0
8152,2,1,1,0
8153,4,1,1,0
8154,1,1,1,0
8155,3,1,1,0
8156,3,1,1,0
8157,2,1,1,0
8158,4,1,1,0
8159,11,1,1,0
8160,6,1,1,0
8161,4,1,1,0
8162,9,1,1,0
8163,3,1,1,0
8164,2,1,1,0
8165,3,1,1,0
8166,6,1,1,0
8167,8,1,1,0
8168,5,1,1,0
8169,2,1,1,0
8170,8,1,1,0
8171,6,1,1,0
8172,4,1,1,0
8173,1,1,1,0
8174,2,1,1,0
8175,1,1,1,0
8176,3,1,1,0
8177,6,1,1,0
8178,2,1,1,0
8179,2,1,1,0
8180,2,1,1,0
8181,5,1,1,0
8182,3,1,1,0
8183,1,1,1,0
8184,7,1,1,0
8185,3,1,1,0
8186,8,1,1,0
8187,6,1,1,0
8188,3,1,1,0
8189,1,1,1,0
8190,14,1,1,0
8191,10,1,1,0
8192,11,1,1,0
8193,1,1,1,0
8194,2,1,1,0
8195,4,1,1,0
8196,1,1,1,0
8197,2,1,1,0
8198,13,1,1,0
8199,3,1,1,0
8200,1,1,1,0
8201,4,1,1,0
8202,3,1,1,0
8203,2,1,1,0
8204,1,1,1,0
8205,8,1,1,0
8206,4,1,1,0
8207,1,1,1,0
8208,6,1,1,0
8209,9,1,1,0
8210,1,1,1,0
8211,9,1,1,0
8212,4,1,1,0
8213,13,1,1,0
8214,3,1,1,0
8215,3,1,1,0
8216,1,1,1,0
8217,2,1,1,0
8218,2,1,1,0
8219,6,1,1,0
8220,3,1,1,0
8221,9,1,1,0
8222,11,1,1,0
8223,1,1,1,0
8224,1,1,1,0
8225,1,1,1,0
8226,1,1,1,0
8227,1,1,1,0
8228,2,1,1,0
8229,4,1,1,0
8230,4,1,1,0
8231,9,1,1,0
8232,1,1,1,0
8233,2,1,1,0
8234,4,1,1,0
8235,4,1,1,0
8236,1,1,1,0
8237,2,1,1,0
8238,2,1,1,0
8239,12,1,1,0
8240,4,1,1,0
8241,5,1,1,0
8242,9,1,1,0
8243,2,1,1,0
8244,4,1,1,0
8245,3,1,1,0
8246,3,1,1,0
8247,2,1,1,0
8248,1,1,1,0
8249,5,1,1,0
8250,2,1,1,0
8251,1,1,1,0
8252,1,1,1,0
8253,2,1,1,0
8254,3,1,1,0
8255,1,1,1,0
8256,2,1,1,0
8257,3,1,1,0
8258,2,1,1,0
8259,4,1,1,0
8260,4,1,1,0
8261,2,1,1,0
8262,3,1,1,0
8263,2,1,1,0
8264,1,1,1,0
8265,1,1,1,0
8266,1,1,1,0
8267,3,1,1,0
8268,1,1,1,0
8269,3,1,1,0
8270,3,1,1,0
8271,4,1,1,0
8272,4,1,1,0
8273,6,1,1,0
8274,5,1,1,0
8275,7,1,1,0
8276,2,1,1,0
8277,7,1,1,0
8278,1,1,1,0
8279,9,1,1,0
8280,3,1,1,0
8281,10,1,1,0
8282,7,1,1,0
8283,7,1,1,0
8284,4,1,1,0
8285,5,1,1,0
8286,4,1,1,0
8287,1,1,1,0
8288,3,1,1,0
8289,11,1,1,0
8290,1,1,1,0
8291,4,1,1,0
8292,6,1,1,0
8293,3,1,1,0
8294,4,1,1,0
8295,1,1,1,0
8296,3,1,1,0
8297,3,1,1,0
8298,9,1,1,0
8299,1,1,1,0
8300,2,1,1,0
8301,8,1,1,0
8302,1,1,1,0
8303,2,1,1,0
8304,2,1,1,0
8305,2,1,1,0
8306,5,1,1,0
8307,7,1,1,0
8308,3,1,1,0
8309,4,1,1,0
8310,1,1,1,0
8311,3,1,1,0
8312,3,1,1,0
8313,3,1,1,0
8314,6,1,1,0
8315,6,1,1,0
8316,1,1,1,0
8317,1,1,1,0
8318,1,1,1,0
8319,1,1,1,0
8320,1,1,1,0
8321,6,1,1,0
8322,2,1,1,0
8323,7,1,1,0
8324,5,1,1,0
8325,7,1,1,0
8326,2,1,1,0
8327,4,1,1,0
8328,2,1,1,0
8329,4,1,1,0
8330,3,1,1,0
8331,3,1,1,0
8332,2,1,1,0
8333,1,1,1,0
8334,1,1,1,0
8335,3,1,1,0
8336,6,1,1,0
8337,3,1,1,0
8338,1,1,1,0
8339,3,1,1,0
8340,1,1,1,0
8341,5,1,1,0
8342,5,1,1,0
8343,2,1,1,0
8344,2,1,1,0
8345,2,1,1,0
8346,5,1,1,0
8347,2,1,1,0
8348,3,1,1,0
8349,1,1,1,0
8350,1,1,1,0
8351,1,1,1,0
8352,1,1,1,0
8353,13,1,1,0
8354,4,1,1,0
8355,2,1,1,0
8356,5,1,1,0
8357,4,1,1,0
8358,3,1,1,0
8359,1,1,1,0
8360,2,1,1,0
8361,3,1,1,0
8362,1,1,1,0
8363,5,1,1,0
8364,2,1,1,0
8365,1,1,1,0
8366,3,1,1,0
8367,4,1,1,0
8368,11,1,1,0
8369,2,1,1,0
8370,1,1,1,0
8371,3,1,1,0
8372,2,1,1,0
8373,1,1,1,0
8374,1,1,1,0
8375,6,1,1,0
8376,1,1,1,0
8377,2,1,1,0
8378,10,1,1,0
8379,1,1,1,0
8380,5,1,1,0
8381,10,1,1,0
8382,2,1,1,0
8383,1,1,1,0
8384,5,1,1,0
8385,6,1,1,0
8386,7,1,1,0
8387,3,1,1,0
8388,3,1,1,0
8389,6,1,1,0
8390,1,1,1,0
8391,2,1,1,0
8392,1,1,1,0
8393,3,1,1,0
8394,5,1,1,0
8395,1,1,1,0
8396,1,1,1,0
8397,1,1,1,0
8398,4,1,1,0
8399,4,1,1,0
8400,2,1,1,0
8401,5,1,1,0
8402,1,1,1,0
8403,1,1,1,0
8404,4,1,1,0
8405,6,1,1,0
8406,1,1,1,0
8407,1,1,1,0
8408,1,1,1,0
8409,9,1,1,0
8410,4,1,1,0
8411,4,1,1,0
8412,4,1,1,0
8413,1,1,1,0
8414,3,1,1,0
8415,5,1,1,0
8416,2,1,1,0
8417,4,1,1,0
8418,7,1,1,0
8419,4,1,1,0
8420,1,1,1,0
8421,3,1,1,0
8422,1,1,1,0
8423,1,1,1,0
8424,3,1,1,0
8425,3,1,1,0
8426,3,1,1,0
8427,2,1,1,0
8428,2,1,1,0
8429,3,1,1,0
8430,1,1,1,0
8431,4,1,1,0
8432,3,1,1,0
8433,4,1,1,0
8434,6,1,1,0
8435,4,1,1,0
8436,1,1,1,0
8437,1,1,1,0
8438,6,1,1,0
8439,9,1,1,0
8440,2,1,1,0
8441,1,1,1,0
8442,4,1,1,0
8443,3,1,1,0
8444,1,1,1,0
8445,2,1,1,0
8446,2,1,1,0
8447,5,1,1,0
8448,2,1,1,0
8449,1,1,1,0
8450,3,1,1,0
8451,3,1,1,0
8452,2,1,1,0
8453,1,1,1,0
8454,2,1,1,0
8455,2,1,1,0
8456,2,1,1,0
8457,3,1,1,0
8458,4,1,1,0
8459,3,1,1,0
8460,6,1,1,0
8461,2,1,1,0
8462,2,1,1,0
8463,1,1,1,0
8464,1,1,1,0
8465,4,1,1,0
8466,3,1,1,0
8467,2,1,1,0
8468,2,1,1,0
8469,2,1,1,0
8470,1,1,1,0
8471,3,1,1,0
8472,5,1,1,0
8473,1,1,1,0
8474,7,1,1,0
8475,8,1,1,0
8476,5,1,1,0
8477,1,1,1,0
8478,1,1,1,0
8479,1,1,1,0
8480,10,1,1,0
8481,1,1,1,0
8482,2,1,1,0
8483,3,1,1,0
8484,8,1,1,0
8485,4,1,1,0
8486,2,1,1,0
8487,1,1,1,0
8488,1,1,1,0
8489,4,1,1,0
8490,1,1,1,0
8491,6,1,1,0
8492,2,1,1,0
8493,1,1,1,0
8494,1,1,1,0
8495,1,1,1,0
8496,3,1,1,0
8497,1,1,1,0
8498,5,1,1,0
8499,1,1,1,0
8500,5,1,1,0
8501,1,1,1,0
8502,6,1,1,0
8503,6,1,1,0
8504,4,1,1,0
8505,9,1,1,0
8506,3,1,1,0
8507,2,1,1,0
8508,4,1,1,0
8509,7,1,1,0
8510,5,1,1,0
8511,1,1,1,0
8512,5,1,1,0
8513,3,1,1,0
8514,4,1,1,0
8515,8,1,1,0
8516,1,1,1,0
8517,3,1,1,0
8518,1,1,1,0
8519,4,1,1,0
8520,1,1,1,0
8521,1,1,1,0
8522,2,1,1,0
8523,1,1,1,0
8524,7,1,1,0
8525,10,1,1,0
8526,1,1,1,0
8527,4,1,1,0
8528,6,1,1,0
8529,1,1,1,0
8530,2,1,1,0
8531,4,1,1,0
8532,4,1,1,0
8533,2,1,1,0
8534,2,1,1,0
8535,4,1,1,0
8536,2,1,1,0
8537,4,1,1,0
8538,1,1,1,0
8539,1,1,1,0
8540,3,1,1,0
8541,1,1,1,0
8542,2,1,1,0
8543,5,1,1,0
8544,9,1,1,0
8545,3,1,1,0
8546,5,1,1,0
8547,3,1,1,0
8548,4,1,1,0
8549,3,1,1,0
8550,3,1,1,0
8551,2,1,1,0
8552,3,1,1,0
8553,1,1,1,0
8554,5,1,1,0
8555,4,1,1,0
8556,3,1,1,0
8557,3,1,1,0
8558,1,1,1,0
8559,1,1,1,0
8560,6,1,1,0
8561,4,1,1,0
8562,1,1,1,0
8563,1,1,1,0
8564,3,1,1,0
8565,1,1,1,0
8566,5,1,1,0
8567,4,1,1,0
8568,3,1,1,0
8569,1,1,1,0
8570,2,1,1,0
8571,5,1,1,0
8572,4,1,1,0
8573,2,1,1,0
8574,8,1,1,0
8575,1,1,1,0
8576,3,1,1,0
8577,2,1,1,0
8578,6,1,1,0
8579,5,1,1,0
8580,2,1,1,0
8581,2,1,1,0
8582,3,1,1,0
8583,1,1,1,0
8584,3,1,1,0
8585,1,1,1,0
8586,2,1,1,0
8587,2,1,1,0
8588,10,1,1,0
8589,3,1,1,0
8590,1,1,1,0
8591,7,1,1,0
8592,7,1,1,0
8593,5,1,1,0
8594,1,1,1,0
8595,6,1,1,0
8596,1,1,1,0
8597,4,1,1,0
8598,5,1,1,0
8599,8,1,1,0
8600,6,1,1,0
8601,1,1,1,0
8602,11,1,1,0
8603,5,1,1,0
8604,3,1,1,0
8605,5,1,1,0
8606,3,1,1,0
8607,1,1,1,0
8608,6,1,1,0
8609,7,1,1,0
8610,2,1,1,0
8611,3,1,1,0
8612,3,1,1,0
8613,1,1,1,0
8614,13,1,1,0
8615,5,1,1,0
8616,1,1,1,0
8617,1,1,1,0
8618,3,1,1,0
8619,4,1,1,0
8620,2,1,1,0
8621,2,1,1,0
8622,5,1,1,0
8623,1,1,1,0
8624,3,1,1,0
8625,4,1,1,0
8626,6,1,1,0
8627,9,1,1,0
8628,4,1,1,0
8629,1,1,1,0
8630,4,1,1,0
8631,5,1,1,0
8632,4,1,1,0
8633,9,1,1,0
8634,6,1,1,0
8635,1,1,1,0
8636,2,1,1,0
8637,1,1,1,0
8638,6,1,1,0
8639,3,1,1,0
8640,1,1,1,0
8641,3,1,1,0
8642,2,1,1,0
8643,4,1,1,0
8644,13,1,1,0
8645,6,1,1,0
8646,2,1,1,0
8647,1,1,1,0
8648,2,1,1,0
8649,6,1,1,0
8650,2,1,1,0
8651,11,1,1,0
8652,2,1,1,0
8653,4,1,1,0
8654,2,1,1,0
8655,2,1,1,0
8656,4,1,1,0
8657,5,1,1,0
8658,5,1,1,0
8659,3,1,1,0
8660,2,1,1,0
8661,2,1,1,0
8662,1,1,1,0
8663,1,1,1,0
8664,1,1,1,0
8665,1,1,1,0
8666,9,1,1,0
8667,2,1,1,0
8668,1,1,1,0
8669,2,1,1,0
8670,1,1,1,0
8671,4,1,1,0
8672,1,1,1,0
8673,4,1,1,0
8674,1,1,1,0
8675,9,1,1,0
8676,4,1,1,0
8677,1,1,1,0
8678,2,1,1,0
8679,5,1,1,0
8680,4,1,1,0
8681,12,1,1,0
8682,4,1,1,0
8683,2,1,1,0
8684,4,1,1,0
8685,1,1,1,0
8686,5,1,1,0
8687,2,1,1,0
8688,4,1,1,0
8689,3,1,1,0
8690,2,1,1,0
8691,3,1,1,0
8692,4,1,1,0
8693,1,1,1,0
8694,13,1,1,0
8695,4,1,1,0
8696,4,1,1,0
8697,2,1,1,0
8698,6,1,1,0
8699,2,1,1,0
8700,1,1,1,0
8701,7,1,1,0
8702,9,1,1,0
8703,2,1,1,0
8704,2,1,1,0
8705,1,1,1,0
8706,3,1,1,0
8707,2,1,1,0
8708,5,1,1,0
8709,4,1,1,0
8710,8,1,1,0
8711,7,1,1,0
8712,9,1,1,0
8713,1,1,1,0
8714,2,1,1,0
8715,4,1,1,0
8716,6,1,1,0
8717,1,1,1,0
8718,11,1,1,0
8719,3,1,1,0
8720,4,1,1,0
8721,2,1,1,0
8722,8,1,1,0
8723,4,1,1,0
8724,1,1,1,0
8725,8,1,1,0
8726,1,1,1,0
8727,5,1,1,0
8728,2,1,1,0
8729,1,1,1,0
8730,9,1,1,0
8731,5,1,1,0
8732,4,1,1,0
8733,7,1,1,0
8734,2,1,1,0
8735,4,1,1,0
8736,2,1,1,0
8737,4,1,1,0
8738,12,1,1,0
8739,3,1,1,0
8740,5,1,1,0
8741,7,1,1,0
8742,5,1,1,0
8743,6,1,1,0
8744,5,1,1,0
8745,6,1,1,0
8746,3,1,1,0
8747,3,1,1,0
8748,1,1,1,0
8749,2,1,1,0
8750,2,1,1,0
8751,3,1,1,0
8752,1,1,1,0
8753,7,1,1,0
8754,3,1,1,0
8755,2,1,1,0
8756,11,1,1,0
8757,1,1,1,0
8758,12,1,1,0
8759,1,1,1,0
8760,2,1,1,0
8761,2,1,1,0
8762,5,1,1,0
8763,1,1,1,0
8764,2,1,1,0
8765,2,1,1,0
8766,10,1,1,0
8767,1,1,1,0
8768,6,1,1,0
8769,3,1,1,0
8770,3,1,1,0
8771,2,1,1,0
8772,7,1,1,0
8773,2,1,1,0
8774,1,1,1,0
8775,2,1,1,0
8776,3,1,1,0
8777,4,1,1,0
8778,6,1,1,0
8779,4,1,1,0
8780,5,1,1,0
8781,2,1,1,0
8782,3,1,1,0
8783,2,1,1,0
8784,3,1,1,0
8785,2,1,1,0
8786,2,1,1,0
8787,5,1,1,0
8788,2,1,1,0
8789,2,1,1,0
8790,1,1,1,0
8791,6,1,1,0
8792,4,1,1,0
8793,2,1,1,0
8794,4,1,1,0
8795,1,1,1,0
8796,5,1,1,0
8797,3,1,1,0
8798,5,1,1,0
8799,5,1,1,0
8800,3,1,1,0
8801,3,1,1,0
8802,11,1,1,0
8803,7,1,1,0
8804,3,1,1,0
8805,7,1,1,0
8806,4,1,1,0
8807,1,1,1,0
8808,2,1,1,0
8809,2,1,1,0
8810,5,1,1,0
8811,2,1,1,0
8812,1,1,1,0
8813,2,1,1,0
8814,3,1,1,0
8815,6,1,1,0
8816,7,1,1,0
8817,4,1,1,0
8818,2,1,1,0
8819,1,1,1,0
8820,2,1,1,0
8821,1,1,1,0
8822,4,1,1,0
8823,3,1,1,0
8824,1,1,1,0
8825,3,1,1,0
8826,3,1,1,0
8827,4,1,1,0
8828,4,1,1,0
8829,10,1,1,0
8830,7,1,1,0
8831,1,1,1,0
8832,2,1,1,0
8833,1,1,1,0
8834,1,1,1,0
8835,3,1,1,0
8836,5,1,1,0
8837,4,1,1,0
8838,4,1,1,0
8839,2,1,1,0
8840,1,1,1,0
8841,2,1,1,0
8842,1,1,1,0
8843,3,1,1,0
8844,3,1,1,0
8845,3,1,1,0
8846,1,1,1,0
8847,3,1,1,0
8848,8,1,1,0
8849,8,1,1,0
8850,1,1,1,0
8851,3,1,1,0
8852,4,1,1,0
8853,9,1,1,0
8854,1,1,1,0
8855,13,1,1,0
8856,2,1,1,0
8857,7,1,1,0
8858,5,1,1,0
8859,1,1,1,0
8860,3,1,1,0
8861,3,1,1,0
8862,5,1,1,0
8863,2,1,1,0
8864,12,1,1,0
8865,5,1,1,0
8866,3,1,1,0
8867,7,1,1,0
8868,3,1,1,0
8869,4,1,1,0
8870,2,1,1,0
8871,4,1,1,0
8872,1,1,1,0
8873,1,1,1,0
8874,3,1,1,0
8875,2,1,1,0
8876,1,1,1,0
8877,2,1,1,0
8878,1,1,1,0
8879,7,1,1,0
8880,2,1,1,0
8881,5,1,1,0
8882,3,1,1,0
8883,16,1,1,0
8884,5,1,1,0
8885,1,1,1,0
8886,2,1,1,0
8887,1,1,1,0
8888,2,1,1,0
8889,3,1,1,0
8890,3,1,1,0
8891,2,1,1,0
8892,3,1,1,0
8893,6,1,1,0
8894,3,1,1,0
8895,1,1,1,0
8896,1,1,1,0
8897,6,1,1,0
8898,6,1,1,0
8899,2,1,1,0
8900,1,1,1,0
8901,1,1,1,0
8902,2,1,1,0
8903,3,1,1,0
8904,6,1,1,0
8905,1,1,1,0
8906,3,1,1,0
8907,5,1,1,0
8908,6,1,1,0
8909,2,1,1,0
8910,4,1,1,0
8911,3,1,1,0
8912,3,1,1,0
8913,5,1,1,0
8914,2,1,1,0
8915,6,1,1,0
8916,4,1,1,0
8917,1,1,1,0
8918,9,1,1,0
8919,6,1,1,0
8920,2,1,1,0
8921,3,1,1,0
8922,1,1,1,0
8923,3,1,1,0
8924,2,1,1,0
8925,9,1,1,0
8926,4,1,1,0
8927,5,1,1,0
8928,5,1,1,0
8929,4,1,1,0
8930,7,1,1,0
8931,2,1,1,0
8932,3,1,1,0
8933,1,1,1,0
8934,4,1,1,0
8935,1,1,1,0
8936,5,1,1,0
8937,9,1,1,0
8938,2,1,1,0
8939,10,1,1,0
8940,3,1,1,0
8941,5,1,1,0
8942,4,1,1,0
8943,1,1,1,0
8944,3,1,1,0
8945,1,1,1,0
8946,11,1,1,0
8947,4,1,1,0
8948,2,1,1,0
8949,4,1,1,0
8950,1,1,1,0
8951,7,1,1,0
8952,8,1,1,0
8953,3,1,1,0
8954,3,1,1,0
8955,1,1,1,0
8956,1,1,1,0
8957,5,1,1,0
8958,4,1,1,0
8959,1,1,1,0
8960,3,1,1,0
8961,3,1,1,0
8962,8,1,1,0
8963,22,1,1,0
8964,1,1,1,0
8965,3,1,1,0
8966,3,1,1,0
8967,1,1,1,0
8968,1,1,1,0
8969,3,1,1,0
8970,10,1,1,0
8971,1,1,1,0
8972,3,1,1,0
8973,2,1,1,0
8974,1,1,1,0
8975,5,1,1,0
8976,4,1,1,0
8977,4,1,1,0
8978,2,1,1,0
8979,6,1,1,0
8980,1,1,1,0
8981,1,1,1,0
8982,6,1,1,0
8983,3,1,1,0
8984,1,1,1,0
8985,3,1,1,0
8986,5,1,1,0
8987,8,1,1,0
8988,2,1,1,0
8989,4,1,1,0
8990,2,1,1,0
8991,3,1,1,0
8992,3,1,1,0
8993,4,1,1,0
8994,3,1,1,0
8995,1,1,1,0
8996,1,1,1,0
8997,1,1,1,0
8998,5,1,1,0
8999,3,1,1,0
9000,5,1,1,0
9001,3,1,1,0
9002,4,1,1,0
9003,5,1,1,0
9004,2,1,1,0
9005,3,1,1,0
9006,1,1,1,0
9007,2,1,1,0
9008,1,1,1,0
9009,3,1,1,0
9010,1,1,1,0
9011,10,1,1,0
9012,3,1,1,0
9013,1,1,1,0
9014,5,1,1,0
9015,7,1,1,0
9016,3,1,1,0
9017,6,1,1,0
9018,8,1,1,0
9019,6,1,1,0
9020,4,1,1,0
9021,2,1,1,0
9022,1,1,1,0
9023,1,1,1,0
9024,7,1,1,0
9025,3,1,1,0
9026,4,1,1,0
9027,9,1,1,0
9028,1,1,1,0
9029,4,1,1,0
9030,1,1,1,0
9031,3,1,1,0
9032,3,1,1,0
9033,1,1,1,0
9034,2,1,1,0
9035,3,1,1,0
9036,2,1,1,0
9037,5,1,1,0
9038,13,1,1,0
9039,4,1,1,0
9040,6,1,1,0
9041,5,1,1,0
9042,3,1,1,0
9043,3,1,1,0
9044,1,1,1,0
9045,5,1,1,0
9046,1,1,1,0
9047,5,1,1,0
9048,1,1,1,0
9049,5,1,1,0
9050,12,1,1,0
9051,1,1,1,0
9052,1,1,1,0
9053,4,1,1,0
9054,5,1,1,0
9055,2,1,1,0
9056,1,1,1,0
9057,2,1,1,0
9058,2,1,1,0
9059,4,1,1,0
9060,2,1,1,0
9061,3,1,1,0
9062,1,1,1,0
9063,1,1,1,0
9064,3,1,1,0
9065,3,1,1,0
9066,2,1,1,0
9067,1,1,1,0
9068,4,1,1,0
9069,2,1,1,0
9070,3,1,1,0
9071,1,1,1,0
9072,9,1,1,0
9073,3,1,1,0
9074,6,1,1,0
9075,1,1,1,0
9076,1,1,1,0
9077,2,1,1,0
9078,3,1,1,0
9079,3,1,1,0
9080,2,1,1,0
9081,5,1,1,0
9082,1,1,1,0
9083,1,1,1,0
9084,7,1,1,0
9085,7,1,1,0
9086,6,1,1,0
9087,5,1,1,0
9088,12,1,1,0
9089,5,1,1,0
9090,2,1,1,0
9091,8,1,1,0
9092,1,1,1,0
9093,3,1,1,0
9094,3,1,1,0
9095,4,1,1,0
9096,3,1,1,0
9097,4,1,1,0
9098,10,1,1,0
9099,3,1,1,0
9100,3,1,1,0
9101,3,1,1,0
9102,8,1,1,0
9103,2,1,1,0
9104,6,1,1,0
9105,2,1,1,0
9106,2,1,1,0
9107,2,1,1,0
9108,1,1,1,0
9109,2,1,1,0
9110,3,1,1,0
9111,3,1,1,0
9112,3,1,1,0
9113,3,1,1,0
9114,2,1,1,0
9115,4,1,1,0
9116,5,1,1,0
9117,1,1,1,0
9118,4,1,1,0
9119,5,1,1,0
9120,1,1,1,0
9121,2,1,1,0
9122,4,1,1,0
9123,1,1,1,0
9124,3,1,1,0
9125,1,1,1,0
9126,6,1,1,0
9127,2,1,1,0
9128,8,1,1,0
9129,5,1,1,0
9130,2,1,1,0
9131,1,1,1,0
9132,6,1,1,0
9133,1,1,1,0
9134,1,1,1,0
9135,9,1,1,0
9136,1,1,1,0
9137,1,1,1,0
9138,5,1,1,0
9139,6,1,1,0
9140,7,1,1,0
9141,5,1,1,0
9142,8,1,1,0
9143,2,1,1,0
9144,2,1,1,0
9145,5,1,1,0
9146,3,1,1,0
9147,1,1,1,0
9148,3,1,1,0
9149,5,1,1,0
9150,4,1,1,0
9151,13,1,1,0
9152,3,1,1,0
9153,3,1,1,0
9154,6,1,1,0
9155,3,1,1,0
9156,1,1,1,0
9157,3,1,1,0
9158,1,1,1,0
9159,9,1,1,0
9160,2,1,1,0
9161,4,1,1,0
9162,2,1,1,0
9163,3,1,1,0
9164,17,1,1,0
9165,4,1,1,0
9166,2,1,1,0
9167,1,1,1,0
9168,1,1,1,0
9169,4,1,1,0
9170,2,1,1,0
9171,1,1,1,0
9172,3,1,1,0
9173,5,1,1,0
9174,2,1,1,0
9175,3,1,1,0
9176,6,1,1,0
9177,1,1,1,0
9178,1,1,1,0
9179,5,1,1,0
9180,1,1,1,0
9181,4,1,1,0
9182,3,1,1,0
9183,1,1,1,0
9184,1,1,1,0
9185,2,1,1,0
9186,1,1,1,0
9187,4,1,1,0
9188,1,1,1,0
9189,2,1,1,0
9190,1,1,1,0
9191,4,1,1,0
9192,2,1,1,0
9193,6,1,1,0
9194,7,1,1,0
9195,7,1,1,0
9196,6,1,1,0
9197,1,1,1,0
9198,2,1,1,0
9199,8,1,1,0
9200,6,1,1,0
9201,3,1,1,0
9202,1,1,1,0
9203,4,1,1,0
9204,1,1,1,0
9205,5,1,1,0
9206,1,1,1,0
9207,4,1,1,0
9208,5,1,1,0
9209,3,1,1,0
9210,1,1,1,0
9211,1,1,1,0
9212,6,1,1,0
9213,6,1,1,0
9214,15,1,1,0
9215,1,1,1,0
9216,2,1,1,0
9217,1,1,1,0
9218,7,1,1,0
9219,6,1,1,0
9220,4,1,1,0
9221,2,1,1,0
9222,3,1,1,0
9223,10,1,1,0
9224,1,1,1,0
9225,5,1,1,0
9226,1,1,1,0
9227,3,1,1,0
9228,3,1,1,0
9229,3,1,1,0
9230,4,1,1,0
9231,4,1,1,0
9232,1,1,1,0
9233,2,1,1,0
9234,1,1,1,0
9235,6,1,1,0
9236,12,1,1,0
9237,2,1,1,0
9238,6,1,1,0
9239,5,1,1,0
9240,2,1,1,0
9241,2,1,1,0
9242,5,1,1,0
9243,2,1,1,0
9244,5,1,1,0
9245,2,1,1,0
9246,1,1,1,0
9247,2,1,1,0
9248,2,1,1,0
9249,5,1,1,0
9250,11,1,1,0
9251,1,1,1,0
9252,3,1,1,0
9253,4,1,1,0
9254,2,1,1,0
9255,7,1,1,0
9256,3,1,1,0
9257,6,1,1,0
9258,5,1,1,0
9259,6,1,1,0
9260,3,1,1,0
9261,6,1,1,0
9262,12,1,1,0
9263,1,1,1,0
9264,2,1,1,0
9265,13,1,1,0
9266,1,1,1,0
9267,2,1,1,0
9268,1,1,1,0
9269,1,1,1,0
9270,7,1,1,0
9271,5,1,1,0
9272,6,1,1,0
9273,3,1,1,0
9274,2,1,1,0
9275,1,1,1,0
9276,4,1,1,0
9277,3,1,1,0
9278,6,1,1,0
9279,3,1,1,0
9280,1,1,1,0
9281,7,1,1,0
9282,4,1,1,0
9283,1,1,1,0
9284,3,1,1,0
9285,9,1,1,0
9286,2,1,1,0
9287,1,1,1,0
9288,3,1,1,0
9289,4,1,1,0
9290,3,1,1,0
9291,5,1,1,0
9292,2,1,1,0
9293,3,1,1,0
9294,5,1,1,0
9295,1,1,1,0
9296,5,1,1,0
9297,3,1,1,0
9298,2,1,1,0
9299,7,1,1,0
9300,3,1,1,0
9301,1,1,1,0
9302,2,1,1,0
9303,4,1,1,0
9304,9,1,1,0
9305,2,1,1,0
9306,2,1,1,0
9307,2,1,1,0
9308,2,1,1,0
9309,2,1,1,0
9310,6,1,1,0
9311,1,1,1,0
9312,1,1,1,0
9313,2,1,1,0
9314,9,1,1,0
9315,3,1,1,0
9316,1,1,1,0
9317,9,1,1,0
9318,3,1,1,0
9319,2,1,1,0
9320,3,1,1,0
9321,5,1,1,0
9322,5,1,1,0
9323,1,1,1,0
9324,2,1,1,0
9325,1,1,1,0
9326,2,1,1,0
9327,5,1,1,0
9328,2,1,1,0
9329,2,1,1,0
9330,3,1,1,0
9331,3,1,1,0
9332,1,1,1,0
9333,6,1,1,0
9334,2,1,1,0
9335,1,1,1,0
9336,1,1,1,0
9337,4,1,1,0
9338,2,1,1,0
9339,7,1,1,0
9340,2,1,1,0
9341,1,1,1,0
9342,3,1,1,0
9343,2,1,1,0
9344,3,1,1,0
9345,1,1,1,0
9346,8,1,1,0
9347,3,1,1,0
9348,2,1,1,0
9349,2,1,1,0
9350,3,1,1,0
9351,1,1,1,0
9352,6,1,1,0
9353,1,1,1,0
9354,3,1,1,0
9355,6,1,1,0
9356,8,1,1,0
9357,2,1,1,0
9358,1,1,1,0
9359,3,1,1,0
9360,1,1,1,0
9361,1,1,1,0
9362,2,1,1,0
9363,4,1,1,0
9364,1,1,1,0
9365,6,1,1,0
9366,2,1,1,0
9367,4,1,1,0
9368,6,1,1,0
9369,6,1,1,0
9370,2,1,1,0
9371,5,1,1,0
9372,7,1,1,0
9373,2,1,1,0
9374,4,1,1,0
9375,1,1,1,0
9376,3,1,1,0
9377,7,1,1,0
9378,1,1,1,0
9379,1,1,1,0
9380,3,1,1,0
9381,4,1,1,0
9382,4,1,1,0
9383,4,1,1,0
9384,2,1,1,0
9385,10,1,1,0
9386,5,1,1,0
9387,2,1,1,0
9388,4,1,1,0
9389,3,1,1,0
9390,2,1,1,0
9391,5,1,1,0
9392,1,1,1,0
9393,6,1,1,0
9394,2,1,1,0
9395,1,1,1,0
9396,4,1,1,0
9397,3,1,1,0
9398,1,1,1,0
9399,10,1,1,0
9400,5,1,1,0
9401,6,1,1,0
9402,1,1,1,0
9403,1,1,1,0
9404,1,1,1,0
9405,1,1,1,0
9406,7,1,1,0
9407,1,1,1,0
9408,3,1,1,0
9409,4,1,1,0
9410,4,1,1,0
9411,3,1,1,0
9412,4,1,1,0
9413,2,1,1,0
9414,4,1,1,0
9415,2,1,1,0
9416,4,1,1,0
9417,2,1,1,0
9418,1,1,1,0
9419,9,1,1,0
9420,5,1,1,0
9421,4,1,1,0
9422,2,1,1,0
9423,15,1,1,0
9424,5,1,1,0
9425,6,1,1,0
9426,3,1,1,0
9427,6,1,1,0
9428,2,1,1,0
9429,3,1,1,0
9430,2,1,1,0
9431,2,1,1,0
9432,10,1,1,0
9433,3,1,1,0
9434,3,1,1,0
9435,1,1,1,0
9436,4,1,1,0
9437,7,1,1,0
9438,10,1,1,0
9439,2,1,1,0
9440,1,1,1,0
9441,4,1,1,0
9442,4,1,1,0
9443,2,1,1,0
9444,1,1,1,0
9445,3,1,1,0
9446,1,1,1,0
9447,8,1,1,0
9448,14,1,1,0
9449,2,1,1,0
9450,1,1,1,0
9451,6,1,1,0
9452,9,1,1,0
9453,4,1,1,0
9454,2,1,1,0
9455,4,1,1,0
9456,4,1,1,0
9457,2,1,1,0
9458,2,1,1,0
9459,5,1,1,0
9460,4,1,1,0
9461,4,1,1,0
9462,1,1,1,0
9463,1,1,1,0
9464,5,1,1,0
9465,1,1,1,0
9466,5,1,1,0
9467,4,1,1,0
9468,3,1,1,0
9469,3,1,1,0
9470,2,1,1,0
9471,2,1,1,0
9472,2,1,1,0
9473,10,1,1,0
9474,7,1,1,0
9475,7,1,1,0
9476,14,1,1,0
9477,1,1,1,0
9478,3,1,1,0
9479,1,1,1,0
9480,2,1,1,0
9481,2,1,1,0
9482,4,1,1,0
9483,2,1,1,0
9484,8,1,1,0
9485,1,1,1,0
9486,2,1,1,0
9487,4,1,1,0
9488,6,1,1,0
9489,4,1,1,0
9490,4,1,1,0
9491,2,1,1,0
9492,1,1,1,0
9493,3,1,1,0
9494,2,1,1,0
9495,5,1,1,0
9496,3,1,1,0
9497,5,1,1,0
9498,7,1,1,0
9499,4,1,1,0
9500,2,1,1,0
9501,4,1,1,0
9502,5,1,1,0
9503,1,1,1,0
9504,9,1,1,0
9505,1,1,1,0
9506,3,1,1,0
9507,3,1,1,0
9508,7,1,1,0
9509,6,1,1,0
9510,11,1,1,0
9511,2,1,1,0
9512,2,1,1,0
9513,1,1,1,0
9514,8,1,1,0
9515,7,1,1,0
9516,3,1,1,0
9517,1,1,1,0
9518,1,1,1,0
9519,3,1,1,0
9520,3,1,1,0
9521,6,1,1,0
9522,8,1,1,0
9523,4,1,1,0
9524,2,1,1,0
9525,9,1,1,0
9526,4,1,1,0
9527,3,1,1,0
9528,6,1,1,0
9529,17,1,1,0
9530,4,1,1,0
9531,6,1,1,0
9532,1,1,1,0
9533,4,1,1,0
9534,4,1,1,0
9535,3,1,1,0
9536,5,1,1,0
9537,2,1,1,0
9538,2,1,1,0
9539,3,1,1,0
9540,9,1,1,0
9541,3,1,1,0
9542,2,1,1,0
9543,2,1,1,0
9544,1,1,1,0
9545,5,1,1,0
9546,13,1,1,0
9547,1,1,1,0
9548,5,1,1,0
9549,3,1,1,0
9550,3,1,1,0
9551,2,1,1,0
9552,4,1,1,0
9553,3,1,1,0
9554,2,1,1,0
9555,7,1,1,0
9556,2,1,1,0
9557,2,1,1,0
9558,1,1,1,0
9559,4,1,1,0
9560,3,1,1,0
9561,1,1,1,0
9562,7,1,1,0
9563,2,1,1,0
9564,3,1,1,0
9565,1,1,1,0
9566,5,1,1,0
9567,2,1,1,0
9568,3,1,1,0
9569,5,1,1,0
9570,1,1,1,0
9571,2,1,1,0
9572,3,1,1,0
9573,3,1,1,0
9574,3,1,1,0
9575,1,1,1,0
9576,4,1,1,0
9577,3,1,1,0
9578,4,1,1,0
9579,5,1,1,0
9580,1,1,1,0
9581,15,1,1,0
9582,3,1,1,0
9583,3,1,1,0
9584,1,1,1,0
9585,4,1,1,0
9586,4,1,1,0
9587,2,1,1,0
9588,1,1,1,0
9589,5,1,1,0
9590,2,1,1,0
9591,2,1,1,0
9592,2,1,1,0
9593,2,1,1,0
9594,6,1,1,0
9595,1,1,1,0
9596,2,1,1,0
9597,3,1,1,0
9598,3,1,1,0
9599,2,1,1,0
9600,2,1,1,0
9601,4,1,1,0
9602,1,1,1,0
9603,4,1,1,0
9604,4,1,1,0
9605,1,1,1,0
9606,3,1,1,0
9607,1,1,1,0
9608,10,1,1,0
9609,3,1,1,0
9610,3,1,1,0
9611,3,1,1,0
9612,1,1,1,0
9613,1,1,1,0
9614,8,1,1,0
9615,2,1,1,0
9616,4,1,1,0
9617,2,1,1,0
9618,6,1,1,0
9619,1,1,1,0
9620,3,1,1,0
9621,4,1,1,0
9622,4,1,1,0
9623,1,1,1,0
9624,4,1,1,0
9625,4,1,1,0
9626,4,1,1,0
9627,4,1,1,0
9628,1,1,1,0
9629,1,1,1,0
9630,2,1,1,0
9631,1,1,1,0
9632,1,1,1,0
9633,1,1,1,0
9634,11,1,1,0
9635,3,1,1,0
9636,1,1,1,0
9637,4,1,1,0
9638,1,1,1,0
9639,3,1,1,0
9640,2,1,1,0
9641,2,1,1,0
9642,9,1,1,0
9643,16,1,1,0
9644,1,1,1,0
9645,6,1,1,0
9646,3,1,1,0
9647,6,1,1,0
9648,1,1,1,0
9649,1,1,1,0
9650,1,1,1,0
9651,2,1,1,0
9652,1,1,1,0
9653,1,1,1,0
9654,15,1,1,0
9655,3,1,1,0
9656,14,1,1,0
9657,2,1,1,0
9658,2,1,1,0
9659,4,1,1,0
9660,3,1,1,0
9661,1,1,1,0
9662,2,1,1,0
9663,3,1,1,0
9664,1,1,1,0
9665,4,1,1,0
9666,4,1,1,0
9667,3,1,1,0
9668,8,1,1,0
9669,1,1,1,0
9670,1,1,1,0
9671,4,1,1,0
9672,8,1,1,0
9673,5,1,1,0
9674,1,1,1,0
9675,6,1,1,0
9676,1,1,1,0
9677,7,1,1,0
9678,1,1,1,0
9679,3,1,1,0
9680,1,1,1,0
9681,2,1,1,0
9682,1,1,1,0
9683,1,1,1,0
9684,2,1,1,0
9685,4,1,1,0
9686,5,1,1,0
9687,3,1,1,0
9688,4,1,1,0
9689,6,1,1,0
9690,1,1,1,0
9691,3,1,1,0
9692,2,1,1,0
9693,2,1,1,0
9694,7,1,1,0
9695,1,1,1,0
9696,5,1,1,0
9697,1,1,1,0
9698,1,1,1,0
9699,1,1,1,0
9700,5,1,1,0
9701,1,1,1,0
9702,4,1,1,0
9703,2,1,1,0
9704,1,1,1,0
9705,3,1,1,0
9706,4,1,1,0
9707,1,1,1,0
9708,4,1,1,0
9709,4,1,1,0
9710,2,1,1,0
9711,8,1,1,0
9712,2,1,1,0
9713,7,1,1,0
9714,5,1,1,0
9715,2,1,1,0
9716,5,1,1,0
9717,2,1,1,0
9718,2,1,1,0
9719,5,1,1,0
9720,2,1,1,0
9721,2,1,1,0
9722,3,1,1,0
9723,1,1,1,0
9724,4,1,1,0
9725,3,1,1,0
9726,1,1,1,0
9727,4,1,1,0
9728,3,1,1,0
9729,4,1,1,0
9730,6,1,1,0
9731,7,1,1,0
9732,1,1,1,0
9733,1,1,1,0
9734,4,1,1,0
9735,2,1,1,0
9736,2,1,1,0
9737,3,1,1,0
9738,4,1,1,0
9739,2,1,1,0
9740,1,1,1,0
9741,9,1,1,0
9742,2,1,1,0
9743,4,1,1,0
9744,3,1,1,0
9745,3,1,1,0
9746,3,1,1,0
9747,1,1,1,0
9748,5,1,1,0
9749,1,1,1,0
9750,4,1,1,0
9751,1,1,1,0
9752,2,1,1,0
9753,5,1,1,0
9754,1,1,1,0
9755,5,1,1,0
9756,6,1,1,0
9757,4,1,1,0
9758,1,1,1,0
9759,3,1,1,0
9760,3,1,1,0
9761,2,1,1,0
9762,2,1,1,0
9763,7,1,1,0
9764,2,1,1,0
9765,6,1,1,0
9766,5,1,1,0
9767,3,1,1,0
9768,5,1,1,0
9769,4,1,1,0
9770,5,1,1,0
9771,2,1,1,0
9772,3,1,1,0
9773,2,1,1,0
9774,2,1,1,0
9775,4,1,1,0
9776,3,1,1,0
9777,6,1,1,0
9778,2,1,1,0
9779,1,1,1,0
9780,3,1,1,0
9781,3,1,1,0
9782,4,1,1,0
9783,2,1,1,0
9784,7,1,1,0
9785,3,1,1,0
9786,3,1,1,0
9787,3,1,1,0
9788,6,1,1,0
9789,2,1,1,0
9790,2,1,1,0
9791,5,1,1,0
9792,3,1,1,0
9793,6,1,1,0
9794,2,1,1,0
9795,6,1,1,0
9796,2,1,1,0
9797,1,1,1,0
9798,3,1,1,0
9799,2,1,1,0
9800,1,1,1,0
9801,7,1,1,0
9802,3,1,1,0
9803,3,1,1,0
9804,2,1,1,0
9805,1,1,1,0
9806,3,1,1,0
9807,7,1,1,0
9808,6,1,1,0
9809,2,1,1,0
9810,7,1,1,0
9811,1,1,1,0
9812,4,1,1,0
9813,3,1,1,0
9814,2,1,1,0
9815,3,1,1,0
9816,1,1,1,0
9817,8,1,1,0
9818,2,1,1,0
9819,4,1,1,0
9820,1,1,1,0
9821,1,1,1,0
9822,9,1,1,0
9823,3,1,1,0
9824,3,1,1,0
9825,3,1,1,0
9826,3,1,1,0
9827,4,1,1,0
9828,4,1,1,0
9829,2,1,1,0
9830,1,1,1,0
9831,2,1,1,0
9832,8,1,1,0
9833,6,1,1,0
9834,2,1,1,0
9835,6,1,1,0
9836,1,1,1,0
9837,1,1,1,0
9838,6,1,1,0
9839,5,1,1,0
9840,3,1,1,0
9841,1,1,1,0
9842,6,1,1,0
9843,5,1,1,0
9844,9,1,1,0
9845,3,1,1,0
9846,2,1,1,0
9847,7,1,1,0
9848,1,1,1,0
9849,2,1,1,0
9850,2,1,1,0
9851,4,1,1,0
9852,3,1,1,0
9853,3,1,1,0
9854,4,1,1,0
9855,3,1,1,0
9856,3,1,1,0
9857,1,1,1,0
9858,1,1,1,0
9859,1,1,1,0
9860,3,1,1,0
9861,1,1,1,0
9862,3,1,1,0
9863,6,1,1,0
9864,6,1,1,0
9865,6,1,1,0
9866,1,1,1,0
9867,3,1,1,0
9868,8,1,1,0
9869,2,1,1,0
9870,3,1,1,0
9871,3,1,1,0
9872,1,1,1,0
9873,3,1,1,0
9874,10,1,1,0
9875,10,1,1,0
9876,1,1,1,0
9877,1,1,1,0
9878,1,1,1,0
9879,1,1,1,0
9880,10,1,1,0
9881,8,1,1,0
9882,5,1,1,0
9883,5,1,1,0
9884,1,1,1,0
9885,2,1,1,0
9886,5,1,1,0
9887,1,1,1,0
9888,1,1,1,0
9889,1,1,1,0
9890,2,1,1,0
9891,2,1,1,0
9892,1,1,1,0
9893,2,1,1,0
9894,1,1,1,0
9895,3,1,1,0
9896,1,1,1,0
9897,5,1,1,0
9898,3,1,1,0
9899,5,1,1,0
9900,2,1,1,0
9901,1,1,1,0
9902,6,1,1,0
9903,10,1,1,0
9904,1,1,1,0
9905,3,1,1,0
9906,2,1,1,0
9907,1,1,1,0
9908,15,1,1,0
9909,2,1,1,0
9910,4,1,1,0
9911,1,1,1,0
9912,4,1,1,0
9913,7,1,1,0
9914,2,1,1,0
9915,1,1,1,0
9916,6,1,1,0
9917,1,1,1,0
9918,1,1,1,0
9919,1,1,1,0
9920,2,1,1,0
9921,1,1,1,0
9922,2,1,1,0
9923,2,1,1,0
9924,3,1,1,0
9925,4,1,1,0
9926,2,1,1,0
9927,1,1,1,0
9928,2,1,1,0
9929,3,1,1,0
9930,1,1,1,0
9931,5,1,1,0
9932,3,1,1,0
9933,3,1,1,0
9934,3,1,1,0
9935,1,1,1,0
9936,4,1,1,0
9937,7,1,1,0
9938,3,1,1,0
9939,1,1,1,0
9940,1,1,1,0
9941,1,1,1,0
9942,1,1,1,0
9943,3,1,1,0
9944,1,1,1,0
9945,1,1,1,0
9946,1,1,1,0
9947,4,1,1,0
9948,5,1,1,0
9949,2,1,1,0
9950,1,1,1,0
9951,1,1,1,0
9952,4,1,1,0
9953,3,1,1,0
9954,1,1,1,0
9955,5,1,1,0
9956,3,1,1,0
9957,7,1,1,0
9958,1,1,1,0
9959,1,1,1,0
9960,1,1,1,0
9961,5,1,1,0
9962,6,1,1,0
9963,3,1,1,0
9964,3,1,1,0
9965,9,1,1,0
9966,9,1,1,0
9967,1,1,1,0
9968,12,1,1,0
9969,6,1,1,0
9970,7,1,1,0
9971,5,1,1,0
9972,2,1,1,0
9973,6,1,1,0
9974,7,1,1,0
9975,3,1,1,0
9976,3,1,1,0
9977,4,1,1,0
9978,9,1,1,0
9979,1,1,1,0
9980,6,1,1,0
9981,4,1,1,0
9982,1,1,1,0
9983,1,1,1,0
9984,1,1,1,0
9985,3,1,1,0
9986,1,1,1,0
9987,3,1,1,0
9988,1,1,1,0
9989,1,1,1,0
9990,5,1,1,0
9991,1,1,1,0
9992,5,1,1,0
9993,9,1,1,0
9994,5,1,1,0
9995,2,1,1,0
9996,5,1,1,0
9997,2,1,1,0
9998,5,1,1,0
9999,4,1,1,0
