trial,final_step,trapped,contact_dead,boundary_dead
0,4,1,1,0
1,5,1,1,0
2,3,1,1,0
3,8,1,1,0
4,6,1,1,0
5,10,1,1,0
6,7,1,1,0
7,7,1,1,0
8,3,1,1,0
9,2,1,1,0
10,10,1,1,0
11,2,1,1,0
12,2,1,1,0
13,6,1,1,0
14,11,1,1,0
15,1,1,1,0
16,1,1,1,0
17,4,1,1,0
18,1,1,1,0
19,7,1,1,0
20,4,1,1,0
21,3,1,1,0
22,9,1,1,0
23,1,1,1,0
24,5,1,1,0
25,10,1,1,0
26,6,1,1,0
27,2,1,1,0
28,1,1,1,0
29,2,1,1,0
30,7,1,1,0
31,5,1,1,0
32,2,1,1,0
33,1,1,1,0
34,3,1,1,0
35,3,1,1,0
36,5,1,1,0
37,7,1,1,0
38,11,1,1,0
39,5,1,1,0
40,3,1,1,0
41,5,1,1,0
42,6,1,1,0
43,12,1,1,0
44,1,1,1,0
45,3,1,1,0
46,2,1,1,0
47,2,1,1,0
48,1,1,1,0
49,1,1,1,0
50,2,1,1,0
51,2,1,1,0
52,7,1,1,0
53,5,1,1,0
54,1,1,1,0
55,3,1,1,0
56,6,1,1,0
57,4,1,1,0
58,4,1,1,0
59,1,1,1,0
60,1,1,1,0
61,3,1,1,0
62,5,1,1,0
63,3,1,1,0
64,10,1,1,0
65,3,1,1,0
66,2,1,1,0
67,3,1,1,0
68,2,1,1,0
69,2,1,1,0
70,3,1,1,0
71,5,1,1,0
72,5,1,1,0
73,1,1,1,0
74,5,1,1,0
75,1,1,1,0
76,5,1,1,0
77,2,1,1,0
78,5,1,1,0
79,3,1,1,0
80,1,1,1,0
81,3,1,1,0
82,5,1,1,0
83,5,1,1,0
84,1,1,1,0
85,2,1,1,0
86,2,1,1,0
87,1,1,1,0
88,6,1,1,0
89,5,1,1,0
90,1,1,1,0
91,1,1,1,0
92,5,1,1,0
93,3,1,1,0
94,1,1,1,0
95,3,1,1,0
96,4,1,1,0
97,3,1,1,0
98,2,1,1,0
99,1,1,1,0
100,2,1,1,0
101,4,1,1,0
102,3,1,1,0
103,4,1,1,0
104,4,1,1,0
105,2,1,1,0
106,3,1,1,0
107,1,1,1,0
108,3,1,1,0
109,3,1,1,0
110,4,1,1,0
111,10,1,1,0
112,3,1,1,0
113,6,1,1,0
114,4,1,1,0
115,3,1,1,0
116,5,1,1,0
117,1,1,1,0
118,1,1,1,0
119,5,1,1,0
120,4,1,1,0
121,1,1,1,0
122,1,1,1,0
123,2,1,1,0
124,6,1,1,0
125,1,1,1,0
126,9,1,1,0
127,2,1,1,0
128,4,1,1,0
129,3,1,1,0
130,3,1,1,0
131,5,1,1,0
132,1,1,1,0
133,3,1,1,0
134,1,1,1,0
135,1,1,1,0
136,1,1,1,0
137,3,1,1,0
138,3,1,1,0
139,1,1,1,0
140,6,1,1,0
141,6,1,1,0
142,3,1,1,0
143,3,1,1,0
144,3,1,1,0
145,4,1,1,0
146,1,1,1,0
147,5,1,1,0
148,4,1,1,0
149,1,1,1,0
150,4,1,1,0
151,13,1,1,0
152,4,1,1,0
153,1,1,1,0
154,1,1,1,0
155,4,1,1,0
156,5,1,1,0
157,5,1,1,0
158,4,1,1,0
159,3,1,1,0
160,3,1,1,0
161,1,1,1,0
162,1,1,1,0
163,3,1,1,0
164,6,1,1,0
165,1,1,1,0
166,3,1,1,0
167,3,1,1,0
168,2,1,1,0
169,3,1,1,0
170,4,1,1,0
171,5,1,1,0
172,1,1,1,0
173,3,1,1,0
174,2,1,1,0
175,1,1,1,0
176,17,1,1,0
177,2,1,1,0
178,8,1,1,0
179,2,1,1,0
180,4,1,1,0
181,3,1,1,0
182,2,1,1,0
183,1,1,1,0
184,4,1,1,0
185,14,1,1,0
186,3,1,1,0
187,1,1,1,0
188,5,1,1,0
189,12,1,1,0
190,2,1,1,0
191,8,1,1,0
192,2,1,1,0
193,8,1,1,0
194,5,1,1,0
195,2,1,1,0
196,1,1,1,0
197,3,1,1,0
198,2,1,1,0
199,1,1,1,0
200,2,1,1,0
201,5,1,1,0
202,4,1,1,0
203,6,1,1,0
204,4,1,1,0
205,2,1,1,0
206,14,1,1,0
207,2,1,1,0
208,4,1,1,0
209,1,1,1,0
210,2,1,1,0
211,6,1,1,0
212,1,1,1,0
213,1,1,1,0
214,2,1,1,0
215,4,1,1,0
216,12,1,1,0
217,1,1,1,0
218,8,1,1,0
219,8,1,1,0
220,1,1,1,0
221,1,1,1,0
222,8,1,1,0
223,2,1,1,0
224,5,1,1,0
225,2,1,1,0
226,9,1,1,0
227,3,1,1,0
228,3,1,1,0
229,4,1,1,0
230,1,1,1,0
231,4,1,1,0
232,4,1,1,0
233,5,1,1,0
234,3,1,1,0
235,2,1,1,0
236,1,1,1,0
237,3,1,1,0
238,3,1,1,0
239,14,1,1,0
240,1,1,1,0
241,4,1,1,0
242,4,1,1,0
243,1,1,1,0
244,6,1,1,0
245,4,1,1,0
246,5,1,1,0
247,1,1,1,0
248,6,1,1,0
249,1,1,1,0
250,3,1,1,0
251,3,1,1,0
252,2,1,1,0
253,1,1,1,0
254,3,1,1,0
255,1,1,1,0
256,1,1,1,0
257,2,1,1,0
258,8,1,1,0
259,1,1,1,0
260,2,1,1,0
261,2,1,1,0
262,7,1,1,0
263,6,1,1,0
264,3,1,1,0
265,8,1,1,0
266,5,1,1,0
267,6,1,1,0
268,10,1,1,0
269,1,1,1,0
270,3,1,1,0
271,11,1,1,0
272,8,1,1,0
273,3,1,1,0
274,2,1,1,0
275,6,1,1,0
276,2,1,1,0
277,2,1,1,0
278,1,1,1,0
279,3,1,1,0
280,7,1,1,0
281,10,1,1,0
282,8,1,1,0
283,6,1,1,0
284,1,1,1,0
285,5,1,1,0
286,2,1,1,0
287,6,1,1,0
288,4,1,1,0
289,2,1,1,0
290,3,1,1,0
291,1,1,1,0
292,2,1,1,0
293,3,1,1,0
294,1,1,1,0
295,3,1,1,0
296,2,1,1,0
297,2,1,1,0
298,5,1,1,0
299,3,1,1,0
300,3,1,1,0
301,12,1,1,0
302,2,1,1,0
303,5,1,1,0
304,2,1,1,0
305,3,1,1,0
306,1,1,1,0
307,1,1,1,0
308,2,1,1,0
309,4,1,1,0
310,3,1,1,0
311,1,1,1,0
312,1,1,1,0
313,1,1,1,0
314,1,1,1,0
315,3,1,1,0
316,10,1,1,0
317,3,1,1,0
318,1,1,1,0
319,2,1,1,0
320,6,1,1,0
321,1,1,1,0
322,4,1,1,0
323,2,1,1,0
324,2,1,1,0
325,3,1,1,0
326,1,1,1,0
327,1,1,1,0
328,6,1,1,0
329,7,1,1,0
330,3,1,1,0
331,8,1,1,0
332,2,1,1,0
333,1,1,1,0
334,2,1,1,0
335,1,1,1,0
336,1,1,1,0
337,2,1,1,0
338,1,1,1,0
339,2,1,1,0
340,4,1,1,0
341,2,1,1,0
342,5,1,1,0
343,2,1,1,0
344,1,1,1,0
345,2,1,1,0
346,1,1,1,0
347,1,1,1,0
348,1,1,1,0
349,3,1,1,0
350,2,1,1,0
351,7,1,1,0
352,1,1,1,0
353,1,1,1,0
354,4,1,1,0
355,3,1,1,0
356,3,1,1,0
357,3,1,1,0
358,7,1,1,0
359,11,1,1,0
360,3,1,1,0
361,1,1,1,0
362,4,1,1,0
363,2,1,1,0
364,3,1,1,0
365,6,1,1,0
366,1,1,1,0
367,2,1,1,0
368,1,1,1,0
369,6,1,1,0
370,6,1,1,0
371,6,1,1,0
372,2,1,1,0
373,3,1,1,0
374,1,1,1,0
375,6,1,1,0
376,2,1,1,0
377,14,1,1,0
378,2,1,1,0
379,3,1,1,0
380,2,1,1,0
381,2,1,1,0
382,4,1,1,0
383,1,1,1,0
384,1,1,1,0
385,6,1,1,0
386,1,1,1,0
387,10,1,1,0
388,4,1,1,0
389,7,1,1,0
390,6,1,1,0
391,2,1,1,0
392,3,1,1,0
393,7,1,1,0
394,3,1,1,0
395,6,1,1,0
396,2,1,1,0
397,3,1,1,0
398,6,1,1,0
399,16,1,1,0
400,3,1,1,0
401,5,1,1,0
402,1,1,1,0
403,15,1,1,0
404,5,1,1,0
405,3,1,1,0
406,2,1,1,0
407,3,1,1,0
408,1,1,1,0
409,10,1,1,0
410,7,1,1,0
411,1,1,1,0
412,1,1,1,0
413,2,1,1,0
414,1,1,1,0
415,7,1,1,0
416,8,1,1,0
417,3,1,1,0
418,2,1,1,0
419,3,1,1,0
420,13,1,1,0
421,4,1,1,0
422,4,1,1,0
423,3,1,1,0
424,1,1,1,0
425,1,1,1,0
426,1,1,1,0
427,1,1,1,0
428,10,1,1,0
429,2,1,1,0
430,2,1,1,0
431,3,1,1,0
432,6,1,1,0
433,3,1,1,0
434,7,1,1,0
435,8,1,1,0
436,4,1,1,0
437,2,1,1,0
438,1,1,1,0
439,7,1,1,0
440,4,1,1,0
441,7,1,1,0
442,7,1,1,0
443,1,1,1,0
444,4,1,1,0
445,7,1,1,0
446,3,1,1,0
447,1,1,1,0
448,2,1,1,0
449,1,1,1,0
450,2,1,1,0
451,3,1,1,0
452,3,1,1,0
453,1,1,1,0
454,2,1,1,0
455,2,1,1,0
456,2,1,1,0
457,2,1,1,0
458,1,1,1,0
459,6,1,1,0
460,2,1,1,0
461,7,1,1,0
462,1,1,1,0
463,1,1,1,0
464,3,1,1,0
465,3,1,1,0
466,1,1,1,0
467,2,1,1,0
468,1,1,1,0
469,4,1,1,0
470,3,1,1,0
471,2,1,1,0
472,7,1,1,0
473,16,1,1,0
474,1,1,1,0
475,2,1,1,0
476,2,1,1,0
477,2,1,1,0
478,3,1,1,0
479,3,1,1,0
480,3,1,1,0
481,1,1,1,0
482,3,1,1,0
483,9,1,1,0
484,5,1,1,0
485,2,1,1,0
486,6,1,1,0
487,4,1,1,0
488,1,1,1,0
489,3,1,1,0
490,3,1,1,0
491,12,1,1,0
492,6,1,1,0
493,2,1,1,0
494,14,1,1,0
495,2,1,1,0
496,7,1,1,0
497,2,1,1,0
498,1,1,1,0
499,7,1,1,0
500,4,1,1,0
501,2,1,1,0
502,6,1,1,0
503,5,1,1,0
504,3,1,1,0
505,3,1,1,0
506,1,1,1,0
507,4,1,1,0
508,8,1,1,0
509,5,1,1,0
510,9,1,1,0
511,2,1,1,0
512,10,1,1,0
513,1,1,1,0
514,2,1,1,0
515,7,1,1,0
516,7,1,1,0
517,4,1,1,0
518,6,1,1,0
519,7,1,1,0
520,1,1,1,0
521,4,1,1,0
522,2,1,1,0
523,2,1,1,0
524,3,1,1,0
525,1,1,1,0
526,3,1,1,0
527,1,1,1,0
528,3,1,1,0
529,2,1,1,0
530,3,1,1,0
531,5,1,1,0
532,3,1,1,0
533,1,1,1,0
534,3,1,1,0
535,3,1,1,0
536,1,1,1,0
537,2,1,1,0
538,2,1,1,0
539,2,1,1,0
540,4,1,1,0
541,1,1,1,0
542,2,1,1,0
543,2,1,1,0
544,1,1,1,0
545,2,1,1,0
546,1,1,1,0
547,2,1,1,0
548,2,1,1,0
549,2,1,1,0
550,3,1,1,0
551,5,1,1,0
552,4,1,1,0
553,2,1,1,0
554,1,1,1,0
555,1,1,1,0
556,1,1,1,0
557,1,1,1,0
558,2,1,1,0
559,4,1,1,0
560,1,1,1,0
561,1,1,1,0
562,3,1,1,0
563,8,1,1,0
564,1,1,1,0
565,1,1,1,0
566,2,1,1,0
567,1,1,1,0
568,3,1,1,0
569,3,1,1,0
570,3,1,1,0
571,4,1,1,0
572,2,1,1,0
573,2,1,1,0
574,4,1,1,0
575,12,1,1,0
576,1,1,1,0
577,1,1,1,0
578,8,1,1,0
579,8,1,1,0
580,3,1,1,0
581,2,1,1,0
582,6,1,1,0
583,4,1,1,0
584,5,1,1,0
585,4,1,1,0
586,2,1,1,0
587,1,1,1,0
588,8,1,1,0
589,3,1,1,0
590,1,1,1,0
591,1,1,1,0
592,1,1,1,0
593,3,1,1,0
594,4,1,1,0
595,1,1,1,0
596,3,1,1,0
597,2,1,1,0
598,8,1,1,0
599,3,1,1,0
600,1,1,1,0
601,1,1,1,0
602,2,1,1,0
603,4,1,1,0
604,8,1,1,0
605,2,1,1,0
606,4,1,1,0
607,2,1,1,0
608,4,1,1,0
609,2,1,1,0
610,4,1,1,0
611,1,1,1,0
612,4,1,1,0
613,2,1,1,0
614,6,1,1,0
615,2,1,1,0
616,7,1,1,0
617,3,1,1,0
618,9,1,1,0
619,11,1,1,0
620,2,1,1,0
621,1,1,1,0
622,5,1,1,0
623,3,1,1,0
624,5,1,1,0
625,1,1,1,0
626,3,1,1,0
627,8,1,1,0
628,3,1,1,0
629,6,1,1,0
630,4,1,1,0
631,1,1,1,0
632,4,1,1,0
633,10,1,1,0
634,2,1,1,0
635,2,1,1,0
636,2,1,1,0
637,1,1,1,0
638,5,1,1,0
639,2,1,1,0
640,1,1,1,0
641,3,1,1,0
642,2,1,1,0
643,1,1,1,0
644,5,1,1,0
645,8,1,1,0
646,3,1,1,0
647,1,1,1,0
648,1,1,1,0
649,1,1,1,0
650,4,1,1,0
651,6,1,1,0
652,7,1,1,0
653,2,1,1,0
654,1,1,1,0
655,3,1,1,0
656,7,1,1,0
657,5,1,1,0
658,2,1,1,0
659,3,1,1,0
660,2,1,1,0
661,9,1,1,0
662,3,1,1,0
663,2,1,1,0
664,1,1,1,0
665,5,1,1,0
666,9,1,1,0
667,3,1,1,0
668,5,1,1,0
669,2,1,1,0
670,2,1,1,0
671,1,1,1,0
672,3,1,1,0
673,1,1,1,0
674,3,1,1,0
675,1,1,1,0
676,21,1,1,0
677,5,1,1,0
678,13,1,1,0
679,3,1,1,0
680,9,1,1,0
681,12,1,1,0
682,10,1,1,0
683,2,1,1,0
684,8,1,1,0
685,1,1,1,0
686,1,1,1,0
687,4,1,1,0
688,2,1,1,0
689,2,1,1,0
690,2,1,1,0
691,1,1,1,0
692,2,1,1,0
693,9,1,1,0
694,3,1,1,0
695,3,1,1,0
696,4,1,1,0
697,3,1,1,0
698,5,1,1,0
699,1,1,1,0
700,2,1,1,0
701,1,1,1,0
702,7,1,1,0
703,1,1,1,0
704,9,1,1,0
705,16,1,1,0
706,2,1,1,0
707,4,1,1,0
708,1,1,1,0
709,3,1,1,0
710,10,1,1,0
711,1,1,1,0
712,5,1,1,0
713,3,1,1,0
714,1,1,1,0
715,6,1,1,0
716,2,1,1,0
717,1,1,1,0
718,2,1,1,0
719,3,1,1,0
720,2,1,1,0
721,6,1,1,0
722,3,1,1,0
723,3,1,1,0
724,5,1,1,0
725,1,1,1,0
726,7,1,1,0
727,5,1,1,0
728,3,1,1,0
729,2,1,1,0
730,10,1,1,0
731,6,1,1,0
732,3,1,1,0
733,3,1,1,0
734,2,1,1,0
735,4,1,1,0
736,3,1,1,0
737,8,1,1,0
738,5,1,1,0
739,4,1,1,0
740,4,1,1,0
741,1,1,1,0
742,4,1,1,0
743,10,1,1,0
744,2,1,1,0
745,1,1,1,0
746,1,1,1,0
747,6,1,1,0
748,2,1,1,0
749,3,1,1,0
750,3,1,1,0
751,3,1,1,0
752,2,1,1,0
753,7,1,1,0
754,2,1,1,0
755,4,1,1,0
756,2,1,1,0
757,1,1,1,0
758,1,1,1,0
759,2,1,1,0
760,10,1,1,0
761,3,1,1,0
762,2,1,1,0
763,4,1,1,0
764,3,1,1,0
765,3,1,1,0
766,10,1,1,0
767,11,1,1,0
768,2,1,1,0
769,3,1,1,0
770,3,1,1,0
771,2,1,1,0
772,2,1,1,0
773,1,1,1,0
774,3,1,1,0
775,7,1,1,0
776,5,1,1,0
777,6,1,1,0
778,1,1,1,0
779,1,1,1,0
780,1,1,1,0
781,3,1,1,0
782,5,1,1,0
783,1,1,1,0
784,1,1,1,0
785,10,1,1,0
786,1,1,1,0
787,1,1,1,0
788,4,1,1,0
789,2,1,1,0
790,2,1,1,0
791,1,1,1,0
792,3,1,1,0
793,8,1,1,0
794,4,1,1,0
795,5,1,1,0
796,7,1,1,0
797,8,1,1,0
798,8,1,1,0
799,3,1,1,0
800,1,1,1,0
801,4,1,1,0
802,2,1,1,0
803,4,1,1,0
804,4,1,1,0
805,6,1,1,0
806,5,1,1,0
807,2,1,1,0
808,9,1,1,0
809,1,1,1,0
810,7,1,1,0
811,1,1,1,0
812,2,1,1,0
813,8,1,1,0
814,4,1,1,0
815,1,1,1,0
816,2,1,1,0
817,2,1,1,0
818,9,1,1,0
819,5,1,1,0
820,6,1,1,0
821,4,1,1,0
822,3,1,1,0
823,1,1,1,0
824,1,1,1,0
825,4,1,1,0
826,2,1,1,0
827,1,1,1,0
828,7,1,1,0
829,2,1,1,0
830,6,1,1,0
831,8,1,1,0
832,7,1,1,0
833,8,1,1,0
834,2,1,1,0
835,7,1,1,0
836,2,1,1,0
837,2,1,1,0
838,2,1,1,0
839,6,1,1,0
840,3,1,1,0
841,3,1,1,0
842,2,1,1,0
843,2,1,1,0
844,2,1,1,0
845,1,1,1,0
846,3,1,1,0
847,5,1,1,0
848,6,1,1,0
849,3,1,1,0
850,5,1,1,0
851,8,1,1,0
852,8,1,1,0
853,3,1,1,0
854,13,1,1,0
855,2,1,1,0
856,3,1,1,0
857,1,1,1,0
858,2,1,1,0
859,3,1,1,0
860,13,1,1,0
861,2,1,1,0
862,6,1,1,0
863,5,1,1,0
864,6,1,1,0
865,5,1,1,0
866,1,1,1,0
867,15,1,1,0
868,3,1,1,0
869,5,1,1,0
870,4,1,1,0
871,4,1,1,0
872,1,1,1,0
873,4,1,1,0
874,1,1,1,0
875,5,1,1,0
876,4,1,1,0
877,2,1,1,0
878,5,1,1,0
879,4,1,1,0
880,1,1,1,0
881,3,1,1,0
882,5,1,1,0
883,2,1,1,0
884,2,1,1,0
885,1,1,1,0
886,5,1,1,0
887,1,1,1,0
888,1,1,1,0
889,5,1,1,0
890,1,1,1,0
891,1,1,1,0
892,5,1,1,0
893,1,1,1,0
894,7,1,1,0
895,5,1,1,0
896,3,1,1,0
897,5,1,1,0
898,3,1,1,0
899,5,1,1,0
900,11,1,1,0
901,1,1,1,0
902,1,1,1,0
903,1,1,1,0
904,4,1,1,0
905,8,1,1,0
906,5,1,1,0
907,5,1,1,0
908,1,1,1,0
909,1,1,1,0
910,1,1,1,0
911,7,1,1,0
912,1,1,1,0
913,3,1,1,0
914,5,1,1,0
915,15,1,1,0
916,3,1,1,0
917,7,1,1,0
918,5,1,1,0
919,1,1,1,0
920,3,1,1,0
921,3,1,1,0
922,4,1,1,0
923,5,1,1,0
924,1,1,1,0
925,3,1,1,0
926,3,1,1,0
927,1,1,1,0
928,6,1,1,0
929,7,1,1,0
930,1,1,1,0
931,4,1,1,0
932,1,1,1,0
933,6,1,1,0
934,5,1,1,0
935,5,1,1,0
936,5,1,1,0
937,2,1,1,0
938,1,1,1,0
939,2,1,1,0
940,9,1,1,0
941,3,1,1,0
942,5,1,1,0
943,1,1,1,0
944,3,1,1,0
945,6,1,1,0
946,1,1,1,0
947,3,1,1,0
948,3,1,1,0
949,3,1,1,0
950,2,1,1,0
951,6,1,1,0
952,7,1,1,0
953,2,1,1,0
954,3,1,1,0
955,3,1,1,0
956,4,1,1,0
957,10,1,1,0
958,7,1,1,0
959,2,1,1,0
960,6,1,1,0
961,3,1,1,0
962,4,1,1,0
963,2,1,1,0
964,2,1,1,0
965,3,1,1,0
966,2,1,1,0
967,4,1,1,0
968,1,1,1,0
969,1,1,1,0
970,2,1,1,0
971,3,1,1,0
972,5,1,1,0
973,1,1,1,0
974,3,1,1,0
975,13,1,1,0
976,3,1,1,0
977,1,1,1,0
978,7,1,1,0
979,3,1,1,0
980,2,1,1,0
981,5,1,1,0
982,3,1,1,0
983,5,1,1,0
984,2,1,1,0
985,5,1,1,0
986,7,1,1,0
987,3,1,1,0
988,5,1,1,0
989,2,1,1,0
990,3,1,1,0
991,8,1,1,0
992,1,1,1,0
993,4,1,1,0
994,1,1,1,0
995,3,1,1,0
996,7,1,1,0
997,2,1,1,0
998,2,1,1,0
999,6,1,1,0
1000,2,1,1,0
1001,5,1,1,0
1002,2,1,1,0
1003,3,1,1,0
1004,1,1,1,0
1005,5,1,1,0
1006,6,1,1,0
1007,1,1,1,0
1008,2,1,1,0
1009,1,1,1,0
1010,1,1,1,0
1011,3,1,1,0
1012,4,1,1,0
1013,1,1,1,0
1014,5,1,1,0
1015,1,1,1,0
1016,4,1,1,0
1017,6,1,1,0
1018,8,1,1,0
1019,1,1,1,0
1020,4,1,1,0
1021,7,1,1,0
1022,10,1,1,0
1023,7,1,1,0
1024,3,1,1,0
1025,9,1,1,0
1026,4,1,1,0
1027,3,1,1,0
1028,2,1,1,0
1029,3,1,1,0
1030,5,1,1,0
1031,3,1,1,0
1032,7,1,1,0
1033,1,1,1,0
1034,2,1,1,0
1035,2,1,1,0
1036,1,1,1,0
1037,14,1,1,0
1038,3,1,1,0
1039,1,1,1,0
1040,7,1,1,0
1041,3,1,1,0
1042,1,1,1,0
1043,4,1,1,0
1044,1,1,1,0
1045,1,1,1,0
1046,5,1,1,0
1047,1,1,1,0
1048,4,1,1,0
1049,1,1,1,0
1050,2,1,1,0
1051,2,1,1,0
1052,15,1,1,0
1053,2,1,1,0
1054,3,1,1,0
1055,1,1,1,0
1056,1,1,1,0
1057,12,1,1,0
1058,4,1,1,0
1059,6,1,1,0
1060,7,1,1,0
1061,5,1,1,0
1062,7,1,1,0
1063,1,1,1,0
1064,6,1,1,0
1065,7,1,1,0
1066,5,1,1,0
1067,6,1,1,0
1068,8,1,1,0
1069,1,1,1,0
1070,2,1,1,0
1071,1,1,1,0
1072,2,1,1,0
1073,3,1,1,0
1074,2,1,1,0
1075,6,1,1,0
1076,7,1,1,0
1077,6,1,1,0
1078,5,1,1,0
1079,1,1,1,0
1080,2,1,1,0
1081,1,1,1,0
1082,4,1,1,0
1083,2,1,1,0
1084,7,1,1,0
1085,6,1,1,0
1086,14,1,1,0
1087,1,1,1,0
1088,1,1,1,0
1089,5,1,1,0
1090,1,1,1,0
1091,10,1,1,0
1092,4,1,1,0
1093,12,1,1,0
1094,1,1,1,0
1095,4,1,1,0
1096,1,1,1,0
1097,1,1,1,0
1098,2,1,1,0
1099,2,1,1,0
1100,4,1,1,0
1101,2,1,1,0
1102,4,1,1,0
1103,4,1,1,0
1104,5,1,1,0
1105,6,1,1,0
1106,2,1,1,0
1107,7,1,1,0
1108,1,1,1,0
1109,5,1,1,0
1110,5,1,1,0
1111,2,1,1,0
1112,4,1,1,0
1113,2,1,1,0
1114,1,1,1,0
1115,2,1,1,0
1116,1,1,1,0
1117,2,1,1,0
1118,2,1,1,0
1119,5,1,1,0
1120,1,1,1,0
1121,1,1,1,0
1122,3,1,1,0
1123,4,1,1,0
1124,2,1,1,0
1125,1,1,1,0
1126,6,1,1,0
1127,1,1,1,0
1128,1,1,1,0
1129,2,1,1,0
1130,5,1,1,0
1131,1,1,1,0
1132,2,1,1,0
1133,3,1,1,0
1134,2,1,1,0
1135,3,1,1,0
1136,4,1,1,0
1137,1,1,1,0
1138,8,1,1,0
1139,3,1,1,0
1140,11,1,1,0
1141,2,1,1,0
1142,1,1,1,0
1143,2,1,1,0
1144,3,1,1,0
1145,3,1,1,0
1146,2,1,1,0
1147,8,1,1,0
1148,1,1,1,0
1149,1,1,1,0
1150,6,1,1,0
1151,3,1,1,0
1152,3,1,1,0
1153,1,1,1,0
1154,2,1,1,0
1155,2,1,1,0
1156,4,1,1,0
1157,8,1,1,0
1158,7,1,1,0
1159,3,1,1,0
1160,1,1,1,0
1161,10,1,1,0
1162,2,1,1,0
1163,3,1,1,0
1164,7,1,1,0
1165,3,1,1,0
1166,7,1,1,0
1167,3,1,1,0
1168,3,1,1,0
1169,6,1,1,0
1170,8,1,1,0
1171,4,1,1,0
1172,16,1,1,0
1173,2,1,1,0
1174,2,1,1,0
1175,7,1,1,0
1176,4,1,1,0
1177,3,1,1,0
1178,8,1,1,0
1179,2,1,1,0
1180,7,1,1,0
1181,5,1,1,0
1182,2,1,1,0
1183,1,1,1,0
1184,1,1,1,0
1185,2,1,1,0
1186,6,1,1,0
1187,2,1,1,0
1188,1,1,1,0
1189,5,1,1,0
1190,3,1,1,0
1191,5,1,1,0
1192,3,1,1,0
1193,7,1,1,0
1194,8,1,1,0
1195,1,1,1,0
1196,1,1,1,0
1197,3,1,1,0
1198,2,1,1,0
1199,10,1,1,0
1200,3,1,1,0
1201,4,1,1,0
1202,1,1,1,0
1203,15,1,1,0
1204,10,1,1,0
1205,1,1,1,0
1206,1,1,1,0
1207,6,1,1,0
1208,5,1,1,0
1209,1,1,1,0
1210,2,1,1,0
1211,6,1,1,0
1212,4,1,1,0
1213,4,1,1,0
1214,6,1,1,0
1215,8,1,1,0
1216,6,1,1,0
1217,10,1,1,0
1218,9,1,1,0
1219,5,1,1,0
1220,2,1,1,0
1221,1,1,1,0
1222,2,1,1,0
1223,1,1,1,0
1224,6,1,1,0
1225,1,1,1,0
1226,1,1,1,0
1227,1,1,1,0
1228,1,1,1,0
1229,1,1,1,0
1230,3,1,1,0
1231,12,1,1,0
1232,1,1,1,0
1233,5,1,1,0
1234,3,1,1,0
1235,10,1,1,0
1236,1,1,1,0
1237,6,1,1,0
1238,2,1,1,0
1239,1,1,1,0
1240,4,1,1,0
1241,1,1,1,0
1242,5,1,1,0
1243,6,1,1,0
1244,1,1,1,0
1245,1,1,1,0
1246,1,1,1,0
1247,3,1,1,0
1248,3,1,1,0
1249,1,1,1,0
1250,1,1,1,0
1251,3,1,1,0
1252,1,1,1,0
1253,2,1,1,0
1254,1,1,1,0
1255,5,1,1,0
1256,2,1,1,0
1257,1,1,1,0
1258,1,1,1,0
1259,7,1,1,0
1260,3,1,1,0
1261,4,1,1,0
1262,3,1,1,0
1263,9,1,1,0
1264,6,1,1,0
1265,3,1,1,0
1266,5,1,1,0
1267,7,1,1,0
1268,2,1,1,0
1269,3,1,1,0
1270,2,1,1,0
1271,3,1,1,0
1272,1,1,1,0
1273,6,1,1,0
1274,1,1,1,0
1275,7,1,1,0
1276,2,1,1,0
1277,3,1,1,0
1278,6,1,1,0
1279,3,1,1,0
1280,5,1,1,0
1281,1,1,1,0
1282,4,1,1,0
1283,4,1,1,0
1284,2,1,1,0
1285,1,1,1,0
1286,1,1,1,0
1287,1,1,1,0
1288,2,1,1,0
1289,8,1,1,0
1290,2,1,1,0
1291,2,1,1,0
1292,3,1,1,0
1293,1,1,1,0
1294,4,1,1,0
1295,5,1,1,0
1296,2,1,1,0
1297,4,1,1,0
1298,5,1,1,0
1299,1,1,1,0
1300,2,1,1,0
1301,1,1,1,0
1302,1,1,1,0
1303,3,1,1,0
1304,1,1,1,0
1305,2,1,1,0
1306,1,1,1,0
1307,2,1,1,0
1308,5,1,1,0
1309,1,1,1,0
1310,8,1,1,0
1311,1,1,1,0
1312,3,1,1,0
1313,3,1,1,0
1314,5,1,1,0
1315,3,1,1,0
1316,6,1,1,0
1317,3,1,1,0
1318,2,1,1,0
1319,3,1,1,0
1320,5,1,1,0
1321,4,1,1,0
1322,6,1,1,0
1323,1,1,1,0
1324,3,1,1,0
1325,11,1,1,0
1326,2,1,1,0
1327,3,1,1,0
1328,3,1,1,0
1329,2,1,1,0
1330,3,1,1,0
1331,1,1,1,0
1332,1,1,1,0
1333,3,1,1,0
1334,3,1,1,0
1335,1,1,1,0
1336,1,1,1,0
1337,1,1,1,0
1338,1,1,1,0
1339,1,1,1,0
1340,1,1,1,0
1341,3,1,1,0
1342,6,1,1,0
1343,1,1,1,0
1344,2,1,1,0
1345,9,1,1,0
1346,4,1,1,0
1347,8,1,1,0
1348,1,1,1,0
1349,3,1,1,0
1350,1,1,1,0
1351,2,1,1,0
1352,2,1,1,0
1353,5,1,1,0
1354,1,1,1,0
1355,10,1,1,0
1356,3,1,1,0
1357,1,1,1,0
1358,3,1,1,0
1359,3,1,1,0
1360,1,1,1,0
1361,1,1,1,0
1362,2,1,1,0
1363,1,1,1,0
1364,5,1,1,0
1365,1,1,1,0
1366,2,1,1,0
1367,1,1,1,0
1368,2,1,1,0
1369,1,1,1,0
1370,3,1,1,0
1371,1,1,1,0
1372,2,1,1,0
1373,2,1,1,0
1374,3,1,1,0
1375,3,1,1,0
1376,3,1,1,0
1377,3,1,1,0
1378,3,1,1,0
1379,3,1,1,0
1380,4,1,1,0
1381,1,1,1,0
1382,5,1,1,0
1383,1,1,1,0
1384,1,1,1,0
1385,9,1,1,0
1386,4,1,1,0
1387,2,1,1,0
1388,1,1,1,0
1389,2,1,1,0
1390,9,1,1,0
1391,1,1,1,0
1392,3,1,1,0
1393,1,1,1,0
1394,7,1,1,0
1395,3,1,1,0
1396,2,1,1,0
1397,8,1,1,0
1398,3,1,1,0
1399,3,1,1,0
1400,7,1,1,0
1401,3,1,1,0
1402,1,1,1,0
1403,2,1,1,0
1404,2,1,1,0
1405,1,1,1,0
1406,4,1,1,0
1407,6,1,1,0
1408,4,1,1,0
1409,2,1,1,0
1410,3,1,1,0
1411,11,1,1,0
1412,13,1,1,0
1413,9,1,1,0
1414,2,1,1,0
1415,1,1,1,0
1416,2,1,1,0
1417,1,1,1,0
1418,7,1,1,0
1419,4,1,1,0
1420,2,1,1,0
1421,1,1,1,0
1422,1,1,1,0
1423,4,1,1,0
1424,7,1,1,0
1425,3,1,1,0
1426,1,1,1,0
1427,1,1,1,0
1428,5,1,1,0
1429,8,1,1,0
1430,1,1,1,0
1431,5,1,1,0
1432,5,1,1,0
1433,3,1,1,0
1434,3,1,1,0
1435,3,1,1,0
1436,2,1,1,0
1437,9,1,1,0
1438,13,1,1,0
1439,1,1,1,0
1440,4,1,1,0
1441,8,1,1,0
1442,1,1,1,0
1443,1,1,1,0
1444,2,1,1,0
1445,2,1,1,0
1446,3,1,1,0
1447,1,1,1,0
1448,1,1,1,0
1449,12,1,1,0
1450,4,1,1,0
1451,3,1,1,0
1452,1,1,1,0
1453,3,1,1,0
1454,1,1,1,0
1455,7,1,1,0
1456,2,1,1,0
1457,3,1,1,0
1458,1,1,1,0
1459,3,1,1,0
1460,3,1,1,0
1461,3,1,1,0
1462,15,1,1,0
1463,1,1,1,0
1464,2,1,1,0
1465,2,1,1,0
1466,5,1,1,0
1467,4,1,1,0
1468,1,1,1,0
1469,2,1,1,0
1470,4,1,1,0
1471,1,1,1,0
1472,1,1,1,0
1473,1,1,1,0
1474,2,1,1,0
1475,1,1,1,0
1476,4,1,1,0
1477,3,1,1,0
1478,1,1,1,0
1479,6,1,1,0
1480,1,1,1,0
1481,5,1,1,0
1482,8,1,1,0
1483,1,1,1,0
1484,5,1,1,0
1485,1,1,1,0
1486,3,1,1,0
1487,7,1,1,0
1488,1,1,1,0
1489,2,1,1,0
1490,2,1,1,0
1491,1,1,1,0
1492,8,1,1,0
1493,1,1,1,0
1494,1,1,1,0
1495,3,1,1,0
1496,1,1,1,0
1497,6,1,1,0
1498,2,1,1,0
1499,1,1,1,0
1500,1,1,1,0
1501,2,1,1,0
1502,2,1,1,0
1503,5,1,1,0
1504,9,1,1,0
1505,4,1,1,0
1506,3,1,1,0
1507,3,1,1,0
1508,1,1,1,0
1509,2,1,1,0
1510,11,1,1,0
1511,1,1,1,0
1512,3,1,1,0
1513,3,1,1,0
1514,6,1,1,0
1515,2,1,1,0
1516,4,1,1,0
1517,5,1,1,0
1518,1,1,1,0
1519,2,1,1,0
1520,1,1,1,0
1521,3,1,1,0
1522,3,1,1,0
1523,1,1,1,0
1524,1,1,1,0
1525,3,1,1,0
1526,6,1,1,0
1527,3,1,1,0
1528,2,1,1,0
1529,1,1,1,0
1530,4,1,1,0
1531,1,1,1,0
1532,2,1,1,0
1533,1,1,1,0
1534,7,1,1,0
1535,1,1,1,0
1536,5,1,1,0
1537,1,1,1,0
1538,1,1,1,0
1539,11,1,1,0
1540,1,1,1,0
1541,1,1,1,0
1542,1,1,1,0
1543,4,1,1,0
1544,2,1,1,0
1545,3,1,1,0
1546,2,1,1,0
1547,3,1,1,0
1548,1,1,1,0
1549,5,1,1,0
1550,1,1,1,0
1551,6,1,1,0
1552,8,1,1,0
1553,1,1,1,0
1554,1,1,1,0
1555,6,1,1,0
1556,4,1,1,0
1557,6,1,1,0
1558,3,1,1,0
1559,1,1,1,0
1560,4,1,1,0
1561,7,1,1,0
1562,4,1,1,0
1563,10,1,1,0
1564,5,1,1,0
1565,2,1,1,0
1566,2,1,1,0
1567,3,1,1,0
1568,3,1,1,0
1569,6,1,1,0
1570,3,1,1,0
1571,5,1,1,0
1572,3,1,1,0
1573,3,1,1,0
1574,1,1,1,0
1575,4,1,1,0
1576,6,1,1,0
1577,3,1,1,0
1578,6,1,1,0
1579,1,1,1,0
1580,2,1,1,0
1581,1,1,1,0
1582,3,1,1,0
1583,1,1,1,0
1584,4,1,1,0
1585,5,1,1,0
1586,2,1,1,0
1587,2,1,1,0
1588,1,1,1,0
1589,5,1,1,0
1590,2,1,1,0
1591,5,1,1,0
1592,4,1,1,0
1593,3,1,1,0
1594,5,1,1,0
1595,12,1,1,0
1596,3,1,1,0
1597,3,1,1,0
1598,1,1,1,0
1599,2,1,1,0
1600,2,1,1,0
1601,7,1,1,0
1602,4,1,1,0
1603,5,1,1,0
1604,1,1,1,0
1605,1,1,1,0
1606,3,1,1,0
1607,7,1,1,0
1608,1,1,1,0
1609,1,1,1,0
1610,4,1,1,0
1611,2,1,1,0
1612,1,1,1,0
1613,3,1,1,0
1614,2,1,1,0
1615,5,1,1,0
1616,1,1,1,0
1617,5,1,1,0
1618,1,1,1,0
1619,3,1,1,0
1620,7,1,1,0
1621,6,1,1,0
1622,3,1,1,0
1623,2,1,1,0
1624,4,1,1,0
1625,2,1,1,0
1626,1,1,1,0
1627,2,1,1,0
1628,1,1,1,0
1629,3,1,1,0
1630,2,1,1,0
1631,5,1,1,0
1632,8,1,1,0
1633,6,1,1,0
1634,4,1,1,0
1635,10,1,1,0
1636,2,1,1,0
1637,5,1,1,0
1638,5,1,1,0
1639,4,1,1,0
1640,1,1,1,0
1641,1,1,1,0
1642,5,1,1,0
1643,1,1,1,0
1644,5,1,1,0
1645,4,1,1,0
1646,3,1,1,0
1647,7,1,1,0
1648,5,1,1,0
1649,6,1,1,0
1650,5,1,1,0
1651,2,1,1,0
1652,2,1,1,0
1653,9,1,1,0
1654,1,1,1,0
1655,1,1,1,0
1656,3,1,1,0
1657,4,1,1,0
1658,1,1,1,0
1659,7,1,1,0
1660,2,1,1,0
1661,5,1,1,0
1662,17,1,1,0
1663,7,1,1,0
1664,1,1,1,0
1665,1,1,1,0
1666,6,1,1,0
1667,9,1,1,0
1668,3,1,1,0
1669,9,1,1,0
1670,2,1,1,0
1671,2,1,1,0
1672,9,1,1,0
1673,4,1,1,0
1674,1,1,1,0
1675,4,1,1,0
1676,3,1,1,0
1677,4,1,1,0
1678,5,1,1,0
1679,1,1,1,0
1680,2,1,1,0
1681,2,1,1,0
1682,9,1,1,0
1683,7,1,1,0
1684,2,1,1,0
1685,3,1,1,0
1686,7,1,1,0
1687,3,1,1,0
1688,2,1,1,0
1689,4,1,1,0
1690,5,1,1,0
1691,4,1,1,0
1692,2,1,1,0
1693,4,1,1,0
1694,2,1,1,0
1695,1,1,1,0
1696,5,1,1,0
1697,2,1,1,0
1698,2,1,1,0
1699,5,1,1,0
1700,2,1,1,0
1701,1,1,1,0
1702,8,1,1,0
1703,1,1,1,0
1704,5,1,1,0
1705,3,1,1,0
1706,1,1,1,0
1707,3,1,1,0
1708,8,1,1,0
1709,17,1,1,0
1710,3,1,1,0
1711,4,1,1,0
1712,1,1,1,0
1713,2,1,1,0
1714,2,1,1,0
1715,1,1,1,0
1716,3,1,1,0
1717,3,1,1,0
1718,2,1,1,0
1719,2,1,1,0
1720,3,1,1,0
1721,3,1,1,0
1722,6,1,1,0
1723,6,1,1,0
1724,8,1,1,0
1725,5,1,1,0
1726,5,1,1,0
1727,7,1,1,0
1728,1,1,1,0
1729,1,1,1,0
1730,2,1,1,0
1731,3,1,1,0
1732,2,1,1,0
1733,1,1,1,0
1734,2,1,1,0
1735,1,1,1,0
1736,2,1,1,0
1737,1,1,1,0
1738,3,1,1,0
1739,1,1,1,0
1740,4,1,1,0
1741,5,1,1,0
1742,1,1,1,0
1743,6,1,1,0
1744,1,1,1,0
1745,7,1,1,0
1746,1,1,1,0
1747,5,1,1,0
1748,4,1,1,0
1749,6,1,1,0
1750,12,1,1,0
1751,5,1,1,0
1752,2,1,1,0
1753,6,1,1,0
1754,2,1,1,0
1755,2,1,1,0
1756,4,1,1,0
1757,2,1,1,0
1758,1,1,1,0
1759,4,1,1,0
1760,3,1,1,0
1761,3,1,1,0
1762,4,1,1,0
1763,1,1,1,0
1764,7,1,1,0
1765,6,1,1,0
1766,3,1,1,0
1767,2,1,1,0
1768,5,1,1,0
1769,6,1,1,0
1770,1,1,1,0
1771,2,1,1,0
1772,1,1,1,0
1773,1,1,1,0
1774,1,1,1,0
1775,1,1,1,0
1776,1,1,1,0
1777,1,1,1,0
1778,4,1,1,0
1779,1,1,1,0
1780,4,1,1,0
1781,1,1,1,0
1782,2,1,1,0
1783,9,1,1,0
1784,1,1,1,0
1785,1,1,1,0
1786,3,1,1,0
1787,8,1,1,0
1788,3,1,1,0
1789,3,1,1,0
1790,3,1,1,0
1791,1,1,1,0
1792,1,1,1,0
1793,2,1,1,0
1794,3,1,1,0
1795,6,1,1,0
1796,2,1,1,0
1797,3,1,1,0
1798,3,1,1,0
1799,4,1,1,0
1800,3,1,1,0
1801,3,1,1,0
1802,2,1,1,0
1803,6,1,1,0
1804,2,1,1,0
1805,2,1,1,0
1806,1,1,1,0
1807,3,1,1,0
1808,2,1,1,0
1809,2,1,1,0
1810,3,1,1,0
1811,2,1,1,0
1812,2,1,1,0
1813,5,1,1,0
1814,1,1,1,0
1815,3,1,1,0
1816,3,1,1,0
1817,1,1,1,0
1818,3,1,1,0
1819,1,1,1,0
1820,2,1,1,0
1821,2,1,1,0
1822,2,1,1,0
1823,3,1,1,0
1824,1,1,1,0
1825,2,1,1,0
1826,4,1,1,0
1827,5,1,1,0
1828,1,1,1,0
1829,5,1,1,0
1830,1,1,1,0
1831,9,1,1,0
1832,2,1,1,0
1833,5,1,1,0
1834,3,1,1,0
1835,1,1,1,0
1836,1,1,1,0
1837,3,1,1,0
1838,1,1,1,0
1839,4,1,1,0
1840,2,1,1,0
1841,12,1,1,0
1842,7,1,1,0
1843,1,1,1,0
1844,3,1,1,0
1845,5,1,1,0
1846,1,1,1,0
1847,3,1,1,0
1848,3,1,1,0
1849,9,1,1,0
1850,2,1,1,0
1851,4,1,1,0
1852,8,1,1,0
1853,5,1,1,0
1854,4,1,1,0
1855,5,1,1,0
1856,6,1,1,0
1857,3,1,1,0
1858,1,1,1,0
1859,2,1,1,0
1860,5,1,1,0
1861,6,1,1,0
1862,1,1,1,0
1863,3,1,1,0
1864,5,1,1,0
1865,7,1,1,0
1866,2,1,1,0
1867,1,1,1,0
1868,6,1,1,0
1869,9,1,1,0
1870,3,1,1,0
1871,3,1,1,0
1872,1,1,1,0
1873,2,1,1,0
1874,4,1,1,0
1875,7,1,1,0
1876,2,1,1,0
1877,7,1,1,0
1878,1,1,1,0
1879,1,1,1,0
1880,11,1,1,0
1881,1,1,1,0
1882,5,1,1,0
1883,1,1,1,0
1884,6,1,1,0
1885,2,1,1,0
1886,12,1,1,0
1887,3,1,1,0
1888,6,1,1,0
1889,1,1,1,0
1890,7,1,1,0
1891,3,1,1,0
1892,1,1,1,0
1893,7,1,1,0
1894,2,1,1,0
1895,1,1,1,0
1896,6,1,1,0
1897,5,1,1,0
1898,3,1,1,0
1899,2,1,1,0
1900,1,1,1,0
1901,2,1,1,0
1902,1,1,1,0
1903,2,1,1,0
1904,5,1,1,0
1905,4,1,1,0
1906,1,1,1,0
1907,2,1,1,0
1908,1,1,1,0
1909,7,1,1,0
1910,1,1,1,0
1911,13,1,1,0
1912,2,1,1,0
1913,7,1,1,0
1914,3,1,1,0
1915,5,1,1,0
1916,9,1,1,0
1917,9,1,1,0
1918,6,1,1,0
1919,1,1,1,0
1920,4,1,1,0
1921,2,1,1,0
1922,2,1,1,0
1923,3,1,1,0
1924,1,1,1,0
1925,7,1,1,0
1926,3,1,1,0
1927,1,1,1,0
1928,2,1,1,0
1929,1,1,1,0
1930,4,1,1,0
1931,7,1,1,0
1932,5,1,1,0
1933,1,1,1,0
1934,2,1,1,0
1935,1,1,1,0
1936,1,1,1,0
1937,9,1,1,0
1938,3,1,1,0
1939,6,1,1,0
1940,5,1,1,0
1941,3,1,1,0
1942,4,1,1,0
1943,1,1,1,0
1944,4,1,1,0
1945,6,1,1,0
1946,1,1,1,0
1947,1,1,1,0
1948,3,1,1,0
1949,6,1,1,0
1950,6,1,1,0
1951,2,1,1,0
1952,5,1,1,0
1953,4,1,1,0
1954,1,1,1,0
1955,4,1,1,0
1956,7,1,1,0
1957,1,1,1,0
1958,5,1,1,0
1959,3,1,1,0
1960,7,1,1,0
1961,5,1,1,0
1962,4,1,1,0
1963,2,1,1,0
1964,3,1,1,0
1965,3,1,1,0
1966,4,1,1,0
1967,2,1,1,0
1968,1,1,1,0
1969,3,1,1,0
1970,5,1,1,0
1971,10,1,1,0
1972,11,1,1,0
1973,8,1,1,0
1974,3,1,1,0
1975,2,1,1,0
1976,3,1,1,0
1977,4,1,1,0
1978,4,1,1,0
1979,2,1,1,0
1980,4,1,1,0
1981,15,1,1,0
1982,2,1,1,0
1983,8,1,1,0
1984,3,1,1,0
1985,4,1,1,0
1986,4,1,1,0
1987,7,1,1,0
1988,2,1,1,0
1989,3,1,1,0
1990,2,1,1,0
1991,1,1,1,0
1992,6,1,1,0
1993,2,1,1,0
1994,3,1,1,0
1995,4,1,1,0
1996,2,1,1,0
1997,4,1,1,0
1998,1,1,1,0
1999,2,1,1,0
2000,2,1,1,0
2001,6,1,1,0
2002,2,1,1,0
2003,2,1,1,0
2004,3,1,1,0
2005,1,1,1,0
2006,2,1,1,0
2007,6,1,1,0
2008,1,1,1,0
2009,5,1,1,0
2010,2,1,1,0
2011,1,1,1,0
2012,5,1,1,0
2013,2,1,1,0
2014,1,1,1,0
2015,3,1,1,0
2016,2,1,1,0
2017,1,1,1,0
2018,2,1,1,0
2019,4,1,1,0
2020,4,1,1,0
2021,3,1,1,0
2022,1,1,1,0
2023,4,1,1,0
2024,12,1,1,0
2025,1,1,1,0
2026,2,1,1,0
2027,3,1,1,0
2028,11,1,1,0
2029,2,1,1,0
2030,4,1,1,0
2031,13,1,1,0
2032,2,1,1,0
2033,1,1,1,0
2034,6,1,1,0
2035,1,1,1,0
2036,1,1,1,0
2037,3,1,1,0
2038,2,1,1,0
2039,3,1,1,0
2040,2,1,1,0
2041,5,1,1,0
2042,2,1,1,0
2043,3,1,1,0
2044,3,1,1,0
2045,3,1,1,0
2046,4,1,1,0
2047,1,1,1,0
2048,3,1,1,0
2049,4,1,1,0
2050,3,1,1,0
2051,5,1,1,0
2052,14,1,1,0
2053,10,1,1,0
2054,3,1,1,0
2055,2,1,1,0
2056,2,1,1,0
2057,1,1,1,0
2058,1,1,1,0
2059,2,1,1,0
2060,21,1,1,0
2061,1,1,1,0
2062,4,1,1,0
2063,3,1,1,0
2064,3,1,1,0
2065,2,1,1,0
2066,10,1,1,0
2067,1,1,1,0
2068,5,1,1,0
2069,1,1,1,0
2070,10,1,1,0
2071,3,1,1,0
2072,3,1,1,0
2073,1,1,1,0
2074,1,1,1,0
2075,5,1,1,0
2076,1,1,1,0
2077,4,1,1,0
2078,2,1,1,0
2079,1,1,1,0
2080,6,1,1,0
2081,2,1,1,0
2082,8,1,1,0
2083,2,1,1,0
2084,2,1,1,0
2085,1,1,1,0
2086,3,1,1,0
2087,1,1,1,0
2088,4,1,1,0
2089,3,1,1,0
2090,3,1,1,0
2091,18,1,1,0
2092,1,1,1,0
2093,3,1,1,0
2094,1,1,1,0
2095,5,1,1,0
2096,2,1,1,0
2097,2,1,1,0
2098,7,1,1,0
2099,1,1,1,0
2100,3,1,1,0
2101,8,1,1,0
2102,4,1,1,0
2103,4,1,1,0
2104,2,1,1,0
2105,3,1,1,0
2106,1,1,1,0
2107,2,1,1,0
2108,3,1,1,0
2109,2,1,1,0
2110,2,1,1,0
2111,3,1,1,0
2112,2,1,1,0
2113,4,1,1,0
2114,3,1,1,0
2115,1,1,1,0
2116,6,1,1,0
2117,4,1,1,0
2118,13,1,1,0
2119,4,1,1,0
2120,17,1,1,0
2121,3,1,1,0
2122,2,1,1,0
2123,2,1,1,0
2124,1,1,1,0
2125,1,1,1,0
2126,1,1,1,0
2127,2,1,1,0
2128,5,1,1,0
2129,4,1,1,0
2130,2,1,1,0
2131,3,1,1,0
2132,8,1,1,0
2133,1,1,1,0
2134,2,1,1,0
2135,1,1,1,0
2136,1,1,1,0
2137,4,1,1,0
2138,1,1,1,0
2139,6,1,1,0
2140,4,1,1,0
2141,5,1,1,0
2142,6,1,1,0
2143,1,1,1,0
2144,1,1,1,0
2145,2,1,1,0
2146,1,1,1,0
2147,5,1,1,0
2148,11,1,1,0
2149,5,1,1,0
2150,6,1,1,0
2151,5,1,1,0
2152,1,1,1,0
2153,1,1,1,0
2154,3,1,1,0
2155,2,1,1,0
2156,1,1,1,0
2157,2,1,1,0
2158,2,1,1,0
2159,5,1,1,0
2160,1,1,1,0
2161,3,1,1,0
2162,4,1,1,0
2163,9,1,1,0
2164,1,1,1,0
2165,2,1,1,0
2166,2,1,1,0
2167,1,1,1,0
2168,3,1,1,0
2169,2,1,1,0
2170,3,1,1,0
2171,5,1,1,0
2172,4,1,1,0
2173,1,1,1,0
2174,7,1,1,0
2175,5,1,1,0
2176,1,1,1,0
2177,6,1,1,0
2178,3,1,1,0
2179,1,1,1,0
2180,2,1,1,0
2181,2,1,1,0
2182,2,1,1,0
2183,8,1,1,0
2184,2,1,1,0
2185,3,1,1,0
2186,6,1,1,0
2187,4,1,1,0
2188,7,1,1,0
2189,4,1,1,0
2190,1,1,1,0
2191,1,1,1,0
2192,3,1,1,0
2193,1,1,1,0
2194,9,1,1,0
2195,2,1,1,0
2196,8,1,1,0
2197,1,1,1,0
2198,2,1,1,0
2199,4,1,1,0
2200,1,1,1,0
2201,2,1,1,0
2202,3,1,1,0
2203,6,1,1,0
2204,10,1,1,0
2205,1,1,1,0
2206,7,1,1,0
2207,5,1,1,0
2208,5,1,1,0
2209,5,1,1,0
2210,4,1,1,0
2211,1,1,1,0
2212,3,1,1,0
2213,3,1,1,0
2214,12,1,1,0
2215,4,1,1,0
2216,8,1,1,0
2217,4,1,1,0
2218,1,1,1,0
2219,2,1,1,0
2220,1,1,1,0
2221,2,1,1,0
2222,2,1,1,0
2223,3,1,1,0
2224,2,1,1,0
2225,2,1,1,0
2226,5,1,1,0
2227,4,1,1,0
2228,1,1,1,0
2229,1,1,1,0
2230,1,1,1,0
2231,1,1,1,0
2232,4,1,1,0
2233,6,1,1,0
2234,14,1,1,0
2235,6,1,1,0
2236,1,1,1,0
2237,6,1,1,0
2238,1,1,1,0
2239,2,1,1,0
2240,3,1,1,0
2241,2,1,1,0
2242,3,1,1,0
2243,5,1,1,0
2244,2,1,1,0
2245,2,1,1,0
2246,9,1,1,0
2247,1,1,1,0
2248,11,1,1,0
2249,8,1,1,0
2250,1,1,1,0
2251,5,1,1,0
2252,1,1,1,0
2253,16,1,1,0
2254,2,1,1,0
2255,6,1,1,0
2256,5,1,1,0
2257,2,1,1,0
2258,2,1,1,0
2259,1,1,1,0
2260,1,1,1,0
2261,1,1,1,0
2262,3,1,1,0
2263,1,1,1,0
2264,3,1,1,0
2265,1,1,1,0
2266,2,1,1,0
2267,1,1,1,0
2268,6,1,1,0
2269,1,1,1,0
2270,7,1,1,0
2271,4,1,1,0
2272,8,1,1,0
2273,6,1,1,0
2274,1,1,1,0
2275,3,1,1,0
2276,4,1,1,0
2277,2,1,1,0
2278,3,1,1,0
2279,3,1,1,0
2280,5,1,1,0
2281,2,1,1,0
2282,1,1,1,0
2283,9,1,1,0
2284,7,1,1,0
2285,1,1,1,0
2286,2,1,1,0
2287,2,1,1,0
2288,4,1,1,0
2289,6,1,1,0
2290,4,1,1,0
2291,1,1,1,0
2292,2,1,1,0
2293,4,1,1,0
2294,5,1,1,0
2295,2,1,1,0
2296,5,1,1,0
2297,2,1,1,0
2298,1,1,1,0
2299,7,1,1,0
2300,1,1,1,0
2301,4,1,1,0
2302,4,1,1,0
2303,2,1,1,0
2304,6,1,1,0
2305,5,1,1,0
2306,5,1,1,0
2307,1,1,1,0
2308,2,1,1,0
2309,2,1,1,0
2310,13,1,1,0
2311,4,1,1,0
2312,1,1,1,0
2313,7,1,1,0
2314,1,1,1,0
2315,1,1,1,0
2316,4,1,1,0
2317,4,1,1,0
2318,3,1,1,0
2319,4,1,1,0
2320,8,1,1,0
2321,8,1,1,0
2322,8,1,1,0
2323,2,1,1,0
2324,4,1,1,0
2325,1,1,1,0
2326,4,1,1,0
2327,5,1,1,0
2328,1,1,1,0
2329,5,1,1,0
2330,6,1,1,0
2331,1,1,1,0
2332,6,1,1,0
2333,3,1,1,0
2334,1,1,1,0
2335,4,1,1,0
2336,5,1,1,0
2337,6,1,1,0
2338,10,1,1,0
2339,1,1,1,0
2340,1,1,1,0
2341,4,1,1,0
2342,2,1,1,0
2343,3,1,1,0
2344,7,1,1,0
2345,1,1,1,0
2346,1,1,1,0
2347,5,1,1,0
2348,5,1,1,0
2349,1,1,1,0
2350,6,1,1,0
2351,5,1,1,0
2352,6,1,1,0
2353,1,1,1,0
2354,2,1,1,0
2355,6,1,1,0
2356,7,1,1,0
2357,9,1,1,0
2358,2,1,1,0
2359,3,1,1,0
2360,3,1,1,0
2361,2,1,1,0
2362,1,1,1,0
2363,6,1,1,0
2364,7,1,1,0
2365,1,1,1,0
2366,1,1,1,0
2367,8,1,1,0
2368,3,1,1,0
2369,1,1,1,0
2370,2,1,1,0
2371,1,1,1,0
2372,4,1,1,0
2373,3,1,1,0
2374,3,1,1,0
2375,10,1,1,0
2376,4,1,1,0
2377,14,1,1,0
2378,5,1,1,0
2379,2,1,1,0
2380,1,1,1,0
2381,3,1,1,0
2382,3,1,1,0
2383,2,1,1,0
2384,1,1,1,0
2385,3,1,1,0
2386,11,1,1,0
2387,3,1,1,0
2388,1,1,1,0
2389,2,1,1,0
2390,15,1,1,0
2391,2,1,1,0
2392,3,1,1,0
2393,3,1,1,0
2394,6,1,1,0
2395,3,1,1,0
2396,5,1,1,0
2397,1,1,1,0
2398,2,1,1,0
2399,2,1,1,0
2400,9,1,1,0
2401,1,1,1,0
2402,3,1,1,0
2403,3,1,1,0
2404,1,1,1,0
2405,4,1,1,0
2406,5,1,1,0
2407,1,1,1,0
2408,4,1,1,0
2409,3,1,1,0
2410,3,1,1,0
2411,1,1,1,0
2412,9,1,1,0
2413,2,1,1,0
2414,3,1,1,0
2415,2,1,1,0
2416,8,1,1,0
2417,5,1,1,0
2418,1,1,1,0
2419,1,1,1,0
2420,1,1,1,0
2421,1,1,1,0
2422,2,1,1,0
2423,2,1,1,0
2424,5,1,1,0
2425,2,1,1,0
2426,12,1,1,0
2427,5,1,1,0
2428,5,1,1,0
2429,1,1,1,0
2430,7,1,1,0
2431,1,1,1,0
2432,2,1,1,0
2433,13,1,1,0
2434,4,1,1,0
2435,6,1,1,0
2436,2,1,1,0
2437,1,1,1,0
2438,2,1,1,0
2439,6,1,1,0
2440,3,1,1,0
2441,2,1,1,0
2442,7,1,1,0
2443,8,1,1,0
2444,5,1,1,0
2445,2,1,1,0
2446,7,1,1,0
2447,2,1,1,0
2448,9,1,1,0
2449,1,1,1,0
2450,4,1,1,0
2451,6,1,1,0
2452,1,1,1,0
2453,1,1,1,0
2454,3,1,1,0
2455,2,1,1,0
2456,4,1,1,0
2457,5,1,1,0
2458,5,1,1,0
2459,1,1,1,0
2460,6,1,1,0
2461,4,1,1,0
2462,4,1,1,0
2463,1,1,1,0
2464,12,1,1,0
2465,10,1,1,0
2466,5,1,1,0
2467,4,1,1,0
2468,2,1,1,0
2469,2,1,1,0
2470,1,1,1,0
2471,8,1,1,0
2472,1,1,1,0
2473,1,1,1,0
2474,3,1,1,0
2475,9,1,1,0
2476,10,1,1,0
2477,5,1,1,0
2478,2,1,1,0
2479,2,1,1,0
2480,2,1,1,0
2481,1,1,1,0
2482,8,1,1,0
2483,2,1,1,0
2484,2,1,1,0
2485,4,1,1,0
2486,6,1,1,0
2487,11,1,1,0
2488,1,1,1,0
2489,7,1,1,0
2490,9,1,1,0
2491,3,1,1,0
2492,2,1,1,0
2493,3,1,1,0
2494,4,1,1,0
2495,1,1,1,0
2496,1,1,1,0
2497,3,1,1,0
2498,3,1,1,0
2499,16,1,1,0
2500,5,1,1,0
2501,6,1,1,0
2502,2,1,1,0
2503,17,1,1,0
2504,1,1,1,0
2505,2,1,1,0
2506,1,1,1,0
2507,8,1,1,0
2508,1,1,1,0
2509,9,1,1,0
2510,11,1,1,0
2511,1,1,1,0
2512,7,1,1,0
2513,4,1,1,0
2514,1,1,1,0
2515,5,1,1,0
2516,3,1,1,0
2517,4,1,1,0
2518,10,1,1,0
2519,1,1,1,0
2520,1,1,1,0
2521,2,1,1,0
2522,2,1,1,0
2523,1,1,1,0
2524,6,1,1,0
2525,2,1,1,0
2526,2,1,1,0
2527,5,1,1,0
2528,4,1,1,0
2529,2,1,1,0
2530,2,1,1,0
2531,2,1,1,0
2532,1,1,1,0
2533,3,1,1,0
2534,2,1,1,0
2535,1,1,1,0
2536,2,1,1,0
2537,3,1,1,0
2538,5,1,1,0
2539,12,1,1,0
2540,7,1,1,0
2541,3,1,1,0
2542,11,1,1,0
2543,2,1,1,0
2544,4,1,1,0
2545,2,1,1,0
2546,3,1,1,0
2547,1,1,1,0
2548,8,1,1,0
2549,1,1,1,0
2550,10,1,1,0
2551,1,1,1,0
2552,3,1,1,0
2553,6,1,1,0
2554,2,1,1,0
2555,3,1,1,0
2556,4,1,1,0
2557,1,1,1,0
2558,9,1,1,0
2559,6,1,1,0
2560,4,1,1,0
2561,3,1,1,0
2562,1,1,1,0
2563,3,1,1,0
2564,2,1,1,0
2565,3,1,1,0
2566,1,1,1,0
2567,2,1,1,0
2568,1,1,1,0
2569,1,1,1,0
2570,2,1,1,0
2571,4,1,1,0
2572,6,1,1,0
2573,3,1,1,0
2574,10,1,1,0
2575,4,1,1,0
2576,4,1,1,0
2577,1,1,1,0
2578,5,1,1,0
2579,1,1,1,0
2580,4,1,1,0
2581,3,1,1,0
2582,1,1,1,0
2583,5,1,1,0
2584,3,1,1,0
2585,3,1,1,0
2586,2,1,1,0
2587,1,1,1,0
2588,2,1,1,0
2589,1,1,1,0
2590,10,1,1,0
2591,10,1,1,0
2592,3,1,1,0
2593,2,1,1,0
2594,8,1,1,0
2595,12,1,1,0
2596,3,1,1,0
2597,3,1,1,0
2598,10,1,1,0
2599,7,1,1,0
2600,1,1,1,0
2601,9,1,1,0
2602,2,1,1,0
2603,2,1,1,0
2604,2,1,1,0
2605,1,1,1,0
2606,1,1,1,0
2607,2,1,1,0
2608,13,1,1,0
2609,4,1,1,0
2610,2,1,1,0
2611,1,1,1,0
2612,1,1,1,0
2613,1,1,1,0
2614,5,1,1,0
2615,3,1,1,0
2616,4,1,1,0
2617,5,1,1,0
2618,5,1,1,0
2619,3,1,1,0
2620,1,1,1,0
2621,3,1,1,0
2622,2,1,1,0
2623,5,1,1,0
2624,5,1,1,0
2625,7,1,1,0
2626,2,1,1,0
2627,2,1,1,0
2628,1,1,1,0
2629,6,1,1,0
2630,5,1,1,0
2631,4,1,1,0
2632,3,1,1,0
2633,1,1,1,0
2634,3,1,1,0
2635,6,1,1,0
2636,1,1,1,0
2637,2,1,1,0
2638,3,1,1,0
2639,2,1,1,0
2640,1,1,1,0
2641,1,1,1,0
2642,8,1,1,0
2643,2,1,1,0
2644,4,1,1,0
2645,3,1,1,0
2646,3,1,1,0
2647,5,1,1,0
2648,3,1,1,0
2649,3,1,1,0
2650,5,1,1,0
2651,6,1,1,0
2652,1,1,1,0
2653,3,1,1,0
2654,1,1,1,0
2655,1,1,1,0
2656,1,1,1,0
2657,2,1,1,0
2658,8,1,1,0
2659,4,1,1,0
2660,3,1,1,0
2661,2,1,1,0
2662,4,1,1,0
2663,1,1,1,0
2664,3,1,1,0
2665,6,1,1,0
2666,3,1,1,0
2667,2,1,1,0
2668,3,1,1,0
2669,5,1,1,0
2670,2,1,1,0
2671,3,1,1,0
2672,2,1,1,0
2673,6,1,1,0
2674,2,1,1,0
2675,1,1,1,0
2676,3,1,1,0
2677,8,1,1,0
2678,4,1,1,0
2679,1,1,1,0
2680,1,1,1,0
2681,3,1,1,0
2682,4,1,1,0
2683,4,1,1,0
2684,3,1,1,0
2685,1,1,1,0
2686,4,1,1,0
2687,4,1,1,0
2688,2,1,1,0
2689,5,1,1,0
2690,6,1,1,0
2691,6,1,1,0
2692,1,1,1,0
2693,2,1,1,0
2694,1,1,1,0
2695,1,1,1,0
2696,2,1,1,0
2697,7,1,1,0
2698,10,1,1,0
2699,4,1,1,0
2700,2,1,1,0
2701,2,1,1,0
2702,2,1,1,0
2703,3,1,1,0
2704,5,1,1,0
2705,2,1,1,0
2706,1,1,1,0
2707,6,1,1,0
2708,3,1,1,0
2709,2,1,1,0
2710,3,1,1,0
2711,1,1,1,0
2712,5,1,1,0
2713,1,1,1,0
2714,8,1,1,0
2715,2,1,1,0
2716,4,1,1,0
2717,2,1,1,0
2718,5,1,1,0
2719,3,1,1,0
2720,6,1,1,0
2721,4,1,1,0
2722,2,1,1,0
2723,3,1,1,0
2724,4,1,1,0
2725,4,1,1,0
2726,4,1,1,0
2727,1,1,1,0
2728,4,1,1,0
2729,3,1,1,0
2730,5,1,1,0
2731,4,1,1,0
2732,2,1,1,0
2733,3,1,1,0
2734,4,1,1,0
2735,4,1,1,0
2736,4,1,1,0
2737,1,1,1,0
2738,3,1,1,0
2739,1,1,1,0
2740,2,1,1,0
2741,2,1,1,0
2742,1,1,1,0
2743,4,1,1,0
2744,10,1,1,0
2745,3,1,1,0
2746,3,1,1,0
2747,4,1,1,0
2748,1,1,1,0
2749,1,1,1,0
2750,1,1,1,0
2751,2,1,1,0
2752,13,1,1,0
2753,4,1,1,0
2754,10,1,1,0
2755,2,1,1,0
2756,1,1,1,0
2757,4,1,1,0
2758,4,1,1,0
2759,3,1,1,0
2760,4,1,1,0
2761,3,1,1,0
2762,1,1,1,0
2763,4,1,1,0
2764,5,1,1,0
2765,3,1,1,0
2766,1,1,1,0
2767,3,1,1,0
2768,2,1,1,0
2769,2,1,1,0
2770,1,1,1,0
2771,4,1,1,0
2772,2,1,1,0
2773,3,1,1,0
2774,3,1,1,0
2775,1,1,1,0
2776,1,1,1,0
2777,1,1,1,0
2778,8,1,1,0
2779,4,1,1,0
2780,1,1,1,0
2781,2,1,1,0
2782,9,1,1,0
2783,3,1,1,0
2784,1,1,1,0
2785,6,1,1,0
2786,5,1,1,0
2787,1,1,1,0
2788,4,1,1,0
2789,2,1,1,0
2790,1,1,1,0
2791,3,1,1,0
2792,7,1,1,0
2793,4,1,1,0
2794,2,1,1,0
2795,1,1,1,0
2796,1,1,1,0
2797,4,1,1,0
2798,4,1,1,0
2799,3,1,1,0
2800,8,1,1,0
2801,5,1,1,0
2802,3,1,1,0
2803,1,1,1,0
2804,4,1,1,0
2805,1,1,1,0
2806,4,1,1,0
2807,2,1,1,0
2808,1,1,1,0
2809,1,1,1,0
2810,5,1,1,0
2811,1,1,1,0
2812,1,1,1,0
2813,7,1,1,0
2814,2,1,1,0
2815,6,1,1,0
2816,1,1,1,0
2817,2,1,1,0
2818,2,1,1,0
2819,5,1,1,0
2820,1,1,1,0
2821,1,1,1,0
2822,5,1,1,0
2823,7,1,1,0
2824,4,1,1,0
2825,1,1,1,0
2826,4,1,1,0
2827,8,1,1,0
2828,1,1,1,0
2829,1,1,1,0
2830,1,1,1,0
2831,2,1,1,0
2832,1,1,1,0
2833,2,1,1,0
2834,4,1,1,0
2835,2,1,1,0
2836,8,1,1,0
2837,1,1,1,0
2838,5,1,1,0
2839,4,1,1,0
2840,8,1,1,0
2841,3,1,1,0
2842,2,1,1,0
2843,4,1,1,0
2844,3,1,1,0
2845,6,1,1,0
2846,2,1,1,0
2847,6,1,1,0
2848,2,1,1,0
2849,12,1,1,0
2850,1,1,1,0
2851,6,1,1,0
2852,5,1,1,0
2853,3,1,1,0
2854,4,1,1,0
2855,8,1,1,0
2856,4,1,1,0
2857,1,1,1,0
2858,2,1,1,0
2859,3,1,1,0
2860,3,1,1,0
2861,3,1,1,0
2862,3,1,1,0
2863,4,1,1,0
2864,2,1,1,0
2865,1,1,1,0
2866,3,1,1,0
2867,2,1,1,0
2868,1,1,1,0
2869,2,1,1,0
2870,8,1,1,0
2871,2,1,1,0
2872,1,1,1,0
2873,1,1,1,0
2874,8,1,1,0
2875,6,1,1,0
2876,6,1,1,0
2877,1,1,1,0
2878,5,1,1,0
2879,2,1,1,0
2880,6,1,1,0
2881,2,1,1,0
2882,4,1,1,0
2883,6,1,1,0
2884,3,1,1,0
2885,2,1,1,0
2886,1,1,1,0
2887,4,1,1,0
2888,2,1,1,0
2889,5,1,1,0
2890,1,1,1,0
2891,3,1,1,0
2892,2,1,1,0
2893,6,1,1,0
2894,5,1,1,0
2895,8,1,1,0
2896,7,1,1,0
2897,7,1,1,0
2898,2,1,1,0
2899,4,1,1,0
2900,2,1,1,0
2901,4,1,1,0
2902,1,1,1,0
2903,2,1,1,0
2904,3,1,1,0
2905,3,1,1,0
2906,4,1,1,0
2907,2,1,1,0
2908,1,1,1,0
2909,9,1,1,0
2910,3,1,1,0
2911,1,1,1,0
2912,7,1,1,0
2913,1,1,1,0
2914,5,1,1,0
2915,2,1,1,0
2916,1,1,1,0
2917,2,1,1,0
2918,2,1,1,0
2919,15,1,1,0
2920,3,1,1,0
2921,6,1,1,0
2922,8,1,1,0
2923,3,1,1,0
2924,3,1,1,0
2925,2,1,1,0
2926,6,1,1,0
2927,1,1,1,0
2928,2,1,1,0
2929,7,1,1,0
2930,7,1,1,0
2931,4,1,1,0
2932,3,1,1,0
2933,4,1,1,0
2934,1,1,1,0
2935,1,1,1,0
2936,1,1,1,0
2937,1,1,1,0
2938,2,1,1,0
2939,4,1,1,0
2940,3,1,1,0
2941,1,1,1,0
2942,3,1,1,0
2943,1,1,1,0
2944,4,1,1,0
2945,3,1,1,0
2946,7,1,1,0
2947,5,1,1,0
2948,1,1,1,0
2949,4,1,1,0
2950,1,1,1,0
2951,6,1,1,0
2952,3,1,1,0
2953,3,1,1,0
2954,3,1,1,0
2955,3,1,1,0
2956,5,1,1,0
2957,1,1,1,0
2958,3,1,1,0
2959,3,1,1,0
2960,12,1,1,0
2961,4,1,1,0
2962,4,1,1,0
2963,12,1,1,0
2964,5,1,1,0
2965,1,1,1,0
2966,3,1,1,0
2967,8,1,1,0
2968,1,1,1,0
2969,5,1,1,0
2970,1,1,1,0
2971,5,1,1,0
2972,5,1,1,0
2973,3,1,1,0
2974,1,1,1,0
2975,5,1,1,0
2976,2,1,1,0
2977,9,1,1,0
2978,2,1,1,0
2979,7,1,1,0
2980,9,1,1,0
2981,1,1,1,0
2982,2,1,1,0
2983,6,1,1,0
2984,1,1,1,0
2985,9,1,1,0
2986,4,1,1,0
2987,9,1,1,0
2988,3,1,1,0
2989,5,1,1,0
2990,2,1,1,0
2991,5,1,1,0
2992,6,1,1,0
2993,9,1,1,0
2994,9,1,1,0
2995,4,1,1,0
2996,4,1,1,0
2997,1,1,1,0
2998,2,1,1,0
2999,4,1,1,0
3000,1,1,1,0
3001,3,1,1,0
3002,1,1,1,0
3003,1,1,1,0
3004,5,1,1,0
3005,1,1,1,0
3006,3,1,1,0
3007,6,1,1,0
3008,1,1,1,0
3009,1,1,1,0
3010,6,1,1,0
3011,3,1,1,0
3012,3,1,1,0
3013,2,1,1,0
3014,3,1,1,0
3015,2,1,1,0
3016,2,1,1,0
3017,13,1,1,0
3018,1,1,1,0
3019,1,1,1,0
3020,14,1,1,0
3021,2,1,1,0
3022,2,1,1,0
3023,1,1,1,0
3024,4,1,1,0
3025,7,1,1,0
3026,1,1,1,0
3027,10,1,1,0
3028,1,1,1,0
3029,3,1,1,0
3030,1,1,1,0
3031,5,1,1,0
3032,4,1,1,0
3033,1,1,1,0
3034,4,1,1,0
3035,3,1,1,0
3036,1,1,1,0
3037,10,1,1,0
3038,1,1,1,0
3039,1,1,1,0
3040,7,1,1,0
3041,3,1,1,0
3042,3,1,1,0
3043,1,1,1,0
3044,4,1,1,0
3045,2,1,1,0
3046,7,1,1,0
3047,2,1,1,0
3048,4,1,1,0
3049,2,1,1,0
3050,10,1,1,0
3051,2,1,1,0
3052,1,1,1,0
3053,1,1,1,0
3054,4,1,1,0
3055,2,1,1,0
3056,1,1,1,0
3057,3,1,1,0
3058,2,1,1,0
3059,2,1,1,0
3060,1,1,1,0
3061,8,1,1,0
3062,3,1,1,0
3063,2,1,1,0
3064,5,1,1,0
3065,4,1,1,0
3066,4,1,1,0
3067,2,1,1,0
3068,3,1,1,0
3069,4,1,1,0
3070,5,1,1,0
3071,8,1,1,0
3072,3,1,1,0
3073,1,1,1,0
3074,9,1,1,0
3075,5,1,1,0
3076,7,1,1,0
3077,3,1,1,0
3078,5,1,1,0
3079,3,1,1,0
3080,2,1,1,0
3081,2,1,1,0
3082,1,1,1,0
3083,3,1,1,0
3084,3,1,1,0
3085,2,1,1,0
3086,1,1,1,0
3087,2,1,1,0
3088,6,1,1,0
3089,8,1,1,0
3090,4,1,1,0
3091,2,1,1,0
3092,1,1,1,0
3093,1,1,1,0
3094,6,1,1,0
3095,6,1,1,0
3096,3,1,1,0
3097,1,1,1,0
3098,8,1,1,0
3099,2,1,1,0
3100,7,1,1,0
3101,7,1,1,0
3102,10,1,1,0
3103,6,1,1,0
3104,6,1,1,0
3105,2,1,1,0
3106,5,1,1,0
3107,9,1,1,0
3108,1,1,1,0
3109,19,1,1,0
3110,6,1,1,0
3111,3,1,1,0
3112,1,1,1,0
3113,7,1,1,0
3114,4,1,1,0
3115,1,1,1,0
3116,1,1,1,0
3117,4,1,1,0
3118,8,1,1,0
3119,4,1,1,0
3120,3,1,1,0
3121,4,1,1,0
3122,4,1,1,0
3123,4,1,1,0
3124,5,1,1,0
3125,5,1,1,0
3126,1,1,1,0
3127,6,1,1,0
3128,4,1,1,0
3129,11,1,1,0
3130,1,1,1,0
3131,3,1,1,0
3132,5,1,1,0
3133,4,1,1,0
3134,4,1,1,0
3135,2,1,1,0
3136,2,1,1,0
3137,3,1,1,0
3138,3,1,1,0
3139,1,1,1,0
3140,7,1,1,0
3141,4,1,1,0
3142,1,1,1,0
3143,1,1,1,0
3144,3,1,1,0
3145,2,1,1,0
3146,2,1,1,0
3147,9,1,1,0
3148,1,1,1,0
3149,1,1,1,0
3150,1,1,1,0
3151,5,1,1,0
3152,8,1,1,0
3153,8,1,1,0
3154,2,1,1,0
3155,2,1,1,0
3156,3,1,1,0
3157,3,1,1,0
3158,20,1,1,0
3159,7,1,1,0
3160,3,1,1,0
3161,3,1,1,0
3162,2,1,1,0
3163,2,1,1,0
3164,14,1,1,0
3165,5,1,1,0
3166,2,1,1,0
3167,6,1,1,0
3168,2,1,1,0
3169,1,1,1,0
3170,2,1,1,0
3171,2,1,1,0
3172,2,1,1,0
3173,1,1,1,0
3174,2,1,1,0
3175,2,1,1,0
3176,9,1,1,0
3177,1,1,1,0
3178,2,1,1,0
3179,5,1,1,0
3180,7,1,1,0
3181,3,1,1,0
3182,4,1,1,0
3183,3,1,1,0
3184,1,1,1,0
3185,2,1,1,0
3186,4,1,1,0
3187,5,1,1,0
3188,1,1,1,0
3189,3,1,1,0
3190,1,1,1,0
3191,5,1,1,0
3192,5,1,1,0
3193,2,1,1,0
3194,5,1,1,0
3195,7,1,1,0
3196,2,1,1,0
3197,5,1,1,0
3198,2,1,1,0
3199,3,1,1,0
3200,4,1,1,0
3201,2,1,1,0
3202,2,1,1,0
3203,4,1,1,0
3204,3,1,1,0
3205,3,1,1,0
3206,10,1,1,0
3207,7,1,1,0
3208,3,1,1,0
3209,7,1,1,0
3210,2,1,1,0
3211,6,1,1,0
3212,5,1,1,0
3213,1,1,1,0
3214,5,1,1,0
3215,1,1,1,0
3216,3,1,1,0
3217,7,1,1,0
3218,8,1,1,0
3219,7,1,1,0
3220,6,1,1,0
3221,9,1,1,0
3222,6,1,1,0
3223,2,1,1,0
3224,1,1,1,0
3225,6,1,1,0
3226,1,1,1,0
3227,3,1,1,0
3228,2,1,1,0
3229,3,1,1,0
3230,1,1,1,0
3231,7,1,1,0
3232,13,1,1,0
3233,4,1,1,0
3234,1,1,1,0
3235,5,1,1,0
3236,4,1,1,0
3237,4,1,1,0
3238,6,1,1,0
3239,3,1,1,0
3240,4,1,1,0
3241,10,1,1,0
3242,4,1,1,0
3243,1,1,1,0
3244,2,1,1,0
3245,2,1,1,0
3246,1,1,1,0
3247,4,1,1,0
3248,1,1,1,0
3249,10,1,1,0
3250,3,1,1,0
3251,2,1,1,0
3252,2,1,1,0
3253,6,1,1,0
3254,3,1,1,0
3255,5,1,1,0
3256,4,1,1,0
3257,5,1,1,0
3258,3,1,1,0
3259,10,1,1,0
3260,2,1,1,0
3261,5,1,1,0
3262,3,1,1,0
3263,5,1,1,0
3264,4,1,1,0
3265,2,1,1,0
3266,3,1,1,0
3267,1,1,1,0
3268,3,1,1,0
3269,2,1,1,0
3270,6,1,1,0
3271,1,1,1,0
3272,6,1,1,0
3273,1,1,1,0
3274,7,1,1,0
3275,1,1,1,0
3276,4,1,1,0
3277,1,1,1,0
3278,3,1,1,0
3279,2,1,1,0
3280,1,1,1,0
3281,9,1,1,0
3282,5,1,1,0
3283,1,1,1,0
3284,2,1,1,0
3285,3,1,1,0
3286,6,1,1,0
3287,2,1,1,0
3288,5,1,1,0
3289,3,1,1,0
3290,1,1,1,0
3291,4,1,1,0
3292,2,1,1,0
3293,3,1,1,0
3294,4,1,1,0
3295,5,1,1,0
3296,6,1,1,0
3297,1,1,1,0
3298,1,1,1,0
3299,2,1,1,0
3300,4,1,1,0
3301,2,1,1,0
3302,4,1,1,0
3303,3,1,1,0
3304,9,1,1,0
3305,2,1,1,0
3306,2,1,1,0
3307,6,1,1,0
3308,9,1,1,0
3309,1,1,1,0
3310,1,1,1,0
3311,18,1,1,0
3312,7,1,1,0
3313,4,1,1,0
3314,4,1,1,0
3315,2,1,1,0
3316,9,1,1,0
3317,3,1,1,0
3318,3,1,1,0
3319,2,1,1,0
3320,2,1,1,0
3321,4,1,1,0
3322,3,1,1,0
3323,3,1,1,0
3324,9,1,1,0
3325,9,1,1,0
3326,1,1,1,0
3327,13,1,1,0
3328,1,1,1,0
3329,1,1,1,0
3330,4,1,1,0
3331,3,1,1,0
3332,1,1,1,0
3333,6,1,1,0
3334,2,1,1,0
3335,5,1,1,0
3336,8,1,1,0
3337,12,1,1,0
3338,4,1,1,0
3339,1,1,1,0
3340,4,1,1,0
3341,1,1,1,0
3342,2,1,1,0
3343,6,1,1,0
3344,3,1,1,0
3345,5,1,1,0
3346,12,1,1,0
3347,2,1,1,0
3348,2,1,1,0
3349,11,1,1,0
3350,6,1,1,0
3351,2,1,1,0
3352,1,1,1,0
3353,6,1,1,0
3354,3,1,1,0
3355,1,1,1,0
3356,5,1,1,0
3357,1,1,1,0
3358,3,1,1,0
3359,1,1,1,0
3360,2,1,1,0
3361,1,1,1,0
3362,2,1,1,0
3363,3,1,1,0
3364,7,1,1,0
3365,3,1,1,0
3366,4,1,1,0
3367,1,1,1,0
3368,5,1,1,0
3369,6,1,1,0
3370,4,1,1,0
3371,1,1,1,0
3372,1,1,1,0
3373,6,1,1,0
3374,3,1,1,0
3375,1,1,1,0
3376,9,1,1,0
3377,2,1,1,0
3378,3,1,1,0
3379,3,1,1,0
3380,5,1,1,0
3381,4,1,1,0
3382,3,1,1,0
3383,1,1,1,0
3384,3,1,1,0
3385,4,1,1,0
3386,2,1,1,0
3387,6,1,1,0
3388,1,1,1,0
3389,2,1,1,0
3390,2,1,1,0
3391,2,1,1,0
3392,1,1,1,0
3393,5,1,1,0
3394,8,1,1,0
3395,1,1,1,0
3396,3,1,1,0
3397,2,1,1,0
3398,1,1,1,0
3399,11,1,1,0
3400,4,1,1,0
3401,13,1,1,0
3402,2,1,1,0
3403,5,1,1,0
3404,1,1,1,0
3405,4,1,1,0
3406,7,1,1,0
3407,2,1,1,0
3408,1,1,1,0
3409,8,1,1,0
3410,1,1,1,0
3411,5,1,1,0
3412,3,1,1,0
3413,2,1,1,0
3414,5,1,1,0
3415,4,1,1,0
3416,4,1,1,0
3417,11,1,1,0
3418,1,1,1,0
3419,2,1,1,0
3420,2,1,1,0
3421,2,1,1,0
3422,5,1,1,0
3423,1,1,1,0
3424,2,1,1,0
3425,4,1,1,0
3426,2,1,1,0
3427,14,1,1,0
3428,3,1,1,0
3429,11,1,1,0
3430,3,1,1,0
3431,2,1,1,0
3432,2,1,1,0
3433,7,1,1,0
3434,1,1,1,0
3435,2,1,1,0
3436,2,1,1,0
3437,2,1,1,0
3438,1,1,1,0
3439,4,1,1,0
3440,11,1,1,0
3441,5,1,1,0
3442,3,1,1,0
3443,7,1,1,0
3444,2,1,1,0
3445,2,1,1,0
3446,6,1,1,0
3447,2,1,1,0
3448,3,1,1,0
3449,1,1,1,0
3450,4,1,1,0
3451,11,1,1,0
3452,17,1,1,0
3453,4,1,1,0
3454,7,1,1,0
3455,4,1,1,0
3456,1,1,1,0
3457,3,1,1,0
3458,1,1,1,0
3459,2,1,1,0
3460,4,1,1,0
3461,10,1,1,0
3462,4,1,1,0
3463,3,1,1,0
3464,3,1,1,0
3465,8,1,1,0
3466,3,1,1,0
3467,1,1,1,0
3468,3,1,1,0
3469,12,1,1,0
3470,2,1,1,0
3471,7,1,1,0
3472,2,1,1,0
3473,1,1,1,0
3474,3,1,1,0
3475,1,1,1,0
3476,2,1,1,0
3477,3,1,1,0
3478,2,1,1,0
3479,3,1,1,0
3480,3,1,1,0
3481,1,1,1,0
3482,1,1,1,0
3483,5,1,1,0
3484,3,1,1,0
3485,3,1,1,0
3486,2,1,1,0
3487,4,1,1,0
3488,2,1,1,0
3489,6,1,1,0
3490,2,1,1,0
3491,2,1,1,0
3492,8,1,1,0
3493,4,1,1,0
3494,4,1,1,0
3495,1,1,1,0
3496,3,1,1,0
3497,1,1,1,0
3498,1,1,1,0
3499,3,1,1,0
3500,2,1,1,0
3501,2,1,1,0
3502,4,1,1,0
3503,1,1,1,0
3504,1,1,1,0
3505,8,1,1,0
3506,10,1,1,0
3507,7,1,1,0
3508,5,1,1,0
3509,2,1,1,0
3510,7,1,1,0
3511,3,1,1,0
3512,1,1,1,0
3513,3,1,1,0
3514,6,1,1,0
3515,1,1,1,0
3516,3,1,1,0
3517,4,1,1,0
3518,4,1,1,0
3519,1,1,1,0
3520,6,1,1,0
3521,7,1,1,0
3522,3,1,1,0
3523,2,1,1,0
3524,1,1,1,0
3525,1,1,1,0
3526,5,1,1,0
3527,4,1,1,0
3528,3,1,1,0
3529,1,1,1,0
3530,1,1,1,0
3531,1,1,1,0
3532,1,1,1,0
3533,2,1,1,0
3534,4,1,1,0
3535,1,1,1,0
3536,4,1,1,0
3537,2,1,1,0
3538,1,1,1,0
3539,3,1,1,0
3540,4,1,1,0
3541,3,1,1,0
3542,3,1,1,0
3543,10,1,1,0
3544,4,1,1,0
3545,11,1,1,0
3546,3,1,1,0
3547,8,1,1,0
3548,8,1,1,0
3549,7,1,1,0
3550,19,1,1,0
3551,7,1,1,0
3552,3,1,1,0
3553,4,1,1,0
3554,3,1,1,0
3555,2,1,1,0
3556,6,1,1,0
3557,1,1,1,0
3558,5,1,1,0
3559,4,1,1,0
3560,3,1,1,0
3561,7,1,1,0
3562,1,1,1,0
3563,5,1,1,0
3564,6,1,1,0
3565,1,1,1,0
3566,5,1,1,0
3567,5,1,1,0
3568,1,1,1,0
3569,10,1,1,0
3570,1,1,1,0
3571,2,1,1,0
3572,1,1,1,0
3573,2,1,1,0
3574,3,1,1,0
3575,7,1,1,0
3576,2,1,1,0
3577,5,1,1,0
3578,2,1,1,0
3579,1,1,1,0
3580,5,1,1,0
3581,3,1,1,0
3582,3,1,1,0
3583,1,1,1,0
3584,2,1,1,0
3585,2,1,1,0
3586,4,1,1,0
3587,5,1,1,0
3588,4,1,1,0
3589,3,1,1,0
3590,4,1,1,0
3591,5,1,1,0
3592,9,1,1,0
3593,1,1,1,0
3594,3,1,1,0
3595,8,1,1,0
3596,2,1,1,0
3597,2,1,1,0
3598,1,1,1,0
3599,21,1,1,0
3600,2,1,1,0
3601,7,1,1,0
3602,1,1,1,0
3603,3,1,1,0
3604,3,1,1,0
3605,2,1,1,0
3606,6,1,1,0
3607,3,1,1,0
3608,2,1,1,0
3609,5,1,1,0
3610,1,1,1,0
3611,3,1,1,0
3612,13,1,1,0
3613,3,1,1,0
3614,1,1,1,0
3615,6,1,1,0
3616,1,1,1,0
3617,3,1,1,0
3618,13,1,1,0
3619,4,1,1,0
3620,2,1,1,0
3621,4,1,1,0
3622,9,1,1,0
3623,6,1,1,0
3624,2,1,1,0
3625,1,1,1,0
3626,2,1,1,0
3627,7,1,1,0
3628,1,1,1,0
3629,4,1,1,0
3630,2,1,1,0
3631,3,1,1,0
3632,3,1,1,0
3633,1,1,1,0
3634,4,1,1,0
3635,5,1,1,0
3636,1,1,1,0
3637,1,1,1,0
3638,1,1,1,0
3639,7,1,1,0
3640,2,1,1,0
3641,5,1,1,0
3642,3,1,1,0
3643,2,1,1,0
3644,1,1,1,0
3645,11,1,1,0
3646,13,1,1,0
3647,5,1,1,0
3648,2,1,1,0
3649,2,1,1,0
3650,1,1,1,0
3651,3,1,1,0
3652,2,1,1,0
3653,3,1,1,0
3654,2,1,1,0
3655,4,1,1,0
3656,2,1,1,0
3657,1,1,1,0
3658,7,1,1,0
3659,11,1,1,0
3660,1,1,1,0
3661,2,1,1,0
3662,2,1,1,0
3663,3,1,1,0
3664,8,1,1,0
3665,2,1,1,0
3666,1,1,1,0
3667,4,1,1,0
3668,3,1,1,0
3669,8,1,1,0
3670,4,1,1,0
3671,4,1,1,0
3672,1,1,1,0
3673,1,1,1,0
3674,1,1,1,0
3675,3,1,1,0
3676,1,1,1,0
3677,2,1,1,0
3678,3,1,1,0
3679,2,1,1,0
3680,2,1,1,0
3681,6,1,1,0
3682,1,1,1,0
3683,4,1,1,0
3684,3,1,1,0
3685,1,1,1,0
3686,1,1,1,0
3687,6,1,1,0
3688,1,1,1,0
3689,8,1,1,0
3690,4,1,1,0
3691,5,1,1,0
3692,3,1,1,0
3693,2,1,1,0
3694,1,1,1,0
3695,3,1,1,0
3696,8,1,1,0
3697,1,1,1,0
3698,4,1,1,0
3699,4,1,1,0
3700,2,1,1,0
3701,1,1,1,0
3702,4,1,1,0
3703,5,1,1,0
3704,3,1,1,0
3705,2,1,1,0
3706,4,1,1,0
3707,3,1,1,0
3708,2,1,1,0
3709,3,1,1,0
3710,3,1,1,0
3711,1,1,1,0
3712,1,1,1,0
3713,1,1,1,0
3714,4,1,1,0
3715,5,1,1,0
3716,3,1,1,0
3717,4,1,1,0
3718,4,1,1,0
3719,1,1,1,0
3720,4,1,1,0
3721,2,1,1,0
3722,3,1,1,0
3723,6,1,1,0
3724,1,1,1,0
3725,5,1,1,0
3726,3,1,1,0
3727,2,1,1,0
3728,6,1,1,0
3729,3,1,1,0
3730,4,1,1,0
3731,6,1,1,0
3732,1,1,1,0
3733,5,1,1,0
3734,4,1,1,0
3735,6,1,1,0
3736,6,1,1,0
3737,2,1,1,0
3738,1,1,1,0
3739,2,1,1,0
3740,8,1,1,0
3741,2,1,1,0
3742,6,1,1,0
3743,3,1,1,0
3744,16,1,1,0
3745,10,1,1,0
3746,1,1,1,0
3747,4,1,1,0
3748,2,1,1,0
3749,1,1,1,0
3750,2,1,1,0
3751,4,1,1,0
3752,3,1,1,0
3753,3,1,1,0
3754,1,1,1,0
3755,10,1,1,0
3756,4,1,1,0
3757,2,1,1,0
3758,3,1,1,0
3759,1,1,1,0
3760,4,1,1,0
3761,1,1,1,0
3762,1,1,1,0
3763,13,1,1,0
3764,3,1,1,0
3765,3,1,1,0
3766,2,1,1,0
3767,9,1,1,0
3768,2,1,1,0
3769,2,1,1,0
3770,1,1,1,0
3771,1,1,1,0
3772,8,1,1,0
3773,1,1,1,0
3774,3,1,1,0
3775,6,1,1,0
3776,4,1,1,0
3777,2,1,1,0
3778,1,1,1,0
3779,4,1,1,0
3780,2,1,1,0
3781,1,1,1,0
3782,1,1,1,0
3783,1,1,1,0
3784,12,1,1,0
3785,1,1,1,0
3786,4,1,1,0
3787,1,1,1,0
3788,3,1,1,0
3789,5,1,1,0
3790,1,1,1,0
3791,2,1,1,0
3792,1,1,1,0
3793,1,1,1,0
3794,2,1,1,0
3795,1,1,1,0
3796,1,1,1,0
3797,3,1,1,0
3798,4,1,1,0
3799,2,1,1,0
3800,1,1,1,0
3801,5,1,1,0
3802,5,1,1,0
3803,1,1,1,0
3804,5,1,1,0
3805,2,1,1,0
3806,3,1,1,0
3807,3,1,1,0
3808,1,1,1,0
3809,11,1,1,0
3810,3,1,1,0
3811,9,1,1,0
3812,4,1,1,0
3813,1,1,1,0
3814,4,1,1,0
3815,3,1,1,0
3816,13,1,1,0
3817,4,1,1,0
3818,3,1,1,0
3819,1,1,1,0
3820,5,1,1,0
3821,1,1,1,0
3822,8,1,1,0
3823,11,1,1,0
3824,2,1,1,0
3825,3,1,1,0
3826,1,1,1,0
3827,3,1,1,0
3828,2,1,1,0
3829,12,1,1,0
3830,5,1,1,0
3831,8,1,1,0
3832,1,1,1,0
3833,5,1,1,0
3834,1,1,1,0
3835,2,1,1,0
3836,6,1,1,0
3837,4,1,1,0
3838,5,1,1,0
3839,9,1,1,0
3840,3,1,1,0
3841,3,1,1,0
3842,20,1,1,0
3843,1,1,1,0
3844,2,1,1,0
3845,1,1,1,0
3846,3,1,1,0
3847,3,1,1,0
3848,2,1,1,0
3849,1,1,1,0
3850,19,1,1,0
3851,2,1,1,0
3852,5,1,1,0
3853,4,1,1,0
3854,2,1,1,0
3855,6,1,1,0
3856,10,1,1,0
3857,3,1,1,0
3858,1,1,1,0
3859,5,1,1,0
3860,6,1,1,0
3861,3,1,1,0
3862,5,1,1,0
3863,3,1,1,0
3864,11,1,1,0
3865,2,1,1,0
3866,12,1,1,0
3867,1,1,1,0
3868,1,1,1,0
3869,2,1,1,0
3870,4,1,1,0
3871,3,1,1,0
3872,6,1,1,0
3873,4,1,1,0
3874,3,1,1,0
3875,10,1,1,0
3876,11,1,1,0
3877,4,1,1,0
3878,1,1,1,0
3879,3,1,1,0
3880,2,1,1,0
3881,4,1,1,0
3882,2,1,1,0
3883,4,1,1,0
3884,4,1,1,0
3885,3,1,1,0
3886,4,1,1,0
3887,2,1,1,0
3888,2,1,1,0
3889,3,1,1,0
3890,2,1,1,0
3891,1,1,1,0
3892,1,1,1,0
3893,1,1,1,0
3894,8,1,1,0
3895,6,1,1,0
3896,8,1,1,0
3897,1,1,1,0
3898,8,1,1,0
3899,1,1,1,0
3900,4,1,1,0
3901,1,1,1,0
3902,3,1,1,0
3903,3,1,1,0
3904,8,1,1,0
3905,4,1,1,0
3906,5,1,1,0
3907,1,1,1,0
3908,3,1,1,0
3909,1,1,1,0
3910,8,1,1,0
3911,2,1,1,0
3912,6,1,1,0
3913,5,1,1,0
3914,2,1,1,0
3915,7,1,1,0
3916,1,1,1,0
3917,3,1,1,0
3918,1,1,1,0
3919,6,1,1,0
3920,6,1,1,0
3921,1,1,1,0
3922,2,1,1,0
3923,5,1,1,0
3924,2,1,1,0
3925,1,1,1,0
3926,6,1,1,0
3927,3,1,1,0
3928,1,1,1,0
3929,2,1,1,0
3930,3,1,1,0
3931,1,1,1,0
3932,2,1,1,0
3933,11,1,1,0
3934,2,1,1,0
3935,3,1,1,0
3936,1,1,1,0
3937,10,1,1,0
3938,4,1,1,0
3939,3,1,1,0
3940,3,1,1,0
3941,1,1,1,0
3942,2,1,1,0
3943,8,1,1,0
3944,2,1,1,0
3945,1,1,1,0
3946,7,1,1,0
3947,3,1,1,0
3948,1,1,1,0
3949,3,1,1,0
3950,2,1,1,0
3951,2,1,1,0
3952,1,1,1,0
3953,1,1,1,0
3954,10,1,1,0
3955,5,1,1,0
3956,5,1,1,0
3957,2,1,1,0
3958,3,1,1,0
3959,1,1,1,0
3960,3,1,1,0
3961,2,1,1,0
3962,5,1,1,0
3963,7,1,1,0
3964,2,1,1,0
3965,9,1,1,0
3966,9,1,1,0
3967,3,1,1,0
3968,2,1,1,0
3969,1,1,1,0
3970,1,1,1,0
3971,2,1,1,0
3972,1,1,1,0
3973,1,1,1,0
3974,7,1,1,0
3975,2,1,1,0
3976,4,1,1,0
3977,1,1,1,0
3978,1,1,1,0
3979,1,1,1,0
3980,4,1,1,0
3981,1,1,1,0
3982,1,1,1,0
3983,1,1,1,0
3984,1,1,1,0
3985,4,1,1,0
3986,1,1,1,0
3987,1,1,1,0
3988,4,1,1,0
3989,1,1,1,0
3990,8,1,1,0
3991,1,1,1,0
3992,2,1,1,0
3993,1,1,1,0
3994,2,1,1,0
3995,3,1,1,0
3996,7,1,1,0
3997,2,1,1,0
3998,2,1,1,0
3999,1,1,1,0
4000,16,1,1,0
4001,3,1,1,0
4002,4,1,1,0
4003,3,1,1,0
4004,3,1,1,0
4005,5,1,1,0
4006,5,1,1,0
4007,1,1,1,0
4008,1,1,1,0
4009,1,1,1,0
4010,2,1,1,0
4011,5,1,1,0
4012,3,1,1,0
4013,5,1,1,0
4014,10,1,1,0
4015,1,1,1,0
4016,1,1,1,0
4017,4,1,1,0
4018,8,1,1,0
4019,2,1,1,0
4020,4,1,1,0
4021,11,1,1,0
4022,3,1,1,0
4023,2,1,1,0
4024,4,1,1,0
4025,2,1,1,0
4026,2,1,1,0
4027,1,1,1,0
4028,3,1,1,0
4029,1,1,1,0
4030,8,1,1,0
4031,1,1,1,0
4032,9,1,1,0
4033,2,1,1,0
4034,2,1,1,0
4035,2,1,1,0
4036,3,1,1,0
4037,1,1,1,0
4038,4,1,1,0
4039,4,1,1,0
4040,6,1,1,0
4041,1,1,1,0
4042,1,1,1,0
4043,3,1,1,0
4044,10,1,1,0
4045,2,1,1,0
4046,5,1,1,0
4047,4,1,1,0
4048,2,1,1,0
4049,4,1,1,0
4050,8,1,1,0
4051,1,1,1,0
4052,2,1,1,0
4053,4,1,1,0
4054,3,1,1,0
4055,1,1,1,0
4056,3,1,1,0
4057,2,1,1,0
4058,2,1,1,0
4059,3,1,1,0
4060,3,1,1,0
4061,3,1,1,0
4062,1,1,1,0
4063,4,1,1,0
4064,1,1,1,0
4065,2,1,1,0
4066,4,1,1,0
4067,3,1,1,0
4068,1,1,1,0
4069,7,1,1,0
4070,14,1,1,0
4071,2,1,1,0
4072,2,1,1,0
4073,5,1,1,0
4074,1,1,1,0
4075,3,1,1,0
4076,1,1,1,0
4077,3,1,1,0
4078,3,1,1,0
4079,6,1,1,0
4080,3,1,1,0
4081,4,1,1,0
4082,4,1,1,0
4083,1,1,1,0
4084,1,1,1,0
4085,3,1,1,0
4086,2,1,1,0
4087,3,1,1,0
4088,2,1,1,0
4089,3,1,1,0
4090,8,1,1,0
4091,2,1,1,0
4092,14,1,1,0
4093,5,1,1,0
4094,3,1,1,0
4095,2,1,1,0
4096,3,1,1,0
4097,1,1,1,0
4098,11,1,1,0
4099,1,1,1,0
4100,1,1,1,0
4101,2,1,1,0
4102,2,1,1,0
4103,3,1,1,0
4104,1,1,1,0
4105,3,1,1,0
4106,5,1,1,0
4107,2,1,1,0
4108,4,1,1,0
4109,5,1,1,0
4110,2,1,1,0
4111,10,1,1,0
4112,1,1,1,0
4113,2,1,1,0
4114,1,1,1,0
4115,3,1,1,0
4116,4,1,1,0
4117,1,1,1,0
4118,1,1,1,0
4119,2,1,1,0
4120,4,1,1,0
4121,3,1,1,0
4122,2,1,1,0
4123,4,1,1,0
4124,6,1,1,0
4125,1,1,1,0
4126,1,1,1,0
4127,9,1,1,0
4128,1,1,1,0
4129,1,1,1,0
4130,5,1,1,0
4131,4,1,1,0
4132,1,1,1,0
4133,4,1,1,0
4134,1,1,1,0
4135,2,1,1,0
4136,6,1,1,0
4137,5,1,1,0
4138,1,1,1,0
4139,4,1,1,0
4140,4,1,1,0
4141,4,1,1,0
4142,1,1,1,0
4143,9,1,1,0
4144,2,1,1,0
4145,5,1,1,0
4146,2,1,1,0
4147,8,1,1,0
4148,3,1,1,0
4149,1,1,1,0
4150,1,1,1,0
4151,7,1,1,0
4152,4,1,1,0
4153,2,1,1,0
4154,3,1,1,0
4155,2,1,1,0
4156,2,1,1,0
4157,4,1,1,0
4158,1,1,1,0
4159,2,1,1,0
4160,4,1,1,0
4161,3,1,1,0
4162,3,1,1,0
4163,2,1,1,0
4164,3,1,1,0
4165,5,1,1,0
4166,1,1,1,0
4167,3,1,1,0
4168,2,1,1,0
4169,7,1,1,0
4170,1,1,1,0
4171,5,1,1,0
4172,3,1,1,0
4173,2,1,1,0
4174,2,1,1,0
4175,6,1,1,0
4176,6,1,1,0
4177,5,1,1,0
4178,2,1,1,0
4179,12,1,1,0
4180,3,1,1,0
4181,2,1,1,0
4182,1,1,1,0
4183,3,1,1,0
4184,1,1,1,0
4185,13,1,1,0
4186,7,1,1,0
4187,3,1,1,0
4188,5,1,1,0
4189,8,1,1,0
4190,3,1,1,0
4191,3,1,1,0
4192,1,1,1,0
4193,3,1,1,0
4194,1,1,1,0
4195,7,1,1,0
4196,2,1,1,0
4197,3,1,1,0
4198,4,1,1,0
4199,4,1,1,0
4200,8,1,1,0
4201,1,1,1,0
4202,5,1,1,0
4203,7,1,1,0
4204,5,1,1,0
4205,5,1,1,0
4206,1,1,1,0
4207,5,1,1,0
4208,3,1,1,0
4209,3,1,1,0
4210,3,1,1,0
4211,3,1,1,0
4212,4,1,1,0
4213,9,1,1,0
4214,2,1,1,0
4215,3,1,1,0
4216,8,1,1,0
4217,2,1,1,0
4218,2,1,1,0
4219,2,1,1,0
4220,1,1,1,0
4221,4,1,1,0
4222,6,1,1,0
4223,2,1,1,0
4224,3,1,1,0
4225,12,1,1,0
4226,4,1,1,0
4227,2,1,1,0
4228,3,1,1,0
4229,11,1,1,0
4230,1,1,1,0
4231,1,1,1,0
4232,5,1,1,0
4233,15,1,1,0
4234,4,1,1,0
4235,1,1,1,0
4236,9,1,1,0
4237,3,1,1,0
4238,3,1,1,0
4239,3,1,1,0
4240,3,1,1,0
4241,6,1,1,0
4242,2,1,1,0
4243,1,1,1,0
4244,5,1,1,0
4245,1,1,1,0
4246,4,1,1,0
4247,7,1,1,0
4248,10,1,1,0
4249,5,1,1,0
4250,5,1,1,0
4251,6,1,1,0
4252,4,1,1,0
4253,10,1,1,0
4254,1,1,1,0
4255,2,1,1,0
4256,10,1,1,0
4257,3,1,1,0
4258,1,1,1,0
4259,2,1,1,0
4260,4,1,1,0
4261,9,1,1,0
4262,3,1,1,0
4263,8,1,1,0
4264,3,1,1,0
4265,1,1,1,0
4266,2,1,1,0
4267,9,1,1,0
4268,1,1,1,0
4269,2,1,1,0
4270,2,1,1,0
4271,1,1,1,0
4272,2,1,1,0
4273,8,1,1,0
4274,1,1,1,0
4275,1,1,1,0
4276,5,1,1,0
4277,5,1,1,0
4278,1,1,1,0
4279,2,1,1,0
4280,11,1,1,0
4281,2,1,1,0
4282,2,1,1,0
4283,3,1,1,0
4284,3,1,1,0
4285,1,1,1,0
4286,3,1,1,0
4287,1,1,1,0
4288,2,1,1,0
4289,13,1,1,0
4290,1,1,1,0
4291,3,1,1,0
4292,8,1,1,0
4293,4,1,1,0
4294,1,1,1,0
4295,6,1,1,0
4296,2,1,1,0
4297,3,1,1,0
4298,1,1,1,0
4299,2,1,1,0
4300,6,1,1,0
4301,3,1,1,0
4302,1,1,1,0
4303,6,1,1,0
4304,5,1,1,0
4305,4,1,1,0
4306,2,1,1,0
4307,4,1,1,0
4308,5,1,1,0
4309,1,1,1,0
4310,3,1,1,0
4311,8,1,1,0
4312,1,1,1,0
4313,1,1,1,0
4314,9,1,1,0
4315,1,1,1,0
4316,2,1,1,0
4317,5,1,1,0
4318,17,1,1,0
4319,4,1,1,0
4320,3,1,1,0
4321,1,1,1,0
4322,3,1,1,0
4323,2,1,1,0
4324,2,1,1,0
4325,9,1,1,0
4326,3,1,1,0
4327,3,1,1,0
4328,3,1,1,0
4329,6,1,1,0
4330,1,1,1,0
4331,3,1,1,0
4332,1,1,1,0
4333,2,1,1,0
4334,1,1,1,0
4335,1,1,1,0
4336,6,1,1,0
4337,3,1,1,0
4338,4,1,1,0
4339,1,1,1,0
4340,4,1,1,0
4341,1,1,1,0
4342,5,1,1,0
4343,2,1,1,0
4344,1,1,1,0
4345,1,1,1,0
4346,2,1,1,0
4347,2,1,1,0
4348,1,1,1,0
4349,3,1,1,0
4350,2,1,1,0
4351,1,1,1,0
4352,4,1,1,0
4353,9,1,1,0
4354,4,1,1,0
4355,5,1,1,0
4356,4,1,1,0
4357,9,1,1,0
4358,4,1,1,0
4359,7,1,1,0
4360,4,1,1,0
4361,3,1,1,0
4362,4,1,1,0
4363,1,1,1,0
4364,4,1,1,0
4365,4,1,1,0
4366,1,1,1,0
4367,3,1,1,0
4368,5,1,1,0
4369,4,1,1,0
4370,2,1,1,0
4371,2,1,1,0
4372,1,1,1,0
4373,2,1,1,0
4374,15,1,1,0
4375,2,1,1,0
4376,6,1,1,0
4377,6,1,1,0
4378,2,1,1,0
4379,3,1,1,0
4380,5,1,1,0
4381,4,1,1,0
4382,3,1,1,0
4383,9,1,1,0
4384,2,1,1,0
4385,1,1,1,0
4386,2,1,1,0
4387,1,1,1,0
4388,3,1,1,0
4389,2,1,1,0
4390,1,1,1,0
4391,9,1,1,0
4392,4,1,1,0
4393,1,1,1,0
4394,1,1,1,0
4395,3,1,1,0
4396,5,1,1,0
4397,3,1,1,0
4398,3,1,1,0
4399,3,1,1,0
4400,2,1,1,0
4401,1,1,1,0
4402,9,1,1,0
4403,2,1,1,0
4404,2,1,1,0
4405,1,1,1,0
4406,5,1,1,0
4407,3,1,1,0
4408,3,1,1,0
4409,1,1,1,0
4410,3,1,1,0
4411,16,1,1,0
4412,2,1,1,0
4413,1,1,1,0
4414,5,1,1,0
4415,1,1,1,0
4416,4,1,1,0
4417,2,1,1,0
4418,2,1,1,0
4419,3,1,1,0
4420,7,1,1,0
4421,5,1,1,0
4422,2,1,1,0
4423,6,1,1,0
4424,4,1,1,0
4425,6,1,1,0
4426,1,1,1,0
4427,3,1,1,0
4428,6,1,1,0
4429,2,1,1,0
4430,5,1,1,0
4431,5,1,1,0
4432,1,1,1,0
4433,3,1,1,0
4434,5,1,1,0
4435,2,1,1,0
4436,1,1,1,0
4437,2,1,1,0
4438,1,1,1,0
4439,5,1,1,0
4440,3,1,1,0
4441,14,1,1,0
4442,3,1,1,0
4443,7,1,1,0
4444,4,1,1,0
4445,3,1,1,0
4446,15,1,1,0
4447,2,1,1,0
4448,4,1,1,0
4449,3,1,1,0
4450,4,1,1,0
4451,1,1,1,0
4452,1,1,1,0
4453,3,1,1,0
4454,12,1,1,0
4455,4,1,1,0
4456,11,1,1,0
4457,5,1,1,0
4458,2,1,1,0
4459,7,1,1,0
4460,3,1,1,0
4461,3,1,1,0
4462,2,1,1,0
4463,2,1,1,0
4464,5,1,1,0
4465,9,1,1,0
4466,2,1,1,0
4467,1,1,1,0
4468,4,1,1,0
4469,1,1,1,0
4470,4,1,1,0
4471,6,1,1,0
4472,2,1,1,0
4473,6,1,1,0
4474,6,1,1,0
4475,5,1,1,0
4476,1,1,1,0
4477,2,1,1,0
4478,7,1,1,0
4479,2,1,1,0
4480,1,1,1,0
4481,1,1,1,0
4482,1,1,1,0
4483,3,1,1,0
4484,16,1,1,0
4485,2,1,1,0
4486,1,1,1,0
4487,4,1,1,0
4488,11,1,1,0
4489,2,1,1,0
4490,10,1,1,0
4491,4,1,1,0
4492,9,1,1,0
4493,1,1,1,0
4494,3,1,1,0
4495,2,1,1,0
4496,1,1,1,0
4497,2,1,1,0
4498,2,1,1,0
4499,3,1,1,0
4500,10,1,1,0
4501,7,1,1,0
4502,2,1,1,0
4503,2,1,1,0
4504,3,1,1,0
4505,5,1,1,0
4506,9,1,1,0
4507,5,1,1,0
4508,5,1,1,0
4509,6,1,1,0
4510,1,1,1,0
4511,2,1,1,0
4512,1,1,1,0
4513,2,1,1,0
4514,5,1,1,0
4515,7,1,1,0
4516,2,1,1,0
4517,2,1,1,0
4518,7,1,1,0
4519,1,1,1,0
4520,6,1,1,0
4521,10,1,1,0
4522,3,1,1,0
4523,1,1,1,0
4524,2,1,1,0
4525,7,1,1,0
4526,7,1,1,0
4527,2,1,1,0
4528,4,1,1,0
4529,1,1,1,0
4530,1,1,1,0
4531,6,1,1,0
4532,3,1,1,0
4533,9,1,1,0
4534,7,1,1,0
4535,10,1,1,0
4536,1,1,1,0
4537,5,1,1,0
4538,2,1,1,0
4539,1,1,1,0
4540,2,1,1,0
4541,2,1,1,0
4542,5,1,1,0
4543,2,1,1,0
4544,1,1,1,0
4545,7,1,1,0
4546,2,1,1,0
4547,1,1,1,0
4548,1,1,1,0
4549,6,1,1,0
4550,3,1,1,0
4551,3,1,1,0
4552,1,1,1,0
4553,7,1,1,0
4554,2,1,1,0
4555,1,1,1,0
4556,2,1,1,0
4557,1,1,1,0
4558,1,1,1,0
4559,1,1,1,0
4560,3,1,1,0
4561,6,1,1,0
4562,2,1,1,0
4563,4,1,1,0
4564,1,1,1,0
4565,5,1,1,0
4566,3,1,1,0
4567,1,1,1,0
4568,8,1,1,0
4569,3,1,1,0
4570,5,1,1,0
4571,2,1,1,0
4572,6,1,1,0
4573,6,1,1,0
4574,7,1,1,0
4575,2,1,1,0
4576,3,1,1,0
4577,1,1,1,0
4578,3,1,1,0
4579,5,1,1,0
4580,5,1,1,0
4581,2,1,1,0
4582,2,1,1,0
4583,5,1,1,0
4584,4,1,1,0
4585,1,1,1,0
4586,1,1,1,0
4587,3,1,1,0
4588,2,1,1,0
4589,5,1,1,0
4590,5,1,1,0
4591,1,1,1,0
4592,1,1,1,0
4593,1,1,1,0
4594,5,1,1,0
4595,1,1,1,0
4596,3,1,1,0
4597,2,1,1,0
4598,2,1,1,0
4599,1,1,1,0
4600,1,1,1,0
4601,3,1,1,0
4602,1,1,1,0
4603,1,1,1,0
4604,5,1,1,0
4605,6,1,1,0
4606,7,1,1,0
4607,2,1,1,0
4608,1,1,1,0
4609,1,1,1,0
4610,5,1,1,0
4611,1,1,1,0
4612,2,1,1,0
4613,3,1,1,0
4614,3,1,1,0
4615,2,1,1,0
4616,11,1,1,0
4617,4,1,1,0
4618,5,1,1,0
4619,3,1,1,0
4620,1,1,1,0
4621,4,1,1,0
4622,4,1,1,0
4623,2,1,1,0
4624,12,1,1,0
4625,6,1,1,0
4626,4,1,1,0
4627,2,1,1,0
4628,1,1,1,0
4629,6,1,1,0
4630,1,1,1,0
4631,4,1,1,0
4632,3,1,1,0
4633,6,1,1,0
4634,2,1,1,0
4635,3,1,1,0
4636,4,1,1,0
4637,7,1,1,0
4638,2,1,1,0
4639,3,1,1,0
4640,2,1,1,0
4641,2,1,1,0
4642,2,1,1,0
4643,6,1,1,0
4644,6,1,1,0
4645,4,1,1,0
4646,3,1,1,0
4647,1,1,1,0
4648,1,1,1,0
4649,10,1,1,0
4650,1,1,1,0
4651,10,1,1,0
4652,4,1,1,0
4653,4,1,1,0
4654,1,1,1,0
4655,2,1,1,0
4656,2,1,1,0
4657,2,1,1,0
4658,1,1,1,0
4659,2,1,1,0
4660,2,1,1,0
4661,1,1,1,0
4662,4,1,1,0
4663,1,1,1,0
4664,7,1,1,0
4665,1,1,1,0
4666,2,1,1,0
4667,6,1,1,0
4668,1,1,1,0
4669,1,1,1,0
4670,1,1,1,0
4671,8,1,1,0
4672,2,1,1,0
4673,4,1,1,0
4674,2,1,1,0
4675,2,1,1,0
4676,1,1,1,0
4677,9,1,1,0
4678,2,1,1,0
4679,12,1,1,0
4680,4,1,1,0
4681,1,1,1,0
4682,5,1,1,0
4683,1,1,1,0
4684,5,1,1,0
4685,1,1,1,0
4686,4,1,1,0
4687,3,1,1,0
4688,2,1,1,0
4689,3,1,1,0
4690,5,1,1,0
4691,2,1,1,0
4692,4,1,1,0
4693,1,1,1,0
4694,4,1,1,0
4695,3,1,1,0
4696,1,1,1,0
4697,1,1,1,0
4698,3,1,1,0
4699,6,1,1,0
4700,2,1,1,0
4701,3,1,1,0
4702,2,1,1,0
4703,1,1,1,0
4704,1,1,1,0
4705,1,1,1,0
4706,7,1,1,0
4707,2,1,1,0
4708,2,1,1,0
4709,1,1,1,0
4710,2,1,1,0
4711,11,1,1,0
4712,7,1,1,0
4713,1,1,1,0
4714,4,1,1,0
4715,3,1,1,0
4716,1,1,1,0
4717,2,1,1,0
4718,1,1,1,0
4719,1,1,1,0
4720,1,1,1,0
4721,1,1,1,0
4722,1,1,1,0
4723,1,1,1,0
4724,4,1,1,0
4725,4,1,1,0
4726,2,1,1,0
4727,1,1,1,0
4728,3,1,1,0
4729,1,1,1,0
4730,5,1,1,0
4731,1,1,1,0
4732,2,1,1,0
4733,2,1,1,0
4734,3,1,1,0
4735,1,1,1,0
4736,4,1,1,0
4737,2,1,1,0
4738,6,1,1,0
4739,1,1,1,0
4740,7,1,1,0
4741,6,1,1,0
4742,5,1,1,0
4743,3,1,1,0
4744,7,1,1,0
4745,2,1,1,0
4746,1,1,1,0
4747,1,1,1,0
4748,1,1,1,0
4749,6,1,1,0
4750,7,1,1,0
4751,2,1,1,0
4752,2,1,1,0
4753,3,1,1,0
4754,1,1,1,0
4755,3,1,1,0
4756,3,1,1,0
4757,1,1,1,0
4758,3,1,1,0
4759,7,1,1,0
4760,5,1,1,0
4761,2,1,1,0
4762,4,1,1,0
4763,5,1,1,0
4764,1,1,1,0
4765,2,1,1,0
4766,4,1,1,0
4767,2,1,1,0
4768,4,1,1,0
4769,3,1,1,0
4770,2,1,1,0
4771,3,1,1,0
4772,1,1,1,0
4773,1,1,1,0
4774,10,1,1,0
4775,5,1,1,0
4776,5,1,1,0
4777,1,1,1,0
4778,10,1,1,0
4779,1,1,1,0
4780,6,1,1,0
4781,3,1,1,0
4782,7,1,1,0
4783,10,1,1,0
4784,2,1,1,0
4785,3,1,1,0
4786,2,1,1,0
4787,4,1,1,0
4788,2,1,1,0
4789,9,1,1,0
4790,1,1,1,0
4791,2,1,1,0
4792,4,1,1,0
4793,3,1,1,0
4794,6,1,1,0
4795,2,1,1,0
4796,2,1,1,0
4797,1,1,1,0
4798,4,1,1,0
4799,2,1,1,0
4800,8,1,1,0
4801,3,1,1,0
4802,8,1,1,0
4803,4,1,1,0
4804,2,1,1,0
4805,2,1,1,0
4806,8,1,1,0
4807,3,1,1,0
4808,1,1,1,0
4809,1,1,1,0
4810,4,1,1,0
4811,1,1,1,0
4812,1,1,1,0
4813,5,1,1,0
4814,1,1,1,0
4815,5,1,1,0
4816,1,1,1,0
4817,3,1,1,0
4818,2,1,1,0
4819,2,1,1,0
4820,9,1,1,0
4821,5,1,1,0
4822,4,1,1,0
4823,6,1,1,0
4824,3,1,1,0
4825,1,1,1,0
4826,7,1,1,0
4827,2,1,1,0
4828,2,1,1,0
4829,1,1,1,0
4830,1,1,1,0
4831,2,1,1,0
4832,5,1,1,0
4833,1,1,1,0
4834,3,1,1,0
4835,3,1,1,0
4836,5,1,1,0
4837,3,1,1,0
4838,3,1,1,0
4839,2,1,1,0
4840,1,1,1,0
4841,7,1,1,0
4842,1,1,1,0
4843,3,1,1,0
4844,7,1,1,0
4845,4,1,1,0
4846,2,1,1,0
4847,3,1,1,0
4848,1,1,1,0
4849,1,1,1,0
4850,1,1,1,0
4851,3,1,1,0
4852,1,1,1,0
4853,3,1,1,0
4854,3,1,1,0
4855,6,1,1,0
4856,1,1,1,0
4857,8,1,1,0
4858,1,1,1,0
4859,5,1,1,0
4860,5,1,1,0
4861,6,1,1,0
4862,3,1,1,0
4863,3,1,1,0
4864,1,1,1,0
4865,2,1,1,0
4866,2,1,1,0
4867,3,1,1,0
4868,8,1,1,0
4869,5,1,1,0
4870,2,1,1,0
4871,3,1,1,0
4872,1,1,1,0
4873,3,1,1,0
4874,5,1,1,0
4875,4,1,1,0
4876,3,1,1,0
4877,3,1,1,0
4878,3,1,1,0
4879,2,1,1,0
4880,1,1,1,0
4881,3,1,1,0
4882,5,1,1,0
4883,1,1,1,0
4884,1,1,1,0
4885,6,1,1,0
4886,1,1,1,0
4887,3,1,1,0
4888,4,1,1,0
4889,3,1,1,0
4890,5,1,1,0
4891,1,1,1,0
4892,1,1,1,0
4893,5,1,1,0
4894,5,1,1,0
4895,3,1,1,0
4896,4,1,1,0
4897,5,1,1,0
4898,8,1,1,0
4899,6,1,1,0
4900,1,1,1,0
4901,4,1,1,0
4902,3,1,1,0
4903,3,1,1,0
4904,4,1,1,0
4905,2,1,1,0
4906,2,1,1,0
4907,5,1,1,0
4908,6,1,1,0
4909,5,1,1,0
4910,2,1,1,0
4911,5,1,1,0
4912,3,1,1,0
4913,2,1,1,0
4914,2,1,1,0
4915,8,1,1,0
4916,15,1,1,0
4917,1,1,1,0
4918,2,1,1,0
4919,4,1,1,0
4920,5,1,1,0
4921,2,1,1,0
4922,3,1,1,0
4923,3,1,1,0
4924,15,1,1,0
4925,3,1,1,0
4926,1,1,1,0
4927,18,1,1,0
4928,3,1,1,0
4929,1,1,1,0
4930,3,1,1,0
4931,4,1,1,0
4932,3,1,1,0
4933,1,1,1,0
4934,2,1,1,0
4935,2,1,1,0
4936,1,1,1,0
4937,4,1,1,0
4938,2,1,1,0
4939,6,1,1,0
4940,1,1,1,0
4941,3,1,1,0
4942,5,1,1,0
4943,1,1,1,0
4944,3,1,1,0
4945,3,1,1,0
4946,2,1,1,0
4947,4,1,1,0
4948,1,1,1,0
4949,4,1,1,0
4950,1,1,1,0
4951,4,1,1,0
4952,4,1,1,0
4953,1,1,1,0
4954,2,1,1,0
4955,16,1,1,0
4956,1,1,1,0
4957,4,1,1,0
4958,3,1,1,0
4959,3,1,1,0
4960,1,1,1,0
4961,3,1,1,0
4962,1,1,1,0
4963,1,1,1,0
4964,2,1,1,0
4965,3,1,1,0
4966,1,1,1,0
4967,2,1,1,0
4968,2,1,1,0
4969,4,1,1,0
4970,4,1,1,0
4971,2,1,1,0
4972,1,1,1,0
4973,6,1,1,0
4974,3,1,1,0
4975,2,1,1,0
4976,2,1,1,0
4977,2,1,1,0
4978,3,1,1,0
4979,2,1,1,0
4980,6,1,1,0
4981,1,1,1,0
4982,8,1,1,0
4983,4,1,1,0
4984,11,1,1,0
4985,4,1,1,0
4986,7,1,1,0
4987,3,1,1,0
4988,4,1,1,0
4989,4,1,1,0
4990,4,1,1,0
4991,2,1,1,0
4992,1,1,1,0
4993,1,1,1,0
4994,2,1,1,0
4995,3,1,1,0
4996,3,1,1,0
4997,3,1,1,0
4998,1,1,1,0
4999,4,1,1,0
5000,6,1,1,0
5001,5,1,1,0
5002,7,1,1,0
5003,4,1,1,0
5004,1,1,1,0
5005,1,1,1,0
5006,5,1,1,0
5007,2,1,1,0
5008,2,1,1,0
5009,1,1,1,0
5010,4,1,1,0
5011,4,1,1,0
5012,3,1,1,0
5013,3,1,1,0
5014,1,1,1,0
5015,1,1,1,0
5016,3,1,1,0
5017,7,1,1,0
5018,7,1,1,0
5019,7,1,1,0
5020,3,1,1,0
5021,9,1,1,0
5022,1,1,1,0
5023,1,1,1,0
5024,2,1,1,0
5025,1,1,1,0
5026,9,1,1,0
5027,2,1,1,0
5028,3,1,1,0
5029,2,1,1,0
5030,1,1,1,0
5031,4,1,1,0
5032,7,1,1,0
5033,3,1,1,0
5034,1,1,1,0
5035,1,1,1,0
5036,2,1,1,0
5037,4,1,1,0
5038,1,1,1,0
5039,3,1,1,0
5040,2,1,1,0
5041,2,1,1,0
5042,7,1,1,0
5043,3,1,1,0
5044,7,1,1,0
5045,2,1,1,0
5046,4,1,1,0
5047,1,1,1,0
5048,4,1,1,0
5049,4,1,1,0
5050,2,1,1,0
5051,5,1,1,0
5052,10,1,1,0
5053,1,1,1,0
5054,2,1,1,0
5055,10,1,1,0
5056,8,1,1,0
5057,3,1,1,0
5058,1,1,1,0
5059,6,1,1,0
5060,4,1,1,0
5061,7,1,1,0
5062,3,1,1,0
5063,1,1,1,0
5064,8,1,1,0
5065,2,1,1,0
5066,3,1,1,0
5067,8,1,1,0
5068,2,1,1,0
5069,5,1,1,0
5070,1,1,1,0
5071,2,1,1,0
5072,2,1,1,0
5073,5,1,1,0
5074,6,1,1,0
5075,3,1,1,0
5076,5,1,1,0
5077,1,1,1,0
5078,4,1,1,0
5079,9,1,1,0
5080,1,1,1,0
5081,8,1,1,0
5082,5,1,1,0
5083,5,1,1,0
5084,3,1,1,0
5085,9,1,1,0
5086,4,1,1,0
5087,10,1,1,0
5088,1,1,1,0
5089,1,1,1,0
5090,2,1,1,0
5091,5,1,1,0
5092,2,1,1,0
5093,4,1,1,0
5094,2,1,1,0
5095,10,1,1,0
5096,3,1,1,0
5097,2,1,1,0
5098,3,1,1,0
5099,5,1,1,0
5100,3,1,1,0
5101,4,1,1,0
5102,2,1,1,0
5103,1,1,1,0
5104,1,1,1,0
5105,5,1,1,0
5106,1,1,1,0
5107,2,1,1,0
5108,6,1,1,0
5109,3,1,1,0
5110,1,1,1,0
5111,6,1,1,0
5112,2,1,1,0
5113,3,1,1,0
5114,1,1,1,0
5115,10,1,1,0
5116,4,1,1,0
5117,3,1,1,0
5118,1,1,1,0
5119,3,1,1,0
5120,1,1,1,0
5121,3,1,1,0
5122,4,1,1,0
5123,1,1,1,0
5124,8,1,1,0
5125,1,1,1,0
5126,4,1,1,0
5127,5,1,1,0
5128,9,1,1,0
5129,2,1,1,0
5130,3,1,1,0
5131,2,1,1,0
5132,9,1,1,0
5133,1,1,1,0
5134,8,1,1,0
5135,9,1,1,0
5136,1,1,1,0
5137,4,1,1,0
5138,1,1,1,0
5139,7,1,1,0
5140,3,1,1,0
5141,7,1,1,0
5142,3,1,1,0
5143,1,1,1,0
5144,3,1,1,0
5145,1,1,1,0
5146,2,1,1,0
5147,5,1,1,0
5148,3,1,1,0
5149,2,1,1,0
5150,5,1,1,0
5151,1,1,1,0
5152,3,1,1,0
5153,13,1,1,0
5154,3,1,1,0
5155,3,1,1,0
5156,4,1,1,0
5157,2,1,1,0
5158,3,1,1,0
5159,4,1,1,0
5160,1,1,1,0
5161,4,1,1,0
5162,4,1,1,0
5163,6,1,1,0
5164,1,1,1,0
5165,3,1,1,0
5166,5,1,1,0
5167,6,1,1,0
5168,1,1,1,0
5169,1,1,1,0
5170,2,1,1,0
5171,6,1,1,0
5172,3,1,1,0
5173,1,1,1,0
5174,1,1,1,0
5175,2,1,1,0
5176,2,1,1,0
5177,1,1,1,0
5178,3,1,1,0
5179,4,1,1,0
5180,3,1,1,0
5181,2,1,1,0
5182,1,1,1,0
5183,28,1,1,0
5184,1,1,1,0
5185,1,1,1,0
5186,7,1,1,0
5187,2,1,1,0
5188,2,1,1,0
5189,2,1,1,0
5190,2,1,1,0
5191,1,1,1,0
5192,2,1,1,0
5193,2,1,1,0
5194,3,1,1,0
5195,1,1,1,0
5196,3,1,1,0
5197,2,1,1,0
5198,5,1,1,0
5199,1,1,1,0
5200,3,1,1,0
5201,1,1,1,0
5202,2,1,1,0
5203,2,1,1,0
5204,2,1,1,0
5205,1,1,1,0
5206,11,1,1,0
5207,1,1,1,0
5208,1,1,1,0
5209,4,1,1,0
5210,3,1,1,0
5211,9,1,1,0
5212,9,1,1,0
5213,2,1,1,0
5214,5,1,1,0
5215,8,1,1,0
5216,3,1,1,0
5217,12,1,1,0
5218,15,1,1,0
5219,5,1,1,0
5220,2,1,1,0
5221,12,1,1,0
5222,6,1,1,0
5223,8,1,1,0
5224,2,1,1,0
5225,2,1,1,0
5226,3,1,1,0
5227,3,1,1,0
5228,3,1,1,0
5229,1,1,1,0
5230,1,1,1,0
5231,2,1,1,0
5232,3,1,1,0
5233,1,1,1,0
5234,1,1,1,0
5235,2,1,1,0
5236,1,1,1,0
5237,12,1,1,0
5238,1,1,1,0
5239,9,1,1,0
5240,12,1,1,0
5241,3,1,1,0
5242,1,1,1,0
5243,1,1,1,0
5244,3,1,1,0
5245,5,1,1,0
5246,6,1,1,0
5247,2,1,1,0
5248,3,1,1,0
5249,3,1,1,0
5250,3,1,1,0
5251,2,1,1,0
5252,3,1,1,0
5253,2,1,1,0
5254,2,1,1,0
5255,11,1,1,0
5256,1,1,1,0
5257,1,1,1,0
5258,1,1,1,0
5259,1,1,1,0
5260,4,1,1,0
5261,2,1,1,0
5262,5,1,1,0
5263,2,1,1,0
5264,3,1,1,0
5265,1,1,1,0
5266,8,1,1,0
5267,4,1,1,0
5268,6,1,1,0
5269,2,1,1,0
5270,3,1,1,0
5271,1,1,1,0
5272,1,1,1,0
5273,5,1,1,0
5274,3,1,1,0
5275,1,1,1,0
5276,9,1,1,0
5277,2,1,1,0
5278,4,1,1,0
5279,1,1,1,0
5280,5,1,1,0
5281,3,1,1,0
5282,9,1,1,0
5283,4,1,1,0
5284,2,1,1,0
5285,1,1,1,0
5286,4,1,1,0
5287,1,1,1,0
5288,2,1,1,0
5289,3,1,1,0
5290,2,1,1,0
5291,1,1,1,0
5292,5,1,1,0
5293,2,1,1,0
5294,3,1,1,0
5295,4,1,1,0
5296,2,1,1,0
5297,5,1,1,0
5298,4,1,1,0
5299,3,1,1,0
5300,1,1,1,0
5301,4,1,1,0
5302,3,1,1,0
5303,6,1,1,0
5304,5,1,1,0
5305,10,1,1,0
5306,3,1,1,0
5307,1,1,1,0
5308,5,1,1,0
5309,5,1,1,0
5310,2,1,1,0
5311,1,1,1,0
5312,1,1,1,0
5313,3,1,1,0
5314,1,1,1,0
5315,2,1,1,0
5316,4,1,1,0
5317,2,1,1,0
5318,2,1,1,0
5319,1,1,1,0
5320,1,1,1,0
5321,1,1,1,0
5322,3,1,1,0
5323,3,1,1,0
5324,4,1,1,0
5325,1,1,1,0
5326,2,1,1,0
5327,2,1,1,0
5328,3,1,1,0
5329,1,1,1,0
5330,2,1,1,0
5331,2,1,1,0
5332,3,1,1,0
5333,9,1,1,0
5334,1,1,1,0
5335,6,1,1,0
5336,2,1,1,0
5337,1,1,1,0
5338,6,1,1,0
5339,2,1,1,0
5340,4,1,1,0
5341,12,1,1,0
5342,1,1,1,0
5343,3,1,1,0
5344,11,1,1,0
5345,4,1,1,0
5346,2,1,1,0
5347,1,1,1,0
5348,4,1,1,0
5349,6,1,1,0
5350,4,1,1,0
5351,2,1,1,0
5352,1,1,1,0
5353,2,1,1,0
5354,5,1,1,0
5355,2,1,1,0
5356,2,1,1,0
5357,5,1,1,0
5358,2,1,1,0
5359,11,1,1,0
5360,9,1,1,0
5361,2,1,1,0
5362,1,1,1,0
5363,6,1,1,0
5364,2,1,1,0
5365,2,1,1,0
5366,9,1,1,0
5367,4,1,1,0
5368,6,1,1,0
5369,1,1,1,0
5370,11,1,1,0
5371,5,1,1,0
5372,3,1,1,0
5373,4,1,1,0
5374,5,1,1,0
5375,2,1,1,0
5376,2,1,1,0
5377,4,1,1,0
5378,1,1,1,0
5379,5,1,1,0
5380,9,1,1,0
5381,5,1,1,0
5382,9,1,1,0
5383,6,1,1,0
5384,4,1,1,0
5385,7,1,1,0
5386,2,1,1,0
5387,7,1,1,0
5388,2,1,1,0
5389,7,1,1,0
5390,6,1,1,0
5391,2,1,1,0
5392,2,1,1,0
5393,5,1,1,0
5394,5,1,1,0
5395,8,1,1,0
5396,6,1,1,0
5397,3,1,1,0
5398,10,1,1,0
5399,8,1,1,0
5400,2,1,1,0
5401,3,1,1,0
5402,1,1,1,0
5403,2,1,1,0
5404,1,1,1,0
5405,2,1,1,0
5406,8,1,1,0
5407,2,1,1,0
5408,4,1,1,0
5409,6,1,1,0
5410,1,1,1,0
5411,4,1,1,0
5412,2,1,1,0
5413,4,1,1,0
5414,1,1,1,0
5415,7,1,1,0
5416,3,1,1,0
5417,3,1,1,0
5418,5,1,1,0
5419,4,1,1,0
5420,1,1,1,0
5421,2,1,1,0
5422,13,1,1,0
5423,1,1,1,0
5424,5,1,1,0
5425,9,1,1,0
5426,2,1,1,0
5427,2,1,1,0
5428,1,1,1,0
5429,2,1,1,0
5430,1,1,1,0
5431,3,1,1,0
5432,1,1,1,0
5433,4,1,1,0
5434,2,1,1,0
5435,6,1,1,0
5436,1,1,1,0
5437,3,1,1,0
5438,13,1,1,0
5439,2,1,1,0
5440,1,1,1,0
5441,7,1,1,0
5442,1,1,1,0
5443,2,1,1,0
5444,2,1,1,0
5445,3,1,1,0
5446,2,1,1,0
5447,1,1,1,0
5448,8,1,1,0
5449,3,1,1,0
5450,5,1,1,0
5451,6,1,1,0
5452,4,1,1,0
5453,2,1,1,0
5454,3,1,1,0
5455,1,1,1,0
5456,1,1,1,0
5457,1,1,1,0
5458,1,1,1,0
5459,1,1,1,0
5460,2,1,1,0
5461,5,1,1,0
5462,4,1,1,0
5463,3,1,1,0
5464,4,1,1,0
5465,1,1,1,0
5466,3,1,1,0
5467,9,1,1,0
5468,2,1,1,0
5469,3,1,1,0
5470,3,1,1,0
5471,2,1,1,0
5472,3,1,1,0
5473,3,1,1,0
5474,5,1,1,0
5475,3,1,1,0
5476,1,1,1,0
5477,9,1,1,0
5478,3,1,1,0
5479,4,1,1,0
5480,4,1,1,0
5481,5,1,1,0
5482,2,1,1,0
5483,4,1,1,0
5484,6,1,1,0
5485,1,1,1,0
5486,3,1,1,0
5487,3,1,1,0
5488,1,1,1,0
5489,3,1,1,0
5490,4,1,1,0
5491,11,1,1,0
5492,6,1,1,0
5493,2,1,1,0
5494,2,1,1,0
5495,18,1,1,0
5496,6,1,1,0
5497,1,1,1,0
5498,3,1,1,0
5499,3,1,1,0
5500,2,1,1,0
5501,1,1,1,0
5502,4,1,1,0
5503,4,1,1,0
5504,2,1,1,0
5505,1,1,1,0
5506,6,1,1,0
5507,1,1,1,0
5508,1,1,1,0
5509,8,1,1,0
5510,2,1,1,0
5511,3,1,1,0
5512,1,1,1,0
5513,1,1,1,0
5514,4,1,1,0
5515,1,1,1,0
5516,2,1,1,0
5517,2,1,1,0
5518,3,1,1,0
5519,1,1,1,0
5520,1,1,1,0
5521,1,1,1,0
5522,6,1,1,0
5523,2,1,1,0
5524,4,1,1,0
5525,3,1,1,0
5526,1,1,1,0
5527,3,1,1,0
5528,1,1,1,0
5529,4,1,1,0
5530,2,1,1,0
5531,4,1,1,0
5532,2,1,1,0
5533,1,1,1,0
5534,2,1,1,0
5535,7,1,1,0
5536,2,1,1,0
5537,3,1,1,0
5538,8,1,1,0
5539,6,1,1,0
5540,2,1,1,0
5541,2,1,1,0
5542,3,1,1,0
5543,4,1,1,0
5544,4,1,1,0
5545,2,1,1,0
5546,2,1,1,0
5547,4,1,1,0
5548,7,1,1,0
5549,7,1,1,0
5550,2,1,1,0
5551,3,1,1,0
5552,4,1,1,0
5553,7,1,1,0
5554,3,1,1,0
5555,6,1,1,0
5556,5,1,1,0
5557,5,1,1,0
5558,5,1,1,0
5559,2,1,1,0
5560,3,1,1,0
5561,3,1,1,0
5562,8,1,1,0
5563,1,1,1,0
5564,4,1,1,0
5565,4,1,1,0
5566,1,1,1,0
5567,4,1,1,0
5568,4,1,1,0
5569,1,1,1,0
5570,2,1,1,0
5571,5,1,1,0
5572,1,1,1,0
5573,3,1,1,0
5574,1,1,1,0
5575,13,1,1,0
5576,2,1,1,0
5577,4,1,1,0
5578,8,1,1,0
5579,2,1,1,0
5580,6,1,1,0
5581,4,1,1,0
5582,2,1,1,0
5583,1,1,1,0
5584,10,1,1,0
5585,3,1,1,0
5586,1,1,1,0
5587,2,1,1,0
5588,1,1,1,0
5589,3,1,1,0
5590,1,1,1,0
5591,1,1,1,0
5592,3,1,1,0
5593,2,1,1,0
5594,4,1,1,0
5595,2,1,1,0
5596,1,1,1,0
5597,1,1,1,0
5598,1,1,1,0
5599,1,1,1,0
5600,3,1,1,0
5601,4,1,1,0
5602,3,1,1,0
5603,4,1,1,0
5604,6,1,1,0
5605,1,1,1,0
5606,6,1,1,0
5607,3,1,1,0
5608,1,1,1,0
5609,8,1,1,0
5610,2,1,1,0
5611,3,1,1,0
5612,1,1,1,0
5613,2,1,1,0
5614,2,1,1,0
5615,8,1,1,0
5616,4,1,1,0
5617,1,1,1,0
5618,6,1,1,0
5619,1,1,1,0
5620,1,1,1,0
5621,8,1,1,0
5622,4,1,1,0
5623,2,1,1,0
5624,8,1,1,0
5625,6,1,1,0
5626,5,1,1,0
5627,1,1,1,0
5628,1,1,1,0
5629,4,1,1,0
5630,3,1,1,0
5631,3,1,1,0
5632,1,1,1,0
5633,2,1,1,0
5634,5,1,1,0
5635,5,1,1,0
5636,2,1,1,0
5637,7,1,1,0
5638,3,1,1,0
5639,5,1,1,0
5640,3,1,1,0
5641,5,1,1,0
5642,1,1,1,0
5643,1,1,1,0
5644,8,1,1,0
5645,3,1,1,0
5646,5,1,1,0
5647,3,1,1,0
5648,6,1,1,0
5649,1,1,1,0
5650,2,1,1,0
5651,1,1,1,0
5652,5,1,1,0
5653,4,1,1,0
5654,1,1,1,0
5655,4,1,1,0
5656,1,1,1,0
5657,3,1,1,0
5658,4,1,1,0
5659,2,1,1,0
5660,1,1,1,0
5661,11,1,1,0
5662,1,1,1,0
5663,4,1,1,0
5664,1,1,1,0
5665,2,1,1,0
5666,1,1,1,0
5667,4,1,1,0
5668,2,1,1,0
5669,2,1,1,0
5670,2,1,1,0
5671,5,1,1,0
5672,11,1,1,0
5673,5,1,1,0
5674,6,1,1,0
5675,1,1,1,0
5676,3,1,1,0
5677,1,1,1,0
5678,4,1,1,0
5679,10,1,1,0
5680,6,1,1,0
5681,1,1,1,0
5682,1,1,1,0
5683,3,1,1,0
5684,1,1,1,0
5685,1,1,1,0
5686,2,1,1,0
5687,3,1,1,0
5688,3,1,1,0
5689,1,1,1,0
5690,1,1,1,0
5691,2,1,1,0
5692,4,1,1,0
5693,9,1,1,0
5694,3,1,1,0
5695,2,1,1,0
5696,6,1,1,0
5697,1,1,1,0
5698,4,1,1,0
5699,3,1,1,0
5700,1,1,1,0
5701,8,1,1,0
5702,13,1,1,0
5703,1,1,1,0
5704,2,1,1,0
5705,3,1,1,0
5706,2,1,1,0
5707,3,1,1,0
5708,2,1,1,0
5709,3,1,1,0
5710,2,1,1,0
5711,5,1,1,0
5712,3,1,1,0
5713,3,1,1,0
5714,3,1,1,0
5715,4,1,1,0
5716,2,1,1,0
5717,2,1,1,0
5718,3,1,1,0
5719,2,1,1,0
5720,1,1,1,0
5721,10,1,1,0
5722,1,1,1,0
5723,3,1,1,0
5724,4,1,1,0
5725,2,1,1,0
5726,5,1,1,0
5727,2,1,1,0
5728,6,1,1,0
5729,12,1,1,0
5730,2,1,1,0
5731,3,1,1,0
5732,2,1,1,0
5733,2,1,1,0
5734,7,1,1,0
5735,13,1,1,0
5736,3,1,1,0
5737,3,1,1,0
5738,2,1,1,0
5739,2,1,1,0
5740,3,1,1,0
5741,1,1,1,0
5742,7,1,1,0
5743,4,1,1,0
5744,1,1,1,0
5745,9,1,1,0
5746,1,1,1,0
5747,1,1,1,0
5748,1,1,1,0
5749,1,1,1,0
5750,2,1,1,0
5751,4,1,1,0
5752,1,1,1,0
5753,18,1,1,0
5754,1,1,1,0
5755,1,1,1,0
5756,3,1,1,0
5757,10,1,1,0
5758,5,1,1,0
5759,2,1,1,0
5760,2,1,1,0
5761,4,1,1,0
5762,1,1,1,0
5763,6,1,1,0
5764,1,1,1,0
5765,9,1,1,0
5766,1,1,1,0
5767,7,1,1,0
5768,2,1,1,0
5769,1,1,1,0
5770,5,1,1,0
5771,1,1,1,0
5772,9,1,1,0
5773,1,1,1,0
5774,2,1,1,0
5775,5,1,1,0
5776,4,1,1,0
5777,1,1,1,0
5778,1,1,1,0
5779,3,1,1,0
5780,1,1,1,0
5781,1,1,1,0
5782,1,1,1,0
5783,12,1,1,0
5784,12,1,1,0
5785,3,1,1,0
5786,8,1,1,0
5787,5,1,1,0
5788,1,1,1,0
5789,7,1,1,0
5790,3,1,1,0
5791,5,1,1,0
5792,3,1,1,0
5793,1,1,1,0
5794,4,1,1,0
5795,2,1,1,0
5796,6,1,1,0
5797,6,1,1,0
5798,3,1,1,0
5799,3,1,1,0
5800,5,1,1,0
5801,1,1,1,0
5802,1,1,1,0
5803,2,1,1,0
5804,4,1,1,0
5805,2,1,1,0
5806,3,1,1,0
5807,4,1,1,0
5808,2,1,1,0
5809,1,1,1,0
5810,4,1,1,0
5811,6,1,1,0
5812,4,1,1,0
5813,2,1,1,0
5814,3,1,1,0
5815,5,1,1,0
5816,8,1,1,0
5817,13,1,1,0
5818,2,1,1,0
5819,4,1,1,0
5820,4,1,1,0
5821,2,1,1,0
5822,5,1,1,0
5823,1,1,1,0
5824,7,1,1,0
5825,2,1,1,0
5826,2,1,1,0
5827,6,1,1,0
5828,4,1,1,0
5829,1,1,1,0
5830,6,1,1,0
5831,5,1,1,0
5832,7,1,1,0
5833,10,1,1,0
5834,9,1,1,0
5835,1,1,1,0
5836,4,1,1,0
5837,4,1,1,0
5838,4,1,1,0
5839,6,1,1,0
5840,2,1,1,0
5841,2,1,1,0
5842,6,1,1,0
5843,7,1,1,0
5844,1,1,1,0
5845,5,1,1,0
5846,1,1,1,0
5847,4,1,1,0
5848,3,1,1,0
5849,8,1,1,0
5850,1,1,1,0
5851,1,1,1,0
5852,2,1,1,0
5853,2,1,1,0
5854,3,1,1,0
5855,8,1,1,0
5856,4,1,1,0
5857,6,1,1,0
5858,3,1,1,0
5859,4,1,1,0
5860,1,1,1,0
5861,2,1,1,0
5862,1,1,1,0
5863,1,1,1,0
5864,1,1,1,0
5865,2,1,1,0
5866,3,1,1,0
5867,3,1,1,0
5868,1,1,1,0
5869,1,1,1,0
5870,1,1,1,0
5871,5,1,1,0
5872,8,1,1,0
5873,1,1,1,0
5874,7,1,1,0
5875,3,1,1,0
5876,3,1,1,0
5877,1,1,1,0
5878,3,1,1,0
5879,3,1,1,0
5880,2,1,1,0
5881,1,1,1,0
5882,1,1,1,0
5883,4,1,1,0
5884,2,1,1,0
5885,1,1,1,0
5886,3,1,1,0
5887,3,1,1,0
5888,5,1,1,0
5889,5,1,1,0
5890,2,1,1,0
5891,2,1,1,0
5892,5,1,1,0
5893,3,1,1,0
5894,7,1,1,0
5895,6,1,1,0
5896,5,1,1,0
5897,5,1,1,0
5898,7,1,1,0
5899,1,1,1,0
5900,6,1,1,0
5901,6,1,1,0
5902,6,1,1,0
5903,3,1,1,0
5904,7,1,1,0
5905,1,1,1,0
5906,3,1,1,0
5907,3,1,1,0
5908,2,1,1,0
5909,1,1,1,0
5910,8,1,1,0
5911,1,1,1,0
5912,3,1,1,0
5913,1,1,1,0
5914,4,1,1,0
5915,2,1,1,0
5916,2,1,1,0
5917,9,1,1,0
5918,4,1,1,0
5919,2,1,1,0
5920,6,1,1,0
5921,11,1,1,0
5922,3,1,1,0
5923,3,1,1,0
5924,1,1,1,0
5925,2,1,1,0
5926,2,1,1,0
5927,5,1,1,0
5928,1,1,1,0
5929,3,1,1,0
5930,7,1,1,0
5931,1,1,1,0
5932,7,1,1,0
5933,2,1,1,0
5934,4,1,1,0
5935,1,1,1,0
5936,3,1,1,0
5937,1,1,1,0
5938,6,1,1,0
5939,2,1,1,0
5940,1,1,1,0
5941,3,1,1,0
5942,5,1,1,0
5943,1,1,1,0
5944,2,1,1,0
5945,1,1,1,0
5946,2,1,1,0
5947,1,1,1,0
5948,3,1,1,0
5949,1,1,1,0
5950,5,1,1,0
5951,2,1,1,0
5952,5,1,1,0
5953,4,1,1,0
5954,3,1,1,0
5955,6,1,1,0
5956,1,1,1,0
5957,2,1,1,0
5958,2,1,1,0
5959,2,1,1,0
5960,2,1,1,0
5961,2,1,1,0
5962,10,1,1,0
5963,1,1,1,0
5964,3,1,1,0
5965,3,1,1,0
5966,1,1,1,0
5967,3,1,1,0
5968,6,1,1,0
5969,4,1,1,0
5970,3,1,1,0
5971,8,1,1,0
5972,3,1,1,0
5973,3,1,1,0
5974,3,1,1,0
5975,13,1,1,0
5976,4,1,1,0
5977,7,1,1,0
5978,1,1,1,0
5979,3,1,1,0
5980,9,1,1,0
5981,1,1,1,0
5982,2,1,1,0
5983,1,1,1,0
5984,1,1,1,0
5985,2,1,1,0
5986,2,1,1,0
5987,4,1,1,0
5988,3,1,1,0
5989,1,1,1,0
5990,1,1,1,0
5991,5,1,1,0
5992,2,1,1,0
5993,6,1,1,0
5994,1,1,1,0
5995,2,1,1,0
5996,1,1,1,0
5997,3,1,1,0
5998,1,1,1,0
5999,5,1,1,0
6000,4,1,1,0
6001,2,1,1,0
6002,1,1,1,0
6003,2,1,1,0
6004,1,1,1,0
6005,1,1,1,0
6006,1,1,1,0
6007,3,1,1,0
6008,9,1,1,0
6009,7,1,1,0
6010,2,1,1,0
6011,3,1,1,0
6012,6,1,1,0
6013,2,1,1,0
6014,1,1,1,0
6015,2,1,1,0
6016,2,1,1,0
6017,1,1,1,0
6018,3,1,1,0
6019,3,1,1,0
6020,3,1,1,0
6021,4,1,1,0
6022,3,1,1,0
6023,7,1,1,0
6024,1,1,1,0
6025,2,1,1,0
6026,8,1,1,0
6027,3,1,1,0
6028,6,1,1,0
6029,7,1,1,0
6030,4,1,1,0
6031,5,1,1,0
6032,3,1,1,0
6033,6,1,1,0
6034,4,1,1,0
6035,4,1,1,0
6036,2,1,1,0
6037,1,1,1,0
6038,3,1,1,0
6039,4,1,1,0
6040,1,1,1,0
6041,4,1,1,0
6042,1,1,1,0
6043,3,1,1,0
6044,5,1,1,0
6045,10,1,1,0
6046,8,1,1,0
6047,5,1,1,0
6048,1,1,1,0
6049,6,1,1,0
6050,2,1,1,0
6051,2,1,1,0
6052,6,1,1,0
6053,6,1,1,0
6054,8,1,1,0
6055,5,1,1,0
6056,2,1,1,0
6057,2,1,1,0
6058,4,1,1,0
6059,5,1,1,0
6060,2,1,1,0
6061,2,1,1,0
6062,1,1,1,0
6063,2,1,1,0
6064,3,1,1,0
6065,5,1,1,0
6066,2,1,1,0
6067,4,1,1,0
6068,1,1,1,0
6069,5,1,1,0
6070,3,1,1,0
6071,1,1,1,0
6072,3,1,1,0
6073,1,1,1,0
6074,8,1,1,0
6075,1,1,1,0
6076,1,1,1,0
6077,2,1,1,0
6078,1,1,1,0
6079,2,1,1,0
6080,3,1,1,0
6081,4,1,1,0
6082,6,1,1,0
6083,1,1,1,0
6084,4,1,1,0
6085,1,1,1,0
6086,1,1,1,0
6087,1,1,1,0
6088,3,1,1,0
6089,2,1,1,0
6090,1,1,1,0
6091,1,1,1,0
6092,2,1,1,0
6093,6,1,1,0
6094,1,1,1,0
6095,1,1,1,0
6096,4,1,1,0
6097,1,1,1,0
6098,1,1,1,0
6099,2,1,1,0
6100,5,1,1,0
6101,1,1,1,0
6102,2,1,1,0
6103,6,1,1,0
6104,7,1,1,0
6105,1,1,1,0
6106,7,1,1,0
6107,3,1,1,0
6108,2,1,1,0
6109,2,1,1,0
6110,7,1,1,0
6111,3,1,1,0
6112,2,1,1,0
6113,9,1,1,0
6114,1,1,1,0
6115,1,1,1,0
6116,8,1,1,0
6117,7,1,1,0
6118,2,1,1,0
6119,1,1,1,0
6120,2,1,1,0
6121,1,1,1,0
6122,2,1,1,0
6123,2,1,1,0
6124,1,1,1,0
6125,5,1,1,0
6126,2,1,1,0
6127,1,1,1,0
6128,2,1,1,0
6129,2,1,1,0
6130,2,1,1,0
6131,1,1,1,0
6132,4,1,1,0
6133,2,1,1,0
6134,5,1,1,0
6135,7,1,1,0
6136,1,1,1,0
6137,1,1,1,0
6138,5,1,1,0
6139,3,1,1,0
6140,3,1,1,0
6141,5,1,1,0
6142,3,1,1,0
6143,3,1,1,0
6144,1,1,1,0
6145,2,1,1,0
6146,2,1,1,0
6147,2,1,1,0
6148,5,1,1,0
6149,1,1,1,0
6150,2,1,1,0
6151,11,1,1,0
6152,4,1,1,0
6153,1,1,1,0
6154,2,1,1,0
6155,4,1,1,0
6156,2,1,1,0
6157,3,1,1,0
6158,2,1,1,0
6159,1,1,1,0
6160,1,1,1,0
6161,5,1,1,0
6162,3,1,1,0
6163,3,1,1,0
6164,12,1,1,0
6165,4,1,1,0
6166,4,1,1,0
6167,3,1,1,0
6168,10,1,1,0
6169,3,1,1,0
6170,3,1,1,0
6171,4,1,1,0
6172,7,1,1,0
6173,2,1,1,0
6174,4,1,1,0
6175,2,1,1,0
6176,2,1,1,0
6177,2,1,1,0
6178,12,1,1,0
6179,5,1,1,0
6180,12,1,1,0
6181,3,1,1,0
6182,2,1,1,0
6183,1,1,1,0
6184,3,1,1,0
6185,3,1,1,0
6186,3,1,1,0
6187,2,1,1,0
6188,1,1,1,0
6189,1,1,1,0
6190,1,1,1,0
6191,1,1,1,0
6192,3,1,1,0
6193,2,1,1,0
6194,1,1,1,0
6195,11,1,1,0
6196,5,1,1,0
6197,3,1,1,0
6198,4,1,1,0
6199,5,1,1,0
6200,1,1,1,0
6201,1,1,1,0
6202,2,1,1,0
6203,4,1,1,0
6204,4,1,1,0
6205,7,1,1,0
6206,1,1,1,0
6207,6,1,1,0
6208,1,1,1,0
6209,1,1,1,0
6210,3,1,1,0
6211,5,1,1,0
6212,3,1,1,0
6213,4,1,1,0
6214,5,1,1,0
6215,3,1,1,0
6216,1,1,1,0
6217,2,1,1,0
6218,6,1,1,0
6219,2,1,1,0
6220,3,1,1,0
6221,1,1,1,0
6222,3,1,1,0
6223,1,1,1,0
6224,1,1,1,0
6225,4,1,1,0
6226,1,1,1,0
6227,2,1,1,0
6228,1,1,1,0
6229,4,1,1,0
6230,7,1,1,0
6231,2,1,1,0
6232,4,1,1,0
6233,5,1,1,0
6234,2,1,1,0
6235,3,1,1,0
6236,3,1,1,0
6237,2,1,1,0
6238,1,1,1,0
6239,1,1,1,0
6240,7,1,1,0
6241,2,1,1,0
6242,2,1,1,0
6243,5,1,1,0
6244,4,1,1,0
6245,3,1,1,0
6246,1,1,1,0
6247,3,1,1,0
6248,2,1,1,0
6249,2,1,1,0
6250,1,1,1,0
6251,2,1,1,0
6252,1,1,1,0
6253,3,1,1,0
6254,5,1,1,0
6255,2,1,1,0
6256,3,1,1,0
6257,2,1,1,0
6258,5,1,1,0
6259,7,1,1,0
6260,1,1,1,0
6261,3,1,1,0
6262,3,1,1,0
6263,7,1,1,0
6264,13,1,1,0
6265,8,1,1,0
6266,2,1,1,0
6267,2,1,1,0
6268,2,1,1,0
6269,1,1,1,0
6270,1,1,1,0
6271,1,1,1,0
6272,1,1,1,0
6273,4,1,1,0
6274,5,1,1,0
6275,1,1,1,0
6276,3,1,1,0
6277,10,1,1,0
6278,6,1,1,0
6279,5,1,1,0
6280,6,1,1,0
6281,2,1,1,0
6282,3,1,1,0
6283,10,1,1,0
6284,6,1,1,0
6285,4,1,1,0
6286,2,1,1,0
6287,8,1,1,0
6288,2,1,1,0
6289,8,1,1,0
6290,5,1,1,0
6291,11,1,1,0
6292,8,1,1,0
6293,4,1,1,0
6294,1,1,1,0
6295,3,1,1,0
6296,4,1,1,0
6297,1,1,1,0
6298,5,1,1,0
6299,2,1,1,0
6300,2,1,1,0
6301,5,1,1,0
6302,1,1,1,0
6303,3,1,1,0
6304,9,1,1,0
6305,3,1,1,0
6306,4,1,1,0
6307,2,1,1,0
6308,7,1,1,0
6309,1,1,1,0
6310,8,1,1,0
6311,7,1,1,0
6312,2,1,1,0
6313,2,1,1,0
6314,6,1,1,0
6315,5,1,1,0
6316,7,1,1,0
6317,2,1,1,0
6318,4,1,1,0
6319,1,1,1,0
6320,7,1,1,0
6321,1,1,1,0
6322,5,1,1,0
6323,1,1,1,0
6324,1,1,1,0
6325,1,1,1,0
6326,5,1,1,0
6327,3,1,1,0
6328,1,1,1,0
6329,16,1,1,0
6330,5,1,1,0
6331,5,1,1,0
6332,2,1,1,0
6333,1,1,1,0
6334,2,1,1,0
6335,2,1,1,0
6336,1,1,1,0
6337,7,1,1,0
6338,7,1,1,0
6339,1,1,1,0
6340,1,1,1,0
6341,7,1,1,0
6342,1,1,1,0
6343,1,1,1,0
6344,2,1,1,0
6345,1,1,1,0
6346,4,1,1,0
6347,3,1,1,0
6348,2,1,1,0
6349,3,1,1,0
6350,1,1,1,0
6351,7,1,1,0
6352,4,1,1,0
6353,2,1,1,0
6354,2,1,1,0
6355,1,1,1,0
6356,11,1,1,0
6357,1,1,1,0
6358,4,1,1,0
6359,2,1,1,0
6360,4,1,1,0
6361,4,1,1,0
6362,8,1,1,0
6363,1,1,1,0
6364,5,1,1,0
6365,4,1,1,0
6366,3,1,1,0
6367,1,1,1,0
6368,4,1,1,0
6369,2,1,1,0
6370,1,1,1,0
6371,7,1,1,0
6372,1,1,1,0
6373,1,1,1,0
6374,1,1,1,0
6375,2,1,1,0
6376,3,1,1,0
6377,5,1,1,0
6378,4,1,1,0
6379,1,1,1,0
6380,2,1,1,0
6381,8,1,1,0
6382,1,1,1,0
6383,4,1,1,0
6384,4,1,1,0
6385,5,1,1,0
6386,3,1,1,0
6387,4,1,1,0
6388,9,1,1,0
6389,4,1,1,0
6390,3,1,1,0
6391,8,1,1,0
6392,3,1,1,0
6393,1,1,1,0
6394,3,1,1,0
6395,4,1,1,0
6396,4,1,1,0
6397,3,1,1,0
6398,6,1,1,0
6399,2,1,1,0
6400,1,1,1,0
6401,2,1,1,0
6402,1,1,1,0
6403,4,1,1,0
6404,1,1,1,0
6405,7,1,1,0
6406,9,1,1,0
6407,10,1,1,0
6408,6,1,1,0
6409,1,1,1,0
6410,10,1,1,0
6411,3,1,1,0
6412,10,1,1,0
6413,3,1,1,0
6414,1,1,1,0
6415,2,1,1,0
6416,2,1,1,0
6417,1,1,1,0
6418,1,1,1,0
6419,1,1,1,0
6420,3,1,1,0
6421,3,1,1,0
6422,2,1,1,0
6423,3,1,1,0
6424,4,1,1,0
6425,2,1,1,0
6426,1,1,1,0
6427,4,1,1,0
6428,8,1,1,0
6429,1,1,1,0
6430,1,1,1,0
6431,1,1,1,0
6432,1,1,1,0
6433,4,1,1,0
6434,1,1,1,0
6435,1,1,1,0
6436,1,1,1,0
6437,3,1,1,0
6438,1,1,1,0
6439,2,1,1,0
6440,5,1,1,0
6441,4,1,1,0
6442,2,1,1,0
6443,3,1,1,0
6444,3,1,1,0
6445,5,1,1,0
6446,3,1,1,0
6447,1,1,1,0
6448,6,1,1,0
6449,3,1,1,0
6450,7,1,1,0
6451,5,1,1,0
6452,5,1,1,0
6453,1,1,1,0
6454,1,1,1,0
6455,2,1,1,0
6456,4,1,1,0
6457,8,1,1,0
6458,3,1,1,0
6459,1,1,1,0
6460,10,1,1,0
6461,3,1,1,0
6462,3,1,1,0
6463,2,1,1,0
6464,2,1,1,0
6465,3,1,1,0
6466,1,1,1,0
6467,1,1,1,0
6468,9,1,1,0
6469,2,1,1,0
6470,9,1,1,0
6471,2,1,1,0
6472,3,1,1,0
6473,1,1,1,0
6474,2,1,1,0
6475,3,1,1,0
6476,2,1,1,0
6477,1,1,1,0
6478,4,1,1,0
6479,2,1,1,0
6480,1,1,1,0
6481,3,1,1,0
6482,4,1,1,0
6483,2,1,1,0
6484,3,1,1,0
6485,6,1,1,0
6486,5,1,1,0
6487,2,1,1,0
6488,4,1,1,0
6489,1,1,1,0
6490,9,1,1,0
6491,8,1,1,0
6492,2,1,1,0
6493,5,1,1,0
6494,1,1,1,0
6495,2,1,1,0
6496,3,1,1,0
6497,1,1,1,0
6498,1,1,1,0
6499,2,1,1,0
6500,2,1,1,0
6501,5,1,1,0
6502,6,1,1,0
6503,5,1,1,0
6504,3,1,1,0
6505,5,1,1,0
6506,6,1,1,0
6507,1,1,1,0
6508,18,1,1,0
6509,1,1,1,0
6510,1,1,1,0
6511,5,1,1,0
6512,1,1,1,0
6513,3,1,1,0
6514,1,1,1,0
6515,3,1,1,0
6516,3,1,1,0
6517,4,1,1,0
6518,2,1,1,0
6519,3,1,1,0
6520,4,1,1,0
6521,3,1,1,0
6522,8,1,1,0
6523,2,1,1,0
6524,9,1,1,0
6525,2,1,1,0
6526,3,1,1,0
6527,4,1,1,0
6528,1,1,1,0
6529,2,1,1,0
6530,3,1,1,0
6531,3,1,1,0
6532,1,1,1,0
6533,1,1,1,0
6534,4,1,1,0
6535,4,1,1,0
6536,9,1,1,0
6537,3,1,1,0
6538,6,1,1,0
6539,3,1,1,0
6540,5,1,1,0
6541,2,1,1,0
6542,3,1,1,0
6543,7,1,1,0
6544,5,1,1,0
6545,3,1,1,0
6546,5,1,1,0
6547,3,1,1,0
6548,12,1,1,0
6549,1,1,1,0
6550,4,1,1,0
6551,2,1,1,0
6552,1,1,1,0
6553,5,1,1,0
6554,2,1,1,0
6555,3,1,1,0
6556,2,1,1,0
6557,4,1,1,0
6558,5,1,1,0
6559,10,1,1,0
6560,10,1,1,0
6561,2,1,1,0
6562,2,1,1,0
6563,2,1,1,0
6564,2,1,1,0
6565,8,1,1,0
6566,4,1,1,0
6567,1,1,1,0
6568,8,1,1,0
6569,7,1,1,0
6570,7,1,1,0
6571,5,1,1,0
6572,11,1,1,0
6573,1,1,1,0
6574,1,1,1,0
6575,5,1,1,0
6576,4,1,1,0
6577,2,1,1,0
6578,3,1,1,0
6579,4,1,1,0
6580,5,1,1,0
6581,3,1,1,0
6582,3,1,1,0
6583,4,1,1,0
6584,1,1,1,0
6585,2,1,1,0
6586,2,1,1,0
6587,2,1,1,0
6588,10,1,1,0
6589,4,1,1,0
6590,6,1,1,0
6591,7,1,1,0
6592,5,1,1,0
6593,7,1,1,0
6594,6,1,1,0
6595,7,1,1,0
6596,2,1,1,0
6597,4,1,1,0
6598,4,1,1,0
6599,1,1,1,0
6600,4,1,1,0
6601,5,1,1,0
6602,4,1,1,0
6603,5,1,1,0
6604,1,1,1,0
6605,2,1,1,0
6606,2,1,1,0
6607,6,1,1,0
6608,1,1,1,0
6609,1,1,1,0
6610,2,1,1,0
6611,5,1,1,0
6612,1,1,1,0
6613,4,1,1,0
6614,3,1,1,0
6615,1,1,1,0
6616,2,1,1,0
6617,5,1,1,0
6618,8,1,1,0
6619,9,1,1,0
6620,7,1,1,0
6621,19,1,1,0
6622,1,1,1,0
6623,5,1,1,0
6624,5,1,1,0
6625,8,1,1,0
6626,1,1,1,0
6627,2,1,1,0
6628,5,1,1,0
6629,2,1,1,0
6630,3,1,1,0
6631,1,1,1,0
6632,2,1,1,0
6633,4,1,1,0
6634,4,1,1,0
6635,8,1,1,0
6636,1,1,1,0
6637,4,1,1,0
6638,8,1,1,0
6639,3,1,1,0
6640,1,1,1,0
6641,6,1,1,0
6642,1,1,1,0
6643,2,1,1,0
6644,1,1,1,0
6645,3,1,1,0
6646,1,1,1,0
6647,1,1,1,0
6648,8,1,1,0
6649,2,1,1,0
6650,1,1,1,0
6651,5,1,1,0
6652,5,1,1,0
6653,4,1,1,0
6654,2,1,1,0
6655,1,1,1,0
6656,11,1,1,0
6657,2,1,1,0
6658,3,1,1,0
6659,1,1,1,0
6660,2,1,1,0
6661,2,1,1,0
6662,1,1,1,0
6663,1,1,1,0
6664,3,1,1,0
6665,3,1,1,0
6666,15,1,1,0
6667,6,1,1,0
6668,8,1,1,0
6669,1,1,1,0
6670,1,1,1,0
6671,3,1,1,0
6672,3,1,1,0
6673,8,1,1,0
6674,1,1,1,0
6675,1,1,1,0
6676,1,1,1,0
6677,5,1,1,0
6678,1,1,1,0
6679,1,1,1,0
6680,3,1,1,0
6681,3,1,1,0
6682,3,1,1,0
6683,4,1,1,0
6684,5,1,1,0
6685,2,1,1,0
6686,4,1,1,0
6687,1,1,1,0
6688,1,1,1,0
6689,3,1,1,0
6690,3,1,1,0
6691,4,1,1,0
6692,5,1,1,0
6693,5,1,1,0
6694,3,1,1,0
6695,5,1,1,0
6696,4,1,1,0
6697,9,1,1,0
6698,1,1,1,0
6699,1,1,1,0
6700,2,1,1,0
6701,4,1,1,0
6702,3,1,1,0
6703,6,1,1,0
6704,2,1,1,0
6705,4,1,1,0
6706,1,1,1,0
6707,4,1,1,0
6708,1,1,1,0
6709,3,1,1,0
6710,3,1,1,0
6711,2,1,1,0
6712,3,1,1,0
6713,2,1,1,0
6714,3,1,1,0
6715,1,1,1,0
6716,6,1,1,0
6717,1,1,1,0
6718,8,1,1,0
6719,6,1,1,0
6720,1,1,1,0
6721,5,1,1,0
6722,3,1,1,0
6723,5,1,1,0
6724,2,1,1,0
6725,10,1,1,0
6726,1,1,1,0
6727,5,1,1,0
6728,3,1,1,0
6729,3,1,1,0
6730,1,1,1,0
6731,2,1,1,0
6732,1,1,1,0
6733,2,1,1,0
6734,1,1,1,0
6735,4,1,1,0
6736,7,1,1,0
6737,1,1,1,0
6738,3,1,1,0
6739,1,1,1,0
6740,7,1,1,0
6741,2,1,1,0
6742,2,1,1,0
6743,12,1,1,0
6744,2,1,1,0
6745,1,1,1,0
6746,1,1,1,0
6747,2,1,1,0
6748,7,1,1,0
6749,5,1,1,0
6750,2,1,1,0
6751,1,1,1,0
6752,2,1,1,0
6753,7,1,1,0
6754,6,1,1,0
6755,11,1,1,0
6756,4,1,1,0
6757,1,1,1,0
6758,4,1,1,0
6759,1,1,1,0
6760,2,1,1,0
6761,10,1,1,0
6762,9,1,1,0
6763,1,1,1,0
6764,1,1,1,0
6765,10,1,1,0
6766,16,1,1,0
6767,3,1,1,0
6768,3,1,1,0
6769,3,1,1,0
6770,1,1,1,0
6771,3,1,1,0
6772,3,1,1,0
6773,2,1,1,0
6774,4,1,1,0
6775,1,1,1,0
6776,6,1,1,0
6777,7,1,1,0
6778,4,1,1,0
6779,1,1,1,0
6780,1,1,1,0
6781,3,1,1,0
6782,1,1,1,0
6783,10,1,1,0
6784,1,1,1,0
6785,3,1,1,0
6786,1,1,1,0
6787,4,1,1,0
6788,4,1,1,0
6789,5,1,1,0
6790,7,1,1,0
6791,5,1,1,0
6792,11,1,1,0
6793,2,1,1,0
6794,12,1,1,0
6795,5,1,1,0
6796,1,1,1,0
6797,6,1,1,0
6798,1,1,1,0
6799,1,1,1,0
6800,5,1,1,0
6801,3,1,1,0
6802,1,1,1,0
6803,3,1,1,0
6804,6,1,1,0
6805,3,1,1,0
6806,3,1,1,0
6807,5,1,1,0
6808,5,1,1,0
6809,5,1,1,0
6810,3,1,1,0
6811,1,1,1,0
6812,1,1,1,0
6813,2,1,1,0
6814,6,1,1,0
6815,3,1,1,0
6816,9,1,1,0
6817,1,1,1,0
6818,1,1,1,0
6819,4,1,1,0
6820,1,1,1,0
6821,5,1,1,0
6822,11,1,1,0
6823,1,1,1,0
6824,2,1,1,0
6825,1,1,1,0
6826,2,1,1,0
6827,8,1,1,0
6828,1,1,1,0
6829,7,1,1,0
6830,1,1,1,0
6831,3,1,1,0
6832,3,1,1,0
6833,8,1,1,0
6834,5,1,1,0
6835,3,1,1,0
6836,1,1,1,0
6837,1,1,1,0
6838,3,1,1,0
6839,11,1,1,0
6840,8,1,1,0
6841,2,1,1,0
6842,6,1,1,0
6843,2,1,1,0
6844,2,1,1,0
6845,3,1,1,0
6846,2,1,1,0
6847,4,1,1,0
6848,3,1,1,0
6849,1,1,1,0
6850,6,1,1,0
6851,5,1,1,0
6852,2,1,1,0
6853,6,1,1,0
6854,3,1,1,0
6855,2,1,1,0
6856,3,1,1,0
6857,2,1,1,0
6858,3,1,1,0
6859,1,1,1,0
6860,2,1,1,0
6861,2,1,1,0
6862,3,1,1,0
6863,9,1,1,0
6864,1,1,1,0
6865,5,1,1,0
6866,3,1,1,0
6867,3,1,1,0
6868,11,1,1,0
6869,3,1,1,0
6870,1,1,1,0
6871,1,1,1,0
6872,1,1,1,0
6873,1,1,1,0
6874,4,1,1,0
6875,8,1,1,0
6876,3,1,1,0
6877,6,1,1,0
6878,2,1,1,0
6879,1,1,1,0
6880,3,1,1,0
6881,9,1,1,0
6882,2,1,1,0
6883,1,1,1,0
6884,4,1,1,0
6885,1,1,1,0
6886,3,1,1,0
6887,5,1,1,0
6888,2,1,1,0
6889,13,1,1,0
6890,1,1,1,0
6891,3,1,1,0
6892,2,1,1,0
6893,9,1,1,0
6894,3,1,1,0
6895,10,1,1,0
6896,6,1,1,0
6897,6,1,1,0
6898,9,1,1,0
6899,4,1,1,0
6900,2,1,1,0
6901,3,1,1,0
6902,1,1,1,0
6903,1,1,1,0
6904,1,1,1,0
6905,12,1,1,0
6906,2,1,1,0
6907,1,1,1,0
6908,3,1,1,0
6909,7,1,1,0
6910,1,1,1,0
6911,3,1,1,0
6912,2,1,1,0
6913,3,1,1,0
6914,3,1,1,0
6915,5,1,1,0
6916,1,1,1,0
6917,2,1,1,0
6918,8,1,1,0
6919,9,1,1,0
6920,2,1,1,0
6921,5,1,1,0
6922,6,1,1,0
6923,2,1,1,0
6924,1,1,1,0
6925,2,1,1,0
6926,4,1,1,0
6927,3,1,1,0
6928,2,1,1,0
6929,2,1,1,0
6930,2,1,1,0
6931,2,1,1,0
6932,1,1,1,0
6933,4,1,1,0
6934,3,1,1,0
6935,5,1,1,0
6936,1,1,1,0
6937,5,1,1,0
6938,3,1,1,0
6939,3,1,1,0
6940,2,1,1,0
6941,2,1,1,0
6942,3,1,1,0
6943,1,1,1,0
6944,5,1,1,0
6945,2,1,1,0
6946,5,1,1,0
6947,1,1,1,0
6948,8,1,1,0
6949,8,1,1,0
6950,5,1,1,0
6951,2,1,1,0
6952,3,1,1,0
6953,3,1,1,0
6954,4,1,1,0
6955,2,1,1,0
6956,4,1,1,0
6957,3,1,1,0
6958,7,1,1,0
6959,1,1,1,0
6960,4,1,1,0
6961,3,1,1,0
6962,11,1,1,0
6963,6,1,1,0
6964,1,1,1,0
6965,3,1,1,0
6966,2,1,1,0
6967,4,1,1,0
6968,5,1,1,0
6969,2,1,1,0
6970,2,1,1,0
6971,1,1,1,0
6972,4,1,1,0
6973,8,1,1,0
6974,6,1,1,0
6975,2,1,1,0
6976,4,1,1,0
6977,3,1,1,0
6978,4,1,1,0
6979,6,1,1,0
6980,2,1,1,0
6981,6,1,1,0
6982,4,1,1,0
6983,4,1,1,0
6984,6,1,1,0
6985,5,1,1,0
6986,4,1,1,0
6987,1,1,1,0
6988,1,1,1,0
6989,3,1,1,0
6990,4,1,1,0
6991,2,1,1,0
6992,1,1,1,0
6993,9,1,1,0
6994,1,1,1,0
6995,4,1,1,0
6996,2,1,1,0
6997,2,1,1,0
6998,5,1,1,0
6999,2,1,1,0
7000,2,1,1,0
7001,1,1,1,0
7002,4,1,1,0
7003,8,1,1,0
7004,1,1,1,0
7005,3,1,1,0
7006,2,1,1,0
7007,1,1,1,0
7008,1,1,1,0
7009,1,1,1,0
7010,1,1,1,0
7011,2,1,1,0
7012,1,1,1,0
7013,15,1,1,0
7014,3,1,1,0
7015,2,1,1,0
7016,3,1,1,0
7017,1,1,1,0
7018,2,1,1,0
7019,2,1,1,0
7020,1,1,1,0
7021,2,1,1,0
7022,11,1,1,0
7023,9,1,1,0
7024,2,1,1,0
7025,4,1,1,0
7026,5,1,1,0
7027,2,1,1,0
7028,4,1,1,0
7029,1,1,1,0
7030,2,1,1,0
7031,4,1,1,0
7032,1,1,1,0
7033,1,1,1,0
7034,4,1,1,0
7035,6,1,1,0
7036,3,1,1,0
7037,8,1,1,0
7038,5,1,1,0
7039,2,1,1,0
7040,3,1,1,0
7041,11,1,1,0
7042,2,1,1,0
7043,12,1,1,0
7044,1,1,1,0
7045,2,1,1,0
7046,3,1,1,0
7047,2,1,1,0
7048,2,1,1,0
7049,11,1,1,0
7050,5,1,1,0
7051,1,1,1,0
7052,3,1,1,0
7053,7,1,1,0
7054,7,1,1,0
7055,7,1,1,0
7056,2,1,1,0
7057,3,1,1,0
7058,8,1,1,0
7059,2,1,1,0
7060,5,1,1,0
7061,6,1,1,0
7062,2,1,1,0
7063,4,1,1,0
7064,3,1,1,0
7065,6,1,1,0
7066,3,1,1,0
7067,2,1,1,0
7068,2,1,1,0
7069,1,1,1,0
7070,4,1,1,0
7071,1,1,1,0
7072,3,1,1,0
7073,3,1,1,0
7074,2,1,1,0
7075,7,1,1,0
7076,4,1,1,0
7077,1,1,1,0
7078,3,1,1,0
7079,5,1,1,0
7080,2,1,1,0
7081,3,1,1,0
7082,6,1,1,0
7083,5,1,1,0
7084,1,1,1,0
7085,5,1,1,0
7086,3,1,1,0
7087,2,1,1,0
7088,3,1,1,0
7089,6,1,1,0
7090,10,1,1,0
7091,5,1,1,0
7092,7,1,1,0
7093,1,1,1,0
7094,2,1,1,0
7095,1,1,1,0
7096,6,1,1,0
7097,8,1,1,0
7098,1,1,1,0
7099,3,1,1,0
7100,1,1,1,0
7101,6,1,1,0
7102,2,1,1,0
7103,2,1,1,0
7104,9,1,1,0
7105,18,1,1,0
7106,9,1,1,0
7107,2,1,1,0
7108,1,1,1,0
7109,1,1,1,0
7110,2,1,1,0
7111,2,1,1,0
7112,2,1,1,0
7113,3,1,1,0
7114,6,1,1,0
7115,7,1,1,0
7116,3,1,1,0
7117,1,1,1,0
7118,1,1,1,0
7119,1,1,1,0
7120,8,1,1,0
7121,1,1,1,0
7122,3,1,1,0
7123,5,1,1,0
7124,2,1,1,0
7125,1,1,1,0
7126,11,1,1,0
7127,1,1,1,0
7128,3,1,1,0
7129,8,1,1,0
7130,5,1,1,0
7131,4,1,1,0
7132,6,1,1,0
7133,6,1,1,0
7134,6,1,1,0
7135,2,1,1,0
7136,3,1,1,0
7137,1,1,1,0
7138,3,1,1,0
7139,7,1,1,0
7140,10,1,1,0
7141,8,1,1,0
7142,3,1,1,0
7143,2,1,1,0
7144,7,1,1,0
7145,5,1,1,0
7146,3,1,1,0
7147,3,1,1,0
7148,9,1,1,0
7149,2,1,1,0
7150,7,1,1,0
7151,1,1,1,0
7152,1,1,1,0
7153,4,1,1,0
7154,1,1,1,0
7155,2,1,1,0
7156,11,1,1,0
7157,2,1,1,0
7158,12,1,1,0
7159,3,1,1,0
7160,1,1,1,0
7161,1,1,1,0
7162,3,1,1,0
7163,5,1,1,0
7164,4,1,1,0
7165,1,1,1,0
7166,9,1,1,0
7167,1,1,1,0
7168,1,1,1,0
7169,2,1,1,0
7170,1,1,1,0
7171,3,1,1,0
7172,3,1,1,0
7173,2,1,1,0
7174,3,1,1,0
7175,6,1,1,0
7176,3,1,1,0
7177,8,1,1,0
7178,1,1,1,0
7179,9,1,1,0
7180,5,1,1,0
7181,2,1,1,0
7182,5,1,1,0
7183,1,1,1,0
7184,1,1,1,0
7185,3,1,1,0
7186,5,1,1,0
7187,1,1,1,0
7188,2,1,1,0
7189,1,1,1,0
7190,1,1,1,0
7191,6,1,1,0
7192,5,1,1,0
7193,7,1,1,0
7194,4,1,1,0
7195,4,1,1,0
7196,5,1,1,0
7197,1,1,1,0
7198,4,1,1,0
7199,7,1,1,0
7200,1,1,1,0
7201,4,1,1,0
7202,5,1,1,0
7203,4,1,1,0
7204,2,1,1,0
7205,10,1,1,0
7206,4,1,1,0
7207,4,1,1,0
7208,1,1,1,0
7209,1,1,1,0
7210,4,1,1,0
7211,2,1,1,0
7212,6,1,1,0
7213,2,1,1,0
7214,1,1,1,0
7215,3,1,1,0
7216,4,1,1,0
7217,2,1,1,0
7218,2,1,1,0
7219,2,1,1,0
7220,1,1,1,0
7221,10,1,1,0
7222,5,1,1,0
7223,5,1,1,0
7224,7,1,1,0
7225,7,1,1,0
7226,5,1,1,0
7227,9,1,1,0
7228,1,1,1,0
7229,2,1,1,0
7230,2,1,1,0
7231,9,1,1,0
7232,1,1,1,0
7233,2,1,1,0
7234,9,1,1,0
7235,6,1,1,0
7236,1,1,1,0
7237,8,1,1,0
7238,3,1,1,0
7239,1,1,1,0
7240,7,1,1,0
7241,1,1,1,0
7242,1,1,1,0
7243,5,1,1,0
7244,5,1,1,0
7245,1,1,1,0
7246,3,1,1,0
7247,3,1,1,0
7248,6,1,1,0
7249,1,1,1,0
7250,4,1,1,0
7251,1,1,1,0
7252,1,1,1,0
7253,5,1,1,0
7254,8,1,1,0
7255,1,1,1,0
7256,1,1,1,0
7257,9,1,1,0
7258,3,1,1,0
7259,2,1,1,0
7260,2,1,1,0
7261,4,1,1,0
7262,4,1,1,0
7263,2,1,1,0
7264,8,1,1,0
7265,4,1,1,0
7266,2,1,1,0
7267,1,1,1,0
7268,8,1,1,0
7269,7,1,1,0
7270,1,1,1,0
7271,2,1,1,0
7272,1,1,1,0
7273,2,1,1,0
7274,1,1,1,0
7275,2,1,1,0
7276,2,1,1,0
7277,3,1,1,0
7278,2,1,1,0
7279,1,1,1,0
7280,1,1,1,0
7281,1,1,1,0
7282,3,1,1,0
7283,3,1,1,0
7284,6,1,1,0
7285,4,1,1,0
7286,1,1,1,0
7287,3,1,1,0
7288,6,1,1,0
7289,4,1,1,0
7290,2,1,1,0
7291,4,1,1,0
7292,3,1,1,0
7293,5,1,1,0
7294,3,1,1,0
7295,1,1,1,0
7296,2,1,1,0
7297,3,1,1,0
7298,8,1,1,0
7299,5,1,1,0
7300,4,1,1,0
7301,3,1,1,0
7302,3,1,1,0
7303,6,1,1,0
7304,3,1,1,0
7305,2,1,1,0
7306,2,1,1,0
7307,1,1,1,0
7308,7,1,1,0
7309,4,1,1,0
7310,1,1,1,0
7311,7,1,1,0
7312,14,1,1,0
7313,3,1,1,0
7314,1,1,1,0
7315,1,1,1,0
7316,2,1,1,0
7317,4,1,1,0
7318,4,1,1,0
7319,9,1,1,0
7320,7,1,1,0
7321,12,1,1,0
7322,1,1,1,0
7323,8,1,1,0
7324,7,1,1,0
7325,9,1,1,0
7326,3,1,1,0
7327,2,1,1,0
7328,1,1,1,0
7329,2,1,1,0
7330,1,1,1,0
7331,2,1,1,0
7332,2,1,1,0
7333,2,1,1,0
7334,2,1,1,0
7335,5,1,1,0
7336,3,1,1,0
7337,2,1,1,0
7338,1,1,1,0
7339,2,1,1,0
7340,2,1,1,0
7341,2,1,1,0
7342,4,1,1,0
7343,3,1,1,0
7344,10,1,1,0
7345,2,1,1,0
7346,1,1,1,0
7347,3,1,1,0
7348,5,1,1,0
7349,2,1,1,0
7350,14,1,1,0
7351,3,1,1,0
7352,1,1,1,0
7353,1,1,1,0
7354,3,1,1,0
7355,6,1,1,0
7356,1,1,1,0
7357,4,1,1,0
7358,1,1,1,0
7359,1,1,1,0
7360,3,1,1,0
7361,5,1,1,0
7362,5,1,1,0
7363,4,1,1,0
7364,3,1,1,0
7365,1,1,1,0
7366,3,1,1,0
7367,2,1,1,0
7368,3,1,1,0
7369,1,1,1,0
7370,2,1,1,0
7371,4,1,1,0
7372,2,1,1,0
7373,1,1,1,0
7374,5,1,1,0
7375,4,1,1,0
7376,1,1,1,0
7377,1,1,1,0
7378,1,1,1,0
7379,1,1,1,0
7380,4,1,1,0
7381,2,1,1,0
7382,1,1,1,0
7383,2,1,1,0
7384,11,1,1,0
7385,3,1,1,0
7386,2,1,1,0
7387,1,1,1,0
7388,4,1,1,0
7389,2,1,1,0
7390,1,1,1,0
7391,3,1,1,0
7392,11,1,1,0
7393,5,1,1,0
7394,3,1,1,0
7395,5,1,1,0
7396,3,1,1,0
7397,5,1,1,0
7398,7,1,1,0
7399,4,1,1,0
7400,2,1,1,0
7401,5,1,1,0
7402,8,1,1,0
7403,4,1,1,0
7404,3,1,1,0
7405,5,1,1,0
7406,6,1,1,0
7407,8,1,1,0
7408,1,1,1,0
7409,4,1,1,0
7410,3,1,1,0
7411,1,1,1,0
7412,2,1,1,0
7413,1,1,1,0
7414,3,1,1,0
7415,4,1,1,0
7416,1,1,1,0
7417,2,1,1,0
7418,5,1,1,0
7419,3,1,1,0
7420,5,1,1,0
7421,5,1,1,0
7422,1,1,1,0
7423,12,1,1,0
7424,1,1,1,0
7425,1,1,1,0
7426,6,1,1,0
7427,4,1,1,0
7428,3,1,1,0
7429,5,1,1,0
7430,3,1,1,0
7431,10,1,1,0
7432,4,1,1,0
7433,2,1,1,0
7434,2,1,1,0
7435,2,1,1,0
7436,3,1,1,0
7437,4,1,1,0
7438,1,1,1,0
7439,2,1,1,0
7440,11,1,1,0
7441,2,1,1,0
7442,1,1,1,0
7443,1,1,1,0
7444,7,1,1,0
7445,1,1,1,0
7446,1,1,1,0
7447,1,1,1,0
7448,7,1,1,0
7449,6,1,1,0
7450,3,1,1,0
7451,14,1,1,0
7452,1,1,1,0
7453,10,1,1,0
7454,6,1,1,0
7455,4,1,1,0
7456,2,1,1,0
7457,1,1,1,0
7458,1,1,1,0
7459,1,1,1,0
7460,6,1,1,0
7461,8,1,1,0
7462,1,1,1,0
7463,2,1,1,0
7464,5,1,1,0
7465,2,1,1,0
7466,2,1,1,0
7467,3,1,1,0
7468,3,1,1,0
7469,1,1,1,0
7470,1,1,1,0
7471,8,1,1,0
7472,2,1,1,0
7473,1,1,1,0
7474,4,1,1,0
7475,5,1,1,0
7476,1,1,1,0
7477,1,1,1,0
7478,1,1,1,0
7479,13,1,1,0
7480,2,1,1,0
7481,3,1,1,0
7482,2,1,1,0
7483,7,1,1,0
7484,1,1,1,0
7485,5,1,1,0
7486,11,1,1,0
7487,3,1,1,0
7488,1,1,1,0
7489,2,1,1,0
7490,3,1,1,0
7491,2,1,1,0
7492,7,1,1,0
7493,10,1,1,0
7494,8,1,1,0
7495,3,1,1,0
7496,3,1,1,0
7497,7,1,1,0
7498,6,1,1,0
7499,3,1,1,0
7500,3,1,1,0
7501,1,1,1,0
7502,4,1,1,0
7503,2,1,1,0
7504,3,1,1,0
7505,1,1,1,0
7506,2,1,1,0
7507,1,1,1,0
7508,6,1,1,0
7509,4,1,1,0
7510,3,1,1,0
7511,2,1,1,0
7512,2,1,1,0
7513,9,1,1,0
7514,3,1,1,0
7515,5,1,1,0
7516,1,1,1,0
7517,3,1,1,0
7518,2,1,1,0
7519,3,1,1,0
7520,10,1,1,0
7521,1,1,1,0
7522,4,1,1,0
7523,1,1,1,0
7524,1,1,1,0
7525,3,1,1,0
7526,3,1,1,0
7527,2,1,1,0
7528,1,1,1,0
7529,2,1,1,0
7530,1,1,1,0
7531,1,1,1,0
7532,2,1,1,0
7533,6,1,1,0
7534,1,1,1,0
7535,3,1,1,0
7536,1,1,1,0
7537,2,1,1,0
7538,10,1,1,0
7539,1,1,1,0
7540,4,1,1,0
7541,3,1,1,0
7542,11,1,1,0
7543,1,1,1,0
7544,2,1,1,0
7545,8,1,1,0
7546,1,1,1,0
7547,3,1,1,0
7548,4,1,1,0
7549,1,1,1,0
7550,3,1,1,0
7551,1,1,1,0
7552,4,1,1,0
7553,2,1,1,0
7554,1,1,1,0
7555,3,1,1,0
7556,2,1,1,0
7557,6,1,1,0
7558,2,1,1,0
7559,3,1,1,0
7560,2,1,1,0
7561,4,1,1,0
7562,2,1,1,0
7563,1,1,1,0
7564,1,1,1,0
7565,2,1,1,0
7566,8,1,1,0
7567,1,1,1,0
7568,2,1,1,0
7569,8,1,1,0
7570,8,1,1,0
7571,2,1,1,0
7572,6,1,1,0
7573,3,1,1,0
7574,8,1,1,0
7575,2,1,1,0
7576,2,1,1,0
7577,1,1,1,0
7578,4,1,1,0
7579,2,1,1,0
7580,5,1,1,0
7581,2,1,1,0
7582,8,1,1,0
7583,4,1,1,0
7584,5,1,1,0
7585,3,1,1,0
7586,1,1,1,0
7587,7,1,1,0
7588,2,1,1,0
7589,1,1,1,0
7590,3,1,1,0
7591,5,1,1,0
7592,1,1,1,0
7593,3,1,1,0
7594,9,1,1,0
7595,5,1,1,0
7596,1,1,1,0
7597,2,1,1,0
7598,1,1,1,0
7599,2,1,1,0
7600,4,1,1,0
7601,2,1,1,0
7602,1,1,1,0
7603,1,1,1,0
7604,6,1,1,0
7605,8,1,1,0
7606,5,1,1,0
7607,3,1,1,0
7608,3,1,1,0
7609,4,1,1,0
7610,11,1,1,0
7611,9,1,1,0
7612,9,1,1,0
7613,3,1,1,0
7614,1,1,1,0
7615,6,1,1,0
7616,7,1,1,0
7617,2,1,1,0
7618,4,1,1,0
7619,9,1,1,0
7620,2,1,1,0
7621,1,1,1,0
7622,2,1,1,0
7623,2,1,1,0
7624,3,1,1,0
7625,3,1,1,0
7626,3,1,1,0
7627,2,1,1,0
7628,1,1,1,0
7629,3,1,1,0
7630,1,1,1,0
7631,5,1,1,0
7632,1,1,1,0
7633,1,1,1,0
7634,3,1,1,0
7635,8,1,1,0
7636,2,1,1,0
7637,2,1,1,0
7638,1,1,1,0
7639,4,1,1,0
7640,13,1,1,0
7641,2,1,1,0
7642,1,1,1,0
7643,4,1,1,0
7644,5,1,1,0
7645,7,1,1,0
7646,3,1,1,0
7647,7,1,1,0
7648,2,1,1,0
7649,1,1,1,0
7650,3,1,1,0
7651,1,1,1,0
7652,1,1,1,0
7653,2,1,1,0
7654,6,1,1,0
7655,2,1,1,0
7656,2,1,1,0
7657,1,1,1,0
7658,4,1,1,0
7659,2,1,1,0
7660,8,1,1,0
7661,3,1,1,0
7662,6,1,1,0
7663,7,1,1,0
7664,3,1,1,0
7665,4,1,1,0
7666,7,1,1,0
7667,3,1,1,0
7668,7,1,1,0
7669,4,1,1,0
7670,3,1,1,0
7671,6,1,1,0
7672,4,1,1,0
7673,1,1,1,0
7674,3,1,1,0
7675,2,1,1,0
7676,3,1,1,0
7677,11,1,1,0
7678,1,1,1,0
7679,7,1,1,0
7680,1,1,1,0
7681,1,1,1,0
7682,3,1,1,0
7683,5,1,1,0
7684,5,1,1,0
7685,1,1,1,0
7686,1,1,1,0
7687,12,1,1,0
7688,3,1,1,0
7689,9,1,1,0
7690,7,1,1,0
7691,1,1,1,0
7692,3,1,1,0
7693,1,1,1,0
7694,2,1,1,0
7695,4,1,1,0
7696,1,1,1,0
7697,2,1,1,0
7698,7,1,1,0
7699,3,1,1,0
7700,5,1,1,0
7701,3,1,1,0
7702,3,1,1,0
7703,1,1,1,0
7704,4,1,1,0
7705,4,1,1,0
7706,3,1,1,0
7707,14,1,1,0
7708,2,1,1,0
7709,3,1,1,0
7710,1,1,1,0
7711,3,1,1,0
7712,1,1,1,0
7713,2,1,1,0
7714,8,1,1,0
7715,4,1,1,0
7716,1,1,1,0
7717,2,1,1,0
7718,4,1,1,0
7719,6,1,1,0
7720,7,1,1,0
7721,1,1,1,0
7722,2,1,1,0
7723,4,1,1,0
7724,1,1,1,0
7725,2,1,1,0
7726,1,1,1,0
7727,1,1,1,0
7728,2,1,1,0
7729,3,1,1,0
7730,9,1,1,0
7731,7,1,1,0
7732,4,1,1,0
7733,7,1,1,0
7734,1,1,1,0
7735,4,1,1,0
7736,1,1,1,0
7737,5,1,1,0
7738,4,1,1,0
7739,4,1,1,0
7740,1,1,1,0
7741,1,1,1,0
7742,3,1,1,0
7743,5,1,1,0
7744,7,1,1,0
7745,1,1,1,0
7746,3,1,1,0
7747,6,1,1,0
7748,1,1,1,0
7749,11,1,1,0
7750,4,1,1,0
7751,5,1,1,0
7752,4,1,1,0
7753,8,1,1,0
7754,3,1,1,0
7755,11,1,1,0
7756,3,1,1,0
7757,1,1,1,0
7758,5,1,1,0
7759,5,1,1,0
7760,3,1,1,0
7761,2,1,1,0
7762,1,1,1,0
7763,4,1,1,0
7764,4,1,1,0
7765,1,1,1,0
7766,2,1,1,0
7767,2,1,1,0
7768,4,1,1,0
7769,3,1,1,0
7770,4,1,1,0
7771,5,1,1,0
7772,3,1,1,0
7773,2,1,1,0
7774,6,1,1,0
7775,1,1,1,0
7776,4,1,1,0
7777,1,1,1,0
7778,5,1,1,0
7779,2,1,1,0
7780,1,1,1,0
7781,2,1,1,0
7782,2,1,1,0
7783,3,1,1,0
7784,3,1,1,0
7785,1,1,1,0
7786,2,1,1,0
7787,1,1,1,0
7788,5,1,1,0
7789,1,1,1,0
7790,3,1,1,0
7791,1,1,1,0
7792,3,1,1,0
7793,3,1,1,0
7794,1,1,1,0
7795,3,1,1,0
7796,3,1,1,0
7797,1,1,1,0
7798,1,1,1,0
7799,3,1,1,0
7800,3,1,1,0
7801,4,1,1,0
7802,1,1,1,0
7803,1,1,1,0
7804,8,1,1,0
7805,15,1,1,0
7806,3,1,1,0
7807,6,1,1,0
7808,4,1,1,0
7809,1,1,1,0
7810,10,1,1,0
7811,1,1,1,0
7812,18,1,1,0
7813,1,1,1,0
7814,1,1,1,0
7815,1,1,1,0
7816,2,1,1,0
7817,8,1,1,0
7818,2,1,1,0
7819,3,1,1,0
7820,5,1,1,0
7821,1,1,1,0
7822,1,1,1,0
7823,2,1,1,0
7824,1,1,1,0
7825,3,1,1,0
7826,4,1,1,0
7827,5,1,1,0
7828,1,1,1,0
7829,7,1,1,0
7830,1,1,1,0
7831,4,1,1,0
7832,1,1,1,0
7833,5,1,1,0
7834,3,1,1,0
7835,4,1,1,0
7836,2,1,1,0
7837,7,1,1,0
7838,10,1,1,0
7839,3,1,1,0
7840,8,1,1,0
7841,5,1,1,0
7842,1,1,1,0
7843,9,1,1,0
7844,1,1,1,0
7845,1,1,1,0
7846,3,1,1,0
7847,2,1,1,0
7848,4,1,1,0
7849,3,1,1,0
7850,1,1,1,0
7851,7,1,1,0
7852,5,1,1,0
7853,4,1,1,0
7854,2,1,1,0
7855,4,1,1,0
7856,3,1,1,0
7857,1,1,1,0
7858,5,1,1,0
7859,5,1,1,0
7860,6,1,1,0
7861,1,1,1,0
7862,1,1,1,0
7863,1,1,1,0
7864,5,1,1,0
7865,2,1,1,0
7866,1,1,1,0
7867,4,1,1,0
7868,4,1,1,0
7869,4,1,1,0
7870,1,1,1,0
7871,6,1,1,0
7872,1,1,1,0
7873,5,1,1,0
7874,2,1,1,0
7875,2,1,1,0
7876,1,1,1,0
7877,1,1,1,0
7878,4,1,1,0
7879,3,1,1,0
7880,3,1,1,0
7881,1,1,1,0
7882,5,1,1,0
7883,3,1,1,0
7884,7,1,1,0
7885,3,1,1,0
7886,9,1,1,0
7887,4,1,1,0
7888,5,1,1,0
7889,10,1,1,0
7890,3,1,1,0
7891,4,1,1,0
7892,7,1,1,0
7893,6,1,1,0
7894,2,1,1,0
7895,1,1,1,0
7896,3,1,1,0
7897,3,1,1,0
7898,1,1,1,0
7899,3,1,1,0
7900,3,1,1,0
7901,1,1,1,0
7902,2,1,1,0
7903,1,1,1,0
7904,4,1,1,0
7905,7,1,1,0
7906,3,1,1,0
7907,11,1,1,0
7908,5,1,1,0
7909,2,1,1,0
7910,3,1,1,0
7911,2,1,1,0
7912,10,1,1,0
7913,1,1,1,0
7914,4,1,1,0
7915,1,1,1,0
7916,2,1,1,0
7917,1,1,1,0
7918,1,1,1,0
7919,10,1,1,0
7920,1,1,1,0
7921,1,1,1,0
7922,1,1,1,0
7923,7,1,1,0
7924,1,1,1,0
7925,2,1,1,0
7926,1,1,1,0
7927,2,1,1,0
7928,8,1,1,0
7929,7,1,1,0
7930,2,1,1,0
7931,1,1,1,0
7932,2,1,1,0
7933,1,1,1,0
7934,1,1,1,0
7935,3,1,1,0
7936,5,1,1,0
7937,1,1,1,0
7938,1,1,1,0
7939,1,1,1,0
7940,1,1,1,0
7941,3,1,1,0
7942,9,1,1,0
7943,1,1,1,0
7944,2,1,1,0
7945,6,1,1,0
7946,3,1,1,0
7947,2,1,1,0
7948,3,1,1,0
7949,3,1,1,0
7950,5,1,1,0
7951,3,1,1,0
7952,5,1,1,0
7953,4,1,1,0
7954,2,1,1,0
7955,2,1,1,0
7956,2,1,1,0
7957,2,1,1,0
7958,3,1,1,0
7959,1,1,1,0
7960,11,1,1,0
7961,3,1,1,0
7962,6,1,1,0
7963,1,1,1,0
7964,1,1,1,0
7965,6,1,1,0
7966,4,1,1,0
7967,1,1,1,0
7968,2,1,1,0
7969,5,1,1,0
7970,2,1,1,0
7971,5,1,1,0
7972,3,1,1,0
7973,2,1,1,0
7974,7,1,1,0
7975,2,1,1,0
7976,1,1,1,0
7977,4,1,1,0
7978,5,1,1,0
7979,2,1,1,0
7980,1,1,1,0
7981,2,1,1,0
7982,3,1,1,0
7983,3,1,1,0
7984,3,1,1,0
7985,1,1,1,0
7986,4,1,1,0
7987,1,1,1,0
7988,5,1,1,0
7989,3,1,1,0
7990,2,1,1,0
7991,3,1,1,0
7992,2,1,1,0
7993,1,1,1,0
7994,3,1,1,0
7995,5,1,1,0
7996,1,1,1,0
7997,3,1,1,0
7998,3,1,1,0
7999,10,1,1,0
8000,3,1,1,0
8001,3,1,1,0
8002,3,1,1,0
8003,1,1,1,0
8004,1,1,1,0
8005,1,1,1,0
8006,1,1,1,0
8007,5,1,1,0
8008,2,1,1,0
8009,9,1,1,0
8010,1,1,1,0
8011,3,1,1,0
8012,1,1,1,0
8013,1,1,1,0
8014,2,1,1,0
8015,3,1,1,0
8016,4,1,1,0
8017,8,1,1,0
8018,3,1,1,0
8019,1,1,1,0
8020,7,1,1,0
8021,7,1,1,0
8022,2,1,1,0
8023,2,1,1,0
8024,1,1,1,0
8025,2,1,1,0
8026,3,1,1,0
8027,2,1,1,0
8028,17,1,1,0
8029,10,1,1,0
8030,1,1,1,0
8031,5,1,1,0
8032,1,1,1,0
8033,2,1,1,0
8034,2,1,1,0
8035,2,1,1,0
8036,2,1,1,0
8037,1,1,1,0
8038,7,1,1,0
8039,4,1,1,0
8040,3,1,1,0
8041,6,1,1,0
8042,1,1,1,0
8043,3,1,1,0
8044,4,1,1,0
8045,4,1,1,0
8046,4,1,1,0
8047,3,1,1,0
8048,4,1,1,0
8049,9,1,1,0
8050,2,1,1,0
8051,5,1,1,0
8052,1,1,1,0
8053,2,1,1,0
8054,1,1,1,0
8055,6,1,1,0
8056,1,1,1,0
8057,1,1,1,0
8058,5,1,1,0
8059,7,1,1,0
8060,3,1,1,0
8061,1,1,1,0
8062,4,1,1,0
8063,3,1,1,0
8064,4,1,1,0
8065,1,1,1,0
8066,2,1,1,0
8067,1,1,1,0
8068,7,1,1,0
8069,1,1,1,0
8070,1,1,1,0
8071,1,1,1,0
8072,8,1,1,0
8073,3,1,1,0
8074,8,1,1,0
8075,5,1,1,0
8076,1,1,1,0
8077,2,1,1,0
8078,1,1,1,0
8079,8,1,1,0
8080,1,1,1,0
8081,1,1,1,0
8082,6,1,1,0
8083,7,1,1,0
8084,4,1,1,0
8085,7,1,1,0
8086,4,1,1,0
8087,7,1,1,0
8088,3,1,1,0
8089,1,1,1,0
8090,1,1,1,0
8091,3,1,1,0
8092,9,1,1,0
8093,4,1,1,0
8094,2,1,1,0
8095,3,1,1,0
8096,4,1,1,0
8097,6,1,1,0
8098,2,1,1,0
8099,2,1,1,0
8100,1,1,1,0
8101,2,1,1,0
8102,3,1,1,0
8103,3,1,1,0
8104,5,1,1,0
8105,2,1,1,0
8106,8,1,1,0
8107,2,1,1,0
8108,3,1,1,0
8109,2,1,1,0
8110,5,1,1,0
8111,6,1,1,0
8112,2,1,1,0
8113,2,1,1,0
8114,4,1,1,0
8115,3,1,1,0
8116,3,1,1,0
8117,7,1,1,0
8118,2,1,1,0
8119,3,1,1,0
8120,3,1,1,0
8121,2,1,1,0
8122,2,1,1,0
8123,2,1,1,0
8124,7,1,1,0
8125,8,1,1,0
8126,2,1,1,0
8127,13,1,1,0
8128,5,1,1,0
8129,1,1,1,0
8130,2,1,1,0
8131,1,1,1,0
8132,1,1,1,0
8133,3,1,1,0
8134,4,1,1,0
8135,3,1,1,0
8136,1,1,1,0
8137,8,1,1,0
8138,3,1,1,0
8139,3,1,1,0
8140,2,1,1,0
8141,5,1,1,0
8142,4,1,1,0
8143,8,1,1,0
8144,1,1,1,0
8145,6,1,1,0
8146,2,1,1,0
8147,2,1,1,0
8148,2,1,1,0
8149,1,1,1,0
8150,3,1,1,0
8151,10,1,1,0
8152,1,1,1,0
8153,1,1,1,0
8154,1,1,1,0
8155,2,1,1,0
8156,1,1,1,0
8157,4,1,1,0
8158,10,1,1,0
8159,2,1,1,0
8160,3,1,1,0
8161,1,1,1,0
8162,2,1,1,0
8163,1,1,1,0
8164,1,1,1,0
8165,11,1,1,0
8166,4,1,1,0
8167,2,1,1,0
8168,1,1,1,0
8169,5,1,1,0
8170,1,1,1,0
8171,13,1,1,0
8172,5,1,1,0
8173,6,1,1,0
8174,1,1,1,0
8175,1,1,1,0
8176,1,1,1,0
8177,5,1,1,0
8178,7,1,1,0
8179,1,1,1,0
8180,4,1,1,0
8181,8,1,1,0
8182,3,1,1,0
8183,5,1,1,0
8184,1,1,1,0
8185,1,1,1,0
8186,4,1,1,0
8187,1,1,1,0
8188,3,1,1,0
8189,6,1,1,0
8190,3,1,1,0
8191,1,1,1,0
8192,1,1,1,0
8193,4,1,1,0
8194,5,1,1,0
8195,4,1,1,0
8196,1,1,1,0
8197,3,1,1,0
8198,1,1,1,0
8199,1,1,1,0
8200,4,1,1,0
8201,7,1,1,0
8202,4,1,1,0
8203,1,1,1,0
8204,3,1,1,0
8205,1,1,1,0
8206,4,1,1,0
8207,4,1,1,0
8208,2,1,1,0
8209,1,1,1,0
8210,4,1,1,0
8211,7,1,1,0
8212,5,1,1,0
8213,9,1,1,0
8214,3,1,1,0
8215,3,1,1,0
8216,1,1,1,0
8217,2,1,1,0
8218,3,1,1,0
8219,4,1,1,0
8220,3,1,1,0
8221,2,1,1,0
8222,1,1,1,0
8223,2,1,1,0
8224,2,1,1,0
8225,3,1,1,0
8226,1,1,1,0
8227,2,1,1,0
8228,4,1,1,0
8229,1,1,1,0
8230,1,1,1,0
8231,3,1,1,0
8232,6,1,1,0
8233,1,1,1,0
8234,6,1,1,0
8235,2,1,1,0
8236,6,1,1,0
8237,1,1,1,0
8238,5,1,1,0
8239,2,1,1,0
8240,8,1,1,0
8241,4,1,1,0
8242,4,1,1,0
8243,5,1,1,0
8244,7,1,1,0
8245,1,1,1,0
8246,1,1,1,0
8247,9,1,1,0
8248,4,1,1,0
8249,5,1,1,0
8250,4,1,1,0
8251,3,1,1,0
8252,2,1,1,0
8253,3,1,1,0
8254,3,1,1,0
8255,3,1,1,0
8256,1,1,1,0
8257,3,1,1,0
8258,1,1,1,0
8259,2,1,1,0
8260,1,1,1,0
8261,5,1,1,0
8262,13,1,1,0
8263,2,1,1,0
8264,7,1,1,0
8265,1,1,1,0
8266,2,1,1,0
8267,6,1,1,0
8268,5,1,1,0
8269,1,1,1,0
8270,3,1,1,0
8271,1,1,1,0
8272,2,1,1,0
8273,4,1,1,0
8274,5,1,1,0
8275,4,1,1,0
8276,3,1,1,0
8277,4,1,1,0
8278,3,1,1,0
8279,16,1,1,0
8280,1,1,1,0
8281,1,1,1,0
8282,4,1,1,0
8283,3,1,1,0
8284,3,1,1,0
8285,8,1,1,0
8286,3,1,1,0
8287,7,1,1,0
8288,4,1,1,0
8289,2,1,1,0
8290,1,1,1,0
8291,3,1,1,0
8292,6,1,1,0
8293,2,1,1,0
8294,9,1,1,0
8295,4,1,1,0
8296,1,1,1,0
8297,7,1,1,0
8298,2,1,1,0
8299,3,1,1,0
8300,5,1,1,0
8301,3,1,1,0
8302,2,1,1,0
8303,3,1,1,0
8304,2,1,1,0
8305,2,1,1,0
8306,1,1,1,0
8307,1,1,1,0
8308,4,1,1,0
8309,2,1,1,0
8310,1,1,1,0
8311,2,1,1,0
8312,1,1,1,0
8313,1,1,1,0
8314,5,1,1,0
8315,5,1,1,0
8316,1,1,1,0
8317,2,1,1,0
8318,3,1,1,0
8319,1,1,1,0
8320,5,1,1,0
8321,1,1,1,0
8322,7,1,1,0
8323,3,1,1,0
8324,1,1,1,0
8325,14,1,1,0
8326,2,1,1,0
8327,5,1,1,0
8328,9,1,1,0
8329,3,1,1,0
8330,5,1,1,0
8331,1,1,1,0
8332,9,1,1,0
8333,3,1,1,0
8334,2,1,1,0
8335,3,1,1,0
8336,7,1,1,0
8337,2,1,1,0
8338,2,1,1,0
8339,6,1,1,0
8340,5,1,1,0
8341,9,1,1,0
8342,1,1,1,0
8343,3,1,1,0
8344,7,1,1,0
8345,3,1,1,0
8346,6,1,1,0
8347,2,1,1,0
8348,9,1,1,0
8349,1,1,1,0
8350,2,1,1,0
8351,2,1,1,0
8352,5,1,1,0
8353,6,1,1,0
8354,3,1,1,0
8355,10,1,1,0
8356,7,1,1,0
8357,1,1,1,0
8358,6,1,1,0
8359,1,1,1,0
8360,2,1,1,0
8361,1,1,1,0
8362,3,1,1,0
8363,11,1,1,0
8364,1,1,1,0
8365,2,1,1,0
8366,1,1,1,0
8367,1,1,1,0
8368,6,1,1,0
8369,4,1,1,0
8370,1,1,1,0
8371,4,1,1,0
8372,8,1,1,0
8373,4,1,1,0
8374,4,1,1,0
8375,7,1,1,0
8376,1,1,1,0
8377,9,1,1,0
8378,1,1,1,0
8379,1,1,1,0
8380,1,1,1,0
8381,10,1,1,0
8382,3,1,1,0
8383,3,1,1,0
8384,6,1,1,0
8385,3,1,1,0
8386,2,1,1,0
8387,1,1,1,0
8388,2,1,1,0
8389,2,1,1,0
8390,3,1,1,0
8391,1,1,1,0
8392,4,1,1,0
8393,1,1,1,0
8394,2,1,1,0
8395,1,1,1,0
8396,4,1,1,0
8397,6,1,1,0
8398,3,1,1,0
8399,1,1,1,0
8400,2,1,1,0
8401,7,1,1,0
8402,5,1,1,0
8403,1,1,1,0
8404,2,1,1,0
8405,5,1,1,0
8406,1,1,1,0
8407,9,1,1,0
8408,6,1,1,0
8409,4,1,1,0
8410,1,1,1,0
8411,11,1,1,0
8412,3,1,1,0
8413,1,1,1,0
8414,5,1,1,0
8415,2,1,1,0
8416,1,1,1,0
8417,1,1,1,0
8418,4,1,1,0
8419,10,1,1,0
8420,2,1,1,0
8421,2,1,1,0
8422,3,1,1,0
8423,1,1,1,0
8424,11,1,1,0
8425,2,1,1,0
8426,1,1,1,0
8427,3,1,1,0
8428,3,1,1,0
8429,6,1,1,0
8430,1,1,1,0
8431,3,1,1,0
8432,6,1,1,0
8433,5,1,1,0
8434,3,1,1,0
8435,1,1,1,0
8436,3,1,1,0
8437,6,1,1,0
8438,2,1,1,0
8439,2,1,1,0
8440,10,1,1,0
8441,1,1,1,0
8442,3,1,1,0
8443,4,1,1,0
8444,3,1,1,0
8445,1,1,1,0
8446,5,1,1,0
8447,5,1,1,0
8448,1,1,1,0
8449,1,1,1,0
8450,3,1,1,0
8451,2,1,1,0
8452,1,1,1,0
8453,6,1,1,0
8454,6,1,1,0
8455,2,1,1,0
8456,4,1,1,0
8457,6,1,1,0
8458,3,1,1,0
8459,4,1,1,0
8460,1,1,1,0
8461,1,1,1,0
8462,5,1,1,0
8463,7,1,1,0
8464,2,1,1,0
8465,3,1,1,0
8466,1,1,1,0
8467,1,1,1,0
8468,3,1,1,0
8469,4,1,1,0
8470,2,1,1,0
8471,2,1,1,0
8472,8,1,1,0
8473,7,1,1,0
8474,4,1,1,0
8475,5,1,1,0
8476,1,1,1,0
8477,2,1,1,0
8478,4,1,1,0
8479,1,1,1,0
8480,2,1,1,0
8481,2,1,1,0
8482,3,1,1,0
8483,4,1,1,0
8484,7,1,1,0
8485,2,1,1,0
8486,3,1,1,0
8487,11,1,1,0
8488,3,1,1,0
8489,2,1,1,0
8490,3,1,1,0
8491,5,1,1,0
8492,11,1,1,0
8493,5,1,1,0
8494,7,1,1,0
8495,1,1,1,0
8496,3,1,1,0
8497,1,1,1,0
8498,1,1,1,0
8499,2,1,1,0
8500,20,1,1,0
8501,1,1,1,0
8502,5,1,1,0
8503,5,1,1,0
8504,5,1,1,0
8505,2,1,1,0
8506,2,1,1,0
8507,3,1,1,0
8508,3,1,1,0
8509,1,1,1,0
8510,4,1,1,0
8511,5,1,1,0
8512,1,1,1,0
8513,2,1,1,0
8514,1,1,1,0
8515,3,1,1,0
8516,3,1,1,0
8517,1,1,1,0
8518,1,1,1,0
8519,2,1,1,0
8520,3,1,1,0
8521,3,1,1,0
8522,2,1,1,0
8523,4,1,1,0
8524,5,1,1,0
8525,14,1,1,0
8526,1,1,1,0
8527,7,1,1,0
8528,1,1,1,0
8529,4,1,1,0
8530,1,1,1,0
8531,3,1,1,0
8532,9,1,1,0
8533,1,1,1,0
8534,4,1,1,0
8535,1,1,1,0
8536,2,1,1,0
8537,3,1,1,0
8538,2,1,1,0
8539,3,1,1,0
8540,6,1,1,0
8541,3,1,1,0
8542,1,1,1,0
8543,2,1,1,0
8544,7,1,1,0
8545,9,1,1,0
8546,2,1,1,0
8547,2,1,1,0
8548,6,1,1,0
8549,3,1,1,0
8550,4,1,1,0
8551,3,1,1,0
8552,1,1,1,0
8553,3,1,1,0
8554,4,1,1,0
8555,15,1,1,0
8556,1,1,1,0
8557,2,1,1,0
8558,3,1,1,0
8559,1,1,1,0
8560,7,1,1,0
8561,4,1,1,0
8562,8,1,1,0
8563,9,1,1,0
8564,1,1,1,0
8565,22,1,1,0
8566,2,1,1,0
8567,4,1,1,0
8568,2,1,1,0
8569,2,1,1,0
8570,9,1,1,0
8571,3,1,1,0
8572,4,1,1,0
8573,5,1,1,0
8574,3,1,1,0
8575,1,1,1,0
8576,5,1,1,0
8577,4,1,1,0
8578,8,1,1,0
8579,4,1,1,0
8580,2,1,1,0
8581,5,1,1,0
8582,1,1,1,0
8583,5,1,1,0
8584,6,1,1,0
8585,6,1,1,0
8586,1,1,1,0
8587,2,1,1,0
8588,1,1,1,0
8589,1,1,1,0
8590,1,1,1,0
8591,2,1,1,0
8592,1,1,1,0
8593,1,1,1,0
8594,1,1,1,0
8595,2,1,1,0
8596,2,1,1,0
8597,1,1,1,0
8598,3,1,1,0
8599,1,1,1,0
8600,5,1,1,0
8601,4,1,1,0
8602,4,1,1,0
8603,7,1,1,0
8604,6,1,1,0
8605,4,1,1,0
8606,8,1,1,0
8607,1,1,1,0
8608,1,1,1,0
8609,4,1,1,0
8610,2,1,1,0
8611,3,1,1,0
8612,1,1,1,0
8613,3,1,1,0
8614,5,1,1,0
8615,3,1,1,0
8616,3,1,1,0
8617,3,1,1,0
8618,6,1,1,0
8619,2,1,1,0
8620,1,1,1,0
8621,5,1,1,0
8622,7,1,1,0
8623,5,1,1,0
8624,2,1,1,0
8625,9,1,1,0
8626,4,1,1,0
8627,3,1,1,0
8628,3,1,1,0
8629,4,1,1,0
8630,3,1,1,0
8631,5,1,1,0
8632,1,1,1,0
8633,2,1,1,0
8634,5,1,1,0
8635,1,1,1,0
8636,1,1,1,0
8637,3,1,1,0
8638,3,1,1,0
8639,3,1,1,0
8640,5,1,1,0
8641,1,1,1,0
8642,3,1,1,0
8643,1,1,1,0
8644,3,1,1,0
8645,2,1,1,0
8646,5,1,1,0
8647,1,1,1,0
8648,2,1,1,0
8649,2,1,1,0
8650,1,1,1,0
8651,2,1,1,0
8652,4,1,1,0
8653,2,1,1,0
8654,5,1,1,0
8655,1,1,1,0
8656,2,1,1,0
8657,3,1,1,0
8658,7,1,1,0
8659,3,1,1,0
8660,1,1,1,0
8661,7,1,1,0
8662,3,1,1,0
8663,4,1,1,0
8664,3,1,1,0
8665,2,1,1,0
8666,2,1,1,0
8667,5,1,1,0
8668,4,1,1,0
8669,8,1,1,0
8670,5,1,1,0
8671,4,1,1,0
8672,5,1,1,0
8673,2,1,1,0
8674,5,1,1,0
8675,3,1,1,0
8676,3,1,1,0
8677,3,1,1,0
8678,4,1,1,0
8679,1,1,1,0
8680,5,1,1,0
8681,5,1,1,0
8682,4,1,1,0
8683,3,1,1,0
8684,12,1,1,0
8685,3,1,1,0
8686,3,1,1,0
8687,9,1,1,0
8688,2,1,1,0
8689,2,1,1,0
8690,2,1,1,0
8691,2,1,1,0
8692,3,1,1,0
8693,2,1,1,0
8694,4,1,1,0
8695,2,1,1,0
8696,9,1,1,0
8697,3,1,1,0
8698,9,1,1,0
8699,6,1,1,0
8700,4,1,1,0
8701,2,1,1,0
8702,7,1,1,0
8703,4,1,1,0
8704,3,1,1,0
8705,3,1,1,0
8706,1,1,1,0
8707,1,1,1,0
8708,3,1,1,0
8709,2,1,1,0
8710,9,1,1,0
8711,6,1,1,0
8712,3,1,1,0
8713,4,1,1,0
8714,2,1,1,0
8715,1,1,1,0
8716,5,1,1,0
8717,5,1,1,0
8718,8,1,1,0
8719,1,1,1,0
8720,5,1,1,0
8721,3,1,1,0
8722,1,1,1,0
8723,3,1,1,0
8724,5,1,1,0
8725,2,1,1,0
8726,1,1,1,0
8727,9,1,1,0
8728,1,1,1,0
8729,1,1,1,0
8730,3,1,1,0
8731,5,1,1,0
8732,6,1,1,0
8733,8,1,1,0
8734,4,1,1,0
8735,9,1,1,0
8736,2,1,1,0
8737,2,1,1,0
8738,1,1,1,0
8739,2,1,1,0
8740,1,1,1,0
8741,1,1,1,0
8742,2,1,1,0
8743,3,1,1,0
8744,1,1,1,0
8745,1,1,1,0
8746,6,1,1,0
8747,5,1,1,0
8748,4,1,1,0
8749,3,1,1,0
8750,6,1,1,0
8751,3,1,1,0
8752,1,1,1,0
8753,13,1,1,0
8754,1,1,1,0
8755,2,1,1,0
8756,1,1,1,0
8757,3,1,1,0
8758,10,1,1,0
8759,3,1,1,0
8760,4,1,1,0
8761,3,1,1,0
8762,3,1,1,0
8763,3,1,1,0
8764,1,1,1,0
8765,3,1,1,0
8766,1,1,1,0
8767,6,1,1,0
8768,2,1,1,0
8769,1,1,1,0
8770,10,1,1,0
8771,5,1,1,0
8772,8,1,1,0
8773,7,1,1,0
8774,3,1,1,0
8775,3,1,1,0
8776,2,1,1,0
8777,6,1,1,0
8778,9,1,1,0
8779,1,1,1,0
8780,3,1,1,0
8781,3,1,1,0
8782,2,1,1,0
8783,4,1,1,0
8784,4,1,1,0
8785,8,1,1,0
8786,3,1,1,0
8787,11,1,1,0
8788,2,1,1,0
8789,1,1,1,0
8790,1,1,1,0
8791,6,1,1,0
8792,1,1,1,0
8793,3,1,1,0
8794,2,1,1,0
8795,2,1,1,0
8796,2,1,1,0
8797,3,1,1,0
8798,3,1,1,0
8799,2,1,1,0
8800,1,1,1,0
8801,3,1,1,0
8802,3,1,1,0
8803,1,1,1,0
8804,1,1,1,0
8805,5,1,1,0
8806,2,1,1,0
8807,5,1,1,0
8808,1,1,1,0
8809,5,1,1,0
8810,2,1,1,0
8811,6,1,1,0
8812,2,1,1,0
8813,2,1,1,0
8814,1,1,1,0
8815,4,1,1,0
8816,10,1,1,0
8817,8,1,1,0
8818,2,1,1,0
8819,9,1,1,0
8820,2,1,1,0
8821,1,1,1,0
8822,2,1,1,0
8823,7,1,1,0
8824,1,1,1,0
8825,5,1,1,0
8826,6,1,1,0
8827,3,1,1,0
8828,1,1,1,0
8829,1,1,1,0
8830,1,1,1,0
8831,1,1,1,0
8832,1,1,1,0
8833,2,1,1,0
8834,3,1,1,0
8835,1,1,1,0
8836,1,1,1,0
8837,5,1,1,0
8838,4,1,1,0
8839,7,1,1,0
8840,1,1,1,0
8841,5,1,1,0
8842,10,1,1,0
8843,8,1,1,0
8844,9,1,1,0
8845,1,1,1,0
8846,2,1,1,0
8847,2,1,1,0
8848,5,1,1,0
8849,1,1,1,0
8850,2,1,1,0
8851,2,1,1,0
8852,1,1,1,0
8853,2,1,1,0
8854,6,1,1,0
8855,1,1,1,0
8856,6,1,1,0
8857,1,1,1,0
8858,1,1,1,0
8859,6,1,1,0
8860,4,1,1,0
8861,1,1,1,0
8862,4,1,1,0
8863,5,1,1,0
8864,2,1,1,0
8865,13,1,1,0
8866,3,1,1,0
8867,9,1,1,0
8868,12,1,1,0
8869,5,1,1,0
8870,2,1,1,0
8871,2,1,1,0
8872,1,1,1,0
8873,4,1,1,0
8874,5,1,1,0
8875,3,1,1,0
8876,3,1,1,0
8877,1,1,1,0
8878,7,1,1,0
8879,4,1,1,0
8880,1,1,1,0
8881,1,1,1,0
8882,1,1,1,0
8883,2,1,1,0
8884,1,1,1,0
8885,2,1,1,0
8886,4,1,1,0
8887,10,1,1,0
8888,4,1,1,0
8889,2,1,1,0
8890,3,1,1,0
8891,3,1,1,0
8892,4,1,1,0
8893,3,1,1,0
8894,2,1,1,0
8895,7,1,1,0
8896,1,1,1,0
8897,4,1,1,0
8898,11,1,1,0
8899,6,1,1,0
8900,1,1,1,0
8901,1,1,1,0
8902,6,1,1,0
8903,3,1,1,0
8904,2,1,1,0
8905,2,1,1,0
8906,2,1,1,0
8907,2,1,1,0
8908,2,1,1,0
8909,1,1,1,0
8910,5,1,1,0
8911,2,1,1,0
8912,1,1,1,0
8913,3,1,1,0
8914,3,1,1,0
8915,2,1,1,0
8916,2,1,1,0
8917,1,1,1,0
8918,4,1,1,0
8919,7,1,1,0
8920,1,1,1,0
8921,3,1,1,0
8922,3,1,1,0
8923,5,1,1,0
8924,1,1,1,0
8925,2,1,1,0
8926,1,1,1,0
8927,2,1,1,0
8928,6,1,1,0
8929,2,1,1,0
8930,2,1,1,0
8931,7,1,1,0
8932,1,1,1,0
8933,7,1,1,0
8934,2,1,1,0
8935,2,1,1,0
8936,3,1,1,0
8937,1,1,1,0
8938,1,1,1,0
8939,2,1,1,0
8940,2,1,1,0
8941,1,1,1,0
8942,1,1,1,0
8943,1,1,1,0
8944,3,1,1,0
8945,1,1,1,0
8946,5,1,1,0
8947,6,1,1,0
8948,3,1,1,0
8949,21,1,1,0
8950,3,1,1,0
8951,5,1,1,0
8952,3,1,1,0
8953,1,1,1,0
8954,1,1,1,0
8955,4,1,1,0
8956,4,1,1,0
8957,3,1,1,0
8958,7,1,1,0
8959,1,1,1,0
8960,4,1,1,0
8961,1,1,1,0
8962,2,1,1,0
8963,2,1,1,0
8964,1,1,1,0
8965,2,1,1,0
8966,3,1,1,0
8967,4,1,1,0
8968,14,1,1,0
8969,5,1,1,0
8970,6,1,1,0
8971,5,1,1,0
8972,3,1,1,0
8973,1,1,1,0
8974,3,1,1,0
8975,1,1,1,0
8976,5,1,1,0
8977,2,1,1,0
8978,4,1,1,0
8979,2,1,1,0
8980,1,1,1,0
8981,1,1,1,0
8982,4,1,1,0
8983,7,1,1,0
8984,1,1,1,0
8985,8,1,1,0
8986,4,1,1,0
8987,12,1,1,0
8988,6,1,1,0
8989,1,1,1,0
8990,2,1,1,0
8991,3,1,1,0
8992,1,1,1,0
8993,1,1,1,0
8994,1,1,1,0
8995,1,1,1,0
8996,4,1,1,0
8997,3,1,1,0
8998,1,1,1,0
8999,4,1,1,0
9000,3,1,1,0
9001,4,1,1,0
9002,1,1,1,0
9003,9,1,1,0
9004,3,1,1,0
9005,2,1,1,0
9006,3,1,1,0
9007,1,1,1,0
9008,5,1,1,0
9009,1,1,1,0
9010,3,1,1,0
9011,2,1,1,0
9012,3,1,1,0
9013,9,1,1,0
9014,4,1,1,0
9015,7,1,1,0
9016,2,1,1,0
9017,3,1,1,0
9018,4,1,1,0
9019,2,1,1,0
9020,2,1,1,0
9021,9,1,1,0
9022,1,1,1,0
9023,2,1,1,0
9024,4,1,1,0
9025,2,1,1,0
9026,5,1,1,0
9027,3,1,1,0
9028,4,1,1,0
9029,2,1,1,0
9030,3,1,1,0
9031,1,1,1,0
9032,1,1,1,0
9033,2,1,1,0
9034,3,1,1,0
9035,3,1,1,0
9036,3,1,1,0
9037,5,1,1,0
9038,3,1,1,0
9039,2,1,1,0
9040,5,1,1,0
9041,2,1,1,0
9042,3,1,1,0
9043,1,1,1,0
9044,5,1,1,0
9045,1,1,1,0
9046,6,1,1,0
9047,6,1,1,0
9048,3,1,1,0
9049,2,1,1,0
9050,2,1,1,0
9051,5,1,1,0
9052,9,1,1,0
9053,2,1,1,0
9054,1,1,1,0
9055,2,1,1,0
9056,1,1,1,0
9057,2,1,1,0
9058,3,1,1,0
9059,3,1,1,0
9060,2,1,1,0
9061,1,1,1,0
9062,2,1,1,0
9063,7,1,1,0
9064,3,1,1,0
9065,6,1,1,0
9066,1,1,1,0
9067,8,1,1,0
9068,4,1,1,0
9069,2,1,1,0
9070,8,1,1,0
9071,5,1,1,0
9072,4,1,1,0
9073,2,1,1,0
9074,13,1,1,0
9075,4,1,1,0
9076,1,1,1,0
9077,2,1,1,0
9078,6,1,1,0
9079,2,1,1,0
9080,2,1,1,0
9081,4,1,1,0
9082,3,1,1,0
9083,3,1,1,0
9084,4,1,1,0
9085,2,1,1,0
9086,1,1,1,0
9087,1,1,1,0
9088,5,1,1,0
9089,2,1,1,0
9090,1,1,1,0
9091,3,1,1,0
9092,3,1,1,0
9093,2,1,1,0
9094,1,1,1,0
9095,4,1,1,0
9096,4,1,1,0
9097,3,1,1,0
9098,3,1,1,0
9099,5,1,1,0
9100,4,1,1,0
9101,1,1,1,0
9102,4,1,1,0
9103,5,1,1,0
9104,4,1,1,0
9105,10,1,1,0
9106,2,1,1,0
9107,2,1,1,0
9108,1,1,1,0
9109,7,1,1,0
9110,3,1,1,0
9111,3,1,1,0
9112,1,1,1,0
9113,2,1,1,0
9114,1,1,1,0
9115,1,1,1,0
9116,7,1,1,0
9117,1,1,1,0
9118,4,1,1,0
9119,5,1,1,0
9120,3,1,1,0
9121,3,1,1,0
9122,2,1,1,0
9123,1,1,1,0
9124,2,1,1,0
9125,3,1,1,0
9126,3,1,1,0
9127,4,1,1,0
9128,9,1,1,0
9129,3,1,1,0
9130,4,1,1,0
9131,1,1,1,0
9132,3,1,1,0
9133,3,1,1,0
9134,1,1,1,0
9135,2,1,1,0
9136,1,1,1,0
9137,2,1,1,0
9138,6,1,1,0
9139,4,1,1,0
9140,4,1,1,0
9141,2,1,1,0
9142,1,1,1,0
9143,5,1,1,0
9144,3,1,1,0
9145,1,1,1,0
9146,3,1,1,0
9147,6,1,1,0
9148,1,1,1,0
9149,3,1,1,0
9150,9,1,1,0
9151,1,1,1,0
9152,3,1,1,0
9153,1,1,1,0
9154,5,1,1,0
9155,4,1,1,0
9156,1,1,1,0
9157,3,1,1,0
9158,5,1,1,0
9159,1,1,1,0
9160,2,1,1,0
9161,1,1,1,0
9162,2,1,1,0
9163,5,1,1,0
9164,3,1,1,0
9165,3,1,1,0
9166,1,1,1,0
9167,3,1,1,0
9168,3,1,1,0
9169,2,1,1,0
9170,2,1,1,0
9171,2,1,1,0
9172,2,1,1,0
9173,1,1,1,0
9174,3,1,1,0
9175,4,1,1,0
9176,5,1,1,0
9177,3,1,1,0
9178,1,1,1,0
9179,3,1,1,0
9180,4,1,1,0
9181,5,1,1,0
9182,2,1,1,0
9183,1,1,1,0
9184,5,1,1,0
9185,8,1,1,0
9186,2,1,1,0
9187,1,1,1,0
9188,9,1,1,0
9189,3,1,1,0
9190,3,1,1,0
9191,2,1,1,0
9192,2,1,1,0
9193,4,1,1,0
9194,2,1,1,0
9195,2,1,1,0
9196,5,1,1,0
9197,1,1,1,0
9198,7,1,1,0
9199,9,1,1,0
9200,11,1,1,0
9201,3,1,1,0
9202,7,1,1,0
9203,1,1,1,0
9204,2,1,1,0
9205,1,1,1,0
9206,6,1,1,0
9207,7,1,1,0
9208,1,1,1,0
9209,6,1,1,0
9210,8,1,1,0
9211,7,1,1,0
9212,6,1,1,0
9213,1,1,1,0
9214,3,1,1,0
9215,1,1,1,0
9216,1,1,1,0
9217,1,1,1,0
9218,1,1,1,0
9219,4,1,1,0
9220,1,1,1,0
9221,3,1,1,0
9222,4,1,1,0
9223,3,1,1,0
9224,1,1,1,0
9225,3,1,1,0
9226,7,1,1,0
9227,1,1,1,0
9228,4,1,1,0
9229,5,1,1,0
9230,1,1,1,0
9231,1,1,1,0
9232,2,1,1,0
9233,3,1,1,0
9234,1,1,1,0
9235,3,1,1,0
9236,7,1,1,0
9237,7,1,1,0
9238,1,1,1,0
9239,3,1,1,0
9240,1,1,1,0
9241,3,1,1,0
9242,4,1,1,0
9243,2,1,1,0
9244,9,1,1,0
9245,6,1,1,0
9246,6,1,1,0
9247,3,1,1,0
9248,1,1,1,0
9249,3,1,1,0
9250,6,1,1,0
9251,5,1,1,0
9252,2,1,1,0
9253,1,1,1,0
9254,5,1,1,0
9255,6,1,1,0
9256,3,1,1,0
9257,1,1,1,0
9258,2,1,1,0
9259,5,1,1,0
9260,5,1,1,0
9261,2,1,1,0
9262,3,1,1,0
9263,5,1,1,0
9264,3,1,1,0
9265,7,1,1,0
9266,4,1,1,0
9267,3,1,1,0
9268,2,1,1,0
9269,6,1,1,0
9270,1,1,1,0
9271,8,1,1,0
9272,3,1,1,0
9273,5,1,1,0
9274,6,1,1,0
9275,4,1,1,0
9276,2,1,1,0
9277,2,1,1,0
9278,4,1,1,0
9279,1,1,1,0
9280,2,1,1,0
9281,1,1,1,0
9282,3,1,1,0
9283,6,1,1,0
9284,4,1,1,0
9285,7,1,1,0
9286,1,1,1,0
9287,9,1,1,0
9288,1,1,1,0
9289,7,1,1,0
9290,1,1,1,0
9291,5,1,1,0
9292,6,1,1,0
9293,4,1,1,0
9294,1,1,1,0
9295,3,1,1,0
9296,8,1,1,0
9297,4,1,1,0
9298,2,1,1,0
9299,9,1,1,0
9300,1,1,1,0
9301,1,1,1,0
9302,2,1,1,0
9303,6,1,1,0
9304,2,1,1,0
9305,6,1,1,0
9306,2,1,1,0
9307,3,1,1,0
9308,2,1,1,0
9309,2,1,1,0
9310,5,1,1,0
9311,1,1,1,0
9312,1,1,1,0
9313,3,1,1,0
9314,5,1,1,0
9315,5,1,1,0
9316,5,1,1,0
9317,1,1,1,0
9318,3,1,1,0
9319,5,1,1,0
9320,3,1,1,0
9321,2,1,1,0
9322,2,1,1,0
9323,5,1,1,0
9324,4,1,1,0
9325,3,1,1,0
9326,1,1,1,0
9327,2,1,1,0
9328,5,1,1,0
9329,2,1,1,0
9330,1,1,1,0
9331,2,1,1,0
9332,8,1,1,0
9333,9,1,1,0
9334,7,1,1,0
9335,6,1,1,0
9336,3,1,1,0
9337,1,1,1,0
9338,1,1,1,0
9339,2,1,1,0
9340,3,1,1,0
9341,3,1,1,0
9342,1,1,1,0
9343,2,1,1,0
9344,2,1,1,0
9345,3,1,1,0
9346,3,1,1,0
9347,7,1,1,0
9348,3,1,1,0
9349,3,1,1,0
9350,2,1,1,0
9351,10,1,1,0
9352,6,1,1,0
9353,1,1,1,0
9354,7,1,1,0
9355,7,1,1,0
9356,4,1,1,0
9357,3,1,1,0
9358,2,1,1,0
9359,7,1,1,0
9360,6,1,1,0
9361,10,1,1,0
9362,2,1,1,0
9363,5,1,1,0
9364,1,1,1,0
9365,6,1,1,0
9366,5,1,1,0
9367,1,1,1,0
9368,2,1,1,0
9369,2,1,1,0
9370,6,1,1,0
9371,3,1,1,0
9372,6,1,1,0
9373,8,1,1,0
9374,2,1,1,0
9375,5,1,1,0
9376,3,1,1,0
9377,3,1,1,0
9378,3,1,1,0
9379,1,1,1,0
9380,2,1,1,0
9381,2,1,1,0
9382,1,1,1,0
9383,3,1,1,0
9384,1,1,1,0
9385,5,1,1,0
9386,4,1,1,0
9387,2,1,1,0
9388,1,1,1,0
9389,3,1,1,0
9390,1,1,1,0
9391,5,1,1,0
9392,3,1,1,0
9393,3,1,1,0
9394,5,1,1,0
9395,4,1,1,0
9396,7,1,1,0
9397,3,1,1,0
9398,2,1,1,0
9399,1,1,1,0
9400,1,1,1,0
9401,2,1,1,0
9402,9,1,1,0
9403,1,1,1,0
9404,1,1,1,0
9405,1,1,1,0
9406,4,1,1,0
9407,6,1,1,0
9408,4,1,1,0
9409,3,1,1,0
9410,2,1,1,0
9411,4,1,1,0
9412,3,1,1,0
9413,3,1,1,0
9414,1,1,1,0
9415,1,1,1,0
9416,1,1,1,0
9417,2,1,1,0
9418,4,1,1,0
9419,3,1,1,0
9420,4,1,1,0
9421,1,1,1,0
9422,2,1,1,0
9423,1,1,1,0
9424,5,1,1,0
9425,5,1,1,0
9426,11,1,1,0
9427,3,1,1,0
9428,12,1,1,0
9429,2,1,1,0
9430,3,1,1,0
9431,4,1,1,0
9432,1,1,1,0
9433,3,1,1,0
9434,2,1,1,0
9435,3,1,1,0
9436,2,1,1,0
9437,5,1,1,0
9438,2,1,1,0
9439,5,1,1,0
9440,1,1,1,0
9441,1,1,1,0
9442,4,1,1,0
9443,2,1,1,0
9444,5,1,1,0
9445,3,1,1,0
9446,1,1,1,0
9447,2,1,1,0
9448,3,1,1,0
9449,7,1,1,0
9450,3,1,1,0
9451,8,1,1,0
9452,6,1,1,0
9453,1,1,1,0
9454,1,1,1,0
9455,5,1,1,0
9456,1,1,1,0
9457,1,1,1,0
9458,3,1,1,0
9459,4,1,1,0
9460,5,1,1,0
9461,1,1,1,0
9462,1,1,1,0
9463,7,1,1,0
9464,1,1,1,0
9465,6,1,1,0
9466,2,1,1,0
9467,2,1,1,0
9468,2,1,1,0
9469,8,1,1,0
9470,2,1,1,0
9471,1,1,1,0
9472,4,1,1,0
9473,6,1,1,0
9474,1,1,1,0
9475,5,1,1,0
9476,4,1,1,0
9477,3,1,1,0
9478,6,1,1,0
9479,3,1,1,0
9480,5,1,1,0
9481,3,1,1,0
9482,2,1,1,0
9483,1,1,1,0
9484,2,1,1,0
9485,1,1,1,0
9486,5,1,1,0
9487,4,1,1,0
9488,5,1,1,0
9489,8,1,1,0
9490,1,1,1,0
9491,3,1,1,0
9492,3,1,1,0
9493,2,1,1,0
9494,6,1,1,0
9495,2,1,1,0
9496,2,1,1,0
9497,4,1,1,0
9498,5,1,1,0
9499,3,1,1,0
9500,4,1,1,0
9501,3,1,1,0
9502,1,1,1,0
9503,1,1,1,0
9504,8,1,1,0
9505,3,1,1,0
9506,1,1,1,0
9507,4,1,1,0
9508,4,1,1,0
9509,1,1,1,0
9510,1,1,1,0
9511,7,1,1,0
9512,4,1,1,0
9513,1,1,1,0
9514,1,1,1,0
9515,1,1,1,0
9516,1,1,1,0
9517,1,1,1,0
9518,4,1,1,0
9519,3,1,1,0
9520,5,1,1,0
9521,3,1,1,0
9522,5,1,1,0
9523,1,1,1,0
9524,5,1,1,0
9525,2,1,1,0
9526,3,1,1,0
9527,6,1,1,0
9528,8,1,1,0
9529,1,1,1,0
9530,4,1,1,0
9531,3,1,1,0
9532,3,1,1,0
9533,2,1,1,0
9534,4,1,1,0
9535,1,1,1,0
9536,1,1,1,0
9537,3,1,1,0
9538,2,1,1,0
9539,1,1,1,0
9540,1,1,1,0
9541,1,1,1,0
9542,10,1,1,0
9543,2,1,1,0
9544,10,1,1,0
9545,3,1,1,0
9546,2,1,1,0
9547,1,1,1,0
9548,2,1,1,0
9549,4,1,1,0
9550,5,1,1,0
9551,3,1,1,0
9552,1,1,1,0
9553,2,1,1,0
9554,8,1,1,0
9555,1,1,1,0
9556,2,1,1,0
9557,1,1,1,0
9558,4,1,1,0
9559,2,1,1,0
9560,4,1,1,0
9561,11,1,1,0
9562,9,1,1,0
9563,4,1,1,0
9564,1,1,1,0
9565,2,1,1,0
9566,3,1,1,0
9567,1,1,1,0
9568,2,1,1,0
9569,4,1,1,0
9570,2,1,1,0
9571,2,1,1,0
9572,5,1,1,0
9573,3,1,1,0
9574,3,1,1,0
9575,1,1,1,0
9576,3,1,1,0
9577,1,1,1,0
9578,3,1,1,0
9579,3,1,1,0
9580,2,1,1,0
9581,1,1,1,0
9582,6,1,1,0
9583,3,1,1,0
9584,1,1,1,0
9585,3,1,1,0
9586,4,1,1,0
9587,1,1,1,0
9588,6,1,1,0
9589,2,1,1,0
9590,7,1,1,0
9591,5,1,1,0
9592,1,1,1,0
9593,1,1,1,0
9594,3,1,1,0
9595,3,1,1,0
9596,2,1,1,0
9597,2,1,1,0
9598,1,1,1,0
9599,1,1,1,0
9600,6,1,1,0
9601,4,1,1,0
9602,5,1,1,0
9603,6,1,1,0
9604,1,1,1,0
9605,1,1,1,0
9606,3,1,1,0
9607,2,1,1,0
9608,1,1,1,0
9609,1,1,1,0
9610,8,1,1,0
9611,3,1,1,0
9612,3,1,1,0
9613,1,1,1,0
9614,10,1,1,0
9615,2,1,1,0
9616,6,1,1,0
9617,1,1,1,0
9618,6,1,1,0
9619,1,1,1,0
9620,4,1,1,0
9621,2,1,1,0
9622,2,1,1,0
9623,1,1,1,0
9624,5,1,1,0
9625,1,1,1,0
9626,2,1,1,0
9627,3,1,1,0
9628,3,1,1,0
9629,6,1,1,0
9630,5,1,1,0
9631,2,1,1,0
9632,1,1,1,0
9633,7,1,1,0
9634,5,1,1,0
9635,6,1,1,0
9636,5,1,1,0
9637,2,1,1,0
9638,3,1,1,0
9639,3,1,1,0
9640,2,1,1,0
9641,2,1,1,0
9642,5,1,1,0
9643,1,1,1,0
9644,3,1,1,0
9645,1,1,1,0
9646,1,1,1,0
9647,1,1,1,0
9648,4,1,1,0
9649,4,1,1,0
9650,4,1,1,0
9651,1,1,1,0
9652,4,1,1,0
9653,4,1,1,0
9654,3,1,1,0
9655,2,1,1,0
9656,1,1,1,0
9657,3,1,1,0
9658,1,1,1,0
9659,4,1,1,0
9660,4,1,1,0
9661,8,1,1,0
9662,2,1,1,0
9663,1,1,1,0
9664,3,1,1,0
9665,1,1,1,0
9666,1,1,1,0
9667,11,1,1,0
9668,3,1,1,0
9669,4,1,1,0
9670,8,1,1,0
9671,15,1,1,0
9672,2,1,1,0
9673,1,1,1,0
9674,1,1,1,0
9675,5,1,1,0
9676,1,1,1,0
9677,2,1,1,0
9678,8,1,1,0
9679,2,1,1,0
9680,3,1,1,0
9681,1,1,1,0
9682,2,1,1,0
9683,1,1,1,0
9684,8,1,1,0
9685,6,1,1,0
9686,1,1,1,0
9687,2,1,1,0
9688,6,1,1,0
9689,5,1,1,0
9690,5,1,1,0
9691,1,1,1,0
9692,1,1,1,0
9693,4,1,1,0
9694,6,1,1,0
9695,5,1,1,0
9696,6,1,1,0
9697,1,1,1,0
9698,2,1,1,0
9699,5,1,1,0
9700,2,1,1,0
9701,4,1,1,0
9702,7,1,1,0
9703,3,1,1,0
9704,6,1,1,0
9705,5,1,1,0
9706,5,1,1,0
9707,6,1,1,0
9708,5,1,1,0
9709,4,1,1,0
9710,8,1,1,0
9711,2,1,1,0
9712,1,1,1,0
9713,3,1,1,0
9714,3,1,1,0
9715,2,1,1,0
9716,1,1,1,0
9717,5,1,1,0
9718,2,1,1,0
9719,2,1,1,0
9720,1,1,1,0
9721,11,1,1,0
9722,4,1,1,0
9723,8,1,1,0
9724,1,1,1,0
9725,5,1,1,0
9726,5,1,1,0
9727,1,1,1,0
9728,2,1,1,0
9729,7,1,1,0
9730,1,1,1,0
9731,2,1,1,0
9732,3,1,1,0
9733,9,1,1,0
9734,1,1,1,0
9735,9,1,1,0
9736,4,1,1,0
9737,8,1,1,0
9738,1,1,1,0
9739,14,1,1,0
9740,6,1,1,0
9741,3,1,1,0
9742,6,1,1,0
9743,9,1,1,0
9744,3,1,1,0
9745,3,1,1,0
9746,2,1,1,0
9747,4,1,1,0
9748,2,1,1,0
9749,4,1,1,0
9750,2,1,1,0
9751,5,1,1,0
9752,7,1,1,0
9753,3,1,1,0
9754,1,1,1,0
9755,3,1,1,0
9756,2,1,1,0
9757,3,1,1,0
9758,5,1,1,0
9759,7,1,1,0
9760,5,1,1,0
9761,5,1,1,0
9762,3,1,1,0
9763,1,1,1,0
9764,2,1,1,0
9765,1,1,1,0
9766,2,1,1,0
9767,8,1,1,0
9768,9,1,1,0
9769,2,1,1,0
9770,7,1,1,0
9771,6,1,1,0
9772,8,1,1,0
9773,2,1,1,0
9774,7,1,1,0
9775,1,1,1,0
9776,2,1,1,0
9777,1,1,1,0
9778,2,1,1,0
9779,1,1,1,0
9780,5,1,1,0
9781,4,1,1,0
9782,1,1,1,0
9783,3,1,1,0
9784,1,1,1,0
9785,1,1,1,0
9786,4,1,1,0
9787,2,1,1,0
9788,1,1,1,0
9789,1,1,1,0
9790,1,1,1,0
9791,2,1,1,0
9792,2,1,1,0
9793,3,1,1,0
9794,6,1,1,0
9795,2,1,1,0
9796,7,1,1,0
9797,1,1,1,0
9798,8,1,1,0
9799,3,1,1,0
9800,4,1,1,0
9801,5,1,1,0
9802,4,1,1,0
9803,3,1,1,0
9804,1,1,1,0
9805,8,1,1,0
9806,4,1,1,0
9807,3,1,1,0
9808,1,1,1,0
9809,1,1,1,0
9810,10,1,1,0
9811,1,1,1,0
9812,2,1,1,0
9813,8,1,1,0
9814,1,1,1,0
9815,9,1,1,0
9816,3,1,1,0
9817,1,1,1,0
9818,2,1,1,0
9819,2,1,1,0
9820,5,1,1,0
9821,4,1,1,0
9822,5,1,1,0
9823,7,1,1,0
9824,1,1,1,0
9825,8,1,1,0
9826,2,1,1,0
9827,7,1,1,0
9828,2,1,1,0
9829,2,1,1,0
9830,7,1,1,0
9831,2,1,1,0
9832,3,1,1,0
9833,1,1,1,0
9834,3,1,1,0
9835,9,1,1,0
9836,1,1,1,0
9837,5,1,1,0
9838,5,1,1,0
9839,4,1,1,0
9840,11,1,1,0
9841,2,1,1,0
9842,4,1,1,0
9843,3,1,1,0
9844,1,1,1,0
9845,3,1,1,0
9846,2,1,1,0
9847,4,1,1,0
9848,1,1,1,0
9849,1,1,1,0
9850,7,1,1,0
9851,1,1,1,0
9852,4,1,1,0
9853,2,1,1,0
9854,6,1,1,0
9855,1,1,1,0
9856,7,1,1,0
9857,1,1,1,0
9858,2,1,1,0
9859,2,1,1,0
9860,4,1,1,0
9861,1,1,1,0
9862,8,1,1,0
9863,1,1,1,0
9864,4,1,1,0
9865,1,1,1,0
9866,7,1,1,0
9867,3,1,1,0
9868,3,1,1,0
9869,3,1,1,0
9870,1,1,1,0
9871,8,1,1,0
9872,4,1,1,0
9873,7,1,1,0
9874,3,1,1,0
9875,5,1,1,0
9876,10,1,1,0
9877,2,1,1,0
9878,3,1,1,0
9879,6,1,1,0
9880,5,1,1,0
9881,6,1,1,0
9882,9,1,1,0
9883,3,1,1,0
9884,1,1,1,0
9885,6,1,1,0
9886,7,1,1,0
9887,1,1,1,0
9888,2,1,1,0
9889,6,1,1,0
9890,4,1,1,0
9891,2,1,1,0
9892,4,1,1,0
9893,5,1,1,0
9894,9,1,1,0
9895,2,1,1,0
9896,4,1,1,0
9897,4,1,1,0
9898,2,1,1,0
9899,6,1,1,0
9900,2,1,1,0
9901,1,1,1,0
9902,6,1,1,0
9903,3,1,1,0
9904,1,1,1,0
9905,4,1,1,0
9906,5,1,1,0
9907,2,1,1,0
9908,5,1,1,0
9909,1,1,1,0
9910,1,1,1,0
9911,7,1,1,0
9912,2,1,1,0
9913,8,1,1,0
9914,4,1,1,0
9915,7,1,1,0
9916,2,1,1,0
9917,3,1,1,0
9918,4,1,1,0
9919,2,1,1,0
9920,1,1,1,0
9921,1,1,1,0
9922,5,1,1,0
9923,8,1,1,0
9924,5,1,1,0
9925,4,1,1,0
9926,1,1,1,0
9927,3,1,1,0
9928,2,1,1,0
9929,5,1,1,0
9930,4,1,1,0
9931,1,1,1,0
9932,2,1,1,0
9933,2,1,1,0
9934,1,1,1,0
9935,1,1,1,0
9936,1,1,1,0
9937,5,1,1,0
9938,5,1,1,0
9939,2,1,1,0
9940,1,1,1,0
9941,2,1,1,0
9942,3,1,1,0
9943,8,1,1,0
9944,5,1,1,0
9945,6,1,1,0
9946,4,1,1,0
9947,2,1,1,0
9948,2,1,1,0
9949,4,1,1,0
9950,7,1,1,0
9951,14,1,1,0
9952,4,1,1,0
9953,6,1,1,0
9954,1,1,1,0
9955,2,1,1,0
9956,3,1,1,0
9957,2,1,1,0
9958,1,1,1,0
9959,2,1,1,0
9960,4,1,1,0
9961,3,1,1,0
9962,2,1,1,0
9963,4,1,1,0
9964,1,1,1,0
9965,3,1,1,0
9966,7,1,1,0
9967,1,1,1,0
9968,4,1,1,0
9969,2,1,1,0
9970,3,1,1,0
9971,5,1,1,0
9972,1,1,1,0
9973,4,1,1,0
9974,1,1,1,0
9975,1,1,1,0
9976,5,1,1,0
9977,1,1,1,0
9978,5,1,1,0
9979,12,1,1,0
9980,2,1,1,0
9981,4,1,1,0
9982,2,1,1,0
9983,2,1,1,0
9984,2,1,1,0
9985,4,1,1,0
9986,1,1,1,0
9987,6,1,1,0
9988,3,1,1,0
9989,3,1,1,0
9990,1,1,1,0
9991,1,1,1,0
9992,2,1,1,0
9993,1,1,1,0
9994,1,1,1,0
9995,3,1,1,0
9996,6,1,1,0
9997,2,1,1,0
9998,1,1,1,0
9999,3,1,1,0
