trial,final_step,trapped,contact_dead,boundary_dead
0,125,1,0,0
1,69,1,0,0
2,32,1,0,0
3,75,1,0,0
4,39,1,0,0
5,78,1,0,0
6,42,1,0,0
7,32,1,0,0
8,41,1,0,0
9,58,1,0,0
10,37,1,0,0
11,96,1,0,0
12,14,1,0,0
13,67,1,0,0
14,149,1,0,0
15,69,1,0,0
16,40,1,0,0
17,40,1,0,0
18,12,1,0,0
19,77,1,0,0
20,73,1,0,0
21,104,1,0,0
22,28,1,0,0
23,23,1,0,0
24,53,1,0,0
25,45,1,0,0
26,234,1,0,0
27,106,1,0,0
28,53,1,0,0
29,132,1,0,0
30,74,1,0,0
31,156,1,0,0
32,35,1,0,0
33,74,1,0,0
34,72,1,0,0
35,30,1,0,0
36,149,1,0,0
37,34,1,0,0
38,38,1,0,0
39,33,1,0,0
40,122,1,0,0
41,34,1,0,0
42,93,1,0,0
43,18,1,0,0
44,11,1,0,0
45,48,1,0,0
46,116,1,0,0
47,15,1,0,0
48,11,1,0,0
49,17,1,0,0
50,81,1,0,0
51,68,1,0,0
52,20,1,0,0
53,111,1,0,0
54,86,1,0,0
55,82,1,0,0
56,103,1,0,0
57,90,1,0,0
58,105,1,0,0
59,154,1,0,0
60,67,1,0,0
61,103,1,0,0
62,47,1,0,0
63,52,1,0,0
64,43,1,0,0
65,176,1,0,0
66,78,1,0,0
67,102,1,0,0
68,43,1,0,0
69,86,1,0,0
70,127,1,0,0
71,86,1,0,0
72,129,1,0,0
73,7,1,0,0
74,158,1,0,0
75,109,1,0,0
76,37,1,0,0
77,46,1,0,0
78,69,1,0,0
79,79,1,0,0
80,29,1,0,0
81,78,1,0,0
82,136,1,0,0
83,193,1,0,0
84,34,1,0,0
85,30,1,0,0
86,22,1,0,0
87,23,1,0,0
88,109,1,0,0
89,39,1,0,0
90,18,1,0,0
91,197,1,0,0
92,72,1,0,0
93,210,1,0,0
94,18,1,0,0
95,65,1,0,0
96,44,1,0,0
97,100,1,0,0
98,60,1,0,0
99,57,1,0,0
100,99,1,0,0
101,206,1,0,0
102,110,1,0,0
103,125,1,0,0
104,50,1,0,0
105,70,1,0,0
106,29,1,0,0
107,50,1,0,0
108,25,1,0,0
109,42,1,0,0
110,77,1,0,0
111,115,1,0,0
112,115,1,0,0
113,44,1,0,0
114,89,1,0,0
115,44,1,0,0
116,171,1,0,0
117,76,1,0,0
118,15,1,0,0
119,122,1,0,0
120,20,1,0,0
121,10,1,0,0
122,203,1,0,0
123,156,1,0,0
124,163,1,0,0
125,27,1,0,0
126,42,1,0,0
127,40,1,0,0
128,75,1,0,0
129,16,1,0,0
130,8,1,0,0
131,41,1,0,0
132,154,1,0,0
133,72,1,0,0
134,56,1,0,0
135,91,1,0,0
136,26,1,0,0
137,46,1,0,0
138,113,1,0,0
139,78,1,0,0
140,48,1,0,0
141,25,1,0,0
142,39,1,0,0
143,31,1,0,0
144,20,1,0,0
145,269,1,0,0
146,29,1,0,0
147,66,1,0,0
148,60,1,0,0
149,85,1,0,0
150,31,1,0,0
151,50,1,0,0
152,100,1,0,0
153,78,1,0,0
154,79,1,0,0
155,28,1,0,0
156,16,1,0,0
157,17,1,0,0
158,71,1,0,0
159,135,1,0,0
160,220,1,0,0
161,124,1,0,0
162,58,1,0,0
163,28,1,0,0
164,35,1,0,0
165,34,1,0,0
166,66,1,0,0
167,75,1,0,0
168,30,1,0,0
169,81,1,0,0
170,112,1,0,0
171,126,1,0,0
172,110,1,0,0
173,25,1,0,0
174,137,1,0,0
175,77,1,0,0
176,68,1,0,0
177,87,1,0,0
178,29,1,0,0
179,11,1,0,0
180,25,1,0,0
181,16,1,0,0
182,27,1,0,0
183,79,1,0,0
184,24,1,0,0
185,77,1,0,0
186,126,1,0,0
187,77,1,0,0
188,21,1,0,0
189,58,1,0,0
190,64,1,0,0
191,35,1,0,0
192,9,1,0,0
193,71,1,0,0
194,83,1,0,0
195,13,1,0,0
196,53,1,0,0
197,103,1,0,0
198,146,1,0,0
199,59,1,0,0
200,23,1,0,0
201,46,1,0,0
202,70,1,0,0
203,21,1,0,0
204,25,1,0,0
205,194,1,0,0
206,15,1,0,0
207,48,1,0,0
208,10,1,0,0
209,41,1,0,0
210,41,1,0,0
211,71,1,0,0
212,53,1,0,0
213,50,1,0,0
214,19,1,0,0
215,112,1,0,0
216,94,1,0,0
217,40,1,0,0
218,31,1,0,0
219,73,1,0,0
220,29,1,0,0
221,59,1,0,0
222,87,1,0,0
223,16,1,0,0
224,90,1,0,0
225,39,1,0,0
226,97,1,0,0
227,28,1,0,0
228,56,1,0,0
229,412,1,0,0
230,57,1,0,0
231,130,1,0,0
232,66,1,0,0
233,10,1,0,0
234,85,1,0,0
235,149,1,0,0
236,37,1,0,0
237,32,1,0,0
238,60,1,0,0
239,59,1,0,0
240,51,1,0,0
241,46,1,0,0
242,118,1,0,0
243,77,1,0,0
244,166,1,0,0
245,24,1,0,0
246,31,1,0,0
247,82,1,0,0
248,72,1,0,0
249,77,1,0,0
250,46,1,0,0
251,7,1,0,0
252,51,1,0,0
253,150,1,0,0
254,42,1,0,0
255,26,1,0,0
256,23,1,0,0
257,48,1,0,0
258,68,1,0,0
259,52,1,0,0
260,69,1,0,0
261,64,1,0,0
262,63,1,0,0
263,58,1,0,0
264,17,1,0,0
265,64,1,0,0
266,36,1,0,0
267,27,1,0,0
268,71,1,0,0
269,35,1,0,0
270,61,1,0,0
271,11,1,0,0
272,76,1,0,0
273,18,1,0,0
274,39,1,0,0
275,81,1,0,0
276,63,1,0,0
277,210,1,0,0
278,26,1,0,0
279,21,1,0,0
280,44,1,0,0
281,111,1,0,0
282,50,1,0,0
283,98,1,0,0
284,94,1,0,0
285,94,1,0,0
286,29,1,0,0
287,45,1,0,0
288,49,1,0,0
289,114,1,0,0
290,59,1,0,0
291,142,1,0,0
292,114,1,0,0
293,148,1,0,0
294,54,1,0,0
295,141,1,0,0
296,102,1,0,0
297,32,1,0,0
298,37,1,0,0
299,108,1,0,0
300,57,1,0,0
301,24,1,0,0
302,94,1,0,0
303,21,1,0,0
304,114,1,0,0
305,72,1,0,0
306,55,1,0,0
307,17,1,0,0
308,95,1,0,0
309,18,1,0,0
310,101,1,0,0
311,107,1,0,0
312,76,1,0,0
313,22,1,0,0
314,55,1,0,0
315,18,1,0,0
316,31,1,0,0
317,35,1,0,0
318,297,1,0,0
319,12,1,0,0
320,60,1,0,0
321,33,1,0,0
322,42,1,0,0
323,64,1,0,0
324,7,1,0,0
325,39,1,0,0
326,45,1,0,0
327,15,1,0,0
328,38,1,0,0
329,52,1,0,0
330,147,1,0,0
331,15,1,0,0
332,71,1,0,0
333,30,1,0,0
334,94,1,0,0
335,119,1,0,0
336,74,1,0,0
337,60,1,0,0
338,62,1,0,0
339,28,1,0,0
340,102,1,0,0
341,27,1,0,0
342,81,1,0,0
343,30,1,0,0
344,50,1,0,0
345,38,1,0,0
346,51,1,0,0
347,121,1,0,0
348,91,1,0,0
349,24,1,0,0
350,62,1,0,0
351,17,1,0,0
352,51,1,0,0
353,227,1,0,0
354,129,1,0,0
355,75,1,0,0
356,74,1,0,0
357,73,1,0,0
358,28,1,0,0
359,39,1,0,0
360,32,1,0,0
361,33,1,0,0
362,62,1,0,0
363,147,1,0,0
364,45,1,0,0
365,18,1,0,0
366,75,1,0,0
367,80,1,0,0
368,74,1,0,0
369,39,1,0,0
370,55,1,0,0
371,72,1,0,0
372,15,1,0,0
373,87,1,0,0
374,54,1,0,0
375,21,1,0,0
376,47,1,0,0
377,46,1,0,0
378,74,1,0,0
379,157,1,0,0
380,107,1,0,0
381,23,1,0,0
382,196,1,0,0
383,10,1,0,0
384,18,1,0,0
385,54,1,0,0
386,85,1,0,0
387,21,1,0,0
388,104,1,0,0
389,81,1,0,0
390,135,1,0,0
391,99,1,0,0
392,40,1,0,0
393,50,1,0,0
394,75,1,0,0
395,25,1,0,0
396,25,1,0,0
397,53,1,0,0
398,135,1,0,0
399,38,1,0,0
400,108,1,0,0
401,85,1,0,0
402,53,1,0,0
403,75,1,0,0
404,48,1,0,0
405,88,1,0,0
406,91,1,0,0
407,66,1,0,0
408,11,1,0,0
409,99,1,0,0
410,89,1,0,0
411,17,1,0,0
412,17,1,0,0
413,40,1,0,0
414,12,1,0,0
415,48,1,0,0
416,30,1,0,0
417,75,1,0,0
418,30,1,0,0
419,158,1,0,0
420,73,1,0,0
421,43,1,0,0
422,55,1,0,0
423,69,1,0,0
424,66,1,0,0
425,37,1,0,0
426,15,1,0,0
427,38,1,0,0
428,11,1,0,0
429,123,1,0,0
430,7,1,0,0
431,14,1,0,0
432,31,1,0,0
433,52,1,0,0
434,152,1,0,0
435,96,1,0,0
436,73,1,0,0
437,12,1,0,0
438,53,1,0,0
439,57,1,0,0
440,87,1,0,0
441,71,1,0,0
442,66,1,0,0
443,91,1,0,0
444,13,1,0,0
445,39,1,0,0
446,170,1,0,0
447,27,1,0,0
448,78,1,0,0
449,48,1,0,0
450,154,1,0,0
451,112,1,0,0
452,201,1,0,0
453,38,1,0,0
454,64,1,0,0
455,25,1,0,0
456,51,1,0,0
457,125,1,0,0
458,57,1,0,0
459,29,1,0,0
460,130,1,0,0
461,20,1,0,0
462,26,1,0,0
463,14,1,0,0
464,9,1,0,0
465,49,1,0,0
466,50,1,0,0
467,33,1,0,0
468,137,1,0,0
469,125,1,0,0
470,38,1,0,0
471,52,1,0,0
472,128,1,0,0
473,31,1,0,0
474,78,1,0,0
475,21,1,0,0
476,73,1,0,0
477,86,1,0,0
478,11,1,0,0
479,36,1,0,0
480,80,1,0,0
481,35,1,0,0
482,40,1,0,0
483,61,1,0,0
484,16,1,0,0
485,48,1,0,0
486,52,1,0,0
487,94,1,0,0
488,47,1,0,0
489,31,1,0,0
490,47,1,0,0
491,57,1,0,0
492,52,1,0,0
493,22,1,0,0
494,123,1,0,0
495,108,1,0,0
496,133,1,0,0
497,78,1,0,0
498,30,1,0,0
499,48,1,0,0
500,32,1,0,0
501,20,1,0,0
502,123,1,0,0
503,138,1,0,0
504,91,1,0,0
505,45,1,0,0
506,116,1,0,0
507,35,1,0,0
508,18,1,0,0
509,195,1,0,0
510,211,1,0,0
511,17,1,0,0
512,55,1,0,0
513,19,1,0,0
514,37,1,0,0
515,47,1,0,0
516,23,1,0,0
517,40,1,0,0
518,50,1,0,0
519,51,1,0,0
520,28,1,0,0
521,67,1,0,0
522,88,1,0,0
523,97,1,0,0
524,21,1,0,0
525,129,1,0,0
526,16,1,0,0
527,45,1,0,0
528,142,1,0,0
529,82,1,0,0
530,24,1,0,0
531,268,1,0,0
532,89,1,0,0
533,39,1,0,0
534,265,1,0,0
535,54,1,0,0
536,91,1,0,0
537,71,1,0,0
538,93,1,0,0
539,142,1,0,0
540,95,1,0,0
541,36,1,0,0
542,53,1,0,0
543,62,1,0,0
544,69,1,0,0
545,84,1,0,0
546,36,1,0,0
547,55,1,0,0
548,58,1,0,0
549,48,1,0,0
550,20,1,0,0
551,33,1,0,0
552,103,1,0,0
553,146,1,0,0
554,25,1,0,0
555,77,1,0,0
556,132,1,0,0
557,41,1,0,0
558,182,1,0,0
559,44,1,0,0
560,33,1,0,0
561,43,1,0,0
562,12,1,0,0
563,25,1,0,0
564,13,1,0,0
565,122,1,0,0
566,117,1,0,0
567,159,1,0,0
568,52,1,0,0
569,64,1,0,0
570,19,1,0,0
571,25,1,0,0
572,101,1,0,0
573,84,1,0,0
574,113,1,0,0
575,42,1,0,0
576,82,1,0,0
577,59,1,0,0
578,63,1,0,0
579,161,1,0,0
580,40,1,0,0
581,87,1,0,0
582,210,1,0,0
583,171,1,0,0
584,60,1,0,0
585,72,1,0,0
586,78,1,0,0
587,52,1,0,0
588,133,1,0,0
589,22,1,0,0
590,11,1,0,0
591,41,1,0,0
592,126,1,0,0
593,110,1,0,0
594,8,1,0,0
595,44,1,0,0
596,44,1,0,0
597,15,1,0,0
598,61,1,0,0
599,52,1,0,0
600,51,1,0,0
601,67,1,0,0
602,106,1,0,0
603,216,1,0,0
604,29,1,0,0
605,54,1,0,0
606,235,1,0,0
607,122,1,0,0
608,70,1,0,0
609,29,1,0,0
610,59,1,0,0
611,66,1,0,0
612,44,1,0,0
613,84,1,0,0
614,136,1,0,0
615,34,1,0,0
616,142,1,0,0
617,47,1,0,0
618,92,1,0,0
619,37,1,0,0
620,13,1,0,0
621,47,1,0,0
622,64,1,0,0
623,18,1,0,0
624,17,1,0,0
625,67,1,0,0
626,8,1,0,0
627,97,1,0,0
628,70,1,0,0
629,105,1,0,0
630,31,1,0,0
631,24,1,0,0
632,45,1,0,0
633,34,1,0,0
634,163,1,0,0
635,12,1,0,0
636,32,1,0,0
637,52,1,0,0
638,17,1,0,0
639,97,1,0,0
640,63,1,0,0
641,48,1,0,0
642,48,1,0,0
643,89,1,0,0
644,12,1,0,0
645,82,1,0,0
646,11,1,0,0
647,57,1,0,0
648,103,1,0,0
649,61,1,0,0
650,82,1,0,0
651,33,1,0,0
652,95,1,0,0
653,192,1,0,0
654,25,1,0,0
655,112,1,0,0
656,76,1,0,0
657,85,1,0,0
658,51,1,0,0
659,53,1,0,0
660,7,1,0,0
661,37,1,0,0
662,30,1,0,0
663,38,1,0,0
664,64,1,0,0
665,69,1,0,0
666,48,1,0,0
667,102,1,0,0
668,118,1,0,0
669,49,1,0,0
670,79,1,0,0
671,23,1,0,0
672,105,1,0,0
673,98,1,0,0
674,129,1,0,0
675,43,1,0,0
676,19,1,0,0
677,33,1,0,0
678,131,1,0,0
679,54,1,0,0
680,51,1,0,0
681,54,1,0,0
682,58,1,0,0
683,37,1,0,0
684,157,1,0,0
685,20,1,0,0
686,29,1,0,0
687,18,1,0,0
688,147,1,0,0
689,24,1,0,0
690,128,1,0,0
691,31,1,0,0
692,28,1,0,0
693,59,1,0,0
694,66,1,0,0
695,46,1,0,0
696,390,1,0,0
697,102,1,0,0
698,130,1,0,0
699,39,1,0,0
700,57,1,0,0
701,24,1,0,0
702,47,1,0,0
703,17,1,0,0
704,35,1,0,0
705,111,1,0,0
706,72,1,0,0
707,48,1,0,0
708,29,1,0,0
709,40,1,0,0
710,95,1,0,0
711,40,1,0,0
712,88,1,0,0
713,138,1,0,0
714,123,1,0,0
715,87,1,0,0
716,34,1,0,0
717,69,1,0,0
718,147,1,0,0
719,35,1,0,0
720,26,1,0,0
721,46,1,0,0
722,51,1,0,0
723,54,1,0,0
724,89,1,0,0
725,12,1,0,0
726,26,1,0,0
727,46,1,0,0
728,101,1,0,0
729,124,1,0,0
730,76,1,0,0
731,208,1,0,0
732,30,1,0,0
733,80,1,0,0
734,47,1,0,0
735,68,1,0,0
736,23,1,0,0
737,41,1,0,0
738,64,1,0,0
739,107,1,0,0
740,35,1,0,0
741,32,1,0,0
742,27,1,0,0
743,95,1,0,0
744,44,1,0,0
745,137,1,0,0
746,18,1,0,0
747,65,1,0,0
748,35,1,0,0
749,36,1,0,0
750,49,1,0,0
751,98,1,0,0
752,55,1,0,0
753,33,1,0,0
754,27,1,0,0
755,14,1,0,0
756,92,1,0,0
757,87,1,0,0
758,25,1,0,0
759,17,1,0,0
760,191,1,0,0
761,32,1,0,0
762,33,1,0,0
763,17,1,0,0
764,13,1,0,0
765,35,1,0,0
766,36,1,0,0
767,55,1,0,0
768,22,1,0,0
769,25,1,0,0
770,88,1,0,0
771,28,1,0,0
772,73,1,0,0
773,105,1,0,0
774,11,1,0,0
775,156,1,0,0
776,28,1,0,0
777,101,1,0,0
778,81,1,0,0
779,134,1,0,0
780,64,1,0,0
781,65,1,0,0
782,78,1,0,0
783,138,1,0,0
784,200,1,0,0
785,22,1,0,0
786,69,1,0,0
787,96,1,0,0
788,70,1,0,0
789,117,1,0,0
790,53,1,0,0
791,19,1,0,0
792,33,1,0,0
793,112,1,0,0
794,80,1,0,0
795,13,1,0,0
796,39,1,0,0
797,51,1,0,0
798,21,1,0,0
799,14,1,0,0
800,42,1,0,0
801,13,1,0,0
802,56,1,0,0
803,41,1,0,0
804,55,1,0,0
805,87,1,0,0
806,100,1,0,0
807,78,1,0,0
808,16,1,0,0
809,75,1,0,0
810,16,1,0,0
811,70,1,0,0
812,36,1,0,0
813,77,1,0,0
814,57,1,0,0
815,24,1,0,0
816,21,1,0,0
817,55,1,0,0
818,42,1,0,0
819,108,1,0,0
820,28,1,0,0
821,82,1,0,0
822,31,1,0,0
823,37,1,0,0
824,21,1,0,0
825,43,1,0,0
826,52,1,0,0
827,123,1,0,0
828,38,1,0,0
829,46,1,0,0
830,80,1,0,0
831,34,1,0,0
832,61,1,0,0
833,27,1,0,0
834,49,1,0,0
835,45,1,0,0
836,106,1,0,0
837,52,1,0,0
838,130,1,0,0
839,102,1,0,0
840,64,1,0,0
841,39,1,0,0
842,49,1,0,0
843,18,1,0,0
844,41,1,0,0
845,59,1,0,0
846,30,1,0,0
847,193,1,0,0
848,15,1,0,0
849,116,1,0,0
850,38,1,0,0
851,41,1,0,0
852,22,1,0,0
853,63,1,0,0
854,59,1,0,0
855,51,1,0,0
856,57,1,0,0
857,27,1,0,0
858,29,1,0,0
859,72,1,0,0
860,57,1,0,0
861,30,1,0,0
862,72,1,0,0
863,141,1,0,0
864,34,1,0,0
865,137,1,0,0
866,44,1,0,0
867,56,1,0,0
868,126,1,0,0
869,63,1,0,0
870,29,1,0,0
871,80,1,0,0
872,19,1,0,0
873,32,1,0,0
874,50,1,0,0
875,195,1,0,0
876,143,1,0,0
877,101,1,0,0
878,120,1,0,0
879,48,1,0,0
880,49,1,0,0
881,140,1,0,0
882,128,1,0,0
883,46,1,0,0
884,85,1,0,0
885,11,1,0,0
886,132,1,0,0
887,36,1,0,0
888,146,1,0,0
889,170,1,0,0
890,46,1,0,0
891,71,1,0,0
892,15,1,0,0
893,69,1,0,0
894,82,1,0,0
895,14,1,0,0
896,115,1,0,0
897,125,1,0,0
898,42,1,0,0
899,55,1,0,0
900,135,1,0,0
901,126,1,0,0
902,31,1,0,0
903,124,1,0,0
904,70,1,0,0
905,64,1,0,0
906,27,1,0,0
907,45,1,0,0
908,103,1,0,0
909,64,1,0,0
910,21,1,0,0
911,40,1,0,0
912,105,1,0,0
913,145,1,0,0
914,112,1,0,0
915,95,1,0,0
916,58,1,0,0
917,178,1,0,0
918,150,1,0,0
919,32,1,0,0
920,138,1,0,0
921,33,1,0,0
922,66,1,0,0
923,122,1,0,0
924,49,1,0,0
925,53,1,0,0
926,38,1,0,0
927,141,1,0,0
928,47,1,0,0
929,38,1,0,0
930,144,1,0,0
931,88,1,0,0
932,35,1,0,0
933,30,1,0,0
934,45,1,0,0
935,87,1,0,0
936,94,1,0,0
937,128,1,0,0
938,8,1,0,0
939,84,1,0,0
940,21,1,0,0
941,42,1,0,0
942,107,1,0,0
943,66,1,0,0
944,13,1,0,0
945,59,1,0,0
946,100,1,0,0
947,20,1,0,0
948,24,1,0,0
949,85,1,0,0
950,45,1,0,0
951,109,1,0,0
952,152,1,0,0
953,111,1,0,0
954,22,1,0,0
955,68,1,0,0
956,33,1,0,0
957,57,1,0,0
958,123,1,0,0
959,62,1,0,0
960,99,1,0,0
961,92,1,0,0
962,26,1,0,0
963,90,1,0,0
964,62,1,0,0
965,106,1,0,0
966,130,1,0,0
967,26,1,0,0
968,58,1,0,0
969,47,1,0,0
970,66,1,0,0
971,28,1,0,0
972,71,1,0,0
973,66,1,0,0
974,149,1,0,0
975,103,1,0,0
976,75,1,0,0
977,60,1,0,0
978,38,1,0,0
979,54,1,0,0
980,151,1,0,0
981,20,1,0,0
982,106,1,0,0
983,35,1,0,0
984,78,1,0,0
985,71,1,0,0
986,66,1,0,0
987,95,1,0,0
988,40,1,0,0
989,32,1,0,0
990,36,1,0,0
991,53,1,0,0
992,179,1,0,0
993,42,1,0,0
994,120,1,0,0
995,37,1,0,0
996,160,1,0,0
997,17,1,0,0
998,113,1,0,0
999,27,1,0,0
1000,189,1,0,0
1001,105,1,0,0
1002,146,1,0,0
1003,109,1,0,0
1004,25,1,0,0
1005,125,1,0,0
1006,45,1,0,0
1007,48,1,0,0
1008,97,1,0,0
1009,44,1,0,0
1010,141,1,0,0
1011,37,1,0,0
1012,127,1,0,0
1013,23,1,0,0
1014,62,1,0,0
1015,56,1,0,0
1016,60,1,0,0
1017,41,1,0,0
1018,97,1,0,0
1019,71,1,0,0
1020,86,1,0,0
1021,55,1,0,0
1022,115,1,0,0
1023,86,1,0,0
1024,71,1,0,0
1025,138,1,0,0
1026,46,1,0,0
1027,11,1,0,0
1028,15,1,0,0
1029,13,1,0,0
1030,157,1,0,0
1031,7,1,0,0
1032,17,1,0,0
1033,164,1,0,0
1034,82,1,0,0
1035,169,1,0,0
1036,83,1,0,0
1037,115,1,0,0
1038,23,1,0,0
1039,16,1,0,0
1040,9,1,0,0
1041,76,1,0,0
1042,41,1,0,0
1043,160,1,0,0
1044,14,1,0,0
1045,9,1,0,0
1046,174,1,0,0
1047,63,1,0,0
1048,151,1,0,0
1049,39,1,0,0
1050,120,1,0,0
1051,51,1,0,0
1052,94,1,0,0
1053,75,1,0,0
1054,141,1,0,0
1055,84,1,0,0
1056,91,1,0,0
1057,79,1,0,0
1058,303,1,0,0
1059,38,1,0,0
1060,145,1,0,0
1061,63,1,0,0
1062,11,1,0,0
1063,150,1,0,0
1064,20,1,0,0
1065,109,1,0,0
1066,51,1,0,0
1067,66,1,0,0
1068,219,1,0,0
1069,53,1,0,0
1070,77,1,0,0
1071,58,1,0,0
1072,37,1,0,0
1073,72,1,0,0
1074,28,1,0,0
1075,88,1,0,0
1076,42,1,0,0
1077,77,1,0,0
1078,27,1,0,0
1079,81,1,0,0
1080,34,1,0,0
1081,54,1,0,0
1082,60,1,0,0
1083,16,1,0,0
1084,32,1,0,0
1085,54,1,0,0
1086,54,1,0,0
1087,21,1,0,0
1088,133,1,0,0
1089,82,1,0,0
1090,61,1,0,0
1091,112,1,0,0
1092,13,1,0,0
1093,78,1,0,0
1094,41,1,0,0
1095,59,1,0,0
1096,59,1,0,0
1097,61,1,0,0
1098,83,1,0,0
1099,79,1,0,0
1100,46,1,0,0
1101,63,1,0,0
1102,38,1,0,0
1103,63,1,0,0
1104,53,1,0,0
1105,57,1,0,0
1106,43,1,0,0
1107,211,1,0,0
1108,19,1,0,0
1109,167,1,0,0
1110,95,1,0,0
1111,78,1,0,0
1112,64,1,0,0
1113,22,1,0,0
1114,23,1,0,0
1115,239,1,0,0
1116,38,1,0,0
1117,129,1,0,0
1118,54,1,0,0
1119,161,1,0,0
1120,108,1,0,0
1121,96,1,0,0
1122,153,1,0,0
1123,53,1,0,0
1124,83,1,0,0
1125,16,1,0,0
1126,37,1,0,0
1127,59,1,0,0
1128,27,1,0,0
1129,49,1,0,0
1130,34,1,0,0
1131,15,1,0,0
1132,116,1,0,0
1133,142,1,0,0
1134,51,1,0,0
1135,81,1,0,0
1136,61,1,0,0
1137,48,1,0,0
1138,114,1,0,0
1139,152,1,0,0
1140,11,1,0,0
1141,52,1,0,0
1142,243,1,0,0
1143,84,1,0,0
1144,131,1,0,0
1145,31,1,0,0
1146,69,1,0,0
1147,31,1,0,0
1148,38,1,0,0
1149,70,1,0,0
1150,33,1,0,0
1151,37,1,0,0
1152,142,1,0,0
1153,72,1,0,0
1154,74,1,0,0
1155,31,1,0,0
1156,55,1,0,0
1157,15,1,0,0
1158,139,1,0,0
1159,145,1,0,0
1160,62,1,0,0
1161,128,1,0,0
1162,89,1,0,0
1163,34,1,0,0
1164,95,1,0,0
1165,23,1,0,0
1166,247,1,0,0
1167,25,1,0,0
1168,92,1,0,0
1169,11,1,0,0
1170,25,1,0,0
1171,54,1,0,0
1172,75,1,0,0
1173,37,1,0,0
1174,132,1,0,0
1175,52,1,0,0
1176,87,1,0,0
1177,99,1,0,0
1178,73,1,0,0
1179,54,1,0,0
1180,23,1,0,0
1181,30,1,0,0
1182,37,1,0,0
1183,71,1,0,0
1184,17,1,0,0
1185,85,1,0,0
1186,104,1,0,0
1187,114,1,0,0
1188,113,1,0,0
1189,94,1,0,0
1190,181,1,0,0
1191,187,1,0,0
1192,58,1,0,0
1193,67,1,0,0
1194,14,1,0,0
1195,125,1,0,0
1196,57,1,0,0
1197,11,1,0,0
1198,41,1,0,0
1199,50,1,0,0
1200,11,1,0,0
1201,118,1,0,0
1202,99,1,0,0
1203,40,1,0,0
1204,20,1,0,0
1205,71,1,0,0
1206,50,1,0,0
1207,82,1,0,0
1208,23,1,0,0
1209,18,1,0,0
1210,95,1,0,0
1211,74,1,0,0
1212,76,1,0,0
1213,81,1,0,0
1214,19,1,0,0
1215,54,1,0,0
1216,50,1,0,0
1217,62,1,0,0
1218,13,1,0,0
1219,109,1,0,0
1220,52,1,0,0
1221,117,1,0,0
1222,229,1,0,0
1223,130,1,0,0
1224,72,1,0,0
1225,66,1,0,0
1226,60,1,0,0
1227,71,1,0,0
1228,61,1,0,0
1229,28,1,0,0
1230,25,1,0,0
1231,8,1,0,0
1232,49,1,0,0
1233,113,1,0,0
1234,141,1,0,0
1235,73,1,0,0
1236,78,1,0,0
1237,37,1,0,0
1238,50,1,0,0
1239,79,1,0,0
1240,9,1,0,0
1241,63,1,0,0
1242,40,1,0,0
1243,50,1,0,0
1244,247,1,0,0
1245,51,1,0,0
1246,93,1,0,0
1247,21,1,0,0
1248,36,1,0,0
1249,23,1,0,0
1250,55,1,0,0
1251,22,1,0,0
1252,18,1,0,0
1253,68,1,0,0
1254,48,1,0,0
1255,47,1,0,0
1256,133,1,0,0
1257,106,1,0,0
1258,54,1,0,0
1259,42,1,0,0
1260,89,1,0,0
1261,168,1,0,0
1262,49,1,0,0
1263,91,1,0,0
1264,152,1,0,0
1265,55,1,0,0
1266,31,1,0,0
1267,32,1,0,0
1268,19,1,0,0
1269,39,1,0,0
1270,59,1,0,0
1271,96,1,0,0
1272,114,1,0,0
1273,17,1,0,0
1274,47,1,0,0
1275,32,1,0,0
1276,61,1,0,0
1277,23,1,0,0
1278,32,1,0,0
1279,147,1,0,0
1280,95,1,0,0
1281,88,1,0,0
1282,46,1,0,0
1283,84,1,0,0
1284,50,1,0,0
1285,67,1,0,0
1286,188,1,0,0
1287,38,1,0,0
1288,77,1,0,0
1289,101,1,0,0
1290,104,1,0,0
1291,132,1,0,0
1292,20,1,0,0
1293,99,1,0,0
1294,35,1,0,0
1295,89,1,0,0
1296,82,1,0,0
1297,42,1,0,0
1298,34,1,0,0
1299,33,1,0,0
1300,98,1,0,0
1301,93,1,0,0
1302,44,1,0,0
1303,37,1,0,0
1304,45,1,0,0
1305,162,1,0,0
1306,24,1,0,0
1307,44,1,0,0
1308,67,1,0,0
1309,40,1,0,0
1310,80,1,0,0
1311,31,1,0,0
1312,21,1,0,0
1313,113,1,0,0
1314,225,1,0,0
1315,54,1,0,0
1316,95,1,0,0
1317,46,1,0,0
1318,32,1,0,0
1319,73,1,0,0
1320,76,1,0,0
1321,76,1,0,0
1322,127,1,0,0
1323,220,1,0,0
1324,99,1,0,0
1325,49,1,0,0
1326,107,1,0,0
1327,187,1,0,0
1328,52,1,0,0
1329,69,1,0,0
1330,56,1,0,0
1331,54,1,0,0
1332,49,1,0,0
1333,73,1,0,0
1334,37,1,0,0
1335,53,1,0,0
1336,15,1,0,0
1337,67,1,0,0
1338,56,1,0,0
1339,20,1,0,0
1340,58,1,0,0
1341,93,1,0,0
1342,62,1,0,0
1343,55,1,0,0
1344,32,1,0,0
1345,171,1,0,0
1346,73,1,0,0
1347,19,1,0,0
1348,47,1,0,0
1349,41,1,0,0
1350,49,1,0,0
1351,74,1,0,0
1352,44,1,0,0
1353,26,1,0,0
1354,48,1,0,0
1355,113,1,0,0
1356,129,1,0,0
1357,139,1,0,0
1358,118,1,0,0
1359,47,1,0,0
1360,207,1,0,0
1361,59,1,0,0
1362,66,1,0,0
1363,25,1,0,0
1364,80,1,0,0
1365,58,1,0,0
1366,88,1,0,0
1367,41,1,0,0
1368,21,1,0,0
1369,43,1,0,0
1370,109,1,0,0
1371,22,1,0,0
1372,54,1,0,0
1373,32,1,0,0
1374,62,1,0,0
1375,77,1,0,0
1376,37,1,0,0
1377,31,1,0,0
1378,59,1,0,0
1379,150,1,0,0
1380,137,1,0,0
1381,65,1,0,0
1382,36,1,0,0
1383,79,1,0,0
1384,49,1,0,0
1385,26,1,0,0
1386,57,1,0,0
1387,43,1,0,0
1388,87,1,0,0
1389,43,1,0,0
1390,19,1,0,0
1391,199,1,0,0
1392,35,1,0,0
1393,224,1,0,0
1394,19,1,0,0
1395,23,1,0,0
1396,14,1,0,0
1397,78,1,0,0
1398,70,1,0,0
1399,110,1,0,0
1400,146,1,0,0
1401,67,1,0,0
1402,94,1,0,0
1403,44,1,0,0
1404,16,1,0,0
1405,52,1,0,0
1406,31,1,0,0
1407,28,1,0,0
1408,21,1,0,0
1409,38,1,0,0
1410,14,1,0,0
1411,65,1,0,0
1412,44,1,0,0
1413,62,1,0,0
1414,47,1,0,0
1415,100,1,0,0
1416,70,1,0,0
1417,13,1,0,0
1418,56,1,0,0
1419,78,1,0,0
1420,31,1,0,0
1421,227,1,0,0
1422,83,1,0,0
1423,41,1,0,0
1424,64,1,0,0
1425,158,1,0,0
1426,76,1,0,0
1427,19,1,0,0
1428,46,1,0,0
1429,82,1,0,0
1430,43,1,0,0
1431,65,1,0,0
1432,33,1,0,0
1433,66,1,0,0
1434,31,1,0,0
1435,39,1,0,0
1436,55,1,0,0
1437,40,1,0,0
1438,14,1,0,0
1439,249,1,0,0
1440,226,1,0,0
1441,159,1,0,0
1442,18,1,0,0
1443,81,1,0,0
1444,50,1,0,0
1445,54,1,0,0
1446,220,1,0,0
1447,141,1,0,0
1448,72,1,0,0
1449,121,1,0,0
1450,49,1,0,0
1451,101,1,0,0
1452,237,1,0,0
1453,7,1,0,0
1454,252,1,0,0
1455,117,1,0,0
1456,53,1,0,0
1457,36,1,0,0
1458,20,1,0,0
1459,13,1,0,0
1460,71,1,0,0
1461,165,1,0,0
1462,128,1,0,0
1463,120,1,0,0
1464,50,1,0,0
1465,164,1,0,0
1466,55,1,0,0
1467,107,1,0,0
1468,128,1,0,0
1469,45,1,0,0
1470,18,1,0,0
1471,72,1,0,0
1472,148,1,0,0
1473,64,1,0,0
1474,82,1,0,0
1475,17,1,0,0
1476,71,1,0,0
1477,90,1,0,0
1478,53,1,0,0
1479,22,1,0,0
1480,71,1,0,0
1481,58,1,0,0
1482,39,1,0,0
1483,27,1,0,0
1484,58,1,0,0
1485,51,1,0,0
1486,49,1,0,0
1487,38,1,0,0
1488,70,1,0,0
1489,41,1,0,0
1490,63,1,0,0
1491,24,1,0,0
1492,85,1,0,0
1493,55,1,0,0
1494,104,1,0,0
1495,12,1,0,0
1496,41,1,0,0
1497,46,1,0,0
1498,69,1,0,0
1499,146,1,0,0
1500,71,1,0,0
1501,19,1,0,0
1502,141,1,0,0
1503,37,1,0,0
1504,44,1,0,0
1505,109,1,0,0
1506,91,1,0,0
1507,150,1,0,0
1508,167,1,0,0
1509,86,1,0,0
1510,47,1,0,0
1511,38,1,0,0
1512,64,1,0,0
1513,21,1,0,0
1514,9,1,0,0
1515,82,1,0,0
1516,79,1,0,0
1517,116,1,0,0
1518,57,1,0,0
1519,51,1,0,0
1520,137,1,0,0
1521,23,1,0,0
1522,95,1,0,0
1523,68,1,0,0
1524,82,1,0,0
1525,62,1,0,0
1526,55,1,0,0
1527,56,1,0,0
1528,7,1,0,0
1529,55,1,0,0
1530,26,1,0,0
1531,43,1,0,0
1532,27,1,0,0
1533,129,1,0,0
1534,29,1,0,0
1535,47,1,0,0
1536,37,1,0,0
1537,19,1,0,0
1538,126,1,0,0
1539,102,1,0,0
1540,70,1,0,0
1541,12,1,0,0
1542,30,1,0,0
1543,183,1,0,0
1544,73,1,0,0
1545,54,1,0,0
1546,82,1,0,0
1547,115,1,0,0
1548,83,1,0,0
1549,58,1,0,0
1550,31,1,0,0
1551,97,1,0,0
1552,13,1,0,0
1553,75,1,0,0
1554,54,1,0,0
1555,14,1,0,0
1556,39,1,0,0
1557,76,1,0,0
1558,33,1,0,0
1559,22,1,0,0
1560,22,1,0,0
1561,13,1,0,0
1562,78,1,0,0
1563,38,1,0,0
1564,49,1,0,0
1565,90,1,0,0
1566,27,1,0,0
1567,71,1,0,0
1568,41,1,0,0
1569,9,1,0,0
1570,53,1,0,0
1571,161,1,0,0
1572,206,1,0,0
1573,138,1,0,0
1574,42,1,0,0
1575,26,1,0,0
1576,40,1,0,0
1577,193,1,0,0
1578,45,1,0,0
1579,112,1,0,0
1580,22,1,0,0
1581,40,1,0,0
1582,22,1,0,0
1583,52,1,0,0
1584,52,1,0,0
1585,89,1,0,0
1586,156,1,0,0
1587,45,1,0,0
1588,175,1,0,0
1589,21,1,0,0
1590,179,1,0,0
1591,131,1,0,0
1592,29,1,0,0
1593,61,1,0,0
1594,10,1,0,0
1595,67,1,0,0
1596,22,1,0,0
1597,119,1,0,0
1598,38,1,0,0
1599,57,1,0,0
1600,13,1,0,0
1601,207,1,0,0
1602,44,1,0,0
1603,29,1,0,0
1604,42,1,0,0
1605,74,1,0,0
1606,27,1,0,0
1607,104,1,0,0
1608,52,1,0,0
1609,74,1,0,0
1610,14,1,0,0
1611,88,1,0,0
1612,89,1,0,0
1613,13,1,0,0
1614,15,1,0,0
1615,181,1,0,0
1616,179,1,0,0
1617,100,1,0,0
1618,35,1,0,0
1619,26,1,0,0
1620,112,1,0,0
1621,97,1,0,0
1622,78,1,0,0
1623,86,1,0,0
1624,84,1,0,0
1625,238,1,0,0
1626,250,1,0,0
1627,55,1,0,0
1628,50,1,0,0
1629,23,1,0,0
1630,47,1,0,0
1631,45,1,0,0
1632,90,1,0,0
1633,28,1,0,0
1634,115,1,0,0
1635,56,1,0,0
1636,154,1,0,0
1637,15,1,0,0
1638,161,1,0,0
1639,67,1,0,0
1640,68,1,0,0
1641,41,1,0,0
1642,43,1,0,0
1643,79,1,0,0
1644,150,1,0,0
1645,36,1,0,0
1646,88,1,0,0
1647,67,1,0,0
1648,36,1,0,0
1649,26,1,0,0
1650,57,1,0,0
1651,46,1,0,0
1652,143,1,0,0
1653,105,1,0,0
1654,14,1,0,0
1655,37,1,0,0
1656,100,1,0,0
1657,77,1,0,0
1658,25,1,0,0
1659,45,1,0,0
1660,145,1,0,0
1661,32,1,0,0
1662,92,1,0,0
1663,77,1,0,0
1664,162,1,0,0
1665,200,1,0,0
1666,103,1,0,0
1667,53,1,0,0
1668,55,1,0,0
1669,164,1,0,0
1670,87,1,0,0
1671,13,1,0,0
1672,68,1,0,0
1673,94,1,0,0
1674,20,1,0,0
1675,139,1,0,0
1676,70,1,0,0
1677,72,1,0,0
1678,86,1,0,0
1679,43,1,0,0
1680,11,1,0,0
1681,62,1,0,0
1682,183,1,0,0
1683,72,1,0,0
1684,91,1,0,0
1685,31,1,0,0
1686,65,1,0,0
1687,109,1,0,0
1688,122,1,0,0
1689,39,1,0,0
1690,155,1,0,0
1691,52,1,0,0
1692,36,1,0,0
1693,37,1,0,0
1694,200,1,0,0
1695,58,1,0,0
1696,173,1,0,0
1697,30,1,0,0
1698,25,1,0,0
1699,54,1,0,0
1700,293,1,0,0
1701,104,1,0,0
1702,120,1,0,0
1703,101,1,0,0
1704,45,1,0,0
1705,34,1,0,0
1706,50,1,0,0
1707,86,1,0,0
1708,25,1,0,0
1709,73,1,0,0
1710,82,1,0,0
1711,198,1,0,0
1712,33,1,0,0
1713,81,1,0,0
1714,103,1,0,0
1715,117,1,0,0
1716,30,1,0,0
1717,16,1,0,0
1718,79,1,0,0
1719,64,1,0,0
1720,76,1,0,0
1721,61,1,0,0
1722,11,1,0,0
1723,49,1,0,0
1724,65,1,0,0
1725,55,1,0,0
1726,66,1,0,0
1727,113,1,0,0
1728,110,1,0,0
1729,48,1,0,0
1730,53,1,0,0
1731,43,1,0,0
1732,88,1,0,0
1733,9,1,0,0
1734,30,1,0,0
1735,125,1,0,0
1736,79,1,0,0
1737,75,1,0,0
1738,98,1,0,0
1739,71,1,0,0
1740,63,1,0,0
1741,129,1,0,0
1742,119,1,0,0
1743,23,1,0,0
1744,46,1,0,0
1745,33,1,0,0
1746,53,1,0,0
1747,67,1,0,0
1748,55,1,0,0
1749,11,1,0,0
1750,85,1,0,0
1751,38,1,0,0
1752,12,1,0,0
1753,32,1,0,0
1754,36,1,0,0
1755,151,1,0,0
1756,42,1,0,0
1757,69,1,0,0
1758,9,1,0,0
1759,83,1,0,0
1760,119,1,0,0
1761,108,1,0,0
1762,83,1,0,0
1763,25,1,0,0
1764,28,1,0,0
1765,202,1,0,0
1766,17,1,0,0
1767,58,1,0,0
1768,95,1,0,0
1769,17,1,0,0
1770,153,1,0,0
1771,10,1,0,0
1772,17,1,0,0
1773,60,1,0,0
1774,90,1,0,0
1775,33,1,0,0
1776,95,1,0,0
1777,67,1,0,0
1778,11,1,0,0
1779,160,1,0,0
1780,74,1,0,0
1781,47,1,0,0
1782,92,1,0,0
1783,23,1,0,0
1784,27,1,0,0
1785,39,1,0,0
1786,84,1,0,0
1787,108,1,0,0
1788,29,1,0,0
1789,57,1,0,0
1790,115,1,0,0
1791,69,1,0,0
1792,63,1,0,0
1793,85,1,0,0
1794,17,1,0,0
1795,98,1,0,0
1796,105,1,0,0
1797,60,1,0,0
1798,11,1,0,0
1799,54,1,0,0
1800,116,1,0,0
1801,12,1,0,0
1802,87,1,0,0
1803,27,1,0,0
1804,37,1,0,0
1805,91,1,0,0
1806,25,1,0,0
1807,22,1,0,0
1808,123,1,0,0
1809,154,1,0,0
1810,134,1,0,0
1811,39,1,0,0
1812,35,1,0,0
1813,53,1,0,0
1814,20,1,0,0
1815,75,1,0,0
1816,41,1,0,0
1817,44,1,0,0
1818,26,1,0,0
1819,27,1,0,0
1820,68,1,0,0
1821,202,1,0,0
1822,87,1,0,0
1823,72,1,0,0
1824,135,1,0,0
1825,22,1,0,0
1826,22,1,0,0
1827,45,1,0,0
1828,32,1,0,0
1829,27,1,0,0
1830,39,1,0,0
1831,88,1,0,0
1832,42,1,0,0
1833,61,1,0,0
1834,19,1,0,0
1835,44,1,0,0
1836,80,1,0,0
1837,27,1,0,0
1838,51,1,0,0
1839,53,1,0,0
1840,142,1,0,0
1841,52,1,0,0
1842,61,1,0,0
1843,134,1,0,0
1844,11,1,0,0
1845,37,1,0,0
1846,77,1,0,0
1847,108,1,0,0
1848,129,1,0,0
1849,35,1,0,0
1850,41,1,0,0
1851,121,1,0,0
1852,27,1,0,0
1853,44,1,0,0
1854,31,1,0,0
1855,84,1,0,0
1856,127,1,0,0
1857,33,1,0,0
1858,25,1,0,0
1859,130,1,0,0
1860,72,1,0,0
1861,91,1,0,0
1862,44,1,0,0
1863,169,1,0,0
1864,70,1,0,0
1865,107,1,0,0
1866,46,1,0,0
1867,23,1,0,0
1868,43,1,0,0
1869,9,1,0,0
1870,16,1,0,0
1871,71,1,0,0
1872,57,1,0,0
1873,59,1,0,0
1874,47,1,0,0
1875,33,1,0,0
1876,91,1,0,0
1877,43,1,0,0
1878,31,1,0,0
1879,35,1,0,0
1880,90,1,0,0
1881,54,1,0,0
1882,156,1,0,0
1883,33,1,0,0
1884,93,1,0,0
1885,45,1,0,0
1886,44,1,0,0
1887,87,1,0,0
1888,141,1,0,0
1889,160,1,0,0
1890,84,1,0,0
1891,27,1,0,0
1892,28,1,0,0
1893,46,1,0,0
1894,28,1,0,0
1895,51,1,0,0
1896,72,1,0,0
1897,66,1,0,0
1898,141,1,0,0
1899,40,1,0,0
1900,32,1,0,0
1901,36,1,0,0
1902,57,1,0,0
1903,276,1,0,0
1904,72,1,0,0
1905,38,1,0,0
1906,14,1,0,0
1907,69,1,0,0
1908,107,1,0,0
1909,206,1,0,0
1910,40,1,0,0
1911,34,1,0,0
1912,37,1,0,0
1913,78,1,0,0
1914,18,1,0,0
1915,75,1,0,0
1916,183,1,0,0
1917,36,1,0,0
1918,67,1,0,0
1919,76,1,0,0
1920,179,1,0,0
1921,21,1,0,0
1922,63,1,0,0
1923,40,1,0,0
1924,89,1,0,0
1925,98,1,0,0
1926,37,1,0,0
1927,107,1,0,0
1928,33,1,0,0
1929,103,1,0,0
1930,46,1,0,0
1931,25,1,0,0
1932,41,1,0,0
1933,28,1,0,0
1934,14,1,0,0
1935,84,1,0,0
1936,40,1,0,0
1937,42,1,0,0
1938,12,1,0,0
1939,17,1,0,0
1940,61,1,0,0
1941,152,1,0,0
1942,84,1,0,0
1943,71,1,0,0
1944,104,1,0,0
1945,101,1,0,0
1946,156,1,0,0
1947,82,1,0,0
1948,105,1,0,0
1949,64,1,0,0
1950,27,1,0,0
1951,79,1,0,0
1952,24,1,0,0
1953,10,1,0,0
1954,38,1,0,0
1955,131,1,0,0
1956,154,1,0,0
1957,60,1,0,0
1958,39,1,0,0
1959,46,1,0,0
1960,76,1,0,0
1961,109,1,0,0
1962,132,1,0,0
1963,36,1,0,0
1964,36,1,0,0
1965,29,1,0,0
1966,82,1,0,0
1967,85,1,0,0
1968,89,1,0,0
1969,85,1,0,0
1970,55,1,0,0
1971,153,1,0,0
1972,34,1,0,0
1973,34,1,0,0
1974,42,1,0,0
1975,62,1,0,0
1976,122,1,0,0
1977,18,1,0,0
1978,52,1,0,0
1979,49,1,0,0
1980,28,1,0,0
1981,61,1,0,0
1982,101,1,0,0
1983,90,1,0,0
1984,24,1,0,0
1985,38,1,0,0
1986,37,1,0,0
1987,141,1,0,0
1988,54,1,0,0
1989,46,1,0,0
1990,77,1,0,0
1991,53,1,0,0
1992,156,1,0,0
1993,83,1,0,0
1994,83,1,0,0
1995,7,1,0,0
1996,65,1,0,0
1997,17,1,0,0
1998,198,1,0,0
1999,63,1,0,0
2000,65,1,0,0
2001,52,1,0,0
2002,31,1,0,0
2003,24,1,0,0
2004,14,1,0,0
2005,231,1,0,0
2006,123,1,0,0
2007,16,1,0,0
2008,33,1,0,0
2009,94,1,0,0
2010,44,1,0,0
2011,102,1,0,0
2012,117,1,0,0
2013,135,1,0,0
2014,148,1,0,0
2015,31,1,0,0
2016,26,1,0,0
2017,27,1,0,0
2018,31,1,0,0
2019,145,1,0,0
2020,129,1,0,0
2021,102,1,0,0
2022,228,1,0,0
2023,33,1,0,0
2024,67,1,0,0
2025,25,1,0,0
2026,25,1,0,0
2027,49,1,0,0
2028,19,1,0,0
2029,28,1,0,0
2030,96,1,0,0
2031,38,1,0,0
2032,87,1,0,0
2033,38,1,0,0
2034,28,1,0,0
2035,75,1,0,0
2036,127,1,0,0
2037,37,1,0,0
2038,15,1,0,0
2039,82,1,0,0
2040,124,1,0,0
2041,121,1,0,0
2042,145,1,0,0
2043,60,1,0,0
2044,126,1,0,0
2045,132,1,0,0
2046,58,1,0,0
2047,28,1,0,0
2048,220,1,0,0
2049,38,1,0,0
2050,139,1,0,0
2051,16,1,0,0
2052,30,1,0,0
2053,51,1,0,0
2054,148,1,0,0
2055,155,1,0,0
2056,78,1,0,0
2057,20,1,0,0
2058,45,1,0,0
2059,54,1,0,0
2060,61,1,0,0
2061,113,1,0,0
2062,55,1,0,0
2063,24,1,0,0
2064,17,1,0,0
2065,66,1,0,0
2066,143,1,0,0
2067,24,1,0,0
2068,60,1,0,0
2069,67,1,0,0
2070,106,1,0,0
2071,47,1,0,0
2072,351,1,0,0
2073,96,1,0,0
2074,13,1,0,0
2075,55,1,0,0
2076,27,1,0,0
2077,91,1,0,0
2078,51,1,0,0
2079,83,1,0,0
2080,42,1,0,0
2081,36,1,0,0
2082,70,1,0,0
2083,62,1,0,0
2084,50,1,0,0
2085,52,1,0,0
2086,40,1,0,0
2087,67,1,0,0
2088,88,1,0,0
2089,56,1,0,0
2090,42,1,0,0
2091,64,1,0,0
2092,34,1,0,0
2093,132,1,0,0
2094,39,1,0,0
2095,159,1,0,0
2096,59,1,0,0
2097,25,1,0,0
2098,24,1,0,0
2099,8,1,0,0
2100,82,1,0,0
2101,64,1,0,0
2102,36,1,0,0
2103,46,1,0,0
2104,178,1,0,0
2105,73,1,0,0
2106,41,1,0,0
2107,25,1,0,0
2108,117,1,0,0
2109,169,1,0,0
2110,145,1,0,0
2111,78,1,0,0
2112,174,1,0,0
2113,70,1,0,0
2114,52,1,0,0
2115,98,1,0,0
2116,150,1,0,0
2117,48,1,0,0
2118,114,1,0,0
2119,69,1,0,0
2120,14,1,0,0
2121,90,1,0,0
2122,111,1,0,0
2123,95,1,0,0
2124,22,1,0,0
2125,34,1,0,0
2126,17,1,0,0
2127,82,1,0,0
2128,64,1,0,0
2129,112,1,0,0
2130,52,1,0,0
2131,25,1,0,0
2132,33,1,0,0
2133,123,1,0,0
2134,72,1,0,0
2135,53,1,0,0
2136,44,1,0,0
2137,19,1,0,0
2138,67,1,0,0
2139,68,1,0,0
2140,153,1,0,0
2141,19,1,0,0
2142,34,1,0,0
2143,234,1,0,0
2144,26,1,0,0
2145,80,1,0,0
2146,19,1,0,0
2147,64,1,0,0
2148,116,1,0,0
2149,32,1,0,0
2150,37,1,0,0
2151,53,1,0,0
2152,43,1,0,0
2153,29,1,0,0
2154,42,1,0,0
2155,85,1,0,0
2156,65,1,0,0
2157,71,1,0,0
2158,127,1,0,0
2159,207,1,0,0
2160,86,1,0,0
2161,15,1,0,0
2162,121,1,0,0
2163,56,1,0,0
2164,53,1,0,0
2165,39,1,0,0
2166,40,1,0,0
2167,58,1,0,0
2168,62,1,0,0
2169,65,1,0,0
2170,52,1,0,0
2171,41,1,0,0
2172,37,1,0,0
2173,47,1,0,0
2174,87,1,0,0
2175,22,1,0,0
2176,39,1,0,0
2177,116,1,0,0
2178,61,1,0,0
2179,50,1,0,0
2180,49,1,0,0
2181,87,1,0,0
2182,33,1,0,0
2183,217,1,0,0
2184,76,1,0,0
2185,60,1,0,0
2186,23,1,0,0
2187,48,1,0,0
2188,17,1,0,0
2189,15,1,0,0
2190,125,1,0,0
2191,90,1,0,0
2192,45,1,0,0
2193,49,1,0,0
2194,57,1,0,0
2195,20,1,0,0
2196,21,1,0,0
2197,97,1,0,0
2198,48,1,0,0
2199,31,1,0,0
2200,37,1,0,0
2201,20,1,0,0
2202,22,1,0,0
2203,90,1,0,0
2204,51,1,0,0
2205,114,1,0,0
2206,168,1,0,0
2207,85,1,0,0
2208,156,1,0,0
2209,163,1,0,0
2210,30,1,0,0
2211,98,1,0,0
2212,30,1,0,0
2213,183,1,0,0
2214,125,1,0,0
2215,21,1,0,0
2216,107,1,0,0
2217,56,1,0,0
2218,71,1,0,0
2219,160,1,0,0
2220,35,1,0,0
2221,66,1,0,0
2222,42,1,0,0
2223,43,1,0,0
2224,95,1,0,0
2225,80,1,0,0
2226,425,1,0,0
2227,14,1,0,0
2228,38,1,0,0
2229,126,1,0,0
2230,45,1,0,0
2231,71,1,0,0
2232,56,1,0,0
2233,85,1,0,0
2234,10,1,0,0
2235,133,1,0,0
2236,39,1,0,0
2237,28,1,0,0
2238,54,1,0,0
2239,92,1,0,0
2240,54,1,0,0
2241,68,1,0,0
2242,41,1,0,0
2243,93,1,0,0
2244,39,1,0,0
2245,35,1,0,0
2246,62,1,0,0
2247,99,1,0,0
2248,68,1,0,0
2249,63,1,0,0
2250,38,1,0,0
2251,186,1,0,0
2252,37,1,0,0
2253,31,1,0,0
2254,45,1,0,0
2255,57,1,0,0
2256,56,1,0,0
2257,59,1,0,0
2258,188,1,0,0
2259,17,1,0,0
2260,39,1,0,0
2261,59,1,0,0
2262,80,1,0,0
2263,69,1,0,0
2264,207,1,0,0
2265,9,1,0,0
2266,43,1,0,0
2267,150,1,0,0
2268,92,1,0,0
2269,57,1,0,0
2270,25,1,0,0
2271,68,1,0,0
2272,74,1,0,0
2273,101,1,0,0
2274,17,1,0,0
2275,32,1,0,0
2276,76,1,0,0
2277,18,1,0,0
2278,19,1,0,0
2279,40,1,0,0
2280,87,1,0,0
2281,27,1,0,0
2282,37,1,0,0
2283,62,1,0,0
2284,58,1,0,0
2285,84,1,0,0
2286,126,1,0,0
2287,59,1,0,0
2288,55,1,0,0
2289,12,1,0,0
2290,121,1,0,0
2291,35,1,0,0
2292,121,1,0,0
2293,50,1,0,0
2294,75,1,0,0
2295,51,1,0,0
2296,72,1,0,0
2297,33,1,0,0
2298,161,1,0,0
2299,91,1,0,0
2300,43,1,0,0
2301,65,1,0,0
2302,65,1,0,0
2303,45,1,0,0
2304,17,1,0,0
2305,167,1,0,0
2306,63,1,0,0
2307,20,1,0,0
2308,57,1,0,0
2309,84,1,0,0
2310,75,1,0,0
2311,13,1,0,0
2312,55,1,0,0
2313,104,1,0,0
2314,76,1,0,0
2315,29,1,0,0
2316,42,1,0,0
2317,22,1,0,0
2318,105,1,0,0
2319,39,1,0,0
2320,33,1,0,0
2321,14,1,0,0
2322,38,1,0,0
2323,90,1,0,0
2324,54,1,0,0
2325,83,1,0,0
2326,40,1,0,0
2327,127,1,0,0
2328,44,1,0,0
2329,110,1,0,0
2330,43,1,0,0
2331,42,1,0,0
2332,141,1,0,0
2333,33,1,0,0
2334,21,1,0,0
2335,64,1,0,0
2336,35,1,0,0
2337,130,1,0,0
2338,115,1,0,0
2339,34,1,0,0
2340,39,1,0,0
2341,43,1,0,0
2342,88,1,0,0
2343,87,1,0,0
2344,26,1,0,0
2345,41,1,0,0
2346,24,1,0,0
2347,43,1,0,0
2348,59,1,0,0
2349,68,1,0,0
2350,105,1,0,0
2351,51,1,0,0
2352,35,1,0,0
2353,55,1,0,0
2354,14,1,0,0
2355,69,1,0,0
2356,82,1,0,0
2357,33,1,0,0
2358,205,1,0,0
2359,53,1,0,0
2360,177,1,0,0
2361,71,1,0,0
2362,249,1,0,0
2363,61,1,0,0
2364,62,1,0,0
2365,38,1,0,0
2366,229,1,0,0
2367,12,1,0,0
2368,136,1,0,0
2369,93,1,0,0
2370,109,1,0,0
2371,59,1,0,0
2372,21,1,0,0
2373,55,1,0,0
2374,50,1,0,0
2375,35,1,0,0
2376,115,1,0,0
2377,60,1,0,0
2378,197,1,0,0
2379,119,1,0,0
2380,34,1,0,0
2381,44,1,0,0
2382,16,1,0,0
2383,65,1,0,0
2384,98,1,0,0
2385,239,1,0,0
2386,24,1,0,0
2387,25,1,0,0
2388,11,1,0,0
2389,137,1,0,0
2390,96,1,0,0
2391,50,1,0,0
2392,9,1,0,0
2393,61,1,0,0
2394,18,1,0,0
2395,26,1,0,0
2396,201,1,0,0
2397,97,1,0,0
2398,60,1,0,0
2399,123,1,0,0
2400,18,1,0,0
2401,54,1,0,0
2402,142,1,0,0
2403,21,1,0,0
2404,156,1,0,0
2405,301,1,0,0
2406,162,1,0,0
2407,92,1,0,0
2408,145,1,0,0
2409,70,1,0,0
2410,99,1,0,0
2411,198,1,0,0
2412,36,1,0,0
2413,36,1,0,0
2414,18,1,0,0
2415,71,1,0,0
2416,12,1,0,0
2417,27,1,0,0
2418,151,1,0,0
2419,35,1,0,0
2420,29,1,0,0
2421,91,1,0,0
2422,48,1,0,0
2423,92,1,0,0
2424,190,1,0,0
2425,47,1,0,0
2426,51,1,0,0
2427,58,1,0,0
2428,90,1,0,0
2429,66,1,0,0
2430,37,1,0,0
2431,19,1,0,0
2432,41,1,0,0
2433,27,1,0,0
2434,69,1,0,0
2435,29,1,0,0
2436,23,1,0,0
2437,105,1,0,0
2438,63,1,0,0
2439,58,1,0,0
2440,149,1,0,0
2441,58,1,0,0
2442,35,1,0,0
2443,58,1,0,0
2444,27,1,0,0
2445,64,1,0,0
2446,37,1,0,0
2447,64,1,0,0
2448,115,1,0,0
2449,41,1,0,0
2450,36,1,0,0
2451,74,1,0,0
2452,33,1,0,0
2453,18,1,0,0
2454,87,1,0,0
2455,152,1,0,0
2456,91,1,0,0
2457,98,1,0,0
2458,62,1,0,0
2459,125,1,0,0
2460,26,1,0,0
2461,38,1,0,0
2462,21,1,0,0
2463,27,1,0,0
2464,91,1,0,0
2465,17,1,0,0
2466,83,1,0,0
2467,80,1,0,0
2468,21,1,0,0
2469,89,1,0,0
2470,43,1,0,0
2471,71,1,0,0
2472,25,1,0,0
2473,49,1,0,0
2474,115,1,0,0
2475,66,1,0,0
2476,27,1,0,0
2477,31,1,0,0
2478,72,1,0,0
2479,85,1,0,0
2480,18,1,0,0
2481,108,1,0,0
2482,26,1,0,0
2483,52,1,0,0
2484,14,1,0,0
2485,210,1,0,0
2486,68,1,0,0
2487,20,1,0,0
2488,48,1,0,0
2489,50,1,0,0
2490,116,1,0,0
2491,65,1,0,0
2492,14,1,0,0
2493,111,1,0,0
2494,104,1,0,0
2495,69,1,0,0
2496,91,1,0,0
2497,101,1,0,0
2498,9,1,0,0
2499,80,1,0,0
2500,108,1,0,0
2501,33,1,0,0
2502,56,1,0,0
2503,29,1,0,0
2504,26,1,0,0
2505,80,1,0,0
2506,68,1,0,0
2507,40,1,0,0
2508,16,1,0,0
2509,28,1,0,0
2510,32,1,0,0
2511,36,1,0,0
2512,25,1,0,0
2513,26,1,0,0
2514,99,1,0,0
2515,75,1,0,0
2516,38,1,0,0
2517,12,1,0,0
2518,92,1,0,0
2519,62,1,0,0
2520,42,1,0,0
2521,31,1,0,0
2522,58,1,0,0
2523,22,1,0,0
2524,61,1,0,0
2525,84,1,0,0
2526,103,1,0,0
2527,39,1,0,0
2528,69,1,0,0
2529,77,1,0,0
2530,72,1,0,0
2531,53,1,0,0
2532,23,1,0,0
2533,134,1,0,0
2534,164,1,0,0
2535,21,1,0,0
2536,98,1,0,0
2537,49,1,0,0
2538,53,1,0,0
2539,136,1,0,0
2540,8,1,0,0
2541,57,1,0,0
2542,19,1,0,0
2543,36,1,0,0
2544,79,1,0,0
2545,71,1,0,0
2546,18,1,0,0
2547,84,1,0,0
2548,76,1,0,0
2549,107,1,0,0
2550,315,1,0,0
2551,153,1,0,0
2552,73,1,0,0
2553,59,1,0,0
2554,51,1,0,0
2555,54,1,0,0
2556,49,1,0,0
2557,109,1,0,0
2558,67,1,0,0
2559,69,1,0,0
2560,56,1,0,0
2561,32,1,0,0
2562,131,1,0,0
2563,48,1,0,0
2564,19,1,0,0
2565,54,1,0,0
2566,43,1,0,0
2567,77,1,0,0
2568,127,1,0,0
2569,90,1,0,0
2570,102,1,0,0
2571,161,1,0,0
2572,39,1,0,0
2573,158,1,0,0
2574,186,1,0,0
2575,29,1,0,0
2576,39,1,0,0
2577,85,1,0,0
2578,161,1,0,0
2579,126,1,0,0
2580,18,1,0,0
2581,158,1,0,0
2582,52,1,0,0
2583,45,1,0,0
2584,81,1,0,0
2585,157,1,0,0
2586,28,1,0,0
2587,47,1,0,0
2588,110,1,0,0
2589,68,1,0,0
2590,27,1,0,0
2591,81,1,0,0
2592,85,1,0,0
2593,94,1,0,0
2594,19,1,0,0
2595,15,1,0,0
2596,140,1,0,0
2597,122,1,0,0
2598,161,1,0,0
2599,82,1,0,0
2600,28,1,0,0
2601,38,1,0,0
2602,30,1,0,0
2603,16,1,0,0
2604,360,1,0,0
2605,41,1,0,0
2606,67,1,0,0
2607,81,1,0,0
2608,56,1,0,0
2609,91,1,0,0
2610,96,1,0,0
2611,41,1,0,0
2612,28,1,0,0
2613,15,1,0,0
2614,119,1,0,0
2615,33,1,0,0
2616,41,1,0,0
2617,42,1,0,0
2618,33,1,0,0
2619,26,1,0,0
2620,44,1,0,0
2621,64,1,0,0
2622,11,1,0,0
2623,69,1,0,0
2624,39,1,0,0
2625,20,1,0,0
2626,66,1,0,0
2627,68,1,0,0
2628,107,1,0,0
2629,200,1,0,0
2630,156,1,0,0
2631,11,1,0,0
2632,34,1,0,0
2633,88,1,0,0
2634,192,1,0,0
2635,56,1,0,0
2636,132,1,0,0
2637,95,1,0,0
2638,55,1,0,0
2639,132,1,0,0
2640,88,1,0,0
2641,20,1,0,0
2642,67,1,0,0
2643,112,1,0,0
2644,102,1,0,0
2645,31,1,0,0
2646,78,1,0,0
2647,44,1,0,0
2648,10,1,0,0
2649,28,1,0,0
2650,62,1,0,0
2651,49,1,0,0
2652,11,1,0,0
2653,61,1,0,0
2654,115,1,0,0
2655,170,1,0,0
2656,18,1,0,0
2657,141,1,0,0
2658,77,1,0,0
2659,172,1,0,0
2660,83,1,0,0
2661,41,1,0,0
2662,61,1,0,0
2663,77,1,0,0
2664,30,1,0,0
2665,41,1,0,0
2666,165,1,0,0
2667,185,1,0,0
2668,50,1,0,0
2669,102,1,0,0
2670,45,1,0,0
2671,14,1,0,0
2672,98,1,0,0
2673,15,1,0,0
2674,82,1,0,0
2675,97,1,0,0
2676,12,1,0,0
2677,98,1,0,0
2678,104,1,0,0
2679,26,1,0,0
2680,74,1,0,0
2681,50,1,0,0
2682,31,1,0,0
2683,49,1,0,0
2684,43,1,0,0
2685,130,1,0,0
2686,91,1,0,0
2687,33,1,0,0
2688,94,1,0,0
2689,110,1,0,0
2690,43,1,0,0
2691,138,1,0,0
2692,96,1,0,0
2693,51,1,0,0
2694,57,1,0,0
2695,86,1,0,0
2696,14,1,0,0
2697,82,1,0,0
2698,51,1,0,0
2699,67,1,0,0
2700,19,1,0,0
2701,9,1,0,0
2702,172,1,0,0
2703,27,1,0,0
2704,35,1,0,0
2705,56,1,0,0
2706,46,1,0,0
2707,77,1,0,0
2708,77,1,0,0
2709,56,1,0,0
2710,77,1,0,0
2711,23,1,0,0
2712,62,1,0,0
2713,76,1,0,0
2714,183,1,0,0
2715,81,1,0,0
2716,63,1,0,0
2717,56,1,0,0
2718,38,1,0,0
2719,281,1,0,0
2720,23,1,0,0
2721,167,1,0,0
2722,125,1,0,0
2723,55,1,0,0
2724,89,1,0,0
2725,232,1,0,0
2726,42,1,0,0
2727,21,1,0,0
2728,16,1,0,0
2729,47,1,0,0
2730,151,1,0,0
2731,83,1,0,0
2732,14,1,0,0
2733,35,1,0,0
2734,63,1,0,0
2735,28,1,0,0
2736,9,1,0,0
2737,17,1,0,0
2738,69,1,0,0
2739,54,1,0,0
2740,69,1,0,0
2741,52,1,0,0
2742,45,1,0,0
2743,42,1,0,0
2744,85,1,0,0
2745,164,1,0,0
2746,16,1,0,0
2747,42,1,0,0
2748,15,1,0,0
2749,76,1,0,0
2750,20,1,0,0
2751,52,1,0,0
2752,87,1,0,0
2753,27,1,0,0
2754,47,1,0,0
2755,109,1,0,0
2756,148,1,0,0
2757,38,1,0,0
2758,71,1,0,0
2759,75,1,0,0
2760,47,1,0,0
2761,153,1,0,0
2762,48,1,0,0
2763,41,1,0,0
2764,27,1,0,0
2765,65,1,0,0
2766,93,1,0,0
2767,18,1,0,0
2768,37,1,0,0
2769,83,1,0,0
2770,62,1,0,0
2771,45,1,0,0
2772,77,1,0,0
2773,30,1,0,0
2774,17,1,0,0
2775,18,1,0,0
2776,45,1,0,0
2777,20,1,0,0
2778,124,1,0,0
2779,23,1,0,0
2780,75,1,0,0
2781,41,1,0,0
2782,98,1,0,0
2783,81,1,0,0
2784,104,1,0,0
2785,75,1,0,0
2786,56,1,0,0
2787,99,1,0,0
2788,84,1,0,0
2789,73,1,0,0
2790,36,1,0,0
2791,213,1,0,0
2792,47,1,0,0
2793,68,1,0,0
2794,184,1,0,0
2795,127,1,0,0
2796,121,1,0,0
2797,77,1,0,0
2798,17,1,0,0
2799,39,1,0,0
2800,121,1,0,0
2801,27,1,0,0
2802,45,1,0,0
2803,39,1,0,0
2804,36,1,0,0
2805,51,1,0,0
2806,111,1,0,0
2807,57,1,0,0
2808,112,1,0,0
2809,65,1,0,0
2810,26,1,0,0
2811,55,1,0,0
2812,43,1,0,0
2813,51,1,0,0
2814,19,1,0,0
2815,35,1,0,0
2816,49,1,0,0
2817,25,1,0,0
2818,47,1,0,0
2819,74,1,0,0
2820,14,1,0,0
2821,86,1,0,0
2822,41,1,0,0
2823,92,1,0,0
2824,122,1,0,0
2825,91,1,0,0
2826,87,1,0,0
2827,117,1,0,0
2828,107,1,0,0
2829,31,1,0,0
2830,12,1,0,0
2831,36,1,0,0
2832,51,1,0,0
2833,74,1,0,0
2834,35,1,0,0
2835,18,1,0,0
2836,101,1,0,0
2837,72,1,0,0
2838,55,1,0,0
2839,60,1,0,0
2840,20,1,0,0
2841,17,1,0,0
2842,42,1,0,0
2843,41,1,0,0
2844,19,1,0,0
2845,53,1,0,0
2846,14,1,0,0
2847,32,1,0,0
2848,15,1,0,0
2849,17,1,0,0
2850,36,1,0,0
2851,65,1,0,0
2852,67,1,0,0
2853,114,1,0,0
2854,125,1,0,0
2855,31,1,0,0
2856,91,1,0,0
2857,28,1,0,0
2858,92,1,0,0
2859,54,1,0,0
2860,19,1,0,0
2861,204,1,0,0
2862,95,1,0,0
2863,73,1,0,0
2864,305,1,0,0
2865,80,1,0,0
2866,20,1,0,0
2867,24,1,0,0
2868,100,1,0,0
2869,32,1,0,0
2870,17,1,0,0
2871,32,1,0,0
2872,94,1,0,0
2873,92,1,0,0
2874,85,1,0,0
2875,86,1,0,0
2876,54,1,0,0
2877,70,1,0,0
2878,59,1,0,0
2879,69,1,0,0
2880,87,1,0,0
2881,30,1,0,0
2882,53,1,0,0
2883,121,1,0,0
2884,22,1,0,0
2885,62,1,0,0
2886,65,1,0,0
2887,104,1,0,0
2888,92,1,0,0
2889,54,1,0,0
2890,117,1,0,0
2891,70,1,0,0
2892,198,1,0,0
2893,48,1,0,0
2894,47,1,0,0
2895,420,1,0,0
2896,23,1,0,0
2897,74,1,0,0
2898,32,1,0,0
2899,43,1,0,0
2900,97,1,0,0
2901,35,1,0,0
2902,40,1,0,0
2903,55,1,0,0
2904,39,1,0,0
2905,132,1,0,0
2906,43,1,0,0
2907,67,1,0,0
2908,163,1,0,0
2909,114,1,0,0
2910,216,1,0,0
2911,96,1,0,0
2912,121,1,0,0
2913,30,1,0,0
2914,61,1,0,0
2915,118,1,0,0
2916,17,1,0,0
2917,53,1,0,0
2918,98,1,0,0
2919,55,1,0,0
2920,20,1,0,0
2921,97,1,0,0
2922,15,1,0,0
2923,144,1,0,0
2924,72,1,0,0
2925,15,1,0,0
2926,117,1,0,0
2927,144,1,0,0
2928,71,1,0,0
2929,50,1,0,0
2930,29,1,0,0
2931,192,1,0,0
2932,90,1,0,0
2933,23,1,0,0
2934,18,1,0,0
2935,45,1,0,0
2936,54,1,0,0
2937,29,1,0,0
2938,152,1,0,0
2939,67,1,0,0
2940,41,1,0,0
2941,131,1,0,0
2942,16,1,0,0
2943,97,1,0,0
2944,156,1,0,0
2945,36,1,0,0
2946,104,1,0,0
2947,40,1,0,0
2948,82,1,0,0
2949,116,1,0,0
2950,34,1,0,0
2951,50,1,0,0
2952,26,1,0,0
2953,48,1,0,0
2954,20,1,0,0
2955,48,1,0,0
2956,49,1,0,0
2957,102,1,0,0
2958,63,1,0,0
2959,147,1,0,0
2960,54,1,0,0
2961,88,1,0,0
2962,50,1,0,0
2963,29,1,0,0
2964,50,1,0,0
2965,59,1,0,0
2966,65,1,0,0
2967,88,1,0,0
2968,152,1,0,0
2969,93,1,0,0
2970,59,1,0,0
2971,34,1,0,0
2972,14,1,0,0
2973,117,1,0,0
2974,47,1,0,0
2975,101,1,0,0
2976,30,1,0,0
2977,91,1,0,0
2978,44,1,0,0
2979,227,1,0,0
2980,168,1,0,0
2981,10,1,0,0
2982,29,1,0,0
2983,62,1,0,0
2984,25,1,0,0
2985,92,1,0,0
2986,68,1,0,0
2987,15,1,0,0
2988,145,1,0,0
2989,50,1,0,0
2990,100,1,0,0
2991,28,1,0,0
2992,30,1,0,0
2993,19,1,0,0
2994,73,1,0,0
2995,96,1,0,0
2996,40,1,0,0
2997,18,1,0,0
2998,88,1,0,0
2999,16,1,0,0
3000,66,1,0,0
3001,23,1,0,0
3002,53,1,0,0
3003,23,1,0,0
3004,46,1,0,0
3005,132,1,0,0
3006,112,1,0,0
3007,56,1,0,0
3008,66,1,0,0
3009,25,1,0,0
3010,201,1,0,0
3011,61,1,0,0
3012,29,1,0,0
3013,55,1,0,0
3014,113,1,0,0
3015,44,1,0,0
3016,89,1,0,0
3017,147,1,0,0
3018,96,1,0,0
3019,165,1,0,0
3020,140,1,0,0
3021,35,1,0,0
3022,17,1,0,0
3023,94,1,0,0
3024,96,1,0,0
3025,76,1,0,0
3026,23,1,0,0
3027,17,1,0,0
3028,13,1,0,0
3029,67,1,0,0
3030,41,1,0,0
3031,88,1,0,0
3032,295,1,0,0
3033,36,1,0,0
3034,65,1,0,0
3035,101,1,0,0
3036,35,1,0,0
3037,105,1,0,0
3038,72,1,0,0
3039,39,1,0,0
3040,64,1,0,0
3041,142,1,0,0
3042,95,1,0,0
3043,142,1,0,0
3044,23,1,0,0
3045,43,1,0,0
3046,98,1,0,0
3047,18,1,0,0
3048,75,1,0,0
3049,56,1,0,0
3050,25,1,0,0
3051,69,1,0,0
3052,74,1,0,0
3053,133,1,0,0
3054,26,1,0,0
3055,88,1,0,0
3056,65,1,0,0
3057,54,1,0,0
3058,16,1,0,0
3059,172,1,0,0
3060,125,1,0,0
3061,73,1,0,0
3062,12,1,0,0
3063,20,1,0,0
3064,38,1,0,0
3065,69,1,0,0
3066,60,1,0,0
3067,52,1,0,0
3068,24,1,0,0
3069,119,1,0,0
3070,75,1,0,0
3071,16,1,0,0
3072,37,1,0,0
3073,134,1,0,0
3074,171,1,0,0
3075,142,1,0,0
3076,88,1,0,0
3077,57,1,0,0
3078,40,1,0,0
3079,68,1,0,0
3080,81,1,0,0
3081,40,1,0,0
3082,55,1,0,0
3083,23,1,0,0
3084,58,1,0,0
3085,123,1,0,0
3086,108,1,0,0
3087,59,1,0,0
3088,85,1,0,0
3089,28,1,0,0
3090,46,1,0,0
3091,120,1,0,0
3092,28,1,0,0
3093,36,1,0,0
3094,86,1,0,0
3095,52,1,0,0
3096,47,1,0,0
3097,254,1,0,0
3098,14,1,0,0
3099,98,1,0,0
3100,63,1,0,0
3101,171,1,0,0
3102,125,1,0,0
3103,17,1,0,0
3104,86,1,0,0
3105,41,1,0,0
3106,99,1,0,0
3107,41,1,0,0
3108,85,1,0,0
3109,63,1,0,0
3110,27,1,0,0
3111,135,1,0,0
3112,60,1,0,0
3113,100,1,0,0
3114,48,1,0,0
3115,27,1,0,0
3116,15,1,0,0
3117,17,1,0,0
3118,62,1,0,0
3119,46,1,0,0
3120,117,1,0,0
3121,54,1,0,0
3122,58,1,0,0
3123,52,1,0,0
3124,73,1,0,0
3125,157,1,0,0
3126,48,1,0,0
3127,75,1,0,0
3128,47,1,0,0
3129,50,1,0,0
3130,127,1,0,0
3131,62,1,0,0
3132,78,1,0,0
3133,142,1,0,0
3134,13,1,0,0
3135,61,1,0,0
3136,226,1,0,0
3137,83,1,0,0
3138,179,1,0,0
3139,13,1,0,0
3140,49,1,0,0
3141,56,1,0,0
3142,11,1,0,0
3143,48,1,0,0
3144,69,1,0,0
3145,66,1,0,0
3146,40,1,0,0
3147,168,1,0,0
3148,56,1,0,0
3149,91,1,0,0
3150,10,1,0,0
3151,67,1,0,0
3152,109,1,0,0
3153,250,1,0,0
3154,40,1,0,0
3155,44,1,0,0
3156,76,1,0,0
3157,110,1,0,0
3158,94,1,0,0
3159,186,1,0,0
3160,124,1,0,0
3161,79,1,0,0
3162,61,1,0,0
3163,226,1,0,0
3164,55,1,0,0
3165,88,1,0,0
3166,20,1,0,0
3167,28,1,0,0
3168,109,1,0,0
3169,81,1,0,0
3170,50,1,0,0
3171,16,1,0,0
3172,82,1,0,0
3173,70,1,0,0
3174,55,1,0,0
3175,18,1,0,0
3176,15,1,0,0
3177,59,1,0,0
3178,82,1,0,0
3179,28,1,0,0
3180,91,1,0,0
3181,48,1,0,0
3182,28,1,0,0
3183,52,1,0,0
3184,31,1,0,0
3185,22,1,0,0
3186,37,1,0,0
3187,22,1,0,0
3188,23,1,0,0
3189,19,1,0,0
3190,82,1,0,0
3191,48,1,0,0
3192,27,1,0,0
3193,13,1,0,0
3194,32,1,0,0
3195,90,1,0,0
3196,94,1,0,0
3197,115,1,0,0
3198,111,1,0,0
3199,52,1,0,0
3200,45,1,0,0
3201,24,1,0,0
3202,107,1,0,0
3203,51,1,0,0
3204,105,1,0,0
3205,58,1,0,0
3206,102,1,0,0
3207,117,1,0,0
3208,60,1,0,0
3209,64,1,0,0
3210,21,1,0,0
3211,84,1,0,0
3212,63,1,0,0
3213,80,1,0,0
3214,99,1,0,0
3215,61,1,0,0
3216,89,1,0,0
3217,97,1,0,0
3218,51,1,0,0
3219,57,1,0,0
3220,137,1,0,0
3221,27,1,0,0
3222,51,1,0,0
3223,77,1,0,0
3224,134,1,0,0
3225,52,1,0,0
3226,24,1,0,0
3227,203,1,0,0
3228,119,1,0,0
3229,131,1,0,0
3230,78,1,0,0
3231,87,1,0,0
3232,133,1,0,0
3233,35,1,0,0
3234,59,1,0,0
3235,116,1,0,0
3236,46,1,0,0
3237,125,1,0,0
3238,33,1,0,0
3239,53,1,0,0
3240,12,1,0,0
3241,54,1,0,0
3242,90,1,0,0
3243,52,1,0,0
3244,93,1,0,0
3245,35,1,0,0
3246,45,1,0,0
3247,22,1,0,0
3248,73,1,0,0
3249,166,1,0,0
3250,148,1,0,0
3251,61,1,0,0
3252,62,1,0,0
3253,40,1,0,0
3254,28,1,0,0
3255,144,1,0,0
3256,22,1,0,0
3257,61,1,0,0
3258,36,1,0,0
3259,95,1,0,0
3260,30,1,0,0
3261,43,1,0,0
3262,245,1,0,0
3263,140,1,0,0
3264,67,1,0,0
3265,79,1,0,0
3266,40,1,0,0
3267,113,1,0,0
3268,131,1,0,0
3269,74,1,0,0
3270,301,1,0,0
3271,148,1,0,0
3272,18,1,0,0
3273,21,1,0,0
3274,91,1,0,0
3275,17,1,0,0
3276,24,1,0,0
3277,48,1,0,0
3278,69,1,0,0
3279,43,1,0,0
3280,174,1,0,0
3281,25,1,0,0
3282,48,1,0,0
3283,37,1,0,0
3284,85,1,0,0
3285,17,1,0,0
3286,197,1,0,0
3287,80,1,0,0
3288,73,1,0,0
3289,26,1,0,0
3290,23,1,0,0
3291,205,1,0,0
3292,20,1,0,0
3293,159,1,0,0
3294,213,1,0,0
3295,70,1,0,0
3296,36,1,0,0
3297,13,1,0,0
3298,40,1,0,0
3299,47,1,0,0
3300,35,1,0,0
3301,21,1,0,0
3302,105,1,0,0
3303,81,1,0,0
3304,95,1,0,0
3305,82,1,0,0
3306,50,1,0,0
3307,30,1,0,0
3308,150,1,0,0
3309,72,1,0,0
3310,30,1,0,0
3311,101,1,0,0
3312,32,1,0,0
3313,48,1,0,0
3314,40,1,0,0
3315,35,1,0,0
3316,29,1,0,0
3317,172,1,0,0
3318,25,1,0,0
3319,60,1,0,0
3320,22,1,0,0
3321,85,1,0,0
3322,53,1,0,0
3323,32,1,0,0
3324,34,1,0,0
3325,11,1,0,0
3326,94,1,0,0
3327,175,1,0,0
3328,110,1,0,0
3329,31,1,0,0
3330,173,1,0,0
3331,46,1,0,0
3332,62,1,0,0
3333,21,1,0,0
3334,44,1,0,0
3335,115,1,0,0
3336,60,1,0,0
3337,22,1,0,0
3338,58,1,0,0
3339,133,1,0,0
3340,45,1,0,0
3341,39,1,0,0
3342,137,1,0,0
3343,62,1,0,0
3344,42,1,0,0
3345,110,1,0,0
3346,30,1,0,0
3347,47,1,0,0
3348,70,1,0,0
3349,85,1,0,0
3350,32,1,0,0
3351,10,1,0,0
3352,252,1,0,0
3353,7,1,0,0
3354,185,1,0,0
3355,34,1,0,0
3356,113,1,0,0
3357,150,1,0,0
3358,260,1,0,0
3359,82,1,0,0
3360,195,1,0,0
3361,97,1,0,0
3362,47,1,0,0
3363,52,1,0,0
3364,34,1,0,0
3365,59,1,0,0
3366,39,1,0,0
3367,87,1,0,0
3368,115,1,0,0
3369,213,1,0,0
3370,50,1,0,0
3371,21,1,0,0
3372,113,1,0,0
3373,22,1,0,0
3374,43,1,0,0
3375,133,1,0,0
3376,34,1,0,0
3377,21,1,0,0
3378,91,1,0,0
3379,112,1,0,0
3380,150,1,0,0
3381,46,1,0,0
3382,26,1,0,0
3383,77,1,0,0
3384,106,1,0,0
3385,113,1,0,0
3386,33,1,0,0
3387,132,1,0,0
3388,12,1,0,0
3389,11,1,0,0
3390,22,1,0,0
3391,90,1,0,0
3392,27,1,0,0
3393,21,1,0,0
3394,79,1,0,0
3395,19,1,0,0
3396,50,1,0,0
3397,49,1,0,0
3398,100,1,0,0
3399,51,1,0,0
3400,24,1,0,0
3401,171,1,0,0
3402,127,1,0,0
3403,101,1,0,0
3404,76,1,0,0
3405,84,1,0,0
3406,118,1,0,0
3407,42,1,0,0
3408,146,1,0,0
3409,21,1,0,0
3410,58,1,0,0
3411,11,1,0,0
3412,29,1,0,0
3413,17,1,0,0
3414,79,1,0,0
3415,49,1,0,0
3416,92,1,0,0
3417,30,1,0,0
3418,15,1,0,0
3419,48,1,0,0
3420,63,1,0,0
3421,30,1,0,0
3422,43,1,0,0
3423,17,1,0,0
3424,38,1,0,0
3425,43,1,0,0
3426,45,1,0,0
3427,45,1,0,0
3428,124,1,0,0
3429,62,1,0,0
3430,196,1,0,0
3431,106,1,0,0
3432,30,1,0,0
3433,57,1,0,0
3434,69,1,0,0
3435,51,1,0,0
3436,104,1,0,0
3437,58,1,0,0
3438,73,1,0,0
3439,147,1,0,0
3440,297,1,0,0
3441,88,1,0,0
3442,47,1,0,0
3443,17,1,0,0
3444,82,1,0,0
3445,146,1,0,0
3446,12,1,0,0
3447,75,1,0,0
3448,62,1,0,0
3449,34,1,0,0
3450,89,1,0,0
3451,161,1,0,0
3452,39,1,0,0
3453,91,1,0,0
3454,93,1,0,0
3455,83,1,0,0
3456,32,1,0,0
3457,32,1,0,0
3458,204,1,0,0
3459,23,1,0,0
3460,19,1,0,0
3461,28,1,0,0
3462,15,1,0,0
3463,78,1,0,0
3464,114,1,0,0
3465,63,1,0,0
3466,25,1,0,0
3467,38,1,0,0
3468,111,1,0,0
3469,13,1,0,0
3470,160,1,0,0
3471,16,1,0,0
3472,53,1,0,0
3473,97,1,0,0
3474,70,1,0,0
3475,59,1,0,0
3476,67,1,0,0
3477,29,1,0,0
3478,19,1,0,0
3479,79,1,0,0
3480,51,1,0,0
3481,20,1,0,0
3482,64,1,0,0
3483,49,1,0,0
3484,82,1,0,0
3485,24,1,0,0
3486,89,1,0,0
3487,70,1,0,0
3488,117,1,0,0
3489,76,1,0,0
3490,8,1,0,0
3491,98,1,0,0
3492,319,1,0,0
3493,144,1,0,0
3494,65,1,0,0
3495,169,1,0,0
3496,31,1,0,0
3497,31,1,0,0
3498,41,1,0,0
3499,22,1,0,0
3500,90,1,0,0
3501,54,1,0,0
3502,65,1,0,0
3503,51,1,0,0
3504,82,1,0,0
3505,63,1,0,0
3506,26,1,0,0
3507,98,1,0,0
3508,108,1,0,0
3509,21,1,0,0
3510,200,1,0,0
3511,71,1,0,0
3512,327,1,0,0
3513,65,1,0,0
3514,113,1,0,0
3515,110,1,0,0
3516,141,1,0,0
3517,48,1,0,0
3518,76,1,0,0
3519,93,1,0,0
3520,40,1,0,0
3521,222,1,0,0
3522,181,1,0,0
3523,39,1,0,0
3524,57,1,0,0
3525,32,1,0,0
3526,64,1,0,0
3527,132,1,0,0
3528,73,1,0,0
3529,25,1,0,0
3530,14,1,0,0
3531,83,1,0,0
3532,27,1,0,0
3533,65,1,0,0
3534,63,1,0,0
3535,30,1,0,0
3536,162,1,0,0
3537,53,1,0,0
3538,66,1,0,0
3539,97,1,0,0
3540,16,1,0,0
3541,31,1,0,0
3542,41,1,0,0
3543,115,1,0,0
3544,26,1,0,0
3545,29,1,0,0
3546,156,1,0,0
3547,32,1,0,0
3548,49,1,0,0
3549,97,1,0,0
3550,47,1,0,0
3551,26,1,0,0
3552,185,1,0,0
3553,72,1,0,0
3554,64,1,0,0
3555,51,1,0,0
3556,226,1,0,0
3557,58,1,0,0
3558,30,1,0,0
3559,113,1,0,0
3560,57,1,0,0
3561,86,1,0,0
3562,7,1,0,0
3563,31,1,0,0
3564,81,1,0,0
3565,71,1,0,0
3566,76,1,0,0
3567,87,1,0,0
3568,63,1,0,0
3569,42,1,0,0
3570,75,1,0,0
3571,21,1,0,0
3572,20,1,0,0
3573,66,1,0,0
3574,50,1,0,0
3575,85,1,0,0
3576,139,1,0,0
3577,110,1,0,0
3578,80,1,0,0
3579,13,1,0,0
3580,82,1,0,0
3581,216,1,0,0
3582,30,1,0,0
3583,53,1,0,0
3584,122,1,0,0
3585,205,1,0,0
3586,115,1,0,0
3587,62,1,0,0
3588,25,1,0,0
3589,34,1,0,0
3590,34,1,0,0
3591,87,1,0,0
3592,40,1,0,0
3593,33,1,0,0
3594,99,1,0,0
3595,16,1,0,0
3596,119,1,0,0
3597,71,1,0,0
3598,68,1,0,0
3599,22,1,0,0
3600,73,1,0,0
3601,21,1,0,0
3602,33,1,0,0
3603,77,1,0,0
3604,139,1,0,0
3605,71,1,0,0
3606,41,1,0,0
3607,75,1,0,0
3608,209,1,0,0
3609,19,1,0,0
3610,14,1,0,0
3611,34,1,0,0
3612,140,1,0,0
3613,13,1,0,0
3614,31,1,0,0
3615,56,1,0,0
3616,96,1,0,0
3617,121,1,0,0
3618,117,1,0,0
3619,51,1,0,0
3620,70,1,0,0
3621,98,1,0,0
3622,37,1,0,0
3623,65,1,0,0
3624,62,1,0,0
3625,85,1,0,0
3626,100,1,0,0
3627,33,1,0,0
3628,86,1,0,0
3629,81,1,0,0
3630,61,1,0,0
3631,46,1,0,0
3632,22,1,0,0
3633,78,1,0,0
3634,64,1,0,0
3635,14,1,0,0
3636,146,1,0,0
3637,19,1,0,0
3638,81,1,0,0
3639,31,1,0,0
3640,34,1,0,0
3641,16,1,0,0
3642,27,1,0,0
3643,138,1,0,0
3644,52,1,0,0
3645,141,1,0,0
3646,48,1,0,0
3647,75,1,0,0
3648,67,1,0,0
3649,67,1,0,0
3650,18,1,0,0
3651,56,1,0,0
3652,26,1,0,0
3653,57,1,0,0
3654,43,1,0,0
3655,73,1,0,0
3656,125,1,0,0
3657,22,1,0,0
3658,166,1,0,0
3659,17,1,0,0
3660,50,1,0,0
3661,153,1,0,0
3662,77,1,0,0
3663,111,1,0,0
3664,40,1,0,0
3665,17,1,0,0
3666,37,1,0,0
3667,140,1,0,0
3668,114,1,0,0
3669,46,1,0,0
3670,32,1,0,0
3671,25,1,0,0
3672,24,1,0,0
3673,207,1,0,0
3674,69,1,0,0
3675,175,1,0,0
3676,88,1,0,0
3677,98,1,0,0
3678,17,1,0,0
3679,45,1,0,0
3680,23,1,0,0
3681,140,1,0,0
3682,12,1,0,0
3683,232,1,0,0
3684,200,1,0,0
3685,48,1,0,0
3686,116,1,0,0
3687,159,1,0,0
3688,26,1,0,0
3689,15,1,0,0
3690,59,1,0,0
3691,50,1,0,0
3692,55,1,0,0
3693,136,1,0,0
3694,21,1,0,0
3695,107,1,0,0
3696,85,1,0,0
3697,198,1,0,0
3698,297,1,0,0
3699,64,1,0,0
3700,109,1,0,0
3701,205,1,0,0
3702,25,1,0,0
3703,39,1,0,0
3704,199,1,0,0
3705,26,1,0,0
3706,34,1,0,0
3707,231,1,0,0
3708,131,1,0,0
3709,22,1,0,0
3710,42,1,0,0
3711,128,1,0,0
3712,121,1,0,0
3713,18,1,0,0
3714,39,1,0,0
3715,147,1,0,0
3716,44,1,0,0
3717,67,1,0,0
3718,96,1,0,0
3719,22,1,0,0
3720,59,1,0,0
3721,18,1,0,0
3722,89,1,0,0
3723,10,1,0,0
3724,28,1,0,0
3725,28,1,0,0
3726,40,1,0,0
3727,20,1,0,0
3728,76,1,0,0
3729,71,1,0,0
3730,92,1,0,0
3731,41,1,0,0
3732,184,1,0,0
3733,35,1,0,0
3734,60,1,0,0
3735,77,1,0,0
3736,82,1,0,0
3737,22,1,0,0
3738,103,1,0,0
3739,108,1,0,0
3740,112,1,0,0
3741,37,1,0,0
3742,74,1,0,0
3743,55,1,0,0
3744,21,1,0,0
3745,117,1,0,0
3746,55,1,0,0
3747,25,1,0,0
3748,107,1,0,0
3749,46,1,0,0
3750,45,1,0,0
3751,142,1,0,0
3752,33,1,0,0
3753,94,1,0,0
3754,66,1,0,0
3755,67,1,0,0
3756,50,1,0,0
3757,17,1,0,0
3758,55,1,0,0
3759,82,1,0,0
3760,106,1,0,0
3761,75,1,0,0
3762,37,1,0,0
3763,176,1,0,0
3764,88,1,0,0
3765,18,1,0,0
3766,256,1,0,0
3767,54,1,0,0
3768,30,1,0,0
3769,66,1,0,0
3770,41,1,0,0
3771,33,1,0,0
3772,92,1,0,0
3773,99,1,0,0
3774,128,1,0,0
3775,91,1,0,0
3776,63,1,0,0
3777,33,1,0,0
3778,84,1,0,0
3779,30,1,0,0
3780,57,1,0,0
3781,160,1,0,0
3782,97,1,0,0
3783,13,1,0,0
3784,8,1,0,0
3785,27,1,0,0
3786,182,1,0,0
3787,71,1,0,0
3788,103,1,0,0
3789,39,1,0,0
3790,132,1,0,0
3791,31,1,0,0
3792,18,1,0,0
3793,154,1,0,0
3794,24,1,0,0
3795,71,1,0,0
3796,29,1,0,0
3797,9,1,0,0
3798,154,1,0,0
3799,68,1,0,0
3800,21,1,0,0
3801,105,1,0,0
3802,49,1,0,0
3803,31,1,0,0
3804,156,1,0,0
3805,72,1,0,0
3806,89,1,0,0
3807,190,1,0,0
3808,71,1,0,0
3809,43,1,0,0
3810,40,1,0,0
3811,111,1,0,0
3812,55,1,0,0
3813,90,1,0,0
3814,125,1,0,0
3815,9,1,0,0
3816,74,1,0,0
3817,178,1,0,0
3818,15,1,0,0
3819,80,1,0,0
3820,82,1,0,0
3821,43,1,0,0
3822,52,1,0,0
3823,17,1,0,0
3824,85,1,0,0
3825,74,1,0,0
3826,24,1,0,0
3827,19,1,0,0
3828,62,1,0,0
3829,73,1,0,0
3830,101,1,0,0
3831,51,1,0,0
3832,52,1,0,0
3833,67,1,0,0
3834,133,1,0,0
3835,30,1,0,0
3836,61,1,0,0
3837,89,1,0,0
3838,88,1,0,0
3839,113,1,0,0
3840,88,1,0,0
3841,35,1,0,0
3842,14,1,0,0
3843,35,1,0,0
3844,111,1,0,0
3845,40,1,0,0
3846,17,1,0,0
3847,17,1,0,0
3848,23,1,0,0
3849,117,1,0,0
3850,38,1,0,0
3851,39,1,0,0
3852,91,1,0,0
3853,95,1,0,0
3854,44,1,0,0
3855,65,1,0,0
3856,7,1,0,0
3857,27,1,0,0
3858,49,1,0,0
3859,114,1,0,0
3860,52,1,0,0
3861,50,1,0,0
3862,34,1,0,0
3863,88,1,0,0
3864,87,1,0,0
3865,103,1,0,0
3866,89,1,0,0
3867,49,1,0,0
3868,71,1,0,0
3869,55,1,0,0
3870,68,1,0,0
3871,82,1,0,0
3872,191,1,0,0
3873,36,1,0,0
3874,64,1,0,0
3875,66,1,0,0
3876,73,1,0,0
3877,67,1,0,0
3878,23,1,0,0
3879,32,1,0,0
3880,275,1,0,0
3881,37,1,0,0
3882,11,1,0,0
3883,62,1,0,0
3884,76,1,0,0
3885,22,1,0,0
3886,70,1,0,0
3887,201,1,0,0
3888,42,1,0,0
3889,64,1,0,0
3890,129,1,0,0
3891,76,1,0,0
3892,75,1,0,0
3893,7,1,0,0
3894,36,1,0,0
3895,42,1,0,0
3896,12,1,0,0
3897,22,1,0,0
3898,47,1,0,0
3899,34,1,0,0
3900,75,1,0,0
3901,51,1,0,0
3902,16,1,0,0
3903,56,1,0,0
3904,46,1,0,0
3905,130,1,0,0
3906,90,1,0,0
3907,15,1,0,0
3908,61,1,0,0
3909,53,1,0,0
3910,29,1,0,0
3911,21,1,0,0
3912,35,1,0,0
3913,43,1,0,0
3914,61,1,0,0
3915,117,1,0,0
3916,40,1,0,0
3917,38,1,0,0
3918,38,1,0,0
3919,94,1,0,0
3920,75,1,0,0
3921,65,1,0,0
3922,13,1,0,0
3923,134,1,0,0
3924,131,1,0,0
3925,73,1,0,0
3926,179,1,0,0
3927,82,1,0,0
3928,73,1,0,0
3929,53,1,0,0
3930,121,1,0,0
3931,39,1,0,0
3932,106,1,0,0
3933,72,1,0,0
3934,34,1,0,0
3935,27,1,0,0
3936,29,1,0,0
3937,42,1,0,0
3938,60,1,0,0
3939,41,1,0,0
3940,105,1,0,0
3941,24,1,0,0
3942,59,1,0,0
3943,35,1,0,0
3944,253,1,0,0
3945,75,1,0,0
3946,63,1,0,0
3947,35,1,0,0
3948,107,1,0,0
3949,40,1,0,0
3950,37,1,0,0
3951,76,1,0,0
3952,74,1,0,0
3953,39,1,0,0
3954,80,1,0,0
3955,84,1,0,0
3956,39,1,0,0
3957,15,1,0,0
3958,63,1,0,0
3959,11,1,0,0
3960,119,1,0,0
3961,118,1,0,0
3962,54,1,0,0
3963,45,1,0,0
3964,60,1,0,0
3965,99,1,0,0
3966,148,1,0,0
3967,66,1,0,0
3968,60,1,0,0
3969,128,1,0,0
3970,87,1,0,0
3971,143,1,0,0
3972,17,1,0,0
3973,25,1,0,0
3974,17,1,0,0
3975,22,1,0,0
3976,103,1,0,0
3977,113,1,0,0
3978,191,1,0,0
3979,42,1,0,0
3980,83,1,0,0
3981,30,1,0,0
3982,28,1,0,0
3983,29,1,0,0
3984,19,1,0,0
3985,90,1,0,0
3986,13,1,0,0
3987,263,1,0,0
3988,40,1,0,0
3989,46,1,0,0
3990,58,1,0,0
3991,94,1,0,0
3992,25,1,0,0
3993,49,1,0,0
3994,18,1,0,0
3995,58,1,0,0
3996,162,1,0,0
3997,59,1,0,0
3998,47,1,0,0
3999,91,1,0,0
4000,292,1,0,0
4001,47,1,0,0
4002,36,1,0,0
4003,54,1,0,0
4004,91,1,0,0
4005,65,1,0,0
4006,19,1,0,0
4007,148,1,0,0
4008,20,1,0,0
4009,47,1,0,0
4010,141,1,0,0
4011,150,1,0,0
4012,80,1,0,0
4013,28,1,0,0
4014,77,1,0,0
4015,40,1,0,0
4016,64,1,0,0
4017,313,1,0,0
4018,77,1,0,0
4019,145,1,0,0
4020,16,1,0,0
4021,98,1,0,0
4022,41,1,0,0
4023,197,1,0,0
4024,31,1,0,0
4025,95,1,0,0
4026,11,1,0,0
4027,88,1,0,0
4028,91,1,0,0
4029,49,1,0,0
4030,138,1,0,0
4031,98,1,0,0
4032,92,1,0,0
4033,127,1,0,0
4034,16,1,0,0
4035,38,1,0,0
4036,23,1,0,0
4037,92,1,0,0
4038,80,1,0,0
4039,69,1,0,0
4040,81,1,0,0
4041,33,1,0,0
4042,155,1,0,0
4043,31,1,0,0
4044,83,1,0,0
4045,23,1,0,0
4046,40,1,0,0
4047,126,1,0,0
4048,70,1,0,0
4049,25,1,0,0
4050,34,1,0,0
4051,72,1,0,0
4052,63,1,0,0
4053,82,1,0,0
4054,46,1,0,0
4055,122,1,0,0
4056,189,1,0,0
4057,113,1,0,0
4058,92,1,0,0
4059,19,1,0,0
4060,166,1,0,0
4061,24,1,0,0
4062,26,1,0,0
4063,144,1,0,0
4064,33,1,0,0
4065,143,1,0,0
4066,171,1,0,0
4067,34,1,0,0
4068,54,1,0,0
4069,67,1,0,0
4070,65,1,0,0
4071,61,1,0,0
4072,92,1,0,0
4073,11,1,0,0
4074,36,1,0,0
4075,62,1,0,0
4076,110,1,0,0
4077,166,1,0,0
4078,18,1,0,0
4079,37,1,0,0
4080,72,1,0,0
4081,46,1,0,0
4082,81,1,0,0
4083,59,1,0,0
4084,39,1,0,0
4085,345,1,0,0
4086,23,1,0,0
4087,37,1,0,0
4088,203,1,0,0
4089,173,1,0,0
4090,110,1,0,0
4091,78,1,0,0
4092,19,1,0,0
4093,66,1,0,0
4094,53,1,0,0
4095,45,1,0,0
4096,63,1,0,0
4097,117,1,0,0
4098,50,1,0,0
4099,60,1,0,0
4100,59,1,0,0
4101,140,1,0,0
4102,62,1,0,0
4103,31,1,0,0
4104,22,1,0,0
4105,39,1,0,0
4106,84,1,0,0
4107,136,1,0,0
4108,113,1,0,0
4109,41,1,0,0
4110,24,1,0,0
4111,55,1,0,0
4112,154,1,0,0
4113,27,1,0,0
4114,29,1,0,0
4115,21,1,0,0
4116,132,1,0,0
4117,19,1,0,0
4118,38,1,0,0
4119,14,1,0,0
4120,131,1,0,0
4121,114,1,0,0
4122,19,1,0,0
4123,33,1,0,0
4124,59,1,0,0
4125,52,1,0,0
4126,35,1,0,0
4127,65,1,0,0
4128,201,1,0,0
4129,39,1,0,0
4130,82,1,0,0
4131,72,1,0,0
4132,125,1,0,0
4133,216,1,0,0
4134,20,1,0,0
4135,41,1,0,0
4136,15,1,0,0
4137,60,1,0,0
4138,112,1,0,0
4139,17,1,0,0
4140,62,1,0,0
4141,26,1,0,0
4142,37,1,0,0
4143,75,1,0,0
4144,43,1,0,0
4145,37,1,0,0
4146,62,1,0,0
4147,65,1,0,0
4148,35,1,0,0
4149,9,1,0,0
4150,17,1,0,0
4151,94,1,0,0
4152,84,1,0,0
4153,69,1,0,0
4154,49,1,0,0
4155,21,1,0,0
4156,24,1,0,0
4157,51,1,0,0
4158,89,1,0,0
4159,134,1,0,0
4160,87,1,0,0
4161,30,1,0,0
4162,10,1,0,0
4163,59,1,0,0
4164,87,1,0,0
4165,124,1,0,0
4166,22,1,0,0
4167,70,1,0,0
4168,30,1,0,0
4169,224,1,0,0
4170,36,1,0,0
4171,15,1,0,0
4172,128,1,0,0
4173,7,1,0,0
4174,14,1,0,0
4175,57,1,0,0
4176,141,1,0,0
4177,53,1,0,0
4178,30,1,0,0
4179,24,1,0,0
4180,26,1,0,0
4181,34,1,0,0
4182,58,1,0,0
4183,10,1,0,0
4184,130,1,0,0
4185,86,1,0,0
4186,132,1,0,0
4187,27,1,0,0
4188,92,1,0,0
4189,69,1,0,0
4190,155,1,0,0
4191,12,1,0,0
4192,15,1,0,0
4193,85,1,0,0
4194,25,1,0,0
4195,49,1,0,0
4196,23,1,0,0
4197,77,1,0,0
4198,124,1,0,0
4199,19,1,0,0
4200,92,1,0,0
4201,82,1,0,0
4202,38,1,0,0
4203,25,1,0,0
4204,139,1,0,0
4205,99,1,0,0
4206,37,1,0,0
4207,92,1,0,0
4208,150,1,0,0
4209,37,1,0,0
4210,142,1,0,0
4211,43,1,0,0
4212,40,1,0,0
4213,104,1,0,0
4214,53,1,0,0
4215,62,1,0,0
4216,90,1,0,0
4217,58,1,0,0
4218,45,1,0,0
4219,48,1,0,0
4220,101,1,0,0
4221,76,1,0,0
4222,18,1,0,0
4223,55,1,0,0
4224,19,1,0,0
4225,48,1,0,0
4226,54,1,0,0
4227,72,1,0,0
4228,138,1,0,0
4229,86,1,0,0
4230,138,1,0,0
4231,25,1,0,0
4232,125,1,0,0
4233,45,1,0,0
4234,151,1,0,0
4235,32,1,0,0
4236,103,1,0,0
4237,128,1,0,0
4238,107,1,0,0
4239,10,1,0,0
4240,74,1,0,0
4241,61,1,0,0
4242,25,1,0,0
4243,13,1,0,0
4244,172,1,0,0
4245,27,1,0,0
4246,137,1,0,0
4247,156,1,0,0
4248,70,1,0,0
4249,35,1,0,0
4250,54,1,0,0
4251,28,1,0,0
4252,22,1,0,0
4253,36,1,0,0
4254,69,1,0,0
4255,73,1,0,0
4256,70,1,0,0
4257,73,1,0,0
4258,239,1,0,0
4259,27,1,0,0
4260,44,1,0,0
4261,89,1,0,0
4262,29,1,0,0
4263,23,1,0,0
4264,23,1,0,0
4265,164,1,0,0
4266,47,1,0,0
4267,40,1,0,0
4268,72,1,0,0
4269,50,1,0,0
4270,31,1,0,0
4271,100,1,0,0
4272,52,1,0,0
4273,57,1,0,0
4274,47,1,0,0
4275,60,1,0,0
4276,97,1,0,0
4277,143,1,0,0
4278,58,1,0,0
4279,47,1,0,0
4280,98,1,0,0
4281,98,1,0,0
4282,20,1,0,0
4283,85,1,0,0
4284,44,1,0,0
4285,76,1,0,0
4286,187,1,0,0
4287,130,1,0,0
4288,96,1,0,0
4289,94,1,0,0
4290,186,1,0,0
4291,129,1,0,0
4292,82,1,0,0
4293,53,1,0,0
4294,29,1,0,0
4295,33,1,0,0
4296,56,1,0,0
4297,105,1,0,0
4298,43,1,0,0
4299,27,1,0,0
4300,82,1,0,0
4301,164,1,0,0
4302,54,1,0,0
4303,24,1,0,0
4304,39,1,0,0
4305,78,1,0,0
4306,158,1,0,0
4307,64,1,0,0
4308,112,1,0,0
4309,48,1,0,0
4310,64,1,0,0
4311,70,1,0,0
4312,144,1,0,0
4313,115,1,0,0
4314,23,1,0,0
4315,43,1,0,0
4316,10,1,0,0
4317,63,1,0,0
4318,69,1,0,0
4319,98,1,0,0
4320,10,1,0,0
4321,81,1,0,0
4322,52,1,0,0
4323,15,1,0,0
4324,128,1,0,0
4325,64,1,0,0
4326,71,1,0,0
4327,154,1,0,0
4328,77,1,0,0
4329,63,1,0,0
4330,108,1,0,0
4331,157,1,0,0
4332,155,1,0,0
4333,13,1,0,0
4334,35,1,0,0
4335,96,1,0,0
4336,105,1,0,0
4337,30,1,0,0
4338,57,1,0,0
4339,47,1,0,0
4340,17,1,0,0
4341,32,1,0,0
4342,33,1,0,0
4343,79,1,0,0
4344,21,1,0,0
4345,68,1,0,0
4346,97,1,0,0
4347,66,1,0,0
4348,112,1,0,0
4349,126,1,0,0
4350,39,1,0,0
4351,62,1,0,0
4352,48,1,0,0
4353,141,1,0,0
4354,71,1,0,0
4355,51,1,0,0
4356,60,1,0,0
4357,58,1,0,0
4358,78,1,0,0
4359,34,1,0,0
4360,126,1,0,0
4361,9,1,0,0
4362,68,1,0,0
4363,15,1,0,0
4364,12,1,0,0
4365,45,1,0,0
4366,60,1,0,0
4367,186,1,0,0
4368,90,1,0,0
4369,87,1,0,0
4370,27,1,0,0
4371,49,1,0,0
4372,75,1,0,0
4373,17,1,0,0
4374,59,1,0,0
4375,39,1,0,0
4376,40,1,0,0
4377,114,1,0,0
4378,16,1,0,0
4379,24,1,0,0
4380,35,1,0,0
4381,84,1,0,0
4382,23,1,0,0
4383,51,1,0,0
4384,49,1,0,0
4385,121,1,0,0
4386,31,1,0,0
4387,36,1,0,0
4388,27,1,0,0
4389,101,1,0,0
4390,51,1,0,0
4391,60,1,0,0
4392,112,1,0,0
4393,26,1,0,0
4394,57,1,0,0
4395,35,1,0,0
4396,57,1,0,0
4397,21,1,0,0
4398,59,1,0,0
4399,68,1,0,0
4400,40,1,0,0
4401,18,1,0,0
4402,21,1,0,0
4403,46,1,0,0
4404,15,1,0,0
4405,69,1,0,0
4406,45,1,0,0
4407,22,1,0,0
4408,21,1,0,0
4409,68,1,0,0
4410,94,1,0,0
4411,34,1,0,0
4412,23,1,0,0
4413,25,1,0,0
4414,20,1,0,0
4415,54,1,0,0
4416,35,1,0,0
4417,55,1,0,0
4418,40,1,0,0
4419,44,1,0,0
4420,21,1,0,0
4421,177,1,0,0
4422,65,1,0,0
4423,37,1,0,0
4424,45,1,0,0
4425,64,1,0,0
4426,70,1,0,0
4427,55,1,0,0
4428,204,1,0,0
4429,64,1,0,0
4430,127,1,0,0
4431,123,1,0,0
4432,27,1,0,0
4433,139,1,0,0
4434,26,1,0,0
4435,32,1,0,0
4436,165,1,0,0
4437,168,1,0,0
4438,52,1,0,0
4439,40,1,0,0
4440,79,1,0,0
4441,47,1,0,0
4442,44,1,0,0
4443,32,1,0,0
4444,90,1,0,0
4445,14,1,0,0
4446,10,1,0,0
4447,147,1,0,0
4448,143,1,0,0
4449,67,1,0,0
4450,42,1,0,0
4451,12,1,0,0
4452,49,1,0,0
4453,25,1,0,0
4454,57,1,0,0
4455,51,1,0,0
4456,39,1,0,0
4457,14,1,0,0
4458,21,1,0,0
4459,44,1,0,0
4460,46,1,0,0
4461,23,1,0,0
4462,31,1,0,0
4463,53,1,0,0
4464,35,1,0,0
4465,41,1,0,0
4466,62,1,0,0
4467,39,1,0,0
4468,13,1,0,0
4469,85,1,0,0
4470,148,1,0,0
4471,40,1,0,0
4472,81,1,0,0
4473,101,1,0,0
4474,61,1,0,0
4475,10,1,0,0
4476,129,1,0,0
4477,51,1,0,0
4478,21,1,0,0
4479,108,1,0,0
4480,120,1,0,0
4481,29,1,0,0
4482,114,1,0,0
4483,44,1,0,0
4484,47,1,0,0
4485,74,1,0,0
4486,99,1,0,0
4487,50,1,0,0
4488,25,1,0,0
4489,172,1,0,0
4490,132,1,0,0
4491,43,1,0,0
4492,115,1,0,0
4493,25,1,0,0
4494,85,1,0,0
4495,46,1,0,0
4496,65,1,0,0
4497,115,1,0,0
4498,73,1,0,0
4499,105,1,0,0
4500,103,1,0,0
4501,110,1,0,0
4502,130,1,0,0
4503,95,1,0,0
4504,59,1,0,0
4505,64,1,0,0
4506,118,1,0,0
4507,35,1,0,0
4508,76,1,0,0
4509,43,1,0,0
4510,11,1,0,0
4511,60,1,0,0
4512,84,1,0,0
4513,224,1,0,0
4514,110,1,0,0
4515,18,1,0,0
4516,30,1,0,0
4517,11,1,0,0
4518,49,1,0,0
4519,111,1,0,0
4520,41,1,0,0
4521,16,1,0,0
4522,30,1,0,0
4523,58,1,0,0
4524,11,1,0,0
4525,79,1,0,0
4526,13,1,0,0
4527,57,1,0,0
4528,53,1,0,0
4529,9,1,0,0
4530,64,1,0,0
4531,44,1,0,0
4532,49,1,0,0
4533,17,1,0,0
4534,24,1,0,0
4535,59,1,0,0
4536,67,1,0,0
4537,73,1,0,0
4538,113,1,0,0
4539,48,1,0,0
4540,46,1,0,0
4541,36,1,0,0
4542,99,1,0,0
4543,52,1,0,0
4544,19,1,0,0
4545,41,1,0,0
4546,43,1,0,0
4547,155,1,0,0
4548,20,1,0,0
4549,84,1,0,0
4550,221,1,0,0
4551,29,1,0,0
4552,252,1,0,0
4553,125,1,0,0
4554,19,1,0,0
4555,100,1,0,0
4556,23,1,0,0
4557,228,1,0,0
4558,92,1,0,0
4559,110,1,0,0
4560,40,1,0,0
4561,72,1,0,0
4562,55,1,0,0
4563,34,1,0,0
4564,53,1,0,0
4565,94,1,0,0
4566,128,1,0,0
4567,47,1,0,0
4568,11,1,0,0
4569,21,1,0,0
4570,133,1,0,0
4571,179,1,0,0
4572,98,1,0,0
4573,41,1,0,0
4574,69,1,0,0
4575,91,1,0,0
4576,103,1,0,0
4577,113,1,0,0
4578,59,1,0,0
4579,228,1,0,0
4580,27,1,0,0
4581,15,1,0,0
4582,143,1,0,0
4583,20,1,0,0
4584,59,1,0,0
4585,84,1,0,0
4586,146,1,0,0
4587,154,1,0,0
4588,71,1,0,0
4589,113,1,0,0
4590,54,1,0,0
4591,144,1,0,0
4592,37,1,0,0
4593,81,1,0,0
4594,153,1,0,0
4595,68,1,0,0
4596,35,1,0,0
4597,95,1,0,0
4598,84,1,0,0
4599,43,1,0,0
4600,50,1,0,0
4601,23,1,0,0
4602,33,1,0,0
4603,30,1,0,0
4604,93,1,0,0
4605,77,1,0,0
4606,24,1,0,0
4607,39,1,0,0
4608,46,1,0,0
4609,101,1,0,0
4610,40,1,0,0
4611,97,1,0,0
4612,40,1,0,0
4613,19,1,0,0
4614,39,1,0,0
4615,36,1,0,0
4616,18,1,0,0
4617,127,1,0,0
4618,64,1,0,0
4619,28,1,0,0
4620,94,1,0,0
4621,46,1,0,0
4622,65,1,0,0
4623,91,1,0,0
4624,16,1,0,0
4625,77,1,0,0
4626,41,1,0,0
4627,63,1,0,0
4628,58,1,0,0
4629,62,1,0,0
4630,50,1,0,0
4631,118,1,0,0
4632,219,1,0,0
4633,104,1,0,0
4634,62,1,0,0
4635,44,1,0,0
4636,45,1,0,0
4637,51,1,0,0
4638,21,1,0,0
4639,234,1,0,0
4640,44,1,0,0
4641,34,1,0,0
4642,112,1,0,0
4643,53,1,0,0
4644,63,1,0,0
4645,57,1,0,0
4646,36,1,0,0
4647,41,1,0,0
4648,35,1,0,0
4649,24,1,0,0
4650,123,1,0,0
4651,63,1,0,0
4652,36,1,0,0
4653,20,1,0,0
4654,87,1,0,0
4655,185,1,0,0
4656,130,1,0,0
4657,111,1,0,0
4658,62,1,0,0
4659,57,1,0,0
4660,137,1,0,0
4661,37,1,0,0
4662,29,1,0,0
4663,91,1,0,0
4664,37,1,0,0
4665,29,1,0,0
4666,17,1,0,0
4667,73,1,0,0
4668,152,1,0,0
4669,51,1,0,0
4670,29,1,0,0
4671,40,1,0,0
4672,32,1,0,0
4673,95,1,0,0
4674,98,1,0,0
4675,128,1,0,0
4676,55,1,0,0
4677,70,1,0,0
4678,41,1,0,0
4679,39,1,0,0
4680,132,1,0,0
4681,63,1,0,0
4682,140,1,0,0
4683,55,1,0,0
4684,50,1,0,0
4685,41,1,0,0
4686,34,1,0,0
4687,70,1,0,0
4688,21,1,0,0
4689,56,1,0,0
4690,30,1,0,0
4691,31,1,0,0
4692,159,1,0,0
4693,30,1,0,0
4694,33,1,0,0
4695,55,1,0,0
4696,54,1,0,0
4697,34,1,0,0
4698,146,1,0,0
4699,33,1,0,0
4700,21,1,0,0
4701,40,1,0,0
4702,12,1,0,0
4703,246,1,0,0
4704,83,1,0,0
4705,13,1,0,0
4706,24,1,0,0
4707,27,1,0,0
4708,126,1,0,0
4709,22,1,0,0
4710,162,1,0,0
4711,33,1,0,0
4712,27,1,0,0
4713,24,1,0,0
4714,35,1,0,0
4715,190,1,0,0
4716,28,1,0,0
4717,70,1,0,0
4718,64,1,0,0
4719,108,1,0,0
4720,84,1,0,0
4721,80,1,0,0
4722,69,1,0,0
4723,53,1,0,0
4724,36,1,0,0
4725,123,1,0,0
4726,135,1,0,0
4727,37,1,0,0
4728,53,1,0,0
4729,14,1,0,0
4730,71,1,0,0
4731,409,1,0,0
4732,30,1,0,0
4733,99,1,0,0
4734,113,1,0,0
4735,43,1,0,0
4736,14,1,0,0
4737,26,1,0,0
4738,32,1,0,0
4739,17,1,0,0
4740,90,1,0,0
4741,67,1,0,0
4742,210,1,0,0
4743,24,1,0,0
4744,77,1,0,0
4745,91,1,0,0
4746,62,1,0,0
4747,174,1,0,0
4748,11,1,0,0
4749,56,1,0,0
4750,47,1,0,0
4751,27,1,0,0
4752,95,1,0,0
4753,58,1,0,0
4754,100,1,0,0
4755,129,1,0,0
4756,207,1,0,0
4757,119,1,0,0
4758,36,1,0,0
4759,81,1,0,0
4760,19,1,0,0
4761,92,1,0,0
4762,126,1,0,0
4763,38,1,0,0
4764,18,1,0,0
4765,31,1,0,0
4766,59,1,0,0
4767,11,1,0,0
4768,191,1,0,0
4769,45,1,0,0
4770,170,1,0,0
4771,55,1,0,0
4772,17,1,0,0
4773,66,1,0,0
4774,231,1,0,0
4775,50,1,0,0
4776,15,1,0,0
4777,10,1,0,0
4778,18,1,0,0
4779,91,1,0,0
4780,72,1,0,0
4781,9,1,0,0
4782,21,1,0,0
4783,50,1,0,0
4784,10,1,0,0
4785,110,1,0,0
4786,73,1,0,0
4787,71,1,0,0
4788,70,1,0,0
4789,115,1,0,0
4790,146,1,0,0
4791,61,1,0,0
4792,57,1,0,0
4793,45,1,0,0
4794,47,1,0,0
4795,108,1,0,0
4796,126,1,0,0
4797,69,1,0,0
4798,72,1,0,0
4799,16,1,0,0
4800,34,1,0,0
4801,133,1,0,0
4802,57,1,0,0
4803,22,1,0,0
4804,32,1,0,0
4805,59,1,0,0
4806,30,1,0,0
4807,55,1,0,0
4808,18,1,0,0
4809,141,1,0,0
4810,44,1,0,0
4811,34,1,0,0
4812,41,1,0,0
4813,64,1,0,0
4814,48,1,0,0
4815,202,1,0,0
4816,16,1,0,0
4817,114,1,0,0
4818,56,1,0,0
4819,81,1,0,0
4820,23,1,0,0
4821,86,1,0,0
4822,11,1,0,0
4823,39,1,0,0
4824,42,1,0,0
4825,27,1,0,0
4826,46,1,0,0
4827,95,1,0,0
4828,97,1,0,0
4829,22,1,0,0
4830,107,1,0,0
4831,18,1,0,0
4832,74,1,0,0
4833,172,1,0,0
4834,47,1,0,0
4835,25,1,0,0
4836,21,1,0,0
4837,18,1,0,0
4838,80,1,0,0
4839,98,1,0,0
4840,7,1,0,0
4841,140,1,0,0
4842,60,1,0,0
4843,94,1,0,0
4844,83,1,0,0
4845,111,1,0,0
4846,44,1,0,0
4847,87,1,0,0
4848,48,1,0,0
4849,110,1,0,0
4850,19,1,0,0
4851,54,1,0,0
4852,51,1,0,0
4853,144,1,0,0
4854,47,1,0,0
4855,27,1,0,0
4856,81,1,0,0
4857,66,1,0,0
4858,205,1,0,0
4859,122,1,0,0
4860,188,1,0,0
4861,20,1,0,0
4862,29,1,0,0
4863,94,1,0,0
4864,172,1,0,0
4865,23,1,0,0
4866,41,1,0,0
4867,28,1,0,0
4868,11,1,0,0
4869,13,1,0,0
4870,67,1,0,0
4871,126,1,0,0
4872,44,1,0,0
4873,20,1,0,0
4874,62,1,0,0
4875,62,1,0,0
4876,12,1,0,0
4877,22,1,0,0
4878,52,1,0,0
4879,39,1,0,0
4880,93,1,0,0
4881,160,1,0,0
4882,34,1,0,0
4883,69,1,0,0
4884,25,1,0,0
4885,132,1,0,0
4886,35,1,0,0
4887,22,1,0,0
4888,94,1,0,0
4889,45,1,0,0
4890,60,1,0,0
4891,72,1,0,0
4892,45,1,0,0
4893,79,1,0,0
4894,144,1,0,0
4895,25,1,0,0
4896,37,1,0,0
4897,34,1,0,0
4898,92,1,0,0
4899,13,1,0,0
4900,43,1,0,0
4901,33,1,0,0
4902,92,1,0,0
4903,70,1,0,0
4904,178,1,0,0
4905,88,1,0,0
4906,50,1,0,0
4907,8,1,0,0
4908,45,1,0,0
4909,364,1,0,0
4910,92,1,0,0
4911,86,1,0,0
4912,33,1,0,0
4913,29,1,0,0
4914,33,1,0,0
4915,30,1,0,0
4916,39,1,0,0
4917,44,1,0,0
4918,34,1,0,0
4919,69,1,0,0
4920,82,1,0,0
4921,96,1,0,0
4922,14,1,0,0
4923,11,1,0,0
4924,32,1,0,0
4925,58,1,0,0
4926,129,1,0,0
4927,69,1,0,0
4928,53,1,0,0
4929,66,1,0,0
4930,74,1,0,0
4931,58,1,0,0
4932,69,1,0,0
4933,19,1,0,0
4934,91,1,0,0
4935,154,1,0,0
4936,177,1,0,0
4937,40,1,0,0
4938,40,1,0,0
4939,77,1,0,0
4940,55,1,0,0
4941,65,1,0,0
4942,40,1,0,0
4943,92,1,0,0
4944,18,1,0,0
4945,268,1,0,0
4946,80,1,0,0
4947,104,1,0,0
4948,12,1,0,0
4949,110,1,0,0
4950,29,1,0,0
4951,123,1,0,0
4952,34,1,0,0
4953,45,1,0,0
4954,107,1,0,0
4955,171,1,0,0
4956,67,1,0,0
4957,128,1,0,0
4958,74,1,0,0
4959,66,1,0,0
4960,22,1,0,0
4961,23,1,0,0
4962,7,1,0,0
4963,38,1,0,0
4964,41,1,0,0
4965,54,1,0,0
4966,55,1,0,0
4967,71,1,0,0
4968,102,1,0,0
4969,166,1,0,0
4970,125,1,0,0
4971,63,1,0,0
4972,17,1,0,0
4973,47,1,0,0
4974,79,1,0,0
4975,85,1,0,0
4976,61,1,0,0
4977,66,1,0,0
4978,91,1,0,0
4979,66,1,0,0
4980,117,1,0,0
4981,142,1,0,0
4982,15,1,0,0
4983,115,1,0,0
4984,31,1,0,0
4985,115,1,0,0
4986,19,1,0,0
4987,61,1,0,0
4988,63,1,0,0
4989,78,1,0,0
4990,32,1,0,0
4991,85,1,0,0
4992,147,1,0,0
4993,23,1,0,0
4994,45,1,0,0
4995,16,1,0,0
4996,32,1,0,0
4997,116,1,0,0
4998,94,1,0,0
4999,24,1,0,0
5000,100,1,0,0
5001,84,1,0,0
5002,38,1,0,0
5003,112,1,0,0
5004,32,1,0,0
5005,30,1,0,0
5006,37,1,0,0
5007,101,1,0,0
5008,67,1,0,0
5009,57,1,0,0
5010,142,1,0,0
5011,91,1,0,0
5012,91,1,0,0
5013,120,1,0,0
5014,67,1,0,0
5015,148,1,0,0
5016,92,1,0,0
5017,16,1,0,0
5018,114,1,0,0
5019,46,1,0,0
5020,105,1,0,0
5021,78,1,0,0
5022,47,1,0,0
5023,35,1,0,0
5024,149,1,0,0
5025,126,1,0,0
5026,42,1,0,0
5027,56,1,0,0
5028,129,1,0,0
5029,38,1,0,0
5030,56,1,0,0
5031,47,1,0,0
5032,21,1,0,0
5033,53,1,0,0
5034,73,1,0,0
5035,184,1,0,0
5036,14,1,0,0
5037,29,1,0,0
5038,22,1,0,0
5039,102,1,0,0
5040,21,1,0,0
5041,9,1,0,0
5042,76,1,0,0
5043,83,1,0,0
5044,68,1,0,0
5045,110,1,0,0
5046,131,1,0,0
5047,102,1,0,0
5048,48,1,0,0
5049,50,1,0,0
5050,89,1,0,0
5051,40,1,0,0
5052,24,1,0,0
5053,90,1,0,0
5054,74,1,0,0
5055,65,1,0,0
5056,83,1,0,0
5057,61,1,0,0
5058,73,1,0,0
5059,116,1,0,0
5060,53,1,0,0
5061,33,1,0,0
5062,65,1,0,0
5063,93,1,0,0
5064,42,1,0,0
5065,44,1,0,0
5066,47,1,0,0
5067,47,1,0,0
5068,36,1,0,0
5069,21,1,0,0
5070,54,1,0,0
5071,56,1,0,0
5072,56,1,0,0
5073,158,1,0,0
5074,38,1,0,0
5075,160,1,0,0
5076,26,1,0,0
5077,24,1,0,0
5078,46,1,0,0
5079,59,1,0,0
5080,18,1,0,0
5081,28,1,0,0
5082,40,1,0,0
5083,92,1,0,0
5084,72,1,0,0
5085,28,1,0,0
5086,38,1,0,0
5087,56,1,0,0
5088,125,1,0,0
5089,64,1,0,0
5090,112,1,0,0
5091,80,1,0,0
5092,47,1,0,0
5093,62,1,0,0
5094,41,1,0,0
5095,124,1,0,0
5096,103,1,0,0
5097,16,1,0,0
5098,92,1,0,0
5099,47,1,0,0
5100,60,1,0,0
5101,44,1,0,0
5102,73,1,0,0
5103,113,1,0,0
5104,19,1,0,0
5105,144,1,0,0
5106,52,1,0,0
5107,62,1,0,0
5108,23,1,0,0
5109,51,1,0,0
5110,84,1,0,0
5111,43,1,0,0
5112,85,1,0,0
5113,39,1,0,0
5114,118,1,0,0
5115,120,1,0,0
5116,114,1,0,0
5117,22,1,0,0
5118,226,1,0,0
5119,53,1,0,0
5120,65,1,0,0
5121,47,1,0,0
5122,9,1,0,0
5123,83,1,0,0
5124,119,1,0,0
5125,22,1,0,0
5126,74,1,0,0
5127,51,1,0,0
5128,73,1,0,0
5129,62,1,0,0
5130,38,1,0,0
5131,106,1,0,0
5132,62,1,0,0
5133,25,1,0,0
5134,40,1,0,0
5135,38,1,0,0
5136,105,1,0,0
5137,99,1,0,0
5138,29,1,0,0
5139,40,1,0,0
5140,110,1,0,0
5141,36,1,0,0
5142,96,1,0,0
5143,27,1,0,0
5144,42,1,0,0
5145,97,1,0,0
5146,14,1,0,0
5147,21,1,0,0
5148,56,1,0,0
5149,51,1,0,0
5150,85,1,0,0
5151,122,1,0,0
5152,96,1,0,0
5153,27,1,0,0
5154,79,1,0,0
5155,36,1,0,0
5156,68,1,0,0
5157,18,1,0,0
5158,41,1,0,0
5159,19,1,0,0
5160,176,1,0,0
5161,26,1,0,0
5162,122,1,0,0
5163,96,1,0,0
5164,233,1,0,0
5165,15,1,0,0
5166,101,1,0,0
5167,127,1,0,0
5168,60,1,0,0
5169,130,1,0,0
5170,134,1,0,0
5171,35,1,0,0
5172,11,1,0,0
5173,41,1,0,0
5174,61,1,0,0
5175,136,1,0,0
5176,198,1,0,0
5177,94,1,0,0
5178,99,1,0,0
5179,63,1,0,0
5180,45,1,0,0
5181,76,1,0,0
5182,134,1,0,0
5183,24,1,0,0
5184,62,1,0,0
5185,99,1,0,0
5186,64,1,0,0
5187,58,1,0,0
5188,75,1,0,0
5189,136,1,0,0
5190,83,1,0,0
5191,16,1,0,0
5192,31,1,0,0
5193,33,1,0,0
5194,41,1,0,0
5195,86,1,0,0
5196,39,1,0,0
5197,50,1,0,0
5198,15,1,0,0
5199,65,1,0,0
5200,9,1,0,0
5201,62,1,0,0
5202,113,1,0,0
5203,65,1,0,0
5204,95,1,0,0
5205,30,1,0,0
5206,7,1,0,0
5207,107,1,0,0
5208,40,1,0,0
5209,86,1,0,0
5210,44,1,0,0
5211,43,1,0,0
5212,115,1,0,0
5213,15,1,0,0
5214,33,1,0,0
5215,24,1,0,0
5216,131,1,0,0
5217,192,1,0,0
5218,137,1,0,0
5219,15,1,0,0
5220,101,1,0,0
5221,97,1,0,0
5222,53,1,0,0
5223,19,1,0,0
5224,124,1,0,0
5225,226,1,0,0
5226,38,1,0,0
5227,64,1,0,0
5228,95,1,0,0
5229,55,1,0,0
5230,51,1,0,0
5231,71,1,0,0
5232,77,1,0,0
5233,104,1,0,0
5234,23,1,0,0
5235,83,1,0,0
5236,130,1,0,0
5237,135,1,0,0
5238,63,1,0,0
5239,184,1,0,0
5240,47,1,0,0
5241,59,1,0,0
5242,48,1,0,0
5243,70,1,0,0
5244,80,1,0,0
5245,117,1,0,0
5246,50,1,0,0
5247,14,1,0,0
5248,74,1,0,0
5249,94,1,0,0
5250,66,1,0,0
5251,45,1,0,0
5252,77,1,0,0
5253,36,1,0,0
5254,15,1,0,0
5255,65,1,0,0
5256,111,1,0,0
5257,75,1,0,0
5258,70,1,0,0
5259,59,1,0,0
5260,98,1,0,0
5261,53,1,0,0
5262,71,1,0,0
5263,20,1,0,0
5264,66,1,0,0
5265,204,1,0,0
5266,42,1,0,0
5267,36,1,0,0
5268,18,1,0,0
5269,17,1,0,0
5270,46,1,0,0
5271,77,1,0,0
5272,23,1,0,0
5273,219,1,0,0
5274,137,1,0,0
5275,138,1,0,0
5276,10,1,0,0
5277,76,1,0,0
5278,80,1,0,0
5279,84,1,0,0
5280,64,1,0,0
5281,51,1,0,0
5282,44,1,0,0
5283,69,1,0,0
5284,24,1,0,0
5285,63,1,0,0
5286,76,1,0,0
5287,65,1,0,0
5288,49,1,0,0
5289,23,1,0,0
5290,32,1,0,0
5291,51,1,0,0
5292,44,1,0,0
5293,38,1,0,0
5294,82,1,0,0
5295,101,1,0,0
5296,85,1,0,0
5297,38,1,0,0
5298,47,1,0,0
5299,13,1,0,0
5300,47,1,0,0
5301,53,1,0,0
5302,45,1,0,0
5303,34,1,0,0
5304,75,1,0,0
5305,14,1,0,0
5306,9,1,0,0
5307,141,1,0,0
5308,51,1,0,0
5309,46,1,0,0
5310,37,1,0,0
5311,109,1,0,0
5312,20,1,0,0
5313,150,1,0,0
5314,25,1,0,0
5315,18,1,0,0
5316,112,1,0,0
5317,44,1,0,0
5318,57,1,0,0
5319,40,1,0,0
5320,49,1,0,0
5321,46,1,0,0
5322,21,1,0,0
5323,176,1,0,0
5324,34,1,0,0
5325,38,1,0,0
5326,69,1,0,0
5327,23,1,0,0
5328,23,1,0,0
5329,24,1,0,0
5330,38,1,0,0
5331,110,1,0,0
5332,60,1,0,0
5333,51,1,0,0
5334,88,1,0,0
5335,9,1,0,0
5336,68,1,0,0
5337,53,1,0,0
5338,20,1,0,0
5339,68,1,0,0
5340,65,1,0,0
5341,20,1,0,0
5342,13,1,0,0
5343,62,1,0,0
5344,94,1,0,0
5345,37,1,0,0
5346,47,1,0,0
5347,108,1,0,0
5348,29,1,0,0
5349,175,1,0,0
5350,46,1,0,0
5351,44,1,0,0
5352,158,1,0,0
5353,28,1,0,0
5354,96,1,0,0
5355,71,1,0,0
5356,84,1,0,0
5357,96,1,0,0
5358,242,1,0,0
5359,34,1,0,0
5360,36,1,0,0
5361,35,1,0,0
5362,38,1,0,0
5363,9,1,0,0
5364,113,1,0,0
5365,9,1,0,0
5366,111,1,0,0
5367,115,1,0,0
5368,118,1,0,0
5369,23,1,0,0
5370,31,1,0,0
5371,62,1,0,0
5372,76,1,0,0
5373,28,1,0,0
5374,95,1,0,0
5375,67,1,0,0
5376,70,1,0,0
5377,53,1,0,0
5378,67,1,0,0
5379,34,1,0,0
5380,39,1,0,0
5381,72,1,0,0
5382,32,1,0,0
5383,24,1,0,0
5384,21,1,0,0
5385,67,1,0,0
5386,56,1,0,0
5387,21,1,0,0
5388,92,1,0,0
5389,117,1,0,0
5390,73,1,0,0
5391,57,1,0,0
5392,25,1,0,0
5393,160,1,0,0
5394,59,1,0,0
5395,23,1,0,0
5396,29,1,0,0
5397,47,1,0,0
5398,62,1,0,0
5399,35,1,0,0
5400,99,1,0,0
5401,56,1,0,0
5402,103,1,0,0
5403,50,1,0,0
5404,67,1,0,0
5405,81,1,0,0
5406,211,1,0,0
5407,76,1,0,0
5408,49,1,0,0
5409,9,1,0,0
5410,245,1,0,0
5411,87,1,0,0
5412,67,1,0,0
5413,74,1,0,0
5414,76,1,0,0
5415,97,1,0,0
5416,27,1,0,0
5417,22,1,0,0
5418,72,1,0,0
5419,31,1,0,0
5420,31,1,0,0
5421,77,1,0,0
5422,24,1,0,0
5423,48,1,0,0
5424,76,1,0,0
5425,47,1,0,0
5426,46,1,0,0
5427,26,1,0,0
5428,47,1,0,0
5429,47,1,0,0
5430,159,1,0,0
5431,92,1,0,0
5432,10,1,0,0
5433,87,1,0,0
5434,153,1,0,0
5435,48,1,0,0
5436,26,1,0,0
5437,22,1,0,0
5438,83,1,0,0
5439,21,1,0,0
5440,100,1,0,0
5441,30,1,0,0
5442,28,1,0,0
5443,87,1,0,0
5444,76,1,0,0
5445,98,1,0,0
5446,88,1,0,0
5447,23,1,0,0
5448,40,1,0,0
5449,54,1,0,0
5450,42,1,0,0
5451,45,1,0,0
5452,35,1,0,0
5453,74,1,0,0
5454,123,1,0,0
5455,70,1,0,0
5456,36,1,0,0
5457,98,1,0,0
5458,227,1,0,0
5459,56,1,0,0
5460,65,1,0,0
5461,136,1,0,0
5462,130,1,0,0
5463,77,1,0,0
5464,65,1,0,0
5465,38,1,0,0
5466,96,1,0,0
5467,33,1,0,0
5468,33,1,0,0
5469,13,1,0,0
5470,34,1,0,0
5471,17,1,0,0
5472,38,1,0,0
5473,68,1,0,0
5474,107,1,0,0
5475,14,1,0,0
5476,49,1,0,0
5477,11,1,0,0
5478,100,1,0,0
5479,50,1,0,0
5480,64,1,0,0
5481,61,1,0,0
5482,85,1,0,0
5483,238,1,0,0
5484,49,1,0,0
5485,148,1,0,0
5486,58,1,0,0
5487,181,1,0,0
5488,23,1,0,0
5489,70,1,0,0
5490,24,1,0,0
5491,52,1,0,0
5492,111,1,0,0
5493,11,1,0,0
5494,52,1,0,0
5495,67,1,0,0
5496,32,1,0,0
5497,21,1,0,0
5498,214,1,0,0
5499,39,1,0,0
5500,156,1,0,0
5501,83,1,0,0
5502,64,1,0,0
5503,150,1,0,0
5504,21,1,0,0
5505,34,1,0,0
5506,37,1,0,0
5507,80,1,0,0
5508,43,1,0,0
5509,95,1,0,0
5510,48,1,0,0
5511,10,1,0,0
5512,10,1,0,0
5513,31,1,0,0
5514,30,1,0,0
5515,18,1,0,0
5516,75,1,0,0
5517,34,1,0,0
5518,42,1,0,0
5519,75,1,0,0
5520,80,1,0,0
5521,78,1,0,0
5522,15,1,0,0
5523,45,1,0,0
5524,78,1,0,0
5525,45,1,0,0
5526,46,1,0,0
5527,118,1,0,0
5528,59,1,0,0
5529,72,1,0,0
5530,45,1,0,0
5531,39,1,0,0
5532,32,1,0,0
5533,155,1,0,0
5534,106,1,0,0
5535,74,1,0,0
5536,81,1,0,0
5537,94,1,0,0
5538,16,1,0,0
5539,33,1,0,0
5540,102,1,0,0
5541,24,1,0,0
5542,63,1,0,0
5543,55,1,0,0
5544,45,1,0,0
5545,80,1,0,0
5546,11,1,0,0
5547,65,1,0,0
5548,68,1,0,0
5549,90,1,0,0
5550,62,1,0,0
5551,163,1,0,0
5552,128,1,0,0
5553,83,1,0,0
5554,92,1,0,0
5555,100,1,0,0
5556,152,1,0,0
5557,16,1,0,0
5558,73,1,0,0
5559,45,1,0,0
5560,75,1,0,0
5561,216,1,0,0
5562,205,1,0,0
5563,109,1,0,0
5564,37,1,0,0
5565,135,1,0,0
5566,132,1,0,0
5567,90,1,0,0
5568,52,1,0,0
5569,271,1,0,0
5570,29,1,0,0
5571,72,1,0,0
5572,21,1,0,0
5573,23,1,0,0
5574,34,1,0,0
5575,9,1,0,0
5576,52,1,0,0
5577,27,1,0,0
5578,54,1,0,0
5579,16,1,0,0
5580,97,1,0,0
5581,149,1,0,0
5582,88,1,0,0
5583,246,1,0,0
5584,64,1,0,0
5585,74,1,0,0
5586,104,1,0,0
5587,14,1,0,0
5588,52,1,0,0
5589,38,1,0,0
5590,20,1,0,0
5591,171,1,0,0
5592,180,1,0,0
5593,92,1,0,0
5594,46,1,0,0
5595,108,1,0,0
5596,211,1,0,0
5597,23,1,0,0
5598,108,1,0,0
5599,42,1,0,0
5600,36,1,0,0
5601,195,1,0,0
5602,20,1,0,0
5603,99,1,0,0
5604,56,1,0,0
5605,56,1,0,0
5606,20,1,0,0
5607,28,1,0,0
5608,80,1,0,0
5609,30,1,0,0
5610,97,1,0,0
5611,25,1,0,0
5612,40,1,0,0
5613,407,1,0,0
5614,44,1,0,0
5615,26,1,0,0
5616,137,1,0,0
5617,74,1,0,0
5618,37,1,0,0
5619,28,1,0,0
5620,129,1,0,0
5621,121,1,0,0
5622,43,1,0,0
5623,176,1,0,0
5624,69,1,0,0
5625,69,1,0,0
5626,125,1,0,0
5627,11,1,0,0
5628,28,1,0,0
5629,79,1,0,0
5630,65,1,0,0
5631,69,1,0,0
5632,21,1,0,0
5633,45,1,0,0
5634,84,1,0,0
5635,167,1,0,0
5636,24,1,0,0
5637,99,1,0,0
5638,41,1,0,0
5639,97,1,0,0
5640,46,1,0,0
5641,48,1,0,0
5642,44,1,0,0
5643,72,1,0,0
5644,15,1,0,0
5645,68,1,0,0
5646,11,1,0,0
5647,7,1,0,0
5648,111,1,0,0
5649,36,1,0,0
5650,58,1,0,0
5651,103,1,0,0
5652,19,1,0,0
5653,116,1,0,0
5654,143,1,0,0
5655,45,1,0,0
5656,51,1,0,0
5657,12,1,0,0
5658,53,1,0,0
5659,34,1,0,0
5660,107,1,0,0
5661,97,1,0,0
5662,86,1,0,0
5663,131,1,0,0
5664,68,1,0,0
5665,85,1,0,0
5666,151,1,0,0
5667,85,1,0,0
5668,50,1,0,0
5669,69,1,0,0
5670,147,1,0,0
5671,56,1,0,0
5672,45,1,0,0
5673,82,1,0,0
5674,30,1,0,0
5675,22,1,0,0
5676,88,1,0,0
5677,108,1,0,0
5678,48,1,0,0
5679,33,1,0,0
5680,158,1,0,0
5681,81,1,0,0
5682,22,1,0,0
5683,30,1,0,0
5684,52,1,0,0
5685,51,1,0,0
5686,121,1,0,0
5687,75,1,0,0
5688,13,1,0,0
5689,138,1,0,0
5690,87,1,0,0
5691,26,1,0,0
5692,75,1,0,0
5693,31,1,0,0
5694,11,1,0,0
5695,80,1,0,0
5696,18,1,0,0
5697,241,1,0,0
5698,73,1,0,0
5699,26,1,0,0
5700,177,1,0,0
5701,46,1,0,0
5702,124,1,0,0
5703,25,1,0,0
5704,67,1,0,0
5705,22,1,0,0
5706,41,1,0,0
5707,32,1,0,0
5708,56,1,0,0
5709,149,1,0,0
5710,54,1,0,0
5711,37,1,0,0
5712,33,1,0,0
5713,60,1,0,0
5714,86,1,0,0
5715,105,1,0,0
5716,38,1,0,0
5717,79,1,0,0
5718,22,1,0,0
5719,11,1,0,0
5720,42,1,0,0
5721,74,1,0,0
5722,188,1,0,0
5723,102,1,0,0
5724,37,1,0,0
5725,10,1,0,0
5726,179,1,0,0
5727,86,1,0,0
5728,56,1,0,0
5729,72,1,0,0
5730,48,1,0,0
5731,41,1,0,0
5732,43,1,0,0
5733,24,1,0,0
5734,195,1,0,0
5735,115,1,0,0
5736,101,1,0,0
5737,31,1,0,0
5738,15,1,0,0
5739,32,1,0,0
5740,56,1,0,0
5741,196,1,0,0
5742,95,1,0,0
5743,27,1,0,0
5744,90,1,0,0
5745,121,1,0,0
5746,47,1,0,0
5747,46,1,0,0
5748,41,1,0,0
5749,15,1,0,0
5750,34,1,0,0
5751,73,1,0,0
5752,37,1,0,0
5753,24,1,0,0
5754,48,1,0,0
5755,36,1,0,0
5756,151,1,0,0
5757,69,1,0,0
5758,19,1,0,0
5759,129,1,0,0
5760,52,1,0,0
5761,274,1,0,0
5762,55,1,0,0
5763,152,1,0,0
5764,8,1,0,0
5765,73,1,0,0
5766,107,1,0,0
5767,54,1,0,0
5768,131,1,0,0
5769,70,1,0,0
5770,23,1,0,0
5771,36,1,0,0
5772,106,1,0,0
5773,13,1,0,0
5774,30,1,0,0
5775,102,1,0,0
5776,141,1,0,0
5777,140,1,0,0
5778,60,1,0,0
5779,38,1,0,0
5780,63,1,0,0
5781,305,1,0,0
5782,113,1,0,0
5783,43,1,0,0
5784,8,1,0,0
5785,146,1,0,0
5786,127,1,0,0
5787,68,1,0,0
5788,82,1,0,0
5789,112,1,0,0
5790,153,1,0,0
5791,35,1,0,0
5792,19,1,0,0
5793,42,1,0,0
5794,83,1,0,0
5795,24,1,0,0
5796,44,1,0,0
5797,89,1,0,0
5798,24,1,0,0
5799,67,1,0,0
5800,49,1,0,0
5801,7,1,0,0
5802,20,1,0,0
5803,34,1,0,0
5804,59,1,0,0
5805,39,1,0,0
5806,16,1,0,0
5807,26,1,0,0
5808,103,1,0,0
5809,93,1,0,0
5810,172,1,0,0
5811,55,1,0,0
5812,22,1,0,0
5813,52,1,0,0
5814,17,1,0,0
5815,53,1,0,0
5816,132,1,0,0
5817,89,1,0,0
5818,98,1,0,0
5819,21,1,0,0
5820,36,1,0,0
5821,84,1,0,0
5822,50,1,0,0
5823,40,1,0,0
5824,128,1,0,0
5825,86,1,0,0
5826,40,1,0,0
5827,124,1,0,0
5828,43,1,0,0
5829,76,1,0,0
5830,45,1,0,0
5831,65,1,0,0
5832,37,1,0,0
5833,14,1,0,0
5834,85,1,0,0
5835,15,1,0,0
5836,53,1,0,0
5837,38,1,0,0
5838,88,1,0,0
5839,103,1,0,0
5840,72,1,0,0
5841,153,1,0,0
5842,45,1,0,0
5843,25,1,0,0
5844,58,1,0,0
5845,45,1,0,0
5846,50,1,0,0
5847,58,1,0,0
5848,38,1,0,0
5849,49,1,0,0
5850,64,1,0,0
5851,56,1,0,0
5852,103,1,0,0
5853,34,1,0,0
5854,127,1,0,0
5855,75,1,0,0
5856,72,1,0,0
5857,77,1,0,0
5858,23,1,0,0
5859,17,1,0,0
5860,68,1,0,0
5861,84,1,0,0
5862,195,1,0,0
5863,67,1,0,0
5864,71,1,0,0
5865,19,1,0,0
5866,31,1,0,0
5867,26,1,0,0
5868,98,1,0,0
5869,103,1,0,0
5870,38,1,0,0
5871,157,1,0,0
5872,52,1,0,0
5873,86,1,0,0
5874,99,1,0,0
5875,124,1,0,0
5876,89,1,0,0
5877,35,1,0,0
5878,33,1,0,0
5879,38,1,0,0
5880,12,1,0,0
5881,52,1,0,0
5882,101,1,0,0
5883,77,1,0,0
5884,39,1,0,0
5885,30,1,0,0
5886,14,1,0,0
5887,37,1,0,0
5888,26,1,0,0
5889,17,1,0,0
5890,19,1,0,0
5891,32,1,0,0
5892,42,1,0,0
5893,17,1,0,0
5894,87,1,0,0
5895,30,1,0,0
5896,29,1,0,0
5897,71,1,0,0
5898,149,1,0,0
5899,172,1,0,0
5900,95,1,0,0
5901,79,1,0,0
5902,85,1,0,0
5903,89,1,0,0
5904,52,1,0,0
5905,95,1,0,0
5906,130,1,0,0
5907,38,1,0,0
5908,41,1,0,0
5909,56,1,0,0
5910,35,1,0,0
5911,26,1,0,0
5912,65,1,0,0
5913,78,1,0,0
5914,28,1,0,0
5915,61,1,0,0
5916,105,1,0,0
5917,94,1,0,0
5918,49,1,0,0
5919,52,1,0,0
5920,60,1,0,0
5921,196,1,0,0
5922,101,1,0,0
5923,59,1,0,0
5924,23,1,0,0
5925,158,1,0,0
5926,34,1,0,0
5927,23,1,0,0
5928,30,1,0,0
5929,65,1,0,0
5930,121,1,0,0
5931,16,1,0,0
5932,16,1,0,0
5933,89,1,0,0
5934,104,1,0,0
5935,57,1,0,0
5936,60,1,0,0
5937,93,1,0,0
5938,136,1,0,0
5939,27,1,0,0
5940,102,1,0,0
5941,88,1,0,0
5942,37,1,0,0
5943,145,1,0,0
5944,27,1,0,0
5945,93,1,0,0
5946,81,1,0,0
5947,22,1,0,0
5948,95,1,0,0
5949,18,1,0,0
5950,45,1,0,0
5951,39,1,0,0
5952,80,1,0,0
5953,43,1,0,0
5954,34,1,0,0
5955,43,1,0,0
5956,183,1,0,0
5957,87,1,0,0
5958,9,1,0,0
5959,68,1,0,0
5960,59,1,0,0
5961,101,1,0,0
5962,49,1,0,0
5963,25,1,0,0
5964,135,1,0,0
5965,81,1,0,0
5966,39,1,0,0
5967,40,1,0,0
5968,54,1,0,0
5969,37,1,0,0
5970,127,1,0,0
5971,64,1,0,0
5972,23,1,0,0
5973,52,1,0,0
5974,180,1,0,0
5975,41,1,0,0
5976,67,1,0,0
5977,80,1,0,0
5978,65,1,0,0
5979,51,1,0,0
5980,13,1,0,0
5981,158,1,0,0
5982,27,1,0,0
5983,26,1,0,0
5984,13,1,0,0
5985,55,1,0,0
5986,124,1,0,0
5987,116,1,0,0
5988,51,1,0,0
5989,155,1,0,0
5990,87,1,0,0
5991,39,1,0,0
5992,76,1,0,0
5993,26,1,0,0
5994,18,1,0,0
5995,36,1,0,0
5996,27,1,0,0
5997,143,1,0,0
5998,43,1,0,0
5999,29,1,0,0
6000,54,1,0,0
6001,124,1,0,0
6002,14,1,0,0
6003,136,1,0,0
6004,87,1,0,0
6005,68,1,0,0
6006,87,1,0,0
6007,74,1,0,0
6008,61,1,0,0
6009,82,1,0,0
6010,59,1,0,0
6011,8,1,0,0
6012,92,1,0,0
6013,80,1,0,0
6014,23,1,0,0
6015,82,1,0,0
6016,13,1,0,0
6017,172,1,0,0
6018,45,1,0,0
6019,16,1,0,0
6020,45,1,0,0
6021,71,1,0,0
6022,108,1,0,0
6023,62,1,0,0
6024,139,1,0,0
6025,46,1,0,0
6026,34,1,0,0
6027,161,1,0,0
6028,109,1,0,0
6029,46,1,0,0
6030,110,1,0,0
6031,50,1,0,0
6032,21,1,0,0
6033,42,1,0,0
6034,27,1,0,0
6035,33,1,0,0
6036,18,1,0,0
6037,48,1,0,0
6038,128,1,0,0
6039,74,1,0,0
6040,42,1,0,0
6041,27,1,0,0
6042,79,1,0,0
6043,150,1,0,0
6044,40,1,0,0
6045,24,1,0,0
6046,20,1,0,0
6047,25,1,0,0
6048,23,1,0,0
6049,36,1,0,0
6050,82,1,0,0
6051,37,1,0,0
6052,53,1,0,0
6053,33,1,0,0
6054,45,1,0,0
6055,64,1,0,0
6056,70,1,0,0
6057,48,1,0,0
6058,125,1,0,0
6059,13,1,0,0
6060,46,1,0,0
6061,12,1,0,0
6062,27,1,0,0
6063,186,1,0,0
6064,40,1,0,0
6065,17,1,0,0
6066,29,1,0,0
6067,101,1,0,0
6068,108,1,0,0
6069,56,1,0,0
6070,40,1,0,0
6071,129,1,0,0
6072,66,1,0,0
6073,39,1,0,0
6074,95,1,0,0
6075,108,1,0,0
6076,72,1,0,0
6077,121,1,0,0
6078,66,1,0,0
6079,121,1,0,0
6080,86,1,0,0
6081,24,1,0,0
6082,72,1,0,0
6083,55,1,0,0
6084,61,1,0,0
6085,20,1,0,0
6086,42,1,0,0
6087,36,1,0,0
6088,27,1,0,0
6089,13,1,0,0
6090,92,1,0,0
6091,19,1,0,0
6092,8,1,0,0
6093,92,1,0,0
6094,54,1,0,0
6095,167,1,0,0
6096,52,1,0,0
6097,28,1,0,0
6098,60,1,0,0
6099,83,1,0,0
6100,68,1,0,0
6101,49,1,0,0
6102,94,1,0,0
6103,83,1,0,0
6104,75,1,0,0
6105,110,1,0,0
6106,28,1,0,0
6107,42,1,0,0
6108,65,1,0,0
6109,187,1,0,0
6110,62,1,0,0
6111,120,1,0,0
6112,10,1,0,0
6113,113,1,0,0
6114,89,1,0,0
6115,66,1,0,0
6116,113,1,0,0
6117,21,1,0,0
6118,34,1,0,0
6119,77,1,0,0
6120,59,1,0,0
6121,39,1,0,0
6122,17,1,0,0
6123,55,1,0,0
6124,18,1,0,0
6125,56,1,0,0
6126,31,1,0,0
6127,84,1,0,0
6128,79,1,0,0
6129,44,1,0,0
6130,143,1,0,0
6131,61,1,0,0
6132,235,1,0,0
6133,47,1,0,0
6134,225,1,0,0
6135,49,1,0,0
6136,88,1,0,0
6137,61,1,0,0
6138,76,1,0,0
6139,63,1,0,0
6140,109,1,0,0
6141,15,1,0,0
6142,76,1,0,0
6143,102,1,0,0
6144,29,1,0,0
6145,79,1,0,0
6146,201,1,0,0
6147,45,1,0,0
6148,64,1,0,0
6149,76,1,0,0
6150,25,1,0,0
6151,109,1,0,0
6152,67,1,0,0
6153,35,1,0,0
6154,13,1,0,0
6155,44,1,0,0
6156,152,1,0,0
6157,17,1,0,0
6158,54,1,0,0
6159,11,1,0,0
6160,19,1,0,0
6161,143,1,0,0
6162,28,1,0,0
6163,120,1,0,0
6164,74,1,0,0
6165,71,1,0,0
6166,77,1,0,0
6167,35,1,0,0
6168,164,1,0,0
6169,41,1,0,0
6170,198,1,0,0
6171,103,1,0,0
6172,164,1,0,0
6173,107,1,0,0
6174,35,1,0,0
6175,91,1,0,0
6176,35,1,0,0
6177,70,1,0,0
6178,25,1,0,0
6179,33,1,0,0
6180,33,1,0,0
6181,23,1,0,0
6182,38,1,0,0
6183,32,1,0,0
6184,29,1,0,0
6185,123,1,0,0
6186,111,1,0,0
6187,52,1,0,0
6188,9,1,0,0
6189,50,1,0,0
6190,141,1,0,0
6191,16,1,0,0
6192,96,1,0,0
6193,30,1,0,0
6194,115,1,0,0
6195,70,1,0,0
6196,66,1,0,0
6197,85,1,0,0
6198,70,1,0,0
6199,37,1,0,0
6200,32,1,0,0
6201,74,1,0,0
6202,11,1,0,0
6203,51,1,0,0
6204,89,1,0,0
6205,111,1,0,0
6206,76,1,0,0
6207,31,1,0,0
6208,64,1,0,0
6209,90,1,0,0
6210,118,1,0,0
6211,106,1,0,0
6212,27,1,0,0
6213,95,1,0,0
6214,22,1,0,0
6215,63,1,0,0
6216,82,1,0,0
6217,80,1,0,0
6218,23,1,0,0
6219,99,1,0,0
6220,80,1,0,0
6221,19,1,0,0
6222,104,1,0,0
6223,55,1,0,0
6224,25,1,0,0
6225,45,1,0,0
6226,43,1,0,0
6227,57,1,0,0
6228,122,1,0,0
6229,62,1,0,0
6230,18,1,0,0
6231,152,1,0,0
6232,61,1,0,0
6233,134,1,0,0
6234,58,1,0,0
6235,169,1,0,0
6236,79,1,0,0
6237,59,1,0,0
6238,114,1,0,0
6239,61,1,0,0
6240,54,1,0,0
6241,147,1,0,0
6242,68,1,0,0
6243,21,1,0,0
6244,38,1,0,0
6245,50,1,0,0
6246,50,1,0,0
6247,117,1,0,0
6248,36,1,0,0
6249,140,1,0,0
6250,135,1,0,0
6251,67,1,0,0
6252,56,1,0,0
6253,144,1,0,0
6254,33,1,0,0
6255,13,1,0,0
6256,161,1,0,0
6257,112,1,0,0
6258,76,1,0,0
6259,35,1,0,0
6260,40,1,0,0
6261,58,1,0,0
6262,56,1,0,0
6263,9,1,0,0
6264,101,1,0,0
6265,26,1,0,0
6266,46,1,0,0
6267,41,1,0,0
6268,99,1,0,0
6269,98,1,0,0
6270,71,1,0,0
6271,23,1,0,0
6272,57,1,0,0
6273,32,1,0,0
6274,38,1,0,0
6275,166,1,0,0
6276,52,1,0,0
6277,28,1,0,0
6278,18,1,0,0
6279,71,1,0,0
6280,41,1,0,0
6281,29,1,0,0
6282,128,1,0,0
6283,43,1,0,0
6284,16,1,0,0
6285,86,1,0,0
6286,107,1,0,0
6287,16,1,0,0
6288,94,1,0,0
6289,157,1,0,0
6290,35,1,0,0
6291,62,1,0,0
6292,60,1,0,0
6293,44,1,0,0
6294,37,1,0,0
6295,30,1,0,0
6296,21,1,0,0
6297,18,1,0,0
6298,29,1,0,0
6299,195,1,0,0
6300,79,1,0,0
6301,79,1,0,0
6302,74,1,0,0
6303,131,1,0,0
6304,24,1,0,0
6305,15,1,0,0
6306,44,1,0,0
6307,53,1,0,0
6308,49,1,0,0
6309,42,1,0,0
6310,86,1,0,0
6311,8,1,0,0
6312,117,1,0,0
6313,140,1,0,0
6314,13,1,0,0
6315,53,1,0,0
6316,74,1,0,0
6317,60,1,0,0
6318,30,1,0,0
6319,109,1,0,0
6320,60,1,0,0
6321,82,1,0,0
6322,173,1,0,0
6323,28,1,0,0
6324,84,1,0,0
6325,39,1,0,0
6326,13,1,0,0
6327,37,1,0,0
6328,24,1,0,0
6329,64,1,0,0
6330,96,1,0,0
6331,69,1,0,0
6332,44,1,0,0
6333,45,1,0,0
6334,64,1,0,0
6335,35,1,0,0
6336,39,1,0,0
6337,26,1,0,0
6338,83,1,0,0
6339,32,1,0,0
6340,85,1,0,0
6341,66,1,0,0
6342,59,1,0,0
6343,38,1,0,0
6344,40,1,0,0
6345,25,1,0,0
6346,107,1,0,0
6347,42,1,0,0
6348,45,1,0,0
6349,183,1,0,0
6350,67,1,0,0
6351,43,1,0,0
6352,31,1,0,0
6353,187,1,0,0
6354,32,1,0,0
6355,32,1,0,0
6356,88,1,0,0
6357,13,1,0,0
6358,77,1,0,0
6359,54,1,0,0
6360,11,1,0,0
6361,64,1,0,0
6362,118,1,0,0
6363,46,1,0,0
6364,83,1,0,0
6365,14,1,0,0
6366,41,1,0,0
6367,44,1,0,0
6368,15,1,0,0
6369,450,1,0,0
6370,59,1,0,0
6371,51,1,0,0
6372,21,1,0,0
6373,85,1,0,0
6374,42,1,0,0
6375,29,1,0,0
6376,92,1,0,0
6377,61,1,0,0
6378,24,1,0,0
6379,18,1,0,0
6380,76,1,0,0
6381,47,1,0,0
6382,147,1,0,0
6383,84,1,0,0
6384,61,1,0,0
6385,19,1,0,0
6386,107,1,0,0
6387,151,1,0,0
6388,31,1,0,0
6389,163,1,0,0
6390,36,1,0,0
6391,41,1,0,0
6392,68,1,0,0
6393,124,1,0,0
6394,98,1,0,0
6395,35,1,0,0
6396,143,1,0,0
6397,167,1,0,0
6398,95,1,0,0
6399,26,1,0,0
6400,22,1,0,0
6401,112,1,0,0
6402,33,1,0,0
6403,157,1,0,0
6404,48,1,0,0
6405,80,1,0,0
6406,32,1,0,0
6407,12,1,0,0
6408,73,1,0,0
6409,179,1,0,0
6410,46,1,0,0
6411,27,1,0,0
6412,77,1,0,0
6413,35,1,0,0
6414,110,1,0,0
6415,15,1,0,0
6416,227,1,0,0
6417,90,1,0,0
6418,35,1,0,0
6419,33,1,0,0
6420,110,1,0,0
6421,23,1,0,0
6422,24,1,0,0
6423,118,1,0,0
6424,37,1,0,0
6425,20,1,0,0
6426,34,1,0,0
6427,102,1,0,0
6428,79,1,0,0
6429,204,1,0,0
6430,172,1,0,0
6431,51,1,0,0
6432,59,1,0,0
6433,219,1,0,0
6434,48,1,0,0
6435,29,1,0,0
6436,53,1,0,0
6437,145,1,0,0
6438,95,1,0,0
6439,133,1,0,0
6440,78,1,0,0
6441,58,1,0,0
6442,52,1,0,0
6443,34,1,0,0
6444,36,1,0,0
6445,30,1,0,0
6446,108,1,0,0
6447,26,1,0,0
6448,78,1,0,0
6449,27,1,0,0
6450,108,1,0,0
6451,141,1,0,0
6452,66,1,0,0
6453,109,1,0,0
6454,41,1,0,0
6455,167,1,0,0
6456,119,1,0,0
6457,46,1,0,0
6458,83,1,0,0
6459,37,1,0,0
6460,34,1,0,0
6461,143,1,0,0
6462,13,1,0,0
6463,213,1,0,0
6464,56,1,0,0
6465,124,1,0,0
6466,96,1,0,0
6467,80,1,0,0
6468,44,1,0,0
6469,32,1,0,0
6470,34,1,0,0
6471,17,1,0,0
6472,59,1,0,0
6473,118,1,0,0
6474,51,1,0,0
6475,63,1,0,0
6476,110,1,0,0
6477,69,1,0,0
6478,61,1,0,0
6479,79,1,0,0
6480,18,1,0,0
6481,96,1,0,0
6482,16,1,0,0
6483,46,1,0,0
6484,132,1,0,0
6485,89,1,0,0
6486,135,1,0,0
6487,65,1,0,0
6488,32,1,0,0
6489,51,1,0,0
6490,60,1,0,0
6491,57,1,0,0
6492,81,1,0,0
6493,16,1,0,0
6494,20,1,0,0
6495,39,1,0,0
6496,74,1,0,0
6497,65,1,0,0
6498,99,1,0,0
6499,37,1,0,0
6500,38,1,0,0
6501,22,1,0,0
6502,43,1,0,0
6503,33,1,0,0
6504,153,1,0,0
6505,56,1,0,0
6506,11,1,0,0
6507,107,1,0,0
6508,23,1,0,0
6509,31,1,0,0
6510,60,1,0,0
6511,81,1,0,0
6512,81,1,0,0
6513,42,1,0,0
6514,73,1,0,0
6515,110,1,0,0
6516,129,1,0,0
6517,58,1,0,0
6518,228,1,0,0
6519,173,1,0,0
6520,76,1,0,0
6521,74,1,0,0
6522,43,1,0,0
6523,74,1,0,0
6524,60,1,0,0
6525,71,1,0,0
6526,36,1,0,0
6527,145,1,0,0
6528,34,1,0,0
6529,43,1,0,0
6530,48,1,0,0
6531,181,1,0,0
6532,68,1,0,0
6533,17,1,0,0
6534,34,1,0,0
6535,54,1,0,0
6536,20,1,0,0
6537,27,1,0,0
6538,44,1,0,0
6539,34,1,0,0
6540,37,1,0,0
6541,29,1,0,0
6542,58,1,0,0
6543,64,1,0,0
6544,85,1,0,0
6545,80,1,0,0
6546,22,1,0,0
6547,28,1,0,0
6548,161,1,0,0
6549,36,1,0,0
6550,65,1,0,0
6551,53,1,0,0
6552,41,1,0,0
6553,73,1,0,0
6554,27,1,0,0
6555,77,1,0,0
6556,43,1,0,0
6557,44,1,0,0
6558,236,1,0,0
6559,59,1,0,0
6560,115,1,0,0
6561,28,1,0,0
6562,123,1,0,0
6563,42,1,0,0
6564,99,1,0,0
6565,31,1,0,0
6566,69,1,0,0
6567,158,1,0,0
6568,53,1,0,0
6569,85,1,0,0
6570,76,1,0,0
6571,95,1,0,0
6572,80,1,0,0
6573,51,1,0,0
6574,21,1,0,0
6575,100,1,0,0
6576,78,1,0,0
6577,185,1,0,0
6578,35,1,0,0
6579,102,1,0,0
6580,33,1,0,0
6581,127,1,0,0
6582,35,1,0,0
6583,91,1,0,0
6584,181,1,0,0
6585,40,1,0,0
6586,73,1,0,0
6587,113,1,0,0
6588,7,1,0,0
6589,95,1,0,0
6590,31,1,0,0
6591,66,1,0,0
6592,88,1,0,0
6593,81,1,0,0
6594,214,1,0,0
6595,108,1,0,0
6596,84,1,0,0
6597,27,1,0,0
6598,137,1,0,0
6599,59,1,0,0
6600,52,1,0,0
6601,70,1,0,0
6602,46,1,0,0
6603,41,1,0,0
6604,53,1,0,0
6605,63,1,0,0
6606,57,1,0,0
6607,17,1,0,0
6608,74,1,0,0
6609,98,1,0,0
6610,10,1,0,0
6611,128,1,0,0
6612,100,1,0,0
6613,65,1,0,0
6614,30,1,0,0
6615,86,1,0,0
6616,17,1,0,0
6617,91,1,0,0
6618,59,1,0,0
6619,10,1,0,0
6620,49,1,0,0
6621,11,1,0,0
6622,62,1,0,0
6623,17,1,0,0
6624,54,1,0,0
6625,92,1,0,0
6626,141,1,0,0
6627,54,1,0,0
6628,83,1,0,0
6629,36,1,0,0
6630,23,1,0,0
6631,31,1,0,0
6632,84,1,0,0
6633,53,1,0,0
6634,100,1,0,0
6635,50,1,0,0
6636,44,1,0,0
6637,82,1,0,0
6638,44,1,0,0
6639,72,1,0,0
6640,41,1,0,0
6641,197,1,0,0
6642,47,1,0,0
6643,45,1,0,0
6644,41,1,0,0
6645,80,1,0,0
6646,50,1,0,0
6647,54,1,0,0
6648,70,1,0,0
6649,71,1,0,0
6650,113,1,0,0
6651,30,1,0,0
6652,54,1,0,0
6653,44,1,0,0
6654,34,1,0,0
6655,102,1,0,0
6656,66,1,0,0
6657,83,1,0,0
6658,76,1,0,0
6659,19,1,0,0
6660,59,1,0,0
6661,45,1,0,0
6662,60,1,0,0
6663,28,1,0,0
6664,44,1,0,0
6665,118,1,0,0
6666,102,1,0,0
6667,106,1,0,0
6668,138,1,0,0
6669,165,1,0,0
6670,60,1,0,0
6671,45,1,0,0
6672,114,1,0,0
6673,34,1,0,0
6674,36,1,0,0
6675,45,1,0,0
6676,23,1,0,0
6677,53,1,0,0
6678,75,1,0,0
6679,26,1,0,0
6680,184,1,0,0
6681,44,1,0,0
6682,63,1,0,0
6683,34,1,0,0
6684,36,1,0,0
6685,58,1,0,0
6686,50,1,0,0
6687,47,1,0,0
6688,37,1,0,0
6689,45,1,0,0
6690,38,1,0,0
6691,24,1,0,0
6692,66,1,0,0
6693,51,1,0,0
6694,22,1,0,0
6695,30,1,0,0
6696,8,1,0,0
6697,86,1,0,0
6698,22,1,0,0
6699,34,1,0,0
6700,20,1,0,0
6701,319,1,0,0
6702,27,1,0,0
6703,13,1,0,0
6704,81,1,0,0
6705,21,1,0,0
6706,61,1,0,0
6707,15,1,0,0
6708,29,1,0,0
6709,74,1,0,0
6710,43,1,0,0
6711,240,1,0,0
6712,166,1,0,0
6713,23,1,0,0
6714,123,1,0,0
6715,61,1,0,0
6716,96,1,0,0
6717,12,1,0,0
6718,49,1,0,0
6719,164,1,0,0
6720,24,1,0,0
6721,30,1,0,0
6722,34,1,0,0
6723,143,1,0,0
6724,74,1,0,0
6725,21,1,0,0
6726,43,1,0,0
6727,61,1,0,0
6728,121,1,0,0
6729,55,1,0,0
6730,25,1,0,0
6731,96,1,0,0
6732,58,1,0,0
6733,56,1,0,0
6734,25,1,0,0
6735,28,1,0,0
6736,45,1,0,0
6737,174,1,0,0
6738,23,1,0,0
6739,39,1,0,0
6740,87,1,0,0
6741,42,1,0,0
6742,226,1,0,0
6743,58,1,0,0
6744,76,1,0,0
6745,7,1,0,0
6746,37,1,0,0
6747,15,1,0,0
6748,52,1,0,0
6749,33,1,0,0
6750,38,1,0,0
6751,30,1,0,0
6752,155,1,0,0
6753,171,1,0,0
6754,72,1,0,0
6755,58,1,0,0
6756,80,1,0,0
6757,44,1,0,0
6758,18,1,0,0
6759,25,1,0,0
6760,74,1,0,0
6761,111,1,0,0
6762,37,1,0,0
6763,74,1,0,0
6764,163,1,0,0
6765,160,1,0,0
6766,34,1,0,0
6767,8,1,0,0
6768,22,1,0,0
6769,16,1,0,0
6770,32,1,0,0
6771,47,1,0,0
6772,70,1,0,0
6773,26,1,0,0
6774,155,1,0,0
6775,33,1,0,0
6776,23,1,0,0
6777,115,1,0,0
6778,83,1,0,0
6779,43,1,0,0
6780,75,1,0,0
6781,105,1,0,0
6782,41,1,0,0
6783,76,1,0,0
6784,55,1,0,0
6785,87,1,0,0
6786,80,1,0,0
6787,44,1,0,0
6788,95,1,0,0
6789,76,1,0,0
6790,44,1,0,0
6791,104,1,0,0
6792,25,1,0,0
6793,16,1,0,0
6794,179,1,0,0
6795,22,1,0,0
6796,48,1,0,0
6797,105,1,0,0
6798,28,1,0,0
6799,26,1,0,0
6800,150,1,0,0
6801,84,1,0,0
6802,58,1,0,0
6803,37,1,0,0
6804,137,1,0,0
6805,27,1,0,0
6806,30,1,0,0
6807,115,1,0,0
6808,32,1,0,0
6809,41,1,0,0
6810,58,1,0,0
6811,93,1,0,0
6812,30,1,0,0
6813,19,1,0,0
6814,224,1,0,0
6815,30,1,0,0
6816,103,1,0,0
6817,29,1,0,0
6818,26,1,0,0
6819,23,1,0,0
6820,20,1,0,0
6821,89,1,0,0
6822,29,1,0,0
6823,68,1,0,0
6824,85,1,0,0
6825,43,1,0,0
6826,124,1,0,0
6827,65,1,0,0
6828,17,1,0,0
6829,137,1,0,0
6830,115,1,0,0
6831,219,1,0,0
6832,135,1,0,0
6833,171,1,0,0
6834,81,1,0,0
6835,169,1,0,0
6836,37,1,0,0
6837,56,1,0,0
6838,138,1,0,0
6839,123,1,0,0
6840,159,1,0,0
6841,48,1,0,0
6842,65,1,0,0
6843,93,1,0,0
6844,27,1,0,0
6845,100,1,0,0
6846,178,1,0,0
6847,79,1,0,0
6848,63,1,0,0
6849,107,1,0,0
6850,306,1,0,0
6851,119,1,0,0
6852,25,1,0,0
6853,13,1,0,0
6854,95,1,0,0
6855,140,1,0,0
6856,57,1,0,0
6857,38,1,0,0
6858,72,1,0,0
6859,22,1,0,0
6860,129,1,0,0
6861,38,1,0,0
6862,30,1,0,0
6863,46,1,0,0
6864,11,1,0,0
6865,74,1,0,0
6866,99,1,0,0
6867,79,1,0,0
6868,48,1,0,0
6869,95,1,0,0
6870,130,1,0,0
6871,59,1,0,0
6872,29,1,0,0
6873,114,1,0,0
6874,19,1,0,0
6875,35,1,0,0
6876,99,1,0,0
6877,45,1,0,0
6878,39,1,0,0
6879,188,1,0,0
6880,118,1,0,0
6881,33,1,0,0
6882,26,1,0,0
6883,26,1,0,0
6884,79,1,0,0
6885,28,1,0,0
6886,140,1,0,0
6887,188,1,0,0
6888,126,1,0,0
6889,76,1,0,0
6890,24,1,0,0
6891,87,1,0,0
6892,56,1,0,0
6893,67,1,0,0
6894,127,1,0,0
6895,17,1,0,0
6896,13,1,0,0
6897,45,1,0,0
6898,60,1,0,0
6899,116,1,0,0
6900,22,1,0,0
6901,69,1,0,0
6902,14,1,0,0
6903,23,1,0,0
6904,63,1,0,0
6905,117,1,0,0
6906,95,1,0,0
6907,17,1,0,0
6908,37,1,0,0
6909,71,1,0,0
6910,114,1,0,0
6911,58,1,0,0
6912,83,1,0,0
6913,95,1,0,0
6914,168,1,0,0
6915,48,1,0,0
6916,64,1,0,0
6917,52,1,0,0
6918,58,1,0,0
6919,47,1,0,0
6920,35,1,0,0
6921,13,1,0,0
6922,133,1,0,0
6923,166,1,0,0
6924,126,1,0,0
6925,56,1,0,0
6926,115,1,0,0
6927,67,1,0,0
6928,18,1,0,0
6929,14,1,0,0
6930,76,1,0,0
6931,46,1,0,0
6932,50,1,0,0
6933,55,1,0,0
6934,15,1,0,0
6935,18,1,0,0
6936,65,1,0,0
6937,41,1,0,0
6938,72,1,0,0
6939,64,1,0,0
6940,128,1,0,0
6941,85,1,0,0
6942,62,1,0,0
6943,71,1,0,0
6944,73,1,0,0
6945,71,1,0,0
6946,40,1,0,0
6947,117,1,0,0
6948,118,1,0,0
6949,28,1,0,0
6950,15,1,0,0
6951,19,1,0,0
6952,132,1,0,0
6953,53,1,0,0
6954,107,1,0,0
6955,94,1,0,0
6956,60,1,0,0
6957,20,1,0,0
6958,95,1,0,0
6959,22,1,0,0
6960,82,1,0,0
6961,159,1,0,0
6962,89,1,0,0
6963,131,1,0,0
6964,25,1,0,0
6965,47,1,0,0
6966,31,1,0,0
6967,28,1,0,0
6968,67,1,0,0
6969,16,1,0,0
6970,51,1,0,0
6971,106,1,0,0
6972,62,1,0,0
6973,39,1,0,0
6974,67,1,0,0
6975,68,1,0,0
6976,30,1,0,0
6977,13,1,0,0
6978,36,1,0,0
6979,103,1,0,0
6980,90,1,0,0
6981,76,1,0,0
6982,115,1,0,0
6983,39,1,0,0
6984,69,1,0,0
6985,92,1,0,0
6986,55,1,0,0
6987,22,1,0,0
6988,53,1,0,0
6989,61,1,0,0
6990,114,1,0,0
6991,49,1,0,0
6992,51,1,0,0
6993,97,1,0,0
6994,78,1,0,0
6995,193,1,0,0
6996,84,1,0,0
6997,38,1,0,0
6998,108,1,0,0
6999,230,1,0,0
7000,46,1,0,0
7001,34,1,0,0
7002,83,1,0,0
7003,111,1,0,0
7004,51,1,0,0
7005,90,1,0,0
7006,50,1,0,0
7007,63,1,0,0
7008,61,1,0,0
7009,225,1,0,0
7010,37,1,0,0
7011,40,1,0,0
7012,28,1,0,0
7013,47,1,0,0
7014,30,1,0,0
7015,127,1,0,0
7016,76,1,0,0
7017,181,1,0,0
7018,81,1,0,0
7019,89,1,0,0
7020,51,1,0,0
7021,94,1,0,0
7022,46,1,0,0
7023,29,1,0,0
7024,46,1,0,0
7025,48,1,0,0
7026,90,1,0,0
7027,52,1,0,0
7028,23,1,0,0
7029,138,1,0,0
7030,121,1,0,0
7031,73,1,0,0
7032,31,1,0,0
7033,10,1,0,0
7034,22,1,0,0
7035,105,1,0,0
7036,16,1,0,0
7037,31,1,0,0
7038,67,1,0,0
7039,26,1,0,0
7040,104,1,0,0
7041,85,1,0,0
7042,49,1,0,0
7043,75,1,0,0
7044,7,1,0,0
7045,99,1,0,0
7046,54,1,0,0
7047,17,1,0,0
7048,83,1,0,0
7049,50,1,0,0
7050,91,1,0,0
7051,41,1,0,0
7052,54,1,0,0
7053,122,1,0,0
7054,136,1,0,0
7055,144,1,0,0
7056,89,1,0,0
7057,114,1,0,0
7058,138,1,0,0
7059,69,1,0,0
7060,124,1,0,0
7061,59,1,0,0
7062,34,1,0,0
7063,27,1,0,0
7064,26,1,0,0
7065,105,1,0,0
7066,23,1,0,0
7067,25,1,0,0
7068,25,1,0,0
7069,106,1,0,0
7070,11,1,0,0
7071,21,1,0,0
7072,100,1,0,0
7073,24,1,0,0
7074,83,1,0,0
7075,92,1,0,0
7076,46,1,0,0
7077,79,1,0,0
7078,12,1,0,0
7079,191,1,0,0
7080,10,1,0,0
7081,18,1,0,0
7082,56,1,0,0
7083,37,1,0,0
7084,7,1,0,0
7085,24,1,0,0
7086,106,1,0,0
7087,100,1,0,0
7088,12,1,0,0
7089,40,1,0,0
7090,152,1,0,0
7091,26,1,0,0
7092,58,1,0,0
7093,51,1,0,0
7094,151,1,0,0
7095,65,1,0,0
7096,37,1,0,0
7097,95,1,0,0
7098,41,1,0,0
7099,29,1,0,0
7100,150,1,0,0
7101,195,1,0,0
7102,39,1,0,0
7103,53,1,0,0
7104,140,1,0,0
7105,177,1,0,0
7106,173,1,0,0
7107,31,1,0,0
7108,41,1,0,0
7109,73,1,0,0
7110,96,1,0,0
7111,44,1,0,0
7112,75,1,0,0
7113,99,1,0,0
7114,45,1,0,0
7115,22,1,0,0
7116,45,1,0,0
7117,38,1,0,0
7118,153,1,0,0
7119,32,1,0,0
7120,58,1,0,0
7121,114,1,0,0
7122,112,1,0,0
7123,42,1,0,0
7124,89,1,0,0
7125,14,1,0,0
7126,152,1,0,0
7127,27,1,0,0
7128,23,1,0,0
7129,80,1,0,0
7130,114,1,0,0
7131,191,1,0,0
7132,31,1,0,0
7133,39,1,0,0
7134,27,1,0,0
7135,101,1,0,0
7136,16,1,0,0
7137,53,1,0,0
7138,49,1,0,0
7139,125,1,0,0
7140,22,1,0,0
7141,56,1,0,0
7142,107,1,0,0
7143,51,1,0,0
7144,56,1,0,0
7145,87,1,0,0
7146,132,1,0,0
7147,64,1,0,0
7148,29,1,0,0
7149,78,1,0,0
7150,62,1,0,0
7151,40,1,0,0
7152,32,1,0,0
7153,29,1,0,0
7154,8,1,0,0
7155,21,1,0,0
7156,96,1,0,0
7157,78,1,0,0
7158,146,1,0,0
7159,9,1,0,0
7160,65,1,0,0
7161,41,1,0,0
7162,39,1,0,0
7163,163,1,0,0
7164,38,1,0,0
7165,10,1,0,0
7166,73,1,0,0
7167,29,1,0,0
7168,19,1,0,0
7169,197,1,0,0
7170,42,1,0,0
7171,37,1,0,0
7172,153,1,0,0
7173,57,1,0,0
7174,53,1,0,0
7175,115,1,0,0
7176,16,1,0,0
7177,86,1,0,0
7178,39,1,0,0
7179,79,1,0,0
7180,16,1,0,0
7181,9,1,0,0
7182,58,1,0,0
7183,137,1,0,0
7184,13,1,0,0
7185,49,1,0,0
7186,33,1,0,0
7187,57,1,0,0
7188,81,1,0,0
7189,46,1,0,0
7190,72,1,0,0
7191,112,1,0,0
7192,16,1,0,0
7193,58,1,0,0
7194,24,1,0,0
7195,60,1,0,0
7196,63,1,0,0
7197,16,1,0,0
7198,64,1,0,0
7199,51,1,0,0
7200,19,1,0,0
7201,26,1,0,0
7202,20,1,0,0
7203,35,1,0,0
7204,14,1,0,0
7205,20,1,0,0
7206,63,1,0,0
7207,213,1,0,0
7208,53,1,0,0
7209,99,1,0,0
7210,80,1,0,0
7211,81,1,0,0
7212,65,1,0,0
7213,71,1,0,0
7214,15,1,0,0
7215,16,1,0,0
7216,206,1,0,0
7217,118,1,0,0
7218,13,1,0,0
7219,51,1,0,0
7220,37,1,0,0
7221,62,1,0,0
7222,96,1,0,0
7223,26,1,0,0
7224,24,1,0,0
7225,31,1,0,0
7226,23,1,0,0
7227,55,1,0,0
7228,95,1,0,0
7229,14,1,0,0
7230,48,1,0,0
7231,15,1,0,0
7232,69,1,0,0
7233,112,1,0,0
7234,28,1,0,0
7235,155,1,0,0
7236,22,1,0,0
7237,196,1,0,0
7238,50,1,0,0
7239,207,1,0,0
7240,104,1,0,0
7241,23,1,0,0
7242,97,1,0,0
7243,60,1,0,0
7244,59,1,0,0
7245,19,1,0,0
7246,39,1,0,0
7247,75,1,0,0
7248,53,1,0,0
7249,74,1,0,0
7250,22,1,0,0
7251,77,1,0,0
7252,139,1,0,0
7253,80,1,0,0
7254,77,1,0,0
7255,100,1,0,0
7256,48,1,0,0
7257,53,1,0,0
7258,39,1,0,0
7259,34,1,0,0
7260,56,1,0,0
7261,111,1,0,0
7262,102,1,0,0
7263,20,1,0,0
7264,142,1,0,0
7265,41,1,0,0
7266,41,1,0,0
7267,68,1,0,0
7268,111,1,0,0
7269,90,1,0,0
7270,48,1,0,0
7271,87,1,0,0
7272,22,1,0,0
7273,39,1,0,0
7274,82,1,0,0
7275,51,1,0,0
7276,26,1,0,0
7277,55,1,0,0
7278,158,1,0,0
7279,40,1,0,0
7280,23,1,0,0
7281,23,1,0,0
7282,86,1,0,0
7283,176,1,0,0
7284,10,1,0,0
7285,49,1,0,0
7286,60,1,0,0
7287,53,1,0,0
7288,66,1,0,0
7289,14,1,0,0
7290,25,1,0,0
7291,150,1,0,0
7292,40,1,0,0
7293,15,1,0,0
7294,30,1,0,0
7295,70,1,0,0
7296,8,1,0,0
7297,82,1,0,0
7298,31,1,0,0
7299,61,1,0,0
7300,251,1,0,0
7301,116,1,0,0
7302,82,1,0,0
7303,144,1,0,0
7304,119,1,0,0
7305,61,1,0,0
7306,93,1,0,0
7307,55,1,0,0
7308,122,1,0,0
7309,71,1,0,0
7310,33,1,0,0
7311,45,1,0,0
7312,35,1,0,0
7313,20,1,0,0
7314,21,1,0,0
7315,70,1,0,0
7316,132,1,0,0
7317,24,1,0,0
7318,90,1,0,0
7319,196,1,0,0
7320,242,1,0,0
7321,53,1,0,0
7322,85,1,0,0
7323,42,1,0,0
7324,86,1,0,0
7325,42,1,0,0
7326,105,1,0,0
7327,106,1,0,0
7328,53,1,0,0
7329,91,1,0,0
7330,29,1,0,0
7331,79,1,0,0
7332,14,1,0,0
7333,227,1,0,0
7334,125,1,0,0
7335,94,1,0,0
7336,58,1,0,0
7337,34,1,0,0
7338,35,1,0,0
7339,140,1,0,0
7340,30,1,0,0
7341,108,1,0,0
7342,86,1,0,0
7343,74,1,0,0
7344,59,1,0,0
7345,79,1,0,0
7346,44,1,0,0
7347,65,1,0,0
7348,98,1,0,0
7349,64,1,0,0
7350,155,1,0,0
7351,197,1,0,0
7352,36,1,0,0
7353,26,1,0,0
7354,89,1,0,0
7355,71,1,0,0
7356,61,1,0,0
7357,224,1,0,0
7358,147,1,0,0
7359,264,1,0,0
7360,66,1,0,0
7361,19,1,0,0
7362,29,1,0,0
7363,100,1,0,0
7364,90,1,0,0
7365,112,1,0,0
7366,56,1,0,0
7367,89,1,0,0
7368,81,1,0,0
7369,73,1,0,0
7370,46,1,0,0
7371,37,1,0,0
7372,58,1,0,0
7373,25,1,0,0
7374,111,1,0,0
7375,87,1,0,0
7376,105,1,0,0
7377,92,1,0,0
7378,133,1,0,0
7379,120,1,0,0
7380,136,1,0,0
7381,91,1,0,0
7382,25,1,0,0
7383,31,1,0,0
7384,18,1,0,0
7385,32,1,0,0
7386,39,1,0,0
7387,74,1,0,0
7388,66,1,0,0
7389,67,1,0,0
7390,253,1,0,0
7391,43,1,0,0
7392,62,1,0,0
7393,47,1,0,0
7394,26,1,0,0
7395,105,1,0,0
7396,38,1,0,0
7397,168,1,0,0
7398,164,1,0,0
7399,24,1,0,0
7400,163,1,0,0
7401,66,1,0,0
7402,35,1,0,0
7403,27,1,0,0
7404,152,1,0,0
7405,27,1,0,0
7406,153,1,0,0
7407,82,1,0,0
7408,11,1,0,0
7409,50,1,0,0
7410,69,1,0,0
7411,119,1,0,0
7412,61,1,0,0
7413,55,1,0,0
7414,19,1,0,0
7415,47,1,0,0
7416,78,1,0,0
7417,38,1,0,0
7418,126,1,0,0
7419,65,1,0,0
7420,21,1,0,0
7421,33,1,0,0
7422,113,1,0,0
7423,36,1,0,0
7424,17,1,0,0
7425,44,1,0,0
7426,62,1,0,0
7427,138,1,0,0
7428,28,1,0,0
7429,43,1,0,0
7430,43,1,0,0
7431,27,1,0,0
7432,38,1,0,0
7433,68,1,0,0
7434,75,1,0,0
7435,37,1,0,0
7436,122,1,0,0
7437,118,1,0,0
7438,68,1,0,0
7439,95,1,0,0
7440,193,1,0,0
7441,132,1,0,0
7442,73,1,0,0
7443,96,1,0,0
7444,73,1,0,0
7445,55,1,0,0
7446,55,1,0,0
7447,93,1,0,0
7448,17,1,0,0
7449,80,1,0,0
7450,102,1,0,0
7451,34,1,0,0
7452,70,1,0,0
7453,17,1,0,0
7454,44,1,0,0
7455,66,1,0,0
7456,138,1,0,0
7457,30,1,0,0
7458,25,1,0,0
7459,42,1,0,0
7460,77,1,0,0
7461,21,1,0,0
7462,107,1,0,0
7463,76,1,0,0
7464,39,1,0,0
7465,265,1,0,0
7466,21,1,0,0
7467,68,1,0,0
7468,164,1,0,0
7469,85,1,0,0
7470,56,1,0,0
7471,51,1,0,0
7472,279,1,0,0
7473,73,1,0,0
7474,84,1,0,0
7475,45,1,0,0
7476,23,1,0,0
7477,22,1,0,0
7478,20,1,0,0
7479,70,1,0,0
7480,61,1,0,0
7481,33,1,0,0
7482,16,1,0,0
7483,32,1,0,0
7484,72,1,0,0
7485,31,1,0,0
7486,27,1,0,0
7487,36,1,0,0
7488,46,1,0,0
7489,37,1,0,0
7490,51,1,0,0
7491,130,1,0,0
7492,11,1,0,0
7493,71,1,0,0
7494,104,1,0,0
7495,12,1,0,0
7496,38,1,0,0
7497,49,1,0,0
7498,123,1,0,0
7499,107,1,0,0
7500,84,1,0,0
7501,18,1,0,0
7502,71,1,0,0
7503,192,1,0,0
7504,64,1,0,0
7505,109,1,0,0
7506,69,1,0,0
7507,253,1,0,0
7508,18,1,0,0
7509,40,1,0,0
7510,38,1,0,0
7511,94,1,0,0
7512,66,1,0,0
7513,127,1,0,0
7514,11,1,0,0
7515,70,1,0,0
7516,88,1,0,0
7517,14,1,0,0
7518,20,1,0,0
7519,14,1,0,0
7520,69,1,0,0
7521,116,1,0,0
7522,41,1,0,0
7523,34,1,0,0
7524,52,1,0,0
7525,92,1,0,0
7526,26,1,0,0
7527,133,1,0,0
7528,104,1,0,0
7529,42,1,0,0
7530,43,1,0,0
7531,42,1,0,0
7532,52,1,0,0
7533,15,1,0,0
7534,19,1,0,0
7535,48,1,0,0
7536,21,1,0,0
7537,36,1,0,0
7538,38,1,0,0
7539,38,1,0,0
7540,33,1,0,0
7541,64,1,0,0
7542,28,1,0,0
7543,13,1,0,0
7544,61,1,0,0
7545,88,1,0,0
7546,79,1,0,0
7547,120,1,0,0
7548,53,1,0,0
7549,59,1,0,0
7550,193,1,0,0
7551,28,1,0,0
7552,84,1,0,0
7553,60,1,0,0
7554,40,1,0,0
7555,29,1,0,0
7556,51,1,0,0
7557,104,1,0,0
7558,47,1,0,0
7559,70,1,0,0
7560,52,1,0,0
7561,49,1,0,0
7562,71,1,0,0
7563,284,1,0,0
7564,65,1,0,0
7565,111,1,0,0
7566,75,1,0,0
7567,99,1,0,0
7568,30,1,0,0
7569,218,1,0,0
7570,37,1,0,0
7571,44,1,0,0
7572,117,1,0,0
7573,48,1,0,0
7574,140,1,0,0
7575,37,1,0,0
7576,30,1,0,0
7577,107,1,0,0
7578,90,1,0,0
7579,60,1,0,0
7580,121,1,0,0
7581,17,1,0,0
7582,82,1,0,0
7583,46,1,0,0
7584,212,1,0,0
7585,35,1,0,0
7586,21,1,0,0
7587,211,1,0,0
7588,45,1,0,0
7589,164,1,0,0
7590,182,1,0,0
7591,20,1,0,0
7592,35,1,0,0
7593,39,1,0,0
7594,61,1,0,0
7595,72,1,0,0
7596,120,1,0,0
7597,17,1,0,0
7598,24,1,0,0
7599,37,1,0,0
7600,41,1,0,0
7601,31,1,0,0
7602,21,1,0,0
7603,20,1,0,0
7604,12,1,0,0
7605,60,1,0,0
7606,49,1,0,0
7607,20,1,0,0
7608,66,1,0,0
7609,144,1,0,0
7610,10,1,0,0
7611,35,1,0,0
7612,119,1,0,0
7613,13,1,0,0
7614,36,1,0,0
7615,55,1,0,0
7616,174,1,0,0
7617,20,1,0,0
7618,15,1,0,0
7619,47,1,0,0
7620,150,1,0,0
7621,31,1,0,0
7622,53,1,0,0
7623,11,1,0,0
7624,88,1,0,0
7625,33,1,0,0
7626,103,1,0,0
7627,81,1,0,0
7628,51,1,0,0
7629,36,1,0,0
7630,61,1,0,0
7631,65,1,0,0
7632,29,1,0,0
7633,41,1,0,0
7634,21,1,0,0
7635,31,1,0,0
7636,14,1,0,0
7637,60,1,0,0
7638,222,1,0,0
7639,34,1,0,0
7640,23,1,0,0
7641,39,1,0,0
7642,117,1,0,0
7643,146,1,0,0
7644,136,1,0,0
7645,230,1,0,0
7646,46,1,0,0
7647,38,1,0,0
7648,59,1,0,0
7649,58,1,0,0
7650,62,1,0,0
7651,59,1,0,0
7652,67,1,0,0
7653,24,1,0,0
7654,52,1,0,0
7655,125,1,0,0
7656,128,1,0,0
7657,26,1,0,0
7658,83,1,0,0
7659,21,1,0,0
7660,19,1,0,0
7661,63,1,0,0
7662,25,1,0,0
7663,72,1,0,0
7664,96,1,0,0
7665,168,1,0,0
7666,85,1,0,0
7667,73,1,0,0
7668,75,1,0,0
7669,35,1,0,0
7670,45,1,0,0
7671,11,1,0,0
7672,51,1,0,0
7673,57,1,0,0
7674,63,1,0,0
7675,48,1,0,0
7676,15,1,0,0
7677,51,1,0,0
7678,68,1,0,0
7679,65,1,0,0
7680,23,1,0,0
7681,231,1,0,0
7682,100,1,0,0
7683,188,1,0,0
7684,24,1,0,0
7685,99,1,0,0
7686,23,1,0,0
7687,307,1,0,0
7688,50,1,0,0
7689,45,1,0,0
7690,42,1,0,0
7691,19,1,0,0
7692,36,1,0,0
7693,109,1,0,0
7694,209,1,0,0
7695,41,1,0,0
7696,23,1,0,0
7697,32,1,0,0
7698,86,1,0,0
7699,34,1,0,0
7700,126,1,0,0
7701,37,1,0,0
7702,97,1,0,0
7703,64,1,0,0
7704,34,1,0,0
7705,13,1,0,0
7706,42,1,0,0
7707,50,1,0,0
7708,80,1,0,0
7709,88,1,0,0
7710,19,1,0,0
7711,37,1,0,0
7712,163,1,0,0
7713,30,1,0,0
7714,38,1,0,0
7715,44,1,0,0
7716,87,1,0,0
7717,65,1,0,0
7718,68,1,0,0
7719,147,1,0,0
7720,61,1,0,0
7721,156,1,0,0
7722,93,1,0,0
7723,59,1,0,0
7724,50,1,0,0
7725,60,1,0,0
7726,69,1,0,0
7727,49,1,0,0
7728,182,1,0,0
7729,104,1,0,0
7730,87,1,0,0
7731,24,1,0,0
7732,133,1,0,0
7733,13,1,0,0
7734,64,1,0,0
7735,99,1,0,0
7736,36,1,0,0
7737,152,1,0,0
7738,36,1,0,0
7739,14,1,0,0
7740,251,1,0,0
7741,66,1,0,0
7742,29,1,0,0
7743,208,1,0,0
7744,53,1,0,0
7745,13,1,0,0
7746,40,1,0,0
7747,128,1,0,0
7748,36,1,0,0
7749,67,1,0,0
7750,53,1,0,0
7751,32,1,0,0
7752,36,1,0,0
7753,14,1,0,0
7754,50,1,0,0
7755,25,1,0,0
7756,86,1,0,0
7757,54,1,0,0
7758,81,1,0,0
7759,19,1,0,0
7760,80,1,0,0
7761,29,1,0,0
7762,65,1,0,0
7763,17,1,0,0
7764,46,1,0,0
7765,48,1,0,0
7766,39,1,0,0
7767,48,1,0,0
7768,30,1,0,0
7769,46,1,0,0
7770,36,1,0,0
7771,13,1,0,0
7772,28,1,0,0
7773,35,1,0,0
7774,33,1,0,0
7775,37,1,0,0
7776,87,1,0,0
7777,76,1,0,0
7778,44,1,0,0
7779,20,1,0,0
7780,68,1,0,0
7781,72,1,0,0
7782,37,1,0,0
7783,13,1,0,0
7784,11,1,0,0
7785,10,1,0,0
7786,54,1,0,0
7787,45,1,0,0
7788,42,1,0,0
7789,186,1,0,0
7790,78,1,0,0
7791,39,1,0,0
7792,27,1,0,0
7793,47,1,0,0
7794,28,1,0,0
7795,96,1,0,0
7796,73,1,0,0
7797,37,1,0,0
7798,51,1,0,0
7799,110,1,0,0
7800,46,1,0,0
7801,79,1,0,0
7802,242,1,0,0
7803,30,1,0,0
7804,36,1,0,0
7805,300,1,0,0
7806,23,1,0,0
7807,36,1,0,0
7808,178,1,0,0
7809,103,1,0,0
7810,19,1,0,0
7811,23,1,0,0
7812,70,1,0,0
7813,16,1,0,0
7814,52,1,0,0
7815,17,1,0,0
7816,91,1,0,0
7817,108,1,0,0
7818,140,1,0,0
7819,85,1,0,0
7820,48,1,0,0
7821,69,1,0,0
7822,77,1,0,0
7823,96,1,0,0
7824,34,1,0,0
7825,58,1,0,0
7826,104,1,0,0
7827,63,1,0,0
7828,55,1,0,0
7829,139,1,0,0
7830,184,1,0,0
7831,74,1,0,0
7832,119,1,0,0
7833,47,1,0,0
7834,139,1,0,0
7835,66,1,0,0
7836,53,1,0,0
7837,69,1,0,0
7838,21,1,0,0
7839,112,1,0,0
7840,89,1,0,0
7841,52,1,0,0
7842,250,1,0,0
7843,139,1,0,0
7844,125,1,0,0
7845,125,1,0,0
7846,32,1,0,0
7847,62,1,0,0
7848,208,1,0,0
7849,60,1,0,0
7850,8,1,0,0
7851,95,1,0,0
7852,51,1,0,0
7853,15,1,0,0
7854,34,1,0,0
7855,143,1,0,0
7856,93,1,0,0
7857,99,1,0,0
7858,12,1,0,0
7859,51,1,0,0
7860,86,1,0,0
7861,42,1,0,0
7862,20,1,0,0
7863,26,1,0,0
7864,44,1,0,0
7865,160,1,0,0
7866,39,1,0,0
7867,46,1,0,0
7868,29,1,0,0
7869,14,1,0,0
7870,162,1,0,0
7871,79,1,0,0
7872,55,1,0,0
7873,173,1,0,0
7874,36,1,0,0
7875,25,1,0,0
7876,27,1,0,0
7877,21,1,0,0
7878,38,1,0,0
7879,47,1,0,0
7880,55,1,0,0
7881,25,1,0,0
7882,13,1,0,0
7883,41,1,0,0
7884,51,1,0,0
7885,73,1,0,0
7886,19,1,0,0
7887,105,1,0,0
7888,49,1,0,0
7889,17,1,0,0
7890,85,1,0,0
7891,104,1,0,0
7892,19,1,0,0
7893,42,1,0,0
7894,228,1,0,0
7895,33,1,0,0
7896,129,1,0,0
7897,21,1,0,0
7898,49,1,0,0
7899,123,1,0,0
7900,28,1,0,0
7901,7,1,0,0
7902,24,1,0,0
7903,215,1,0,0
7904,35,1,0,0
7905,183,1,0,0
7906,19,1,0,0
7907,21,1,0,0
7908,108,1,0,0
7909,113,1,0,0
7910,21,1,0,0
7911,80,1,0,0
7912,14,1,0,0
7913,58,1,0,0
7914,75,1,0,0
7915,155,1,0,0
7916,37,1,0,0
7917,21,1,0,0
7918,20,1,0,0
7919,51,1,0,0
7920,55,1,0,0
7921,81,1,0,0
7922,54,1,0,0
7923,243,1,0,0
7924,45,1,0,0
7925,70,1,0,0
7926,83,1,0,0
7927,37,1,0,0
7928,69,1,0,0
7929,28,1,0,0
7930,32,1,0,0
7931,19,1,0,0
7932,66,1,0,0
7933,15,1,0,0
7934,55,1,0,0
7935,87,1,0,0
7936,79,1,0,0
7937,55,1,0,0
7938,123,1,0,0
7939,45,1,0,0
7940,42,1,0,0
7941,121,1,0,0
7942,41,1,0,0
7943,23,1,0,0
7944,8,1,0,0
7945,23,1,0,0
7946,121,1,0,0
7947,222,1,0,0
7948,116,1,0,0
7949,69,1,0,0
7950,39,1,0,0
7951,63,1,0,0
7952,23,1,0,0
7953,50,1,0,0
7954,59,1,0,0
7955,152,1,0,0
7956,76,1,0,0
7957,24,1,0,0
7958,98,1,0,0
7959,26,1,0,0
7960,82,1,0,0
7961,90,1,0,0
7962,47,1,0,0
7963,28,1,0,0
7964,132,1,0,0
7965,14,1,0,0
7966,19,1,0,0
7967,224,1,0,0
7968,67,1,0,0
7969,17,1,0,0
7970,83,1,0,0
7971,43,1,0,0
7972,67,1,0,0
7973,27,1,0,0
7974,167,1,0,0
7975,98,1,0,0
7976,30,1,0,0
7977,81,1,0,0
7978,131,1,0,0
7979,40,1,0,0
7980,72,1,0,0
7981,43,1,0,0
7982,42,1,0,0
7983,90,1,0,0
7984,214,1,0,0
7985,43,1,0,0
7986,38,1,0,0
7987,126,1,0,0
7988,25,1,0,0
7989,48,1,0,0
7990,163,1,0,0
7991,91,1,0,0
7992,173,1,0,0
7993,73,1,0,0
7994,51,1,0,0
7995,85,1,0,0
7996,34,1,0,0
7997,71,1,0,0
7998,40,1,0,0
7999,105,1,0,0
8000,17,1,0,0
8001,34,1,0,0
8002,51,1,0,0
8003,39,1,0,0
8004,83,1,0,0
8005,21,1,0,0
8006,138,1,0,0
8007,16,1,0,0
8008,53,1,0,0
8009,33,1,0,0
8010,48,1,0,0
8011,58,1,0,0
8012,133,1,0,0
8013,41,1,0,0
8014,74,1,0,0
8015,50,1,0,0
8016,119,1,0,0
8017,21,1,0,0
8018,34,1,0,0
8019,58,1,0,0
8020,48,1,0,0
8021,73,1,0,0
8022,33,1,0,0
8023,39,1,0,0
8024,66,1,0,0
8025,67,1,0,0
8026,127,1,0,0
8027,122,1,0,0
8028,41,1,0,0
8029,27,1,0,0
8030,72,1,0,0
8031,114,1,0,0
8032,26,1,0,0
8033,51,1,0,0
8034,96,1,0,0
8035,45,1,0,0
8036,16,1,0,0
8037,70,1,0,0
8038,36,1,0,0
8039,147,1,0,0
8040,53,1,0,0
8041,94,1,0,0
8042,22,1,0,0
8043,23,1,0,0
8044,22,1,0,0
8045,62,1,0,0
8046,97,1,0,0
8047,177,1,0,0
8048,86,1,0,0
8049,54,1,0,0
8050,35,1,0,0
8051,91,1,0,0
8052,77,1,0,0
8053,14,1,0,0
8054,35,1,0,0
8055,10,1,0,0
8056,15,1,0,0
8057,25,1,0,0
8058,24,1,0,0
8059,75,1,0,0
8060,171,1,0,0
8061,19,1,0,0
8062,116,1,0,0
8063,50,1,0,0
8064,42,1,0,0
8065,62,1,0,0
8066,57,1,0,0
8067,61,1,0,0
8068,36,1,0,0
8069,130,1,0,0
8070,43,1,0,0
8071,82,1,0,0
8072,218,1,0,0
8073,77,1,0,0
8074,47,1,0,0
8075,169,1,0,0
8076,17,1,0,0
8077,15,1,0,0
8078,92,1,0,0
8079,31,1,0,0
8080,148,1,0,0
8081,65,1,0,0
8082,126,1,0,0
8083,127,1,0,0
8084,269,1,0,0
8085,15,1,0,0
8086,40,1,0,0
8087,13,1,0,0
8088,49,1,0,0
8089,92,1,0,0
8090,12,1,0,0
8091,19,1,0,0
8092,58,1,0,0
8093,132,1,0,0
8094,65,1,0,0
8095,86,1,0,0
8096,148,1,0,0
8097,59,1,0,0
8098,46,1,0,0
8099,52,1,0,0
8100,37,1,0,0
8101,86,1,0,0
8102,37,1,0,0
8103,94,1,0,0
8104,33,1,0,0
8105,72,1,0,0
8106,31,1,0,0
8107,59,1,0,0
8108,101,1,0,0
8109,65,1,0,0
8110,83,1,0,0
8111,168,1,0,0
8112,109,1,0,0
8113,75,1,0,0
8114,51,1,0,0
8115,68,1,0,0
8116,56,1,0,0
8117,35,1,0,0
8118,33,1,0,0
8119,179,1,0,0
8120,71,1,0,0
8121,150,1,0,0
8122,32,1,0,0
8123,125,1,0,0
8124,124,1,0,0
8125,47,1,0,0
8126,75,1,0,0
8127,112,1,0,0
8128,119,1,0,0
8129,39,1,0,0
8130,31,1,0,0
8131,90,1,0,0
8132,110,1,0,0
8133,134,1,0,0
8134,31,1,0,0
8135,54,1,0,0
8136,78,1,0,0
8137,37,1,0,0
8138,35,1,0,0
8139,119,1,0,0
8140,72,1,0,0
8141,76,1,0,0
8142,35,1,0,0
8143,101,1,0,0
8144,86,1,0,0
8145,67,1,0,0
8146,39,1,0,0
8147,20,1,0,0
8148,35,1,0,0
8149,41,1,0,0
8150,155,1,0,0
8151,77,1,0,0
8152,164,1,0,0
8153,91,1,0,0
8154,90,1,0,0
8155,112,1,0,0
8156,24,1,0,0
8157,93,1,0,0
8158,26,1,0,0
8159,46,1,0,0
8160,154,1,0,0
8161,28,1,0,0
8162,177,1,0,0
8163,36,1,0,0
8164,80,1,0,0
8165,41,1,0,0
8166,19,1,0,0
8167,50,1,0,0
8168,97,1,0,0
8169,100,1,0,0
8170,83,1,0,0
8171,52,1,0,0
8172,194,1,0,0
8173,27,1,0,0
8174,55,1,0,0
8175,39,1,0,0
8176,51,1,0,0
8177,74,1,0,0
8178,79,1,0,0
8179,19,1,0,0
8180,116,1,0,0
8181,51,1,0,0
8182,125,1,0,0
8183,27,1,0,0
8184,18,1,0,0
8185,35,1,0,0
8186,165,1,0,0
8187,92,1,0,0
8188,68,1,0,0
8189,31,1,0,0
8190,16,1,0,0
8191,41,1,0,0
8192,44,1,0,0
8193,108,1,0,0
8194,20,1,0,0
8195,137,1,0,0
8196,68,1,0,0
8197,86,1,0,0
8198,124,1,0,0
8199,39,1,0,0
8200,16,1,0,0
8201,51,1,0,0
8202,147,1,0,0
8203,93,1,0,0
8204,42,1,0,0
8205,214,1,0,0
8206,69,1,0,0
8207,47,1,0,0
8208,262,1,0,0
8209,81,1,0,0
8210,65,1,0,0
8211,85,1,0,0
8212,87,1,0,0
8213,59,1,0,0
8214,60,1,0,0
8215,142,1,0,0
8216,53,1,0,0
8217,39,1,0,0
8218,41,1,0,0
8219,85,1,0,0
8220,126,1,0,0
8221,49,1,0,0
8222,41,1,0,0
8223,41,1,0,0
8224,61,1,0,0
8225,41,1,0,0
8226,129,1,0,0
8227,179,1,0,0
8228,83,1,0,0
8229,63,1,0,0
8230,88,1,0,0
8231,101,1,0,0
8232,45,1,0,0
8233,16,1,0,0
8234,47,1,0,0
8235,42,1,0,0
8236,159,1,0,0
8237,53,1,0,0
8238,169,1,0,0
8239,171,1,0,0
8240,127,1,0,0
8241,35,1,0,0
8242,74,1,0,0
8243,22,1,0,0
8244,14,1,0,0
8245,98,1,0,0
8246,52,1,0,0
8247,49,1,0,0
8248,64,1,0,0
8249,35,1,0,0
8250,66,1,0,0
8251,86,1,0,0
8252,74,1,0,0
8253,77,1,0,0
8254,26,1,0,0
8255,50,1,0,0
8256,150,1,0,0
8257,84,1,0,0
8258,63,1,0,0
8259,42,1,0,0
8260,63,1,0,0
8261,26,1,0,0
8262,107,1,0,0
8263,61,1,0,0
8264,67,1,0,0
8265,86,1,0,0
8266,53,1,0,0
8267,80,1,0,0
8268,195,1,0,0
8269,45,1,0,0
8270,43,1,0,0
8271,62,1,0,0
8272,89,1,0,0
8273,30,1,0,0
8274,21,1,0,0
8275,151,1,0,0
8276,44,1,0,0
8277,127,1,0,0
8278,56,1,0,0
8279,14,1,0,0
8280,92,1,0,0
8281,40,1,0,0
8282,44,1,0,0
8283,36,1,0,0
8284,74,1,0,0
8285,22,1,0,0
8286,135,1,0,0
8287,41,1,0,0
8288,24,1,0,0
8289,63,1,0,0
8290,219,1,0,0
8291,10,1,0,0
8292,36,1,0,0
8293,17,1,0,0
8294,107,1,0,0
8295,11,1,0,0
8296,78,1,0,0
8297,110,1,0,0
8298,39,1,0,0
8299,148,1,0,0
8300,149,1,0,0
8301,91,1,0,0
8302,105,1,0,0
8303,17,1,0,0
8304,56,1,0,0
8305,98,1,0,0
8306,59,1,0,0
8307,179,1,0,0
8308,93,1,0,0
8309,59,1,0,0
8310,171,1,0,0
8311,11,1,0,0
8312,37,1,0,0
8313,17,1,0,0
8314,29,1,0,0
8315,30,1,0,0
8316,58,1,0,0
8317,20,1,0,0
8318,52,1,0,0
8319,46,1,0,0
8320,69,1,0,0
8321,48,1,0,0
8322,38,1,0,0
8323,85,1,0,0
8324,20,1,0,0
8325,69,1,0,0
8326,20,1,0,0
8327,48,1,0,0
8328,47,1,0,0
8329,188,1,0,0
8330,74,1,0,0
8331,221,1,0,0
8332,75,1,0,0
8333,137,1,0,0
8334,20,1,0,0
8335,98,1,0,0
8336,62,1,0,0
8337,94,1,0,0
8338,24,1,0,0
8339,122,1,0,0
8340,52,1,0,0
8341,114,1,0,0
8342,201,1,0,0
8343,155,1,0,0
8344,44,1,0,0
8345,192,1,0,0
8346,51,1,0,0
8347,35,1,0,0
8348,88,1,0,0
8349,98,1,0,0
8350,31,1,0,0
8351,31,1,0,0
8352,12,1,0,0
8353,110,1,0,0
8354,59,1,0,0
8355,36,1,0,0
8356,62,1,0,0
8357,46,1,0,0
8358,57,1,0,0
8359,115,1,0,0
8360,25,1,0,0
8361,100,1,0,0
8362,72,1,0,0
8363,30,1,0,0
8364,126,1,0,0
8365,110,1,0,0
8366,28,1,0,0
8367,11,1,0,0
8368,19,1,0,0
8369,53,1,0,0
8370,50,1,0,0
8371,58,1,0,0
8372,32,1,0,0
8373,56,1,0,0
8374,26,1,0,0
8375,31,1,0,0
8376,53,1,0,0
8377,87,1,0,0
8378,69,1,0,0
8379,30,1,0,0
8380,154,1,0,0
8381,77,1,0,0
8382,27,1,0,0
8383,18,1,0,0
8384,31,1,0,0
8385,17,1,0,0
8386,155,1,0,0
8387,156,1,0,0
8388,55,1,0,0
8389,40,1,0,0
8390,71,1,0,0
8391,67,1,0,0
8392,42,1,0,0
8393,45,1,0,0
8394,32,1,0,0
8395,68,1,0,0
8396,36,1,0,0
8397,41,1,0,0
8398,45,1,0,0
8399,124,1,0,0
8400,28,1,0,0
8401,53,1,0,0
8402,39,1,0,0
8403,40,1,0,0
8404,35,1,0,0
8405,54,1,0,0
8406,45,1,0,0
8407,166,1,0,0
8408,81,1,0,0
8409,25,1,0,0
8410,16,1,0,0
8411,138,1,0,0
8412,49,1,0,0
8413,102,1,0,0
8414,118,1,0,0
8415,41,1,0,0
8416,58,1,0,0
8417,176,1,0,0
8418,32,1,0,0
8419,36,1,0,0
8420,32,1,0,0
8421,22,1,0,0
8422,84,1,0,0
8423,195,1,0,0
8424,34,1,0,0
8425,36,1,0,0
8426,59,1,0,0
8427,98,1,0,0
8428,82,1,0,0
8429,85,1,0,0
8430,24,1,0,0
8431,21,1,0,0
8432,72,1,0,0
8433,84,1,0,0
8434,43,1,0,0
8435,72,1,0,0
8436,131,1,0,0
8437,257,1,0,0
8438,61,1,0,0
8439,41,1,0,0
8440,86,1,0,0
8441,69,1,0,0
8442,54,1,0,0
8443,90,1,0,0
8444,128,1,0,0
8445,23,1,0,0
8446,61,1,0,0
8447,16,1,0,0
8448,168,1,0,0
8449,37,1,0,0
8450,22,1,0,0
8451,123,1,0,0
8452,92,1,0,0
8453,19,1,0,0
8454,36,1,0,0
8455,121,1,0,0
8456,25,1,0,0
8457,50,1,0,0
8458,14,1,0,0
8459,37,1,0,0
8460,52,1,0,0
8461,92,1,0,0
8462,13,1,0,0
8463,8,1,0,0
8464,82,1,0,0
8465,20,1,0,0
8466,66,1,0,0
8467,112,1,0,0
8468,45,1,0,0
8469,94,1,0,0
8470,127,1,0,0
8471,237,1,0,0
8472,76,1,0,0
8473,45,1,0,0
8474,166,1,0,0
8475,116,1,0,0
8476,46,1,0,0
8477,29,1,0,0
8478,39,1,0,0
8479,26,1,0,0
8480,47,1,0,0
8481,133,1,0,0
8482,115,1,0,0
8483,79,1,0,0
8484,47,1,0,0
8485,54,1,0,0
8486,15,1,0,0
8487,70,1,0,0
8488,60,1,0,0
8489,115,1,0,0
8490,73,1,0,0
8491,16,1,0,0
8492,82,1,0,0
8493,90,1,0,0
8494,163,1,0,0
8495,57,1,0,0
8496,77,1,0,0
8497,17,1,0,0
8498,48,1,0,0
8499,14,1,0,0
8500,32,1,0,0
8501,101,1,0,0
8502,69,1,0,0
8503,50,1,0,0
8504,27,1,0,0
8505,70,1,0,0
8506,37,1,0,0
8507,31,1,0,0
8508,138,1,0,0
8509,99,1,0,0
8510,58,1,0,0
8511,58,1,0,0
8512,59,1,0,0
8513,21,1,0,0
8514,45,1,0,0
8515,60,1,0,0
8516,30,1,0,0
8517,75,1,0,0
8518,84,1,0,0
8519,150,1,0,0
8520,62,1,0,0
8521,199,1,0,0
8522,101,1,0,0
8523,58,1,0,0
8524,10,1,0,0
8525,107,1,0,0
8526,13,1,0,0
8527,62,1,0,0
8528,76,1,0,0
8529,132,1,0,0
8530,17,1,0,0
8531,36,1,0,0
8532,91,1,0,0
8533,21,1,0,0
8534,100,1,0,0
8535,13,1,0,0
8536,32,1,0,0
8537,41,1,0,0
8538,63,1,0,0
8539,133,1,0,0
8540,30,1,0,0
8541,34,1,0,0
8542,103,1,0,0
8543,88,1,0,0
8544,27,1,0,0
8545,56,1,0,0
8546,27,1,0,0
8547,208,1,0,0
8548,115,1,0,0
8549,27,1,0,0
8550,19,1,0,0
8551,91,1,0,0
8552,57,1,0,0
8553,66,1,0,0
8554,38,1,0,0
8555,94,1,0,0
8556,46,1,0,0
8557,128,1,0,0
8558,33,1,0,0
8559,37,1,0,0
8560,125,1,0,0
8561,176,1,0,0
8562,211,1,0,0
8563,62,1,0,0
8564,56,1,0,0
8565,46,1,0,0
8566,151,1,0,0
8567,52,1,0,0
8568,54,1,0,0
8569,100,1,0,0
8570,21,1,0,0
8571,12,1,0,0
8572,96,1,0,0
8573,112,1,0,0
8574,36,1,0,0
8575,33,1,0,0
8576,217,1,0,0
8577,99,1,0,0
8578,119,1,0,0
8579,95,1,0,0
8580,131,1,0,0
8581,73,1,0,0
8582,56,1,0,0
8583,64,1,0,0
8584,56,1,0,0
8585,24,1,0,0
8586,21,1,0,0
8587,125,1,0,0
8588,17,1,0,0
8589,49,1,0,0
8590,114,1,0,0
8591,58,1,0,0
8592,102,1,0,0
8593,76,1,0,0
8594,25,1,0,0
8595,17,1,0,0
8596,53,1,0,0
8597,12,1,0,0
8598,36,1,0,0
8599,52,1,0,0
8600,31,1,0,0
8601,61,1,0,0
8602,16,1,0,0
8603,95,1,0,0
8604,38,1,0,0
8605,57,1,0,0
8606,11,1,0,0
8607,202,1,0,0
8608,121,1,0,0
8609,79,1,0,0
8610,86,1,0,0
8611,67,1,0,0
8612,22,1,0,0
8613,14,1,0,0
8614,144,1,0,0
8615,100,1,0,0
8616,178,1,0,0
8617,98,1,0,0
8618,64,1,0,0
8619,31,1,0,0
8620,27,1,0,0
8621,43,1,0,0
8622,66,1,0,0
8623,49,1,0,0
8624,68,1,0,0
8625,76,1,0,0
8626,145,1,0,0
8627,14,1,0,0
8628,160,1,0,0
8629,54,1,0,0
8630,13,1,0,0
8631,64,1,0,0
8632,41,1,0,0
8633,115,1,0,0
8634,41,1,0,0
8635,123,1,0,0
8636,58,1,0,0
8637,29,1,0,0
8638,49,1,0,0
8639,16,1,0,0
8640,91,1,0,0
8641,99,1,0,0
8642,39,1,0,0
8643,86,1,0,0
8644,68,1,0,0
8645,62,1,0,0
8646,111,1,0,0
8647,96,1,0,0
8648,49,1,0,0
8649,29,1,0,0
8650,67,1,0,0
8651,24,1,0,0
8652,117,1,0,0
8653,82,1,0,0
8654,27,1,0,0
8655,96,1,0,0
8656,96,1,0,0
8657,92,1,0,0
8658,121,1,0,0
8659,20,1,0,0
8660,16,1,0,0
8661,213,1,0,0
8662,39,1,0,0
8663,79,1,0,0
8664,41,1,0,0
8665,61,1,0,0
8666,68,1,0,0
8667,82,1,0,0
8668,13,1,0,0
8669,69,1,0,0
8670,64,1,0,0
8671,59,1,0,0
8672,26,1,0,0
8673,140,1,0,0
8674,86,1,0,0
8675,12,1,0,0
8676,156,1,0,0
8677,27,1,0,0
8678,21,1,0,0
8679,21,1,0,0
8680,107,1,0,0
8681,45,1,0,0
8682,30,1,0,0
8683,200,1,0,0
8684,58,1,0,0
8685,159,1,0,0
8686,154,1,0,0
8687,80,1,0,0
8688,62,1,0,0
8689,103,1,0,0
8690,78,1,0,0
8691,34,1,0,0
8692,90,1,0,0
8693,90,1,0,0
8694,19,1,0,0
8695,25,1,0,0
8696,117,1,0,0
8697,53,1,0,0
8698,219,1,0,0
8699,16,1,0,0
8700,89,1,0,0
8701,62,1,0,0
8702,135,1,0,0
8703,25,1,0,0
8704,46,1,0,0
8705,54,1,0,0
8706,21,1,0,0
8707,118,1,0,0
8708,86,1,0,0
8709,72,1,0,0
8710,45,1,0,0
8711,54,1,0,0
8712,58,1,0,0
8713,104,1,0,0
8714,74,1,0,0
8715,155,1,0,0
8716,160,1,0,0
8717,85,1,0,0
8718,85,1,0,0
8719,22,1,0,0
8720,155,1,0,0
8721,38,1,0,0
8722,30,1,0,0
8723,46,1,0,0
8724,26,1,0,0
8725,31,1,0,0
8726,85,1,0,0
8727,31,1,0,0
8728,27,1,0,0
8729,17,1,0,0
8730,31,1,0,0
8731,63,1,0,0
8732,96,1,0,0
8733,124,1,0,0
8734,31,1,0,0
8735,31,1,0,0
8736,38,1,0,0
8737,149,1,0,0
8738,24,1,0,0
8739,159,1,0,0
8740,37,1,0,0
8741,140,1,0,0
8742,161,1,0,0
8743,61,1,0,0
8744,89,1,0,0
8745,50,1,0,0
8746,105,1,0,0
8747,59,1,0,0
8748,35,1,0,0
8749,131,1,0,0
8750,60,1,0,0
8751,36,1,0,0
8752,235,1,0,0
8753,42,1,0,0
8754,7,1,0,0
8755,162,1,0,0
8756,192,1,0,0
8757,121,1,0,0
8758,74,1,0,0
8759,206,1,0,0
8760,39,1,0,0
8761,149,1,0,0
8762,45,1,0,0
8763,40,1,0,0
8764,82,1,0,0
8765,46,1,0,0
8766,56,1,0,0
8767,86,1,0,0
8768,89,1,0,0
8769,65,1,0,0
8770,134,1,0,0
8771,61,1,0,0
8772,33,1,0,0
8773,28,1,0,0
8774,37,1,0,0
8775,49,1,0,0
8776,260,1,0,0
8777,126,1,0,0
8778,158,1,0,0
8779,155,1,0,0
8780,29,1,0,0
8781,37,1,0,0
8782,85,1,0,0
8783,80,1,0,0
8784,102,1,0,0
8785,48,1,0,0
8786,23,1,0,0
8787,82,1,0,0
8788,49,1,0,0
8789,75,1,0,0
8790,97,1,0,0
8791,80,1,0,0
8792,37,1,0,0
8793,45,1,0,0
8794,141,1,0,0
8795,85,1,0,0
8796,27,1,0,0
8797,23,1,0,0
8798,28,1,0,0
8799,95,1,0,0
8800,20,1,0,0
8801,29,1,0,0
8802,25,1,0,0
8803,116,1,0,0
8804,100,1,0,0
8805,56,1,0,0
8806,49,1,0,0
8807,133,1,0,0
8808,112,1,0,0
8809,40,1,0,0
8810,35,1,0,0
8811,149,1,0,0
8812,51,1,0,0
8813,19,1,0,0
8814,63,1,0,0
8815,10,1,0,0
8816,22,1,0,0
8817,101,1,0,0
8818,19,1,0,0
8819,11,1,0,0
8820,35,1,0,0
8821,63,1,0,0
8822,22,1,0,0
8823,41,1,0,0
8824,148,1,0,0
8825,162,1,0,0
8826,130,1,0,0
8827,86,1,0,0
8828,187,1,0,0
8829,44,1,0,0
8830,73,1,0,0
8831,39,1,0,0
8832,22,1,0,0
8833,18,1,0,0
8834,62,1,0,0
8835,90,1,0,0
8836,31,1,0,0
8837,115,1,0,0
8838,11,1,0,0
8839,52,1,0,0
8840,121,1,0,0
8841,68,1,0,0
8842,53,1,0,0
8843,166,1,0,0
8844,98,1,0,0
8845,52,1,0,0
8846,22,1,0,0
8847,17,1,0,0
8848,37,1,0,0
8849,179,1,0,0
8850,116,1,0,0
8851,57,1,0,0
8852,40,1,0,0
8853,21,1,0,0
8854,45,1,0,0
8855,124,1,0,0
8856,38,1,0,0
8857,99,1,0,0
8858,44,1,0,0
8859,155,1,0,0
8860,34,1,0,0
8861,170,1,0,0
8862,62,1,0,0
8863,213,1,0,0
8864,35,1,0,0
8865,66,1,0,0
8866,37,1,0,0
8867,60,1,0,0
8868,64,1,0,0
8869,63,1,0,0
8870,21,1,0,0
8871,63,1,0,0
8872,71,1,0,0
8873,17,1,0,0
8874,52,1,0,0
8875,14,1,0,0
8876,25,1,0,0
8877,32,1,0,0
8878,45,1,0,0
8879,107,1,0,0
8880,55,1,0,0
8881,44,1,0,0
8882,16,1,0,0
8883,88,1,0,0
8884,94,1,0,0
8885,99,1,0,0
8886,47,1,0,0
8887,142,1,0,0
8888,34,1,0,0
8889,128,1,0,0
8890,133,1,0,0
8891,52,1,0,0
8892,41,1,0,0
8893,32,1,0,0
8894,49,1,0,0
8895,14,1,0,0
8896,40,1,0,0
8897,121,1,0,0
8898,60,1,0,0
8899,150,1,0,0
8900,80,1,0,0
8901,37,1,0,0
8902,14,1,0,0
8903,47,1,0,0
8904,81,1,0,0
8905,20,1,0,0
8906,132,1,0,0
8907,16,1,0,0
8908,243,1,0,0
8909,134,1,0,0
8910,32,1,0,0
8911,95,1,0,0
8912,47,1,0,0
8913,49,1,0,0
8914,83,1,0,0
8915,37,1,0,0
8916,175,1,0,0
8917,159,1,0,0
8918,153,1,0,0
8919,53,1,0,0
8920,207,1,0,0
8921,82,1,0,0
8922,37,1,0,0
8923,291,1,0,0
8924,72,1,0,0
8925,166,1,0,0
8926,29,1,0,0
8927,40,1,0,0
8928,34,1,0,0
8929,60,1,0,0
8930,79,1,0,0
8931,222,1,0,0
8932,68,1,0,0
8933,166,1,0,0
8934,74,1,0,0
8935,20,1,0,0
8936,23,1,0,0
8937,66,1,0,0
8938,46,1,0,0
8939,97,1,0,0
8940,41,1,0,0
8941,73,1,0,0
8942,17,1,0,0
8943,97,1,0,0
8944,134,1,0,0
8945,28,1,0,0
8946,18,1,0,0
8947,71,1,0,0
8948,191,1,0,0
8949,75,1,0,0
8950,48,1,0,0
8951,149,1,0,0
8952,42,1,0,0
8953,174,1,0,0
8954,41,1,0,0
8955,16,1,0,0
8956,62,1,0,0
8957,72,1,0,0
8958,37,1,0,0
8959,35,1,0,0
8960,40,1,0,0
8961,180,1,0,0
8962,85,1,0,0
8963,55,1,0,0
8964,43,1,0,0
8965,85,1,0,0
8966,69,1,0,0
8967,88,1,0,0
8968,244,1,0,0
8969,257,1,0,0
8970,87,1,0,0
8971,125,1,0,0
8972,29,1,0,0
8973,49,1,0,0
8974,43,1,0,0
8975,9,1,0,0
8976,145,1,0,0
8977,102,1,0,0
8978,8,1,0,0
8979,46,1,0,0
8980,15,1,0,0
8981,21,1,0,0
8982,19,1,0,0
8983,49,1,0,0
8984,78,1,0,0
8985,18,1,0,0
8986,8,1,0,0
8987,33,1,0,0
8988,37,1,0,0
8989,163,1,0,0
8990,67,1,0,0
8991,66,1,0,0
8992,8,1,0,0
8993,28,1,0,0
8994,65,1,0,0
8995,133,1,0,0
8996,49,1,0,0
8997,18,1,0,0
8998,42,1,0,0
8999,15,1,0,0
9000,124,1,0,0
9001,40,1,0,0
9002,65,1,0,0
9003,13,1,0,0
9004,41,1,0,0
9005,69,1,0,0
9006,56,1,0,0
9007,59,1,0,0
9008,107,1,0,0
9009,257,1,0,0
9010,25,1,0,0
9011,76,1,0,0
9012,109,1,0,0
9013,34,1,0,0
9014,27,1,0,0
9015,22,1,0,0
9016,82,1,0,0
9017,67,1,0,0
9018,40,1,0,0
9019,218,1,0,0
9020,16,1,0,0
9021,89,1,0,0
9022,19,1,0,0
9023,144,1,0,0
9024,66,1,0,0
9025,33,1,0,0
9026,96,1,0,0
9027,13,1,0,0
9028,49,1,0,0
9029,232,1,0,0
9030,28,1,0,0
9031,59,1,0,0
9032,149,1,0,0
9033,84,1,0,0
9034,75,1,0,0
9035,115,1,0,0
9036,26,1,0,0
9037,60,1,0,0
9038,53,1,0,0
9039,31,1,0,0
9040,41,1,0,0
9041,57,1,0,0
9042,68,1,0,0
9043,101,1,0,0
9044,110,1,0,0
9045,39,1,0,0
9046,47,1,0,0
9047,68,1,0,0
9048,72,1,0,0
9049,52,1,0,0
9050,42,1,0,0
9051,88,1,0,0
9052,20,1,0,0
9053,184,1,0,0
9054,49,1,0,0
9055,87,1,0,0
9056,61,1,0,0
9057,144,1,0,0
9058,205,1,0,0
9059,124,1,0,0
9060,167,1,0,0
9061,86,1,0,0
9062,119,1,0,0
9063,93,1,0,0
9064,19,1,0,0
9065,64,1,0,0
9066,111,1,0,0
9067,136,1,0,0
9068,28,1,0,0
9069,89,1,0,0
9070,67,1,0,0
9071,27,1,0,0
9072,132,1,0,0
9073,42,1,0,0
9074,77,1,0,0
9075,114,1,0,0
9076,117,1,0,0
9077,101,1,0,0
9078,32,1,0,0
9079,20,1,0,0
9080,118,1,0,0
9081,89,1,0,0
9082,66,1,0,0
9083,26,1,0,0
9084,68,1,0,0
9085,110,1,0,0
9086,33,1,0,0
9087,226,1,0,0
9088,67,1,0,0
9089,15,1,0,0
9090,96,1,0,0
9091,116,1,0,0
9092,69,1,0,0
9093,14,1,0,0
9094,57,1,0,0
9095,27,1,0,0
9096,35,1,0,0
9097,23,1,0,0
9098,97,1,0,0
9099,24,1,0,0
9100,24,1,0,0
9101,40,1,0,0
9102,125,1,0,0
9103,20,1,0,0
9104,68,1,0,0
9105,36,1,0,0
9106,25,1,0,0
9107,174,1,0,0
9108,55,1,0,0
9109,28,1,0,0
9110,38,1,0,0
9111,29,1,0,0
9112,12,1,0,0
9113,238,1,0,0
9114,79,1,0,0
9115,32,1,0,0
9116,229,1,0,0
9117,96,1,0,0
9118,21,1,0,0
9119,152,1,0,0
9120,24,1,0,0
9121,51,1,0,0
9122,27,1,0,0
9123,59,1,0,0
9124,103,1,0,0
9125,152,1,0,0
9126,121,1,0,0
9127,117,1,0,0
9128,35,1,0,0
9129,54,1,0,0
9130,27,1,0,0
9131,34,1,0,0
9132,72,1,0,0
9133,69,1,0,0
9134,185,1,0,0
9135,67,1,0,0
9136,105,1,0,0
9137,61,1,0,0
9138,26,1,0,0
9139,137,1,0,0
9140,10,1,0,0
9141,68,1,0,0
9142,160,1,0,0
9143,49,1,0,0
9144,37,1,0,0
9145,16,1,0,0
9146,61,1,0,0
9147,72,1,0,0
9148,230,1,0,0
9149,64,1,0,0
9150,156,1,0,0
9151,72,1,0,0
9152,37,1,0,0
9153,10,1,0,0
9154,38,1,0,0
9155,51,1,0,0
9156,67,1,0,0
9157,32,1,0,0
9158,37,1,0,0
9159,44,1,0,0
9160,95,1,0,0
9161,43,1,0,0
9162,101,1,0,0
9163,64,1,0,0
9164,16,1,0,0
9165,94,1,0,0
9166,45,1,0,0
9167,112,1,0,0
9168,39,1,0,0
9169,13,1,0,0
9170,31,1,0,0
9171,176,1,0,0
9172,43,1,0,0
9173,49,1,0,0
9174,14,1,0,0
9175,31,1,0,0
9176,40,1,0,0
9177,38,1,0,0
9178,26,1,0,0
9179,29,1,0,0
9180,68,1,0,0
9181,109,1,0,0
9182,87,1,0,0
9183,59,1,0,0
9184,77,1,0,0
9185,34,1,0,0
9186,85,1,0,0
9187,18,1,0,0
9188,175,1,0,0
9189,39,1,0,0
9190,75,1,0,0
9191,83,1,0,0
9192,76,1,0,0
9193,19,1,0,0
9194,41,1,0,0
9195,45,1,0,0
9196,73,1,0,0
9197,71,1,0,0
9198,60,1,0,0
9199,62,1,0,0
9200,116,1,0,0
9201,42,1,0,0
9202,53,1,0,0
9203,29,1,0,0
9204,188,1,0,0
9205,15,1,0,0
9206,68,1,0,0
9207,188,1,0,0
9208,122,1,0,0
9209,65,1,0,0
9210,45,1,0,0
9211,31,1,0,0
9212,75,1,0,0
9213,74,1,0,0
9214,41,1,0,0
9215,36,1,0,0
9216,75,1,0,0
9217,70,1,0,0
9218,80,1,0,0
9219,56,1,0,0
9220,133,1,0,0
9221,123,1,0,0
9222,38,1,0,0
9223,9,1,0,0
9224,84,1,0,0
9225,19,1,0,0
9226,55,1,0,0
9227,61,1,0,0
9228,21,1,0,0
9229,55,1,0,0
9230,96,1,0,0
9231,95,1,0,0
9232,105,1,0,0
9233,25,1,0,0
9234,50,1,0,0
9235,50,1,0,0
9236,87,1,0,0
9237,148,1,0,0
9238,31,1,0,0
9239,130,1,0,0
9240,135,1,0,0
9241,38,1,0,0
9242,22,1,0,0
9243,22,1,0,0
9244,15,1,0,0
9245,48,1,0,0
9246,44,1,0,0
9247,23,1,0,0
9248,32,1,0,0
9249,164,1,0,0
9250,28,1,0,0
9251,41,1,0,0
9252,47,1,0,0
9253,157,1,0,0
9254,42,1,0,0
9255,74,1,0,0
9256,108,1,0,0
9257,103,1,0,0
9258,44,1,0,0
9259,117,1,0,0
9260,52,1,0,0
9261,106,1,0,0
9262,105,1,0,0
9263,41,1,0,0
9264,48,1,0,0
9265,139,1,0,0
9266,188,1,0,0
9267,62,1,0,0
9268,80,1,0,0
9269,44,1,0,0
9270,134,1,0,0
9271,21,1,0,0
9272,35,1,0,0
9273,53,1,0,0
9274,65,1,0,0
9275,30,1,0,0
9276,100,1,0,0
9277,70,1,0,0
9278,47,1,0,0
9279,101,1,0,0
9280,57,1,0,0
9281,10,1,0,0
9282,20,1,0,0
9283,67,1,0,0
9284,15,1,0,0
9285,156,1,0,0
9286,60,1,0,0
9287,165,1,0,0
9288,26,1,0,0
9289,51,1,0,0
9290,87,1,0,0
9291,51,1,0,0
9292,30,1,0,0
9293,142,1,0,0
9294,40,1,0,0
9295,74,1,0,0
9296,43,1,0,0
9297,127,1,0,0
9298,62,1,0,0
9299,24,1,0,0
9300,92,1,0,0
9301,70,1,0,0
9302,98,1,0,0
9303,35,1,0,0
9304,114,1,0,0
9305,117,1,0,0
9306,37,1,0,0
9307,69,1,0,0
9308,50,1,0,0
9309,41,1,0,0
9310,32,1,0,0
9311,42,1,0,0
9312,165,1,0,0
9313,86,1,0,0
9314,31,1,0,0
9315,130,1,0,0
9316,209,1,0,0
9317,69,1,0,0
9318,33,1,0,0
9319,24,1,0,0
9320,118,1,0,0
9321,98,1,0,0
9322,24,1,0,0
9323,76,1,0,0
9324,47,1,0,0
9325,31,1,0,0
9326,114,1,0,0
9327,37,1,0,0
9328,39,1,0,0
9329,74,1,0,0
9330,51,1,0,0
9331,72,1,0,0
9332,117,1,0,0
9333,32,1,0,0
9334,31,1,0,0
9335,26,1,0,0
9336,142,1,0,0
9337,79,1,0,0
9338,93,1,0,0
9339,7,1,0,0
9340,25,1,0,0
9341,127,1,0,0
9342,66,1,0,0
9343,43,1,0,0
9344,88,1,0,0
9345,40,1,0,0
9346,94,1,0,0
9347,51,1,0,0
9348,77,1,0,0
9349,86,1,0,0
9350,57,1,0,0
9351,37,1,0,0
9352,11,1,0,0
9353,71,1,0,0
9354,34,1,0,0
9355,22,1,0,0
9356,70,1,0,0
9357,129,1,0,0
9358,83,1,0,0
9359,87,1,0,0
9360,90,1,0,0
9361,18,1,0,0
9362,92,1,0,0
9363,34,1,0,0
9364,24,1,0,0
9365,91,1,0,0
9366,76,1,0,0
9367,11,1,0,0
9368,79,1,0,0
9369,103,1,0,0
9370,44,1,0,0
9371,26,1,0,0
9372,83,1,0,0
9373,176,1,0,0
9374,60,1,0,0
9375,37,1,0,0
9376,57,1,0,0
9377,103,1,0,0
9378,29,1,0,0
9379,80,1,0,0
9380,25,1,0,0
9381,70,1,0,0
9382,49,1,0,0
9383,46,1,0,0
9384,57,1,0,0
9385,77,1,0,0
9386,41,1,0,0
9387,41,1,0,0
9388,64,1,0,0
9389,27,1,0,0
9390,48,1,0,0
9391,24,1,0,0
9392,24,1,0,0
9393,42,1,0,0
9394,40,1,0,0
9395,83,1,0,0
9396,80,1,0,0
9397,49,1,0,0
9398,57,1,0,0
9399,109,1,0,0
9400,92,1,0,0
9401,81,1,0,0
9402,16,1,0,0
9403,51,1,0,0
9404,105,1,0,0
9405,102,1,0,0
9406,32,1,0,0
9407,69,1,0,0
9408,22,1,0,0
9409,114,1,0,0
9410,109,1,0,0
9411,327,1,0,0
9412,73,1,0,0
9413,62,1,0,0
9414,267,1,0,0
9415,133,1,0,0
9416,31,1,0,0
9417,181,1,0,0
9418,30,1,0,0
9419,50,1,0,0
9420,19,1,0,0
9421,95,1,0,0
9422,38,1,0,0
9423,95,1,0,0
9424,24,1,0,0
9425,78,1,0,0
9426,117,1,0,0
9427,11,1,0,0
9428,77,1,0,0
9429,112,1,0,0
9430,84,1,0,0
9431,36,1,0,0
9432,56,1,0,0
9433,106,1,0,0
9434,104,1,0,0
9435,81,1,0,0
9436,81,1,0,0
9437,65,1,0,0
9438,119,1,0,0
9439,94,1,0,0
9440,24,1,0,0
9441,54,1,0,0
9442,27,1,0,0
9443,61,1,0,0
9444,33,1,0,0
9445,51,1,0,0
9446,40,1,0,0
9447,131,1,0,0
9448,87,1,0,0
9449,202,1,0,0
9450,99,1,0,0
9451,48,1,0,0
9452,110,1,0,0
9453,67,1,0,0
9454,35,1,0,0
9455,91,1,0,0
9456,314,1,0,0
9457,60,1,0,0
9458,83,1,0,0
9459,22,1,0,0
9460,53,1,0,0
9461,42,1,0,0
9462,138,1,0,0
9463,44,1,0,0
9464,119,1,0,0
9465,83,1,0,0
9466,46,1,0,0
9467,34,1,0,0
9468,153,1,0,0
9469,35,1,0,0
9470,61,1,0,0
9471,55,1,0,0
9472,40,1,0,0
9473,80,1,0,0
9474,93,1,0,0
9475,24,1,0,0
9476,81,1,0,0
9477,47,1,0,0
9478,54,1,0,0
9479,69,1,0,0
9480,68,1,0,0
9481,26,1,0,0
9482,45,1,0,0
9483,87,1,0,0
9484,59,1,0,0
9485,41,1,0,0
9486,10,1,0,0
9487,16,1,0,0
9488,51,1,0,0
9489,42,1,0,0
9490,49,1,0,0
9491,106,1,0,0
9492,53,1,0,0
9493,38,1,0,0
9494,20,1,0,0
9495,132,1,0,0
9496,23,1,0,0
9497,222,1,0,0
9498,36,1,0,0
9499,42,1,0,0
9500,98,1,0,0
9501,38,1,0,0
9502,14,1,0,0
9503,28,1,0,0
9504,138,1,0,0
9505,154,1,0,0
9506,106,1,0,0
9507,75,1,0,0
9508,60,1,0,0
9509,77,1,0,0
9510,76,1,0,0
9511,51,1,0,0
9512,30,1,0,0
9513,32,1,0,0
9514,63,1,0,0
9515,18,1,0,0
9516,122,1,0,0
9517,38,1,0,0
9518,49,1,0,0
9519,176,1,0,0
9520,121,1,0,0
9521,87,1,0,0
9522,65,1,0,0
9523,137,1,0,0
9524,19,1,0,0
9525,27,1,0,0
9526,51,1,0,0
9527,84,1,0,0
9528,60,1,0,0
9529,56,1,0,0
9530,36,1,0,0
9531,56,1,0,0
9532,46,1,0,0
9533,145,1,0,0
9534,22,1,0,0
9535,246,1,0,0
9536,65,1,0,0
9537,66,1,0,0
9538,97,1,0,0
9539,137,1,0,0
9540,19,1,0,0
9541,124,1,0,0
9542,120,1,0,0
9543,90,1,0,0
9544,68,1,0,0
9545,87,1,0,0
9546,82,1,0,0
9547,118,1,0,0
9548,195,1,0,0
9549,19,1,0,0
9550,34,1,0,0
9551,141,1,0,0
9552,54,1,0,0
9553,126,1,0,0
9554,69,1,0,0
9555,60,1,0,0
9556,14,1,0,0
9557,15,1,0,0
9558,30,1,0,0
9559,99,1,0,0
9560,67,1,0,0
9561,121,1,0,0
9562,65,1,0,0
9563,18,1,0,0
9564,132,1,0,0
9565,55,1,0,0
9566,51,1,0,0
9567,27,1,0,0
9568,52,1,0,0
9569,96,1,0,0
9570,75,1,0,0
9571,114,1,0,0
9572,100,1,0,0
9573,107,1,0,0
9574,41,1,0,0
9575,84,1,0,0
9576,69,1,0,0
9577,59,1,0,0
9578,38,1,0,0
9579,97,1,0,0
9580,26,1,0,0
9581,93,1,0,0
9582,154,1,0,0
9583,85,1,0,0
9584,78,1,0,0
9585,80,1,0,0
9586,81,1,0,0
9587,16,1,0,0
9588,28,1,0,0
9589,70,1,0,0
9590,24,1,0,0
9591,57,1,0,0
9592,190,1,0,0
9593,28,1,0,0
9594,32,1,0,0
9595,91,1,0,0
9596,53,1,0,0
9597,33,1,0,0
9598,83,1,0,0
9599,36,1,0,0
9600,43,1,0,0
9601,40,1,0,0
9602,71,1,0,0
9603,37,1,0,0
9604,75,1,0,0
9605,55,1,0,0
9606,30,1,0,0
9607,12,1,0,0
9608,33,1,0,0
9609,86,1,0,0
9610,60,1,0,0
9611,16,1,0,0
9612,58,1,0,0
9613,23,1,0,0
9614,18,1,0,0
9615,28,1,0,0
9616,60,1,0,0
9617,32,1,0,0
9618,30,1,0,0
9619,39,1,0,0
9620,51,1,0,0
9621,8,1,0,0
9622,83,1,0,0
9623,16,1,0,0
9624,26,1,0,0
9625,22,1,0,0
9626,23,1,0,0
9627,10,1,0,0
9628,95,1,0,0
9629,27,1,0,0
9630,54,1,0,0
9631,106,1,0,0
9632,79,1,0,0
9633,10,1,0,0
9634,20,1,0,0
9635,62,1,0,0
9636,106,1,0,0
9637,60,1,0,0
9638,53,1,0,0
9639,92,1,0,0
9640,15,1,0,0
9641,25,1,0,0
9642,21,1,0,0
9643,46,1,0,0
9644,88,1,0,0
9645,75,1,0,0
9646,79,1,0,0
9647,72,1,0,0
9648,98,1,0,0
9649,23,1,0,0
9650,48,1,0,0
9651,9,1,0,0
9652,84,1,0,0
9653,84,1,0,0
9654,102,1,0,0
9655,149,1,0,0
9656,7,1,0,0
9657,26,1,0,0
9658,59,1,0,0
9659,47,1,0,0
9660,90,1,0,0
9661,11,1,0,0
9662,59,1,0,0
9663,60,1,0,0
9664,74,1,0,0
9665,60,1,0,0
9666,162,1,0,0
9667,48,1,0,0
9668,154,1,0,0
9669,42,1,0,0
9670,76,1,0,0
9671,31,1,0,0
9672,115,1,0,0
9673,26,1,0,0
9674,42,1,0,0
9675,40,1,0,0
9676,66,1,0,0
9677,59,1,0,0
9678,73,1,0,0
9679,33,1,0,0
9680,73,1,0,0
9681,63,1,0,0
9682,34,1,0,0
9683,163,1,0,0
9684,95,1,0,0
9685,175,1,0,0
9686,67,1,0,0
9687,40,1,0,0
9688,17,1,0,0
9689,47,1,0,0
9690,72,1,0,0
9691,155,1,0,0
9692,20,1,0,0
9693,49,1,0,0
9694,66,1,0,0
9695,184,1,0,0
9696,39,1,0,0
9697,49,1,0,0
9698,244,1,0,0
9699,45,1,0,0
9700,30,1,0,0
9701,36,1,0,0
9702,112,1,0,0
9703,213,1,0,0
9704,82,1,0,0
9705,21,1,0,0
9706,437,1,0,0
9707,64,1,0,0
9708,16,1,0,0
9709,71,1,0,0
9710,9,1,0,0
9711,47,1,0,0
9712,29,1,0,0
9713,92,1,0,0
9714,51,1,0,0
9715,46,1,0,0
9716,180,1,0,0
9717,73,1,0,0
9718,25,1,0,0
9719,39,1,0,0
9720,43,1,0,0
9721,45,1,0,0
9722,10,1,0,0
9723,78,1,0,0
9724,185,1,0,0
9725,73,1,0,0
9726,106,1,0,0
9727,34,1,0,0
9728,50,1,0,0
9729,20,1,0,0
9730,50,1,0,0
9731,78,1,0,0
9732,14,1,0,0
9733,21,1,0,0
9734,61,1,0,0
9735,33,1,0,0
9736,30,1,0,0
9737,78,1,0,0
9738,57,1,0,0
9739,88,1,0,0
9740,91,1,0,0
9741,88,1,0,0
9742,113,1,0,0
9743,138,1,0,0
9744,73,1,0,0
9745,27,1,0,0
9746,203,1,0,0
9747,14,1,0,0
9748,98,1,0,0
9749,67,1,0,0
9750,168,1,0,0
9751,16,1,0,0
9752,126,1,0,0
9753,15,1,0,0
9754,56,1,0,0
9755,77,1,0,0
9756,28,1,0,0
9757,52,1,0,0
9758,93,1,0,0
9759,89,1,0,0
9760,73,1,0,0
9761,21,1,0,0
9762,31,1,0,0
9763,147,1,0,0
9764,38,1,0,0
9765,61,1,0,0
9766,63,1,0,0
9767,37,1,0,0
9768,19,1,0,0
9769,59,1,0,0
9770,59,1,0,0
9771,36,1,0,0
9772,155,1,0,0
9773,25,1,0,0
9774,141,1,0,0
9775,70,1,0,0
9776,78,1,0,0
9777,92,1,0,0
9778,68,1,0,0
9779,36,1,0,0
9780,53,1,0,0
9781,12,1,0,0
9782,20,1,0,0
9783,60,1,0,0
9784,67,1,0,0
9785,24,1,0,0
9786,78,1,0,0
9787,29,1,0,0
9788,155,1,0,0
9789,62,1,0,0
9790,74,1,0,0
9791,39,1,0,0
9792,8,1,0,0
9793,94,1,0,0
9794,111,1,0,0
9795,16,1,0,0
9796,87,1,0,0
9797,198,1,0,0
9798,24,1,0,0
9799,32,1,0,0
9800,66,1,0,0
9801,136,1,0,0
9802,93,1,0,0
9803,44,1,0,0
9804,56,1,0,0
9805,156,1,0,0
9806,55,1,0,0
9807,57,1,0,0
9808,50,1,0,0
9809,210,1,0,0
9810,19,1,0,0
9811,35,1,0,0
9812,55,1,0,0
9813,18,1,0,0
9814,50,1,0,0
9815,32,1,0,0
9816,42,1,0,0
9817,38,1,0,0
9818,34,1,0,0
9819,14,1,0,0
9820,216,1,0,0
9821,68,1,0,0
9822,44,1,0,0
9823,78,1,0,0
9824,42,1,0,0
9825,43,1,0,0
9826,32,1,0,0
9827,58,1,0,0
9828,39,1,0,0
9829,49,1,0,0
9830,48,1,0,0
9831,117,1,0,0
9832,144,1,0,0
9833,16,1,0,0
9834,28,1,0,0
9835,193,1,0,0
9836,47,1,0,0
9837,72,1,0,0
9838,46,1,0,0
9839,51,1,0,0
9840,55,1,0,0
9841,21,1,0,0
9842,31,1,0,0
9843,34,1,0,0
9844,70,1,0,0
9845,33,1,0,0
9846,64,1,0,0
9847,114,1,0,0
9848,33,1,0,0
9849,59,1,0,0
9850,105,1,0,0
9851,86,1,0,0
9852,32,1,0,0
9853,84,1,0,0
9854,55,1,0,0
9855,105,1,0,0
9856,20,1,0,0
9857,133,1,0,0
9858,144,1,0,0
9859,70,1,0,0
9860,68,1,0,0
9861,327,1,0,0
9862,96,1,0,0
9863,119,1,0,0
9864,27,1,0,0
9865,372,1,0,0
9866,18,1,0,0
9867,107,1,0,0
9868,67,1,0,0
9869,62,1,0,0
9870,41,1,0,0
9871,89,1,0,0
9872,113,1,0,0
9873,190,1,0,0
9874,50,1,0,0
9875,52,1,0,0
9876,56,1,0,0
9877,36,1,0,0
9878,14,1,0,0
9879,98,1,0,0
9880,16,1,0,0
9881,42,1,0,0
9882,48,1,0,0
9883,128,1,0,0
9884,32,1,0,0
9885,52,1,0,0
9886,28,1,0,0
9887,31,1,0,0
9888,23,1,0,0
9889,146,1,0,0
9890,150,1,0,0
9891,211,1,0,0
9892,32,1,0,0
9893,62,1,0,0
9894,17,1,0,0
9895,196,1,0,0
9896,57,1,0,0
9897,160,1,0,0
9898,74,1,0,0
9899,23,1,0,0
9900,117,1,0,0
9901,218,1,0,0
9902,124,1,0,0
9903,170,1,0,0
9904,19,1,0,0
9905,121,1,0,0
9906,192,1,0,0
9907,68,1,0,0
9908,19,1,0,0
9909,32,1,0,0
9910,40,1,0,0
9911,26,1,0,0
9912,114,1,0,0
9913,47,1,0,0
9914,82,1,0,0
9915,106,1,0,0
9916,52,1,0,0
9917,77,1,0,0
9918,126,1,0,0
9919,53,1,0,0
9920,22,1,0,0
9921,40,1,0,0
9922,69,1,0,0
9923,76,1,0,0
9924,76,1,0,0
9925,37,1,0,0
9926,72,1,0,0
9927,9,1,0,0
9928,154,1,0,0
9929,27,1,0,0
9930,55,1,0,0
9931,65,1,0,0
9932,77,1,0,0
9933,52,1,0,0
9934,67,1,0,0
9935,50,1,0,0
9936,118,1,0,0
9937,78,1,0,0
9938,96,1,0,0
9939,187,1,0,0
9940,84,1,0,0
9941,106,1,0,0
9942,64,1,0,0
9943,165,1,0,0
9944,164,1,0,0
9945,73,1,0,0
9946,32,1,0,0
9947,42,1,0,0
9948,27,1,0,0
9949,80,1,0,0
9950,192,1,0,0
9951,78,1,0,0
9952,65,1,0,0
9953,80,1,0,0
9954,231,1,0,0
9955,33,1,0,0
9956,65,1,0,0
9957,41,1,0,0
9958,55,1,0,0
9959,51,1,0,0
9960,41,1,0,0
9961,87,1,0,0
9962,38,1,0,0
9963,53,1,0,0
9964,41,1,0,0
9965,37,1,0,0
9966,31,1,0,0
9967,17,1,0,0
9968,89,1,0,0
9969,53,1,0,0
9970,65,1,0,0
9971,55,1,0,0
9972,156,1,0,0
9973,22,1,0,0
9974,54,1,0,0
9975,96,1,0,0
9976,74,1,0,0
9977,72,1,0,0
9978,95,1,0,0
9979,107,1,0,0
9980,107,1,0,0
9981,34,1,0,0
9982,166,1,0,0
9983,31,1,0,0
9984,73,1,0,0
9985,113,1,0,0
9986,87,1,0,0
9987,115,1,0,0
9988,45,1,0,0
9989,16,1,0,0
9990,21,1,0,0
9991,35,1,0,0
9992,54,1,0,0
9993,99,1,0,0
9994,29,1,0,0
9995,116,1,0,0
9996,23,1,0,0
9997,43,1,0,0
9998,37,1,0,0
9999,37,1,0,0
