dim_name,dim,model,case,L,N,T,step,quantity,value,n_alive,local_exponent
2d,2,saw,L64_N1000_T10000,64,1000,10000,1,mean_r2,1.0,10000.0,
2d,2,saw,L64_N1000_T10000,64,1000,10000,2,mean_r2,2.6602,10000.0,
2d,2,saw,L64_N1000_T10000,64,1000,10000,3,mean_r2,4.564,10000.0,
2d,2,saw,L64_N1000_T10000,64,1000,10000,4,mean_r2,6.7722,10000.0,
2d,2,saw,L64_N1000_T10000,64,1000,10000,5,mean_r2,9.0076,10000.0,
2d,2,saw,L64_N1000_T10000,64,1000,10000,6,mean_r2,11.4098,10000.0,1.334656355009909
2d,2,saw,L64_N1000_T10000,64,1000,10000,7,mean_r2,13.8872,10000.0,1.301141255832547
2d,2,saw,L64_N1000_T10000,64,1000,10000,8,mean_r2,16.541520585,9983.0,1.2919541725242325
2d,2,saw,L64_N1000_T10000,64,1000,10000,9,mean_r2,19.1797369214,9959.0,1.2742053461275797
2d,2,saw,L64_N1000_T10000,64,1000,10000,10,mean_r2,21.8057880407,9917.0,1.2726579164928427
2d,2,saw,L64_N1000_T10000,64,1000,10000,11,mean_r2,24.5415147833,9876.0,1.2683882928202683
2d,2,saw,L64_N1000_T10000,64,1000,10000,12,mean_r2,27.3778275932,9814.0,1.2652633222589142
2d,2,saw,L64_N1000_T10000,64,1000,10000,13,mean_r2,30.3452417616,9741.0,1.2627141911697193
2d,2,saw,L64_N1000_T10000,64,1000,10000,14,mean_r2,33.4182871328,9668.0,1.2609951099327905
2d,2,saw,L64_N1000_T10000,64,1000,10000,15,mean_r2,36.460383653,9592.0,1.2668240842275942
2d,2,saw,L64_N1000_T10000,64,1000,10000,16,mean_r2,39.588749605,9493.0,1.270701689588069
2d,2,saw,L64_N1000_T10000,64,1000,10000,17,mean_r2,42.6761297182,9405.0,1.2746622694724115
2d,2,saw,L64_N1000_T10000,64,1000,10000,18,mean_r2,46.0554779056,9301.0,1.2745877657608624
2d,2,saw,L64_N1000_T10000,64,1000,10000,19,mean_r2,49.2095671982,9219.0,1.2712596494752357
2d,2,saw,L64_N1000_T10000,64,1000,10000,20,mean_r2,52.4715429323,9119.0,1.266804648706466
2d,2,saw,L64_N1000_T10000,64,1000,10000,21,mean_r2,55.8146508797,9037.0,1.2670025539073466
2d,2,saw,L64_N1000_T10000,64,1000,10000,22,mean_r2,59.2847385511,8931.0,1.275599866918757
2d,2,saw,L64_N1000_T10000,64,1000,10000,23,mean_r2,62.7933529279,8846.0,1.2632776545580755
2d,2,saw,L64_N1000_T10000,64,1000,10000,24,mean_r2,66.3078155395,8739.0,1.2695795632111542
2d,2,saw,L64_N1000_T10000,64,1000,10000,25,mean_r2,69.6402403791,8653.0,1.2765819171992394
2d,2,saw,L64_N1000_T10000,64,1000,10000,26,mean_r2,73.2358180966,8532.0,1.2749398983046665
2d,2,saw,L64_N1000_T10000,64,1000,10000,27,mean_r2,76.996675374,8422.0,1.268792476557817
2d,2,saw,L64_N1000_T10000,64,1000,10000,28,mean_r2,80.4796336467,8298.0,1.2730105427380909
2d,2,saw,L64_N1000_T10000,64,1000,10000,29,mean_r2,84.1784100623,8189.0,1.2782490210070387
2d,2,saw,L64_N1000_T10000,64,1000,10000,30,mean_r2,88.0478492624,8067.0,1.2842127981765252
2d,2,saw,L64_N1000_T10000,64,1000,10000,31,mean_r2,91.7053358443,7965.0,1.289237878286677
2d,2,saw,L64_N1000_T10000,64,1000,10000,32,mean_r2,95.3696260494,7862.0,1.2907016777675735
2d,2,saw,L64_N1000_T10000,64,1000,10000,33,mean_r2,99.4269315104,7753.0,1.312086947859768
2d,2,saw,L64_N1000_T10000,64,1000,10000,34,mean_r2,103.4957410562,7631.0,1.3069831266925933
2d,2,saw,L64_N1000_T10000,64,1000,10000,35,mean_r2,107.2802446158,7522.0,1.2981158892945845
2d,2,saw,L64_N1000_T10000,64,1000,10000,36,mean_r2,111.4116059379,7410.0,1.3110703022391144
2d,2,saw,L64_N1000_T10000,64,1000,10000,37,mean_r2,115.6349075975,7305.0,1.3076703649225483
2d,2,saw,L64_N1000_T10000,64,1000,10000,38,mean_r2,120.1440489433,7192.0,1.289938664813979
2d,2,saw,L64_N1000_T10000,64,1000,10000,39,mean_r2,123.9840463081,7083.0,1.2895207660525898
2d,2,saw,L64_N1000_T10000,64,1000,10000,40,mean_r2,127.9097679748,6982.0,1.2966599342423002
2d,2,saw,L64_N1000_T10000,64,1000,10000,41,mean_r2,132.3084548105,6860.0,1.287828683695531
2d,2,saw,L64_N1000_T10000,64,1000,10000,42,mean_r2,136.0959026128,6736.0,1.2710944435574971
2d,2,saw,L64_N1000_T10000,64,1000,10000,43,mean_r2,139.8905285349,6641.0,1.2531687719254154
2d,2,saw,L64_N1000_T10000,64,1000,10000,44,mean_r2,144.3161606869,6522.0,1.2640292992068065
2d,2,saw,L64_N1000_T10000,64,1000,10000,45,mean_r2,148.6082827339,6423.0,1.2628600425576066
2d,2,saw,L64_N1000_T10000,64,1000,10000,46,mean_r2,152.7659844518,6303.0,1.2515776889751962
2d,2,saw,L64_N1000_T10000,64,1000,10000,47,mean_r2,156.7295029051,6196.0,1.2755975932975872
2d,2,saw,L64_N1000_T10000,64,1000,10000,48,mean_r2,161.0073903761,6089.0,1.299422391411718
2d,2,saw,L64_N1000_T10000,64,1000,10000,49,mean_r2,165.4515698063,5988.0,1.2992159765122253
2d,2,saw,L64_N1000_T10000,64,1000,10000,50,mean_r2,169.5459789617,5894.0,1.2966583465570385
2d,2,saw,L64_N1000_T10000,64,1000,10000,51,mean_r2,173.8681527562,5787.0,1.2953817177061497
2d,2,saw,L64_N1000_T10000,64,1000,10000,52,mean_r2,178.7153670128,5681.0,1.2999063585530366
2d,2,saw,L64_N1000_T10000,64,1000,10000,53,mean_r2,183.5631484794,5590.0,1.310855472299457
2d,2,saw,L64_N1000_T10000,64,1000,10000,54,mean_r2,188.3079446064,5488.0,1.3084550083050508
2d,2,saw,L64_N1000_T10000,64,1000,10000,55,mean_r2,192.7733605796,5383.0,1.3303413388035277
2d,2,saw,L64_N1000_T10000,64,1000,10000,56,mean_r2,197.1021566402,5286.0,1.3454838858539089
2d,2,saw,L64_N1000_T10000,64,1000,10000,57,mean_r2,201.3970051833,5209.0,1.3447498788859438
2d,2,saw,L64_N1000_T10000,64,1000,10000,58,mean_r2,206.3387380348,5119.0,1.359781856488205
2d,2,saw,L64_N1000_T10000,64,1000,10000,59,mean_r2,210.9626391097,5032.0,1.354874719050706
2d,2,saw,L64_N1000_T10000,64,1000,10000,60,mean_r2,216.0854770103,4937.0,1.3597807671887203
2d,2,saw,L64_N1000_T10000,64,1000,10000,61,mean_r2,221.2301980198,4848.0,1.381255489006628
2d,2,saw,L64_N1000_T10000,64,1000,10000,62,mean_r2,226.4045321024,4766.0,1.3690733808612119
2d,2,saw,L64_N1000_T10000,64,1000,10000,63,mean_r2,232.1972585136,4669.0,1.339427426972989
2d,2,saw,L64_N1000_T10000,64,1000,10000,64,mean_r2,237.0498687664,4572.0,1.317300436268826
2d,2,saw,L64_N1000_T10000,64,1000,10000,65,mean_r2,241.9357349344,4497.0,1.3089709710305832
2d,2,saw,L64_N1000_T10000,64,1000,10000,66,mean_r2,247.3159446587,4409.0,1.3147950480105874
2d,2,saw,L64_N1000_T10000,64,1000,10000,67,mean_r2,251.2822933456,4343.0,1.3104365141211556
2d,2,saw,L64_N1000_T10000,64,1000,10000,68,mean_r2,255.3345873501,4253.0,1.2787292476944827
2d,2,saw,L64_N1000_T10000,64,1000,10000,69,mean_r2,259.285441071,4183.0,1.2776790831067326
2d,2,saw,L64_N1000_T10000,64,1000,10000,70,mean_r2,264.3972802331,4118.0,1.3078642845806976
2d,2,saw,L64_N1000_T10000,64,1000,10000,71,mean_r2,270.1014349332,4042.0,1.3068180816739112
2d,2,saw,L64_N1000_T10000,64,1000,10000,72,mean_r2,275.4139416984,3945.0,1.3514567977911462
2d,2,saw,L64_N1000_T10000,64,1000,10000,73,mean_r2,280.3322997416,3870.0,1.3772943600277916
2d,2,saw,L64_N1000_T10000,64,1000,10000,74,mean_r2,285.3642838301,3791.0,1.399056758442924
2d,2,saw,L64_N1000_T10000,64,1000,10000,75,mean_r2,291.7299703264,3707.0,1.375353252119533
2d,2,saw,L64_N1000_T10000,64,1000,10000,76,mean_r2,297.3859263332,3638.0,1.3422668996444131
2d,2,saw,L64_N1000_T10000,64,1000,10000,77,mean_r2,303.2573922839,3551.0,1.3354022486151809
2d,2,saw,L64_N1000_T10000,64,1000,10000,78,mean_r2,308.4442528736,3480.0,1.3136658531817895
2d,2,saw,L64_N1000_T10000,64,1000,10000,79,mean_r2,313.3371512482,3405.0,1.3086805657767624
2d,2,saw,L64_N1000_T10000,64,1000,10000,80,mean_r2,317.6994011976,3340.0,1.261060674530674
2d,2,saw,L64_N1000_T10000,64,1000,10000,81,mean_r2,322.3594132029,3272.0,1.222388718575612
2d,2,saw,L64_N1000_T10000,64,1000,10000,82,mean_r2,327.6508135169,3196.0,1.1750602879158631
2d,2,saw,L64_N1000_T10000,64,1000,10000,83,mean_r2,331.8309455587,3141.0,1.147091916752714
2d,2,saw,L64_N1000_T10000,64,1000,10000,84,mean_r2,336.8521286968,3077.0,1.1809393889158042
2d,2,saw,L64_N1000_T10000,64,1000,10000,85,mean_r2,341.6090425532,3008.0,1.1659137289710295
2d,2,saw,L64_N1000_T10000,64,1000,10000,86,mean_r2,345.8949152542,2950.0,1.1901796598630356
2d,2,saw,L64_N1000_T10000,64,1000,10000,87,mean_r2,350.0443828017,2884.0,1.167039537339625
2d,2,saw,L64_N1000_T10000,64,1000,10000,88,mean_r2,354.217989418,2835.0,1.189914014128523
2d,2,saw,L64_N1000_T10000,64,1000,10000,89,mean_r2,360.6955266955,2772.0,1.1719305614710571
2d,2,saw,L64_N1000_T10000,64,1000,10000,90,mean_r2,364.4649963154,2714.0,1.168947293948813
2d,2,saw,L64_N1000_T10000,64,1000,10000,91,mean_r2,370.2640301318,2655.0,1.1980799132847806
2d,2,saw,L64_N1000_T10000,64,1000,10000,92,mean_r2,374.7424184261,2605.0,1.2144992898709377
2d,2,saw,L64_N1000_T10000,64,1000,10000,93,mean_r2,379.9307240705,2555.0,1.22356776273171
2d,2,saw,L64_N1000_T10000,64,1000,10000,94,mean_r2,384.3141945774,2508.0,1.2084318294335954
2d,2,saw,L64_N1000_T10000,64,1000,10000,95,mean_r2,389.0406504065,2460.0,1.2515073057005304
2d,2,saw,L64_N1000_T10000,64,1000,10000,96,mean_r2,394.6206322795,2404.0,1.2814592692210272
2d,2,saw,L64_N1000_T10000,64,1000,10000,97,mean_r2,399.4948805461,2344.0,1.2962679440947693
2d,2,saw,L64_N1000_T10000,64,1000,10000,98,mean_r2,404.0771899393,2306.0,1.2710020809304823
2d,2,saw,L64_N1000_T10000,64,1000,10000,99,mean_r2,410.2276350753,2258.0,1.339510607697486
2d,2,saw,L64_N1000_T10000,64,1000,10000,100,mean_r2,415.8355916893,2214.0,1.3194449963256565
2d,2,saw,L64_N1000_T10000,64,1000,10000,101,mean_r2,423.1905642923,2162.0,1.2816113628383756
2d,2,saw,L64_N1000_T10000,64,1000,10000,102,mean_r2,428.3725768322,2115.0,1.2772582699854476
2d,2,saw,L64_N1000_T10000,64,1000,10000,103,mean_r2,432.5923076923,2080.0,1.3156712329872575
2d,2,saw,L64_N1000_T10000,64,1000,10000,104,mean_r2,440.0462143559,2034.0,1.2563056481529022
2d,2,saw,L64_N1000_T10000,64,1000,10000,105,mean_r2,443.9617706237,1988.0,1.2817962120423159
2d,2,saw,L64_N1000_T10000,64,1000,10000,106,mean_r2,448.0572012257,1958.0,1.2107791582400191
2d,2,saw,L64_N1000_T10000,64,1000,10000,107,mean_r2,452.832723471,1913.0,1.2421646279286258
2d,2,saw,L64_N1000_T10000,64,1000,10000,108,mean_r2,459.1796246649,1865.0,1.2861058279283948
2d,2,saw,L64_N1000_T10000,64,1000,10000,109,mean_r2,462.9430449069,1826.0,1.1485852656947908
2d,2,saw,L64_N1000_T10000,64,1000,10000,110,mean_r2,469.871003926,1783.0,1.1765232307116782
2d,2,saw,L64_N1000_T10000,64,1000,10000,111,mean_r2,474.4384349827,1738.0,1.1756383399791976
2d,2,saw,L64_N1000_T10000,64,1000,10000,112,mean_r2,481.1447135263,1693.0,1.208325830733684
2d,2,saw,L64_N1000_T10000,64,1000,10000,113,mean_r2,487.3413461538,1664.0,1.209996384086269
2d,2,saw,L64_N1000_T10000,64,1000,10000,114,mean_r2,488.98340504,1627.0,1.2112566540388952
2d,2,saw,L64_N1000_T10000,64,1000,10000,115,mean_r2,494.1152882206,1596.0,1.1263420811085834
2d,2,saw,L64_N1000_T10000,64,1000,10000,116,mean_r2,498.152368758,1562.0,1.128491297220657
2d,2,saw,L64_N1000_T10000,64,1000,10000,117,mean_r2,504.4560832791,1537.0,1.1418711293461796
2d,2,saw,L64_N1000_T10000,64,1000,10000,118,mean_r2,511.1130319149,1504.0,1.100797675307481
2d,2,saw,L64_N1000_T10000,64,1000,10000,119,mean_r2,514.8743169399,1464.0,1.1301671925847214
2d,2,saw,L64_N1000_T10000,64,1000,10000,120,mean_r2,518.2526023595,1441.0,1.0784295169702127
2d,2,saw,L64_N1000_T10000,64,1000,10000,121,mean_r2,522.9447983015,1413.0,1.0741771271349514
2d,2,saw,L64_N1000_T10000,64,1000,10000,122,mean_r2,530.5018181818,1375.0,1.005112588947004
2d,2,saw,L64_N1000_T10000,64,1000,10000,123,mean_r2,535.0224047797,1339.0,0.9415943715638002
2d,2,saw,L64_N1000_T10000,64,1000,10000,124,mean_r2,537.7299771167,1311.0,0.9475600369528622
2d,2,saw,L64_N1000_T10000,64,1000,10000,125,mean_r2,540.6056338028,1278.0,0.9819660574905636
2d,2,saw,L64_N1000_T10000,64,1000,10000,126,mean_r2,544.4257347101,1259.0,1.0124068432704891
2d,2,saw,L64_N1000_T10000,64,1000,10000,127,mean_r2,547.8016326531,1225.0,0.9519857671102623
2d,2,saw,L64_N1000_T10000,64,1000,10000,128,mean_r2,551.7998331943,1199.0,1.022410866433455
2d,2,saw,L64_N1000_T10000,64,1000,10000,129,mean_r2,555.7843803056,1178.0,1.0675777472774495
2d,2,saw,L64_N1000_T10000,64,1000,10000,130,mean_r2,560.6304728546,1142.0,1.0445516695789465
2d,2,saw,L64_N1000_T10000,64,1000,10000,131,mean_r2,566.7214285714,1120.0,1.0697154301911327
2d,2,saw,L64_N1000_T10000,64,1000,10000,132,mean_r2,571.8185151237,1091.0,1.1067578762261296
2d,2,saw,L64_N1000_T10000,64,1000,10000,133,mean_r2,579.5344664778,1059.0,1.171452572574441
2d,2,saw,L64_N1000_T10000,64,1000,10000,134,mean_r2,584.1489361702,1034.0,1.150634914846674
2d,2,saw,L64_N1000_T10000,64,1000,10000,135,mean_r2,585.8594059406,1010.0,1.1241148294214787
2d,2,saw,L64_N1000_T10000,64,1000,10000,136,mean_r2,590.7712550607,988.0,1.015211216571866
2d,2,saw,L64_N1000_T10000,64,1000,10000,137,mean_r2,595.7366255144,972.0,0.9397162587849128
2d,2,saw,L64_N1000_T10000,64,1000,10000,138,mean_r2,602.6315789474,950.0,0.7592389984979812
2d,2,saw,L64_N1000_T10000,64,1000,10000,139,mean_r2,605.6417112299,935.0,0.6606206524327257
2d,2,saw,L64_N1000_T10000,64,1000,10000,140,mean_r2,609.3347969265,911.0,0.7283150519950702
2d,2,saw,L64_N1000_T10000,64,1000,10000,141,mean_r2,610.6655443322,891.0,0.6247240658487533
2d,2,saw,L64_N1000_T10000,64,1000,10000,142,mean_r2,612.4360730594,876.0,0.6688223724366641
2d,2,saw,L64_N1000_T10000,64,1000,10000,143,mean_r2,612.3270588235,850.0,0.5768211660860433
2d,2,saw,L64_N1000_T10000,64,1000,10000,144,mean_r2,612.5944645006,831.0,0.5477082680165939
2d,2,saw,L64_N1000_T10000,64,1000,10000,145,mean_r2,617.157635468,812.0,0.4437059660099228
2d,2,saw,L64_N1000_T10000,64,1000,10000,146,mean_r2,617.5463659148,798.0,0.47464256028667334
2d,2,saw,L64_N1000_T10000,64,1000,10000,147,mean_r2,624.4793814433,776.0,0.579694198752194
2d,2,saw,L64_N1000_T10000,64,1000,10000,148,mean_r2,627.4472630174,749.0,0.6436856625445881
2d,2,saw,L64_N1000_T10000,64,1000,10000,149,mean_r2,629.1307901907,734.0,0.7374850836498663
2d,2,saw,L64_N1000_T10000,64,1000,10000,150,mean_r2,628.2765363128,716.0,0.6624159591528396
2d,2,saw,L64_N1000_T10000,64,1000,10000,151,mean_r2,630.8523878437,691.0,0.7117185939380954
2d,2,saw,L64_N1000_T10000,64,1000,10000,152,mean_r2,637.0796992481,665.0,0.6267362213230433
2d,2,saw,L64_N1000_T10000,64,1000,10000,153,mean_r2,639.5567651633,643.0,0.6154571553130127
2d,2,saw,L64_N1000_T10000,64,1000,10000,154,mean_r2,643.6900958466,626.0,0.5725696303595595
2d,2,saw,L64_N1000_T10000,64,1000,10000,155,mean_r2,645.0332778702,601.0,0.5901001270056901
2d,2,saw,L64_N1000_T10000,64,1000,10000,156,mean_r2,647.3616298812,589.0,0.4685026230176083
2d,2,saw,L64_N1000_T10000,64,1000,10000,157,mean_r2,650.7762237762,572.0,0.4657127737883119
2d,2,saw,L64_N1000_T10000,64,1000,10000,158,mean_r2,653.2108108108,555.0,0.4225951225932882
2d,2,saw,L64_N1000_T10000,64,1000,10000,159,mean_r2,652.9705882353,544.0,0.2921357374991958
2d,2,saw,L64_N1000_T10000,64,1000,10000,160,mean_r2,652.6654064272,529.0,0.14727576090520658
2d,2,saw,L64_N1000_T10000,64,1000,10000,161,mean_r2,650.0923379175,509.0,-0.0364265392785552
2d,2,saw,L64_N1000_T10000,64,1000,10000,162,mean_r2,656.2672064777,494.0,-0.18431976939157635
2d,2,saw,L64_N1000_T10000,64,1000,10000,163,mean_r2,656.8993710692,477.0,-0.18397138522511444
2d,2,saw,L64_N1000_T10000,64,1000,10000,164,mean_r2,655.6301075269,465.0,-0.11125843953964139
2d,2,saw,L64_N1000_T10000,64,1000,10000,165,mean_r2,651.0,446.0,-0.08481869319809855
2d,2,saw,L64_N1000_T10000,64,1000,10000,166,mean_r2,645.8981481481,432.0,-0.03873452649651514
2d,2,saw,L64_N1000_T10000,64,1000,10000,167,mean_r2,643.4114832536,418.0,-0.14011087339818973
2d,2,saw,L64_N1000_T10000,64,1000,10000,168,mean_r2,645.8774509804,408.0,0.06852280902870506
2d,2,saw,L64_N1000_T10000,64,1000,10000,169,mean_r2,648.5544303797,395.0,0.1135514914714285
2d,2,saw,L64_N1000_T10000,64,1000,10000,170,mean_r2,649.3179487179,390.0,0.16343743898252247
2d,2,saw,L64_N1000_T10000,64,1000,10000,171,mean_r2,648.5767195767,378.0,0.20567485654772383
2d,2,saw,L64_N1000_T10000,64,1000,10000,172,mean_r2,650.7826086957,368.0,0.19964745480499582
2d,2,saw,L64_N1000_T10000,64,1000,10000,173,mean_r2,659.5849582173,359.0,0.3411636894339584
2d,2,saw,L64_N1000_T10000,64,1000,10000,174,mean_r2,660.0514285714,350.0,0.20504072302823553
2d,2,saw,L64_N1000_T10000,64,1000,10000,175,mean_r2,657.2906976744,344.0,0.10446519582248605
2d,2,saw,L64_N1000_T10000,64,1000,10000,176,mean_r2,653.7160120846,331.0,-0.09427072088123592
2d,2,saw,L64_N1000_T10000,64,1000,10000,177,mean_r2,650.9254658385,322.0,-0.1268059812175706
2d,2,saw,L64_N1000_T10000,64,1000,10000,178,mean_r2,658.7444794953,317.0,-0.22260559257962798
2d,2,saw,L64_N1000_T10000,64,1000,10000,179,mean_r2,656.2442996743,307.0,-0.06865083288851943
2d,2,saw,L64_N1000_T10000,64,1000,10000,180,mean_r2,653.2066666667,300.0,0.0033265713293215084
2d,2,saw,L64_N1000_T10000,64,1000,10000,181,mean_r2,645.1111111111,288.0,-0.0707238114216689
2d,2,saw,L64_N1000_T10000,64,1000,10000,182,mean_r2,646.1357142857,280.0,-0.02170065725681152
2d,2,saw,L64_N1000_T10000,64,1000,10000,183,mean_r2,651.3854545455,275.0,-0.3163585817897975
2d,2,saw,L64_N1000_T10000,64,1000,10000,184,mean_r2,657.5241635688,269.0,-0.1594606805400378
2d,2,saw,L64_N1000_T10000,64,1000,10000,185,mean_r2,657.4122137405,262.0,-0.0151335171032595
2d,2,saw,L64_N1000_T10000,64,1000,10000,186,mean_r2,651.166023166,259.0,0.09095808324037928
2d,2,saw,L64_N1000_T10000,64,1000,10000,187,mean_r2,650.1496062992,254.0,0.20667957057428776
2d,2,saw,L64_N1000_T10000,64,1000,10000,188,mean_r2,647.4516129032,248.0,0.2584829086788286
2d,2,saw,L64_N1000_T10000,64,1000,10000,189,mean_r2,650.5802469136,243.0,0.2829116329518729
2d,2,saw,L64_N1000_T10000,64,1000,10000,190,mean_r2,652.6724137931,232.0,0.2409372107726191
2d,2,saw,L64_N1000_T10000,64,1000,10000,191,mean_r2,648.2743362832,226.0,0.42344778165086455
2d,2,saw,L64_N1000_T10000,64,1000,10000,192,mean_r2,653.3183856502,223.0,0.5600586098920579
2d,2,saw,L64_N1000_T10000,64,1000,10000,193,mean_r2,660.4054054054,222.0,0.5148396377014719
2d,2,saw,L64_N1000_T10000,64,1000,10000,194,mean_r2,667.4429223744,219.0,0.35887109030254427
2d,2,saw,L64_N1000_T10000,64,1000,10000,195,mean_r2,665.8038277512,209.0,0.5017288244704686
2d,2,saw,L64_N1000_T10000,64,1000,10000,196,mean_r2,665.7669902913,206.0,0.6444620564838062
2d,2,saw,L64_N1000_T10000,64,1000,10000,197,mean_r2,669.3980099502,201.0,0.5489324087706577
2d,2,saw,L64_N1000_T10000,64,1000,10000,198,mean_r2,664.9591836735,196.0,0.5124059776102317
2d,2,saw,L64_N1000_T10000,64,1000,10000,199,mean_r2,662.7297297297,185.0,0.5498876482369905
2d,2,saw,L64_N1000_T10000,64,1000,10000,200,mean_r2,669.687150838,179.0,0.6028422148810204
2d,2,saw,L64_N1000_T10000,64,1000,10000,201,mean_r2,669.9491525424,177.0,0.4475742766002735
2d,2,saw,L64_N1000_T10000,64,1000,10000,202,mean_r2,671.7828571429,175.0,0.517229833116945
2d,2,saw,L64_N1000_T10000,64,1000,10000,203,mean_r2,677.7228915663,166.0,0.8058293416973988
2d,2,saw,L64_N1000_T10000,64,1000,10000,204,mean_r2,686.1472392638,163.0,0.9791532980100358
2d,2,saw,L64_N1000_T10000,64,1000,10000,205,mean_r2,686.1823899371,159.0,0.6654124348876672
2d,2,saw,L64_N1000_T10000,64,1000,10000,206,mean_r2,680.7612903226,155.0,0.4840934432081808
2d,2,saw,L64_N1000_T10000,64,1000,10000,207,mean_r2,686.7631578947,152.0,0.495512056463692
2d,2,saw,L64_N1000_T10000,64,1000,10000,208,mean_r2,691.8918918919,148.0,0.46069304099132535
2d,2,saw,L64_N1000_T10000,64,1000,10000,209,mean_r2,695.3216783217,143.0,-0.017075365521526394
2d,2,saw,L64_N1000_T10000,64,1000,10000,210,mean_r2,691.7857142857,140.0,-0.0009133053060377541
2d,2,saw,L64_N1000_T10000,64,1000,10000,211,mean_r2,685.8823529412,136.0,0.23256809944147097
2d,2,saw,L64_N1000_T10000,64,1000,10000,212,mean_r2,688.0610687023,131.0,0.2468719923378206
2d,2,saw,L64_N1000_T10000,64,1000,10000,213,mean_r2,692.904,125.0,-0.14778377411434798
2d,2,saw,L64_N1000_T10000,64,1000,10000,214,mean_r2,685.5867768595,121.0,-0.31884851780142176
2d,2,saw,L64_N1000_T10000,64,1000,10000,215,mean_r2,686.1525423729,118.0,-0.31318756017606036
2d,2,saw,L64_N1000_T10000,64,1000,10000,216,mean_r2,688.3076923077,117.0,0.06505107455236457
2d,2,saw,L64_N1000_T10000,64,1000,10000,217,mean_r2,694.8086956522,115.0,0.1433220949038661
2d,2,saw,L64_N1000_T10000,64,1000,10000,218,mean_r2,687.1071428571,112.0,-0.10207307367530531
2d,2,saw,L64_N1000_T10000,64,1000,10000,219,mean_r2,685.0366972477,109.0,0.00687206180938409
2d,2,saw,L64_N1000_T10000,64,1000,10000,220,mean_r2,681.7798165138,109.0,0.3235501247933445
2d,2,saw,L64_N1000_T10000,64,1000,10000,221,mean_r2,687.9514563107,103.0,0.04224813175285936
2d,2,saw,L64_N1000_T10000,64,1000,10000,222,mean_r2,692.6213592233,103.0,-0.22338772521637326
2d,2,saw,L64_N1000_T10000,64,1000,10000,223,mean_r2,689.6666666667,102.0,-0.3413882049444897
2d,2,saw,L64_N1000_T10000,64,1000,10000,224,mean_r2,685.801980198,101.0,-0.35076821360768073
2d,2,saw,L64_N1000_T10000,64,1000,10000,225,mean_r2,696.32,100.0,-0.3943028696084075
2d,2,saw,L64_N1000_T10000,64,1000,10000,226,mean_r2,689.625,96.0,-0.29669514563843763
2d,2,saw,L64_N1000_T10000,64,1000,10000,227,mean_r2,687.8510638298,94.0,-0.48265900026564573
2d,2,saw,L64_N1000_T10000,64,1000,10000,228,mean_r2,676.6666666667,93.0,-0.4177106805094162
2d,2,saw,L64_N1000_T10000,64,1000,10000,229,mean_r2,674.3913043478,92.0,-0.05697500578625027
2d,2,saw,L64_N1000_T10000,64,1000,10000,230,mean_r2,669.9340659341,91.0,-0.31155066212743526
2d,2,saw,L64_N1000_T10000,64,1000,10000,231,mean_r2,678.9775280899,89.0,0.26050609505330735
2d,2,saw,L64_N1000_T10000,64,1000,10000,232,mean_r2,678.0476190476,84.0,0.3224649053133378
2d,2,saw,L64_N1000_T10000,64,1000,10000,233,mean_r2,677.1445783133,83.0,0.6053099870612053
2d,2,saw,L64_N1000_T10000,64,1000,10000,234,mean_r2,684.0975609756,82.0,0.7912323370805773
2d,2,saw,L64_N1000_T10000,64,1000,10000,235,mean_r2,686.95,80.0,0.7865021698925371
2d,2,saw,L64_N1000_T10000,64,1000,10000,236,mean_r2,697.4473684211,76.0,-1.2138278035805925
2d,2,saw,L64_N1000_T10000,64,1000,10000,237,mean_r2,697.48,75.0,-1.4741208677469253
2d,2,saw,L64_N1000_T10000,64,1000,10000,238,mean_r2,694.4788732394,71.0,-1.2261287159370269
2d,2,saw,L64_N1000_T10000,64,1000,10000,239,mean_r2,697.5882352941,68.0,-1.275088776872593
2d,2,saw,L64_N1000_T10000,64,1000,10000,240,mean_r2,692.7384615385,65.0,-1.0618796004337452
2d,2,saw,L64_N1000_T10000,64,1000,10000,241,mean_r2,644.9333333333,60.0,-1.8776764879467287
2d,2,saw,L64_N1000_T10000,64,1000,10000,242,mean_r2,637.1525423729,59.0,-1.7001666135439313
2d,2,saw,L64_N1000_T10000,64,1000,10000,243,mean_r2,643.1379310345,58.0,-1.70255389329363
2d,2,saw,L64_N1000_T10000,64,1000,10000,244,mean_r2,648.5517241379,58.0,-3.037797660091131
2d,2,saw,L64_N1000_T10000,64,1000,10000,245,mean_r2,657.2142857143,56.0,-2.7393490562824523
2d,2,saw,L64_N1000_T10000,64,1000,10000,246,mean_r2,645.1636363636,55.0,-0.913293567607021
2d,2,saw,L64_N1000_T10000,64,1000,10000,247,mean_r2,650.1538461538,52.0,-1.0191135458522922
2d,2,saw,L64_N1000_T10000,64,1000,10000,248,mean_r2,647.48,50.0,-1.5275503906585661
2d,2,saw,L64_N1000_T10000,64,1000,10000,249,mean_r2,615.9166666667,48.0,-2.485880836831369
2d,2,saw,L64_N1000_T10000,64,1000,10000,250,mean_r2,619.4468085106,47.0,-2.490309032654102
2d,2,saw,L64_N1000_T10000,64,1000,10000,251,mean_r2,621.4255319149,47.0,-2.00518409336417
2d,2,saw,L64_N1000_T10000,64,1000,10000,252,mean_r2,611.3953488372,43.0,-1.967221486810531
2d,2,saw,L64_N1000_T10000,64,1000,10000,253,mean_r2,604.7142857143,42.0,-1.8797504150857045
2d,2,saw,L64_N1000_T10000,64,1000,10000,254,mean_r2,586.9230769231,39.0,-1.1792538994294912
2d,2,saw,L64_N1000_T10000,64,1000,10000,255,mean_r2,594.8947368421,38.0,-1.5633471022187995
2d,2,saw,L64_N1000_T10000,64,1000,10000,256,mean_r2,595.6216216216,37.0,-1.9374542633138352
2d,2,saw,L64_N1000_T10000,64,1000,10000,257,mean_r2,601.3243243243,37.0,-0.5664893124685249
2d,2,saw,L64_N1000_T10000,64,1000,10000,258,mean_r2,601.1111111111,36.0,0.3619220244089028
2d,2,saw,L64_N1000_T10000,64,1000,10000,259,mean_r2,587.9714285714,35.0,0.6182411273750015
2d,2,saw,L64_N1000_T10000,64,1000,10000,260,mean_r2,582.6060606061,33.0,0.626861309699018
2d,2,saw,L64_N1000_T10000,64,1000,10000,261,mean_r2,576.125,32.0,0.965436846570842
2d,2,saw,L64_N1000_T10000,64,1000,10000,262,mean_r2,598.064516129,31.0,0.8376306085930647
2d,2,saw,L64_N1000_T10000,64,1000,10000,263,mean_r2,613.2580645161,31.0,1.0001601076191369
2d,2,saw,L64_N1000_T10000,64,1000,10000,264,mean_r2,601.1034482759,29.0,1.7805436424895627
2d,2,saw,L64_N1000_T10000,64,1000,10000,265,mean_r2,609.4137931034,29.0,1.7483440308717033
2d,2,saw,L64_N1000_T10000,64,1000,10000,266,mean_r2,618.0689655172,29.0,1.2764222118756643
2d,2,saw,L64_N1000_T10000,64,1000,10000,267,mean_r2,620.8620689655,29.0,-0.0028800775254380936
2d,2,saw,L64_N1000_T10000,64,1000,10000,268,mean_r2,624.4137931034,29.0,-0.1671600232895024
2d,2,saw,L64_N1000_T10000,64,1000,10000,269,mean_r2,629.0,29.0,0.6444578743394928
2d,2,saw,L64_N1000_T10000,64,1000,10000,270,mean_r2,622.3448275862,29.0,0.10903201938292603
2d,2,saw,L64_N1000_T10000,64,1000,10000,271,mean_r2,604.4482758621,29.0,-0.40588055254412353
2d,2,saw,L64_N1000_T10000,64,1000,10000,272,mean_r2,598.0,28.0,0.6309829357197299
2d,2,saw,L64_N1000_T10000,64,1000,10000,273,mean_r2,609.4444444444,27.0,0.6923835986664221
2d,2,saw,L64_N1000_T10000,64,1000,10000,274,mean_r2,615.68,25.0,1.07924898394344
2d,2,saw,L64_N1000_T10000,64,1000,10000,275,mean_r2,611.88,25.0,0.8900107563337989
2d,2,saw,L64_N1000_T10000,64,1000,10000,276,mean_r2,608.88,25.0,1.698478721916197
2d,2,saw,L64_N1000_T10000,64,1000,10000,277,mean_r2,635.4347826087,23.0,2.5679322132222424
2d,2,saw,L64_N1000_T10000,64,1000,10000,278,mean_r2,640.4545454545,22.0,2.2091824781975324
2d,2,saw,L64_N1000_T10000,64,1000,10000,279,mean_r2,654.2727272727,22.0,3.5288080265306885
2d,2,saw,L64_N1000_T10000,64,1000,10000,280,mean_r2,642.8181818182,22.0,4.092894807691315
2d,2,saw,L64_N1000_T10000,64,1000,10000,281,mean_r2,642.8181818182,22.0,3.1777666002098295
2d,2,saw,L64_N1000_T10000,64,1000,10000,282,mean_r2,656.0952380952,21.0,3.2211318353518354
2d,2,saw,L64_N1000_T10000,64,1000,10000,283,mean_r2,659.8571428571,21.0,2.921481372324119
2d,2,saw,L64_N1000_T10000,64,1000,10000,284,mean_r2,698.7,20.0,2.818977594405363
2d,2,saw,L64_N1000_T10000,64,1000,10000,285,mean_r2,708.2,20.0,3.7627942460195762
2d,2,saw,L64_N1000_T10000,64,1000,10000,286,mean_r2,681.7894736842,19.0,4.124722759495798
2d,2,saw,L64_N1000_T10000,64,1000,10000,287,mean_r2,712.3333333333,18.0,2.5497920923361668
2d,2,saw,L64_N1000_T10000,64,1000,10000,288,mean_r2,710.1111111111,18.0,1.1608381585956817
2d,2,saw,L64_N1000_T10000,64,1000,10000,289,mean_r2,722.5555555556,18.0,-0.7467803691725664
2d,2,saw,L64_N1000_T10000,64,1000,10000,290,mean_r2,733.5555555556,18.0,-2.5193578621028183
2d,2,saw,L64_N1000_T10000,64,1000,10000,291,mean_r2,742.5555555556,18.0,-1.3475957454035832
2d,2,saw,L64_N1000_T10000,64,1000,10000,292,mean_r2,717.0588235294,17.0,-2.8474617623441203
2d,2,saw,L64_N1000_T10000,64,1000,10000,293,mean_r2,687.0,16.0,-4.094054367767395
2d,2,saw,L64_N1000_T10000,64,1000,10000,294,mean_r2,680.875,16.0,-4.484165475797297
2d,2,saw,L64_N1000_T10000,64,1000,10000,295,mean_r2,649.2666666667,15.0,-4.747629461066911
2d,2,saw,L64_N1000_T10000,64,1000,10000,296,mean_r2,650.9333333333,15.0,-5.690848246783718
2d,2,saw,L64_N1000_T10000,64,1000,10000,297,mean_r2,646.1428571429,14.0,-5.238932240896777
2d,2,saw,L64_N1000_T10000,64,1000,10000,298,mean_r2,617.5,12.0,-4.039194575883364
2d,2,saw,L64_N1000_T10000,64,1000,10000,299,mean_r2,620.3333333333,12.0,-6.165225288358693
2d,2,saw,L64_N1000_T10000,64,1000,10000,300,mean_r2,624.5,12.0,-9.671160103169013
2d,2,saw,L64_N1000_T10000,64,1000,10000,301,mean_r2,612.6666666667,12.0,-9.406065916588709
2d,2,saw,L64_N1000_T10000,64,1000,10000,302,mean_r2,601.0909090909,11.0,-11.603165625334151
2d,2,saw,L64_N1000_T10000,64,1000,10000,303,mean_r2,599.9090909091,11.0,-10.68385647998407
2d,2,saw,L64_N1000_T10000,64,1000,10000,304,mean_r2,554.0,10.0,-11.104411711532274
2d,2,saw,L64_N1000_T10000,64,1000,10000,305,mean_r2,470.3333333333,9.0,
2d,2,saw,L64_N1000_T10000,64,1000,10000,306,mean_r2,476.2222222222,9.0,
2d,2,saw,L64_N1000_T10000,64,1000,10000,307,mean_r2,440.0,8.0,
2d,2,saw,L64_N1000_T10000,64,1000,10000,308,mean_r2,434.0,8.0,
2d,2,saw,L64_N1000_T10000,64,1000,10000,309,mean_r2,430.5,8.0,
2d,2,saw,L64_N1000_T10000,64,1000,10000,310,mean_r2,439.25,8.0,
2d,2,saw,L64_N1000_T10000,64,1000,10000,311,mean_r2,445.0,8.0,
2d,2,saw,L64_N1000_T10000,64,1000,10000,312,mean_r2,445.0,8.0,
2d,2,saw,L64_N1000_T10000,64,1000,10000,313,mean_r2,456.0,8.0,
2d,2,saw,L64_N1000_T10000,64,1000,10000,314,mean_r2,451.0,8.0,
2d,2,saw,L64_N1000_T10000,64,1000,10000,315,mean_r2,451.0,8.0,
2d,2,saw,L64_N1000_T10000,64,1000,10000,316,mean_r2,454.0,8.0,
2d,2,saw,L64_N1000_T10000,64,1000,10000,317,mean_r2,443.0,8.0,
2d,2,saw,L64_N1000_T10000,64,1000,10000,318,mean_r2,459.5,8.0,
2d,2,saw,L64_N1000_T10000,64,1000,10000,319,mean_r2,463.0,8.0,
2d,2,saw,L64_N1000_T10000,64,1000,10000,320,mean_r2,475.25,8.0,
2d,2,saw,L64_N1000_T10000,64,1000,10000,321,mean_r2,485.0,8.0,
2d,2,saw,L64_N1000_T10000,64,1000,10000,322,mean_r2,503.5,8.0,
2d,2,saw,L64_N1000_T10000,64,1000,10000,323,mean_r2,539.0,8.0,
2d,2,saw,L64_N1000_T10000,64,1000,10000,324,mean_r2,552.0,8.0,
2d,2,saw,L64_N1000_T10000,64,1000,10000,325,mean_r2,570.0,8.0,
2d,2,saw,L64_N1000_T10000,64,1000,10000,326,mean_r2,570.5,8.0,
2d,2,saw,L64_N1000_T10000,64,1000,10000,327,mean_r2,569.5,8.0,
2d,2,saw,L64_N1000_T10000,64,1000,10000,328,mean_r2,576.0,8.0,
2d,2,saw,L64_N1000_T10000,64,1000,10000,329,mean_r2,586.5,8.0,
2d,2,saw,L64_N1000_T10000,64,1000,10000,330,mean_r2,566.2857142857,7.0,
2d,2,saw,L64_N1000_T10000,64,1000,10000,331,mean_r2,554.7142857143,7.0,
2d,2,saw,L64_N1000_T10000,64,1000,10000,332,mean_r2,555.4285714286,7.0,
2d,2,saw,L64_N1000_T10000,64,1000,10000,333,mean_r2,546.7142857143,7.0,
2d,2,saw,L64_N1000_T10000,64,1000,10000,334,mean_r2,543.7142857143,7.0,
2d,2,saw,L64_N1000_T10000,64,1000,10000,335,mean_r2,554.1428571429,7.0,
2d,2,saw,L64_N1000_T10000,64,1000,10000,336,mean_r2,565.1428571429,7.0,
2d,2,saw,L64_N1000_T10000,64,1000,10000,337,mean_r2,580.4285714286,7.0,
2d,2,saw,L64_N1000_T10000,64,1000,10000,338,mean_r2,521.0,6.0,
2d,2,saw,L64_N1000_T10000,64,1000,10000,339,mean_r2,528.3333333333,6.0,
2d,2,saw,L64_N1000_T10000,64,1000,10000,340,mean_r2,536.6666666667,6.0,
2d,2,saw,L64_N1000_T10000,64,1000,10000,341,mean_r2,532.3333333333,6.0,
2d,2,saw,L64_N1000_T10000,64,1000,10000,342,mean_r2,538.0,6.0,
2d,2,saw,L64_N1000_T10000,64,1000,10000,343,mean_r2,534.3333333333,6.0,
2d,2,saw,L64_N1000_T10000,64,1000,10000,344,mean_r2,518.3333333333,6.0,
2d,2,saw,L64_N1000_T10000,64,1000,10000,345,mean_r2,516.3333333333,6.0,
2d,2,saw,L64_N1000_T10000,64,1000,10000,346,mean_r2,478.0,5.0,
2d,2,saw,L64_N1000_T10000,64,1000,10000,347,mean_r2,485.0,5.0,
2d,2,saw,L64_N1000_T10000,64,1000,10000,348,mean_r2,383.0,4.0,
2d,2,saw,L64_N1000_T10000,64,1000,10000,349,mean_r2,378.0,4.0,
2d,2,saw,L64_N1000_T10000,64,1000,10000,350,mean_r2,372.5,4.0,
2d,2,saw,L64_N1000_T10000,64,1000,10000,351,mean_r2,388.0,4.0,
2d,2,saw,L64_N1000_T10000,64,1000,10000,352,mean_r2,304.0,3.0,
2d,2,saw,L64_N1000_T10000,64,1000,10000,353,mean_r2,310.3333333333,3.0,
2d,2,saw,L64_N1000_T10000,64,1000,10000,354,mean_r2,317.3333333333,3.0,
2d,2,saw,L64_N1000_T10000,64,1000,10000,355,mean_r2,313.0,3.0,
2d,2,saw,L64_N1000_T10000,64,1000,10000,356,mean_r2,316.0,3.0,
2d,2,saw,L64_N1000_T10000,64,1000,10000,357,mean_r2,326.3333333333,3.0,
2d,2,saw,L64_N1000_T10000,64,1000,10000,358,mean_r2,324.0,3.0,
2d,2,saw,L64_N1000_T10000,64,1000,10000,359,mean_r2,309.0,3.0,
2d,2,saw,L64_N1000_T10000,64,1000,10000,360,mean_r2,294.0,3.0,
2d,2,saw,L64_N1000_T10000,64,1000,10000,361,mean_r2,281.0,3.0,
2d,2,saw,L64_N1000_T10000,64,1000,10000,362,mean_r2,272.0,3.0,
2d,2,saw,L64_N1000_T10000,64,1000,10000,363,mean_r2,277.0,3.0,
2d,2,saw,L64_N1000_T10000,64,1000,10000,364,mean_r2,284.0,3.0,
2d,2,saw,L64_N1000_T10000,64,1000,10000,365,mean_r2,305.0,3.0,
2d,2,saw,L64_N1000_T10000,64,1000,10000,366,mean_r2,334.0,3.0,
2d,2,saw,L64_N1000_T10000,64,1000,10000,367,mean_r2,330.3333333333,3.0,
2d,2,saw,L64_N1000_T10000,64,1000,10000,368,mean_r2,336.0,3.0,
2d,2,saw,L64_N1000_T10000,64,1000,10000,369,mean_r2,353.0,3.0,
2d,2,saw,L64_N1000_T10000,64,1000,10000,370,mean_r2,372.6666666667,3.0,
2d,2,saw,L64_N1000_T10000,64,1000,10000,371,mean_r2,355.6666666667,3.0,
2d,2,saw,L64_N1000_T10000,64,1000,10000,372,mean_r2,334.6666666667,3.0,
2d,2,saw,L64_N1000_T10000,64,1000,10000,373,mean_r2,346.3333333333,3.0,
2d,2,saw,L64_N1000_T10000,64,1000,10000,374,mean_r2,364.0,3.0,
2d,2,saw,L64_N1000_T10000,64,1000,10000,375,mean_r2,374.3333333333,3.0,
2d,2,saw,L64_N1000_T10000,64,1000,10000,376,mean_r2,353.3333333333,3.0,
2d,2,saw,L64_N1000_T10000,64,1000,10000,377,mean_r2,354.3333333333,3.0,
2d,2,saw,L64_N1000_T10000,64,1000,10000,378,mean_r2,359.3333333333,3.0,
2d,2,saw,L64_N1000_T10000,64,1000,10000,379,mean_r2,387.6666666667,3.0,
2d,2,saw,L64_N1000_T10000,64,1000,10000,380,mean_r2,382.0,3.0,
2d,2,saw,L64_N1000_T10000,64,1000,10000,381,mean_r2,495.0,2.0,
2d,2,saw,L64_N1000_T10000,64,1000,10000,382,mean_r2,533.0,2.0,
2d,2,saw,L64_N1000_T10000,64,1000,10000,383,mean_r2,549.0,2.0,
2d,2,saw,L64_N1000_T10000,64,1000,10000,384,mean_r2,555.0,2.0,
2d,2,saw,L64_N1000_T10000,64,1000,10000,385,mean_r2,537.0,2.0,
2d,2,saw,L64_N1000_T10000,64,1000,10000,386,mean_r2,521.0,2.0,
2d,2,saw,L64_N1000_T10000,64,1000,10000,387,mean_r2,483.0,2.0,
2d,2,saw,L64_N1000_T10000,64,1000,10000,388,mean_r2,442.0,1.0,
2d,2,saw,L64_N1000_T10000,64,1000,10000,389,mean_r2,441.0,1.0,
2d,2,saw,L64_N1000_T10000,64,1000,10000,390,mean_r2,442.0,1.0,
2d,2,saw,L128_N1000_T10000,128,1000,10000,1,mean_r2,1.0,10000.0,
2d,2,saw,L128_N1000_T10000,128,1000,10000,2,mean_r2,2.6644,10000.0,
2d,2,saw,L128_N1000_T10000,128,1000,10000,3,mean_r2,4.5768,10000.0,
2d,2,saw,L128_N1000_T10000,128,1000,10000,4,mean_r2,6.7832,10000.0,
2d,2,saw,L128_N1000_T10000,128,1000,10000,5,mean_r2,9.0256,10000.0,
2d,2,saw,L128_N1000_T10000,128,1000,10000,6,mean_r2,11.4442,10000.0,1.3356778275688719
2d,2,saw,L128_N1000_T10000,128,1000,10000,7,mean_r2,13.9456,10000.0,1.3013220948199216
2d,2,saw,L128_N1000_T10000,128,1000,10000,8,mean_r2,16.6315367662,9982.0,1.2908424644888323
2d,2,saw,L128_N1000_T10000,128,1000,10000,9,mean_r2,19.2627033541,9958.0,1.2742161352970034
2d,2,saw,L128_N1000_T10000,128,1000,10000,10,mean_r2,21.8906817265,9916.0,1.2725368089169482
2d,2,saw,L128_N1000_T10000,128,1000,10000,11,mean_r2,24.6017000607,9882.0,1.2670386693477373
2d,2,saw,L128_N1000_T10000,128,1000,10000,12,mean_r2,27.4299389002,9820.0,1.2618196865522382
2d,2,saw,L128_N1000_T10000,128,1000,10000,13,mean_r2,30.3807814583,9751.0,1.2565204494615787
2d,2,saw,L128_N1000_T10000,128,1000,10000,14,mean_r2,33.4730204672,9674.0,1.257242325071034
2d,2,saw,L128_N1000_T10000,128,1000,10000,15,mean_r2,36.5283824602,9601.0,1.2632961786947716
2d,2,saw,L128_N1000_T10000,128,1000,10000,16,mean_r2,39.6555789474,9500.0,1.268144932450562
2d,2,saw,L128_N1000_T10000,128,1000,10000,17,mean_r2,42.7248486136,9413.0,1.2723949493212052
2d,2,saw,L128_N1000_T10000,128,1000,10000,18,mean_r2,46.0741058963,9311.0,1.2736949369804111
2d,2,saw,L128_N1000_T10000,128,1000,10000,19,mean_r2,49.2840416305,9224.0,1.270639625719479
2d,2,saw,L128_N1000_T10000,128,1000,10000,20,mean_r2,52.5471698113,9116.0,1.2649211047044018
2d,2,saw,L128_N1000_T10000,128,1000,10000,21,mean_r2,55.8591034864,9035.0,1.2667861273001984
2d,2,saw,L128_N1000_T10000,128,1000,10000,22,mean_r2,59.3160076173,8927.0,1.2759262177372854
2d,2,saw,L128_N1000_T10000,128,1000,10000,23,mean_r2,62.8348789867,8842.0,1.263745903584172
2d,2,saw,L128_N1000_T10000,128,1000,10000,24,mean_r2,66.3942241577,8726.0,1.2689447839529295
2d,2,saw,L128_N1000_T10000,128,1000,10000,25,mean_r2,69.7030218826,8637.0,1.273171452964299
2d,2,saw,L128_N1000_T10000,128,1000,10000,26,mean_r2,73.3517387218,8512.0,1.2738237287019918
2d,2,saw,L128_N1000_T10000,128,1000,10000,27,mean_r2,77.0962133841,8398.0,1.2708529782221543
2d,2,saw,L128_N1000_T10000,128,1000,10000,28,mean_r2,80.528843833,8286.0,1.2769693326343232
2d,2,saw,L128_N1000_T10000,128,1000,10000,29,mean_r2,84.2831804281,8175.0,1.278425568462415
2d,2,saw,L128_N1000_T10000,128,1000,10000,30,mean_r2,88.0529061103,8052.0,1.2848327829318387
2d,2,saw,L128_N1000_T10000,128,1000,10000,31,mean_r2,91.7384847722,7946.0,1.2890145502895916
2d,2,saw,L128_N1000_T10000,128,1000,10000,32,mean_r2,95.4936257012,7844.0,1.2894817331608879
2d,2,saw,L128_N1000_T10000,128,1000,10000,33,mean_r2,99.6349780418,7742.0,1.3118160672523944
2d,2,saw,L128_N1000_T10000,128,1000,10000,34,mean_r2,103.6369836066,7625.0,1.3009646119727303
2d,2,saw,L128_N1000_T10000,128,1000,10000,35,mean_r2,107.3993610224,7512.0,1.295332116894106
2d,2,saw,L128_N1000_T10000,128,1000,10000,36,mean_r2,111.5798432856,7402.0,1.3081960858073411
2d,2,saw,L128_N1000_T10000,128,1000,10000,37,mean_r2,115.739898644,7301.0,1.3053485257462905
2d,2,saw,L128_N1000_T10000,128,1000,10000,38,mean_r2,120.2075681692,7188.0,1.2875210770054235
2d,2,saw,L128_N1000_T10000,128,1000,10000,39,mean_r2,123.9172082509,7078.0,1.2941226772838323
2d,2,saw,L128_N1000_T10000,128,1000,10000,40,mean_r2,127.8147138965,6973.0,1.3032352219235608
2d,2,saw,L128_N1000_T10000,128,1000,10000,41,mean_r2,132.2499635196,6853.0,1.295021714022937
2d,2,saw,L128_N1000_T10000,128,1000,10000,42,mean_r2,136.1868409327,6733.0,1.2852344435455474
2d,2,saw,L128_N1000_T10000,128,1000,10000,43,mean_r2,140.0935663703,6637.0,1.2690194115784788
2d,2,saw,L128_N1000_T10000,128,1000,10000,44,mean_r2,144.6846791526,6514.0,1.2858934983897685
2d,2,saw,L128_N1000_T10000,128,1000,10000,45,mean_r2,149.0193327097,6414.0,1.2852717760210735
2d,2,saw,L128_N1000_T10000,128,1000,10000,46,mean_r2,153.2666666667,6300.0,1.2773992629197037
2d,2,saw,L128_N1000_T10000,128,1000,10000,47,mean_r2,157.4033559213,6198.0,1.2992707034352646
2d,2,saw,L128_N1000_T10000,128,1000,10000,48,mean_r2,161.6901362219,6093.0,1.3210631926056795
2d,2,saw,L128_N1000_T10000,128,1000,10000,49,mean_r2,166.1897127589,5988.0,1.3191672092618103
2d,2,saw,L128_N1000_T10000,128,1000,10000,50,mean_r2,170.2693808312,5895.0,1.320953413274274
2d,2,saw,L128_N1000_T10000,128,1000,10000,51,mean_r2,174.773480663,5792.0,1.3152140139146997
2d,2,saw,L128_N1000_T10000,128,1000,10000,52,mean_r2,179.7412550536,5689.0,1.3171531411164341
2d,2,saw,L128_N1000_T10000,128,1000,10000,53,mean_r2,184.6632707775,5595.0,1.327665701559031
2d,2,saw,L128_N1000_T10000,128,1000,10000,54,mean_r2,189.5617486339,5490.0,1.3227635621005587
2d,2,saw,L128_N1000_T10000,128,1000,10000,55,mean_r2,194.2513011152,5380.0,1.3434235053988661
2d,2,saw,L128_N1000_T10000,128,1000,10000,56,mean_r2,198.5211134255,5281.0,1.3511019776274467
2d,2,saw,L128_N1000_T10000,128,1000,10000,57,mean_r2,202.936947328,5202.0,1.3419597630684454
2d,2,saw,L128_N1000_T10000,128,1000,10000,58,mean_r2,207.873947935,5109.0,1.3521686540594613
2d,2,saw,L128_N1000_T10000,128,1000,10000,59,mean_r2,212.4676745574,5027.0,1.3498305269480355
2d,2,saw,L128_N1000_T10000,128,1000,10000,60,mean_r2,217.525664435,4929.0,1.343280676703124
2d,2,saw,L128_N1000_T10000,128,1000,10000,61,mean_r2,222.6059479554,4842.0,1.3676189690848555
2d,2,saw,L128_N1000_T10000,128,1000,10000,62,mean_r2,227.5924528302,4770.0,1.3634427605854802
2d,2,saw,L128_N1000_T10000,128,1000,10000,63,mean_r2,233.2816780822,4672.0,1.3348973817500598
2d,2,saw,L128_N1000_T10000,128,1000,10000,64,mean_r2,238.4237918216,4573.0,1.322973763963847
2d,2,saw,L128_N1000_T10000,128,1000,10000,65,mean_r2,243.1195289936,4501.0,1.3186100315306755
2d,2,saw,L128_N1000_T10000,128,1000,10000,66,mean_r2,248.5389140271,4420.0,1.3197160858699912
2d,2,saw,L128_N1000_T10000,128,1000,10000,67,mean_r2,252.9733272017,4349.0,1.319255650386053
2d,2,saw,L128_N1000_T10000,128,1000,10000,68,mean_r2,257.0490495189,4261.0,1.2928030613242545
2d,2,saw,L128_N1000_T10000,128,1000,10000,69,mean_r2,261.367278798,4193.0,1.2867830062845493
2d,2,saw,L128_N1000_T10000,128,1000,10000,70,mean_r2,266.5552325581,4128.0,1.3231907136562755
2d,2,saw,L128_N1000_T10000,128,1000,10000,71,mean_r2,271.9842053307,4052.0,1.322540286143765
2d,2,saw,L128_N1000_T10000,128,1000,10000,72,mean_r2,277.2243557352,3958.0,1.349338085701814
2d,2,saw,L128_N1000_T10000,128,1000,10000,73,mean_r2,282.2260891982,3879.0,1.388474350629642
2d,2,saw,L128_N1000_T10000,128,1000,10000,74,mean_r2,287.3978438075,3803.0,1.4082514200806313
2d,2,saw,L128_N1000_T10000,128,1000,10000,75,mean_r2,293.8010738255,3725.0,1.3897598796618933
2d,2,saw,L128_N1000_T10000,128,1000,10000,76,mean_r2,299.5201094391,3655.0,1.3772719037819365
2d,2,saw,L128_N1000_T10000,128,1000,10000,77,mean_r2,305.2082283795,3573.0,1.3783173116325569
2d,2,saw,L128_N1000_T10000,128,1000,10000,78,mean_r2,310.9919908467,3496.0,1.3725661878200015
2d,2,saw,L128_N1000_T10000,128,1000,10000,79,mean_r2,316.2462751972,3423.0,1.3639572641944793
2d,2,saw,L128_N1000_T10000,128,1000,10000,80,mean_r2,320.90914507,3357.0,1.3434408886270448
2d,2,saw,L128_N1000_T10000,128,1000,10000,81,mean_r2,326.1071863581,3284.0,1.3339606883827906
2d,2,saw,L128_N1000_T10000,128,1000,10000,82,mean_r2,331.6504672897,3210.0,1.296861339415901
2d,2,saw,L128_N1000_T10000,128,1000,10000,83,mean_r2,336.608365019,3156.0,1.2691303215855247
2d,2,saw,L128_N1000_T10000,128,1000,10000,84,mean_r2,341.6378920142,3093.0,1.3194299009868267
2d,2,saw,L128_N1000_T10000,128,1000,10000,85,mean_r2,347.599933709,3017.0,1.3125156835251217
2d,2,saw,L128_N1000_T10000,128,1000,10000,86,mean_r2,353.2152754309,2959.0,1.3438546244421292
2d,2,saw,L128_N1000_T10000,128,1000,10000,87,mean_r2,357.5747841105,2895.0,1.323548819600675
2d,2,saw,L128_N1000_T10000,128,1000,10000,88,mean_r2,362.4403089888,2848.0,1.3491570049346076
2d,2,saw,L128_N1000_T10000,128,1000,10000,89,mean_r2,370.1032998565,2788.0,1.3399819113563232
2d,2,saw,L128_N1000_T10000,128,1000,10000,90,mean_r2,374.5592972182,2732.0,1.3173723986455408
2d,2,saw,L128_N1000_T10000,128,1000,10000,91,mean_r2,381.3298350825,2668.0,1.3342111207630307
2d,2,saw,L128_N1000_T10000,128,1000,10000,92,mean_r2,386.2100840336,2618.0,1.3905434972199133
2d,2,saw,L128_N1000_T10000,128,1000,10000,93,mean_r2,392.4459143969,2570.0,1.4113992990496986
2d,2,saw,L128_N1000_T10000,128,1000,10000,94,mean_r2,397.2118811881,2525.0,1.4095576776604366
2d,2,saw,L128_N1000_T10000,128,1000,10000,95,mean_r2,402.4527845036,2478.0,1.45693168895814
2d,2,saw,L128_N1000_T10000,128,1000,10000,96,mean_r2,409.0519373454,2426.0,1.4965710605203253
2d,2,saw,L128_N1000_T10000,128,1000,10000,97,mean_r2,415.9810206664,2371.0,1.55085293759032
2d,2,saw,L128_N1000_T10000,128,1000,10000,98,mean_r2,421.9005572225,2333.0,1.5180243268099685
2d,2,saw,L128_N1000_T10000,128,1000,10000,99,mean_r2,430.0393700787,2286.0,1.600213945920029
2d,2,saw,L128_N1000_T10000,128,1000,10000,100,mean_r2,436.7029438002,2242.0,1.6268265560692299
2d,2,saw,L128_N1000_T10000,128,1000,10000,101,mean_r2,445.7234624146,2195.0,1.592971735672843
2d,2,saw,L128_N1000_T10000,128,1000,10000,102,mean_r2,453.2324173265,2147.0,1.5794355039716095
2d,2,saw,L128_N1000_T10000,128,1000,10000,103,mean_r2,458.2586616042,2107.0,1.6186409005737679
2d,2,saw,L128_N1000_T10000,128,1000,10000,104,mean_r2,466.9607748184,2065.0,1.5717778281371781
2d,2,saw,L128_N1000_T10000,128,1000,10000,105,mean_r2,473.6156901688,2014.0,1.5819698759142655
2d,2,saw,L128_N1000_T10000,128,1000,10000,106,mean_r2,478.9954705586,1987.0,1.5544303989678505
2d,2,saw,L128_N1000_T10000,128,1000,10000,107,mean_r2,485.7093798052,1951.0,1.560021148999775
2d,2,saw,L128_N1000_T10000,128,1000,10000,108,mean_r2,493.7566858941,1907.0,1.5648570407153035
2d,2,saw,L128_N1000_T10000,128,1000,10000,109,mean_r2,500.2589428724,1873.0,1.4733749309253812
2d,2,saw,L128_N1000_T10000,128,1000,10000,110,mean_r2,507.7712418301,1836.0,1.489903519543048
2d,2,saw,L128_N1000_T10000,128,1000,10000,111,mean_r2,516.1781737194,1796.0,1.509128629880615
2d,2,saw,L128_N1000_T10000,128,1000,10000,112,mean_r2,524.4277588168,1758.0,1.4978096086896255
2d,2,saw,L128_N1000_T10000,128,1000,10000,113,mean_r2,529.7639930756,1733.0,1.4919937008443298
2d,2,saw,L128_N1000_T10000,128,1000,10000,114,mean_r2,534.5964705882,1700.0,1.4869821915272474
2d,2,saw,L128_N1000_T10000,128,1000,10000,115,mean_r2,542.3629274145,1667.0,1.4461728945326344
2d,2,saw,L128_N1000_T10000,128,1000,10000,116,mean_r2,548.8036585366,1640.0,1.4334213984188384
2d,2,saw,L128_N1000_T10000,128,1000,10000,117,mean_r2,555.2577447336,1614.0,1.4694632502275833
2d,2,saw,L128_N1000_T10000,128,1000,10000,118,mean_r2,563.4981036662,1582.0,1.5127503359463859
2d,2,saw,L128_N1000_T10000,128,1000,10000,119,mean_r2,570.0058479532,1539.0,1.5558716881044208
2d,2,saw,L128_N1000_T10000,128,1000,10000,120,mean_r2,575.8599735799,1514.0,1.546594143825922
2d,2,saw,L128_N1000_T10000,128,1000,10000,121,mean_r2,584.115902965,1484.0,1.5229748169461097
2d,2,saw,L128_N1000_T10000,128,1000,10000,122,mean_r2,594.6537931034,1450.0,1.4512071434828313
2d,2,saw,L128_N1000_T10000,128,1000,10000,123,mean_r2,602.271054494,1413.0,1.3948537197642839
2d,2,saw,L128_N1000_T10000,128,1000,10000,124,mean_r2,609.3146148308,1389.0,1.3595469062126344
2d,2,saw,L128_N1000_T10000,128,1000,10000,125,mean_r2,617.0147275405,1358.0,1.4108080015312967
2d,2,saw,L128_N1000_T10000,128,1000,10000,126,mean_r2,622.459237098,1337.0,1.3671987099788803
2d,2,saw,L128_N1000_T10000,128,1000,10000,127,mean_r2,625.4369230769,1300.0,1.3432501803000174
2d,2,saw,L128_N1000_T10000,128,1000,10000,128,mean_r2,631.2040816327,1274.0,1.3877101015436295
2d,2,saw,L128_N1000_T10000,128,1000,10000,129,mean_r2,636.0944,1250.0,1.4056515581371003
2d,2,saw,L128_N1000_T10000,128,1000,10000,130,mean_r2,644.7027914614,1218.0,1.411855632386901
2d,2,saw,L128_N1000_T10000,128,1000,10000,131,mean_r2,651.1006711409,1192.0,1.4646826142867762
2d,2,saw,L128_N1000_T10000,128,1000,10000,132,mean_r2,661.0317052271,1167.0,1.5780581321124936
2d,2,saw,L128_N1000_T10000,128,1000,10000,133,mean_r2,671.2741652021,1138.0,1.6510410956887263
2d,2,saw,L128_N1000_T10000,128,1000,10000,134,mean_r2,679.4982078853,1116.0,1.7124600888151602
2d,2,saw,L128_N1000_T10000,128,1000,10000,135,mean_r2,687.8362305581,1093.0,1.7064950401566497
2d,2,saw,L128_N1000_T10000,128,1000,10000,136,mean_r2,696.1327102804,1070.0,1.692409556761384
2d,2,saw,L128_N1000_T10000,128,1000,10000,137,mean_r2,704.9011406844,1052.0,1.590711137426741
2d,2,saw,L128_N1000_T10000,128,1000,10000,138,mean_r2,714.6737864078,1030.0,1.5317191070765521
2d,2,saw,L128_N1000_T10000,128,1000,10000,139,mean_r2,722.8500986193,1014.0,1.5263044483473167
2d,2,saw,L128_N1000_T10000,128,1000,10000,140,mean_r2,731.6149193548,992.0,1.4833437892964492
2d,2,saw,L128_N1000_T10000,128,1000,10000,141,mean_r2,737.4234326824,973.0,1.3842786499837376
2d,2,saw,L128_N1000_T10000,128,1000,10000,142,mean_r2,742.4560669456,956.0,1.3508764108150753
2d,2,saw,L128_N1000_T10000,128,1000,10000,143,mean_r2,750.1103965702,933.0,1.3808687028111715
2d,2,saw,L128_N1000_T10000,128,1000,10000,144,mean_r2,758.3978142077,915.0,1.3527901851890005
2d,2,saw,L128_N1000_T10000,128,1000,10000,145,mean_r2,764.75,896.0,1.3212010356623614
2d,2,saw,L128_N1000_T10000,128,1000,10000,146,mean_r2,767.9750849377,883.0,1.388505864728392
2d,2,saw,L128_N1000_T10000,128,1000,10000,147,mean_r2,775.2837209302,860.0,1.4620455449651508
2d,2,saw,L128_N1000_T10000,128,1000,10000,148,mean_r2,787.1586538462,832.0,1.467402750135443
2d,2,saw,L128_N1000_T10000,128,1000,10000,149,mean_r2,794.0793650794,819.0,1.457057602147659
2d,2,saw,L128_N1000_T10000,128,1000,10000,150,mean_r2,801.4381188119,808.0,1.4918616075177353
2d,2,saw,L128_N1000_T10000,128,1000,10000,151,mean_r2,811.0280254777,785.0,1.6126549351805122
2d,2,saw,L128_N1000_T10000,128,1000,10000,152,mean_r2,820.128440367,763.0,1.5487702967466241
2d,2,saw,L128_N1000_T10000,128,1000,10000,153,mean_r2,828.3261455526,742.0,1.4448127717095605
2d,2,saw,L128_N1000_T10000,128,1000,10000,154,mean_r2,836.3388888889,720.0,1.3434364971264663
2d,2,saw,L128_N1000_T10000,128,1000,10000,155,mean_r2,844.7521613833,694.0,1.352020461291096
2d,2,saw,L128_N1000_T10000,128,1000,10000,156,mean_r2,854.5668135095,681.0,1.2951782735106003
2d,2,saw,L128_N1000_T10000,128,1000,10000,157,mean_r2,858.4759036145,664.0,1.3783022656137163
2d,2,saw,L128_N1000_T10000,128,1000,10000,158,mean_r2,865.14374034,647.0,1.43540793239923
2d,2,saw,L128_N1000_T10000,128,1000,10000,159,mean_r2,866.4896988906,631.0,1.3091025156263583
2d,2,saw,L128_N1000_T10000,128,1000,10000,160,mean_r2,874.5112540193,622.0,1.3249290795785362
2d,2,saw,L128_N1000_T10000,128,1000,10000,161,mean_r2,881.262295082,610.0,1.2783889037902643
2d,2,saw,L128_N1000_T10000,128,1000,10000,162,mean_r2,895.409015025,599.0,1.271974362497118
2d,2,saw,L128_N1000_T10000,128,1000,10000,163,mean_r2,907.1301369863,584.0,1.3358947810460955
2d,2,saw,L128_N1000_T10000,128,1000,10000,164,mean_r2,908.1363636364,572.0,1.5281354275867396
2d,2,saw,L128_N1000_T10000,128,1000,10000,165,mean_r2,917.7071428571,560.0,1.3882165272720794
2d,2,saw,L128_N1000_T10000,128,1000,10000,166,mean_r2,925.2123411978,551.0,1.3480883238487107
2d,2,saw,L128_N1000_T10000,128,1000,10000,167,mean_r2,928.6208178439,538.0,1.2774191897305147
2d,2,saw,L128_N1000_T10000,128,1000,10000,168,mean_r2,939.0588235294,527.0,1.2101545198243242
2d,2,saw,L128_N1000_T10000,128,1000,10000,169,mean_r2,951.1369863014,511.0,1.3617289456401502
2d,2,saw,L128_N1000_T10000,128,1000,10000,170,mean_r2,951.296,500.0,1.147015872014291
2d,2,saw,L128_N1000_T10000,128,1000,10000,171,mean_r2,955.8395061728,486.0,1.2263550372887708
2d,2,saw,L128_N1000_T10000,128,1000,10000,172,mean_r2,966.6105263158,475.0,1.3001286616803616
2d,2,saw,L128_N1000_T10000,128,1000,10000,173,mean_r2,974.9051724138,464.0,1.3601309062087052
2d,2,saw,L128_N1000_T10000,128,1000,10000,174,mean_r2,984.3620309051,453.0,1.1650202783393857
2d,2,saw,L128_N1000_T10000,128,1000,10000,175,mean_r2,981.7820224719,445.0,1.2393975042195216
2d,2,saw,L128_N1000_T10000,128,1000,10000,176,mean_r2,994.0230414747,434.0,1.1264995923308398
2d,2,saw,L128_N1000_T10000,128,1000,10000,177,mean_r2,1001.5566037736,424.0,0.9498463830675622
2d,2,saw,L128_N1000_T10000,128,1000,10000,178,mean_r2,1015.8899521531,418.0,0.9816946369157877
2d,2,saw,L128_N1000_T10000,128,1000,10000,179,mean_r2,1017.0196560197,407.0,0.9460598442667355
2d,2,saw,L128_N1000_T10000,128,1000,10000,180,mean_r2,1021.1321695761,401.0,1.0109303248868287
2d,2,saw,L128_N1000_T10000,128,1000,10000,181,mean_r2,1019.0365535248,383.0,0.7918463253486624
2d,2,saw,L128_N1000_T10000,128,1000,10000,182,mean_r2,1019.9139784946,372.0,0.6165375156751649
2d,2,saw,L128_N1000_T10000,128,1000,10000,183,mean_r2,1030.1978021978,364.0,0.562194454698179
2d,2,saw,L128_N1000_T10000,128,1000,10000,184,mean_r2,1037.8016997167,353.0,0.7366874340902331
2d,2,saw,L128_N1000_T10000,128,1000,10000,185,mean_r2,1038.5144508671,346.0,0.9006897733648277
2d,2,saw,L128_N1000_T10000,128,1000,10000,186,mean_r2,1038.4868035191,341.0,1.0394116801639932
2d,2,saw,L128_N1000_T10000,128,1000,10000,187,mean_r2,1036.0750750751,333.0,1.1807604805763054
2d,2,saw,L128_N1000_T10000,128,1000,10000,188,mean_r2,1047.5914634146,328.0,0.8539814244539352
2d,2,saw,L128_N1000_T10000,128,1000,10000,189,mean_r2,1058.575,320.0,0.894723349369219
2d,2,saw,L128_N1000_T10000,128,1000,10000,190,mean_r2,1072.0897435897,312.0,1.093766135680869
2d,2,saw,L128_N1000_T10000,128,1000,10000,191,mean_r2,1077.6184210526,304.0,1.2885026151728265
2d,2,saw,L128_N1000_T10000,128,1000,10000,192,mean_r2,1086.4066666667,300.0,1.4776057317094937
2d,2,saw,L128_N1000_T10000,128,1000,10000,193,mean_r2,1078.0847457627,295.0,1.3713691182967414
2d,2,saw,L128_N1000_T10000,128,1000,10000,194,mean_r2,1088.124567474,289.0,1.3490195541883834
2d,2,saw,L128_N1000_T10000,128,1000,10000,195,mean_r2,1100.0671378092,283.0,1.0912167816447211
2d,2,saw,L128_N1000_T10000,128,1000,10000,196,mean_r2,1110.9782608696,276.0,1.1107113368312285
2d,2,saw,L128_N1000_T10000,128,1000,10000,197,mean_r2,1118.9778597786,271.0,1.044201360707962
2d,2,saw,L128_N1000_T10000,128,1000,10000,198,mean_r2,1124.7547169811,265.0,1.1802410924753066
2d,2,saw,L128_N1000_T10000,128,1000,10000,199,mean_r2,1134.8223938224,259.0,1.2115802339393569
2d,2,saw,L128_N1000_T10000,128,1000,10000,200,mean_r2,1133.808,250.0,1.2233805227832022
2d,2,saw,L128_N1000_T10000,128,1000,10000,201,mean_r2,1140.4634146341,246.0,1.2733836855009117
2d,2,saw,L128_N1000_T10000,128,1000,10000,202,mean_r2,1145.5583333333,240.0,1.3721818325736175
2d,2,saw,L128_N1000_T10000,128,1000,10000,203,mean_r2,1144.3157894737,228.0,1.3763738495511608
2d,2,saw,L128_N1000_T10000,128,1000,10000,204,mean_r2,1156.4464285714,224.0,1.3828151270178348
2d,2,saw,L128_N1000_T10000,128,1000,10000,205,mean_r2,1169.4727272727,220.0,1.4153724840957669
2d,2,saw,L128_N1000_T10000,128,1000,10000,206,mean_r2,1183.6542056075,214.0,1.3155523373163016
2d,2,saw,L128_N1000_T10000,128,1000,10000,207,mean_r2,1197.6476190476,210.0,1.4727893091559594
2d,2,saw,L128_N1000_T10000,128,1000,10000,208,mean_r2,1203.6761904762,210.0,1.8165284608305938
2d,2,saw,L128_N1000_T10000,128,1000,10000,209,mean_r2,1214.4299516908,207.0,1.7024921267531767
2d,2,saw,L128_N1000_T10000,128,1000,10000,210,mean_r2,1214.8712871287,202.0,1.6631314335663103
2d,2,saw,L128_N1000_T10000,128,1000,10000,211,mean_r2,1215.6865671642,201.0,1.4047071528248436
2d,2,saw,L128_N1000_T10000,128,1000,10000,212,mean_r2,1230.0505050505,198.0,1.2623476725369007
2d,2,saw,L128_N1000_T10000,128,1000,10000,213,mean_r2,1248.7671957672,189.0,1.3112938788115795
2d,2,saw,L128_N1000_T10000,128,1000,10000,214,mean_r2,1254.6120218579,183.0,0.7500055885389398
2d,2,saw,L128_N1000_T10000,128,1000,10000,215,mean_r2,1265.8764044944,178.0,0.5347292069057812
2d,2,saw,L128_N1000_T10000,128,1000,10000,216,mean_r2,1265.1525423729,177.0,0.6884708905282715
2d,2,saw,L128_N1000_T10000,128,1000,10000,217,mean_r2,1271.1411764706,170.0,0.7407201203408111
2d,2,saw,L128_N1000_T10000,128,1000,10000,218,mean_r2,1280.1212121212,165.0,0.33114554197409773
2d,2,saw,L128_N1000_T10000,128,1000,10000,219,mean_r2,1257.7547169811,159.0,0.1887856619204347
2d,2,saw,L128_N1000_T10000,128,1000,10000,220,mean_r2,1245.4709677419,155.0,0.3156239818367773
2d,2,saw,L128_N1000_T10000,128,1000,10000,221,mean_r2,1255.0662251656,151.0,0.17922179818125486
2d,2,saw,L128_N1000_T10000,128,1000,10000,222,mean_r2,1272.7702702703,148.0,0.33433389434619915
2d,2,saw,L128_N1000_T10000,128,1000,10000,223,mean_r2,1267.8843537415,147.0,0.48504536633543877
2d,2,saw,L128_N1000_T10000,128,1000,10000,224,mean_r2,1265.475862069,145.0,1.129776054827485
2d,2,saw,L128_N1000_T10000,128,1000,10000,225,mean_r2,1284.1714285714,140.0,1.3552138566192626
2d,2,saw,L128_N1000_T10000,128,1000,10000,226,mean_r2,1275.4558823529,136.0,1.2706962793414578
2d,2,saw,L128_N1000_T10000,128,1000,10000,227,mean_r2,1290.4328358209,134.0,1.3589659615298992
2d,2,saw,L128_N1000_T10000,128,1000,10000,228,mean_r2,1308.2748091603,131.0,1.2581882944490568
2d,2,saw,L128_N1000_T10000,128,1000,10000,229,mean_r2,1322.8294573643,129.0,1.684672901101168
2d,2,saw,L128_N1000_T10000,128,1000,10000,230,mean_r2,1322.8062015504,129.0,1.4784067844621336
2d,2,saw,L128_N1000_T10000,128,1000,10000,231,mean_r2,1327.6666666667,126.0,1.8523922273352058
2d,2,saw,L128_N1000_T10000,128,1000,10000,232,mean_r2,1351.3064516129,124.0,1.9258581951765248
2d,2,saw,L128_N1000_T10000,128,1000,10000,233,mean_r2,1339.8292682927,123.0,1.9123956554280401
2d,2,saw,L128_N1000_T10000,128,1000,10000,234,mean_r2,1362.0983606557,122.0,1.836504434348799
2d,2,saw,L128_N1000_T10000,128,1000,10000,235,mean_r2,1369.4406779661,118.0,2.458141314265305
2d,2,saw,L128_N1000_T10000,128,1000,10000,236,mean_r2,1381.9649122807,114.0,2.508819340337255
2d,2,saw,L128_N1000_T10000,128,1000,10000,237,mean_r2,1402.1428571429,112.0,2.255651641529066
2d,2,saw,L128_N1000_T10000,128,1000,10000,238,mean_r2,1420.2018348624,109.0,2.455128088080399
2d,2,saw,L128_N1000_T10000,128,1000,10000,239,mean_r2,1430.8490566038,106.0,1.9734623613344509
2d,2,saw,L128_N1000_T10000,128,1000,10000,240,mean_r2,1468.6930693069,101.0,2.1916552326635075
2d,2,saw,L128_N1000_T10000,128,1000,10000,241,mean_r2,1476.603960396,101.0,2.11924192296845
2d,2,saw,L128_N1000_T10000,128,1000,10000,242,mean_r2,1486.2574257426,101.0,1.8105690572211097
2d,2,saw,L128_N1000_T10000,128,1000,10000,243,mean_r2,1485.4444444444,99.0,1.0763737900103134
2d,2,saw,L128_N1000_T10000,128,1000,10000,244,mean_r2,1479.3608247423,97.0,0.9394579517510048
2d,2,saw,L128_N1000_T10000,128,1000,10000,245,mean_r2,1500.4042553191,94.0,0.46269649809201285
2d,2,saw,L128_N1000_T10000,128,1000,10000,246,mean_r2,1509.0107526882,93.0,0.39467248481925093
2d,2,saw,L128_N1000_T10000,128,1000,10000,247,mean_r2,1511.0869565217,92.0,0.6090273225502687
2d,2,saw,L128_N1000_T10000,128,1000,10000,248,mean_r2,1484.5333333333,90.0,0.763684095454572
2d,2,saw,L128_N1000_T10000,128,1000,10000,249,mean_r2,1487.0224719101,89.0,1.367469605500382
2d,2,saw,L128_N1000_T10000,128,1000,10000,250,mean_r2,1496.6976744186,86.0,1.3527953854393986
2d,2,saw,L128_N1000_T10000,128,1000,10000,251,mean_r2,1500.488372093,86.0,0.9947954472433218
2d,2,saw,L128_N1000_T10000,128,1000,10000,252,mean_r2,1523.3647058824,85.0,0.9450242352332161
2d,2,saw,L128_N1000_T10000,128,1000,10000,253,mean_r2,1531.9047619048,84.0,1.309882214355496
2d,2,saw,L128_N1000_T10000,128,1000,10000,254,mean_r2,1562.8888888889,81.0,1.4219038048518926
2d,2,saw,L128_N1000_T10000,128,1000,10000,255,mean_r2,1583.8421052632,76.0,1.7538147173074552
2d,2,saw,L128_N1000_T10000,128,1000,10000,256,mean_r2,1570.027027027,74.0,1.71860108157337
2d,2,saw,L128_N1000_T10000,128,1000,10000,257,mean_r2,1568.8378378378,74.0,1.7626156032268512
2d,2,saw,L128_N1000_T10000,128,1000,10000,258,mean_r2,1563.4285714286,70.0,1.857370588445836
2d,2,saw,L128_N1000_T10000,128,1000,10000,259,mean_r2,1572.652173913,69.0,0.9953954919580869
2d,2,saw,L128_N1000_T10000,128,1000,10000,260,mean_r2,1603.2727272727,66.0,0.7381649572851683
2d,2,saw,L128_N1000_T10000,128,1000,10000,261,mean_r2,1604.6923076923,65.0,0.9572901393000326
2d,2,saw,L128_N1000_T10000,128,1000,10000,262,mean_r2,1631.5238095238,63.0,1.0960125778167862
2d,2,saw,L128_N1000_T10000,128,1000,10000,263,mean_r2,1646.2698412698,63.0,1.2169896687176476
2d,2,saw,L128_N1000_T10000,128,1000,10000,264,mean_r2,1624.131147541,61.0,1.7912073812502987
2d,2,saw,L128_N1000_T10000,128,1000,10000,265,mean_r2,1629.4590163934,61.0,0.877161934447211
2d,2,saw,L128_N1000_T10000,128,1000,10000,266,mean_r2,1628.6885245902,61.0,0.9521810280079883
2d,2,saw,L128_N1000_T10000,128,1000,10000,267,mean_r2,1635.8666666667,60.0,0.6635242457617498
2d,2,saw,L128_N1000_T10000,128,1000,10000,268,mean_r2,1637.4827586207,58.0,0.8565279642477818
2d,2,saw,L128_N1000_T10000,128,1000,10000,269,mean_r2,1683.0714285714,56.0,1.991694354235661
2d,2,saw,L128_N1000_T10000,128,1000,10000,270,mean_r2,1657.2363636364,55.0,2.008464976514522
2d,2,saw,L128_N1000_T10000,128,1000,10000,271,mean_r2,1663.1818181818,55.0,2.172813250475714
2d,2,saw,L128_N1000_T10000,128,1000,10000,272,mean_r2,1672.5818181818,55.0,3.009051840629414
2d,2,saw,L128_N1000_T10000,128,1000,10000,273,mean_r2,1699.7407407407,54.0,3.247287459238525
2d,2,saw,L128_N1000_T10000,128,1000,10000,274,mean_r2,1748.9615384615,52.0,3.194565973858396
2d,2,saw,L128_N1000_T10000,128,1000,10000,275,mean_r2,1755.3076923077,52.0,3.739601911115575
2d,2,saw,L128_N1000_T10000,128,1000,10000,276,mean_r2,1764.6666666667,51.0,3.5874326914174017
2d,2,saw,L128_N1000_T10000,128,1000,10000,277,mean_r2,1827.25,48.0,4.327592629269022
2d,2,saw,L128_N1000_T10000,128,1000,10000,278,mean_r2,1844.3404255319,47.0,3.4909559098776044
2d,2,saw,L128_N1000_T10000,128,1000,10000,279,mean_r2,1891.2222222222,45.0,3.7765356555211973
2d,2,saw,L128_N1000_T10000,128,1000,10000,280,mean_r2,1898.6666666667,45.0,4.004254592953355
2d,2,saw,L128_N1000_T10000,128,1000,10000,281,mean_r2,1894.0666666667,45.0,4.037210257818943
2d,2,saw,L128_N1000_T10000,128,1000,10000,282,mean_r2,1955.4418604651,43.0,3.830155185721149
2d,2,saw,L128_N1000_T10000,128,1000,10000,283,mean_r2,1927.1904761905,42.0,3.6975750569131454
2d,2,saw,L128_N1000_T10000,128,1000,10000,284,mean_r2,2002.5,40.0,3.045253881806095
2d,2,saw,L128_N1000_T10000,128,1000,10000,285,mean_r2,2025.2,40.0,2.979021862630766
2d,2,saw,L128_N1000_T10000,128,1000,10000,286,mean_r2,2037.35,40.0,2.8258365032752764
2d,2,saw,L128_N1000_T10000,128,1000,10000,287,mean_r2,2093.1025641026,39.0,1.7510289449266996
2d,2,saw,L128_N1000_T10000,128,1000,10000,288,mean_r2,2101.7948717949,39.0,1.3817283055513931
2d,2,saw,L128_N1000_T10000,128,1000,10000,289,mean_r2,2105.3076923077,39.0,0.2309933663992389
2d,2,saw,L128_N1000_T10000,128,1000,10000,290,mean_r2,2107.8947368421,38.0,0.7389230163873197
2d,2,saw,L128_N1000_T10000,128,1000,10000,291,mean_r2,2090.7894736842,38.0,0.5080472676731949
2d,2,saw,L128_N1000_T10000,128,1000,10000,292,mean_r2,2078.4736842105,38.0,0.4615664251437793
2d,2,saw,L128_N1000_T10000,128,1000,10000,293,mean_r2,2021.9142857143,35.0,1.4433318194634233
2d,2,saw,L128_N1000_T10000,128,1000,10000,294,mean_r2,2018.5714285714,35.0,1.5355441037977953
2d,2,saw,L128_N1000_T10000,128,1000,10000,295,mean_r2,2077.4705882353,34.0,1.9337737821904064
2d,2,saw,L128_N1000_T10000,128,1000,10000,296,mean_r2,2073.2352941176,34.0,1.701144014514426
2d,2,saw,L128_N1000_T10000,128,1000,10000,297,mean_r2,2126.4545454545,33.0,1.7124100102793962
2d,2,saw,L128_N1000_T10000,128,1000,10000,298,mean_r2,2207.9333333333,30.0,2.5475405246422134
2d,2,saw,L128_N1000_T10000,128,1000,10000,299,mean_r2,2218.2,30.0,1.9192052598045186
2d,2,saw,L128_N1000_T10000,128,1000,10000,300,mean_r2,2250.7142857143,28.0,-0.3262270611030491
2d,2,saw,L128_N1000_T10000,128,1000,10000,301,mean_r2,2214.4814814815,27.0,-1.5093842755983484
2d,2,saw,L128_N1000_T10000,128,1000,10000,302,mean_r2,2201.8461538462,26.0,-2.275110305098844
2d,2,saw,L128_N1000_T10000,128,1000,10000,303,mean_r2,2202.3846153846,26.0,-3.3464644796867025
2d,2,saw,L128_N1000_T10000,128,1000,10000,304,mean_r2,2152.4,25.0,-3.6869540186515852
2d,2,saw,L128_N1000_T10000,128,1000,10000,305,mean_r2,2055.0,24.0,-4.516375708313553
2d,2,saw,L128_N1000_T10000,128,1000,10000,306,mean_r2,1971.8260869565,23.0,-3.529901254617631
2d,2,saw,L128_N1000_T10000,128,1000,10000,307,mean_r2,1972.1304347826,23.0,-3.460013995377881
2d,2,saw,L128_N1000_T10000,128,1000,10000,308,mean_r2,1977.0434782609,23.0,-3.8527930264293904
2d,2,saw,L128_N1000_T10000,128,1000,10000,309,mean_r2,1964.8260869565,23.0,-4.023739496018569
2d,2,saw,L128_N1000_T10000,128,1000,10000,310,mean_r2,1940.9090909091,22.0,-2.129616356480915
2d,2,saw,L128_N1000_T10000,128,1000,10000,311,mean_r2,1973.1904761905,21.0,-1.04242188986804
2d,2,saw,L128_N1000_T10000,128,1000,10000,312,mean_r2,1967.1428571429,21.0,-0.8386193702414233
2d,2,saw,L128_N1000_T10000,128,1000,10000,313,mean_r2,1943.4,20.0,-4.5827383367976156
2d,2,saw,L128_N1000_T10000,128,1000,10000,314,mean_r2,1889.5789473684,19.0,-4.384376463398118
2d,2,saw,L128_N1000_T10000,128,1000,10000,315,mean_r2,1918.5555555556,18.0,-3.794450681658668
2d,2,saw,L128_N1000_T10000,128,1000,10000,316,mean_r2,1906.8235294118,17.0,-3.4659047225728408
2d,2,saw,L128_N1000_T10000,128,1000,10000,317,mean_r2,1919.8235294118,17.0,-3.2519589711664003
2d,2,saw,L128_N1000_T10000,128,1000,10000,318,mean_r2,1707.75,16.0,-2.755728681002333
2d,2,saw,L128_N1000_T10000,128,1000,10000,319,mean_r2,1708.75,16.0,-4.404796907499532
2d,2,saw,L128_N1000_T10000,128,1000,10000,320,mean_r2,1720.625,16.0,-5.319266635858349
2d,2,saw,L128_N1000_T10000,128,1000,10000,321,mean_r2,1768.2,15.0,-5.051642254900747
2d,2,saw,L128_N1000_T10000,128,1000,10000,322,mean_r2,1775.3333333333,15.0,-5.24946430130096
2d,2,saw,L128_N1000_T10000,128,1000,10000,323,mean_r2,1782.0666666667,15.0,-3.843391377896055
2d,2,saw,L128_N1000_T10000,128,1000,10000,324,mean_r2,1645.8571428571,14.0,-6.585061559540919
2d,2,saw,L128_N1000_T10000,128,1000,10000,325,mean_r2,1624.7142857143,14.0,-5.076146758807522
2d,2,saw,L128_N1000_T10000,128,1000,10000,326,mean_r2,1629.1428571429,14.0,-6.220927014067051
2d,2,saw,L128_N1000_T10000,128,1000,10000,327,mean_r2,1631.0,14.0,-7.118671188555554
2d,2,saw,L128_N1000_T10000,128,1000,10000,328,mean_r2,1516.1538461538,13.0,-7.436027158903928
2d,2,saw,L128_N1000_T10000,128,1000,10000,329,mean_r2,1394.4545454545,11.0,-8.919349910926934
2d,2,saw,L128_N1000_T10000,128,1000,10000,330,mean_r2,1471.8,10.0,-7.9722489675179045
2d,2,saw,L128_N1000_T10000,128,1000,10000,331,mean_r2,1461.0,10.0,-7.090055144252997
2d,2,saw,L128_N1000_T10000,128,1000,10000,332,mean_r2,1428.0,9.0,
2d,2,saw,L128_N1000_T10000,128,1000,10000,333,mean_r2,1420.5555555556,9.0,
2d,2,saw,L128_N1000_T10000,128,1000,10000,334,mean_r2,1255.0,8.0,
2d,2,saw,L128_N1000_T10000,128,1000,10000,335,mean_r2,1276.0,8.0,
2d,2,saw,L128_N1000_T10000,128,1000,10000,336,mean_r2,1315.0,8.0,
2d,2,saw,L128_N1000_T10000,128,1000,10000,337,mean_r2,1345.0,8.0,
2d,2,saw,L128_N1000_T10000,128,1000,10000,338,mean_r2,1354.75,8.0,
2d,2,saw,L128_N1000_T10000,128,1000,10000,339,mean_r2,1350.5,8.0,
2d,2,saw,L128_N1000_T10000,128,1000,10000,340,mean_r2,1354.0,8.0,
2d,2,saw,L128_N1000_T10000,128,1000,10000,341,mean_r2,1360.0,8.0,
2d,2,saw,L128_N1000_T10000,128,1000,10000,342,mean_r2,1359.0,8.0,
2d,2,saw,L128_N1000_T10000,128,1000,10000,343,mean_r2,1352.5,8.0,
2d,2,saw,L128_N1000_T10000,128,1000,10000,344,mean_r2,1331.0,8.0,
2d,2,saw,L128_N1000_T10000,128,1000,10000,345,mean_r2,1337.0,8.0,
2d,2,saw,L128_N1000_T10000,128,1000,10000,346,mean_r2,1334.25,8.0,
2d,2,saw,L128_N1000_T10000,128,1000,10000,347,mean_r2,1379.0,8.0,
2d,2,saw,L128_N1000_T10000,128,1000,10000,348,mean_r2,1510.5714285714,7.0,
2d,2,saw,L128_N1000_T10000,128,1000,10000,349,mean_r2,1441.6666666667,6.0,
2d,2,saw,L128_N1000_T10000,128,1000,10000,350,mean_r2,1468.3333333333,6.0,
2d,2,saw,L128_N1000_T10000,128,1000,10000,351,mean_r2,1495.0,6.0,
2d,2,saw,L128_N1000_T10000,128,1000,10000,352,mean_r2,1501.3333333333,6.0,
2d,2,saw,L128_N1000_T10000,128,1000,10000,353,mean_r2,1520.3333333333,6.0,
2d,2,saw,L128_N1000_T10000,128,1000,10000,354,mean_r2,1552.6666666667,6.0,
2d,2,saw,L128_N1000_T10000,128,1000,10000,355,mean_r2,1598.3333333333,6.0,
2d,2,saw,L128_N1000_T10000,128,1000,10000,356,mean_r2,1627.0,6.0,
2d,2,saw,L128_N1000_T10000,128,1000,10000,357,mean_r2,1664.3333333333,6.0,
2d,2,saw,L128_N1000_T10000,128,1000,10000,358,mean_r2,1657.0,6.0,
2d,2,saw,L128_N1000_T10000,128,1000,10000,359,mean_r2,1642.3333333333,6.0,
2d,2,saw,L128_N1000_T10000,128,1000,10000,360,mean_r2,1644.3333333333,6.0,
2d,2,saw,L128_N1000_T10000,128,1000,10000,361,mean_r2,1785.0,5.0,
2d,2,saw,L128_N1000_T10000,128,1000,10000,362,mean_r2,1776.8,5.0,
2d,2,saw,L128_N1000_T10000,128,1000,10000,363,mean_r2,1758.6,5.0,
2d,2,saw,L128_N1000_T10000,128,1000,10000,364,mean_r2,1790.4,5.0,
2d,2,saw,L128_N1000_T10000,128,1000,10000,365,mean_r2,1772.2,5.0,
2d,2,saw,L128_N1000_T10000,128,1000,10000,366,mean_r2,1792.0,5.0,
2d,2,saw,L128_N1000_T10000,128,1000,10000,367,mean_r2,1824.2,5.0,
2d,2,saw,L128_N1000_T10000,128,1000,10000,368,mean_r2,2069.5,4.0,
2d,2,saw,L128_N1000_T10000,128,1000,10000,369,mean_r2,2076.0,4.0,
2d,2,saw,L128_N1000_T10000,128,1000,10000,370,mean_r2,2072.0,4.0,
2d,2,saw,L128_N1000_T10000,128,1000,10000,371,mean_r2,2096.0,4.0,
2d,2,saw,L128_N1000_T10000,128,1000,10000,372,mean_r2,1676.0,3.0,
2d,2,saw,L128_N1000_T10000,128,1000,10000,373,mean_r2,1633.0,3.0,
2d,2,saw,L128_N1000_T10000,128,1000,10000,374,mean_r2,1580.6666666667,3.0,
2d,2,saw,L128_N1000_T10000,128,1000,10000,375,mean_r2,1618.3333333333,3.0,
2d,2,saw,L128_N1000_T10000,128,1000,10000,376,mean_r2,1641.3333333333,3.0,
2d,2,saw,L128_N1000_T10000,128,1000,10000,377,mean_r2,1749.0,2.0,
2d,2,saw,L128_N1000_T10000,128,1000,10000,378,mean_r2,1685.0,2.0,
2d,2,saw,L128_N1000_T10000,128,1000,10000,379,mean_r2,1639.0,2.0,
2d,2,saw,L128_N1000_T10000,128,1000,10000,380,mean_r2,1630.0,2.0,
2d,2,saw,L128_N1000_T10000,128,1000,10000,381,mean_r2,3205.0,1.0,
2d,2,saw,L128_N1000_T10000,128,1000,10000,382,mean_r2,3172.0,1.0,
2d,2,saw,L128_N1000_T10000,128,1000,10000,383,mean_r2,3141.0,1.0,
2d,2,saw,L128_N1000_T10000,128,1000,10000,384,mean_r2,3034.0,1.0,
2d,2,saw,L128_N1000_T10000,128,1000,10000,385,mean_r2,2929.0,1.0,
2d,2,saw,L128_N1000_T10000,128,1000,10000,386,mean_r2,2900.0,1.0,
2d,2,saw,L128_N1000_T10000,128,1000,10000,387,mean_r2,3005.0,1.0,
2d,2,saw,L128_N1000_T10000,128,1000,10000,388,mean_r2,3112.0,1.0,
2d,2,saw,L128_N1000_T10000,128,1000,10000,389,mean_r2,3221.0,1.0,
2d,2,saw,L256_N1000_T10000,256,1000,10000,1,mean_r2,1.0,10000.0,
2d,2,saw,L256_N1000_T10000,256,1000,10000,2,mean_r2,2.6644,10000.0,
2d,2,saw,L256_N1000_T10000,256,1000,10000,3,mean_r2,4.576,10000.0,
2d,2,saw,L256_N1000_T10000,256,1000,10000,4,mean_r2,6.7818,10000.0,
2d,2,saw,L256_N1000_T10000,256,1000,10000,5,mean_r2,9.0228,10000.0,
2d,2,saw,L256_N1000_T10000,256,1000,10000,6,mean_r2,11.4408,10000.0,1.3357128133554161
2d,2,saw,L256_N1000_T10000,256,1000,10000,7,mean_r2,13.9428,10000.0,1.3013605662306695
2d,2,saw,L256_N1000_T10000,256,1000,10000,8,mean_r2,16.6309356842,9982.0,1.2910965980683038
2d,2,saw,L256_N1000_T10000,256,1000,10000,9,mean_r2,19.2667202249,9958.0,1.2745103610068718
2d,2,saw,L256_N1000_T10000,256,1000,10000,10,mean_r2,21.8949173054,9916.0,1.2730488037059913
2d,2,saw,L256_N1000_T10000,256,1000,10000,11,mean_r2,24.6037640393,9883.0,1.2675211292470336
2d,2,saw,L256_N1000_T10000,256,1000,10000,12,mean_r2,27.4318297526,9821.0,1.2623661478869845
2d,2,saw,L256_N1000_T10000,256,1000,10000,13,mean_r2,30.3867924528,9752.0,1.256932647225464
2d,2,saw,L256_N1000_T10000,256,1000,10000,14,mean_r2,33.4784496124,9675.0,1.2573038570299573
2d,2,saw,L256_N1000_T10000,256,1000,10000,15,mean_r2,36.5375963341,9602.0,1.2632502870539515
2d,2,saw,L256_N1000_T10000,256,1000,10000,16,mean_r2,39.6625618356,9501.0,1.2681657501499481
2d,2,saw,L256_N1000_T10000,256,1000,10000,17,mean_r2,42.7369874655,9414.0,1.2724827260694176
2d,2,saw,L256_N1000_T10000,256,1000,10000,18,mean_r2,46.0878436426,9312.0,1.273657808185885
2d,2,saw,L256_N1000_T10000,256,1000,10000,19,mean_r2,49.2965853659,9225.0,1.2706947527668
2d,2,saw,L256_N1000_T10000,256,1000,10000,20,mean_r2,52.5556652408,9117.0,1.2648518908454534
2d,2,saw,L256_N1000_T10000,256,1000,10000,21,mean_r2,55.8645418327,9036.0,1.2667707159830652
2d,2,saw,L256_N1000_T10000,256,1000,10000,22,mean_r2,59.3232526882,8928.0,1.2754583780112176
2d,2,saw,L256_N1000_T10000,256,1000,10000,23,mean_r2,62.8459798711,8843.0,1.2631150526785062
2d,2,saw,L256_N1000_T10000,256,1000,10000,24,mean_r2,66.4069660862,8728.0,1.268334150349223
2d,2,saw,L256_N1000_T10000,256,1000,10000,25,mean_r2,69.7181386735,8639.0,1.2728558471182496
2d,2,saw,L256_N1000_T10000,256,1000,10000,26,mean_r2,73.3641061781,8514.0,1.2736389884093344
2d,2,saw,L256_N1000_T10000,256,1000,10000,27,mean_r2,77.1014285714,8400.0,1.2707585846276235
2d,2,saw,L256_N1000_T10000,256,1000,10000,28,mean_r2,80.5304054054,8288.0,1.2765090678664264
2d,2,saw,L256_N1000_T10000,256,1000,10000,29,mean_r2,84.282866577,8177.0,1.277922167591949
2d,2,saw,L256_N1000_T10000,256,1000,10000,30,mean_r2,88.0558728582,8054.0,1.2841617939458159
2d,2,saw,L256_N1000_T10000,256,1000,10000,31,mean_r2,91.7408152994,7948.0,1.2883598410559627
2d,2,saw,L256_N1000_T10000,256,1000,10000,32,mean_r2,95.5019118022,7846.0,1.2889508437418706
2d,2,saw,L256_N1000_T10000,256,1000,10000,33,mean_r2,99.6360232408,7745.0,1.3113107456944875
2d,2,saw,L256_N1000_T10000,256,1000,10000,34,mean_r2,103.6386995281,7628.0,1.3004972604827028
2d,2,saw,L256_N1000_T10000,256,1000,10000,35,mean_r2,107.3984031936,7515.0,1.2947337178348977
2d,2,saw,L256_N1000_T10000,256,1000,10000,36,mean_r2,111.5748818366,7405.0,1.3073881930075106
2d,2,saw,L256_N1000_T10000,256,1000,10000,37,mean_r2,115.7283680175,7304.0,1.3047633309301867
2d,2,saw,L256_N1000_T10000,256,1000,10000,38,mean_r2,120.191350299,7191.0,1.2872613319898636
2d,2,saw,L256_N1000_T10000,256,1000,10000,39,mean_r2,123.8995904533,7081.0,1.2937566073270574
2d,2,saw,L256_N1000_T10000,256,1000,10000,40,mean_r2,127.7970183486,6976.0,1.302904297575803
2d,2,saw,L256_N1000_T10000,256,1000,10000,41,mean_r2,132.223453909,6856.0,1.2948291656386268
2d,2,saw,L256_N1000_T10000,256,1000,10000,42,mean_r2,136.1769858946,6735.0,1.2853733102009905
2d,2,saw,L256_N1000_T10000,256,1000,10000,43,mean_r2,140.0854044284,6639.0,1.2693564109168758
2d,2,saw,L256_N1000_T10000,256,1000,10000,44,mean_r2,144.6734192756,6516.0,1.2860885911776372
2d,2,saw,L256_N1000_T10000,256,1000,10000,45,mean_r2,149.0056109726,6416.0,1.2852035502144799
2d,2,saw,L256_N1000_T10000,256,1000,10000,46,mean_r2,153.2526182164,6302.0,1.2774588992035245
2d,2,saw,L256_N1000_T10000,256,1000,10000,47,mean_r2,157.3929032258,6200.0,1.2986125786351113
2d,2,saw,L256_N1000_T10000,256,1000,10000,48,mean_r2,161.681050041,6095.0,1.3203806499402944
2d,2,saw,L256_N1000_T10000,256,1000,10000,49,mean_r2,166.173484722,5989.0,1.3185358940592928
2d,2,saw,L256_N1000_T10000,256,1000,10000,50,mean_r2,170.2432157395,5896.0,1.3203955212698113
2d,2,saw,L256_N1000_T10000,256,1000,10000,51,mean_r2,174.7407215605,5793.0,1.3144653146037784
2d,2,saw,L256_N1000_T10000,256,1000,10000,52,mean_r2,179.7029876977,5690.0,1.316230885005312
2d,2,saw,L256_N1000_T10000,256,1000,10000,53,mean_r2,184.626161544,5596.0,1.325944218310072
2d,2,saw,L256_N1000_T10000,256,1000,10000,54,mean_r2,189.5224913495,5491.0,1.3213996172045088
2d,2,saw,L256_N1000_T10000,256,1000,10000,55,mean_r2,194.2116706932,5381.0,1.3423073403632095
2d,2,saw,L256_N1000_T10000,256,1000,10000,56,mean_r2,198.4736842105,5282.0,1.350039372155905
2d,2,saw,L256_N1000_T10000,256,1000,10000,57,mean_r2,202.8873726696,5203.0,1.343002731103812
2d,2,saw,L256_N1000_T10000,256,1000,10000,58,mean_r2,207.7945607513,5111.0,1.3533101902296303
2d,2,saw,L256_N1000_T10000,256,1000,10000,59,mean_r2,212.3931199046,5029.0,1.3512331226808967
2d,2,saw,L256_N1000_T10000,256,1000,10000,60,mean_r2,217.4479821537,4931.0,1.3447427499391156
2d,2,saw,L256_N1000_T10000,256,1000,10000,61,mean_r2,222.5218827415,4844.0,1.369106482622879
2d,2,saw,L256_N1000_T10000,256,1000,10000,62,mean_r2,227.5857442348,4770.0,1.36504419989489
2d,2,saw,L256_N1000_T10000,256,1000,10000,63,mean_r2,233.2808219178,4672.0,1.3374824256649351
2d,2,saw,L256_N1000_T10000,256,1000,10000,64,mean_r2,238.4312267658,4573.0,1.3253552031193958
2d,2,saw,L256_N1000_T10000,256,1000,10000,65,mean_r2,243.129304599,4501.0,1.3211629446721518
2d,2,saw,L256_N1000_T10000,256,1000,10000,66,mean_r2,248.5402714932,4420.0,1.3224911126259862
2d,2,saw,L256_N1000_T10000,256,1000,10000,67,mean_r2,252.9770062083,4349.0,1.3197087543869013
2d,2,saw,L256_N1000_T10000,256,1000,10000,68,mean_r2,257.0565594931,4261.0,1.2928031719846813
2d,2,saw,L256_N1000_T10000,256,1000,10000,69,mean_r2,261.3730026234,4193.0,1.2864673865130034
2d,2,saw,L256_N1000_T10000,256,1000,10000,70,mean_r2,266.5649224806,4128.0,1.3227564875183428
2d,2,saw,L256_N1000_T10000,256,1000,10000,71,mean_r2,271.9960513327,4052.0,1.3224238738958172
2d,2,saw,L256_N1000_T10000,256,1000,10000,72,mean_r2,277.2349671551,3958.0,1.3492335449602437
2d,2,saw,L256_N1000_T10000,256,1000,10000,73,mean_r2,282.2250580046,3879.0,1.3882077793689611
2d,2,saw,L256_N1000_T10000,256,1000,10000,74,mean_r2,287.3936366027,3803.0,1.4078165853597224
2d,2,saw,L256_N1000_T10000,256,1000,10000,75,mean_r2,293.7946308725,3725.0,1.3889871159064633
2d,2,saw,L256_N1000_T10000,256,1000,10000,76,mean_r2,299.5168262654,3655.0,1.3765161860102053
2d,2,saw,L256_N1000_T10000,256,1000,10000,77,mean_r2,305.2082283795,3573.0,1.3779507698848446
2d,2,saw,L256_N1000_T10000,256,1000,10000,78,mean_r2,310.9897025172,3496.0,1.372887932473023
2d,2,saw,L256_N1000_T10000,256,1000,10000,79,mean_r2,316.2345895413,3423.0,1.3641474199709067
2d,2,saw,L256_N1000_T10000,256,1000,10000,80,mean_r2,320.8876973488,3357.0,1.3434637279005077
2d,2,saw,L256_N1000_T10000,256,1000,10000,81,mean_r2,326.0889159562,3284.0,1.3342815641584411
2d,2,saw,L256_N1000_T10000,256,1000,10000,82,mean_r2,331.6473520249,3210.0,1.2973676602994249
2d,2,saw,L256_N1000_T10000,256,1000,10000,83,mean_r2,336.6210392902,3156.0,1.2700746953653144
2d,2,saw,L256_N1000_T10000,256,1000,10000,84,mean_r2,341.6411251212,3093.0,1.3206830850363445
2d,2,saw,L256_N1000_T10000,256,1000,10000,85,mean_r2,347.5933046072,3017.0,1.3144437207109037
2d,2,saw,L256_N1000_T10000,256,1000,10000,86,mean_r2,353.2254139912,2959.0,1.3461257486131042
2d,2,saw,L256_N1000_T10000,256,1000,10000,87,mean_r2,357.5968911917,2895.0,1.3256070819561068
2d,2,saw,L256_N1000_T10000,256,1000,10000,88,mean_r2,362.4789325843,2848.0,1.3507781203957803
2d,2,saw,L256_N1000_T10000,256,1000,10000,89,mean_r2,370.1449067432,2788.0,1.3418300019354807
2d,2,saw,L256_N1000_T10000,256,1000,10000,90,mean_r2,374.6193265007,2732.0,1.3197072682962516
2d,2,saw,L256_N1000_T10000,256,1000,10000,91,mean_r2,381.4092953523,2668.0,1.3339588659999817
2d,2,saw,L256_N1000_T10000,256,1000,10000,92,mean_r2,386.2979373568,2618.0,1.3902828433107006
2d,2,saw,L256_N1000_T10000,256,1000,10000,93,mean_r2,392.53307393,2570.0,1.4105422799276395
2d,2,saw,L256_N1000_T10000,256,1000,10000,94,mean_r2,397.2982178218,2525.0,1.40895039095371
2d,2,saw,L256_N1000_T10000,256,1000,10000,95,mean_r2,402.5496368039,2478.0,1.4556945596897999
2d,2,saw,L256_N1000_T10000,256,1000,10000,96,mean_r2,409.0523279769,2427.0,1.4943695914585458
2d,2,saw,L256_N1000_T10000,256,1000,10000,97,mean_r2,415.9949409781,2372.0,1.5482779844207037
2d,2,saw,L256_N1000_T10000,256,1000,10000,98,mean_r2,421.9065981148,2334.0,1.5150262714625966
2d,2,saw,L256_N1000_T10000,256,1000,10000,99,mean_r2,430.0599038041,2287.0,1.5967623537839783
2d,2,saw,L256_N1000_T10000,256,1000,10000,100,mean_r2,436.71600535,2243.0,1.6229499810744632
2d,2,saw,L256_N1000_T10000,256,1000,10000,101,mean_r2,445.7140255009,2196.0,1.5918069128686259
2d,2,saw,L256_N1000_T10000,256,1000,10000,102,mean_r2,453.2150837989,2148.0,1.5782698174874554
2d,2,saw,L256_N1000_T10000,256,1000,10000,103,mean_r2,458.220113852,2108.0,1.617512939239182
2d,2,saw,L256_N1000_T10000,256,1000,10000,104,mean_r2,466.8993223621,2066.0,1.5701812994464455
2d,2,saw,L256_N1000_T10000,256,1000,10000,105,mean_r2,473.5459057072,2015.0,1.5809162338942353
2d,2,saw,L256_N1000_T10000,256,1000,10000,106,mean_r2,478.9406438632,1988.0,1.5538418302383754
2d,2,saw,L256_N1000_T10000,256,1000,10000,107,mean_r2,485.6700819672,1952.0,1.560007834537564
2d,2,saw,L256_N1000_T10000,256,1000,10000,108,mean_r2,493.7096436059,1908.0,1.565238981034678
2d,2,saw,L256_N1000_T10000,256,1000,10000,109,mean_r2,500.2059765208,1874.0,1.4747534107932279
2d,2,saw,L256_N1000_T10000,256,1000,10000,110,mean_r2,507.7354382145,1837.0,1.4914095384730301
2d,2,saw,L256_N1000_T10000,256,1000,10000,111,mean_r2,516.1385642738,1797.0,1.5102653000218773
2d,2,saw,L256_N1000_T10000,256,1000,10000,112,mean_r2,524.4070494599,1759.0,1.4990864318821444
2d,2,saw,L256_N1000_T10000,256,1000,10000,113,mean_r2,529.738177624,1734.0,1.493278554079412
2d,2,saw,L256_N1000_T10000,256,1000,10000,114,mean_r2,534.5937683715,1701.0,1.488954121461494
2d,2,saw,L256_N1000_T10000,256,1000,10000,115,mean_r2,542.3573141487,1668.0,1.447749162190963
2d,2,saw,L256_N1000_T10000,256,1000,10000,116,mean_r2,548.7970749543,1641.0,1.435659238615437
2d,2,saw,L256_N1000_T10000,256,1000,10000,117,mean_r2,555.2761609907,1615.0,1.4712441240404779
2d,2,saw,L256_N1000_T10000,256,1000,10000,118,mean_r2,563.5085281112,1583.0,1.5146921193166956
2d,2,saw,L256_N1000_T10000,256,1000,10000,119,mean_r2,570.0441558442,1540.0,1.557373643730375
2d,2,saw,L256_N1000_T10000,256,1000,10000,120,mean_r2,575.898349835,1515.0,1.5473473552429486
2d,2,saw,L256_N1000_T10000,256,1000,10000,121,mean_r2,584.1838383838,1485.0,1.5229680191078447
2d,2,saw,L256_N1000_T10000,256,1000,10000,122,mean_r2,594.7208821502,1451.0,1.4504365470307006
2d,2,saw,L256_N1000_T10000,256,1000,10000,123,mean_r2,602.3408769448,1414.0,1.3940274399823056
2d,2,saw,L256_N1000_T10000,256,1000,10000,124,mean_r2,609.3884892086,1390.0,1.3587904307792789
2d,2,saw,L256_N1000_T10000,256,1000,10000,125,mean_r2,617.0470934511,1359.0,1.4100596625956854
2d,2,saw,L256_N1000_T10000,256,1000,10000,126,mean_r2,622.4514200299,1338.0,1.365734125591143
2d,2,saw,L256_N1000_T10000,256,1000,10000,127,mean_r2,625.4181398924,1301.0,1.3418181832783276
2d,2,saw,L256_N1000_T10000,256,1000,10000,128,mean_r2,631.1733333333,1275.0,1.386227013771441
2d,2,saw,L256_N1000_T10000,256,1000,10000,129,mean_r2,636.0983213429,1251.0,1.4040884176878197
2d,2,saw,L256_N1000_T10000,256,1000,10000,130,mean_r2,644.7071369975,1219.0,1.4111740631574645
2d,2,saw,L256_N1000_T10000,256,1000,10000,131,mean_r2,651.1006711409,1192.0,1.4648470499357011
2d,2,saw,L256_N1000_T10000,256,1000,10000,132,mean_r2,661.0317052271,1167.0,1.5784543721192572
2d,2,saw,L256_N1000_T10000,256,1000,10000,133,mean_r2,671.2741652021,1138.0,1.6516886986101202
2d,2,saw,L256_N1000_T10000,256,1000,10000,134,mean_r2,679.4982078853,1116.0,1.712377520194142
2d,2,saw,L256_N1000_T10000,256,1000,10000,135,mean_r2,687.8362305581,1093.0,1.7064040870750257
2d,2,saw,L256_N1000_T10000,256,1000,10000,136,mean_r2,696.1327102804,1070.0,1.692409556761384
2d,2,saw,L256_N1000_T10000,256,1000,10000,137,mean_r2,704.9011406844,1052.0,1.590711137426741
2d,2,saw,L256_N1000_T10000,256,1000,10000,138,mean_r2,714.6737864078,1030.0,1.5317191070765521
2d,2,saw,L256_N1000_T10000,256,1000,10000,139,mean_r2,722.8500986193,1014.0,1.5263044483473167
2d,2,saw,L256_N1000_T10000,256,1000,10000,140,mean_r2,731.6149193548,992.0,1.4833437892964492
2d,2,saw,L256_N1000_T10000,256,1000,10000,141,mean_r2,737.4234326824,973.0,1.3842786499837376
2d,2,saw,L256_N1000_T10000,256,1000,10000,142,mean_r2,742.4560669456,956.0,1.3508764108150753
2d,2,saw,L256_N1000_T10000,256,1000,10000,143,mean_r2,750.1103965702,933.0,1.3808687028111715
2d,2,saw,L256_N1000_T10000,256,1000,10000,144,mean_r2,758.3978142077,915.0,1.3527901851890005
2d,2,saw,L256_N1000_T10000,256,1000,10000,145,mean_r2,764.75,896.0,1.3212010356623614
2d,2,saw,L256_N1000_T10000,256,1000,10000,146,mean_r2,767.9750849377,883.0,1.388505864728392
2d,2,saw,L256_N1000_T10000,256,1000,10000,147,mean_r2,775.2837209302,860.0,1.4620455449651508
2d,2,saw,L256_N1000_T10000,256,1000,10000,148,mean_r2,787.1586538462,832.0,1.467402750135443
2d,2,saw,L256_N1000_T10000,256,1000,10000,149,mean_r2,794.0793650794,819.0,1.457057602147659
2d,2,saw,L256_N1000_T10000,256,1000,10000,150,mean_r2,801.4381188119,808.0,1.4918616075177353
2d,2,saw,L256_N1000_T10000,256,1000,10000,151,mean_r2,811.0280254777,785.0,1.6126549351805122
2d,2,saw,L256_N1000_T10000,256,1000,10000,152,mean_r2,820.128440367,763.0,1.5487702967466241
2d,2,saw,L256_N1000_T10000,256,1000,10000,153,mean_r2,828.3261455526,742.0,1.4448127717095605
2d,2,saw,L256_N1000_T10000,256,1000,10000,154,mean_r2,836.3388888889,720.0,1.3434364971264663
2d,2,saw,L256_N1000_T10000,256,1000,10000,155,mean_r2,844.7521613833,694.0,1.352020461291096
2d,2,saw,L256_N1000_T10000,256,1000,10000,156,mean_r2,854.5668135095,681.0,1.2951782735106003
2d,2,saw,L256_N1000_T10000,256,1000,10000,157,mean_r2,858.4759036145,664.0,1.3783022656137163
2d,2,saw,L256_N1000_T10000,256,1000,10000,158,mean_r2,865.14374034,647.0,1.43540793239923
2d,2,saw,L256_N1000_T10000,256,1000,10000,159,mean_r2,866.4896988906,631.0,1.3091025156263583
2d,2,saw,L256_N1000_T10000,256,1000,10000,160,mean_r2,874.5112540193,622.0,1.3249290795785362
2d,2,saw,L256_N1000_T10000,256,1000,10000,161,mean_r2,881.262295082,610.0,1.2783889037902643
2d,2,saw,L256_N1000_T10000,256,1000,10000,162,mean_r2,895.409015025,599.0,1.271974362497118
2d,2,saw,L256_N1000_T10000,256,1000,10000,163,mean_r2,907.1301369863,584.0,1.3358947810460955
2d,2,saw,L256_N1000_T10000,256,1000,10000,164,mean_r2,908.1363636364,572.0,1.5281354275867396
2d,2,saw,L256_N1000_T10000,256,1000,10000,165,mean_r2,917.7071428571,560.0,1.3882165272720794
2d,2,saw,L256_N1000_T10000,256,1000,10000,166,mean_r2,925.2123411978,551.0,1.3480883238487107
2d,2,saw,L256_N1000_T10000,256,1000,10000,167,mean_r2,928.6208178439,538.0,1.2774191897305147
2d,2,saw,L256_N1000_T10000,256,1000,10000,168,mean_r2,939.0588235294,527.0,1.2101545198243242
2d,2,saw,L256_N1000_T10000,256,1000,10000,169,mean_r2,951.1369863014,511.0,1.3617289456401502
2d,2,saw,L256_N1000_T10000,256,1000,10000,170,mean_r2,951.296,500.0,1.147015872014291
2d,2,saw,L256_N1000_T10000,256,1000,10000,171,mean_r2,955.8395061728,486.0,1.2263550372887708
2d,2,saw,L256_N1000_T10000,256,1000,10000,172,mean_r2,966.6105263158,475.0,1.3001286616803616
2d,2,saw,L256_N1000_T10000,256,1000,10000,173,mean_r2,974.9051724138,464.0,1.3601309062087052
2d,2,saw,L256_N1000_T10000,256,1000,10000,174,mean_r2,984.3620309051,453.0,1.1650202783393857
2d,2,saw,L256_N1000_T10000,256,1000,10000,175,mean_r2,981.7820224719,445.0,1.2393975042195216
2d,2,saw,L256_N1000_T10000,256,1000,10000,176,mean_r2,994.0230414747,434.0,1.1264995923308398
2d,2,saw,L256_N1000_T10000,256,1000,10000,177,mean_r2,1001.5566037736,424.0,0.9498463830675622
2d,2,saw,L256_N1000_T10000,256,1000,10000,178,mean_r2,1015.8899521531,418.0,0.9816946369157877
2d,2,saw,L256_N1000_T10000,256,1000,10000,179,mean_r2,1017.0196560197,407.0,0.9460598442667355
2d,2,saw,L256_N1000_T10000,256,1000,10000,180,mean_r2,1021.1321695761,401.0,1.0109303248868287
2d,2,saw,L256_N1000_T10000,256,1000,10000,181,mean_r2,1019.0365535248,383.0,0.7918463253486624
2d,2,saw,L256_N1000_T10000,256,1000,10000,182,mean_r2,1019.9139784946,372.0,0.6165375156751649
2d,2,saw,L256_N1000_T10000,256,1000,10000,183,mean_r2,1030.1978021978,364.0,0.562194454698179
2d,2,saw,L256_N1000_T10000,256,1000,10000,184,mean_r2,1037.8016997167,353.0,0.7366874340902331
2d,2,saw,L256_N1000_T10000,256,1000,10000,185,mean_r2,1038.5144508671,346.0,0.9006897733648277
2d,2,saw,L256_N1000_T10000,256,1000,10000,186,mean_r2,1038.4868035191,341.0,1.0394116801639932
2d,2,saw,L256_N1000_T10000,256,1000,10000,187,mean_r2,1036.0750750751,333.0,1.1807604805763054
2d,2,saw,L256_N1000_T10000,256,1000,10000,188,mean_r2,1047.5914634146,328.0,0.8539814244539352
2d,2,saw,L256_N1000_T10000,256,1000,10000,189,mean_r2,1058.575,320.0,0.894723349369219
2d,2,saw,L256_N1000_T10000,256,1000,10000,190,mean_r2,1072.0897435897,312.0,1.093766135680869
2d,2,saw,L256_N1000_T10000,256,1000,10000,191,mean_r2,1077.6184210526,304.0,1.2885026151728265
2d,2,saw,L256_N1000_T10000,256,1000,10000,192,mean_r2,1086.4066666667,300.0,1.4776057317094937
2d,2,saw,L256_N1000_T10000,256,1000,10000,193,mean_r2,1078.0847457627,295.0,1.3713691182967414
2d,2,saw,L256_N1000_T10000,256,1000,10000,194,mean_r2,1088.124567474,289.0,1.3490195541883834
2d,2,saw,L256_N1000_T10000,256,1000,10000,195,mean_r2,1100.0671378092,283.0,1.0912167816447211
2d,2,saw,L256_N1000_T10000,256,1000,10000,196,mean_r2,1110.9782608696,276.0,1.1107113368312285
2d,2,saw,L256_N1000_T10000,256,1000,10000,197,mean_r2,1118.9778597786,271.0,1.044201360707962
2d,2,saw,L256_N1000_T10000,256,1000,10000,198,mean_r2,1124.7547169811,265.0,1.1802410924753066
2d,2,saw,L256_N1000_T10000,256,1000,10000,199,mean_r2,1134.8223938224,259.0,1.2115802339393569
2d,2,saw,L256_N1000_T10000,256,1000,10000,200,mean_r2,1133.808,250.0,1.2233805227832022
2d,2,saw,L256_N1000_T10000,256,1000,10000,201,mean_r2,1140.4634146341,246.0,1.2733836855009117
2d,2,saw,L256_N1000_T10000,256,1000,10000,202,mean_r2,1145.5583333333,240.0,1.3721818325736175
2d,2,saw,L256_N1000_T10000,256,1000,10000,203,mean_r2,1144.3157894737,228.0,1.3763738495511608
2d,2,saw,L256_N1000_T10000,256,1000,10000,204,mean_r2,1156.4464285714,224.0,1.3828151270178348
2d,2,saw,L256_N1000_T10000,256,1000,10000,205,mean_r2,1169.4727272727,220.0,1.4153724840957669
2d,2,saw,L256_N1000_T10000,256,1000,10000,206,mean_r2,1183.6542056075,214.0,1.3155523373163016
2d,2,saw,L256_N1000_T10000,256,1000,10000,207,mean_r2,1197.6476190476,210.0,1.4727893091559594
2d,2,saw,L256_N1000_T10000,256,1000,10000,208,mean_r2,1203.6761904762,210.0,1.8165284608305938
2d,2,saw,L256_N1000_T10000,256,1000,10000,209,mean_r2,1214.4299516908,207.0,1.7024921267531767
2d,2,saw,L256_N1000_T10000,256,1000,10000,210,mean_r2,1214.8712871287,202.0,1.6631314335663103
2d,2,saw,L256_N1000_T10000,256,1000,10000,211,mean_r2,1215.6865671642,201.0,1.4047071528248436
2d,2,saw,L256_N1000_T10000,256,1000,10000,212,mean_r2,1230.0505050505,198.0,1.2623476725369007
2d,2,saw,L256_N1000_T10000,256,1000,10000,213,mean_r2,1248.7671957672,189.0,1.3112938788115795
2d,2,saw,L256_N1000_T10000,256,1000,10000,214,mean_r2,1254.6120218579,183.0,0.7500055885389398
2d,2,saw,L256_N1000_T10000,256,1000,10000,215,mean_r2,1265.8764044944,178.0,0.5347292069057812
2d,2,saw,L256_N1000_T10000,256,1000,10000,216,mean_r2,1265.1525423729,177.0,0.6884708905282715
2d,2,saw,L256_N1000_T10000,256,1000,10000,217,mean_r2,1271.1411764706,170.0,0.7407201203408111
2d,2,saw,L256_N1000_T10000,256,1000,10000,218,mean_r2,1280.1212121212,165.0,0.33114554197409773
2d,2,saw,L256_N1000_T10000,256,1000,10000,219,mean_r2,1257.7547169811,159.0,0.1887856619204347
2d,2,saw,L256_N1000_T10000,256,1000,10000,220,mean_r2,1245.4709677419,155.0,0.3156239818367773
2d,2,saw,L256_N1000_T10000,256,1000,10000,221,mean_r2,1255.0662251656,151.0,0.17922179818125486
2d,2,saw,L256_N1000_T10000,256,1000,10000,222,mean_r2,1272.7702702703,148.0,0.33433389434619915
2d,2,saw,L256_N1000_T10000,256,1000,10000,223,mean_r2,1267.8843537415,147.0,0.48504536633543877
2d,2,saw,L256_N1000_T10000,256,1000,10000,224,mean_r2,1265.475862069,145.0,1.129776054827485
2d,2,saw,L256_N1000_T10000,256,1000,10000,225,mean_r2,1284.1714285714,140.0,1.3552138566192626
2d,2,saw,L256_N1000_T10000,256,1000,10000,226,mean_r2,1275.4558823529,136.0,1.2706962793414578
2d,2,saw,L256_N1000_T10000,256,1000,10000,227,mean_r2,1290.4328358209,134.0,1.3589659615298992
2d,2,saw,L256_N1000_T10000,256,1000,10000,228,mean_r2,1308.2748091603,131.0,1.2581882944490568
2d,2,saw,L256_N1000_T10000,256,1000,10000,229,mean_r2,1322.8294573643,129.0,1.684672901101168
2d,2,saw,L256_N1000_T10000,256,1000,10000,230,mean_r2,1322.8062015504,129.0,1.4784067844621336
2d,2,saw,L256_N1000_T10000,256,1000,10000,231,mean_r2,1327.6666666667,126.0,1.8523922273352058
2d,2,saw,L256_N1000_T10000,256,1000,10000,232,mean_r2,1351.3064516129,124.0,1.9258581951765248
2d,2,saw,L256_N1000_T10000,256,1000,10000,233,mean_r2,1339.8292682927,123.0,1.9123956554280401
2d,2,saw,L256_N1000_T10000,256,1000,10000,234,mean_r2,1362.0983606557,122.0,1.836504434348799
2d,2,saw,L256_N1000_T10000,256,1000,10000,235,mean_r2,1369.4406779661,118.0,2.458141314265305
2d,2,saw,L256_N1000_T10000,256,1000,10000,236,mean_r2,1381.9649122807,114.0,2.508819340337255
2d,2,saw,L256_N1000_T10000,256,1000,10000,237,mean_r2,1402.1428571429,112.0,2.255651641529066
2d,2,saw,L256_N1000_T10000,256,1000,10000,238,mean_r2,1420.2018348624,109.0,2.455128088080399
2d,2,saw,L256_N1000_T10000,256,1000,10000,239,mean_r2,1430.8490566038,106.0,1.9734623613344509
2d,2,saw,L256_N1000_T10000,256,1000,10000,240,mean_r2,1468.6930693069,101.0,2.1916552326635075
2d,2,saw,L256_N1000_T10000,256,1000,10000,241,mean_r2,1476.603960396,101.0,2.1388081889663666
2d,2,saw,L256_N1000_T10000,256,1000,10000,242,mean_r2,1486.2574257426,101.0,1.8502201563145828
2d,2,saw,L256_N1000_T10000,256,1000,10000,243,mean_r2,1485.4444444444,99.0,1.1642299933576679
2d,2,saw,L256_N1000_T10000,256,1000,10000,244,mean_r2,1479.3608247423,97.0,1.0277814669494465
2d,2,saw,L256_N1000_T10000,256,1000,10000,245,mean_r2,1500.4042553191,94.0,0.5523609258519862
2d,2,saw,L256_N1000_T10000,256,1000,10000,246,mean_r2,1510.2365591398,93.0,0.48295659657890166
2d,2,saw,L256_N1000_T10000,256,1000,10000,247,mean_r2,1513.5652173913,92.0,0.6764529641581389
2d,2,saw,L256_N1000_T10000,256,1000,10000,248,mean_r2,1489.9111111111,90.0,0.8575438460449468
2d,2,saw,L256_N1000_T10000,256,1000,10000,249,mean_r2,1492.4157303371,89.0,1.4632577889475127
2d,2,saw,L256_N1000_T10000,256,1000,10000,250,mean_r2,1502.1860465116,86.0,1.5043434961092226
2d,2,saw,L256_N1000_T10000,256,1000,10000,251,mean_r2,1505.8837209302,86.0,1.13204165717735
2d,2,saw,L256_N1000_T10000,256,1000,10000,252,mean_r2,1527.5294117647,85.0,1.0646945112805317
2d,2,saw,L256_N1000_T10000,256,1000,10000,253,mean_r2,1537.7142857143,84.0,1.3898008260960342
2d,2,saw,L256_N1000_T10000,256,1000,10000,254,mean_r2,1568.9135802469,81.0,1.5007037756775392
2d,2,saw,L256_N1000_T10000,256,1000,10000,255,mean_r2,1593.4736842105,76.0,1.8362601925623674
2d,2,saw,L256_N1000_T10000,256,1000,10000,256,mean_r2,1579.9189189189,74.0,1.8057347084489959
2d,2,saw,L256_N1000_T10000,256,1000,10000,257,mean_r2,1578.8918918919,74.0,1.8777913668357016
2d,2,saw,L256_N1000_T10000,256,1000,10000,258,mean_r2,1574.0571428571,70.0,1.9470811213225918
2d,2,saw,L256_N1000_T10000,256,1000,10000,259,mean_r2,1583.2608695652,69.0,1.095735524683865
2d,2,saw,L256_N1000_T10000,256,1000,10000,260,mean_r2,1614.3636363636,66.0,0.780647911200197
2d,2,saw,L256_N1000_T10000,256,1000,10000,261,mean_r2,1615.9538461538,65.0,0.994343080718201
2d,2,saw,L256_N1000_T10000,256,1000,10000,262,mean_r2,1643.3333333333,63.0,1.1328451219592373
2d,2,saw,L256_N1000_T10000,256,1000,10000,263,mean_r2,1658.2698412698,63.0,1.2506144269769117
2d,2,saw,L256_N1000_T10000,256,1000,10000,264,mean_r2,1636.7213114754,61.0,1.8279587722883168
2d,2,saw,L256_N1000_T10000,256,1000,10000,265,mean_r2,1642.0491803279,61.0,0.9202789898094008
2d,2,saw,L256_N1000_T10000,256,1000,10000,266,mean_r2,1641.2786885246,61.0,0.9920072175957413
2d,2,saw,L256_N1000_T10000,256,1000,10000,267,mean_r2,1648.6666666667,60.0,0.6929342437654132
2d,2,saw,L256_N1000_T10000,256,1000,10000,268,mean_r2,1650.724137931,58.0,0.8817182962555165
2d,2,saw,L256_N1000_T10000,256,1000,10000,269,mean_r2,1696.7857142857,56.0,2.006654932652485
2d,2,saw,L256_N1000_T10000,256,1000,10000,270,mean_r2,1671.4181818182,55.0,2.0233555333512423
2d,2,saw,L256_N1000_T10000,256,1000,10000,271,mean_r2,1677.3636363636,55.0,2.190821327666188
2d,2,saw,L256_N1000_T10000,256,1000,10000,272,mean_r2,1686.5454545455,55.0,3.0304946976249423
2d,2,saw,L256_N1000_T10000,256,1000,10000,273,mean_r2,1713.7407407407,54.0,3.2682199960102896
2d,2,saw,L256_N1000_T10000,256,1000,10000,274,mean_r2,1763.5,52.0,3.222183596436029
2d,2,saw,L256_N1000_T10000,256,1000,10000,275,mean_r2,1769.8461538462,52.0,3.7551842012128214
2d,2,saw,L256_N1000_T10000,256,1000,10000,276,mean_r2,1779.4901960784,51.0,3.6006646215738836
2d,2,saw,L256_N1000_T10000,256,1000,10000,277,mean_r2,1843.0,48.0,4.3491510697242335
2d,2,saw,L256_N1000_T10000,256,1000,10000,278,mean_r2,1860.6808510638,47.0,3.521361882678055
2d,2,saw,L256_N1000_T10000,256,1000,10000,279,mean_r2,1908.5555555556,45.0,3.8035191027444717
2d,2,saw,L256_N1000_T10000,256,1000,10000,280,mean_r2,1916.0,45.0,4.029281126934529
2d,2,saw,L256_N1000_T10000,256,1000,10000,281,mean_r2,1911.1333333333,45.0,4.057523935655637
2d,2,saw,L256_N1000_T10000,256,1000,10000,282,mean_r2,1973.3023255814,43.0,3.839873039156237
2d,2,saw,L256_N1000_T10000,256,1000,10000,283,mean_r2,1945.1904761905,42.0,3.6995476390951967
2d,2,saw,L256_N1000_T10000,256,1000,10000,284,mean_r2,2021.1,40.0,3.034105667113187
2d,2,saw,L256_N1000_T10000,256,1000,10000,285,mean_r2,2043.8,40.0,2.975055396513278
2d,2,saw,L256_N1000_T10000,256,1000,10000,286,mean_r2,2055.95,40.0,2.827301982901502
2d,2,saw,L256_N1000_T10000,256,1000,10000,287,mean_r2,2111.8717948718,39.0,1.7462039808035097
2d,2,saw,L256_N1000_T10000,256,1000,10000,288,mean_r2,2120.5641025641,39.0,1.4006847179186968
2d,2,saw,L256_N1000_T10000,256,1000,10000,289,mean_r2,2123.7692307692,39.0,0.24710795484789647
2d,2,saw,L256_N1000_T10000,256,1000,10000,290,mean_r2,2126.8421052632,38.0,0.7581487557177332
2d,2,saw,L256_N1000_T10000,256,1000,10000,291,mean_r2,2109.7368421053,38.0,0.5294985389650764
2d,2,saw,L256_N1000_T10000,256,1000,10000,292,mean_r2,2097.1052631579,38.0,0.48907789008467845
2d,2,saw,L256_N1000_T10000,256,1000,10000,293,mean_r2,2042.1428571429,35.0,1.4838494004533676
2d,2,saw,L256_N1000_T10000,256,1000,10000,294,mean_r2,2038.4571428571,35.0,1.574254598596083
2d,2,saw,L256_N1000_T10000,256,1000,10000,295,mean_r2,2097.9411764706,34.0,1.9826867082085817
2d,2,saw,L256_N1000_T10000,256,1000,10000,296,mean_r2,2093.7058823529,34.0,1.7649251382610704
2d,2,saw,L256_N1000_T10000,256,1000,10000,297,mean_r2,2147.5454545455,33.0,1.7939558839715175
2d,2,saw,L256_N1000_T10000,256,1000,10000,298,mean_r2,2230.7333333333,30.0,2.60473229533798
2d,2,saw,L256_N1000_T10000,256,1000,10000,299,mean_r2,2240.6,30.0,2.0037578305416863
2d,2,saw,L256_N1000_T10000,256,1000,10000,300,mean_r2,2274.7142857143,28.0,-0.2071998054372776
2d,2,saw,L256_N1000_T10000,256,1000,10000,301,mean_r2,2239.3703703704,27.0,-1.7414572795027459
2d,2,saw,L256_N1000_T10000,256,1000,10000,302,mean_r2,2227.6923076923,26.0,-2.395248440100852
2d,2,saw,L256_N1000_T10000,256,1000,10000,303,mean_r2,2228.6923076923,26.0,-3.4174819550582023
2d,2,saw,L256_N1000_T10000,256,1000,10000,304,mean_r2,2179.76,25.0,-3.807290528717125
2d,2,saw,L256_N1000_T10000,256,1000,10000,305,mean_r2,2083.5,24.0,-4.578147556154256
2d,2,saw,L256_N1000_T10000,256,1000,10000,306,mean_r2,1976.0,23.0,-3.5340758226312325
2d,2,saw,L256_N1000_T10000,256,1000,10000,307,mean_r2,1983.7826086957,23.0,-3.478317670818979
2d,2,saw,L256_N1000_T10000,256,1000,10000,308,mean_r2,1992.7826086957,23.0,-3.8718117230512648
2d,2,saw,L256_N1000_T10000,256,1000,10000,309,mean_r2,1976.8260869565,23.0,-3.984982719387957
2d,2,saw,L256_N1000_T10000,256,1000,10000,310,mean_r2,1957.6363636364,22.0,-1.97325719357514
2d,2,saw,L256_N1000_T10000,256,1000,10000,311,mean_r2,1995.0952380952,21.0,-0.3126133200590115
2d,2,saw,L256_N1000_T10000,256,1000,10000,312,mean_r2,1989.0476190476,21.0,-0.2184358345923991
2d,2,saw,L256_N1000_T10000,256,1000,10000,313,mean_r2,1965.4,20.0,-0.25910316154559987
2d,2,saw,L256_N1000_T10000,256,1000,10000,314,mean_r2,1916.0,19.0,-0.2938399592504276
2d,2,saw,L256_N1000_T10000,256,1000,10000,315,mean_r2,1955.0,18.0,0.14747096523917863
2d,2,saw,L256_N1000_T10000,256,1000,10000,316,mean_r2,1956.2352941176,17.0,0.39198815492086625
2d,2,saw,L256_N1000_T10000,256,1000,10000,317,mean_r2,1969.9411764706,17.0,0.5854238505766977
2d,2,saw,L256_N1000_T10000,256,1000,10000,318,mean_r2,1976.3529411765,17.0,1.270193103396793
2d,2,saw,L256_N1000_T10000,256,1000,10000,319,mean_r2,1958.4117647059,17.0,2.3289006903647906
2d,2,saw,L256_N1000_T10000,256,1000,10000,320,mean_r2,1966.8235294118,17.0,1.279344440635162
2d,2,saw,L256_N1000_T10000,256,1000,10000,321,mean_r2,2020.0,16.0,1.3497116038768093
2d,2,saw,L256_N1000_T10000,256,1000,10000,322,mean_r2,2026.125,16.0,1.1882451522926416
2d,2,saw,L256_N1000_T10000,256,1000,10000,323,mean_r2,2045.5,16.0,0.20060573720018934
2d,2,saw,L256_N1000_T10000,256,1000,10000,324,mean_r2,2061.125,16.0,-2.2561895407243044
2d,2,saw,L256_N1000_T10000,256,1000,10000,325,mean_r2,2034.75,16.0,-0.7215238485974972
2d,2,saw,L256_N1000_T10000,256,1000,10000,326,mean_r2,2040.25,16.0,-1.6319046370121997
2d,2,saw,L256_N1000_T10000,256,1000,10000,327,mean_r2,2044.0,16.0,-1.6910713028255464
2d,2,saw,L256_N1000_T10000,256,1000,10000,328,mean_r2,1988.6666666667,15.0,-2.354541715778331
2d,2,saw,L256_N1000_T10000,256,1000,10000,329,mean_r2,1826.6666666667,12.0,-4.537793503243673
2d,2,saw,L256_N1000_T10000,256,1000,10000,330,mean_r2,1923.6363636364,11.0,-3.614009956502799
2d,2,saw,L256_N1000_T10000,256,1000,10000,331,mean_r2,1921.3636363636,11.0,-2.8288949313364453
2d,2,saw,L256_N1000_T10000,256,1000,10000,332,mean_r2,1924.0,10.0,-2.260627532394162
2d,2,saw,L256_N1000_T10000,256,1000,10000,333,mean_r2,1903.8,10.0,-1.0315964659671546
2d,2,saw,L256_N1000_T10000,256,1000,10000,334,mean_r2,1795.5555555556,9.0,
2d,2,saw,L256_N1000_T10000,256,1000,10000,335,mean_r2,1823.6666666667,9.0,
2d,2,saw,L256_N1000_T10000,256,1000,10000,336,mean_r2,1873.1111111111,9.0,
2d,2,saw,L256_N1000_T10000,256,1000,10000,337,mean_r2,1909.4444444444,9.0,
2d,2,saw,L256_N1000_T10000,256,1000,10000,338,mean_r2,1928.0,9.0,
2d,2,saw,L256_N1000_T10000,256,1000,10000,339,mean_r2,1934.3333333333,9.0,
2d,2,saw,L256_N1000_T10000,256,1000,10000,340,mean_r2,1952.4444444444,9.0,
2d,2,saw,L256_N1000_T10000,256,1000,10000,341,mean_r2,1973.0,9.0,
2d,2,saw,L256_N1000_T10000,256,1000,10000,342,mean_r2,1982.4444444444,9.0,
2d,2,saw,L256_N1000_T10000,256,1000,10000,343,mean_r2,1987.2222222222,9.0,
2d,2,saw,L256_N1000_T10000,256,1000,10000,344,mean_r2,1952.8888888889,9.0,
2d,2,saw,L256_N1000_T10000,256,1000,10000,345,mean_r2,1943.2222222222,9.0,
2d,2,saw,L256_N1000_T10000,256,1000,10000,346,mean_r2,1926.0,9.0,
2d,2,saw,L256_N1000_T10000,256,1000,10000,347,mean_r2,1976.5555555556,9.0,
2d,2,saw,L256_N1000_T10000,256,1000,10000,348,mean_r2,2183.0,8.0,
2d,2,saw,L256_N1000_T10000,256,1000,10000,349,mean_r2,2239.2857142857,7.0,
2d,2,saw,L256_N1000_T10000,256,1000,10000,350,mean_r2,2276.2857142857,7.0,
2d,2,saw,L256_N1000_T10000,256,1000,10000,351,mean_r2,2313.5714285714,7.0,
2d,2,saw,L256_N1000_T10000,256,1000,10000,352,mean_r2,2299.7142857143,7.0,
2d,2,saw,L256_N1000_T10000,256,1000,10000,353,mean_r2,2330.7142857143,7.0,
2d,2,saw,L256_N1000_T10000,256,1000,10000,354,mean_r2,2373.4285714286,7.0,
2d,2,saw,L256_N1000_T10000,256,1000,10000,355,mean_r2,2393.5714285714,7.0,
2d,2,saw,L256_N1000_T10000,256,1000,10000,356,mean_r2,2399.4285714286,7.0,
2d,2,saw,L256_N1000_T10000,256,1000,10000,357,mean_r2,2413.0,7.0,
2d,2,saw,L256_N1000_T10000,256,1000,10000,358,mean_r2,2391.7142857143,7.0,
2d,2,saw,L256_N1000_T10000,256,1000,10000,359,mean_r2,2361.0,7.0,
2d,2,saw,L256_N1000_T10000,256,1000,10000,360,mean_r2,2348.0,7.0,
2d,2,saw,L256_N1000_T10000,256,1000,10000,361,mean_r2,2561.6666666667,6.0,
2d,2,saw,L256_N1000_T10000,256,1000,10000,362,mean_r2,2538.0,6.0,
2d,2,saw,L256_N1000_T10000,256,1000,10000,363,mean_r2,2543.6666666667,6.0,
2d,2,saw,L256_N1000_T10000,256,1000,10000,364,mean_r2,2591.3333333333,6.0,
2d,2,saw,L256_N1000_T10000,256,1000,10000,365,mean_r2,2559.6666666667,6.0,
2d,2,saw,L256_N1000_T10000,256,1000,10000,366,mean_r2,2555.0,6.0,
2d,2,saw,L256_N1000_T10000,256,1000,10000,367,mean_r2,2565.6666666667,6.0,
2d,2,saw,L256_N1000_T10000,256,1000,10000,368,mean_r2,2891.2,5.0,
2d,2,saw,L256_N1000_T10000,256,1000,10000,369,mean_r2,2921.8,5.0,
2d,2,saw,L256_N1000_T10000,256,1000,10000,370,mean_r2,2937.6,5.0,
2d,2,saw,L256_N1000_T10000,256,1000,10000,371,mean_r2,2982.6,5.0,
2d,2,saw,L256_N1000_T10000,256,1000,10000,372,mean_r2,2865.5,4.0,
2d,2,saw,L256_N1000_T10000,256,1000,10000,373,mean_r2,2810.0,4.0,
2d,2,saw,L256_N1000_T10000,256,1000,10000,374,mean_r2,2748.0,4.0,
2d,2,saw,L256_N1000_T10000,256,1000,10000,375,mean_r2,2809.0,4.0,
2d,2,saw,L256_N1000_T10000,256,1000,10000,376,mean_r2,2849.0,4.0,
2d,2,saw,L256_N1000_T10000,256,1000,10000,377,mean_r2,3354.3333333333,3.0,
2d,2,saw,L256_N1000_T10000,256,1000,10000,378,mean_r2,3356.0,3.0,
2d,2,saw,L256_N1000_T10000,256,1000,10000,379,mean_r2,3370.3333333333,3.0,
2d,2,saw,L256_N1000_T10000,256,1000,10000,380,mean_r2,1630.0,2.0,
2d,2,saw,L256_N1000_T10000,256,1000,10000,381,mean_r2,3205.0,1.0,
2d,2,saw,L256_N1000_T10000,256,1000,10000,382,mean_r2,3172.0,1.0,
2d,2,saw,L256_N1000_T10000,256,1000,10000,383,mean_r2,3141.0,1.0,
2d,2,saw,L256_N1000_T10000,256,1000,10000,384,mean_r2,3034.0,1.0,
2d,2,saw,L256_N1000_T10000,256,1000,10000,385,mean_r2,2929.0,1.0,
2d,2,saw,L256_N1000_T10000,256,1000,10000,386,mean_r2,2900.0,1.0,
2d,2,saw,L256_N1000_T10000,256,1000,10000,387,mean_r2,3005.0,1.0,
2d,2,saw,L256_N1000_T10000,256,1000,10000,388,mean_r2,3112.0,1.0,
2d,2,saw,L256_N1000_T10000,256,1000,10000,389,mean_r2,3221.0,1.0,
2d,2,saw,L512_N1000_T10000,512,1000,10000,1,mean_r2,1.0,10000.0,
2d,2,saw,L512_N1000_T10000,512,1000,10000,2,mean_r2,2.6644,10000.0,
2d,2,saw,L512_N1000_T10000,512,1000,10000,3,mean_r2,4.576,10000.0,
2d,2,saw,L512_N1000_T10000,512,1000,10000,4,mean_r2,6.7818,10000.0,
2d,2,saw,L512_N1000_T10000,512,1000,10000,5,mean_r2,9.0228,10000.0,
2d,2,saw,L512_N1000_T10000,512,1000,10000,6,mean_r2,11.4408,10000.0,1.3357128133554161
2d,2,saw,L512_N1000_T10000,512,1000,10000,7,mean_r2,13.9428,10000.0,1.3013605662306695
2d,2,saw,L512_N1000_T10000,512,1000,10000,8,mean_r2,16.6309356842,9982.0,1.2910965980683038
2d,2,saw,L512_N1000_T10000,512,1000,10000,9,mean_r2,19.2667202249,9958.0,1.2745103610068718
2d,2,saw,L512_N1000_T10000,512,1000,10000,10,mean_r2,21.8949173054,9916.0,1.2730488037059913
2d,2,saw,L512_N1000_T10000,512,1000,10000,11,mean_r2,24.6037640393,9883.0,1.2675211292470336
2d,2,saw,L512_N1000_T10000,512,1000,10000,12,mean_r2,27.4318297526,9821.0,1.2623661478869845
2d,2,saw,L512_N1000_T10000,512,1000,10000,13,mean_r2,30.3867924528,9752.0,1.256932647225464
2d,2,saw,L512_N1000_T10000,512,1000,10000,14,mean_r2,33.4784496124,9675.0,1.2573038570299573
2d,2,saw,L512_N1000_T10000,512,1000,10000,15,mean_r2,36.5375963341,9602.0,1.2632502870539515
2d,2,saw,L512_N1000_T10000,512,1000,10000,16,mean_r2,39.6625618356,9501.0,1.2681657501499481
2d,2,saw,L512_N1000_T10000,512,1000,10000,17,mean_r2,42.7369874655,9414.0,1.2724827260694176
2d,2,saw,L512_N1000_T10000,512,1000,10000,18,mean_r2,46.0878436426,9312.0,1.273657808185885
2d,2,saw,L512_N1000_T10000,512,1000,10000,19,mean_r2,49.2965853659,9225.0,1.2706947527668
2d,2,saw,L512_N1000_T10000,512,1000,10000,20,mean_r2,52.5556652408,9117.0,1.2648518908454534
2d,2,saw,L512_N1000_T10000,512,1000,10000,21,mean_r2,55.8645418327,9036.0,1.2667707159830652
2d,2,saw,L512_N1000_T10000,512,1000,10000,22,mean_r2,59.3232526882,8928.0,1.2754583780112176
2d,2,saw,L512_N1000_T10000,512,1000,10000,23,mean_r2,62.8459798711,8843.0,1.2631150526785062
2d,2,saw,L512_N1000_T10000,512,1000,10000,24,mean_r2,66.4069660862,8728.0,1.268334150349223
2d,2,saw,L512_N1000_T10000,512,1000,10000,25,mean_r2,69.7181386735,8639.0,1.2728558471182496
2d,2,saw,L512_N1000_T10000,512,1000,10000,26,mean_r2,73.3641061781,8514.0,1.2736389884093344
2d,2,saw,L512_N1000_T10000,512,1000,10000,27,mean_r2,77.1014285714,8400.0,1.2707585846276235
2d,2,saw,L512_N1000_T10000,512,1000,10000,28,mean_r2,80.5304054054,8288.0,1.2765090678664264
2d,2,saw,L512_N1000_T10000,512,1000,10000,29,mean_r2,84.282866577,8177.0,1.277922167591949
2d,2,saw,L512_N1000_T10000,512,1000,10000,30,mean_r2,88.0558728582,8054.0,1.2841617939458159
2d,2,saw,L512_N1000_T10000,512,1000,10000,31,mean_r2,91.7408152994,7948.0,1.2883598410559627
2d,2,saw,L512_N1000_T10000,512,1000,10000,32,mean_r2,95.5019118022,7846.0,1.2889508437418706
2d,2,saw,L512_N1000_T10000,512,1000,10000,33,mean_r2,99.6360232408,7745.0,1.3113107456944875
2d,2,saw,L512_N1000_T10000,512,1000,10000,34,mean_r2,103.6386995281,7628.0,1.3004972604827028
2d,2,saw,L512_N1000_T10000,512,1000,10000,35,mean_r2,107.3984031936,7515.0,1.2947337178348977
2d,2,saw,L512_N1000_T10000,512,1000,10000,36,mean_r2,111.5748818366,7405.0,1.3073881930075106
2d,2,saw,L512_N1000_T10000,512,1000,10000,37,mean_r2,115.7283680175,7304.0,1.3047633309301867
2d,2,saw,L512_N1000_T10000,512,1000,10000,38,mean_r2,120.191350299,7191.0,1.2872613319898636
2d,2,saw,L512_N1000_T10000,512,1000,10000,39,mean_r2,123.8995904533,7081.0,1.2937566073270574
2d,2,saw,L512_N1000_T10000,512,1000,10000,40,mean_r2,127.7970183486,6976.0,1.302904297575803
2d,2,saw,L512_N1000_T10000,512,1000,10000,41,mean_r2,132.223453909,6856.0,1.2948291656386268
2d,2,saw,L512_N1000_T10000,512,1000,10000,42,mean_r2,136.1769858946,6735.0,1.2853733102009905
2d,2,saw,L512_N1000_T10000,512,1000,10000,43,mean_r2,140.0854044284,6639.0,1.2693564109168758
2d,2,saw,L512_N1000_T10000,512,1000,10000,44,mean_r2,144.6734192756,6516.0,1.2860885911776372
2d,2,saw,L512_N1000_T10000,512,1000,10000,45,mean_r2,149.0056109726,6416.0,1.2852035502144799
2d,2,saw,L512_N1000_T10000,512,1000,10000,46,mean_r2,153.2526182164,6302.0,1.2774588992035245
2d,2,saw,L512_N1000_T10000,512,1000,10000,47,mean_r2,157.3929032258,6200.0,1.2986125786351113
2d,2,saw,L512_N1000_T10000,512,1000,10000,48,mean_r2,161.681050041,6095.0,1.3203806499402944
2d,2,saw,L512_N1000_T10000,512,1000,10000,49,mean_r2,166.173484722,5989.0,1.3185358940592928
2d,2,saw,L512_N1000_T10000,512,1000,10000,50,mean_r2,170.2432157395,5896.0,1.3203955212698113
2d,2,saw,L512_N1000_T10000,512,1000,10000,51,mean_r2,174.7407215605,5793.0,1.3144653146037784
2d,2,saw,L512_N1000_T10000,512,1000,10000,52,mean_r2,179.7029876977,5690.0,1.316230885005312
2d,2,saw,L512_N1000_T10000,512,1000,10000,53,mean_r2,184.626161544,5596.0,1.325944218310072
2d,2,saw,L512_N1000_T10000,512,1000,10000,54,mean_r2,189.5224913495,5491.0,1.3213996172045088
2d,2,saw,L512_N1000_T10000,512,1000,10000,55,mean_r2,194.2116706932,5381.0,1.3423073403632095
2d,2,saw,L512_N1000_T10000,512,1000,10000,56,mean_r2,198.4736842105,5282.0,1.350039372155905
2d,2,saw,L512_N1000_T10000,512,1000,10000,57,mean_r2,202.8873726696,5203.0,1.343002731103812
2d,2,saw,L512_N1000_T10000,512,1000,10000,58,mean_r2,207.7945607513,5111.0,1.3533101902296303
2d,2,saw,L512_N1000_T10000,512,1000,10000,59,mean_r2,212.3931199046,5029.0,1.3512331226808967
2d,2,saw,L512_N1000_T10000,512,1000,10000,60,mean_r2,217.4479821537,4931.0,1.3447427499391156
2d,2,saw,L512_N1000_T10000,512,1000,10000,61,mean_r2,222.5218827415,4844.0,1.369106482622879
2d,2,saw,L512_N1000_T10000,512,1000,10000,62,mean_r2,227.5857442348,4770.0,1.36504419989489
2d,2,saw,L512_N1000_T10000,512,1000,10000,63,mean_r2,233.2808219178,4672.0,1.3374824256649351
2d,2,saw,L512_N1000_T10000,512,1000,10000,64,mean_r2,238.4312267658,4573.0,1.3253552031193958
2d,2,saw,L512_N1000_T10000,512,1000,10000,65,mean_r2,243.129304599,4501.0,1.3211629446721518
2d,2,saw,L512_N1000_T10000,512,1000,10000,66,mean_r2,248.5402714932,4420.0,1.3224911126259862
2d,2,saw,L512_N1000_T10000,512,1000,10000,67,mean_r2,252.9770062083,4349.0,1.3197087543869013
2d,2,saw,L512_N1000_T10000,512,1000,10000,68,mean_r2,257.0565594931,4261.0,1.2928031719846813
2d,2,saw,L512_N1000_T10000,512,1000,10000,69,mean_r2,261.3730026234,4193.0,1.2864673865130034
2d,2,saw,L512_N1000_T10000,512,1000,10000,70,mean_r2,266.5649224806,4128.0,1.3227564875183428
2d,2,saw,L512_N1000_T10000,512,1000,10000,71,mean_r2,271.9960513327,4052.0,1.3224238738958172
2d,2,saw,L512_N1000_T10000,512,1000,10000,72,mean_r2,277.2349671551,3958.0,1.3492335449602437
2d,2,saw,L512_N1000_T10000,512,1000,10000,73,mean_r2,282.2250580046,3879.0,1.3882077793689611
2d,2,saw,L512_N1000_T10000,512,1000,10000,74,mean_r2,287.3936366027,3803.0,1.4078165853597224
2d,2,saw,L512_N1000_T10000,512,1000,10000,75,mean_r2,293.7946308725,3725.0,1.3889871159064633
2d,2,saw,L512_N1000_T10000,512,1000,10000,76,mean_r2,299.5168262654,3655.0,1.3765161860102053
2d,2,saw,L512_N1000_T10000,512,1000,10000,77,mean_r2,305.2082283795,3573.0,1.3779507698848446
2d,2,saw,L512_N1000_T10000,512,1000,10000,78,mean_r2,310.9897025172,3496.0,1.372887932473023
2d,2,saw,L512_N1000_T10000,512,1000,10000,79,mean_r2,316.2345895413,3423.0,1.3641474199709067
2d,2,saw,L512_N1000_T10000,512,1000,10000,80,mean_r2,320.8876973488,3357.0,1.3434637279005077
2d,2,saw,L512_N1000_T10000,512,1000,10000,81,mean_r2,326.0889159562,3284.0,1.3342815641584411
2d,2,saw,L512_N1000_T10000,512,1000,10000,82,mean_r2,331.6473520249,3210.0,1.2973676602994249
2d,2,saw,L512_N1000_T10000,512,1000,10000,83,mean_r2,336.6210392902,3156.0,1.2700746953653144
2d,2,saw,L512_N1000_T10000,512,1000,10000,84,mean_r2,341.6411251212,3093.0,1.3206830850363445
2d,2,saw,L512_N1000_T10000,512,1000,10000,85,mean_r2,347.5933046072,3017.0,1.3144437207109037
2d,2,saw,L512_N1000_T10000,512,1000,10000,86,mean_r2,353.2254139912,2959.0,1.3461257486131042
2d,2,saw,L512_N1000_T10000,512,1000,10000,87,mean_r2,357.5968911917,2895.0,1.3256070819561068
2d,2,saw,L512_N1000_T10000,512,1000,10000,88,mean_r2,362.4789325843,2848.0,1.3507781203957803
2d,2,saw,L512_N1000_T10000,512,1000,10000,89,mean_r2,370.1449067432,2788.0,1.3418300019354807
2d,2,saw,L512_N1000_T10000,512,1000,10000,90,mean_r2,374.6193265007,2732.0,1.3197072682962516
2d,2,saw,L512_N1000_T10000,512,1000,10000,91,mean_r2,381.4092953523,2668.0,1.3339588659999817
2d,2,saw,L512_N1000_T10000,512,1000,10000,92,mean_r2,386.2979373568,2618.0,1.3902828433107006
2d,2,saw,L512_N1000_T10000,512,1000,10000,93,mean_r2,392.53307393,2570.0,1.4105422799276395
2d,2,saw,L512_N1000_T10000,512,1000,10000,94,mean_r2,397.2982178218,2525.0,1.40895039095371
2d,2,saw,L512_N1000_T10000,512,1000,10000,95,mean_r2,402.5496368039,2478.0,1.4556945596897999
2d,2,saw,L512_N1000_T10000,512,1000,10000,96,mean_r2,409.0523279769,2427.0,1.4943695914585458
2d,2,saw,L512_N1000_T10000,512,1000,10000,97,mean_r2,415.9949409781,2372.0,1.5482779844207037
2d,2,saw,L512_N1000_T10000,512,1000,10000,98,mean_r2,421.9065981148,2334.0,1.5150262714625966
2d,2,saw,L512_N1000_T10000,512,1000,10000,99,mean_r2,430.0599038041,2287.0,1.5967623537839783
2d,2,saw,L512_N1000_T10000,512,1000,10000,100,mean_r2,436.71600535,2243.0,1.6229499810744632
2d,2,saw,L512_N1000_T10000,512,1000,10000,101,mean_r2,445.7140255009,2196.0,1.5918069128686259
2d,2,saw,L512_N1000_T10000,512,1000,10000,102,mean_r2,453.2150837989,2148.0,1.5782698174874554
2d,2,saw,L512_N1000_T10000,512,1000,10000,103,mean_r2,458.220113852,2108.0,1.617512939239182
2d,2,saw,L512_N1000_T10000,512,1000,10000,104,mean_r2,466.8993223621,2066.0,1.5701812994464455
2d,2,saw,L512_N1000_T10000,512,1000,10000,105,mean_r2,473.5459057072,2015.0,1.5809162338942353
2d,2,saw,L512_N1000_T10000,512,1000,10000,106,mean_r2,478.9406438632,1988.0,1.5538418302383754
2d,2,saw,L512_N1000_T10000,512,1000,10000,107,mean_r2,485.6700819672,1952.0,1.560007834537564
2d,2,saw,L512_N1000_T10000,512,1000,10000,108,mean_r2,493.7096436059,1908.0,1.565238981034678
2d,2,saw,L512_N1000_T10000,512,1000,10000,109,mean_r2,500.2059765208,1874.0,1.4747534107932279
2d,2,saw,L512_N1000_T10000,512,1000,10000,110,mean_r2,507.7354382145,1837.0,1.4914095384730301
2d,2,saw,L512_N1000_T10000,512,1000,10000,111,mean_r2,516.1385642738,1797.0,1.5102653000218773
2d,2,saw,L512_N1000_T10000,512,1000,10000,112,mean_r2,524.4070494599,1759.0,1.4990864318821444
2d,2,saw,L512_N1000_T10000,512,1000,10000,113,mean_r2,529.738177624,1734.0,1.493278554079412
2d,2,saw,L512_N1000_T10000,512,1000,10000,114,mean_r2,534.5937683715,1701.0,1.488954121461494
2d,2,saw,L512_N1000_T10000,512,1000,10000,115,mean_r2,542.3573141487,1668.0,1.447749162190963
2d,2,saw,L512_N1000_T10000,512,1000,10000,116,mean_r2,548.7970749543,1641.0,1.435659238615437
2d,2,saw,L512_N1000_T10000,512,1000,10000,117,mean_r2,555.2761609907,1615.0,1.4712441240404779
2d,2,saw,L512_N1000_T10000,512,1000,10000,118,mean_r2,563.5085281112,1583.0,1.5146921193166956
2d,2,saw,L512_N1000_T10000,512,1000,10000,119,mean_r2,570.0441558442,1540.0,1.557373643730375
2d,2,saw,L512_N1000_T10000,512,1000,10000,120,mean_r2,575.898349835,1515.0,1.5473473552429486
2d,2,saw,L512_N1000_T10000,512,1000,10000,121,mean_r2,584.1838383838,1485.0,1.5229680191078447
2d,2,saw,L512_N1000_T10000,512,1000,10000,122,mean_r2,594.7208821502,1451.0,1.4504365470307006
2d,2,saw,L512_N1000_T10000,512,1000,10000,123,mean_r2,602.3408769448,1414.0,1.3940274399823056
2d,2,saw,L512_N1000_T10000,512,1000,10000,124,mean_r2,609.3884892086,1390.0,1.3587904307792789
2d,2,saw,L512_N1000_T10000,512,1000,10000,125,mean_r2,617.0470934511,1359.0,1.4100596625956854
2d,2,saw,L512_N1000_T10000,512,1000,10000,126,mean_r2,622.4514200299,1338.0,1.365734125591143
2d,2,saw,L512_N1000_T10000,512,1000,10000,127,mean_r2,625.4181398924,1301.0,1.3418181832783276
2d,2,saw,L512_N1000_T10000,512,1000,10000,128,mean_r2,631.1733333333,1275.0,1.386227013771441
2d,2,saw,L512_N1000_T10000,512,1000,10000,129,mean_r2,636.0983213429,1251.0,1.4040884176878197
2d,2,saw,L512_N1000_T10000,512,1000,10000,130,mean_r2,644.7071369975,1219.0,1.4111740631574645
2d,2,saw,L512_N1000_T10000,512,1000,10000,131,mean_r2,651.1006711409,1192.0,1.4648470499357011
2d,2,saw,L512_N1000_T10000,512,1000,10000,132,mean_r2,661.0317052271,1167.0,1.5784543721192572
2d,2,saw,L512_N1000_T10000,512,1000,10000,133,mean_r2,671.2741652021,1138.0,1.6516886986101202
2d,2,saw,L512_N1000_T10000,512,1000,10000,134,mean_r2,679.4982078853,1116.0,1.712377520194142
2d,2,saw,L512_N1000_T10000,512,1000,10000,135,mean_r2,687.8362305581,1093.0,1.7064040870750257
2d,2,saw,L512_N1000_T10000,512,1000,10000,136,mean_r2,696.1327102804,1070.0,1.692409556761384
2d,2,saw,L512_N1000_T10000,512,1000,10000,137,mean_r2,704.9011406844,1052.0,1.590711137426741
2d,2,saw,L512_N1000_T10000,512,1000,10000,138,mean_r2,714.6737864078,1030.0,1.5317191070765521
2d,2,saw,L512_N1000_T10000,512,1000,10000,139,mean_r2,722.8500986193,1014.0,1.5263044483473167
2d,2,saw,L512_N1000_T10000,512,1000,10000,140,mean_r2,731.6149193548,992.0,1.4833437892964492
2d,2,saw,L512_N1000_T10000,512,1000,10000,141,mean_r2,737.4234326824,973.0,1.3842786499837376
2d,2,saw,L512_N1000_T10000,512,1000,10000,142,mean_r2,742.4560669456,956.0,1.3508764108150753
2d,2,saw,L512_N1000_T10000,512,1000,10000,143,mean_r2,750.1103965702,933.0,1.3808687028111715
2d,2,saw,L512_N1000_T10000,512,1000,10000,144,mean_r2,758.3978142077,915.0,1.3527901851890005
2d,2,saw,L512_N1000_T10000,512,1000,10000,145,mean_r2,764.75,896.0,1.3212010356623614
2d,2,saw,L512_N1000_T10000,512,1000,10000,146,mean_r2,767.9750849377,883.0,1.388505864728392
2d,2,saw,L512_N1000_T10000,512,1000,10000,147,mean_r2,775.2837209302,860.0,1.4620455449651508
2d,2,saw,L512_N1000_T10000,512,1000,10000,148,mean_r2,787.1586538462,832.0,1.467402750135443
2d,2,saw,L512_N1000_T10000,512,1000,10000,149,mean_r2,794.0793650794,819.0,1.457057602147659
2d,2,saw,L512_N1000_T10000,512,1000,10000,150,mean_r2,801.4381188119,808.0,1.4918616075177353
2d,2,saw,L512_N1000_T10000,512,1000,10000,151,mean_r2,811.0280254777,785.0,1.6126549351805122
2d,2,saw,L512_N1000_T10000,512,1000,10000,152,mean_r2,820.128440367,763.0,1.5487702967466241
2d,2,saw,L512_N1000_T10000,512,1000,10000,153,mean_r2,828.3261455526,742.0,1.4448127717095605
2d,2,saw,L512_N1000_T10000,512,1000,10000,154,mean_r2,836.3388888889,720.0,1.3434364971264663
2d,2,saw,L512_N1000_T10000,512,1000,10000,155,mean_r2,844.7521613833,694.0,1.352020461291096
2d,2,saw,L512_N1000_T10000,512,1000,10000,156,mean_r2,854.5668135095,681.0,1.2951782735106003
2d,2,saw,L512_N1000_T10000,512,1000,10000,157,mean_r2,858.4759036145,664.0,1.3783022656137163
2d,2,saw,L512_N1000_T10000,512,1000,10000,158,mean_r2,865.14374034,647.0,1.43540793239923
2d,2,saw,L512_N1000_T10000,512,1000,10000,159,mean_r2,866.4896988906,631.0,1.3091025156263583
2d,2,saw,L512_N1000_T10000,512,1000,10000,160,mean_r2,874.5112540193,622.0,1.3249290795785362
2d,2,saw,L512_N1000_T10000,512,1000,10000,161,mean_r2,881.262295082,610.0,1.2783889037902643
2d,2,saw,L512_N1000_T10000,512,1000,10000,162,mean_r2,895.409015025,599.0,1.271974362497118
2d,2,saw,L512_N1000_T10000,512,1000,10000,163,mean_r2,907.1301369863,584.0,1.3358947810460955
2d,2,saw,L512_N1000_T10000,512,1000,10000,164,mean_r2,908.1363636364,572.0,1.5281354275867396
2d,2,saw,L512_N1000_T10000,512,1000,10000,165,mean_r2,917.7071428571,560.0,1.3882165272720794
2d,2,saw,L512_N1000_T10000,512,1000,10000,166,mean_r2,925.2123411978,551.0,1.3480883238487107
2d,2,saw,L512_N1000_T10000,512,1000,10000,167,mean_r2,928.6208178439,538.0,1.2774191897305147
2d,2,saw,L512_N1000_T10000,512,1000,10000,168,mean_r2,939.0588235294,527.0,1.2101545198243242
2d,2,saw,L512_N1000_T10000,512,1000,10000,169,mean_r2,951.1369863014,511.0,1.3617289456401502
2d,2,saw,L512_N1000_T10000,512,1000,10000,170,mean_r2,951.296,500.0,1.147015872014291
2d,2,saw,L512_N1000_T10000,512,1000,10000,171,mean_r2,955.8395061728,486.0,1.2263550372887708
2d,2,saw,L512_N1000_T10000,512,1000,10000,172,mean_r2,966.6105263158,475.0,1.3001286616803616
2d,2,saw,L512_N1000_T10000,512,1000,10000,173,mean_r2,974.9051724138,464.0,1.3601309062087052
2d,2,saw,L512_N1000_T10000,512,1000,10000,174,mean_r2,984.3620309051,453.0,1.1650202783393857
2d,2,saw,L512_N1000_T10000,512,1000,10000,175,mean_r2,981.7820224719,445.0,1.2393975042195216
2d,2,saw,L512_N1000_T10000,512,1000,10000,176,mean_r2,994.0230414747,434.0,1.1264995923308398
2d,2,saw,L512_N1000_T10000,512,1000,10000,177,mean_r2,1001.5566037736,424.0,0.9498463830675622
2d,2,saw,L512_N1000_T10000,512,1000,10000,178,mean_r2,1015.8899521531,418.0,0.9816946369157877
2d,2,saw,L512_N1000_T10000,512,1000,10000,179,mean_r2,1017.0196560197,407.0,0.9460598442667355
2d,2,saw,L512_N1000_T10000,512,1000,10000,180,mean_r2,1021.1321695761,401.0,1.0109303248868287
2d,2,saw,L512_N1000_T10000,512,1000,10000,181,mean_r2,1019.0365535248,383.0,0.7918463253486624
2d,2,saw,L512_N1000_T10000,512,1000,10000,182,mean_r2,1019.9139784946,372.0,0.6165375156751649
2d,2,saw,L512_N1000_T10000,512,1000,10000,183,mean_r2,1030.1978021978,364.0,0.562194454698179
2d,2,saw,L512_N1000_T10000,512,1000,10000,184,mean_r2,1037.8016997167,353.0,0.7366874340902331
2d,2,saw,L512_N1000_T10000,512,1000,10000,185,mean_r2,1038.5144508671,346.0,0.9006897733648277
2d,2,saw,L512_N1000_T10000,512,1000,10000,186,mean_r2,1038.4868035191,341.0,1.0394116801639932
2d,2,saw,L512_N1000_T10000,512,1000,10000,187,mean_r2,1036.0750750751,333.0,1.1807604805763054
2d,2,saw,L512_N1000_T10000,512,1000,10000,188,mean_r2,1047.5914634146,328.0,0.8539814244539352
2d,2,saw,L512_N1000_T10000,512,1000,10000,189,mean_r2,1058.575,320.0,0.894723349369219
2d,2,saw,L512_N1000_T10000,512,1000,10000,190,mean_r2,1072.0897435897,312.0,1.093766135680869
2d,2,saw,L512_N1000_T10000,512,1000,10000,191,mean_r2,1077.6184210526,304.0,1.2885026151728265
2d,2,saw,L512_N1000_T10000,512,1000,10000,192,mean_r2,1086.4066666667,300.0,1.4776057317094937
2d,2,saw,L512_N1000_T10000,512,1000,10000,193,mean_r2,1078.0847457627,295.0,1.3713691182967414
2d,2,saw,L512_N1000_T10000,512,1000,10000,194,mean_r2,1088.124567474,289.0,1.3490195541883834
2d,2,saw,L512_N1000_T10000,512,1000,10000,195,mean_r2,1100.0671378092,283.0,1.0912167816447211
2d,2,saw,L512_N1000_T10000,512,1000,10000,196,mean_r2,1110.9782608696,276.0,1.1107113368312285
2d,2,saw,L512_N1000_T10000,512,1000,10000,197,mean_r2,1118.9778597786,271.0,1.044201360707962
2d,2,saw,L512_N1000_T10000,512,1000,10000,198,mean_r2,1124.7547169811,265.0,1.1802410924753066
2d,2,saw,L512_N1000_T10000,512,1000,10000,199,mean_r2,1134.8223938224,259.0,1.2115802339393569
2d,2,saw,L512_N1000_T10000,512,1000,10000,200,mean_r2,1133.808,250.0,1.2233805227832022
2d,2,saw,L512_N1000_T10000,512,1000,10000,201,mean_r2,1140.4634146341,246.0,1.2733836855009117
2d,2,saw,L512_N1000_T10000,512,1000,10000,202,mean_r2,1145.5583333333,240.0,1.3721818325736175
2d,2,saw,L512_N1000_T10000,512,1000,10000,203,mean_r2,1144.3157894737,228.0,1.3763738495511608
2d,2,saw,L512_N1000_T10000,512,1000,10000,204,mean_r2,1156.4464285714,224.0,1.3828151270178348
2d,2,saw,L512_N1000_T10000,512,1000,10000,205,mean_r2,1169.4727272727,220.0,1.4153724840957669
2d,2,saw,L512_N1000_T10000,512,1000,10000,206,mean_r2,1183.6542056075,214.0,1.3155523373163016
2d,2,saw,L512_N1000_T10000,512,1000,10000,207,mean_r2,1197.6476190476,210.0,1.4727893091559594
2d,2,saw,L512_N1000_T10000,512,1000,10000,208,mean_r2,1203.6761904762,210.0,1.8165284608305938
2d,2,saw,L512_N1000_T10000,512,1000,10000,209,mean_r2,1214.4299516908,207.0,1.7024921267531767
2d,2,saw,L512_N1000_T10000,512,1000,10000,210,mean_r2,1214.8712871287,202.0,1.6631314335663103
2d,2,saw,L512_N1000_T10000,512,1000,10000,211,mean_r2,1215.6865671642,201.0,1.4047071528248436
2d,2,saw,L512_N1000_T10000,512,1000,10000,212,mean_r2,1230.0505050505,198.0,1.2623476725369007
2d,2,saw,L512_N1000_T10000,512,1000,10000,213,mean_r2,1248.7671957672,189.0,1.3112938788115795
2d,2,saw,L512_N1000_T10000,512,1000,10000,214,mean_r2,1254.6120218579,183.0,0.7500055885389398
2d,2,saw,L512_N1000_T10000,512,1000,10000,215,mean_r2,1265.8764044944,178.0,0.5347292069057812
2d,2,saw,L512_N1000_T10000,512,1000,10000,216,mean_r2,1265.1525423729,177.0,0.6884708905282715
2d,2,saw,L512_N1000_T10000,512,1000,10000,217,mean_r2,1271.1411764706,170.0,0.7407201203408111
2d,2,saw,L512_N1000_T10000,512,1000,10000,218,mean_r2,1280.1212121212,165.0,0.33114554197409773
2d,2,saw,L512_N1000_T10000,512,1000,10000,219,mean_r2,1257.7547169811,159.0,0.1887856619204347
2d,2,saw,L512_N1000_T10000,512,1000,10000,220,mean_r2,1245.4709677419,155.0,0.3156239818367773
2d,2,saw,L512_N1000_T10000,512,1000,10000,221,mean_r2,1255.0662251656,151.0,0.17922179818125486
2d,2,saw,L512_N1000_T10000,512,1000,10000,222,mean_r2,1272.7702702703,148.0,0.33433389434619915
2d,2,saw,L512_N1000_T10000,512,1000,10000,223,mean_r2,1267.8843537415,147.0,0.48504536633543877
2d,2,saw,L512_N1000_T10000,512,1000,10000,224,mean_r2,1265.475862069,145.0,1.129776054827485
2d,2,saw,L512_N1000_T10000,512,1000,10000,225,mean_r2,1284.1714285714,140.0,1.3552138566192626
2d,2,saw,L512_N1000_T10000,512,1000,10000,226,mean_r2,1275.4558823529,136.0,1.2706962793414578
2d,2,saw,L512_N1000_T10000,512,1000,10000,227,mean_r2,1290.4328358209,134.0,1.3589659615298992
2d,2,saw,L512_N1000_T10000,512,1000,10000,228,mean_r2,1308.2748091603,131.0,1.2581882944490568
2d,2,saw,L512_N1000_T10000,512,1000,10000,229,mean_r2,1322.8294573643,129.0,1.684672901101168
2d,2,saw,L512_N1000_T10000,512,1000,10000,230,mean_r2,1322.8062015504,129.0,1.4784067844621336
2d,2,saw,L512_N1000_T10000,512,1000,10000,231,mean_r2,1327.6666666667,126.0,1.8523922273352058
2d,2,saw,L512_N1000_T10000,512,1000,10000,232,mean_r2,1351.3064516129,124.0,1.9258581951765248
2d,2,saw,L512_N1000_T10000,512,1000,10000,233,mean_r2,1339.8292682927,123.0,1.9123956554280401
2d,2,saw,L512_N1000_T10000,512,1000,10000,234,mean_r2,1362.0983606557,122.0,1.836504434348799
2d,2,saw,L512_N1000_T10000,512,1000,10000,235,mean_r2,1369.4406779661,118.0,2.458141314265305
2d,2,saw,L512_N1000_T10000,512,1000,10000,236,mean_r2,1381.9649122807,114.0,2.508819340337255
2d,2,saw,L512_N1000_T10000,512,1000,10000,237,mean_r2,1402.1428571429,112.0,2.255651641529066
2d,2,saw,L512_N1000_T10000,512,1000,10000,238,mean_r2,1420.2018348624,109.0,2.455128088080399
2d,2,saw,L512_N1000_T10000,512,1000,10000,239,mean_r2,1430.8490566038,106.0,1.9734623613344509
2d,2,saw,L512_N1000_T10000,512,1000,10000,240,mean_r2,1468.6930693069,101.0,2.1916552326635075
2d,2,saw,L512_N1000_T10000,512,1000,10000,241,mean_r2,1476.603960396,101.0,2.1388081889663666
2d,2,saw,L512_N1000_T10000,512,1000,10000,242,mean_r2,1486.2574257426,101.0,1.8502201563145828
2d,2,saw,L512_N1000_T10000,512,1000,10000,243,mean_r2,1485.4444444444,99.0,1.1642299933576679
2d,2,saw,L512_N1000_T10000,512,1000,10000,244,mean_r2,1479.3608247423,97.0,1.0277814669494465
2d,2,saw,L512_N1000_T10000,512,1000,10000,245,mean_r2,1500.4042553191,94.0,0.5523609258519862
2d,2,saw,L512_N1000_T10000,512,1000,10000,246,mean_r2,1510.2365591398,93.0,0.48295659657890166
2d,2,saw,L512_N1000_T10000,512,1000,10000,247,mean_r2,1513.5652173913,92.0,0.6764529641581389
2d,2,saw,L512_N1000_T10000,512,1000,10000,248,mean_r2,1489.9111111111,90.0,0.8575438460449468
2d,2,saw,L512_N1000_T10000,512,1000,10000,249,mean_r2,1492.4157303371,89.0,1.4632577889475127
2d,2,saw,L512_N1000_T10000,512,1000,10000,250,mean_r2,1502.1860465116,86.0,1.5043434961092226
2d,2,saw,L512_N1000_T10000,512,1000,10000,251,mean_r2,1505.8837209302,86.0,1.13204165717735
2d,2,saw,L512_N1000_T10000,512,1000,10000,252,mean_r2,1527.5294117647,85.0,1.0646945112805317
2d,2,saw,L512_N1000_T10000,512,1000,10000,253,mean_r2,1537.7142857143,84.0,1.3898008260960342
2d,2,saw,L512_N1000_T10000,512,1000,10000,254,mean_r2,1568.9135802469,81.0,1.5007037756775392
2d,2,saw,L512_N1000_T10000,512,1000,10000,255,mean_r2,1593.4736842105,76.0,1.8362601925623674
2d,2,saw,L512_N1000_T10000,512,1000,10000,256,mean_r2,1579.9189189189,74.0,1.8057347084489959
2d,2,saw,L512_N1000_T10000,512,1000,10000,257,mean_r2,1578.8918918919,74.0,1.8777913668357016
2d,2,saw,L512_N1000_T10000,512,1000,10000,258,mean_r2,1574.0571428571,70.0,1.9470811213225918
2d,2,saw,L512_N1000_T10000,512,1000,10000,259,mean_r2,1583.2608695652,69.0,1.095735524683865
2d,2,saw,L512_N1000_T10000,512,1000,10000,260,mean_r2,1614.3636363636,66.0,0.780647911200197
2d,2,saw,L512_N1000_T10000,512,1000,10000,261,mean_r2,1615.9538461538,65.0,0.994343080718201
2d,2,saw,L512_N1000_T10000,512,1000,10000,262,mean_r2,1643.3333333333,63.0,1.1328451219592373
2d,2,saw,L512_N1000_T10000,512,1000,10000,263,mean_r2,1658.2698412698,63.0,1.2506144269769117
2d,2,saw,L512_N1000_T10000,512,1000,10000,264,mean_r2,1636.7213114754,61.0,1.8279587722883168
2d,2,saw,L512_N1000_T10000,512,1000,10000,265,mean_r2,1642.0491803279,61.0,0.9202789898094008
2d,2,saw,L512_N1000_T10000,512,1000,10000,266,mean_r2,1641.2786885246,61.0,0.9920072175957413
2d,2,saw,L512_N1000_T10000,512,1000,10000,267,mean_r2,1648.6666666667,60.0,0.6929342437654132
2d,2,saw,L512_N1000_T10000,512,1000,10000,268,mean_r2,1650.724137931,58.0,0.8817182962555165
2d,2,saw,L512_N1000_T10000,512,1000,10000,269,mean_r2,1696.7857142857,56.0,2.006654932652485
2d,2,saw,L512_N1000_T10000,512,1000,10000,270,mean_r2,1671.4181818182,55.0,2.0233555333512423
2d,2,saw,L512_N1000_T10000,512,1000,10000,271,mean_r2,1677.3636363636,55.0,2.190821327666188
2d,2,saw,L512_N1000_T10000,512,1000,10000,272,mean_r2,1686.5454545455,55.0,3.0304946976249423
2d,2,saw,L512_N1000_T10000,512,1000,10000,273,mean_r2,1713.7407407407,54.0,3.2682199960102896
2d,2,saw,L512_N1000_T10000,512,1000,10000,274,mean_r2,1763.5,52.0,3.222183596436029
2d,2,saw,L512_N1000_T10000,512,1000,10000,275,mean_r2,1769.8461538462,52.0,3.7551842012128214
2d,2,saw,L512_N1000_T10000,512,1000,10000,276,mean_r2,1779.4901960784,51.0,3.6006646215738836
2d,2,saw,L512_N1000_T10000,512,1000,10000,277,mean_r2,1843.0,48.0,4.3491510697242335
2d,2,saw,L512_N1000_T10000,512,1000,10000,278,mean_r2,1860.6808510638,47.0,3.521361882678055
2d,2,saw,L512_N1000_T10000,512,1000,10000,279,mean_r2,1908.5555555556,45.0,3.8035191027444717
2d,2,saw,L512_N1000_T10000,512,1000,10000,280,mean_r2,1916.0,45.0,4.029281126934529
2d,2,saw,L512_N1000_T10000,512,1000,10000,281,mean_r2,1911.1333333333,45.0,4.057523935655637
2d,2,saw,L512_N1000_T10000,512,1000,10000,282,mean_r2,1973.3023255814,43.0,3.839873039156237
2d,2,saw,L512_N1000_T10000,512,1000,10000,283,mean_r2,1945.1904761905,42.0,3.6995476390951967
2d,2,saw,L512_N1000_T10000,512,1000,10000,284,mean_r2,2021.1,40.0,3.034105667113187
2d,2,saw,L512_N1000_T10000,512,1000,10000,285,mean_r2,2043.8,40.0,2.975055396513278
2d,2,saw,L512_N1000_T10000,512,1000,10000,286,mean_r2,2055.95,40.0,2.827301982901502
2d,2,saw,L512_N1000_T10000,512,1000,10000,287,mean_r2,2111.8717948718,39.0,1.7462039808035097
2d,2,saw,L512_N1000_T10000,512,1000,10000,288,mean_r2,2120.5641025641,39.0,1.4006847179186968
2d,2,saw,L512_N1000_T10000,512,1000,10000,289,mean_r2,2123.7692307692,39.0,0.24710795484789647
2d,2,saw,L512_N1000_T10000,512,1000,10000,290,mean_r2,2126.8421052632,38.0,0.7581487557177332
2d,2,saw,L512_N1000_T10000,512,1000,10000,291,mean_r2,2109.7368421053,38.0,0.5294985389650764
2d,2,saw,L512_N1000_T10000,512,1000,10000,292,mean_r2,2097.1052631579,38.0,0.48907789008467845
2d,2,saw,L512_N1000_T10000,512,1000,10000,293,mean_r2,2042.1428571429,35.0,1.4838494004533676
2d,2,saw,L512_N1000_T10000,512,1000,10000,294,mean_r2,2038.4571428571,35.0,1.574254598596083
2d,2,saw,L512_N1000_T10000,512,1000,10000,295,mean_r2,2097.9411764706,34.0,1.9826867082085817
2d,2,saw,L512_N1000_T10000,512,1000,10000,296,mean_r2,2093.7058823529,34.0,1.7649251382610704
2d,2,saw,L512_N1000_T10000,512,1000,10000,297,mean_r2,2147.5454545455,33.0,1.7939558839715175
2d,2,saw,L512_N1000_T10000,512,1000,10000,298,mean_r2,2230.7333333333,30.0,2.60473229533798
2d,2,saw,L512_N1000_T10000,512,1000,10000,299,mean_r2,2240.6,30.0,2.0037578305416863
2d,2,saw,L512_N1000_T10000,512,1000,10000,300,mean_r2,2274.7142857143,28.0,-0.2071998054372776
2d,2,saw,L512_N1000_T10000,512,1000,10000,301,mean_r2,2239.3703703704,27.0,-1.7414572795027459
2d,2,saw,L512_N1000_T10000,512,1000,10000,302,mean_r2,2227.6923076923,26.0,-2.395248440100852
2d,2,saw,L512_N1000_T10000,512,1000,10000,303,mean_r2,2228.6923076923,26.0,-3.4174819550582023
2d,2,saw,L512_N1000_T10000,512,1000,10000,304,mean_r2,2179.76,25.0,-3.807290528717125
2d,2,saw,L512_N1000_T10000,512,1000,10000,305,mean_r2,2083.5,24.0,-4.578147556154256
2d,2,saw,L512_N1000_T10000,512,1000,10000,306,mean_r2,1976.0,23.0,-3.5340758226312325
2d,2,saw,L512_N1000_T10000,512,1000,10000,307,mean_r2,1983.7826086957,23.0,-3.478317670818979
2d,2,saw,L512_N1000_T10000,512,1000,10000,308,mean_r2,1992.7826086957,23.0,-3.8718117230512648
2d,2,saw,L512_N1000_T10000,512,1000,10000,309,mean_r2,1976.8260869565,23.0,-3.984982719387957
2d,2,saw,L512_N1000_T10000,512,1000,10000,310,mean_r2,1957.6363636364,22.0,-1.97325719357514
2d,2,saw,L512_N1000_T10000,512,1000,10000,311,mean_r2,1995.0952380952,21.0,-0.3126133200590115
2d,2,saw,L512_N1000_T10000,512,1000,10000,312,mean_r2,1989.0476190476,21.0,-0.2184358345923991
2d,2,saw,L512_N1000_T10000,512,1000,10000,313,mean_r2,1965.4,20.0,-0.25910316154559987
2d,2,saw,L512_N1000_T10000,512,1000,10000,314,mean_r2,1916.0,19.0,-0.2938399592504276
2d,2,saw,L512_N1000_T10000,512,1000,10000,315,mean_r2,1955.0,18.0,0.14747096523917863
2d,2,saw,L512_N1000_T10000,512,1000,10000,316,mean_r2,1956.2352941176,17.0,0.39198815492086625
2d,2,saw,L512_N1000_T10000,512,1000,10000,317,mean_r2,1969.9411764706,17.0,0.5854238505766977
2d,2,saw,L512_N1000_T10000,512,1000,10000,318,mean_r2,1976.3529411765,17.0,1.270193103396793
2d,2,saw,L512_N1000_T10000,512,1000,10000,319,mean_r2,1958.4117647059,17.0,2.3289006903647906
2d,2,saw,L512_N1000_T10000,512,1000,10000,320,mean_r2,1966.8235294118,17.0,1.279344440635162
2d,2,saw,L512_N1000_T10000,512,1000,10000,321,mean_r2,2020.0,16.0,1.3497116038768093
2d,2,saw,L512_N1000_T10000,512,1000,10000,322,mean_r2,2026.125,16.0,1.1882451522926416
2d,2,saw,L512_N1000_T10000,512,1000,10000,323,mean_r2,2045.5,16.0,0.20060573720018934
2d,2,saw,L512_N1000_T10000,512,1000,10000,324,mean_r2,2061.125,16.0,-2.2561895407243044
2d,2,saw,L512_N1000_T10000,512,1000,10000,325,mean_r2,2034.75,16.0,-0.7215238485974972
2d,2,saw,L512_N1000_T10000,512,1000,10000,326,mean_r2,2040.25,16.0,-1.6319046370121997
2d,2,saw,L512_N1000_T10000,512,1000,10000,327,mean_r2,2044.0,16.0,-1.6910713028255464
2d,2,saw,L512_N1000_T10000,512,1000,10000,328,mean_r2,1988.6666666667,15.0,-2.354541715778331
2d,2,saw,L512_N1000_T10000,512,1000,10000,329,mean_r2,1826.6666666667,12.0,-4.537793503243673
2d,2,saw,L512_N1000_T10000,512,1000,10000,330,mean_r2,1923.6363636364,11.0,-3.614009956502799
2d,2,saw,L512_N1000_T10000,512,1000,10000,331,mean_r2,1921.3636363636,11.0,-2.8288949313364453
2d,2,saw,L512_N1000_T10000,512,1000,10000,332,mean_r2,1924.0,10.0,-2.260627532394162
2d,2,saw,L512_N1000_T10000,512,1000,10000,333,mean_r2,1903.8,10.0,-1.0315964659671546
2d,2,saw,L512_N1000_T10000,512,1000,10000,334,mean_r2,1795.5555555556,9.0,
2d,2,saw,L512_N1000_T10000,512,1000,10000,335,mean_r2,1823.6666666667,9.0,
2d,2,saw,L512_N1000_T10000,512,1000,10000,336,mean_r2,1873.1111111111,9.0,
2d,2,saw,L512_N1000_T10000,512,1000,10000,337,mean_r2,1909.4444444444,9.0,
2d,2,saw,L512_N1000_T10000,512,1000,10000,338,mean_r2,1928.0,9.0,
2d,2,saw,L512_N1000_T10000,512,1000,10000,339,mean_r2,1934.3333333333,9.0,
2d,2,saw,L512_N1000_T10000,512,1000,10000,340,mean_r2,1952.4444444444,9.0,
2d,2,saw,L512_N1000_T10000,512,1000,10000,341,mean_r2,1973.0,9.0,
2d,2,saw,L512_N1000_T10000,512,1000,10000,342,mean_r2,1982.4444444444,9.0,
2d,2,saw,L512_N1000_T10000,512,1000,10000,343,mean_r2,1987.2222222222,9.0,
2d,2,saw,L512_N1000_T10000,512,1000,10000,344,mean_r2,1952.8888888889,9.0,
2d,2,saw,L512_N1000_T10000,512,1000,10000,345,mean_r2,1943.2222222222,9.0,
2d,2,saw,L512_N1000_T10000,512,1000,10000,346,mean_r2,1926.0,9.0,
2d,2,saw,L512_N1000_T10000,512,1000,10000,347,mean_r2,1976.5555555556,9.0,
2d,2,saw,L512_N1000_T10000,512,1000,10000,348,mean_r2,2183.0,8.0,
2d,2,saw,L512_N1000_T10000,512,1000,10000,349,mean_r2,2239.2857142857,7.0,
2d,2,saw,L512_N1000_T10000,512,1000,10000,350,mean_r2,2276.2857142857,7.0,
2d,2,saw,L512_N1000_T10000,512,1000,10000,351,mean_r2,2313.5714285714,7.0,
2d,2,saw,L512_N1000_T10000,512,1000,10000,352,mean_r2,2299.7142857143,7.0,
2d,2,saw,L512_N1000_T10000,512,1000,10000,353,mean_r2,2330.7142857143,7.0,
2d,2,saw,L512_N1000_T10000,512,1000,10000,354,mean_r2,2373.4285714286,7.0,
2d,2,saw,L512_N1000_T10000,512,1000,10000,355,mean_r2,2393.5714285714,7.0,
2d,2,saw,L512_N1000_T10000,512,1000,10000,356,mean_r2,2399.4285714286,7.0,
2d,2,saw,L512_N1000_T10000,512,1000,10000,357,mean_r2,2413.0,7.0,
2d,2,saw,L512_N1000_T10000,512,1000,10000,358,mean_r2,2391.7142857143,7.0,
2d,2,saw,L512_N1000_T10000,512,1000,10000,359,mean_r2,2361.0,7.0,
2d,2,saw,L512_N1000_T10000,512,1000,10000,360,mean_r2,2348.0,7.0,
2d,2,saw,L512_N1000_T10000,512,1000,10000,361,mean_r2,2561.6666666667,6.0,
2d,2,saw,L512_N1000_T10000,512,1000,10000,362,mean_r2,2538.0,6.0,
2d,2,saw,L512_N1000_T10000,512,1000,10000,363,mean_r2,2543.6666666667,6.0,
2d,2,saw,L512_N1000_T10000,512,1000,10000,364,mean_r2,2591.3333333333,6.0,
2d,2,saw,L512_N1000_T10000,512,1000,10000,365,mean_r2,2559.6666666667,6.0,
2d,2,saw,L512_N1000_T10000,512,1000,10000,366,mean_r2,2555.0,6.0,
2d,2,saw,L512_N1000_T10000,512,1000,10000,367,mean_r2,2565.6666666667,6.0,
2d,2,saw,L512_N1000_T10000,512,1000,10000,368,mean_r2,2891.2,5.0,
2d,2,saw,L512_N1000_T10000,512,1000,10000,369,mean_r2,2921.8,5.0,
2d,2,saw,L512_N1000_T10000,512,1000,10000,370,mean_r2,2937.6,5.0,
2d,2,saw,L512_N1000_T10000,512,1000,10000,371,mean_r2,2982.6,5.0,
2d,2,saw,L512_N1000_T10000,512,1000,10000,372,mean_r2,2865.5,4.0,
2d,2,saw,L512_N1000_T10000,512,1000,10000,373,mean_r2,2810.0,4.0,
2d,2,saw,L512_N1000_T10000,512,1000,10000,374,mean_r2,2748.0,4.0,
2d,2,saw,L512_N1000_T10000,512,1000,10000,375,mean_r2,2809.0,4.0,
2d,2,saw,L512_N1000_T10000,512,1000,10000,376,mean_r2,2849.0,4.0,
2d,2,saw,L512_N1000_T10000,512,1000,10000,377,mean_r2,3354.3333333333,3.0,
2d,2,saw,L512_N1000_T10000,512,1000,10000,378,mean_r2,3356.0,3.0,
2d,2,saw,L512_N1000_T10000,512,1000,10000,379,mean_r2,3370.3333333333,3.0,
2d,2,saw,L512_N1000_T10000,512,1000,10000,380,mean_r2,1630.0,2.0,
2d,2,saw,L512_N1000_T10000,512,1000,10000,381,mean_r2,3205.0,1.0,
2d,2,saw,L512_N1000_T10000,512,1000,10000,382,mean_r2,3172.0,1.0,
2d,2,saw,L512_N1000_T10000,512,1000,10000,383,mean_r2,3141.0,1.0,
2d,2,saw,L512_N1000_T10000,512,1000,10000,384,mean_r2,3034.0,1.0,
2d,2,saw,L512_N1000_T10000,512,1000,10000,385,mean_r2,2929.0,1.0,
2d,2,saw,L512_N1000_T10000,512,1000,10000,386,mean_r2,2900.0,1.0,
2d,2,saw,L512_N1000_T10000,512,1000,10000,387,mean_r2,3005.0,1.0,
2d,2,saw,L512_N1000_T10000,512,1000,10000,388,mean_r2,3112.0,1.0,
2d,2,saw,L512_N1000_T10000,512,1000,10000,389,mean_r2,3221.0,1.0,
2d,2,saw,L1024_N1000_T10000,1024,1000,10000,1,mean_r2,1.0,10000.0,
2d,2,saw,L1024_N1000_T10000,1024,1000,10000,2,mean_r2,2.6644,10000.0,
2d,2,saw,L1024_N1000_T10000,1024,1000,10000,3,mean_r2,4.576,10000.0,
2d,2,saw,L1024_N1000_T10000,1024,1000,10000,4,mean_r2,6.7818,10000.0,
2d,2,saw,L1024_N1000_T10000,1024,1000,10000,5,mean_r2,9.0228,10000.0,
2d,2,saw,L1024_N1000_T10000,1024,1000,10000,6,mean_r2,11.4408,10000.0,1.3357128133554161
2d,2,saw,L1024_N1000_T10000,1024,1000,10000,7,mean_r2,13.9428,10000.0,1.3013605662306695
2d,2,saw,L1024_N1000_T10000,1024,1000,10000,8,mean_r2,16.6309356842,9982.0,1.2910965980683038
2d,2,saw,L1024_N1000_T10000,1024,1000,10000,9,mean_r2,19.2667202249,9958.0,1.2745103610068718
2d,2,saw,L1024_N1000_T10000,1024,1000,10000,10,mean_r2,21.8949173054,9916.0,1.2730488037059913
2d,2,saw,L1024_N1000_T10000,1024,1000,10000,11,mean_r2,24.6037640393,9883.0,1.2675211292470336
2d,2,saw,L1024_N1000_T10000,1024,1000,10000,12,mean_r2,27.4318297526,9821.0,1.2623661478869845
2d,2,saw,L1024_N1000_T10000,1024,1000,10000,13,mean_r2,30.3867924528,9752.0,1.256932647225464
2d,2,saw,L1024_N1000_T10000,1024,1000,10000,14,mean_r2,33.4784496124,9675.0,1.2573038570299573
2d,2,saw,L1024_N1000_T10000,1024,1000,10000,15,mean_r2,36.5375963341,9602.0,1.2632502870539515
2d,2,saw,L1024_N1000_T10000,1024,1000,10000,16,mean_r2,39.6625618356,9501.0,1.2681657501499481
2d,2,saw,L1024_N1000_T10000,1024,1000,10000,17,mean_r2,42.7369874655,9414.0,1.2724827260694176
2d,2,saw,L1024_N1000_T10000,1024,1000,10000,18,mean_r2,46.0878436426,9312.0,1.273657808185885
2d,2,saw,L1024_N1000_T10000,1024,1000,10000,19,mean_r2,49.2965853659,9225.0,1.2706947527668
2d,2,saw,L1024_N1000_T10000,1024,1000,10000,20,mean_r2,52.5556652408,9117.0,1.2648518908454534
2d,2,saw,L1024_N1000_T10000,1024,1000,10000,21,mean_r2,55.8645418327,9036.0,1.2667707159830652
2d,2,saw,L1024_N1000_T10000,1024,1000,10000,22,mean_r2,59.3232526882,8928.0,1.2754583780112176
2d,2,saw,L1024_N1000_T10000,1024,1000,10000,23,mean_r2,62.8459798711,8843.0,1.2631150526785062
2d,2,saw,L1024_N1000_T10000,1024,1000,10000,24,mean_r2,66.4069660862,8728.0,1.268334150349223
2d,2,saw,L1024_N1000_T10000,1024,1000,10000,25,mean_r2,69.7181386735,8639.0,1.2728558471182496
2d,2,saw,L1024_N1000_T10000,1024,1000,10000,26,mean_r2,73.3641061781,8514.0,1.2736389884093344
2d,2,saw,L1024_N1000_T10000,1024,1000,10000,27,mean_r2,77.1014285714,8400.0,1.2707585846276235
2d,2,saw,L1024_N1000_T10000,1024,1000,10000,28,mean_r2,80.5304054054,8288.0,1.2765090678664264
2d,2,saw,L1024_N1000_T10000,1024,1000,10000,29,mean_r2,84.282866577,8177.0,1.277922167591949
2d,2,saw,L1024_N1000_T10000,1024,1000,10000,30,mean_r2,88.0558728582,8054.0,1.2841617939458159
2d,2,saw,L1024_N1000_T10000,1024,1000,10000,31,mean_r2,91.7408152994,7948.0,1.2883598410559627
2d,2,saw,L1024_N1000_T10000,1024,1000,10000,32,mean_r2,95.5019118022,7846.0,1.2889508437418706
2d,2,saw,L1024_N1000_T10000,1024,1000,10000,33,mean_r2,99.6360232408,7745.0,1.3113107456944875
2d,2,saw,L1024_N1000_T10000,1024,1000,10000,34,mean_r2,103.6386995281,7628.0,1.3004972604827028
2d,2,saw,L1024_N1000_T10000,1024,1000,10000,35,mean_r2,107.3984031936,7515.0,1.2947337178348977
2d,2,saw,L1024_N1000_T10000,1024,1000,10000,36,mean_r2,111.5748818366,7405.0,1.3073881930075106
2d,2,saw,L1024_N1000_T10000,1024,1000,10000,37,mean_r2,115.7283680175,7304.0,1.3047633309301867
2d,2,saw,L1024_N1000_T10000,1024,1000,10000,38,mean_r2,120.191350299,7191.0,1.2872613319898636
2d,2,saw,L1024_N1000_T10000,1024,1000,10000,39,mean_r2,123.8995904533,7081.0,1.2937566073270574
2d,2,saw,L1024_N1000_T10000,1024,1000,10000,40,mean_r2,127.7970183486,6976.0,1.302904297575803
2d,2,saw,L1024_N1000_T10000,1024,1000,10000,41,mean_r2,132.223453909,6856.0,1.2948291656386268
2d,2,saw,L1024_N1000_T10000,1024,1000,10000,42,mean_r2,136.1769858946,6735.0,1.2853733102009905
2d,2,saw,L1024_N1000_T10000,1024,1000,10000,43,mean_r2,140.0854044284,6639.0,1.2693564109168758
2d,2,saw,L1024_N1000_T10000,1024,1000,10000,44,mean_r2,144.6734192756,6516.0,1.2860885911776372
2d,2,saw,L1024_N1000_T10000,1024,1000,10000,45,mean_r2,149.0056109726,6416.0,1.2852035502144799
2d,2,saw,L1024_N1000_T10000,1024,1000,10000,46,mean_r2,153.2526182164,6302.0,1.2774588992035245
2d,2,saw,L1024_N1000_T10000,1024,1000,10000,47,mean_r2,157.3929032258,6200.0,1.2986125786351113
2d,2,saw,L1024_N1000_T10000,1024,1000,10000,48,mean_r2,161.681050041,6095.0,1.3203806499402944
2d,2,saw,L1024_N1000_T10000,1024,1000,10000,49,mean_r2,166.173484722,5989.0,1.3185358940592928
2d,2,saw,L1024_N1000_T10000,1024,1000,10000,50,mean_r2,170.2432157395,5896.0,1.3203955212698113
2d,2,saw,L1024_N1000_T10000,1024,1000,10000,51,mean_r2,174.7407215605,5793.0,1.3144653146037784
2d,2,saw,L1024_N1000_T10000,1024,1000,10000,52,mean_r2,179.7029876977,5690.0,1.316230885005312
2d,2,saw,L1024_N1000_T10000,1024,1000,10000,53,mean_r2,184.626161544,5596.0,1.325944218310072
2d,2,saw,L1024_N1000_T10000,1024,1000,10000,54,mean_r2,189.5224913495,5491.0,1.3213996172045088
2d,2,saw,L1024_N1000_T10000,1024,1000,10000,55,mean_r2,194.2116706932,5381.0,1.3423073403632095
2d,2,saw,L1024_N1000_T10000,1024,1000,10000,56,mean_r2,198.4736842105,5282.0,1.350039372155905
2d,2,saw,L1024_N1000_T10000,1024,1000,10000,57,mean_r2,202.8873726696,5203.0,1.343002731103812
2d,2,saw,L1024_N1000_T10000,1024,1000,10000,58,mean_r2,207.7945607513,5111.0,1.3533101902296303
2d,2,saw,L1024_N1000_T10000,1024,1000,10000,59,mean_r2,212.3931199046,5029.0,1.3512331226808967
2d,2,saw,L1024_N1000_T10000,1024,1000,10000,60,mean_r2,217.4479821537,4931.0,1.3447427499391156
2d,2,saw,L1024_N1000_T10000,1024,1000,10000,61,mean_r2,222.5218827415,4844.0,1.369106482622879
2d,2,saw,L1024_N1000_T10000,1024,1000,10000,62,mean_r2,227.5857442348,4770.0,1.36504419989489
2d,2,saw,L1024_N1000_T10000,1024,1000,10000,63,mean_r2,233.2808219178,4672.0,1.3374824256649351
2d,2,saw,L1024_N1000_T10000,1024,1000,10000,64,mean_r2,238.4312267658,4573.0,1.3253552031193958
2d,2,saw,L1024_N1000_T10000,1024,1000,10000,65,mean_r2,243.129304599,4501.0,1.3211629446721518
2d,2,saw,L1024_N1000_T10000,1024,1000,10000,66,mean_r2,248.5402714932,4420.0,1.3224911126259862
2d,2,saw,L1024_N1000_T10000,1024,1000,10000,67,mean_r2,252.9770062083,4349.0,1.3197087543869013
2d,2,saw,L1024_N1000_T10000,1024,1000,10000,68,mean_r2,257.0565594931,4261.0,1.2928031719846813
2d,2,saw,L1024_N1000_T10000,1024,1000,10000,69,mean_r2,261.3730026234,4193.0,1.2864673865130034
2d,2,saw,L1024_N1000_T10000,1024,1000,10000,70,mean_r2,266.5649224806,4128.0,1.3227564875183428
2d,2,saw,L1024_N1000_T10000,1024,1000,10000,71,mean_r2,271.9960513327,4052.0,1.3224238738958172
2d,2,saw,L1024_N1000_T10000,1024,1000,10000,72,mean_r2,277.2349671551,3958.0,1.3492335449602437
2d,2,saw,L1024_N1000_T10000,1024,1000,10000,73,mean_r2,282.2250580046,3879.0,1.3882077793689611
2d,2,saw,L1024_N1000_T10000,1024,1000,10000,74,mean_r2,287.3936366027,3803.0,1.4078165853597224
2d,2,saw,L1024_N1000_T10000,1024,1000,10000,75,mean_r2,293.7946308725,3725.0,1.3889871159064633
2d,2,saw,L1024_N1000_T10000,1024,1000,10000,76,mean_r2,299.5168262654,3655.0,1.3765161860102053
2d,2,saw,L1024_N1000_T10000,1024,1000,10000,77,mean_r2,305.2082283795,3573.0,1.3779507698848446
2d,2,saw,L1024_N1000_T10000,1024,1000,10000,78,mean_r2,310.9897025172,3496.0,1.372887932473023
2d,2,saw,L1024_N1000_T10000,1024,1000,10000,79,mean_r2,316.2345895413,3423.0,1.3641474199709067
2d,2,saw,L1024_N1000_T10000,1024,1000,10000,80,mean_r2,320.8876973488,3357.0,1.3434637279005077
2d,2,saw,L1024_N1000_T10000,1024,1000,10000,81,mean_r2,326.0889159562,3284.0,1.3342815641584411
2d,2,saw,L1024_N1000_T10000,1024,1000,10000,82,mean_r2,331.6473520249,3210.0,1.2973676602994249
2d,2,saw,L1024_N1000_T10000,1024,1000,10000,83,mean_r2,336.6210392902,3156.0,1.2700746953653144
2d,2,saw,L1024_N1000_T10000,1024,1000,10000,84,mean_r2,341.6411251212,3093.0,1.3206830850363445
2d,2,saw,L1024_N1000_T10000,1024,1000,10000,85,mean_r2,347.5933046072,3017.0,1.3144437207109037
2d,2,saw,L1024_N1000_T10000,1024,1000,10000,86,mean_r2,353.2254139912,2959.0,1.3461257486131042
2d,2,saw,L1024_N1000_T10000,1024,1000,10000,87,mean_r2,357.5968911917,2895.0,1.3256070819561068
2d,2,saw,L1024_N1000_T10000,1024,1000,10000,88,mean_r2,362.4789325843,2848.0,1.3507781203957803
2d,2,saw,L1024_N1000_T10000,1024,1000,10000,89,mean_r2,370.1449067432,2788.0,1.3418300019354807
2d,2,saw,L1024_N1000_T10000,1024,1000,10000,90,mean_r2,374.6193265007,2732.0,1.3197072682962516
2d,2,saw,L1024_N1000_T10000,1024,1000,10000,91,mean_r2,381.4092953523,2668.0,1.3339588659999817
2d,2,saw,L1024_N1000_T10000,1024,1000,10000,92,mean_r2,386.2979373568,2618.0,1.3902828433107006
2d,2,saw,L1024_N1000_T10000,1024,1000,10000,93,mean_r2,392.53307393,2570.0,1.4105422799276395
2d,2,saw,L1024_N1000_T10000,1024,1000,10000,94,mean_r2,397.2982178218,2525.0,1.40895039095371
2d,2,saw,L1024_N1000_T10000,1024,1000,10000,95,mean_r2,402.5496368039,2478.0,1.4556945596897999
2d,2,saw,L1024_N1000_T10000,1024,1000,10000,96,mean_r2,409.0523279769,2427.0,1.4943695914585458
2d,2,saw,L1024_N1000_T10000,1024,1000,10000,97,mean_r2,415.9949409781,2372.0,1.5482779844207037
2d,2,saw,L1024_N1000_T10000,1024,1000,10000,98,mean_r2,421.9065981148,2334.0,1.5150262714625966
2d,2,saw,L1024_N1000_T10000,1024,1000,10000,99,mean_r2,430.0599038041,2287.0,1.5967623537839783
2d,2,saw,L1024_N1000_T10000,1024,1000,10000,100,mean_r2,436.71600535,2243.0,1.6229499810744632
2d,2,saw,L1024_N1000_T10000,1024,1000,10000,101,mean_r2,445.7140255009,2196.0,1.5918069128686259
2d,2,saw,L1024_N1000_T10000,1024,1000,10000,102,mean_r2,453.2150837989,2148.0,1.5782698174874554
2d,2,saw,L1024_N1000_T10000,1024,1000,10000,103,mean_r2,458.220113852,2108.0,1.617512939239182
2d,2,saw,L1024_N1000_T10000,1024,1000,10000,104,mean_r2,466.8993223621,2066.0,1.5701812994464455
2d,2,saw,L1024_N1000_T10000,1024,1000,10000,105,mean_r2,473.5459057072,2015.0,1.5809162338942353
2d,2,saw,L1024_N1000_T10000,1024,1000,10000,106,mean_r2,478.9406438632,1988.0,1.5538418302383754
2d,2,saw,L1024_N1000_T10000,1024,1000,10000,107,mean_r2,485.6700819672,1952.0,1.560007834537564
2d,2,saw,L1024_N1000_T10000,1024,1000,10000,108,mean_r2,493.7096436059,1908.0,1.565238981034678
2d,2,saw,L1024_N1000_T10000,1024,1000,10000,109,mean_r2,500.2059765208,1874.0,1.4747534107932279
2d,2,saw,L1024_N1000_T10000,1024,1000,10000,110,mean_r2,507.7354382145,1837.0,1.4914095384730301
2d,2,saw,L1024_N1000_T10000,1024,1000,10000,111,mean_r2,516.1385642738,1797.0,1.5102653000218773
2d,2,saw,L1024_N1000_T10000,1024,1000,10000,112,mean_r2,524.4070494599,1759.0,1.4990864318821444
2d,2,saw,L1024_N1000_T10000,1024,1000,10000,113,mean_r2,529.738177624,1734.0,1.493278554079412
2d,2,saw,L1024_N1000_T10000,1024,1000,10000,114,mean_r2,534.5937683715,1701.0,1.488954121461494
2d,2,saw,L1024_N1000_T10000,1024,1000,10000,115,mean_r2,542.3573141487,1668.0,1.447749162190963
2d,2,saw,L1024_N1000_T10000,1024,1000,10000,116,mean_r2,548.7970749543,1641.0,1.435659238615437
2d,2,saw,L1024_N1000_T10000,1024,1000,10000,117,mean_r2,555.2761609907,1615.0,1.4712441240404779
2d,2,saw,L1024_N1000_T10000,1024,1000,10000,118,mean_r2,563.5085281112,1583.0,1.5146921193166956
2d,2,saw,L1024_N1000_T10000,1024,1000,10000,119,mean_r2,570.0441558442,1540.0,1.557373643730375
2d,2,saw,L1024_N1000_T10000,1024,1000,10000,120,mean_r2,575.898349835,1515.0,1.5473473552429486
2d,2,saw,L1024_N1000_T10000,1024,1000,10000,121,mean_r2,584.1838383838,1485.0,1.5229680191078447
2d,2,saw,L1024_N1000_T10000,1024,1000,10000,122,mean_r2,594.7208821502,1451.0,1.4504365470307006
2d,2,saw,L1024_N1000_T10000,1024,1000,10000,123,mean_r2,602.3408769448,1414.0,1.3940274399823056
2d,2,saw,L1024_N1000_T10000,1024,1000,10000,124,mean_r2,609.3884892086,1390.0,1.3587904307792789
2d,2,saw,L1024_N1000_T10000,1024,1000,10000,125,mean_r2,617.0470934511,1359.0,1.4100596625956854
2d,2,saw,L1024_N1000_T10000,1024,1000,10000,126,mean_r2,622.4514200299,1338.0,1.365734125591143
2d,2,saw,L1024_N1000_T10000,1024,1000,10000,127,mean_r2,625.4181398924,1301.0,1.3418181832783276
2d,2,saw,L1024_N1000_T10000,1024,1000,10000,128,mean_r2,631.1733333333,1275.0,1.386227013771441
2d,2,saw,L1024_N1000_T10000,1024,1000,10000,129,mean_r2,636.0983213429,1251.0,1.4040884176878197
2d,2,saw,L1024_N1000_T10000,1024,1000,10000,130,mean_r2,644.7071369975,1219.0,1.4111740631574645
2d,2,saw,L1024_N1000_T10000,1024,1000,10000,131,mean_r2,651.1006711409,1192.0,1.4648470499357011
2d,2,saw,L1024_N1000_T10000,1024,1000,10000,132,mean_r2,661.0317052271,1167.0,1.5784543721192572
2d,2,saw,L1024_N1000_T10000,1024,1000,10000,133,mean_r2,671.2741652021,1138.0,1.6516886986101202
2d,2,saw,L1024_N1000_T10000,1024,1000,10000,134,mean_r2,679.4982078853,1116.0,1.712377520194142
2d,2,saw,L1024_N1000_T10000,1024,1000,10000,135,mean_r2,687.8362305581,1093.0,1.7064040870750257
2d,2,saw,L1024_N1000_T10000,1024,1000,10000,136,mean_r2,696.1327102804,1070.0,1.692409556761384
2d,2,saw,L1024_N1000_T10000,1024,1000,10000,137,mean_r2,704.9011406844,1052.0,1.590711137426741
2d,2,saw,L1024_N1000_T10000,1024,1000,10000,138,mean_r2,714.6737864078,1030.0,1.5317191070765521
2d,2,saw,L1024_N1000_T10000,1024,1000,10000,139,mean_r2,722.8500986193,1014.0,1.5263044483473167
2d,2,saw,L1024_N1000_T10000,1024,1000,10000,140,mean_r2,731.6149193548,992.0,1.4833437892964492
2d,2,saw,L1024_N1000_T10000,1024,1000,10000,141,mean_r2,737.4234326824,973.0,1.3842786499837376
2d,2,saw,L1024_N1000_T10000,1024,1000,10000,142,mean_r2,742.4560669456,956.0,1.3508764108150753
2d,2,saw,L1024_N1000_T10000,1024,1000,10000,143,mean_r2,750.1103965702,933.0,1.3808687028111715
2d,2,saw,L1024_N1000_T10000,1024,1000,10000,144,mean_r2,758.3978142077,915.0,1.3527901851890005
2d,2,saw,L1024_N1000_T10000,1024,1000,10000,145,mean_r2,764.75,896.0,1.3212010356623614
2d,2,saw,L1024_N1000_T10000,1024,1000,10000,146,mean_r2,767.9750849377,883.0,1.388505864728392
2d,2,saw,L1024_N1000_T10000,1024,1000,10000,147,mean_r2,775.2837209302,860.0,1.4620455449651508
2d,2,saw,L1024_N1000_T10000,1024,1000,10000,148,mean_r2,787.1586538462,832.0,1.467402750135443
2d,2,saw,L1024_N1000_T10000,1024,1000,10000,149,mean_r2,794.0793650794,819.0,1.457057602147659
2d,2,saw,L1024_N1000_T10000,1024,1000,10000,150,mean_r2,801.4381188119,808.0,1.4918616075177353
2d,2,saw,L1024_N1000_T10000,1024,1000,10000,151,mean_r2,811.0280254777,785.0,1.6126549351805122
2d,2,saw,L1024_N1000_T10000,1024,1000,10000,152,mean_r2,820.128440367,763.0,1.5487702967466241
2d,2,saw,L1024_N1000_T10000,1024,1000,10000,153,mean_r2,828.3261455526,742.0,1.4448127717095605
2d,2,saw,L1024_N1000_T10000,1024,1000,10000,154,mean_r2,836.3388888889,720.0,1.3434364971264663
2d,2,saw,L1024_N1000_T10000,1024,1000,10000,155,mean_r2,844.7521613833,694.0,1.352020461291096
2d,2,saw,L1024_N1000_T10000,1024,1000,10000,156,mean_r2,854.5668135095,681.0,1.2951782735106003
2d,2,saw,L1024_N1000_T10000,1024,1000,10000,157,mean_r2,858.4759036145,664.0,1.3783022656137163
2d,2,saw,L1024_N1000_T10000,1024,1000,10000,158,mean_r2,865.14374034,647.0,1.43540793239923
2d,2,saw,L1024_N1000_T10000,1024,1000,10000,159,mean_r2,866.4896988906,631.0,1.3091025156263583
2d,2,saw,L1024_N1000_T10000,1024,1000,10000,160,mean_r2,874.5112540193,622.0,1.3249290795785362
2d,2,saw,L1024_N1000_T10000,1024,1000,10000,161,mean_r2,881.262295082,610.0,1.2783889037902643
2d,2,saw,L1024_N1000_T10000,1024,1000,10000,162,mean_r2,895.409015025,599.0,1.271974362497118
2d,2,saw,L1024_N1000_T10000,1024,1000,10000,163,mean_r2,907.1301369863,584.0,1.3358947810460955
2d,2,saw,L1024_N1000_T10000,1024,1000,10000,164,mean_r2,908.1363636364,572.0,1.5281354275867396
2d,2,saw,L1024_N1000_T10000,1024,1000,10000,165,mean_r2,917.7071428571,560.0,1.3882165272720794
2d,2,saw,L1024_N1000_T10000,1024,1000,10000,166,mean_r2,925.2123411978,551.0,1.3480883238487107
2d,2,saw,L1024_N1000_T10000,1024,1000,10000,167,mean_r2,928.6208178439,538.0,1.2774191897305147
2d,2,saw,L1024_N1000_T10000,1024,1000,10000,168,mean_r2,939.0588235294,527.0,1.2101545198243242
2d,2,saw,L1024_N1000_T10000,1024,1000,10000,169,mean_r2,951.1369863014,511.0,1.3617289456401502
2d,2,saw,L1024_N1000_T10000,1024,1000,10000,170,mean_r2,951.296,500.0,1.147015872014291
2d,2,saw,L1024_N1000_T10000,1024,1000,10000,171,mean_r2,955.8395061728,486.0,1.2263550372887708
2d,2,saw,L1024_N1000_T10000,1024,1000,10000,172,mean_r2,966.6105263158,475.0,1.3001286616803616
2d,2,saw,L1024_N1000_T10000,1024,1000,10000,173,mean_r2,974.9051724138,464.0,1.3601309062087052
2d,2,saw,L1024_N1000_T10000,1024,1000,10000,174,mean_r2,984.3620309051,453.0,1.1650202783393857
2d,2,saw,L1024_N1000_T10000,1024,1000,10000,175,mean_r2,981.7820224719,445.0,1.2393975042195216
2d,2,saw,L1024_N1000_T10000,1024,1000,10000,176,mean_r2,994.0230414747,434.0,1.1264995923308398
2d,2,saw,L1024_N1000_T10000,1024,1000,10000,177,mean_r2,1001.5566037736,424.0,0.9498463830675622
2d,2,saw,L1024_N1000_T10000,1024,1000,10000,178,mean_r2,1015.8899521531,418.0,0.9816946369157877
2d,2,saw,L1024_N1000_T10000,1024,1000,10000,179,mean_r2,1017.0196560197,407.0,0.9460598442667355
2d,2,saw,L1024_N1000_T10000,1024,1000,10000,180,mean_r2,1021.1321695761,401.0,1.0109303248868287
2d,2,saw,L1024_N1000_T10000,1024,1000,10000,181,mean_r2,1019.0365535248,383.0,0.7918463253486624
2d,2,saw,L1024_N1000_T10000,1024,1000,10000,182,mean_r2,1019.9139784946,372.0,0.6165375156751649
2d,2,saw,L1024_N1000_T10000,1024,1000,10000,183,mean_r2,1030.1978021978,364.0,0.562194454698179
2d,2,saw,L1024_N1000_T10000,1024,1000,10000,184,mean_r2,1037.8016997167,353.0,0.7366874340902331
2d,2,saw,L1024_N1000_T10000,1024,1000,10000,185,mean_r2,1038.5144508671,346.0,0.9006897733648277
2d,2,saw,L1024_N1000_T10000,1024,1000,10000,186,mean_r2,1038.4868035191,341.0,1.0394116801639932
2d,2,saw,L1024_N1000_T10000,1024,1000,10000,187,mean_r2,1036.0750750751,333.0,1.1807604805763054
2d,2,saw,L1024_N1000_T10000,1024,1000,10000,188,mean_r2,1047.5914634146,328.0,0.8539814244539352
2d,2,saw,L1024_N1000_T10000,1024,1000,10000,189,mean_r2,1058.575,320.0,0.894723349369219
2d,2,saw,L1024_N1000_T10000,1024,1000,10000,190,mean_r2,1072.0897435897,312.0,1.093766135680869
2d,2,saw,L1024_N1000_T10000,1024,1000,10000,191,mean_r2,1077.6184210526,304.0,1.2885026151728265
2d,2,saw,L1024_N1000_T10000,1024,1000,10000,192,mean_r2,1086.4066666667,300.0,1.4776057317094937
2d,2,saw,L1024_N1000_T10000,1024,1000,10000,193,mean_r2,1078.0847457627,295.0,1.3713691182967414
2d,2,saw,L1024_N1000_T10000,1024,1000,10000,194,mean_r2,1088.124567474,289.0,1.3490195541883834
2d,2,saw,L1024_N1000_T10000,1024,1000,10000,195,mean_r2,1100.0671378092,283.0,1.0912167816447211
2d,2,saw,L1024_N1000_T10000,1024,1000,10000,196,mean_r2,1110.9782608696,276.0,1.1107113368312285
2d,2,saw,L1024_N1000_T10000,1024,1000,10000,197,mean_r2,1118.9778597786,271.0,1.044201360707962
2d,2,saw,L1024_N1000_T10000,1024,1000,10000,198,mean_r2,1124.7547169811,265.0,1.1802410924753066
2d,2,saw,L1024_N1000_T10000,1024,1000,10000,199,mean_r2,1134.8223938224,259.0,1.2115802339393569
2d,2,saw,L1024_N1000_T10000,1024,1000,10000,200,mean_r2,1133.808,250.0,1.2233805227832022
2d,2,saw,L1024_N1000_T10000,1024,1000,10000,201,mean_r2,1140.4634146341,246.0,1.2733836855009117
2d,2,saw,L1024_N1000_T10000,1024,1000,10000,202,mean_r2,1145.5583333333,240.0,1.3721818325736175
2d,2,saw,L1024_N1000_T10000,1024,1000,10000,203,mean_r2,1144.3157894737,228.0,1.3763738495511608
2d,2,saw,L1024_N1000_T10000,1024,1000,10000,204,mean_r2,1156.4464285714,224.0,1.3828151270178348
2d,2,saw,L1024_N1000_T10000,1024,1000,10000,205,mean_r2,1169.4727272727,220.0,1.4153724840957669
2d,2,saw,L1024_N1000_T10000,1024,1000,10000,206,mean_r2,1183.6542056075,214.0,1.3155523373163016
2d,2,saw,L1024_N1000_T10000,1024,1000,10000,207,mean_r2,1197.6476190476,210.0,1.4727893091559594
2d,2,saw,L1024_N1000_T10000,1024,1000,10000,208,mean_r2,1203.6761904762,210.0,1.8165284608305938
2d,2,saw,L1024_N1000_T10000,1024,1000,10000,209,mean_r2,1214.4299516908,207.0,1.7024921267531767
2d,2,saw,L1024_N1000_T10000,1024,1000,10000,210,mean_r2,1214.8712871287,202.0,1.6631314335663103
2d,2,saw,L1024_N1000_T10000,1024,1000,10000,211,mean_r2,1215.6865671642,201.0,1.4047071528248436
2d,2,saw,L1024_N1000_T10000,1024,1000,10000,212,mean_r2,1230.0505050505,198.0,1.2623476725369007
2d,2,saw,L1024_N1000_T10000,1024,1000,10000,213,mean_r2,1248.7671957672,189.0,1.3112938788115795
2d,2,saw,L1024_N1000_T10000,1024,1000,10000,214,mean_r2,1254.6120218579,183.0,0.7500055885389398
2d,2,saw,L1024_N1000_T10000,1024,1000,10000,215,mean_r2,1265.8764044944,178.0,0.5347292069057812
2d,2,saw,L1024_N1000_T10000,1024,1000,10000,216,mean_r2,1265.1525423729,177.0,0.6884708905282715
2d,2,saw,L1024_N1000_T10000,1024,1000,10000,217,mean_r2,1271.1411764706,170.0,0.7407201203408111
2d,2,saw,L1024_N1000_T10000,1024,1000,10000,218,mean_r2,1280.1212121212,165.0,0.33114554197409773
2d,2,saw,L1024_N1000_T10000,1024,1000,10000,219,mean_r2,1257.7547169811,159.0,0.1887856619204347
2d,2,saw,L1024_N1000_T10000,1024,1000,10000,220,mean_r2,1245.4709677419,155.0,0.3156239818367773
2d,2,saw,L1024_N1000_T10000,1024,1000,10000,221,mean_r2,1255.0662251656,151.0,0.17922179818125486
2d,2,saw,L1024_N1000_T10000,1024,1000,10000,222,mean_r2,1272.7702702703,148.0,0.33433389434619915
2d,2,saw,L1024_N1000_T10000,1024,1000,10000,223,mean_r2,1267.8843537415,147.0,0.48504536633543877
2d,2,saw,L1024_N1000_T10000,1024,1000,10000,224,mean_r2,1265.475862069,145.0,1.129776054827485
2d,2,saw,L1024_N1000_T10000,1024,1000,10000,225,mean_r2,1284.1714285714,140.0,1.3552138566192626
2d,2,saw,L1024_N1000_T10000,1024,1000,10000,226,mean_r2,1275.4558823529,136.0,1.2706962793414578
2d,2,saw,L1024_N1000_T10000,1024,1000,10000,227,mean_r2,1290.4328358209,134.0,1.3589659615298992
2d,2,saw,L1024_N1000_T10000,1024,1000,10000,228,mean_r2,1308.2748091603,131.0,1.2581882944490568
2d,2,saw,L1024_N1000_T10000,1024,1000,10000,229,mean_r2,1322.8294573643,129.0,1.684672901101168
2d,2,saw,L1024_N1000_T10000,1024,1000,10000,230,mean_r2,1322.8062015504,129.0,1.4784067844621336
2d,2,saw,L1024_N1000_T10000,1024,1000,10000,231,mean_r2,1327.6666666667,126.0,1.8523922273352058
2d,2,saw,L1024_N1000_T10000,1024,1000,10000,232,mean_r2,1351.3064516129,124.0,1.9258581951765248
2d,2,saw,L1024_N1000_T10000,1024,1000,10000,233,mean_r2,1339.8292682927,123.0,1.9123956554280401
2d,2,saw,L1024_N1000_T10000,1024,1000,10000,234,mean_r2,1362.0983606557,122.0,1.836504434348799
2d,2,saw,L1024_N1000_T10000,1024,1000,10000,235,mean_r2,1369.4406779661,118.0,2.458141314265305
2d,2,saw,L1024_N1000_T10000,1024,1000,10000,236,mean_r2,1381.9649122807,114.0,2.508819340337255
2d,2,saw,L1024_N1000_T10000,1024,1000,10000,237,mean_r2,1402.1428571429,112.0,2.255651641529066
2d,2,saw,L1024_N1000_T10000,1024,1000,10000,238,mean_r2,1420.2018348624,109.0,2.455128088080399
2d,2,saw,L1024_N1000_T10000,1024,1000,10000,239,mean_r2,1430.8490566038,106.0,1.9734623613344509
2d,2,saw,L1024_N1000_T10000,1024,1000,10000,240,mean_r2,1468.6930693069,101.0,2.1916552326635075
2d,2,saw,L1024_N1000_T10000,1024,1000,10000,241,mean_r2,1476.603960396,101.0,2.1388081889663666
2d,2,saw,L1024_N1000_T10000,1024,1000,10000,242,mean_r2,1486.2574257426,101.0,1.8502201563145828
2d,2,saw,L1024_N1000_T10000,1024,1000,10000,243,mean_r2,1485.4444444444,99.0,1.1642299933576679
2d,2,saw,L1024_N1000_T10000,1024,1000,10000,244,mean_r2,1479.3608247423,97.0,1.0277814669494465
2d,2,saw,L1024_N1000_T10000,1024,1000,10000,245,mean_r2,1500.4042553191,94.0,0.5523609258519862
2d,2,saw,L1024_N1000_T10000,1024,1000,10000,246,mean_r2,1510.2365591398,93.0,0.48295659657890166
2d,2,saw,L1024_N1000_T10000,1024,1000,10000,247,mean_r2,1513.5652173913,92.0,0.6764529641581389
2d,2,saw,L1024_N1000_T10000,1024,1000,10000,248,mean_r2,1489.9111111111,90.0,0.8575438460449468
2d,2,saw,L1024_N1000_T10000,1024,1000,10000,249,mean_r2,1492.4157303371,89.0,1.4632577889475127
2d,2,saw,L1024_N1000_T10000,1024,1000,10000,250,mean_r2,1502.1860465116,86.0,1.5043434961092226
2d,2,saw,L1024_N1000_T10000,1024,1000,10000,251,mean_r2,1505.8837209302,86.0,1.13204165717735
2d,2,saw,L1024_N1000_T10000,1024,1000,10000,252,mean_r2,1527.5294117647,85.0,1.0646945112805317
2d,2,saw,L1024_N1000_T10000,1024,1000,10000,253,mean_r2,1537.7142857143,84.0,1.3898008260960342
2d,2,saw,L1024_N1000_T10000,1024,1000,10000,254,mean_r2,1568.9135802469,81.0,1.5007037756775392
2d,2,saw,L1024_N1000_T10000,1024,1000,10000,255,mean_r2,1593.4736842105,76.0,1.8362601925623674
2d,2,saw,L1024_N1000_T10000,1024,1000,10000,256,mean_r2,1579.9189189189,74.0,1.8057347084489959
2d,2,saw,L1024_N1000_T10000,1024,1000,10000,257,mean_r2,1578.8918918919,74.0,1.8777913668357016
2d,2,saw,L1024_N1000_T10000,1024,1000,10000,258,mean_r2,1574.0571428571,70.0,1.9470811213225918
2d,2,saw,L1024_N1000_T10000,1024,1000,10000,259,mean_r2,1583.2608695652,69.0,1.095735524683865
2d,2,saw,L1024_N1000_T10000,1024,1000,10000,260,mean_r2,1614.3636363636,66.0,0.780647911200197
2d,2,saw,L1024_N1000_T10000,1024,1000,10000,261,mean_r2,1615.9538461538,65.0,0.994343080718201
2d,2,saw,L1024_N1000_T10000,1024,1000,10000,262,mean_r2,1643.3333333333,63.0,1.1328451219592373
2d,2,saw,L1024_N1000_T10000,1024,1000,10000,263,mean_r2,1658.2698412698,63.0,1.2506144269769117
2d,2,saw,L1024_N1000_T10000,1024,1000,10000,264,mean_r2,1636.7213114754,61.0,1.8279587722883168
2d,2,saw,L1024_N1000_T10000,1024,1000,10000,265,mean_r2,1642.0491803279,61.0,0.9202789898094008
2d,2,saw,L1024_N1000_T10000,1024,1000,10000,266,mean_r2,1641.2786885246,61.0,0.9920072175957413
2d,2,saw,L1024_N1000_T10000,1024,1000,10000,267,mean_r2,1648.6666666667,60.0,0.6929342437654132
2d,2,saw,L1024_N1000_T10000,1024,1000,10000,268,mean_r2,1650.724137931,58.0,0.8817182962555165
2d,2,saw,L1024_N1000_T10000,1024,1000,10000,269,mean_r2,1696.7857142857,56.0,2.006654932652485
2d,2,saw,L1024_N1000_T10000,1024,1000,10000,270,mean_r2,1671.4181818182,55.0,2.0233555333512423
2d,2,saw,L1024_N1000_T10000,1024,1000,10000,271,mean_r2,1677.3636363636,55.0,2.190821327666188
2d,2,saw,L1024_N1000_T10000,1024,1000,10000,272,mean_r2,1686.5454545455,55.0,3.0304946976249423
2d,2,saw,L1024_N1000_T10000,1024,1000,10000,273,mean_r2,1713.7407407407,54.0,3.2682199960102896
2d,2,saw,L1024_N1000_T10000,1024,1000,10000,274,mean_r2,1763.5,52.0,3.222183596436029
2d,2,saw,L1024_N1000_T10000,1024,1000,10000,275,mean_r2,1769.8461538462,52.0,3.7551842012128214
2d,2,saw,L1024_N1000_T10000,1024,1000,10000,276,mean_r2,1779.4901960784,51.0,3.6006646215738836
2d,2,saw,L1024_N1000_T10000,1024,1000,10000,277,mean_r2,1843.0,48.0,4.3491510697242335
2d,2,saw,L1024_N1000_T10000,1024,1000,10000,278,mean_r2,1860.6808510638,47.0,3.521361882678055
2d,2,saw,L1024_N1000_T10000,1024,1000,10000,279,mean_r2,1908.5555555556,45.0,3.8035191027444717
2d,2,saw,L1024_N1000_T10000,1024,1000,10000,280,mean_r2,1916.0,45.0,4.029281126934529
2d,2,saw,L1024_N1000_T10000,1024,1000,10000,281,mean_r2,1911.1333333333,45.0,4.057523935655637
2d,2,saw,L1024_N1000_T10000,1024,1000,10000,282,mean_r2,1973.3023255814,43.0,3.839873039156237
2d,2,saw,L1024_N1000_T10000,1024,1000,10000,283,mean_r2,1945.1904761905,42.0,3.6995476390951967
2d,2,saw,L1024_N1000_T10000,1024,1000,10000,284,mean_r2,2021.1,40.0,3.034105667113187
2d,2,saw,L1024_N1000_T10000,1024,1000,10000,285,mean_r2,2043.8,40.0,2.975055396513278
2d,2,saw,L1024_N1000_T10000,1024,1000,10000,286,mean_r2,2055.95,40.0,2.827301982901502
2d,2,saw,L1024_N1000_T10000,1024,1000,10000,287,mean_r2,2111.8717948718,39.0,1.7462039808035097
2d,2,saw,L1024_N1000_T10000,1024,1000,10000,288,mean_r2,2120.5641025641,39.0,1.4006847179186968
2d,2,saw,L1024_N1000_T10000,1024,1000,10000,289,mean_r2,2123.7692307692,39.0,0.24710795484789647
2d,2,saw,L1024_N1000_T10000,1024,1000,10000,290,mean_r2,2126.8421052632,38.0,0.7581487557177332
2d,2,saw,L1024_N1000_T10000,1024,1000,10000,291,mean_r2,2109.7368421053,38.0,0.5294985389650764
2d,2,saw,L1024_N1000_T10000,1024,1000,10000,292,mean_r2,2097.1052631579,38.0,0.48907789008467845
2d,2,saw,L1024_N1000_T10000,1024,1000,10000,293,mean_r2,2042.1428571429,35.0,1.4838494004533676
2d,2,saw,L1024_N1000_T10000,1024,1000,10000,294,mean_r2,2038.4571428571,35.0,1.574254598596083
2d,2,saw,L1024_N1000_T10000,1024,1000,10000,295,mean_r2,2097.9411764706,34.0,1.9826867082085817
2d,2,saw,L1024_N1000_T10000,1024,1000,10000,296,mean_r2,2093.7058823529,34.0,1.7649251382610704
2d,2,saw,L1024_N1000_T10000,1024,1000,10000,297,mean_r2,2147.5454545455,33.0,1.7939558839715175
2d,2,saw,L1024_N1000_T10000,1024,1000,10000,298,mean_r2,2230.7333333333,30.0,2.60473229533798
2d,2,saw,L1024_N1000_T10000,1024,1000,10000,299,mean_r2,2240.6,30.0,2.0037578305416863
2d,2,saw,L1024_N1000_T10000,1024,1000,10000,300,mean_r2,2274.7142857143,28.0,-0.2071998054372776
2d,2,saw,L1024_N1000_T10000,1024,1000,10000,301,mean_r2,2239.3703703704,27.0,-1.7414572795027459
2d,2,saw,L1024_N1000_T10000,1024,1000,10000,302,mean_r2,2227.6923076923,26.0,-2.395248440100852
2d,2,saw,L1024_N1000_T10000,1024,1000,10000,303,mean_r2,2228.6923076923,26.0,-3.4174819550582023
2d,2,saw,L1024_N1000_T10000,1024,1000,10000,304,mean_r2,2179.76,25.0,-3.807290528717125
2d,2,saw,L1024_N1000_T10000,1024,1000,10000,305,mean_r2,2083.5,24.0,-4.578147556154256
2d,2,saw,L1024_N1000_T10000,1024,1000,10000,306,mean_r2,1976.0,23.0,-3.5340758226312325
2d,2,saw,L1024_N1000_T10000,1024,1000,10000,307,mean_r2,1983.7826086957,23.0,-3.478317670818979
2d,2,saw,L1024_N1000_T10000,1024,1000,10000,308,mean_r2,1992.7826086957,23.0,-3.8718117230512648
2d,2,saw,L1024_N1000_T10000,1024,1000,10000,309,mean_r2,1976.8260869565,23.0,-3.984982719387957
2d,2,saw,L1024_N1000_T10000,1024,1000,10000,310,mean_r2,1957.6363636364,22.0,-1.97325719357514
2d,2,saw,L1024_N1000_T10000,1024,1000,10000,311,mean_r2,1995.0952380952,21.0,-0.3126133200590115
2d,2,saw,L1024_N1000_T10000,1024,1000,10000,312,mean_r2,1989.0476190476,21.0,-0.2184358345923991
2d,2,saw,L1024_N1000_T10000,1024,1000,10000,313,mean_r2,1965.4,20.0,-0.25910316154559987
2d,2,saw,L1024_N1000_T10000,1024,1000,10000,314,mean_r2,1916.0,19.0,-0.2938399592504276
2d,2,saw,L1024_N1000_T10000,1024,1000,10000,315,mean_r2,1955.0,18.0,0.14747096523917863
2d,2,saw,L1024_N1000_T10000,1024,1000,10000,316,mean_r2,1956.2352941176,17.0,0.39198815492086625
2d,2,saw,L1024_N1000_T10000,1024,1000,10000,317,mean_r2,1969.9411764706,17.0,0.5854238505766977
2d,2,saw,L1024_N1000_T10000,1024,1000,10000,318,mean_r2,1976.3529411765,17.0,1.270193103396793
2d,2,saw,L1024_N1000_T10000,1024,1000,10000,319,mean_r2,1958.4117647059,17.0,2.3289006903647906
2d,2,saw,L1024_N1000_T10000,1024,1000,10000,320,mean_r2,1966.8235294118,17.0,1.279344440635162
2d,2,saw,L1024_N1000_T10000,1024,1000,10000,321,mean_r2,2020.0,16.0,1.3497116038768093
2d,2,saw,L1024_N1000_T10000,1024,1000,10000,322,mean_r2,2026.125,16.0,1.1882451522926416
2d,2,saw,L1024_N1000_T10000,1024,1000,10000,323,mean_r2,2045.5,16.0,0.20060573720018934
2d,2,saw,L1024_N1000_T10000,1024,1000,10000,324,mean_r2,2061.125,16.0,-2.2561895407243044
2d,2,saw,L1024_N1000_T10000,1024,1000,10000,325,mean_r2,2034.75,16.0,-0.7215238485974972
2d,2,saw,L1024_N1000_T10000,1024,1000,10000,326,mean_r2,2040.25,16.0,-1.6319046370121997
2d,2,saw,L1024_N1000_T10000,1024,1000,10000,327,mean_r2,2044.0,16.0,-1.6910713028255464
2d,2,saw,L1024_N1000_T10000,1024,1000,10000,328,mean_r2,1988.6666666667,15.0,-2.354541715778331
2d,2,saw,L1024_N1000_T10000,1024,1000,10000,329,mean_r2,1826.6666666667,12.0,-4.537793503243673
2d,2,saw,L1024_N1000_T10000,1024,1000,10000,330,mean_r2,1923.6363636364,11.0,-3.614009956502799
2d,2,saw,L1024_N1000_T10000,1024,1000,10000,331,mean_r2,1921.3636363636,11.0,-2.8288949313364453
2d,2,saw,L1024_N1000_T10000,1024,1000,10000,332,mean_r2,1924.0,10.0,-2.260627532394162
2d,2,saw,L1024_N1000_T10000,1024,1000,10000,333,mean_r2,1903.8,10.0,-1.0315964659671546
2d,2,saw,L1024_N1000_T10000,1024,1000,10000,334,mean_r2,1795.5555555556,9.0,
2d,2,saw,L1024_N1000_T10000,1024,1000,10000,335,mean_r2,1823.6666666667,9.0,
2d,2,saw,L1024_N1000_T10000,1024,1000,10000,336,mean_r2,1873.1111111111,9.0,
2d,2,saw,L1024_N1000_T10000,1024,1000,10000,337,mean_r2,1909.4444444444,9.0,
2d,2,saw,L1024_N1000_T10000,1024,1000,10000,338,mean_r2,1928.0,9.0,
2d,2,saw,L1024_N1000_T10000,1024,1000,10000,339,mean_r2,1934.3333333333,9.0,
2d,2,saw,L1024_N1000_T10000,1024,1000,10000,340,mean_r2,1952.4444444444,9.0,
2d,2,saw,L1024_N1000_T10000,1024,1000,10000,341,mean_r2,1973.0,9.0,
2d,2,saw,L1024_N1000_T10000,1024,1000,10000,342,mean_r2,1982.4444444444,9.0,
2d,2,saw,L1024_N1000_T10000,1024,1000,10000,343,mean_r2,1987.2222222222,9.0,
2d,2,saw,L1024_N1000_T10000,1024,1000,10000,344,mean_r2,1952.8888888889,9.0,
2d,2,saw,L1024_N1000_T10000,1024,1000,10000,345,mean_r2,1943.2222222222,9.0,
2d,2,saw,L1024_N1000_T10000,1024,1000,10000,346,mean_r2,1926.0,9.0,
2d,2,saw,L1024_N1000_T10000,1024,1000,10000,347,mean_r2,1976.5555555556,9.0,
2d,2,saw,L1024_N1000_T10000,1024,1000,10000,348,mean_r2,2183.0,8.0,
2d,2,saw,L1024_N1000_T10000,1024,1000,10000,349,mean_r2,2239.2857142857,7.0,
2d,2,saw,L1024_N1000_T10000,1024,1000,10000,350,mean_r2,2276.2857142857,7.0,
2d,2,saw,L1024_N1000_T10000,1024,1000,10000,351,mean_r2,2313.5714285714,7.0,
2d,2,saw,L1024_N1000_T10000,1024,1000,10000,352,mean_r2,2299.7142857143,7.0,
2d,2,saw,L1024_N1000_T10000,1024,1000,10000,353,mean_r2,2330.7142857143,7.0,
2d,2,saw,L1024_N1000_T10000,1024,1000,10000,354,mean_r2,2373.4285714286,7.0,
2d,2,saw,L1024_N1000_T10000,1024,1000,10000,355,mean_r2,2393.5714285714,7.0,
2d,2,saw,L1024_N1000_T10000,1024,1000,10000,356,mean_r2,2399.4285714286,7.0,
2d,2,saw,L1024_N1000_T10000,1024,1000,10000,357,mean_r2,2413.0,7.0,
2d,2,saw,L1024_N1000_T10000,1024,1000,10000,358,mean_r2,2391.7142857143,7.0,
2d,2,saw,L1024_N1000_T10000,1024,1000,10000,359,mean_r2,2361.0,7.0,
2d,2,saw,L1024_N1000_T10000,1024,1000,10000,360,mean_r2,2348.0,7.0,
2d,2,saw,L1024_N1000_T10000,1024,1000,10000,361,mean_r2,2561.6666666667,6.0,
2d,2,saw,L1024_N1000_T10000,1024,1000,10000,362,mean_r2,2538.0,6.0,
2d,2,saw,L1024_N1000_T10000,1024,1000,10000,363,mean_r2,2543.6666666667,6.0,
2d,2,saw,L1024_N1000_T10000,1024,1000,10000,364,mean_r2,2591.3333333333,6.0,
2d,2,saw,L1024_N1000_T10000,1024,1000,10000,365,mean_r2,2559.6666666667,6.0,
2d,2,saw,L1024_N1000_T10000,1024,1000,10000,366,mean_r2,2555.0,6.0,
2d,2,saw,L1024_N1000_T10000,1024,1000,10000,367,mean_r2,2565.6666666667,6.0,
2d,2,saw,L1024_N1000_T10000,1024,1000,10000,368,mean_r2,2891.2,5.0,
2d,2,saw,L1024_N1000_T10000,1024,1000,10000,369,mean_r2,2921.8,5.0,
2d,2,saw,L1024_N1000_T10000,1024,1000,10000,370,mean_r2,2937.6,5.0,
2d,2,saw,L1024_N1000_T10000,1024,1000,10000,371,mean_r2,2982.6,5.0,
2d,2,saw,L1024_N1000_T10000,1024,1000,10000,372,mean_r2,2865.5,4.0,
2d,2,saw,L1024_N1000_T10000,1024,1000,10000,373,mean_r2,2810.0,4.0,
2d,2,saw,L1024_N1000_T10000,1024,1000,10000,374,mean_r2,2748.0,4.0,
2d,2,saw,L1024_N1000_T10000,1024,1000,10000,375,mean_r2,2809.0,4.0,
2d,2,saw,L1024_N1000_T10000,1024,1000,10000,376,mean_r2,2849.0,4.0,
2d,2,saw,L1024_N1000_T10000,1024,1000,10000,377,mean_r2,3354.3333333333,3.0,
2d,2,saw,L1024_N1000_T10000,1024,1000,10000,378,mean_r2,3356.0,3.0,
2d,2,saw,L1024_N1000_T10000,1024,1000,10000,379,mean_r2,3370.3333333333,3.0,
2d,2,saw,L1024_N1000_T10000,1024,1000,10000,380,mean_r2,1630.0,2.0,
2d,2,saw,L1024_N1000_T10000,1024,1000,10000,381,mean_r2,3205.0,1.0,
2d,2,saw,L1024_N1000_T10000,1024,1000,10000,382,mean_r2,3172.0,1.0,
2d,2,saw,L1024_N1000_T10000,1024,1000,10000,383,mean_r2,3141.0,1.0,
2d,2,saw,L1024_N1000_T10000,1024,1000,10000,384,mean_r2,3034.0,1.0,
2d,2,saw,L1024_N1000_T10000,1024,1000,10000,385,mean_r2,2929.0,1.0,
2d,2,saw,L1024_N1000_T10000,1024,1000,10000,386,mean_r2,2900.0,1.0,
2d,2,saw,L1024_N1000_T10000,1024,1000,10000,387,mean_r2,3005.0,1.0,
2d,2,saw,L1024_N1000_T10000,1024,1000,10000,388,mean_r2,3112.0,1.0,
2d,2,saw,L1024_N1000_T10000,1024,1000,10000,389,mean_r2,3221.0,1.0,
2d,2,saw,L2048_N1000_T10000,2048,1000,10000,1,mean_r2,1.0,10000.0,
2d,2,saw,L2048_N1000_T10000,2048,1000,10000,2,mean_r2,2.6644,10000.0,
2d,2,saw,L2048_N1000_T10000,2048,1000,10000,3,mean_r2,4.576,10000.0,
2d,2,saw,L2048_N1000_T10000,2048,1000,10000,4,mean_r2,6.7818,10000.0,
2d,2,saw,L2048_N1000_T10000,2048,1000,10000,5,mean_r2,9.0228,10000.0,
2d,2,saw,L2048_N1000_T10000,2048,1000,10000,6,mean_r2,11.4408,10000.0,1.3357128133554161
2d,2,saw,L2048_N1000_T10000,2048,1000,10000,7,mean_r2,13.9428,10000.0,1.3013605662306695
2d,2,saw,L2048_N1000_T10000,2048,1000,10000,8,mean_r2,16.6309356842,9982.0,1.2910965980683038
2d,2,saw,L2048_N1000_T10000,2048,1000,10000,9,mean_r2,19.2667202249,9958.0,1.2745103610068718
2d,2,saw,L2048_N1000_T10000,2048,1000,10000,10,mean_r2,21.8949173054,9916.0,1.2730488037059913
2d,2,saw,L2048_N1000_T10000,2048,1000,10000,11,mean_r2,24.6037640393,9883.0,1.2675211292470336
2d,2,saw,L2048_N1000_T10000,2048,1000,10000,12,mean_r2,27.4318297526,9821.0,1.2623661478869845
2d,2,saw,L2048_N1000_T10000,2048,1000,10000,13,mean_r2,30.3867924528,9752.0,1.256932647225464
2d,2,saw,L2048_N1000_T10000,2048,1000,10000,14,mean_r2,33.4784496124,9675.0,1.2573038570299573
2d,2,saw,L2048_N1000_T10000,2048,1000,10000,15,mean_r2,36.5375963341,9602.0,1.2632502870539515
2d,2,saw,L2048_N1000_T10000,2048,1000,10000,16,mean_r2,39.6625618356,9501.0,1.2681657501499481
2d,2,saw,L2048_N1000_T10000,2048,1000,10000,17,mean_r2,42.7369874655,9414.0,1.2724827260694176
2d,2,saw,L2048_N1000_T10000,2048,1000,10000,18,mean_r2,46.0878436426,9312.0,1.273657808185885
2d,2,saw,L2048_N1000_T10000,2048,1000,10000,19,mean_r2,49.2965853659,9225.0,1.2706947527668
2d,2,saw,L2048_N1000_T10000,2048,1000,10000,20,mean_r2,52.5556652408,9117.0,1.2648518908454534
2d,2,saw,L2048_N1000_T10000,2048,1000,10000,21,mean_r2,55.8645418327,9036.0,1.2667707159830652
2d,2,saw,L2048_N1000_T10000,2048,1000,10000,22,mean_r2,59.3232526882,8928.0,1.2754583780112176
2d,2,saw,L2048_N1000_T10000,2048,1000,10000,23,mean_r2,62.8459798711,8843.0,1.2631150526785062
2d,2,saw,L2048_N1000_T10000,2048,1000,10000,24,mean_r2,66.4069660862,8728.0,1.268334150349223
2d,2,saw,L2048_N1000_T10000,2048,1000,10000,25,mean_r2,69.7181386735,8639.0,1.2728558471182496
2d,2,saw,L2048_N1000_T10000,2048,1000,10000,26,mean_r2,73.3641061781,8514.0,1.2736389884093344
2d,2,saw,L2048_N1000_T10000,2048,1000,10000,27,mean_r2,77.1014285714,8400.0,1.2707585846276235
2d,2,saw,L2048_N1000_T10000,2048,1000,10000,28,mean_r2,80.5304054054,8288.0,1.2765090678664264
2d,2,saw,L2048_N1000_T10000,2048,1000,10000,29,mean_r2,84.282866577,8177.0,1.277922167591949
2d,2,saw,L2048_N1000_T10000,2048,1000,10000,30,mean_r2,88.0558728582,8054.0,1.2841617939458159
2d,2,saw,L2048_N1000_T10000,2048,1000,10000,31,mean_r2,91.7408152994,7948.0,1.2883598410559627
2d,2,saw,L2048_N1000_T10000,2048,1000,10000,32,mean_r2,95.5019118022,7846.0,1.2889508437418706
2d,2,saw,L2048_N1000_T10000,2048,1000,10000,33,mean_r2,99.6360232408,7745.0,1.3113107456944875
2d,2,saw,L2048_N1000_T10000,2048,1000,10000,34,mean_r2,103.6386995281,7628.0,1.3004972604827028
2d,2,saw,L2048_N1000_T10000,2048,1000,10000,35,mean_r2,107.3984031936,7515.0,1.2947337178348977
2d,2,saw,L2048_N1000_T10000,2048,1000,10000,36,mean_r2,111.5748818366,7405.0,1.3073881930075106
2d,2,saw,L2048_N1000_T10000,2048,1000,10000,37,mean_r2,115.7283680175,7304.0,1.3047633309301867
2d,2,saw,L2048_N1000_T10000,2048,1000,10000,38,mean_r2,120.191350299,7191.0,1.2872613319898636
2d,2,saw,L2048_N1000_T10000,2048,1000,10000,39,mean_r2,123.8995904533,7081.0,1.2937566073270574
2d,2,saw,L2048_N1000_T10000,2048,1000,10000,40,mean_r2,127.7970183486,6976.0,1.302904297575803
2d,2,saw,L2048_N1000_T10000,2048,1000,10000,41,mean_r2,132.223453909,6856.0,1.2948291656386268
2d,2,saw,L2048_N1000_T10000,2048,1000,10000,42,mean_r2,136.1769858946,6735.0,1.2853733102009905
2d,2,saw,L2048_N1000_T10000,2048,1000,10000,43,mean_r2,140.0854044284,6639.0,1.2693564109168758
2d,2,saw,L2048_N1000_T10000,2048,1000,10000,44,mean_r2,144.6734192756,6516.0,1.2860885911776372
2d,2,saw,L2048_N1000_T10000,2048,1000,10000,45,mean_r2,149.0056109726,6416.0,1.2852035502144799
2d,2,saw,L2048_N1000_T10000,2048,1000,10000,46,mean_r2,153.2526182164,6302.0,1.2774588992035245
2d,2,saw,L2048_N1000_T10000,2048,1000,10000,47,mean_r2,157.3929032258,6200.0,1.2986125786351113
2d,2,saw,L2048_N1000_T10000,2048,1000,10000,48,mean_r2,161.681050041,6095.0,1.3203806499402944
2d,2,saw,L2048_N1000_T10000,2048,1000,10000,49,mean_r2,166.173484722,5989.0,1.3185358940592928
2d,2,saw,L2048_N1000_T10000,2048,1000,10000,50,mean_r2,170.2432157395,5896.0,1.3203955212698113
2d,2,saw,L2048_N1000_T10000,2048,1000,10000,51,mean_r2,174.7407215605,5793.0,1.3144653146037784
2d,2,saw,L2048_N1000_T10000,2048,1000,10000,52,mean_r2,179.7029876977,5690.0,1.316230885005312
2d,2,saw,L2048_N1000_T10000,2048,1000,10000,53,mean_r2,184.626161544,5596.0,1.325944218310072
2d,2,saw,L2048_N1000_T10000,2048,1000,10000,54,mean_r2,189.5224913495,5491.0,1.3213996172045088
2d,2,saw,L2048_N1000_T10000,2048,1000,10000,55,mean_r2,194.2116706932,5381.0,1.3423073403632095
2d,2,saw,L2048_N1000_T10000,2048,1000,10000,56,mean_r2,198.4736842105,5282.0,1.350039372155905
2d,2,saw,L2048_N1000_T10000,2048,1000,10000,57,mean_r2,202.8873726696,5203.0,1.343002731103812
2d,2,saw,L2048_N1000_T10000,2048,1000,10000,58,mean_r2,207.7945607513,5111.0,1.3533101902296303
2d,2,saw,L2048_N1000_T10000,2048,1000,10000,59,mean_r2,212.3931199046,5029.0,1.3512331226808967
2d,2,saw,L2048_N1000_T10000,2048,1000,10000,60,mean_r2,217.4479821537,4931.0,1.3447427499391156
2d,2,saw,L2048_N1000_T10000,2048,1000,10000,61,mean_r2,222.5218827415,4844.0,1.369106482622879
2d,2,saw,L2048_N1000_T10000,2048,1000,10000,62,mean_r2,227.5857442348,4770.0,1.36504419989489
2d,2,saw,L2048_N1000_T10000,2048,1000,10000,63,mean_r2,233.2808219178,4672.0,1.3374824256649351
2d,2,saw,L2048_N1000_T10000,2048,1000,10000,64,mean_r2,238.4312267658,4573.0,1.3253552031193958
2d,2,saw,L2048_N1000_T10000,2048,1000,10000,65,mean_r2,243.129304599,4501.0,1.3211629446721518
2d,2,saw,L2048_N1000_T10000,2048,1000,10000,66,mean_r2,248.5402714932,4420.0,1.3224911126259862
2d,2,saw,L2048_N1000_T10000,2048,1000,10000,67,mean_r2,252.9770062083,4349.0,1.3197087543869013
2d,2,saw,L2048_N1000_T10000,2048,1000,10000,68,mean_r2,257.0565594931,4261.0,1.2928031719846813
2d,2,saw,L2048_N1000_T10000,2048,1000,10000,69,mean_r2,261.3730026234,4193.0,1.2864673865130034
2d,2,saw,L2048_N1000_T10000,2048,1000,10000,70,mean_r2,266.5649224806,4128.0,1.3227564875183428
2d,2,saw,L2048_N1000_T10000,2048,1000,10000,71,mean_r2,271.9960513327,4052.0,1.3224238738958172
2d,2,saw,L2048_N1000_T10000,2048,1000,10000,72,mean_r2,277.2349671551,3958.0,1.3492335449602437
2d,2,saw,L2048_N1000_T10000,2048,1000,10000,73,mean_r2,282.2250580046,3879.0,1.3882077793689611
2d,2,saw,L2048_N1000_T10000,2048,1000,10000,74,mean_r2,287.3936366027,3803.0,1.4078165853597224
2d,2,saw,L2048_N1000_T10000,2048,1000,10000,75,mean_r2,293.7946308725,3725.0,1.3889871159064633
2d,2,saw,L2048_N1000_T10000,2048,1000,10000,76,mean_r2,299.5168262654,3655.0,1.3765161860102053
2d,2,saw,L2048_N1000_T10000,2048,1000,10000,77,mean_r2,305.2082283795,3573.0,1.3779507698848446
2d,2,saw,L2048_N1000_T10000,2048,1000,10000,78,mean_r2,310.9897025172,3496.0,1.372887932473023
2d,2,saw,L2048_N1000_T10000,2048,1000,10000,79,mean_r2,316.2345895413,3423.0,1.3641474199709067
2d,2,saw,L2048_N1000_T10000,2048,1000,10000,80,mean_r2,320.8876973488,3357.0,1.3434637279005077
2d,2,saw,L2048_N1000_T10000,2048,1000,10000,81,mean_r2,326.0889159562,3284.0,1.3342815641584411
2d,2,saw,L2048_N1000_T10000,2048,1000,10000,82,mean_r2,331.6473520249,3210.0,1.2973676602994249
2d,2,saw,L2048_N1000_T10000,2048,1000,10000,83,mean_r2,336.6210392902,3156.0,1.2700746953653144
2d,2,saw,L2048_N1000_T10000,2048,1000,10000,84,mean_r2,341.6411251212,3093.0,1.3206830850363445
2d,2,saw,L2048_N1000_T10000,2048,1000,10000,85,mean_r2,347.5933046072,3017.0,1.3144437207109037
2d,2,saw,L2048_N1000_T10000,2048,1000,10000,86,mean_r2,353.2254139912,2959.0,1.3461257486131042
2d,2,saw,L2048_N1000_T10000,2048,1000,10000,87,mean_r2,357.5968911917,2895.0,1.3256070819561068
2d,2,saw,L2048_N1000_T10000,2048,1000,10000,88,mean_r2,362.4789325843,2848.0,1.3507781203957803
2d,2,saw,L2048_N1000_T10000,2048,1000,10000,89,mean_r2,370.1449067432,2788.0,1.3418300019354807
2d,2,saw,L2048_N1000_T10000,2048,1000,10000,90,mean_r2,374.6193265007,2732.0,1.3197072682962516
2d,2,saw,L2048_N1000_T10000,2048,1000,10000,91,mean_r2,381.4092953523,2668.0,1.3339588659999817
2d,2,saw,L2048_N1000_T10000,2048,1000,10000,92,mean_r2,386.2979373568,2618.0,1.3902828433107006
2d,2,saw,L2048_N1000_T10000,2048,1000,10000,93,mean_r2,392.53307393,2570.0,1.4105422799276395
2d,2,saw,L2048_N1000_T10000,2048,1000,10000,94,mean_r2,397.2982178218,2525.0,1.40895039095371
2d,2,saw,L2048_N1000_T10000,2048,1000,10000,95,mean_r2,402.5496368039,2478.0,1.4556945596897999
2d,2,saw,L2048_N1000_T10000,2048,1000,10000,96,mean_r2,409.0523279769,2427.0,1.4943695914585458
2d,2,saw,L2048_N1000_T10000,2048,1000,10000,97,mean_r2,415.9949409781,2372.0,1.5482779844207037
2d,2,saw,L2048_N1000_T10000,2048,1000,10000,98,mean_r2,421.9065981148,2334.0,1.5150262714625966
2d,2,saw,L2048_N1000_T10000,2048,1000,10000,99,mean_r2,430.0599038041,2287.0,1.5967623537839783
2d,2,saw,L2048_N1000_T10000,2048,1000,10000,100,mean_r2,436.71600535,2243.0,1.6229499810744632
2d,2,saw,L2048_N1000_T10000,2048,1000,10000,101,mean_r2,445.7140255009,2196.0,1.5918069128686259
2d,2,saw,L2048_N1000_T10000,2048,1000,10000,102,mean_r2,453.2150837989,2148.0,1.5782698174874554
2d,2,saw,L2048_N1000_T10000,2048,1000,10000,103,mean_r2,458.220113852,2108.0,1.617512939239182
2d,2,saw,L2048_N1000_T10000,2048,1000,10000,104,mean_r2,466.8993223621,2066.0,1.5701812994464455
2d,2,saw,L2048_N1000_T10000,2048,1000,10000,105,mean_r2,473.5459057072,2015.0,1.5809162338942353
2d,2,saw,L2048_N1000_T10000,2048,1000,10000,106,mean_r2,478.9406438632,1988.0,1.5538418302383754
2d,2,saw,L2048_N1000_T10000,2048,1000,10000,107,mean_r2,485.6700819672,1952.0,1.560007834537564
2d,2,saw,L2048_N1000_T10000,2048,1000,10000,108,mean_r2,493.7096436059,1908.0,1.565238981034678
2d,2,saw,L2048_N1000_T10000,2048,1000,10000,109,mean_r2,500.2059765208,1874.0,1.4747534107932279
2d,2,saw,L2048_N1000_T10000,2048,1000,10000,110,mean_r2,507.7354382145,1837.0,1.4914095384730301
2d,2,saw,L2048_N1000_T10000,2048,1000,10000,111,mean_r2,516.1385642738,1797.0,1.5102653000218773
2d,2,saw,L2048_N1000_T10000,2048,1000,10000,112,mean_r2,524.4070494599,1759.0,1.4990864318821444
2d,2,saw,L2048_N1000_T10000,2048,1000,10000,113,mean_r2,529.738177624,1734.0,1.493278554079412
2d,2,saw,L2048_N1000_T10000,2048,1000,10000,114,mean_r2,534.5937683715,1701.0,1.488954121461494
2d,2,saw,L2048_N1000_T10000,2048,1000,10000,115,mean_r2,542.3573141487,1668.0,1.447749162190963
2d,2,saw,L2048_N1000_T10000,2048,1000,10000,116,mean_r2,548.7970749543,1641.0,1.435659238615437
2d,2,saw,L2048_N1000_T10000,2048,1000,10000,117,mean_r2,555.2761609907,1615.0,1.4712441240404779
2d,2,saw,L2048_N1000_T10000,2048,1000,10000,118,mean_r2,563.5085281112,1583.0,1.5146921193166956
2d,2,saw,L2048_N1000_T10000,2048,1000,10000,119,mean_r2,570.0441558442,1540.0,1.557373643730375
2d,2,saw,L2048_N1000_T10000,2048,1000,10000,120,mean_r2,575.898349835,1515.0,1.5473473552429486
2d,2,saw,L2048_N1000_T10000,2048,1000,10000,121,mean_r2,584.1838383838,1485.0,1.5229680191078447
2d,2,saw,L2048_N1000_T10000,2048,1000,10000,122,mean_r2,594.7208821502,1451.0,1.4504365470307006
2d,2,saw,L2048_N1000_T10000,2048,1000,10000,123,mean_r2,602.3408769448,1414.0,1.3940274399823056
2d,2,saw,L2048_N1000_T10000,2048,1000,10000,124,mean_r2,609.3884892086,1390.0,1.3587904307792789
2d,2,saw,L2048_N1000_T10000,2048,1000,10000,125,mean_r2,617.0470934511,1359.0,1.4100596625956854
2d,2,saw,L2048_N1000_T10000,2048,1000,10000,126,mean_r2,622.4514200299,1338.0,1.365734125591143
2d,2,saw,L2048_N1000_T10000,2048,1000,10000,127,mean_r2,625.4181398924,1301.0,1.3418181832783276
2d,2,saw,L2048_N1000_T10000,2048,1000,10000,128,mean_r2,631.1733333333,1275.0,1.386227013771441
2d,2,saw,L2048_N1000_T10000,2048,1000,10000,129,mean_r2,636.0983213429,1251.0,1.4040884176878197
2d,2,saw,L2048_N1000_T10000,2048,1000,10000,130,mean_r2,644.7071369975,1219.0,1.4111740631574645
2d,2,saw,L2048_N1000_T10000,2048,1000,10000,131,mean_r2,651.1006711409,1192.0,1.4648470499357011
2d,2,saw,L2048_N1000_T10000,2048,1000,10000,132,mean_r2,661.0317052271,1167.0,1.5784543721192572
2d,2,saw,L2048_N1000_T10000,2048,1000,10000,133,mean_r2,671.2741652021,1138.0,1.6516886986101202
2d,2,saw,L2048_N1000_T10000,2048,1000,10000,134,mean_r2,679.4982078853,1116.0,1.712377520194142
2d,2,saw,L2048_N1000_T10000,2048,1000,10000,135,mean_r2,687.8362305581,1093.0,1.7064040870750257
2d,2,saw,L2048_N1000_T10000,2048,1000,10000,136,mean_r2,696.1327102804,1070.0,1.692409556761384
2d,2,saw,L2048_N1000_T10000,2048,1000,10000,137,mean_r2,704.9011406844,1052.0,1.590711137426741
2d,2,saw,L2048_N1000_T10000,2048,1000,10000,138,mean_r2,714.6737864078,1030.0,1.5317191070765521
2d,2,saw,L2048_N1000_T10000,2048,1000,10000,139,mean_r2,722.8500986193,1014.0,1.5263044483473167
2d,2,saw,L2048_N1000_T10000,2048,1000,10000,140,mean_r2,731.6149193548,992.0,1.4833437892964492
2d,2,saw,L2048_N1000_T10000,2048,1000,10000,141,mean_r2,737.4234326824,973.0,1.3842786499837376
2d,2,saw,L2048_N1000_T10000,2048,1000,10000,142,mean_r2,742.4560669456,956.0,1.3508764108150753
2d,2,saw,L2048_N1000_T10000,2048,1000,10000,143,mean_r2,750.1103965702,933.0,1.3808687028111715
2d,2,saw,L2048_N1000_T10000,2048,1000,10000,144,mean_r2,758.3978142077,915.0,1.3527901851890005
2d,2,saw,L2048_N1000_T10000,2048,1000,10000,145,mean_r2,764.75,896.0,1.3212010356623614
2d,2,saw,L2048_N1000_T10000,2048,1000,10000,146,mean_r2,767.9750849377,883.0,1.388505864728392
2d,2,saw,L2048_N1000_T10000,2048,1000,10000,147,mean_r2,775.2837209302,860.0,1.4620455449651508
2d,2,saw,L2048_N1000_T10000,2048,1000,10000,148,mean_r2,787.1586538462,832.0,1.467402750135443
2d,2,saw,L2048_N1000_T10000,2048,1000,10000,149,mean_r2,794.0793650794,819.0,1.457057602147659
2d,2,saw,L2048_N1000_T10000,2048,1000,10000,150,mean_r2,801.4381188119,808.0,1.4918616075177353
2d,2,saw,L2048_N1000_T10000,2048,1000,10000,151,mean_r2,811.0280254777,785.0,1.6126549351805122
2d,2,saw,L2048_N1000_T10000,2048,1000,10000,152,mean_r2,820.128440367,763.0,1.5487702967466241
2d,2,saw,L2048_N1000_T10000,2048,1000,10000,153,mean_r2,828.3261455526,742.0,1.4448127717095605
2d,2,saw,L2048_N1000_T10000,2048,1000,10000,154,mean_r2,836.3388888889,720.0,1.3434364971264663
2d,2,saw,L2048_N1000_T10000,2048,1000,10000,155,mean_r2,844.7521613833,694.0,1.352020461291096
2d,2,saw,L2048_N1000_T10000,2048,1000,10000,156,mean_r2,854.5668135095,681.0,1.2951782735106003
2d,2,saw,L2048_N1000_T10000,2048,1000,10000,157,mean_r2,858.4759036145,664.0,1.3783022656137163
2d,2,saw,L2048_N1000_T10000,2048,1000,10000,158,mean_r2,865.14374034,647.0,1.43540793239923
2d,2,saw,L2048_N1000_T10000,2048,1000,10000,159,mean_r2,866.4896988906,631.0,1.3091025156263583
2d,2,saw,L2048_N1000_T10000,2048,1000,10000,160,mean_r2,874.5112540193,622.0,1.3249290795785362
2d,2,saw,L2048_N1000_T10000,2048,1000,10000,161,mean_r2,881.262295082,610.0,1.2783889037902643
2d,2,saw,L2048_N1000_T10000,2048,1000,10000,162,mean_r2,895.409015025,599.0,1.271974362497118
2d,2,saw,L2048_N1000_T10000,2048,1000,10000,163,mean_r2,907.1301369863,584.0,1.3358947810460955
2d,2,saw,L2048_N1000_T10000,2048,1000,10000,164,mean_r2,908.1363636364,572.0,1.5281354275867396
2d,2,saw,L2048_N1000_T10000,2048,1000,10000,165,mean_r2,917.7071428571,560.0,1.3882165272720794
2d,2,saw,L2048_N1000_T10000,2048,1000,10000,166,mean_r2,925.2123411978,551.0,1.3480883238487107
2d,2,saw,L2048_N1000_T10000,2048,1000,10000,167,mean_r2,928.6208178439,538.0,1.2774191897305147
2d,2,saw,L2048_N1000_T10000,2048,1000,10000,168,mean_r2,939.0588235294,527.0,1.2101545198243242
2d,2,saw,L2048_N1000_T10000,2048,1000,10000,169,mean_r2,951.1369863014,511.0,1.3617289456401502
2d,2,saw,L2048_N1000_T10000,2048,1000,10000,170,mean_r2,951.296,500.0,1.147015872014291
2d,2,saw,L2048_N1000_T10000,2048,1000,10000,171,mean_r2,955.8395061728,486.0,1.2263550372887708
2d,2,saw,L2048_N1000_T10000,2048,1000,10000,172,mean_r2,966.6105263158,475.0,1.3001286616803616
2d,2,saw,L2048_N1000_T10000,2048,1000,10000,173,mean_r2,974.9051724138,464.0,1.3601309062087052
2d,2,saw,L2048_N1000_T10000,2048,1000,10000,174,mean_r2,984.3620309051,453.0,1.1650202783393857
2d,2,saw,L2048_N1000_T10000,2048,1000,10000,175,mean_r2,981.7820224719,445.0,1.2393975042195216
2d,2,saw,L2048_N1000_T10000,2048,1000,10000,176,mean_r2,994.0230414747,434.0,1.1264995923308398
2d,2,saw,L2048_N1000_T10000,2048,1000,10000,177,mean_r2,1001.5566037736,424.0,0.9498463830675622
2d,2,saw,L2048_N1000_T10000,2048,1000,10000,178,mean_r2,1015.8899521531,418.0,0.9816946369157877
2d,2,saw,L2048_N1000_T10000,2048,1000,10000,179,mean_r2,1017.0196560197,407.0,0.9460598442667355
2d,2,saw,L2048_N1000_T10000,2048,1000,10000,180,mean_r2,1021.1321695761,401.0,1.0109303248868287
2d,2,saw,L2048_N1000_T10000,2048,1000,10000,181,mean_r2,1019.0365535248,383.0,0.7918463253486624
2d,2,saw,L2048_N1000_T10000,2048,1000,10000,182,mean_r2,1019.9139784946,372.0,0.6165375156751649
2d,2,saw,L2048_N1000_T10000,2048,1000,10000,183,mean_r2,1030.1978021978,364.0,0.562194454698179
2d,2,saw,L2048_N1000_T10000,2048,1000,10000,184,mean_r2,1037.8016997167,353.0,0.7366874340902331
2d,2,saw,L2048_N1000_T10000,2048,1000,10000,185,mean_r2,1038.5144508671,346.0,0.9006897733648277
2d,2,saw,L2048_N1000_T10000,2048,1000,10000,186,mean_r2,1038.4868035191,341.0,1.0394116801639932
2d,2,saw,L2048_N1000_T10000,2048,1000,10000,187,mean_r2,1036.0750750751,333.0,1.1807604805763054
2d,2,saw,L2048_N1000_T10000,2048,1000,10000,188,mean_r2,1047.5914634146,328.0,0.8539814244539352
2d,2,saw,L2048_N1000_T10000,2048,1000,10000,189,mean_r2,1058.575,320.0,0.894723349369219
2d,2,saw,L2048_N1000_T10000,2048,1000,10000,190,mean_r2,1072.0897435897,312.0,1.093766135680869
2d,2,saw,L2048_N1000_T10000,2048,1000,10000,191,mean_r2,1077.6184210526,304.0,1.2885026151728265
2d,2,saw,L2048_N1000_T10000,2048,1000,10000,192,mean_r2,1086.4066666667,300.0,1.4776057317094937
2d,2,saw,L2048_N1000_T10000,2048,1000,10000,193,mean_r2,1078.0847457627,295.0,1.3713691182967414
2d,2,saw,L2048_N1000_T10000,2048,1000,10000,194,mean_r2,1088.124567474,289.0,1.3490195541883834
2d,2,saw,L2048_N1000_T10000,2048,1000,10000,195,mean_r2,1100.0671378092,283.0,1.0912167816447211
2d,2,saw,L2048_N1000_T10000,2048,1000,10000,196,mean_r2,1110.9782608696,276.0,1.1107113368312285
2d,2,saw,L2048_N1000_T10000,2048,1000,10000,197,mean_r2,1118.9778597786,271.0,1.044201360707962
2d,2,saw,L2048_N1000_T10000,2048,1000,10000,198,mean_r2,1124.7547169811,265.0,1.1802410924753066
2d,2,saw,L2048_N1000_T10000,2048,1000,10000,199,mean_r2,1134.8223938224,259.0,1.2115802339393569
2d,2,saw,L2048_N1000_T10000,2048,1000,10000,200,mean_r2,1133.808,250.0,1.2233805227832022
2d,2,saw,L2048_N1000_T10000,2048,1000,10000,201,mean_r2,1140.4634146341,246.0,1.2733836855009117
2d,2,saw,L2048_N1000_T10000,2048,1000,10000,202,mean_r2,1145.5583333333,240.0,1.3721818325736175
2d,2,saw,L2048_N1000_T10000,2048,1000,10000,203,mean_r2,1144.3157894737,228.0,1.3763738495511608
2d,2,saw,L2048_N1000_T10000,2048,1000,10000,204,mean_r2,1156.4464285714,224.0,1.3828151270178348
2d,2,saw,L2048_N1000_T10000,2048,1000,10000,205,mean_r2,1169.4727272727,220.0,1.4153724840957669
2d,2,saw,L2048_N1000_T10000,2048,1000,10000,206,mean_r2,1183.6542056075,214.0,1.3155523373163016
2d,2,saw,L2048_N1000_T10000,2048,1000,10000,207,mean_r2,1197.6476190476,210.0,1.4727893091559594
2d,2,saw,L2048_N1000_T10000,2048,1000,10000,208,mean_r2,1203.6761904762,210.0,1.8165284608305938
2d,2,saw,L2048_N1000_T10000,2048,1000,10000,209,mean_r2,1214.4299516908,207.0,1.7024921267531767
2d,2,saw,L2048_N1000_T10000,2048,1000,10000,210,mean_r2,1214.8712871287,202.0,1.6631314335663103
2d,2,saw,L2048_N1000_T10000,2048,1000,10000,211,mean_r2,1215.6865671642,201.0,1.4047071528248436
2d,2,saw,L2048_N1000_T10000,2048,1000,10000,212,mean_r2,1230.0505050505,198.0,1.2623476725369007
2d,2,saw,L2048_N1000_T10000,2048,1000,10000,213,mean_r2,1248.7671957672,189.0,1.3112938788115795
2d,2,saw,L2048_N1000_T10000,2048,1000,10000,214,mean_r2,1254.6120218579,183.0,0.7500055885389398
2d,2,saw,L2048_N1000_T10000,2048,1000,10000,215,mean_r2,1265.8764044944,178.0,0.5347292069057812
2d,2,saw,L2048_N1000_T10000,2048,1000,10000,216,mean_r2,1265.1525423729,177.0,0.6884708905282715
2d,2,saw,L2048_N1000_T10000,2048,1000,10000,217,mean_r2,1271.1411764706,170.0,0.7407201203408111
2d,2,saw,L2048_N1000_T10000,2048,1000,10000,218,mean_r2,1280.1212121212,165.0,0.33114554197409773
2d,2,saw,L2048_N1000_T10000,2048,1000,10000,219,mean_r2,1257.7547169811,159.0,0.1887856619204347
2d,2,saw,L2048_N1000_T10000,2048,1000,10000,220,mean_r2,1245.4709677419,155.0,0.3156239818367773
2d,2,saw,L2048_N1000_T10000,2048,1000,10000,221,mean_r2,1255.0662251656,151.0,0.17922179818125486
2d,2,saw,L2048_N1000_T10000,2048,1000,10000,222,mean_r2,1272.7702702703,148.0,0.33433389434619915
2d,2,saw,L2048_N1000_T10000,2048,1000,10000,223,mean_r2,1267.8843537415,147.0,0.48504536633543877
2d,2,saw,L2048_N1000_T10000,2048,1000,10000,224,mean_r2,1265.475862069,145.0,1.129776054827485
2d,2,saw,L2048_N1000_T10000,2048,1000,10000,225,mean_r2,1284.1714285714,140.0,1.3552138566192626
2d,2,saw,L2048_N1000_T10000,2048,1000,10000,226,mean_r2,1275.4558823529,136.0,1.2706962793414578
2d,2,saw,L2048_N1000_T10000,2048,1000,10000,227,mean_r2,1290.4328358209,134.0,1.3589659615298992
2d,2,saw,L2048_N1000_T10000,2048,1000,10000,228,mean_r2,1308.2748091603,131.0,1.2581882944490568
2d,2,saw,L2048_N1000_T10000,2048,1000,10000,229,mean_r2,1322.8294573643,129.0,1.684672901101168
2d,2,saw,L2048_N1000_T10000,2048,1000,10000,230,mean_r2,1322.8062015504,129.0,1.4784067844621336
2d,2,saw,L2048_N1000_T10000,2048,1000,10000,231,mean_r2,1327.6666666667,126.0,1.8523922273352058
2d,2,saw,L2048_N1000_T10000,2048,1000,10000,232,mean_r2,1351.3064516129,124.0,1.9258581951765248
2d,2,saw,L2048_N1000_T10000,2048,1000,10000,233,mean_r2,1339.8292682927,123.0,1.9123956554280401
2d,2,saw,L2048_N1000_T10000,2048,1000,10000,234,mean_r2,1362.0983606557,122.0,1.836504434348799
2d,2,saw,L2048_N1000_T10000,2048,1000,10000,235,mean_r2,1369.4406779661,118.0,2.458141314265305
2d,2,saw,L2048_N1000_T10000,2048,1000,10000,236,mean_r2,1381.9649122807,114.0,2.508819340337255
2d,2,saw,L2048_N1000_T10000,2048,1000,10000,237,mean_r2,1402.1428571429,112.0,2.255651641529066
2d,2,saw,L2048_N1000_T10000,2048,1000,10000,238,mean_r2,1420.2018348624,109.0,2.455128088080399
2d,2,saw,L2048_N1000_T10000,2048,1000,10000,239,mean_r2,1430.8490566038,106.0,1.9734623613344509
2d,2,saw,L2048_N1000_T10000,2048,1000,10000,240,mean_r2,1468.6930693069,101.0,2.1916552326635075
2d,2,saw,L2048_N1000_T10000,2048,1000,10000,241,mean_r2,1476.603960396,101.0,2.1388081889663666
2d,2,saw,L2048_N1000_T10000,2048,1000,10000,242,mean_r2,1486.2574257426,101.0,1.8502201563145828
2d,2,saw,L2048_N1000_T10000,2048,1000,10000,243,mean_r2,1485.4444444444,99.0,1.1642299933576679
2d,2,saw,L2048_N1000_T10000,2048,1000,10000,244,mean_r2,1479.3608247423,97.0,1.0277814669494465
2d,2,saw,L2048_N1000_T10000,2048,1000,10000,245,mean_r2,1500.4042553191,94.0,0.5523609258519862
2d,2,saw,L2048_N1000_T10000,2048,1000,10000,246,mean_r2,1510.2365591398,93.0,0.48295659657890166
2d,2,saw,L2048_N1000_T10000,2048,1000,10000,247,mean_r2,1513.5652173913,92.0,0.6764529641581389
2d,2,saw,L2048_N1000_T10000,2048,1000,10000,248,mean_r2,1489.9111111111,90.0,0.8575438460449468
2d,2,saw,L2048_N1000_T10000,2048,1000,10000,249,mean_r2,1492.4157303371,89.0,1.4632577889475127
2d,2,saw,L2048_N1000_T10000,2048,1000,10000,250,mean_r2,1502.1860465116,86.0,1.5043434961092226
2d,2,saw,L2048_N1000_T10000,2048,1000,10000,251,mean_r2,1505.8837209302,86.0,1.13204165717735
2d,2,saw,L2048_N1000_T10000,2048,1000,10000,252,mean_r2,1527.5294117647,85.0,1.0646945112805317
2d,2,saw,L2048_N1000_T10000,2048,1000,10000,253,mean_r2,1537.7142857143,84.0,1.3898008260960342
2d,2,saw,L2048_N1000_T10000,2048,1000,10000,254,mean_r2,1568.9135802469,81.0,1.5007037756775392
2d,2,saw,L2048_N1000_T10000,2048,1000,10000,255,mean_r2,1593.4736842105,76.0,1.8362601925623674
2d,2,saw,L2048_N1000_T10000,2048,1000,10000,256,mean_r2,1579.9189189189,74.0,1.8057347084489959
2d,2,saw,L2048_N1000_T10000,2048,1000,10000,257,mean_r2,1578.8918918919,74.0,1.8777913668357016
2d,2,saw,L2048_N1000_T10000,2048,1000,10000,258,mean_r2,1574.0571428571,70.0,1.9470811213225918
2d,2,saw,L2048_N1000_T10000,2048,1000,10000,259,mean_r2,1583.2608695652,69.0,1.095735524683865
2d,2,saw,L2048_N1000_T10000,2048,1000,10000,260,mean_r2,1614.3636363636,66.0,0.780647911200197
2d,2,saw,L2048_N1000_T10000,2048,1000,10000,261,mean_r2,1615.9538461538,65.0,0.994343080718201
2d,2,saw,L2048_N1000_T10000,2048,1000,10000,262,mean_r2,1643.3333333333,63.0,1.1328451219592373
2d,2,saw,L2048_N1000_T10000,2048,1000,10000,263,mean_r2,1658.2698412698,63.0,1.2506144269769117
2d,2,saw,L2048_N1000_T10000,2048,1000,10000,264,mean_r2,1636.7213114754,61.0,1.8279587722883168
2d,2,saw,L2048_N1000_T10000,2048,1000,10000,265,mean_r2,1642.0491803279,61.0,0.9202789898094008
2d,2,saw,L2048_N1000_T10000,2048,1000,10000,266,mean_r2,1641.2786885246,61.0,0.9920072175957413
2d,2,saw,L2048_N1000_T10000,2048,1000,10000,267,mean_r2,1648.6666666667,60.0,0.6929342437654132
2d,2,saw,L2048_N1000_T10000,2048,1000,10000,268,mean_r2,1650.724137931,58.0,0.8817182962555165
2d,2,saw,L2048_N1000_T10000,2048,1000,10000,269,mean_r2,1696.7857142857,56.0,2.006654932652485
2d,2,saw,L2048_N1000_T10000,2048,1000,10000,270,mean_r2,1671.4181818182,55.0,2.0233555333512423
2d,2,saw,L2048_N1000_T10000,2048,1000,10000,271,mean_r2,1677.3636363636,55.0,2.190821327666188
2d,2,saw,L2048_N1000_T10000,2048,1000,10000,272,mean_r2,1686.5454545455,55.0,3.0304946976249423
2d,2,saw,L2048_N1000_T10000,2048,1000,10000,273,mean_r2,1713.7407407407,54.0,3.2682199960102896
2d,2,saw,L2048_N1000_T10000,2048,1000,10000,274,mean_r2,1763.5,52.0,3.222183596436029
2d,2,saw,L2048_N1000_T10000,2048,1000,10000,275,mean_r2,1769.8461538462,52.0,3.7551842012128214
2d,2,saw,L2048_N1000_T10000,2048,1000,10000,276,mean_r2,1779.4901960784,51.0,3.6006646215738836
2d,2,saw,L2048_N1000_T10000,2048,1000,10000,277,mean_r2,1843.0,48.0,4.3491510697242335
2d,2,saw,L2048_N1000_T10000,2048,1000,10000,278,mean_r2,1860.6808510638,47.0,3.521361882678055
2d,2,saw,L2048_N1000_T10000,2048,1000,10000,279,mean_r2,1908.5555555556,45.0,3.8035191027444717
2d,2,saw,L2048_N1000_T10000,2048,1000,10000,280,mean_r2,1916.0,45.0,4.029281126934529
2d,2,saw,L2048_N1000_T10000,2048,1000,10000,281,mean_r2,1911.1333333333,45.0,4.057523935655637
2d,2,saw,L2048_N1000_T10000,2048,1000,10000,282,mean_r2,1973.3023255814,43.0,3.839873039156237
2d,2,saw,L2048_N1000_T10000,2048,1000,10000,283,mean_r2,1945.1904761905,42.0,3.6995476390951967
2d,2,saw,L2048_N1000_T10000,2048,1000,10000,284,mean_r2,2021.1,40.0,3.034105667113187
2d,2,saw,L2048_N1000_T10000,2048,1000,10000,285,mean_r2,2043.8,40.0,2.975055396513278
2d,2,saw,L2048_N1000_T10000,2048,1000,10000,286,mean_r2,2055.95,40.0,2.827301982901502
2d,2,saw,L2048_N1000_T10000,2048,1000,10000,287,mean_r2,2111.8717948718,39.0,1.7462039808035097
2d,2,saw,L2048_N1000_T10000,2048,1000,10000,288,mean_r2,2120.5641025641,39.0,1.4006847179186968
2d,2,saw,L2048_N1000_T10000,2048,1000,10000,289,mean_r2,2123.7692307692,39.0,0.24710795484789647
2d,2,saw,L2048_N1000_T10000,2048,1000,10000,290,mean_r2,2126.8421052632,38.0,0.7581487557177332
2d,2,saw,L2048_N1000_T10000,2048,1000,10000,291,mean_r2,2109.7368421053,38.0,0.5294985389650764
2d,2,saw,L2048_N1000_T10000,2048,1000,10000,292,mean_r2,2097.1052631579,38.0,0.48907789008467845
2d,2,saw,L2048_N1000_T10000,2048,1000,10000,293,mean_r2,2042.1428571429,35.0,1.4838494004533676
2d,2,saw,L2048_N1000_T10000,2048,1000,10000,294,mean_r2,2038.4571428571,35.0,1.574254598596083
2d,2,saw,L2048_N1000_T10000,2048,1000,10000,295,mean_r2,2097.9411764706,34.0,1.9826867082085817
2d,2,saw,L2048_N1000_T10000,2048,1000,10000,296,mean_r2,2093.7058823529,34.0,1.7649251382610704
2d,2,saw,L2048_N1000_T10000,2048,1000,10000,297,mean_r2,2147.5454545455,33.0,1.7939558839715175
2d,2,saw,L2048_N1000_T10000,2048,1000,10000,298,mean_r2,2230.7333333333,30.0,2.60473229533798
2d,2,saw,L2048_N1000_T10000,2048,1000,10000,299,mean_r2,2240.6,30.0,2.0037578305416863
2d,2,saw,L2048_N1000_T10000,2048,1000,10000,300,mean_r2,2274.7142857143,28.0,-0.2071998054372776
2d,2,saw,L2048_N1000_T10000,2048,1000,10000,301,mean_r2,2239.3703703704,27.0,-1.7414572795027459
2d,2,saw,L2048_N1000_T10000,2048,1000,10000,302,mean_r2,2227.6923076923,26.0,-2.395248440100852
2d,2,saw,L2048_N1000_T10000,2048,1000,10000,303,mean_r2,2228.6923076923,26.0,-3.4174819550582023
2d,2,saw,L2048_N1000_T10000,2048,1000,10000,304,mean_r2,2179.76,25.0,-3.807290528717125
2d,2,saw,L2048_N1000_T10000,2048,1000,10000,305,mean_r2,2083.5,24.0,-4.578147556154256
2d,2,saw,L2048_N1000_T10000,2048,1000,10000,306,mean_r2,1976.0,23.0,-3.5340758226312325
2d,2,saw,L2048_N1000_T10000,2048,1000,10000,307,mean_r2,1983.7826086957,23.0,-3.478317670818979
2d,2,saw,L2048_N1000_T10000,2048,1000,10000,308,mean_r2,1992.7826086957,23.0,-3.8718117230512648
2d,2,saw,L2048_N1000_T10000,2048,1000,10000,309,mean_r2,1976.8260869565,23.0,-3.984982719387957
2d,2,saw,L2048_N1000_T10000,2048,1000,10000,310,mean_r2,1957.6363636364,22.0,-1.97325719357514
2d,2,saw,L2048_N1000_T10000,2048,1000,10000,311,mean_r2,1995.0952380952,21.0,-0.3126133200590115
2d,2,saw,L2048_N1000_T10000,2048,1000,10000,312,mean_r2,1989.0476190476,21.0,-0.2184358345923991
2d,2,saw,L2048_N1000_T10000,2048,1000,10000,313,mean_r2,1965.4,20.0,-0.25910316154559987
2d,2,saw,L2048_N1000_T10000,2048,1000,10000,314,mean_r2,1916.0,19.0,-0.2938399592504276
2d,2,saw,L2048_N1000_T10000,2048,1000,10000,315,mean_r2,1955.0,18.0,0.14747096523917863
2d,2,saw,L2048_N1000_T10000,2048,1000,10000,316,mean_r2,1956.2352941176,17.0,0.39198815492086625
2d,2,saw,L2048_N1000_T10000,2048,1000,10000,317,mean_r2,1969.9411764706,17.0,0.5854238505766977
2d,2,saw,L2048_N1000_T10000,2048,1000,10000,318,mean_r2,1976.3529411765,17.0,1.270193103396793
2d,2,saw,L2048_N1000_T10000,2048,1000,10000,319,mean_r2,1958.4117647059,17.0,2.3289006903647906
2d,2,saw,L2048_N1000_T10000,2048,1000,10000,320,mean_r2,1966.8235294118,17.0,1.279344440635162
2d,2,saw,L2048_N1000_T10000,2048,1000,10000,321,mean_r2,2020.0,16.0,1.3497116038768093
2d,2,saw,L2048_N1000_T10000,2048,1000,10000,322,mean_r2,2026.125,16.0,1.1882451522926416
2d,2,saw,L2048_N1000_T10000,2048,1000,10000,323,mean_r2,2045.5,16.0,0.20060573720018934
2d,2,saw,L2048_N1000_T10000,2048,1000,10000,324,mean_r2,2061.125,16.0,-2.2561895407243044
2d,2,saw,L2048_N1000_T10000,2048,1000,10000,325,mean_r2,2034.75,16.0,-0.7215238485974972
2d,2,saw,L2048_N1000_T10000,2048,1000,10000,326,mean_r2,2040.25,16.0,-1.6319046370121997
2d,2,saw,L2048_N1000_T10000,2048,1000,10000,327,mean_r2,2044.0,16.0,-1.6910713028255464
2d,2,saw,L2048_N1000_T10000,2048,1000,10000,328,mean_r2,1988.6666666667,15.0,-2.354541715778331
2d,2,saw,L2048_N1000_T10000,2048,1000,10000,329,mean_r2,1826.6666666667,12.0,-4.537793503243673
2d,2,saw,L2048_N1000_T10000,2048,1000,10000,330,mean_r2,1923.6363636364,11.0,-3.614009956502799
2d,2,saw,L2048_N1000_T10000,2048,1000,10000,331,mean_r2,1921.3636363636,11.0,-2.8288949313364453
2d,2,saw,L2048_N1000_T10000,2048,1000,10000,332,mean_r2,1924.0,10.0,-2.260627532394162
2d,2,saw,L2048_N1000_T10000,2048,1000,10000,333,mean_r2,1903.8,10.0,-1.0315964659671546
2d,2,saw,L2048_N1000_T10000,2048,1000,10000,334,mean_r2,1795.5555555556,9.0,
2d,2,saw,L2048_N1000_T10000,2048,1000,10000,335,mean_r2,1823.6666666667,9.0,
2d,2,saw,L2048_N1000_T10000,2048,1000,10000,336,mean_r2,1873.1111111111,9.0,
2d,2,saw,L2048_N1000_T10000,2048,1000,10000,337,mean_r2,1909.4444444444,9.0,
2d,2,saw,L2048_N1000_T10000,2048,1000,10000,338,mean_r2,1928.0,9.0,
2d,2,saw,L2048_N1000_T10000,2048,1000,10000,339,mean_r2,1934.3333333333,9.0,
2d,2,saw,L2048_N1000_T10000,2048,1000,10000,340,mean_r2,1952.4444444444,9.0,
2d,2,saw,L2048_N1000_T10000,2048,1000,10000,341,mean_r2,1973.0,9.0,
2d,2,saw,L2048_N1000_T10000,2048,1000,10000,342,mean_r2,1982.4444444444,9.0,
2d,2,saw,L2048_N1000_T10000,2048,1000,10000,343,mean_r2,1987.2222222222,9.0,
2d,2,saw,L2048_N1000_T10000,2048,1000,10000,344,mean_r2,1952.8888888889,9.0,
2d,2,saw,L2048_N1000_T10000,2048,1000,10000,345,mean_r2,1943.2222222222,9.0,
2d,2,saw,L2048_N1000_T10000,2048,1000,10000,346,mean_r2,1926.0,9.0,
2d,2,saw,L2048_N1000_T10000,2048,1000,10000,347,mean_r2,1976.5555555556,9.0,
2d,2,saw,L2048_N1000_T10000,2048,1000,10000,348,mean_r2,2183.0,8.0,
2d,2,saw,L2048_N1000_T10000,2048,1000,10000,349,mean_r2,2239.2857142857,7.0,
2d,2,saw,L2048_N1000_T10000,2048,1000,10000,350,mean_r2,2276.2857142857,7.0,
2d,2,saw,L2048_N1000_T10000,2048,1000,10000,351,mean_r2,2313.5714285714,7.0,
2d,2,saw,L2048_N1000_T10000,2048,1000,10000,352,mean_r2,2299.7142857143,7.0,
2d,2,saw,L2048_N1000_T10000,2048,1000,10000,353,mean_r2,2330.7142857143,7.0,
2d,2,saw,L2048_N1000_T10000,2048,1000,10000,354,mean_r2,2373.4285714286,7.0,
2d,2,saw,L2048_N1000_T10000,2048,1000,10000,355,mean_r2,2393.5714285714,7.0,
2d,2,saw,L2048_N1000_T10000,2048,1000,10000,356,mean_r2,2399.4285714286,7.0,
2d,2,saw,L2048_N1000_T10000,2048,1000,10000,357,mean_r2,2413.0,7.0,
2d,2,saw,L2048_N1000_T10000,2048,1000,10000,358,mean_r2,2391.7142857143,7.0,
2d,2,saw,L2048_N1000_T10000,2048,1000,10000,359,mean_r2,2361.0,7.0,
2d,2,saw,L2048_N1000_T10000,2048,1000,10000,360,mean_r2,2348.0,7.0,
2d,2,saw,L2048_N1000_T10000,2048,1000,10000,361,mean_r2,2561.6666666667,6.0,
2d,2,saw,L2048_N1000_T10000,2048,1000,10000,362,mean_r2,2538.0,6.0,
2d,2,saw,L2048_N1000_T10000,2048,1000,10000,363,mean_r2,2543.6666666667,6.0,
2d,2,saw,L2048_N1000_T10000,2048,1000,10000,364,mean_r2,2591.3333333333,6.0,
2d,2,saw,L2048_N1000_T10000,2048,1000,10000,365,mean_r2,2559.6666666667,6.0,
2d,2,saw,L2048_N1000_T10000,2048,1000,10000,366,mean_r2,2555.0,6.0,
2d,2,saw,L2048_N1000_T10000,2048,1000,10000,367,mean_r2,2565.6666666667,6.0,
2d,2,saw,L2048_N1000_T10000,2048,1000,10000,368,mean_r2,2891.2,5.0,
2d,2,saw,L2048_N1000_T10000,2048,1000,10000,369,mean_r2,2921.8,5.0,
2d,2,saw,L2048_N1000_T10000,2048,1000,10000,370,mean_r2,2937.6,5.0,
2d,2,saw,L2048_N1000_T10000,2048,1000,10000,371,mean_r2,2982.6,5.0,
2d,2,saw,L2048_N1000_T10000,2048,1000,10000,372,mean_r2,2865.5,4.0,
2d,2,saw,L2048_N1000_T10000,2048,1000,10000,373,mean_r2,2810.0,4.0,
2d,2,saw,L2048_N1000_T10000,2048,1000,10000,374,mean_r2,2748.0,4.0,
2d,2,saw,L2048_N1000_T10000,2048,1000,10000,375,mean_r2,2809.0,4.0,
2d,2,saw,L2048_N1000_T10000,2048,1000,10000,376,mean_r2,2849.0,4.0,
2d,2,saw,L2048_N1000_T10000,2048,1000,10000,377,mean_r2,3354.3333333333,3.0,
2d,2,saw,L2048_N1000_T10000,2048,1000,10000,378,mean_r2,3356.0,3.0,
2d,2,saw,L2048_N1000_T10000,2048,1000,10000,379,mean_r2,3370.3333333333,3.0,
2d,2,saw,L2048_N1000_T10000,2048,1000,10000,380,mean_r2,1630.0,2.0,
2d,2,saw,L2048_N1000_T10000,2048,1000,10000,381,mean_r2,3205.0,1.0,
2d,2,saw,L2048_N1000_T10000,2048,1000,10000,382,mean_r2,3172.0,1.0,
2d,2,saw,L2048_N1000_T10000,2048,1000,10000,383,mean_r2,3141.0,1.0,
2d,2,saw,L2048_N1000_T10000,2048,1000,10000,384,mean_r2,3034.0,1.0,
2d,2,saw,L2048_N1000_T10000,2048,1000,10000,385,mean_r2,2929.0,1.0,
2d,2,saw,L2048_N1000_T10000,2048,1000,10000,386,mean_r2,2900.0,1.0,
2d,2,saw,L2048_N1000_T10000,2048,1000,10000,387,mean_r2,3005.0,1.0,
2d,2,saw,L2048_N1000_T10000,2048,1000,10000,388,mean_r2,3112.0,1.0,
2d,2,saw,L2048_N1000_T10000,2048,1000,10000,389,mean_r2,3221.0,1.0,
2d,2,saw,L4096_N1000_T10000,4096,1000,10000,1,mean_r2,1.0,10000.0,
2d,2,saw,L4096_N1000_T10000,4096,1000,10000,2,mean_r2,2.661,10000.0,
2d,2,saw,L4096_N1000_T10000,4096,1000,10000,3,mean_r2,4.5332,10000.0,
2d,2,saw,L4096_N1000_T10000,4096,1000,10000,4,mean_r2,6.7044,10000.0,
2d,2,saw,L4096_N1000_T10000,4096,1000,10000,5,mean_r2,8.9592,10000.0,
2d,2,saw,L4096_N1000_T10000,4096,1000,10000,6,mean_r2,11.417,10000.0,1.3383389514438695
2d,2,saw,L4096_N1000_T10000,4096,1000,10000,7,mean_r2,13.8716,10000.0,1.3069686940841145
2d,2,saw,L4096_N1000_T10000,4096,1000,10000,8,mean_r2,16.4854622017,9974.0,1.2997151311254993
2d,2,saw,L4096_N1000_T10000,4096,1000,10000,9,mean_r2,19.1093687173,9948.0,1.2838878884139762
2d,2,saw,L4096_N1000_T10000,4096,1000,10000,10,mean_r2,21.9435793731,9890.0,1.2773209088153257
2d,2,saw,L4096_N1000_T10000,4096,1000,10000,11,mean_r2,24.7591878173,9850.0,1.2673986343538621
2d,2,saw,L4096_N1000_T10000,4096,1000,10000,12,mean_r2,27.6735068913,9795.0,1.2695979385378173
2d,2,saw,L4096_N1000_T10000,4096,1000,10000,13,mean_r2,30.4854209446,9740.0,1.267783663324595
2d,2,saw,L4096_N1000_T10000,4096,1000,10000,14,mean_r2,33.4874663352,9654.0,1.2703529377376286
2d,2,saw,L4096_N1000_T10000,4096,1000,10000,15,mean_r2,36.4507263037,9569.0,1.2637332758650215
2d,2,saw,L4096_N1000_T10000,4096,1000,10000,16,mean_r2,39.5752977131,9489.0,1.2653343119275657
2d,2,saw,L4096_N1000_T10000,4096,1000,10000,17,mean_r2,42.7924588423,9415.0,1.2679072689771167
2d,2,saw,L4096_N1000_T10000,4096,1000,10000,18,mean_r2,46.088478471,9313.0,1.2798534902217993
2d,2,saw,L4096_N1000_T10000,4096,1000,10000,19,mean_r2,49.37305026,9232.0,1.2780054489206722
2d,2,saw,L4096_N1000_T10000,4096,1000,10000,20,mean_r2,52.6901084456,9129.0,1.2826988283845697
2d,2,saw,L4096_N1000_T10000,4096,1000,10000,21,mean_r2,56.1146087342,9022.0,1.279891304406795
2d,2,saw,L4096_N1000_T10000,4096,1000,10000,22,mean_r2,59.6801528433,8898.0,1.2712493849441098
2d,2,saw,L4096_N1000_T10000,4096,1000,10000,23,mean_r2,63.2732339893,8791.0,1.2650581036515116
2d,2,saw,L4096_N1000_T10000,4096,1000,10000,24,mean_r2,66.6871109062,8674.0,1.2676590390609626
2d,2,saw,L4096_N1000_T10000,4096,1000,10000,25,mean_r2,70.1893656716,8576.0,1.2684236713612518
2d,2,saw,L4096_N1000_T10000,4096,1000,10000,26,mean_r2,73.6704935495,8449.0,1.2693476535130352
2d,2,saw,L4096_N1000_T10000,4096,1000,10000,27,mean_r2,77.0513250989,8339.0,1.264521847918957
2d,2,saw,L4096_N1000_T10000,4096,1000,10000,28,mean_r2,80.6006809339,8224.0,1.2569125539478376
2d,2,saw,L4096_N1000_T10000,4096,1000,10000,29,mean_r2,84.3895048041,8118.0,1.2586391669831563
2d,2,saw,L4096_N1000_T10000,4096,1000,10000,30,mean_r2,88.1226226226,7992.0,1.260569755303932
2d,2,saw,L4096_N1000_T10000,4096,1000,10000,31,mean_r2,91.9975891384,7881.0,1.2722605223158987
2d,2,saw,L4096_N1000_T10000,4096,1000,10000,32,mean_r2,95.8522142122,7768.0,1.2689370290762672
2d,2,saw,L4096_N1000_T10000,4096,1000,10000,33,mean_r2,99.6062189705,7654.0,1.268514808679582
2d,2,saw,L4096_N1000_T10000,4096,1000,10000,34,mean_r2,103.3792372881,7552.0,1.2731030122809341
2d,2,saw,L4096_N1000_T10000,4096,1000,10000,35,mean_r2,107.269411923,7431.0,1.2793028671815712
2d,2,saw,L4096_N1000_T10000,4096,1000,10000,36,mean_r2,111.4553913519,7308.0,1.281492642815581
2d,2,saw,L4096_N1000_T10000,4096,1000,10000,37,mean_r2,114.9261521377,7204.0,1.2808766226731274
2d,2,saw,L4096_N1000_T10000,4096,1000,10000,38,mean_r2,118.7343022435,7087.0,1.2887179361265422
2d,2,saw,L4096_N1000_T10000,4096,1000,10000,39,mean_r2,123.0535893394,6979.0,1.2906992056464333
2d,2,saw,L4096_N1000_T10000,4096,1000,10000,40,mean_r2,127.3274078391,6863.0,1.3010982578366093
2d,2,saw,L4096_N1000_T10000,4096,1000,10000,41,mean_r2,131.6370238625,6747.0,1.288831273950663
2d,2,saw,L4096_N1000_T10000,4096,1000,10000,42,mean_r2,135.7915662651,6640.0,1.3044735526694278
2d,2,saw,L4096_N1000_T10000,4096,1000,10000,43,mean_r2,140.0975049747,6533.0,1.3219749066433082
2d,2,saw,L4096_N1000_T10000,4096,1000,10000,44,mean_r2,144.1975116641,6430.0,1.3140773674146096
2d,2,saw,L4096_N1000_T10000,4096,1000,10000,45,mean_r2,148.7591125198,6310.0,1.3024949150260698
2d,2,saw,L4096_N1000_T10000,4096,1000,10000,46,mean_r2,152.8635851184,6209.0,1.2970289702507825
2d,2,saw,L4096_N1000_T10000,4096,1000,10000,47,mean_r2,157.017704918,6100.0,1.3080737023946092
2d,2,saw,L4096_N1000_T10000,4096,1000,10000,48,mean_r2,161.6965149241,5997.0,1.3143136697707534
2d,2,saw,L4096_N1000_T10000,4096,1000,10000,49,mean_r2,166.0965880156,5891.0,1.3325542309331444
2d,2,saw,L4096_N1000_T10000,4096,1000,10000,50,mean_r2,170.2733564014,5780.0,1.3270797388414828
2d,2,saw,L4096_N1000_T10000,4096,1000,10000,51,mean_r2,174.710359408,5676.0,1.351362702606628
2d,2,saw,L4096_N1000_T10000,4096,1000,10000,52,mean_r2,179.5568324654,5569.0,1.3599910695905724
2d,2,saw,L4096_N1000_T10000,4096,1000,10000,53,mean_r2,184.4080291971,5480.0,1.363257411076901
2d,2,saw,L4096_N1000_T10000,4096,1000,10000,54,mean_r2,189.4421364985,5392.0,1.3917903920311108
2d,2,saw,L4096_N1000_T10000,4096,1000,10000,55,mean_r2,194.1506331506,5291.0,1.399512426224364
2d,2,saw,L4096_N1000_T10000,4096,1000,10000,56,mean_r2,199.4119684433,5197.0,1.392624379167841
2d,2,saw,L4096_N1000_T10000,4096,1000,10000,57,mean_r2,204.1195460771,5111.0,1.3929499434592965
2d,2,saw,L4096_N1000_T10000,4096,1000,10000,58,mean_r2,209.2870536605,5013.0,1.3947820255450367
2d,2,saw,L4096_N1000_T10000,4096,1000,10000,59,mean_r2,215.0883370649,4913.0,1.3978062072580353
2d,2,saw,L4096_N1000_T10000,4096,1000,10000,60,mean_r2,219.7666735495,4843.0,1.407936598722114
2d,2,saw,L4096_N1000_T10000,4096,1000,10000,61,mean_r2,224.1860854987,4772.0,1.3838068280920486
2d,2,saw,L4096_N1000_T10000,4096,1000,10000,62,mean_r2,229.4072175956,4683.0,1.401564175016508
2d,2,saw,L4096_N1000_T10000,4096,1000,10000,63,mean_r2,234.6814120723,4589.0,1.384528501855507
2d,2,saw,L4096_N1000_T10000,4096,1000,10000,64,mean_r2,240.2234562417,4502.0,1.360653725236962
2d,2,saw,L4096_N1000_T10000,4096,1000,10000,65,mean_r2,245.6323429349,4409.0,1.3503617592183352
2d,2,saw,L4096_N1000_T10000,4096,1000,10000,66,mean_r2,250.3191145953,4337.0,1.3429782930325675
2d,2,saw,L4096_N1000_T10000,4096,1000,10000,67,mean_r2,256.020254357,4246.0,1.298896377916782
2d,2,saw,L4096_N1000_T10000,4096,1000,10000,68,mean_r2,260.847612191,4167.0,1.275809712471957
2d,2,saw,L4096_N1000_T10000,4096,1000,10000,69,mean_r2,266.1566617862,4098.0,1.2411077558751404
2d,2,saw,L4096_N1000_T10000,4096,1000,10000,70,mean_r2,270.6226978596,4018.0,1.2301073230017423
2d,2,saw,L4096_N1000_T10000,4096,1000,10000,71,mean_r2,274.8838447882,3943.0,1.2527226234432587
2d,2,saw,L4096_N1000_T10000,4096,1000,10000,72,mean_r2,278.5854667701,3867.0,1.2548583520341863
2d,2,saw,L4096_N1000_T10000,4096,1000,10000,73,mean_r2,283.2095839916,3798.0,1.2687217563800612
2d,2,saw,L4096_N1000_T10000,4096,1000,10000,74,mean_r2,287.6533404883,3727.0,1.2731406837652537
2d,2,saw,L4096_N1000_T10000,4096,1000,10000,75,mean_r2,292.9099643151,3643.0,1.2845316776017528
2d,2,saw,L4096_N1000_T10000,4096,1000,10000,76,mean_r2,298.7087188113,3567.0,1.3097685942845063
2d,2,saw,L4096_N1000_T10000,4096,1000,10000,77,mean_r2,304.8510882016,3492.0,1.370354496463993
2d,2,saw,L4096_N1000_T10000,4096,1000,10000,78,mean_r2,310.4448979592,3430.0,1.3892793639749186
2d,2,saw,L4096_N1000_T10000,4096,1000,10000,79,mean_r2,316.2059259259,3375.0,1.4052785574120343
2d,2,saw,L4096_N1000_T10000,4096,1000,10000,80,mean_r2,321.2600422833,3311.0,1.411495158938908
2d,2,saw,L4096_N1000_T10000,4096,1000,10000,81,mean_r2,326.6652307692,3250.0,1.410121278092279
2d,2,saw,L4096_N1000_T10000,4096,1000,10000,82,mean_r2,332.9338374291,3174.0,1.4166360016970774
2d,2,saw,L4096_N1000_T10000,4096,1000,10000,83,mean_r2,338.5069109611,3111.0,1.401224922127307
2d,2,saw,L4096_N1000_T10000,4096,1000,10000,84,mean_r2,343.7372406981,3037.0,1.3968856647228431
2d,2,saw,L4096_N1000_T10000,4096,1000,10000,85,mean_r2,349.5100942127,2972.0,1.4467426043351737
2d,2,saw,L4096_N1000_T10000,4096,1000,10000,86,mean_r2,355.5904273504,2925.0,1.4776923430005524
2d,2,saw,L4096_N1000_T10000,4096,1000,10000,87,mean_r2,362.4180929095,2863.0,1.450070433904116
2d,2,saw,L4096_N1000_T10000,4096,1000,10000,88,mean_r2,367.613960114,2808.0,1.4707890101350354
2d,2,saw,L4096_N1000_T10000,4096,1000,10000,89,mean_r2,373.4881946967,2753.0,1.4823002669482008
2d,2,saw,L4096_N1000_T10000,4096,1000,10000,90,mean_r2,380.9440947797,2701.0,1.4843187818227872
2d,2,saw,L4096_N1000_T10000,4096,1000,10000,91,mean_r2,387.9803030303,2640.0,1.4826772969279745
2d,2,saw,L4096_N1000_T10000,4096,1000,10000,92,mean_r2,393.3903660886,2595.0,1.4792135951417837
2d,2,saw,L4096_N1000_T10000,4096,1000,10000,93,mean_r2,400.1581431943,2542.0,1.495801522104083
2d,2,saw,L4096_N1000_T10000,4096,1000,10000,94,mean_r2,406.1017220665,2497.0,1.4997942313749402
2d,2,saw,L4096_N1000_T10000,4096,1000,10000,95,mean_r2,412.2486729277,2449.0,1.4465442533566903
2d,2,saw,L4096_N1000_T10000,4096,1000,10000,96,mean_r2,418.583090379,2401.0,1.3811108752830292
2d,2,saw,L4096_N1000_T10000,4096,1000,10000,97,mean_r2,425.7026797108,2351.0,1.3766022677542091
2d,2,saw,L4096_N1000_T10000,4096,1000,10000,98,mean_r2,431.8280503691,2303.0,1.3422096048962349
2d,2,saw,L4096_N1000_T10000,4096,1000,10000,99,mean_r2,438.1624388073,2247.0,1.3223491304070978
2d,2,saw,L4096_N1000_T10000,4096,1000,10000,100,mean_r2,443.6612318841,2208.0,1.2936434425746195
2d,2,saw,L4096_N1000_T10000,4096,1000,10000,101,mean_r2,448.0705009276,2156.0,1.2654143036995915
2d,2,saw,L4096_N1000_T10000,4096,1000,10000,102,mean_r2,453.4323432343,2121.0,1.2689063923182804
2d,2,saw,L4096_N1000_T10000,4096,1000,10000,103,mean_r2,458.9489648532,2077.0,1.2294487402022631
2d,2,saw,L4096_N1000_T10000,4096,1000,10000,104,mean_r2,464.187254902,2040.0,1.1919217692096797
2d,2,saw,L4096_N1000_T10000,4096,1000,10000,105,mean_r2,469.232814852,1993.0,1.1335840500299326
2d,2,saw,L4096_N1000_T10000,4096,1000,10000,106,mean_r2,474.5022970904,1959.0,1.1256683024604461
2d,2,saw,L4096_N1000_T10000,4096,1000,10000,107,mean_r2,482.1443460135,1919.0,1.1283362144874451
2d,2,saw,L4096_N1000_T10000,4096,1000,10000,108,mean_r2,486.6208732694,1878.0,1.1665311696722016
2d,2,saw,L4096_N1000_T10000,4096,1000,10000,109,mean_r2,491.4135297327,1833.0,1.194646858608679
2d,2,saw,L4096_N1000_T10000,4096,1000,10000,110,mean_r2,494.2806036892,1789.0,1.2375849996023494
2d,2,saw,L4096_N1000_T10000,4096,1000,10000,111,mean_r2,498.3110983324,1739.0,1.2580926918084994
2d,2,saw,L4096_N1000_T10000,4096,1000,10000,112,mean_r2,503.8985250737,1695.0,1.2034552391124753
2d,2,saw,L4096_N1000_T10000,4096,1000,10000,113,mean_r2,511.3367781155,1645.0,1.2506154079286753
2d,2,saw,L4096_N1000_T10000,4096,1000,10000,114,mean_r2,517.9950248756,1608.0,1.247077958427431
2d,2,saw,L4096_N1000_T10000,4096,1000,10000,115,mean_r2,525.150222788,1571.0,1.3038726606680033
2d,2,saw,L4096_N1000_T10000,4096,1000,10000,116,mean_r2,531.4902723735,1542.0,1.3436689489375984
2d,2,saw,L4096_N1000_T10000,4096,1000,10000,117,mean_r2,536.8755790867,1511.0,1.3834085126543254
2d,2,saw,L4096_N1000_T10000,4096,1000,10000,118,mean_r2,543.60972316,1481.0,1.4479529244832827
2d,2,saw,L4096_N1000_T10000,4096,1000,10000,119,mean_r2,548.2596685083,1448.0,1.453792581746128
2d,2,saw,L4096_N1000_T10000,4096,1000,10000,120,mean_r2,553.6624113475,1410.0,1.5132834194030529
2d,2,saw,L4096_N1000_T10000,4096,1000,10000,121,mean_r2,559.5483405483,1386.0,1.4699229272955276
2d,2,saw,L4096_N1000_T10000,4096,1000,10000,122,mean_r2,567.185840708,1356.0,1.5153450808128328
2d,2,saw,L4096_N1000_T10000,4096,1000,10000,123,mean_r2,578.13639789,1327.0,1.5672191929152723
2d,2,saw,L4096_N1000_T10000,4096,1000,10000,124,mean_r2,585.3471264368,1305.0,1.6429513062495098
2d,2,saw,L4096_N1000_T10000,4096,1000,10000,125,mean_r2,595.7757671125,1271.0,1.6856428444958953
2d,2,saw,L4096_N1000_T10000,4096,1000,10000,126,mean_r2,600.1834415584,1232.0,1.7133567261024998
2d,2,saw,L4096_N1000_T10000,4096,1000,10000,127,mean_r2,607.9207920792,1212.0,1.7485055795667233
2d,2,saw,L4096_N1000_T10000,4096,1000,10000,128,mean_r2,617.5240506329,1185.0,1.7206605266504522
2d,2,saw,L4096_N1000_T10000,4096,1000,10000,129,mean_r2,625.9790940767,1148.0,1.680536246327672
2d,2,saw,L4096_N1000_T10000,4096,1000,10000,130,mean_r2,633.6384683882,1123.0,1.568397735404596
2d,2,saw,L4096_N1000_T10000,4096,1000,10000,131,mean_r2,641.097826087,1104.0,1.617084302991899
2d,2,saw,L4096_N1000_T10000,4096,1000,10000,132,mean_r2,650.9519408503,1082.0,1.6136074653439247
2d,2,saw,L4096_N1000_T10000,4096,1000,10000,133,mean_r2,661.3643263757,1054.0,1.5629181077556262
2d,2,saw,L4096_N1000_T10000,4096,1000,10000,134,mean_r2,666.8362235067,1038.0,1.4806214940193512
2d,2,saw,L4096_N1000_T10000,4096,1000,10000,135,mean_r2,672.2093933464,1022.0,1.3843265554257203
2d,2,saw,L4096_N1000_T10000,4096,1000,10000,136,mean_r2,679.0786069652,1005.0,1.438754728596279
2d,2,saw,L4096_N1000_T10000,4096,1000,10000,137,mean_r2,687.0081135903,986.0,1.3771739170337731
2d,2,saw,L4096_N1000_T10000,4096,1000,10000,138,mean_r2,694.5652173913,966.0,1.288044059392069
2d,2,saw,L4096_N1000_T10000,4096,1000,10000,139,mean_r2,699.1479915433,946.0,1.2603219048377947
2d,2,saw,L4096_N1000_T10000,4096,1000,10000,140,mean_r2,702.0946236559,930.0,1.2767702666750216
2d,2,saw,L4096_N1000_T10000,4096,1000,10000,141,mean_r2,712.6714761376,901.0,1.2381598003642393
2d,2,saw,L4096_N1000_T10000,4096,1000,10000,142,mean_r2,719.8221208666,877.0,1.2475423100062275
2d,2,saw,L4096_N1000_T10000,4096,1000,10000,143,mean_r2,726.0960187354,854.0,1.2764581894665907
2d,2,saw,L4096_N1000_T10000,4096,1000,10000,144,mean_r2,730.1531100478,836.0,1.3715435502984759
2d,2,saw,L4096_N1000_T10000,4096,1000,10000,145,mean_r2,736.4243902439,820.0,1.478893723997932
2d,2,saw,L4096_N1000_T10000,4096,1000,10000,146,mean_r2,741.4342431762,806.0,1.3929386299873414
2d,2,saw,L4096_N1000_T10000,4096,1000,10000,147,mean_r2,750.123252859,787.0,1.2995179983359468
2d,2,saw,L4096_N1000_T10000,4096,1000,10000,148,mean_r2,759.4430051813,772.0,1.3297228141406319
2d,2,saw,L4096_N1000_T10000,4096,1000,10000,149,mean_r2,769.0429530201,745.0,1.3664556617766626
2d,2,saw,L4096_N1000_T10000,4096,1000,10000,150,mean_r2,777.5137362637,728.0,1.3701016724484791
2d,2,saw,L4096_N1000_T10000,4096,1000,10000,151,mean_r2,784.0436005626,711.0,1.3732342099376726
2d,2,saw,L4096_N1000_T10000,4096,1000,10000,152,mean_r2,786.3805436338,699.0,1.3992699818342271
2d,2,saw,L4096_N1000_T10000,4096,1000,10000,153,mean_r2,794.3805309735,678.0,1.3990098577813441
2d,2,saw,L4096_N1000_T10000,4096,1000,10000,154,mean_r2,800.3083832335,668.0,1.3149336187393696
2d,2,saw,L4096_N1000_T10000,4096,1000,10000,155,mean_r2,806.8844984802,658.0,1.31113079186026
2d,2,saw,L4096_N1000_T10000,4096,1000,10000,156,mean_r2,812.0503937008,635.0,1.1918862366911367
2d,2,saw,L4096_N1000_T10000,4096,1000,10000,157,mean_r2,822.4831460674,623.0,1.3812134689549727
2d,2,saw,L4096_N1000_T10000,4096,1000,10000,158,mean_r2,832.1863560732,601.0,1.454300256027481
2d,2,saw,L4096_N1000_T10000,4096,1000,10000,159,mean_r2,837.6179966044,589.0,1.4113767035127514
2d,2,saw,L4096_N1000_T10000,4096,1000,10000,160,mean_r2,846.169550173,578.0,1.4309308750935055
2d,2,saw,L4096_N1000_T10000,4096,1000,10000,161,mean_r2,846.3168141593,565.0,1.4338788350433935
2d,2,saw,L4096_N1000_T10000,4096,1000,10000,162,mean_r2,858.7226277372,548.0,1.3728829084817964
2d,2,saw,L4096_N1000_T10000,4096,1000,10000,163,mean_r2,870.9962476548,533.0,1.3183160941922887
2d,2,saw,L4096_N1000_T10000,4096,1000,10000,164,mean_r2,874.6223908918,527.0,1.3489704475842943
2d,2,saw,L4096_N1000_T10000,4096,1000,10000,165,mean_r2,882.3976833977,518.0,1.2280896832520545
2d,2,saw,L4096_N1000_T10000,4096,1000,10000,166,mean_r2,887.7159763314,507.0,1.4290192758858917
2d,2,saw,L4096_N1000_T10000,4096,1000,10000,167,mean_r2,895.248,500.0,1.3109854505698233
2d,2,saw,L4096_N1000_T10000,4096,1000,10000,168,mean_r2,902.3117408907,494.0,1.253413141197195
2d,2,saw,L4096_N1000_T10000,4096,1000,10000,169,mean_r2,909.4517453799,487.0,1.2643669669342672
2d,2,saw,L4096_N1000_T10000,4096,1000,10000,170,mean_r2,911.5734989648,483.0,1.4686265421910434
2d,2,saw,L4096_N1000_T10000,4096,1000,10000,171,mean_r2,922.4243070362,469.0,1.5755377246177398
2d,2,saw,L4096_N1000_T10000,4096,1000,10000,172,mean_r2,928.8725701944,463.0,1.6893290274995156
2d,2,saw,L4096_N1000_T10000,4096,1000,10000,173,mean_r2,938.4857142857,455.0,1.705903420988172
2d,2,saw,L4096_N1000_T10000,4096,1000,10000,174,mean_r2,942.5874439462,446.0,1.563147370657128
2d,2,saw,L4096_N1000_T10000,4096,1000,10000,175,mean_r2,962.0414746544,434.0,1.6053854654615252
2d,2,saw,L4096_N1000_T10000,4096,1000,10000,176,mean_r2,973.4192037471,427.0,1.466869828776371
2d,2,saw,L4096_N1000_T10000,4096,1000,10000,177,mean_r2,987.6666666667,420.0,1.5115359283081982
2d,2,saw,L4096_N1000_T10000,4096,1000,10000,178,mean_r2,995.8480392157,408.0,1.2998695529221915
2d,2,saw,L4096_N1000_T10000,4096,1000,10000,179,mean_r2,994.960199005,402.0,1.4985020265066658
2d,2,saw,L4096_N1000_T10000,4096,1000,10000,180,mean_r2,999.1785714286,392.0,1.2747974363853818
2d,2,saw,L4096_N1000_T10000,4096,1000,10000,181,mean_r2,1002.6207792208,385.0,1.0619901528250932
2d,2,saw,L4096_N1000_T10000,4096,1000,10000,182,mean_r2,1011.7044854881,379.0,0.853626292448414
2d,2,saw,L4096_N1000_T10000,4096,1000,10000,183,mean_r2,1009.6037735849,371.0,0.7250925592889778
2d,2,saw,L4096_N1000_T10000,4096,1000,10000,184,mean_r2,1024.9157303371,356.0,1.019781013080483
2d,2,saw,L4096_N1000_T10000,4096,1000,10000,185,mean_r2,1032.6647398844,346.0,1.1105695025339248
2d,2,saw,L4096_N1000_T10000,4096,1000,10000,186,mean_r2,1032.2573099415,342.0,1.2454175340572506
2d,2,saw,L4096_N1000_T10000,4096,1000,10000,187,mean_r2,1035.1065088757,338.0,1.0214229461664446
2d,2,saw,L4096_N1000_T10000,4096,1000,10000,188,mean_r2,1036.1084337349,332.0,1.1367696142336372
2d,2,saw,L4096_N1000_T10000,4096,1000,10000,189,mean_r2,1051.6748466258,326.0,0.8224915979357353
2d,2,saw,L4096_N1000_T10000,4096,1000,10000,190,mean_r2,1061.0125,320.0,0.8696716870080071
2d,2,saw,L4096_N1000_T10000,4096,1000,10000,191,mean_r2,1072.0700636943,314.0,1.1160491746330834
2d,2,saw,L4096_N1000_T10000,4096,1000,10000,192,mean_r2,1068.5163398693,306.0,1.1816405013323095
2d,2,saw,L4096_N1000_T10000,4096,1000,10000,193,mean_r2,1072.5496688742,302.0,1.3679501624990469
2d,2,saw,L4096_N1000_T10000,4096,1000,10000,194,mean_r2,1070.5136986301,292.0,1.1738513824734578
2d,2,saw,L4096_N1000_T10000,4096,1000,10000,195,mean_r2,1081.041958042,286.0,1.1907851658426785
2d,2,saw,L4096_N1000_T10000,4096,1000,10000,196,mean_r2,1094.3857142857,280.0,1.1064343091956215
2d,2,saw,L4096_N1000_T10000,4096,1000,10000,197,mean_r2,1100.8273381295,278.0,1.0741451388423942
2d,2,saw,L4096_N1000_T10000,4096,1000,10000,198,mean_r2,1112.2287822878,271.0,1.3300938134735332
2d,2,saw,L4096_N1000_T10000,4096,1000,10000,199,mean_r2,1117.288973384,263.0,1.3780412906531907
2d,2,saw,L4096_N1000_T10000,4096,1000,10000,200,mean_r2,1127.8384615385,260.0,1.4605079658184161
2d,2,saw,L4096_N1000_T10000,4096,1000,10000,201,mean_r2,1134.3438735178,253.0,1.4105899560567075
2d,2,saw,L4096_N1000_T10000,4096,1000,10000,202,mean_r2,1128.4081632653,245.0,1.1770496367705139
2d,2,saw,L4096_N1000_T10000,4096,1000,10000,203,mean_r2,1147.0912863071,241.0,1.0145267159237692
2d,2,saw,L4096_N1000_T10000,4096,1000,10000,204,mean_r2,1147.2887029289,239.0,1.3330836654122562
2d,2,saw,L4096_N1000_T10000,4096,1000,10000,205,mean_r2,1162.9570815451,233.0,1.3608707231929202
2d,2,saw,L4096_N1000_T10000,4096,1000,10000,206,mean_r2,1173.9642857143,224.0,1.3223546800799733
2d,2,saw,L4096_N1000_T10000,4096,1000,10000,207,mean_r2,1166.8918918919,222.0,1.555499376901638
2d,2,saw,L4096_N1000_T10000,4096,1000,10000,208,mean_r2,1169.2385321101,218.0,1.2925470654771438
2d,2,saw,L4096_N1000_T10000,4096,1000,10000,209,mean_r2,1192.7547169811,212.0,1.4042165219721456
2d,2,saw,L4096_N1000_T10000,4096,1000,10000,210,mean_r2,1205.2657004831,207.0,1.2402858135952204
2d,2,saw,L4096_N1000_T10000,4096,1000,10000,211,mean_r2,1209.5628140704,199.0,1.3523629964633328
2d,2,saw,L4096_N1000_T10000,4096,1000,10000,212,mean_r2,1216.4873096447,197.0,1.3708227409920408
2d,2,saw,L4096_N1000_T10000,4096,1000,10000,213,mean_r2,1220.6494845361,194.0,1.4922288282314975
2d,2,saw,L4096_N1000_T10000,4096,1000,10000,214,mean_r2,1227.0362694301,193.0,1.328346771815074
2d,2,saw,L4096_N1000_T10000,4096,1000,10000,215,mean_r2,1233.725388601,193.0,1.3263964449879166
2d,2,saw,L4096_N1000_T10000,4096,1000,10000,216,mean_r2,1251.6858638743,191.0,1.198807871384279
2d,2,saw,L4096_N1000_T10000,4096,1000,10000,217,mean_r2,1244.8526315789,190.0,1.256480379915209
2d,2,saw,L4096_N1000_T10000,4096,1000,10000,218,mean_r2,1254.1063829787,188.0,1.3648056279074272
2d,2,saw,L4096_N1000_T10000,4096,1000,10000,219,mean_r2,1269.152173913,184.0,1.3460040611078896
2d,2,saw,L4096_N1000_T10000,4096,1000,10000,220,mean_r2,1281.9777777778,180.0,1.4122946787171125
2d,2,saw,L4096_N1000_T10000,4096,1000,10000,221,mean_r2,1278.604519774,177.0,1.2213556492049462
2d,2,saw,L4096_N1000_T10000,4096,1000,10000,222,mean_r2,1289.0171428571,175.0,1.457309552901188
2d,2,saw,L4096_N1000_T10000,4096,1000,10000,223,mean_r2,1299.5263157895,171.0,1.3230548992780202
2d,2,saw,L4096_N1000_T10000,4096,1000,10000,224,mean_r2,1304.8313253012,166.0,1.011824741697786
2d,2,saw,L4096_N1000_T10000,4096,1000,10000,225,mean_r2,1315.5365853659,164.0,0.8597336089985348
2d,2,saw,L4096_N1000_T10000,4096,1000,10000,226,mean_r2,1322.8198757764,161.0,1.1591167765325223
2d,2,saw,L4096_N1000_T10000,4096,1000,10000,227,mean_r2,1329.3270440252,159.0,1.1879023246034341
2d,2,saw,L4096_N1000_T10000,4096,1000,10000,228,mean_r2,1330.7770700637,157.0,1.4951960670771671
2d,2,saw,L4096_N1000_T10000,4096,1000,10000,229,mean_r2,1327.8051948052,154.0,1.604652071674939
2d,2,saw,L4096_N1000_T10000,4096,1000,10000,230,mean_r2,1331.9189189189,148.0,1.311131622799665
2d,2,saw,L4096_N1000_T10000,4096,1000,10000,231,mean_r2,1345.904109589,146.0,1.492933396180166
2d,2,saw,L4096_N1000_T10000,4096,1000,10000,232,mean_r2,1358.2797202797,143.0,1.5282589123160768
2d,2,saw,L4096_N1000_T10000,4096,1000,10000,233,mean_r2,1387.618705036,139.0,1.718396091177107
2d,2,saw,L4096_N1000_T10000,4096,1000,10000,234,mean_r2,1399.5588235294,136.0,1.8668860911430978
2d,2,saw,L4096_N1000_T10000,4096,1000,10000,235,mean_r2,1392.7209302326,129.0,1.9491287640806887
2d,2,saw,L4096_N1000_T10000,4096,1000,10000,236,mean_r2,1411.15,120.0,1.7789652936698495
2d,2,saw,L4096_N1000_T10000,4096,1000,10000,237,mean_r2,1419.8571428571,119.0,1.8534577175928277
2d,2,saw,L4096_N1000_T10000,4096,1000,10000,238,mean_r2,1432.649122807,114.0,1.5123591544635724
2d,2,saw,L4096_N1000_T10000,4096,1000,10000,239,mean_r2,1438.0973451327,113.0,1.4158933336668442
2d,2,saw,L4096_N1000_T10000,4096,1000,10000,240,mean_r2,1447.119266055,109.0,1.7896378376840845
2d,2,saw,L4096_N1000_T10000,4096,1000,10000,241,mean_r2,1451.2962962963,108.0,1.4638965691440655
2d,2,saw,L4096_N1000_T10000,4096,1000,10000,242,mean_r2,1468.785046729,107.0,1.7575722212558114
2d,2,saw,L4096_N1000_T10000,4096,1000,10000,243,mean_r2,1478.6699029126,103.0,1.7643643993166755
2d,2,saw,L4096_N1000_T10000,4096,1000,10000,244,mean_r2,1484.9900990099,101.0,1.4034658385866026
2d,2,saw,L4096_N1000_T10000,4096,1000,10000,245,mean_r2,1500.56,100.0,1.3742215704143304
2d,2,saw,L4096_N1000_T10000,4096,1000,10000,246,mean_r2,1499.5368421053,95.0,1.3395911698857412
2d,2,saw,L4096_N1000_T10000,4096,1000,10000,247,mean_r2,1526.829787234,94.0,1.1368308784991228
2d,2,saw,L4096_N1000_T10000,4096,1000,10000,248,mean_r2,1540.5555555556,90.0,0.9609628052786694
2d,2,saw,L4096_N1000_T10000,4096,1000,10000,249,mean_r2,1523.2528735632,87.0,0.7672869352687975
2d,2,saw,L4096_N1000_T10000,4096,1000,10000,250,mean_r2,1530.6206896552,87.0,0.915432868797344
2d,2,saw,L4096_N1000_T10000,4096,1000,10000,251,mean_r2,1532.5294117647,85.0,1.2372528756912267
2d,2,saw,L4096_N1000_T10000,4096,1000,10000,252,mean_r2,1537.9761904762,84.0,0.7155855871398421
2d,2,saw,L4096_N1000_T10000,4096,1000,10000,253,mean_r2,1537.0987654321,81.0,0.8148331410281264
2d,2,saw,L4096_N1000_T10000,4096,1000,10000,254,mean_r2,1531.4683544304,79.0,1.0174110592335437
2d,2,saw,L4096_N1000_T10000,4096,1000,10000,255,mean_r2,1556.5324675325,77.0,0.9667574753878715
2d,2,saw,L4096_N1000_T10000,4096,1000,10000,256,mean_r2,1575.3157894737,76.0,0.9372696455185576
2d,2,saw,L4096_N1000_T10000,4096,1000,10000,257,mean_r2,1570.8133333333,75.0,1.6518975958255981
2d,2,saw,L4096_N1000_T10000,4096,1000,10000,258,mean_r2,1590.9863013699,73.0,1.0185006521233888
2d,2,saw,L4096_N1000_T10000,4096,1000,10000,259,mean_r2,1585.5142857143,70.0,1.0492695406993986
2d,2,saw,L4096_N1000_T10000,4096,1000,10000,260,mean_r2,1589.7714285714,70.0,0.5205888290920546
2d,2,saw,L4096_N1000_T10000,4096,1000,10000,261,mean_r2,1589.6857142857,70.0,0.16914583271441064
2d,2,saw,L4096_N1000_T10000,4096,1000,10000,262,mean_r2,1640.0909090909,66.0,0.22983241863412038
2d,2,saw,L4096_N1000_T10000,4096,1000,10000,263,mean_r2,1599.0,64.0,0.4415903836245246
2d,2,saw,L4096_N1000_T10000,4096,1000,10000,264,mean_r2,1594.7936507937,63.0,1.074262968075941
2d,2,saw,L4096_N1000_T10000,4096,1000,10000,265,mean_r2,1588.0163934426,61.0,1.5001893252034983
2d,2,saw,L4096_N1000_T10000,4096,1000,10000,266,mean_r2,1585.5593220339,59.0,2.3742421068045867
2d,2,saw,L4096_N1000_T10000,4096,1000,10000,267,mean_r2,1584.6551724138,58.0,1.5713126120633625
2d,2,saw,L4096_N1000_T10000,4096,1000,10000,268,mean_r2,1617.9285714286,56.0,2.7655061952493205
2d,2,saw,L4096_N1000_T10000,4096,1000,10000,269,mean_r2,1651.3703703704,54.0,2.41965516627396
2d,2,saw,L4096_N1000_T10000,4096,1000,10000,270,mean_r2,1682.3773584906,53.0,3.0220484880579965
2d,2,saw,L4096_N1000_T10000,4096,1000,10000,271,mean_r2,1738.12,50.0,3.5055699196452195
2d,2,saw,L4096_N1000_T10000,4096,1000,10000,272,mean_r2,1739.52,50.0,3.9149755484117286
2d,2,saw,L4096_N1000_T10000,4096,1000,10000,273,mean_r2,1772.8367346939,49.0,2.4198655385924916
2d,2,saw,L4096_N1000_T10000,4096,1000,10000,274,mean_r2,1744.9130434783,46.0,1.934095004368634
2d,2,saw,L4096_N1000_T10000,4096,1000,10000,275,mean_r2,1776.1111111111,45.0,1.5904687666903468
2d,2,saw,L4096_N1000_T10000,4096,1000,10000,276,mean_r2,1804.5454545455,44.0,0.9032874250152855
2d,2,saw,L4096_N1000_T10000,4096,1000,10000,277,mean_r2,1830.0,44.0,1.5024435885768683
2d,2,saw,L4096_N1000_T10000,4096,1000,10000,278,mean_r2,1767.9069767442,43.0,1.0840552516259971
2d,2,saw,L4096_N1000_T10000,4096,1000,10000,279,mean_r2,1772.1627906977,43.0,1.7085724503905266
2d,2,saw,L4096_N1000_T10000,4096,1000,10000,280,mean_r2,1782.5581395349,43.0,1.3144562775861732
2d,2,saw,L4096_N1000_T10000,4096,1000,10000,281,mean_r2,1795.9523809524,42.0,1.1524728066162484
2d,2,saw,L4096_N1000_T10000,4096,1000,10000,282,mean_r2,1836.487804878,41.0,0.8380350442296335
2d,2,saw,L4096_N1000_T10000,4096,1000,10000,283,mean_r2,1843.3414634146,41.0,1.690903443046188
2d,2,saw,L4096_N1000_T10000,4096,1000,10000,284,mean_r2,1855.1219512195,41.0,1.6305423835204942
2d,2,saw,L4096_N1000_T10000,4096,1000,10000,285,mean_r2,1861.487804878,41.0,1.7826938945151098
2d,2,saw,L4096_N1000_T10000,4096,1000,10000,286,mean_r2,1880.1025641026,39.0,1.5735014589739236
2d,2,saw,L4096_N1000_T10000,4096,1000,10000,287,mean_r2,1885.2051282051,39.0,1.087302733559572
2d,2,saw,L4096_N1000_T10000,4096,1000,10000,288,mean_r2,1876.7692307692,39.0,1.0949130793947146
2d,2,saw,L4096_N1000_T10000,4096,1000,10000,289,mean_r2,1876.8974358974,39.0,0.2767110751035127
2d,2,saw,L4096_N1000_T10000,4096,1000,10000,290,mean_r2,1897.6315789474,38.0,0.5741692632956099
2d,2,saw,L4096_N1000_T10000,4096,1000,10000,291,mean_r2,1897.5405405405,37.0,0.42945018720477224
2d,2,saw,L4096_N1000_T10000,4096,1000,10000,292,mean_r2,1907.4054054054,37.0,0.42035303567392274
2d,2,saw,L4096_N1000_T10000,4096,1000,10000,293,mean_r2,1914.7777777778,36.0,0.37627183122922436
2d,2,saw,L4096_N1000_T10000,4096,1000,10000,294,mean_r2,1872.9714285714,35.0,0.9997206205132299
2d,2,saw,L4096_N1000_T10000,4096,1000,10000,295,mean_r2,1898.7142857143,35.0,0.04480399464911536
2d,2,saw,L4096_N1000_T10000,4096,1000,10000,296,mean_r2,1908.0571428571,35.0,0.5969365570140525
2d,2,saw,L4096_N1000_T10000,4096,1000,10000,297,mean_r2,1912.5428571429,35.0,1.4629914546823934
2d,2,saw,L4096_N1000_T10000,4096,1000,10000,298,mean_r2,1901.0285714286,35.0,0.8968498055776848
2d,2,saw,L4096_N1000_T10000,4096,1000,10000,299,mean_r2,1941.8235294118,34.0,1.5793264698555585
2d,2,saw,L4096_N1000_T10000,4096,1000,10000,300,mean_r2,1900.5161290323,31.0,0.9988159989332966
2d,2,saw,L4096_N1000_T10000,4096,1000,10000,301,mean_r2,1936.2,30.0,0.9626382288854156
2d,2,saw,L4096_N1000_T10000,4096,1000,10000,302,mean_r2,2003.724137931,29.0,1.9344993639417425
2d,2,saw,L4096_N1000_T10000,4096,1000,10000,303,mean_r2,1973.2857142857,28.0,2.014149359800388
2d,2,saw,L4096_N1000_T10000,4096,1000,10000,304,mean_r2,1974.5714285714,28.0,2.1781987474807885
2d,2,saw,L4096_N1000_T10000,4096,1000,10000,305,mean_r2,1963.0,28.0,2.54277585468492
2d,2,saw,L4096_N1000_T10000,4096,1000,10000,306,mean_r2,1970.0714285714,28.0,2.8883489261155555
2d,2,saw,L4096_N1000_T10000,4096,1000,10000,307,mean_r2,2039.0740740741,27.0,1.4527973287302585
2d,2,saw,L4096_N1000_T10000,4096,1000,10000,308,mean_r2,2031.7037037037,27.0,2.031406001029289
2d,2,saw,L4096_N1000_T10000,4096,1000,10000,309,mean_r2,2086.0769230769,26.0,3.134331247767736
2d,2,saw,L4096_N1000_T10000,4096,1000,10000,310,mean_r2,2065.7692307692,26.0,3.367504798747676
2d,2,saw,L4096_N1000_T10000,4096,1000,10000,311,mean_r2,2127.88,25.0,3.142276858347783
2d,2,saw,L4096_N1000_T10000,4096,1000,10000,312,mean_r2,2100.8333333333,24.0,2.0419264057140087
2d,2,saw,L4096_N1000_T10000,4096,1000,10000,313,mean_r2,2107.8333333333,24.0,1.9375146200482702
2d,2,saw,L4096_N1000_T10000,4096,1000,10000,314,mean_r2,2185.3913043478,23.0,1.11316476216452
2d,2,saw,L4096_N1000_T10000,4096,1000,10000,315,mean_r2,2188.2727272727,22.0,1.6202995182510276
2d,2,saw,L4096_N1000_T10000,4096,1000,10000,316,mean_r2,2179.5454545455,22.0,0.5729751035438954
2d,2,saw,L4096_N1000_T10000,4096,1000,10000,317,mean_r2,2177.0,22.0,0.8376480768801763
2d,2,saw,L4096_N1000_T10000,4096,1000,10000,318,mean_r2,2161.4545454545,22.0,-0.1003679869834819
2d,2,saw,L4096_N1000_T10000,4096,1000,10000,319,mean_r2,2161.3636363636,22.0,0.1704408132322319
2d,2,saw,L4096_N1000_T10000,4096,1000,10000,320,mean_r2,2174.8181818182,22.0,-1.8683336777655233
2d,2,saw,L4096_N1000_T10000,4096,1000,10000,321,mean_r2,2166.8181818182,22.0,-2.1569155141189267
2d,2,saw,L4096_N1000_T10000,4096,1000,10000,322,mean_r2,2157.0909090909,22.0,-2.100243597855411
2d,2,saw,L4096_N1000_T10000,4096,1000,10000,323,mean_r2,2101.1904761905,21.0,-0.6440749278088521
2d,2,saw,L4096_N1000_T10000,4096,1000,10000,324,mean_r2,2197.1,20.0,-0.17915534010427514
2d,2,saw,L4096_N1000_T10000,4096,1000,10000,325,mean_r2,2064.1578947368,19.0,-0.38809896304392943
2d,2,saw,L4096_N1000_T10000,4096,1000,10000,326,mean_r2,2037.8947368421,19.0,-0.38693312903790034
2d,2,saw,L4096_N1000_T10000,4096,1000,10000,327,mean_r2,2039.5263157895,19.0,1.3536429802958811
2d,2,saw,L4096_N1000_T10000,4096,1000,10000,328,mean_r2,2118.7777777778,18.0,2.832375671992846
2d,2,saw,L4096_N1000_T10000,4096,1000,10000,329,mean_r2,2149.4444444444,18.0,3.590366405019017
2d,2,saw,L4096_N1000_T10000,4096,1000,10000,330,mean_r2,2149.0,18.0,5.942427674946211
2d,2,saw,L4096_N1000_T10000,4096,1000,10000,331,mean_r2,2141.25,16.0,3.780722044229893
2d,2,saw,L4096_N1000_T10000,4096,1000,10000,332,mean_r2,2248.2666666667,15.0,4.367985237588122
2d,2,saw,L4096_N1000_T10000,4096,1000,10000,333,mean_r2,2290.7142857143,14.0,3.493657873528997
2d,2,saw,L4096_N1000_T10000,4096,1000,10000,334,mean_r2,2450.4615384615,13.0,3.6731080183947684
2d,2,saw,L4096_N1000_T10000,4096,1000,10000,335,mean_r2,2471.4615384615,13.0,4.420645587699455
2d,2,saw,L4096_N1000_T10000,4096,1000,10000,336,mean_r2,2284.5,12.0,5.141514117875595
2d,2,saw,L4096_N1000_T10000,4096,1000,10000,337,mean_r2,2326.3333333333,12.0,3.7019282572841266
2d,2,saw,L4096_N1000_T10000,4096,1000,10000,338,mean_r2,2353.1666666667,12.0,3.5887363092044247
2d,2,saw,L4096_N1000_T10000,4096,1000,10000,339,mean_r2,2399.3333333333,12.0,1.4337829713098391
2d,2,saw,L4096_N1000_T10000,4096,1000,10000,340,mean_r2,2452.1666666667,12.0,1.2452905669751606
2d,2,saw,L4096_N1000_T10000,4096,1000,10000,341,mean_r2,2495.3333333333,12.0,4.248875550659387
2d,2,saw,L4096_N1000_T10000,4096,1000,10000,342,mean_r2,2509.3333333333,12.0,3.706796840886702
2d,2,saw,L4096_N1000_T10000,4096,1000,10000,343,mean_r2,2547.3333333333,12.0,3.517766273325415
2d,2,saw,L4096_N1000_T10000,4096,1000,10000,344,mean_r2,2556.3333333333,12.0,0.2885534628306703
2d,2,saw,L4096_N1000_T10000,4096,1000,10000,345,mean_r2,2563.6666666667,12.0,2.8971850240095613
2d,2,saw,L4096_N1000_T10000,4096,1000,10000,346,mean_r2,2587.6666666667,12.0,2.9036909397874613
2d,2,saw,L4096_N1000_T10000,4096,1000,10000,347,mean_r2,2592.6666666667,12.0,5.543013755843509
2d,2,saw,L4096_N1000_T10000,4096,1000,10000,348,mean_r2,2607.3333333333,12.0,4.635756518459257
2d,2,saw,L4096_N1000_T10000,4096,1000,10000,349,mean_r2,2419.5454545455,11.0,4.259854657356172
2d,2,saw,L4096_N1000_T10000,4096,1000,10000,350,mean_r2,2667.0,10.0,4.251154539464953
2d,2,saw,L4096_N1000_T10000,4096,1000,10000,351,mean_r2,2713.8,10.0,3.6752909490671724
2d,2,saw,L4096_N1000_T10000,4096,1000,10000,352,mean_r2,2944.0,9.0,
2d,2,saw,L4096_N1000_T10000,4096,1000,10000,353,mean_r2,2910.3333333333,9.0,
2d,2,saw,L4096_N1000_T10000,4096,1000,10000,354,mean_r2,2888.2222222222,9.0,
2d,2,saw,L4096_N1000_T10000,4096,1000,10000,355,mean_r2,2894.7777777778,9.0,
2d,2,saw,L4096_N1000_T10000,4096,1000,10000,356,mean_r2,2873.3333333333,9.0,
2d,2,saw,L4096_N1000_T10000,4096,1000,10000,357,mean_r2,2913.8888888889,9.0,
2d,2,saw,L4096_N1000_T10000,4096,1000,10000,358,mean_r2,2889.7777777778,9.0,
2d,2,saw,L4096_N1000_T10000,4096,1000,10000,359,mean_r2,2882.3333333333,9.0,
2d,2,saw,L4096_N1000_T10000,4096,1000,10000,360,mean_r2,2855.3333333333,9.0,
2d,2,saw,L4096_N1000_T10000,4096,1000,10000,361,mean_r2,2906.3333333333,9.0,
2d,2,saw,L4096_N1000_T10000,4096,1000,10000,362,mean_r2,3286.0,8.0,
2d,2,saw,L4096_N1000_T10000,4096,1000,10000,363,mean_r2,3316.0,8.0,
2d,2,saw,L4096_N1000_T10000,4096,1000,10000,364,mean_r2,3318.5,8.0,
2d,2,saw,L4096_N1000_T10000,4096,1000,10000,365,mean_r2,3288.0,8.0,
2d,2,saw,L4096_N1000_T10000,4096,1000,10000,366,mean_r2,3276.0,8.0,
2d,2,saw,L4096_N1000_T10000,4096,1000,10000,367,mean_r2,3285.0,8.0,
2d,2,saw,L4096_N1000_T10000,4096,1000,10000,368,mean_r2,3249.5,8.0,
2d,2,saw,L4096_N1000_T10000,4096,1000,10000,369,mean_r2,3260.5,8.0,
2d,2,saw,L4096_N1000_T10000,4096,1000,10000,370,mean_r2,3287.0,8.0,
2d,2,saw,L4096_N1000_T10000,4096,1000,10000,371,mean_r2,3305.0,8.0,
2d,2,saw,L4096_N1000_T10000,4096,1000,10000,372,mean_r2,3320.25,8.0,
2d,2,saw,L4096_N1000_T10000,4096,1000,10000,373,mean_r2,3360.0,8.0,
2d,2,saw,L4096_N1000_T10000,4096,1000,10000,374,mean_r2,3418.25,8.0,
2d,2,saw,L4096_N1000_T10000,4096,1000,10000,375,mean_r2,3454.5,8.0,
2d,2,saw,L4096_N1000_T10000,4096,1000,10000,376,mean_r2,3427.5,8.0,
2d,2,saw,L4096_N1000_T10000,4096,1000,10000,377,mean_r2,3443.5,8.0,
2d,2,saw,L4096_N1000_T10000,4096,1000,10000,378,mean_r2,3822.0,7.0,
2d,2,saw,L4096_N1000_T10000,4096,1000,10000,379,mean_r2,3790.1428571429,7.0,
2d,2,saw,L4096_N1000_T10000,4096,1000,10000,380,mean_r2,3790.8571428571,7.0,
2d,2,saw,L4096_N1000_T10000,4096,1000,10000,381,mean_r2,3744.4285714286,7.0,
2d,2,saw,L4096_N1000_T10000,4096,1000,10000,382,mean_r2,3791.7142857143,7.0,
2d,2,saw,L4096_N1000_T10000,4096,1000,10000,383,mean_r2,3791.2857142857,7.0,
2d,2,saw,L4096_N1000_T10000,4096,1000,10000,384,mean_r2,3820.5714285714,7.0,
2d,2,saw,L4096_N1000_T10000,4096,1000,10000,385,mean_r2,3833.5714285714,7.0,
2d,2,saw,L4096_N1000_T10000,4096,1000,10000,386,mean_r2,3866.8571428571,7.0,
2d,2,saw,L4096_N1000_T10000,4096,1000,10000,387,mean_r2,3855.6666666667,6.0,
2d,2,saw,L4096_N1000_T10000,4096,1000,10000,388,mean_r2,3989.3333333333,3.0,
2d,2,saw,L4096_N1000_T10000,4096,1000,10000,389,mean_r2,4022.3333333333,3.0,
2d,2,saw,L4096_N1000_T10000,4096,1000,10000,390,mean_r2,3984.0,3.0,
2d,2,saw,L4096_N1000_T10000,4096,1000,10000,391,mean_r2,3945.0,3.0,
2d,2,saw,L4096_N1000_T10000,4096,1000,10000,392,mean_r2,3874.0,3.0,
2d,2,saw,L4096_N1000_T10000,4096,1000,10000,393,mean_r2,3862.3333333333,3.0,
2d,2,saw,L4096_N1000_T10000,4096,1000,10000,394,mean_r2,3871.3333333333,3.0,
2d,2,saw,L4096_N1000_T10000,4096,1000,10000,395,mean_r2,3882.3333333333,3.0,
2d,2,saw,L4096_N1000_T10000,4096,1000,10000,396,mean_r2,3821.3333333333,3.0,
2d,2,saw,L4096_N1000_T10000,4096,1000,10000,397,mean_r2,3778.3333333333,3.0,
2d,2,saw,L4096_N1000_T10000,4096,1000,10000,398,mean_r2,3737.3333333333,3.0,
2d,2,saw,L4096_N1000_T10000,4096,1000,10000,399,mean_r2,3698.3333333333,3.0,
2d,2,saw,L4096_N1000_T10000,4096,1000,10000,400,mean_r2,3688.0,3.0,
2d,2,saw,L4096_N1000_T10000,4096,1000,10000,401,mean_r2,3651.6666666667,3.0,
2d,2,saw,L4096_N1000_T10000,4096,1000,10000,402,mean_r2,3647.3333333333,3.0,
2d,2,saw,L4096_N1000_T10000,4096,1000,10000,403,mean_r2,3665.0,3.0,
2d,2,saw,L4096_N1000_T10000,4096,1000,10000,404,mean_r2,3635.3333333333,3.0,
2d,2,saw,L4096_N1000_T10000,4096,1000,10000,405,mean_r2,3493.0,2.0,
2d,2,saw,L4096_N1000_T10000,4096,1000,10000,406,mean_r2,3422.0,2.0,
2d,2,saw,L4096_N1000_T10000,4096,1000,10000,407,mean_r2,3495.0,2.0,
2d,2,saw,L4096_N1000_T10000,4096,1000,10000,408,mean_r2,5800.0,1.0,
2d,2,saw,L4096_N1000_T10000,4096,1000,10000,409,mean_r2,5933.0,1.0,
2d,2,saw,L4096_N1000_T10000,4096,1000,10000,410,mean_r2,6010.0,1.0,
2d,2,saw,L4096_N1000_T10000,4096,1000,10000,411,mean_r2,5877.0,1.0,
2d,2,saw,L4096_N1000_T10000,4096,1000,10000,412,mean_r2,5746.0,1.0,
2d,2,saw,L4096_N1000_T10000,4096,1000,10000,413,mean_r2,5825.0,1.0,
2d,2,saw,L4096_N1000_T10000,4096,1000,10000,414,mean_r2,5906.0,1.0,
2d,2,saw,L4096_N1000_T10000,4096,1000,10000,415,mean_r2,5989.0,1.0,
2d,2,saw,L4096_N1000_T10000,4096,1000,10000,416,mean_r2,6120.0,1.0,
2d,2,saw,L4096_N1000_T10000,4096,1000,10000,417,mean_r2,6205.0,1.0,
2d,2,saw,L4096_N1000_T10000,4096,1000,10000,418,mean_r2,6074.0,1.0,
2d,2,saw,L4096_N1000_T10000,4096,1000,10000,419,mean_r2,6161.0,1.0,
2d,2,saw,L4096_N1000_T10000,4096,1000,10000,420,mean_r2,6032.0,1.0,
2d,2,saw,L4096_N1000_T10000,4096,1000,10000,421,mean_r2,5905.0,1.0,
2d,2,saw,L4096_N1000_T10000,4096,1000,10000,422,mean_r2,5818.0,1.0,
2d,2,saw,L4096_N1000_T10000,4096,1000,10000,423,mean_r2,5733.0,1.0,
2d,2,saw,L4096_N1000_T10000,4096,1000,10000,424,mean_r2,5608.0,1.0,
2d,2,saw,L4096_N1000_T10000,4096,1000,10000,425,mean_r2,5485.0,1.0,
2d,2,saw,L4096_N1000_T10000,4096,1000,10000,426,mean_r2,5364.0,1.0,
2d,2,saw,L4096_N1000_T10000,4096,1000,10000,427,mean_r2,5281.0,1.0,
2d,2,saw,L4096_N1000_T10000,4096,1000,10000,428,mean_r2,5402.0,1.0,
2d,2,saw,L4096_N1000_T10000,4096,1000,10000,429,mean_r2,5321.0,1.0,
2d,2,saw,L4096_N1000_T10000,4096,1000,10000,430,mean_r2,5242.0,1.0,
2d,2,saw,L4096_N1000_T10000,4096,1000,10000,431,mean_r2,5365.0,1.0,
2d,2,saw,L4096_N1000_T10000,4096,1000,10000,432,mean_r2,5444.0,1.0,
2d,2,saw,L4096_N1000_T10000,4096,1000,10000,433,mean_r2,5525.0,1.0,
2d,2,saw,L4096_N1000_T10000,4096,1000,10000,434,mean_r2,5650.0,1.0,
2d,2,saw,L4096_N1000_T10000,4096,1000,10000,435,mean_r2,5777.0,1.0,
2d,2,saw,L4096_N1000_T10000,4096,1000,10000,436,mean_r2,5860.0,1.0,
2d,2,saw,L4096_N1000_T10000,4096,1000,10000,437,mean_r2,5945.0,1.0,
2d,2,saw,L8192_N1000_T10000,8192,1000,10000,1,mean_r2,1.0,10000.0,
2d,2,saw,L8192_N1000_T10000,8192,1000,10000,2,mean_r2,2.6578,10000.0,
2d,2,saw,L8192_N1000_T10000,8192,1000,10000,3,mean_r2,4.5424,10000.0,
2d,2,saw,L8192_N1000_T10000,8192,1000,10000,4,mean_r2,6.7284,10000.0,
2d,2,saw,L8192_N1000_T10000,8192,1000,10000,5,mean_r2,9.0452,10000.0,
2d,2,saw,L8192_N1000_T10000,8192,1000,10000,6,mean_r2,11.462,10000.0,1.3358254132215535
2d,2,saw,L8192_N1000_T10000,8192,1000,10000,7,mean_r2,13.9412,10000.0,1.303812583782165
2d,2,saw,L8192_N1000_T10000,8192,1000,10000,8,mean_r2,16.5791320036,9977.0,1.2936639706073192
2d,2,saw,L8192_N1000_T10000,8192,1000,10000,9,mean_r2,19.1250502614,9948.0,1.2753020734296705
2d,2,saw,L8192_N1000_T10000,8192,1000,10000,10,mean_r2,21.7957824639,9911.0,1.2647028296861915
2d,2,saw,L8192_N1000_T10000,8192,1000,10000,11,mean_r2,24.6104080186,9877.0,1.263418091902223
2d,2,saw,L8192_N1000_T10000,8192,1000,10000,12,mean_r2,27.4843638586,9817.0,1.2647940923238903
2d,2,saw,L8192_N1000_T10000,8192,1000,10000,13,mean_r2,30.2774418366,9757.0,1.26561816099326
2d,2,saw,L8192_N1000_T10000,8192,1000,10000,14,mean_r2,33.2477995237,9657.0,1.2764617652446157
2d,2,saw,L8192_N1000_T10000,8192,1000,10000,15,mean_r2,36.2939949958,9592.0,1.2812226796902582
2d,2,saw,L8192_N1000_T10000,8192,1000,10000,16,mean_r2,39.5764656352,9501.0,1.2783371230389862
2d,2,saw,L8192_N1000_T10000,8192,1000,10000,17,mean_r2,42.8242411378,9422.0,1.2785579015742872
2d,2,saw,L8192_N1000_T10000,8192,1000,10000,18,mean_r2,46.2690284487,9315.0,1.285455853858095
2d,2,saw,L8192_N1000_T10000,8192,1000,10000,19,mean_r2,49.6396357329,9224.0,1.2927019749215538
2d,2,saw,L8192_N1000_T10000,8192,1000,10000,20,mean_r2,52.9735310269,9105.0,1.3019211419818504
2d,2,saw,L8192_N1000_T10000,8192,1000,10000,21,mean_r2,56.248363838,9015.0,1.2962777800132956
2d,2,saw,L8192_N1000_T10000,8192,1000,10000,22,mean_r2,59.656134038,8893.0,1.295799441416236
2d,2,saw,L8192_N1000_T10000,8192,1000,10000,23,mean_r2,63.0427564248,8794.0,1.2904123500315607
2d,2,saw,L8192_N1000_T10000,8192,1000,10000,24,mean_r2,66.7363929889,8672.0,1.2865431262313507
2d,2,saw,L8192_N1000_T10000,8192,1000,10000,25,mean_r2,70.5771882669,8557.0,1.2869625641284967
2d,2,saw,L8192_N1000_T10000,8192,1000,10000,26,mean_r2,74.2611275964,8425.0,1.2942357378811262
2d,2,saw,L8192_N1000_T10000,8192,1000,10000,27,mean_r2,77.9892990261,8317.0,1.3028856838345182
2d,2,saw,L8192_N1000_T10000,8192,1000,10000,28,mean_r2,81.8279805353,8220.0,1.3100776266946554
2d,2,saw,L8192_N1000_T10000,8192,1000,10000,29,mean_r2,85.5253819616,8116.0,1.305525170036259
2d,2,saw,L8192_N1000_T10000,8192,1000,10000,30,mean_r2,89.2651174413,8004.0,1.2872425432683052
2d,2,saw,L8192_N1000_T10000,8192,1000,10000,31,mean_r2,93.1150823828,7890.0,1.288449315467795
2d,2,saw,L8192_N1000_T10000,8192,1000,10000,32,mean_r2,97.2008744856,7776.0,1.2952170095158886
2d,2,saw,L8192_N1000_T10000,8192,1000,10000,33,mean_r2,101.166601384,7659.0,1.2877910463301774
2d,2,saw,L8192_N1000_T10000,8192,1000,10000,34,mean_r2,105.159009665,7553.0,1.2891011226833813
2d,2,saw,L8192_N1000_T10000,8192,1000,10000,35,mean_r2,108.8344975819,7444.0,1.2981566589971352
2d,2,saw,L8192_N1000_T10000,8192,1000,10000,36,mean_r2,112.9423941168,7343.0,1.297214449964494
2d,2,saw,L8192_N1000_T10000,8192,1000,10000,37,mean_r2,117.2923992801,7223.0,1.2831144562405472
2d,2,saw,L8192_N1000_T10000,8192,1000,10000,38,mean_r2,121.2539370079,7112.0,1.280499505164142
2d,2,saw,L8192_N1000_T10000,8192,1000,10000,39,mean_r2,125.3023721063,6998.0,1.2829634836651356
2d,2,saw,L8192_N1000_T10000,8192,1000,10000,40,mean_r2,129.6796511628,6880.0,1.311818263278546
2d,2,saw,L8192_N1000_T10000,8192,1000,10000,41,mean_r2,133.8229551841,6761.0,1.3240707627828585
2d,2,saw,L8192_N1000_T10000,8192,1000,10000,42,mean_r2,137.7860045147,6645.0,1.3227138524794948
2d,2,saw,L8192_N1000_T10000,8192,1000,10000,43,mean_r2,141.9830041341,6531.0,1.3314039111600051
2d,2,saw,L8192_N1000_T10000,8192,1000,10000,44,mean_r2,146.3877487562,6432.0,1.3321835567840539
2d,2,saw,L8192_N1000_T10000,8192,1000,10000,45,mean_r2,151.3367088608,6320.0,1.329145972873936
2d,2,saw,L8192_N1000_T10000,8192,1000,10000,46,mean_r2,156.2468896429,6189.0,1.3292425245065138
2d,2,saw,L8192_N1000_T10000,8192,1000,10000,47,mean_r2,160.9513877484,6089.0,1.34416673454871
2d,2,saw,L8192_N1000_T10000,8192,1000,10000,48,mean_r2,165.4919786096,5984.0,1.346214976869864
2d,2,saw,L8192_N1000_T10000,8192,1000,10000,49,mean_r2,169.8324250681,5872.0,1.3378500468704764
2d,2,saw,L8192_N1000_T10000,8192,1000,10000,50,mean_r2,174.4533795494,5770.0,1.322709487930663
2d,2,saw,L8192_N1000_T10000,8192,1000,10000,51,mean_r2,178.8646934461,5676.0,1.3170461809093454
2d,2,saw,L8192_N1000_T10000,8192,1000,10000,52,mean_r2,183.6039497307,5570.0,1.2925576818930666
2d,2,saw,L8192_N1000_T10000,8192,1000,10000,53,mean_r2,188.1406593407,5460.0,1.2745344505140817
2d,2,saw,L8192_N1000_T10000,8192,1000,10000,54,mean_r2,192.5282948622,5372.0,1.2808300865395423
2d,2,saw,L8192_N1000_T10000,8192,1000,10000,55,mean_r2,197.3416019693,5281.0,1.2929783550534122
2d,2,saw,L8192_N1000_T10000,8192,1000,10000,56,mean_r2,202.4542477365,5191.0,1.2974118587502346
2d,2,saw,L8192_N1000_T10000,8192,1000,10000,57,mean_r2,206.5291357059,5114.0,1.2752157815570682
2d,2,saw,L8192_N1000_T10000,8192,1000,10000,58,mean_r2,210.6331877729,5038.0,1.267629380609404
2d,2,saw,L8192_N1000_T10000,8192,1000,10000,59,mean_r2,215.4404040404,4950.0,1.2804461784267644
2d,2,saw,L8192_N1000_T10000,8192,1000,10000,60,mean_r2,220.8304840371,4855.0,1.272097793364123
2d,2,saw,L8192_N1000_T10000,8192,1000,10000,61,mean_r2,225.6373165618,4770.0,1.2452147974135181
2d,2,saw,L8192_N1000_T10000,8192,1000,10000,62,mean_r2,229.7701690563,4673.0,1.2581674745751508
2d,2,saw,L8192_N1000_T10000,8192,1000,10000,63,mean_r2,234.2269457162,4587.0,1.2521705683857958
2d,2,saw,L8192_N1000_T10000,8192,1000,10000,64,mean_r2,239.3171600267,4493.0,1.2355882605159854
2d,2,saw,L8192_N1000_T10000,8192,1000,10000,65,mean_r2,244.0676350431,4406.0,1.2195307879364048
2d,2,saw,L8192_N1000_T10000,8192,1000,10000,66,mean_r2,248.4164358264,4332.0,1.214459200954835
2d,2,saw,L8192_N1000_T10000,8192,1000,10000,67,mean_r2,253.1072688779,4251.0,1.221586376341375
2d,2,saw,L8192_N1000_T10000,8192,1000,10000,68,mean_r2,257.0560882071,4172.0,1.2255738347342535
2d,2,saw,L8192_N1000_T10000,8192,1000,10000,69,mean_r2,261.4228515625,4096.0,1.2136505315575907
2d,2,saw,L8192_N1000_T10000,8192,1000,10000,70,mean_r2,266.5033640668,4013.0,1.2202722668148756
2d,2,saw,L8192_N1000_T10000,8192,1000,10000,71,mean_r2,271.3178807947,3926.0,1.2493055475903123
2d,2,saw,L8192_N1000_T10000,8192,1000,10000,72,mean_r2,275.8191709845,3860.0,1.242578951567289
2d,2,saw,L8192_N1000_T10000,8192,1000,10000,73,mean_r2,280.5768926405,3791.0,1.271624498532406
2d,2,saw,L8192_N1000_T10000,8192,1000,10000,74,mean_r2,285.4280333602,3717.0,1.3025191760852717
2d,2,saw,L8192_N1000_T10000,8192,1000,10000,75,mean_r2,290.6347634763,3636.0,1.2822299313622834
2d,2,saw,L8192_N1000_T10000,8192,1000,10000,76,mean_r2,296.2953586498,3555.0,1.2508302769273365
2d,2,saw,L8192_N1000_T10000,8192,1000,10000,77,mean_r2,300.8681192661,3488.0,1.2677436789019805
2d,2,saw,L8192_N1000_T10000,8192,1000,10000,78,mean_r2,306.0543224299,3424.0,1.2869355491964416
2d,2,saw,L8192_N1000_T10000,8192,1000,10000,79,mean_r2,311.8193202147,3354.0,1.3107187746460807
2d,2,saw,L8192_N1000_T10000,8192,1000,10000,80,mean_r2,316.272699666,3293.0,1.278887413385958
2d,2,saw,L8192_N1000_T10000,8192,1000,10000,81,mean_r2,319.9331690791,3247.0,1.245695219432897
2d,2,saw,L8192_N1000_T10000,8192,1000,10000,82,mean_r2,325.2582573136,3179.0,1.2725984780200181
2d,2,saw,L8192_N1000_T10000,8192,1000,10000,83,mean_r2,330.9826978533,3121.0,1.2769466460884278
2d,2,saw,L8192_N1000_T10000,8192,1000,10000,84,mean_r2,337.0144356955,3048.0,1.2671916880900087
2d,2,saw,L8192_N1000_T10000,8192,1000,10000,85,mean_r2,341.0867823765,2996.0,1.3072874196596334
2d,2,saw,L8192_N1000_T10000,8192,1000,10000,86,mean_r2,345.6207598372,2948.0,1.3520527564750795
2d,2,saw,L8192_N1000_T10000,8192,1000,10000,87,mean_r2,351.4472865538,2893.0,1.367333361868737
2d,2,saw,L8192_N1000_T10000,8192,1000,10000,88,mean_r2,357.0222536206,2831.0,1.394353077064579
2d,2,saw,L8192_N1000_T10000,8192,1000,10000,89,mean_r2,362.6574107465,2773.0,1.4061712598200522
2d,2,saw,L8192_N1000_T10000,8192,1000,10000,90,mean_r2,368.9204712813,2716.0,1.4371199193242703
2d,2,saw,L8192_N1000_T10000,8192,1000,10000,91,mean_r2,374.467517837,2663.0,1.4414638616084894
2d,2,saw,L8192_N1000_T10000,8192,1000,10000,92,mean_r2,380.6794331674,2611.0,1.3955660047388592
2d,2,saw,L8192_N1000_T10000,8192,1000,10000,93,mean_r2,387.8761755486,2552.0,1.4046208234567017
2d,2,saw,L8192_N1000_T10000,8192,1000,10000,94,mean_r2,394.7643769968,2504.0,1.3951251307437895
2d,2,saw,L8192_N1000_T10000,8192,1000,10000,95,mean_r2,400.2068403909,2456.0,1.3431452727568178
2d,2,saw,L8192_N1000_T10000,8192,1000,10000,96,mean_r2,405.0070276974,2419.0,1.2869015435576039
2d,2,saw,L8192_N1000_T10000,8192,1000,10000,97,mean_r2,409.076142132,2364.0,1.3181822349881482
2d,2,saw,L8192_N1000_T10000,8192,1000,10000,98,mean_r2,415.2905464007,2306.0,1.2424142411913097
2d,2,saw,L8192_N1000_T10000,8192,1000,10000,99,mean_r2,420.7405597512,2251.0,1.1935818323956477
2d,2,saw,L8192_N1000_T10000,8192,1000,10000,100,mean_r2,425.002722323,2204.0,1.1995767870259095
2d,2,saw,L8192_N1000_T10000,8192,1000,10000,101,mean_r2,428.2378303199,2157.0,1.2565963654753793
2d,2,saw,L8192_N1000_T10000,8192,1000,10000,102,mean_r2,436.1443494777,2106.0,1.3335080183371548
2d,2,saw,L8192_N1000_T10000,8192,1000,10000,103,mean_r2,440.3515092502,2054.0,1.318617172044102
2d,2,saw,L8192_N1000_T10000,8192,1000,10000,104,mean_r2,445.3923421183,2011.0,1.387579773463748
2d,2,saw,L8192_N1000_T10000,8192,1000,10000,105,mean_r2,451.2580316165,1961.0,1.4505260434416425
2d,2,saw,L8192_N1000_T10000,8192,1000,10000,106,mean_r2,458.7115987461,1914.0,1.507619948356276
2d,2,saw,L8192_N1000_T10000,8192,1000,10000,107,mean_r2,466.2594565796,1877.0,1.4835404018432183
2d,2,saw,L8192_N1000_T10000,8192,1000,10000,108,mean_r2,472.0572045332,1853.0,1.54407286271766
2d,2,saw,L8192_N1000_T10000,8192,1000,10000,109,mean_r2,480.8428334256,1807.0,1.5915757027602502
2d,2,saw,L8192_N1000_T10000,8192,1000,10000,110,mean_r2,488.0146726862,1772.0,1.6467342010504376
2d,2,saw,L8192_N1000_T10000,8192,1000,10000,111,mean_r2,493.7417677643,1731.0,1.6083242384087149
2d,2,saw,L8192_N1000_T10000,8192,1000,10000,112,mean_r2,501.0585452395,1691.0,1.575930422916053
2d,2,saw,L8192_N1000_T10000,8192,1000,10000,113,mean_r2,508.0832328106,1658.0,1.577278441122869
2d,2,saw,L8192_N1000_T10000,8192,1000,10000,114,mean_r2,515.4674846626,1630.0,1.4896613766816327
2d,2,saw,L8192_N1000_T10000,8192,1000,10000,115,mean_r2,524.1855090568,1601.0,1.4520143987133294
2d,2,saw,L8192_N1000_T10000,8192,1000,10000,116,mean_r2,530.2846202936,1567.0,1.4269790319508497
2d,2,saw,L8192_N1000_T10000,8192,1000,10000,117,mean_r2,536.7561608301,1542.0,1.4426667374646207
2d,2,saw,L8192_N1000_T10000,8192,1000,10000,118,mean_r2,542.8177014531,1514.0,1.4153805935451853
2d,2,saw,L8192_N1000_T10000,8192,1000,10000,119,mean_r2,548.0115724983,1469.0,1.4005153803809671
2d,2,saw,L8192_N1000_T10000,8192,1000,10000,120,mean_r2,553.7355601949,1437.0,1.312754764503807
2d,2,saw,L8192_N1000_T10000,8192,1000,10000,121,mean_r2,558.4160789845,1418.0,1.3131077014283903
2d,2,saw,L8192_N1000_T10000,8192,1000,10000,122,mean_r2,566.8546637744,1383.0,1.2829279389647246
2d,2,saw,L8192_N1000_T10000,8192,1000,10000,123,mean_r2,572.8733431517,1358.0,1.2568420419643425
2d,2,saw,L8192_N1000_T10000,8192,1000,10000,124,mean_r2,579.8873873874,1332.0,1.2989222186250666
2d,2,saw,L8192_N1000_T10000,8192,1000,10000,125,mean_r2,584.820668693,1316.0,1.3695004831691395
2d,2,saw,L8192_N1000_T10000,8192,1000,10000,126,mean_r2,591.1069767442,1290.0,1.3674267491828422
2d,2,saw,L8192_N1000_T10000,8192,1000,10000,127,mean_r2,596.3101265823,1264.0,1.347716703500738
2d,2,saw,L8192_N1000_T10000,8192,1000,10000,128,mean_r2,601.2508038585,1244.0,1.374193848746352
2d,2,saw,L8192_N1000_T10000,8192,1000,10000,129,mean_r2,608.5657894737,1216.0,1.304804593469753
2d,2,saw,L8192_N1000_T10000,8192,1000,10000,130,mean_r2,617.8871103623,1187.0,1.338786609406295
2d,2,saw,L8192_N1000_T10000,8192,1000,10000,131,mean_r2,622.4649350649,1155.0,1.3936914849040651
2d,2,saw,L8192_N1000_T10000,8192,1000,10000,132,mean_r2,630.3512797882,1133.0,1.4232346265690188
2d,2,saw,L8192_N1000_T10000,8192,1000,10000,133,mean_r2,637.8340888486,1103.0,1.4388055458566995
2d,2,saw,L8192_N1000_T10000,8192,1000,10000,134,mean_r2,641.6431226766,1076.0,1.489514511999441
2d,2,saw,L8192_N1000_T10000,8192,1000,10000,135,mean_r2,648.2909952607,1055.0,1.445453508396287
2d,2,saw,L8192_N1000_T10000,8192,1000,10000,136,mean_r2,657.4951456311,1030.0,1.528193805364931
2d,2,saw,L8192_N1000_T10000,8192,1000,10000,137,mean_r2,664.233201581,1012.0,1.4773865053722615
2d,2,saw,L8192_N1000_T10000,8192,1000,10000,138,mean_r2,669.9774358974,975.0,1.400284774402836
2d,2,saw,L8192_N1000_T10000,8192,1000,10000,139,mean_r2,680.1507430998,942.0,1.5222721302239135
2d,2,saw,L8192_N1000_T10000,8192,1000,10000,140,mean_r2,687.75,920.0,1.5253104956717491
2d,2,saw,L8192_N1000_T10000,8192,1000,10000,141,mean_r2,696.5260243632,903.0,1.5099159090545795
2d,2,saw,L8192_N1000_T10000,8192,1000,10000,142,mean_r2,702.1616161616,891.0,1.4648625541452123
2d,2,saw,L8192_N1000_T10000,8192,1000,10000,143,mean_r2,705.9839816934,874.0,1.5712565939008185
2d,2,saw,L8192_N1000_T10000,8192,1000,10000,144,mean_r2,715.9393939394,858.0,1.6193708566733551
2d,2,saw,L8192_N1000_T10000,8192,1000,10000,145,mean_r2,722.9476190476,840.0,1.7177727340404418
2d,2,saw,L8192_N1000_T10000,8192,1000,10000,146,mean_r2,731.8448484848,825.0,1.8155751549809385
2d,2,saw,L8192_N1000_T10000,8192,1000,10000,147,mean_r2,736.4455445545,808.0,1.7861449410039791
2d,2,saw,L8192_N1000_T10000,8192,1000,10000,148,mean_r2,747.8234552333,793.0,1.7241690346596337
2d,2,saw,L8192_N1000_T10000,8192,1000,10000,149,mean_r2,761.138996139,777.0,1.7118489952457419
2d,2,saw,L8192_N1000_T10000,8192,1000,10000,150,mean_r2,774.2845744681,752.0,1.7368065293630979
2d,2,saw,L8192_N1000_T10000,8192,1000,10000,151,mean_r2,788.7964236589,727.0,1.7219927345634527
2d,2,saw,L8192_N1000_T10000,8192,1000,10000,152,mean_r2,792.9157303371,712.0,1.6826577938405112
2d,2,saw,L8192_N1000_T10000,8192,1000,10000,153,mean_r2,793.2471264368,696.0,1.5741614343516157
2d,2,saw,L8192_N1000_T10000,8192,1000,10000,154,mean_r2,803.1390532544,676.0,1.5285027929477115
2d,2,saw,L8192_N1000_T10000,8192,1000,10000,155,mean_r2,811.7291981846,661.0,1.3831133575577477
2d,2,saw,L8192_N1000_T10000,8192,1000,10000,156,mean_r2,820.2830769231,650.0,1.2881033056082793
2d,2,saw,L8192_N1000_T10000,8192,1000,10000,157,mean_r2,822.6875,640.0,1.410616039432946
2d,2,saw,L8192_N1000_T10000,8192,1000,10000,158,mean_r2,828.8920634921,630.0,1.7417518009043282
2d,2,saw,L8192_N1000_T10000,8192,1000,10000,159,mean_r2,840.5902439024,615.0,1.6272975109207877
2d,2,saw,L8192_N1000_T10000,8192,1000,10000,160,mean_r2,846.5790349418,601.0,1.581307263614287
2d,2,saw,L8192_N1000_T10000,8192,1000,10000,161,mean_r2,856.7166947723,593.0,1.4168392434679047
2d,2,saw,L8192_N1000_T10000,8192,1000,10000,162,mean_r2,867.4826388889,576.0,1.6153240366346857
2d,2,saw,L8192_N1000_T10000,8192,1000,10000,163,mean_r2,885.7272727273,561.0,1.7016621261753082
2d,2,saw,L8192_N1000_T10000,8192,1000,10000,164,mean_r2,889.720508167,551.0,1.6545920985877698
2d,2,saw,L8192_N1000_T10000,8192,1000,10000,165,mean_r2,896.0808823529,544.0,1.6493257349325956
2d,2,saw,L8192_N1000_T10000,8192,1000,10000,166,mean_r2,895.7669172932,532.0,1.5448990588694065
2d,2,saw,L8192_N1000_T10000,8192,1000,10000,167,mean_r2,908.9766990291,515.0,1.5092629849828476
2d,2,saw,L8192_N1000_T10000,8192,1000,10000,168,mean_r2,920.1338582677,508.0,1.299840363623023
2d,2,saw,L8192_N1000_T10000,8192,1000,10000,169,mean_r2,929.8519269777,493.0,1.2674484888365072
2d,2,saw,L8192_N1000_T10000,8192,1000,10000,170,mean_r2,935.6049382716,486.0,1.1243744633060502
2d,2,saw,L8192_N1000_T10000,8192,1000,10000,171,mean_r2,940.3025210084,476.0,1.3445410689364243
2d,2,saw,L8192_N1000_T10000,8192,1000,10000,172,mean_r2,949.5588865096,467.0,1.093014544558743
2d,2,saw,L8192_N1000_T10000,8192,1000,10000,173,mean_r2,957.0,457.0,0.920513901227366
2d,2,saw,L8192_N1000_T10000,8192,1000,10000,174,mean_r2,959.0337078652,445.0,0.8871660109835664
2d,2,saw,L8192_N1000_T10000,8192,1000,10000,175,mean_r2,957.3695150115,433.0,0.8664979792234071
2d,2,saw,L8192_N1000_T10000,8192,1000,10000,176,mean_r2,969.0641330166,421.0,0.9491907951562296
2d,2,saw,L8192_N1000_T10000,8192,1000,10000,177,mean_r2,968.6319612591,413.0,0.9255860719874294
2d,2,saw,L8192_N1000_T10000,8192,1000,10000,178,mean_r2,970.4334975369,406.0,1.0609338686205696
2d,2,saw,L8192_N1000_T10000,8192,1000,10000,179,mean_r2,978.5050505051,396.0,1.2252144832434526
2d,2,saw,L8192_N1000_T10000,8192,1000,10000,180,mean_r2,983.109947644,382.0,1.4142446530602701
2d,2,saw,L8192_N1000_T10000,8192,1000,10000,181,mean_r2,992.4210526316,380.0,1.39949301526465
2d,2,saw,L8192_N1000_T10000,8192,1000,10000,182,mean_r2,1000.5493333333,375.0,1.516940929409502
2d,2,saw,L8192_N1000_T10000,8192,1000,10000,183,mean_r2,1015.7901907357,367.0,1.5580019190958994
2d,2,saw,L8192_N1000_T10000,8192,1000,10000,184,mean_r2,1026.9944134078,358.0,1.4198893705664704
2d,2,saw,L8192_N1000_T10000,8192,1000,10000,185,mean_r2,1035.6440677966,354.0,1.5350416377327392
2d,2,saw,L8192_N1000_T10000,8192,1000,10000,186,mean_r2,1046.9856733524,349.0,1.471291906753368
2d,2,saw,L8192_N1000_T10000,8192,1000,10000,187,mean_r2,1052.8479532164,342.0,1.3420863596841974
2d,2,saw,L8192_N1000_T10000,8192,1000,10000,188,mean_r2,1056.6943620178,337.0,1.220571330479196
2d,2,saw,L8192_N1000_T10000,8192,1000,10000,189,mean_r2,1057.0241691843,331.0,1.1090848382210114
2d,2,saw,L8192_N1000_T10000,8192,1000,10000,190,mean_r2,1068.1851851852,324.0,0.9740565471607646
2d,2,saw,L8192_N1000_T10000,8192,1000,10000,191,mean_r2,1074.1320754717,318.0,0.8888231931489778
2d,2,saw,L8192_N1000_T10000,8192,1000,10000,192,mean_r2,1075.0160771704,311.0,0.6594671649745906
2d,2,saw,L8192_N1000_T10000,8192,1000,10000,193,mean_r2,1083.9438943894,303.0,0.8431967235666673
2d,2,saw,L8192_N1000_T10000,8192,1000,10000,194,mean_r2,1089.0784982935,293.0,1.0591620021622592
2d,2,saw,L8192_N1000_T10000,8192,1000,10000,195,mean_r2,1090.1349480969,289.0,0.979853061830592
2d,2,saw,L8192_N1000_T10000,8192,1000,10000,196,mean_r2,1096.8705035971,278.0,1.1373941610021898
2d,2,saw,L8192_N1000_T10000,8192,1000,10000,197,mean_r2,1089.6470588235,272.0,1.2536804193328763
2d,2,saw,L8192_N1000_T10000,8192,1000,10000,198,mean_r2,1103.8943396226,265.0,1.1419888347959897
2d,2,saw,L8192_N1000_T10000,8192,1000,10000,199,mean_r2,1116.3513513514,259.0,1.329203867122069
2d,2,saw,L8192_N1000_T10000,8192,1000,10000,200,mean_r2,1123.2440944882,254.0,1.444219007358569
2d,2,saw,L8192_N1000_T10000,8192,1000,10000,201,mean_r2,1138.3227091633,251.0,1.4878509366715484
2d,2,saw,L8192_N1000_T10000,8192,1000,10000,202,mean_r2,1145.6680161943,247.0,1.7242085399422449
2d,2,saw,L8192_N1000_T10000,8192,1000,10000,203,mean_r2,1148.3138075314,239.0,1.4787657079678296
2d,2,saw,L8192_N1000_T10000,8192,1000,10000,204,mean_r2,1164.3234042553,235.0,1.242465310496788
2d,2,saw,L8192_N1000_T10000,8192,1000,10000,205,mean_r2,1171.7841409692,227.0,1.5039592567789302
2d,2,saw,L8192_N1000_T10000,8192,1000,10000,206,mean_r2,1181.1621621622,222.0,1.555066472146431
2d,2,saw,L8192_N1000_T10000,8192,1000,10000,207,mean_r2,1186.7614678899,218.0,1.9999179673938692
2d,2,saw,L8192_N1000_T10000,8192,1000,10000,208,mean_r2,1187.327014218,211.0,2.273257488511519
2d,2,saw,L8192_N1000_T10000,8192,1000,10000,209,mean_r2,1186.4705882353,204.0,2.2652829111291504
2d,2,saw,L8192_N1000_T10000,8192,1000,10000,210,mean_r2,1208.7653061224,196.0,2.1685132392470012
2d,2,saw,L8192_N1000_T10000,8192,1000,10000,211,mean_r2,1227.5979381443,194.0,2.3304884119892884
2d,2,saw,L8192_N1000_T10000,8192,1000,10000,212,mean_r2,1261.9032258065,186.0,2.612627102774535
2d,2,saw,L8192_N1000_T10000,8192,1000,10000,213,mean_r2,1280.956284153,183.0,2.700293389557112
2d,2,saw,L8192_N1000_T10000,8192,1000,10000,214,mean_r2,1297.6404494382,178.0,2.6333974514055782
2d,2,saw,L8192_N1000_T10000,8192,1000,10000,215,mean_r2,1299.2790697674,172.0,2.9061498603184126
2d,2,saw,L8192_N1000_T10000,8192,1000,10000,216,mean_r2,1319.125748503,167.0,2.3973376144887095
2d,2,saw,L8192_N1000_T10000,8192,1000,10000,217,mean_r2,1342.4390243902,164.0,1.8651278327738858
2d,2,saw,L8192_N1000_T10000,8192,1000,10000,218,mean_r2,1347.8385093168,161.0,1.9097477519161277
2d,2,saw,L8192_N1000_T10000,8192,1000,10000,219,mean_r2,1341.8662420382,157.0,1.7957488329479583
2d,2,saw,L8192_N1000_T10000,8192,1000,10000,220,mean_r2,1383.744966443,149.0,1.9787679240944136
2d,2,saw,L8192_N1000_T10000,8192,1000,10000,221,mean_r2,1371.7222222222,144.0,1.575794312345734
2d,2,saw,L8192_N1000_T10000,8192,1000,10000,222,mean_r2,1375.1830985915,142.0,1.4756968582067769
2d,2,saw,L8192_N1000_T10000,8192,1000,10000,223,mean_r2,1398.2554744526,137.0,1.1192693333601726
2d,2,saw,L8192_N1000_T10000,8192,1000,10000,224,mean_r2,1408.5481481481,135.0,1.308925522882257
2d,2,saw,L8192_N1000_T10000,8192,1000,10000,225,mean_r2,1421.5801526718,131.0,0.027596698342715484
2d,2,saw,L8192_N1000_T10000,8192,1000,10000,226,mean_r2,1416.6349206349,126.0,0.24284645520644657
2d,2,saw,L8192_N1000_T10000,8192,1000,10000,227,mean_r2,1434.7235772358,123.0,0.5461916088156814
2d,2,saw,L8192_N1000_T10000,8192,1000,10000,228,mean_r2,1417.2268907563,119.0,0.30824918473755436
2d,2,saw,L8192_N1000_T10000,8192,1000,10000,229,mean_r2,1422.6271186441,118.0,0.39303528203659993
2d,2,saw,L8192_N1000_T10000,8192,1000,10000,230,mean_r2,1385.4434782609,115.0,0.690113216176584
2d,2,saw,L8192_N1000_T10000,8192,1000,10000,231,mean_r2,1386.5438596491,114.0,0.8176795544545238
2d,2,saw,L8192_N1000_T10000,8192,1000,10000,232,mean_r2,1408.6785714286,112.0,-0.07240020488467828
2d,2,saw,L8192_N1000_T10000,8192,1000,10000,233,mean_r2,1417.2909090909,110.0,0.07899737926482049
2d,2,saw,L8192_N1000_T10000,8192,1000,10000,234,mean_r2,1432.9357798165,109.0,0.059721790566361885
2d,2,saw,L8192_N1000_T10000,8192,1000,10000,235,mean_r2,1464.8878504673,107.0,0.37013430357803434
2d,2,saw,L8192_N1000_T10000,8192,1000,10000,236,mean_r2,1467.6862745098,102.0,0.5592072406079336
2d,2,saw,L8192_N1000_T10000,8192,1000,10000,237,mean_r2,1430.2525252525,99.0,0.1756851337565061
2d,2,saw,L8192_N1000_T10000,8192,1000,10000,238,mean_r2,1422.0408163265,98.0,0.132021843284459
2d,2,saw,L8192_N1000_T10000,8192,1000,10000,239,mean_r2,1426.2631578947,95.0,-0.010419628426961565
2d,2,saw,L8192_N1000_T10000,8192,1000,10000,240,mean_r2,1407.4408602151,93.0,-0.6133249099491452
2d,2,saw,L8192_N1000_T10000,8192,1000,10000,241,mean_r2,1419.7956989247,93.0,-0.5742399471810588
2d,2,saw,L8192_N1000_T10000,8192,1000,10000,242,mean_r2,1419.1612903226,93.0,0.07222473912302149
2d,2,saw,L8192_N1000_T10000,8192,1000,10000,243,mean_r2,1425.1758241758,91.0,0.16108167172987192
2d,2,saw,L8192_N1000_T10000,8192,1000,10000,244,mean_r2,1432.3111111111,90.0,0.15926755025835873
2d,2,saw,L8192_N1000_T10000,8192,1000,10000,245,mean_r2,1427.9213483146,89.0,0.9125052683107865
2d,2,saw,L8192_N1000_T10000,8192,1000,10000,246,mean_r2,1433.1235955056,89.0,0.8235631706017067
2d,2,saw,L8192_N1000_T10000,8192,1000,10000,247,mean_r2,1434.5280898876,89.0,0.8648668124293173
2d,2,saw,L8192_N1000_T10000,8192,1000,10000,248,mean_r2,1431.5,88.0,1.0667824404066784
2d,2,saw,L8192_N1000_T10000,8192,1000,10000,249,mean_r2,1435.6046511628,86.0,1.0402471189276008
2d,2,saw,L8192_N1000_T10000,8192,1000,10000,250,mean_r2,1460.8571428571,84.0,0.763727917827898
2d,2,saw,L8192_N1000_T10000,8192,1000,10000,251,mean_r2,1468.1392405063,79.0,1.1083109719629263
2d,2,saw,L8192_N1000_T10000,8192,1000,10000,252,mean_r2,1469.7402597403,77.0,0.9772800697234051
2d,2,saw,L8192_N1000_T10000,8192,1000,10000,253,mean_r2,1487.8266666667,75.0,1.043708084369327
2d,2,saw,L8192_N1000_T10000,8192,1000,10000,254,mean_r2,1493.4246575342,73.0,1.2336159597763205
2d,2,saw,L8192_N1000_T10000,8192,1000,10000,255,mean_r2,1472.2222222222,72.0,0.9926402473521476
2d,2,saw,L8192_N1000_T10000,8192,1000,10000,256,mean_r2,1497.8309859155,71.0,1.6886666166706157
2d,2,saw,L8192_N1000_T10000,8192,1000,10000,257,mean_r2,1491.2608695652,69.0,1.7771829203162757
2d,2,saw,L8192_N1000_T10000,8192,1000,10000,258,mean_r2,1491.7971014493,69.0,1.5025972719853293
2d,2,saw,L8192_N1000_T10000,8192,1000,10000,259,mean_r2,1507.0588235294,68.0,1.5538283673737994
2d,2,saw,L8192_N1000_T10000,8192,1000,10000,260,mean_r2,1518.8529411765,68.0,2.487991244640321
2d,2,saw,L8192_N1000_T10000,8192,1000,10000,261,mean_r2,1568.2615384615,65.0,2.3378624945970774
2d,2,saw,L8192_N1000_T10000,8192,1000,10000,262,mean_r2,1574.9846153846,65.0,2.648252329912442
2d,2,saw,L8192_N1000_T10000,8192,1000,10000,263,mean_r2,1577.0625,64.0,3.1639011793258747
2d,2,saw,L8192_N1000_T10000,8192,1000,10000,264,mean_r2,1585.7741935484,62.0,2.55032096237149
2d,2,saw,L8192_N1000_T10000,8192,1000,10000,265,mean_r2,1620.0819672131,61.0,2.0650866826391816
2d,2,saw,L8192_N1000_T10000,8192,1000,10000,266,mean_r2,1638.2068965517,58.0,1.2813802643115646
2d,2,saw,L8192_N1000_T10000,8192,1000,10000,267,mean_r2,1649.8965517241,58.0,0.6570191996035264
2d,2,saw,L8192_N1000_T10000,8192,1000,10000,268,mean_r2,1682.5263157895,57.0,0.8136014510837459
2d,2,saw,L8192_N1000_T10000,8192,1000,10000,269,mean_r2,1659.9285714286,56.0,0.7728426200812942
2d,2,saw,L8192_N1000_T10000,8192,1000,10000,270,mean_r2,1641.962962963,54.0,-1.411776826677464
2d,2,saw,L8192_N1000_T10000,8192,1000,10000,271,mean_r2,1645.6666666667,54.0,-1.3225909973476757
2d,2,saw,L8192_N1000_T10000,8192,1000,10000,272,mean_r2,1614.2264150943,53.0,-1.710232584238257
2d,2,saw,L8192_N1000_T10000,8192,1000,10000,273,mean_r2,1625.679245283,53.0,-2.140886198359856
2d,2,saw,L8192_N1000_T10000,8192,1000,10000,274,mean_r2,1632.0,53.0,-1.1451406080204565
2d,2,saw,L8192_N1000_T10000,8192,1000,10000,275,mean_r2,1537.5384615385,52.0,-1.2540196980533524
2d,2,saw,L8192_N1000_T10000,8192,1000,10000,276,mean_r2,1560.1666666667,48.0,-0.7089851890888593
2d,2,saw,L8192_N1000_T10000,8192,1000,10000,277,mean_r2,1549.3404255319,47.0,0.5726256669582322
2d,2,saw,L8192_N1000_T10000,8192,1000,10000,278,mean_r2,1555.6086956522,46.0,0.3740445448661531
2d,2,saw,L8192_N1000_T10000,8192,1000,10000,279,mean_r2,1591.976744186,43.0,0.26576228959085835
2d,2,saw,L8192_N1000_T10000,8192,1000,10000,280,mean_r2,1568.7619047619,42.0,2.007090134651654
2d,2,saw,L8192_N1000_T10000,8192,1000,10000,281,mean_r2,1603.9268292683,41.0,1.8121647445975377
2d,2,saw,L8192_N1000_T10000,8192,1000,10000,282,mean_r2,1647.9473684211,38.0,2.192543931838967
2d,2,saw,L8192_N1000_T10000,8192,1000,10000,283,mean_r2,1647.7027027027,37.0,1.822756800961621
2d,2,saw,L8192_N1000_T10000,8192,1000,10000,284,mean_r2,1647.6216216216,37.0,1.366274998127955
2d,2,saw,L8192_N1000_T10000,8192,1000,10000,285,mean_r2,1651.8108108108,37.0,1.96355759504665
2d,2,saw,L8192_N1000_T10000,8192,1000,10000,286,mean_r2,1664.1081081081,37.0,1.042399386344061
2d,2,saw,L8192_N1000_T10000,8192,1000,10000,287,mean_r2,1674.6216216216,37.0,0.09806143325477397
2d,2,saw,L8192_N1000_T10000,8192,1000,10000,288,mean_r2,1659.1111111111,36.0,0.22126562608943454
2d,2,saw,L8192_N1000_T10000,8192,1000,10000,289,mean_r2,1670.4444444444,36.0,1.3642588596467573
2d,2,saw,L8192_N1000_T10000,8192,1000,10000,290,mean_r2,1680.6666666667,36.0,1.4095838585313847
2d,2,saw,L8192_N1000_T10000,8192,1000,10000,291,mean_r2,1663.4705882353,34.0,1.2641459614268566
2d,2,saw,L8192_N1000_T10000,8192,1000,10000,292,mean_r2,1653.5882352941,34.0,1.6564478928969937
2d,2,saw,L8192_N1000_T10000,8192,1000,10000,293,mean_r2,1660.4117647059,34.0,2.9019857967179936
2d,2,saw,L8192_N1000_T10000,8192,1000,10000,294,mean_r2,1727.2727272727,33.0,2.9217710928106237
2d,2,saw,L8192_N1000_T10000,8192,1000,10000,295,mean_r2,1734.0909090909,33.0,4.000112715420782
2d,2,saw,L8192_N1000_T10000,8192,1000,10000,296,mean_r2,1738.0,33.0,4.281454928742757
2d,2,saw,L8192_N1000_T10000,8192,1000,10000,297,mean_r2,1772.375,32.0,5.707728467749527
2d,2,saw,L8192_N1000_T10000,8192,1000,10000,298,mean_r2,1831.8666666667,30.0,5.183820878065173
2d,2,saw,L8192_N1000_T10000,8192,1000,10000,299,mean_r2,1845.0,30.0,3.860678749817518
2d,2,saw,L8192_N1000_T10000,8192,1000,10000,300,mean_r2,1924.7586206897,29.0,3.897128195603362
2d,2,saw,L8192_N1000_T10000,8192,1000,10000,301,mean_r2,1922.3793103448,29.0,4.869451847076531
2d,2,saw,L8192_N1000_T10000,8192,1000,10000,302,mean_r2,2004.0,27.0,4.323108621916725
2d,2,saw,L8192_N1000_T10000,8192,1000,10000,303,mean_r2,1975.9230769231,26.0,3.291396825994043
2d,2,saw,L8192_N1000_T10000,8192,1000,10000,304,mean_r2,1965.36,25.0,3.1258554357992563
2d,2,saw,L8192_N1000_T10000,8192,1000,10000,305,mean_r2,1974.6666666667,24.0,1.9910094177756799
2d,2,saw,L8192_N1000_T10000,8192,1000,10000,306,mean_r2,2043.2173913043,23.0,1.2181015805514674
2d,2,saw,L8192_N1000_T10000,8192,1000,10000,307,mean_r2,2045.1739130435,23.0,0.05101760417581939
2d,2,saw,L8192_N1000_T10000,8192,1000,10000,308,mean_r2,2042.0869565217,23.0,0.4791426349271256
2d,2,saw,L8192_N1000_T10000,8192,1000,10000,309,mean_r2,2044.8260869565,23.0,0.1339659633959808
2d,2,saw,L8192_N1000_T10000,8192,1000,10000,310,mean_r2,2054.6086956522,23.0,1.0752748410911621
2d,2,saw,L8192_N1000_T10000,8192,1000,10000,311,mean_r2,2000.4545454545,22.0,0.142952792471735
2d,2,saw,L8192_N1000_T10000,8192,1000,10000,312,mean_r2,2007.3333333333,21.0,1.98693076504034
2d,2,saw,L8192_N1000_T10000,8192,1000,10000,313,mean_r2,2006.9047619048,21.0,3.0884812412845295
2d,2,saw,L8192_N1000_T10000,8192,1000,10000,314,mean_r2,1973.9,20.0,3.886141122987344
2d,2,saw,L8192_N1000_T10000,8192,1000,10000,315,mean_r2,2044.3684210526,19.0,5.594998902091932
2d,2,saw,L8192_N1000_T10000,8192,1000,10000,316,mean_r2,2052.6315789474,19.0,6.611748498867942
2d,2,saw,L8192_N1000_T10000,8192,1000,10000,317,mean_r2,2179.6666666667,18.0,6.780870069458373
2d,2,saw,L8192_N1000_T10000,8192,1000,10000,318,mean_r2,2253.8823529412,17.0,6.463686425356294
2d,2,saw,L8192_N1000_T10000,8192,1000,10000,319,mean_r2,2314.25,16.0,6.7225815402665665
2d,2,saw,L8192_N1000_T10000,8192,1000,10000,320,mean_r2,2454.0,15.0,4.081966983693662
2d,2,saw,L8192_N1000_T10000,8192,1000,10000,321,mean_r2,2466.0666666667,15.0,4.29838545000768
2d,2,saw,L8192_N1000_T10000,8192,1000,10000,322,mean_r2,2486.1428571429,14.0,2.6191249731914343
2d,2,saw,L8192_N1000_T10000,8192,1000,10000,323,mean_r2,2459.2857142857,14.0,1.2561866407566424
2d,2,saw,L8192_N1000_T10000,8192,1000,10000,324,mean_r2,2437.0,14.0,0.832033497410274
2d,2,saw,L8192_N1000_T10000,8192,1000,10000,325,mean_r2,2322.5384615385,13.0,-0.9900695382774994
2d,2,saw,L8192_N1000_T10000,8192,1000,10000,326,mean_r2,2346.7692307692,13.0,-1.2789916800559076
2d,2,saw,L8192_N1000_T10000,8192,1000,10000,327,mean_r2,2364.3846153846,13.0,-1.5643278506675622
2d,2,saw,L8192_N1000_T10000,8192,1000,10000,328,mean_r2,2343.2727272727,11.0,-1.627887191524472
2d,2,saw,L8192_N1000_T10000,8192,1000,10000,329,mean_r2,2374.4545454545,11.0,-1.2968503659193942
2d,2,saw,L8192_N1000_T10000,8192,1000,10000,330,mean_r2,2380.3636363636,11.0,0.5140032605502305
2d,2,saw,L8192_N1000_T10000,8192,1000,10000,331,mean_r2,2371.1818181818,11.0,0.4152790958910928
2d,2,saw,L8192_N1000_T10000,8192,1000,10000,332,mean_r2,2370.0,11.0,0.10395386849846826
2d,2,saw,L8192_N1000_T10000,8192,1000,10000,333,mean_r2,2340.2,10.0,2.4709521207190317
2d,2,saw,L8192_N1000_T10000,8192,1000,10000,334,mean_r2,2342.8,10.0,1.7646042131033322
2d,2,saw,L8192_N1000_T10000,8192,1000,10000,335,mean_r2,2359.0,10.0,1.0556200073074427
2d,2,saw,L8192_N1000_T10000,8192,1000,10000,336,mean_r2,2376.4,10.0,0.8646851016326177
2d,2,saw,L8192_N1000_T10000,8192,1000,10000,337,mean_r2,2371.8,10.0,1.5210444936593805
2d,2,saw,L8192_N1000_T10000,8192,1000,10000,338,mean_r2,2523.7777777778,9.0,
2d,2,saw,L8192_N1000_T10000,8192,1000,10000,339,mean_r2,2503.2857142857,7.0,
2d,2,saw,L8192_N1000_T10000,8192,1000,10000,340,mean_r2,2456.5714285714,7.0,
2d,2,saw,L8192_N1000_T10000,8192,1000,10000,341,mean_r2,2433.0,7.0,
2d,2,saw,L8192_N1000_T10000,8192,1000,10000,342,mean_r2,2479.4285714286,7.0,
2d,2,saw,L8192_N1000_T10000,8192,1000,10000,343,mean_r2,2097.6666666667,6.0,
2d,2,saw,L8192_N1000_T10000,8192,1000,10000,344,mean_r2,2178.0,6.0,
2d,2,saw,L8192_N1000_T10000,8192,1000,10000,345,mean_r2,2196.3333333333,6.0,
2d,2,saw,L8192_N1000_T10000,8192,1000,10000,346,mean_r2,2193.6666666667,6.0,
2d,2,saw,L8192_N1000_T10000,8192,1000,10000,347,mean_r2,2193.0,6.0,
2d,2,saw,L8192_N1000_T10000,8192,1000,10000,348,mean_r2,2237.3333333333,6.0,
2d,2,saw,L8192_N1000_T10000,8192,1000,10000,349,mean_r2,2254.3333333333,6.0,
2d,2,saw,L8192_N1000_T10000,8192,1000,10000,350,mean_r2,2278.0,6.0,
2d,2,saw,L8192_N1000_T10000,8192,1000,10000,351,mean_r2,2318.3333333333,6.0,
2d,2,saw,L8192_N1000_T10000,8192,1000,10000,352,mean_r2,2323.3333333333,6.0,
2d,2,saw,L8192_N1000_T10000,8192,1000,10000,353,mean_r2,2314.3333333333,6.0,
2d,2,saw,L8192_N1000_T10000,8192,1000,10000,354,mean_r2,2364.6666666667,6.0,
2d,2,saw,L8192_N1000_T10000,8192,1000,10000,355,mean_r2,2380.3333333333,6.0,
2d,2,saw,L8192_N1000_T10000,8192,1000,10000,356,mean_r2,2373.3333333333,6.0,
2d,2,saw,L8192_N1000_T10000,8192,1000,10000,357,mean_r2,2398.3333333333,6.0,
2d,2,saw,L8192_N1000_T10000,8192,1000,10000,358,mean_r2,2401.3333333333,6.0,
2d,2,saw,L8192_N1000_T10000,8192,1000,10000,359,mean_r2,2389.0,6.0,
2d,2,saw,L8192_N1000_T10000,8192,1000,10000,360,mean_r2,2420.0,6.0,
2d,2,saw,L8192_N1000_T10000,8192,1000,10000,361,mean_r2,2479.6666666667,6.0,
2d,2,saw,L8192_N1000_T10000,8192,1000,10000,362,mean_r2,2501.6666666667,6.0,
2d,2,saw,L8192_N1000_T10000,8192,1000,10000,363,mean_r2,2515.0,6.0,
2d,2,saw,L8192_N1000_T10000,8192,1000,10000,364,mean_r2,2533.6666666667,6.0,
2d,2,saw,L8192_N1000_T10000,8192,1000,10000,365,mean_r2,2571.6666666667,6.0,
2d,2,saw,L8192_N1000_T10000,8192,1000,10000,366,mean_r2,2968.4,5.0,
2d,2,saw,L8192_N1000_T10000,8192,1000,10000,367,mean_r2,2963.4,5.0,
2d,2,saw,L8192_N1000_T10000,8192,1000,10000,368,mean_r2,2976.0,5.0,
2d,2,saw,L8192_N1000_T10000,8192,1000,10000,369,mean_r2,3000.2,5.0,
2d,2,saw,L8192_N1000_T10000,8192,1000,10000,370,mean_r2,3002.8,5.0,
2d,2,saw,L8192_N1000_T10000,8192,1000,10000,371,mean_r2,3042.6,5.0,
2d,2,saw,L8192_N1000_T10000,8192,1000,10000,372,mean_r2,3068.4,5.0,
2d,2,saw,L8192_N1000_T10000,8192,1000,10000,373,mean_r2,3027.4,5.0,
2d,2,saw,L8192_N1000_T10000,8192,1000,10000,374,mean_r2,3064.8,5.0,
2d,2,saw,L8192_N1000_T10000,8192,1000,10000,375,mean_r2,3080.2,5.0,
2d,2,saw,L8192_N1000_T10000,8192,1000,10000,376,mean_r2,3104.0,5.0,
2d,2,saw,L8192_N1000_T10000,8192,1000,10000,377,mean_r2,3121.8,5.0,
2d,2,saw,L8192_N1000_T10000,8192,1000,10000,378,mean_r2,3128.4,5.0,
2d,2,saw,L8192_N1000_T10000,8192,1000,10000,379,mean_r2,3129.8,5.0,
2d,2,saw,L8192_N1000_T10000,8192,1000,10000,380,mean_r2,3114.8,5.0,
2d,2,saw,L8192_N1000_T10000,8192,1000,10000,381,mean_r2,3099.4,5.0,
2d,2,saw,L8192_N1000_T10000,8192,1000,10000,382,mean_r2,3076.8,5.0,
2d,2,saw,L8192_N1000_T10000,8192,1000,10000,383,mean_r2,3343.0,4.0,
2d,2,saw,L8192_N1000_T10000,8192,1000,10000,384,mean_r2,3334.0,4.0,
2d,2,saw,L8192_N1000_T10000,8192,1000,10000,385,mean_r2,3134.3333333333,3.0,
2d,2,saw,L8192_N1000_T10000,8192,1000,10000,386,mean_r2,3180.0,3.0,
2d,2,saw,L8192_N1000_T10000,8192,1000,10000,387,mean_r2,3143.6666666667,3.0,
2d,2,saw,L8192_N1000_T10000,8192,1000,10000,388,mean_r2,3060.6666666667,3.0,
2d,2,saw,L8192_N1000_T10000,8192,1000,10000,389,mean_r2,2974.3333333333,3.0,
2d,2,saw,L8192_N1000_T10000,8192,1000,10000,390,mean_r2,2964.6666666667,3.0,
2d,2,saw,L8192_N1000_T10000,8192,1000,10000,391,mean_r2,2897.0,3.0,
2d,2,saw,L8192_N1000_T10000,8192,1000,10000,392,mean_r2,2817.3333333333,3.0,
2d,2,saw,L8192_N1000_T10000,8192,1000,10000,393,mean_r2,2774.3333333333,3.0,
2d,2,saw,L8192_N1000_T10000,8192,1000,10000,394,mean_r2,2697.3333333333,3.0,
2d,2,saw,L8192_N1000_T10000,8192,1000,10000,395,mean_r2,2717.0,3.0,
2d,2,saw,L8192_N1000_T10000,8192,1000,10000,396,mean_r2,2782.6666666667,3.0,
2d,2,saw,L8192_N1000_T10000,8192,1000,10000,397,mean_r2,2850.3333333333,3.0,
2d,2,saw,L8192_N1000_T10000,8192,1000,10000,398,mean_r2,2932.0,3.0,
2d,2,saw,L8192_N1000_T10000,8192,1000,10000,399,mean_r2,2195.0,2.0,
2d,2,saw,L8192_N1000_T10000,8192,1000,10000,400,mean_r2,2138.0,2.0,
2d,2,saw,L8192_N1000_T10000,8192,1000,10000,401,mean_r2,2245.0,1.0,
2d,2,saw,L8192_N1000_T10000,8192,1000,10000,402,mean_r2,2180.0,1.0,
2d,2,saw,L8192_N1000_T10000,8192,1000,10000,403,mean_r2,2117.0,1.0,
2d,2,saw,L8192_N1000_T10000,8192,1000,10000,404,mean_r2,2056.0,1.0,
2d,2,saw,L8192_N1000_T10000,8192,1000,10000,405,mean_r2,1989.0,1.0,
2d,2,saw,L8192_N1000_T10000,8192,1000,10000,406,mean_r2,1924.0,1.0,
2d,2,saw,L8192_N1000_T10000,8192,1000,10000,407,mean_r2,1985.0,1.0,
2d,2,saw,L8192_N1000_T10000,8192,1000,10000,408,mean_r2,2048.0,1.0,
2d,2,saw,L8192_N1000_T10000,8192,1000,10000,409,mean_r2,2113.0,1.0,
2d,2,saw,L8192_N1000_T10000,8192,1000,10000,410,mean_r2,2180.0,1.0,
2d,2,saw,L8192_N1000_T10000,8192,1000,10000,411,mean_r2,2249.0,1.0,
2d,2,saw,L8192_N1000_T10000,8192,1000,10000,412,mean_r2,2314.0,1.0,
2d,2,saw,L8192_N1000_T10000,8192,1000,10000,413,mean_r2,2385.0,1.0,
2d,2,saw,L8192_N1000_T10000,8192,1000,10000,414,mean_r2,2320.0,1.0,
2d,2,saw,L8192_N1000_T10000,8192,1000,10000,415,mean_r2,2393.0,1.0,
2d,2,saw,L8192_N1000_T10000,8192,1000,10000,416,mean_r2,2458.0,1.0,
2d,2,saw,L8192_N1000_T10000,8192,1000,10000,417,mean_r2,2533.0,1.0,
2d,2,saw,L8192_N1000_T10000,8192,1000,10000,418,mean_r2,2468.0,1.0,
2d,2,saw,L8192_N1000_T10000,8192,1000,10000,419,mean_r2,2545.0,1.0,
2d,2,saw,L8192_N1000_T10000,8192,1000,10000,420,mean_r2,2482.0,1.0,
2d,2,saw,L8192_N1000_T10000,8192,1000,10000,421,mean_r2,2561.0,1.0,
2d,2,saw,L8192_N1000_T10000,8192,1000,10000,422,mean_r2,2500.0,1.0,
2d,2,saw,L8192_N1000_T10000,8192,1000,10000,423,mean_r2,2441.0,1.0,
2d,2,saw,L8192_N1000_T10000,8192,1000,10000,424,mean_r2,2362.0,1.0,
2d,2,saw,L8192_N1000_T10000,8192,1000,10000,425,mean_r2,2305.0,1.0,
2d,2,saw,L8192_N1000_T10000,8192,1000,10000,426,mean_r2,2228.0,1.0,
2d,2,saw,L8192_N1000_T10000,8192,1000,10000,427,mean_r2,2173.0,1.0,
2d,2,saw,L8192_N1000_T10000,8192,1000,10000,428,mean_r2,2120.0,1.0,
2d,2,saw,L8192_N1000_T10000,8192,1000,10000,429,mean_r2,2197.0,1.0,
2d,2,saw,L8192_N1000_T10000,8192,1000,10000,430,mean_r2,2250.0,1.0,
2d,2,saw,L8192_N1000_T10000,8192,1000,10000,431,mean_r2,2329.0,1.0,
2d,2,saw,L8192_N1000_T10000,8192,1000,10000,432,mean_r2,2276.0,1.0,
2d,2,saw,L8192_N1000_T10000,8192,1000,10000,433,mean_r2,2225.0,1.0,
2d,2,saw,L8192_N1000_T10000,8192,1000,10000,434,mean_r2,2176.0,1.0,
2d,2,saw,L8192_N1000_T10000,8192,1000,10000,435,mean_r2,2129.0,1.0,
2d,2,saw,L8192_N1000_T10000,8192,1000,10000,436,mean_r2,2210.0,1.0,
2d,2,saw,L8192_N1000_T10000,8192,1000,10000,437,mean_r2,2165.0,1.0,
2d,2,saw,L8192_N1000_T10000,8192,1000,10000,438,mean_r2,2084.0,1.0,
2d,2,saw,L8192_N1000_T10000,8192,1000,10000,439,mean_r2,2041.0,1.0,
2d,2,saw,L8192_N1000_T10000,8192,1000,10000,440,mean_r2,1962.0,1.0,
2d,2,saw,L8192_N1000_T10000,8192,1000,10000,441,mean_r2,1921.0,1.0,
2d,2,saw,L8192_N1000_T10000,8192,1000,10000,442,mean_r2,1882.0,1.0,
2d,2,saw,L8192_N1000_T10000,8192,1000,10000,443,mean_r2,1805.0,1.0,
2d,2,saw,L8192_N1000_T10000,8192,1000,10000,444,mean_r2,1844.0,1.0,
2d,2,saw,L8192_N1000_T10000,8192,1000,10000,445,mean_r2,1769.0,1.0,
2d,2,saw,L8192_N1000_T10000,8192,1000,10000,446,mean_r2,1696.0,1.0,
2d,2,saw,L8192_N1000_T10000,8192,1000,10000,447,mean_r2,1625.0,1.0,
2d,2,saw,L8192_N1000_T10000,8192,1000,10000,448,mean_r2,1586.0,1.0,
2d,2,saw,L8192_N1000_T10000,8192,1000,10000,449,mean_r2,1549.0,1.0,
2d,2,saw,L8192_N1000_T10000,8192,1000,10000,450,mean_r2,1514.0,1.0,
2d,2,saw,L8192_N1000_T10000,8192,1000,10000,451,mean_r2,1445.0,1.0,
2d,2,saw,L8192_N1000_T10000,8192,1000,10000,452,mean_r2,1480.0,1.0,
2d,2,saw,L8192_N1000_T10000,8192,1000,10000,453,mean_r2,1517.0,1.0,
2d,2,saw,L8192_N1000_T10000,8192,1000,10000,454,mean_r2,1450.0,1.0,
2d,2,saw,L8192_N1000_T10000,8192,1000,10000,455,mean_r2,1413.0,1.0,
2d,2,saw,L8192_N1000_T10000,8192,1000,10000,456,mean_r2,1378.0,1.0,
2d,2,saw,L8192_N1000_T10000,8192,1000,10000,457,mean_r2,1345.0,1.0,
2d,2,saw,L8192_N1000_T10000,8192,1000,10000,458,mean_r2,1412.0,1.0,
2d,2,saw,L8192_N1000_T10000,8192,1000,10000,459,mean_r2,1381.0,1.0,
2d,2,saw,L8192_N1000_T10000,8192,1000,10000,460,mean_r2,1314.0,1.0,
2d,2,saw,L8192_N1000_T10000,8192,1000,10000,461,mean_r2,1249.0,1.0,
2d,2,saw,L8192_N1000_T10000,8192,1000,10000,462,mean_r2,1280.0,1.0,
2d,2,saw,L8192_N1000_T10000,8192,1000,10000,463,mean_r2,1313.0,1.0,
2d,2,saw,L8192_N1000_T10000,8192,1000,10000,464,mean_r2,1348.0,1.0,
2d,2,saw,L8192_N1000_T10000,8192,1000,10000,465,mean_r2,1285.0,1.0,
2d,2,saw,L8192_N1000_T10000,8192,1000,10000,466,mean_r2,1250.0,1.0,
2d,2,saw,L8192_N1000_T10000,8192,1000,10000,467,mean_r2,1217.0,1.0,
2d,2,saw,L8192_N1000_T10000,8192,1000,10000,468,mean_r2,1156.0,1.0,
2d,2,saw,L8192_N1000_T10000,8192,1000,10000,469,mean_r2,1189.0,1.0,
2d,2,saw,L8192_N1000_T10000,8192,1000,10000,470,mean_r2,1224.0,1.0,
2d,2,saw,L8192_N1000_T10000,8192,1000,10000,471,mean_r2,1165.0,1.0,
2d,2,saw,L8192_N1000_T10000,8192,1000,10000,472,mean_r2,1202.0,1.0,
2d,2,saw,L8192_N1000_T10000,8192,1000,10000,473,mean_r2,1261.0,1.0,
2d,2,saw,L8192_N1000_T10000,8192,1000,10000,474,mean_r2,1322.0,1.0,
2d,2,saw,L8192_N1000_T10000,8192,1000,10000,475,mean_r2,1361.0,1.0,
2d,2,saw,L8192_N1000_T10000,8192,1000,10000,476,mean_r2,1424.0,1.0,
2d,2,saw,L8192_N1000_T10000,8192,1000,10000,477,mean_r2,1385.0,1.0,
