trial,final_step,trapped,contact_dead,boundary_dead
0,6,1,1,0
1,5,1,1,0
2,6,1,1,0
3,8,1,1,0
4,1,1,1,0
5,1,1,1,0
6,8,1,1,0
7,1,1,1,0
8,2,1,1,0
9,1,1,1,0
10,4,1,1,0
11,5,1,1,0
12,2,1,1,0
13,3,1,1,0
14,7,1,1,0
15,1,1,1,0
16,5,1,1,0
17,6,1,1,0
18,3,1,1,0
19,1,1,1,0
20,5,1,1,0
21,10,1,1,0
22,3,1,1,0
23,3,1,1,0
24,6,1,1,0
25,4,1,1,0
26,4,1,1,0
27,5,1,1,0
28,6,1,1,0
29,10,1,1,0
30,1,1,1,0
31,2,1,1,0
32,3,1,1,0
33,5,1,1,0
34,2,1,1,0
35,4,1,1,0
36,3,1,1,0
37,2,1,1,0
38,1,1,1,0
39,1,1,1,0
40,1,1,1,0
41,1,1,1,0
42,4,1,1,0
43,7,1,1,0
44,3,1,1,0
45,1,1,1,0
46,2,1,1,0
47,1,1,1,0
48,4,1,1,0
49,1,1,1,0
50,3,1,1,0
51,4,1,1,0
52,9,1,1,0
53,5,1,1,0
54,2,1,1,0
55,1,1,1,0
56,1,1,1,0
57,9,1,1,0
58,4,1,1,0
59,2,1,1,0
60,1,1,1,0
61,8,1,1,0
62,3,1,1,0
63,1,1,1,0
64,1,1,1,0
65,4,1,1,0
66,2,1,1,0
67,10,1,1,0
68,1,1,1,0
69,3,1,1,0
70,7,1,1,0
71,3,1,1,0
72,4,1,1,0
73,3,1,1,0
74,1,1,1,0
75,1,1,1,0
76,1,1,1,0
77,9,1,1,0
78,1,1,1,0
79,8,1,1,0
80,1,1,1,0
81,4,1,1,0
82,9,1,1,0
83,6,1,1,0
84,5,1,1,0
85,3,1,1,0
86,7,1,1,0
87,5,1,1,0
88,6,1,1,0
89,3,1,1,0
90,1,1,1,0
91,2,1,1,0
92,1,1,1,0
93,4,1,1,0
94,1,1,1,0
95,2,1,1,0
96,7,1,1,0
97,2,1,1,0
98,5,1,1,0
99,8,1,1,0
100,3,1,1,0
101,2,1,1,0
102,3,1,1,0
103,1,1,1,0
104,3,1,1,0
105,3,1,1,0
106,2,1,1,0
107,6,1,1,0
108,2,1,1,0
109,4,1,1,0
110,4,1,1,0
111,3,1,1,0
112,6,1,1,0
113,6,1,1,0
114,3,1,1,0
115,5,1,1,0
116,6,1,1,0
117,2,1,1,0
118,1,1,1,0
119,2,1,1,0
120,2,1,1,0
121,3,1,1,0
122,7,1,1,0
123,1,1,1,0
124,5,1,1,0
125,1,1,1,0
126,1,1,1,0
127,2,1,1,0
128,7,1,1,0
129,5,1,1,0
130,8,1,1,0
131,3,1,1,0
132,1,1,1,0
133,6,1,1,0
134,8,1,1,0
135,2,1,1,0
136,1,1,1,0
137,1,1,1,0
138,1,1,1,0
139,3,1,1,0
140,1,1,1,0
141,1,1,1,0
142,1,1,1,0
143,1,1,1,0
144,3,1,1,0
145,8,1,1,0
146,1,1,1,0
147,2,1,1,0
148,2,1,1,0
149,9,1,1,0
150,4,1,1,0
151,7,1,1,0
152,1,1,1,0
153,6,1,1,0
154,1,1,1,0
155,1,1,1,0
156,2,1,1,0
157,1,1,1,0
158,1,1,1,0
159,1,1,1,0
160,2,1,1,0
161,1,1,1,0
162,2,1,1,0
163,9,1,1,0
164,3,1,1,0
165,3,1,1,0
166,1,1,1,0
167,3,1,1,0
168,3,1,1,0
169,9,1,1,0
170,3,1,1,0
171,1,1,1,0
172,4,1,1,0
173,2,1,1,0
174,6,1,1,0
175,9,1,1,0
176,1,1,1,0
177,5,1,1,0
178,3,1,1,0
179,1,1,1,0
180,2,1,1,0
181,10,1,1,0
182,2,1,1,0
183,1,1,1,0
184,5,1,1,0
185,1,1,1,0
186,5,1,1,0
187,1,1,1,0
188,1,1,1,0
189,5,1,1,0
190,3,1,1,0
191,1,1,1,0
192,3,1,1,0
193,2,1,1,0
194,6,1,1,0
195,3,1,1,0
196,4,1,1,0
197,3,1,1,0
198,9,1,1,0
199,10,1,1,0
200,4,1,1,0
201,1,1,1,0
202,4,1,1,0
203,3,1,1,0
204,9,1,1,0
205,3,1,1,0
206,2,1,1,0
207,4,1,1,0
208,2,1,1,0
209,12,1,1,0
210,4,1,1,0
211,4,1,1,0
212,4,1,1,0
213,3,1,1,0
214,1,1,1,0
215,1,1,1,0
216,6,1,1,0
217,3,1,1,0
218,2,1,1,0
219,3,1,1,0
220,3,1,1,0
221,6,1,1,0
222,1,1,1,0
223,1,1,1,0
224,1,1,1,0
225,1,1,1,0
226,2,1,1,0
227,1,1,1,0
228,1,1,1,0
229,4,1,1,0
230,4,1,1,0
231,2,1,1,0
232,8,1,1,0
233,1,1,1,0
234,5,1,1,0
235,4,1,1,0
236,3,1,1,0
237,1,1,1,0
238,3,1,1,0
239,1,1,1,0
240,9,1,1,0
241,2,1,1,0
242,1,1,1,0
243,9,1,1,0
244,5,1,1,0
245,3,1,1,0
246,3,1,1,0
247,1,1,1,0
248,3,1,1,0
249,3,1,1,0
250,6,1,1,0
251,1,1,1,0
252,6,1,1,0
253,3,1,1,0
254,1,1,1,0
255,1,1,1,0
256,1,1,1,0
257,3,1,1,0
258,2,1,1,0
259,5,1,1,0
260,1,1,1,0
261,1,1,1,0
262,13,1,1,0
263,6,1,1,0
264,1,1,1,0
265,2,1,1,0
266,3,1,1,0
267,3,1,1,0
268,2,1,1,0
269,1,1,1,0
270,2,1,1,0
271,8,1,1,0
272,3,1,1,0
273,6,1,1,0
274,1,1,1,0
275,2,1,1,0
276,1,1,1,0
277,5,1,1,0
278,3,1,1,0
279,1,1,1,0
280,3,1,1,0
281,1,1,1,0
282,2,1,1,0
283,4,1,1,0
284,1,1,1,0
285,3,1,1,0
286,1,1,1,0
287,12,1,1,0
288,3,1,1,0
289,2,1,1,0
290,3,1,1,0
291,2,1,1,0
292,1,1,1,0
293,1,1,1,0
294,3,1,1,0
295,2,1,1,0
296,2,1,1,0
297,7,1,1,0
298,2,1,1,0
299,1,1,1,0
300,3,1,1,0
301,4,1,1,0
302,7,1,1,0
303,1,1,1,0
304,7,1,1,0
305,3,1,1,0
306,6,1,1,0
307,2,1,1,0
308,3,1,1,0
309,1,1,1,0
310,12,1,1,0
311,1,1,1,0
312,2,1,1,0
313,1,1,1,0
314,4,1,1,0
315,1,1,1,0
316,2,1,1,0
317,2,1,1,0
318,2,1,1,0
319,6,1,1,0
320,5,1,1,0
321,1,1,1,0
322,5,1,1,0
323,2,1,1,0
324,4,1,1,0
325,1,1,1,0
326,2,1,1,0
327,2,1,1,0
328,1,1,1,0
329,2,1,1,0
330,2,1,1,0
331,1,1,1,0
332,4,1,1,0
333,5,1,1,0
334,2,1,1,0
335,1,1,1,0
336,1,1,1,0
337,1,1,1,0
338,5,1,1,0
339,1,1,1,0
340,1,1,1,0
341,2,1,1,0
342,8,1,1,0
343,4,1,1,0
344,7,1,1,0
345,2,1,1,0
346,1,1,1,0
347,5,1,1,0
348,5,1,1,0
349,2,1,1,0
350,3,1,1,0
351,2,1,1,0
352,6,1,1,0
353,3,1,1,0
354,3,1,1,0
355,1,1,1,0
356,1,1,1,0
357,1,1,1,0
358,1,1,1,0
359,5,1,1,0
360,1,1,1,0
361,1,1,1,0
362,9,1,1,0
363,1,1,1,0
364,1,1,1,0
365,6,1,1,0
366,10,1,1,0
367,5,1,1,0
368,4,1,1,0
369,3,1,1,0
370,4,1,1,0
371,1,1,1,0
372,2,1,1,0
373,3,1,1,0
374,9,1,1,0
375,4,1,1,0
376,1,1,1,0
377,1,1,1,0
378,5,1,1,0
379,1,1,1,0
380,12,1,1,0
381,7,1,1,0
382,2,1,1,0
383,2,1,1,0
384,4,1,1,0
385,7,1,1,0
386,4,1,1,0
387,2,1,1,0
388,3,1,1,0
389,6,1,1,0
390,5,1,1,0
391,1,1,1,0
392,1,1,1,0
393,5,1,1,0
394,7,1,1,0
395,11,1,1,0
396,1,1,1,0
397,1,1,1,0
398,3,1,1,0
399,3,1,1,0
400,3,1,1,0
401,4,1,1,0
402,9,1,1,0
403,1,1,1,0
404,10,1,1,0
405,4,1,1,0
406,10,1,1,0
407,1,1,1,0
408,2,1,1,0
409,2,1,1,0
410,2,1,1,0
411,2,1,1,0
412,3,1,1,0
413,6,1,1,0
414,1,1,1,0
415,2,1,1,0
416,1,1,1,0
417,4,1,1,0
418,1,1,1,0
419,15,1,1,0
420,3,1,1,0
421,1,1,1,0
422,4,1,1,0
423,2,1,1,0
424,5,1,1,0
425,2,1,1,0
426,3,1,1,0
427,2,1,1,0
428,4,1,1,0
429,10,1,1,0
430,2,1,1,0
431,2,1,1,0
432,3,1,1,0
433,1,1,1,0
434,5,1,1,0
435,7,1,1,0
436,2,1,1,0
437,2,1,1,0
438,1,1,1,0
439,3,1,1,0
440,11,1,1,0
441,3,1,1,0
442,4,1,1,0
443,2,1,1,0
444,8,1,1,0
445,2,1,1,0
446,1,1,1,0
447,3,1,1,0
448,12,1,1,0
449,7,1,1,0
450,7,1,1,0
451,10,1,1,0
452,2,1,1,0
453,8,1,1,0
454,2,1,1,0
455,9,1,1,0
456,2,1,1,0
457,1,1,1,0
458,1,1,1,0
459,2,1,1,0
460,4,1,1,0
461,4,1,1,0
462,4,1,1,0
463,4,1,1,0
464,10,1,1,0
465,3,1,1,0
466,1,1,1,0
467,1,1,1,0
468,1,1,1,0
469,3,1,1,0
470,5,1,1,0
471,1,1,1,0
472,3,1,1,0
473,1,1,1,0
474,8,1,1,0
475,1,1,1,0
476,1,1,1,0
477,3,1,1,0
478,2,1,1,0
479,3,1,1,0
480,3,1,1,0
481,6,1,1,0
482,2,1,1,0
483,2,1,1,0
484,5,1,1,0
485,7,1,1,0
486,3,1,1,0
487,3,1,1,0
488,3,1,1,0
489,9,1,1,0
490,9,1,1,0
491,3,1,1,0
492,6,1,1,0
493,3,1,1,0
494,3,1,1,0
495,3,1,1,0
496,2,1,1,0
497,1,1,1,0
498,6,1,1,0
499,8,1,1,0
500,3,1,1,0
501,11,1,1,0
502,2,1,1,0
503,4,1,1,0
504,2,1,1,0
505,3,1,1,0
506,9,1,1,0
507,1,1,1,0
508,15,1,1,0
509,3,1,1,0
510,2,1,1,0
511,2,1,1,0
512,3,1,1,0
513,2,1,1,0
514,7,1,1,0
515,2,1,1,0
516,5,1,1,0
517,5,1,1,0
518,2,1,1,0
519,2,1,1,0
520,2,1,1,0
521,2,1,1,0
522,7,1,1,0
523,2,1,1,0
524,3,1,1,0
525,1,1,1,0
526,4,1,1,0
527,1,1,1,0
528,2,1,1,0
529,5,1,1,0
530,3,1,1,0
531,3,1,1,0
532,2,1,1,0
533,5,1,1,0
534,1,1,1,0
535,7,1,1,0
536,1,1,1,0
537,5,1,1,0
538,2,1,1,0
539,1,1,1,0
540,4,1,1,0
541,3,1,1,0
542,1,1,1,0
543,3,1,1,0
544,4,1,1,0
545,2,1,1,0
546,4,1,1,0
547,1,1,1,0
548,4,1,1,0
549,1,1,1,0
550,3,1,1,0
551,1,1,1,0
552,4,1,1,0
553,1,1,1,0
554,1,1,1,0
555,1,1,1,0
556,4,1,1,0
557,4,1,1,0
558,7,1,1,0
559,6,1,1,0
560,5,1,1,0
561,7,1,1,0
562,1,1,1,0
563,1,1,1,0
564,3,1,1,0
565,4,1,1,0
566,2,1,1,0
567,2,1,1,0
568,4,1,1,0
569,1,1,1,0
570,4,1,1,0
571,4,1,1,0
572,8,1,1,0
573,1,1,1,0
574,3,1,1,0
575,6,1,1,0
576,1,1,1,0
577,5,1,1,0
578,7,1,1,0
579,3,1,1,0
580,5,1,1,0
581,5,1,1,0
582,1,1,1,0
583,2,1,1,0
584,3,1,1,0
585,3,1,1,0
586,1,1,1,0
587,1,1,1,0
588,1,1,1,0
589,2,1,1,0
590,1,1,1,0
591,3,1,1,0
592,3,1,1,0
593,4,1,1,0
594,4,1,1,0
595,7,1,1,0
596,11,1,1,0
597,6,1,1,0
598,4,1,1,0
599,5,1,1,0
600,2,1,1,0
601,1,1,1,0
602,11,1,1,0
603,3,1,1,0
604,1,1,1,0
605,7,1,1,0
606,1,1,1,0
607,7,1,1,0
608,7,1,1,0
609,3,1,1,0
610,3,1,1,0
611,4,1,1,0
612,1,1,1,0
613,2,1,1,0
614,1,1,1,0
615,5,1,1,0
616,2,1,1,0
617,1,1,1,0
618,2,1,1,0
619,2,1,1,0
620,13,1,1,0
621,1,1,1,0
622,2,1,1,0
623,1,1,1,0
624,9,1,1,0
625,1,1,1,0
626,2,1,1,0
627,1,1,1,0
628,6,1,1,0
629,1,1,1,0
630,5,1,1,0
631,3,1,1,0
632,2,1,1,0
633,4,1,1,0
634,10,1,1,0
635,8,1,1,0
636,9,1,1,0
637,2,1,1,0
638,1,1,1,0
639,2,1,1,0
640,8,1,1,0
641,6,1,1,0
642,2,1,1,0
643,3,1,1,0
644,4,1,1,0
645,9,1,1,0
646,3,1,1,0
647,1,1,1,0
648,4,1,1,0
649,2,1,1,0
650,7,1,1,0
651,2,1,1,0
652,5,1,1,0
653,3,1,1,0
654,8,1,1,0
655,4,1,1,0
656,6,1,1,0
657,1,1,1,0
658,4,1,1,0
659,10,1,1,0
660,12,1,1,0
661,1,1,1,0
662,1,1,1,0
663,3,1,1,0
664,1,1,1,0
665,2,1,1,0
666,4,1,1,0
667,2,1,1,0
668,1,1,1,0
669,2,1,1,0
670,3,1,1,0
671,4,1,1,0
672,5,1,1,0
673,1,1,1,0
674,1,1,1,0
675,3,1,1,0
676,4,1,1,0
677,5,1,1,0
678,2,1,1,0
679,7,1,1,0
680,3,1,1,0
681,5,1,1,0
682,1,1,1,0
683,1,1,1,0
684,5,1,1,0
685,1,1,1,0
686,1,1,1,0
687,13,1,1,0
688,1,1,1,0
689,4,1,1,0
690,4,1,1,0
691,1,1,1,0
692,10,1,1,0
693,5,1,1,0
694,5,1,1,0
695,2,1,1,0
696,5,1,1,0
697,4,1,1,0
698,1,1,1,0
699,8,1,1,0
700,5,1,1,0
701,9,1,1,0
702,1,1,1,0
703,5,1,1,0
704,2,1,1,0
705,3,1,1,0
706,3,1,1,0
707,2,1,1,0
708,6,1,1,0
709,1,1,1,0
710,3,1,1,0
711,6,1,1,0
712,1,1,1,0
713,3,1,1,0
714,1,1,1,0
715,3,1,1,0
716,3,1,1,0
717,4,1,1,0
718,3,1,1,0
719,8,1,1,0
720,10,1,1,0
721,3,1,1,0
722,3,1,1,0
723,5,1,1,0
724,1,1,1,0
725,5,1,1,0
726,4,1,1,0
727,4,1,1,0
728,1,1,1,0
729,1,1,1,0
730,3,1,1,0
731,2,1,1,0
732,3,1,1,0
733,1,1,1,0
734,1,1,1,0
735,4,1,1,0
736,4,1,1,0
737,5,1,1,0
738,2,1,1,0
739,4,1,1,0
740,4,1,1,0
741,4,1,1,0
742,2,1,1,0
743,4,1,1,0
744,4,1,1,0
745,8,1,1,0
746,3,1,1,0
747,4,1,1,0
748,7,1,1,0
749,5,1,1,0
750,2,1,1,0
751,7,1,1,0
752,2,1,1,0
753,5,1,1,0
754,2,1,1,0
755,2,1,1,0
756,1,1,1,0
757,10,1,1,0
758,6,1,1,0
759,2,1,1,0
760,4,1,1,0
761,7,1,1,0
762,6,1,1,0
763,2,1,1,0
764,2,1,1,0
765,3,1,1,0
766,9,1,1,0
767,2,1,1,0
768,3,1,1,0
769,3,1,1,0
770,4,1,1,0
771,3,1,1,0
772,10,1,1,0
773,1,1,1,0
774,2,1,1,0
775,1,1,1,0
776,1,1,1,0
777,11,1,1,0
778,3,1,1,0
779,2,1,1,0
780,1,1,1,0
781,7,1,1,0
782,5,1,1,0
783,3,1,1,0
784,2,1,1,0
785,9,1,1,0
786,5,1,1,0
787,1,1,1,0
788,5,1,1,0
789,2,1,1,0
790,1,1,1,0
791,3,1,1,0
792,7,1,1,0
793,4,1,1,0
794,1,1,1,0
795,1,1,1,0
796,4,1,1,0
797,1,1,1,0
798,4,1,1,0
799,1,1,1,0
800,1,1,1,0
801,3,1,1,0
802,1,1,1,0
803,3,1,1,0
804,9,1,1,0
805,6,1,1,0
806,5,1,1,0
807,3,1,1,0
808,10,1,1,0
809,3,1,1,0
810,2,1,1,0
811,1,1,1,0
812,2,1,1,0
813,1,1,1,0
814,5,1,1,0
815,12,1,1,0
816,2,1,1,0
817,3,1,1,0
818,1,1,1,0
819,7,1,1,0
820,3,1,1,0
821,2,1,1,0
822,2,1,1,0
823,7,1,1,0
824,8,1,1,0
825,3,1,1,0
826,1,1,1,0
827,3,1,1,0
828,4,1,1,0
829,2,1,1,0
830,2,1,1,0
831,3,1,1,0
832,1,1,1,0
833,2,1,1,0
834,4,1,1,0
835,4,1,1,0
836,1,1,1,0
837,3,1,1,0
838,3,1,1,0
839,1,1,1,0
840,8,1,1,0
841,1,1,1,0
842,1,1,1,0
843,6,1,1,0
844,8,1,1,0
845,10,1,1,0
846,1,1,1,0
847,1,1,1,0
848,2,1,1,0
849,4,1,1,0
850,6,1,1,0
851,3,1,1,0
852,5,1,1,0
853,1,1,1,0
854,7,1,1,0
855,2,1,1,0
856,3,1,1,0
857,2,1,1,0
858,2,1,1,0
859,7,1,1,0
860,1,1,1,0
861,2,1,1,0
862,4,1,1,0
863,3,1,1,0
864,3,1,1,0
865,6,1,1,0
866,2,1,1,0
867,4,1,1,0
868,3,1,1,0
869,2,1,1,0
870,4,1,1,0
871,4,1,1,0
872,5,1,1,0
873,9,1,1,0
874,3,1,1,0
875,2,1,1,0
876,5,1,1,0
877,5,1,1,0
878,5,1,1,0
879,3,1,1,0
880,1,1,1,0
881,1,1,1,0
882,7,1,1,0
883,5,1,1,0
884,16,1,1,0
885,4,1,1,0
886,1,1,1,0
887,3,1,1,0
888,1,1,1,0
889,2,1,1,0
890,1,1,1,0
891,3,1,1,0
892,2,1,1,0
893,8,1,1,0
894,5,1,1,0
895,1,1,1,0
896,4,1,1,0
897,2,1,1,0
898,5,1,1,0
899,4,1,1,0
900,1,1,1,0
901,2,1,1,0
902,3,1,1,0
903,3,1,1,0
904,3,1,1,0
905,1,1,1,0
906,6,1,1,0
907,8,1,1,0
908,1,1,1,0
909,4,1,1,0
910,2,1,1,0
911,1,1,1,0
912,9,1,1,0
913,1,1,1,0
914,2,1,1,0
915,6,1,1,0
916,2,1,1,0
917,1,1,1,0
918,4,1,1,0
919,2,1,1,0
920,2,1,1,0
921,3,1,1,0
922,3,1,1,0
923,3,1,1,0
924,8,1,1,0
925,1,1,1,0
926,1,1,1,0
927,3,1,1,0
928,8,1,1,0
929,4,1,1,0
930,8,1,1,0
931,2,1,1,0
932,1,1,1,0
933,3,1,1,0
934,4,1,1,0
935,5,1,1,0
936,2,1,1,0
937,7,1,1,0
938,3,1,1,0
939,1,1,1,0
940,1,1,1,0
941,2,1,1,0
942,6,1,1,0
943,3,1,1,0
944,1,1,1,0
945,3,1,1,0
946,7,1,1,0
947,3,1,1,0
948,1,1,1,0
949,1,1,1,0
950,4,1,1,0
951,1,1,1,0
952,7,1,1,0
953,2,1,1,0
954,1,1,1,0
955,9,1,1,0
956,2,1,1,0
957,5,1,1,0
958,6,1,1,0
959,3,1,1,0
960,4,1,1,0
961,2,1,1,0
962,1,1,1,0
963,3,1,1,0
964,5,1,1,0
965,5,1,1,0
966,2,1,1,0
967,8,1,1,0
968,8,1,1,0
969,3,1,1,0
970,5,1,1,0
971,3,1,1,0
972,1,1,1,0
973,4,1,1,0
974,6,1,1,0
975,3,1,1,0
976,3,1,1,0
977,5,1,1,0
978,6,1,1,0
979,3,1,1,0
980,5,1,1,0
981,5,1,1,0
982,2,1,1,0
983,1,1,1,0
984,3,1,1,0
985,1,1,1,0
986,1,1,1,0
987,1,1,1,0
988,9,1,1,0
989,1,1,1,0
990,2,1,1,0
991,2,1,1,0
992,3,1,1,0
993,3,1,1,0
994,4,1,1,0
995,12,1,1,0
996,1,1,1,0
997,5,1,1,0
998,2,1,1,0
999,12,1,1,0
1000,3,1,1,0
1001,3,1,1,0
1002,2,1,1,0
1003,2,1,1,0
1004,2,1,1,0
1005,2,1,1,0
1006,12,1,1,0
1007,3,1,1,0
1008,3,1,1,0
1009,3,1,1,0
1010,1,1,1,0
1011,4,1,1,0
1012,2,1,1,0
1013,4,1,1,0
1014,8,1,1,0
1015,6,1,1,0
1016,3,1,1,0
1017,5,1,1,0
1018,1,1,1,0
1019,1,1,1,0
1020,1,1,1,0
1021,3,1,1,0
1022,2,1,1,0
1023,1,1,1,0
1024,3,1,1,0
1025,2,1,1,0
1026,10,1,1,0
1027,4,1,1,0
1028,5,1,1,0
1029,1,1,1,0
1030,5,1,1,0
1031,6,1,1,0
1032,2,1,1,0
1033,8,1,1,0
1034,2,1,1,0
1035,1,1,1,0
1036,3,1,1,0
1037,2,1,1,0
1038,4,1,1,0
1039,2,1,1,0
1040,1,1,1,0
1041,5,1,1,0
1042,3,1,1,0
1043,1,1,1,0
1044,3,1,1,0
1045,2,1,1,0
1046,1,1,1,0
1047,4,1,1,0
1048,3,1,1,0
1049,2,1,1,0
1050,1,1,1,0
1051,3,1,1,0
1052,3,1,1,0
1053,3,1,1,0
1054,5,1,1,0
1055,3,1,1,0
1056,2,1,1,0
1057,2,1,1,0
1058,13,1,1,0
1059,2,1,1,0
1060,3,1,1,0
1061,4,1,1,0
1062,2,1,1,0
1063,1,1,1,0
1064,10,1,1,0
1065,5,1,1,0
1066,1,1,1,0
1067,1,1,1,0
1068,2,1,1,0
1069,6,1,1,0
1070,2,1,1,0
1071,1,1,1,0
1072,3,1,1,0
1073,4,1,1,0
1074,4,1,1,0
1075,4,1,1,0
1076,2,1,1,0
1077,5,1,1,0
1078,1,1,1,0
1079,4,1,1,0
1080,2,1,1,0
1081,2,1,1,0
1082,5,1,1,0
1083,5,1,1,0
1084,1,1,1,0
1085,8,1,1,0
1086,2,1,1,0
1087,1,1,1,0
1088,9,1,1,0
1089,4,1,1,0
1090,9,1,1,0
1091,3,1,1,0
1092,2,1,1,0
1093,2,1,1,0
1094,1,1,1,0
1095,2,1,1,0
1096,1,1,1,0
1097,1,1,1,0
1098,3,1,1,0
1099,8,1,1,0
1100,5,1,1,0
1101,3,1,1,0
1102,1,1,1,0
1103,4,1,1,0
1104,1,1,1,0
1105,3,1,1,0
1106,5,1,1,0
1107,1,1,1,0
1108,2,1,1,0
1109,4,1,1,0
1110,3,1,1,0
1111,12,1,1,0
1112,2,1,1,0
1113,3,1,1,0
1114,5,1,1,0
1115,5,1,1,0
1116,2,1,1,0
1117,2,1,1,0
1118,5,1,1,0
1119,6,1,1,0
1120,5,1,1,0
1121,2,1,1,0
1122,5,1,1,0
1123,3,1,1,0
1124,6,1,1,0
1125,2,1,1,0
1126,3,1,1,0
1127,3,1,1,0
1128,7,1,1,0
1129,2,1,1,0
1130,2,1,1,0
1131,5,1,1,0
1132,1,1,1,0
1133,1,1,1,0
1134,3,1,1,0
1135,3,1,1,0
1136,2,1,1,0
1137,3,1,1,0
1138,5,1,1,0
1139,2,1,1,0
1140,1,1,1,0
1141,3,1,1,0
1142,4,1,1,0
1143,5,1,1,0
1144,1,1,1,0
1145,1,1,1,0
1146,2,1,1,0
1147,2,1,1,0
1148,5,1,1,0
1149,2,1,1,0
1150,9,1,1,0
1151,1,1,1,0
1152,11,1,1,0
1153,2,1,1,0
1154,2,1,1,0
1155,1,1,1,0
1156,2,1,1,0
1157,1,1,1,0
1158,8,1,1,0
1159,1,1,1,0
1160,3,1,1,0
1161,4,1,1,0
1162,4,1,1,0
1163,2,1,1,0
1164,4,1,1,0
1165,7,1,1,0
1166,1,1,1,0
1167,3,1,1,0
1168,2,1,1,0
1169,8,1,1,0
1170,1,1,1,0
1171,3,1,1,0
1172,14,1,1,0
1173,6,1,1,0
1174,4,1,1,0
1175,3,1,1,0
1176,7,1,1,0
1177,3,1,1,0
1178,7,1,1,0
1179,1,1,1,0
1180,2,1,1,0
1181,1,1,1,0
1182,14,1,1,0
1183,1,1,1,0
1184,1,1,1,0
1185,16,1,1,0
1186,3,1,1,0
1187,2,1,1,0
1188,6,1,1,0
1189,3,1,1,0
1190,1,1,1,0
1191,3,1,1,0
1192,4,1,1,0
1193,1,1,1,0
1194,2,1,1,0
1195,2,1,1,0
1196,3,1,1,0
1197,3,1,1,0
1198,4,1,1,0
1199,2,1,1,0
1200,2,1,1,0
1201,2,1,1,0
1202,3,1,1,0
1203,11,1,1,0
1204,5,1,1,0
1205,5,1,1,0
1206,1,1,1,0
1207,1,1,1,0
1208,4,1,1,0
1209,8,1,1,0
1210,2,1,1,0
1211,8,1,1,0
1212,4,1,1,0
1213,1,1,1,0
1214,7,1,1,0
1215,1,1,1,0
1216,5,1,1,0
1217,1,1,1,0
1218,6,1,1,0
1219,1,1,1,0
1220,8,1,1,0
1221,8,1,1,0
1222,3,1,1,0
1223,3,1,1,0
1224,3,1,1,0
1225,3,1,1,0
1226,3,1,1,0
1227,1,1,1,0
1228,3,1,1,0
1229,3,1,1,0
1230,2,1,1,0
1231,1,1,1,0
1232,3,1,1,0
1233,4,1,1,0
1234,8,1,1,0
1235,1,1,1,0
1236,3,1,1,0
1237,8,1,1,0
1238,5,1,1,0
1239,1,1,1,0
1240,3,1,1,0
1241,7,1,1,0
1242,3,1,1,0
1243,5,1,1,0
1244,2,1,1,0
1245,3,1,1,0
1246,5,1,1,0
1247,4,1,1,0
1248,8,1,1,0
1249,7,1,1,0
1250,1,1,1,0
1251,6,1,1,0
1252,2,1,1,0
1253,3,1,1,0
1254,1,1,1,0
1255,1,1,1,0
1256,7,1,1,0
1257,1,1,1,0
1258,7,1,1,0
1259,1,1,1,0
1260,10,1,1,0
1261,1,1,1,0
1262,5,1,1,0
1263,5,1,1,0
1264,4,1,1,0
1265,4,1,1,0
1266,6,1,1,0
1267,3,1,1,0
1268,7,1,1,0
1269,3,1,1,0
1270,4,1,1,0
1271,4,1,1,0
1272,4,1,1,0
1273,2,1,1,0
1274,5,1,1,0
1275,2,1,1,0
1276,2,1,1,0
1277,1,1,1,0
1278,3,1,1,0
1279,2,1,1,0
1280,4,1,1,0
1281,5,1,1,0
1282,4,1,1,0
1283,1,1,1,0
1284,1,1,1,0
1285,1,1,1,0
1286,8,1,1,0
1287,4,1,1,0
1288,1,1,1,0
1289,2,1,1,0
1290,4,1,1,0
1291,1,1,1,0
1292,1,1,1,0
1293,1,1,1,0
1294,9,1,1,0
1295,1,1,1,0
1296,1,1,1,0
1297,1,1,1,0
1298,12,1,1,0
1299,1,1,1,0
1300,1,1,1,0
1301,12,1,1,0
1302,3,1,1,0
1303,5,1,1,0
1304,1,1,1,0
1305,5,1,1,0
1306,1,1,1,0
1307,5,1,1,0
1308,1,1,1,0
1309,2,1,1,0
1310,2,1,1,0
1311,8,1,1,0
1312,1,1,1,0
1313,6,1,1,0
1314,4,1,1,0
1315,2,1,1,0
1316,1,1,1,0
1317,4,1,1,0
1318,1,1,1,0
1319,6,1,1,0
1320,3,1,1,0
1321,2,1,1,0
1322,8,1,1,0
1323,1,1,1,0
1324,3,1,1,0
1325,2,1,1,0
1326,4,1,1,0
1327,2,1,1,0
1328,3,1,1,0
1329,5,1,1,0
1330,9,1,1,0
1331,8,1,1,0
1332,1,1,1,0
1333,4,1,1,0
1334,1,1,1,0
1335,6,1,1,0
1336,5,1,1,0
1337,7,1,1,0
1338,4,1,1,0
1339,4,1,1,0
1340,8,1,1,0
1341,3,1,1,0
1342,2,1,1,0
1343,4,1,1,0
1344,1,1,1,0
1345,1,1,1,0
1346,3,1,1,0
1347,4,1,1,0
1348,3,1,1,0
1349,5,1,1,0
1350,5,1,1,0
1351,1,1,1,0
1352,7,1,1,0
1353,1,1,1,0
1354,2,1,1,0
1355,3,1,1,0
1356,2,1,1,0
1357,3,1,1,0
1358,1,1,1,0
1359,2,1,1,0
1360,4,1,1,0
1361,3,1,1,0
1362,13,1,1,0
1363,3,1,1,0
1364,5,1,1,0
1365,3,1,1,0
1366,14,1,1,0
1367,3,1,1,0
1368,19,1,1,0
1369,3,1,1,0
1370,1,1,1,0
1371,1,1,1,0
1372,6,1,1,0
1373,3,1,1,0
1374,3,1,1,0
1375,19,1,1,0
1376,3,1,1,0
1377,9,1,1,0
1378,7,1,1,0
1379,4,1,1,0
1380,2,1,1,0
1381,2,1,1,0
1382,5,1,1,0
1383,2,1,1,0
1384,4,1,1,0
1385,4,1,1,0
1386,3,1,1,0
1387,1,1,1,0
1388,6,1,1,0
1389,4,1,1,0
1390,1,1,1,0
1391,7,1,1,0
1392,1,1,1,0
1393,5,1,1,0
1394,3,1,1,0
1395,6,1,1,0
1396,2,1,1,0
1397,12,1,1,0
1398,5,1,1,0
1399,3,1,1,0
1400,3,1,1,0
1401,1,1,1,0
1402,8,1,1,0
1403,1,1,1,0
1404,2,1,1,0
1405,2,1,1,0
1406,3,1,1,0
1407,7,1,1,0
1408,1,1,1,0
1409,7,1,1,0
1410,3,1,1,0
1411,7,1,1,0
1412,8,1,1,0
1413,1,1,1,0
1414,4,1,1,0
1415,4,1,1,0
1416,1,1,1,0
1417,3,1,1,0
1418,3,1,1,0
1419,6,1,1,0
1420,1,1,1,0
1421,1,1,1,0
1422,1,1,1,0
1423,7,1,1,0
1424,2,1,1,0
1425,7,1,1,0
1426,11,1,1,0
1427,3,1,1,0
1428,3,1,1,0
1429,8,1,1,0
1430,7,1,1,0
1431,1,1,1,0
1432,6,1,1,0
1433,3,1,1,0
1434,13,1,1,0
1435,4,1,1,0
1436,2,1,1,0
1437,1,1,1,0
1438,8,1,1,0
1439,3,1,1,0
1440,4,1,1,0
1441,5,1,1,0
1442,8,1,1,0
1443,1,1,1,0
1444,1,1,1,0
1445,4,1,1,0
1446,8,1,1,0
1447,4,1,1,0
1448,1,1,1,0
1449,4,1,1,0
1450,1,1,1,0
1451,1,1,1,0
1452,3,1,1,0
1453,5,1,1,0
1454,6,1,1,0
1455,7,1,1,0
1456,5,1,1,0
1457,7,1,1,0
1458,1,1,1,0
1459,6,1,1,0
1460,1,1,1,0
1461,10,1,1,0
1462,1,1,1,0
1463,1,1,1,0
1464,2,1,1,0
1465,3,1,1,0
1466,1,1,1,0
1467,2,1,1,0
1468,2,1,1,0
1469,2,1,1,0
1470,12,1,1,0
1471,3,1,1,0
1472,7,1,1,0
1473,7,1,1,0
1474,1,1,1,0
1475,11,1,1,0
1476,1,1,1,0
1477,1,1,1,0
1478,1,1,1,0
1479,3,1,1,0
1480,6,1,1,0
1481,2,1,1,0
1482,3,1,1,0
1483,2,1,1,0
1484,1,1,1,0
1485,1,1,1,0
1486,13,1,1,0
1487,3,1,1,0
1488,2,1,1,0
1489,3,1,1,0
1490,3,1,1,0
1491,3,1,1,0
1492,2,1,1,0
1493,5,1,1,0
1494,5,1,1,0
1495,8,1,1,0
1496,1,1,1,0
1497,5,1,1,0
1498,1,1,1,0
1499,2,1,1,0
1500,1,1,1,0
1501,5,1,1,0
1502,4,1,1,0
1503,9,1,1,0
1504,3,1,1,0
1505,1,1,1,0
1506,4,1,1,0
1507,1,1,1,0
1508,3,1,1,0
1509,4,1,1,0
1510,2,1,1,0
1511,4,1,1,0
1512,2,1,1,0
1513,2,1,1,0
1514,3,1,1,0
1515,3,1,1,0
1516,6,1,1,0
1517,1,1,1,0
1518,4,1,1,0
1519,2,1,1,0
1520,3,1,1,0
1521,7,1,1,0
1522,1,1,1,0
1523,5,1,1,0
1524,5,1,1,0
1525,7,1,1,0
1526,3,1,1,0
1527,3,1,1,0
1528,3,1,1,0
1529,2,1,1,0
1530,6,1,1,0
1531,1,1,1,0
1532,2,1,1,0
1533,1,1,1,0
1534,5,1,1,0
1535,2,1,1,0
1536,5,1,1,0
1537,10,1,1,0
1538,1,1,1,0
1539,6,1,1,0
1540,4,1,1,0
1541,5,1,1,0
1542,6,1,1,0
1543,5,1,1,0
1544,3,1,1,0
1545,3,1,1,0
1546,2,1,1,0
1547,1,1,1,0
1548,6,1,1,0
1549,9,1,1,0
1550,1,1,1,0
1551,5,1,1,0
1552,5,1,1,0
1553,2,1,1,0
1554,1,1,1,0
1555,11,1,1,0
1556,1,1,1,0
1557,1,1,1,0
1558,3,1,1,0
1559,1,1,1,0
1560,7,1,1,0
1561,1,1,1,0
1562,5,1,1,0
1563,5,1,1,0
1564,3,1,1,0
1565,2,1,1,0
1566,4,1,1,0
1567,5,1,1,0
1568,6,1,1,0
1569,2,1,1,0
1570,3,1,1,0
1571,1,1,1,0
1572,8,1,1,0
1573,9,1,1,0
1574,4,1,1,0
1575,5,1,1,0
1576,4,1,1,0
1577,8,1,1,0
1578,2,1,1,0
1579,5,1,1,0
1580,6,1,1,0
1581,6,1,1,0
1582,1,1,1,0
1583,4,1,1,0
1584,3,1,1,0
1585,5,1,1,0
1586,2,1,1,0
1587,3,1,1,0
1588,5,1,1,0
1589,1,1,1,0
1590,1,1,1,0
1591,1,1,1,0
1592,2,1,1,0
1593,3,1,1,0
1594,3,1,1,0
1595,1,1,1,0
1596,1,1,1,0
1597,4,1,1,0
1598,1,1,1,0
1599,1,1,1,0
1600,6,1,1,0
1601,3,1,1,0
1602,5,1,1,0
1603,6,1,1,0
1604,5,1,1,0
1605,15,1,1,0
1606,1,1,1,0
1607,7,1,1,0
1608,1,1,1,0
1609,2,1,1,0
1610,12,1,1,0
1611,1,1,1,0
1612,4,1,1,0
1613,2,1,1,0
1614,2,1,1,0
1615,9,1,1,0
1616,7,1,1,0
1617,1,1,1,0
1618,3,1,1,0
1619,2,1,1,0
1620,1,1,1,0
1621,1,1,1,0
1622,9,1,1,0
1623,2,1,1,0
1624,3,1,1,0
1625,9,1,1,0
1626,7,1,1,0
1627,6,1,1,0
1628,2,1,1,0
1629,1,1,1,0
1630,3,1,1,0
1631,2,1,1,0
1632,3,1,1,0
1633,3,1,1,0
1634,2,1,1,0
1635,1,1,1,0
1636,6,1,1,0
1637,1,1,1,0
1638,6,1,1,0
1639,2,1,1,0
1640,4,1,1,0
1641,5,1,1,0
1642,1,1,1,0
1643,3,1,1,0
1644,4,1,1,0
1645,5,1,1,0
1646,1,1,1,0
1647,4,1,1,0
1648,1,1,1,0
1649,1,1,1,0
1650,1,1,1,0
1651,3,1,1,0
1652,1,1,1,0
1653,3,1,1,0
1654,1,1,1,0
1655,2,1,1,0
1656,4,1,1,0
1657,4,1,1,0
1658,1,1,1,0
1659,7,1,1,0
1660,2,1,1,0
1661,1,1,1,0
1662,7,1,1,0
1663,3,1,1,0
1664,6,1,1,0
1665,5,1,1,0
1666,3,1,1,0
1667,2,1,1,0
1668,1,1,1,0
1669,3,1,1,0
1670,3,1,1,0
1671,1,1,1,0
1672,5,1,1,0
1673,3,1,1,0
1674,1,1,1,0
1675,2,1,1,0
1676,3,1,1,0
1677,1,1,1,0
1678,1,1,1,0
1679,3,1,1,0
1680,5,1,1,0
1681,10,1,1,0
1682,1,1,1,0
1683,1,1,1,0
1684,5,1,1,0
1685,1,1,1,0
1686,2,1,1,0
1687,5,1,1,0
1688,2,1,1,0
1689,6,1,1,0
1690,4,1,1,0
1691,5,1,1,0
1692,4,1,1,0
1693,4,1,1,0
1694,9,1,1,0
1695,4,1,1,0
1696,1,1,1,0
1697,2,1,1,0
1698,2,1,1,0
1699,1,1,1,0
1700,2,1,1,0
1701,4,1,1,0
1702,2,1,1,0
1703,2,1,1,0
1704,1,1,1,0
1705,6,1,1,0
1706,3,1,1,0
1707,1,1,1,0
1708,1,1,1,0
1709,3,1,1,0
1710,2,1,1,0
1711,1,1,1,0
1712,3,1,1,0
1713,5,1,1,0
1714,3,1,1,0
1715,1,1,1,0
1716,3,1,1,0
1717,5,1,1,0
1718,1,1,1,0
1719,5,1,1,0
1720,3,1,1,0
1721,3,1,1,0
1722,9,1,1,0
1723,2,1,1,0
1724,1,1,1,0
1725,1,1,1,0
1726,3,1,1,0
1727,12,1,1,0
1728,1,1,1,0
1729,1,1,1,0
1730,5,1,1,0
1731,7,1,1,0
1732,6,1,1,0
1733,4,1,1,0
1734,2,1,1,0
1735,3,1,1,0
1736,4,1,1,0
1737,2,1,1,0
1738,4,1,1,0
1739,2,1,1,0
1740,3,1,1,0
1741,3,1,1,0
1742,6,1,1,0
1743,2,1,1,0
1744,4,1,1,0
1745,1,1,1,0
1746,11,1,1,0
1747,3,1,1,0
1748,5,1,1,0
1749,1,1,1,0
1750,6,1,1,0
1751,4,1,1,0
1752,3,1,1,0
1753,3,1,1,0
1754,2,1,1,0
1755,3,1,1,0
1756,5,1,1,0
1757,2,1,1,0
1758,2,1,1,0
1759,2,1,1,0
1760,6,1,1,0
1761,4,1,1,0
1762,2,1,1,0
1763,2,1,1,0
1764,3,1,1,0
1765,1,1,1,0
1766,12,1,1,0
1767,1,1,1,0
1768,7,1,1,0
1769,4,1,1,0
1770,6,1,1,0
1771,1,1,1,0
1772,1,1,1,0
1773,2,1,1,0
1774,8,1,1,0
1775,3,1,1,0
1776,4,1,1,0
1777,2,1,1,0
1778,4,1,1,0
1779,3,1,1,0
1780,1,1,1,0
1781,2,1,1,0
1782,4,1,1,0
1783,2,1,1,0
1784,2,1,1,0
1785,6,1,1,0
1786,4,1,1,0
1787,4,1,1,0
1788,1,1,1,0
1789,1,1,1,0
1790,5,1,1,0
1791,7,1,1,0
1792,9,1,1,0
1793,7,1,1,0
1794,2,1,1,0
1795,1,1,1,0
1796,1,1,1,0
1797,1,1,1,0
1798,1,1,1,0
1799,3,1,1,0
1800,3,1,1,0
1801,4,1,1,0
1802,3,1,1,0
1803,1,1,1,0
1804,1,1,1,0
1805,5,1,1,0
1806,10,1,1,0
1807,4,1,1,0
1808,2,1,1,0
1809,1,1,1,0
1810,10,1,1,0
1811,2,1,1,0
1812,3,1,1,0
1813,1,1,1,0
1814,2,1,1,0
1815,9,1,1,0
1816,4,1,1,0
1817,2,1,1,0
1818,1,1,1,0
1819,3,1,1,0
1820,2,1,1,0
1821,3,1,1,0
1822,3,1,1,0
1823,2,1,1,0
1824,3,1,1,0
1825,1,1,1,0
1826,1,1,1,0
1827,1,1,1,0
1828,5,1,1,0
1829,1,1,1,0
1830,3,1,1,0
1831,1,1,1,0
1832,1,1,1,0
1833,4,1,1,0
1834,2,1,1,0
1835,3,1,1,0
1836,14,1,1,0
1837,1,1,1,0
1838,9,1,1,0
1839,3,1,1,0
1840,7,1,1,0
1841,5,1,1,0
1842,6,1,1,0
1843,11,1,1,0
1844,4,1,1,0
1845,1,1,1,0
1846,1,1,1,0
1847,3,1,1,0
1848,5,1,1,0
1849,2,1,1,0
1850,4,1,1,0
1851,6,1,1,0
1852,2,1,1,0
1853,3,1,1,0
1854,1,1,1,0
1855,2,1,1,0
1856,2,1,1,0
1857,1,1,1,0
1858,1,1,1,0
1859,5,1,1,0
1860,3,1,1,0
1861,2,1,1,0
1862,1,1,1,0
1863,3,1,1,0
1864,3,1,1,0
1865,5,1,1,0
1866,4,1,1,0
1867,4,1,1,0
1868,4,1,1,0
1869,2,1,1,0
1870,3,1,1,0
1871,3,1,1,0
1872,7,1,1,0
1873,2,1,1,0
1874,4,1,1,0
1875,10,1,1,0
1876,7,1,1,0
1877,1,1,1,0
1878,5,1,1,0
1879,4,1,1,0
1880,5,1,1,0
1881,2,1,1,0
1882,2,1,1,0
1883,3,1,1,0
1884,1,1,1,0
1885,5,1,1,0
1886,1,1,1,0
1887,4,1,1,0
1888,2,1,1,0
1889,6,1,1,0
1890,1,1,1,0
1891,2,1,1,0
1892,4,1,1,0
1893,4,1,1,0
1894,5,1,1,0
1895,1,1,1,0
1896,3,1,1,0
1897,1,1,1,0
1898,6,1,1,0
1899,1,1,1,0
1900,6,1,1,0
1901,1,1,1,0
1902,3,1,1,0
1903,5,1,1,0
1904,8,1,1,0
1905,4,1,1,0
1906,3,1,1,0
1907,2,1,1,0
1908,2,1,1,0
1909,1,1,1,0
1910,2,1,1,0
1911,5,1,1,0
1912,6,1,1,0
1913,3,1,1,0
1914,9,1,1,0
1915,6,1,1,0
1916,3,1,1,0
1917,12,1,1,0
1918,1,1,1,0
1919,1,1,1,0
1920,4,1,1,0
1921,2,1,1,0
1922,3,1,1,0
1923,1,1,1,0
1924,4,1,1,0
1925,1,1,1,0
1926,2,1,1,0
1927,1,1,1,0
1928,4,1,1,0
1929,2,1,1,0
1930,1,1,1,0
1931,3,1,1,0
1932,3,1,1,0
1933,2,1,1,0
1934,4,1,1,0
1935,1,1,1,0
1936,6,1,1,0
1937,2,1,1,0
1938,1,1,1,0
1939,3,1,1,0
1940,4,1,1,0
1941,3,1,1,0
1942,2,1,1,0
1943,1,1,1,0
1944,4,1,1,0
1945,6,1,1,0
1946,1,1,1,0
1947,3,1,1,0
1948,3,1,1,0
1949,3,1,1,0
1950,1,1,1,0
1951,3,1,1,0
1952,3,1,1,0
1953,7,1,1,0
1954,4,1,1,0
1955,7,1,1,0
1956,7,1,1,0
1957,1,1,1,0
1958,6,1,1,0
1959,1,1,1,0
1960,2,1,1,0
1961,7,1,1,0
1962,1,1,1,0
1963,7,1,1,0
1964,2,1,1,0
1965,4,1,1,0
1966,1,1,1,0
1967,3,1,1,0
1968,1,1,1,0
1969,3,1,1,0
1970,4,1,1,0
1971,2,1,1,0
1972,1,1,1,0
1973,1,1,1,0
1974,9,1,1,0
1975,4,1,1,0
1976,2,1,1,0
1977,1,1,1,0
1978,3,1,1,0
1979,3,1,1,0
1980,6,1,1,0
1981,8,1,1,0
1982,4,1,1,0
1983,1,1,1,0
1984,2,1,1,0
1985,7,1,1,0
1986,1,1,1,0
1987,5,1,1,0
1988,1,1,1,0
1989,1,1,1,0
1990,2,1,1,0
1991,7,1,1,0
1992,1,1,1,0
1993,1,1,1,0
1994,4,1,1,0
1995,1,1,1,0
1996,4,1,1,0
1997,2,1,1,0
1998,10,1,1,0
1999,7,1,1,0
2000,4,1,1,0
2001,2,1,1,0
2002,1,1,1,0
2003,3,1,1,0
2004,2,1,1,0
2005,2,1,1,0
2006,3,1,1,0
2007,1,1,1,0
2008,1,1,1,0
2009,6,1,1,0
2010,8,1,1,0
2011,2,1,1,0
2012,7,1,1,0
2013,2,1,1,0
2014,7,1,1,0
2015,4,1,1,0
2016,4,1,1,0
2017,1,1,1,0
2018,1,1,1,0
2019,2,1,1,0
2020,5,1,1,0
2021,1,1,1,0
2022,13,1,1,0
2023,2,1,1,0
2024,4,1,1,0
2025,5,1,1,0
2026,6,1,1,0
2027,12,1,1,0
2028,6,1,1,0
2029,5,1,1,0
2030,3,1,1,0
2031,1,1,1,0
2032,7,1,1,0
2033,5,1,1,0
2034,4,1,1,0
2035,1,1,1,0
2036,1,1,1,0
2037,3,1,1,0
2038,6,1,1,0
2039,2,1,1,0
2040,1,1,1,0
2041,2,1,1,0
2042,9,1,1,0
2043,4,1,1,0
2044,1,1,1,0
2045,6,1,1,0
2046,6,1,1,0
2047,5,1,1,0
2048,2,1,1,0
2049,3,1,1,0
2050,3,1,1,0
2051,4,1,1,0
2052,3,1,1,0
2053,2,1,1,0
2054,1,1,1,0
2055,1,1,1,0
2056,3,1,1,0
2057,3,1,1,0
2058,1,1,1,0
2059,2,1,1,0
2060,2,1,1,0
2061,2,1,1,0
2062,1,1,1,0
2063,1,1,1,0
2064,1,1,1,0
2065,1,1,1,0
2066,11,1,1,0
2067,3,1,1,0
2068,6,1,1,0
2069,10,1,1,0
2070,3,1,1,0
2071,4,1,1,0
2072,2,1,1,0
2073,1,1,1,0
2074,1,1,1,0
2075,4,1,1,0
2076,2,1,1,0
2077,1,1,1,0
2078,6,1,1,0
2079,1,1,1,0
2080,1,1,1,0
2081,5,1,1,0
2082,1,1,1,0
2083,4,1,1,0
2084,7,1,1,0
2085,1,1,1,0
2086,1,1,1,0
2087,1,1,1,0
2088,2,1,1,0
2089,3,1,1,0
2090,3,1,1,0
2091,4,1,1,0
2092,1,1,1,0
2093,5,1,1,0
2094,4,1,1,0
2095,1,1,1,0
2096,5,1,1,0
2097,3,1,1,0
2098,5,1,1,0
2099,2,1,1,0
2100,1,1,1,0
2101,8,1,1,0
2102,3,1,1,0
2103,4,1,1,0
2104,6,1,1,0
2105,2,1,1,0
2106,1,1,1,0
2107,1,1,1,0
2108,2,1,1,0
2109,8,1,1,0
2110,2,1,1,0
2111,3,1,1,0
2112,1,1,1,0
2113,1,1,1,0
2114,1,1,1,0
2115,9,1,1,0
2116,6,1,1,0
2117,1,1,1,0
2118,1,1,1,0
2119,2,1,1,0
2120,3,1,1,0
2121,1,1,1,0
2122,2,1,1,0
2123,1,1,1,0
2124,1,1,1,0
2125,6,1,1,0
2126,4,1,1,0
2127,1,1,1,0
2128,1,1,1,0
2129,5,1,1,0
2130,3,1,1,0
2131,12,1,1,0
2132,1,1,1,0
2133,6,1,1,0
2134,3,1,1,0
2135,6,1,1,0
2136,2,1,1,0
2137,4,1,1,0
2138,1,1,1,0
2139,5,1,1,0
2140,2,1,1,0
2141,4,1,1,0
2142,2,1,1,0
2143,2,1,1,0
2144,1,1,1,0
2145,2,1,1,0
2146,6,1,1,0
2147,1,1,1,0
2148,10,1,1,0
2149,4,1,1,0
2150,1,1,1,0
2151,5,1,1,0
2152,1,1,1,0
2153,5,1,1,0
2154,1,1,1,0
2155,1,1,1,0
2156,2,1,1,0
2157,1,1,1,0
2158,1,1,1,0
2159,1,1,1,0
2160,3,1,1,0
2161,2,1,1,0
2162,1,1,1,0
2163,5,1,1,0
2164,8,1,1,0
2165,1,1,1,0
2166,4,1,1,0
2167,1,1,1,0
2168,9,1,1,0
2169,1,1,1,0
2170,3,1,1,0
2171,2,1,1,0
2172,8,1,1,0
2173,2,1,1,0
2174,4,1,1,0
2175,2,1,1,0
2176,4,1,1,0
2177,4,1,1,0
2178,3,1,1,0
2179,1,1,1,0
2180,7,1,1,0
2181,2,1,1,0
2182,2,1,1,0
2183,1,1,1,0
2184,1,1,1,0
2185,1,1,1,0
2186,2,1,1,0
2187,5,1,1,0
2188,4,1,1,0
2189,1,1,1,0
2190,6,1,1,0
2191,4,1,1,0
2192,6,1,1,0
2193,1,1,1,0
2194,1,1,1,0
2195,2,1,1,0
2196,3,1,1,0
2197,1,1,1,0
2198,2,1,1,0
2199,4,1,1,0
2200,5,1,1,0
2201,2,1,1,0
2202,5,1,1,0
2203,2,1,1,0
2204,2,1,1,0
2205,3,1,1,0
2206,7,1,1,0
2207,2,1,1,0
2208,8,1,1,0
2209,7,1,1,0
2210,3,1,1,0
2211,8,1,1,0
2212,1,1,1,0
2213,1,1,1,0
2214,2,1,1,0
2215,7,1,1,0
2216,3,1,1,0
2217,3,1,1,0
2218,3,1,1,0
2219,1,1,1,0
2220,1,1,1,0
2221,1,1,1,0
2222,1,1,1,0
2223,3,1,1,0
2224,4,1,1,0
2225,5,1,1,0
2226,7,1,1,0
2227,3,1,1,0
2228,5,1,1,0
2229,4,1,1,0
2230,1,1,1,0
2231,5,1,1,0
2232,2,1,1,0
2233,2,1,1,0
2234,1,1,1,0
2235,4,1,1,0
2236,11,1,1,0
2237,9,1,1,0
2238,3,1,1,0
2239,2,1,1,0
2240,1,1,1,0
2241,3,1,1,0
2242,1,1,1,0
2243,2,1,1,0
2244,3,1,1,0
2245,2,1,1,0
2246,2,1,1,0
2247,7,1,1,0
2248,17,1,1,0
2249,3,1,1,0
2250,1,1,1,0
2251,1,1,1,0
2252,4,1,1,0
2253,12,1,1,0
2254,3,1,1,0
2255,2,1,1,0
2256,5,1,1,0
2257,4,1,1,0
2258,5,1,1,0
2259,5,1,1,0
2260,1,1,1,0
2261,11,1,1,0
2262,3,1,1,0
2263,2,1,1,0
2264,2,1,1,0
2265,6,1,1,0
2266,2,1,1,0
2267,5,1,1,0
2268,1,1,1,0
2269,4,1,1,0
2270,4,1,1,0
2271,3,1,1,0
2272,3,1,1,0
2273,2,1,1,0
2274,5,1,1,0
2275,1,1,1,0
2276,6,1,1,0
2277,2,1,1,0
2278,5,1,1,0
2279,2,1,1,0
2280,2,1,1,0
2281,1,1,1,0
2282,2,1,1,0
2283,3,1,1,0
2284,1,1,1,0
2285,7,1,1,0
2286,3,1,1,0
2287,3,1,1,0
2288,3,1,1,0
2289,2,1,1,0
2290,2,1,1,0
2291,4,1,1,0
2292,3,1,1,0
2293,11,1,1,0
2294,2,1,1,0
2295,4,1,1,0
2296,1,1,1,0
2297,2,1,1,0
2298,4,1,1,0
2299,5,1,1,0
2300,1,1,1,0
2301,2,1,1,0
2302,2,1,1,0
2303,1,1,1,0
2304,7,1,1,0
2305,9,1,1,0
2306,3,1,1,0
2307,3,1,1,0
2308,3,1,1,0
2309,1,1,1,0
2310,4,1,1,0
2311,4,1,1,0
2312,3,1,1,0
2313,2,1,1,0
2314,5,1,1,0
2315,3,1,1,0
2316,3,1,1,0
2317,7,1,1,0
2318,2,1,1,0
2319,3,1,1,0
2320,3,1,1,0
2321,12,1,1,0
2322,3,1,1,0
2323,3,1,1,0
2324,4,1,1,0
2325,2,1,1,0
2326,5,1,1,0
2327,2,1,1,0
2328,3,1,1,0
2329,8,1,1,0
2330,4,1,1,0
2331,5,1,1,0
2332,3,1,1,0
2333,3,1,1,0
2334,1,1,1,0
2335,10,1,1,0
2336,2,1,1,0
2337,3,1,1,0
2338,4,1,1,0
2339,1,1,1,0
2340,3,1,1,0
2341,13,1,1,0
2342,2,1,1,0
2343,16,1,1,0
2344,2,1,1,0
2345,1,1,1,0
2346,2,1,1,0
2347,9,1,1,0
2348,1,1,1,0
2349,2,1,1,0
2350,1,1,1,0
2351,3,1,1,0
2352,2,1,1,0
2353,5,1,1,0
2354,8,1,1,0
2355,3,1,1,0
2356,1,1,1,0
2357,4,1,1,0
2358,3,1,1,0
2359,5,1,1,0
2360,8,1,1,0
2361,1,1,1,0
2362,4,1,1,0
2363,1,1,1,0
2364,3,1,1,0
2365,4,1,1,0
2366,3,1,1,0
2367,3,1,1,0
2368,1,1,1,0
2369,6,1,1,0
2370,1,1,1,0
2371,1,1,1,0
2372,13,1,1,0
2373,1,1,1,0
2374,3,1,1,0
2375,8,1,1,0
2376,1,1,1,0
2377,1,1,1,0
2378,4,1,1,0
2379,3,1,1,0
2380,1,1,1,0
2381,5,1,1,0
2382,1,1,1,0
2383,2,1,1,0
2384,2,1,1,0
2385,2,1,1,0
2386,5,1,1,0
2387,1,1,1,0
2388,11,1,1,0
2389,1,1,1,0
2390,4,1,1,0
2391,6,1,1,0
2392,1,1,1,0
2393,1,1,1,0
2394,1,1,1,0
2395,3,1,1,0
2396,2,1,1,0
2397,1,1,1,0
2398,12,1,1,0
2399,9,1,1,0
2400,3,1,1,0
2401,1,1,1,0
2402,1,1,1,0
2403,1,1,1,0
2404,5,1,1,0
2405,2,1,1,0
2406,1,1,1,0
2407,2,1,1,0
2408,4,1,1,0
2409,1,1,1,0
2410,3,1,1,0
2411,12,1,1,0
2412,4,1,1,0
2413,1,1,1,0
2414,1,1,1,0
2415,4,1,1,0
2416,10,1,1,0
2417,6,1,1,0
2418,5,1,1,0
2419,3,1,1,0
2420,4,1,1,0
2421,3,1,1,0
2422,2,1,1,0
2423,9,1,1,0
2424,2,1,1,0
2425,1,1,1,0
2426,7,1,1,0
2427,6,1,1,0
2428,2,1,1,0
2429,5,1,1,0
2430,2,1,1,0
2431,1,1,1,0
2432,3,1,1,0
2433,1,1,1,0
2434,13,1,1,0
2435,20,1,1,0
2436,10,1,1,0
2437,1,1,1,0
2438,8,1,1,0
2439,2,1,1,0
2440,3,1,1,0
2441,2,1,1,0
2442,15,1,1,0
2443,7,1,1,0
2444,1,1,1,0
2445,8,1,1,0
2446,4,1,1,0
2447,5,1,1,0
2448,11,1,1,0
2449,1,1,1,0
2450,3,1,1,0
2451,1,1,1,0
2452,2,1,1,0
2453,2,1,1,0
2454,3,1,1,0
2455,3,1,1,0
2456,3,1,1,0
2457,2,1,1,0
2458,2,1,1,0
2459,1,1,1,0
2460,10,1,1,0
2461,3,1,1,0
2462,9,1,1,0
2463,1,1,1,0
2464,2,1,1,0
2465,5,1,1,0
2466,1,1,1,0
2467,5,1,1,0
2468,12,1,1,0
2469,5,1,1,0
2470,2,1,1,0
2471,8,1,1,0
2472,9,1,1,0
2473,6,1,1,0
2474,2,1,1,0
2475,1,1,1,0
2476,3,1,1,0
2477,4,1,1,0
2478,2,1,1,0
2479,1,1,1,0
2480,1,1,1,0
2481,4,1,1,0
2482,2,1,1,0
2483,4,1,1,0
2484,1,1,1,0
2485,1,1,1,0
2486,7,1,1,0
2487,1,1,1,0
2488,2,1,1,0
2489,1,1,1,0
2490,5,1,1,0
2491,5,1,1,0
2492,1,1,1,0
2493,4,1,1,0
2494,8,1,1,0
2495,1,1,1,0
2496,2,1,1,0
2497,4,1,1,0
2498,5,1,1,0
2499,9,1,1,0
2500,1,1,1,0
2501,1,1,1,0
2502,3,1,1,0
2503,6,1,1,0
2504,1,1,1,0
2505,7,1,1,0
2506,2,1,1,0
2507,3,1,1,0
2508,1,1,1,0
2509,2,1,1,0
2510,1,1,1,0
2511,4,1,1,0
2512,1,1,1,0
2513,3,1,1,0
2514,5,1,1,0
2515,1,1,1,0
2516,1,1,1,0
2517,1,1,1,0
2518,7,1,1,0
2519,2,1,1,0
2520,4,1,1,0
2521,4,1,1,0
2522,5,1,1,0
2523,7,1,1,0
2524,2,1,1,0
2525,5,1,1,0
2526,11,1,1,0
2527,3,1,1,0
2528,5,1,1,0
2529,5,1,1,0
2530,5,1,1,0
2531,1,1,1,0
2532,1,1,1,0
2533,4,1,1,0
2534,2,1,1,0
2535,2,1,1,0
2536,1,1,1,0
2537,2,1,1,0
2538,3,1,1,0
2539,1,1,1,0
2540,5,1,1,0
2541,1,1,1,0
2542,2,1,1,0
2543,4,1,1,0
2544,2,1,1,0
2545,5,1,1,0
2546,4,1,1,0
2547,3,1,1,0
2548,4,1,1,0
2549,4,1,1,0
2550,1,1,1,0
2551,2,1,1,0
2552,7,1,1,0
2553,1,1,1,0
2554,3,1,1,0
2555,1,1,1,0
2556,14,1,1,0
2557,2,1,1,0
2558,4,1,1,0
2559,1,1,1,0
2560,2,1,1,0
2561,4,1,1,0
2562,3,1,1,0
2563,1,1,1,0
2564,2,1,1,0
2565,5,1,1,0
2566,2,1,1,0
2567,3,1,1,0
2568,5,1,1,0
2569,1,1,1,0
2570,3,1,1,0
2571,7,1,1,0
2572,2,1,1,0
2573,2,1,1,0
2574,10,1,1,0
2575,13,1,1,0
2576,3,1,1,0
2577,3,1,1,0
2578,2,1,1,0
2579,2,1,1,0
2580,2,1,1,0
2581,4,1,1,0
2582,1,1,1,0
2583,2,1,1,0
2584,1,1,1,0
2585,3,1,1,0
2586,7,1,1,0
2587,2,1,1,0
2588,4,1,1,0
2589,2,1,1,0
2590,4,1,1,0
2591,1,1,1,0
2592,1,1,1,0
2593,4,1,1,0
2594,1,1,1,0
2595,1,1,1,0
2596,2,1,1,0
2597,2,1,1,0
2598,4,1,1,0
2599,2,1,1,0
2600,3,1,1,0
2601,12,1,1,0
2602,4,1,1,0
2603,1,1,1,0
2604,4,1,1,0
2605,2,1,1,0
2606,1,1,1,0
2607,1,1,1,0
2608,7,1,1,0
2609,6,1,1,0
2610,2,1,1,0
2611,7,1,1,0
2612,1,1,1,0
2613,4,1,1,0
2614,1,1,1,0
2615,1,1,1,0
2616,2,1,1,0
2617,1,1,1,0
2618,4,1,1,0
2619,2,1,1,0
2620,3,1,1,0
2621,6,1,1,0
2622,4,1,1,0
2623,5,1,1,0
2624,10,1,1,0
2625,5,1,1,0
2626,9,1,1,0
2627,2,1,1,0
2628,1,1,1,0
2629,2,1,1,0
2630,4,1,1,0
2631,2,1,1,0
2632,10,1,1,0
2633,4,1,1,0
2634,1,1,1,0
2635,3,1,1,0
2636,3,1,1,0
2637,4,1,1,0
2638,2,1,1,0
2639,2,1,1,0
2640,2,1,1,0
2641,6,1,1,0
2642,6,1,1,0
2643,3,1,1,0
2644,4,1,1,0
2645,1,1,1,0
2646,8,1,1,0
2647,1,1,1,0
2648,2,1,1,0
2649,3,1,1,0
2650,3,1,1,0
2651,3,1,1,0
2652,3,1,1,0
2653,1,1,1,0
2654,3,1,1,0
2655,1,1,1,0
2656,3,1,1,0
2657,7,1,1,0
2658,3,1,1,0
2659,2,1,1,0
2660,5,1,1,0
2661,2,1,1,0
2662,3,1,1,0
2663,10,1,1,0
2664,8,1,1,0
2665,2,1,1,0
2666,2,1,1,0
2667,2,1,1,0
2668,3,1,1,0
2669,2,1,1,0
2670,2,1,1,0
2671,3,1,1,0
2672,4,1,1,0
2673,3,1,1,0
2674,3,1,1,0
2675,5,1,1,0
2676,10,1,1,0
2677,2,1,1,0
2678,1,1,1,0
2679,6,1,1,0
2680,1,1,1,0
2681,2,1,1,0
2682,2,1,1,0
2683,2,1,1,0
2684,4,1,1,0
2685,1,1,1,0
2686,4,1,1,0
2687,5,1,1,0
2688,6,1,1,0
2689,6,1,1,0
2690,2,1,1,0
2691,1,1,1,0
2692,2,1,1,0
2693,1,1,1,0
2694,3,1,1,0
2695,5,1,1,0
2696,1,1,1,0
2697,3,1,1,0
2698,1,1,1,0
2699,5,1,1,0
2700,1,1,1,0
2701,10,1,1,0
2702,4,1,1,0
2703,2,1,1,0
2704,1,1,1,0
2705,4,1,1,0
2706,3,1,1,0
2707,5,1,1,0
2708,3,1,1,0
2709,6,1,1,0
2710,4,1,1,0
2711,6,1,1,0
2712,3,1,1,0
2713,2,1,1,0
2714,4,1,1,0
2715,2,1,1,0
2716,3,1,1,0
2717,2,1,1,0
2718,1,1,1,0
2719,7,1,1,0
2720,4,1,1,0
2721,2,1,1,0
2722,4,1,1,0
2723,3,1,1,0
2724,2,1,1,0
2725,3,1,1,0
2726,1,1,1,0
2727,4,1,1,0
2728,4,1,1,0
2729,1,1,1,0
2730,2,1,1,0
2731,3,1,1,0
2732,5,1,1,0
2733,4,1,1,0
2734,9,1,1,0
2735,6,1,1,0
2736,4,1,1,0
2737,3,1,1,0
2738,4,1,1,0
2739,3,1,1,0
2740,4,1,1,0
2741,2,1,1,0
2742,2,1,1,0
2743,7,1,1,0
2744,6,1,1,0
2745,5,1,1,0
2746,2,1,1,0
2747,9,1,1,0
2748,3,1,1,0
2749,3,1,1,0
2750,3,1,1,0
2751,1,1,1,0
2752,3,1,1,0
2753,6,1,1,0
2754,5,1,1,0
2755,1,1,1,0
2756,1,1,1,0
2757,4,1,1,0
2758,5,1,1,0
2759,1,1,1,0
2760,1,1,1,0
2761,1,1,1,0
2762,3,1,1,0
2763,4,1,1,0
2764,1,1,1,0
2765,14,1,1,0
2766,4,1,1,0
2767,5,1,1,0
2768,2,1,1,0
2769,2,1,1,0
2770,2,1,1,0
2771,1,1,1,0
2772,3,1,1,0
2773,5,1,1,0
2774,6,1,1,0
2775,4,1,1,0
2776,3,1,1,0
2777,4,1,1,0
2778,3,1,1,0
2779,4,1,1,0
2780,2,1,1,0
2781,2,1,1,0
2782,3,1,1,0
2783,9,1,1,0
2784,1,1,1,0
2785,2,1,1,0
2786,3,1,1,0
2787,1,1,1,0
2788,8,1,1,0
2789,12,1,1,0
2790,12,1,1,0
2791,5,1,1,0
2792,7,1,1,0
2793,3,1,1,0
2794,4,1,1,0
2795,3,1,1,0
2796,1,1,1,0
2797,9,1,1,0
2798,2,1,1,0
2799,1,1,1,0
2800,1,1,1,0
2801,4,1,1,0
2802,1,1,1,0
2803,5,1,1,0
2804,2,1,1,0
2805,8,1,1,0
2806,8,1,1,0
2807,2,1,1,0
2808,3,1,1,0
2809,8,1,1,0
2810,2,1,1,0
2811,1,1,1,0
2812,5,1,1,0
2813,1,1,1,0
2814,7,1,1,0
2815,3,1,1,0
2816,2,1,1,0
2817,3,1,1,0
2818,14,1,1,0
2819,2,1,1,0
2820,1,1,1,0
2821,1,1,1,0
2822,3,1,1,0
2823,11,1,1,0
2824,2,1,1,0
2825,1,1,1,0
2826,1,1,1,0
2827,6,1,1,0
2828,4,1,1,0
2829,2,1,1,0
2830,2,1,1,0
2831,6,1,1,0
2832,3,1,1,0
2833,6,1,1,0
2834,2,1,1,0
2835,4,1,1,0
2836,2,1,1,0
2837,2,1,1,0
2838,10,1,1,0
2839,1,1,1,0
2840,3,1,1,0
2841,7,1,1,0
2842,3,1,1,0
2843,4,1,1,0
2844,1,1,1,0
2845,1,1,1,0
2846,4,1,1,0
2847,1,1,1,0
2848,3,1,1,0
2849,1,1,1,0
2850,2,1,1,0
2851,1,1,1,0
2852,3,1,1,0
2853,2,1,1,0
2854,4,1,1,0
2855,4,1,1,0
2856,11,1,1,0
2857,1,1,1,0
2858,1,1,1,0
2859,3,1,1,0
2860,4,1,1,0
2861,9,1,1,0
2862,1,1,1,0
2863,1,1,1,0
2864,2,1,1,0
2865,4,1,1,0
2866,1,1,1,0
2867,2,1,1,0
2868,1,1,1,0
2869,1,1,1,0
2870,5,1,1,0
2871,2,1,1,0
2872,3,1,1,0
2873,6,1,1,0
2874,5,1,1,0
2875,4,1,1,0
2876,1,1,1,0
2877,6,1,1,0
2878,6,1,1,0
2879,1,1,1,0
2880,4,1,1,0
2881,12,1,1,0
2882,2,1,1,0
2883,4,1,1,0
2884,4,1,1,0
2885,4,1,1,0
2886,2,1,1,0
2887,2,1,1,0
2888,4,1,1,0
2889,1,1,1,0
2890,4,1,1,0
2891,5,1,1,0
2892,8,1,1,0
2893,3,1,1,0
2894,2,1,1,0
2895,1,1,1,0
2896,5,1,1,0
2897,6,1,1,0
2898,2,1,1,0
2899,1,1,1,0
2900,3,1,1,0
2901,2,1,1,0
2902,2,1,1,0
2903,1,1,1,0
2904,4,1,1,0
2905,2,1,1,0
2906,1,1,1,0
2907,2,1,1,0
2908,1,1,1,0
2909,2,1,1,0
2910,1,1,1,0
2911,8,1,1,0
2912,3,1,1,0
2913,6,1,1,0
2914,3,1,1,0
2915,3,1,1,0
2916,13,1,1,0
2917,1,1,1,0
2918,1,1,1,0
2919,18,1,1,0
2920,1,1,1,0
2921,2,1,1,0
2922,9,1,1,0
2923,1,1,1,0
2924,3,1,1,0
2925,7,1,1,0
2926,2,1,1,0
2927,5,1,1,0
2928,1,1,1,0
2929,2,1,1,0
2930,1,1,1,0
2931,1,1,1,0
2932,1,1,1,0
2933,1,1,1,0
2934,1,1,1,0
2935,3,1,1,0
2936,4,1,1,0
2937,5,1,1,0
2938,7,1,1,0
2939,1,1,1,0
2940,1,1,1,0
2941,7,1,1,0
2942,17,1,1,0
2943,5,1,1,0
2944,2,1,1,0
2945,2,1,1,0
2946,7,1,1,0
2947,2,1,1,0
2948,7,1,1,0
2949,1,1,1,0
2950,2,1,1,0
2951,5,1,1,0
2952,1,1,1,0
2953,3,1,1,0
2954,8,1,1,0
2955,2,1,1,0
2956,2,1,1,0
2957,2,1,1,0
2958,1,1,1,0
2959,3,1,1,0
2960,3,1,1,0
2961,5,1,1,0
2962,5,1,1,0
2963,3,1,1,0
2964,2,1,1,0
2965,1,1,1,0
2966,8,1,1,0
2967,1,1,1,0
2968,8,1,1,0
2969,3,1,1,0
2970,5,1,1,0
2971,3,1,1,0
2972,3,1,1,0
2973,4,1,1,0
2974,1,1,1,0
2975,11,1,1,0
2976,1,1,1,0
2977,1,1,1,0
2978,3,1,1,0
2979,2,1,1,0
2980,2,1,1,0
2981,7,1,1,0
2982,7,1,1,0
2983,1,1,1,0
2984,8,1,1,0
2985,1,1,1,0
2986,7,1,1,0
2987,5,1,1,0
2988,2,1,1,0
2989,3,1,1,0
2990,1,1,1,0
2991,5,1,1,0
2992,2,1,1,0
2993,5,1,1,0
2994,7,1,1,0
2995,1,1,1,0
2996,6,1,1,0
2997,6,1,1,0
2998,3,1,1,0
2999,4,1,1,0
3000,2,1,1,0
3001,4,1,1,0
3002,6,1,1,0
3003,7,1,1,0
3004,1,1,1,0
3005,7,1,1,0
3006,2,1,1,0
3007,3,1,1,0
3008,3,1,1,0
3009,2,1,1,0
3010,3,1,1,0
3011,7,1,1,0
3012,1,1,1,0
3013,1,1,1,0
3014,7,1,1,0
3015,2,1,1,0
3016,2,1,1,0
3017,2,1,1,0
3018,2,1,1,0
3019,2,1,1,0
3020,1,1,1,0
3021,4,1,1,0
3022,3,1,1,0
3023,5,1,1,0
3024,1,1,1,0
3025,1,1,1,0
3026,1,1,1,0
3027,2,1,1,0
3028,2,1,1,0
3029,6,1,1,0
3030,1,1,1,0
3031,6,1,1,0
3032,4,1,1,0
3033,5,1,1,0
3034,1,1,1,0
3035,1,1,1,0
3036,2,1,1,0
3037,2,1,1,0
3038,4,1,1,0
3039,1,1,1,0
3040,5,1,1,0
3041,5,1,1,0
3042,5,1,1,0
3043,5,1,1,0
3044,3,1,1,0
3045,4,1,1,0
3046,3,1,1,0
3047,6,1,1,0
3048,1,1,1,0
3049,3,1,1,0
3050,1,1,1,0
3051,3,1,1,0
3052,6,1,1,0
3053,2,1,1,0
3054,1,1,1,0
3055,5,1,1,0
3056,7,1,1,0
3057,6,1,1,0
3058,5,1,1,0
3059,1,1,1,0
3060,1,1,1,0
3061,2,1,1,0
3062,8,1,1,0
3063,3,1,1,0
3064,2,1,1,0
3065,9,1,1,0
3066,1,1,1,0
3067,3,1,1,0
3068,1,1,1,0
3069,2,1,1,0
3070,5,1,1,0
3071,2,1,1,0
3072,20,1,1,0
3073,1,1,1,0
3074,2,1,1,0
3075,1,1,1,0
3076,15,1,1,0
3077,2,1,1,0
3078,3,1,1,0
3079,3,1,1,0
3080,3,1,1,0
3081,3,1,1,0
3082,5,1,1,0
3083,22,1,1,0
3084,8,1,1,0
3085,2,1,1,0
3086,3,1,1,0
3087,1,1,1,0
3088,2,1,1,0
3089,3,1,1,0
3090,9,1,1,0
3091,2,1,1,0
3092,3,1,1,0
3093,1,1,1,0
3094,3,1,1,0
3095,7,1,1,0
3096,3,1,1,0
3097,5,1,1,0
3098,7,1,1,0
3099,1,1,1,0
3100,1,1,1,0
3101,3,1,1,0
3102,2,1,1,0
3103,2,1,1,0
3104,6,1,1,0
3105,1,1,1,0
3106,3,1,1,0
3107,1,1,1,0
3108,5,1,1,0
3109,11,1,1,0
3110,7,1,1,0
3111,3,1,1,0
3112,4,1,1,0
3113,3,1,1,0
3114,1,1,1,0
3115,2,1,1,0
3116,9,1,1,0
3117,2,1,1,0
3118,8,1,1,0
3119,1,1,1,0
3120,3,1,1,0
3121,4,1,1,0
3122,3,1,1,0
3123,6,1,1,0
3124,3,1,1,0
3125,1,1,1,0
3126,4,1,1,0
3127,10,1,1,0
3128,1,1,1,0
3129,7,1,1,0
3130,1,1,1,0
3131,3,1,1,0
3132,1,1,1,0
3133,9,1,1,0
3134,6,1,1,0
3135,2,1,1,0
3136,3,1,1,0
3137,3,1,1,0
3138,3,1,1,0
3139,4,1,1,0
3140,2,1,1,0
3141,11,1,1,0
3142,2,1,1,0
3143,2,1,1,0
3144,6,1,1,0
3145,1,1,1,0
3146,2,1,1,0
3147,4,1,1,0
3148,5,1,1,0
3149,2,1,1,0
3150,4,1,1,0
3151,10,1,1,0
3152,4,1,1,0
3153,2,1,1,0
3154,3,1,1,0
3155,5,1,1,0
3156,1,1,1,0
3157,3,1,1,0
3158,2,1,1,0
3159,4,1,1,0
3160,8,1,1,0
3161,3,1,1,0
3162,3,1,1,0
3163,1,1,1,0
3164,3,1,1,0
3165,8,1,1,0
3166,1,1,1,0
3167,3,1,1,0
3168,2,1,1,0
3169,7,1,1,0
3170,7,1,1,0
3171,3,1,1,0
3172,1,1,1,0
3173,2,1,1,0
3174,1,1,1,0
3175,2,1,1,0
3176,1,1,1,0
3177,3,1,1,0
3178,1,1,1,0
3179,2,1,1,0
3180,3,1,1,0
3181,4,1,1,0
3182,2,1,1,0
3183,3,1,1,0
3184,1,1,1,0
3185,1,1,1,0
3186,4,1,1,0
3187,6,1,1,0
3188,1,1,1,0
3189,1,1,1,0
3190,1,1,1,0
3191,3,1,1,0
3192,6,1,1,0
3193,7,1,1,0
3194,1,1,1,0
3195,5,1,1,0
3196,7,1,1,0
3197,4,1,1,0
3198,2,1,1,0
3199,2,1,1,0
3200,4,1,1,0
3201,5,1,1,0
3202,2,1,1,0
3203,2,1,1,0
3204,4,1,1,0
3205,1,1,1,0
3206,2,1,1,0
3207,4,1,1,0
3208,1,1,1,0
3209,1,1,1,0
3210,1,1,1,0
3211,9,1,1,0
3212,4,1,1,0
3213,3,1,1,0
3214,1,1,1,0
3215,2,1,1,0
3216,11,1,1,0
3217,4,1,1,0
3218,4,1,1,0
3219,3,1,1,0
3220,2,1,1,0
3221,1,1,1,0
3222,2,1,1,0
3223,4,1,1,0
3224,2,1,1,0
3225,1,1,1,0
3226,3,1,1,0
3227,7,1,1,0
3228,2,1,1,0
3229,3,1,1,0
3230,3,1,1,0
3231,9,1,1,0
3232,1,1,1,0
3233,14,1,1,0
3234,4,1,1,0
3235,2,1,1,0
3236,6,1,1,0
3237,1,1,1,0
3238,4,1,1,0
3239,2,1,1,0
3240,2,1,1,0
3241,3,1,1,0
3242,8,1,1,0
3243,4,1,1,0
3244,1,1,1,0
3245,1,1,1,0
3246,3,1,1,0
3247,5,1,1,0
3248,3,1,1,0
3249,4,1,1,0
3250,1,1,1,0
3251,2,1,1,0
3252,1,1,1,0
3253,10,1,1,0
3254,11,1,1,0
3255,11,1,1,0
3256,4,1,1,0
3257,3,1,1,0
3258,5,1,1,0
3259,1,1,1,0
3260,5,1,1,0
3261,8,1,1,0
3262,1,1,1,0
3263,4,1,1,0
3264,6,1,1,0
3265,1,1,1,0
3266,10,1,1,0
3267,3,1,1,0
3268,3,1,1,0
3269,1,1,1,0
3270,1,1,1,0
3271,7,1,1,0
3272,2,1,1,0
3273,3,1,1,0
3274,6,1,1,0
3275,6,1,1,0
3276,1,1,1,0
3277,3,1,1,0
3278,2,1,1,0
3279,2,1,1,0
3280,3,1,1,0
3281,4,1,1,0
3282,5,1,1,0
3283,3,1,1,0
3284,3,1,1,0
3285,1,1,1,0
3286,1,1,1,0
3287,5,1,1,0
3288,5,1,1,0
3289,1,1,1,0
3290,9,1,1,0
3291,13,1,1,0
3292,6,1,1,0
3293,2,1,1,0
3294,4,1,1,0
3295,4,1,1,0
3296,3,1,1,0
3297,3,1,1,0
3298,2,1,1,0
3299,8,1,1,0
3300,3,1,1,0
3301,2,1,1,0
3302,4,1,1,0
3303,3,1,1,0
3304,3,1,1,0
3305,1,1,1,0
3306,2,1,1,0
3307,1,1,1,0
3308,9,1,1,0
3309,1,1,1,0
3310,2,1,1,0
3311,2,1,1,0
3312,3,1,1,0
3313,1,1,1,0
3314,8,1,1,0
3315,6,1,1,0
3316,7,1,1,0
3317,2,1,1,0
3318,6,1,1,0
3319,5,1,1,0
3320,1,1,1,0
3321,8,1,1,0
3322,2,1,1,0
3323,11,1,1,0
3324,3,1,1,0
3325,9,1,1,0
3326,4,1,1,0
3327,2,1,1,0
3328,2,1,1,0
3329,2,1,1,0
3330,1,1,1,0
3331,4,1,1,0
3332,6,1,1,0
3333,5,1,1,0
3334,13,1,1,0
3335,3,1,1,0
3336,2,1,1,0
3337,3,1,1,0
3338,1,1,1,0
3339,4,1,1,0
3340,5,1,1,0
3341,7,1,1,0
3342,1,1,1,0
3343,4,1,1,0
3344,1,1,1,0
3345,3,1,1,0
3346,2,1,1,0
3347,9,1,1,0
3348,2,1,1,0
3349,3,1,1,0
3350,1,1,1,0
3351,4,1,1,0
3352,7,1,1,0
3353,9,1,1,0
3354,2,1,1,0
3355,1,1,1,0
3356,1,1,1,0
3357,5,1,1,0
3358,2,1,1,0
3359,5,1,1,0
3360,2,1,1,0
3361,3,1,1,0
3362,5,1,1,0
3363,9,1,1,0
3364,5,1,1,0
3365,2,1,1,0
3366,8,1,1,0
3367,1,1,1,0
3368,3,1,1,0
3369,2,1,1,0
3370,4,1,1,0
3371,2,1,1,0
3372,4,1,1,0
3373,6,1,1,0
3374,1,1,1,0
3375,2,1,1,0
3376,3,1,1,0
3377,1,1,1,0
3378,2,1,1,0
3379,1,1,1,0
3380,9,1,1,0
3381,2,1,1,0
3382,3,1,1,0
3383,4,1,1,0
3384,1,1,1,0
3385,5,1,1,0
3386,3,1,1,0
3387,9,1,1,0
3388,1,1,1,0
3389,1,1,1,0
3390,1,1,1,0
3391,7,1,1,0
3392,10,1,1,0
3393,7,1,1,0
3394,1,1,1,0
3395,4,1,1,0
3396,3,1,1,0
3397,2,1,1,0
3398,3,1,1,0
3399,1,1,1,0
3400,1,1,1,0
3401,2,1,1,0
3402,2,1,1,0
3403,4,1,1,0
3404,4,1,1,0
3405,1,1,1,0
3406,3,1,1,0
3407,8,1,1,0
3408,4,1,1,0
3409,2,1,1,0
3410,1,1,1,0
3411,1,1,1,0
3412,7,1,1,0
3413,5,1,1,0
3414,1,1,1,0
3415,10,1,1,0
3416,6,1,1,0
3417,2,1,1,0
3418,1,1,1,0
3419,1,1,1,0
3420,1,1,1,0
3421,1,1,1,0
3422,2,1,1,0
3423,3,1,1,0
3424,4,1,1,0
3425,1,1,1,0
3426,5,1,1,0
3427,1,1,1,0
3428,3,1,1,0
3429,1,1,1,0
3430,5,1,1,0
3431,2,1,1,0
3432,2,1,1,0
3433,5,1,1,0
3434,2,1,1,0
3435,6,1,1,0
3436,4,1,1,0
3437,4,1,1,0
3438,5,1,1,0
3439,4,1,1,0
3440,3,1,1,0
3441,4,1,1,0
3442,1,1,1,0
3443,8,1,1,0
3444,2,1,1,0
3445,1,1,1,0
3446,4,1,1,0
3447,12,1,1,0
3448,3,1,1,0
3449,2,1,1,0
3450,1,1,1,0
3451,1,1,1,0
3452,9,1,1,0
3453,4,1,1,0
3454,2,1,1,0
3455,1,1,1,0
3456,2,1,1,0
3457,7,1,1,0
3458,4,1,1,0
3459,10,1,1,0
3460,2,1,1,0
3461,1,1,1,0
3462,1,1,1,0
3463,1,1,1,0
3464,3,1,1,0
3465,3,1,1,0
3466,5,1,1,0
3467,3,1,1,0
3468,9,1,1,0
3469,5,1,1,0
3470,1,1,1,0
3471,5,1,1,0
3472,5,1,1,0
3473,3,1,1,0
3474,1,1,1,0
3475,9,1,1,0
3476,12,1,1,0
3477,1,1,1,0
3478,4,1,1,0
3479,1,1,1,0
3480,8,1,1,0
3481,6,1,1,0
3482,7,1,1,0
3483,3,1,1,0
3484,2,1,1,0
3485,5,1,1,0
3486,1,1,1,0
3487,2,1,1,0
3488,1,1,1,0
3489,12,1,1,0
3490,2,1,1,0
3491,4,1,1,0
3492,7,1,1,0
3493,1,1,1,0
3494,1,1,1,0
3495,2,1,1,0
3496,1,1,1,0
3497,6,1,1,0
3498,8,1,1,0
3499,9,1,1,0
3500,5,1,1,0
3501,2,1,1,0
3502,9,1,1,0
3503,2,1,1,0
3504,5,1,1,0
3505,3,1,1,0
3506,1,1,1,0
3507,1,1,1,0
3508,1,1,1,0
3509,1,1,1,0
3510,1,1,1,0
3511,6,1,1,0
3512,5,1,1,0
3513,2,1,1,0
3514,5,1,1,0
3515,4,1,1,0
3516,2,1,1,0
3517,4,1,1,0
3518,3,1,1,0
3519,1,1,1,0
3520,3,1,1,0
3521,1,1,1,0
3522,2,1,1,0
3523,1,1,1,0
3524,3,1,1,0
3525,3,1,1,0
3526,4,1,1,0
3527,1,1,1,0
3528,9,1,1,0
3529,4,1,1,0
3530,2,1,1,0
3531,3,1,1,0
3532,4,1,1,0
3533,2,1,1,0
3534,4,1,1,0
3535,2,1,1,0
3536,3,1,1,0
3537,3,1,1,0
3538,6,1,1,0
3539,1,1,1,0
3540,1,1,1,0
3541,6,1,1,0
3542,1,1,1,0
3543,3,1,1,0
3544,4,1,1,0
3545,2,1,1,0
3546,1,1,1,0
3547,6,1,1,0
3548,3,1,1,0
3549,2,1,1,0
3550,3,1,1,0
3551,4,1,1,0
3552,3,1,1,0
3553,1,1,1,0
3554,3,1,1,0
3555,2,1,1,0
3556,1,1,1,0
3557,2,1,1,0
3558,1,1,1,0
3559,1,1,1,0
3560,2,1,1,0
3561,2,1,1,0
3562,1,1,1,0
3563,1,1,1,0
3564,1,1,1,0
3565,1,1,1,0
3566,1,1,1,0
3567,7,1,1,0
3568,6,1,1,0
3569,9,1,1,0
3570,2,1,1,0
3571,4,1,1,0
3572,2,1,1,0
3573,4,1,1,0
3574,6,1,1,0
3575,1,1,1,0
3576,6,1,1,0
3577,2,1,1,0
3578,3,1,1,0
3579,7,1,1,0
3580,6,1,1,0
3581,1,1,1,0
3582,3,1,1,0
3583,1,1,1,0
3584,1,1,1,0
3585,2,1,1,0
3586,5,1,1,0
3587,4,1,1,0
3588,3,1,1,0
3589,1,1,1,0
3590,6,1,1,0
3591,4,1,1,0
3592,1,1,1,0
3593,5,1,1,0
3594,6,1,1,0
3595,2,1,1,0
3596,3,1,1,0
3597,2,1,1,0
3598,2,1,1,0
3599,4,1,1,0
3600,1,1,1,0
3601,5,1,1,0
3602,5,1,1,0
3603,2,1,1,0
3604,2,1,1,0
3605,1,1,1,0
3606,3,1,1,0
3607,4,1,1,0
3608,5,1,1,0
3609,8,1,1,0
3610,2,1,1,0
3611,4,1,1,0
3612,10,1,1,0
3613,1,1,1,0
3614,2,1,1,0
3615,5,1,1,0
3616,6,1,1,0
3617,6,1,1,0
3618,2,1,1,0
3619,3,1,1,0
3620,3,1,1,0
3621,9,1,1,0
3622,5,1,1,0
3623,2,1,1,0
3624,2,1,1,0
3625,6,1,1,0
3626,1,1,1,0
3627,12,1,1,0
3628,5,1,1,0
3629,3,1,1,0
3630,2,1,1,0
3631,5,1,1,0
3632,4,1,1,0
3633,3,1,1,0
3634,3,1,1,0
3635,3,1,1,0
3636,4,1,1,0
3637,3,1,1,0
3638,2,1,1,0
3639,15,1,1,0
3640,6,1,1,0
3641,1,1,1,0
3642,6,1,1,0
3643,5,1,1,0
3644,2,1,1,0
3645,3,1,1,0
3646,1,1,1,0
3647,4,1,1,0
3648,2,1,1,0
3649,2,1,1,0
3650,1,1,1,0
3651,3,1,1,0
3652,6,1,1,0
3653,3,1,1,0
3654,3,1,1,0
3655,1,1,1,0
3656,1,1,1,0
3657,1,1,1,0
3658,1,1,1,0
3659,1,1,1,0
3660,4,1,1,0
3661,1,1,1,0
3662,1,1,1,0
3663,1,1,1,0
3664,3,1,1,0
3665,2,1,1,0
3666,2,1,1,0
3667,1,1,1,0
3668,9,1,1,0
3669,4,1,1,0
3670,2,1,1,0
3671,6,1,1,0
3672,1,1,1,0
3673,7,1,1,0
3674,3,1,1,0
3675,8,1,1,0
3676,6,1,1,0
3677,3,1,1,0
3678,1,1,1,0
3679,2,1,1,0
3680,3,1,1,0
3681,1,1,1,0
3682,4,1,1,0
3683,2,1,1,0
3684,2,1,1,0
3685,3,1,1,0
3686,2,1,1,0
3687,6,1,1,0
3688,3,1,1,0
3689,1,1,1,0
3690,2,1,1,0
3691,2,1,1,0
3692,3,1,1,0
3693,2,1,1,0
3694,1,1,1,0
3695,1,1,1,0
3696,4,1,1,0
3697,1,1,1,0
3698,3,1,1,0
3699,6,1,1,0
3700,1,1,1,0
3701,12,1,1,0
3702,1,1,1,0
3703,1,1,1,0
3704,1,1,1,0
3705,3,1,1,0
3706,1,1,1,0
3707,1,1,1,0
3708,11,1,1,0
3709,4,1,1,0
3710,2,1,1,0
3711,5,1,1,0
3712,3,1,1,0
3713,5,1,1,0
3714,6,1,1,0
3715,2,1,1,0
3716,7,1,1,0
3717,4,1,1,0
3718,4,1,1,0
3719,3,1,1,0
3720,2,1,1,0
3721,6,1,1,0
3722,8,1,1,0
3723,7,1,1,0
3724,1,1,1,0
3725,1,1,1,0
3726,7,1,1,0
3727,2,1,1,0
3728,1,1,1,0
3729,2,1,1,0
3730,3,1,1,0
3731,4,1,1,0
3732,2,1,1,0
3733,1,1,1,0
3734,1,1,1,0
3735,2,1,1,0
3736,1,1,1,0
3737,3,1,1,0
3738,7,1,1,0
3739,16,1,1,0
3740,4,1,1,0
3741,2,1,1,0
3742,2,1,1,0
3743,1,1,1,0
3744,5,1,1,0
3745,1,1,1,0
3746,7,1,1,0
3747,4,1,1,0
3748,1,1,1,0
3749,11,1,1,0
3750,4,1,1,0
3751,1,1,1,0
3752,1,1,1,0
3753,4,1,1,0
3754,3,1,1,0
3755,3,1,1,0
3756,3,1,1,0
3757,2,1,1,0
3758,4,1,1,0
3759,2,1,1,0
3760,4,1,1,0
3761,3,1,1,0
3762,3,1,1,0
3763,7,1,1,0
3764,5,1,1,0
3765,1,1,1,0
3766,1,1,1,0
3767,1,1,1,0
3768,6,1,1,0
3769,2,1,1,0
3770,1,1,1,0
3771,1,1,1,0
3772,4,1,1,0
3773,2,1,1,0
3774,1,1,1,0
3775,3,1,1,0
3776,4,1,1,0
3777,2,1,1,0
3778,3,1,1,0
3779,4,1,1,0
3780,2,1,1,0
3781,4,1,1,0
3782,5,1,1,0
3783,1,1,1,0
3784,4,1,1,0
3785,3,1,1,0
3786,1,1,1,0
3787,6,1,1,0
3788,8,1,1,0
3789,1,1,1,0
3790,2,1,1,0
3791,7,1,1,0
3792,3,1,1,0
3793,3,1,1,0
3794,7,1,1,0
3795,1,1,1,0
3796,1,1,1,0
3797,1,1,1,0
3798,3,1,1,0
3799,4,1,1,0
3800,2,1,1,0
3801,9,1,1,0
3802,6,1,1,0
3803,2,1,1,0
3804,20,1,1,0
3805,7,1,1,0
3806,2,1,1,0
3807,3,1,1,0
3808,2,1,1,0
3809,1,1,1,0
3810,1,1,1,0
3811,2,1,1,0
3812,2,1,1,0
3813,1,1,1,0
3814,4,1,1,0
3815,2,1,1,0
3816,1,1,1,0
3817,1,1,1,0
3818,5,1,1,0
3819,1,1,1,0
3820,7,1,1,0
3821,3,1,1,0
3822,1,1,1,0
3823,4,1,1,0
3824,1,1,1,0
3825,6,1,1,0
3826,1,1,1,0
3827,5,1,1,0
3828,4,1,1,0
3829,1,1,1,0
3830,3,1,1,0
3831,1,1,1,0
3832,6,1,1,0
3833,4,1,1,0
3834,3,1,1,0
3835,12,1,1,0
3836,1,1,1,0
3837,4,1,1,0
3838,3,1,1,0
3839,7,1,1,0
3840,5,1,1,0
3841,4,1,1,0
3842,4,1,1,0
3843,6,1,1,0
3844,12,1,1,0
3845,1,1,1,0
3846,2,1,1,0
3847,2,1,1,0
3848,4,1,1,0
3849,4,1,1,0
3850,1,1,1,0
3851,5,1,1,0
3852,1,1,1,0
3853,4,1,1,0
3854,3,1,1,0
3855,5,1,1,0
3856,1,1,1,0
3857,3,1,1,0
3858,3,1,1,0
3859,5,1,1,0
3860,1,1,1,0
3861,4,1,1,0
3862,1,1,1,0
3863,2,1,1,0
3864,1,1,1,0
3865,1,1,1,0
3866,5,1,1,0
3867,3,1,1,0
3868,2,1,1,0
3869,1,1,1,0
3870,1,1,1,0
3871,4,1,1,0
3872,4,1,1,0
3873,1,1,1,0
3874,1,1,1,0
3875,1,1,1,0
3876,1,1,1,0
3877,2,1,1,0
3878,3,1,1,0
3879,7,1,1,0
3880,4,1,1,0
3881,1,1,1,0
3882,3,1,1,0
3883,6,1,1,0
3884,2,1,1,0
3885,3,1,1,0
3886,1,1,1,0
3887,4,1,1,0
3888,3,1,1,0
3889,1,1,1,0
3890,1,1,1,0
3891,3,1,1,0
3892,11,1,1,0
3893,2,1,1,0
3894,1,1,1,0
3895,5,1,1,0
3896,9,1,1,0
3897,8,1,1,0
3898,4,1,1,0
3899,1,1,1,0
3900,2,1,1,0
3901,1,1,1,0
3902,3,1,1,0
3903,2,1,1,0
3904,8,1,1,0
3905,7,1,1,0
3906,2,1,1,0
3907,1,1,1,0
3908,3,1,1,0
3909,1,1,1,0
3910,3,1,1,0
3911,7,1,1,0
3912,4,1,1,0
3913,6,1,1,0
3914,3,1,1,0
3915,1,1,1,0
3916,6,1,1,0
3917,8,1,1,0
3918,1,1,1,0
3919,9,1,1,0
3920,3,1,1,0
3921,6,1,1,0
3922,2,1,1,0
3923,2,1,1,0
3924,6,1,1,0
3925,7,1,1,0
3926,2,1,1,0
3927,9,1,1,0
3928,6,1,1,0
3929,1,1,1,0
3930,4,1,1,0
3931,4,1,1,0
3932,1,1,1,0
3933,2,1,1,0
3934,5,1,1,0
3935,6,1,1,0
3936,9,1,1,0
3937,6,1,1,0
3938,7,1,1,0
3939,1,1,1,0
3940,3,1,1,0
3941,5,1,1,0
3942,6,1,1,0
3943,2,1,1,0
3944,4,1,1,0
3945,3,1,1,0
3946,3,1,1,0
3947,1,1,1,0
3948,5,1,1,0
3949,8,1,1,0
3950,1,1,1,0
3951,2,1,1,0
3952,4,1,1,0
3953,2,1,1,0
3954,3,1,1,0
3955,5,1,1,0
3956,10,1,1,0
3957,2,1,1,0
3958,6,1,1,0
3959,2,1,1,0
3960,2,1,1,0
3961,2,1,1,0
3962,3,1,1,0
3963,1,1,1,0
3964,1,1,1,0
3965,4,1,1,0
3966,1,1,1,0
3967,3,1,1,0
3968,5,1,1,0
3969,4,1,1,0
3970,2,1,1,0
3971,4,1,1,0
3972,5,1,1,0
3973,6,1,1,0
3974,7,1,1,0
3975,4,1,1,0
3976,1,1,1,0
3977,4,1,1,0
3978,7,1,1,0
3979,2,1,1,0
3980,5,1,1,0
3981,8,1,1,0
3982,11,1,1,0
3983,4,1,1,0
3984,4,1,1,0
3985,6,1,1,0
3986,1,1,1,0
3987,2,1,1,0
3988,5,1,1,0
3989,3,1,1,0
3990,2,1,1,0
3991,4,1,1,0
3992,1,1,1,0
3993,1,1,1,0
3994,2,1,1,0
3995,1,1,1,0
3996,5,1,1,0
3997,2,1,1,0
3998,5,1,1,0
3999,1,1,1,0
4000,2,1,1,0
4001,5,1,1,0
4002,3,1,1,0
4003,6,1,1,0
4004,1,1,1,0
4005,3,1,1,0
4006,1,1,1,0
4007,1,1,1,0
4008,2,1,1,0
4009,2,1,1,0
4010,1,1,1,0
4011,3,1,1,0
4012,1,1,1,0
4013,7,1,1,0
4014,1,1,1,0
4015,3,1,1,0
4016,3,1,1,0
4017,2,1,1,0
4018,1,1,1,0
4019,5,1,1,0
4020,2,1,1,0
4021,3,1,1,0
4022,1,1,1,0
4023,9,1,1,0
4024,1,1,1,0
4025,1,1,1,0
4026,6,1,1,0
4027,6,1,1,0
4028,1,1,1,0
4029,5,1,1,0
4030,6,1,1,0
4031,2,1,1,0
4032,18,1,1,0
4033,4,1,1,0
4034,2,1,1,0
4035,1,1,1,0
4036,1,1,1,0
4037,3,1,1,0
4038,4,1,1,0
4039,1,1,1,0
4040,5,1,1,0
4041,2,1,1,0
4042,1,1,1,0
4043,4,1,1,0
4044,15,1,1,0
4045,2,1,1,0
4046,1,1,1,0
4047,1,1,1,0
4048,3,1,1,0
4049,15,1,1,0
4050,4,1,1,0
4051,11,1,1,0
4052,3,1,1,0
4053,2,1,1,0
4054,4,1,1,0
4055,4,1,1,0
4056,4,1,1,0
4057,5,1,1,0
4058,5,1,1,0
4059,5,1,1,0
4060,7,1,1,0
4061,1,1,1,0
4062,1,1,1,0
4063,1,1,1,0
4064,1,1,1,0
4065,9,1,1,0
4066,3,1,1,0
4067,4,1,1,0
4068,5,1,1,0
4069,9,1,1,0
4070,1,1,1,0
4071,3,1,1,0
4072,4,1,1,0
4073,6,1,1,0
4074,6,1,1,0
4075,2,1,1,0
4076,2,1,1,0
4077,2,1,1,0
4078,4,1,1,0
4079,3,1,1,0
4080,6,1,1,0
4081,6,1,1,0
4082,1,1,1,0
4083,5,1,1,0
4084,5,1,1,0
4085,1,1,1,0
4086,1,1,1,0
4087,4,1,1,0
4088,6,1,1,0
4089,4,1,1,0
4090,3,1,1,0
4091,5,1,1,0
4092,3,1,1,0
4093,10,1,1,0
4094,2,1,1,0
4095,3,1,1,0
4096,5,1,1,0
4097,8,1,1,0
4098,2,1,1,0
4099,4,1,1,0
4100,2,1,1,0
4101,3,1,1,0
4102,15,1,1,0
4103,2,1,1,0
4104,6,1,1,0
4105,9,1,1,0
4106,1,1,1,0
4107,1,1,1,0
4108,2,1,1,0
4109,3,1,1,0
4110,1,1,1,0
4111,2,1,1,0
4112,1,1,1,0
4113,8,1,1,0
4114,3,1,1,0
4115,2,1,1,0
4116,3,1,1,0
4117,2,1,1,0
4118,6,1,1,0
4119,2,1,1,0
4120,6,1,1,0
4121,3,1,1,0
4122,7,1,1,0
4123,4,1,1,0
4124,2,1,1,0
4125,3,1,1,0
4126,6,1,1,0
4127,2,1,1,0
4128,2,1,1,0
4129,2,1,1,0
4130,1,1,1,0
4131,3,1,1,0
4132,1,1,1,0
4133,1,1,1,0
4134,1,1,1,0
4135,12,1,1,0
4136,3,1,1,0
4137,2,1,1,0
4138,2,1,1,0
4139,4,1,1,0
4140,5,1,1,0
4141,4,1,1,0
4142,4,1,1,0
4143,9,1,1,0
4144,3,1,1,0
4145,2,1,1,0
4146,2,1,1,0
4147,2,1,1,0
4148,15,1,1,0
4149,4,1,1,0
4150,1,1,1,0
4151,1,1,1,0
4152,3,1,1,0
4153,3,1,1,0
4154,3,1,1,0
4155,8,1,1,0
4156,1,1,1,0
4157,2,1,1,0
4158,11,1,1,0
4159,6,1,1,0
4160,5,1,1,0
4161,3,1,1,0
4162,5,1,1,0
4163,17,1,1,0
4164,2,1,1,0
4165,2,1,1,0
4166,10,1,1,0
4167,4,1,1,0
4168,6,1,1,0
4169,2,1,1,0
4170,5,1,1,0
4171,3,1,1,0
4172,8,1,1,0
4173,14,1,1,0
4174,5,1,1,0
4175,1,1,1,0
4176,2,1,1,0
4177,4,1,1,0
4178,3,1,1,0
4179,4,1,1,0
4180,3,1,1,0
4181,3,1,1,0
4182,2,1,1,0
4183,3,1,1,0
4184,6,1,1,0
4185,4,1,1,0
4186,7,1,1,0
4187,2,1,1,0
4188,2,1,1,0
4189,4,1,1,0
4190,7,1,1,0
4191,2,1,1,0
4192,2,1,1,0
4193,1,1,1,0
4194,2,1,1,0
4195,4,1,1,0
4196,2,1,1,0
4197,10,1,1,0
4198,1,1,1,0
4199,7,1,1,0
4200,2,1,1,0
4201,2,1,1,0
4202,9,1,1,0
4203,9,1,1,0
4204,11,1,1,0
4205,12,1,1,0
4206,3,1,1,0
4207,4,1,1,0
4208,2,1,1,0
4209,1,1,1,0
4210,1,1,1,0
4211,1,1,1,0
4212,4,1,1,0
4213,8,1,1,0
4214,5,1,1,0
4215,20,1,1,0
4216,2,1,1,0
4217,1,1,1,0
4218,1,1,1,0
4219,1,1,1,0
4220,1,1,1,0
4221,2,1,1,0
4222,5,1,1,0
4223,2,1,1,0
4224,6,1,1,0
4225,3,1,1,0
4226,1,1,1,0
4227,6,1,1,0
4228,1,1,1,0
4229,4,1,1,0
4230,2,1,1,0
4231,2,1,1,0
4232,8,1,1,0
4233,1,1,1,0
4234,1,1,1,0
4235,2,1,1,0
4236,1,1,1,0
4237,4,1,1,0
4238,2,1,1,0
4239,6,1,1,0
4240,2,1,1,0
4241,2,1,1,0
4242,4,1,1,0
4243,3,1,1,0
4244,1,1,1,0
4245,1,1,1,0
4246,2,1,1,0
4247,2,1,1,0
4248,5,1,1,0
4249,1,1,1,0
4250,2,1,1,0
4251,2,1,1,0
4252,4,1,1,0
4253,6,1,1,0
4254,3,1,1,0
4255,1,1,1,0
4256,2,1,1,0
4257,1,1,1,0
4258,5,1,1,0
4259,7,1,1,0
4260,2,1,1,0
4261,3,1,1,0
4262,3,1,1,0
4263,1,1,1,0
4264,1,1,1,0
4265,2,1,1,0
4266,3,1,1,0
4267,1,1,1,0
4268,1,1,1,0
4269,6,1,1,0
4270,8,1,1,0
4271,4,1,1,0
4272,7,1,1,0
4273,2,1,1,0
4274,1,1,1,0
4275,2,1,1,0
4276,3,1,1,0
4277,10,1,1,0
4278,3,1,1,0
4279,2,1,1,0
4280,8,1,1,0
4281,1,1,1,0
4282,1,1,1,0
4283,12,1,1,0
4284,1,1,1,0
4285,1,1,1,0
4286,3,1,1,0
4287,2,1,1,0
4288,3,1,1,0
4289,1,1,1,0
4290,5,1,1,0
4291,6,1,1,0
4292,1,1,1,0
4293,3,1,1,0
4294,1,1,1,0
4295,9,1,1,0
4296,2,1,1,0
4297,3,1,1,0
4298,11,1,1,0
4299,2,1,1,0
4300,2,1,1,0
4301,4,1,1,0
4302,3,1,1,0
4303,1,1,1,0
4304,10,1,1,0
4305,1,1,1,0
4306,2,1,1,0
4307,8,1,1,0
4308,4,1,1,0
4309,1,1,1,0
4310,1,1,1,0
4311,5,1,1,0
4312,6,1,1,0
4313,1,1,1,0
4314,1,1,1,0
4315,4,1,1,0
4316,1,1,1,0
4317,10,1,1,0
4318,1,1,1,0
4319,5,1,1,0
4320,4,1,1,0
4321,4,1,1,0
4322,1,1,1,0
4323,3,1,1,0
4324,9,1,1,0
4325,2,1,1,0
4326,1,1,1,0
4327,2,1,1,0
4328,3,1,1,0
4329,2,1,1,0
4330,1,1,1,0
4331,1,1,1,0
4332,5,1,1,0
4333,2,1,1,0
4334,5,1,1,0
4335,1,1,1,0
4336,11,1,1,0
4337,8,1,1,0
4338,1,1,1,0
4339,2,1,1,0
4340,5,1,1,0
4341,1,1,1,0
4342,2,1,1,0
4343,2,1,1,0
4344,6,1,1,0
4345,1,1,1,0
4346,1,1,1,0
4347,1,1,1,0
4348,4,1,1,0
4349,2,1,1,0
4350,6,1,1,0
4351,2,1,1,0
4352,3,1,1,0
4353,1,1,1,0
4354,4,1,1,0
4355,3,1,1,0
4356,3,1,1,0
4357,2,1,1,0
4358,4,1,1,0
4359,1,1,1,0
4360,4,1,1,0
4361,5,1,1,0
4362,7,1,1,0
4363,4,1,1,0
4364,2,1,1,0
4365,11,1,1,0
4366,1,1,1,0
4367,3,1,1,0
4368,3,1,1,0
4369,1,1,1,0
4370,1,1,1,0
4371,12,1,1,0
4372,13,1,1,0
4373,5,1,1,0
4374,2,1,1,0
4375,4,1,1,0
4376,1,1,1,0
4377,1,1,1,0
4378,2,1,1,0
4379,1,1,1,0
4380,5,1,1,0
4381,1,1,1,0
4382,4,1,1,0
4383,3,1,1,0
4384,19,1,1,0
4385,2,1,1,0
4386,2,1,1,0
4387,2,1,1,0
4388,1,1,1,0
4389,11,1,1,0
4390,1,1,1,0
4391,3,1,1,0
4392,5,1,1,0
4393,1,1,1,0
4394,3,1,1,0
4395,1,1,1,0
4396,9,1,1,0
4397,6,1,1,0
4398,12,1,1,0
4399,7,1,1,0
4400,3,1,1,0
4401,3,1,1,0
4402,3,1,1,0
4403,3,1,1,0
4404,1,1,1,0
4405,2,1,1,0
4406,10,1,1,0
4407,7,1,1,0
4408,4,1,1,0
4409,8,1,1,0
4410,3,1,1,0
4411,2,1,1,0
4412,4,1,1,0
4413,2,1,1,0
4414,6,1,1,0
4415,4,1,1,0
4416,5,1,1,0
4417,1,1,1,0
4418,1,1,1,0
4419,3,1,1,0
4420,1,1,1,0
4421,1,1,1,0
4422,3,1,1,0
4423,1,1,1,0
4424,3,1,1,0
4425,2,1,1,0
4426,4,1,1,0
4427,1,1,1,0
4428,4,1,1,0
4429,3,1,1,0
4430,1,1,1,0
4431,5,1,1,0
4432,3,1,1,0
4433,1,1,1,0
4434,12,1,1,0
4435,2,1,1,0
4436,1,1,1,0
4437,2,1,1,0
4438,1,1,1,0
4439,7,1,1,0
4440,2,1,1,0
4441,1,1,1,0
4442,2,1,1,0
4443,6,1,1,0
4444,4,1,1,0
4445,4,1,1,0
4446,5,1,1,0
4447,1,1,1,0
4448,6,1,1,0
4449,1,1,1,0
4450,1,1,1,0
4451,1,1,1,0
4452,2,1,1,0
4453,3,1,1,0
4454,3,1,1,0
4455,3,1,1,0
4456,6,1,1,0
4457,5,1,1,0
4458,5,1,1,0
4459,4,1,1,0
4460,3,1,1,0
4461,2,1,1,0
4462,2,1,1,0
4463,4,1,1,0
4464,2,1,1,0
4465,1,1,1,0
4466,2,1,1,0
4467,1,1,1,0
4468,1,1,1,0
4469,3,1,1,0
4470,3,1,1,0
4471,6,1,1,0
4472,2,1,1,0
4473,8,1,1,0
4474,8,1,1,0
4475,1,1,1,0
4476,4,1,1,0
4477,3,1,1,0
4478,10,1,1,0
4479,5,1,1,0
4480,4,1,1,0
4481,8,1,1,0
4482,1,1,1,0
4483,1,1,1,0
4484,1,1,1,0
4485,4,1,1,0
4486,5,1,1,0
4487,2,1,1,0
4488,1,1,1,0
4489,3,1,1,0
4490,4,1,1,0
4491,2,1,1,0
4492,3,1,1,0
4493,10,1,1,0
4494,3,1,1,0
4495,2,1,1,0
4496,2,1,1,0
4497,3,1,1,0
4498,7,1,1,0
4499,8,1,1,0
4500,9,1,1,0
4501,5,1,1,0
4502,3,1,1,0
4503,1,1,1,0
4504,2,1,1,0
4505,2,1,1,0
4506,4,1,1,0
4507,5,1,1,0
4508,3,1,1,0
4509,2,1,1,0
4510,1,1,1,0
4511,1,1,1,0
4512,4,1,1,0
4513,6,1,1,0
4514,2,1,1,0
4515,2,1,1,0
4516,3,1,1,0
4517,2,1,1,0
4518,9,1,1,0
4519,2,1,1,0
4520,5,1,1,0
4521,1,1,1,0
4522,3,1,1,0
4523,3,1,1,0
4524,3,1,1,0
4525,2,1,1,0
4526,2,1,1,0
4527,4,1,1,0
4528,5,1,1,0
4529,2,1,1,0
4530,5,1,1,0
4531,2,1,1,0
4532,6,1,1,0
4533,7,1,1,0
4534,5,1,1,0
4535,2,1,1,0
4536,2,1,1,0
4537,5,1,1,0
4538,2,1,1,0
4539,6,1,1,0
4540,4,1,1,0
4541,2,1,1,0
4542,2,1,1,0
4543,2,1,1,0
4544,9,1,1,0
4545,8,1,1,0
4546,1,1,1,0
4547,1,1,1,0
4548,2,1,1,0
4549,7,1,1,0
4550,4,1,1,0
4551,3,1,1,0
4552,1,1,1,0
4553,2,1,1,0
4554,1,1,1,0
4555,1,1,1,0
4556,1,1,1,0
4557,9,1,1,0
4558,2,1,1,0
4559,6,1,1,0
4560,5,1,1,0
4561,4,1,1,0
4562,2,1,1,0
4563,2,1,1,0
4564,1,1,1,0
4565,2,1,1,0
4566,1,1,1,0
4567,1,1,1,0
4568,4,1,1,0
4569,7,1,1,0
4570,4,1,1,0
4571,4,1,1,0
4572,4,1,1,0
4573,5,1,1,0
4574,4,1,1,0
4575,3,1,1,0
4576,6,1,1,0
4577,3,1,1,0
4578,5,1,1,0
4579,3,1,1,0
4580,1,1,1,0
4581,2,1,1,0
4582,6,1,1,0
4583,8,1,1,0
4584,7,1,1,0
4585,7,1,1,0
4586,5,1,1,0
4587,6,1,1,0
4588,3,1,1,0
4589,3,1,1,0
4590,3,1,1,0
4591,2,1,1,0
4592,2,1,1,0
4593,2,1,1,0
4594,1,1,1,0
4595,4,1,1,0
4596,4,1,1,0
4597,1,1,1,0
4598,2,1,1,0
4599,2,1,1,0
4600,1,1,1,0
4601,3,1,1,0
4602,3,1,1,0
4603,11,1,1,0
4604,3,1,1,0
4605,6,1,1,0
4606,6,1,1,0
4607,4,1,1,0
4608,1,1,1,0
4609,3,1,1,0
4610,1,1,1,0
4611,3,1,1,0
4612,3,1,1,0
4613,3,1,1,0
4614,2,1,1,0
4615,1,1,1,0
4616,4,1,1,0
4617,9,1,1,0
4618,3,1,1,0
4619,1,1,1,0
4620,3,1,1,0
4621,1,1,1,0
4622,2,1,1,0
4623,5,1,1,0
4624,17,1,1,0
4625,4,1,1,0
4626,3,1,1,0
4627,7,1,1,0
4628,6,1,1,0
4629,3,1,1,0
4630,5,1,1,0
4631,7,1,1,0
4632,5,1,1,0
4633,3,1,1,0
4634,3,1,1,0
4635,1,1,1,0
4636,3,1,1,0
4637,3,1,1,0
4638,1,1,1,0
4639,1,1,1,0
4640,8,1,1,0
4641,6,1,1,0
4642,1,1,1,0
4643,6,1,1,0
4644,2,1,1,0
4645,5,1,1,0
4646,2,1,1,0
4647,3,1,1,0
4648,3,1,1,0
4649,1,1,1,0
4650,2,1,1,0
4651,1,1,1,0
4652,5,1,1,0
4653,1,1,1,0
4654,5,1,1,0
4655,1,1,1,0
4656,6,1,1,0
4657,5,1,1,0
4658,1,1,1,0
4659,3,1,1,0
4660,4,1,1,0
4661,3,1,1,0
4662,7,1,1,0
4663,7,1,1,0
4664,2,1,1,0
4665,3,1,1,0
4666,3,1,1,0
4667,1,1,1,0
4668,2,1,1,0
4669,1,1,1,0
4670,1,1,1,0
4671,6,1,1,0
4672,4,1,1,0
4673,1,1,1,0
4674,2,1,1,0
4675,4,1,1,0
4676,3,1,1,0
4677,16,1,1,0
4678,3,1,1,0
4679,1,1,1,0
4680,3,1,1,0
4681,2,1,1,0
4682,1,1,1,0
4683,8,1,1,0
4684,2,1,1,0
4685,6,1,1,0
4686,1,1,1,0
4687,2,1,1,0
4688,2,1,1,0
4689,9,1,1,0
4690,3,1,1,0
4691,5,1,1,0
4692,5,1,1,0
4693,5,1,1,0
4694,1,1,1,0
4695,1,1,1,0
4696,2,1,1,0
4697,2,1,1,0
4698,9,1,1,0
4699,1,1,1,0
4700,3,1,1,0
4701,9,1,1,0
4702,1,1,1,0
4703,11,1,1,0
4704,1,1,1,0
4705,1,1,1,0
4706,15,1,1,0
4707,2,1,1,0
4708,2,1,1,0
4709,5,1,1,0
4710,5,1,1,0
4711,2,1,1,0
4712,3,1,1,0
4713,2,1,1,0
4714,5,1,1,0
4715,4,1,1,0
4716,1,1,1,0
4717,6,1,1,0
4718,10,1,1,0
4719,1,1,1,0
4720,10,1,1,0
4721,6,1,1,0
4722,5,1,1,0
4723,12,1,1,0
4724,12,1,1,0
4725,3,1,1,0
4726,3,1,1,0
4727,3,1,1,0
4728,4,1,1,0
4729,1,1,1,0
4730,5,1,1,0
4731,1,1,1,0
4732,1,1,1,0
4733,5,1,1,0
4734,1,1,1,0
4735,1,1,1,0
4736,1,1,1,0
4737,1,1,1,0
4738,1,1,1,0
4739,4,1,1,0
4740,1,1,1,0
4741,1,1,1,0
4742,4,1,1,0
4743,2,1,1,0
4744,4,1,1,0
4745,6,1,1,0
4746,1,1,1,0
4747,1,1,1,0
4748,3,1,1,0
4749,7,1,1,0
4750,7,1,1,0
4751,1,1,1,0
4752,1,1,1,0
4753,5,1,1,0
4754,6,1,1,0
4755,2,1,1,0
4756,5,1,1,0
4757,9,1,1,0
4758,8,1,1,0
4759,4,1,1,0
4760,2,1,1,0
4761,9,1,1,0
4762,2,1,1,0
4763,9,1,1,0
4764,1,1,1,0
4765,3,1,1,0
4766,5,1,1,0
4767,3,1,1,0
4768,1,1,1,0
4769,4,1,1,0
4770,2,1,1,0
4771,7,1,1,0
4772,3,1,1,0
4773,3,1,1,0
4774,3,1,1,0
4775,4,1,1,0
4776,12,1,1,0
4777,5,1,1,0
4778,5,1,1,0
4779,6,1,1,0
4780,1,1,1,0
4781,1,1,1,0
4782,1,1,1,0
4783,3,1,1,0
4784,15,1,1,0
4785,5,1,1,0
4786,4,1,1,0
4787,5,1,1,0
4788,18,1,1,0
4789,2,1,1,0
4790,5,1,1,0
4791,6,1,1,0
4792,1,1,1,0
4793,6,1,1,0
4794,6,1,1,0
4795,1,1,1,0
4796,3,1,1,0
4797,6,1,1,0
4798,1,1,1,0
4799,2,1,1,0
4800,4,1,1,0
4801,1,1,1,0
4802,5,1,1,0
4803,1,1,1,0
4804,1,1,1,0
4805,2,1,1,0
4806,4,1,1,0
4807,4,1,1,0
4808,3,1,1,0
4809,5,1,1,0
4810,4,1,1,0
4811,1,1,1,0
4812,2,1,1,0
4813,3,1,1,0
4814,2,1,1,0
4815,9,1,1,0
4816,1,1,1,0
4817,7,1,1,0
4818,1,1,1,0
4819,2,1,1,0
4820,1,1,1,0
4821,2,1,1,0
4822,5,1,1,0
4823,10,1,1,0
4824,1,1,1,0
4825,1,1,1,0
4826,2,1,1,0
4827,2,1,1,0
4828,4,1,1,0
4829,8,1,1,0
4830,2,1,1,0
4831,7,1,1,0
4832,4,1,1,0
4833,2,1,1,0
4834,5,1,1,0
4835,5,1,1,0
4836,1,1,1,0
4837,2,1,1,0
4838,1,1,1,0
4839,1,1,1,0
4840,2,1,1,0
4841,2,1,1,0
4842,6,1,1,0
4843,3,1,1,0
4844,2,1,1,0
4845,3,1,1,0
4846,9,1,1,0
4847,6,1,1,0
4848,3,1,1,0
4849,4,1,1,0
4850,2,1,1,0
4851,2,1,1,0
4852,4,1,1,0
4853,1,1,1,0
4854,3,1,1,0
4855,7,1,1,0
4856,5,1,1,0
4857,1,1,1,0
4858,1,1,1,0
4859,6,1,1,0
4860,2,1,1,0
4861,3,1,1,0
4862,13,1,1,0
4863,5,1,1,0
4864,4,1,1,0
4865,1,1,1,0
4866,2,1,1,0
4867,2,1,1,0
4868,6,1,1,0
4869,2,1,1,0
4870,5,1,1,0
4871,7,1,1,0
4872,1,1,1,0
4873,7,1,1,0
4874,2,1,1,0
4875,3,1,1,0
4876,4,1,1,0
4877,2,1,1,0
4878,5,1,1,0
4879,8,1,1,0
4880,2,1,1,0
4881,2,1,1,0
4882,4,1,1,0
4883,2,1,1,0
4884,4,1,1,0
4885,3,1,1,0
4886,5,1,1,0
4887,1,1,1,0
4888,3,1,1,0
4889,6,1,1,0
4890,2,1,1,0
4891,3,1,1,0
4892,4,1,1,0
4893,3,1,1,0
4894,1,1,1,0
4895,2,1,1,0
4896,5,1,1,0
4897,3,1,1,0
4898,1,1,1,0
4899,3,1,1,0
4900,5,1,1,0
4901,1,1,1,0
4902,7,1,1,0
4903,5,1,1,0
4904,1,1,1,0
4905,1,1,1,0
4906,2,1,1,0
4907,7,1,1,0
4908,4,1,1,0
4909,1,1,1,0
4910,1,1,1,0
4911,3,1,1,0
4912,4,1,1,0
4913,3,1,1,0
4914,4,1,1,0
4915,6,1,1,0
4916,1,1,1,0
4917,2,1,1,0
4918,3,1,1,0
4919,1,1,1,0
4920,1,1,1,0
4921,2,1,1,0
4922,3,1,1,0
4923,5,1,1,0
4924,12,1,1,0
4925,1,1,1,0
4926,15,1,1,0
4927,1,1,1,0
4928,7,1,1,0
4929,9,1,1,0
4930,3,1,1,0
4931,1,1,1,0
4932,2,1,1,0
4933,2,1,1,0
4934,1,1,1,0
4935,2,1,1,0
4936,1,1,1,0
4937,3,1,1,0
4938,7,1,1,0
4939,1,1,1,0
4940,1,1,1,0
4941,2,1,1,0
4942,1,1,1,0
4943,1,1,1,0
4944,4,1,1,0
4945,8,1,1,0
4946,2,1,1,0
4947,4,1,1,0
4948,3,1,1,0
4949,2,1,1,0
4950,6,1,1,0
4951,6,1,1,0
4952,4,1,1,0
4953,4,1,1,0
4954,1,1,1,0
4955,1,1,1,0
4956,1,1,1,0
4957,5,1,1,0
4958,3,1,1,0
4959,2,1,1,0
4960,5,1,1,0
4961,4,1,1,0
4962,6,1,1,0
4963,1,1,1,0
4964,2,1,1,0
4965,2,1,1,0
4966,5,1,1,0
4967,6,1,1,0
4968,7,1,1,0
4969,5,1,1,0
4970,1,1,1,0
4971,10,1,1,0
4972,2,1,1,0
4973,7,1,1,0
4974,6,1,1,0
4975,15,1,1,0
4976,1,1,1,0
4977,4,1,1,0
4978,2,1,1,0
4979,3,1,1,0
4980,4,1,1,0
4981,2,1,1,0
4982,7,1,1,0
4983,3,1,1,0
4984,3,1,1,0
4985,5,1,1,0
4986,1,1,1,0
4987,6,1,1,0
4988,2,1,1,0
4989,2,1,1,0
4990,1,1,1,0
4991,2,1,1,0
4992,2,1,1,0
4993,9,1,1,0
4994,2,1,1,0
4995,6,1,1,0
4996,7,1,1,0
4997,3,1,1,0
4998,4,1,1,0
4999,1,1,1,0
5000,4,1,1,0
5001,5,1,1,0
5002,1,1,1,0
5003,7,1,1,0
5004,5,1,1,0
5005,6,1,1,0
5006,1,1,1,0
5007,7,1,1,0
5008,1,1,1,0
5009,2,1,1,0
5010,1,1,1,0
5011,1,1,1,0
5012,1,1,1,0
5013,10,1,1,0
5014,2,1,1,0
5015,3,1,1,0
5016,2,1,1,0
5017,1,1,1,0
5018,4,1,1,0
5019,7,1,1,0
5020,1,1,1,0
5021,2,1,1,0
5022,2,1,1,0
5023,6,1,1,0
5024,4,1,1,0
5025,1,1,1,0
5026,3,1,1,0
5027,3,1,1,0
5028,7,1,1,0
5029,2,1,1,0
5030,7,1,1,0
5031,1,1,1,0
5032,4,1,1,0
5033,1,1,1,0
5034,1,1,1,0
5035,5,1,1,0
5036,4,1,1,0
5037,1,1,1,0
5038,5,1,1,0
5039,3,1,1,0
5040,10,1,1,0
5041,5,1,1,0
5042,2,1,1,0
5043,11,1,1,0
5044,8,1,1,0
5045,1,1,1,0
5046,6,1,1,0
5047,4,1,1,0
5048,5,1,1,0
5049,3,1,1,0
5050,10,1,1,0
5051,1,1,1,0
5052,4,1,1,0
5053,4,1,1,0
5054,2,1,1,0
5055,4,1,1,0
5056,2,1,1,0
5057,7,1,1,0
5058,1,1,1,0
5059,4,1,1,0
5060,1,1,1,0
5061,10,1,1,0
5062,2,1,1,0
5063,2,1,1,0
5064,6,1,1,0
5065,1,1,1,0
5066,12,1,1,0
5067,3,1,1,0
5068,1,1,1,0
5069,10,1,1,0
5070,1,1,1,0
5071,5,1,1,0
5072,5,1,1,0
5073,4,1,1,0
5074,1,1,1,0
5075,2,1,1,0
5076,2,1,1,0
5077,3,1,1,0
5078,4,1,1,0
5079,8,1,1,0
5080,5,1,1,0
5081,1,1,1,0
5082,4,1,1,0
5083,2,1,1,0
5084,2,1,1,0
5085,5,1,1,0
5086,2,1,1,0
5087,9,1,1,0
5088,2,1,1,0
5089,8,1,1,0
5090,5,1,1,0
5091,9,1,1,0
5092,6,1,1,0
5093,3,1,1,0
5094,4,1,1,0
5095,1,1,1,0
5096,1,1,1,0
5097,9,1,1,0
5098,1,1,1,0
5099,5,1,1,0
5100,3,1,1,0
5101,1,1,1,0
5102,9,1,1,0
5103,6,1,1,0
5104,1,1,1,0
5105,1,1,1,0
5106,1,1,1,0
5107,2,1,1,0
5108,4,1,1,0
5109,3,1,1,0
5110,1,1,1,0
5111,2,1,1,0
5112,1,1,1,0
5113,1,1,1,0
5114,5,1,1,0
5115,8,1,1,0
5116,3,1,1,0
5117,1,1,1,0
5118,1,1,1,0
5119,2,1,1,0
5120,3,1,1,0
5121,7,1,1,0
5122,15,1,1,0
5123,1,1,1,0
5124,1,1,1,0
5125,1,1,1,0
5126,3,1,1,0
5127,8,1,1,0
5128,4,1,1,0
5129,2,1,1,0
5130,3,1,1,0
5131,1,1,1,0
5132,6,1,1,0
5133,4,1,1,0
5134,3,1,1,0
5135,1,1,1,0
5136,4,1,1,0
5137,3,1,1,0
5138,1,1,1,0
5139,1,1,1,0
5140,2,1,1,0
5141,3,1,1,0
5142,2,1,1,0
5143,7,1,1,0
5144,7,1,1,0
5145,1,1,1,0
5146,3,1,1,0
5147,7,1,1,0
5148,2,1,1,0
5149,2,1,1,0
5150,1,1,1,0
5151,4,1,1,0
5152,3,1,1,0
5153,3,1,1,0
5154,4,1,1,0
5155,1,1,1,0
5156,6,1,1,0
5157,4,1,1,0
5158,2,1,1,0
5159,3,1,1,0
5160,6,1,1,0
5161,1,1,1,0
5162,7,1,1,0
5163,6,1,1,0
5164,1,1,1,0
5165,1,1,1,0
5166,4,1,1,0
5167,10,1,1,0
5168,6,1,1,0
5169,3,1,1,0
5170,2,1,1,0
5171,13,1,1,0
5172,4,1,1,0
5173,1,1,1,0
5174,6,1,1,0
5175,8,1,1,0
5176,2,1,1,0
5177,3,1,1,0
5178,2,1,1,0
5179,3,1,1,0
5180,2,1,1,0
5181,4,1,1,0
5182,9,1,1,0
5183,3,1,1,0
5184,4,1,1,0
5185,5,1,1,0
5186,2,1,1,0
5187,3,1,1,0
5188,2,1,1,0
5189,1,1,1,0
5190,2,1,1,0
5191,1,1,1,0
5192,3,1,1,0
5193,5,1,1,0
5194,4,1,1,0
5195,3,1,1,0
5196,2,1,1,0
5197,1,1,1,0
5198,4,1,1,0
5199,1,1,1,0
5200,10,1,1,0
5201,2,1,1,0
5202,10,1,1,0
5203,3,1,1,0
5204,1,1,1,0
5205,1,1,1,0
5206,6,1,1,0
5207,3,1,1,0
5208,1,1,1,0
5209,14,1,1,0
5210,12,1,1,0
5211,7,1,1,0
5212,2,1,1,0
5213,2,1,1,0
5214,3,1,1,0
5215,2,1,1,0
5216,1,1,1,0
5217,2,1,1,0
5218,2,1,1,0
5219,9,1,1,0
5220,3,1,1,0
5221,2,1,1,0
5222,4,1,1,0
5223,7,1,1,0
5224,2,1,1,0
5225,4,1,1,0
5226,4,1,1,0
5227,6,1,1,0
5228,5,1,1,0
5229,1,1,1,0
5230,3,1,1,0
5231,6,1,1,0
5232,5,1,1,0
5233,6,1,1,0
5234,5,1,1,0
5235,4,1,1,0
5236,2,1,1,0
5237,1,1,1,0
5238,8,1,1,0
5239,3,1,1,0
5240,10,1,1,0
5241,2,1,1,0
5242,4,1,1,0
5243,5,1,1,0
5244,9,1,1,0
5245,1,1,1,0
5246,6,1,1,0
5247,1,1,1,0
5248,5,1,1,0
5249,3,1,1,0
5250,5,1,1,0
5251,1,1,1,0
5252,24,1,1,0
5253,4,1,1,0
5254,3,1,1,0
5255,5,1,1,0
5256,5,1,1,0
5257,1,1,1,0
5258,1,1,1,0
5259,2,1,1,0
5260,9,1,1,0
5261,2,1,1,0
5262,2,1,1,0
5263,1,1,1,0
5264,6,1,1,0
5265,10,1,1,0
5266,2,1,1,0
5267,1,1,1,0
5268,1,1,1,0
5269,2,1,1,0
5270,4,1,1,0
5271,12,1,1,0
5272,3,1,1,0
5273,5,1,1,0
5274,1,1,1,0
5275,2,1,1,0
5276,1,1,1,0
5277,3,1,1,0
5278,1,1,1,0
5279,3,1,1,0
5280,1,1,1,0
5281,4,1,1,0
5282,6,1,1,0
5283,3,1,1,0
5284,1,1,1,0
5285,2,1,1,0
5286,13,1,1,0
5287,11,1,1,0
5288,1,1,1,0
5289,1,1,1,0
5290,2,1,1,0
5291,5,1,1,0
5292,1,1,1,0
5293,2,1,1,0
5294,3,1,1,0
5295,1,1,1,0
5296,6,1,1,0
5297,1,1,1,0
5298,4,1,1,0
5299,2,1,1,0
5300,7,1,1,0
5301,3,1,1,0
5302,3,1,1,0
5303,2,1,1,0
5304,2,1,1,0
5305,2,1,1,0
5306,6,1,1,0
5307,1,1,1,0
5308,1,1,1,0
5309,1,1,1,0
5310,3,1,1,0
5311,8,1,1,0
5312,1,1,1,0
5313,1,1,1,0
5314,7,1,1,0
5315,5,1,1,0
5316,6,1,1,0
5317,2,1,1,0
5318,3,1,1,0
5319,1,1,1,0
5320,2,1,1,0
5321,4,1,1,0
5322,1,1,1,0
5323,2,1,1,0
5324,4,1,1,0
5325,1,1,1,0
5326,4,1,1,0
5327,6,1,1,0
5328,2,1,1,0
5329,4,1,1,0
5330,9,1,1,0
5331,2,1,1,0
5332,1,1,1,0
5333,4,1,1,0
5334,4,1,1,0
5335,1,1,1,0
5336,3,1,1,0
5337,2,1,1,0
5338,8,1,1,0
5339,3,1,1,0
5340,2,1,1,0
5341,4,1,1,0
5342,3,1,1,0
5343,5,1,1,0
5344,2,1,1,0
5345,3,1,1,0
5346,1,1,1,0
5347,2,1,1,0
5348,1,1,1,0
5349,5,1,1,0
5350,2,1,1,0
5351,2,1,1,0
5352,1,1,1,0
5353,1,1,1,0
5354,2,1,1,0
5355,8,1,1,0
5356,4,1,1,0
5357,1,1,1,0
5358,3,1,1,0
5359,3,1,1,0
5360,1,1,1,0
5361,4,1,1,0
5362,2,1,1,0
5363,1,1,1,0
5364,2,1,1,0
5365,1,1,1,0
5366,2,1,1,0
5367,1,1,1,0
5368,3,1,1,0
5369,2,1,1,0
5370,9,1,1,0
5371,5,1,1,0
5372,5,1,1,0
5373,10,1,1,0
5374,2,1,1,0
5375,8,1,1,0
5376,1,1,1,0
5377,2,1,1,0
5378,9,1,1,0
5379,2,1,1,0
5380,4,1,1,0
5381,2,1,1,0
5382,8,1,1,0
5383,2,1,1,0
5384,5,1,1,0
5385,3,1,1,0
5386,2,1,1,0
5387,4,1,1,0
5388,6,1,1,0
5389,1,1,1,0
5390,1,1,1,0
5391,2,1,1,0
5392,5,1,1,0
5393,3,1,1,0
5394,4,1,1,0
5395,2,1,1,0
5396,9,1,1,0
5397,8,1,1,0
5398,1,1,1,0
5399,2,1,1,0
5400,1,1,1,0
5401,1,1,1,0
5402,3,1,1,0
5403,5,1,1,0
5404,4,1,1,0
5405,2,1,1,0
5406,1,1,1,0
5407,3,1,1,0
5408,6,1,1,0
5409,3,1,1,0
5410,1,1,1,0
5411,1,1,1,0
5412,2,1,1,0
5413,4,1,1,0
5414,3,1,1,0
5415,1,1,1,0
5416,2,1,1,0
5417,1,1,1,0
5418,4,1,1,0
5419,4,1,1,0
5420,11,1,1,0
5421,5,1,1,0
5422,1,1,1,0
5423,3,1,1,0
5424,1,1,1,0
5425,2,1,1,0
5426,2,1,1,0
5427,4,1,1,0
5428,4,1,1,0
5429,1,1,1,0
5430,4,1,1,0
5431,7,1,1,0
5432,3,1,1,0
5433,3,1,1,0
5434,4,1,1,0
5435,1,1,1,0
5436,6,1,1,0
5437,3,1,1,0
5438,2,1,1,0
5439,1,1,1,0
5440,1,1,1,0
5441,4,1,1,0
5442,2,1,1,0
5443,1,1,1,0
5444,3,1,1,0
5445,6,1,1,0
5446,1,1,1,0
5447,1,1,1,0
5448,1,1,1,0
5449,5,1,1,0
5450,4,1,1,0
5451,1,1,1,0
5452,3,1,1,0
5453,3,1,1,0
5454,2,1,1,0
5455,6,1,1,0
5456,12,1,1,0
5457,4,1,1,0
5458,3,1,1,0
5459,1,1,1,0
5460,2,1,1,0
5461,3,1,1,0
5462,11,1,1,0
5463,1,1,1,0
5464,3,1,1,0
5465,2,1,1,0
5466,5,1,1,0
5467,2,1,1,0
5468,6,1,1,0
5469,3,1,1,0
5470,3,1,1,0
5471,1,1,1,0
5472,2,1,1,0
5473,8,1,1,0
5474,2,1,1,0
5475,1,1,1,0
5476,8,1,1,0
5477,2,1,1,0
5478,6,1,1,0
5479,2,1,1,0
5480,2,1,1,0
5481,1,1,1,0
5482,5,1,1,0
5483,1,1,1,0
5484,1,1,1,0
5485,5,1,1,0
5486,1,1,1,0
5487,3,1,1,0
5488,1,1,1,0
5489,3,1,1,0
5490,7,1,1,0
5491,1,1,1,0
5492,6,1,1,0
5493,1,1,1,0
5494,3,1,1,0
5495,1,1,1,0
5496,3,1,1,0
5497,1,1,1,0
5498,7,1,1,0
5499,1,1,1,0
5500,3,1,1,0
5501,4,1,1,0
5502,4,1,1,0
5503,5,1,1,0
5504,3,1,1,0
5505,2,1,1,0
5506,3,1,1,0
5507,1,1,1,0
5508,1,1,1,0
5509,2,1,1,0
5510,5,1,1,0
5511,2,1,1,0
5512,2,1,1,0
5513,2,1,1,0
5514,4,1,1,0
5515,4,1,1,0
5516,4,1,1,0
5517,6,1,1,0
5518,4,1,1,0
5519,3,1,1,0
5520,1,1,1,0
5521,2,1,1,0
5522,4,1,1,0
5523,6,1,1,0
5524,4,1,1,0
5525,1,1,1,0
5526,2,1,1,0
5527,4,1,1,0
5528,2,1,1,0
5529,3,1,1,0
5530,3,1,1,0
5531,2,1,1,0
5532,1,1,1,0
5533,3,1,1,0
5534,6,1,1,0
5535,2,1,1,0
5536,1,1,1,0
5537,1,1,1,0
5538,1,1,1,0
5539,2,1,1,0
5540,7,1,1,0
5541,1,1,1,0
5542,7,1,1,0
5543,6,1,1,0
5544,1,1,1,0
5545,11,1,1,0
5546,3,1,1,0
5547,1,1,1,0
5548,1,1,1,0
5549,1,1,1,0
5550,6,1,1,0
5551,3,1,1,0
5552,3,1,1,0
5553,2,1,1,0
5554,4,1,1,0
5555,4,1,1,0
5556,3,1,1,0
5557,3,1,1,0
5558,5,1,1,0
5559,5,1,1,0
5560,9,1,1,0
5561,11,1,1,0
5562,1,1,1,0
5563,1,1,1,0
5564,1,1,1,0
5565,1,1,1,0
5566,9,1,1,0
5567,4,1,1,0
5568,1,1,1,0
5569,1,1,1,0
5570,3,1,1,0
5571,3,1,1,0
5572,2,1,1,0
5573,3,1,1,0
5574,6,1,1,0
5575,5,1,1,0
5576,1,1,1,0
5577,1,1,1,0
5578,4,1,1,0
5579,3,1,1,0
5580,1,1,1,0
5581,4,1,1,0
5582,2,1,1,0
5583,2,1,1,0
5584,1,1,1,0
5585,6,1,1,0
5586,2,1,1,0
5587,1,1,1,0
5588,4,1,1,0
5589,2,1,1,0
5590,6,1,1,0
5591,1,1,1,0
5592,4,1,1,0
5593,3,1,1,0
5594,3,1,1,0
5595,2,1,1,0
5596,3,1,1,0
5597,2,1,1,0
5598,3,1,1,0
5599,12,1,1,0
5600,4,1,1,0
5601,8,1,1,0
5602,1,1,1,0
5603,8,1,1,0
5604,1,1,1,0
5605,3,1,1,0
5606,1,1,1,0
5607,1,1,1,0
5608,1,1,1,0
5609,1,1,1,0
5610,2,1,1,0
5611,3,1,1,0
5612,2,1,1,0
5613,5,1,1,0
5614,3,1,1,0
5615,5,1,1,0
5616,2,1,1,0
5617,6,1,1,0
5618,1,1,1,0
5619,1,1,1,0
5620,6,1,1,0
5621,3,1,1,0
5622,4,1,1,0
5623,5,1,1,0
5624,1,1,1,0
5625,1,1,1,0
5626,1,1,1,0
5627,4,1,1,0
5628,8,1,1,0
5629,3,1,1,0
5630,6,1,1,0
5631,1,1,1,0
5632,1,1,1,0
5633,2,1,1,0
5634,4,1,1,0
5635,4,1,1,0
5636,4,1,1,0
5637,1,1,1,0
5638,1,1,1,0
5639,1,1,1,0
5640,4,1,1,0
5641,10,1,1,0
5642,5,1,1,0
5643,1,1,1,0
5644,4,1,1,0
5645,2,1,1,0
5646,1,1,1,0
5647,2,1,1,0
5648,2,1,1,0
5649,3,1,1,0
5650,4,1,1,0
5651,2,1,1,0
5652,6,1,1,0
5653,3,1,1,0
5654,1,1,1,0
5655,14,1,1,0
5656,13,1,1,0
5657,4,1,1,0
5658,2,1,1,0
5659,2,1,1,0
5660,3,1,1,0
5661,2,1,1,0
5662,11,1,1,0
5663,1,1,1,0
5664,1,1,1,0
5665,3,1,1,0
5666,1,1,1,0
5667,8,1,1,0
5668,5,1,1,0
5669,3,1,1,0
5670,2,1,1,0
5671,1,1,1,0
5672,1,1,1,0
5673,1,1,1,0
5674,9,1,1,0
5675,6,1,1,0
5676,3,1,1,0
5677,2,1,1,0
5678,11,1,1,0
5679,1,1,1,0
5680,1,1,1,0
5681,2,1,1,0
5682,1,1,1,0
5683,7,1,1,0
5684,1,1,1,0
5685,5,1,1,0
5686,3,1,1,0
5687,2,1,1,0
5688,4,1,1,0
5689,3,1,1,0
5690,4,1,1,0
5691,1,1,1,0
5692,1,1,1,0
5693,5,1,1,0
5694,4,1,1,0
5695,2,1,1,0
5696,6,1,1,0
5697,1,1,1,0
5698,1,1,1,0
5699,3,1,1,0
5700,2,1,1,0
5701,7,1,1,0
5702,10,1,1,0
5703,3,1,1,0
5704,4,1,1,0
5705,3,1,1,0
5706,9,1,1,0
5707,2,1,1,0
5708,1,1,1,0
5709,1,1,1,0
5710,3,1,1,0
5711,1,1,1,0
5712,5,1,1,0
5713,2,1,1,0
5714,5,1,1,0
5715,1,1,1,0
5716,5,1,1,0
5717,4,1,1,0
5718,3,1,1,0
5719,1,1,1,0
5720,4,1,1,0
5721,3,1,1,0
5722,4,1,1,0
5723,6,1,1,0
5724,1,1,1,0
5725,8,1,1,0
5726,2,1,1,0
5727,2,1,1,0
5728,1,1,1,0
5729,2,1,1,0
5730,4,1,1,0
5731,2,1,1,0
5732,1,1,1,0
5733,2,1,1,0
5734,3,1,1,0
5735,8,1,1,0
5736,2,1,1,0
5737,1,1,1,0
5738,2,1,1,0
5739,5,1,1,0
5740,1,1,1,0
5741,1,1,1,0
5742,6,1,1,0
5743,1,1,1,0
5744,6,1,1,0
5745,1,1,1,0
5746,1,1,1,0
5747,2,1,1,0
5748,1,1,1,0
5749,2,1,1,0
5750,3,1,1,0
5751,2,1,1,0
5752,6,1,1,0
5753,2,1,1,0
5754,1,1,1,0
5755,2,1,1,0
5756,3,1,1,0
5757,1,1,1,0
5758,1,1,1,0
5759,2,1,1,0
5760,4,1,1,0
5761,2,1,1,0
5762,2,1,1,0
5763,2,1,1,0
5764,1,1,1,0
5765,2,1,1,0
5766,5,1,1,0
5767,4,1,1,0
5768,1,1,1,0
5769,5,1,1,0
5770,1,1,1,0
5771,1,1,1,0
5772,7,1,1,0
5773,2,1,1,0
5774,7,1,1,0
5775,6,1,1,0
5776,5,1,1,0
5777,1,1,1,0
5778,6,1,1,0
5779,4,1,1,0
5780,2,1,1,0
5781,3,1,1,0
5782,1,1,1,0
5783,7,1,1,0
5784,1,1,1,0
5785,2,1,1,0
5786,4,1,1,0
5787,3,1,1,0
5788,7,1,1,0
5789,1,1,1,0
5790,3,1,1,0
5791,4,1,1,0
5792,4,1,1,0
5793,5,1,1,0
5794,1,1,1,0
5795,2,1,1,0
5796,2,1,1,0
5797,4,1,1,0
5798,3,1,1,0
5799,3,1,1,0
5800,1,1,1,0
5801,1,1,1,0
5802,2,1,1,0
5803,2,1,1,0
5804,3,1,1,0
5805,3,1,1,0
5806,3,1,1,0
5807,10,1,1,0
5808,1,1,1,0
5809,3,1,1,0
5810,6,1,1,0
5811,14,1,1,0
5812,2,1,1,0
5813,1,1,1,0
5814,7,1,1,0
5815,1,1,1,0
5816,7,1,1,0
5817,1,1,1,0
5818,2,1,1,0
5819,2,1,1,0
5820,4,1,1,0
5821,3,1,1,0
5822,6,1,1,0
5823,2,1,1,0
5824,1,1,1,0
5825,2,1,1,0
5826,2,1,1,0
5827,9,1,1,0
5828,4,1,1,0
5829,1,1,1,0
5830,1,1,1,0
5831,5,1,1,0
5832,3,1,1,0
5833,10,1,1,0
5834,4,1,1,0
5835,4,1,1,0
5836,2,1,1,0
5837,3,1,1,0
5838,4,1,1,0
5839,1,1,1,0
5840,3,1,1,0
5841,2,1,1,0
5842,1,1,1,0
5843,12,1,1,0
5844,1,1,1,0
5845,3,1,1,0
5846,4,1,1,0
5847,1,1,1,0
5848,1,1,1,0
5849,3,1,1,0
5850,3,1,1,0
5851,1,1,1,0
5852,3,1,1,0
5853,1,1,1,0
5854,3,1,1,0
5855,4,1,1,0
5856,2,1,1,0
5857,5,1,1,0
5858,1,1,1,0
5859,6,1,1,0
5860,3,1,1,0
5861,5,1,1,0
5862,2,1,1,0
5863,5,1,1,0
5864,8,1,1,0
5865,3,1,1,0
5866,7,1,1,0
5867,7,1,1,0
5868,1,1,1,0
5869,4,1,1,0
5870,2,1,1,0
5871,2,1,1,0
5872,4,1,1,0
5873,1,1,1,0
5874,6,1,1,0
5875,8,1,1,0
5876,3,1,1,0
5877,5,1,1,0
5878,4,1,1,0
5879,6,1,1,0
5880,3,1,1,0
5881,3,1,1,0
5882,2,1,1,0
5883,1,1,1,0
5884,5,1,1,0
5885,3,1,1,0
5886,7,1,1,0
5887,2,1,1,0
5888,1,1,1,0
5889,5,1,1,0
5890,2,1,1,0
5891,2,1,1,0
5892,1,1,1,0
5893,2,1,1,0
5894,3,1,1,0
5895,2,1,1,0
5896,1,1,1,0
5897,7,1,1,0
5898,5,1,1,0
5899,2,1,1,0
5900,4,1,1,0
5901,7,1,1,0
5902,2,1,1,0
5903,2,1,1,0
5904,4,1,1,0
5905,5,1,1,0
5906,2,1,1,0
5907,3,1,1,0
5908,2,1,1,0
5909,1,1,1,0
5910,3,1,1,0
5911,4,1,1,0
5912,4,1,1,0
5913,4,1,1,0
5914,3,1,1,0
5915,5,1,1,0
5916,1,1,1,0
5917,1,1,1,0
5918,1,1,1,0
5919,5,1,1,0
5920,6,1,1,0
5921,2,1,1,0
5922,1,1,1,0
5923,1,1,1,0
5924,3,1,1,0
5925,4,1,1,0
5926,1,1,1,0
5927,7,1,1,0
5928,2,1,1,0
5929,6,1,1,0
5930,1,1,1,0
5931,4,1,1,0
5932,2,1,1,0
5933,6,1,1,0
5934,3,1,1,0
5935,5,1,1,0
5936,6,1,1,0
5937,1,1,1,0
5938,1,1,1,0
5939,1,1,1,0
5940,2,1,1,0
5941,2,1,1,0
5942,2,1,1,0
5943,1,1,1,0
5944,1,1,1,0
5945,5,1,1,0
5946,2,1,1,0
5947,4,1,1,0
5948,5,1,1,0
5949,1,1,1,0
5950,1,1,1,0
5951,1,1,1,0
5952,6,1,1,0
5953,5,1,1,0
5954,5,1,1,0
5955,1,1,1,0
5956,4,1,1,0
5957,1,1,1,0
5958,5,1,1,0
5959,1,1,1,0
5960,5,1,1,0
5961,3,1,1,0
5962,3,1,1,0
5963,2,1,1,0
5964,2,1,1,0
5965,5,1,1,0
5966,1,1,1,0
5967,3,1,1,0
5968,2,1,1,0
5969,1,1,1,0
5970,2,1,1,0
5971,1,1,1,0
5972,3,1,1,0
5973,1,1,1,0
5974,5,1,1,0
5975,3,1,1,0
5976,2,1,1,0
5977,2,1,1,0
5978,12,1,1,0
5979,1,1,1,0
5980,1,1,1,0
5981,3,1,1,0
5982,1,1,1,0
5983,12,1,1,0
5984,5,1,1,0
5985,1,1,1,0
5986,1,1,1,0
5987,2,1,1,0
5988,1,1,1,0
5989,5,1,1,0
5990,3,1,1,0
5991,3,1,1,0
5992,1,1,1,0
5993,1,1,1,0
5994,2,1,1,0
5995,5,1,1,0
5996,6,1,1,0
5997,7,1,1,0
5998,4,1,1,0
5999,3,1,1,0
6000,5,1,1,0
6001,1,1,1,0
6002,3,1,1,0
6003,4,1,1,0
6004,1,1,1,0
6005,1,1,1,0
6006,2,1,1,0
6007,1,1,1,0
6008,2,1,1,0
6009,3,1,1,0
6010,5,1,1,0
6011,1,1,1,0
6012,2,1,1,0
6013,4,1,1,0
6014,4,1,1,0
6015,1,1,1,0
6016,2,1,1,0
6017,2,1,1,0
6018,4,1,1,0
6019,5,1,1,0
6020,2,1,1,0
6021,7,1,1,0
6022,1,1,1,0
6023,2,1,1,0
6024,3,1,1,0
6025,1,1,1,0
6026,3,1,1,0
6027,2,1,1,0
6028,2,1,1,0
6029,6,1,1,0
6030,3,1,1,0
6031,1,1,1,0
6032,1,1,1,0
6033,1,1,1,0
6034,7,1,1,0
6035,3,1,1,0
6036,7,1,1,0
6037,11,1,1,0
6038,2,1,1,0
6039,1,1,1,0
6040,3,1,1,0
6041,1,1,1,0
6042,1,1,1,0
6043,1,1,1,0
6044,6,1,1,0
6045,1,1,1,0
6046,3,1,1,0
6047,8,1,1,0
6048,3,1,1,0
6049,3,1,1,0
6050,6,1,1,0
6051,4,1,1,0
6052,3,1,1,0
6053,14,1,1,0
6054,1,1,1,0
6055,1,1,1,0
6056,3,1,1,0
6057,3,1,1,0
6058,11,1,1,0
6059,5,1,1,0
6060,1,1,1,0
6061,1,1,1,0
6062,1,1,1,0
6063,5,1,1,0
6064,4,1,1,0
6065,1,1,1,0
6066,3,1,1,0
6067,1,1,1,0
6068,1,1,1,0
6069,2,1,1,0
6070,5,1,1,0
6071,3,1,1,0
6072,2,1,1,0
6073,3,1,1,0
6074,4,1,1,0
6075,1,1,1,0
6076,1,1,1,0
6077,4,1,1,0
6078,7,1,1,0
6079,2,1,1,0
6080,5,1,1,0
6081,3,1,1,0
6082,4,1,1,0
6083,2,1,1,0
6084,1,1,1,0
6085,1,1,1,0
6086,7,1,1,0
6087,2,1,1,0
6088,1,1,1,0
6089,1,1,1,0
6090,3,1,1,0
6091,2,1,1,0
6092,3,1,1,0
6093,3,1,1,0
6094,11,1,1,0
6095,2,1,1,0
6096,2,1,1,0
6097,7,1,1,0
6098,1,1,1,0
6099,3,1,1,0
6100,4,1,1,0
6101,2,1,1,0
6102,1,1,1,0
6103,3,1,1,0
6104,3,1,1,0
6105,1,1,1,0
6106,2,1,1,0
6107,13,1,1,0
6108,1,1,1,0
6109,3,1,1,0
6110,1,1,1,0
6111,1,1,1,0
6112,8,1,1,0
6113,5,1,1,0
6114,1,1,1,0
6115,2,1,1,0
6116,4,1,1,0
6117,1,1,1,0
6118,1,1,1,0
6119,1,1,1,0
6120,2,1,1,0
6121,3,1,1,0
6122,1,1,1,0
6123,2,1,1,0
6124,2,1,1,0
6125,10,1,1,0
6126,6,1,1,0
6127,2,1,1,0
6128,4,1,1,0
6129,4,1,1,0
6130,4,1,1,0
6131,1,1,1,0
6132,5,1,1,0
6133,2,1,1,0
6134,1,1,1,0
6135,7,1,1,0
6136,1,1,1,0
6137,4,1,1,0
6138,5,1,1,0
6139,4,1,1,0
6140,8,1,1,0
6141,5,1,1,0
6142,3,1,1,0
6143,4,1,1,0
6144,2,1,1,0
6145,10,1,1,0
6146,2,1,1,0
6147,1,1,1,0
6148,5,1,1,0
6149,1,1,1,0
6150,1,1,1,0
6151,2,1,1,0
6152,2,1,1,0
6153,2,1,1,0
6154,1,1,1,0
6155,2,1,1,0
6156,2,1,1,0
6157,11,1,1,0
6158,1,1,1,0
6159,11,1,1,0
6160,5,1,1,0
6161,1,1,1,0
6162,2,1,1,0
6163,1,1,1,0
6164,3,1,1,0
6165,3,1,1,0
6166,4,1,1,0
6167,6,1,1,0
6168,3,1,1,0
6169,3,1,1,0
6170,4,1,1,0
6171,2,1,1,0
6172,5,1,1,0
6173,2,1,1,0
6174,1,1,1,0
6175,2,1,1,0
6176,2,1,1,0
6177,5,1,1,0
6178,3,1,1,0
6179,1,1,1,0
6180,3,1,1,0
6181,2,1,1,0
6182,6,1,1,0
6183,1,1,1,0
6184,1,1,1,0
6185,2,1,1,0
6186,4,1,1,0
6187,4,1,1,0
6188,6,1,1,0
6189,10,1,1,0
6190,3,1,1,0
6191,4,1,1,0
6192,2,1,1,0
6193,1,1,1,0
6194,2,1,1,0
6195,3,1,1,0
6196,3,1,1,0
6197,1,1,1,0
6198,2,1,1,0
6199,1,1,1,0
6200,3,1,1,0
6201,2,1,1,0
6202,1,1,1,0
6203,1,1,1,0
6204,1,1,1,0
6205,9,1,1,0
6206,7,1,1,0
6207,1,1,1,0
6208,4,1,1,0
6209,3,1,1,0
6210,1,1,1,0
6211,4,1,1,0
6212,3,1,1,0
6213,5,1,1,0
6214,1,1,1,0
6215,9,1,1,0
6216,4,1,1,0
6217,8,1,1,0
6218,2,1,1,0
6219,2,1,1,0
6220,8,1,1,0
6221,2,1,1,0
6222,8,1,1,0
6223,1,1,1,0
6224,2,1,1,0
6225,5,1,1,0
6226,3,1,1,0
6227,2,1,1,0
6228,7,1,1,0
6229,2,1,1,0
6230,1,1,1,0
6231,8,1,1,0
6232,5,1,1,0
6233,1,1,1,0
6234,3,1,1,0
6235,1,1,1,0
6236,5,1,1,0
6237,6,1,1,0
6238,2,1,1,0
6239,2,1,1,0
6240,5,1,1,0
6241,1,1,1,0
6242,3,1,1,0
6243,4,1,1,0
6244,1,1,1,0
6245,4,1,1,0
6246,1,1,1,0
6247,4,1,1,0
6248,5,1,1,0
6249,3,1,1,0
6250,4,1,1,0
6251,1,1,1,0
6252,1,1,1,0
6253,1,1,1,0
6254,4,1,1,0
6255,3,1,1,0
6256,1,1,1,0
6257,1,1,1,0
6258,6,1,1,0
6259,1,1,1,0
6260,3,1,1,0
6261,3,1,1,0
6262,1,1,1,0
6263,2,1,1,0
6264,1,1,1,0
6265,6,1,1,0
6266,2,1,1,0
6267,10,1,1,0
6268,1,1,1,0
6269,1,1,1,0
6270,4,1,1,0
6271,1,1,1,0
6272,2,1,1,0
6273,3,1,1,0
6274,6,1,1,0
6275,6,1,1,0
6276,12,1,1,0
6277,1,1,1,0
6278,1,1,1,0
6279,8,1,1,0
6280,6,1,1,0
6281,2,1,1,0
6282,2,1,1,0
6283,2,1,1,0
6284,2,1,1,0
6285,1,1,1,0
6286,16,1,1,0
6287,8,1,1,0
6288,3,1,1,0
6289,4,1,1,0
6290,1,1,1,0
6291,3,1,1,0
6292,2,1,1,0
6293,2,1,1,0
6294,1,1,1,0
6295,6,1,1,0
6296,5,1,1,0
6297,5,1,1,0
6298,2,1,1,0
6299,3,1,1,0
6300,5,1,1,0
6301,9,1,1,0
6302,2,1,1,0
6303,4,1,1,0
6304,4,1,1,0
6305,6,1,1,0
6306,4,1,1,0
6307,1,1,1,0
6308,1,1,1,0
6309,1,1,1,0
6310,4,1,1,0
6311,2,1,1,0
6312,1,1,1,0
6313,12,1,1,0
6314,1,1,1,0
6315,2,1,1,0
6316,5,1,1,0
6317,3,1,1,0
6318,6,1,1,0
6319,1,1,1,0
6320,3,1,1,0
6321,7,1,1,0
6322,5,1,1,0
6323,3,1,1,0
6324,7,1,1,0
6325,1,1,1,0
6326,4,1,1,0
6327,2,1,1,0
6328,4,1,1,0
6329,1,1,1,0
6330,5,1,1,0
6331,2,1,1,0
6332,1,1,1,0
6333,5,1,1,0
6334,7,1,1,0
6335,4,1,1,0
6336,1,1,1,0
6337,1,1,1,0
6338,1,1,1,0
6339,1,1,1,0
6340,4,1,1,0
6341,4,1,1,0
6342,4,1,1,0
6343,3,1,1,0
6344,11,1,1,0
6345,3,1,1,0
6346,5,1,1,0
6347,2,1,1,0
6348,1,1,1,0
6349,9,1,1,0
6350,9,1,1,0
6351,2,1,1,0
6352,4,1,1,0
6353,5,1,1,0
6354,3,1,1,0
6355,2,1,1,0
6356,9,1,1,0
6357,4,1,1,0
6358,4,1,1,0
6359,3,1,1,0
6360,4,1,1,0
6361,1,1,1,0
6362,2,1,1,0
6363,2,1,1,0
6364,3,1,1,0
6365,1,1,1,0
6366,2,1,1,0
6367,9,1,1,0
6368,1,1,1,0
6369,7,1,1,0
6370,5,1,1,0
6371,1,1,1,0
6372,1,1,1,0
6373,1,1,1,0
6374,3,1,1,0
6375,5,1,1,0
6376,5,1,1,0
6377,1,1,1,0
6378,7,1,1,0
6379,4,1,1,0
6380,3,1,1,0
6381,3,1,1,0
6382,1,1,1,0
6383,6,1,1,0
6384,3,1,1,0
6385,6,1,1,0
6386,6,1,1,0
6387,1,1,1,0
6388,2,1,1,0
6389,6,1,1,0
6390,1,1,1,0
6391,3,1,1,0
6392,6,1,1,0
6393,1,1,1,0
6394,10,1,1,0
6395,1,1,1,0
6396,7,1,1,0
6397,5,1,1,0
6398,2,1,1,0
6399,2,1,1,0
6400,7,1,1,0
6401,1,1,1,0
6402,1,1,1,0
6403,2,1,1,0
6404,5,1,1,0
6405,2,1,1,0
6406,6,1,1,0
6407,2,1,1,0
6408,1,1,1,0
6409,8,1,1,0
6410,4,1,1,0
6411,10,1,1,0
6412,4,1,1,0
6413,4,1,1,0
6414,7,1,1,0
6415,8,1,1,0
6416,7,1,1,0
6417,1,1,1,0
6418,1,1,1,0
6419,6,1,1,0
6420,3,1,1,0
6421,10,1,1,0
6422,4,1,1,0
6423,1,1,1,0
6424,1,1,1,0
6425,1,1,1,0
6426,2,1,1,0
6427,1,1,1,0
6428,2,1,1,0
6429,3,1,1,0
6430,4,1,1,0
6431,1,1,1,0
6432,2,1,1,0
6433,4,1,1,0
6434,1,1,1,0
6435,4,1,1,0
6436,2,1,1,0
6437,6,1,1,0
6438,9,1,1,0
6439,1,1,1,0
6440,1,1,1,0
6441,1,1,1,0
6442,1,1,1,0
6443,7,1,1,0
6444,2,1,1,0
6445,3,1,1,0
6446,6,1,1,0
6447,8,1,1,0
6448,9,1,1,0
6449,8,1,1,0
6450,5,1,1,0
6451,1,1,1,0
6452,1,1,1,0
6453,3,1,1,0
6454,10,1,1,0
6455,1,1,1,0
6456,7,1,1,0
6457,5,1,1,0
6458,2,1,1,0
6459,2,1,1,0
6460,7,1,1,0
6461,1,1,1,0
6462,2,1,1,0
6463,2,1,1,0
6464,4,1,1,0
6465,1,1,1,0
6466,3,1,1,0
6467,4,1,1,0
6468,2,1,1,0
6469,12,1,1,0
6470,4,1,1,0
6471,1,1,1,0
6472,1,1,1,0
6473,5,1,1,0
6474,6,1,1,0
6475,2,1,1,0
6476,4,1,1,0
6477,5,1,1,0
6478,4,1,1,0
6479,2,1,1,0
6480,1,1,1,0
6481,4,1,1,0
6482,1,1,1,0
6483,3,1,1,0
6484,7,1,1,0
6485,2,1,1,0
6486,2,1,1,0
6487,2,1,1,0
6488,1,1,1,0
6489,1,1,1,0
6490,5,1,1,0
6491,5,1,1,0
6492,2,1,1,0
6493,11,1,1,0
6494,4,1,1,0
6495,8,1,1,0
6496,2,1,1,0
6497,7,1,1,0
6498,2,1,1,0
6499,9,1,1,0
6500,1,1,1,0
6501,7,1,1,0
6502,2,1,1,0
6503,3,1,1,0
6504,9,1,1,0
6505,2,1,1,0
6506,6,1,1,0
6507,4,1,1,0
6508,3,1,1,0
6509,12,1,1,0
6510,3,1,1,0
6511,2,1,1,0
6512,7,1,1,0
6513,5,1,1,0
6514,2,1,1,0
6515,2,1,1,0
6516,2,1,1,0
6517,2,1,1,0
6518,1,1,1,0
6519,4,1,1,0
6520,1,1,1,0
6521,3,1,1,0
6522,3,1,1,0
6523,1,1,1,0
6524,4,1,1,0
6525,10,1,1,0
6526,5,1,1,0
6527,9,1,1,0
6528,1,1,1,0
6529,2,1,1,0
6530,1,1,1,0
6531,6,1,1,0
6532,10,1,1,0
6533,1,1,1,0
6534,2,1,1,0
6535,3,1,1,0
6536,4,1,1,0
6537,4,1,1,0
6538,1,1,1,0
6539,1,1,1,0
6540,6,1,1,0
6541,8,1,1,0
6542,3,1,1,0
6543,1,1,1,0
6544,3,1,1,0
6545,1,1,1,0
6546,6,1,1,0
6547,9,1,1,0
6548,2,1,1,0
6549,4,1,1,0
6550,1,1,1,0
6551,1,1,1,0
6552,1,1,1,0
6553,5,1,1,0
6554,3,1,1,0
6555,4,1,1,0
6556,3,1,1,0
6557,5,1,1,0
6558,1,1,1,0
6559,2,1,1,0
6560,12,1,1,0
6561,7,1,1,0
6562,2,1,1,0
6563,1,1,1,0
6564,10,1,1,0
6565,3,1,1,0
6566,5,1,1,0
6567,2,1,1,0
6568,1,1,1,0
6569,10,1,1,0
6570,7,1,1,0
6571,5,1,1,0
6572,4,1,1,0
6573,1,1,1,0
6574,2,1,1,0
6575,3,1,1,0
6576,15,1,1,0
6577,1,1,1,0
6578,3,1,1,0
6579,6,1,1,0
6580,21,1,1,0
6581,2,1,1,0
6582,5,1,1,0
6583,13,1,1,0
6584,2,1,1,0
6585,6,1,1,0
6586,2,1,1,0
6587,2,1,1,0
6588,2,1,1,0
6589,1,1,1,0
6590,7,1,1,0
6591,1,1,1,0
6592,5,1,1,0
6593,7,1,1,0
6594,5,1,1,0
6595,1,1,1,0
6596,1,1,1,0
6597,1,1,1,0
6598,3,1,1,0
6599,2,1,1,0
6600,4,1,1,0
6601,7,1,1,0
6602,2,1,1,0
6603,6,1,1,0
6604,3,1,1,0
6605,6,1,1,0
6606,5,1,1,0
6607,3,1,1,0
6608,4,1,1,0
6609,4,1,1,0
6610,1,1,1,0
6611,1,1,1,0
6612,2,1,1,0
6613,8,1,1,0
6614,5,1,1,0
6615,1,1,1,0
6616,10,1,1,0
6617,1,1,1,0
6618,1,1,1,0
6619,1,1,1,0
6620,5,1,1,0
6621,4,1,1,0
6622,5,1,1,0
6623,5,1,1,0
6624,7,1,1,0
6625,1,1,1,0
6626,1,1,1,0
6627,4,1,1,0
6628,1,1,1,0
6629,5,1,1,0
6630,1,1,1,0
6631,6,1,1,0
6632,3,1,1,0
6633,1,1,1,0
6634,1,1,1,0
6635,3,1,1,0
6636,1,1,1,0
6637,2,1,1,0
6638,4,1,1,0
6639,1,1,1,0
6640,1,1,1,0
6641,1,1,1,0
6642,3,1,1,0
6643,5,1,1,0
6644,5,1,1,0
6645,6,1,1,0
6646,1,1,1,0
6647,1,1,1,0
6648,9,1,1,0
6649,8,1,1,0
6650,1,1,1,0
6651,1,1,1,0
6652,6,1,1,0
6653,7,1,1,0
6654,3,1,1,0
6655,1,1,1,0
6656,4,1,1,0
6657,5,1,1,0
6658,1,1,1,0
6659,1,1,1,0
6660,2,1,1,0
6661,2,1,1,0
6662,4,1,1,0
6663,3,1,1,0
6664,2,1,1,0
6665,1,1,1,0
6666,6,1,1,0
6667,1,1,1,0
6668,2,1,1,0
6669,5,1,1,0
6670,7,1,1,0
6671,1,1,1,0
6672,3,1,1,0
6673,4,1,1,0
6674,7,1,1,0
6675,2,1,1,0
6676,1,1,1,0
6677,2,1,1,0
6678,8,1,1,0
6679,2,1,1,0
6680,2,1,1,0
6681,8,1,1,0
6682,6,1,1,0
6683,6,1,1,0
6684,1,1,1,0
6685,8,1,1,0
6686,7,1,1,0
6687,12,1,1,0
6688,6,1,1,0
6689,1,1,1,0
6690,2,1,1,0
6691,4,1,1,0
6692,6,1,1,0
6693,3,1,1,0
6694,3,1,1,0
6695,8,1,1,0
6696,4,1,1,0
6697,1,1,1,0
6698,1,1,1,0
6699,4,1,1,0
6700,5,1,1,0
6701,4,1,1,0
6702,2,1,1,0
6703,3,1,1,0
6704,2,1,1,0
6705,9,1,1,0
6706,2,1,1,0
6707,6,1,1,0
6708,3,1,1,0
6709,1,1,1,0
6710,5,1,1,0
6711,5,1,1,0
6712,1,1,1,0
6713,2,1,1,0
6714,1,1,1,0
6715,2,1,1,0
6716,2,1,1,0
6717,5,1,1,0
6718,5,1,1,0
6719,10,1,1,0
6720,1,1,1,0
6721,4,1,1,0
6722,2,1,1,0
6723,1,1,1,0
6724,1,1,1,0
6725,1,1,1,0
6726,2,1,1,0
6727,1,1,1,0
6728,3,1,1,0
6729,1,1,1,0
6730,2,1,1,0
6731,5,1,1,0
6732,1,1,1,0
6733,1,1,1,0
6734,4,1,1,0
6735,1,1,1,0
6736,7,1,1,0
6737,3,1,1,0
6738,5,1,1,0
6739,11,1,1,0
6740,7,1,1,0
6741,2,1,1,0
6742,4,1,1,0
6743,2,1,1,0
6744,6,1,1,0
6745,2,1,1,0
6746,1,1,1,0
6747,1,1,1,0
6748,3,1,1,0
6749,3,1,1,0
6750,2,1,1,0
6751,6,1,1,0
6752,1,1,1,0
6753,2,1,1,0
6754,2,1,1,0
6755,1,1,1,0
6756,1,1,1,0
6757,3,1,1,0
6758,3,1,1,0
6759,1,1,1,0
6760,4,1,1,0
6761,4,1,1,0
6762,1,1,1,0
6763,2,1,1,0
6764,1,1,1,0
6765,1,1,1,0
6766,3,1,1,0
6767,1,1,1,0
6768,4,1,1,0
6769,3,1,1,0
6770,4,1,1,0
6771,2,1,1,0
6772,5,1,1,0
6773,4,1,1,0
6774,1,1,1,0
6775,1,1,1,0
6776,3,1,1,0
6777,6,1,1,0
6778,2,1,1,0
6779,5,1,1,0
6780,2,1,1,0
6781,3,1,1,0
6782,3,1,1,0
6783,2,1,1,0
6784,6,1,1,0
6785,4,1,1,0
6786,1,1,1,0
6787,5,1,1,0
6788,8,1,1,0
6789,4,1,1,0
6790,3,1,1,0
6791,2,1,1,0
6792,3,1,1,0
6793,2,1,1,0
6794,5,1,1,0
6795,1,1,1,0
6796,3,1,1,0
6797,2,1,1,0
6798,1,1,1,0
6799,1,1,1,0
6800,8,1,1,0
6801,1,1,1,0
6802,3,1,1,0
6803,4,1,1,0
6804,3,1,1,0
6805,4,1,1,0
6806,1,1,1,0
6807,3,1,1,0
6808,15,1,1,0
6809,4,1,1,0
6810,2,1,1,0
6811,3,1,1,0
6812,2,1,1,0
6813,3,1,1,0
6814,3,1,1,0
6815,4,1,1,0
6816,7,1,1,0
6817,4,1,1,0
6818,8,1,1,0
6819,3,1,1,0
6820,5,1,1,0
6821,3,1,1,0
6822,3,1,1,0
6823,2,1,1,0
6824,8,1,1,0
6825,2,1,1,0
6826,5,1,1,0
6827,6,1,1,0
6828,4,1,1,0
6829,6,1,1,0
6830,3,1,1,0
6831,1,1,1,0
6832,1,1,1,0
6833,7,1,1,0
6834,1,1,1,0
6835,3,1,1,0
6836,2,1,1,0
6837,9,1,1,0
6838,5,1,1,0
6839,3,1,1,0
6840,1,1,1,0
6841,7,1,1,0
6842,3,1,1,0
6843,3,1,1,0
6844,3,1,1,0
6845,1,1,1,0
6846,1,1,1,0
6847,4,1,1,0
6848,3,1,1,0
6849,3,1,1,0
6850,2,1,1,0
6851,1,1,1,0
6852,5,1,1,0
6853,2,1,1,0
6854,1,1,1,0
6855,19,1,1,0
6856,4,1,1,0
6857,2,1,1,0
6858,1,1,1,0
6859,3,1,1,0
6860,4,1,1,0
6861,3,1,1,0
6862,10,1,1,0
6863,1,1,1,0
6864,6,1,1,0
6865,3,1,1,0
6866,7,1,1,0
6867,2,1,1,0
6868,2,1,1,0
6869,2,1,1,0
6870,1,1,1,0
6871,3,1,1,0
6872,4,1,1,0
6873,6,1,1,0
6874,4,1,1,0
6875,1,1,1,0
6876,1,1,1,0
6877,4,1,1,0
6878,4,1,1,0
6879,4,1,1,0
6880,7,1,1,0
6881,3,1,1,0
6882,2,1,1,0
6883,6,1,1,0
6884,3,1,1,0
6885,1,1,1,0
6886,1,1,1,0
6887,1,1,1,0
6888,5,1,1,0
6889,4,1,1,0
6890,3,1,1,0
6891,2,1,1,0
6892,1,1,1,0
6893,3,1,1,0
6894,2,1,1,0
6895,1,1,1,0
6896,5,1,1,0
6897,2,1,1,0
6898,3,1,1,0
6899,1,1,1,0
6900,3,1,1,0
6901,1,1,1,0
6902,1,1,1,0
6903,2,1,1,0
6904,8,1,1,0
6905,7,1,1,0
6906,3,1,1,0
6907,2,1,1,0
6908,4,1,1,0
6909,1,1,1,0
6910,8,1,1,0
6911,6,1,1,0
6912,3,1,1,0
6913,3,1,1,0
6914,2,1,1,0
6915,1,1,1,0
6916,2,1,1,0
6917,4,1,1,0
6918,4,1,1,0
6919,2,1,1,0
6920,10,1,1,0
6921,1,1,1,0
6922,3,1,1,0
6923,2,1,1,0
6924,1,1,1,0
6925,2,1,1,0
6926,1,1,1,0
6927,1,1,1,0
6928,1,1,1,0
6929,8,1,1,0
6930,3,1,1,0
6931,1,1,1,0
6932,4,1,1,0
6933,2,1,1,0
6934,1,1,1,0
6935,4,1,1,0
6936,1,1,1,0
6937,1,1,1,0
6938,2,1,1,0
6939,3,1,1,0
6940,8,1,1,0
6941,1,1,1,0
6942,3,1,1,0
6943,4,1,1,0
6944,1,1,1,0
6945,2,1,1,0
6946,11,1,1,0
6947,6,1,1,0
6948,8,1,1,0
6949,5,1,1,0
6950,2,1,1,0
6951,1,1,1,0
6952,5,1,1,0
6953,4,1,1,0
6954,1,1,1,0
6955,3,1,1,0
6956,6,1,1,0
6957,4,1,1,0
6958,2,1,1,0
6959,3,1,1,0
6960,7,1,1,0
6961,10,1,1,0
6962,1,1,1,0
6963,3,1,1,0
6964,1,1,1,0
6965,2,1,1,0
6966,3,1,1,0
6967,1,1,1,0
6968,3,1,1,0
6969,2,1,1,0
6970,1,1,1,0
6971,4,1,1,0
6972,8,1,1,0
6973,2,1,1,0
6974,2,1,1,0
6975,2,1,1,0
6976,1,1,1,0
6977,5,1,1,0
6978,4,1,1,0
6979,2,1,1,0
6980,1,1,1,0
6981,1,1,1,0
6982,10,1,1,0
6983,7,1,1,0
6984,1,1,1,0
6985,5,1,1,0
6986,5,1,1,0
6987,2,1,1,0
6988,2,1,1,0
6989,3,1,1,0
6990,2,1,1,0
6991,6,1,1,0
6992,2,1,1,0
6993,6,1,1,0
6994,6,1,1,0
6995,16,1,1,0
6996,3,1,1,0
6997,8,1,1,0
6998,1,1,1,0
6999,2,1,1,0
7000,2,1,1,0
7001,2,1,1,0
7002,1,1,1,0
7003,9,1,1,0
7004,4,1,1,0
7005,1,1,1,0
7006,3,1,1,0
7007,2,1,1,0
7008,2,1,1,0
7009,5,1,1,0
7010,6,1,1,0
7011,1,1,1,0
7012,3,1,1,0
7013,1,1,1,0
7014,3,1,1,0
7015,8,1,1,0
7016,3,1,1,0
7017,4,1,1,0
7018,3,1,1,0
7019,3,1,1,0
7020,2,1,1,0
7021,2,1,1,0
7022,6,1,1,0
7023,9,1,1,0
7024,9,1,1,0
7025,2,1,1,0
7026,1,1,1,0
7027,3,1,1,0
7028,6,1,1,0
7029,3,1,1,0
7030,3,1,1,0
7031,1,1,1,0
7032,2,1,1,0
7033,6,1,1,0
7034,6,1,1,0
7035,2,1,1,0
7036,3,1,1,0
7037,6,1,1,0
7038,1,1,1,0
7039,7,1,1,0
7040,1,1,1,0
7041,4,1,1,0
7042,6,1,1,0
7043,5,1,1,0
7044,5,1,1,0
7045,4,1,1,0
7046,1,1,1,0
7047,3,1,1,0
7048,1,1,1,0
7049,5,1,1,0
7050,2,1,1,0
7051,8,1,1,0
7052,1,1,1,0
7053,4,1,1,0
7054,2,1,1,0
7055,4,1,1,0
7056,6,1,1,0
7057,4,1,1,0
7058,1,1,1,0
7059,2,1,1,0
7060,1,1,1,0
7061,3,1,1,0
7062,5,1,1,0
7063,8,1,1,0
7064,2,1,1,0
7065,3,1,1,0
7066,8,1,1,0
7067,4,1,1,0
7068,4,1,1,0
7069,2,1,1,0
7070,4,1,1,0
7071,3,1,1,0
7072,3,1,1,0
7073,2,1,1,0
7074,3,1,1,0
7075,1,1,1,0
7076,3,1,1,0
7077,1,1,1,0
7078,4,1,1,0
7079,1,1,1,0
7080,5,1,1,0
7081,6,1,1,0
7082,10,1,1,0
7083,3,1,1,0
7084,1,1,1,0
7085,4,1,1,0
7086,1,1,1,0
7087,2,1,1,0
7088,2,1,1,0
7089,2,1,1,0
7090,2,1,1,0
7091,2,1,1,0
7092,4,1,1,0
7093,5,1,1,0
7094,2,1,1,0
7095,4,1,1,0
7096,4,1,1,0
7097,7,1,1,0
7098,9,1,1,0
7099,3,1,1,0
7100,3,1,1,0
7101,1,1,1,0
7102,3,1,1,0
7103,6,1,1,0
7104,7,1,1,0
7105,1,1,1,0
7106,2,1,1,0
7107,4,1,1,0
7108,1,1,1,0
7109,4,1,1,0
7110,3,1,1,0
7111,3,1,1,0
7112,2,1,1,0
7113,6,1,1,0
7114,1,1,1,0
7115,2,1,1,0
7116,7,1,1,0
7117,4,1,1,0
7118,5,1,1,0
7119,1,1,1,0
7120,3,1,1,0
7121,3,1,1,0
7122,1,1,1,0
7123,3,1,1,0
7124,3,1,1,0
7125,5,1,1,0
7126,2,1,1,0
7127,3,1,1,0
7128,2,1,1,0
7129,4,1,1,0
7130,7,1,1,0
7131,1,1,1,0
7132,5,1,1,0
7133,1,1,1,0
7134,3,1,1,0
7135,5,1,1,0
7136,3,1,1,0
7137,4,1,1,0
7138,2,1,1,0
7139,4,1,1,0
7140,3,1,1,0
7141,1,1,1,0
7142,1,1,1,0
7143,2,1,1,0
7144,1,1,1,0
7145,4,1,1,0
7146,1,1,1,0
7147,3,1,1,0
7148,10,1,1,0
7149,1,1,1,0
7150,6,1,1,0
7151,1,1,1,0
7152,10,1,1,0
7153,4,1,1,0
7154,2,1,1,0
7155,1,1,1,0
7156,1,1,1,0
7157,2,1,1,0
7158,4,1,1,0
7159,17,1,1,0
7160,2,1,1,0
7161,2,1,1,0
7162,6,1,1,0
7163,2,1,1,0
7164,9,1,1,0
7165,1,1,1,0
7166,2,1,1,0
7167,7,1,1,0
7168,3,1,1,0
7169,7,1,1,0
7170,6,1,1,0
7171,1,1,1,0
7172,3,1,1,0
7173,2,1,1,0
7174,3,1,1,0
7175,3,1,1,0
7176,3,1,1,0
7177,2,1,1,0
7178,9,1,1,0
7179,9,1,1,0
7180,4,1,1,0
7181,1,1,1,0
7182,3,1,1,0
7183,1,1,1,0
7184,5,1,1,0
7185,1,1,1,0
7186,1,1,1,0
7187,1,1,1,0
7188,3,1,1,0
7189,1,1,1,0
7190,4,1,1,0
7191,4,1,1,0
7192,5,1,1,0
7193,4,1,1,0
7194,8,1,1,0
7195,1,1,1,0
7196,3,1,1,0
7197,1,1,1,0
7198,6,1,1,0
7199,5,1,1,0
7200,4,1,1,0
7201,2,1,1,0
7202,1,1,1,0
7203,1,1,1,0
7204,2,1,1,0
7205,3,1,1,0
7206,1,1,1,0
7207,4,1,1,0
7208,2,1,1,0
7209,5,1,1,0
7210,2,1,1,0
7211,5,1,1,0
7212,1,1,1,0
7213,8,1,1,0
7214,2,1,1,0
7215,10,1,1,0
7216,3,1,1,0
7217,1,1,1,0
7218,1,1,1,0
7219,1,1,1,0
7220,5,1,1,0
7221,6,1,1,0
7222,1,1,1,0
7223,1,1,1,0
7224,4,1,1,0
7225,3,1,1,0
7226,1,1,1,0
7227,7,1,1,0
7228,1,1,1,0
7229,1,1,1,0
7230,7,1,1,0
7231,2,1,1,0
7232,1,1,1,0
7233,4,1,1,0
7234,2,1,1,0
7235,4,1,1,0
7236,1,1,1,0
7237,1,1,1,0
7238,1,1,1,0
7239,4,1,1,0
7240,8,1,1,0
7241,3,1,1,0
7242,1,1,1,0
7243,9,1,1,0
7244,7,1,1,0
7245,1,1,1,0
7246,7,1,1,0
7247,1,1,1,0
7248,1,1,1,0
7249,3,1,1,0
7250,9,1,1,0
7251,9,1,1,0
7252,2,1,1,0
7253,2,1,1,0
7254,1,1,1,0
7255,1,1,1,0
7256,7,1,1,0
7257,1,1,1,0
7258,5,1,1,0
7259,1,1,1,0
7260,11,1,1,0
7261,4,1,1,0
7262,3,1,1,0
7263,8,1,1,0
7264,4,1,1,0
7265,1,1,1,0
7266,3,1,1,0
7267,1,1,1,0
7268,1,1,1,0
7269,5,1,1,0
7270,2,1,1,0
7271,2,1,1,0
7272,4,1,1,0
7273,2,1,1,0
7274,1,1,1,0
7275,2,1,1,0
7276,6,1,1,0
7277,1,1,1,0
7278,1,1,1,0
7279,2,1,1,0
7280,1,1,1,0
7281,4,1,1,0
7282,6,1,1,0
7283,1,1,1,0
7284,5,1,1,0
7285,1,1,1,0
7286,2,1,1,0
7287,2,1,1,0
7288,1,1,1,0
7289,6,1,1,0
7290,5,1,1,0
7291,1,1,1,0
7292,5,1,1,0
7293,5,1,1,0
7294,1,1,1,0
7295,1,1,1,0
7296,5,1,1,0
7297,4,1,1,0
7298,3,1,1,0
7299,9,1,1,0
7300,1,1,1,0
7301,1,1,1,0
7302,12,1,1,0
7303,5,1,1,0
7304,4,1,1,0
7305,2,1,1,0
7306,4,1,1,0
7307,2,1,1,0
7308,2,1,1,0
7309,4,1,1,0
7310,2,1,1,0
7311,2,1,1,0
7312,1,1,1,0
7313,2,1,1,0
7314,2,1,1,0
7315,2,1,1,0
7316,7,1,1,0
7317,4,1,1,0
7318,1,1,1,0
7319,9,1,1,0
7320,4,1,1,0
7321,3,1,1,0
7322,3,1,1,0
7323,1,1,1,0
7324,3,1,1,0
7325,1,1,1,0
7326,2,1,1,0
7327,2,1,1,0
7328,2,1,1,0
7329,3,1,1,0
7330,1,1,1,0
7331,2,1,1,0
7332,3,1,1,0
7333,1,1,1,0
7334,3,1,1,0
7335,2,1,1,0
7336,8,1,1,0
7337,2,1,1,0
7338,5,1,1,0
7339,1,1,1,0
7340,6,1,1,0
7341,17,1,1,0
7342,3,1,1,0
7343,3,1,1,0
7344,4,1,1,0
7345,3,1,1,0
7346,5,1,1,0
7347,2,1,1,0
7348,1,1,1,0
7349,3,1,1,0
7350,1,1,1,0
7351,2,1,1,0
7352,3,1,1,0
7353,3,1,1,0
7354,7,1,1,0
7355,7,1,1,0
7356,2,1,1,0
7357,2,1,1,0
7358,3,1,1,0
7359,4,1,1,0
7360,3,1,1,0
7361,1,1,1,0
7362,1,1,1,0
7363,5,1,1,0
7364,3,1,1,0
7365,4,1,1,0
7366,5,1,1,0
7367,2,1,1,0
7368,2,1,1,0
7369,1,1,1,0
7370,2,1,1,0
7371,3,1,1,0
7372,10,1,1,0
7373,2,1,1,0
7374,3,1,1,0
7375,8,1,1,0
7376,3,1,1,0
7377,1,1,1,0
7378,1,1,1,0
7379,11,1,1,0
7380,1,1,1,0
7381,7,1,1,0
7382,1,1,1,0
7383,12,1,1,0
7384,2,1,1,0
7385,10,1,1,0
7386,1,1,1,0
7387,4,1,1,0
7388,3,1,1,0
7389,1,1,1,0
7390,2,1,1,0
7391,1,1,1,0
7392,4,1,1,0
7393,7,1,1,0
7394,1,1,1,0
7395,3,1,1,0
7396,1,1,1,0
7397,1,1,1,0
7398,3,1,1,0
7399,3,1,1,0
7400,2,1,1,0
7401,2,1,1,0
7402,4,1,1,0
7403,3,1,1,0
7404,5,1,1,0
7405,4,1,1,0
7406,2,1,1,0
7407,1,1,1,0
7408,4,1,1,0
7409,1,1,1,0
7410,3,1,1,0
7411,4,1,1,0
7412,2,1,1,0
7413,1,1,1,0
7414,5,1,1,0
7415,4,1,1,0
7416,3,1,1,0
7417,1,1,1,0
7418,4,1,1,0
7419,4,1,1,0
7420,6,1,1,0
7421,3,1,1,0
7422,4,1,1,0
7423,3,1,1,0
7424,5,1,1,0
7425,5,1,1,0
7426,3,1,1,0
7427,6,1,1,0
7428,1,1,1,0
7429,5,1,1,0
7430,1,1,1,0
7431,1,1,1,0
7432,7,1,1,0
7433,4,1,1,0
7434,2,1,1,0
7435,3,1,1,0
7436,4,1,1,0
7437,1,1,1,0
7438,3,1,1,0
7439,7,1,1,0
7440,1,1,1,0
7441,4,1,1,0
7442,1,1,1,0
7443,4,1,1,0
7444,8,1,1,0
7445,1,1,1,0
7446,1,1,1,0
7447,11,1,1,0
7448,3,1,1,0
7449,5,1,1,0
7450,1,1,1,0
7451,5,1,1,0
7452,3,1,1,0
7453,7,1,1,0
7454,1,1,1,0
7455,3,1,1,0
7456,3,1,1,0
7457,5,1,1,0
7458,3,1,1,0
7459,4,1,1,0
7460,3,1,1,0
7461,7,1,1,0
7462,3,1,1,0
7463,4,1,1,0
7464,4,1,1,0
7465,5,1,1,0
7466,4,1,1,0
7467,1,1,1,0
7468,1,1,1,0
7469,2,1,1,0
7470,3,1,1,0
7471,1,1,1,0
7472,1,1,1,0
7473,2,1,1,0
7474,1,1,1,0
7475,2,1,1,0
7476,1,1,1,0
7477,3,1,1,0
7478,6,1,1,0
7479,1,1,1,0
7480,4,1,1,0
7481,5,1,1,0
7482,10,1,1,0
7483,4,1,1,0
7484,1,1,1,0
7485,12,1,1,0
7486,2,1,1,0
7487,4,1,1,0
7488,13,1,1,0
7489,10,1,1,0
7490,4,1,1,0
7491,1,1,1,0
7492,6,1,1,0
7493,1,1,1,0
7494,1,1,1,0
7495,1,1,1,0
7496,4,1,1,0
7497,2,1,1,0
7498,4,1,1,0
7499,6,1,1,0
7500,1,1,1,0
7501,4,1,1,0
7502,4,1,1,0
7503,4,1,1,0
7504,1,1,1,0
7505,4,1,1,0
7506,5,1,1,0
7507,3,1,1,0
7508,14,1,1,0
7509,6,1,1,0
7510,4,1,1,0
7511,3,1,1,0
7512,1,1,1,0
7513,3,1,1,0
7514,2,1,1,0
7515,1,1,1,0
7516,1,1,1,0
7517,3,1,1,0
7518,5,1,1,0
7519,5,1,1,0
7520,8,1,1,0
7521,1,1,1,0
7522,4,1,1,0
7523,3,1,1,0
7524,3,1,1,0
7525,3,1,1,0
7526,4,1,1,0
7527,3,1,1,0
7528,3,1,1,0
7529,1,1,1,0
7530,2,1,1,0
7531,2,1,1,0
7532,1,1,1,0
7533,1,1,1,0
7534,2,1,1,0
7535,13,1,1,0
7536,1,1,1,0
7537,1,1,1,0
7538,3,1,1,0
7539,7,1,1,0
7540,2,1,1,0
7541,1,1,1,0
7542,3,1,1,0
7543,4,1,1,0
7544,2,1,1,0
7545,1,1,1,0
7546,8,1,1,0
7547,1,1,1,0
7548,5,1,1,0
7549,3,1,1,0
7550,2,1,1,0
7551,11,1,1,0
7552,3,1,1,0
7553,1,1,1,0
7554,11,1,1,0
7555,10,1,1,0
7556,4,1,1,0
7557,1,1,1,0
7558,1,1,1,0
7559,1,1,1,0
7560,1,1,1,0
7561,4,1,1,0
7562,5,1,1,0
7563,7,1,1,0
7564,2,1,1,0
7565,3,1,1,0
7566,2,1,1,0
7567,3,1,1,0
7568,3,1,1,0
7569,3,1,1,0
7570,4,1,1,0
7571,1,1,1,0
7572,2,1,1,0
7573,3,1,1,0
7574,2,1,1,0
7575,5,1,1,0
7576,8,1,1,0
7577,4,1,1,0
7578,1,1,1,0
7579,3,1,1,0
7580,4,1,1,0
7581,2,1,1,0
7582,7,1,1,0
7583,18,1,1,0
7584,4,1,1,0
7585,2,1,1,0
7586,4,1,1,0
7587,1,1,1,0
7588,1,1,1,0
7589,3,1,1,0
7590,2,1,1,0
7591,4,1,1,0
7592,5,1,1,0
7593,2,1,1,0
7594,2,1,1,0
7595,1,1,1,0
7596,7,1,1,0
7597,2,1,1,0
7598,4,1,1,0
7599,7,1,1,0
7600,2,1,1,0
7601,3,1,1,0
7602,2,1,1,0
7603,4,1,1,0
7604,4,1,1,0
7605,3,1,1,0
7606,3,1,1,0
7607,4,1,1,0
7608,2,1,1,0
7609,8,1,1,0
7610,3,1,1,0
7611,3,1,1,0
7612,2,1,1,0
7613,2,1,1,0
7614,3,1,1,0
7615,4,1,1,0
7616,2,1,1,0
7617,3,1,1,0
7618,4,1,1,0
7619,3,1,1,0
7620,3,1,1,0
7621,1,1,1,0
7622,8,1,1,0
7623,3,1,1,0
7624,5,1,1,0
7625,5,1,1,0
7626,2,1,1,0
7627,11,1,1,0
7628,2,1,1,0
7629,7,1,1,0
7630,1,1,1,0
7631,7,1,1,0
7632,4,1,1,0
7633,4,1,1,0
7634,4,1,1,0
7635,12,1,1,0
7636,4,1,1,0
7637,3,1,1,0
7638,5,1,1,0
7639,4,1,1,0
7640,2,1,1,0
7641,2,1,1,0
7642,2,1,1,0
7643,7,1,1,0
7644,2,1,1,0
7645,1,1,1,0
7646,2,1,1,0
7647,2,1,1,0
7648,3,1,1,0
7649,2,1,1,0
7650,4,1,1,0
7651,2,1,1,0
7652,2,1,1,0
7653,5,1,1,0
7654,5,1,1,0
7655,1,1,1,0
7656,5,1,1,0
7657,3,1,1,0
7658,2,1,1,0
7659,1,1,1,0
7660,3,1,1,0
7661,5,1,1,0
7662,4,1,1,0
7663,2,1,1,0
7664,3,1,1,0
7665,6,1,1,0
7666,1,1,1,0
7667,1,1,1,0
7668,2,1,1,0
7669,1,1,1,0
7670,4,1,1,0
7671,1,1,1,0
7672,1,1,1,0
7673,2,1,1,0
7674,3,1,1,0
7675,7,1,1,0
7676,2,1,1,0
7677,2,1,1,0
7678,5,1,1,0
7679,3,1,1,0
7680,3,1,1,0
7681,5,1,1,0
7682,4,1,1,0
7683,17,1,1,0
7684,5,1,1,0
7685,5,1,1,0
7686,2,1,1,0
7687,2,1,1,0
7688,1,1,1,0
7689,13,1,1,0
7690,4,1,1,0
7691,2,1,1,0
7692,1,1,1,0
7693,3,1,1,0
7694,1,1,1,0
7695,1,1,1,0
7696,5,1,1,0
7697,5,1,1,0
7698,1,1,1,0
7699,2,1,1,0
7700,3,1,1,0
7701,5,1,1,0
7702,1,1,1,0
7703,4,1,1,0
7704,7,1,1,0
7705,3,1,1,0
7706,5,1,1,0
7707,2,1,1,0
7708,8,1,1,0
7709,2,1,1,0
7710,4,1,1,0
7711,1,1,1,0
7712,10,1,1,0
7713,1,1,1,0
7714,9,1,1,0
7715,2,1,1,0
7716,3,1,1,0
7717,2,1,1,0
7718,7,1,1,0
7719,3,1,1,0
7720,9,1,1,0
7721,3,1,1,0
7722,5,1,1,0
7723,1,1,1,0
7724,8,1,1,0
7725,1,1,1,0
7726,1,1,1,0
7727,4,1,1,0
7728,4,1,1,0
7729,5,1,1,0
7730,1,1,1,0
7731,2,1,1,0
7732,2,1,1,0
7733,3,1,1,0
7734,6,1,1,0
7735,3,1,1,0
7736,1,1,1,0
7737,3,1,1,0
7738,2,1,1,0
7739,2,1,1,0
7740,2,1,1,0
7741,11,1,1,0
7742,5,1,1,0
7743,3,1,1,0
7744,3,1,1,0
7745,4,1,1,0
7746,1,1,1,0
7747,6,1,1,0
7748,2,1,1,0
7749,2,1,1,0
7750,1,1,1,0
7751,1,1,1,0
7752,1,1,1,0
7753,2,1,1,0
7754,1,1,1,0
7755,1,1,1,0
7756,3,1,1,0
7757,3,1,1,0
7758,6,1,1,0
7759,3,1,1,0
7760,2,1,1,0
7761,5,1,1,0
7762,12,1,1,0
7763,11,1,1,0
7764,1,1,1,0
7765,8,1,1,0
7766,6,1,1,0
7767,1,1,1,0
7768,1,1,1,0
7769,1,1,1,0
7770,1,1,1,0
7771,2,1,1,0
7772,2,1,1,0
7773,1,1,1,0
7774,1,1,1,0
7775,6,1,1,0
7776,4,1,1,0
7777,3,1,1,0
7778,3,1,1,0
7779,3,1,1,0
7780,3,1,1,0
7781,2,1,1,0
7782,6,1,1,0
7783,2,1,1,0
7784,5,1,1,0
7785,1,1,1,0
7786,6,1,1,0
7787,2,1,1,0
7788,4,1,1,0
7789,2,1,1,0
7790,3,1,1,0
7791,2,1,1,0
7792,3,1,1,0
7793,1,1,1,0
7794,5,1,1,0
7795,2,1,1,0
7796,1,1,1,0
7797,1,1,1,0
7798,3,1,1,0
7799,3,1,1,0
7800,7,1,1,0
7801,1,1,1,0
7802,2,1,1,0
7803,3,1,1,0
7804,5,1,1,0
7805,1,1,1,0
7806,1,1,1,0
7807,4,1,1,0
7808,2,1,1,0
7809,1,1,1,0
7810,3,1,1,0
7811,9,1,1,0
7812,1,1,1,0
7813,3,1,1,0
7814,1,1,1,0
7815,2,1,1,0
7816,4,1,1,0
7817,2,1,1,0
7818,2,1,1,0
7819,8,1,1,0
7820,1,1,1,0
7821,1,1,1,0
7822,3,1,1,0
7823,3,1,1,0
7824,7,1,1,0
7825,2,1,1,0
7826,4,1,1,0
7827,1,1,1,0
7828,4,1,1,0
7829,2,1,1,0
7830,1,1,1,0
7831,3,1,1,0
7832,2,1,1,0
7833,3,1,1,0
7834,3,1,1,0
7835,1,1,1,0
7836,4,1,1,0
7837,3,1,1,0
7838,1,1,1,0
7839,7,1,1,0
7840,7,1,1,0
7841,3,1,1,0
7842,11,1,1,0
7843,9,1,1,0
7844,4,1,1,0
7845,4,1,1,0
7846,7,1,1,0
7847,3,1,1,0
7848,1,1,1,0
7849,2,1,1,0
7850,2,1,1,0
7851,2,1,1,0
7852,7,1,1,0
7853,2,1,1,0
7854,2,1,1,0
7855,7,1,1,0
7856,10,1,1,0
7857,2,1,1,0
7858,6,1,1,0
7859,1,1,1,0
7860,3,1,1,0
7861,8,1,1,0
7862,3,1,1,0
7863,3,1,1,0
7864,1,1,1,0
7865,6,1,1,0
7866,3,1,1,0
7867,7,1,1,0
7868,1,1,1,0
7869,1,1,1,0
7870,3,1,1,0
7871,1,1,1,0
7872,2,1,1,0
7873,1,1,1,0
7874,7,1,1,0
7875,4,1,1,0
7876,1,1,1,0
7877,1,1,1,0
7878,1,1,1,0
7879,1,1,1,0
7880,16,1,1,0
7881,4,1,1,0
7882,1,1,1,0
7883,7,1,1,0
7884,2,1,1,0
7885,5,1,1,0
7886,1,1,1,0
7887,4,1,1,0
7888,8,1,1,0
7889,1,1,1,0
7890,1,1,1,0
7891,4,1,1,0
7892,4,1,1,0
7893,3,1,1,0
7894,1,1,1,0
7895,2,1,1,0
7896,1,1,1,0
7897,8,1,1,0
7898,2,1,1,0
7899,4,1,1,0
7900,6,1,1,0
7901,2,1,1,0
7902,2,1,1,0
7903,4,1,1,0
7904,4,1,1,0
7905,4,1,1,0
7906,4,1,1,0
7907,8,1,1,0
7908,6,1,1,0
7909,3,1,1,0
7910,1,1,1,0
7911,4,1,1,0
7912,8,1,1,0
7913,6,1,1,0
7914,2,1,1,0
7915,1,1,1,0
7916,3,1,1,0
7917,2,1,1,0
7918,2,1,1,0
7919,1,1,1,0
7920,2,1,1,0
7921,2,1,1,0
7922,2,1,1,0
7923,4,1,1,0
7924,1,1,1,0
7925,1,1,1,0
7926,4,1,1,0
7927,10,1,1,0
7928,3,1,1,0
7929,1,1,1,0
7930,8,1,1,0
7931,3,1,1,0
7932,1,1,1,0
7933,3,1,1,0
7934,1,1,1,0
7935,2,1,1,0
7936,1,1,1,0
7937,10,1,1,0
7938,11,1,1,0
7939,3,1,1,0
7940,5,1,1,0
7941,3,1,1,0
7942,2,1,1,0
7943,1,1,1,0
7944,1,1,1,0
7945,3,1,1,0
7946,7,1,1,0
7947,1,1,1,0
7948,11,1,1,0
7949,1,1,1,0
7950,8,1,1,0
7951,1,1,1,0
7952,2,1,1,0
7953,3,1,1,0
7954,6,1,1,0
7955,3,1,1,0
7956,1,1,1,0
7957,2,1,1,0
7958,1,1,1,0
7959,3,1,1,0
7960,1,1,1,0
7961,5,1,1,0
7962,4,1,1,0
7963,4,1,1,0
7964,1,1,1,0
7965,2,1,1,0
7966,1,1,1,0
7967,7,1,1,0
7968,4,1,1,0
7969,2,1,1,0
7970,3,1,1,0
7971,1,1,1,0
7972,1,1,1,0
7973,3,1,1,0
7974,1,1,1,0
7975,2,1,1,0
7976,2,1,1,0
7977,8,1,1,0
7978,1,1,1,0
7979,1,1,1,0
7980,2,1,1,0
7981,3,1,1,0
7982,1,1,1,0
7983,6,1,1,0
7984,1,1,1,0
7985,9,1,1,0
7986,5,1,1,0
7987,5,1,1,0
7988,4,1,1,0
7989,1,1,1,0
7990,5,1,1,0
7991,4,1,1,0
7992,3,1,1,0
7993,2,1,1,0
7994,2,1,1,0
7995,5,1,1,0
7996,9,1,1,0
7997,3,1,1,0
7998,3,1,1,0
7999,2,1,1,0
8000,1,1,1,0
8001,12,1,1,0
8002,4,1,1,0
8003,2,1,1,0
8004,2,1,1,0
8005,3,1,1,0
8006,3,1,1,0
8007,2,1,1,0
8008,2,1,1,0
8009,1,1,1,0
8010,1,1,1,0
8011,3,1,1,0
8012,5,1,1,0
8013,2,1,1,0
8014,3,1,1,0
8015,6,1,1,0
8016,1,1,1,0
8017,3,1,1,0
8018,2,1,1,0
8019,1,1,1,0
8020,7,1,1,0
8021,4,1,1,0
8022,2,1,1,0
8023,4,1,1,0
8024,2,1,1,0
8025,5,1,1,0
8026,2,1,1,0
8027,7,1,1,0
8028,3,1,1,0
8029,1,1,1,0
8030,6,1,1,0
8031,10,1,1,0
8032,8,1,1,0
8033,9,1,1,0
8034,2,1,1,0
8035,1,1,1,0
8036,5,1,1,0
8037,1,1,1,0
8038,1,1,1,0
8039,1,1,1,0
8040,1,1,1,0
8041,1,1,1,0
8042,3,1,1,0
8043,2,1,1,0
8044,6,1,1,0
8045,1,1,1,0
8046,1,1,1,0
8047,6,1,1,0
8048,2,1,1,0
8049,1,1,1,0
8050,1,1,1,0
8051,1,1,1,0
8052,1,1,1,0
8053,1,1,1,0
8054,1,1,1,0
8055,6,1,1,0
8056,1,1,1,0
8057,1,1,1,0
8058,4,1,1,0
8059,3,1,1,0
8060,1,1,1,0
8061,10,1,1,0
8062,5,1,1,0
8063,1,1,1,0
8064,2,1,1,0
8065,8,1,1,0
8066,5,1,1,0
8067,1,1,1,0
8068,6,1,1,0
8069,2,1,1,0
8070,2,1,1,0
8071,6,1,1,0
8072,4,1,1,0
8073,6,1,1,0
8074,3,1,1,0
8075,5,1,1,0
8076,1,1,1,0
8077,2,1,1,0
8078,3,1,1,0
8079,4,1,1,0
8080,1,1,1,0
8081,2,1,1,0
8082,1,1,1,0
8083,2,1,1,0
8084,4,1,1,0
8085,3,1,1,0
8086,5,1,1,0
8087,2,1,1,0
8088,7,1,1,0
8089,1,1,1,0
8090,6,1,1,0
8091,4,1,1,0
8092,6,1,1,0
8093,2,1,1,0
8094,2,1,1,0
8095,6,1,1,0
8096,6,1,1,0
8097,1,1,1,0
8098,1,1,1,0
8099,9,1,1,0
8100,2,1,1,0
8101,3,1,1,0
8102,1,1,1,0
8103,7,1,1,0
8104,13,1,1,0
8105,8,1,1,0
8106,8,1,1,0
8107,7,1,1,0
8108,3,1,1,0
8109,1,1,1,0
8110,3,1,1,0
8111,1,1,1,0
8112,6,1,1,0
8113,4,1,1,0
8114,2,1,1,0
8115,3,1,1,0
8116,2,1,1,0
8117,1,1,1,0
8118,3,1,1,0
8119,8,1,1,0
8120,4,1,1,0
8121,7,1,1,0
8122,4,1,1,0
8123,2,1,1,0
8124,1,1,1,0
8125,7,1,1,0
8126,12,1,1,0
8127,2,1,1,0
8128,1,1,1,0
8129,1,1,1,0
8130,7,1,1,0
8131,3,1,1,0
8132,2,1,1,0
8133,3,1,1,0
8134,3,1,1,0
8135,2,1,1,0
8136,1,1,1,0
8137,6,1,1,0
8138,7,1,1,0
8139,3,1,1,0
8140,9,1,1,0
8141,1,1,1,0
8142,2,1,1,0
8143,4,1,1,0
8144,5,1,1,0
8145,2,1,1,0
8146,1,1,1,0
8147,5,1,1,0
8148,1,1,1,0
8149,7,1,1,0
8150,2,1,1,0
8151,4,1,1,0
8152,4,1,1,0
8153,1,1,1,0
8154,1,1,1,0
8155,3,1,1,0
8156,1,1,1,0
8157,2,1,1,0
8158,4,1,1,0
8159,7,1,1,0
8160,4,1,1,0
8161,1,1,1,0
8162,2,1,1,0
8163,4,1,1,0
8164,2,1,1,0
8165,6,1,1,0
8166,3,1,1,0
8167,9,1,1,0
8168,1,1,1,0
8169,1,1,1,0
8170,2,1,1,0
8171,3,1,1,0
8172,1,1,1,0
8173,1,1,1,0
8174,6,1,1,0
8175,3,1,1,0
8176,6,1,1,0
8177,10,1,1,0
8178,1,1,1,0
8179,3,1,1,0
8180,5,1,1,0
8181,3,1,1,0
8182,3,1,1,0
8183,2,1,1,0
8184,4,1,1,0
8185,1,1,1,0
8186,3,1,1,0
8187,7,1,1,0
8188,8,1,1,0
8189,3,1,1,0
8190,3,1,1,0
8191,4,1,1,0
8192,8,1,1,0
8193,3,1,1,0
8194,1,1,1,0
8195,6,1,1,0
8196,2,1,1,0
8197,5,1,1,0
8198,2,1,1,0
8199,1,1,1,0
8200,1,1,1,0
8201,3,1,1,0
8202,1,1,1,0
8203,1,1,1,0
8204,2,1,1,0
8205,5,1,1,0
8206,3,1,1,0
8207,3,1,1,0
8208,1,1,1,0
8209,3,1,1,0
8210,5,1,1,0
8211,1,1,1,0
8212,3,1,1,0
8213,1,1,1,0
8214,5,1,1,0
8215,3,1,1,0
8216,1,1,1,0
8217,1,1,1,0
8218,1,1,1,0
8219,1,1,1,0
8220,12,1,1,0
8221,2,1,1,0
8222,6,1,1,0
8223,3,1,1,0
8224,1,1,1,0
8225,1,1,1,0
8226,1,1,1,0
8227,2,1,1,0
8228,4,1,1,0
8229,5,1,1,0
8230,1,1,1,0
8231,2,1,1,0
8232,2,1,1,0
8233,6,1,1,0
8234,5,1,1,0
8235,2,1,1,0
8236,6,1,1,0
8237,5,1,1,0
8238,4,1,1,0
8239,3,1,1,0
8240,3,1,1,0
8241,1,1,1,0
8242,4,1,1,0
8243,2,1,1,0
8244,1,1,1,0
8245,9,1,1,0
8246,2,1,1,0
8247,4,1,1,0
8248,10,1,1,0
8249,3,1,1,0
8250,1,1,1,0
8251,4,1,1,0
8252,3,1,1,0
8253,2,1,1,0
8254,2,1,1,0
8255,5,1,1,0
8256,2,1,1,0
8257,3,1,1,0
8258,9,1,1,0
8259,5,1,1,0
8260,3,1,1,0
8261,1,1,1,0
8262,1,1,1,0
8263,6,1,1,0
8264,6,1,1,0
8265,5,1,1,0
8266,1,1,1,0
8267,3,1,1,0
8268,5,1,1,0
8269,2,1,1,0
8270,1,1,1,0
8271,2,1,1,0
8272,2,1,1,0
8273,3,1,1,0
8274,1,1,1,0
8275,2,1,1,0
8276,8,1,1,0
8277,1,1,1,0
8278,1,1,1,0
8279,7,1,1,0
8280,4,1,1,0
8281,3,1,1,0
8282,4,1,1,0
8283,5,1,1,0
8284,1,1,1,0
8285,7,1,1,0
8286,1,1,1,0
8287,2,1,1,0
8288,3,1,1,0
8289,3,1,1,0
8290,1,1,1,0
8291,2,1,1,0
8292,4,1,1,0
8293,3,1,1,0
8294,9,1,1,0
8295,6,1,1,0
8296,3,1,1,0
8297,13,1,1,0
8298,1,1,1,0
8299,1,1,1,0
8300,3,1,1,0
8301,3,1,1,0
8302,1,1,1,0
8303,21,1,1,0
8304,2,1,1,0
8305,1,1,1,0
8306,2,1,1,0
8307,3,1,1,0
8308,8,1,1,0
8309,2,1,1,0
8310,1,1,1,0
8311,2,1,1,0
8312,11,1,1,0
8313,1,1,1,0
8314,3,1,1,0
8315,1,1,1,0
8316,5,1,1,0
8317,1,1,1,0
8318,1,1,1,0
8319,6,1,1,0
8320,2,1,1,0
8321,3,1,1,0
8322,10,1,1,0
8323,3,1,1,0
8324,1,1,1,0
8325,2,1,1,0
8326,4,1,1,0
8327,1,1,1,0
8328,3,1,1,0
8329,19,1,1,0
8330,3,1,1,0
8331,6,1,1,0
8332,2,1,1,0
8333,3,1,1,0
8334,2,1,1,0
8335,3,1,1,0
8336,1,1,1,0
8337,1,1,1,0
8338,3,1,1,0
8339,1,1,1,0
8340,7,1,1,0
8341,1,1,1,0
8342,6,1,1,0
8343,4,1,1,0
8344,6,1,1,0
8345,6,1,1,0
8346,4,1,1,0
8347,3,1,1,0
8348,1,1,1,0
8349,3,1,1,0
8350,1,1,1,0
8351,4,1,1,0
8352,7,1,1,0
8353,1,1,1,0
8354,8,1,1,0
8355,7,1,1,0
8356,8,1,1,0
8357,3,1,1,0
8358,1,1,1,0
8359,2,1,1,0
8360,8,1,1,0
8361,11,1,1,0
8362,3,1,1,0
8363,1,1,1,0
8364,5,1,1,0
8365,1,1,1,0
8366,7,1,1,0
8367,1,1,1,0
8368,2,1,1,0
8369,5,1,1,0
8370,1,1,1,0
8371,5,1,1,0
8372,5,1,1,0
8373,1,1,1,0
8374,3,1,1,0
8375,2,1,1,0
8376,3,1,1,0
8377,10,1,1,0
8378,1,1,1,0
8379,1,1,1,0
8380,1,1,1,0
8381,4,1,1,0
8382,3,1,1,0
8383,2,1,1,0
8384,3,1,1,0
8385,1,1,1,0
8386,2,1,1,0
8387,3,1,1,0
8388,6,1,1,0
8389,2,1,1,0
8390,1,1,1,0
8391,8,1,1,0
8392,4,1,1,0
8393,1,1,1,0
8394,3,1,1,0
8395,2,1,1,0
8396,1,1,1,0
8397,3,1,1,0
8398,1,1,1,0
8399,3,1,1,0
8400,6,1,1,0
8401,3,1,1,0
8402,6,1,1,0
8403,4,1,1,0
8404,8,1,1,0
8405,5,1,1,0
8406,7,1,1,0
8407,7,1,1,0
8408,4,1,1,0
8409,6,1,1,0
8410,1,1,1,0
8411,9,1,1,0
8412,2,1,1,0
8413,2,1,1,0
8414,1,1,1,0
8415,6,1,1,0
8416,4,1,1,0
8417,2,1,1,0
8418,2,1,1,0
8419,4,1,1,0
8420,3,1,1,0
8421,3,1,1,0
8422,4,1,1,0
8423,13,1,1,0
8424,1,1,1,0
8425,2,1,1,0
8426,7,1,1,0
8427,3,1,1,0
8428,1,1,1,0
8429,3,1,1,0
8430,1,1,1,0
8431,6,1,1,0
8432,6,1,1,0
8433,3,1,1,0
8434,2,1,1,0
8435,2,1,1,0
8436,1,1,1,0
8437,1,1,1,0
8438,1,1,1,0
8439,3,1,1,0
8440,6,1,1,0
8441,4,1,1,0
8442,5,1,1,0
8443,2,1,1,0
8444,3,1,1,0
8445,5,1,1,0
8446,3,1,1,0
8447,5,1,1,0
8448,7,1,1,0
8449,1,1,1,0
8450,2,1,1,0
8451,1,1,1,0
8452,2,1,1,0
8453,5,1,1,0
8454,3,1,1,0
8455,7,1,1,0
8456,5,1,1,0
8457,3,1,1,0
8458,3,1,1,0
8459,3,1,1,0
8460,2,1,1,0
8461,2,1,1,0
8462,4,1,1,0
8463,4,1,1,0
8464,8,1,1,0
8465,3,1,1,0
8466,1,1,1,0
8467,5,1,1,0
8468,2,1,1,0
8469,2,1,1,0
8470,2,1,1,0
8471,4,1,1,0
8472,5,1,1,0
8473,3,1,1,0
8474,2,1,1,0
8475,3,1,1,0
8476,6,1,1,0
8477,1,1,1,0
8478,4,1,1,0
8479,2,1,1,0
8480,1,1,1,0
8481,1,1,1,0
8482,1,1,1,0
8483,8,1,1,0
8484,2,1,1,0
8485,8,1,1,0
8486,4,1,1,0
8487,14,1,1,0
8488,2,1,1,0
8489,9,1,1,0
8490,6,1,1,0
8491,1,1,1,0
8492,9,1,1,0
8493,1,1,1,0
8494,1,1,1,0
8495,6,1,1,0
8496,1,1,1,0
8497,7,1,1,0
8498,6,1,1,0
8499,6,1,1,0
8500,3,1,1,0
8501,5,1,1,0
8502,4,1,1,0
8503,1,1,1,0
8504,6,1,1,0
8505,2,1,1,0
8506,9,1,1,0
8507,8,1,1,0
8508,3,1,1,0
8509,5,1,1,0
8510,3,1,1,0
8511,4,1,1,0
8512,8,1,1,0
8513,5,1,1,0
8514,4,1,1,0
8515,1,1,1,0
8516,6,1,1,0
8517,6,1,1,0
8518,2,1,1,0
8519,3,1,1,0
8520,7,1,1,0
8521,4,1,1,0
8522,10,1,1,0
8523,3,1,1,0
8524,9,1,1,0
8525,2,1,1,0
8526,4,1,1,0
8527,11,1,1,0
8528,8,1,1,0
8529,2,1,1,0
8530,4,1,1,0
8531,2,1,1,0
8532,4,1,1,0
8533,2,1,1,0
8534,11,1,1,0
8535,2,1,1,0
8536,1,1,1,0
8537,1,1,1,0
8538,1,1,1,0
8539,1,1,1,0
8540,4,1,1,0
8541,4,1,1,0
8542,3,1,1,0
8543,3,1,1,0
8544,4,1,1,0
8545,5,1,1,0
8546,3,1,1,0
8547,3,1,1,0
8548,1,1,1,0
8549,19,1,1,0
8550,2,1,1,0
8551,2,1,1,0
8552,8,1,1,0
8553,4,1,1,0
8554,1,1,1,0
8555,3,1,1,0
8556,6,1,1,0
8557,1,1,1,0
8558,4,1,1,0
8559,4,1,1,0
8560,6,1,1,0
8561,10,1,1,0
8562,3,1,1,0
8563,4,1,1,0
8564,13,1,1,0
8565,7,1,1,0
8566,2,1,1,0
8567,2,1,1,0
8568,2,1,1,0
8569,1,1,1,0
8570,2,1,1,0
8571,7,1,1,0
8572,2,1,1,0
8573,2,1,1,0
8574,4,1,1,0
8575,6,1,1,0
8576,2,1,1,0
8577,1,1,1,0
8578,2,1,1,0
8579,5,1,1,0
8580,2,1,1,0
8581,7,1,1,0
8582,1,1,1,0
8583,4,1,1,0
8584,3,1,1,0
8585,1,1,1,0
8586,5,1,1,0
8587,8,1,1,0
8588,3,1,1,0
8589,3,1,1,0
8590,1,1,1,0
8591,1,1,1,0
8592,6,1,1,0
8593,3,1,1,0
8594,2,1,1,0
8595,9,1,1,0
8596,5,1,1,0
8597,1,1,1,0
8598,4,1,1,0
8599,1,1,1,0
8600,4,1,1,0
8601,6,1,1,0
8602,1,1,1,0
8603,3,1,1,0
8604,3,1,1,0
8605,1,1,1,0
8606,1,1,1,0
8607,3,1,1,0
8608,1,1,1,0
8609,2,1,1,0
8610,2,1,1,0
8611,3,1,1,0
8612,1,1,1,0
8613,2,1,1,0
8614,5,1,1,0
8615,2,1,1,0
8616,2,1,1,0
8617,2,1,1,0
8618,1,1,1,0
8619,4,1,1,0
8620,4,1,1,0
8621,7,1,1,0
8622,4,1,1,0
8623,5,1,1,0
8624,1,1,1,0
8625,3,1,1,0
8626,2,1,1,0
8627,1,1,1,0
8628,2,1,1,0
8629,1,1,1,0
8630,7,1,1,0
8631,15,1,1,0
8632,5,1,1,0
8633,3,1,1,0
8634,1,1,1,0
8635,8,1,1,0
8636,2,1,1,0
8637,1,1,1,0
8638,6,1,1,0
8639,2,1,1,0
8640,4,1,1,0
8641,2,1,1,0
8642,1,1,1,0
8643,3,1,1,0
8644,5,1,1,0
8645,4,1,1,0
8646,4,1,1,0
8647,5,1,1,0
8648,2,1,1,0
8649,1,1,1,0
8650,2,1,1,0
8651,1,1,1,0
8652,3,1,1,0
8653,3,1,1,0
8654,1,1,1,0
8655,6,1,1,0
8656,3,1,1,0
8657,3,1,1,0
8658,1,1,1,0
8659,4,1,1,0
8660,5,1,1,0
8661,3,1,1,0
8662,5,1,1,0
8663,2,1,1,0
8664,2,1,1,0
8665,2,1,1,0
8666,1,1,1,0
8667,5,1,1,0
8668,1,1,1,0
8669,1,1,1,0
8670,6,1,1,0
8671,5,1,1,0
8672,3,1,1,0
8673,2,1,1,0
8674,1,1,1,0
8675,2,1,1,0
8676,1,1,1,0
8677,5,1,1,0
8678,5,1,1,0
8679,2,1,1,0
8680,1,1,1,0
8681,1,1,1,0
8682,2,1,1,0
8683,1,1,1,0
8684,4,1,1,0
8685,10,1,1,0
8686,5,1,1,0
8687,3,1,1,0
8688,3,1,1,0
8689,7,1,1,0
8690,1,1,1,0
8691,5,1,1,0
8692,9,1,1,0
8693,5,1,1,0
8694,3,1,1,0
8695,3,1,1,0
8696,5,1,1,0
8697,4,1,1,0
8698,4,1,1,0
8699,3,1,1,0
8700,1,1,1,0
8701,1,1,1,0
8702,4,1,1,0
8703,8,1,1,0
8704,5,1,1,0
8705,2,1,1,0
8706,3,1,1,0
8707,2,1,1,0
8708,5,1,1,0
8709,2,1,1,0
8710,2,1,1,0
8711,1,1,1,0
8712,3,1,1,0
8713,4,1,1,0
8714,3,1,1,0
8715,1,1,1,0
8716,3,1,1,0
8717,3,1,1,0
8718,10,1,1,0
8719,1,1,1,0
8720,6,1,1,0
8721,8,1,1,0
8722,2,1,1,0
8723,3,1,1,0
8724,1,1,1,0
8725,1,1,1,0
8726,3,1,1,0
8727,2,1,1,0
8728,1,1,1,0
8729,9,1,1,0
8730,3,1,1,0
8731,4,1,1,0
8732,3,1,1,0
8733,4,1,1,0
8734,1,1,1,0
8735,2,1,1,0
8736,2,1,1,0
8737,1,1,1,0
8738,5,1,1,0
8739,4,1,1,0
8740,2,1,1,0
8741,3,1,1,0
8742,3,1,1,0
8743,3,1,1,0
8744,5,1,1,0
8745,3,1,1,0
8746,1,1,1,0
8747,2,1,1,0
8748,5,1,1,0
8749,2,1,1,0
8750,1,1,1,0
8751,2,1,1,0
8752,8,1,1,0
8753,1,1,1,0
8754,1,1,1,0
8755,2,1,1,0
8756,1,1,1,0
8757,5,1,1,0
8758,2,1,1,0
8759,2,1,1,0
8760,6,1,1,0
8761,4,1,1,0
8762,1,1,1,0
8763,9,1,1,0
8764,4,1,1,0
8765,1,1,1,0
8766,3,1,1,0
8767,6,1,1,0
8768,1,1,1,0
8769,3,1,1,0
8770,3,1,1,0
8771,3,1,1,0
8772,7,1,1,0
8773,3,1,1,0
8774,1,1,1,0
8775,12,1,1,0
8776,2,1,1,0
8777,9,1,1,0
8778,3,1,1,0
8779,5,1,1,0
8780,7,1,1,0
8781,3,1,1,0
8782,2,1,1,0
8783,1,1,1,0
8784,3,1,1,0
8785,6,1,1,0
8786,2,1,1,0
8787,2,1,1,0
8788,1,1,1,0
8789,4,1,1,0
8790,1,1,1,0
8791,9,1,1,0
8792,14,1,1,0
8793,2,1,1,0
8794,5,1,1,0
8795,1,1,1,0
8796,13,1,1,0
8797,1,1,1,0
8798,3,1,1,0
8799,2,1,1,0
8800,3,1,1,0
8801,3,1,1,0
8802,2,1,1,0
8803,1,1,1,0
8804,1,1,1,0
8805,5,1,1,0
8806,4,1,1,0
8807,1,1,1,0
8808,4,1,1,0
8809,7,1,1,0
8810,3,1,1,0
8811,6,1,1,0
8812,7,1,1,0
8813,3,1,1,0
8814,1,1,1,0
8815,1,1,1,0
8816,2,1,1,0
8817,1,1,1,0
8818,3,1,1,0
8819,2,1,1,0
8820,4,1,1,0
8821,3,1,1,0
8822,1,1,1,0
8823,2,1,1,0
8824,6,1,1,0
8825,5,1,1,0
8826,1,1,1,0
8827,1,1,1,0
8828,4,1,1,0
8829,1,1,1,0
8830,3,1,1,0
8831,5,1,1,0
8832,4,1,1,0
8833,12,1,1,0
8834,3,1,1,0
8835,3,1,1,0
8836,3,1,1,0
8837,5,1,1,0
8838,1,1,1,0
8839,3,1,1,0
8840,2,1,1,0
8841,1,1,1,0
8842,1,1,1,0
8843,1,1,1,0
8844,1,1,1,0
8845,7,1,1,0
8846,13,1,1,0
8847,10,1,1,0
8848,1,1,1,0
8849,4,1,1,0
8850,1,1,1,0
8851,2,1,1,0
8852,1,1,1,0
8853,2,1,1,0
8854,4,1,1,0
8855,7,1,1,0
8856,3,1,1,0
8857,2,1,1,0
8858,1,1,1,0
8859,5,1,1,0
8860,7,1,1,0
8861,2,1,1,0
8862,5,1,1,0
8863,2,1,1,0
8864,3,1,1,0
8865,1,1,1,0
8866,1,1,1,0
8867,5,1,1,0
8868,3,1,1,0
8869,2,1,1,0
8870,12,1,1,0
8871,5,1,1,0
8872,4,1,1,0
8873,8,1,1,0
8874,5,1,1,0
8875,4,1,1,0
8876,5,1,1,0
8877,7,1,1,0
8878,2,1,1,0
8879,4,1,1,0
8880,7,1,1,0
8881,1,1,1,0
8882,3,1,1,0
8883,4,1,1,0
8884,11,1,1,0
8885,8,1,1,0
8886,4,1,1,0
8887,2,1,1,0
8888,1,1,1,0
8889,5,1,1,0
8890,1,1,1,0
8891,4,1,1,0
8892,1,1,1,0
8893,4,1,1,0
8894,2,1,1,0
8895,4,1,1,0
8896,5,1,1,0
8897,6,1,1,0
8898,3,1,1,0
8899,2,1,1,0
8900,1,1,1,0
8901,2,1,1,0
8902,5,1,1,0
8903,2,1,1,0
8904,4,1,1,0
8905,1,1,1,0
8906,3,1,1,0
8907,4,1,1,0
8908,1,1,1,0
8909,10,1,1,0
8910,6,1,1,0
8911,1,1,1,0
8912,2,1,1,0
8913,8,1,1,0
8914,2,1,1,0
8915,2,1,1,0
8916,6,1,1,0
8917,10,1,1,0
8918,7,1,1,0
8919,2,1,1,0
8920,5,1,1,0
8921,9,1,1,0
8922,3,1,1,0
8923,2,1,1,0
8924,3,1,1,0
8925,2,1,1,0
8926,13,1,1,0
8927,3,1,1,0
8928,2,1,1,0
8929,5,1,1,0
8930,5,1,1,0
8931,2,1,1,0
8932,2,1,1,0
8933,1,1,1,0
8934,2,1,1,0
8935,3,1,1,0
8936,8,1,1,0
8937,3,1,1,0
8938,10,1,1,0
8939,6,1,1,0
8940,5,1,1,0
8941,7,1,1,0
8942,2,1,1,0
8943,4,1,1,0
8944,1,1,1,0
8945,1,1,1,0
8946,2,1,1,0
8947,1,1,1,0
8948,2,1,1,0
8949,1,1,1,0
8950,8,1,1,0
8951,1,1,1,0
8952,1,1,1,0
8953,2,1,1,0
8954,7,1,1,0
8955,4,1,1,0
8956,4,1,1,0
8957,3,1,1,0
8958,1,1,1,0
8959,4,1,1,0
8960,16,1,1,0
8961,2,1,1,0
8962,3,1,1,0
8963,2,1,1,0
8964,3,1,1,0
8965,2,1,1,0
8966,4,1,1,0
8967,2,1,1,0
8968,3,1,1,0
8969,1,1,1,0
8970,3,1,1,0
8971,1,1,1,0
8972,2,1,1,0
8973,4,1,1,0
8974,3,1,1,0
8975,8,1,1,0
8976,1,1,1,0
8977,3,1,1,0
8978,1,1,1,0
8979,4,1,1,0
8980,2,1,1,0
8981,8,1,1,0
8982,10,1,1,0
8983,1,1,1,0
8984,5,1,1,0
8985,9,1,1,0
8986,2,1,1,0
8987,9,1,1,0
8988,1,1,1,0
8989,6,1,1,0
8990,3,1,1,0
8991,7,1,1,0
8992,2,1,1,0
8993,1,1,1,0
8994,6,1,1,0
8995,5,1,1,0
8996,2,1,1,0
8997,3,1,1,0
8998,7,1,1,0
8999,8,1,1,0
9000,3,1,1,0
9001,3,1,1,0
9002,1,1,1,0
9003,6,1,1,0
9004,4,1,1,0
9005,4,1,1,0
9006,5,1,1,0
9007,4,1,1,0
9008,6,1,1,0
9009,4,1,1,0
9010,1,1,1,0
9011,1,1,1,0
9012,4,1,1,0
9013,8,1,1,0
9014,1,1,1,0
9015,1,1,1,0
9016,4,1,1,0
9017,1,1,1,0
9018,11,1,1,0
9019,3,1,1,0
9020,2,1,1,0
9021,1,1,1,0
9022,1,1,1,0
9023,4,1,1,0
9024,10,1,1,0
9025,1,1,1,0
9026,1,1,1,0
9027,1,1,1,0
9028,3,1,1,0
9029,1,1,1,0
9030,1,1,1,0
9031,4,1,1,0
9032,2,1,1,0
9033,5,1,1,0
9034,7,1,1,0
9035,3,1,1,0
9036,5,1,1,0
9037,3,1,1,0
9038,7,1,1,0
9039,3,1,1,0
9040,2,1,1,0
9041,9,1,1,0
9042,3,1,1,0
9043,10,1,1,0
9044,8,1,1,0
9045,1,1,1,0
9046,1,1,1,0
9047,3,1,1,0
9048,2,1,1,0
9049,1,1,1,0
9050,2,1,1,0
9051,2,1,1,0
9052,4,1,1,0
9053,4,1,1,0
9054,1,1,1,0
9055,4,1,1,0
9056,4,1,1,0
9057,1,1,1,0
9058,12,1,1,0
9059,2,1,1,0
9060,1,1,1,0
9061,2,1,1,0
9062,3,1,1,0
9063,1,1,1,0
9064,6,1,1,0
9065,3,1,1,0
9066,4,1,1,0
9067,3,1,1,0
9068,1,1,1,0
9069,3,1,1,0
9070,5,1,1,0
9071,2,1,1,0
9072,1,1,1,0
9073,5,1,1,0
9074,2,1,1,0
9075,2,1,1,0
9076,2,1,1,0
9077,3,1,1,0
9078,1,1,1,0
9079,2,1,1,0
9080,7,1,1,0
9081,2,1,1,0
9082,10,1,1,0
9083,4,1,1,0
9084,4,1,1,0
9085,3,1,1,0
9086,5,1,1,0
9087,1,1,1,0
9088,14,1,1,0
9089,1,1,1,0
9090,6,1,1,0
9091,3,1,1,0
9092,13,1,1,0
9093,5,1,1,0
9094,5,1,1,0
9095,3,1,1,0
9096,2,1,1,0
9097,2,1,1,0
9098,3,1,1,0
9099,3,1,1,0
9100,1,1,1,0
9101,2,1,1,0
9102,4,1,1,0
9103,3,1,1,0
9104,1,1,1,0
9105,17,1,1,0
9106,4,1,1,0
9107,3,1,1,0
9108,4,1,1,0
9109,4,1,1,0
9110,1,1,1,0
9111,3,1,1,0
9112,5,1,1,0
9113,1,1,1,0
9114,6,1,1,0
9115,2,1,1,0
9116,3,1,1,0
9117,3,1,1,0
9118,1,1,1,0
9119,7,1,1,0
9120,4,1,1,0
9121,4,1,1,0
9122,1,1,1,0
9123,2,1,1,0
9124,5,1,1,0
9125,1,1,1,0
9126,5,1,1,0
9127,1,1,1,0
9128,3,1,1,0
9129,5,1,1,0
9130,3,1,1,0
9131,1,1,1,0
9132,1,1,1,0
9133,3,1,1,0
9134,12,1,1,0
9135,5,1,1,0
9136,2,1,1,0
9137,9,1,1,0
9138,3,1,1,0
9139,3,1,1,0
9140,4,1,1,0
9141,5,1,1,0
9142,5,1,1,0
9143,1,1,1,0
9144,2,1,1,0
9145,2,1,1,0
9146,4,1,1,0
9147,7,1,1,0
9148,7,1,1,0
9149,2,1,1,0
9150,6,1,1,0
9151,1,1,1,0
9152,3,1,1,0
9153,2,1,1,0
9154,2,1,1,0
9155,3,1,1,0
9156,4,1,1,0
9157,5,1,1,0
9158,7,1,1,0
9159,2,1,1,0
9160,3,1,1,0
9161,2,1,1,0
9162,2,1,1,0
9163,1,1,1,0
9164,9,1,1,0
9165,6,1,1,0
9166,4,1,1,0
9167,2,1,1,0
9168,1,1,1,0
9169,2,1,1,0
9170,2,1,1,0
9171,1,1,1,0
9172,2,1,1,0
9173,8,1,1,0
9174,3,1,1,0
9175,6,1,1,0
9176,1,1,1,0
9177,1,1,1,0
9178,2,1,1,0
9179,2,1,1,0
9180,2,1,1,0
9181,7,1,1,0
9182,2,1,1,0
9183,6,1,1,0
9184,1,1,1,0
9185,7,1,1,0
9186,6,1,1,0
9187,7,1,1,0
9188,1,1,1,0
9189,2,1,1,0
9190,4,1,1,0
9191,2,1,1,0
9192,4,1,1,0
9193,3,1,1,0
9194,1,1,1,0
9195,1,1,1,0
9196,1,1,1,0
9197,2,1,1,0
9198,1,1,1,0
9199,1,1,1,0
9200,3,1,1,0
9201,2,1,1,0
9202,3,1,1,0
9203,3,1,1,0
9204,3,1,1,0
9205,1,1,1,0
9206,6,1,1,0
9207,13,1,1,0
9208,2,1,1,0
9209,1,1,1,0
9210,12,1,1,0
9211,1,1,1,0
9212,2,1,1,0
9213,1,1,1,0
9214,1,1,1,0
9215,2,1,1,0
9216,2,1,1,0
9217,1,1,1,0
9218,3,1,1,0
9219,7,1,1,0
9220,8,1,1,0
9221,5,1,1,0
9222,3,1,1,0
9223,4,1,1,0
9224,6,1,1,0
9225,1,1,1,0
9226,4,1,1,0
9227,4,1,1,0
9228,1,1,1,0
9229,3,1,1,0
9230,2,1,1,0
9231,4,1,1,0
9232,2,1,1,0
9233,1,1,1,0
9234,7,1,1,0
9235,2,1,1,0
9236,3,1,1,0
9237,2,1,1,0
9238,3,1,1,0
9239,3,1,1,0
9240,3,1,1,0
9241,6,1,1,0
9242,1,1,1,0
9243,4,1,1,0
9244,3,1,1,0
9245,1,1,1,0
9246,4,1,1,0
9247,1,1,1,0
9248,7,1,1,0
9249,4,1,1,0
9250,1,1,1,0
9251,3,1,1,0
9252,5,1,1,0
9253,2,1,1,0
9254,3,1,1,0
9255,3,1,1,0
9256,1,1,1,0
9257,1,1,1,0
9258,1,1,1,0
9259,1,1,1,0
9260,2,1,1,0
9261,4,1,1,0
9262,3,1,1,0
9263,1,1,1,0
9264,1,1,1,0
9265,4,1,1,0
9266,1,1,1,0
9267,1,1,1,0
9268,2,1,1,0
9269,9,1,1,0
9270,2,1,1,0
9271,3,1,1,0
9272,1,1,1,0
9273,1,1,1,0
9274,6,1,1,0
9275,5,1,1,0
9276,7,1,1,0
9277,2,1,1,0
9278,3,1,1,0
9279,4,1,1,0
9280,2,1,1,0
9281,3,1,1,0
9282,1,1,1,0
9283,1,1,1,0
9284,1,1,1,0
9285,3,1,1,0
9286,1,1,1,0
9287,11,1,1,0
9288,1,1,1,0
9289,2,1,1,0
9290,3,1,1,0
9291,11,1,1,0
9292,4,1,1,0
9293,2,1,1,0
9294,2,1,1,0
9295,3,1,1,0
9296,1,1,1,0
9297,7,1,1,0
9298,1,1,1,0
9299,1,1,1,0
9300,1,1,1,0
9301,2,1,1,0
9302,3,1,1,0
9303,5,1,1,0
9304,2,1,1,0
9305,6,1,1,0
9306,3,1,1,0
9307,2,1,1,0
9308,2,1,1,0
9309,4,1,1,0
9310,1,1,1,0
9311,3,1,1,0
9312,6,1,1,0
9313,4,1,1,0
9314,2,1,1,0
9315,7,1,1,0
9316,7,1,1,0
9317,4,1,1,0
9318,1,1,1,0
9319,1,1,1,0
9320,5,1,1,0
9321,4,1,1,0
9322,3,1,1,0
9323,3,1,1,0
9324,4,1,1,0
9325,3,1,1,0
9326,3,1,1,0
9327,3,1,1,0
9328,3,1,1,0
9329,1,1,1,0
9330,2,1,1,0
9331,6,1,1,0
9332,5,1,1,0
9333,2,1,1,0
9334,1,1,1,0
9335,3,1,1,0
9336,3,1,1,0
9337,8,1,1,0
9338,1,1,1,0
9339,9,1,1,0
9340,1,1,1,0
9341,4,1,1,0
9342,4,1,1,0
9343,1,1,1,0
9344,1,1,1,0
9345,1,1,1,0
9346,3,1,1,0
9347,8,1,1,0
9348,3,1,1,0
9349,1,1,1,0
9350,3,1,1,0
9351,4,1,1,0
9352,1,1,1,0
9353,3,1,1,0
9354,3,1,1,0
9355,1,1,1,0
9356,6,1,1,0
9357,9,1,1,0
9358,2,1,1,0
9359,3,1,1,0
9360,1,1,1,0
9361,4,1,1,0
9362,3,1,1,0
9363,9,1,1,0
9364,1,1,1,0
9365,5,1,1,0
9366,1,1,1,0
9367,2,1,1,0
9368,1,1,1,0
9369,8,1,1,0
9370,6,1,1,0
9371,3,1,1,0
9372,1,1,1,0
9373,5,1,1,0
9374,2,1,1,0
9375,4,1,1,0
9376,9,1,1,0
9377,1,1,1,0
9378,3,1,1,0
9379,1,1,1,0
9380,1,1,1,0
9381,7,1,1,0
9382,3,1,1,0
9383,7,1,1,0
9384,1,1,1,0
9385,3,1,1,0
9386,4,1,1,0
9387,6,1,1,0
9388,2,1,1,0
9389,2,1,1,0
9390,6,1,1,0
9391,3,1,1,0
9392,1,1,1,0
9393,5,1,1,0
9394,3,1,1,0
9395,5,1,1,0
9396,3,1,1,0
9397,3,1,1,0
9398,6,1,1,0
9399,13,1,1,0
9400,10,1,1,0
9401,5,1,1,0
9402,9,1,1,0
9403,1,1,1,0
9404,4,1,1,0
9405,4,1,1,0
9406,1,1,1,0
9407,6,1,1,0
9408,2,1,1,0
9409,2,1,1,0
9410,8,1,1,0
9411,7,1,1,0
9412,3,1,1,0
9413,3,1,1,0
9414,13,1,1,0
9415,2,1,1,0
9416,2,1,1,0
9417,8,1,1,0
9418,4,1,1,0
9419,6,1,1,0
9420,6,1,1,0
9421,5,1,1,0
9422,5,1,1,0
9423,7,1,1,0
9424,4,1,1,0
9425,2,1,1,0
9426,3,1,1,0
9427,1,1,1,0
9428,5,1,1,0
9429,7,1,1,0
9430,3,1,1,0
9431,2,1,1,0
9432,2,1,1,0
9433,3,1,1,0
9434,3,1,1,0
9435,1,1,1,0
9436,1,1,1,0
9437,1,1,1,0
9438,1,1,1,0
9439,1,1,1,0
9440,8,1,1,0
9441,4,1,1,0
9442,4,1,1,0
9443,7,1,1,0
9444,3,1,1,0
9445,2,1,1,0
9446,5,1,1,0
9447,6,1,1,0
9448,3,1,1,0
9449,2,1,1,0
9450,7,1,1,0
9451,6,1,1,0
9452,5,1,1,0
9453,5,1,1,0
9454,4,1,1,0
9455,1,1,1,0
9456,2,1,1,0
9457,4,1,1,0
9458,4,1,1,0
9459,4,1,1,0
9460,17,1,1,0
9461,3,1,1,0
9462,10,1,1,0
9463,3,1,1,0
9464,1,1,1,0
9465,3,1,1,0
9466,4,1,1,0
9467,1,1,1,0
9468,17,1,1,0
9469,1,1,1,0
9470,1,1,1,0
9471,5,1,1,0
9472,3,1,1,0
9473,1,1,1,0
9474,6,1,1,0
9475,6,1,1,0
9476,3,1,1,0
9477,1,1,1,0
9478,3,1,1,0
9479,2,1,1,0
9480,3,1,1,0
9481,7,1,1,0
9482,3,1,1,0
9483,1,1,1,0
9484,3,1,1,0
9485,1,1,1,0
9486,9,1,1,0
9487,1,1,1,0
9488,1,1,1,0
9489,3,1,1,0
9490,1,1,1,0
9491,4,1,1,0
9492,8,1,1,0
9493,1,1,1,0
9494,2,1,1,0
9495,8,1,1,0
9496,3,1,1,0
9497,1,1,1,0
9498,10,1,1,0
9499,1,1,1,0
9500,1,1,1,0
9501,2,1,1,0
9502,2,1,1,0
9503,4,1,1,0
9504,4,1,1,0
9505,10,1,1,0
9506,1,1,1,0
9507,2,1,1,0
9508,1,1,1,0
9509,6,1,1,0
9510,2,1,1,0
9511,9,1,1,0
9512,3,1,1,0
9513,1,1,1,0
9514,3,1,1,0
9515,9,1,1,0
9516,2,1,1,0
9517,5,1,1,0
9518,6,1,1,0
9519,8,1,1,0
9520,2,1,1,0
9521,1,1,1,0
9522,1,1,1,0
9523,3,1,1,0
9524,2,1,1,0
9525,1,1,1,0
9526,5,1,1,0
9527,2,1,1,0
9528,5,1,1,0
9529,1,1,1,0
9530,3,1,1,0
9531,1,1,1,0
9532,4,1,1,0
9533,7,1,1,0
9534,2,1,1,0
9535,1,1,1,0
9536,8,1,1,0
9537,7,1,1,0
9538,8,1,1,0
9539,5,1,1,0
9540,3,1,1,0
9541,8,1,1,0
9542,7,1,1,0
9543,4,1,1,0
9544,3,1,1,0
9545,1,1,1,0
9546,3,1,1,0
9547,1,1,1,0
9548,2,1,1,0
9549,1,1,1,0
9550,2,1,1,0
9551,4,1,1,0
9552,1,1,1,0
9553,3,1,1,0
9554,2,1,1,0
9555,6,1,1,0
9556,1,1,1,0
9557,7,1,1,0
9558,3,1,1,0
9559,1,1,1,0
9560,1,1,1,0
9561,12,1,1,0
9562,1,1,1,0
9563,1,1,1,0
9564,2,1,1,0
9565,7,1,1,0
9566,5,1,1,0
9567,3,1,1,0
9568,3,1,1,0
9569,1,1,1,0
9570,7,1,1,0
9571,2,1,1,0
9572,2,1,1,0
9573,2,1,1,0
9574,6,1,1,0
9575,6,1,1,0
9576,4,1,1,0
9577,4,1,1,0
9578,2,1,1,0
9579,7,1,1,0
9580,1,1,1,0
9581,3,1,1,0
9582,3,1,1,0
9583,1,1,1,0
9584,1,1,1,0
9585,7,1,1,0
9586,5,1,1,0
9587,4,1,1,0
9588,5,1,1,0
9589,1,1,1,0
9590,4,1,1,0
9591,3,1,1,0
9592,1,1,1,0
9593,1,1,1,0
9594,3,1,1,0
9595,1,1,1,0
9596,3,1,1,0
9597,2,1,1,0
9598,5,1,1,0
9599,2,1,1,0
9600,1,1,1,0
9601,1,1,1,0
9602,10,1,1,0
9603,1,1,1,0
9604,8,1,1,0
9605,3,1,1,0
9606,3,1,1,0
9607,7,1,1,0
9608,1,1,1,0
9609,1,1,1,0
9610,1,1,1,0
9611,1,1,1,0
9612,2,1,1,0
9613,9,1,1,0
9614,3,1,1,0
9615,3,1,1,0
9616,1,1,1,0
9617,8,1,1,0
9618,2,1,1,0
9619,3,1,1,0
9620,3,1,1,0
9621,4,1,1,0
9622,7,1,1,0
9623,5,1,1,0
9624,8,1,1,0
9625,7,1,1,0
9626,1,1,1,0
9627,2,1,1,0
9628,4,1,1,0
9629,2,1,1,0
9630,1,1,1,0
9631,1,1,1,0
9632,4,1,1,0
9633,10,1,1,0
9634,7,1,1,0
9635,1,1,1,0
9636,9,1,1,0
9637,2,1,1,0
9638,5,1,1,0
9639,2,1,1,0
9640,2,1,1,0
9641,1,1,1,0
9642,3,1,1,0
9643,4,1,1,0
9644,3,1,1,0
9645,4,1,1,0
9646,2,1,1,0
9647,1,1,1,0
9648,4,1,1,0
9649,8,1,1,0
9650,2,1,1,0
9651,1,1,1,0
9652,5,1,1,0
9653,2,1,1,0
9654,5,1,1,0
9655,12,1,1,0
9656,7,1,1,0
9657,3,1,1,0
9658,3,1,1,0
9659,4,1,1,0
9660,4,1,1,0
9661,1,1,1,0
9662,3,1,1,0
9663,2,1,1,0
9664,15,1,1,0
9665,4,1,1,0
9666,3,1,1,0
9667,7,1,1,0
9668,3,1,1,0
9669,8,1,1,0
9670,2,1,1,0
9671,3,1,1,0
9672,1,1,1,0
9673,3,1,1,0
9674,6,1,1,0
9675,11,1,1,0
9676,1,1,1,0
9677,5,1,1,0
9678,2,1,1,0
9679,3,1,1,0
9680,5,1,1,0
9681,3,1,1,0
9682,1,1,1,0
9683,1,1,1,0
9684,2,1,1,0
9685,2,1,1,0
9686,5,1,1,0
9687,4,1,1,0
9688,6,1,1,0
9689,4,1,1,0
9690,11,1,1,0
9691,17,1,1,0
9692,1,1,1,0
9693,1,1,1,0
9694,1,1,1,0
9695,4,1,1,0
9696,6,1,1,0
9697,2,1,1,0
9698,2,1,1,0
9699,7,1,1,0
9700,4,1,1,0
9701,4,1,1,0
9702,2,1,1,0
9703,4,1,1,0
9704,2,1,1,0
9705,6,1,1,0
9706,3,1,1,0
9707,4,1,1,0
9708,9,1,1,0
9709,2,1,1,0
9710,1,1,1,0
9711,2,1,1,0
9712,7,1,1,0
9713,2,1,1,0
9714,2,1,1,0
9715,3,1,1,0
9716,2,1,1,0
9717,6,1,1,0
9718,4,1,1,0
9719,3,1,1,0
9720,1,1,1,0
9721,1,1,1,0
9722,1,1,1,0
9723,4,1,1,0
9724,8,1,1,0
9725,3,1,1,0
9726,1,1,1,0
9727,5,1,1,0
9728,10,1,1,0
9729,3,1,1,0
9730,4,1,1,0
9731,12,1,1,0
9732,1,1,1,0
9733,3,1,1,0
9734,5,1,1,0
9735,2,1,1,0
9736,3,1,1,0
9737,10,1,1,0
9738,5,1,1,0
9739,4,1,1,0
9740,2,1,1,0
9741,2,1,1,0
9742,3,1,1,0
9743,1,1,1,0
9744,3,1,1,0
9745,2,1,1,0
9746,3,1,1,0
9747,2,1,1,0
9748,1,1,1,0
9749,1,1,1,0
9750,3,1,1,0
9751,12,1,1,0
9752,4,1,1,0
9753,2,1,1,0
9754,8,1,1,0
9755,2,1,1,0
9756,3,1,1,0
9757,1,1,1,0
9758,3,1,1,0
9759,2,1,1,0
9760,6,1,1,0
9761,2,1,1,0
9762,2,1,1,0
9763,2,1,1,0
9764,1,1,1,0
9765,6,1,1,0
9766,3,1,1,0
9767,3,1,1,0
9768,3,1,1,0
9769,9,1,1,0
9770,1,1,1,0
9771,3,1,1,0
9772,6,1,1,0
9773,3,1,1,0
9774,4,1,1,0
9775,5,1,1,0
9776,3,1,1,0
9777,1,1,1,0
9778,1,1,1,0
9779,5,1,1,0
9780,2,1,1,0
9781,6,1,1,0
9782,2,1,1,0
9783,9,1,1,0
9784,2,1,1,0
9785,4,1,1,0
9786,5,1,1,0
9787,1,1,1,0
9788,3,1,1,0
9789,2,1,1,0
9790,6,1,1,0
9791,1,1,1,0
9792,5,1,1,0
9793,1,1,1,0
9794,4,1,1,0
9795,5,1,1,0
9796,3,1,1,0
9797,4,1,1,0
9798,4,1,1,0
9799,2,1,1,0
9800,6,1,1,0
9801,2,1,1,0
9802,3,1,1,0
9803,14,1,1,0
9804,1,1,1,0
9805,4,1,1,0
9806,1,1,1,0
9807,1,1,1,0
9808,2,1,1,0
9809,10,1,1,0
9810,5,1,1,0
9811,3,1,1,0
9812,6,1,1,0
9813,8,1,1,0
9814,2,1,1,0
9815,4,1,1,0
9816,1,1,1,0
9817,1,1,1,0
9818,8,1,1,0
9819,2,1,1,0
9820,2,1,1,0
9821,3,1,1,0
9822,6,1,1,0
9823,2,1,1,0
9824,1,1,1,0
9825,1,1,1,0
9826,5,1,1,0
9827,4,1,1,0
9828,1,1,1,0
9829,2,1,1,0
9830,4,1,1,0
9831,5,1,1,0
9832,2,1,1,0
9833,1,1,1,0
9834,5,1,1,0
9835,5,1,1,0
9836,6,1,1,0
9837,11,1,1,0
9838,2,1,1,0
9839,4,1,1,0
9840,1,1,1,0
9841,8,1,1,0
9842,3,1,1,0
9843,11,1,1,0
9844,1,1,1,0
9845,5,1,1,0
9846,5,1,1,0
9847,1,1,1,0
9848,5,1,1,0
9849,2,1,1,0
9850,3,1,1,0
9851,3,1,1,0
9852,2,1,1,0
9853,5,1,1,0
9854,2,1,1,0
9855,3,1,1,0
9856,3,1,1,0
9857,6,1,1,0
9858,2,1,1,0
9859,12,1,1,0
9860,1,1,1,0
9861,1,1,1,0
9862,2,1,1,0
9863,2,1,1,0
9864,2,1,1,0
9865,2,1,1,0
9866,1,1,1,0
9867,1,1,1,0
9868,3,1,1,0
9869,3,1,1,0
9870,1,1,1,0
9871,1,1,1,0
9872,4,1,1,0
9873,4,1,1,0
9874,6,1,1,0
9875,4,1,1,0
9876,6,1,1,0
9877,10,1,1,0
9878,1,1,1,0
9879,5,1,1,0
9880,3,1,1,0
9881,1,1,1,0
9882,12,1,1,0
9883,9,1,1,0
9884,1,1,1,0
9885,1,1,1,0
9886,1,1,1,0
9887,3,1,1,0
9888,3,1,1,0
9889,2,1,1,0
9890,3,1,1,0
9891,2,1,1,0
9892,1,1,1,0
9893,6,1,1,0
9894,1,1,1,0
9895,2,1,1,0
9896,3,1,1,0
9897,1,1,1,0
9898,1,1,1,0
9899,8,1,1,0
9900,1,1,1,0
9901,8,1,1,0
9902,3,1,1,0
9903,1,1,1,0
9904,1,1,1,0
9905,6,1,1,0
9906,6,1,1,0
9907,2,1,1,0
9908,2,1,1,0
9909,5,1,1,0
9910,1,1,1,0
9911,3,1,1,0
9912,2,1,1,0
9913,2,1,1,0
9914,5,1,1,0
9915,7,1,1,0
9916,1,1,1,0
9917,1,1,1,0
9918,1,1,1,0
9919,2,1,1,0
9920,6,1,1,0
9921,7,1,1,0
9922,3,1,1,0
9923,1,1,1,0
9924,5,1,1,0
9925,9,1,1,0
9926,3,1,1,0
9927,1,1,1,0
9928,1,1,1,0
9929,1,1,1,0
9930,5,1,1,0
9931,7,1,1,0
9932,2,1,1,0
9933,1,1,1,0
9934,4,1,1,0
9935,6,1,1,0
9936,1,1,1,0
9937,2,1,1,0
9938,1,1,1,0
9939,2,1,1,0
9940,5,1,1,0
9941,3,1,1,0
9942,3,1,1,0
9943,7,1,1,0
9944,1,1,1,0
9945,23,1,1,0
9946,2,1,1,0
9947,1,1,1,0
9948,1,1,1,0
9949,1,1,1,0
9950,2,1,1,0
9951,2,1,1,0
9952,2,1,1,0
9953,1,1,1,0
9954,1,1,1,0
9955,11,1,1,0
9956,3,1,1,0
9957,1,1,1,0
9958,4,1,1,0
9959,3,1,1,0
9960,3,1,1,0
9961,3,1,1,0
9962,4,1,1,0
9963,11,1,1,0
9964,1,1,1,0
9965,3,1,1,0
9966,1,1,1,0
9967,1,1,1,0
9968,6,1,1,0
9969,7,1,1,0
9970,2,1,1,0
9971,5,1,1,0
9972,1,1,1,0
9973,5,1,1,0
9974,1,1,1,0
9975,4,1,1,0
9976,2,1,1,0
9977,1,1,1,0
9978,7,1,1,0
9979,4,1,1,0
9980,3,1,1,0
9981,3,1,1,0
9982,2,1,1,0
9983,2,1,1,0
9984,1,1,1,0
9985,3,1,1,0
9986,2,1,1,0
9987,10,1,1,0
9988,8,1,1,0
9989,5,1,1,0
9990,1,1,1,0
9991,5,1,1,0
9992,1,1,1,0
9993,2,1,1,0
9994,11,1,1,0
9995,7,1,1,0
9996,5,1,1,0
9997,4,1,1,0
9998,4,1,1,0
9999,7,1,1,0
