trial,final_step,trapped,contact_dead,boundary_dead
0,3,1,1,0
1,2,1,1,0
2,7,1,1,0
3,1,1,1,0
4,1,1,1,0
5,2,1,1,0
6,1,1,1,0
7,1,1,1,0
8,2,1,1,0
9,5,1,1,0
10,5,1,1,0
11,2,1,1,0
12,4,1,1,0
13,7,1,1,0
14,7,1,1,0
15,3,1,1,0
16,3,1,1,0
17,5,1,1,0
18,2,1,1,0
19,3,1,1,0
20,9,1,1,0
21,9,1,1,0
22,1,1,1,0
23,5,1,1,0
24,6,1,1,0
25,3,1,1,0
26,2,1,1,0
27,1,1,1,0
28,4,1,1,0
29,1,1,1,0
30,3,1,1,0
31,3,1,1,0
32,1,1,1,0
33,5,1,1,0
34,4,1,1,0
35,1,1,1,0
36,1,1,1,0
37,2,1,1,0
38,6,1,1,0
39,5,1,1,0
40,12,1,1,0
41,3,1,1,0
42,4,1,1,0
43,2,1,1,0
44,2,1,1,0
45,3,1,1,0
46,1,1,1,0
47,5,1,1,0
48,1,1,1,0
49,3,1,1,0
50,3,1,1,0
51,2,1,1,0
52,3,1,1,0
53,2,1,1,0
54,3,1,1,0
55,5,1,1,0
56,3,1,1,0
57,4,1,1,0
58,3,1,1,0
59,8,1,1,0
60,5,1,1,0
61,3,1,1,0
62,5,1,1,0
63,1,1,1,0
64,2,1,1,0
65,5,1,1,0
66,2,1,1,0
67,2,1,1,0
68,2,1,1,0
69,6,1,1,0
70,5,1,1,0
71,9,1,1,0
72,4,1,1,0
73,9,1,1,0
74,6,1,1,0
75,4,1,1,0
76,5,1,1,0
77,7,1,1,0
78,6,1,1,0
79,7,1,1,0
80,2,1,1,0
81,1,1,1,0
82,5,1,1,0
83,6,1,1,0
84,3,1,1,0
85,5,1,1,0
86,8,1,1,0
87,4,1,1,0
88,2,1,1,0
89,8,1,1,0
90,3,1,1,0
91,1,1,1,0
92,10,1,1,0
93,1,1,1,0
94,1,1,1,0
95,2,1,1,0
96,6,1,1,0
97,4,1,1,0
98,2,1,1,0
99,5,1,1,0
100,8,1,1,0
101,2,1,1,0
102,2,1,1,0
103,1,1,1,0
104,1,1,1,0
105,3,1,1,0
106,4,1,1,0
107,12,1,1,0
108,1,1,1,0
109,4,1,1,0
110,1,1,1,0
111,3,1,1,0
112,8,1,1,0
113,13,1,1,0
114,7,1,1,0
115,2,1,1,0
116,3,1,1,0
117,3,1,1,0
118,2,1,1,0
119,1,1,1,0
120,8,1,1,0
121,2,1,1,0
122,4,1,1,0
123,2,1,1,0
124,2,1,1,0
125,1,1,1,0
126,1,1,1,0
127,13,1,1,0
128,6,1,1,0
129,4,1,1,0
130,5,1,1,0
131,1,1,1,0
132,1,1,1,0
133,4,1,1,0
134,12,1,1,0
135,6,1,1,0
136,3,1,1,0
137,1,1,1,0
138,7,1,1,0
139,2,1,1,0
140,4,1,1,0
141,1,1,1,0
142,2,1,1,0
143,2,1,1,0
144,5,1,1,0
145,4,1,1,0
146,2,1,1,0
147,2,1,1,0
148,1,1,1,0
149,11,1,1,0
150,3,1,1,0
151,1,1,1,0
152,4,1,1,0
153,3,1,1,0
154,3,1,1,0
155,3,1,1,0
156,1,1,1,0
157,2,1,1,0
158,1,1,1,0
159,2,1,1,0
160,2,1,1,0
161,1,1,1,0
162,2,1,1,0
163,4,1,1,0
164,2,1,1,0
165,3,1,1,0
166,5,1,1,0
167,1,1,1,0
168,4,1,1,0
169,1,1,1,0
170,2,1,1,0
171,2,1,1,0
172,1,1,1,0
173,8,1,1,0
174,2,1,1,0
175,2,1,1,0
176,4,1,1,0
177,3,1,1,0
178,2,1,1,0
179,1,1,1,0
180,2,1,1,0
181,2,1,1,0
182,3,1,1,0
183,2,1,1,0
184,4,1,1,0
185,3,1,1,0
186,2,1,1,0
187,2,1,1,0
188,8,1,1,0
189,1,1,1,0
190,6,1,1,0
191,2,1,1,0
192,2,1,1,0
193,1,1,1,0
194,4,1,1,0
195,1,1,1,0
196,2,1,1,0
197,10,1,1,0
198,6,1,1,0
199,7,1,1,0
200,5,1,1,0
201,1,1,1,0
202,2,1,1,0
203,4,1,1,0
204,4,1,1,0
205,1,1,1,0
206,2,1,1,0
207,1,1,1,0
208,3,1,1,0
209,6,1,1,0
210,5,1,1,0
211,1,1,1,0
212,3,1,1,0
213,5,1,1,0
214,2,1,1,0
215,5,1,1,0
216,2,1,1,0
217,2,1,1,0
218,4,1,1,0
219,8,1,1,0
220,1,1,1,0
221,1,1,1,0
222,9,1,1,0
223,3,1,1,0
224,3,1,1,0
225,1,1,1,0
226,1,1,1,0
227,2,1,1,0
228,1,1,1,0
229,1,1,1,0
230,3,1,1,0
231,9,1,1,0
232,2,1,1,0
233,3,1,1,0
234,9,1,1,0
235,1,1,1,0
236,6,1,1,0
237,5,1,1,0
238,5,1,1,0
239,1,1,1,0
240,3,1,1,0
241,1,1,1,0
242,7,1,1,0
243,3,1,1,0
244,1,1,1,0
245,1,1,1,0
246,2,1,1,0
247,1,1,1,0
248,12,1,1,0
249,2,1,1,0
250,1,1,1,0
251,4,1,1,0
252,3,1,1,0
253,9,1,1,0
254,8,1,1,0
255,4,1,1,0
256,1,1,1,0
257,1,1,1,0
258,12,1,1,0
259,2,1,1,0
260,11,1,1,0
261,1,1,1,0
262,2,1,1,0
263,3,1,1,0
264,6,1,1,0
265,10,1,1,0
266,2,1,1,0
267,5,1,1,0
268,6,1,1,0
269,2,1,1,0
270,3,1,1,0
271,11,1,1,0
272,4,1,1,0
273,1,1,1,0
274,5,1,1,0
275,5,1,1,0
276,1,1,1,0
277,3,1,1,0
278,3,1,1,0
279,1,1,1,0
280,4,1,1,0
281,4,1,1,0
282,4,1,1,0
283,4,1,1,0
284,1,1,1,0
285,3,1,1,0
286,5,1,1,0
287,3,1,1,0
288,3,1,1,0
289,3,1,1,0
290,1,1,1,0
291,2,1,1,0
292,1,1,1,0
293,7,1,1,0
294,2,1,1,0
295,4,1,1,0
296,2,1,1,0
297,3,1,1,0
298,3,1,1,0
299,4,1,1,0
300,3,1,1,0
301,1,1,1,0
302,1,1,1,0
303,3,1,1,0
304,4,1,1,0
305,2,1,1,0
306,2,1,1,0
307,6,1,1,0
308,1,1,1,0
309,3,1,1,0
310,11,1,1,0
311,1,1,1,0
312,3,1,1,0
313,4,1,1,0
314,3,1,1,0
315,4,1,1,0
316,5,1,1,0
317,1,1,1,0
318,7,1,1,0
319,9,1,1,0
320,8,1,1,0
321,5,1,1,0
322,2,1,1,0
323,1,1,1,0
324,2,1,1,0
325,6,1,1,0
326,4,1,1,0
327,2,1,1,0
328,1,1,1,0
329,6,1,1,0
330,5,1,1,0
331,6,1,1,0
332,2,1,1,0
333,3,1,1,0
334,3,1,1,0
335,3,1,1,0
336,7,1,1,0
337,2,1,1,0
338,6,1,1,0
339,4,1,1,0
340,4,1,1,0
341,2,1,1,0
342,1,1,1,0
343,6,1,1,0
344,2,1,1,0
345,1,1,1,0
346,7,1,1,0
347,3,1,1,0
348,3,1,1,0
349,12,1,1,0
350,6,1,1,0
351,1,1,1,0
352,1,1,1,0
353,3,1,1,0
354,10,1,1,0
355,4,1,1,0
356,8,1,1,0
357,1,1,1,0
358,1,1,1,0
359,10,1,1,0
360,3,1,1,0
361,3,1,1,0
362,2,1,1,0
363,2,1,1,0
364,6,1,1,0
365,2,1,1,0
366,6,1,1,0
367,2,1,1,0
368,7,1,1,0
369,1,1,1,0
370,7,1,1,0
371,6,1,1,0
372,1,1,1,0
373,10,1,1,0
374,1,1,1,0
375,8,1,1,0
376,1,1,1,0
377,4,1,1,0
378,11,1,1,0
379,3,1,1,0
380,10,1,1,0
381,8,1,1,0
382,1,1,1,0
383,1,1,1,0
384,5,1,1,0
385,3,1,1,0
386,3,1,1,0
387,4,1,1,0
388,1,1,1,0
389,1,1,1,0
390,3,1,1,0
391,4,1,1,0
392,2,1,1,0
393,3,1,1,0
394,2,1,1,0
395,1,1,1,0
396,3,1,1,0
397,7,1,1,0
398,4,1,1,0
399,7,1,1,0
400,1,1,1,0
401,7,1,1,0
402,1,1,1,0
403,5,1,1,0
404,4,1,1,0
405,1,1,1,0
406,5,1,1,0
407,2,1,1,0
408,2,1,1,0
409,1,1,1,0
410,18,1,1,0
411,8,1,1,0
412,9,1,1,0
413,7,1,1,0
414,1,1,1,0
415,3,1,1,0
416,8,1,1,0
417,2,1,1,0
418,1,1,1,0
419,3,1,1,0
420,1,1,1,0
421,1,1,1,0
422,4,1,1,0
423,5,1,1,0
424,1,1,1,0
425,1,1,1,0
426,1,1,1,0
427,7,1,1,0
428,7,1,1,0
429,11,1,1,0
430,12,1,1,0
431,3,1,1,0
432,1,1,1,0
433,3,1,1,0
434,6,1,1,0
435,11,1,1,0
436,4,1,1,0
437,3,1,1,0
438,6,1,1,0
439,5,1,1,0
440,3,1,1,0
441,2,1,1,0
442,8,1,1,0
443,8,1,1,0
444,4,1,1,0
445,9,1,1,0
446,3,1,1,0
447,1,1,1,0
448,8,1,1,0
449,5,1,1,0
450,8,1,1,0
451,2,1,1,0
452,1,1,1,0
453,2,1,1,0
454,2,1,1,0
455,5,1,1,0
456,9,1,1,0
457,1,1,1,0
458,1,1,1,0
459,4,1,1,0
460,3,1,1,0
461,1,1,1,0
462,4,1,1,0
463,4,1,1,0
464,2,1,1,0
465,4,1,1,0
466,2,1,1,0
467,2,1,1,0
468,1,1,1,0
469,4,1,1,0
470,2,1,1,0
471,16,1,1,0
472,2,1,1,0
473,3,1,1,0
474,1,1,1,0
475,7,1,1,0
476,2,1,1,0
477,4,1,1,0
478,8,1,1,0
479,5,1,1,0
480,1,1,1,0
481,3,1,1,0
482,9,1,1,0
483,3,1,1,0
484,3,1,1,0
485,2,1,1,0
486,4,1,1,0
487,2,1,1,0
488,1,1,1,0
489,3,1,1,0
490,4,1,1,0
491,4,1,1,0
492,2,1,1,0
493,1,1,1,0
494,1,1,1,0
495,1,1,1,0
496,3,1,1,0
497,8,1,1,0
498,4,1,1,0
499,7,1,1,0
500,3,1,1,0
501,9,1,1,0
502,4,1,1,0
503,2,1,1,0
504,8,1,1,0
505,1,1,1,0
506,2,1,1,0
507,2,1,1,0
508,2,1,1,0
509,4,1,1,0
510,1,1,1,0
511,1,1,1,0
512,5,1,1,0
513,3,1,1,0
514,5,1,1,0
515,7,1,1,0
516,3,1,1,0
517,1,1,1,0
518,2,1,1,0
519,3,1,1,0
520,7,1,1,0
521,3,1,1,0
522,3,1,1,0
523,2,1,1,0
524,3,1,1,0
525,2,1,1,0
526,2,1,1,0
527,1,1,1,0
528,1,1,1,0
529,2,1,1,0
530,4,1,1,0
531,1,1,1,0
532,1,1,1,0
533,4,1,1,0
534,5,1,1,0
535,4,1,1,0
536,5,1,1,0
537,2,1,1,0
538,3,1,1,0
539,1,1,1,0
540,3,1,1,0
541,3,1,1,0
542,4,1,1,0
543,5,1,1,0
544,1,1,1,0
545,2,1,1,0
546,2,1,1,0
547,3,1,1,0
548,7,1,1,0
549,6,1,1,0
550,10,1,1,0
551,2,1,1,0
552,2,1,1,0
553,2,1,1,0
554,4,1,1,0
555,3,1,1,0
556,6,1,1,0
557,1,1,1,0
558,1,1,1,0
559,5,1,1,0
560,6,1,1,0
561,1,1,1,0
562,2,1,1,0
563,4,1,1,0
564,1,1,1,0
565,7,1,1,0
566,1,1,1,0
567,3,1,1,0
568,2,1,1,0
569,3,1,1,0
570,5,1,1,0
571,1,1,1,0
572,4,1,1,0
573,2,1,1,0
574,1,1,1,0
575,6,1,1,0
576,1,1,1,0
577,3,1,1,0
578,3,1,1,0
579,5,1,1,0
580,3,1,1,0
581,4,1,1,0
582,1,1,1,0
583,1,1,1,0
584,4,1,1,0
585,4,1,1,0
586,2,1,1,0
587,8,1,1,0
588,4,1,1,0
589,1,1,1,0
590,3,1,1,0
591,3,1,1,0
592,1,1,1,0
593,3,1,1,0
594,7,1,1,0
595,12,1,1,0
596,3,1,1,0
597,8,1,1,0
598,9,1,1,0
599,1,1,1,0
600,1,1,1,0
601,7,1,1,0
602,4,1,1,0
603,4,1,1,0
604,2,1,1,0
605,5,1,1,0
606,2,1,1,0
607,1,1,1,0
608,4,1,1,0
609,1,1,1,0
610,8,1,1,0
611,1,1,1,0
612,6,1,1,0
613,2,1,1,0
614,3,1,1,0
615,2,1,1,0
616,3,1,1,0
617,5,1,1,0
618,3,1,1,0
619,3,1,1,0
620,3,1,1,0
621,2,1,1,0
622,5,1,1,0
623,6,1,1,0
624,8,1,1,0
625,1,1,1,0
626,6,1,1,0
627,1,1,1,0
628,7,1,1,0
629,2,1,1,0
630,6,1,1,0
631,1,1,1,0
632,1,1,1,0
633,2,1,1,0
634,6,1,1,0
635,1,1,1,0
636,1,1,1,0
637,2,1,1,0
638,1,1,1,0
639,2,1,1,0
640,2,1,1,0
641,1,1,1,0
642,1,1,1,0
643,2,1,1,0
644,3,1,1,0
645,1,1,1,0
646,3,1,1,0
647,3,1,1,0
648,4,1,1,0
649,4,1,1,0
650,3,1,1,0
651,1,1,1,0
652,1,1,1,0
653,3,1,1,0
654,2,1,1,0
655,2,1,1,0
656,1,1,1,0
657,3,1,1,0
658,6,1,1,0
659,3,1,1,0
660,4,1,1,0
661,3,1,1,0
662,1,1,1,0
663,5,1,1,0
664,3,1,1,0
665,1,1,1,0
666,1,1,1,0
667,1,1,1,0
668,1,1,1,0
669,1,1,1,0
670,1,1,1,0
671,6,1,1,0
672,2,1,1,0
673,4,1,1,0
674,2,1,1,0
675,3,1,1,0
676,11,1,1,0
677,6,1,1,0
678,5,1,1,0
679,3,1,1,0
680,1,1,1,0
681,7,1,1,0
682,3,1,1,0
683,13,1,1,0
684,1,1,1,0
685,3,1,1,0
686,2,1,1,0
687,2,1,1,0
688,4,1,1,0
689,10,1,1,0
690,4,1,1,0
691,12,1,1,0
692,1,1,1,0
693,1,1,1,0
694,3,1,1,0
695,3,1,1,0
696,7,1,1,0
697,1,1,1,0
698,2,1,1,0
699,6,1,1,0
700,5,1,1,0
701,4,1,1,0
702,1,1,1,0
703,1,1,1,0
704,2,1,1,0
705,5,1,1,0
706,5,1,1,0
707,3,1,1,0
708,11,1,1,0
709,7,1,1,0
710,4,1,1,0
711,1,1,1,0
712,4,1,1,0
713,4,1,1,0
714,2,1,1,0
715,6,1,1,0
716,5,1,1,0
717,4,1,1,0
718,2,1,1,0
719,4,1,1,0
720,3,1,1,0
721,2,1,1,0
722,3,1,1,0
723,1,1,1,0
724,1,1,1,0
725,4,1,1,0
726,4,1,1,0
727,4,1,1,0
728,1,1,1,0
729,3,1,1,0
730,1,1,1,0
731,2,1,1,0
732,9,1,1,0
733,5,1,1,0
734,1,1,1,0
735,2,1,1,0
736,1,1,1,0
737,11,1,1,0
738,2,1,1,0
739,1,1,1,0
740,2,1,1,0
741,3,1,1,0
742,1,1,1,0
743,4,1,1,0
744,3,1,1,0
745,6,1,1,0
746,5,1,1,0
747,11,1,1,0
748,2,1,1,0
749,7,1,1,0
750,2,1,1,0
751,3,1,1,0
752,4,1,1,0
753,1,1,1,0
754,5,1,1,0
755,4,1,1,0
756,3,1,1,0
757,1,1,1,0
758,1,1,1,0
759,7,1,1,0
760,8,1,1,0
761,1,1,1,0
762,2,1,1,0
763,1,1,1,0
764,5,1,1,0
765,3,1,1,0
766,1,1,1,0
767,5,1,1,0
768,4,1,1,0
769,4,1,1,0
770,3,1,1,0
771,3,1,1,0
772,2,1,1,0
773,3,1,1,0
774,3,1,1,0
775,1,1,1,0
776,3,1,1,0
777,5,1,1,0
778,1,1,1,0
779,3,1,1,0
780,9,1,1,0
781,5,1,1,0
782,1,1,1,0
783,3,1,1,0
784,3,1,1,0
785,3,1,1,0
786,5,1,1,0
787,2,1,1,0
788,3,1,1,0
789,1,1,1,0
790,1,1,1,0
791,8,1,1,0
792,10,1,1,0
793,9,1,1,0
794,8,1,1,0
795,3,1,1,0
796,3,1,1,0
797,3,1,1,0
798,2,1,1,0
799,3,1,1,0
800,22,1,1,0
801,3,1,1,0
802,2,1,1,0
803,1,1,1,0
804,7,1,1,0
805,4,1,1,0
806,5,1,1,0
807,1,1,1,0
808,1,1,1,0
809,5,1,1,0
810,1,1,1,0
811,2,1,1,0
812,2,1,1,0
813,1,1,1,0
814,2,1,1,0
815,2,1,1,0
816,3,1,1,0
817,18,1,1,0
818,3,1,1,0
819,1,1,1,0
820,6,1,1,0
821,5,1,1,0
822,7,1,1,0
823,3,1,1,0
824,4,1,1,0
825,1,1,1,0
826,8,1,1,0
827,3,1,1,0
828,1,1,1,0
829,1,1,1,0
830,3,1,1,0
831,6,1,1,0
832,2,1,1,0
833,9,1,1,0
834,1,1,1,0
835,3,1,1,0
836,1,1,1,0
837,4,1,1,0
838,2,1,1,0
839,3,1,1,0
840,1,1,1,0
841,3,1,1,0
842,3,1,1,0
843,5,1,1,0
844,7,1,1,0
845,1,1,1,0
846,3,1,1,0
847,5,1,1,0
848,9,1,1,0
849,1,1,1,0
850,1,1,1,0
851,1,1,1,0
852,4,1,1,0
853,2,1,1,0
854,2,1,1,0
855,2,1,1,0
856,7,1,1,0
857,4,1,1,0
858,3,1,1,0
859,8,1,1,0
860,3,1,1,0
861,2,1,1,0
862,3,1,1,0
863,3,1,1,0
864,1,1,1,0
865,4,1,1,0
866,7,1,1,0
867,1,1,1,0
868,8,1,1,0
869,1,1,1,0
870,1,1,1,0
871,6,1,1,0
872,1,1,1,0
873,4,1,1,0
874,1,1,1,0
875,1,1,1,0
876,4,1,1,0
877,2,1,1,0
878,5,1,1,0
879,9,1,1,0
880,1,1,1,0
881,4,1,1,0
882,1,1,1,0
883,1,1,1,0
884,2,1,1,0
885,4,1,1,0
886,1,1,1,0
887,5,1,1,0
888,5,1,1,0
889,9,1,1,0
890,2,1,1,0
891,2,1,1,0
892,1,1,1,0
893,2,1,1,0
894,3,1,1,0
895,3,1,1,0
896,5,1,1,0
897,4,1,1,0
898,3,1,1,0
899,13,1,1,0
900,1,1,1,0
901,3,1,1,0
902,6,1,1,0
903,1,1,1,0
904,1,1,1,0
905,4,1,1,0
906,2,1,1,0
907,2,1,1,0
908,1,1,1,0
909,3,1,1,0
910,9,1,1,0
911,5,1,1,0
912,4,1,1,0
913,8,1,1,0
914,4,1,1,0
915,10,1,1,0
916,1,1,1,0
917,7,1,1,0
918,1,1,1,0
919,1,1,1,0
920,1,1,1,0
921,3,1,1,0
922,1,1,1,0
923,1,1,1,0
924,1,1,1,0
925,1,1,1,0
926,3,1,1,0
927,10,1,1,0
928,1,1,1,0
929,2,1,1,0
930,1,1,1,0
931,5,1,1,0
932,1,1,1,0
933,2,1,1,0
934,4,1,1,0
935,1,1,1,0
936,4,1,1,0
937,1,1,1,0
938,3,1,1,0
939,2,1,1,0
940,4,1,1,0
941,4,1,1,0
942,2,1,1,0
943,2,1,1,0
944,2,1,1,0
945,3,1,1,0
946,3,1,1,0
947,12,1,1,0
948,3,1,1,0
949,5,1,1,0
950,4,1,1,0
951,4,1,1,0
952,1,1,1,0
953,2,1,1,0
954,2,1,1,0
955,7,1,1,0
956,4,1,1,0
957,2,1,1,0
958,2,1,1,0
959,3,1,1,0
960,5,1,1,0
961,7,1,1,0
962,2,1,1,0
963,1,1,1,0
964,2,1,1,0
965,1,1,1,0
966,5,1,1,0
967,4,1,1,0
968,6,1,1,0
969,1,1,1,0
970,4,1,1,0
971,15,1,1,0
972,1,1,1,0
973,1,1,1,0
974,14,1,1,0
975,1,1,1,0
976,4,1,1,0
977,2,1,1,0
978,5,1,1,0
979,3,1,1,0
980,2,1,1,0
981,2,1,1,0
982,1,1,1,0
983,4,1,1,0
984,3,1,1,0
985,8,1,1,0
986,3,1,1,0
987,5,1,1,0
988,4,1,1,0
989,4,1,1,0
990,4,1,1,0
991,2,1,1,0
992,1,1,1,0
993,2,1,1,0
994,15,1,1,0
995,3,1,1,0
996,15,1,1,0
997,2,1,1,0
998,7,1,1,0
999,2,1,1,0
1000,4,1,1,0
1001,9,1,1,0
1002,3,1,1,0
1003,7,1,1,0
1004,2,1,1,0
1005,7,1,1,0
1006,2,1,1,0
1007,1,1,1,0
1008,1,1,1,0
1009,1,1,1,0
1010,10,1,1,0
1011,3,1,1,0
1012,2,1,1,0
1013,7,1,1,0
1014,4,1,1,0
1015,2,1,1,0
1016,2,1,1,0
1017,1,1,1,0
1018,4,1,1,0
1019,1,1,1,0
1020,10,1,1,0
1021,3,1,1,0
1022,7,1,1,0
1023,2,1,1,0
1024,3,1,1,0
1025,2,1,1,0
1026,5,1,1,0
1027,5,1,1,0
1028,6,1,1,0
1029,1,1,1,0
1030,1,1,1,0
1031,2,1,1,0
1032,1,1,1,0
1033,6,1,1,0
1034,4,1,1,0
1035,1,1,1,0
1036,2,1,1,0
1037,7,1,1,0
1038,5,1,1,0
1039,12,1,1,0
1040,1,1,1,0
1041,3,1,1,0
1042,4,1,1,0
1043,5,1,1,0
1044,2,1,1,0
1045,4,1,1,0
1046,3,1,1,0
1047,1,1,1,0
1048,3,1,1,0
1049,3,1,1,0
1050,3,1,1,0
1051,3,1,1,0
1052,1,1,1,0
1053,4,1,1,0
1054,7,1,1,0
1055,3,1,1,0
1056,1,1,1,0
1057,6,1,1,0
1058,4,1,1,0
1059,10,1,1,0
1060,8,1,1,0
1061,1,1,1,0
1062,1,1,1,0
1063,11,1,1,0
1064,1,1,1,0
1065,1,1,1,0
1066,2,1,1,0
1067,1,1,1,0
1068,2,1,1,0
1069,4,1,1,0
1070,8,1,1,0
1071,1,1,1,0
1072,4,1,1,0
1073,2,1,1,0
1074,1,1,1,0
1075,2,1,1,0
1076,1,1,1,0
1077,6,1,1,0
1078,2,1,1,0
1079,2,1,1,0
1080,1,1,1,0
1081,1,1,1,0
1082,6,1,1,0
1083,1,1,1,0
1084,1,1,1,0
1085,9,1,1,0
1086,5,1,1,0
1087,4,1,1,0
1088,2,1,1,0
1089,9,1,1,0
1090,1,1,1,0
1091,2,1,1,0
1092,2,1,1,0
1093,3,1,1,0
1094,10,1,1,0
1095,2,1,1,0
1096,6,1,1,0
1097,1,1,1,0
1098,4,1,1,0
1099,3,1,1,0
1100,2,1,1,0
1101,3,1,1,0
1102,4,1,1,0
1103,3,1,1,0
1104,4,1,1,0
1105,1,1,1,0
1106,6,1,1,0
1107,1,1,1,0
1108,3,1,1,0
1109,1,1,1,0
1110,10,1,1,0
1111,1,1,1,0
1112,10,1,1,0
1113,3,1,1,0
1114,6,1,1,0
1115,2,1,1,0
1116,4,1,1,0
1117,1,1,1,0
1118,5,1,1,0
1119,3,1,1,0
1120,3,1,1,0
1121,10,1,1,0
1122,3,1,1,0
1123,3,1,1,0
1124,2,1,1,0
1125,3,1,1,0
1126,6,1,1,0
1127,3,1,1,0
1128,4,1,1,0
1129,3,1,1,0
1130,6,1,1,0
1131,9,1,1,0
1132,3,1,1,0
1133,1,1,1,0
1134,1,1,1,0
1135,3,1,1,0
1136,3,1,1,0
1137,3,1,1,0
1138,11,1,1,0
1139,5,1,1,0
1140,4,1,1,0
1141,5,1,1,0
1142,13,1,1,0
1143,1,1,1,0
1144,2,1,1,0
1145,8,1,1,0
1146,4,1,1,0
1147,4,1,1,0
1148,14,1,1,0
1149,4,1,1,0
1150,1,1,1,0
1151,1,1,1,0
1152,2,1,1,0
1153,9,1,1,0
1154,2,1,1,0
1155,1,1,1,0
1156,8,1,1,0
1157,5,1,1,0
1158,2,1,1,0
1159,8,1,1,0
1160,1,1,1,0
1161,3,1,1,0
1162,1,1,1,0
1163,10,1,1,0
1164,5,1,1,0
1165,1,1,1,0
1166,2,1,1,0
1167,1,1,1,0
1168,2,1,1,0
1169,3,1,1,0
1170,2,1,1,0
1171,2,1,1,0
1172,2,1,1,0
1173,3,1,1,0
1174,2,1,1,0
1175,4,1,1,0
1176,6,1,1,0
1177,4,1,1,0
1178,10,1,1,0
1179,7,1,1,0
1180,1,1,1,0
1181,2,1,1,0
1182,2,1,1,0
1183,1,1,1,0
1184,1,1,1,0
1185,1,1,1,0
1186,5,1,1,0
1187,2,1,1,0
1188,1,1,1,0
1189,2,1,1,0
1190,3,1,1,0
1191,2,1,1,0
1192,2,1,1,0
1193,1,1,1,0
1194,6,1,1,0
1195,4,1,1,0
1196,4,1,1,0
1197,1,1,1,0
1198,2,1,1,0
1199,2,1,1,0
1200,1,1,1,0
1201,1,1,1,0
1202,7,1,1,0
1203,1,1,1,0
1204,5,1,1,0
1205,6,1,1,0
1206,2,1,1,0
1207,1,1,1,0
1208,1,1,1,0
1209,5,1,1,0
1210,2,1,1,0
1211,4,1,1,0
1212,5,1,1,0
1213,8,1,1,0
1214,4,1,1,0
1215,3,1,1,0
1216,1,1,1,0
1217,2,1,1,0
1218,9,1,1,0
1219,6,1,1,0
1220,3,1,1,0
1221,5,1,1,0
1222,4,1,1,0
1223,2,1,1,0
1224,3,1,1,0
1225,3,1,1,0
1226,5,1,1,0
1227,3,1,1,0
1228,4,1,1,0
1229,2,1,1,0
1230,2,1,1,0
1231,1,1,1,0
1232,3,1,1,0
1233,5,1,1,0
1234,5,1,1,0
1235,7,1,1,0
1236,4,1,1,0
1237,1,1,1,0
1238,3,1,1,0
1239,3,1,1,0
1240,3,1,1,0
1241,8,1,1,0
1242,5,1,1,0
1243,4,1,1,0
1244,2,1,1,0
1245,2,1,1,0
1246,5,1,1,0
1247,1,1,1,0
1248,1,1,1,0
1249,1,1,1,0
1250,2,1,1,0
1251,2,1,1,0
1252,5,1,1,0
1253,5,1,1,0
1254,7,1,1,0
1255,7,1,1,0
1256,3,1,1,0
1257,5,1,1,0
1258,1,1,1,0
1259,1,1,1,0
1260,2,1,1,0
1261,2,1,1,0
1262,1,1,1,0
1263,1,1,1,0
1264,1,1,1,0
1265,4,1,1,0
1266,3,1,1,0
1267,2,1,1,0
1268,6,1,1,0
1269,1,1,1,0
1270,1,1,1,0
1271,2,1,1,0
1272,6,1,1,0
1273,6,1,1,0
1274,1,1,1,0
1275,6,1,1,0
1276,7,1,1,0
1277,2,1,1,0
1278,2,1,1,0
1279,1,1,1,0
1280,1,1,1,0
1281,3,1,1,0
1282,3,1,1,0
1283,10,1,1,0
1284,3,1,1,0
1285,5,1,1,0
1286,1,1,1,0
1287,5,1,1,0
1288,2,1,1,0
1289,1,1,1,0
1290,2,1,1,0
1291,1,1,1,0
1292,3,1,1,0
1293,8,1,1,0
1294,1,1,1,0
1295,6,1,1,0
1296,2,1,1,0
1297,4,1,1,0
1298,6,1,1,0
1299,2,1,1,0
1300,2,1,1,0
1301,3,1,1,0
1302,3,1,1,0
1303,1,1,1,0
1304,6,1,1,0
1305,1,1,1,0
1306,2,1,1,0
1307,4,1,1,0
1308,2,1,1,0
1309,1,1,1,0
1310,7,1,1,0
1311,4,1,1,0
1312,3,1,1,0
1313,2,1,1,0
1314,2,1,1,0
1315,6,1,1,0
1316,3,1,1,0
1317,1,1,1,0
1318,3,1,1,0
1319,3,1,1,0
1320,1,1,1,0
1321,1,1,1,0
1322,7,1,1,0
1323,4,1,1,0
1324,1,1,1,0
1325,11,1,1,0
1326,1,1,1,0
1327,8,1,1,0
1328,3,1,1,0
1329,4,1,1,0
1330,2,1,1,0
1331,3,1,1,0
1332,2,1,1,0
1333,12,1,1,0
1334,6,1,1,0
1335,1,1,1,0
1336,16,1,1,0
1337,1,1,1,0
1338,5,1,1,0
1339,8,1,1,0
1340,3,1,1,0
1341,2,1,1,0
1342,2,1,1,0
1343,1,1,1,0
1344,2,1,1,0
1345,1,1,1,0
1346,3,1,1,0
1347,2,1,1,0
1348,7,1,1,0
1349,2,1,1,0
1350,6,1,1,0
1351,2,1,1,0
1352,5,1,1,0
1353,2,1,1,0
1354,2,1,1,0
1355,7,1,1,0
1356,2,1,1,0
1357,1,1,1,0
1358,12,1,1,0
1359,3,1,1,0
1360,11,1,1,0
1361,1,1,1,0
1362,6,1,1,0
1363,3,1,1,0
1364,1,1,1,0
1365,1,1,1,0
1366,7,1,1,0
1367,5,1,1,0
1368,5,1,1,0
1369,3,1,1,0
1370,3,1,1,0
1371,1,1,1,0
1372,6,1,1,0
1373,1,1,1,0
1374,3,1,1,0
1375,3,1,1,0
1376,1,1,1,0
1377,2,1,1,0
1378,6,1,1,0
1379,8,1,1,0
1380,1,1,1,0
1381,4,1,1,0
1382,1,1,1,0
1383,5,1,1,0
1384,3,1,1,0
1385,2,1,1,0
1386,2,1,1,0
1387,1,1,1,0
1388,2,1,1,0
1389,1,1,1,0
1390,1,1,1,0
1391,6,1,1,0
1392,2,1,1,0
1393,5,1,1,0
1394,1,1,1,0
1395,4,1,1,0
1396,7,1,1,0
1397,1,1,1,0
1398,3,1,1,0
1399,3,1,1,0
1400,3,1,1,0
1401,1,1,1,0
1402,2,1,1,0
1403,1,1,1,0
1404,1,1,1,0
1405,3,1,1,0
1406,5,1,1,0
1407,5,1,1,0
1408,3,1,1,0
1409,4,1,1,0
1410,2,1,1,0
1411,1,1,1,0
1412,9,1,1,0
1413,3,1,1,0
1414,3,1,1,0
1415,3,1,1,0
1416,2,1,1,0
1417,1,1,1,0
1418,6,1,1,0
1419,2,1,1,0
1420,5,1,1,0
1421,4,1,1,0
1422,2,1,1,0
1423,1,1,1,0
1424,4,1,1,0
1425,1,1,1,0
1426,5,1,1,0
1427,2,1,1,0
1428,1,1,1,0
1429,1,1,1,0
1430,1,1,1,0
1431,2,1,1,0
1432,4,1,1,0
1433,1,1,1,0
1434,6,1,1,0
1435,1,1,1,0
1436,3,1,1,0
1437,1,1,1,0
1438,1,1,1,0
1439,6,1,1,0
1440,3,1,1,0
1441,8,1,1,0
1442,12,1,1,0
1443,1,1,1,0
1444,3,1,1,0
1445,4,1,1,0
1446,2,1,1,0
1447,2,1,1,0
1448,4,1,1,0
1449,1,1,1,0
1450,3,1,1,0
1451,1,1,1,0
1452,4,1,1,0
1453,1,1,1,0
1454,2,1,1,0
1455,1,1,1,0
1456,4,1,1,0
1457,8,1,1,0
1458,1,1,1,0
1459,11,1,1,0
1460,3,1,1,0
1461,5,1,1,0
1462,4,1,1,0
1463,2,1,1,0
1464,2,1,1,0
1465,4,1,1,0
1466,2,1,1,0
1467,3,1,1,0
1468,1,1,1,0
1469,2,1,1,0
1470,4,1,1,0
1471,5,1,1,0
1472,1,1,1,0
1473,1,1,1,0
1474,2,1,1,0
1475,2,1,1,0
1476,3,1,1,0
1477,4,1,1,0
1478,4,1,1,0
1479,3,1,1,0
1480,5,1,1,0
1481,5,1,1,0
1482,6,1,1,0
1483,4,1,1,0
1484,1,1,1,0
1485,7,1,1,0
1486,1,1,1,0
1487,6,1,1,0
1488,2,1,1,0
1489,7,1,1,0
1490,4,1,1,0
1491,5,1,1,0
1492,1,1,1,0
1493,2,1,1,0
1494,5,1,1,0
1495,6,1,1,0
1496,3,1,1,0
1497,8,1,1,0
1498,4,1,1,0
1499,1,1,1,0
1500,1,1,1,0
1501,2,1,1,0
1502,2,1,1,0
1503,5,1,1,0
1504,1,1,1,0
1505,2,1,1,0
1506,2,1,1,0
1507,6,1,1,0
1508,2,1,1,0
1509,9,1,1,0
1510,9,1,1,0
1511,2,1,1,0
1512,10,1,1,0
1513,1,1,1,0
1514,8,1,1,0
1515,12,1,1,0
1516,1,1,1,0
1517,10,1,1,0
1518,2,1,1,0
1519,2,1,1,0
1520,3,1,1,0
1521,2,1,1,0
1522,5,1,1,0
1523,4,1,1,0
1524,1,1,1,0
1525,6,1,1,0
1526,1,1,1,0
1527,3,1,1,0
1528,3,1,1,0
1529,6,1,1,0
1530,1,1,1,0
1531,5,1,1,0
1532,5,1,1,0
1533,3,1,1,0
1534,3,1,1,0
1535,1,1,1,0
1536,2,1,1,0
1537,2,1,1,0
1538,1,1,1,0
1539,1,1,1,0
1540,2,1,1,0
1541,11,1,1,0
1542,5,1,1,0
1543,5,1,1,0
1544,3,1,1,0
1545,1,1,1,0
1546,7,1,1,0
1547,3,1,1,0
1548,2,1,1,0
1549,8,1,1,0
1550,2,1,1,0
1551,1,1,1,0
1552,2,1,1,0
1553,2,1,1,0
1554,4,1,1,0
1555,1,1,1,0
1556,10,1,1,0
1557,2,1,1,0
1558,2,1,1,0
1559,2,1,1,0
1560,2,1,1,0
1561,5,1,1,0
1562,8,1,1,0
1563,5,1,1,0
1564,2,1,1,0
1565,10,1,1,0
1566,2,1,1,0
1567,2,1,1,0
1568,11,1,1,0
1569,1,1,1,0
1570,1,1,1,0
1571,11,1,1,0
1572,12,1,1,0
1573,2,1,1,0
1574,4,1,1,0
1575,8,1,1,0
1576,2,1,1,0
1577,1,1,1,0
1578,1,1,1,0
1579,1,1,1,0
1580,3,1,1,0
1581,4,1,1,0
1582,3,1,1,0
1583,10,1,1,0
1584,3,1,1,0
1585,6,1,1,0
1586,3,1,1,0
1587,3,1,1,0
1588,1,1,1,0
1589,1,1,1,0
1590,10,1,1,0
1591,3,1,1,0
1592,1,1,1,0
1593,12,1,1,0
1594,5,1,1,0
1595,2,1,1,0
1596,4,1,1,0
1597,1,1,1,0
1598,2,1,1,0
1599,4,1,1,0
1600,1,1,1,0
1601,3,1,1,0
1602,4,1,1,0
1603,12,1,1,0
1604,1,1,1,0
1605,4,1,1,0
1606,1,1,1,0
1607,1,1,1,0
1608,5,1,1,0
1609,2,1,1,0
1610,1,1,1,0
1611,6,1,1,0
1612,8,1,1,0
1613,2,1,1,0
1614,4,1,1,0
1615,1,1,1,0
1616,1,1,1,0
1617,1,1,1,0
1618,2,1,1,0
1619,5,1,1,0
1620,3,1,1,0
1621,6,1,1,0
1622,2,1,1,0
1623,2,1,1,0
1624,16,1,1,0
1625,2,1,1,0
1626,5,1,1,0
1627,1,1,1,0
1628,5,1,1,0
1629,4,1,1,0
1630,3,1,1,0
1631,6,1,1,0
1632,1,1,1,0
1633,4,1,1,0
1634,1,1,1,0
1635,3,1,1,0
1636,1,1,1,0
1637,3,1,1,0
1638,1,1,1,0
1639,5,1,1,0
1640,1,1,1,0
1641,1,1,1,0
1642,1,1,1,0
1643,3,1,1,0
1644,4,1,1,0
1645,7,1,1,0
1646,5,1,1,0
1647,3,1,1,0
1648,3,1,1,0
1649,6,1,1,0
1650,1,1,1,0
1651,5,1,1,0
1652,1,1,1,0
1653,5,1,1,0
1654,16,1,1,0
1655,2,1,1,0
1656,1,1,1,0
1657,3,1,1,0
1658,2,1,1,0
1659,3,1,1,0
1660,1,1,1,0
1661,6,1,1,0
1662,3,1,1,0
1663,1,1,1,0
1664,6,1,1,0
1665,3,1,1,0
1666,2,1,1,0
1667,1,1,1,0
1668,10,1,1,0
1669,2,1,1,0
1670,1,1,1,0
1671,1,1,1,0
1672,6,1,1,0
1673,1,1,1,0
1674,3,1,1,0
1675,6,1,1,0
1676,7,1,1,0
1677,3,1,1,0
1678,3,1,1,0
1679,5,1,1,0
1680,5,1,1,0
1681,1,1,1,0
1682,2,1,1,0
1683,2,1,1,0
1684,3,1,1,0
1685,10,1,1,0
1686,1,1,1,0
1687,3,1,1,0
1688,6,1,1,0
1689,3,1,1,0
1690,5,1,1,0
1691,2,1,1,0
1692,1,1,1,0
1693,1,1,1,0
1694,5,1,1,0
1695,1,1,1,0
1696,2,1,1,0
1697,1,1,1,0
1698,7,1,1,0
1699,1,1,1,0
1700,13,1,1,0
1701,1,1,1,0
1702,11,1,1,0
1703,1,1,1,0
1704,2,1,1,0
1705,6,1,1,0
1706,5,1,1,0
1707,2,1,1,0
1708,1,1,1,0
1709,1,1,1,0
1710,2,1,1,0
1711,3,1,1,0
1712,1,1,1,0
1713,1,1,1,0
1714,2,1,1,0
1715,1,1,1,0
1716,1,1,1,0
1717,2,1,1,0
1718,10,1,1,0
1719,14,1,1,0
1720,2,1,1,0
1721,1,1,1,0
1722,3,1,1,0
1723,2,1,1,0
1724,8,1,1,0
1725,3,1,1,0
1726,2,1,1,0
1727,3,1,1,0
1728,3,1,1,0
1729,2,1,1,0
1730,3,1,1,0
1731,7,1,1,0
1732,9,1,1,0
1733,1,1,1,0
1734,1,1,1,0
1735,2,1,1,0
1736,5,1,1,0
1737,1,1,1,0
1738,1,1,1,0
1739,8,1,1,0
1740,1,1,1,0
1741,1,1,1,0
1742,5,1,1,0
1743,2,1,1,0
1744,8,1,1,0
1745,12,1,1,0
1746,5,1,1,0
1747,3,1,1,0
1748,7,1,1,0
1749,3,1,1,0
1750,6,1,1,0
1751,4,1,1,0
1752,6,1,1,0
1753,15,1,1,0
1754,1,1,1,0
1755,7,1,1,0
1756,4,1,1,0
1757,2,1,1,0
1758,4,1,1,0
1759,8,1,1,0
1760,1,1,1,0
1761,1,1,1,0
1762,1,1,1,0
1763,1,1,1,0
1764,2,1,1,0
1765,11,1,1,0
1766,1,1,1,0
1767,7,1,1,0
1768,1,1,1,0
1769,2,1,1,0
1770,4,1,1,0
1771,6,1,1,0
1772,6,1,1,0
1773,7,1,1,0
1774,3,1,1,0
1775,1,1,1,0
1776,1,1,1,0
1777,2,1,1,0
1778,2,1,1,0
1779,10,1,1,0
1780,9,1,1,0
1781,2,1,1,0
1782,6,1,1,0
1783,3,1,1,0
1784,1,1,1,0
1785,1,1,1,0
1786,4,1,1,0
1787,3,1,1,0
1788,3,1,1,0
1789,1,1,1,0
1790,1,1,1,0
1791,2,1,1,0
1792,6,1,1,0
1793,7,1,1,0
1794,1,1,1,0
1795,7,1,1,0
1796,3,1,1,0
1797,8,1,1,0
1798,3,1,1,0
1799,2,1,1,0
1800,5,1,1,0
1801,5,1,1,0
1802,11,1,1,0
1803,2,1,1,0
1804,3,1,1,0
1805,2,1,1,0
1806,1,1,1,0
1807,2,1,1,0
1808,2,1,1,0
1809,4,1,1,0
1810,4,1,1,0
1811,7,1,1,0
1812,1,1,1,0
1813,4,1,1,0
1814,1,1,1,0
1815,1,1,1,0
1816,3,1,1,0
1817,11,1,1,0
1818,3,1,1,0
1819,7,1,1,0
1820,5,1,1,0
1821,10,1,1,0
1822,2,1,1,0
1823,5,1,1,0
1824,2,1,1,0
1825,1,1,1,0
1826,2,1,1,0
1827,7,1,1,0
1828,1,1,1,0
1829,2,1,1,0
1830,1,1,1,0
1831,7,1,1,0
1832,6,1,1,0
1833,1,1,1,0
1834,1,1,1,0
1835,4,1,1,0
1836,1,1,1,0
1837,5,1,1,0
1838,2,1,1,0
1839,8,1,1,0
1840,1,1,1,0
1841,1,1,1,0
1842,1,1,1,0
1843,2,1,1,0
1844,2,1,1,0
1845,1,1,1,0
1846,2,1,1,0
1847,1,1,1,0
1848,3,1,1,0
1849,5,1,1,0
1850,3,1,1,0
1851,2,1,1,0
1852,2,1,1,0
1853,5,1,1,0
1854,4,1,1,0
1855,11,1,1,0
1856,3,1,1,0
1857,12,1,1,0
1858,10,1,1,0
1859,4,1,1,0
1860,2,1,1,0
1861,2,1,1,0
1862,1,1,1,0
1863,9,1,1,0
1864,6,1,1,0
1865,3,1,1,0
1866,2,1,1,0
1867,7,1,1,0
1868,11,1,1,0
1869,5,1,1,0
1870,3,1,1,0
1871,5,1,1,0
1872,2,1,1,0
1873,5,1,1,0
1874,5,1,1,0
1875,4,1,1,0
1876,1,1,1,0
1877,3,1,1,0
1878,2,1,1,0
1879,7,1,1,0
1880,1,1,1,0
1881,3,1,1,0
1882,2,1,1,0
1883,3,1,1,0
1884,4,1,1,0
1885,4,1,1,0
1886,1,1,1,0
1887,7,1,1,0
1888,6,1,1,0
1889,3,1,1,0
1890,1,1,1,0
1891,1,1,1,0
1892,6,1,1,0
1893,1,1,1,0
1894,2,1,1,0
1895,2,1,1,0
1896,5,1,1,0
1897,1,1,1,0
1898,2,1,1,0
1899,1,1,1,0
1900,1,1,1,0
1901,3,1,1,0
1902,8,1,1,0
1903,4,1,1,0
1904,2,1,1,0
1905,7,1,1,0
1906,1,1,1,0
1907,3,1,1,0
1908,3,1,1,0
1909,2,1,1,0
1910,2,1,1,0
1911,2,1,1,0
1912,2,1,1,0
1913,2,1,1,0
1914,5,1,1,0
1915,2,1,1,0
1916,4,1,1,0
1917,7,1,1,0
1918,10,1,1,0
1919,10,1,1,0
1920,3,1,1,0
1921,4,1,1,0
1922,3,1,1,0
1923,2,1,1,0
1924,1,1,1,0
1925,4,1,1,0
1926,2,1,1,0
1927,3,1,1,0
1928,1,1,1,0
1929,7,1,1,0
1930,1,1,1,0
1931,1,1,1,0
1932,7,1,1,0
1933,2,1,1,0
1934,4,1,1,0
1935,3,1,1,0
1936,2,1,1,0
1937,3,1,1,0
1938,1,1,1,0
1939,3,1,1,0
1940,5,1,1,0
1941,1,1,1,0
1942,2,1,1,0
1943,1,1,1,0
1944,2,1,1,0
1945,2,1,1,0
1946,2,1,1,0
1947,8,1,1,0
1948,6,1,1,0
1949,1,1,1,0
1950,16,1,1,0
1951,1,1,1,0
1952,1,1,1,0
1953,2,1,1,0
1954,2,1,1,0
1955,3,1,1,0
1956,4,1,1,0
1957,5,1,1,0
1958,1,1,1,0
1959,5,1,1,0
1960,1,1,1,0
1961,10,1,1,0
1962,2,1,1,0
1963,1,1,1,0
1964,2,1,1,0
1965,10,1,1,0
1966,2,1,1,0
1967,2,1,1,0
1968,3,1,1,0
1969,4,1,1,0
1970,1,1,1,0
1971,8,1,1,0
1972,6,1,1,0
1973,7,1,1,0
1974,2,1,1,0
1975,4,1,1,0
1976,2,1,1,0
1977,1,1,1,0
1978,3,1,1,0
1979,5,1,1,0
1980,2,1,1,0
1981,2,1,1,0
1982,4,1,1,0
1983,8,1,1,0
1984,4,1,1,0
1985,2,1,1,0
1986,3,1,1,0
1987,5,1,1,0
1988,2,1,1,0
1989,1,1,1,0
1990,2,1,1,0
1991,1,1,1,0
1992,6,1,1,0
1993,2,1,1,0
1994,3,1,1,0
1995,8,1,1,0
1996,1,1,1,0
1997,5,1,1,0
1998,1,1,1,0
1999,2,1,1,0
2000,1,1,1,0
2001,5,1,1,0
2002,1,1,1,0
2003,6,1,1,0
2004,6,1,1,0
2005,1,1,1,0
2006,1,1,1,0
2007,1,1,1,0
2008,7,1,1,0
2009,16,1,1,0
2010,5,1,1,0
2011,3,1,1,0
2012,3,1,1,0
2013,3,1,1,0
2014,8,1,1,0
2015,3,1,1,0
2016,4,1,1,0
2017,2,1,1,0
2018,1,1,1,0
2019,4,1,1,0
2020,6,1,1,0
2021,2,1,1,0
2022,3,1,1,0
2023,6,1,1,0
2024,6,1,1,0
2025,4,1,1,0
2026,1,1,1,0
2027,2,1,1,0
2028,6,1,1,0
2029,4,1,1,0
2030,7,1,1,0
2031,6,1,1,0
2032,2,1,1,0
2033,2,1,1,0
2034,5,1,1,0
2035,1,1,1,0
2036,5,1,1,0
2037,5,1,1,0
2038,5,1,1,0
2039,1,1,1,0
2040,5,1,1,0
2041,2,1,1,0
2042,3,1,1,0
2043,2,1,1,0
2044,3,1,1,0
2045,5,1,1,0
2046,2,1,1,0
2047,1,1,1,0
2048,2,1,1,0
2049,2,1,1,0
2050,1,1,1,0
2051,1,1,1,0
2052,3,1,1,0
2053,4,1,1,0
2054,9,1,1,0
2055,1,1,1,0
2056,3,1,1,0
2057,2,1,1,0
2058,3,1,1,0
2059,3,1,1,0
2060,6,1,1,0
2061,8,1,1,0
2062,1,1,1,0
2063,2,1,1,0
2064,1,1,1,0
2065,15,1,1,0
2066,2,1,1,0
2067,3,1,1,0
2068,1,1,1,0
2069,2,1,1,0
2070,6,1,1,0
2071,4,1,1,0
2072,6,1,1,0
2073,3,1,1,0
2074,4,1,1,0
2075,1,1,1,0
2076,6,1,1,0
2077,9,1,1,0
2078,3,1,1,0
2079,1,1,1,0
2080,1,1,1,0
2081,5,1,1,0
2082,6,1,1,0
2083,3,1,1,0
2084,2,1,1,0
2085,3,1,1,0
2086,1,1,1,0
2087,10,1,1,0
2088,9,1,1,0
2089,1,1,1,0
2090,3,1,1,0
2091,4,1,1,0
2092,4,1,1,0
2093,3,1,1,0
2094,1,1,1,0
2095,6,1,1,0
2096,3,1,1,0
2097,1,1,1,0
2098,4,1,1,0
2099,3,1,1,0
2100,4,1,1,0
2101,1,1,1,0
2102,3,1,1,0
2103,6,1,1,0
2104,1,1,1,0
2105,3,1,1,0
2106,1,1,1,0
2107,23,1,1,0
2108,2,1,1,0
2109,16,1,1,0
2110,4,1,1,0
2111,2,1,1,0
2112,1,1,1,0
2113,1,1,1,0
2114,3,1,1,0
2115,2,1,1,0
2116,1,1,1,0
2117,8,1,1,0
2118,15,1,1,0
2119,2,1,1,0
2120,3,1,1,0
2121,6,1,1,0
2122,1,1,1,0
2123,12,1,1,0
2124,3,1,1,0
2125,1,1,1,0
2126,1,1,1,0
2127,3,1,1,0
2128,3,1,1,0
2129,2,1,1,0
2130,4,1,1,0
2131,4,1,1,0
2132,5,1,1,0
2133,1,1,1,0
2134,6,1,1,0
2135,2,1,1,0
2136,12,1,1,0
2137,6,1,1,0
2138,6,1,1,0
2139,6,1,1,0
2140,1,1,1,0
2141,8,1,1,0
2142,3,1,1,0
2143,9,1,1,0
2144,5,1,1,0
2145,12,1,1,0
2146,7,1,1,0
2147,3,1,1,0
2148,1,1,1,0
2149,2,1,1,0
2150,5,1,1,0
2151,5,1,1,0
2152,3,1,1,0
2153,9,1,1,0
2154,4,1,1,0
2155,4,1,1,0
2156,3,1,1,0
2157,2,1,1,0
2158,4,1,1,0
2159,2,1,1,0
2160,4,1,1,0
2161,1,1,1,0
2162,4,1,1,0
2163,5,1,1,0
2164,5,1,1,0
2165,2,1,1,0
2166,1,1,1,0
2167,18,1,1,0
2168,7,1,1,0
2169,5,1,1,0
2170,3,1,1,0
2171,2,1,1,0
2172,3,1,1,0
2173,5,1,1,0
2174,5,1,1,0
2175,1,1,1,0
2176,9,1,1,0
2177,7,1,1,0
2178,6,1,1,0
2179,2,1,1,0
2180,3,1,1,0
2181,2,1,1,0
2182,6,1,1,0
2183,1,1,1,0
2184,4,1,1,0
2185,4,1,1,0
2186,1,1,1,0
2187,1,1,1,0
2188,8,1,1,0
2189,1,1,1,0
2190,1,1,1,0
2191,1,1,1,0
2192,2,1,1,0
2193,1,1,1,0
2194,2,1,1,0
2195,2,1,1,0
2196,3,1,1,0
2197,5,1,1,0
2198,4,1,1,0
2199,1,1,1,0
2200,7,1,1,0
2201,1,1,1,0
2202,9,1,1,0
2203,1,1,1,0
2204,8,1,1,0
2205,15,1,1,0
2206,4,1,1,0
2207,2,1,1,0
2208,3,1,1,0
2209,9,1,1,0
2210,3,1,1,0
2211,3,1,1,0
2212,1,1,1,0
2213,1,1,1,0
2214,11,1,1,0
2215,2,1,1,0
2216,2,1,1,0
2217,2,1,1,0
2218,2,1,1,0
2219,2,1,1,0
2220,1,1,1,0
2221,8,1,1,0
2222,7,1,1,0
2223,9,1,1,0
2224,2,1,1,0
2225,2,1,1,0
2226,2,1,1,0
2227,1,1,1,0
2228,2,1,1,0
2229,2,1,1,0
2230,2,1,1,0
2231,3,1,1,0
2232,4,1,1,0
2233,1,1,1,0
2234,9,1,1,0
2235,1,1,1,0
2236,3,1,1,0
2237,1,1,1,0
2238,4,1,1,0
2239,2,1,1,0
2240,16,1,1,0
2241,2,1,1,0
2242,5,1,1,0
2243,3,1,1,0
2244,4,1,1,0
2245,1,1,1,0
2246,4,1,1,0
2247,1,1,1,0
2248,7,1,1,0
2249,3,1,1,0
2250,2,1,1,0
2251,1,1,1,0
2252,4,1,1,0
2253,1,1,1,0
2254,1,1,1,0
2255,1,1,1,0
2256,5,1,1,0
2257,4,1,1,0
2258,7,1,1,0
2259,5,1,1,0
2260,1,1,1,0
2261,7,1,1,0
2262,4,1,1,0
2263,1,1,1,0
2264,1,1,1,0
2265,1,1,1,0
2266,4,1,1,0
2267,2,1,1,0
2268,1,1,1,0
2269,14,1,1,0
2270,1,1,1,0
2271,1,1,1,0
2272,3,1,1,0
2273,1,1,1,0
2274,5,1,1,0
2275,9,1,1,0
2276,2,1,1,0
2277,2,1,1,0
2278,1,1,1,0
2279,7,1,1,0
2280,1,1,1,0
2281,8,1,1,0
2282,9,1,1,0
2283,1,1,1,0
2284,1,1,1,0
2285,2,1,1,0
2286,3,1,1,0
2287,14,1,1,0
2288,1,1,1,0
2289,7,1,1,0
2290,1,1,1,0
2291,1,1,1,0
2292,2,1,1,0
2293,2,1,1,0
2294,3,1,1,0
2295,7,1,1,0
2296,3,1,1,0
2297,8,1,1,0
2298,9,1,1,0
2299,3,1,1,0
2300,8,1,1,0
2301,1,1,1,0
2302,1,1,1,0
2303,3,1,1,0
2304,1,1,1,0
2305,6,1,1,0
2306,11,1,1,0
2307,4,1,1,0
2308,4,1,1,0
2309,1,1,1,0
2310,1,1,1,0
2311,1,1,1,0
2312,4,1,1,0
2313,9,1,1,0
2314,1,1,1,0
2315,1,1,1,0
2316,2,1,1,0
2317,3,1,1,0
2318,1,1,1,0
2319,4,1,1,0
2320,3,1,1,0
2321,6,1,1,0
2322,7,1,1,0
2323,7,1,1,0
2324,1,1,1,0
2325,1,1,1,0
2326,3,1,1,0
2327,5,1,1,0
2328,3,1,1,0
2329,1,1,1,0
2330,5,1,1,0
2331,2,1,1,0
2332,4,1,1,0
2333,3,1,1,0
2334,3,1,1,0
2335,8,1,1,0
2336,1,1,1,0
2337,1,1,1,0
2338,1,1,1,0
2339,6,1,1,0
2340,5,1,1,0
2341,11,1,1,0
2342,3,1,1,0
2343,6,1,1,0
2344,1,1,1,0
2345,4,1,1,0
2346,2,1,1,0
2347,1,1,1,0
2348,2,1,1,0
2349,11,1,1,0
2350,1,1,1,0
2351,3,1,1,0
2352,3,1,1,0
2353,3,1,1,0
2354,2,1,1,0
2355,1,1,1,0
2356,2,1,1,0
2357,1,1,1,0
2358,6,1,1,0
2359,1,1,1,0
2360,2,1,1,0
2361,2,1,1,0
2362,4,1,1,0
2363,2,1,1,0
2364,1,1,1,0
2365,11,1,1,0
2366,3,1,1,0
2367,3,1,1,0
2368,3,1,1,0
2369,5,1,1,0
2370,7,1,1,0
2371,1,1,1,0
2372,1,1,1,0
2373,1,1,1,0
2374,6,1,1,0
2375,4,1,1,0
2376,3,1,1,0
2377,1,1,1,0
2378,5,1,1,0
2379,1,1,1,0
2380,4,1,1,0
2381,1,1,1,0
2382,2,1,1,0
2383,6,1,1,0
2384,1,1,1,0
2385,1,1,1,0
2386,9,1,1,0
2387,2,1,1,0
2388,3,1,1,0
2389,4,1,1,0
2390,4,1,1,0
2391,1,1,1,0
2392,5,1,1,0
2393,2,1,1,0
2394,3,1,1,0
2395,9,1,1,0
2396,3,1,1,0
2397,10,1,1,0
2398,4,1,1,0
2399,2,1,1,0
2400,3,1,1,0
2401,2,1,1,0
2402,3,1,1,0
2403,1,1,1,0
2404,2,1,1,0
2405,6,1,1,0
2406,6,1,1,0
2407,4,1,1,0
2408,9,1,1,0
2409,1,1,1,0
2410,2,1,1,0
2411,2,1,1,0
2412,1,1,1,0
2413,6,1,1,0
2414,1,1,1,0
2415,3,1,1,0
2416,3,1,1,0
2417,2,1,1,0
2418,1,1,1,0
2419,2,1,1,0
2420,4,1,1,0
2421,4,1,1,0
2422,5,1,1,0
2423,4,1,1,0
2424,3,1,1,0
2425,1,1,1,0
2426,2,1,1,0
2427,1,1,1,0
2428,3,1,1,0
2429,1,1,1,0
2430,1,1,1,0
2431,4,1,1,0
2432,1,1,1,0
2433,5,1,1,0
2434,7,1,1,0
2435,3,1,1,0
2436,10,1,1,0
2437,8,1,1,0
2438,1,1,1,0
2439,4,1,1,0
2440,8,1,1,0
2441,4,1,1,0
2442,4,1,1,0
2443,3,1,1,0
2444,14,1,1,0
2445,1,1,1,0
2446,7,1,1,0
2447,3,1,1,0
2448,2,1,1,0
2449,3,1,1,0
2450,1,1,1,0
2451,1,1,1,0
2452,3,1,1,0
2453,5,1,1,0
2454,4,1,1,0
2455,2,1,1,0
2456,6,1,1,0
2457,3,1,1,0
2458,2,1,1,0
2459,3,1,1,0
2460,4,1,1,0
2461,7,1,1,0
2462,4,1,1,0
2463,2,1,1,0
2464,11,1,1,0
2465,3,1,1,0
2466,2,1,1,0
2467,1,1,1,0
2468,2,1,1,0
2469,3,1,1,0
2470,8,1,1,0
2471,3,1,1,0
2472,2,1,1,0
2473,4,1,1,0
2474,1,1,1,0
2475,2,1,1,0
2476,4,1,1,0
2477,1,1,1,0
2478,1,1,1,0
2479,3,1,1,0
2480,1,1,1,0
2481,1,1,1,0
2482,1,1,1,0
2483,1,1,1,0
2484,6,1,1,0
2485,5,1,1,0
2486,5,1,1,0
2487,3,1,1,0
2488,1,1,1,0
2489,2,1,1,0
2490,1,1,1,0
2491,3,1,1,0
2492,1,1,1,0
2493,5,1,1,0
2494,1,1,1,0
2495,1,1,1,0
2496,1,1,1,0
2497,2,1,1,0
2498,6,1,1,0
2499,1,1,1,0
2500,6,1,1,0
2501,5,1,1,0
2502,3,1,1,0
2503,4,1,1,0
2504,1,1,1,0
2505,7,1,1,0
2506,2,1,1,0
2507,5,1,1,0
2508,1,1,1,0
2509,2,1,1,0
2510,4,1,1,0
2511,7,1,1,0
2512,7,1,1,0
2513,5,1,1,0
2514,2,1,1,0
2515,3,1,1,0
2516,4,1,1,0
2517,9,1,1,0
2518,3,1,1,0
2519,2,1,1,0
2520,4,1,1,0
2521,3,1,1,0
2522,1,1,1,0
2523,3,1,1,0
2524,2,1,1,0
2525,5,1,1,0
2526,1,1,1,0
2527,1,1,1,0
2528,4,1,1,0
2529,2,1,1,0
2530,4,1,1,0
2531,7,1,1,0
2532,2,1,1,0
2533,10,1,1,0
2534,1,1,1,0
2535,5,1,1,0
2536,3,1,1,0
2537,7,1,1,0
2538,3,1,1,0
2539,1,1,1,0
2540,2,1,1,0
2541,1,1,1,0
2542,3,1,1,0
2543,5,1,1,0
2544,9,1,1,0
2545,3,1,1,0
2546,3,1,1,0
2547,1,1,1,0
2548,3,1,1,0
2549,3,1,1,0
2550,8,1,1,0
2551,2,1,1,0
2552,3,1,1,0
2553,3,1,1,0
2554,1,1,1,0
2555,1,1,1,0
2556,9,1,1,0
2557,5,1,1,0
2558,8,1,1,0
2559,1,1,1,0
2560,1,1,1,0
2561,3,1,1,0
2562,9,1,1,0
2563,1,1,1,0
2564,5,1,1,0
2565,1,1,1,0
2566,1,1,1,0
2567,11,1,1,0
2568,1,1,1,0
2569,8,1,1,0
2570,3,1,1,0
2571,3,1,1,0
2572,4,1,1,0
2573,1,1,1,0
2574,3,1,1,0
2575,1,1,1,0
2576,1,1,1,0
2577,14,1,1,0
2578,2,1,1,0
2579,7,1,1,0
2580,4,1,1,0
2581,8,1,1,0
2582,5,1,1,0
2583,8,1,1,0
2584,1,1,1,0
2585,1,1,1,0
2586,1,1,1,0
2587,4,1,1,0
2588,2,1,1,0
2589,3,1,1,0
2590,2,1,1,0
2591,2,1,1,0
2592,8,1,1,0
2593,6,1,1,0
2594,4,1,1,0
2595,2,1,1,0
2596,1,1,1,0
2597,1,1,1,0
2598,6,1,1,0
2599,5,1,1,0
2600,9,1,1,0
2601,1,1,1,0
2602,2,1,1,0
2603,1,1,1,0
2604,4,1,1,0
2605,6,1,1,0
2606,5,1,1,0
2607,3,1,1,0
2608,6,1,1,0
2609,7,1,1,0
2610,2,1,1,0
2611,5,1,1,0
2612,1,1,1,0
2613,3,1,1,0
2614,2,1,1,0
2615,13,1,1,0
2616,1,1,1,0
2617,4,1,1,0
2618,1,1,1,0
2619,1,1,1,0
2620,5,1,1,0
2621,2,1,1,0
2622,4,1,1,0
2623,1,1,1,0
2624,1,1,1,0
2625,1,1,1,0
2626,6,1,1,0
2627,5,1,1,0
2628,11,1,1,0
2629,2,1,1,0
2630,1,1,1,0
2631,7,1,1,0
2632,3,1,1,0
2633,3,1,1,0
2634,3,1,1,0
2635,3,1,1,0
2636,3,1,1,0
2637,1,1,1,0
2638,13,1,1,0
2639,4,1,1,0
2640,3,1,1,0
2641,1,1,1,0
2642,5,1,1,0
2643,6,1,1,0
2644,9,1,1,0
2645,1,1,1,0
2646,3,1,1,0
2647,1,1,1,0
2648,2,1,1,0
2649,3,1,1,0
2650,11,1,1,0
2651,1,1,1,0
2652,2,1,1,0
2653,1,1,1,0
2654,1,1,1,0
2655,1,1,1,0
2656,10,1,1,0
2657,2,1,1,0
2658,6,1,1,0
2659,4,1,1,0
2660,6,1,1,0
2661,3,1,1,0
2662,2,1,1,0
2663,2,1,1,0
2664,3,1,1,0
2665,6,1,1,0
2666,3,1,1,0
2667,2,1,1,0
2668,5,1,1,0
2669,1,1,1,0
2670,8,1,1,0
2671,7,1,1,0
2672,5,1,1,0
2673,3,1,1,0
2674,3,1,1,0
2675,18,1,1,0
2676,1,1,1,0
2677,4,1,1,0
2678,7,1,1,0
2679,1,1,1,0
2680,7,1,1,0
2681,6,1,1,0
2682,5,1,1,0
2683,1,1,1,0
2684,1,1,1,0
2685,1,1,1,0
2686,3,1,1,0
2687,2,1,1,0
2688,1,1,1,0
2689,6,1,1,0
2690,9,1,1,0
2691,1,1,1,0
2692,8,1,1,0
2693,1,1,1,0
2694,2,1,1,0
2695,1,1,1,0
2696,1,1,1,0
2697,1,1,1,0
2698,2,1,1,0
2699,1,1,1,0
2700,4,1,1,0
2701,2,1,1,0
2702,1,1,1,0
2703,6,1,1,0
2704,1,1,1,0
2705,4,1,1,0
2706,7,1,1,0
2707,1,1,1,0
2708,1,1,1,0
2709,3,1,1,0
2710,5,1,1,0
2711,3,1,1,0
2712,2,1,1,0
2713,17,1,1,0
2714,2,1,1,0
2715,3,1,1,0
2716,3,1,1,0
2717,6,1,1,0
2718,2,1,1,0
2719,10,1,1,0
2720,4,1,1,0
2721,2,1,1,0
2722,1,1,1,0
2723,2,1,1,0
2724,1,1,1,0
2725,3,1,1,0
2726,2,1,1,0
2727,1,1,1,0
2728,4,1,1,0
2729,1,1,1,0
2730,3,1,1,0
2731,1,1,1,0
2732,1,1,1,0
2733,3,1,1,0
2734,6,1,1,0
2735,6,1,1,0
2736,3,1,1,0
2737,4,1,1,0
2738,1,1,1,0
2739,1,1,1,0
2740,1,1,1,0
2741,8,1,1,0
2742,7,1,1,0
2743,1,1,1,0
2744,1,1,1,0
2745,2,1,1,0
2746,5,1,1,0
2747,1,1,1,0
2748,2,1,1,0
2749,4,1,1,0
2750,5,1,1,0
2751,3,1,1,0
2752,5,1,1,0
2753,1,1,1,0
2754,7,1,1,0
2755,1,1,1,0
2756,10,1,1,0
2757,6,1,1,0
2758,8,1,1,0
2759,4,1,1,0
2760,2,1,1,0
2761,4,1,1,0
2762,3,1,1,0
2763,3,1,1,0
2764,7,1,1,0
2765,1,1,1,0
2766,2,1,1,0
2767,4,1,1,0
2768,10,1,1,0
2769,4,1,1,0
2770,6,1,1,0
2771,3,1,1,0
2772,6,1,1,0
2773,3,1,1,0
2774,1,1,1,0
2775,2,1,1,0
2776,2,1,1,0
2777,4,1,1,0
2778,2,1,1,0
2779,4,1,1,0
2780,11,1,1,0
2781,14,1,1,0
2782,5,1,1,0
2783,2,1,1,0
2784,1,1,1,0
2785,2,1,1,0
2786,2,1,1,0
2787,2,1,1,0
2788,6,1,1,0
2789,2,1,1,0
2790,1,1,1,0
2791,3,1,1,0
2792,1,1,1,0
2793,3,1,1,0
2794,1,1,1,0
2795,1,1,1,0
2796,1,1,1,0
2797,3,1,1,0
2798,2,1,1,0
2799,6,1,1,0
2800,1,1,1,0
2801,6,1,1,0
2802,3,1,1,0
2803,4,1,1,0
2804,3,1,1,0
2805,5,1,1,0
2806,4,1,1,0
2807,3,1,1,0
2808,13,1,1,0
2809,12,1,1,0
2810,2,1,1,0
2811,8,1,1,0
2812,3,1,1,0
2813,7,1,1,0
2814,2,1,1,0
2815,5,1,1,0
2816,2,1,1,0
2817,2,1,1,0
2818,5,1,1,0
2819,9,1,1,0
2820,1,1,1,0
2821,8,1,1,0
2822,8,1,1,0
2823,2,1,1,0
2824,2,1,1,0
2825,4,1,1,0
2826,3,1,1,0
2827,4,1,1,0
2828,3,1,1,0
2829,9,1,1,0
2830,2,1,1,0
2831,4,1,1,0
2832,2,1,1,0
2833,3,1,1,0
2834,5,1,1,0
2835,2,1,1,0
2836,5,1,1,0
2837,5,1,1,0
2838,1,1,1,0
2839,1,1,1,0
2840,9,1,1,0
2841,1,1,1,0
2842,4,1,1,0
2843,3,1,1,0
2844,1,1,1,0
2845,3,1,1,0
2846,1,1,1,0
2847,1,1,1,0
2848,1,1,1,0
2849,1,1,1,0
2850,1,1,1,0
2851,2,1,1,0
2852,5,1,1,0
2853,6,1,1,0
2854,3,1,1,0
2855,6,1,1,0
2856,4,1,1,0
2857,1,1,1,0
2858,3,1,1,0
2859,3,1,1,0
2860,2,1,1,0
2861,4,1,1,0
2862,6,1,1,0
2863,5,1,1,0
2864,4,1,1,0
2865,1,1,1,0
2866,1,1,1,0
2867,3,1,1,0
2868,1,1,1,0
2869,6,1,1,0
2870,3,1,1,0
2871,6,1,1,0
2872,3,1,1,0
2873,13,1,1,0
2874,7,1,1,0
2875,2,1,1,0
2876,5,1,1,0
2877,8,1,1,0
2878,5,1,1,0
2879,4,1,1,0
2880,9,1,1,0
2881,2,1,1,0
2882,7,1,1,0
2883,5,1,1,0
2884,1,1,1,0
2885,2,1,1,0
2886,5,1,1,0
2887,12,1,1,0
2888,2,1,1,0
2889,3,1,1,0
2890,4,1,1,0
2891,14,1,1,0
2892,2,1,1,0
2893,2,1,1,0
2894,1,1,1,0
2895,4,1,1,0
2896,6,1,1,0
2897,4,1,1,0
2898,3,1,1,0
2899,4,1,1,0
2900,4,1,1,0
2901,2,1,1,0
2902,2,1,1,0
2903,7,1,1,0
2904,3,1,1,0
2905,3,1,1,0
2906,2,1,1,0
2907,2,1,1,0
2908,7,1,1,0
2909,3,1,1,0
2910,2,1,1,0
2911,5,1,1,0
2912,1,1,1,0
2913,1,1,1,0
2914,3,1,1,0
2915,3,1,1,0
2916,5,1,1,0
2917,1,1,1,0
2918,3,1,1,0
2919,2,1,1,0
2920,1,1,1,0
2921,2,1,1,0
2922,1,1,1,0
2923,19,1,1,0
2924,4,1,1,0
2925,1,1,1,0
2926,9,1,1,0
2927,3,1,1,0
2928,4,1,1,0
2929,5,1,1,0
2930,4,1,1,0
2931,9,1,1,0
2932,1,1,1,0
2933,3,1,1,0
2934,1,1,1,0
2935,3,1,1,0
2936,5,1,1,0
2937,3,1,1,0
2938,2,1,1,0
2939,5,1,1,0
2940,10,1,1,0
2941,6,1,1,0
2942,2,1,1,0
2943,4,1,1,0
2944,2,1,1,0
2945,3,1,1,0
2946,6,1,1,0
2947,9,1,1,0
2948,1,1,1,0
2949,5,1,1,0
2950,3,1,1,0
2951,1,1,1,0
2952,2,1,1,0
2953,11,1,1,0
2954,2,1,1,0
2955,4,1,1,0
2956,1,1,1,0
2957,2,1,1,0
2958,3,1,1,0
2959,2,1,1,0
2960,6,1,1,0
2961,7,1,1,0
2962,12,1,1,0
2963,5,1,1,0
2964,3,1,1,0
2965,2,1,1,0
2966,1,1,1,0
2967,6,1,1,0
2968,1,1,1,0
2969,2,1,1,0
2970,3,1,1,0
2971,2,1,1,0
2972,4,1,1,0
2973,3,1,1,0
2974,1,1,1,0
2975,1,1,1,0
2976,1,1,1,0
2977,4,1,1,0
2978,3,1,1,0
2979,1,1,1,0
2980,1,1,1,0
2981,5,1,1,0
2982,7,1,1,0
2983,3,1,1,0
2984,3,1,1,0
2985,3,1,1,0
2986,6,1,1,0
2987,5,1,1,0
2988,1,1,1,0
2989,2,1,1,0
2990,8,1,1,0
2991,2,1,1,0
2992,4,1,1,0
2993,5,1,1,0
2994,1,1,1,0
2995,9,1,1,0
2996,6,1,1,0
2997,1,1,1,0
2998,1,1,1,0
2999,4,1,1,0
3000,3,1,1,0
3001,1,1,1,0
3002,2,1,1,0
3003,7,1,1,0
3004,4,1,1,0
3005,2,1,1,0
3006,14,1,1,0
3007,4,1,1,0
3008,7,1,1,0
3009,2,1,1,0
3010,1,1,1,0
3011,1,1,1,0
3012,6,1,1,0
3013,4,1,1,0
3014,5,1,1,0
3015,1,1,1,0
3016,6,1,1,0
3017,1,1,1,0
3018,4,1,1,0
3019,2,1,1,0
3020,1,1,1,0
3021,2,1,1,0
3022,4,1,1,0
3023,1,1,1,0
3024,3,1,1,0
3025,2,1,1,0
3026,1,1,1,0
3027,1,1,1,0
3028,4,1,1,0
3029,3,1,1,0
3030,1,1,1,0
3031,2,1,1,0
3032,3,1,1,0
3033,6,1,1,0
3034,2,1,1,0
3035,5,1,1,0
3036,4,1,1,0
3037,2,1,1,0
3038,1,1,1,0
3039,1,1,1,0
3040,1,1,1,0
3041,3,1,1,0
3042,1,1,1,0
3043,7,1,1,0
3044,4,1,1,0
3045,1,1,1,0
3046,3,1,1,0
3047,1,1,1,0
3048,2,1,1,0
3049,6,1,1,0
3050,1,1,1,0
3051,5,1,1,0
3052,6,1,1,0
3053,6,1,1,0
3054,3,1,1,0
3055,2,1,1,0
3056,1,1,1,0
3057,8,1,1,0
3058,5,1,1,0
3059,3,1,1,0
3060,6,1,1,0
3061,1,1,1,0
3062,1,1,1,0
3063,1,1,1,0
3064,1,1,1,0
3065,2,1,1,0
3066,3,1,1,0
3067,4,1,1,0
3068,3,1,1,0
3069,3,1,1,0
3070,1,1,1,0
3071,7,1,1,0
3072,1,1,1,0
3073,3,1,1,0
3074,3,1,1,0
3075,6,1,1,0
3076,14,1,1,0
3077,5,1,1,0
3078,7,1,1,0
3079,3,1,1,0
3080,4,1,1,0
3081,2,1,1,0
3082,2,1,1,0
3083,5,1,1,0
3084,1,1,1,0
3085,2,1,1,0
3086,2,1,1,0
3087,1,1,1,0
3088,3,1,1,0
3089,4,1,1,0
3090,8,1,1,0
3091,3,1,1,0
3092,1,1,1,0
3093,2,1,1,0
3094,5,1,1,0
3095,4,1,1,0
3096,1,1,1,0
3097,4,1,1,0
3098,3,1,1,0
3099,2,1,1,0
3100,11,1,1,0
3101,4,1,1,0
3102,1,1,1,0
3103,1,1,1,0
3104,3,1,1,0
3105,10,1,1,0
3106,4,1,1,0
3107,6,1,1,0
3108,8,1,1,0
3109,2,1,1,0
3110,8,1,1,0
3111,3,1,1,0
3112,1,1,1,0
3113,2,1,1,0
3114,1,1,1,0
3115,2,1,1,0
3116,3,1,1,0
3117,1,1,1,0
3118,6,1,1,0
3119,4,1,1,0
3120,1,1,1,0
3121,8,1,1,0
3122,2,1,1,0
3123,4,1,1,0
3124,4,1,1,0
3125,5,1,1,0
3126,3,1,1,0
3127,2,1,1,0
3128,2,1,1,0
3129,5,1,1,0
3130,2,1,1,0
3131,1,1,1,0
3132,3,1,1,0
3133,5,1,1,0
3134,5,1,1,0
3135,2,1,1,0
3136,3,1,1,0
3137,9,1,1,0
3138,1,1,1,0
3139,7,1,1,0
3140,2,1,1,0
3141,4,1,1,0
3142,9,1,1,0
3143,3,1,1,0
3144,1,1,1,0
3145,6,1,1,0
3146,4,1,1,0
3147,5,1,1,0
3148,4,1,1,0
3149,6,1,1,0
3150,1,1,1,0
3151,1,1,1,0
3152,1,1,1,0
3153,4,1,1,0
3154,12,1,1,0
3155,1,1,1,0
3156,7,1,1,0
3157,5,1,1,0
3158,1,1,1,0
3159,4,1,1,0
3160,2,1,1,0
3161,5,1,1,0
3162,1,1,1,0
3163,3,1,1,0
3164,4,1,1,0
3165,5,1,1,0
3166,4,1,1,0
3167,3,1,1,0
3168,2,1,1,0
3169,12,1,1,0
3170,2,1,1,0
3171,3,1,1,0
3172,7,1,1,0
3173,4,1,1,0
3174,5,1,1,0
3175,4,1,1,0
3176,3,1,1,0
3177,6,1,1,0
3178,2,1,1,0
3179,4,1,1,0
3180,2,1,1,0
3181,4,1,1,0
3182,1,1,1,0
3183,4,1,1,0
3184,2,1,1,0
3185,1,1,1,0
3186,8,1,1,0
3187,1,1,1,0
3188,10,1,1,0
3189,5,1,1,0
3190,5,1,1,0
3191,8,1,1,0
3192,2,1,1,0
3193,1,1,1,0
3194,1,1,1,0
3195,1,1,1,0
3196,3,1,1,0
3197,2,1,1,0
3198,6,1,1,0
3199,4,1,1,0
3200,3,1,1,0
3201,1,1,1,0
3202,3,1,1,0
3203,2,1,1,0
3204,1,1,1,0
3205,1,1,1,0
3206,1,1,1,0
3207,2,1,1,0
3208,1,1,1,0
3209,1,1,1,0
3210,11,1,1,0
3211,5,1,1,0
3212,2,1,1,0
3213,3,1,1,0
3214,3,1,1,0
3215,1,1,1,0
3216,3,1,1,0
3217,4,1,1,0
3218,6,1,1,0
3219,1,1,1,0
3220,5,1,1,0
3221,2,1,1,0
3222,5,1,1,0
3223,3,1,1,0
3224,1,1,1,0
3225,1,1,1,0
3226,2,1,1,0
3227,4,1,1,0
3228,3,1,1,0
3229,1,1,1,0
3230,9,1,1,0
3231,5,1,1,0
3232,1,1,1,0
3233,7,1,1,0
3234,4,1,1,0
3235,1,1,1,0
3236,7,1,1,0
3237,10,1,1,0
3238,4,1,1,0
3239,1,1,1,0
3240,13,1,1,0
3241,12,1,1,0
3242,14,1,1,0
3243,1,1,1,0
3244,14,1,1,0
3245,1,1,1,0
3246,7,1,1,0
3247,1,1,1,0
3248,3,1,1,0
3249,6,1,1,0
3250,6,1,1,0
3251,3,1,1,0
3252,4,1,1,0
3253,1,1,1,0
3254,3,1,1,0
3255,2,1,1,0
3256,4,1,1,0
3257,1,1,1,0
3258,7,1,1,0
3259,4,1,1,0
3260,7,1,1,0
3261,1,1,1,0
3262,1,1,1,0
3263,2,1,1,0
3264,3,1,1,0
3265,5,1,1,0
3266,3,1,1,0
3267,2,1,1,0
3268,7,1,1,0
3269,1,1,1,0
3270,1,1,1,0
3271,1,1,1,0
3272,3,1,1,0
3273,4,1,1,0
3274,1,1,1,0
3275,3,1,1,0
3276,5,1,1,0
3277,3,1,1,0
3278,2,1,1,0
3279,6,1,1,0
3280,1,1,1,0
3281,3,1,1,0
3282,1,1,1,0
3283,3,1,1,0
3284,2,1,1,0
3285,7,1,1,0
3286,1,1,1,0
3287,5,1,1,0
3288,4,1,1,0
3289,1,1,1,0
3290,2,1,1,0
3291,2,1,1,0
3292,1,1,1,0
3293,3,1,1,0
3294,1,1,1,0
3295,3,1,1,0
3296,7,1,1,0
3297,3,1,1,0
3298,1,1,1,0
3299,4,1,1,0
3300,1,1,1,0
3301,9,1,1,0
3302,7,1,1,0
3303,2,1,1,0
3304,10,1,1,0
3305,3,1,1,0
3306,6,1,1,0
3307,4,1,1,0
3308,2,1,1,0
3309,3,1,1,0
3310,2,1,1,0
3311,1,1,1,0
3312,1,1,1,0
3313,6,1,1,0
3314,3,1,1,0
3315,6,1,1,0
3316,6,1,1,0
3317,2,1,1,0
3318,1,1,1,0
3319,6,1,1,0
3320,1,1,1,0
3321,6,1,1,0
3322,4,1,1,0
3323,5,1,1,0
3324,1,1,1,0
3325,6,1,1,0
3326,2,1,1,0
3327,9,1,1,0
3328,4,1,1,0
3329,8,1,1,0
3330,6,1,1,0
3331,5,1,1,0
3332,1,1,1,0
3333,3,1,1,0
3334,23,1,1,0
3335,4,1,1,0
3336,11,1,1,0
3337,6,1,1,0
3338,2,1,1,0
3339,7,1,1,0
3340,1,1,1,0
3341,1,1,1,0
3342,2,1,1,0
3343,6,1,1,0
3344,7,1,1,0
3345,1,1,1,0
3346,3,1,1,0
3347,1,1,1,0
3348,1,1,1,0
3349,1,1,1,0
3350,5,1,1,0
3351,3,1,1,0
3352,4,1,1,0
3353,5,1,1,0
3354,2,1,1,0
3355,4,1,1,0
3356,1,1,1,0
3357,2,1,1,0
3358,4,1,1,0
3359,3,1,1,0
3360,3,1,1,0
3361,7,1,1,0
3362,1,1,1,0
3363,1,1,1,0
3364,8,1,1,0
3365,11,1,1,0
3366,4,1,1,0
3367,1,1,1,0
3368,1,1,1,0
3369,1,1,1,0
3370,2,1,1,0
3371,3,1,1,0
3372,1,1,1,0
3373,3,1,1,0
3374,1,1,1,0
3375,2,1,1,0
3376,4,1,1,0
3377,2,1,1,0
3378,5,1,1,0
3379,3,1,1,0
3380,8,1,1,0
3381,7,1,1,0
3382,2,1,1,0
3383,4,1,1,0
3384,9,1,1,0
3385,1,1,1,0
3386,2,1,1,0
3387,2,1,1,0
3388,4,1,1,0
3389,1,1,1,0
3390,1,1,1,0
3391,3,1,1,0
3392,16,1,1,0
3393,2,1,1,0
3394,1,1,1,0
3395,3,1,1,0
3396,5,1,1,0
3397,1,1,1,0
3398,2,1,1,0
3399,4,1,1,0
3400,4,1,1,0
3401,4,1,1,0
3402,1,1,1,0
3403,1,1,1,0
3404,8,1,1,0
3405,1,1,1,0
3406,5,1,1,0
3407,7,1,1,0
3408,4,1,1,0
3409,6,1,1,0
3410,3,1,1,0
3411,1,1,1,0
3412,1,1,1,0
3413,3,1,1,0
3414,6,1,1,0
3415,9,1,1,0
3416,1,1,1,0
3417,5,1,1,0
3418,6,1,1,0
3419,1,1,1,0
3420,7,1,1,0
3421,5,1,1,0
3422,4,1,1,0
3423,3,1,1,0
3424,3,1,1,0
3425,1,1,1,0
3426,1,1,1,0
3427,15,1,1,0
3428,14,1,1,0
3429,3,1,1,0
3430,2,1,1,0
3431,1,1,1,0
3432,3,1,1,0
3433,1,1,1,0
3434,5,1,1,0
3435,3,1,1,0
3436,3,1,1,0
3437,2,1,1,0
3438,5,1,1,0
3439,1,1,1,0
3440,7,1,1,0
3441,4,1,1,0
3442,4,1,1,0
3443,6,1,1,0
3444,1,1,1,0
3445,5,1,1,0
3446,1,1,1,0
3447,3,1,1,0
3448,3,1,1,0
3449,14,1,1,0
3450,1,1,1,0
3451,3,1,1,0
3452,1,1,1,0
3453,1,1,1,0
3454,3,1,1,0
3455,5,1,1,0
3456,11,1,1,0
3457,6,1,1,0
3458,1,1,1,0
3459,3,1,1,0
3460,5,1,1,0
3461,4,1,1,0
3462,1,1,1,0
3463,1,1,1,0
3464,1,1,1,0
3465,2,1,1,0
3466,2,1,1,0
3467,1,1,1,0
3468,3,1,1,0
3469,4,1,1,0
3470,7,1,1,0
3471,1,1,1,0
3472,4,1,1,0
3473,3,1,1,0
3474,1,1,1,0
3475,4,1,1,0
3476,4,1,1,0
3477,5,1,1,0
3478,1,1,1,0
3479,3,1,1,0
3480,11,1,1,0
3481,2,1,1,0
3482,1,1,1,0
3483,6,1,1,0
3484,3,1,1,0
3485,5,1,1,0
3486,5,1,1,0
3487,1,1,1,0
3488,8,1,1,0
3489,2,1,1,0
3490,6,1,1,0
3491,8,1,1,0
3492,4,1,1,0
3493,4,1,1,0
3494,3,1,1,0
3495,3,1,1,0
3496,4,1,1,0
3497,13,1,1,0
3498,4,1,1,0
3499,1,1,1,0
3500,2,1,1,0
3501,9,1,1,0
3502,5,1,1,0
3503,8,1,1,0
3504,1,1,1,0
3505,7,1,1,0
3506,3,1,1,0
3507,5,1,1,0
3508,1,1,1,0
3509,1,1,1,0
3510,2,1,1,0
3511,2,1,1,0
3512,5,1,1,0
3513,1,1,1,0
3514,1,1,1,0
3515,3,1,1,0
3516,13,1,1,0
3517,5,1,1,0
3518,5,1,1,0
3519,7,1,1,0
3520,4,1,1,0
3521,2,1,1,0
3522,6,1,1,0
3523,1,1,1,0
3524,1,1,1,0
3525,1,1,1,0
3526,2,1,1,0
3527,3,1,1,0
3528,5,1,1,0
3529,2,1,1,0
3530,1,1,1,0
3531,3,1,1,0
3532,5,1,1,0
3533,1,1,1,0
3534,5,1,1,0
3535,4,1,1,0
3536,6,1,1,0
3537,6,1,1,0
3538,3,1,1,0
3539,1,1,1,0
3540,1,1,1,0
3541,2,1,1,0
3542,1,1,1,0
3543,2,1,1,0
3544,7,1,1,0
3545,2,1,1,0
3546,6,1,1,0
3547,3,1,1,0
3548,1,1,1,0
3549,1,1,1,0
3550,2,1,1,0
3551,2,1,1,0
3552,5,1,1,0
3553,1,1,1,0
3554,5,1,1,0
3555,4,1,1,0
3556,2,1,1,0
3557,7,1,1,0
3558,2,1,1,0
3559,3,1,1,0
3560,3,1,1,0
3561,5,1,1,0
3562,4,1,1,0
3563,4,1,1,0
3564,1,1,1,0
3565,7,1,1,0
3566,1,1,1,0
3567,2,1,1,0
3568,2,1,1,0
3569,3,1,1,0
3570,1,1,1,0
3571,5,1,1,0
3572,1,1,1,0
3573,6,1,1,0
3574,1,1,1,0
3575,2,1,1,0
3576,3,1,1,0
3577,5,1,1,0
3578,4,1,1,0
3579,3,1,1,0
3580,2,1,1,0
3581,2,1,1,0
3582,3,1,1,0
3583,3,1,1,0
3584,1,1,1,0
3585,3,1,1,0
3586,2,1,1,0
3587,1,1,1,0
3588,4,1,1,0
3589,8,1,1,0
3590,5,1,1,0
3591,2,1,1,0
3592,3,1,1,0
3593,3,1,1,0
3594,5,1,1,0
3595,3,1,1,0
3596,2,1,1,0
3597,3,1,1,0
3598,13,1,1,0
3599,2,1,1,0
3600,3,1,1,0
3601,1,1,1,0
3602,3,1,1,0
3603,1,1,1,0
3604,4,1,1,0
3605,2,1,1,0
3606,1,1,1,0
3607,5,1,1,0
3608,5,1,1,0
3609,10,1,1,0
3610,1,1,1,0
3611,1,1,1,0
3612,3,1,1,0
3613,3,1,1,0
3614,5,1,1,0
3615,5,1,1,0
3616,1,1,1,0
3617,3,1,1,0
3618,7,1,1,0
3619,1,1,1,0
3620,3,1,1,0
3621,4,1,1,0
3622,5,1,1,0
3623,2,1,1,0
3624,4,1,1,0
3625,11,1,1,0
3626,5,1,1,0
3627,5,1,1,0
3628,3,1,1,0
3629,2,1,1,0
3630,4,1,1,0
3631,2,1,1,0
3632,1,1,1,0
3633,2,1,1,0
3634,2,1,1,0
3635,1,1,1,0
3636,13,1,1,0
3637,7,1,1,0
3638,2,1,1,0
3639,2,1,1,0
3640,3,1,1,0
3641,1,1,1,0
3642,2,1,1,0
3643,3,1,1,0
3644,4,1,1,0
3645,3,1,1,0
3646,8,1,1,0
3647,3,1,1,0
3648,3,1,1,0
3649,4,1,1,0
3650,5,1,1,0
3651,5,1,1,0
3652,1,1,1,0
3653,4,1,1,0
3654,2,1,1,0
3655,1,1,1,0
3656,1,1,1,0
3657,2,1,1,0
3658,1,1,1,0
3659,6,1,1,0
3660,5,1,1,0
3661,1,1,1,0
3662,3,1,1,0
3663,4,1,1,0
3664,8,1,1,0
3665,1,1,1,0
3666,4,1,1,0
3667,2,1,1,0
3668,3,1,1,0
3669,4,1,1,0
3670,4,1,1,0
3671,12,1,1,0
3672,9,1,1,0
3673,6,1,1,0
3674,4,1,1,0
3675,5,1,1,0
3676,8,1,1,0
3677,2,1,1,0
3678,2,1,1,0
3679,7,1,1,0
3680,2,1,1,0
3681,3,1,1,0
3682,9,1,1,0
3683,1,1,1,0
3684,6,1,1,0
3685,2,1,1,0
3686,1,1,1,0
3687,6,1,1,0
3688,2,1,1,0
3689,2,1,1,0
3690,1,1,1,0
3691,1,1,1,0
3692,2,1,1,0
3693,2,1,1,0
3694,3,1,1,0
3695,1,1,1,0
3696,3,1,1,0
3697,7,1,1,0
3698,2,1,1,0
3699,3,1,1,0
3700,1,1,1,0
3701,7,1,1,0
3702,1,1,1,0
3703,5,1,1,0
3704,1,1,1,0
3705,4,1,1,0
3706,2,1,1,0
3707,21,1,1,0
3708,18,1,1,0
3709,2,1,1,0
3710,8,1,1,0
3711,4,1,1,0
3712,1,1,1,0
3713,1,1,1,0
3714,8,1,1,0
3715,1,1,1,0
3716,1,1,1,0
3717,1,1,1,0
3718,8,1,1,0
3719,2,1,1,0
3720,2,1,1,0
3721,1,1,1,0
3722,2,1,1,0
3723,5,1,1,0
3724,1,1,1,0
3725,4,1,1,0
3726,2,1,1,0
3727,3,1,1,0
3728,1,1,1,0
3729,3,1,1,0
3730,1,1,1,0
3731,3,1,1,0
3732,3,1,1,0
3733,1,1,1,0
3734,2,1,1,0
3735,3,1,1,0
3736,7,1,1,0
3737,7,1,1,0
3738,5,1,1,0
3739,2,1,1,0
3740,1,1,1,0
3741,7,1,1,0
3742,2,1,1,0
3743,1,1,1,0
3744,4,1,1,0
3745,6,1,1,0
3746,1,1,1,0
3747,5,1,1,0
3748,1,1,1,0
3749,2,1,1,0
3750,4,1,1,0
3751,2,1,1,0
3752,3,1,1,0
3753,6,1,1,0
3754,7,1,1,0
3755,3,1,1,0
3756,13,1,1,0
3757,1,1,1,0
3758,1,1,1,0
3759,3,1,1,0
3760,1,1,1,0
3761,2,1,1,0
3762,1,1,1,0
3763,10,1,1,0
3764,2,1,1,0
3765,6,1,1,0
3766,1,1,1,0
3767,9,1,1,0
3768,2,1,1,0
3769,3,1,1,0
3770,2,1,1,0
3771,8,1,1,0
3772,5,1,1,0
3773,3,1,1,0
3774,1,1,1,0
3775,1,1,1,0
3776,6,1,1,0
3777,11,1,1,0
3778,4,1,1,0
3779,3,1,1,0
3780,8,1,1,0
3781,1,1,1,0
3782,4,1,1,0
3783,5,1,1,0
3784,2,1,1,0
3785,2,1,1,0
3786,4,1,1,0
3787,5,1,1,0
3788,8,1,1,0
3789,1,1,1,0
3790,3,1,1,0
3791,1,1,1,0
3792,4,1,1,0
3793,6,1,1,0
3794,9,1,1,0
3795,4,1,1,0
3796,4,1,1,0
3797,2,1,1,0
3798,4,1,1,0
3799,7,1,1,0
3800,4,1,1,0
3801,6,1,1,0
3802,1,1,1,0
3803,10,1,1,0
3804,7,1,1,0
3805,1,1,1,0
3806,14,1,1,0
3807,6,1,1,0
3808,4,1,1,0
3809,13,1,1,0
3810,3,1,1,0
3811,1,1,1,0
3812,4,1,1,0
3813,6,1,1,0
3814,7,1,1,0
3815,9,1,1,0
3816,3,1,1,0
3817,10,1,1,0
3818,3,1,1,0
3819,3,1,1,0
3820,3,1,1,0
3821,2,1,1,0
3822,6,1,1,0
3823,1,1,1,0
3824,3,1,1,0
3825,11,1,1,0
3826,10,1,1,0
3827,1,1,1,0
3828,4,1,1,0
3829,3,1,1,0
3830,2,1,1,0
3831,2,1,1,0
3832,6,1,1,0
3833,2,1,1,0
3834,8,1,1,0
3835,1,1,1,0
3836,2,1,1,0
3837,2,1,1,0
3838,3,1,1,0
3839,2,1,1,0
3840,1,1,1,0
3841,4,1,1,0
3842,1,1,1,0
3843,2,1,1,0
3844,2,1,1,0
3845,6,1,1,0
3846,2,1,1,0
3847,4,1,1,0
3848,1,1,1,0
3849,4,1,1,0
3850,8,1,1,0
3851,1,1,1,0
3852,2,1,1,0
3853,2,1,1,0
3854,1,1,1,0
3855,4,1,1,0
3856,8,1,1,0
3857,4,1,1,0
3858,1,1,1,0
3859,2,1,1,0
3860,2,1,1,0
3861,3,1,1,0
3862,4,1,1,0
3863,1,1,1,0
3864,3,1,1,0
3865,7,1,1,0
3866,1,1,1,0
3867,9,1,1,0
3868,6,1,1,0
3869,2,1,1,0
3870,3,1,1,0
3871,1,1,1,0
3872,8,1,1,0
3873,8,1,1,0
3874,4,1,1,0
3875,2,1,1,0
3876,3,1,1,0
3877,2,1,1,0
3878,6,1,1,0
3879,1,1,1,0
3880,3,1,1,0
3881,3,1,1,0
3882,1,1,1,0
3883,4,1,1,0
3884,4,1,1,0
3885,1,1,1,0
3886,10,1,1,0
3887,5,1,1,0
3888,1,1,1,0
3889,3,1,1,0
3890,5,1,1,0
3891,4,1,1,0
3892,7,1,1,0
3893,2,1,1,0
3894,1,1,1,0
3895,1,1,1,0
3896,3,1,1,0
3897,4,1,1,0
3898,7,1,1,0
3899,3,1,1,0
3900,1,1,1,0
3901,4,1,1,0
3902,6,1,1,0
3903,1,1,1,0
3904,6,1,1,0
3905,2,1,1,0
3906,1,1,1,0
3907,5,1,1,0
3908,3,1,1,0
3909,5,1,1,0
3910,4,1,1,0
3911,7,1,1,0
3912,8,1,1,0
3913,9,1,1,0
3914,4,1,1,0
3915,4,1,1,0
3916,3,1,1,0
3917,1,1,1,0
3918,12,1,1,0
3919,1,1,1,0
3920,5,1,1,0
3921,1,1,1,0
3922,7,1,1,0
3923,3,1,1,0
3924,2,1,1,0
3925,1,1,1,0
3926,1,1,1,0
3927,1,1,1,0
3928,1,1,1,0
3929,1,1,1,0
3930,2,1,1,0
3931,1,1,1,0
3932,2,1,1,0
3933,2,1,1,0
3934,1,1,1,0
3935,6,1,1,0
3936,6,1,1,0
3937,2,1,1,0
3938,1,1,1,0
3939,5,1,1,0
3940,7,1,1,0
3941,2,1,1,0
3942,6,1,1,0
3943,2,1,1,0
3944,7,1,1,0
3945,6,1,1,0
3946,4,1,1,0
3947,2,1,1,0
3948,1,1,1,0
3949,5,1,1,0
3950,3,1,1,0
3951,3,1,1,0
3952,3,1,1,0
3953,4,1,1,0
3954,3,1,1,0
3955,4,1,1,0
3956,3,1,1,0
3957,1,1,1,0
3958,1,1,1,0
3959,2,1,1,0
3960,10,1,1,0
3961,3,1,1,0
3962,1,1,1,0
3963,10,1,1,0
3964,1,1,1,0
3965,2,1,1,0
3966,1,1,1,0
3967,6,1,1,0
3968,2,1,1,0
3969,4,1,1,0
3970,3,1,1,0
3971,2,1,1,0
3972,2,1,1,0
3973,5,1,1,0
3974,2,1,1,0
3975,2,1,1,0
3976,7,1,1,0
3977,4,1,1,0
3978,6,1,1,0
3979,2,1,1,0
3980,2,1,1,0
3981,6,1,1,0
3982,2,1,1,0
3983,5,1,1,0
3984,1,1,1,0
3985,3,1,1,0
3986,9,1,1,0
3987,3,1,1,0
3988,1,1,1,0
3989,1,1,1,0
3990,4,1,1,0
3991,4,1,1,0
3992,3,1,1,0
3993,6,1,1,0
3994,8,1,1,0
3995,4,1,1,0
3996,1,1,1,0
3997,6,1,1,0
3998,3,1,1,0
3999,6,1,1,0
4000,7,1,1,0
4001,8,1,1,0
4002,3,1,1,0
4003,6,1,1,0
4004,4,1,1,0
4005,1,1,1,0
4006,2,1,1,0
4007,1,1,1,0
4008,4,1,1,0
4009,1,1,1,0
4010,4,1,1,0
4011,1,1,1,0
4012,9,1,1,0
4013,2,1,1,0
4014,3,1,1,0
4015,2,1,1,0
4016,3,1,1,0
4017,2,1,1,0
4018,1,1,1,0
4019,6,1,1,0
4020,5,1,1,0
4021,1,1,1,0
4022,1,1,1,0
4023,13,1,1,0
4024,2,1,1,0
4025,5,1,1,0
4026,6,1,1,0
4027,6,1,1,0
4028,3,1,1,0
4029,8,1,1,0
4030,2,1,1,0
4031,7,1,1,0
4032,2,1,1,0
4033,1,1,1,0
4034,1,1,1,0
4035,1,1,1,0
4036,3,1,1,0
4037,2,1,1,0
4038,1,1,1,0
4039,1,1,1,0
4040,9,1,1,0
4041,3,1,1,0
4042,4,1,1,0
4043,5,1,1,0
4044,1,1,1,0
4045,1,1,1,0
4046,1,1,1,0
4047,2,1,1,0
4048,2,1,1,0
4049,2,1,1,0
4050,2,1,1,0
4051,1,1,1,0
4052,6,1,1,0
4053,2,1,1,0
4054,4,1,1,0
4055,20,1,1,0
4056,1,1,1,0
4057,7,1,1,0
4058,1,1,1,0
4059,2,1,1,0
4060,2,1,1,0
4061,4,1,1,0
4062,6,1,1,0
4063,3,1,1,0
4064,13,1,1,0
4065,1,1,1,0
4066,2,1,1,0
4067,5,1,1,0
4068,8,1,1,0
4069,2,1,1,0
4070,4,1,1,0
4071,4,1,1,0
4072,4,1,1,0
4073,3,1,1,0
4074,5,1,1,0
4075,3,1,1,0
4076,2,1,1,0
4077,3,1,1,0
4078,4,1,1,0
4079,6,1,1,0
4080,1,1,1,0
4081,2,1,1,0
4082,1,1,1,0
4083,1,1,1,0
4084,3,1,1,0
4085,4,1,1,0
4086,1,1,1,0
4087,3,1,1,0
4088,4,1,1,0
4089,7,1,1,0
4090,1,1,1,0
4091,1,1,1,0
4092,7,1,1,0
4093,3,1,1,0
4094,1,1,1,0
4095,3,1,1,0
4096,1,1,1,0
4097,1,1,1,0
4098,1,1,1,0
4099,1,1,1,0
4100,7,1,1,0
4101,3,1,1,0
4102,5,1,1,0
4103,8,1,1,0
4104,1,1,1,0
4105,3,1,1,0
4106,8,1,1,0
4107,1,1,1,0
4108,2,1,1,0
4109,3,1,1,0
4110,4,1,1,0
4111,3,1,1,0
4112,1,1,1,0
4113,9,1,1,0
4114,3,1,1,0
4115,10,1,1,0
4116,3,1,1,0
4117,1,1,1,0
4118,5,1,1,0
4119,2,1,1,0
4120,1,1,1,0
4121,5,1,1,0
4122,7,1,1,0
4123,2,1,1,0
4124,1,1,1,0
4125,2,1,1,0
4126,2,1,1,0
4127,1,1,1,0
4128,1,1,1,0
4129,1,1,1,0
4130,2,1,1,0
4131,4,1,1,0
4132,2,1,1,0
4133,5,1,1,0
4134,6,1,1,0
4135,3,1,1,0
4136,4,1,1,0
4137,1,1,1,0
4138,11,1,1,0
4139,3,1,1,0
4140,4,1,1,0
4141,4,1,1,0
4142,1,1,1,0
4143,6,1,1,0
4144,7,1,1,0
4145,1,1,1,0
4146,5,1,1,0
4147,7,1,1,0
4148,7,1,1,0
4149,4,1,1,0
4150,1,1,1,0
4151,3,1,1,0
4152,3,1,1,0
4153,1,1,1,0
4154,1,1,1,0
4155,1,1,1,0
4156,6,1,1,0
4157,3,1,1,0
4158,3,1,1,0
4159,2,1,1,0
4160,7,1,1,0
4161,7,1,1,0
4162,2,1,1,0
4163,4,1,1,0
4164,3,1,1,0
4165,6,1,1,0
4166,1,1,1,0
4167,2,1,1,0
4168,1,1,1,0
4169,2,1,1,0
4170,1,1,1,0
4171,6,1,1,0
4172,1,1,1,0
4173,5,1,1,0
4174,7,1,1,0
4175,1,1,1,0
4176,3,1,1,0
4177,1,1,1,0
4178,1,1,1,0
4179,2,1,1,0
4180,1,1,1,0
4181,6,1,1,0
4182,6,1,1,0
4183,8,1,1,0
4184,1,1,1,0
4185,3,1,1,0
4186,1,1,1,0
4187,5,1,1,0
4188,8,1,1,0
4189,5,1,1,0
4190,4,1,1,0
4191,5,1,1,0
4192,1,1,1,0
4193,4,1,1,0
4194,3,1,1,0
4195,3,1,1,0
4196,3,1,1,0
4197,4,1,1,0
4198,4,1,1,0
4199,3,1,1,0
4200,7,1,1,0
4201,4,1,1,0
4202,6,1,1,0
4203,1,1,1,0
4204,1,1,1,0
4205,14,1,1,0
4206,6,1,1,0
4207,7,1,1,0
4208,4,1,1,0
4209,2,1,1,0
4210,2,1,1,0
4211,3,1,1,0
4212,6,1,1,0
4213,4,1,1,0
4214,3,1,1,0
4215,3,1,1,0
4216,5,1,1,0
4217,2,1,1,0
4218,5,1,1,0
4219,7,1,1,0
4220,3,1,1,0
4221,5,1,1,0
4222,3,1,1,0
4223,1,1,1,0
4224,3,1,1,0
4225,4,1,1,0
4226,2,1,1,0
4227,1,1,1,0
4228,2,1,1,0
4229,7,1,1,0
4230,5,1,1,0
4231,1,1,1,0
4232,6,1,1,0
4233,5,1,1,0
4234,1,1,1,0
4235,5,1,1,0
4236,3,1,1,0
4237,1,1,1,0
4238,5,1,1,0
4239,2,1,1,0
4240,2,1,1,0
4241,4,1,1,0
4242,1,1,1,0
4243,2,1,1,0
4244,6,1,1,0
4245,3,1,1,0
4246,2,1,1,0
4247,1,1,1,0
4248,10,1,1,0
4249,1,1,1,0
4250,8,1,1,0
4251,3,1,1,0
4252,3,1,1,0
4253,10,1,1,0
4254,1,1,1,0
4255,1,1,1,0
4256,7,1,1,0
4257,3,1,1,0
4258,1,1,1,0
4259,9,1,1,0
4260,8,1,1,0
4261,10,1,1,0
4262,5,1,1,0
4263,1,1,1,0
4264,4,1,1,0
4265,2,1,1,0
4266,1,1,1,0
4267,2,1,1,0
4268,4,1,1,0
4269,2,1,1,0
4270,1,1,1,0
4271,2,1,1,0
4272,4,1,1,0
4273,2,1,1,0
4274,1,1,1,0
4275,3,1,1,0
4276,1,1,1,0
4277,7,1,1,0
4278,1,1,1,0
4279,4,1,1,0
4280,4,1,1,0
4281,4,1,1,0
4282,5,1,1,0
4283,2,1,1,0
4284,1,1,1,0
4285,1,1,1,0
4286,1,1,1,0
4287,2,1,1,0
4288,8,1,1,0
4289,5,1,1,0
4290,3,1,1,0
4291,1,1,1,0
4292,1,1,1,0
4293,3,1,1,0
4294,1,1,1,0
4295,2,1,1,0
4296,5,1,1,0
4297,6,1,1,0
4298,7,1,1,0
4299,3,1,1,0
4300,1,1,1,0
4301,4,1,1,0
4302,7,1,1,0
4303,2,1,1,0
4304,3,1,1,0
4305,1,1,1,0
4306,1,1,1,0
4307,7,1,1,0
4308,1,1,1,0
4309,10,1,1,0
4310,3,1,1,0
4311,6,1,1,0
4312,2,1,1,0
4313,1,1,1,0
4314,4,1,1,0
4315,5,1,1,0
4316,2,1,1,0
4317,3,1,1,0
4318,10,1,1,0
4319,1,1,1,0
4320,1,1,1,0
4321,2,1,1,0
4322,3,1,1,0
4323,6,1,1,0
4324,5,1,1,0
4325,1,1,1,0
4326,9,1,1,0
4327,3,1,1,0
4328,1,1,1,0
4329,1,1,1,0
4330,4,1,1,0
4331,1,1,1,0
4332,2,1,1,0
4333,1,1,1,0
4334,1,1,1,0
4335,7,1,1,0
4336,2,1,1,0
4337,4,1,1,0
4338,3,1,1,0
4339,2,1,1,0
4340,4,1,1,0
4341,1,1,1,0
4342,5,1,1,0
4343,7,1,1,0
4344,16,1,1,0
4345,3,1,1,0
4346,6,1,1,0
4347,3,1,1,0
4348,3,1,1,0
4349,5,1,1,0
4350,5,1,1,0
4351,4,1,1,0
4352,3,1,1,0
4353,1,1,1,0
4354,3,1,1,0
4355,2,1,1,0
4356,2,1,1,0
4357,1,1,1,0
4358,3,1,1,0
4359,12,1,1,0
4360,2,1,1,0
4361,10,1,1,0
4362,1,1,1,0
4363,5,1,1,0
4364,2,1,1,0
4365,2,1,1,0
4366,1,1,1,0
4367,1,1,1,0
4368,15,1,1,0
4369,1,1,1,0
4370,4,1,1,0
4371,1,1,1,0
4372,5,1,1,0
4373,2,1,1,0
4374,2,1,1,0
4375,3,1,1,0
4376,2,1,1,0
4377,3,1,1,0
4378,3,1,1,0
4379,1,1,1,0
4380,5,1,1,0
4381,3,1,1,0
4382,4,1,1,0
4383,5,1,1,0
4384,1,1,1,0
4385,2,1,1,0
4386,6,1,1,0
4387,2,1,1,0
4388,1,1,1,0
4389,2,1,1,0
4390,3,1,1,0
4391,11,1,1,0
4392,2,1,1,0
4393,1,1,1,0
4394,2,1,1,0
4395,2,1,1,0
4396,2,1,1,0
4397,14,1,1,0
4398,7,1,1,0
4399,4,1,1,0
4400,6,1,1,0
4401,2,1,1,0
4402,4,1,1,0
4403,7,1,1,0
4404,6,1,1,0
4405,4,1,1,0
4406,7,1,1,0
4407,3,1,1,0
4408,1,1,1,0
4409,4,1,1,0
4410,2,1,1,0
4411,1,1,1,0
4412,8,1,1,0
4413,1,1,1,0
4414,3,1,1,0
4415,4,1,1,0
4416,4,1,1,0
4417,5,1,1,0
4418,6,1,1,0
4419,1,1,1,0
4420,3,1,1,0
4421,5,1,1,0
4422,1,1,1,0
4423,2,1,1,0
4424,11,1,1,0
4425,2,1,1,0
4426,1,1,1,0
4427,1,1,1,0
4428,6,1,1,0
4429,4,1,1,0
4430,2,1,1,0
4431,5,1,1,0
4432,3,1,1,0
4433,1,1,1,0
4434,10,1,1,0
4435,3,1,1,0
4436,4,1,1,0
4437,2,1,1,0
4438,3,1,1,0
4439,1,1,1,0
4440,4,1,1,0
4441,3,1,1,0
4442,8,1,1,0
4443,2,1,1,0
4444,4,1,1,0
4445,3,1,1,0
4446,3,1,1,0
4447,1,1,1,0
4448,3,1,1,0
4449,1,1,1,0
4450,2,1,1,0
4451,5,1,1,0
4452,1,1,1,0
4453,1,1,1,0
4454,1,1,1,0
4455,3,1,1,0
4456,1,1,1,0
4457,4,1,1,0
4458,3,1,1,0
4459,3,1,1,0
4460,2,1,1,0
4461,8,1,1,0
4462,5,1,1,0
4463,5,1,1,0
4464,3,1,1,0
4465,3,1,1,0
4466,6,1,1,0
4467,3,1,1,0
4468,2,1,1,0
4469,7,1,1,0
4470,4,1,1,0
4471,1,1,1,0
4472,1,1,1,0
4473,6,1,1,0
4474,12,1,1,0
4475,1,1,1,0
4476,2,1,1,0
4477,5,1,1,0
4478,2,1,1,0
4479,2,1,1,0
4480,10,1,1,0
4481,4,1,1,0
4482,4,1,1,0
4483,1,1,1,0
4484,2,1,1,0
4485,1,1,1,0
4486,5,1,1,0
4487,1,1,1,0
4488,3,1,1,0
4489,2,1,1,0
4490,2,1,1,0
4491,8,1,1,0
4492,6,1,1,0
4493,3,1,1,0
4494,3,1,1,0
4495,4,1,1,0
4496,3,1,1,0
4497,6,1,1,0
4498,14,1,1,0
4499,2,1,1,0
4500,20,1,1,0
4501,3,1,1,0
4502,9,1,1,0
4503,4,1,1,0
4504,1,1,1,0
4505,7,1,1,0
4506,9,1,1,0
4507,7,1,1,0
4508,1,1,1,0
4509,8,1,1,0
4510,6,1,1,0
4511,4,1,1,0
4512,6,1,1,0
4513,6,1,1,0
4514,2,1,1,0
4515,1,1,1,0
4516,7,1,1,0
4517,8,1,1,0
4518,5,1,1,0
4519,5,1,1,0
4520,1,1,1,0
4521,2,1,1,0
4522,1,1,1,0
4523,3,1,1,0
4524,2,1,1,0
4525,1,1,1,0
4526,4,1,1,0
4527,3,1,1,0
4528,2,1,1,0
4529,4,1,1,0
4530,4,1,1,0
4531,4,1,1,0
4532,1,1,1,0
4533,5,1,1,0
4534,1,1,1,0
4535,4,1,1,0
4536,1,1,1,0
4537,2,1,1,0
4538,2,1,1,0
4539,4,1,1,0
4540,3,1,1,0
4541,3,1,1,0
4542,9,1,1,0
4543,1,1,1,0
4544,3,1,1,0
4545,1,1,1,0
4546,3,1,1,0
4547,1,1,1,0
4548,1,1,1,0
4549,3,1,1,0
4550,1,1,1,0
4551,2,1,1,0
4552,7,1,1,0
4553,5,1,1,0
4554,2,1,1,0
4555,1,1,1,0
4556,9,1,1,0
4557,1,1,1,0
4558,7,1,1,0
4559,2,1,1,0
4560,5,1,1,0
4561,6,1,1,0
4562,3,1,1,0
4563,4,1,1,0
4564,2,1,1,0
4565,3,1,1,0
4566,2,1,1,0
4567,4,1,1,0
4568,3,1,1,0
4569,4,1,1,0
4570,3,1,1,0
4571,3,1,1,0
4572,2,1,1,0
4573,1,1,1,0
4574,5,1,1,0
4575,4,1,1,0
4576,5,1,1,0
4577,3,1,1,0
4578,1,1,1,0
4579,5,1,1,0
4580,7,1,1,0
4581,2,1,1,0
4582,1,1,1,0
4583,8,1,1,0
4584,6,1,1,0
4585,1,1,1,0
4586,1,1,1,0
4587,2,1,1,0
4588,1,1,1,0
4589,1,1,1,0
4590,1,1,1,0
4591,1,1,1,0
4592,1,1,1,0
4593,5,1,1,0
4594,3,1,1,0
4595,2,1,1,0
4596,4,1,1,0
4597,3,1,1,0
4598,3,1,1,0
4599,4,1,1,0
4600,2,1,1,0
4601,2,1,1,0
4602,1,1,1,0
4603,2,1,1,0
4604,4,1,1,0
4605,1,1,1,0
4606,1,1,1,0
4607,1,1,1,0
4608,4,1,1,0
4609,7,1,1,0
4610,1,1,1,0
4611,3,1,1,0
4612,2,1,1,0
4613,8,1,1,0
4614,2,1,1,0
4615,5,1,1,0
4616,1,1,1,0
4617,7,1,1,0
4618,6,1,1,0
4619,3,1,1,0
4620,1,1,1,0
4621,4,1,1,0
4622,3,1,1,0
4623,1,1,1,0
4624,1,1,1,0
4625,1,1,1,0
4626,5,1,1,0
4627,10,1,1,0
4628,25,1,1,0
4629,2,1,1,0
4630,3,1,1,0
4631,3,1,1,0
4632,4,1,1,0
4633,1,1,1,0
4634,2,1,1,0
4635,6,1,1,0
4636,6,1,1,0
4637,3,1,1,0
4638,5,1,1,0
4639,1,1,1,0
4640,4,1,1,0
4641,6,1,1,0
4642,4,1,1,0
4643,5,1,1,0
4644,6,1,1,0
4645,1,1,1,0
4646,6,1,1,0
4647,3,1,1,0
4648,10,1,1,0
4649,3,1,1,0
4650,4,1,1,0
4651,4,1,1,0
4652,1,1,1,0
4653,5,1,1,0
4654,2,1,1,0
4655,1,1,1,0
4656,4,1,1,0
4657,3,1,1,0
4658,6,1,1,0
4659,3,1,1,0
4660,4,1,1,0
4661,2,1,1,0
4662,4,1,1,0
4663,3,1,1,0
4664,2,1,1,0
4665,1,1,1,0
4666,2,1,1,0
4667,2,1,1,0
4668,3,1,1,0
4669,6,1,1,0
4670,1,1,1,0
4671,1,1,1,0
4672,2,1,1,0
4673,1,1,1,0
4674,1,1,1,0
4675,5,1,1,0
4676,4,1,1,0
4677,1,1,1,0
4678,1,1,1,0
4679,11,1,1,0
4680,1,1,1,0
4681,1,1,1,0
4682,1,1,1,0
4683,1,1,1,0
4684,1,1,1,0
4685,6,1,1,0
4686,4,1,1,0
4687,6,1,1,0
4688,1,1,1,0
4689,7,1,1,0
4690,1,1,1,0
4691,5,1,1,0
4692,2,1,1,0
4693,7,1,1,0
4694,1,1,1,0
4695,6,1,1,0
4696,3,1,1,0
4697,3,1,1,0
4698,3,1,1,0
4699,1,1,1,0
4700,1,1,1,0
4701,7,1,1,0
4702,2,1,1,0
4703,2,1,1,0
4704,1,1,1,0
4705,11,1,1,0
4706,1,1,1,0
4707,6,1,1,0
4708,2,1,1,0
4709,1,1,1,0
4710,3,1,1,0
4711,6,1,1,0
4712,5,1,1,0
4713,1,1,1,0
4714,1,1,1,0
4715,2,1,1,0
4716,2,1,1,0
4717,1,1,1,0
4718,2,1,1,0
4719,1,1,1,0
4720,3,1,1,0
4721,2,1,1,0
4722,3,1,1,0
4723,4,1,1,0
4724,14,1,1,0
4725,1,1,1,0
4726,5,1,1,0
4727,6,1,1,0
4728,7,1,1,0
4729,6,1,1,0
4730,7,1,1,0
4731,4,1,1,0
4732,1,1,1,0
4733,12,1,1,0
4734,3,1,1,0
4735,3,1,1,0
4736,4,1,1,0
4737,3,1,1,0
4738,2,1,1,0
4739,4,1,1,0
4740,4,1,1,0
4741,3,1,1,0
4742,5,1,1,0
4743,4,1,1,0
4744,4,1,1,0
4745,8,1,1,0
4746,10,1,1,0
4747,5,1,1,0
4748,3,1,1,0
4749,2,1,1,0
4750,1,1,1,0
4751,3,1,1,0
4752,1,1,1,0
4753,2,1,1,0
4754,1,1,1,0
4755,2,1,1,0
4756,3,1,1,0
4757,4,1,1,0
4758,10,1,1,0
4759,4,1,1,0
4760,1,1,1,0
4761,1,1,1,0
4762,6,1,1,0
4763,1,1,1,0
4764,2,1,1,0
4765,3,1,1,0
4766,5,1,1,0
4767,3,1,1,0
4768,8,1,1,0
4769,1,1,1,0
4770,6,1,1,0
4771,5,1,1,0
4772,8,1,1,0
4773,7,1,1,0
4774,1,1,1,0
4775,4,1,1,0
4776,5,1,1,0
4777,10,1,1,0
4778,2,1,1,0
4779,6,1,1,0
4780,6,1,1,0
4781,13,1,1,0
4782,2,1,1,0
4783,1,1,1,0
4784,16,1,1,0
4785,4,1,1,0
4786,3,1,1,0
4787,15,1,1,0
4788,5,1,1,0
4789,1,1,1,0
4790,3,1,1,0
4791,3,1,1,0
4792,2,1,1,0
4793,2,1,1,0
4794,2,1,1,0
4795,2,1,1,0
4796,4,1,1,0
4797,6,1,1,0
4798,4,1,1,0
4799,1,1,1,0
4800,1,1,1,0
4801,6,1,1,0
4802,1,1,1,0
4803,1,1,1,0
4804,3,1,1,0
4805,5,1,1,0
4806,5,1,1,0
4807,1,1,1,0
4808,8,1,1,0
4809,4,1,1,0
4810,1,1,1,0
4811,6,1,1,0
4812,2,1,1,0
4813,5,1,1,0
4814,2,1,1,0
4815,2,1,1,0
4816,2,1,1,0
4817,5,1,1,0
4818,4,1,1,0
4819,1,1,1,0
4820,1,1,1,0
4821,13,1,1,0
4822,7,1,1,0
4823,4,1,1,0
4824,1,1,1,0
4825,6,1,1,0
4826,7,1,1,0
4827,2,1,1,0
4828,2,1,1,0
4829,6,1,1,0
4830,1,1,1,0
4831,5,1,1,0
4832,9,1,1,0
4833,5,1,1,0
4834,2,1,1,0
4835,1,1,1,0
4836,5,1,1,0
4837,4,1,1,0
4838,1,1,1,0
4839,2,1,1,0
4840,1,1,1,0
4841,2,1,1,0
4842,5,1,1,0
4843,1,1,1,0
4844,7,1,1,0
4845,13,1,1,0
4846,5,1,1,0
4847,3,1,1,0
4848,4,1,1,0
4849,1,1,1,0
4850,1,1,1,0
4851,2,1,1,0
4852,1,1,1,0
4853,3,1,1,0
4854,2,1,1,0
4855,2,1,1,0
4856,1,1,1,0
4857,7,1,1,0
4858,5,1,1,0
4859,9,1,1,0
4860,5,1,1,0
4861,4,1,1,0
4862,1,1,1,0
4863,1,1,1,0
4864,2,1,1,0
4865,3,1,1,0
4866,1,1,1,0
4867,14,1,1,0
4868,3,1,1,0
4869,1,1,1,0
4870,1,1,1,0
4871,2,1,1,0
4872,5,1,1,0
4873,2,1,1,0
4874,1,1,1,0
4875,10,1,1,0
4876,2,1,1,0
4877,1,1,1,0
4878,5,1,1,0
4879,6,1,1,0
4880,1,1,1,0
4881,3,1,1,0
4882,8,1,1,0
4883,1,1,1,0
4884,6,1,1,0
4885,2,1,1,0
4886,2,1,1,0
4887,6,1,1,0
4888,8,1,1,0
4889,5,1,1,0
4890,3,1,1,0
4891,3,1,1,0
4892,7,1,1,0
4893,1,1,1,0
4894,4,1,1,0
4895,5,1,1,0
4896,5,1,1,0
4897,4,1,1,0
4898,5,1,1,0
4899,4,1,1,0
4900,3,1,1,0
4901,1,1,1,0
4902,4,1,1,0
4903,1,1,1,0
4904,1,1,1,0
4905,3,1,1,0
4906,6,1,1,0
4907,6,1,1,0
4908,8,1,1,0
4909,2,1,1,0
4910,2,1,1,0
4911,3,1,1,0
4912,2,1,1,0
4913,10,1,1,0
4914,6,1,1,0
4915,3,1,1,0
4916,3,1,1,0
4917,4,1,1,0
4918,5,1,1,0
4919,1,1,1,0
4920,9,1,1,0
4921,3,1,1,0
4922,6,1,1,0
4923,1,1,1,0
4924,1,1,1,0
4925,2,1,1,0
4926,5,1,1,0
4927,3,1,1,0
4928,1,1,1,0
4929,1,1,1,0
4930,1,1,1,0
4931,4,1,1,0
4932,2,1,1,0
4933,2,1,1,0
4934,4,1,1,0
4935,3,1,1,0
4936,1,1,1,0
4937,3,1,1,0
4938,9,1,1,0
4939,10,1,1,0
4940,5,1,1,0
4941,6,1,1,0
4942,2,1,1,0
4943,3,1,1,0
4944,17,1,1,0
4945,2,1,1,0
4946,3,1,1,0
4947,2,1,1,0
4948,3,1,1,0
4949,3,1,1,0
4950,2,1,1,0
4951,2,1,1,0
4952,1,1,1,0
4953,7,1,1,0
4954,3,1,1,0
4955,4,1,1,0
4956,1,1,1,0
4957,2,1,1,0
4958,5,1,1,0
4959,1,1,1,0
4960,1,1,1,0
4961,2,1,1,0
4962,2,1,1,0
4963,1,1,1,0
4964,4,1,1,0
4965,7,1,1,0
4966,2,1,1,0
4967,1,1,1,0
4968,4,1,1,0
4969,5,1,1,0
4970,1,1,1,0
4971,3,1,1,0
4972,3,1,1,0
4973,2,1,1,0
4974,3,1,1,0
4975,3,1,1,0
4976,3,1,1,0
4977,2,1,1,0
4978,3,1,1,0
4979,4,1,1,0
4980,6,1,1,0
4981,2,1,1,0
4982,3,1,1,0
4983,6,1,1,0
4984,1,1,1,0
4985,4,1,1,0
4986,3,1,1,0
4987,2,1,1,0
4988,1,1,1,0
4989,3,1,1,0
4990,12,1,1,0
4991,4,1,1,0
4992,16,1,1,0
4993,5,1,1,0
4994,1,1,1,0
4995,2,1,1,0
4996,3,1,1,0
4997,4,1,1,0
4998,1,1,1,0
4999,1,1,1,0
5000,1,1,1,0
5001,8,1,1,0
5002,1,1,1,0
5003,4,1,1,0
5004,9,1,1,0
5005,3,1,1,0
5006,2,1,1,0
5007,2,1,1,0
5008,2,1,1,0
5009,1,1,1,0
5010,2,1,1,0
5011,1,1,1,0
5012,1,1,1,0
5013,3,1,1,0
5014,2,1,1,0
5015,7,1,1,0
5016,4,1,1,0
5017,5,1,1,0
5018,7,1,1,0
5019,1,1,1,0
5020,1,1,1,0
5021,4,1,1,0
5022,5,1,1,0
5023,14,1,1,0
5024,4,1,1,0
5025,2,1,1,0
5026,2,1,1,0
5027,3,1,1,0
5028,8,1,1,0
5029,8,1,1,0
5030,4,1,1,0
5031,3,1,1,0
5032,3,1,1,0
5033,2,1,1,0
5034,4,1,1,0
5035,1,1,1,0
5036,1,1,1,0
5037,3,1,1,0
5038,1,1,1,0
5039,2,1,1,0
5040,3,1,1,0
5041,3,1,1,0
5042,2,1,1,0
5043,6,1,1,0
5044,2,1,1,0
5045,3,1,1,0
5046,3,1,1,0
5047,6,1,1,0
5048,2,1,1,0
5049,1,1,1,0
5050,6,1,1,0
5051,4,1,1,0
5052,2,1,1,0
5053,6,1,1,0
5054,1,1,1,0
5055,2,1,1,0
5056,5,1,1,0
5057,7,1,1,0
5058,7,1,1,0
5059,3,1,1,0
5060,1,1,1,0
5061,1,1,1,0
5062,1,1,1,0
5063,3,1,1,0
5064,1,1,1,0
5065,5,1,1,0
5066,10,1,1,0
5067,1,1,1,0
5068,5,1,1,0
5069,1,1,1,0
5070,2,1,1,0
5071,2,1,1,0
5072,1,1,1,0
5073,2,1,1,0
5074,4,1,1,0
5075,4,1,1,0
5076,1,1,1,0
5077,4,1,1,0
5078,5,1,1,0
5079,1,1,1,0
5080,1,1,1,0
5081,3,1,1,0
5082,1,1,1,0
5083,3,1,1,0
5084,1,1,1,0
5085,1,1,1,0
5086,6,1,1,0
5087,2,1,1,0
5088,1,1,1,0
5089,1,1,1,0
5090,9,1,1,0
5091,6,1,1,0
5092,6,1,1,0
5093,8,1,1,0
5094,4,1,1,0
5095,13,1,1,0
5096,3,1,1,0
5097,7,1,1,0
5098,1,1,1,0
5099,3,1,1,0
5100,3,1,1,0
5101,2,1,1,0
5102,5,1,1,0
5103,2,1,1,0
5104,7,1,1,0
5105,5,1,1,0
5106,5,1,1,0
5107,1,1,1,0
5108,2,1,1,0
5109,1,1,1,0
5110,7,1,1,0
5111,3,1,1,0
5112,3,1,1,0
5113,3,1,1,0
5114,2,1,1,0
5115,1,1,1,0
5116,18,1,1,0
5117,1,1,1,0
5118,3,1,1,0
5119,5,1,1,0
5120,1,1,1,0
5121,2,1,1,0
5122,1,1,1,0
5123,2,1,1,0
5124,4,1,1,0
5125,2,1,1,0
5126,1,1,1,0
5127,4,1,1,0
5128,2,1,1,0
5129,1,1,1,0
5130,5,1,1,0
5131,1,1,1,0
5132,3,1,1,0
5133,1,1,1,0
5134,4,1,1,0
5135,2,1,1,0
5136,3,1,1,0
5137,4,1,1,0
5138,3,1,1,0
5139,1,1,1,0
5140,3,1,1,0
5141,1,1,1,0
5142,2,1,1,0
5143,4,1,1,0
5144,2,1,1,0
5145,4,1,1,0
5146,2,1,1,0
5147,8,1,1,0
5148,3,1,1,0
5149,1,1,1,0
5150,1,1,1,0
5151,1,1,1,0
5152,3,1,1,0
5153,14,1,1,0
5154,1,1,1,0
5155,1,1,1,0
5156,2,1,1,0
5157,7,1,1,0
5158,10,1,1,0
5159,4,1,1,0
5160,1,1,1,0
5161,3,1,1,0
5162,1,1,1,0
5163,2,1,1,0
5164,1,1,1,0
5165,11,1,1,0
5166,1,1,1,0
5167,6,1,1,0
5168,3,1,1,0
5169,2,1,1,0
5170,3,1,1,0
5171,2,1,1,0
5172,4,1,1,0
5173,3,1,1,0
5174,7,1,1,0
5175,7,1,1,0
5176,3,1,1,0
5177,4,1,1,0
5178,6,1,1,0
5179,2,1,1,0
5180,1,1,1,0
5181,3,1,1,0
5182,2,1,1,0
5183,5,1,1,0
5184,14,1,1,0
5185,1,1,1,0
5186,1,1,1,0
5187,7,1,1,0
5188,4,1,1,0
5189,1,1,1,0
5190,2,1,1,0
5191,2,1,1,0
5192,1,1,1,0
5193,4,1,1,0
5194,5,1,1,0
5195,1,1,1,0
5196,7,1,1,0
5197,3,1,1,0
5198,3,1,1,0
5199,2,1,1,0
5200,4,1,1,0
5201,3,1,1,0
5202,5,1,1,0
5203,2,1,1,0
5204,4,1,1,0
5205,1,1,1,0
5206,1,1,1,0
5207,3,1,1,0
5208,5,1,1,0
5209,1,1,1,0
5210,2,1,1,0
5211,2,1,1,0
5212,9,1,1,0
5213,6,1,1,0
5214,1,1,1,0
5215,4,1,1,0
5216,1,1,1,0
5217,3,1,1,0
5218,3,1,1,0
5219,2,1,1,0
5220,2,1,1,0
5221,2,1,1,0
5222,2,1,1,0
5223,8,1,1,0
5224,2,1,1,0
5225,13,1,1,0
5226,1,1,1,0
5227,7,1,1,0
5228,6,1,1,0
5229,8,1,1,0
5230,5,1,1,0
5231,2,1,1,0
5232,9,1,1,0
5233,1,1,1,0
5234,1,1,1,0
5235,2,1,1,0
5236,2,1,1,0
5237,6,1,1,0
5238,1,1,1,0
5239,3,1,1,0
5240,1,1,1,0
5241,5,1,1,0
5242,3,1,1,0
5243,6,1,1,0
5244,2,1,1,0
5245,9,1,1,0
5246,1,1,1,0
5247,1,1,1,0
5248,4,1,1,0
5249,5,1,1,0
5250,3,1,1,0
5251,3,1,1,0
5252,2,1,1,0
5253,1,1,1,0
5254,1,1,1,0
5255,3,1,1,0
5256,3,1,1,0
5257,2,1,1,0
5258,5,1,1,0
5259,3,1,1,0
5260,8,1,1,0
5261,4,1,1,0
5262,7,1,1,0
5263,4,1,1,0
5264,2,1,1,0
5265,1,1,1,0
5266,4,1,1,0
5267,3,1,1,0
5268,2,1,1,0
5269,1,1,1,0
5270,3,1,1,0
5271,7,1,1,0
5272,6,1,1,0
5273,1,1,1,0
5274,4,1,1,0
5275,3,1,1,0
5276,4,1,1,0
5277,8,1,1,0
5278,1,1,1,0
5279,5,1,1,0
5280,1,1,1,0
5281,4,1,1,0
5282,2,1,1,0
5283,6,1,1,0
5284,4,1,1,0
5285,2,1,1,0
5286,2,1,1,0
5287,16,1,1,0
5288,2,1,1,0
5289,10,1,1,0
5290,3,1,1,0
5291,6,1,1,0
5292,2,1,1,0
5293,3,1,1,0
5294,6,1,1,0
5295,2,1,1,0
5296,1,1,1,0
5297,5,1,1,0
5298,8,1,1,0
5299,4,1,1,0
5300,3,1,1,0
5301,2,1,1,0
5302,3,1,1,0
5303,5,1,1,0
5304,1,1,1,0
5305,1,1,1,0
5306,2,1,1,0
5307,2,1,1,0
5308,3,1,1,0
5309,2,1,1,0
5310,4,1,1,0
5311,2,1,1,0
5312,8,1,1,0
5313,5,1,1,0
5314,1,1,1,0
5315,5,1,1,0
5316,3,1,1,0
5317,3,1,1,0
5318,5,1,1,0
5319,1,1,1,0
5320,1,1,1,0
5321,6,1,1,0
5322,3,1,1,0
5323,3,1,1,0
5324,8,1,1,0
5325,1,1,1,0
5326,1,1,1,0
5327,11,1,1,0
5328,1,1,1,0
5329,7,1,1,0
5330,6,1,1,0
5331,4,1,1,0
5332,4,1,1,0
5333,2,1,1,0
5334,4,1,1,0
5335,1,1,1,0
5336,4,1,1,0
5337,3,1,1,0
5338,1,1,1,0
5339,1,1,1,0
5340,10,1,1,0
5341,6,1,1,0
5342,1,1,1,0
5343,10,1,1,0
5344,3,1,1,0
5345,3,1,1,0
5346,3,1,1,0
5347,2,1,1,0
5348,1,1,1,0
5349,5,1,1,0
5350,2,1,1,0
5351,1,1,1,0
5352,3,1,1,0
5353,4,1,1,0
5354,1,1,1,0
5355,11,1,1,0
5356,2,1,1,0
5357,3,1,1,0
5358,1,1,1,0
5359,5,1,1,0
5360,2,1,1,0
5361,3,1,1,0
5362,3,1,1,0
5363,2,1,1,0
5364,2,1,1,0
5365,4,1,1,0
5366,4,1,1,0
5367,5,1,1,0
5368,5,1,1,0
5369,4,1,1,0
5370,2,1,1,0
5371,12,1,1,0
5372,6,1,1,0
5373,1,1,1,0
5374,2,1,1,0
5375,3,1,1,0
5376,8,1,1,0
5377,5,1,1,0
5378,2,1,1,0
5379,3,1,1,0
5380,1,1,1,0
5381,3,1,1,0
5382,1,1,1,0
5383,2,1,1,0
5384,2,1,1,0
5385,2,1,1,0
5386,6,1,1,0
5387,6,1,1,0
5388,7,1,1,0
5389,6,1,1,0
5390,6,1,1,0
5391,2,1,1,0
5392,2,1,1,0
5393,3,1,1,0
5394,2,1,1,0
5395,2,1,1,0
5396,3,1,1,0
5397,2,1,1,0
5398,1,1,1,0
5399,3,1,1,0
5400,5,1,1,0
5401,1,1,1,0
5402,4,1,1,0
5403,1,1,1,0
5404,7,1,1,0
5405,1,1,1,0
5406,5,1,1,0
5407,8,1,1,0
5408,5,1,1,0
5409,5,1,1,0
5410,2,1,1,0
5411,3,1,1,0
5412,5,1,1,0
5413,1,1,1,0
5414,4,1,1,0
5415,2,1,1,0
5416,9,1,1,0
5417,1,1,1,0
5418,8,1,1,0
5419,12,1,1,0
5420,3,1,1,0
5421,3,1,1,0
5422,5,1,1,0
5423,1,1,1,0
5424,10,1,1,0
5425,4,1,1,0
5426,3,1,1,0
5427,1,1,1,0
5428,1,1,1,0
5429,2,1,1,0
5430,1,1,1,0
5431,7,1,1,0
5432,3,1,1,0
5433,2,1,1,0
5434,3,1,1,0
5435,1,1,1,0
5436,5,1,1,0
5437,1,1,1,0
5438,4,1,1,0
5439,4,1,1,0
5440,2,1,1,0
5441,2,1,1,0
5442,3,1,1,0
5443,3,1,1,0
5444,1,1,1,0
5445,3,1,1,0
5446,1,1,1,0
5447,1,1,1,0
5448,2,1,1,0
5449,2,1,1,0
5450,1,1,1,0
5451,4,1,1,0
5452,3,1,1,0
5453,8,1,1,0
5454,1,1,1,0
5455,1,1,1,0
5456,1,1,1,0
5457,4,1,1,0
5458,2,1,1,0
5459,10,1,1,0
5460,2,1,1,0
5461,6,1,1,0
5462,4,1,1,0
5463,6,1,1,0
5464,5,1,1,0
5465,9,1,1,0
5466,1,1,1,0
5467,5,1,1,0
5468,1,1,1,0
5469,6,1,1,0
5470,3,1,1,0
5471,2,1,1,0
5472,1,1,1,0
5473,3,1,1,0
5474,3,1,1,0
5475,4,1,1,0
5476,2,1,1,0
5477,2,1,1,0
5478,2,1,1,0
5479,1,1,1,0
5480,2,1,1,0
5481,3,1,1,0
5482,1,1,1,0
5483,2,1,1,0
5484,5,1,1,0
5485,2,1,1,0
5486,7,1,1,0
5487,2,1,1,0
5488,1,1,1,0
5489,7,1,1,0
5490,1,1,1,0
5491,3,1,1,0
5492,2,1,1,0
5493,3,1,1,0
5494,2,1,1,0
5495,1,1,1,0
5496,11,1,1,0
5497,4,1,1,0
5498,2,1,1,0
5499,1,1,1,0
5500,2,1,1,0
5501,2,1,1,0
5502,1,1,1,0
5503,2,1,1,0
5504,1,1,1,0
5505,7,1,1,0
5506,9,1,1,0
5507,5,1,1,0
5508,1,1,1,0
5509,3,1,1,0
5510,3,1,1,0
5511,5,1,1,0
5512,1,1,1,0
5513,14,1,1,0
5514,3,1,1,0
5515,5,1,1,0
5516,2,1,1,0
5517,4,1,1,0
5518,2,1,1,0
5519,7,1,1,0
5520,5,1,1,0
5521,2,1,1,0
5522,5,1,1,0
5523,4,1,1,0
5524,1,1,1,0
5525,2,1,1,0
5526,1,1,1,0
5527,6,1,1,0
5528,3,1,1,0
5529,2,1,1,0
5530,5,1,1,0
5531,5,1,1,0
5532,5,1,1,0
5533,3,1,1,0
5534,3,1,1,0
5535,3,1,1,0
5536,4,1,1,0
5537,5,1,1,0
5538,1,1,1,0
5539,3,1,1,0
5540,2,1,1,0
5541,7,1,1,0
5542,6,1,1,0
5543,2,1,1,0
5544,1,1,1,0
5545,3,1,1,0
5546,4,1,1,0
5547,3,1,1,0
5548,4,1,1,0
5549,5,1,1,0
5550,1,1,1,0
5551,4,1,1,0
5552,3,1,1,0
5553,10,1,1,0
5554,3,1,1,0
5555,2,1,1,0
5556,2,1,1,0
5557,6,1,1,0
5558,9,1,1,0
5559,1,1,1,0
5560,1,1,1,0
5561,5,1,1,0
5562,1,1,1,0
5563,4,1,1,0
5564,5,1,1,0
5565,4,1,1,0
5566,3,1,1,0
5567,8,1,1,0
5568,4,1,1,0
5569,11,1,1,0
5570,9,1,1,0
5571,2,1,1,0
5572,1,1,1,0
5573,4,1,1,0
5574,4,1,1,0
5575,2,1,1,0
5576,2,1,1,0
5577,2,1,1,0
5578,1,1,1,0
5579,2,1,1,0
5580,7,1,1,0
5581,1,1,1,0
5582,3,1,1,0
5583,3,1,1,0
5584,3,1,1,0
5585,6,1,1,0
5586,3,1,1,0
5587,5,1,1,0
5588,8,1,1,0
5589,2,1,1,0
5590,3,1,1,0
5591,2,1,1,0
5592,3,1,1,0
5593,4,1,1,0
5594,6,1,1,0
5595,4,1,1,0
5596,4,1,1,0
5597,3,1,1,0
5598,2,1,1,0
5599,3,1,1,0
5600,4,1,1,0
5601,1,1,1,0
5602,3,1,1,0
5603,5,1,1,0
5604,1,1,1,0
5605,11,1,1,0
5606,2,1,1,0
5607,3,1,1,0
5608,11,1,1,0
5609,1,1,1,0
5610,3,1,1,0
5611,1,1,1,0
5612,5,1,1,0
5613,7,1,1,0
5614,1,1,1,0
5615,8,1,1,0
5616,2,1,1,0
5617,5,1,1,0
5618,1,1,1,0
5619,1,1,1,0
5620,3,1,1,0
5621,4,1,1,0
5622,2,1,1,0
5623,6,1,1,0
5624,13,1,1,0
5625,1,1,1,0
5626,4,1,1,0
5627,5,1,1,0
5628,3,1,1,0
5629,1,1,1,0
5630,3,1,1,0
5631,2,1,1,0
5632,7,1,1,0
5633,3,1,1,0
5634,1,1,1,0
5635,1,1,1,0
5636,2,1,1,0
5637,5,1,1,0
5638,3,1,1,0
5639,7,1,1,0
5640,1,1,1,0
5641,4,1,1,0
5642,4,1,1,0
5643,4,1,1,0
5644,5,1,1,0
5645,3,1,1,0
5646,7,1,1,0
5647,3,1,1,0
5648,2,1,1,0
5649,9,1,1,0
5650,11,1,1,0
5651,1,1,1,0
5652,6,1,1,0
5653,2,1,1,0
5654,6,1,1,0
5655,2,1,1,0
5656,3,1,1,0
5657,1,1,1,0
5658,3,1,1,0
5659,1,1,1,0
5660,4,1,1,0
5661,2,1,1,0
5662,4,1,1,0
5663,2,1,1,0
5664,1,1,1,0
5665,1,1,1,0
5666,1,1,1,0
5667,1,1,1,0
5668,4,1,1,0
5669,2,1,1,0
5670,1,1,1,0
5671,1,1,1,0
5672,9,1,1,0
5673,1,1,1,0
5674,4,1,1,0
5675,2,1,1,0
5676,5,1,1,0
5677,5,1,1,0
5678,3,1,1,0
5679,4,1,1,0
5680,1,1,1,0
5681,8,1,1,0
5682,2,1,1,0
5683,9,1,1,0
5684,2,1,1,0
5685,4,1,1,0
5686,1,1,1,0
5687,13,1,1,0
5688,4,1,1,0
5689,5,1,1,0
5690,5,1,1,0
5691,1,1,1,0
5692,1,1,1,0
5693,7,1,1,0
5694,3,1,1,0
5695,3,1,1,0
5696,6,1,1,0
5697,3,1,1,0
5698,3,1,1,0
5699,2,1,1,0
5700,4,1,1,0
5701,1,1,1,0
5702,3,1,1,0
5703,2,1,1,0
5704,3,1,1,0
5705,2,1,1,0
5706,7,1,1,0
5707,1,1,1,0
5708,2,1,1,0
5709,1,1,1,0
5710,1,1,1,0
5711,2,1,1,0
5712,4,1,1,0
5713,3,1,1,0
5714,5,1,1,0
5715,4,1,1,0
5716,5,1,1,0
5717,4,1,1,0
5718,2,1,1,0
5719,10,1,1,0
5720,5,1,1,0
5721,7,1,1,0
5722,3,1,1,0
5723,2,1,1,0
5724,2,1,1,0
5725,2,1,1,0
5726,1,1,1,0
5727,2,1,1,0
5728,2,1,1,0
5729,8,1,1,0
5730,2,1,1,0
5731,5,1,1,0
5732,4,1,1,0
5733,1,1,1,0
5734,1,1,1,0
5735,2,1,1,0
5736,3,1,1,0
5737,3,1,1,0
5738,1,1,1,0
5739,4,1,1,0
5740,3,1,1,0
5741,2,1,1,0
5742,1,1,1,0
5743,2,1,1,0
5744,4,1,1,0
5745,1,1,1,0
5746,1,1,1,0
5747,3,1,1,0
5748,3,1,1,0
5749,2,1,1,0
5750,4,1,1,0
5751,1,1,1,0
5752,1,1,1,0
5753,5,1,1,0
5754,2,1,1,0
5755,1,1,1,0
5756,1,1,1,0
5757,1,1,1,0
5758,6,1,1,0
5759,3,1,1,0
5760,13,1,1,0
5761,2,1,1,0
5762,23,1,1,0
5763,2,1,1,0
5764,1,1,1,0
5765,7,1,1,0
5766,9,1,1,0
5767,4,1,1,0
5768,5,1,1,0
5769,2,1,1,0
5770,1,1,1,0
5771,1,1,1,0
5772,5,1,1,0
5773,1,1,1,0
5774,9,1,1,0
5775,3,1,1,0
5776,1,1,1,0
5777,4,1,1,0
5778,6,1,1,0
5779,1,1,1,0
5780,5,1,1,0
5781,1,1,1,0
5782,4,1,1,0
5783,2,1,1,0
5784,2,1,1,0
5785,8,1,1,0
5786,3,1,1,0
5787,3,1,1,0
5788,1,1,1,0
5789,3,1,1,0
5790,5,1,1,0
5791,5,1,1,0
5792,2,1,1,0
5793,8,1,1,0
5794,2,1,1,0
5795,3,1,1,0
5796,1,1,1,0
5797,4,1,1,0
5798,5,1,1,0
5799,9,1,1,0
5800,2,1,1,0
5801,3,1,1,0
5802,1,1,1,0
5803,2,1,1,0
5804,1,1,1,0
5805,6,1,1,0
5806,2,1,1,0
5807,3,1,1,0
5808,1,1,1,0
5809,9,1,1,0
5810,5,1,1,0
5811,1,1,1,0
5812,5,1,1,0
5813,1,1,1,0
5814,10,1,1,0
5815,3,1,1,0
5816,3,1,1,0
5817,1,1,1,0
5818,1,1,1,0
5819,2,1,1,0
5820,2,1,1,0
5821,3,1,1,0
5822,2,1,1,0
5823,5,1,1,0
5824,5,1,1,0
5825,4,1,1,0
5826,1,1,1,0
5827,1,1,1,0
5828,1,1,1,0
5829,2,1,1,0
5830,3,1,1,0
5831,5,1,1,0
5832,1,1,1,0
5833,6,1,1,0
5834,4,1,1,0
5835,2,1,1,0
5836,2,1,1,0
5837,2,1,1,0
5838,1,1,1,0
5839,5,1,1,0
5840,1,1,1,0
5841,4,1,1,0
5842,3,1,1,0
5843,4,1,1,0
5844,1,1,1,0
5845,3,1,1,0
5846,8,1,1,0
5847,3,1,1,0
5848,6,1,1,0
5849,3,1,1,0
5850,1,1,1,0
5851,6,1,1,0
5852,1,1,1,0
5853,2,1,1,0
5854,1,1,1,0
5855,4,1,1,0
5856,2,1,1,0
5857,7,1,1,0
5858,2,1,1,0
5859,10,1,1,0
5860,1,1,1,0
5861,2,1,1,0
5862,1,1,1,0
5863,1,1,1,0
5864,4,1,1,0
5865,1,1,1,0
5866,3,1,1,0
5867,4,1,1,0
5868,3,1,1,0
5869,3,1,1,0
5870,4,1,1,0
5871,1,1,1,0
5872,2,1,1,0
5873,7,1,1,0
5874,1,1,1,0
5875,6,1,1,0
5876,3,1,1,0
5877,1,1,1,0
5878,1,1,1,0
5879,1,1,1,0
5880,3,1,1,0
5881,1,1,1,0
5882,13,1,1,0
5883,3,1,1,0
5884,8,1,1,0
5885,1,1,1,0
5886,2,1,1,0
5887,1,1,1,0
5888,3,1,1,0
5889,1,1,1,0
5890,1,1,1,0
5891,1,1,1,0
5892,1,1,1,0
5893,8,1,1,0
5894,3,1,1,0
5895,1,1,1,0
5896,1,1,1,0
5897,4,1,1,0
5898,1,1,1,0
5899,1,1,1,0
5900,9,1,1,0
5901,5,1,1,0
5902,4,1,1,0
5903,7,1,1,0
5904,1,1,1,0
5905,6,1,1,0
5906,3,1,1,0
5907,5,1,1,0
5908,4,1,1,0
5909,6,1,1,0
5910,3,1,1,0
5911,10,1,1,0
5912,4,1,1,0
5913,4,1,1,0
5914,1,1,1,0
5915,3,1,1,0
5916,2,1,1,0
5917,3,1,1,0
5918,1,1,1,0
5919,4,1,1,0
5920,2,1,1,0
5921,6,1,1,0
5922,2,1,1,0
5923,1,1,1,0
5924,5,1,1,0
5925,3,1,1,0
5926,7,1,1,0
5927,3,1,1,0
5928,5,1,1,0
5929,12,1,1,0
5930,4,1,1,0
5931,7,1,1,0
5932,9,1,1,0
5933,3,1,1,0
5934,4,1,1,0
5935,2,1,1,0
5936,2,1,1,0
5937,2,1,1,0
5938,7,1,1,0
5939,7,1,1,0
5940,12,1,1,0
5941,5,1,1,0
5942,1,1,1,0
5943,12,1,1,0
5944,9,1,1,0
5945,5,1,1,0
5946,2,1,1,0
5947,4,1,1,0
5948,1,1,1,0
5949,3,1,1,0
5950,13,1,1,0
5951,1,1,1,0
5952,5,1,1,0
5953,7,1,1,0
5954,5,1,1,0
5955,5,1,1,0
5956,3,1,1,0
5957,6,1,1,0
5958,1,1,1,0
5959,1,1,1,0
5960,2,1,1,0
5961,1,1,1,0
5962,4,1,1,0
5963,8,1,1,0
5964,2,1,1,0
5965,1,1,1,0
5966,4,1,1,0
5967,6,1,1,0
5968,2,1,1,0
5969,2,1,1,0
5970,4,1,1,0
5971,1,1,1,0
5972,1,1,1,0
5973,3,1,1,0
5974,2,1,1,0
5975,3,1,1,0
5976,2,1,1,0
5977,3,1,1,0
5978,2,1,1,0
5979,4,1,1,0
5980,1,1,1,0
5981,12,1,1,0
5982,2,1,1,0
5983,4,1,1,0
5984,1,1,1,0
5985,5,1,1,0
5986,1,1,1,0
5987,4,1,1,0
5988,1,1,1,0
5989,5,1,1,0
5990,1,1,1,0
5991,1,1,1,0
5992,3,1,1,0
5993,2,1,1,0
5994,2,1,1,0
5995,2,1,1,0
5996,7,1,1,0
5997,1,1,1,0
5998,1,1,1,0
5999,2,1,1,0
6000,4,1,1,0
6001,1,1,1,0
6002,3,1,1,0
6003,3,1,1,0
6004,6,1,1,0
6005,8,1,1,0
6006,3,1,1,0
6007,1,1,1,0
6008,9,1,1,0
6009,6,1,1,0
6010,1,1,1,0
6011,5,1,1,0
6012,7,1,1,0
6013,2,1,1,0
6014,4,1,1,0
6015,2,1,1,0
6016,1,1,1,0
6017,3,1,1,0
6018,2,1,1,0
6019,3,1,1,0
6020,2,1,1,0
6021,6,1,1,0
6022,7,1,1,0
6023,5,1,1,0
6024,5,1,1,0
6025,5,1,1,0
6026,4,1,1,0
6027,1,1,1,0
6028,1,1,1,0
6029,1,1,1,0
6030,2,1,1,0
6031,2,1,1,0
6032,2,1,1,0
6033,1,1,1,0
6034,12,1,1,0
6035,4,1,1,0
6036,4,1,1,0
6037,5,1,1,0
6038,3,1,1,0
6039,3,1,1,0
6040,1,1,1,0
6041,2,1,1,0
6042,3,1,1,0
6043,2,1,1,0
6044,4,1,1,0
6045,3,1,1,0
6046,1,1,1,0
6047,2,1,1,0
6048,1,1,1,0
6049,4,1,1,0
6050,9,1,1,0
6051,4,1,1,0
6052,2,1,1,0
6053,1,1,1,0
6054,1,1,1,0
6055,4,1,1,0
6056,2,1,1,0
6057,3,1,1,0
6058,2,1,1,0
6059,3,1,1,0
6060,6,1,1,0
6061,1,1,1,0
6062,1,1,1,0
6063,1,1,1,0
6064,2,1,1,0
6065,11,1,1,0
6066,8,1,1,0
6067,5,1,1,0
6068,7,1,1,0
6069,2,1,1,0
6070,1,1,1,0
6071,3,1,1,0
6072,2,1,1,0
6073,1,1,1,0
6074,7,1,1,0
6075,1,1,1,0
6076,2,1,1,0
6077,2,1,1,0
6078,4,1,1,0
6079,1,1,1,0
6080,5,1,1,0
6081,5,1,1,0
6082,1,1,1,0
6083,2,1,1,0
6084,4,1,1,0
6085,3,1,1,0
6086,1,1,1,0
6087,5,1,1,0
6088,7,1,1,0
6089,3,1,1,0
6090,1,1,1,0
6091,8,1,1,0
6092,7,1,1,0
6093,5,1,1,0
6094,2,1,1,0
6095,2,1,1,0
6096,7,1,1,0
6097,2,1,1,0
6098,1,1,1,0
6099,1,1,1,0
6100,6,1,1,0
6101,3,1,1,0
6102,5,1,1,0
6103,1,1,1,0
6104,5,1,1,0
6105,5,1,1,0
6106,2,1,1,0
6107,4,1,1,0
6108,5,1,1,0
6109,3,1,1,0
6110,1,1,1,0
6111,1,1,1,0
6112,1,1,1,0
6113,3,1,1,0
6114,4,1,1,0
6115,5,1,1,0
6116,2,1,1,0
6117,6,1,1,0
6118,2,1,1,0
6119,5,1,1,0
6120,1,1,1,0
6121,1,1,1,0
6122,2,1,1,0
6123,2,1,1,0
6124,4,1,1,0
6125,1,1,1,0
6126,1,1,1,0
6127,3,1,1,0
6128,10,1,1,0
6129,6,1,1,0
6130,4,1,1,0
6131,4,1,1,0
6132,3,1,1,0
6133,2,1,1,0
6134,2,1,1,0
6135,5,1,1,0
6136,3,1,1,0
6137,1,1,1,0
6138,1,1,1,0
6139,6,1,1,0
6140,10,1,1,0
6141,2,1,1,0
6142,3,1,1,0
6143,17,1,1,0
6144,1,1,1,0
6145,4,1,1,0
6146,3,1,1,0
6147,3,1,1,0
6148,2,1,1,0
6149,5,1,1,0
6150,3,1,1,0
6151,9,1,1,0
6152,1,1,1,0
6153,8,1,1,0
6154,1,1,1,0
6155,2,1,1,0
6156,3,1,1,0
6157,1,1,1,0
6158,1,1,1,0
6159,2,1,1,0
6160,2,1,1,0
6161,5,1,1,0
6162,1,1,1,0
6163,5,1,1,0
6164,4,1,1,0
6165,1,1,1,0
6166,1,1,1,0
6167,3,1,1,0
6168,6,1,1,0
6169,3,1,1,0
6170,2,1,1,0
6171,4,1,1,0
6172,3,1,1,0
6173,1,1,1,0
6174,4,1,1,0
6175,1,1,1,0
6176,2,1,1,0
6177,3,1,1,0
6178,1,1,1,0
6179,1,1,1,0
6180,3,1,1,0
6181,3,1,1,0
6182,4,1,1,0
6183,4,1,1,0
6184,1,1,1,0
6185,3,1,1,0
6186,1,1,1,0
6187,7,1,1,0
6188,7,1,1,0
6189,1,1,1,0
6190,1,1,1,0
6191,5,1,1,0
6192,1,1,1,0
6193,1,1,1,0
6194,4,1,1,0
6195,2,1,1,0
6196,1,1,1,0
6197,2,1,1,0
6198,1,1,1,0
6199,6,1,1,0
6200,1,1,1,0
6201,4,1,1,0
6202,2,1,1,0
6203,3,1,1,0
6204,5,1,1,0
6205,5,1,1,0
6206,3,1,1,0
6207,3,1,1,0
6208,1,1,1,0
6209,10,1,1,0
6210,1,1,1,0
6211,1,1,1,0
6212,7,1,1,0
6213,7,1,1,0
6214,13,1,1,0
6215,1,1,1,0
6216,3,1,1,0
6217,1,1,1,0
6218,1,1,1,0
6219,5,1,1,0
6220,3,1,1,0
6221,1,1,1,0
6222,4,1,1,0
6223,5,1,1,0
6224,4,1,1,0
6225,1,1,1,0
6226,8,1,1,0
6227,4,1,1,0
6228,2,1,1,0
6229,10,1,1,0
6230,13,1,1,0
6231,3,1,1,0
6232,1,1,1,0
6233,5,1,1,0
6234,1,1,1,0
6235,1,1,1,0
6236,13,1,1,0
6237,3,1,1,0
6238,5,1,1,0
6239,16,1,1,0
6240,7,1,1,0
6241,1,1,1,0
6242,6,1,1,0
6243,2,1,1,0
6244,2,1,1,0
6245,3,1,1,0
6246,3,1,1,0
6247,8,1,1,0
6248,2,1,1,0
6249,5,1,1,0
6250,2,1,1,0
6251,2,1,1,0
6252,10,1,1,0
6253,3,1,1,0
6254,3,1,1,0
6255,2,1,1,0
6256,1,1,1,0
6257,4,1,1,0
6258,1,1,1,0
6259,6,1,1,0
6260,3,1,1,0
6261,3,1,1,0
6262,6,1,1,0
6263,5,1,1,0
6264,3,1,1,0
6265,1,1,1,0
6266,3,1,1,0
6267,2,1,1,0
6268,2,1,1,0
6269,3,1,1,0
6270,1,1,1,0
6271,6,1,1,0
6272,8,1,1,0
6273,2,1,1,0
6274,1,1,1,0
6275,10,1,1,0
6276,2,1,1,0
6277,3,1,1,0
6278,1,1,1,0
6279,3,1,1,0
6280,8,1,1,0
6281,5,1,1,0
6282,1,1,1,0
6283,4,1,1,0
6284,6,1,1,0
6285,4,1,1,0
6286,11,1,1,0
6287,4,1,1,0
6288,1,1,1,0
6289,5,1,1,0
6290,3,1,1,0
6291,2,1,1,0
6292,2,1,1,0
6293,3,1,1,0
6294,2,1,1,0
6295,1,1,1,0
6296,2,1,1,0
6297,8,1,1,0
6298,7,1,1,0
6299,1,1,1,0
6300,3,1,1,0
6301,7,1,1,0
6302,1,1,1,0
6303,6,1,1,0
6304,13,1,1,0
6305,2,1,1,0
6306,13,1,1,0
6307,5,1,1,0
6308,2,1,1,0
6309,4,1,1,0
6310,9,1,1,0
6311,1,1,1,0
6312,3,1,1,0
6313,3,1,1,0
6314,2,1,1,0
6315,15,1,1,0
6316,3,1,1,0
6317,3,1,1,0
6318,1,1,1,0
6319,3,1,1,0
6320,9,1,1,0
6321,1,1,1,0
6322,1,1,1,0
6323,3,1,1,0
6324,3,1,1,0
6325,3,1,1,0
6326,2,1,1,0
6327,1,1,1,0
6328,10,1,1,0
6329,6,1,1,0
6330,3,1,1,0
6331,4,1,1,0
6332,2,1,1,0
6333,2,1,1,0
6334,8,1,1,0
6335,1,1,1,0
6336,7,1,1,0
6337,2,1,1,0
6338,4,1,1,0
6339,2,1,1,0
6340,4,1,1,0
6341,1,1,1,0
6342,5,1,1,0
6343,1,1,1,0
6344,3,1,1,0
6345,3,1,1,0
6346,3,1,1,0
6347,4,1,1,0
6348,12,1,1,0
6349,6,1,1,0
6350,7,1,1,0
6351,7,1,1,0
6352,3,1,1,0
6353,2,1,1,0
6354,1,1,1,0
6355,5,1,1,0
6356,1,1,1,0
6357,1,1,1,0
6358,1,1,1,0
6359,4,1,1,0
6360,2,1,1,0
6361,5,1,1,0
6362,7,1,1,0
6363,4,1,1,0
6364,1,1,1,0
6365,6,1,1,0
6366,11,1,1,0
6367,2,1,1,0
6368,2,1,1,0
6369,1,1,1,0
6370,1,1,1,0
6371,4,1,1,0
6372,2,1,1,0
6373,1,1,1,0
6374,6,1,1,0
6375,4,1,1,0
6376,1,1,1,0
6377,3,1,1,0
6378,7,1,1,0
6379,9,1,1,0
6380,1,1,1,0
6381,1,1,1,0
6382,9,1,1,0
6383,1,1,1,0
6384,2,1,1,0
6385,1,1,1,0
6386,3,1,1,0
6387,2,1,1,0
6388,8,1,1,0
6389,4,1,1,0
6390,1,1,1,0
6391,1,1,1,0
6392,5,1,1,0
6393,3,1,1,0
6394,4,1,1,0
6395,2,1,1,0
6396,4,1,1,0
6397,1,1,1,0
6398,3,1,1,0
6399,1,1,1,0
6400,2,1,1,0
6401,8,1,1,0
6402,2,1,1,0
6403,1,1,1,0
6404,2,1,1,0
6405,4,1,1,0
6406,2,1,1,0
6407,3,1,1,0
6408,5,1,1,0
6409,1,1,1,0
6410,5,1,1,0
6411,1,1,1,0
6412,10,1,1,0
6413,9,1,1,0
6414,2,1,1,0
6415,11,1,1,0
6416,2,1,1,0
6417,5,1,1,0
6418,4,1,1,0
6419,9,1,1,0
6420,8,1,1,0
6421,2,1,1,0
6422,1,1,1,0
6423,1,1,1,0
6424,5,1,1,0
6425,2,1,1,0
6426,5,1,1,0
6427,2,1,1,0
6428,1,1,1,0
6429,2,1,1,0
6430,1,1,1,0
6431,2,1,1,0
6432,7,1,1,0
6433,4,1,1,0
6434,3,1,1,0
6435,1,1,1,0
6436,3,1,1,0
6437,6,1,1,0
6438,5,1,1,0
6439,8,1,1,0
6440,7,1,1,0
6441,1,1,1,0
6442,2,1,1,0
6443,8,1,1,0
6444,4,1,1,0
6445,1,1,1,0
6446,4,1,1,0
6447,1,1,1,0
6448,1,1,1,0
6449,1,1,1,0
6450,1,1,1,0
6451,3,1,1,0
6452,7,1,1,0
6453,2,1,1,0
6454,4,1,1,0
6455,2,1,1,0
6456,1,1,1,0
6457,1,1,1,0
6458,3,1,1,0
6459,3,1,1,0
6460,3,1,1,0
6461,8,1,1,0
6462,1,1,1,0
6463,2,1,1,0
6464,3,1,1,0
6465,8,1,1,0
6466,3,1,1,0
6467,3,1,1,0
6468,2,1,1,0
6469,2,1,1,0
6470,3,1,1,0
6471,4,1,1,0
6472,6,1,1,0
6473,1,1,1,0
6474,2,1,1,0
6475,3,1,1,0
6476,3,1,1,0
6477,2,1,1,0
6478,4,1,1,0
6479,6,1,1,0
6480,5,1,1,0
6481,1,1,1,0
6482,2,1,1,0
6483,4,1,1,0
6484,1,1,1,0
6485,3,1,1,0
6486,4,1,1,0
6487,2,1,1,0
6488,7,1,1,0
6489,1,1,1,0
6490,8,1,1,0
6491,4,1,1,0
6492,2,1,1,0
6493,4,1,1,0
6494,3,1,1,0
6495,12,1,1,0
6496,5,1,1,0
6497,3,1,1,0
6498,2,1,1,0
6499,4,1,1,0
6500,1,1,1,0
6501,4,1,1,0
6502,2,1,1,0
6503,11,1,1,0
6504,10,1,1,0
6505,7,1,1,0
6506,2,1,1,0
6507,4,1,1,0
6508,1,1,1,0
6509,2,1,1,0
6510,4,1,1,0
6511,1,1,1,0
6512,1,1,1,0
6513,5,1,1,0
6514,1,1,1,0
6515,1,1,1,0
6516,5,1,1,0
6517,1,1,1,0
6518,2,1,1,0
6519,2,1,1,0
6520,5,1,1,0
6521,5,1,1,0
6522,3,1,1,0
6523,2,1,1,0
6524,1,1,1,0
6525,5,1,1,0
6526,6,1,1,0
6527,3,1,1,0
6528,5,1,1,0
6529,1,1,1,0
6530,3,1,1,0
6531,4,1,1,0
6532,8,1,1,0
6533,3,1,1,0
6534,5,1,1,0
6535,1,1,1,0
6536,4,1,1,0
6537,3,1,1,0
6538,1,1,1,0
6539,4,1,1,0
6540,1,1,1,0
6541,1,1,1,0
6542,9,1,1,0
6543,11,1,1,0
6544,6,1,1,0
6545,4,1,1,0
6546,2,1,1,0
6547,1,1,1,0
6548,1,1,1,0
6549,1,1,1,0
6550,2,1,1,0
6551,1,1,1,0
6552,2,1,1,0
6553,2,1,1,0
6554,2,1,1,0
6555,7,1,1,0
6556,4,1,1,0
6557,6,1,1,0
6558,2,1,1,0
6559,1,1,1,0
6560,1,1,1,0
6561,1,1,1,0
6562,2,1,1,0
6563,2,1,1,0
6564,1,1,1,0
6565,1,1,1,0
6566,14,1,1,0
6567,3,1,1,0
6568,1,1,1,0
6569,6,1,1,0
6570,3,1,1,0
6571,3,1,1,0
6572,1,1,1,0
6573,2,1,1,0
6574,2,1,1,0
6575,3,1,1,0
6576,8,1,1,0
6577,1,1,1,0
6578,4,1,1,0
6579,4,1,1,0
6580,5,1,1,0
6581,9,1,1,0
6582,8,1,1,0
6583,1,1,1,0
6584,2,1,1,0
6585,2,1,1,0
6586,3,1,1,0
6587,2,1,1,0
6588,2,1,1,0
6589,19,1,1,0
6590,4,1,1,0
6591,10,1,1,0
6592,7,1,1,0
6593,3,1,1,0
6594,7,1,1,0
6595,11,1,1,0
6596,4,1,1,0
6597,1,1,1,0
6598,2,1,1,0
6599,2,1,1,0
6600,2,1,1,0
6601,1,1,1,0
6602,2,1,1,0
6603,6,1,1,0
6604,1,1,1,0
6605,2,1,1,0
6606,1,1,1,0
6607,3,1,1,0
6608,2,1,1,0
6609,6,1,1,0
6610,1,1,1,0
6611,1,1,1,0
6612,4,1,1,0
6613,1,1,1,0
6614,3,1,1,0
6615,4,1,1,0
6616,2,1,1,0
6617,1,1,1,0
6618,2,1,1,0
6619,1,1,1,0
6620,1,1,1,0
6621,8,1,1,0
6622,2,1,1,0
6623,5,1,1,0
6624,5,1,1,0
6625,1,1,1,0
6626,1,1,1,0
6627,7,1,1,0
6628,6,1,1,0
6629,8,1,1,0
6630,4,1,1,0
6631,9,1,1,0
6632,2,1,1,0
6633,2,1,1,0
6634,3,1,1,0
6635,7,1,1,0
6636,2,1,1,0
6637,8,1,1,0
6638,2,1,1,0
6639,1,1,1,0
6640,4,1,1,0
6641,6,1,1,0
6642,3,1,1,0
6643,6,1,1,0
6644,3,1,1,0
6645,9,1,1,0
6646,4,1,1,0
6647,2,1,1,0
6648,3,1,1,0
6649,2,1,1,0
6650,3,1,1,0
6651,3,1,1,0
6652,2,1,1,0
6653,4,1,1,0
6654,4,1,1,0
6655,6,1,1,0
6656,5,1,1,0
6657,2,1,1,0
6658,2,1,1,0
6659,1,1,1,0
6660,1,1,1,0
6661,3,1,1,0
6662,3,1,1,0
6663,6,1,1,0
6664,5,1,1,0
6665,8,1,1,0
6666,6,1,1,0
6667,1,1,1,0
6668,7,1,1,0
6669,3,1,1,0
6670,3,1,1,0
6671,5,1,1,0
6672,1,1,1,0
6673,2,1,1,0
6674,4,1,1,0
6675,7,1,1,0
6676,7,1,1,0
6677,22,1,1,0
6678,2,1,1,0
6679,4,1,1,0
6680,1,1,1,0
6681,2,1,1,0
6682,1,1,1,0
6683,4,1,1,0
6684,4,1,1,0
6685,4,1,1,0
6686,4,1,1,0
6687,2,1,1,0
6688,6,1,1,0
6689,1,1,1,0
6690,1,1,1,0
6691,1,1,1,0
6692,10,1,1,0
6693,3,1,1,0
6694,2,1,1,0
6695,1,1,1,0
6696,6,1,1,0
6697,4,1,1,0
6698,5,1,1,0
6699,2,1,1,0
6700,3,1,1,0
6701,6,1,1,0
6702,2,1,1,0
6703,8,1,1,0
6704,1,1,1,0
6705,11,1,1,0
6706,3,1,1,0
6707,4,1,1,0
6708,8,1,1,0
6709,5,1,1,0
6710,1,1,1,0
6711,3,1,1,0
6712,8,1,1,0
6713,3,1,1,0
6714,3,1,1,0
6715,3,1,1,0
6716,6,1,1,0
6717,10,1,1,0
6718,9,1,1,0
6719,3,1,1,0
6720,2,1,1,0
6721,1,1,1,0
6722,9,1,1,0
6723,1,1,1,0
6724,4,1,1,0
6725,1,1,1,0
6726,1,1,1,0
6727,3,1,1,0
6728,6,1,1,0
6729,10,1,1,0
6730,2,1,1,0
6731,3,1,1,0
6732,4,1,1,0
6733,2,1,1,0
6734,1,1,1,0
6735,3,1,1,0
6736,2,1,1,0
6737,3,1,1,0
6738,3,1,1,0
6739,5,1,1,0
6740,6,1,1,0
6741,2,1,1,0
6742,1,1,1,0
6743,2,1,1,0
6744,4,1,1,0
6745,3,1,1,0
6746,5,1,1,0
6747,2,1,1,0
6748,1,1,1,0
6749,2,1,1,0
6750,4,1,1,0
6751,3,1,1,0
6752,1,1,1,0
6753,2,1,1,0
6754,4,1,1,0
6755,1,1,1,0
6756,5,1,1,0
6757,1,1,1,0
6758,1,1,1,0
6759,1,1,1,0
6760,4,1,1,0
6761,1,1,1,0
6762,3,1,1,0
6763,2,1,1,0
6764,4,1,1,0
6765,3,1,1,0
6766,1,1,1,0
6767,1,1,1,0
6768,5,1,1,0
6769,1,1,1,0
6770,1,1,1,0
6771,5,1,1,0
6772,3,1,1,0
6773,8,1,1,0
6774,1,1,1,0
6775,6,1,1,0
6776,4,1,1,0
6777,1,1,1,0
6778,3,1,1,0
6779,1,1,1,0
6780,1,1,1,0
6781,3,1,1,0
6782,1,1,1,0
6783,5,1,1,0
6784,3,1,1,0
6785,8,1,1,0
6786,1,1,1,0
6787,3,1,1,0
6788,4,1,1,0
6789,5,1,1,0
6790,7,1,1,0
6791,5,1,1,0
6792,2,1,1,0
6793,1,1,1,0
6794,1,1,1,0
6795,2,1,1,0
6796,2,1,1,0
6797,8,1,1,0
6798,4,1,1,0
6799,2,1,1,0
6800,2,1,1,0
6801,5,1,1,0
6802,1,1,1,0
6803,4,1,1,0
6804,2,1,1,0
6805,2,1,1,0
6806,3,1,1,0
6807,1,1,1,0
6808,4,1,1,0
6809,4,1,1,0
6810,5,1,1,0
6811,5,1,1,0
6812,1,1,1,0
6813,1,1,1,0
6814,3,1,1,0
6815,5,1,1,0
6816,2,1,1,0
6817,2,1,1,0
6818,1,1,1,0
6819,3,1,1,0
6820,2,1,1,0
6821,8,1,1,0
6822,6,1,1,0
6823,5,1,1,0
6824,1,1,1,0
6825,1,1,1,0
6826,1,1,1,0
6827,7,1,1,0
6828,1,1,1,0
6829,2,1,1,0
6830,2,1,1,0
6831,3,1,1,0
6832,1,1,1,0
6833,3,1,1,0
6834,3,1,1,0
6835,6,1,1,0
6836,3,1,1,0
6837,4,1,1,0
6838,2,1,1,0
6839,2,1,1,0
6840,1,1,1,0
6841,7,1,1,0
6842,4,1,1,0
6843,4,1,1,0
6844,1,1,1,0
6845,3,1,1,0
6846,4,1,1,0
6847,1,1,1,0
6848,5,1,1,0
6849,3,1,1,0
6850,7,1,1,0
6851,1,1,1,0
6852,3,1,1,0
6853,1,1,1,0
6854,4,1,1,0
6855,5,1,1,0
6856,6,1,1,0
6857,5,1,1,0
6858,2,1,1,0
6859,5,1,1,0
6860,2,1,1,0
6861,5,1,1,0
6862,3,1,1,0
6863,2,1,1,0
6864,1,1,1,0
6865,4,1,1,0
6866,1,1,1,0
6867,5,1,1,0
6868,1,1,1,0
6869,4,1,1,0
6870,1,1,1,0
6871,1,1,1,0
6872,3,1,1,0
6873,1,1,1,0
6874,2,1,1,0
6875,11,1,1,0
6876,6,1,1,0
6877,6,1,1,0
6878,5,1,1,0
6879,1,1,1,0
6880,7,1,1,0
6881,4,1,1,0
6882,5,1,1,0
6883,1,1,1,0
6884,1,1,1,0
6885,1,1,1,0
6886,5,1,1,0
6887,4,1,1,0
6888,3,1,1,0
6889,4,1,1,0
6890,3,1,1,0
6891,3,1,1,0
6892,13,1,1,0
6893,1,1,1,0
6894,3,1,1,0
6895,4,1,1,0
6896,1,1,1,0
6897,5,1,1,0
6898,1,1,1,0
6899,1,1,1,0
6900,6,1,1,0
6901,3,1,1,0
6902,4,1,1,0
6903,4,1,1,0
6904,2,1,1,0
6905,3,1,1,0
6906,3,1,1,0
6907,1,1,1,0
6908,3,1,1,0
6909,7,1,1,0
6910,3,1,1,0
6911,1,1,1,0
6912,4,1,1,0
6913,5,1,1,0
6914,2,1,1,0
6915,6,1,1,0
6916,1,1,1,0
6917,1,1,1,0
6918,2,1,1,0
6919,6,1,1,0
6920,7,1,1,0
6921,5,1,1,0
6922,7,1,1,0
6923,22,1,1,0
6924,1,1,1,0
6925,1,1,1,0
6926,2,1,1,0
6927,2,1,1,0
6928,8,1,1,0
6929,14,1,1,0
6930,3,1,1,0
6931,3,1,1,0
6932,3,1,1,0
6933,5,1,1,0
6934,2,1,1,0
6935,3,1,1,0
6936,9,1,1,0
6937,1,1,1,0
6938,5,1,1,0
6939,4,1,1,0
6940,1,1,1,0
6941,1,1,1,0
6942,1,1,1,0
6943,5,1,1,0
6944,1,1,1,0
6945,3,1,1,0
6946,6,1,1,0
6947,2,1,1,0
6948,1,1,1,0
6949,1,1,1,0
6950,10,1,1,0
6951,1,1,1,0
6952,2,1,1,0
6953,4,1,1,0
6954,4,1,1,0
6955,14,1,1,0
6956,2,1,1,0
6957,11,1,1,0
6958,1,1,1,0
6959,3,1,1,0
6960,2,1,1,0
6961,2,1,1,0
6962,5,1,1,0
6963,2,1,1,0
6964,1,1,1,0
6965,2,1,1,0
6966,3,1,1,0
6967,1,1,1,0
6968,7,1,1,0
6969,4,1,1,0
6970,3,1,1,0
6971,7,1,1,0
6972,1,1,1,0
6973,7,1,1,0
6974,5,1,1,0
6975,1,1,1,0
6976,2,1,1,0
6977,1,1,1,0
6978,5,1,1,0
6979,1,1,1,0
6980,7,1,1,0
6981,5,1,1,0
6982,2,1,1,0
6983,2,1,1,0
6984,4,1,1,0
6985,2,1,1,0
6986,3,1,1,0
6987,4,1,1,0
6988,5,1,1,0
6989,4,1,1,0
6990,6,1,1,0
6991,13,1,1,0
6992,2,1,1,0
6993,1,1,1,0
6994,2,1,1,0
6995,4,1,1,0
6996,3,1,1,0
6997,1,1,1,0
6998,2,1,1,0
6999,2,1,1,0
7000,2,1,1,0
7001,7,1,1,0
7002,7,1,1,0
7003,4,1,1,0
7004,5,1,1,0
7005,6,1,1,0
7006,1,1,1,0
7007,1,1,1,0
7008,3,1,1,0
7009,1,1,1,0
7010,6,1,1,0
7011,1,1,1,0
7012,3,1,1,0
7013,3,1,1,0
7014,3,1,1,0
7015,3,1,1,0
7016,5,1,1,0
7017,3,1,1,0
7018,3,1,1,0
7019,6,1,1,0
7020,1,1,1,0
7021,1,1,1,0
7022,2,1,1,0
7023,7,1,1,0
7024,2,1,1,0
7025,4,1,1,0
7026,1,1,1,0
7027,3,1,1,0
7028,2,1,1,0
7029,1,1,1,0
7030,2,1,1,0
7031,2,1,1,0
7032,3,1,1,0
7033,1,1,1,0
7034,3,1,1,0
7035,1,1,1,0
7036,6,1,1,0
7037,1,1,1,0
7038,3,1,1,0
7039,7,1,1,0
7040,1,1,1,0
7041,2,1,1,0
7042,7,1,1,0
7043,5,1,1,0
7044,4,1,1,0
7045,1,1,1,0
7046,6,1,1,0
7047,7,1,1,0
7048,3,1,1,0
7049,2,1,1,0
7050,5,1,1,0
7051,11,1,1,0
7052,1,1,1,0
7053,2,1,1,0
7054,4,1,1,0
7055,1,1,1,0
7056,2,1,1,0
7057,2,1,1,0
7058,1,1,1,0
7059,3,1,1,0
7060,3,1,1,0
7061,4,1,1,0
7062,1,1,1,0
7063,1,1,1,0
7064,5,1,1,0
7065,5,1,1,0
7066,4,1,1,0
7067,2,1,1,0
7068,3,1,1,0
7069,7,1,1,0
7070,2,1,1,0
7071,5,1,1,0
7072,1,1,1,0
7073,2,1,1,0
7074,7,1,1,0
7075,1,1,1,0
7076,1,1,1,0
7077,5,1,1,0
7078,4,1,1,0
7079,8,1,1,0
7080,9,1,1,0
7081,2,1,1,0
7082,2,1,1,0
7083,5,1,1,0
7084,6,1,1,0
7085,1,1,1,0
7086,2,1,1,0
7087,5,1,1,0
7088,9,1,1,0
7089,13,1,1,0
7090,1,1,1,0
7091,5,1,1,0
7092,8,1,1,0
7093,1,1,1,0
7094,3,1,1,0
7095,1,1,1,0
7096,1,1,1,0
7097,3,1,1,0
7098,5,1,1,0
7099,6,1,1,0
7100,1,1,1,0
7101,1,1,1,0
7102,1,1,1,0
7103,2,1,1,0
7104,10,1,1,0
7105,12,1,1,0
7106,11,1,1,0
7107,5,1,1,0
7108,2,1,1,0
7109,8,1,1,0
7110,15,1,1,0
7111,1,1,1,0
7112,2,1,1,0
7113,2,1,1,0
7114,4,1,1,0
7115,7,1,1,0
7116,8,1,1,0
7117,3,1,1,0
7118,1,1,1,0
7119,1,1,1,0
7120,5,1,1,0
7121,2,1,1,0
7122,3,1,1,0
7123,4,1,1,0
7124,1,1,1,0
7125,7,1,1,0
7126,1,1,1,0
7127,6,1,1,0
7128,7,1,1,0
7129,7,1,1,0
7130,5,1,1,0
7131,1,1,1,0
7132,2,1,1,0
7133,2,1,1,0
7134,3,1,1,0
7135,8,1,1,0
7136,2,1,1,0
7137,2,1,1,0
7138,5,1,1,0
7139,5,1,1,0
7140,1,1,1,0
7141,2,1,1,0
7142,4,1,1,0
7143,1,1,1,0
7144,1,1,1,0
7145,7,1,1,0
7146,1,1,1,0
7147,1,1,1,0
7148,4,1,1,0
7149,10,1,1,0
7150,3,1,1,0
7151,9,1,1,0
7152,2,1,1,0
7153,1,1,1,0
7154,1,1,1,0
7155,1,1,1,0
7156,7,1,1,0
7157,8,1,1,0
7158,8,1,1,0
7159,1,1,1,0
7160,7,1,1,0
7161,6,1,1,0
7162,5,1,1,0
7163,2,1,1,0
7164,4,1,1,0
7165,1,1,1,0
7166,1,1,1,0
7167,4,1,1,0
7168,1,1,1,0
7169,4,1,1,0
7170,10,1,1,0
7171,1,1,1,0
7172,5,1,1,0
7173,6,1,1,0
7174,1,1,1,0
7175,5,1,1,0
7176,1,1,1,0
7177,9,1,1,0
7178,4,1,1,0
7179,3,1,1,0
7180,1,1,1,0
7181,3,1,1,0
7182,1,1,1,0
7183,11,1,1,0
7184,1,1,1,0
7185,2,1,1,0
7186,13,1,1,0
7187,2,1,1,0
7188,10,1,1,0
7189,4,1,1,0
7190,4,1,1,0
7191,2,1,1,0
7192,2,1,1,0
7193,8,1,1,0
7194,1,1,1,0
7195,4,1,1,0
7196,4,1,1,0
7197,10,1,1,0
7198,4,1,1,0
7199,3,1,1,0
7200,1,1,1,0
7201,3,1,1,0
7202,1,1,1,0
7203,1,1,1,0
7204,2,1,1,0
7205,3,1,1,0
7206,1,1,1,0
7207,1,1,1,0
7208,10,1,1,0
7209,1,1,1,0
7210,4,1,1,0
7211,2,1,1,0
7212,7,1,1,0
7213,7,1,1,0
7214,1,1,1,0
7215,1,1,1,0
7216,1,1,1,0
7217,2,1,1,0
7218,5,1,1,0
7219,1,1,1,0
7220,2,1,1,0
7221,3,1,1,0
7222,2,1,1,0
7223,2,1,1,0
7224,5,1,1,0
7225,7,1,1,0
7226,2,1,1,0
7227,8,1,1,0
7228,4,1,1,0
7229,3,1,1,0
7230,3,1,1,0
7231,2,1,1,0
7232,3,1,1,0
7233,5,1,1,0
7234,3,1,1,0
7235,2,1,1,0
7236,3,1,1,0
7237,1,1,1,0
7238,7,1,1,0
7239,1,1,1,0
7240,1,1,1,0
7241,1,1,1,0
7242,6,1,1,0
7243,6,1,1,0
7244,4,1,1,0
7245,2,1,1,0
7246,6,1,1,0
7247,3,1,1,0
7248,4,1,1,0
7249,2,1,1,0
7250,6,1,1,0
7251,1,1,1,0
7252,8,1,1,0
7253,3,1,1,0
7254,2,1,1,0
7255,4,1,1,0
7256,1,1,1,0
7257,1,1,1,0
7258,2,1,1,0
7259,1,1,1,0
7260,3,1,1,0
7261,5,1,1,0
7262,4,1,1,0
7263,3,1,1,0
7264,1,1,1,0
7265,1,1,1,0
7266,1,1,1,0
7267,4,1,1,0
7268,3,1,1,0
7269,5,1,1,0
7270,9,1,1,0
7271,2,1,1,0
7272,5,1,1,0
7273,1,1,1,0
7274,1,1,1,0
7275,1,1,1,0
7276,3,1,1,0
7277,2,1,1,0
7278,8,1,1,0
7279,6,1,1,0
7280,6,1,1,0
7281,3,1,1,0
7282,2,1,1,0
7283,1,1,1,0
7284,14,1,1,0
7285,3,1,1,0
7286,4,1,1,0
7287,1,1,1,0
7288,5,1,1,0
7289,5,1,1,0
7290,2,1,1,0
7291,1,1,1,0
7292,1,1,1,0
7293,9,1,1,0
7294,8,1,1,0
7295,4,1,1,0
7296,5,1,1,0
7297,4,1,1,0
7298,3,1,1,0
7299,1,1,1,0
7300,1,1,1,0
7301,3,1,1,0
7302,3,1,1,0
7303,6,1,1,0
7304,11,1,1,0
7305,3,1,1,0
7306,4,1,1,0
7307,5,1,1,0
7308,1,1,1,0
7309,1,1,1,0
7310,1,1,1,0
7311,3,1,1,0
7312,1,1,1,0
7313,2,1,1,0
7314,3,1,1,0
7315,5,1,1,0
7316,5,1,1,0
7317,3,1,1,0
7318,2,1,1,0
7319,1,1,1,0
7320,3,1,1,0
7321,8,1,1,0
7322,1,1,1,0
7323,2,1,1,0
7324,8,1,1,0
7325,1,1,1,0
7326,2,1,1,0
7327,1,1,1,0
7328,2,1,1,0
7329,2,1,1,0
7330,3,1,1,0
7331,1,1,1,0
7332,1,1,1,0
7333,1,1,1,0
7334,1,1,1,0
7335,7,1,1,0
7336,3,1,1,0
7337,2,1,1,0
7338,2,1,1,0
7339,2,1,1,0
7340,1,1,1,0
7341,3,1,1,0
7342,10,1,1,0
7343,1,1,1,0
7344,2,1,1,0
7345,3,1,1,0
7346,3,1,1,0
7347,3,1,1,0
7348,1,1,1,0
7349,3,1,1,0
7350,3,1,1,0
7351,3,1,1,0
7352,1,1,1,0
7353,3,1,1,0
7354,11,1,1,0
7355,1,1,1,0
7356,6,1,1,0
7357,2,1,1,0
7358,10,1,1,0
7359,1,1,1,0
7360,3,1,1,0
7361,4,1,1,0
7362,2,1,1,0
7363,3,1,1,0
7364,5,1,1,0
7365,1,1,1,0
7366,8,1,1,0
7367,3,1,1,0
7368,3,1,1,0
7369,2,1,1,0
7370,2,1,1,0
7371,10,1,1,0
7372,5,1,1,0
7373,9,1,1,0
7374,2,1,1,0
7375,1,1,1,0
7376,1,1,1,0
7377,1,1,1,0
7378,1,1,1,0
7379,1,1,1,0
7380,3,1,1,0
7381,10,1,1,0
7382,2,1,1,0
7383,3,1,1,0
7384,3,1,1,0
7385,9,1,1,0
7386,2,1,1,0
7387,2,1,1,0
7388,7,1,1,0
7389,3,1,1,0
7390,3,1,1,0
7391,3,1,1,0
7392,2,1,1,0
7393,4,1,1,0
7394,1,1,1,0
7395,3,1,1,0
7396,5,1,1,0
7397,4,1,1,0
7398,1,1,1,0
7399,1,1,1,0
7400,1,1,1,0
7401,6,1,1,0
7402,4,1,1,0
7403,7,1,1,0
7404,4,1,1,0
7405,1,1,1,0
7406,9,1,1,0
7407,13,1,1,0
7408,2,1,1,0
7409,6,1,1,0
7410,3,1,1,0
7411,5,1,1,0
7412,1,1,1,0
7413,3,1,1,0
7414,3,1,1,0
7415,3,1,1,0
7416,1,1,1,0
7417,1,1,1,0
7418,5,1,1,0
7419,2,1,1,0
7420,4,1,1,0
7421,1,1,1,0
7422,11,1,1,0
7423,5,1,1,0
7424,1,1,1,0
7425,10,1,1,0
7426,5,1,1,0
7427,3,1,1,0
7428,1,1,1,0
7429,5,1,1,0
7430,3,1,1,0
7431,1,1,1,0
7432,4,1,1,0
7433,4,1,1,0
7434,3,1,1,0
7435,8,1,1,0
7436,3,1,1,0
7437,2,1,1,0
7438,2,1,1,0
7439,4,1,1,0
7440,4,1,1,0
7441,7,1,1,0
7442,5,1,1,0
7443,4,1,1,0
7444,1,1,1,0
7445,6,1,1,0
7446,1,1,1,0
7447,1,1,1,0
7448,2,1,1,0
7449,2,1,1,0
7450,1,1,1,0
7451,4,1,1,0
7452,2,1,1,0
7453,3,1,1,0
7454,1,1,1,0
7455,1,1,1,0
7456,3,1,1,0
7457,1,1,1,0
7458,3,1,1,0
7459,1,1,1,0
7460,1,1,1,0
7461,2,1,1,0
7462,1,1,1,0
7463,1,1,1,0
7464,1,1,1,0
7465,3,1,1,0
7466,1,1,1,0
7467,2,1,1,0
7468,5,1,1,0
7469,3,1,1,0
7470,4,1,1,0
7471,3,1,1,0
7472,5,1,1,0
7473,1,1,1,0
7474,2,1,1,0
7475,4,1,1,0
7476,11,1,1,0
7477,5,1,1,0
7478,5,1,1,0
7479,1,1,1,0
7480,9,1,1,0
7481,5,1,1,0
7482,3,1,1,0
7483,4,1,1,0
7484,2,1,1,0
7485,4,1,1,0
7486,2,1,1,0
7487,1,1,1,0
7488,7,1,1,0
7489,1,1,1,0
7490,1,1,1,0
7491,3,1,1,0
7492,11,1,1,0
7493,3,1,1,0
7494,1,1,1,0
7495,5,1,1,0
7496,6,1,1,0
7497,2,1,1,0
7498,3,1,1,0
7499,2,1,1,0
7500,8,1,1,0
7501,3,1,1,0
7502,2,1,1,0
7503,3,1,1,0
7504,1,1,1,0
7505,5,1,1,0
7506,1,1,1,0
7507,4,1,1,0
7508,3,1,1,0
7509,4,1,1,0
7510,3,1,1,0
7511,5,1,1,0
7512,3,1,1,0
7513,1,1,1,0
7514,1,1,1,0
7515,7,1,1,0
7516,4,1,1,0
7517,1,1,1,0
7518,3,1,1,0
7519,2,1,1,0
7520,2,1,1,0
7521,1,1,1,0
7522,3,1,1,0
7523,2,1,1,0
7524,6,1,1,0
7525,1,1,1,0
7526,3,1,1,0
7527,4,1,1,0
7528,3,1,1,0
7529,1,1,1,0
7530,1,1,1,0
7531,9,1,1,0
7532,5,1,1,0
7533,1,1,1,0
7534,4,1,1,0
7535,7,1,1,0
7536,7,1,1,0
7537,1,1,1,0
7538,1,1,1,0
7539,3,1,1,0
7540,5,1,1,0
7541,1,1,1,0
7542,3,1,1,0
7543,1,1,1,0
7544,4,1,1,0
7545,6,1,1,0
7546,2,1,1,0
7547,2,1,1,0
7548,2,1,1,0
7549,3,1,1,0
7550,2,1,1,0
7551,8,1,1,0
7552,2,1,1,0
7553,4,1,1,0
7554,5,1,1,0
7555,2,1,1,0
7556,2,1,1,0
7557,8,1,1,0
7558,1,1,1,0
7559,7,1,1,0
7560,3,1,1,0
7561,9,1,1,0
7562,1,1,1,0
7563,1,1,1,0
7564,6,1,1,0
7565,3,1,1,0
7566,2,1,1,0
7567,1,1,1,0
7568,3,1,1,0
7569,2,1,1,0
7570,1,1,1,0
7571,5,1,1,0
7572,1,1,1,0
7573,1,1,1,0
7574,1,1,1,0
7575,1,1,1,0
7576,7,1,1,0
7577,6,1,1,0
7578,1,1,1,0
7579,1,1,1,0
7580,3,1,1,0
7581,3,1,1,0
7582,4,1,1,0
7583,7,1,1,0
7584,2,1,1,0
7585,1,1,1,0
7586,1,1,1,0
7587,3,1,1,0
7588,2,1,1,0
7589,1,1,1,0
7590,1,1,1,0
7591,3,1,1,0
7592,1,1,1,0
7593,6,1,1,0
7594,5,1,1,0
7595,11,1,1,0
7596,1,1,1,0
7597,3,1,1,0
7598,2,1,1,0
7599,2,1,1,0
7600,6,1,1,0
7601,2,1,1,0
7602,8,1,1,0
7603,3,1,1,0
7604,1,1,1,0
7605,3,1,1,0
7606,2,1,1,0
7607,6,1,1,0
7608,3,1,1,0
7609,5,1,1,0
7610,4,1,1,0
7611,11,1,1,0
7612,9,1,1,0
7613,2,1,1,0
7614,6,1,1,0
7615,5,1,1,0
7616,2,1,1,0
7617,4,1,1,0
7618,1,1,1,0
7619,1,1,1,0
7620,1,1,1,0
7621,2,1,1,0
7622,8,1,1,0
7623,1,1,1,0
7624,3,1,1,0
7625,2,1,1,0
7626,4,1,1,0
7627,1,1,1,0
7628,4,1,1,0
7629,3,1,1,0
7630,8,1,1,0
7631,4,1,1,0
7632,1,1,1,0
7633,2,1,1,0
7634,1,1,1,0
7635,3,1,1,0
7636,1,1,1,0
7637,4,1,1,0
7638,3,1,1,0
7639,14,1,1,0
7640,2,1,1,0
7641,1,1,1,0
7642,8,1,1,0
7643,2,1,1,0
7644,1,1,1,0
7645,5,1,1,0
7646,4,1,1,0
7647,1,1,1,0
7648,2,1,1,0
7649,3,1,1,0
7650,6,1,1,0
7651,1,1,1,0
7652,8,1,1,0
7653,8,1,1,0
7654,11,1,1,0
7655,4,1,1,0
7656,2,1,1,0
7657,5,1,1,0
7658,11,1,1,0
7659,2,1,1,0
7660,2,1,1,0
7661,2,1,1,0
7662,3,1,1,0
7663,3,1,1,0
7664,1,1,1,0
7665,2,1,1,0
7666,3,1,1,0
7667,6,1,1,0
7668,1,1,1,0
7669,3,1,1,0
7670,4,1,1,0
7671,2,1,1,0
7672,1,1,1,0
7673,3,1,1,0
7674,1,1,1,0
7675,3,1,1,0
7676,3,1,1,0
7677,6,1,1,0
7678,1,1,1,0
7679,1,1,1,0
7680,2,1,1,0
7681,4,1,1,0
7682,5,1,1,0
7683,7,1,1,0
7684,3,1,1,0
7685,1,1,1,0
7686,4,1,1,0
7687,1,1,1,0
7688,2,1,1,0
7689,2,1,1,0
7690,4,1,1,0
7691,2,1,1,0
7692,7,1,1,0
7693,3,1,1,0
7694,4,1,1,0
7695,3,1,1,0
7696,3,1,1,0
7697,4,1,1,0
7698,2,1,1,0
7699,2,1,1,0
7700,3,1,1,0
7701,1,1,1,0
7702,1,1,1,0
7703,6,1,1,0
7704,2,1,1,0
7705,2,1,1,0
7706,1,1,1,0
7707,4,1,1,0
7708,4,1,1,0
7709,1,1,1,0
7710,2,1,1,0
7711,3,1,1,0
7712,4,1,1,0
7713,1,1,1,0
7714,4,1,1,0
7715,3,1,1,0
7716,1,1,1,0
7717,6,1,1,0
7718,2,1,1,0
7719,1,1,1,0
7720,4,1,1,0
7721,1,1,1,0
7722,2,1,1,0
7723,6,1,1,0
7724,7,1,1,0
7725,1,1,1,0
7726,3,1,1,0
7727,1,1,1,0
7728,1,1,1,0
7729,3,1,1,0
7730,2,1,1,0
7731,2,1,1,0
7732,11,1,1,0
7733,3,1,1,0
7734,1,1,1,0
7735,11,1,1,0
7736,7,1,1,0
7737,1,1,1,0
7738,1,1,1,0
7739,8,1,1,0
7740,7,1,1,0
7741,1,1,1,0
7742,2,1,1,0
7743,1,1,1,0
7744,3,1,1,0
7745,3,1,1,0
7746,7,1,1,0
7747,9,1,1,0
7748,1,1,1,0
7749,3,1,1,0
7750,3,1,1,0
7751,7,1,1,0
7752,7,1,1,0
7753,2,1,1,0
7754,1,1,1,0
7755,7,1,1,0
7756,1,1,1,0
7757,6,1,1,0
7758,2,1,1,0
7759,5,1,1,0
7760,5,1,1,0
7761,1,1,1,0
7762,3,1,1,0
7763,3,1,1,0
7764,5,1,1,0
7765,1,1,1,0
7766,3,1,1,0
7767,8,1,1,0
7768,9,1,1,0
7769,1,1,1,0
7770,4,1,1,0
7771,3,1,1,0
7772,1,1,1,0
7773,11,1,1,0
7774,6,1,1,0
7775,6,1,1,0
7776,3,1,1,0
7777,3,1,1,0
7778,2,1,1,0
7779,2,1,1,0
7780,3,1,1,0
7781,5,1,1,0
7782,3,1,1,0
7783,4,1,1,0
7784,2,1,1,0
7785,1,1,1,0
7786,1,1,1,0
7787,4,1,1,0
7788,8,1,1,0
7789,2,1,1,0
7790,2,1,1,0
7791,3,1,1,0
7792,3,1,1,0
7793,7,1,1,0
7794,1,1,1,0
7795,4,1,1,0
7796,2,1,1,0
7797,1,1,1,0
7798,9,1,1,0
7799,3,1,1,0
7800,1,1,1,0
7801,4,1,1,0
7802,1,1,1,0
7803,5,1,1,0
7804,2,1,1,0
7805,2,1,1,0
7806,3,1,1,0
7807,5,1,1,0
7808,7,1,1,0
7809,11,1,1,0
7810,3,1,1,0
7811,1,1,1,0
7812,2,1,1,0
7813,6,1,1,0
7814,4,1,1,0
7815,4,1,1,0
7816,2,1,1,0
7817,1,1,1,0
7818,2,1,1,0
7819,4,1,1,0
7820,1,1,1,0
7821,1,1,1,0
7822,7,1,1,0
7823,2,1,1,0
7824,7,1,1,0
7825,4,1,1,0
7826,11,1,1,0
7827,14,1,1,0
7828,1,1,1,0
7829,5,1,1,0
7830,2,1,1,0
7831,3,1,1,0
7832,5,1,1,0
7833,3,1,1,0
7834,4,1,1,0
7835,1,1,1,0
7836,5,1,1,0
7837,2,1,1,0
7838,8,1,1,0
7839,3,1,1,0
7840,4,1,1,0
7841,3,1,1,0
7842,3,1,1,0
7843,3,1,1,0
7844,1,1,1,0
7845,2,1,1,0
7846,1,1,1,0
7847,2,1,1,0
7848,4,1,1,0
7849,7,1,1,0
7850,2,1,1,0
7851,8,1,1,0
7852,7,1,1,0
7853,3,1,1,0
7854,8,1,1,0
7855,6,1,1,0
7856,4,1,1,0
7857,3,1,1,0
7858,9,1,1,0
7859,4,1,1,0
7860,3,1,1,0
7861,1,1,1,0
7862,3,1,1,0
7863,3,1,1,0
7864,3,1,1,0
7865,2,1,1,0
7866,4,1,1,0
7867,2,1,1,0
7868,4,1,1,0
7869,4,1,1,0
7870,2,1,1,0
7871,10,1,1,0
7872,2,1,1,0
7873,2,1,1,0
7874,2,1,1,0
7875,8,1,1,0
7876,2,1,1,0
7877,6,1,1,0
7878,3,1,1,0
7879,1,1,1,0
7880,6,1,1,0
7881,3,1,1,0
7882,5,1,1,0
7883,1,1,1,0
7884,9,1,1,0
7885,14,1,1,0
7886,2,1,1,0
7887,9,1,1,0
7888,2,1,1,0
7889,4,1,1,0
7890,2,1,1,0
7891,3,1,1,0
7892,8,1,1,0
7893,4,1,1,0
7894,3,1,1,0
7895,3,1,1,0
7896,3,1,1,0
7897,1,1,1,0
7898,3,1,1,0
7899,2,1,1,0
7900,1,1,1,0
7901,1,1,1,0
7902,4,1,1,0
7903,2,1,1,0
7904,5,1,1,0
7905,7,1,1,0
7906,4,1,1,0
7907,5,1,1,0
7908,5,1,1,0
7909,2,1,1,0
7910,3,1,1,0
7911,2,1,1,0
7912,4,1,1,0
7913,3,1,1,0
7914,9,1,1,0
7915,1,1,1,0
7916,3,1,1,0
7917,1,1,1,0
7918,5,1,1,0
7919,1,1,1,0
7920,2,1,1,0
7921,10,1,1,0
7922,6,1,1,0
7923,2,1,1,0
7924,2,1,1,0
7925,1,1,1,0
7926,10,1,1,0
7927,3,1,1,0
7928,1,1,1,0
7929,1,1,1,0
7930,3,1,1,0
7931,5,1,1,0
7932,4,1,1,0
7933,6,1,1,0
7934,2,1,1,0
7935,1,1,1,0
7936,2,1,1,0
7937,4,1,1,0
7938,5,1,1,0
7939,3,1,1,0
7940,3,1,1,0
7941,6,1,1,0
7942,1,1,1,0
7943,5,1,1,0
7944,1,1,1,0
7945,4,1,1,0
7946,1,1,1,0
7947,5,1,1,0
7948,1,1,1,0
7949,1,1,1,0
7950,2,1,1,0
7951,4,1,1,0
7952,2,1,1,0
7953,10,1,1,0
7954,3,1,1,0
7955,3,1,1,0
7956,2,1,1,0
7957,3,1,1,0
7958,4,1,1,0
7959,5,1,1,0
7960,1,1,1,0
7961,1,1,1,0
7962,2,1,1,0
7963,1,1,1,0
7964,1,1,1,0
7965,1,1,1,0
7966,5,1,1,0
7967,2,1,1,0
7968,4,1,1,0
7969,3,1,1,0
7970,1,1,1,0
7971,4,1,1,0
7972,7,1,1,0
7973,2,1,1,0
7974,2,1,1,0
7975,5,1,1,0
7976,4,1,1,0
7977,2,1,1,0
7978,3,1,1,0
7979,2,1,1,0
7980,2,1,1,0
7981,1,1,1,0
7982,4,1,1,0
7983,6,1,1,0
7984,2,1,1,0
7985,3,1,1,0
7986,3,1,1,0
7987,1,1,1,0
7988,1,1,1,0
7989,4,1,1,0
7990,12,1,1,0
7991,4,1,1,0
7992,15,1,1,0
7993,3,1,1,0
7994,2,1,1,0
7995,2,1,1,0
7996,1,1,1,0
7997,7,1,1,0
7998,1,1,1,0
7999,2,1,1,0
8000,3,1,1,0
8001,1,1,1,0
8002,3,1,1,0
8003,5,1,1,0
8004,2,1,1,0
8005,2,1,1,0
8006,3,1,1,0
8007,5,1,1,0
8008,1,1,1,0
8009,5,1,1,0
8010,5,1,1,0
8011,2,1,1,0
8012,10,1,1,0
8013,4,1,1,0
8014,1,1,1,0
8015,7,1,1,0
8016,3,1,1,0
8017,8,1,1,0
8018,11,1,1,0
8019,5,1,1,0
8020,2,1,1,0
8021,1,1,1,0
8022,2,1,1,0
8023,8,1,1,0
8024,2,1,1,0
8025,2,1,1,0
8026,6,1,1,0
8027,10,1,1,0
8028,2,1,1,0
8029,16,1,1,0
8030,5,1,1,0
8031,1,1,1,0
8032,8,1,1,0
8033,1,1,1,0
8034,4,1,1,0
8035,4,1,1,0
8036,1,1,1,0
8037,1,1,1,0
8038,3,1,1,0
8039,4,1,1,0
8040,2,1,1,0
8041,8,1,1,0
8042,5,1,1,0
8043,1,1,1,0
8044,2,1,1,0
8045,5,1,1,0
8046,3,1,1,0
8047,4,1,1,0
8048,2,1,1,0
8049,1,1,1,0
8050,2,1,1,0
8051,3,1,1,0
8052,2,1,1,0
8053,2,1,1,0
8054,4,1,1,0
8055,8,1,1,0
8056,1,1,1,0
8057,4,1,1,0
8058,9,1,1,0
8059,2,1,1,0
8060,6,1,1,0
8061,2,1,1,0
8062,7,1,1,0
8063,1,1,1,0
8064,2,1,1,0
8065,1,1,1,0
8066,4,1,1,0
8067,2,1,1,0
8068,6,1,1,0
8069,2,1,1,0
8070,2,1,1,0
8071,6,1,1,0
8072,1,1,1,0
8073,3,1,1,0
8074,3,1,1,0
8075,3,1,1,0
8076,4,1,1,0
8077,1,1,1,0
8078,9,1,1,0
8079,1,1,1,0
8080,4,1,1,0
8081,6,1,1,0
8082,13,1,1,0
8083,7,1,1,0
8084,4,1,1,0
8085,4,1,1,0
8086,2,1,1,0
8087,2,1,1,0
8088,1,1,1,0
8089,2,1,1,0
8090,7,1,1,0
8091,2,1,1,0
8092,3,1,1,0
8093,4,1,1,0
8094,3,1,1,0
8095,2,1,1,0
8096,3,1,1,0
8097,1,1,1,0
8098,1,1,1,0
8099,4,1,1,0
8100,8,1,1,0
8101,6,1,1,0
8102,2,1,1,0
8103,5,1,1,0
8104,3,1,1,0
8105,1,1,1,0
8106,1,1,1,0
8107,2,1,1,0
8108,9,1,1,0
8109,3,1,1,0
8110,4,1,1,0
8111,4,1,1,0
8112,14,1,1,0
8113,4,1,1,0
8114,3,1,1,0
8115,12,1,1,0
8116,4,1,1,0
8117,4,1,1,0
8118,8,1,1,0
8119,3,1,1,0
8120,5,1,1,0
8121,4,1,1,0
8122,6,1,1,0
8123,5,1,1,0
8124,1,1,1,0
8125,2,1,1,0
8126,1,1,1,0
8127,1,1,1,0
8128,2,1,1,0
8129,5,1,1,0
8130,4,1,1,0
8131,1,1,1,0
8132,3,1,1,0
8133,3,1,1,0
8134,1,1,1,0
8135,5,1,1,0
8136,2,1,1,0
8137,4,1,1,0
8138,2,1,1,0
8139,3,1,1,0
8140,1,1,1,0
8141,2,1,1,0
8142,6,1,1,0
8143,2,1,1,0
8144,2,1,1,0
8145,1,1,1,0
8146,1,1,1,0
8147,13,1,1,0
8148,5,1,1,0
8149,3,1,1,0
8150,6,1,1,0
8151,2,1,1,0
8152,3,1,1,0
8153,1,1,1,0
8154,1,1,1,0
8155,4,1,1,0
8156,2,1,1,0
8157,5,1,1,0
8158,3,1,1,0
8159,2,1,1,0
8160,3,1,1,0
8161,3,1,1,0
8162,6,1,1,0
8163,2,1,1,0
8164,2,1,1,0
8165,4,1,1,0
8166,2,1,1,0
8167,5,1,1,0
8168,3,1,1,0
8169,1,1,1,0
8170,3,1,1,0
8171,2,1,1,0
8172,1,1,1,0
8173,4,1,1,0
8174,1,1,1,0
8175,10,1,1,0
8176,2,1,1,0
8177,1,1,1,0
8178,14,1,1,0
8179,3,1,1,0
8180,7,1,1,0
8181,7,1,1,0
8182,1,1,1,0
8183,1,1,1,0
8184,2,1,1,0
8185,11,1,1,0
8186,4,1,1,0
8187,2,1,1,0
8188,1,1,1,0
8189,2,1,1,0
8190,5,1,1,0
8191,1,1,1,0
8192,1,1,1,0
8193,7,1,1,0
8194,1,1,1,0
8195,1,1,1,0
8196,4,1,1,0
8197,2,1,1,0
8198,2,1,1,0
8199,5,1,1,0
8200,8,1,1,0
8201,2,1,1,0
8202,1,1,1,0
8203,1,1,1,0
8204,1,1,1,0
8205,1,1,1,0
8206,6,1,1,0
8207,1,1,1,0
8208,2,1,1,0
8209,2,1,1,0
8210,2,1,1,0
8211,1,1,1,0
8212,1,1,1,0
8213,4,1,1,0
8214,5,1,1,0
8215,9,1,1,0
8216,6,1,1,0
8217,4,1,1,0
8218,3,1,1,0
8219,8,1,1,0
8220,3,1,1,0
8221,2,1,1,0
8222,5,1,1,0
8223,3,1,1,0
8224,2,1,1,0
8225,5,1,1,0
8226,2,1,1,0
8227,5,1,1,0
8228,4,1,1,0
8229,2,1,1,0
8230,1,1,1,0
8231,1,1,1,0
8232,3,1,1,0
8233,8,1,1,0
8234,2,1,1,0
8235,3,1,1,0
8236,4,1,1,0
8237,4,1,1,0
8238,1,1,1,0
8239,11,1,1,0
8240,7,1,1,0
8241,4,1,1,0
8242,5,1,1,0
8243,5,1,1,0
8244,2,1,1,0
8245,4,1,1,0
8246,6,1,1,0
8247,4,1,1,0
8248,9,1,1,0
8249,1,1,1,0
8250,5,1,1,0
8251,7,1,1,0
8252,4,1,1,0
8253,2,1,1,0
8254,6,1,1,0
8255,8,1,1,0
8256,3,1,1,0
8257,4,1,1,0
8258,4,1,1,0
8259,6,1,1,0
8260,2,1,1,0
8261,4,1,1,0
8262,1,1,1,0
8263,6,1,1,0
8264,8,1,1,0
8265,4,1,1,0
8266,4,1,1,0
8267,1,1,1,0
8268,4,1,1,0
8269,7,1,1,0
8270,6,1,1,0
8271,3,1,1,0
8272,2,1,1,0
8273,11,1,1,0
8274,2,1,1,0
8275,1,1,1,0
8276,4,1,1,0
8277,2,1,1,0
8278,10,1,1,0
8279,2,1,1,0
8280,3,1,1,0
8281,4,1,1,0
8282,5,1,1,0
8283,1,1,1,0
8284,3,1,1,0
8285,2,1,1,0
8286,2,1,1,0
8287,1,1,1,0
8288,1,1,1,0
8289,2,1,1,0
8290,2,1,1,0
8291,1,1,1,0
8292,7,1,1,0
8293,1,1,1,0
8294,5,1,1,0
8295,2,1,1,0
8296,1,1,1,0
8297,1,1,1,0
8298,3,1,1,0
8299,3,1,1,0
8300,10,1,1,0
8301,6,1,1,0
8302,3,1,1,0
8303,1,1,1,0
8304,3,1,1,0
8305,8,1,1,0
8306,6,1,1,0
8307,3,1,1,0
8308,4,1,1,0
8309,1,1,1,0
8310,2,1,1,0
8311,5,1,1,0
8312,3,1,1,0
8313,4,1,1,0
8314,1,1,1,0
8315,6,1,1,0
8316,1,1,1,0
8317,4,1,1,0
8318,2,1,1,0
8319,1,1,1,0
8320,2,1,1,0
8321,1,1,1,0
8322,1,1,1,0
8323,4,1,1,0
8324,7,1,1,0
8325,7,1,1,0
8326,5,1,1,0
8327,8,1,1,0
8328,1,1,1,0
8329,4,1,1,0
8330,2,1,1,0
8331,3,1,1,0
8332,1,1,1,0
8333,2,1,1,0
8334,1,1,1,0
8335,5,1,1,0
8336,3,1,1,0
8337,2,1,1,0
8338,3,1,1,0
8339,3,1,1,0
8340,7,1,1,0
8341,6,1,1,0
8342,2,1,1,0
8343,1,1,1,0
8344,6,1,1,0
8345,1,1,1,0
8346,1,1,1,0
8347,2,1,1,0
8348,2,1,1,0
8349,4,1,1,0
8350,1,1,1,0
8351,1,1,1,0
8352,6,1,1,0
8353,4,1,1,0
8354,6,1,1,0
8355,3,1,1,0
8356,6,1,1,0
8357,1,1,1,0
8358,6,1,1,0
8359,4,1,1,0
8360,1,1,1,0
8361,16,1,1,0
8362,1,1,1,0
8363,2,1,1,0
8364,7,1,1,0
8365,2,1,1,0
8366,3,1,1,0
8367,3,1,1,0
8368,1,1,1,0
8369,3,1,1,0
8370,3,1,1,0
8371,1,1,1,0
8372,2,1,1,0
8373,2,1,1,0
8374,6,1,1,0
8375,15,1,1,0
8376,1,1,1,0
8377,7,1,1,0
8378,2,1,1,0
8379,9,1,1,0
8380,2,1,1,0
8381,2,1,1,0
8382,5,1,1,0
8383,12,1,1,0
8384,3,1,1,0
8385,3,1,1,0
8386,2,1,1,0
8387,1,1,1,0
8388,4,1,1,0
8389,1,1,1,0
8390,2,1,1,0
8391,8,1,1,0
8392,2,1,1,0
8393,2,1,1,0
8394,5,1,1,0
8395,4,1,1,0
8396,1,1,1,0
8397,8,1,1,0
8398,2,1,1,0
8399,7,1,1,0
8400,2,1,1,0
8401,5,1,1,0
8402,2,1,1,0
8403,3,1,1,0
8404,6,1,1,0
8405,4,1,1,0
8406,5,1,1,0
8407,2,1,1,0
8408,5,1,1,0
8409,2,1,1,0
8410,7,1,1,0
8411,4,1,1,0
8412,5,1,1,0
8413,8,1,1,0
8414,6,1,1,0
8415,6,1,1,0
8416,3,1,1,0
8417,7,1,1,0
8418,10,1,1,0
8419,1,1,1,0
8420,9,1,1,0
8421,2,1,1,0
8422,1,1,1,0
8423,6,1,1,0
8424,3,1,1,0
8425,1,1,1,0
8426,5,1,1,0
8427,4,1,1,0
8428,1,1,1,0
8429,4,1,1,0
8430,1,1,1,0
8431,5,1,1,0
8432,4,1,1,0
8433,8,1,1,0
8434,3,1,1,0
8435,2,1,1,0
8436,2,1,1,0
8437,1,1,1,0
8438,1,1,1,0
8439,1,1,1,0
8440,2,1,1,0
8441,3,1,1,0
8442,4,1,1,0
8443,8,1,1,0
8444,2,1,1,0
8445,1,1,1,0
8446,4,1,1,0
8447,3,1,1,0
8448,1,1,1,0
8449,3,1,1,0
8450,3,1,1,0
8451,5,1,1,0
8452,2,1,1,0
8453,3,1,1,0
8454,2,1,1,0
8455,5,1,1,0
8456,1,1,1,0
8457,4,1,1,0
8458,3,1,1,0
8459,3,1,1,0
8460,1,1,1,0
8461,2,1,1,0
8462,4,1,1,0
8463,1,1,1,0
8464,4,1,1,0
8465,3,1,1,0
8466,1,1,1,0
8467,6,1,1,0
8468,6,1,1,0
8469,3,1,1,0
8470,3,1,1,0
8471,12,1,1,0
8472,10,1,1,0
8473,2,1,1,0
8474,1,1,1,0
8475,2,1,1,0
8476,2,1,1,0
8477,1,1,1,0
8478,4,1,1,0
8479,1,1,1,0
8480,5,1,1,0
8481,2,1,1,0
8482,5,1,1,0
8483,1,1,1,0
8484,4,1,1,0
8485,4,1,1,0
8486,2,1,1,0
8487,2,1,1,0
8488,7,1,1,0
8489,3,1,1,0
8490,10,1,1,0
8491,3,1,1,0
8492,4,1,1,0
8493,3,1,1,0
8494,3,1,1,0
8495,5,1,1,0
8496,3,1,1,0
8497,2,1,1,0
8498,1,1,1,0
8499,4,1,1,0
8500,3,1,1,0
8501,4,1,1,0
8502,2,1,1,0
8503,6,1,1,0
8504,6,1,1,0
8505,2,1,1,0
8506,7,1,1,0
8507,1,1,1,0
8508,1,1,1,0
8509,8,1,1,0
8510,2,1,1,0
8511,3,1,1,0
8512,7,1,1,0
8513,8,1,1,0
8514,1,1,1,0
8515,9,1,1,0
8516,3,1,1,0
8517,2,1,1,0
8518,1,1,1,0
8519,1,1,1,0
8520,5,1,1,0
8521,2,1,1,0
8522,4,1,1,0
8523,5,1,1,0
8524,1,1,1,0
8525,5,1,1,0
8526,11,1,1,0
8527,3,1,1,0
8528,1,1,1,0
8529,4,1,1,0
8530,2,1,1,0
8531,10,1,1,0
8532,5,1,1,0
8533,5,1,1,0
8534,10,1,1,0
8535,1,1,1,0
8536,3,1,1,0
8537,6,1,1,0
8538,5,1,1,0
8539,3,1,1,0
8540,5,1,1,0
8541,1,1,1,0
8542,6,1,1,0
8543,3,1,1,0
8544,1,1,1,0
8545,4,1,1,0
8546,3,1,1,0
8547,2,1,1,0
8548,1,1,1,0
8549,3,1,1,0
8550,3,1,1,0
8551,3,1,1,0
8552,7,1,1,0
8553,13,1,1,0
8554,1,1,1,0
8555,5,1,1,0
8556,7,1,1,0
8557,1,1,1,0
8558,3,1,1,0
8559,4,1,1,0
8560,7,1,1,0
8561,5,1,1,0
8562,4,1,1,0
8563,9,1,1,0
8564,3,1,1,0
8565,1,1,1,0
8566,5,1,1,0
8567,1,1,1,0
8568,2,1,1,0
8569,3,1,1,0
8570,1,1,1,0
8571,9,1,1,0
8572,1,1,1,0
8573,3,1,1,0
8574,2,1,1,0
8575,1,1,1,0
8576,9,1,1,0
8577,9,1,1,0
8578,1,1,1,0
8579,3,1,1,0
8580,3,1,1,0
8581,1,1,1,0
8582,2,1,1,0
8583,1,1,1,0
8584,13,1,1,0
8585,3,1,1,0
8586,2,1,1,0
8587,3,1,1,0
8588,9,1,1,0
8589,4,1,1,0
8590,3,1,1,0
8591,1,1,1,0
8592,1,1,1,0
8593,7,1,1,0
8594,3,1,1,0
8595,3,1,1,0
8596,1,1,1,0
8597,2,1,1,0
8598,4,1,1,0
8599,3,1,1,0
8600,1,1,1,0
8601,2,1,1,0
8602,4,1,1,0
8603,3,1,1,0
8604,4,1,1,0
8605,11,1,1,0
8606,9,1,1,0
8607,2,1,1,0
8608,7,1,1,0
8609,5,1,1,0
8610,4,1,1,0
8611,5,1,1,0
8612,7,1,1,0
8613,1,1,1,0
8614,4,1,1,0
8615,2,1,1,0
8616,3,1,1,0
8617,1,1,1,0
8618,3,1,1,0
8619,3,1,1,0
8620,6,1,1,0
8621,1,1,1,0
8622,1,1,1,0
8623,3,1,1,0
8624,9,1,1,0
8625,1,1,1,0
8626,3,1,1,0
8627,3,1,1,0
8628,3,1,1,0
8629,1,1,1,0
8630,5,1,1,0
8631,5,1,1,0
8632,3,1,1,0
8633,9,1,1,0
8634,3,1,1,0
8635,2,1,1,0
8636,2,1,1,0
8637,3,1,1,0
8638,4,1,1,0
8639,5,1,1,0
8640,1,1,1,0
8641,2,1,1,0
8642,4,1,1,0
8643,5,1,1,0
8644,2,1,1,0
8645,2,1,1,0
8646,2,1,1,0
8647,10,1,1,0
8648,1,1,1,0
8649,5,1,1,0
8650,7,1,1,0
8651,5,1,1,0
8652,1,1,1,0
8653,6,1,1,0
8654,3,1,1,0
8655,5,1,1,0
8656,1,1,1,0
8657,1,1,1,0
8658,2,1,1,0
8659,8,1,1,0
8660,6,1,1,0
8661,3,1,1,0
8662,3,1,1,0
8663,4,1,1,0
8664,7,1,1,0
8665,9,1,1,0
8666,5,1,1,0
8667,4,1,1,0
8668,10,1,1,0
8669,4,1,1,0
8670,2,1,1,0
8671,8,1,1,0
8672,3,1,1,0
8673,1,1,1,0
8674,2,1,1,0
8675,2,1,1,0
8676,4,1,1,0
8677,1,1,1,0
8678,1,1,1,0
8679,2,1,1,0
8680,1,1,1,0
8681,2,1,1,0
8682,1,1,1,0
8683,1,1,1,0
8684,3,1,1,0
8685,6,1,1,0
8686,1,1,1,0
8687,3,1,1,0
8688,11,1,1,0
8689,1,1,1,0
8690,3,1,1,0
8691,3,1,1,0
8692,2,1,1,0
8693,2,1,1,0
8694,1,1,1,0
8695,13,1,1,0
8696,1,1,1,0
8697,1,1,1,0
8698,4,1,1,0
8699,4,1,1,0
8700,3,1,1,0
8701,2,1,1,0
8702,7,1,1,0
8703,1,1,1,0
8704,3,1,1,0
8705,4,1,1,0
8706,4,1,1,0
8707,1,1,1,0
8708,3,1,1,0
8709,3,1,1,0
8710,4,1,1,0
8711,10,1,1,0
8712,2,1,1,0
8713,1,1,1,0
8714,3,1,1,0
8715,2,1,1,0
8716,4,1,1,0
8717,3,1,1,0
8718,1,1,1,0
8719,3,1,1,0
8720,1,1,1,0
8721,2,1,1,0
8722,4,1,1,0
8723,1,1,1,0
8724,3,1,1,0
8725,10,1,1,0
8726,5,1,1,0
8727,4,1,1,0
8728,6,1,1,0
8729,4,1,1,0
8730,6,1,1,0
8731,1,1,1,0
8732,1,1,1,0
8733,4,1,1,0
8734,4,1,1,0
8735,1,1,1,0
8736,4,1,1,0
8737,1,1,1,0
8738,2,1,1,0
8739,2,1,1,0
8740,11,1,1,0
8741,2,1,1,0
8742,4,1,1,0
8743,5,1,1,0
8744,12,1,1,0
8745,2,1,1,0
8746,3,1,1,0
8747,1,1,1,0
8748,1,1,1,0
8749,1,1,1,0
8750,1,1,1,0
8751,1,1,1,0
8752,2,1,1,0
8753,3,1,1,0
8754,1,1,1,0
8755,2,1,1,0
8756,1,1,1,0
8757,1,1,1,0
8758,2,1,1,0
8759,8,1,1,0
8760,5,1,1,0
8761,2,1,1,0
8762,7,1,1,0
8763,1,1,1,0
8764,1,1,1,0
8765,5,1,1,0
8766,3,1,1,0
8767,1,1,1,0
8768,1,1,1,0
8769,5,1,1,0
8770,2,1,1,0
8771,4,1,1,0
8772,5,1,1,0
8773,7,1,1,0
8774,1,1,1,0
8775,2,1,1,0
8776,2,1,1,0
8777,2,1,1,0
8778,3,1,1,0
8779,3,1,1,0
8780,5,1,1,0
8781,2,1,1,0
8782,4,1,1,0
8783,3,1,1,0
8784,4,1,1,0
8785,6,1,1,0
8786,4,1,1,0
8787,2,1,1,0
8788,5,1,1,0
8789,3,1,1,0
8790,3,1,1,0
8791,3,1,1,0
8792,4,1,1,0
8793,3,1,1,0
8794,3,1,1,0
8795,3,1,1,0
8796,4,1,1,0
8797,1,1,1,0
8798,4,1,1,0
8799,6,1,1,0
8800,2,1,1,0
8801,5,1,1,0
8802,10,1,1,0
8803,2,1,1,0
8804,1,1,1,0
8805,2,1,1,0
8806,3,1,1,0
8807,3,1,1,0
8808,3,1,1,0
8809,2,1,1,0
8810,1,1,1,0
8811,7,1,1,0
8812,5,1,1,0
8813,7,1,1,0
8814,1,1,1,0
8815,6,1,1,0
8816,3,1,1,0
8817,3,1,1,0
8818,5,1,1,0
8819,2,1,1,0
8820,1,1,1,0
8821,1,1,1,0
8822,5,1,1,0
8823,4,1,1,0
8824,3,1,1,0
8825,3,1,1,0
8826,6,1,1,0
8827,3,1,1,0
8828,1,1,1,0
8829,2,1,1,0
8830,2,1,1,0
8831,1,1,1,0
8832,2,1,1,0
8833,5,1,1,0
8834,1,1,1,0
8835,1,1,1,0
8836,3,1,1,0
8837,16,1,1,0
8838,2,1,1,0
8839,3,1,1,0
8840,9,1,1,0
8841,3,1,1,0
8842,4,1,1,0
8843,4,1,1,0
8844,5,1,1,0
8845,2,1,1,0
8846,3,1,1,0
8847,2,1,1,0
8848,8,1,1,0
8849,2,1,1,0
8850,1,1,1,0
8851,3,1,1,0
8852,7,1,1,0
8853,1,1,1,0
8854,1,1,1,0
8855,12,1,1,0
8856,1,1,1,0
8857,6,1,1,0
8858,6,1,1,0
8859,4,1,1,0
8860,2,1,1,0
8861,5,1,1,0
8862,2,1,1,0
8863,7,1,1,0
8864,2,1,1,0
8865,3,1,1,0
8866,7,1,1,0
8867,2,1,1,0
8868,6,1,1,0
8869,2,1,1,0
8870,1,1,1,0
8871,4,1,1,0
8872,8,1,1,0
8873,3,1,1,0
8874,9,1,1,0
8875,4,1,1,0
8876,3,1,1,0
8877,5,1,1,0
8878,5,1,1,0
8879,8,1,1,0
8880,6,1,1,0
8881,1,1,1,0
8882,1,1,1,0
8883,4,1,1,0
8884,2,1,1,0
8885,1,1,1,0
8886,5,1,1,0
8887,4,1,1,0
8888,7,1,1,0
8889,2,1,1,0
8890,2,1,1,0
8891,4,1,1,0
8892,1,1,1,0
8893,5,1,1,0
8894,1,1,1,0
8895,1,1,1,0
8896,1,1,1,0
8897,15,1,1,0
8898,1,1,1,0
8899,2,1,1,0
8900,2,1,1,0
8901,3,1,1,0
8902,7,1,1,0
8903,4,1,1,0
8904,3,1,1,0
8905,2,1,1,0
8906,4,1,1,0
8907,2,1,1,0
8908,10,1,1,0
8909,8,1,1,0
8910,3,1,1,0
8911,1,1,1,0
8912,1,1,1,0
8913,3,1,1,0
8914,2,1,1,0
8915,3,1,1,0
8916,3,1,1,0
8917,1,1,1,0
8918,3,1,1,0
8919,3,1,1,0
8920,4,1,1,0
8921,1,1,1,0
8922,10,1,1,0
8923,5,1,1,0
8924,7,1,1,0
8925,2,1,1,0
8926,1,1,1,0
8927,3,1,1,0
8928,2,1,1,0
8929,2,1,1,0
8930,7,1,1,0
8931,3,1,1,0
8932,4,1,1,0
8933,5,1,1,0
8934,3,1,1,0
8935,2,1,1,0
8936,10,1,1,0
8937,9,1,1,0
8938,4,1,1,0
8939,1,1,1,0
8940,10,1,1,0
8941,6,1,1,0
8942,3,1,1,0
8943,1,1,1,0
8944,9,1,1,0
8945,3,1,1,0
8946,1,1,1,0
8947,6,1,1,0
8948,1,1,1,0
8949,1,1,1,0
8950,1,1,1,0
8951,1,1,1,0
8952,6,1,1,0
8953,8,1,1,0
8954,2,1,1,0
8955,2,1,1,0
8956,6,1,1,0
8957,5,1,1,0
8958,1,1,1,0
8959,3,1,1,0
8960,5,1,1,0
8961,4,1,1,0
8962,5,1,1,0
8963,1,1,1,0
8964,1,1,1,0
8965,1,1,1,0
8966,6,1,1,0
8967,3,1,1,0
8968,4,1,1,0
8969,3,1,1,0
8970,3,1,1,0
8971,1,1,1,0
8972,3,1,1,0
8973,4,1,1,0
8974,3,1,1,0
8975,5,1,1,0
8976,5,1,1,0
8977,7,1,1,0
8978,2,1,1,0
8979,5,1,1,0
8980,7,1,1,0
8981,3,1,1,0
8982,1,1,1,0
8983,1,1,1,0
8984,2,1,1,0
8985,1,1,1,0
8986,3,1,1,0
8987,4,1,1,0
8988,2,1,1,0
8989,1,1,1,0
8990,8,1,1,0
8991,13,1,1,0
8992,4,1,1,0
8993,5,1,1,0
8994,1,1,1,0
8995,3,1,1,0
8996,5,1,1,0
8997,4,1,1,0
8998,1,1,1,0
8999,4,1,1,0
9000,5,1,1,0
9001,5,1,1,0
9002,12,1,1,0
9003,11,1,1,0
9004,5,1,1,0
9005,12,1,1,0
9006,2,1,1,0
9007,6,1,1,0
9008,1,1,1,0
9009,2,1,1,0
9010,4,1,1,0
9011,2,1,1,0
9012,2,1,1,0
9013,2,1,1,0
9014,1,1,1,0
9015,3,1,1,0
9016,2,1,1,0
9017,3,1,1,0
9018,3,1,1,0
9019,1,1,1,0
9020,1,1,1,0
9021,10,1,1,0
9022,2,1,1,0
9023,1,1,1,0
9024,6,1,1,0
9025,5,1,1,0
9026,1,1,1,0
9027,4,1,1,0
9028,2,1,1,0
9029,3,1,1,0
9030,7,1,1,0
9031,1,1,1,0
9032,1,1,1,0
9033,5,1,1,0
9034,5,1,1,0
9035,3,1,1,0
9036,3,1,1,0
9037,2,1,1,0
9038,4,1,1,0
9039,1,1,1,0
9040,1,1,1,0
9041,3,1,1,0
9042,1,1,1,0
9043,3,1,1,0
9044,4,1,1,0
9045,1,1,1,0
9046,1,1,1,0
9047,1,1,1,0
9048,1,1,1,0
9049,5,1,1,0
9050,4,1,1,0
9051,4,1,1,0
9052,14,1,1,0
9053,1,1,1,0
9054,2,1,1,0
9055,1,1,1,0
9056,6,1,1,0
9057,1,1,1,0
9058,1,1,1,0
9059,12,1,1,0
9060,3,1,1,0
9061,9,1,1,0
9062,4,1,1,0
9063,4,1,1,0
9064,7,1,1,0
9065,3,1,1,0
9066,1,1,1,0
9067,2,1,1,0
9068,3,1,1,0
9069,4,1,1,0
9070,2,1,1,0
9071,3,1,1,0
9072,2,1,1,0
9073,5,1,1,0
9074,1,1,1,0
9075,3,1,1,0
9076,2,1,1,0
9077,3,1,1,0
9078,8,1,1,0
9079,7,1,1,0
9080,4,1,1,0
9081,9,1,1,0
9082,8,1,1,0
9083,2,1,1,0
9084,3,1,1,0
9085,2,1,1,0
9086,1,1,1,0
9087,10,1,1,0
9088,6,1,1,0
9089,3,1,1,0
9090,3,1,1,0
9091,9,1,1,0
9092,2,1,1,0
9093,3,1,1,0
9094,5,1,1,0
9095,5,1,1,0
9096,4,1,1,0
9097,3,1,1,0
9098,4,1,1,0
9099,2,1,1,0
9100,4,1,1,0
9101,2,1,1,0
9102,5,1,1,0
9103,1,1,1,0
9104,1,1,1,0
9105,1,1,1,0
9106,3,1,1,0
9107,2,1,1,0
9108,7,1,1,0
9109,6,1,1,0
9110,7,1,1,0
9111,5,1,1,0
9112,6,1,1,0
9113,1,1,1,0
9114,1,1,1,0
9115,2,1,1,0
9116,3,1,1,0
9117,2,1,1,0
9118,4,1,1,0
9119,5,1,1,0
9120,4,1,1,0
9121,1,1,1,0
9122,5,1,1,0
9123,3,1,1,0
9124,5,1,1,0
9125,4,1,1,0
9126,4,1,1,0
9127,1,1,1,0
9128,4,1,1,0
9129,6,1,1,0
9130,8,1,1,0
9131,5,1,1,0
9132,4,1,1,0
9133,4,1,1,0
9134,3,1,1,0
9135,2,1,1,0
9136,9,1,1,0
9137,3,1,1,0
9138,2,1,1,0
9139,1,1,1,0
9140,2,1,1,0
9141,7,1,1,0
9142,7,1,1,0
9143,1,1,1,0
9144,3,1,1,0
9145,9,1,1,0
9146,2,1,1,0
9147,2,1,1,0
9148,6,1,1,0
9149,2,1,1,0
9150,3,1,1,0
9151,2,1,1,0
9152,4,1,1,0
9153,5,1,1,0
9154,1,1,1,0
9155,5,1,1,0
9156,6,1,1,0
9157,1,1,1,0
9158,3,1,1,0
9159,5,1,1,0
9160,5,1,1,0
9161,3,1,1,0
9162,8,1,1,0
9163,3,1,1,0
9164,10,1,1,0
9165,10,1,1,0
9166,5,1,1,0
9167,8,1,1,0
9168,2,1,1,0
9169,3,1,1,0
9170,3,1,1,0
9171,5,1,1,0
9172,9,1,1,0
9173,5,1,1,0
9174,2,1,1,0
9175,1,1,1,0
9176,5,1,1,0
9177,2,1,1,0
9178,8,1,1,0
9179,6,1,1,0
9180,2,1,1,0
9181,4,1,1,0
9182,1,1,1,0
9183,2,1,1,0
9184,1,1,1,0
9185,3,1,1,0
9186,1,1,1,0
9187,5,1,1,0
9188,7,1,1,0
9189,1,1,1,0
9190,4,1,1,0
9191,2,1,1,0
9192,4,1,1,0
9193,1,1,1,0
9194,1,1,1,0
9195,1,1,1,0
9196,4,1,1,0
9197,4,1,1,0
9198,1,1,1,0
9199,2,1,1,0
9200,2,1,1,0
9201,1,1,1,0
9202,1,1,1,0
9203,4,1,1,0
9204,1,1,1,0
9205,16,1,1,0
9206,1,1,1,0
9207,1,1,1,0
9208,5,1,1,0
9209,1,1,1,0
9210,1,1,1,0
9211,3,1,1,0
9212,3,1,1,0
9213,1,1,1,0
9214,4,1,1,0
9215,1,1,1,0
9216,6,1,1,0
9217,3,1,1,0
9218,4,1,1,0
9219,3,1,1,0
9220,6,1,1,0
9221,1,1,1,0
9222,4,1,1,0
9223,5,1,1,0
9224,1,1,1,0
9225,1,1,1,0
9226,3,1,1,0
9227,6,1,1,0
9228,7,1,1,0
9229,10,1,1,0
9230,1,1,1,0
9231,5,1,1,0
9232,2,1,1,0
9233,1,1,1,0
9234,6,1,1,0
9235,2,1,1,0
9236,7,1,1,0
9237,6,1,1,0
9238,5,1,1,0
9239,3,1,1,0
9240,3,1,1,0
9241,3,1,1,0
9242,5,1,1,0
9243,2,1,1,0
9244,2,1,1,0
9245,1,1,1,0
9246,4,1,1,0
9247,2,1,1,0
9248,2,1,1,0
9249,2,1,1,0
9250,2,1,1,0
9251,2,1,1,0
9252,3,1,1,0
9253,3,1,1,0
9254,1,1,1,0
9255,2,1,1,0
9256,5,1,1,0
9257,1,1,1,0
9258,1,1,1,0
9259,1,1,1,0
9260,7,1,1,0
9261,1,1,1,0
9262,2,1,1,0
9263,1,1,1,0
9264,6,1,1,0
9265,19,1,1,0
9266,1,1,1,0
9267,1,1,1,0
9268,6,1,1,0
9269,1,1,1,0
9270,6,1,1,0
9271,1,1,1,0
9272,1,1,1,0
9273,1,1,1,0
9274,4,1,1,0
9275,2,1,1,0
9276,7,1,1,0
9277,7,1,1,0
9278,2,1,1,0
9279,3,1,1,0
9280,2,1,1,0
9281,6,1,1,0
9282,3,1,1,0
9283,1,1,1,0
9284,3,1,1,0
9285,2,1,1,0
9286,6,1,1,0
9287,4,1,1,0
9288,2,1,1,0
9289,6,1,1,0
9290,1,1,1,0
9291,3,1,1,0
9292,4,1,1,0
9293,1,1,1,0
9294,3,1,1,0
9295,3,1,1,0
9296,1,1,1,0
9297,8,1,1,0
9298,4,1,1,0
9299,3,1,1,0
9300,3,1,1,0
9301,2,1,1,0
9302,1,1,1,0
9303,11,1,1,0
9304,3,1,1,0
9305,5,1,1,0
9306,4,1,1,0
9307,11,1,1,0
9308,2,1,1,0
9309,7,1,1,0
9310,4,1,1,0
9311,1,1,1,0
9312,2,1,1,0
9313,2,1,1,0
9314,7,1,1,0
9315,7,1,1,0
9316,1,1,1,0
9317,6,1,1,0
9318,4,1,1,0
9319,2,1,1,0
9320,3,1,1,0
9321,1,1,1,0
9322,2,1,1,0
9323,3,1,1,0
9324,3,1,1,0
9325,3,1,1,0
9326,4,1,1,0
9327,4,1,1,0
9328,6,1,1,0
9329,4,1,1,0
9330,5,1,1,0
9331,5,1,1,0
9332,3,1,1,0
9333,8,1,1,0
9334,1,1,1,0
9335,1,1,1,0
9336,6,1,1,0
9337,2,1,1,0
9338,2,1,1,0
9339,1,1,1,0
9340,3,1,1,0
9341,2,1,1,0
9342,2,1,1,0
9343,6,1,1,0
9344,8,1,1,0
9345,1,1,1,0
9346,5,1,1,0
9347,1,1,1,0
9348,9,1,1,0
9349,2,1,1,0
9350,2,1,1,0
9351,1,1,1,0
9352,3,1,1,0
9353,8,1,1,0
9354,5,1,1,0
9355,6,1,1,0
9356,4,1,1,0
9357,2,1,1,0
9358,5,1,1,0
9359,2,1,1,0
9360,3,1,1,0
9361,10,1,1,0
9362,2,1,1,0
9363,5,1,1,0
9364,7,1,1,0
9365,6,1,1,0
9366,9,1,1,0
9367,2,1,1,0
9368,6,1,1,0
9369,6,1,1,0
9370,3,1,1,0
9371,2,1,1,0
9372,4,1,1,0
9373,3,1,1,0
9374,1,1,1,0
9375,1,1,1,0
9376,2,1,1,0
9377,2,1,1,0
9378,12,1,1,0
9379,3,1,1,0
9380,2,1,1,0
9381,10,1,1,0
9382,3,1,1,0
9383,3,1,1,0
9384,1,1,1,0
9385,3,1,1,0
9386,5,1,1,0
9387,3,1,1,0
9388,5,1,1,0
9389,1,1,1,0
9390,3,1,1,0
9391,5,1,1,0
9392,6,1,1,0
9393,1,1,1,0
9394,1,1,1,0
9395,3,1,1,0
9396,5,1,1,0
9397,1,1,1,0
9398,1,1,1,0
9399,1,1,1,0
9400,5,1,1,0
9401,5,1,1,0
9402,8,1,1,0
9403,3,1,1,0
9404,2,1,1,0
9405,5,1,1,0
9406,1,1,1,0
9407,1,1,1,0
9408,3,1,1,0
9409,2,1,1,0
9410,2,1,1,0
9411,7,1,1,0
9412,5,1,1,0
9413,3,1,1,0
9414,4,1,1,0
9415,3,1,1,0
9416,5,1,1,0
9417,10,1,1,0
9418,3,1,1,0
9419,3,1,1,0
9420,3,1,1,0
9421,5,1,1,0
9422,8,1,1,0
9423,3,1,1,0
9424,2,1,1,0
9425,1,1,1,0
9426,10,1,1,0
9427,1,1,1,0
9428,1,1,1,0
9429,9,1,1,0
9430,4,1,1,0
9431,1,1,1,0
9432,2,1,1,0
9433,2,1,1,0
9434,2,1,1,0
9435,6,1,1,0
9436,2,1,1,0
9437,4,1,1,0
9438,2,1,1,0
9439,4,1,1,0
9440,1,1,1,0
9441,14,1,1,0
9442,2,1,1,0
9443,3,1,1,0
9444,5,1,1,0
9445,5,1,1,0
9446,3,1,1,0
9447,4,1,1,0
9448,4,1,1,0
9449,1,1,1,0
9450,1,1,1,0
9451,8,1,1,0
9452,3,1,1,0
9453,3,1,1,0
9454,2,1,1,0
9455,3,1,1,0
9456,1,1,1,0
9457,7,1,1,0
9458,2,1,1,0
9459,6,1,1,0
9460,1,1,1,0
9461,1,1,1,0
9462,3,1,1,0
9463,1,1,1,0
9464,3,1,1,0
9465,3,1,1,0
9466,5,1,1,0
9467,7,1,1,0
9468,4,1,1,0
9469,1,1,1,0
9470,14,1,1,0
9471,2,1,1,0
9472,3,1,1,0
9473,3,1,1,0
9474,5,1,1,0
9475,7,1,1,0
9476,5,1,1,0
9477,3,1,1,0
9478,1,1,1,0
9479,4,1,1,0
9480,1,1,1,0
9481,3,1,1,0
9482,5,1,1,0
9483,2,1,1,0
9484,3,1,1,0
9485,6,1,1,0
9486,2,1,1,0
9487,5,1,1,0
9488,1,1,1,0
9489,1,1,1,0
9490,2,1,1,0
9491,2,1,1,0
9492,2,1,1,0
9493,4,1,1,0
9494,2,1,1,0
9495,1,1,1,0
9496,3,1,1,0
9497,11,1,1,0
9498,1,1,1,0
9499,1,1,1,0
9500,3,1,1,0
9501,1,1,1,0
9502,4,1,1,0
9503,3,1,1,0
9504,2,1,1,0
9505,1,1,1,0
9506,2,1,1,0
9507,2,1,1,0
9508,4,1,1,0
9509,2,1,1,0
9510,6,1,1,0
9511,2,1,1,0
9512,1,1,1,0
9513,1,1,1,0
9514,1,1,1,0
9515,2,1,1,0
9516,2,1,1,0
9517,12,1,1,0
9518,2,1,1,0
9519,5,1,1,0
9520,6,1,1,0
9521,14,1,1,0
9522,4,1,1,0
9523,2,1,1,0
9524,14,1,1,0
9525,2,1,1,0
9526,2,1,1,0
9527,6,1,1,0
9528,3,1,1,0
9529,3,1,1,0
9530,2,1,1,0
9531,4,1,1,0
9532,2,1,1,0
9533,11,1,1,0
9534,3,1,1,0
9535,1,1,1,0
9536,1,1,1,0
9537,3,1,1,0
9538,2,1,1,0
9539,3,1,1,0
9540,1,1,1,0
9541,2,1,1,0
9542,2,1,1,0
9543,5,1,1,0
9544,5,1,1,0
9545,1,1,1,0
9546,4,1,1,0
9547,4,1,1,0
9548,4,1,1,0
9549,1,1,1,0
9550,1,1,1,0
9551,3,1,1,0
9552,1,1,1,0
9553,4,1,1,0
9554,1,1,1,0
9555,4,1,1,0
9556,9,1,1,0
9557,7,1,1,0
9558,5,1,1,0
9559,4,1,1,0
9560,3,1,1,0
9561,1,1,1,0
9562,2,1,1,0
9563,13,1,1,0
9564,1,1,1,0
9565,1,1,1,0
9566,7,1,1,0
9567,4,1,1,0
9568,4,1,1,0
9569,6,1,1,0
9570,3,1,1,0
9571,4,1,1,0
9572,6,1,1,0
9573,1,1,1,0
9574,6,1,1,0
9575,1,1,1,0
9576,4,1,1,0
9577,5,1,1,0
9578,2,1,1,0
9579,1,1,1,0
9580,1,1,1,0
9581,2,1,1,0
9582,2,1,1,0
9583,5,1,1,0
9584,1,1,1,0
9585,6,1,1,0
9586,4,1,1,0
9587,6,1,1,0
9588,1,1,1,0
9589,4,1,1,0
9590,4,1,1,0
9591,2,1,1,0
9592,2,1,1,0
9593,3,1,1,0
9594,4,1,1,0
9595,5,1,1,0
9596,1,1,1,0
9597,3,1,1,0
9598,2,1,1,0
9599,2,1,1,0
9600,1,1,1,0
9601,3,1,1,0
9602,4,1,1,0
9603,4,1,1,0
9604,5,1,1,0
9605,4,1,1,0
9606,7,1,1,0
9607,2,1,1,0
9608,1,1,1,0
9609,3,1,1,0
9610,4,1,1,0
9611,2,1,1,0
9612,4,1,1,0
9613,4,1,1,0
9614,4,1,1,0
9615,2,1,1,0
9616,2,1,1,0
9617,1,1,1,0
9618,4,1,1,0
9619,6,1,1,0
9620,3,1,1,0
9621,2,1,1,0
9622,1,1,1,0
9623,5,1,1,0
9624,1,1,1,0
9625,5,1,1,0
9626,3,1,1,0
9627,5,1,1,0
9628,1,1,1,0
9629,4,1,1,0
9630,4,1,1,0
9631,1,1,1,0
9632,7,1,1,0
9633,4,1,1,0
9634,11,1,1,0
9635,4,1,1,0
9636,1,1,1,0
9637,6,1,1,0
9638,1,1,1,0
9639,1,1,1,0
9640,1,1,1,0
9641,1,1,1,0
9642,2,1,1,0
9643,1,1,1,0
9644,4,1,1,0
9645,6,1,1,0
9646,3,1,1,0
9647,3,1,1,0
9648,15,1,1,0
9649,1,1,1,0
9650,1,1,1,0
9651,1,1,1,0
9652,7,1,1,0
9653,3,1,1,0
9654,1,1,1,0
9655,4,1,1,0
9656,16,1,1,0
9657,5,1,1,0
9658,1,1,1,0
9659,5,1,1,0
9660,1,1,1,0
9661,5,1,1,0
9662,8,1,1,0
9663,2,1,1,0
9664,1,1,1,0
9665,3,1,1,0
9666,4,1,1,0
9667,6,1,1,0
9668,4,1,1,0
9669,3,1,1,0
9670,1,1,1,0
9671,5,1,1,0
9672,14,1,1,0
9673,4,1,1,0
9674,1,1,1,0
9675,1,1,1,0
9676,4,1,1,0
9677,9,1,1,0
9678,2,1,1,0
9679,2,1,1,0
9680,1,1,1,0
9681,2,1,1,0
9682,3,1,1,0
9683,1,1,1,0
9684,1,1,1,0
9685,7,1,1,0
9686,1,1,1,0
9687,2,1,1,0
9688,3,1,1,0
9689,12,1,1,0
9690,6,1,1,0
9691,6,1,1,0
9692,4,1,1,0
9693,1,1,1,0
9694,2,1,1,0
9695,3,1,1,0
9696,4,1,1,0
9697,2,1,1,0
9698,1,1,1,0
9699,4,1,1,0
9700,1,1,1,0
9701,4,1,1,0
9702,2,1,1,0
9703,10,1,1,0
9704,5,1,1,0
9705,1,1,1,0
9706,2,1,1,0
9707,1,1,1,0
9708,1,1,1,0
9709,6,1,1,0
9710,1,1,1,0
9711,2,1,1,0
9712,2,1,1,0
9713,3,1,1,0
9714,1,1,1,0
9715,3,1,1,0
9716,2,1,1,0
9717,1,1,1,0
9718,2,1,1,0
9719,4,1,1,0
9720,1,1,1,0
9721,3,1,1,0
9722,6,1,1,0
9723,2,1,1,0
9724,1,1,1,0
9725,4,1,1,0
9726,6,1,1,0
9727,1,1,1,0
9728,2,1,1,0
9729,1,1,1,0
9730,7,1,1,0
9731,3,1,1,0
9732,3,1,1,0
9733,4,1,1,0
9734,5,1,1,0
9735,6,1,1,0
9736,2,1,1,0
9737,2,1,1,0
9738,1,1,1,0
9739,3,1,1,0
9740,1,1,1,0
9741,1,1,1,0
9742,2,1,1,0
9743,1,1,1,0
9744,5,1,1,0
9745,3,1,1,0
9746,8,1,1,0
9747,1,1,1,0
9748,4,1,1,0
9749,1,1,1,0
9750,4,1,1,0
9751,4,1,1,0
9752,1,1,1,0
9753,1,1,1,0
9754,1,1,1,0
9755,6,1,1,0
9756,2,1,1,0
9757,3,1,1,0
9758,6,1,1,0
9759,2,1,1,0
9760,11,1,1,0
9761,3,1,1,0
9762,6,1,1,0
9763,2,1,1,0
9764,2,1,1,0
9765,1,1,1,0
9766,7,1,1,0
9767,6,1,1,0
9768,2,1,1,0
9769,3,1,1,0
9770,1,1,1,0
9771,1,1,1,0
9772,1,1,1,0
9773,9,1,1,0
9774,1,1,1,0
9775,3,1,1,0
9776,1,1,1,0
9777,10,1,1,0
9778,1,1,1,0
9779,6,1,1,0
9780,4,1,1,0
9781,2,1,1,0
9782,11,1,1,0
9783,4,1,1,0
9784,8,1,1,0
9785,4,1,1,0
9786,7,1,1,0
9787,1,1,1,0
9788,1,1,1,0
9789,1,1,1,0
9790,8,1,1,0
9791,1,1,1,0
9792,2,1,1,0
9793,3,1,1,0
9794,2,1,1,0
9795,5,1,1,0
9796,1,1,1,0
9797,5,1,1,0
9798,5,1,1,0
9799,3,1,1,0
9800,4,1,1,0
9801,1,1,1,0
9802,1,1,1,0
9803,1,1,1,0
9804,6,1,1,0
9805,5,1,1,0
9806,1,1,1,0
9807,1,1,1,0
9808,3,1,1,0
9809,2,1,1,0
9810,5,1,1,0
9811,2,1,1,0
9812,1,1,1,0
9813,3,1,1,0
9814,1,1,1,0
9815,1,1,1,0
9816,4,1,1,0
9817,3,1,1,0
9818,5,1,1,0
9819,1,1,1,0
9820,5,1,1,0
9821,2,1,1,0
9822,5,1,1,0
9823,5,1,1,0
9824,1,1,1,0
9825,2,1,1,0
9826,3,1,1,0
9827,16,1,1,0
9828,2,1,1,0
9829,2,1,1,0
9830,2,1,1,0
9831,3,1,1,0
9832,1,1,1,0
9833,2,1,1,0
9834,2,1,1,0
9835,3,1,1,0
9836,3,1,1,0
9837,3,1,1,0
9838,1,1,1,0
9839,2,1,1,0
9840,2,1,1,0
9841,2,1,1,0
9842,2,1,1,0
9843,2,1,1,0
9844,13,1,1,0
9845,2,1,1,0
9846,3,1,1,0
9847,3,1,1,0
9848,4,1,1,0
9849,2,1,1,0
9850,1,1,1,0
9851,5,1,1,0
9852,3,1,1,0
9853,3,1,1,0
9854,1,1,1,0
9855,3,1,1,0
9856,9,1,1,0
9857,2,1,1,0
9858,5,1,1,0
9859,2,1,1,0
9860,3,1,1,0
9861,1,1,1,0
9862,8,1,1,0
9863,3,1,1,0
9864,4,1,1,0
9865,3,1,1,0
9866,1,1,1,0
9867,2,1,1,0
9868,1,1,1,0
9869,3,1,1,0
9870,1,1,1,0
9871,1,1,1,0
9872,7,1,1,0
9873,1,1,1,0
9874,5,1,1,0
9875,3,1,1,0
9876,3,1,1,0
9877,6,1,1,0
9878,4,1,1,0
9879,1,1,1,0
9880,8,1,1,0
9881,6,1,1,0
9882,6,1,1,0
9883,1,1,1,0
9884,6,1,1,0
9885,1,1,1,0
9886,2,1,1,0
9887,3,1,1,0
9888,4,1,1,0
9889,2,1,1,0
9890,2,1,1,0
9891,3,1,1,0
9892,5,1,1,0
9893,3,1,1,0
9894,4,1,1,0
9895,1,1,1,0
9896,5,1,1,0
9897,6,1,1,0
9898,7,1,1,0
9899,1,1,1,0
9900,2,1,1,0
9901,3,1,1,0
9902,2,1,1,0
9903,3,1,1,0
9904,1,1,1,0
9905,1,1,1,0
9906,9,1,1,0
9907,4,1,1,0
9908,1,1,1,0
9909,7,1,1,0
9910,1,1,1,0
9911,3,1,1,0
9912,2,1,1,0
9913,3,1,1,0
9914,9,1,1,0
9915,5,1,1,0
9916,5,1,1,0
9917,1,1,1,0
9918,3,1,1,0
9919,1,1,1,0
9920,3,1,1,0
9921,3,1,1,0
9922,7,1,1,0
9923,2,1,1,0
9924,4,1,1,0
9925,4,1,1,0
9926,4,1,1,0
9927,3,1,1,0
9928,2,1,1,0
9929,1,1,1,0
9930,3,1,1,0
9931,3,1,1,0
9932,5,1,1,0
9933,7,1,1,0
9934,1,1,1,0
9935,1,1,1,0
9936,10,1,1,0
9937,3,1,1,0
9938,2,1,1,0
9939,2,1,1,0
9940,8,1,1,0
9941,2,1,1,0
9942,3,1,1,0
9943,2,1,1,0
9944,1,1,1,0
9945,3,1,1,0
9946,3,1,1,0
9947,1,1,1,0
9948,8,1,1,0
9949,9,1,1,0
9950,2,1,1,0
9951,6,1,1,0
9952,3,1,1,0
9953,6,1,1,0
9954,2,1,1,0
9955,2,1,1,0
9956,1,1,1,0
9957,2,1,1,0
9958,3,1,1,0
9959,2,1,1,0
9960,3,1,1,0
9961,1,1,1,0
9962,7,1,1,0
9963,1,1,1,0
9964,3,1,1,0
9965,5,1,1,0
9966,4,1,1,0
9967,2,1,1,0
9968,4,1,1,0
9969,4,1,1,0
9970,4,1,1,0
9971,4,1,1,0
9972,5,1,1,0
9973,2,1,1,0
9974,1,1,1,0
9975,5,1,1,0
9976,21,1,1,0
9977,10,1,1,0
9978,3,1,1,0
9979,2,1,1,0
9980,2,1,1,0
9981,9,1,1,0
9982,6,1,1,0
9983,4,1,1,0
9984,3,1,1,0
9985,11,1,1,0
9986,14,1,1,0
9987,3,1,1,0
9988,3,1,1,0
9989,3,1,1,0
9990,1,1,1,0
9991,5,1,1,0
9992,7,1,1,0
9993,4,1,1,0
9994,1,1,1,0
9995,1,1,1,0
9996,1,1,1,0
9997,2,1,1,0
9998,5,1,1,0
9999,1,1,1,0
