trial,final_step,trapped,boundary_dead,contact_dead
0,197,1,0,0
1,72,1,0,0
2,97,1,0,0
3,59,1,0,0
4,78,1,0,0
5,64,1,0,0
6,38,1,0,0
7,19,1,0,0
8,132,1,0,0
9,31,1,0,0
10,37,1,0,0
11,109,1,0,0
12,41,1,0,0
13,74,1,0,0
14,13,1,0,0
15,161,1,0,0
16,23,1,0,0
17,28,1,0,0
18,64,1,0,0
19,70,1,0,0
20,27,1,0,0
21,39,1,0,0
22,88,1,0,0
23,11,1,0,0
24,73,1,0,0
25,74,1,0,0
26,20,1,0,0
27,95,1,0,0
28,51,1,0,0
29,105,1,0,0
30,50,1,0,0
31,27,1,0,0
32,43,1,0,0
33,97,1,0,0
34,141,1,0,0
35,32,1,0,0
36,34,1,0,0
37,50,1,0,0
38,12,1,0,0
39,52,1,0,0
40,285,1,0,0
41,30,1,0,0
42,30,1,0,0
43,23,1,0,0
44,77,1,0,0
45,16,1,0,0
46,23,1,0,0
47,112,1,0,0
48,26,1,0,0
49,78,1,0,0
50,54,1,0,0
51,130,1,0,0
52,37,1,0,0
53,68,1,0,0
54,99,1,0,0
55,19,1,0,0
56,23,1,0,0
57,32,1,0,0
58,37,1,0,0
59,82,1,0,0
60,30,1,0,0
61,27,1,0,0
62,88,1,0,0
63,71,1,0,0
64,79,1,0,0
65,33,1,0,0
66,71,1,0,0
67,184,1,0,0
68,116,1,0,0
69,25,1,0,0
70,63,1,0,0
71,56,1,0,0
72,29,1,0,0
73,54,1,0,0
74,42,1,0,0
75,109,1,0,0
76,42,1,0,0
77,33,1,0,0
78,35,1,0,0
79,23,1,0,0
80,16,1,0,0
81,30,1,0,0
82,77,1,0,0
83,66,1,0,0
84,132,1,0,0
85,68,1,0,0
86,49,1,0,0
87,70,1,0,0
88,70,1,0,0
89,65,1,0,0
90,34,1,0,0
91,25,1,0,0
92,52,1,0,0
93,119,1,0,0
94,15,1,0,0
95,134,1,0,0
96,27,1,0,0
97,47,1,0,0
98,104,1,0,0
99,16,1,0,0
100,89,1,0,0
101,15,1,0,0
102,124,1,0,0
103,31,1,0,0
104,121,1,0,0
105,38,1,0,0
106,144,1,0,0
107,51,1,0,0
108,156,1,0,0
109,30,1,0,0
110,65,1,0,0
111,217,1,0,0
112,121,1,0,0
113,17,1,0,0
114,20,1,0,0
115,72,1,0,0
116,28,1,0,0
117,160,1,0,0
118,89,1,0,0
119,43,1,0,0
120,143,1,0,0
121,97,1,0,0
122,24,1,0,0
123,60,1,0,0
124,107,1,0,0
125,96,1,0,0
126,78,1,0,0
127,22,1,0,0
128,88,1,0,0
129,21,1,0,0
130,40,1,0,0
131,138,1,0,0
132,60,1,0,0
133,30,1,0,0
134,33,1,0,0
135,71,1,0,0
136,103,1,0,0
137,37,1,0,0
138,89,1,0,0
139,29,1,0,0
140,23,1,0,0
141,15,1,0,0
142,50,1,0,0
143,72,1,0,0
144,76,1,0,0
145,13,1,0,0
146,7,1,0,0
147,14,1,0,0
148,15,1,0,0
149,252,1,0,0
150,141,1,0,0
151,42,1,0,0
152,29,1,0,0
153,52,1,0,0
154,15,1,0,0
155,15,1,0,0
156,25,1,0,0
157,110,1,0,0
158,31,1,0,0
159,75,1,0,0
160,96,1,0,0
161,23,1,0,0
162,45,1,0,0
163,100,1,0,0
164,48,1,0,0
165,97,1,0,0
166,43,1,0,0
167,43,1,0,0
168,111,1,0,0
169,131,1,0,0
170,47,1,0,0
171,66,1,0,0
172,114,1,0,0
173,27,1,0,0
174,66,1,0,0
175,46,1,0,0
176,81,1,0,0
177,44,1,0,0
178,33,1,0,0
179,84,1,0,0
180,117,1,0,0
181,223,1,0,0
182,52,1,0,0
183,83,1,0,0
184,42,1,0,0
185,25,1,0,0
186,48,1,0,0
187,82,1,0,0
188,98,1,0,0
189,34,1,0,0
190,50,1,0,0
191,54,1,0,0
192,62,1,0,0
193,74,1,0,0
194,39,1,0,0
195,48,1,0,0
196,91,1,0,0
197,34,1,0,0
198,70,1,0,0
199,11,1,0,0
200,36,1,0,0
201,51,1,0,0
202,77,1,0,0
203,111,1,0,0
204,42,1,0,0
205,63,1,0,0
206,126,1,0,0
207,223,1,0,0
208,31,1,0,0
209,48,1,0,0
210,61,1,0,0
211,67,1,0,0
212,108,1,0,0
213,117,1,0,0
214,66,1,0,0
215,68,1,0,0
216,47,1,0,0
217,127,1,0,0
218,85,1,0,0
219,128,1,0,0
220,57,1,0,0
221,7,1,0,0
222,75,1,0,0
223,23,1,0,0
224,55,1,0,0
225,95,1,0,0
226,18,1,0,0
227,29,1,0,0
228,83,1,0,0
229,30,1,0,0
230,24,1,0,0
231,175,1,0,0
232,22,1,0,0
233,18,1,0,0
234,32,1,0,0
235,70,1,0,0
236,60,1,0,0
237,22,1,0,0
238,32,1,0,0
239,61,1,0,0
240,11,1,0,0
241,46,1,0,0
242,77,1,0,0
243,19,1,0,0
244,93,1,0,0
245,118,1,0,0
246,107,1,0,0
247,30,1,0,0
248,112,1,0,0
249,57,1,0,0
250,23,1,0,0
251,136,1,0,0
252,67,1,0,0
253,66,1,0,0
254,26,1,0,0
255,78,1,0,0
256,87,1,0,0
257,96,1,0,0
258,147,1,0,0
259,16,1,0,0
260,14,1,0,0
261,146,1,0,0
262,92,1,0,0
263,34,1,0,0
264,89,1,0,0
265,142,1,0,0
266,100,1,0,0
267,43,1,0,0
268,36,1,0,0
269,59,1,0,0
270,128,1,0,0
271,31,1,0,0
272,23,1,0,0
273,59,1,0,0
274,10,1,0,0
275,9,1,0,0
276,33,1,0,0
277,34,1,0,0
278,281,1,0,0
279,39,1,0,0
280,39,1,0,0
281,97,1,0,0
282,64,1,0,0
283,46,1,0,0
284,73,1,0,0
285,105,1,0,0
286,141,1,0,0
287,73,1,0,0
288,26,1,0,0
289,45,1,0,0
290,126,1,0,0
291,41,1,0,0
292,30,1,0,0
293,35,1,0,0
294,77,1,0,0
295,73,1,0,0
296,42,1,0,0
297,115,1,0,0
298,141,1,0,0
299,327,1,0,0
300,85,1,0,0
301,45,1,0,0
302,49,1,0,0
303,61,1,0,0
304,112,1,0,0
305,25,1,0,0
306,12,1,0,0
307,122,1,0,0
308,70,1,0,0
309,21,1,0,0
310,17,1,0,0
311,54,1,0,0
312,97,1,0,0
313,83,1,0,0
314,56,1,0,0
315,69,1,0,0
316,142,1,0,0
317,45,1,0,0
318,83,1,0,0
319,39,1,0,0
320,79,1,0,0
321,103,1,0,0
322,19,1,0,0
323,67,1,0,0
324,51,1,0,0
325,107,1,0,0
326,107,1,0,0
327,63,1,0,0
328,67,1,0,0
329,55,1,0,0
330,150,1,0,0
331,68,1,0,0
332,120,1,0,0
333,46,1,0,0
334,19,1,0,0
335,15,1,0,0
336,21,1,0,0
337,13,1,0,0
338,183,1,0,0
339,50,1,0,0
340,130,1,0,0
341,58,1,0,0
342,43,1,0,0
343,41,1,0,0
344,137,1,0,0
345,155,1,0,0
346,71,1,0,0
347,65,1,0,0
348,75,1,0,0
349,66,1,0,0
350,34,1,0,0
351,111,1,0,0
352,115,1,0,0
353,82,1,0,0
354,74,1,0,0
355,107,1,0,0
356,13,1,0,0
357,15,1,0,0
358,20,1,0,0
359,25,1,0,0
360,196,1,0,0
361,126,1,0,0
362,69,1,0,0
363,26,1,0,0
364,39,1,0,0
365,24,1,0,0
366,85,1,0,0
367,176,1,0,0
368,117,1,0,0
369,64,1,0,0
370,125,1,0,0
371,90,1,0,0
372,20,1,0,0
373,150,1,0,0
374,49,1,0,0
375,117,1,0,0
376,16,1,0,0
377,148,1,0,0
378,34,1,0,0
379,68,1,0,0
380,112,1,0,0
381,51,1,0,0
382,22,1,0,0
383,50,1,0,0
384,14,1,0,0
385,20,1,0,0
386,31,1,0,0
387,48,1,0,0
388,156,1,0,0
389,27,1,0,0
390,102,1,0,0
391,26,1,0,0
392,20,1,0,0
393,49,1,0,0
394,20,1,0,0
395,67,1,0,0
396,20,1,0,0
397,46,1,0,0
398,29,1,0,0
399,49,1,0,0
400,42,1,0,0
401,87,1,0,0
402,83,1,0,0
403,280,1,0,0
404,29,1,0,0
405,37,1,0,0
406,44,1,0,0
407,26,1,0,0
408,48,1,0,0
409,74,1,0,0
410,86,1,0,0
411,111,1,0,0
412,13,1,0,0
413,68,1,0,0
414,44,1,0,0
415,66,1,0,0
416,68,1,0,0
417,12,1,0,0
418,268,1,0,0
419,29,1,0,0
420,79,1,0,0
421,114,1,0,0
422,66,1,0,0
423,161,1,0,0
424,43,1,0,0
425,29,1,0,0
426,68,1,0,0
427,125,1,0,0
428,58,1,0,0
429,39,1,0,0
430,96,1,0,0
431,100,1,0,0
432,103,1,0,0
433,65,1,0,0
434,62,1,0,0
435,40,1,0,0
436,72,1,0,0
437,100,1,0,0
438,29,1,0,0
439,67,1,0,0
440,39,1,0,0
441,90,1,0,0
442,11,1,0,0
443,89,1,0,0
444,38,1,0,0
445,56,1,0,0
446,49,1,0,0
447,73,1,0,0
448,127,1,0,0
449,74,1,0,0
450,41,1,0,0
451,70,1,0,0
452,56,1,0,0
453,38,1,0,0
454,22,1,0,0
455,61,1,0,0
456,57,1,0,0
457,50,1,0,0
458,152,1,0,0
459,52,1,0,0
460,49,1,0,0
461,107,1,0,0
462,28,1,0,0
463,27,1,0,0
464,176,1,0,0
465,87,1,0,0
466,14,1,0,0
467,131,1,0,0
468,46,1,0,0
469,66,1,0,0
470,27,1,0,0
471,143,1,0,0
472,38,1,0,0
473,44,1,0,0
474,47,1,0,0
475,29,1,0,0
476,26,1,0,0
477,66,1,0,0
478,58,1,0,0
479,149,1,0,0
480,52,1,0,0
481,47,1,0,0
482,51,1,0,0
483,29,1,0,0
484,32,1,0,0
485,27,1,0,0
486,41,1,0,0
487,130,1,0,0
488,237,1,0,0
489,55,1,0,0
490,90,1,0,0
491,51,1,0,0
492,21,1,0,0
493,65,1,0,0
494,48,1,0,0
495,63,1,0,0
496,37,1,0,0
497,204,1,0,0
498,53,1,0,0
499,46,1,0,0
500,139,1,0,0
501,44,1,0,0
502,23,1,0,0
503,67,1,0,0
504,172,1,0,0
505,111,1,0,0
506,181,1,0,0
507,123,1,0,0
508,92,1,0,0
509,33,1,0,0
510,37,1,0,0
511,26,1,0,0
512,17,1,0,0
513,235,1,0,0
514,20,1,0,0
515,141,1,0,0
516,52,1,0,0
517,110,1,0,0
518,70,1,0,0
519,111,1,0,0
520,55,1,0,0
521,36,1,0,0
522,35,1,0,0
523,136,1,0,0
524,44,1,0,0
525,141,1,0,0
526,22,1,0,0
527,148,1,0,0
528,19,1,0,0
529,50,1,0,0
530,12,1,0,0
531,219,1,0,0
532,118,1,0,0
533,34,1,0,0
534,71,1,0,0
535,37,1,0,0
536,62,1,0,0
537,23,1,0,0
538,182,1,0,0
539,186,1,0,0
540,108,1,0,0
541,162,1,0,0
542,119,1,0,0
543,13,1,0,0
544,35,1,0,0
545,32,1,0,0
546,49,1,0,0
547,44,1,0,0
548,40,1,0,0
549,63,1,0,0
550,40,1,0,0
551,101,1,0,0
552,86,1,0,0
553,23,1,0,0
554,12,1,0,0
555,31,1,0,0
556,7,1,0,0
557,226,1,0,0
558,107,1,0,0
559,48,1,0,0
560,17,1,0,0
561,27,1,0,0
562,19,1,0,0
563,59,1,0,0
564,19,1,0,0
565,75,1,0,0
566,211,1,0,0
567,92,1,0,0
568,45,1,0,0
569,127,1,0,0
570,65,1,0,0
571,127,1,0,0
572,122,1,0,0
573,104,1,0,0
574,54,1,0,0
575,7,1,0,0
576,43,1,0,0
577,103,1,0,0
578,119,1,0,0
579,21,1,0,0
580,87,1,0,0
581,16,1,0,0
582,62,1,0,0
583,148,1,0,0
584,139,1,0,0
585,106,1,0,0
586,52,1,0,0
587,58,1,0,0
588,49,1,0,0
589,54,1,0,0
590,25,1,0,0
591,75,1,0,0
592,26,1,0,0
593,19,1,0,0
594,74,1,0,0
595,17,1,0,0
596,30,1,0,0
597,115,1,0,0
598,39,1,0,0
599,33,1,0,0
600,140,1,0,0
601,81,1,0,0
602,57,1,0,0
603,20,1,0,0
604,175,1,0,0
605,107,1,0,0
606,113,1,0,0
607,84,1,0,0
608,51,1,0,0
609,9,1,0,0
610,54,1,0,0
611,110,1,0,0
612,27,1,0,0
613,41,1,0,0
614,132,1,0,0
615,105,1,0,0
616,66,1,0,0
617,66,1,0,0
618,44,1,0,0
619,20,1,0,0
620,112,1,0,0
621,103,1,0,0
622,54,1,0,0
623,11,1,0,0
624,68,1,0,0
625,48,1,0,0
626,46,1,0,0
627,57,1,0,0
628,142,1,0,0
629,61,1,0,0
630,54,1,0,0
631,147,1,0,0
632,45,1,0,0
633,27,1,0,0
634,90,1,0,0
635,21,1,0,0
636,56,1,0,0
637,38,1,0,0
638,138,1,0,0
639,18,1,0,0
640,119,1,0,0
641,52,1,0,0
642,20,1,0,0
643,33,1,0,0
644,68,1,0,0
645,39,1,0,0
646,79,1,0,0
647,45,1,0,0
648,38,1,0,0
649,34,1,0,0
650,143,1,0,0
651,60,1,0,0
652,23,1,0,0
653,67,1,0,0
654,191,1,0,0
655,35,1,0,0
656,9,1,0,0
657,10,1,0,0
658,98,1,0,0
659,43,1,0,0
660,116,1,0,0
661,37,1,0,0
662,66,1,0,0
663,113,1,0,0
664,32,1,0,0
665,28,1,0,0
666,69,1,0,0
667,42,1,0,0
668,34,1,0,0
669,21,1,0,0
670,29,1,0,0
671,24,1,0,0
672,29,1,0,0
673,195,1,0,0
674,64,1,0,0
675,38,1,0,0
676,25,1,0,0
677,23,1,0,0
678,31,1,0,0
679,61,1,0,0
680,63,1,0,0
681,43,1,0,0
682,43,1,0,0
683,23,1,0,0
684,71,1,0,0
685,63,1,0,0
686,71,1,0,0
687,41,1,0,0
688,69,1,0,0
689,71,1,0,0
690,49,1,0,0
691,20,1,0,0
692,90,1,0,0
693,128,1,0,0
694,50,1,0,0
695,39,1,0,0
696,57,1,0,0
697,103,1,0,0
698,36,1,0,0
699,104,1,0,0
700,52,1,0,0
701,46,1,0,0
702,55,1,0,0
703,35,1,0,0
704,117,1,0,0
705,28,1,0,0
706,335,1,0,0
707,31,1,0,0
708,77,1,0,0
709,144,1,0,0
710,141,1,0,0
711,92,1,0,0
712,13,1,0,0
713,124,1,0,0
714,107,1,0,0
715,37,1,0,0
716,22,1,0,0
717,63,1,0,0
718,69,1,0,0
719,16,1,0,0
720,72,1,0,0
721,124,1,0,0
722,57,1,0,0
723,169,1,0,0
724,79,1,0,0
725,144,1,0,0
726,157,1,0,0
727,63,1,0,0
728,110,1,0,0
729,40,1,0,0
730,21,1,0,0
731,81,1,0,0
732,65,1,0,0
733,45,1,0,0
734,45,1,0,0
735,38,1,0,0
736,69,1,0,0
737,75,1,0,0
738,87,1,0,0
739,139,1,0,0
740,68,1,0,0
741,191,1,0,0
742,35,1,0,0
743,52,1,0,0
744,21,1,0,0
745,115,1,0,0
746,22,1,0,0
747,18,1,0,0
748,73,1,0,0
749,13,1,0,0
750,124,1,0,0
751,109,1,0,0
752,176,1,0,0
753,61,1,0,0
754,60,1,0,0
755,114,1,0,0
756,51,1,0,0
757,55,1,0,0
758,44,1,0,0
759,236,1,0,0
760,174,1,0,0
761,27,1,0,0
762,105,1,0,0
763,53,1,0,0
764,113,1,0,0
765,74,1,0,0
766,96,1,0,0
767,95,1,0,0
768,8,1,0,0
769,108,1,0,0
770,55,1,0,0
771,31,1,0,0
772,131,1,0,0
773,97,1,0,0
774,174,1,0,0
775,46,1,0,0
776,53,1,0,0
777,56,1,0,0
778,51,1,0,0
779,67,1,0,0
780,22,1,0,0
781,49,1,0,0
782,17,1,0,0
783,50,1,0,0
784,37,1,0,0
785,166,1,0,0
786,79,1,0,0
787,33,1,0,0
788,52,1,0,0
789,34,1,0,0
790,25,1,0,0
791,28,1,0,0
792,30,1,0,0
793,33,1,0,0
794,34,1,0,0
795,76,1,0,0
796,69,1,0,0
797,26,1,0,0
798,76,1,0,0
799,88,1,0,0
800,43,1,0,0
801,10,1,0,0
802,104,1,0,0
803,43,1,0,0
804,124,1,0,0
805,142,1,0,0
806,43,1,0,0
807,86,1,0,0
808,24,1,0,0
809,94,1,0,0
810,59,1,0,0
811,37,1,0,0
812,22,1,0,0
813,82,1,0,0
814,207,1,0,0
815,15,1,0,0
816,24,1,0,0
817,43,1,0,0
818,72,1,0,0
819,74,1,0,0
820,35,1,0,0
821,70,1,0,0
822,74,1,0,0
823,52,1,0,0
824,72,1,0,0
825,66,1,0,0
826,58,1,0,0
827,103,1,0,0
828,29,1,0,0
829,13,1,0,0
830,141,1,0,0
831,51,1,0,0
832,90,1,0,0
833,92,1,0,0
834,33,1,0,0
835,143,1,0,0
836,88,1,0,0
837,46,1,0,0
838,54,1,0,0
839,28,1,0,0
840,138,1,0,0
841,44,1,0,0
842,26,1,0,0
843,22,1,0,0
844,100,1,0,0
845,28,1,0,0
846,43,1,0,0
847,17,1,0,0
848,22,1,0,0
849,33,1,0,0
850,31,1,0,0
851,77,1,0,0
852,45,1,0,0
853,60,1,0,0
854,100,1,0,0
855,92,1,0,0
856,219,1,0,0
857,11,1,0,0
858,58,1,0,0
859,29,1,0,0
860,24,1,0,0
861,123,1,0,0
862,81,1,0,0
863,31,1,0,0
864,91,1,0,0
865,190,1,0,0
866,64,1,0,0
867,26,1,0,0
868,25,1,0,0
869,244,1,0,0
870,99,1,0,0
871,74,1,0,0
872,79,1,0,0
873,134,1,0,0
874,58,1,0,0
875,93,1,0,0
876,62,1,0,0
877,61,1,0,0
878,29,1,0,0
879,16,1,0,0
880,48,1,0,0
881,16,1,0,0
882,24,1,0,0
883,36,1,0,0
884,46,1,0,0
885,23,1,0,0
886,61,1,0,0
887,14,1,0,0
888,35,1,0,0
889,129,1,0,0
890,51,1,0,0
891,130,1,0,0
892,36,1,0,0
893,96,1,0,0
894,88,1,0,0
895,75,1,0,0
896,40,1,0,0
897,229,1,0,0
898,61,1,0,0
899,95,1,0,0
900,9,1,0,0
901,34,1,0,0
902,77,1,0,0
903,77,1,0,0
904,20,1,0,0
905,18,1,0,0
906,108,1,0,0
907,29,1,0,0
908,51,1,0,0
909,225,1,0,0
910,38,1,0,0
911,22,1,0,0
912,88,1,0,0
913,53,1,0,0
914,16,1,0,0
915,36,1,0,0
916,135,1,0,0
917,72,1,0,0
918,68,1,0,0
919,51,1,0,0
920,153,1,0,0
921,143,1,0,0
922,49,1,0,0
923,60,1,0,0
924,82,1,0,0
925,40,1,0,0
926,42,1,0,0
927,46,1,0,0
928,155,1,0,0
929,66,1,0,0
930,81,1,0,0
931,45,1,0,0
932,113,1,0,0
933,20,1,0,0
934,165,1,0,0
935,80,1,0,0
936,40,1,0,0
937,29,1,0,0
938,11,1,0,0
939,129,1,0,0
940,51,1,0,0
941,9,1,0,0
942,123,1,0,0
943,131,1,0,0
944,103,1,0,0
945,386,1,0,0
946,170,1,0,0
947,170,1,0,0
948,30,1,0,0
949,122,1,0,0
950,59,1,0,0
951,44,1,0,0
952,25,1,0,0
953,81,1,0,0
954,90,1,0,0
955,57,1,0,0
956,55,1,0,0
957,34,1,0,0
958,186,1,0,0
959,113,1,0,0
960,77,1,0,0
961,54,1,0,0
962,87,1,0,0
963,170,1,0,0
964,37,1,0,0
965,16,1,0,0
966,44,1,0,0
967,65,1,0,0
968,77,1,0,0
969,41,1,0,0
970,65,1,0,0
971,22,1,0,0
972,8,1,0,0
973,114,1,0,0
974,129,1,0,0
975,51,1,0,0
976,150,1,0,0
977,80,1,0,0
978,26,1,0,0
979,33,1,0,0
980,44,1,0,0
981,98,1,0,0
982,119,1,0,0
983,183,1,0,0
984,44,1,0,0
985,64,1,0,0
986,51,1,0,0
987,55,1,0,0
988,12,1,0,0
989,75,1,0,0
990,23,1,0,0
991,127,1,0,0
992,14,1,0,0
993,24,1,0,0
994,28,1,0,0
995,93,1,0,0
996,140,1,0,0
997,121,1,0,0
998,74,1,0,0
999,49,1,0,0
1000,54,1,0,0
1001,84,1,0,0
1002,30,1,0,0
1003,55,1,0,0
1004,74,1,0,0
1005,24,1,0,0
1006,61,1,0,0
1007,50,1,0,0
1008,64,1,0,0
1009,58,1,0,0
1010,45,1,0,0
1011,85,1,0,0
1012,147,1,0,0
1013,166,1,0,0
1014,19,1,0,0
1015,64,1,0,0
1016,156,1,0,0
1017,41,1,0,0
1018,44,1,0,0
1019,60,1,0,0
1020,107,1,0,0
1021,93,1,0,0
1022,39,1,0,0
1023,19,1,0,0
1024,90,1,0,0
1025,30,1,0,0
1026,87,1,0,0
1027,31,1,0,0
1028,69,1,0,0
1029,25,1,0,0
1030,25,1,0,0
1031,36,1,0,0
1032,22,1,0,0
1033,111,1,0,0
1034,72,1,0,0
1035,131,1,0,0
1036,88,1,0,0
1037,22,1,0,0
1038,40,1,0,0
1039,155,1,0,0
1040,84,1,0,0
1041,58,1,0,0
1042,51,1,0,0
1043,63,1,0,0
1044,113,1,0,0
1045,92,1,0,0
1046,110,1,0,0
1047,145,1,0,0
1048,78,1,0,0
1049,9,1,0,0
1050,23,1,0,0
1051,32,1,0,0
1052,81,1,0,0
1053,121,1,0,0
1054,191,1,0,0
1055,118,1,0,0
1056,29,1,0,0
1057,132,1,0,0
1058,99,1,0,0
1059,28,1,0,0
1060,223,1,0,0
1061,103,1,0,0
1062,42,1,0,0
1063,62,1,0,0
1064,79,1,0,0
1065,62,1,0,0
1066,33,1,0,0
1067,53,1,0,0
1068,28,1,0,0
1069,92,1,0,0
1070,17,1,0,0
1071,14,1,0,0
1072,55,1,0,0
1073,96,1,0,0
1074,16,1,0,0
1075,12,1,0,0
1076,20,1,0,0
1077,76,1,0,0
1078,30,1,0,0
1079,99,1,0,0
1080,7,1,0,0
1081,65,1,0,0
1082,39,1,0,0
1083,136,1,0,0
1084,38,1,0,0
1085,14,1,0,0
1086,58,1,0,0
1087,13,1,0,0
1088,18,1,0,0
1089,219,1,0,0
1090,42,1,0,0
1091,94,1,0,0
1092,16,1,0,0
1093,14,1,0,0
1094,34,1,0,0
1095,90,1,0,0
1096,46,1,0,0
1097,95,1,0,0
1098,42,1,0,0
1099,33,1,0,0
1100,46,1,0,0
1101,138,1,0,0
1102,45,1,0,0
1103,59,1,0,0
1104,19,1,0,0
1105,89,1,0,0
1106,69,1,0,0
1107,30,1,0,0
1108,50,1,0,0
1109,106,1,0,0
1110,55,1,0,0
1111,23,1,0,0
1112,28,1,0,0
1113,50,1,0,0
1114,37,1,0,0
1115,72,1,0,0
1116,113,1,0,0
1117,43,1,0,0
1118,52,1,0,0
1119,49,1,0,0
1120,73,1,0,0
1121,162,1,0,0
1122,59,1,0,0
1123,53,1,0,0
1124,18,1,0,0
1125,60,1,0,0
1126,168,1,0,0
1127,40,1,0,0
1128,151,1,0,0
1129,31,1,0,0
1130,23,1,0,0
1131,116,1,0,0
1132,72,1,0,0
1133,122,1,0,0
1134,20,1,0,0
1135,118,1,0,0
1136,70,1,0,0
1137,58,1,0,0
1138,24,1,0,0
1139,123,1,0,0
1140,46,1,0,0
1141,49,1,0,0
1142,48,1,0,0
1143,49,1,0,0
1144,24,1,0,0
1145,35,1,0,0
1146,85,1,0,0
1147,164,1,0,0
1148,25,1,0,0
1149,13,1,0,0
1150,86,1,0,0
1151,195,1,0,0
1152,79,1,0,0
1153,152,1,0,0
1154,75,1,0,0
1155,8,1,0,0
1156,51,1,0,0
1157,86,1,0,0
1158,107,1,0,0
1159,32,1,0,0
1160,102,1,0,0
1161,49,1,0,0
1162,29,1,0,0
1163,79,1,0,0
1164,41,1,0,0
1165,66,1,0,0
1166,32,1,0,0
1167,34,1,0,0
1168,47,1,0,0
1169,29,1,0,0
1170,58,1,0,0
1171,28,1,0,0
1172,90,1,0,0
1173,179,1,0,0
1174,64,1,0,0
1175,55,1,0,0
1176,11,1,0,0
1177,86,1,0,0
1178,27,1,0,0
1179,33,1,0,0
1180,120,1,0,0
1181,142,1,0,0
1182,128,1,0,0
1183,42,1,0,0
1184,14,1,0,0
1185,15,1,0,0
1186,112,1,0,0
1187,20,1,0,0
1188,38,1,0,0
1189,140,1,0,0
1190,132,1,0,0
1191,32,1,0,0
1192,26,1,0,0
1193,28,1,0,0
1194,138,1,0,0
1195,86,1,0,0
1196,61,1,0,0
1197,38,1,0,0
1198,156,1,0,0
1199,34,1,0,0
1200,44,1,0,0
1201,85,1,0,0
1202,31,1,0,0
1203,71,1,0,0
1204,45,1,0,0
1205,39,1,0,0
1206,46,1,0,0
1207,49,1,0,0
1208,183,1,0,0
1209,48,1,0,0
1210,111,1,0,0
1211,33,1,0,0
1212,20,1,0,0
1213,47,1,0,0
1214,23,1,0,0
1215,37,1,0,0
1216,33,1,0,0
1217,33,1,0,0
1218,73,1,0,0
1219,91,1,0,0
1220,51,1,0,0
1221,40,1,0,0
1222,86,1,0,0
1223,45,1,0,0
1224,40,1,0,0
1225,9,1,0,0
1226,36,1,0,0
1227,65,1,0,0
1228,52,1,0,0
1229,49,1,0,0
1230,51,1,0,0
1231,30,1,0,0
1232,56,1,0,0
1233,83,1,0,0
1234,84,1,0,0
1235,258,1,0,0
1236,113,1,0,0
1237,176,1,0,0
1238,43,1,0,0
1239,40,1,0,0
1240,24,1,0,0
1241,114,1,0,0
1242,10,1,0,0
1243,85,1,0,0
1244,88,1,0,0
1245,48,1,0,0
1246,58,1,0,0
1247,135,1,0,0
1248,147,1,0,0
1249,71,1,0,0
1250,126,1,0,0
1251,38,1,0,0
1252,157,1,0,0
1253,42,1,0,0
1254,41,1,0,0
1255,108,1,0,0
1256,26,1,0,0
1257,120,1,0,0
1258,141,1,0,0
1259,53,1,0,0
1260,110,1,0,0
1261,148,1,0,0
1262,13,1,0,0
1263,37,1,0,0
1264,62,1,0,0
1265,114,1,0,0
1266,106,1,0,0
1267,13,1,0,0
1268,102,1,0,0
1269,29,1,0,0
1270,140,1,0,0
1271,59,1,0,0
1272,27,1,0,0
1273,51,1,0,0
1274,17,1,0,0
1275,23,1,0,0
1276,28,1,0,0
1277,31,1,0,0
1278,61,1,0,0
1279,91,1,0,0
1280,89,1,0,0
1281,29,1,0,0
1282,56,1,0,0
1283,98,1,0,0
1284,124,1,0,0
1285,25,1,0,0
1286,87,1,0,0
1287,67,1,0,0
1288,117,1,0,0
1289,99,1,0,0
1290,30,1,0,0
1291,120,1,0,0
1292,17,1,0,0
1293,19,1,0,0
1294,108,1,0,0
1295,12,1,0,0
1296,41,1,0,0
1297,26,1,0,0
1298,14,1,0,0
1299,129,1,0,0
1300,16,1,0,0
1301,61,1,0,0
1302,147,1,0,0
1303,33,1,0,0
1304,98,1,0,0
1305,46,1,0,0
1306,81,1,0,0
1307,78,1,0,0
1308,104,1,0,0
1309,333,1,0,0
1310,70,1,0,0
1311,8,1,0,0
1312,156,1,0,0
1313,39,1,0,0
1314,233,1,0,0
1315,118,1,0,0
1316,187,1,0,0
1317,90,1,0,0
1318,107,1,0,0
1319,33,1,0,0
1320,20,1,0,0
1321,144,1,0,0
1322,26,1,0,0
1323,101,1,0,0
1324,68,1,0,0
1325,37,1,0,0
1326,68,1,0,0
1327,47,1,0,0
1328,16,1,0,0
1329,232,1,0,0
1330,93,1,0,0
1331,22,1,0,0
1332,112,1,0,0
1333,33,1,0,0
1334,139,1,0,0
1335,96,1,0,0
1336,40,1,0,0
1337,73,1,0,0
1338,40,1,0,0
1339,90,1,0,0
1340,76,1,0,0
1341,93,1,0,0
1342,128,1,0,0
1343,26,1,0,0
1344,76,1,0,0
1345,83,1,0,0
1346,25,1,0,0
1347,145,1,0,0
1348,82,1,0,0
1349,82,1,0,0
1350,42,1,0,0
1351,31,1,0,0
1352,173,1,0,0
1353,62,1,0,0
1354,17,1,0,0
1355,7,1,0,0
1356,62,1,0,0
1357,29,1,0,0
1358,66,1,0,0
1359,157,1,0,0
1360,93,1,0,0
1361,20,1,0,0
1362,119,1,0,0
1363,81,1,0,0
1364,81,1,0,0
1365,111,1,0,0
1366,47,1,0,0
1367,48,1,0,0
1368,116,1,0,0
1369,64,1,0,0
1370,17,1,0,0
1371,142,1,0,0
1372,28,1,0,0
1373,209,1,0,0
1374,95,1,0,0
1375,43,1,0,0
1376,127,1,0,0
1377,114,1,0,0
1378,152,1,0,0
1379,103,1,0,0
1380,53,1,0,0
1381,12,1,0,0
1382,45,1,0,0
1383,35,1,0,0
1384,74,1,0,0
1385,100,1,0,0
1386,11,1,0,0
1387,242,1,0,0
1388,45,1,0,0
1389,26,1,0,0
1390,77,1,0,0
1391,104,1,0,0
1392,239,1,0,0
1393,197,1,0,0
1394,89,1,0,0
1395,25,1,0,0
1396,20,1,0,0
1397,58,1,0,0
1398,136,1,0,0
1399,39,1,0,0
1400,25,1,0,0
1401,97,1,0,0
1402,77,1,0,0
1403,44,1,0,0
1404,34,1,0,0
1405,98,1,0,0
1406,117,1,0,0
1407,51,1,0,0
1408,111,1,0,0
1409,55,1,0,0
1410,24,1,0,0
1411,31,1,0,0
1412,22,1,0,0
1413,118,1,0,0
1414,150,1,0,0
1415,44,1,0,0
1416,42,1,0,0
1417,17,1,0,0
1418,109,1,0,0
1419,84,1,0,0
1420,20,1,0,0
1421,49,1,0,0
1422,45,1,0,0
1423,25,1,0,0
1424,84,1,0,0
1425,102,1,0,0
1426,24,1,0,0
1427,83,1,0,0
1428,33,1,0,0
1429,81,1,0,0
1430,210,1,0,0
1431,27,1,0,0
1432,111,1,0,0
1433,182,1,0,0
1434,53,1,0,0
1435,11,1,0,0
1436,36,1,0,0
1437,122,1,0,0
1438,10,1,0,0
1439,86,1,0,0
1440,38,1,0,0
1441,20,1,0,0
1442,76,1,0,0
1443,437,1,0,0
1444,46,1,0,0
1445,41,1,0,0
1446,17,1,0,0
1447,64,1,0,0
1448,71,1,0,0
1449,32,1,0,0
1450,59,1,0,0
1451,54,1,0,0
1452,21,1,0,0
1453,53,1,0,0
1454,52,1,0,0
1455,83,1,0,0
1456,59,1,0,0
1457,80,1,0,0
1458,82,1,0,0
1459,138,1,0,0
1460,137,1,0,0
1461,124,1,0,0
1462,56,1,0,0
1463,183,1,0,0
1464,88,1,0,0
1465,108,1,0,0
1466,14,1,0,0
1467,48,1,0,0
1468,90,1,0,0
1469,99,1,0,0
1470,110,1,0,0
1471,21,1,0,0
1472,44,1,0,0
1473,49,1,0,0
1474,251,1,0,0
1475,234,1,0,0
1476,63,1,0,0
1477,45,1,0,0
1478,132,1,0,0
1479,69,1,0,0
1480,41,1,0,0
1481,53,1,0,0
1482,40,1,0,0
1483,55,1,0,0
1484,34,1,0,0
1485,79,1,0,0
1486,67,1,0,0
1487,108,1,0,0
1488,34,1,0,0
1489,25,1,0,0
1490,35,1,0,0
1491,36,1,0,0
1492,11,1,0,0
1493,104,1,0,0
1494,28,1,0,0
1495,62,1,0,0
1496,29,1,0,0
1497,113,1,0,0
1498,138,1,0,0
1499,63,1,0,0
1500,34,1,0,0
1501,17,1,0,0
1502,161,1,0,0
1503,7,1,0,0
1504,22,1,0,0
1505,37,1,0,0
1506,46,1,0,0
1507,38,1,0,0
1508,88,1,0,0
1509,80,1,0,0
1510,17,1,0,0
1511,175,1,0,0
1512,113,1,0,0
1513,16,1,0,0
1514,56,1,0,0
1515,106,1,0,0
1516,45,1,0,0
1517,239,1,0,0
1518,19,1,0,0
1519,66,1,0,0
1520,110,1,0,0
1521,80,1,0,0
1522,49,1,0,0
1523,21,1,0,0
1524,46,1,0,0
1525,25,1,0,0
1526,127,1,0,0
1527,114,1,0,0
1528,155,1,0,0
1529,404,1,0,0
1530,51,1,0,0
1531,54,1,0,0
1532,43,1,0,0
1533,91,1,0,0
1534,31,1,0,0
1535,27,1,0,0
1536,52,1,0,0
1537,11,1,0,0
1538,118,1,0,0
1539,175,1,0,0
1540,65,1,0,0
1541,59,1,0,0
1542,29,1,0,0
1543,21,1,0,0
1544,72,1,0,0
1545,122,1,0,0
1546,74,1,0,0
1547,241,1,0,0
1548,44,1,0,0
1549,46,1,0,0
1550,26,1,0,0
1551,139,1,0,0
1552,245,1,0,0
1553,75,1,0,0
1554,143,1,0,0
1555,160,1,0,0
1556,97,1,0,0
1557,100,1,0,0
1558,160,1,0,0
1559,18,1,0,0
1560,92,1,0,0
1561,33,1,0,0
1562,19,1,0,0
1563,74,1,0,0
1564,38,1,0,0
1565,23,1,0,0
1566,54,1,0,0
1567,69,1,0,0
1568,109,1,0,0
1569,64,1,0,0
1570,24,1,0,0
1571,38,1,0,0
1572,24,1,0,0
1573,113,1,0,0
1574,92,1,0,0
1575,73,1,0,0
1576,63,1,0,0
1577,124,1,0,0
1578,12,1,0,0
1579,67,1,0,0
1580,95,1,0,0
1581,73,1,0,0
1582,23,1,0,0
1583,69,1,0,0
1584,40,1,0,0
1585,15,1,0,0
1586,18,1,0,0
1587,42,1,0,0
1588,80,1,0,0
1589,103,1,0,0
1590,40,1,0,0
1591,53,1,0,0
1592,183,1,0,0
1593,79,1,0,0
1594,96,1,0,0
1595,66,1,0,0
1596,50,1,0,0
1597,30,1,0,0
1598,96,1,0,0
1599,131,1,0,0
1600,99,1,0,0
1601,162,1,0,0
1602,54,1,0,0
1603,107,1,0,0
1604,135,1,0,0
1605,43,1,0,0
1606,8,1,0,0
1607,72,1,0,0
1608,74,1,0,0
1609,40,1,0,0
1610,104,1,0,0
1611,132,1,0,0
1612,34,1,0,0
1613,16,1,0,0
1614,14,1,0,0
1615,35,1,0,0
1616,24,1,0,0
1617,101,1,0,0
1618,70,1,0,0
1619,16,1,0,0
1620,135,1,0,0
1621,117,1,0,0
1622,114,1,0,0
1623,25,1,0,0
1624,67,1,0,0
1625,90,1,0,0
1626,47,1,0,0
1627,70,1,0,0
1628,39,1,0,0
1629,33,1,0,0
1630,120,1,0,0
1631,39,1,0,0
1632,21,1,0,0
1633,124,1,0,0
1634,65,1,0,0
1635,24,1,0,0
1636,25,1,0,0
1637,24,1,0,0
1638,104,1,0,0
1639,50,1,0,0
1640,54,1,0,0
1641,39,1,0,0
1642,44,1,0,0
1643,51,1,0,0
1644,47,1,0,0
1645,43,1,0,0
1646,75,1,0,0
1647,64,1,0,0
1648,87,1,0,0
1649,35,1,0,0
1650,56,1,0,0
1651,56,1,0,0
1652,62,1,0,0
1653,69,1,0,0
1654,68,1,0,0
1655,80,1,0,0
1656,74,1,0,0
1657,55,1,0,0
1658,179,1,0,0
1659,132,1,0,0
1660,54,1,0,0
1661,69,1,0,0
1662,73,1,0,0
1663,112,1,0,0
1664,46,1,0,0
1665,36,1,0,0
1666,155,1,0,0
1667,20,1,0,0
1668,50,1,0,0
1669,49,1,0,0
1670,136,1,0,0
1671,45,1,0,0
1672,63,1,0,0
1673,71,1,0,0
1674,82,1,0,0
1675,61,1,0,0
1676,23,1,0,0
1677,127,1,0,0
1678,54,1,0,0
1679,72,1,0,0
1680,91,1,0,0
1681,63,1,0,0
1682,23,1,0,0
1683,13,1,0,0
1684,104,1,0,0
1685,103,1,0,0
1686,76,1,0,0
1687,108,1,0,0
1688,37,1,0,0
1689,42,1,0,0
1690,32,1,0,0
1691,135,1,0,0
1692,45,1,0,0
1693,119,1,0,0
1694,40,1,0,0
1695,170,1,0,0
1696,174,1,0,0
1697,22,1,0,0
1698,181,1,0,0
1699,98,1,0,0
1700,65,1,0,0
1701,49,1,0,0
1702,28,1,0,0
1703,40,1,0,0
1704,53,1,0,0
1705,44,1,0,0
1706,48,1,0,0
1707,69,1,0,0
1708,55,1,0,0
1709,26,1,0,0
1710,56,1,0,0
1711,62,1,0,0
1712,202,1,0,0
1713,99,1,0,0
1714,17,1,0,0
1715,22,1,0,0
1716,38,1,0,0
1717,11,1,0,0
1718,114,1,0,0
1719,75,1,0,0
1720,83,1,0,0
1721,64,1,0,0
1722,133,1,0,0
1723,64,1,0,0
1724,108,1,0,0
1725,97,1,0,0
1726,44,1,0,0
1727,115,1,0,0
1728,17,1,0,0
1729,18,1,0,0
1730,26,1,0,0
1731,80,1,0,0
1732,125,1,0,0
1733,63,1,0,0
1734,58,1,0,0
1735,44,1,0,0
1736,34,1,0,0
1737,49,1,0,0
1738,32,1,0,0
1739,200,1,0,0
1740,94,1,0,0
1741,91,1,0,0
1742,218,1,0,0
1743,88,1,0,0
1744,160,1,0,0
1745,41,1,0,0
1746,148,1,0,0
1747,151,1,0,0
1748,13,1,0,0
1749,205,1,0,0
1750,79,1,0,0
1751,35,1,0,0
1752,162,1,0,0
1753,25,1,0,0
1754,63,1,0,0
1755,58,1,0,0
1756,39,1,0,0
1757,22,1,0,0
1758,231,1,0,0
1759,43,1,0,0
1760,40,1,0,0
1761,15,1,0,0
1762,26,1,0,0
1763,16,1,0,0
1764,100,1,0,0
1765,43,1,0,0
1766,83,1,0,0
1767,44,1,0,0
1768,10,1,0,0
1769,16,1,0,0
1770,75,1,0,0
1771,118,1,0,0
1772,96,1,0,0
1773,96,1,0,0
1774,98,1,0,0
1775,46,1,0,0
1776,52,1,0,0
1777,29,1,0,0
1778,42,1,0,0
1779,234,1,0,0
1780,21,1,0,0
1781,74,1,0,0
1782,124,1,0,0
1783,46,1,0,0
1784,112,1,0,0
1785,17,1,0,0
1786,96,1,0,0
1787,48,1,0,0
1788,64,1,0,0
1789,82,1,0,0
1790,16,1,0,0
1791,37,1,0,0
1792,18,1,0,0
1793,37,1,0,0
1794,31,1,0,0
1795,49,1,0,0
1796,58,1,0,0
1797,168,1,0,0
1798,108,1,0,0
1799,80,1,0,0
1800,154,1,0,0
1801,172,1,0,0
1802,57,1,0,0
1803,82,1,0,0
1804,48,1,0,0
1805,22,1,0,0
1806,36,1,0,0
1807,157,1,0,0
1808,98,1,0,0
1809,83,1,0,0
1810,12,1,0,0
1811,53,1,0,0
1812,65,1,0,0
1813,66,1,0,0
1814,31,1,0,0
1815,21,1,0,0
1816,64,1,0,0
1817,27,1,0,0
1818,31,1,0,0
1819,81,1,0,0
1820,23,1,0,0
1821,25,1,0,0
1822,24,1,0,0
1823,120,1,0,0
1824,29,1,0,0
1825,68,1,0,0
1826,47,1,0,0
1827,44,1,0,0
1828,104,1,0,0
1829,25,1,0,0
1830,91,1,0,0
1831,16,1,0,0
1832,55,1,0,0
1833,63,1,0,0
1834,35,1,0,0
1835,9,1,0,0
1836,233,1,0,0
1837,92,1,0,0
1838,47,1,0,0
1839,7,1,0,0
1840,20,1,0,0
1841,34,1,0,0
1842,94,1,0,0
1843,11,1,0,0
1844,91,1,0,0
1845,59,1,0,0
1846,38,1,0,0
1847,128,1,0,0
1848,52,1,0,0
1849,78,1,0,0
1850,106,1,0,0
1851,157,1,0,0
1852,111,1,0,0
1853,117,1,0,0
1854,34,1,0,0
1855,72,1,0,0
1856,91,1,0,0
1857,17,1,0,0
1858,22,1,0,0
1859,60,1,0,0
1860,141,1,0,0
1861,79,1,0,0
1862,95,1,0,0
1863,55,1,0,0
1864,73,1,0,0
1865,41,1,0,0
1866,24,1,0,0
1867,71,1,0,0
1868,57,1,0,0
1869,82,1,0,0
1870,50,1,0,0
1871,49,1,0,0
1872,29,1,0,0
1873,36,1,0,0
1874,41,1,0,0
1875,71,1,0,0
1876,80,1,0,0
1877,89,1,0,0
1878,26,1,0,0
1879,43,1,0,0
1880,49,1,0,0
1881,49,1,0,0
1882,19,1,0,0
1883,134,1,0,0
1884,13,1,0,0
1885,23,1,0,0
1886,109,1,0,0
1887,36,1,0,0
1888,248,1,0,0
1889,46,1,0,0
1890,182,1,0,0
1891,193,1,0,0
1892,100,1,0,0
1893,19,1,0,0
1894,71,1,0,0
1895,24,1,0,0
1896,71,1,0,0
1897,24,1,0,0
1898,183,1,0,0
1899,57,1,0,0
1900,30,1,0,0
1901,21,1,0,0
1902,32,1,0,0
1903,56,1,0,0
1904,37,1,0,0
1905,82,1,0,0
1906,39,1,0,0
1907,45,1,0,0
1908,78,1,0,0
1909,46,1,0,0
1910,14,1,0,0
1911,42,1,0,0
1912,81,1,0,0
1913,8,1,0,0
1914,24,1,0,0
1915,28,1,0,0
1916,154,1,0,0
1917,81,1,0,0
1918,128,1,0,0
1919,69,1,0,0
1920,51,1,0,0
1921,27,1,0,0
1922,125,1,0,0
1923,22,1,0,0
1924,44,1,0,0
1925,94,1,0,0
1926,50,1,0,0
1927,60,1,0,0
1928,16,1,0,0
1929,183,1,0,0
1930,24,1,0,0
1931,52,1,0,0
1932,58,1,0,0
1933,54,1,0,0
1934,67,1,0,0
1935,71,1,0,0
1936,27,1,0,0
1937,61,1,0,0
1938,52,1,0,0
1939,79,1,0,0
1940,49,1,0,0
1941,125,1,0,0
1942,105,1,0,0
1943,86,1,0,0
1944,28,1,0,0
1945,98,1,0,0
1946,103,1,0,0
1947,183,1,0,0
1948,90,1,0,0
1949,111,1,0,0
1950,24,1,0,0
1951,16,1,0,0
1952,90,1,0,0
1953,116,1,0,0
1954,30,1,0,0
1955,28,1,0,0
1956,15,1,0,0
1957,45,1,0,0
1958,84,1,0,0
1959,71,1,0,0
1960,54,1,0,0
1961,44,1,0,0
1962,62,1,0,0
1963,97,1,0,0
1964,41,1,0,0
1965,40,1,0,0
1966,34,1,0,0
1967,50,1,0,0
1968,47,1,0,0
1969,40,1,0,0
1970,25,1,0,0
1971,35,1,0,0
1972,49,1,0,0
1973,92,1,0,0
1974,42,1,0,0
1975,21,1,0,0
1976,69,1,0,0
1977,35,1,0,0
1978,55,1,0,0
1979,28,1,0,0
1980,73,1,0,0
1981,41,1,0,0
1982,8,1,0,0
1983,58,1,0,0
1984,31,1,0,0
1985,105,1,0,0
1986,74,1,0,0
1987,17,1,0,0
1988,42,1,0,0
1989,31,1,0,0
1990,31,1,0,0
1991,145,1,0,0
1992,135,1,0,0
1993,93,1,0,0
1994,21,1,0,0
1995,377,1,0,0
1996,56,1,0,0
1997,15,1,0,0
1998,161,1,0,0
1999,79,1,0,0
2000,50,1,0,0
2001,137,1,0,0
2002,55,1,0,0
2003,84,1,0,0
2004,10,1,0,0
2005,14,1,0,0
2006,57,1,0,0
2007,73,1,0,0
2008,61,1,0,0
2009,69,1,0,0
2010,18,1,0,0
2011,13,1,0,0
2012,87,1,0,0
2013,135,1,0,0
2014,99,1,0,0
2015,14,1,0,0
2016,19,1,0,0
2017,109,1,0,0
2018,74,1,0,0
2019,82,1,0,0
2020,71,1,0,0
2021,12,1,0,0
2022,34,1,0,0
2023,57,1,0,0
2024,101,1,0,0
2025,123,1,0,0
2026,62,1,0,0
2027,33,1,0,0
2028,51,1,0,0
2029,68,1,0,0
2030,15,1,0,0
2031,95,1,0,0
2032,156,1,0,0
2033,94,1,0,0
2034,25,1,0,0
2035,36,1,0,0
2036,80,1,0,0
2037,18,1,0,0
2038,15,1,0,0
2039,89,1,0,0
2040,83,1,0,0
2041,73,1,0,0
2042,51,1,0,0
2043,67,1,0,0
2044,99,1,0,0
2045,14,1,0,0
2046,52,1,0,0
2047,234,1,0,0
2048,85,1,0,0
2049,61,1,0,0
2050,87,1,0,0
2051,70,1,0,0
2052,98,1,0,0
2053,267,1,0,0
2054,89,1,0,0
2055,34,1,0,0
2056,102,1,0,0
2057,40,1,0,0
2058,48,1,0,0
2059,33,1,0,0
2060,66,1,0,0
2061,38,1,0,0
2062,61,1,0,0
2063,14,1,0,0
2064,23,1,0,0
2065,68,1,0,0
2066,71,1,0,0
2067,39,1,0,0
2068,61,1,0,0
2069,22,1,0,0
2070,387,1,0,0
2071,200,1,0,0
2072,79,1,0,0
2073,48,1,0,0
2074,15,1,0,0
2075,61,1,0,0
2076,149,1,0,0
2077,62,1,0,0
2078,76,1,0,0
2079,65,1,0,0
2080,30,1,0,0
2081,140,1,0,0
2082,38,1,0,0
2083,161,1,0,0
2084,16,1,0,0
2085,53,1,0,0
2086,20,1,0,0
2087,54,1,0,0
2088,87,1,0,0
2089,103,1,0,0
2090,23,1,0,0
2091,37,1,0,0
2092,10,1,0,0
2093,272,1,0,0
2094,49,1,0,0
2095,87,1,0,0
2096,19,1,0,0
2097,261,1,0,0
2098,47,1,0,0
2099,97,1,0,0
2100,110,1,0,0
2101,23,1,0,0
2102,19,1,0,0
2103,43,1,0,0
2104,105,1,0,0
2105,89,1,0,0
2106,71,1,0,0
2107,50,1,0,0
2108,106,1,0,0
2109,28,1,0,0
2110,81,1,0,0
2111,56,1,0,0
2112,18,1,0,0
2113,58,1,0,0
2114,72,1,0,0
2115,48,1,0,0
2116,129,1,0,0
2117,67,1,0,0
2118,40,1,0,0
2119,48,1,0,0
2120,63,1,0,0
2121,38,1,0,0
2122,33,1,0,0
2123,55,1,0,0
2124,91,1,0,0
2125,52,1,0,0
2126,59,1,0,0
2127,19,1,0,0
2128,62,1,0,0
2129,28,1,0,0
2130,65,1,0,0
2131,66,1,0,0
2132,13,1,0,0
2133,91,1,0,0
2134,47,1,0,0
2135,22,1,0,0
2136,41,1,0,0
2137,107,1,0,0
2138,94,1,0,0
2139,64,1,0,0
2140,34,1,0,0
2141,225,1,0,0
2142,247,1,0,0
2143,44,1,0,0
2144,125,1,0,0
2145,15,1,0,0
2146,20,1,0,0
2147,62,1,0,0
2148,137,1,0,0
2149,188,1,0,0
2150,11,1,0,0
2151,57,1,0,0
2152,28,1,0,0
2153,100,1,0,0
2154,48,1,0,0
2155,208,1,0,0
2156,102,1,0,0
2157,182,1,0,0
2158,41,1,0,0
2159,102,1,0,0
2160,134,1,0,0
2161,72,1,0,0
2162,55,1,0,0
2163,193,1,0,0
2164,142,1,0,0
2165,49,1,0,0
2166,162,1,0,0
2167,41,1,0,0
2168,31,1,0,0
2169,109,1,0,0
2170,89,1,0,0
2171,31,1,0,0
2172,9,1,0,0
2173,56,1,0,0
2174,48,1,0,0
2175,128,1,0,0
2176,21,1,0,0
2177,34,1,0,0
2178,17,1,0,0
2179,154,1,0,0
2180,62,1,0,0
2181,194,1,0,0
2182,52,1,0,0
2183,88,1,0,0
2184,151,1,0,0
2185,25,1,0,0
2186,110,1,0,0
2187,99,1,0,0
2188,140,1,0,0
2189,76,1,0,0
2190,133,1,0,0
2191,49,1,0,0
2192,58,1,0,0
2193,112,1,0,0
2194,56,1,0,0
2195,45,1,0,0
2196,87,1,0,0
2197,20,1,0,0
2198,116,1,0,0
2199,45,1,0,0
2200,57,1,0,0
2201,17,1,0,0
2202,41,1,0,0
2203,87,1,0,0
2204,14,1,0,0
2205,193,1,0,0
2206,10,1,0,0
2207,79,1,0,0
2208,68,1,0,0
2209,114,1,0,0
2210,91,1,0,0
2211,155,1,0,0
2212,142,1,0,0
2213,163,1,0,0
2214,10,1,0,0
2215,118,1,0,0
2216,18,1,0,0
2217,138,1,0,0
2218,75,1,0,0
2219,84,1,0,0
2220,32,1,0,0
2221,122,1,0,0
2222,78,1,0,0
2223,70,1,0,0
2224,57,1,0,0
2225,48,1,0,0
2226,136,1,0,0
2227,113,1,0,0
2228,18,1,0,0
2229,19,1,0,0
2230,94,1,0,0
2231,35,1,0,0
2232,40,1,0,0
2233,28,1,0,0
2234,27,1,0,0
2235,87,1,0,0
2236,46,1,0,0
2237,60,1,0,0
2238,97,1,0,0
2239,14,1,0,0
2240,43,1,0,0
2241,73,1,0,0
2242,49,1,0,0
2243,113,1,0,0
2244,65,1,0,0
2245,69,1,0,0
2246,29,1,0,0
2247,9,1,0,0
2248,19,1,0,0
2249,27,1,0,0
2250,29,1,0,0
2251,32,1,0,0
2252,25,1,0,0
2253,10,1,0,0
2254,192,1,0,0
2255,148,1,0,0
2256,92,1,0,0
2257,19,1,0,0
2258,38,1,0,0
2259,169,1,0,0
2260,33,1,0,0
2261,33,1,0,0
2262,24,1,0,0
2263,110,1,0,0
2264,35,1,0,0
2265,170,1,0,0
2266,47,1,0,0
2267,46,1,0,0
2268,75,1,0,0
2269,115,1,0,0
2270,46,1,0,0
2271,42,1,0,0
2272,64,1,0,0
2273,22,1,0,0
2274,19,1,0,0
2275,26,1,0,0
2276,80,1,0,0
2277,44,1,0,0
2278,48,1,0,0
2279,43,1,0,0
2280,60,1,0,0
2281,51,1,0,0
2282,110,1,0,0
2283,39,1,0,0
2284,98,1,0,0
2285,25,1,0,0
2286,82,1,0,0
2287,38,1,0,0
2288,41,1,0,0
2289,35,1,0,0
2290,161,1,0,0
2291,56,1,0,0
2292,103,1,0,0
2293,24,1,0,0
2294,79,1,0,0
2295,94,1,0,0
2296,106,1,0,0
2297,87,1,0,0
2298,121,1,0,0
2299,109,1,0,0
2300,109,1,0,0
2301,90,1,0,0
2302,117,1,0,0
2303,41,1,0,0
2304,13,1,0,0
2305,101,1,0,0
2306,82,1,0,0
2307,61,1,0,0
2308,78,1,0,0
2309,47,1,0,0
2310,44,1,0,0
2311,36,1,0,0
2312,130,1,0,0
2313,70,1,0,0
2314,27,1,0,0
2315,24,1,0,0
2316,83,1,0,0
2317,142,1,0,0
2318,77,1,0,0
2319,38,1,0,0
2320,161,1,0,0
2321,39,1,0,0
2322,45,1,0,0
2323,87,1,0,0
2324,44,1,0,0
2325,70,1,0,0
2326,48,1,0,0
2327,120,1,0,0
2328,105,1,0,0
2329,219,1,0,0
2330,60,1,0,0
2331,19,1,0,0
2332,13,1,0,0
2333,64,1,0,0
2334,81,1,0,0
2335,86,1,0,0
2336,45,1,0,0
2337,130,1,0,0
2338,56,1,0,0
2339,35,1,0,0
2340,30,1,0,0
2341,148,1,0,0
2342,30,1,0,0
2343,29,1,0,0
2344,128,1,0,0
2345,19,1,0,0
2346,87,1,0,0
2347,104,1,0,0
2348,69,1,0,0
2349,89,1,0,0
2350,16,1,0,0
2351,31,1,0,0
2352,72,1,0,0
2353,245,1,0,0
2354,31,1,0,0
2355,82,1,0,0
2356,28,1,0,0
2357,64,1,0,0
2358,109,1,0,0
2359,45,1,0,0
2360,88,1,0,0
2361,100,1,0,0
2362,26,1,0,0
2363,55,1,0,0
2364,19,1,0,0
2365,174,1,0,0
2366,93,1,0,0
2367,29,1,0,0
2368,55,1,0,0
2369,59,1,0,0
2370,48,1,0,0
2371,34,1,0,0
2372,91,1,0,0
2373,129,1,0,0
2374,27,1,0,0
2375,135,1,0,0
2376,87,1,0,0
2377,62,1,0,0
2378,29,1,0,0
2379,54,1,0,0
2380,120,1,0,0
2381,40,1,0,0
2382,74,1,0,0
2383,58,1,0,0
2384,32,1,0,0
2385,185,1,0,0
2386,36,1,0,0
2387,98,1,0,0
2388,58,1,0,0
2389,62,1,0,0
2390,83,1,0,0
2391,178,1,0,0
2392,34,1,0,0
2393,62,1,0,0
2394,61,1,0,0
2395,86,1,0,0
2396,76,1,0,0
2397,43,1,0,0
2398,61,1,0,0
2399,41,1,0,0
2400,60,1,0,0
2401,88,1,0,0
2402,71,1,0,0
2403,111,1,0,0
2404,61,1,0,0
2405,21,1,0,0
2406,66,1,0,0
2407,45,1,0,0
2408,89,1,0,0
2409,46,1,0,0
2410,32,1,0,0
2411,46,1,0,0
2412,47,1,0,0
2413,97,1,0,0
2414,61,1,0,0
2415,73,1,0,0
2416,180,1,0,0
2417,9,1,0,0
2418,58,1,0,0
2419,29,1,0,0
2420,40,1,0,0
2421,94,1,0,0
2422,73,1,0,0
2423,62,1,0,0
2424,19,1,0,0
2425,82,1,0,0
2426,34,1,0,0
2427,23,1,0,0
2428,8,1,0,0
2429,76,1,0,0
2430,112,1,0,0
2431,36,1,0,0
2432,94,1,0,0
2433,28,1,0,0
2434,209,1,0,0
2435,132,1,0,0
2436,57,1,0,0
2437,38,1,0,0
2438,26,1,0,0
2439,146,1,0,0
2440,47,1,0,0
2441,85,1,0,0
2442,44,1,0,0
2443,73,1,0,0
2444,100,1,0,0
2445,51,1,0,0
2446,27,1,0,0
2447,45,1,0,0
2448,34,1,0,0
2449,127,1,0,0
2450,13,1,0,0
2451,15,1,0,0
2452,100,1,0,0
2453,23,1,0,0
2454,107,1,0,0
2455,76,1,0,0
2456,63,1,0,0
2457,62,1,0,0
2458,201,1,0,0
2459,69,1,0,0
2460,51,1,0,0
2461,15,1,0,0
2462,24,1,0,0
2463,78,1,0,0
2464,25,1,0,0
2465,51,1,0,0
2466,115,1,0,0
2467,71,1,0,0
2468,111,1,0,0
2469,61,1,0,0
2470,28,1,0,0
2471,41,1,0,0
2472,25,1,0,0
2473,145,1,0,0
2474,74,1,0,0
2475,56,1,0,0
2476,68,1,0,0
2477,39,1,0,0
2478,52,1,0,0
2479,157,1,0,0
2480,21,1,0,0
2481,29,1,0,0
2482,30,1,0,0
2483,25,1,0,0
2484,48,1,0,0
2485,92,1,0,0
2486,164,1,0,0
2487,109,1,0,0
2488,83,1,0,0
2489,71,1,0,0
2490,11,1,0,0
2491,102,1,0,0
2492,50,1,0,0
2493,100,1,0,0
2494,178,1,0,0
2495,140,1,0,0
2496,37,1,0,0
2497,48,1,0,0
2498,39,1,0,0
2499,24,1,0,0
2500,55,1,0,0
2501,97,1,0,0
2502,9,1,0,0
2503,102,1,0,0
2504,142,1,0,0
2505,7,1,0,0
2506,122,1,0,0
2507,84,1,0,0
2508,20,1,0,0
2509,237,1,0,0
2510,70,1,0,0
2511,90,1,0,0
2512,47,1,0,0
2513,90,1,0,0
2514,92,1,0,0
2515,53,1,0,0
2516,48,1,0,0
2517,15,1,0,0
2518,40,1,0,0
2519,53,1,0,0
2520,67,1,0,0
2521,28,1,0,0
2522,55,1,0,0
2523,174,1,0,0
2524,49,1,0,0
2525,104,1,0,0
2526,46,1,0,0
2527,30,1,0,0
2528,56,1,0,0
2529,41,1,0,0
2530,46,1,0,0
2531,17,1,0,0
2532,62,1,0,0
2533,49,1,0,0
2534,37,1,0,0
2535,75,1,0,0
2536,29,1,0,0
2537,78,1,0,0
2538,22,1,0,0
2539,18,1,0,0
2540,112,1,0,0
2541,112,1,0,0
2542,141,1,0,0
2543,67,1,0,0
2544,74,1,0,0
2545,28,1,0,0
2546,14,1,0,0
2547,54,1,0,0
2548,76,1,0,0
2549,183,1,0,0
2550,71,1,0,0
2551,26,1,0,0
2552,71,1,0,0
2553,64,1,0,0
2554,70,1,0,0
2555,98,1,0,0
2556,41,1,0,0
2557,59,1,0,0
2558,74,1,0,0
2559,40,1,0,0
2560,146,1,0,0
2561,92,1,0,0
2562,27,1,0,0
2563,25,1,0,0
2564,123,1,0,0
2565,91,1,0,0
2566,60,1,0,0
2567,64,1,0,0
2568,36,1,0,0
2569,41,1,0,0
2570,98,1,0,0
2571,83,1,0,0
2572,88,1,0,0
2573,32,1,0,0
2574,108,1,0,0
2575,81,1,0,0
2576,70,1,0,0
2577,33,1,0,0
2578,35,1,0,0
2579,33,1,0,0
2580,18,1,0,0
2581,116,1,0,0
2582,138,1,0,0
2583,140,1,0,0
2584,122,1,0,0
2585,60,1,0,0
2586,32,1,0,0
2587,58,1,0,0
2588,16,1,0,0
2589,30,1,0,0
2590,41,1,0,0
2591,68,1,0,0
2592,55,1,0,0
2593,104,1,0,0
2594,57,1,0,0
2595,57,1,0,0
2596,43,1,0,0
2597,58,1,0,0
2598,12,1,0,0
2599,57,1,0,0
2600,39,1,0,0
2601,42,1,0,0
2602,116,1,0,0
2603,28,1,0,0
2604,18,1,0,0
2605,31,1,0,0
2606,12,1,0,0
2607,62,1,0,0
2608,75,1,0,0
2609,174,1,0,0
2610,67,1,0,0
2611,27,1,0,0
2612,57,1,0,0
2613,38,1,0,0
2614,37,1,0,0
2615,88,1,0,0
2616,96,1,0,0
2617,40,1,0,0
2618,150,1,0,0
2619,66,1,0,0
2620,78,1,0,0
2621,19,1,0,0
2622,84,1,0,0
2623,253,1,0,0
2624,39,1,0,0
2625,29,1,0,0
2626,52,1,0,0
2627,115,1,0,0
2628,67,1,0,0
2629,58,1,0,0
2630,115,1,0,0
2631,179,1,0,0
2632,114,1,0,0
2633,42,1,0,0
2634,74,1,0,0
2635,198,1,0,0
2636,92,1,0,0
2637,24,1,0,0
2638,118,1,0,0
2639,62,1,0,0
2640,77,1,0,0
2641,45,1,0,0
2642,27,1,0,0
2643,210,1,0,0
2644,49,1,0,0
2645,55,1,0,0
2646,82,1,0,0
2647,27,1,0,0
2648,128,1,0,0
2649,113,1,0,0
2650,21,1,0,0
2651,40,1,0,0
2652,26,1,0,0
2653,122,1,0,0
2654,73,1,0,0
2655,69,1,0,0
2656,72,1,0,0
2657,7,1,0,0
2658,68,1,0,0
2659,36,1,0,0
2660,63,1,0,0
2661,39,1,0,0
2662,39,1,0,0
2663,23,1,0,0
2664,121,1,0,0
2665,138,1,0,0
2666,80,1,0,0
2667,29,1,0,0
2668,108,1,0,0
2669,36,1,0,0
2670,42,1,0,0
2671,35,1,0,0
2672,27,1,0,0
2673,14,1,0,0
2674,35,1,0,0
2675,56,1,0,0
2676,32,1,0,0
2677,51,1,0,0
2678,142,1,0,0
2679,9,1,0,0
2680,149,1,0,0
2681,80,1,0,0
2682,146,1,0,0
2683,58,1,0,0
2684,79,1,0,0
2685,112,1,0,0
2686,51,1,0,0
2687,55,1,0,0
2688,37,1,0,0
2689,93,1,0,0
2690,83,1,0,0
2691,22,1,0,0
2692,93,1,0,0
2693,58,1,0,0
2694,75,1,0,0
2695,179,1,0,0
2696,21,1,0,0
2697,151,1,0,0
2698,75,1,0,0
2699,123,1,0,0
2700,70,1,0,0
2701,114,1,0,0
2702,113,1,0,0
2703,83,1,0,0
2704,15,1,0,0
2705,104,1,0,0
2706,62,1,0,0
2707,124,1,0,0
2708,139,1,0,0
2709,15,1,0,0
2710,49,1,0,0
2711,95,1,0,0
2712,93,1,0,0
2713,40,1,0,0
2714,58,1,0,0
2715,28,1,0,0
2716,31,1,0,0
2717,109,1,0,0
2718,10,1,0,0
2719,44,1,0,0
2720,94,1,0,0
2721,14,1,0,0
2722,112,1,0,0
2723,84,1,0,0
2724,21,1,0,0
2725,53,1,0,0
2726,36,1,0,0
2727,52,1,0,0
2728,13,1,0,0
2729,147,1,0,0
2730,178,1,0,0
2731,26,1,0,0
2732,64,1,0,0
2733,51,1,0,0
2734,167,1,0,0
2735,30,1,0,0
2736,55,1,0,0
2737,33,1,0,0
2738,54,1,0,0
2739,199,1,0,0
2740,193,1,0,0
2741,41,1,0,0
2742,27,1,0,0
2743,63,1,0,0
2744,75,1,0,0
2745,25,1,0,0
2746,102,1,0,0
2747,134,1,0,0
2748,69,1,0,0
2749,128,1,0,0
2750,22,1,0,0
2751,27,1,0,0
2752,141,1,0,0
2753,60,1,0,0
2754,108,1,0,0
2755,56,1,0,0
2756,78,1,0,0
2757,42,1,0,0
2758,37,1,0,0
2759,63,1,0,0
2760,95,1,0,0
2761,39,1,0,0
2762,179,1,0,0
2763,84,1,0,0
2764,52,1,0,0
2765,74,1,0,0
2766,18,1,0,0
2767,105,1,0,0
2768,19,1,0,0
2769,60,1,0,0
2770,43,1,0,0
2771,43,1,0,0
2772,25,1,0,0
2773,120,1,0,0
2774,19,1,0,0
2775,45,1,0,0
2776,68,1,0,0
2777,51,1,0,0
2778,29,1,0,0
2779,90,1,0,0
2780,57,1,0,0
2781,110,1,0,0
2782,93,1,0,0
2783,63,1,0,0
2784,28,1,0,0
2785,121,1,0,0
2786,41,1,0,0
2787,47,1,0,0
2788,25,1,0,0
2789,94,1,0,0
2790,30,1,0,0
2791,49,1,0,0
2792,21,1,0,0
2793,38,1,0,0
2794,15,1,0,0
2795,44,1,0,0
2796,43,1,0,0
2797,46,1,0,0
2798,26,1,0,0
2799,56,1,0,0
2800,124,1,0,0
2801,43,1,0,0
2802,62,1,0,0
2803,77,1,0,0
2804,77,1,0,0
2805,58,1,0,0
2806,19,1,0,0
2807,67,1,0,0
2808,65,1,0,0
2809,16,1,0,0
2810,98,1,0,0
2811,140,1,0,0
2812,166,1,0,0
2813,20,1,0,0
2814,75,1,0,0
2815,36,1,0,0
2816,74,1,0,0
2817,98,1,0,0
2818,46,1,0,0
2819,67,1,0,0
2820,95,1,0,0
2821,18,1,0,0
2822,61,1,0,0
2823,58,1,0,0
2824,73,1,0,0
2825,205,1,0,0
2826,97,1,0,0
2827,68,1,0,0
2828,34,1,0,0
2829,68,1,0,0
2830,128,1,0,0
2831,245,1,0,0
2832,27,1,0,0
2833,59,1,0,0
2834,132,1,0,0
2835,31,1,0,0
2836,65,1,0,0
2837,218,1,0,0
2838,25,1,0,0
2839,80,1,0,0
2840,167,1,0,0
2841,46,1,0,0
2842,125,1,0,0
2843,83,1,0,0
2844,35,1,0,0
2845,92,1,0,0
2846,106,1,0,0
2847,83,1,0,0
2848,27,1,0,0
2849,48,1,0,0
2850,126,1,0,0
2851,66,1,0,0
2852,56,1,0,0
2853,45,1,0,0
2854,205,1,0,0
2855,81,1,0,0
2856,102,1,0,0
2857,118,1,0,0
2858,42,1,0,0
2859,153,1,0,0
2860,12,1,0,0
2861,21,1,0,0
2862,41,1,0,0
2863,81,1,0,0
2864,26,1,0,0
2865,17,1,0,0
2866,28,1,0,0
2867,43,1,0,0
2868,37,1,0,0
2869,24,1,0,0
2870,49,1,0,0
2871,52,1,0,0
2872,48,1,0,0
2873,27,1,0,0
2874,98,1,0,0
2875,105,1,0,0
2876,20,1,0,0
2877,17,1,0,0
2878,63,1,0,0
2879,155,1,0,0
2880,123,1,0,0
2881,30,1,0,0
2882,20,1,0,0
2883,70,1,0,0
2884,15,1,0,0
2885,56,1,0,0
2886,27,1,0,0
2887,109,1,0,0
2888,33,1,0,0
2889,37,1,0,0
2890,109,1,0,0
2891,101,1,0,0
2892,87,1,0,0
2893,59,1,0,0
2894,69,1,0,0
2895,43,1,0,0
2896,132,1,0,0
2897,43,1,0,0
2898,110,1,0,0
2899,15,1,0,0
2900,39,1,0,0
2901,100,1,0,0
2902,27,1,0,0
2903,35,1,0,0
2904,49,1,0,0
2905,147,1,0,0
2906,152,1,0,0
2907,62,1,0,0
2908,24,1,0,0
2909,30,1,0,0
2910,22,1,0,0
2911,54,1,0,0
2912,92,1,0,0
2913,86,1,0,0
2914,93,1,0,0
2915,91,1,0,0
2916,31,1,0,0
2917,23,1,0,0
2918,64,1,0,0
2919,228,1,0,0
2920,20,1,0,0
2921,33,1,0,0
2922,9,1,0,0
2923,27,1,0,0
2924,180,1,0,0
2925,122,1,0,0
2926,21,1,0,0
2927,35,1,0,0
2928,70,1,0,0
2929,43,1,0,0
2930,88,1,0,0
2931,89,1,0,0
2932,70,1,0,0
2933,42,1,0,0
2934,32,1,0,0
2935,34,1,0,0
2936,17,1,0,0
2937,81,1,0,0
2938,105,1,0,0
2939,30,1,0,0
2940,116,1,0,0
2941,161,1,0,0
2942,44,1,0,0
2943,39,1,0,0
2944,30,1,0,0
2945,50,1,0,0
2946,156,1,0,0
2947,18,1,0,0
2948,81,1,0,0
2949,74,1,0,0
2950,48,1,0,0
2951,22,1,0,0
2952,29,1,0,0
2953,35,1,0,0
2954,47,1,0,0
2955,273,1,0,0
2956,74,1,0,0
2957,59,1,0,0
2958,32,1,0,0
2959,18,1,0,0
2960,106,1,0,0
2961,24,1,0,0
2962,10,1,0,0
2963,84,1,0,0
2964,116,1,0,0
2965,60,1,0,0
2966,46,1,0,0
2967,31,1,0,0
2968,11,1,0,0
2969,111,1,0,0
2970,34,1,0,0
2971,55,1,0,0
2972,97,1,0,0
2973,72,1,0,0
2974,57,1,0,0
2975,156,1,0,0
2976,43,1,0,0
2977,42,1,0,0
2978,17,1,0,0
2979,48,1,0,0
2980,39,1,0,0
2981,27,1,0,0
2982,61,1,0,0
2983,41,1,0,0
2984,43,1,0,0
2985,99,1,0,0
2986,17,1,0,0
2987,28,1,0,0
2988,154,1,0,0
2989,97,1,0,0
2990,29,1,0,0
2991,113,1,0,0
2992,201,1,0,0
2993,98,1,0,0
2994,28,1,0,0
2995,188,1,0,0
2996,61,1,0,0
2997,66,1,0,0
2998,108,1,0,0
2999,115,1,0,0
3000,35,1,0,0
3001,21,1,0,0
3002,36,1,0,0
3003,30,1,0,0
3004,22,1,0,0
3005,107,1,0,0
3006,93,1,0,0
3007,23,1,0,0
3008,36,1,0,0
3009,61,1,0,0
3010,85,1,0,0
3011,21,1,0,0
3012,51,1,0,0
3013,79,1,0,0
3014,129,1,0,0
3015,108,1,0,0
3016,23,1,0,0
3017,156,1,0,0
3018,111,1,0,0
3019,64,1,0,0
3020,16,1,0,0
3021,78,1,0,0
3022,218,1,0,0
3023,20,1,0,0
3024,208,1,0,0
3025,64,1,0,0
3026,17,1,0,0
3027,28,1,0,0
3028,49,1,0,0
3029,115,1,0,0
3030,30,1,0,0
3031,19,1,0,0
3032,53,1,0,0
3033,78,1,0,0
3034,180,1,0,0
3035,100,1,0,0
3036,113,1,0,0
3037,55,1,0,0
3038,64,1,0,0
3039,14,1,0,0
3040,210,1,0,0
3041,351,1,0,0
3042,91,1,0,0
3043,55,1,0,0
3044,93,1,0,0
3045,11,1,0,0
3046,56,1,0,0
3047,26,1,0,0
3048,39,1,0,0
3049,86,1,0,0
3050,118,1,0,0
3051,74,1,0,0
3052,95,1,0,0
3053,38,1,0,0
3054,125,1,0,0
3055,69,1,0,0
3056,21,1,0,0
3057,20,1,0,0
3058,47,1,0,0
3059,29,1,0,0
3060,210,1,0,0
3061,27,1,0,0
3062,83,1,0,0
3063,116,1,0,0
3064,121,1,0,0
3065,74,1,0,0
3066,162,1,0,0
3067,137,1,0,0
3068,132,1,0,0
3069,45,1,0,0
3070,78,1,0,0
3071,16,1,0,0
3072,39,1,0,0
3073,151,1,0,0
3074,22,1,0,0
3075,75,1,0,0
3076,29,1,0,0
3077,18,1,0,0
3078,26,1,0,0
3079,69,1,0,0
3080,37,1,0,0
3081,27,1,0,0
3082,19,1,0,0
3083,26,1,0,0
3084,29,1,0,0
3085,52,1,0,0
3086,66,1,0,0
3087,92,1,0,0
3088,33,1,0,0
3089,80,1,0,0
3090,98,1,0,0
3091,18,1,0,0
3092,87,1,0,0
3093,64,1,0,0
3094,50,1,0,0
3095,115,1,0,0
3096,73,1,0,0
3097,47,1,0,0
3098,77,1,0,0
3099,25,1,0,0
3100,25,1,0,0
3101,86,1,0,0
3102,31,1,0,0
3103,30,1,0,0
3104,90,1,0,0
3105,124,1,0,0
3106,76,1,0,0
3107,148,1,0,0
3108,91,1,0,0
3109,44,1,0,0
3110,36,1,0,0
3111,77,1,0,0
3112,49,1,0,0
3113,120,1,0,0
3114,180,1,0,0
3115,29,1,0,0
3116,152,1,0,0
3117,55,1,0,0
3118,91,1,0,0
3119,64,1,0,0
3120,51,1,0,0
3121,116,1,0,0
3122,64,1,0,0
3123,79,1,0,0
3124,32,1,0,0
3125,30,1,0,0
3126,68,1,0,0
3127,14,1,0,0
3128,68,1,0,0
3129,109,1,0,0
3130,229,1,0,0
3131,17,1,0,0
3132,25,1,0,0
3133,193,1,0,0
3134,100,1,0,0
3135,50,1,0,0
3136,9,1,0,0
3137,89,1,0,0
3138,77,1,0,0
3139,104,1,0,0
3140,17,1,0,0
3141,125,1,0,0
3142,198,1,0,0
3143,76,1,0,0
3144,113,1,0,0
3145,97,1,0,0
3146,70,1,0,0
3147,105,1,0,0
3148,62,1,0,0
3149,137,1,0,0
3150,36,1,0,0
3151,21,1,0,0
3152,100,1,0,0
3153,101,1,0,0
3154,55,1,0,0
3155,32,1,0,0
3156,49,1,0,0
3157,31,1,0,0
3158,78,1,0,0
3159,50,1,0,0
3160,62,1,0,0
3161,94,1,0,0
3162,208,1,0,0
3163,177,1,0,0
3164,9,1,0,0
3165,101,1,0,0
3166,76,1,0,0
3167,126,1,0,0
3168,112,1,0,0
3169,18,1,0,0
3170,47,1,0,0
3171,26,1,0,0
3172,116,1,0,0
3173,70,1,0,0
3174,73,1,0,0
3175,49,1,0,0
3176,98,1,0,0
3177,69,1,0,0
3178,64,1,0,0
3179,25,1,0,0
3180,94,1,0,0
3181,44,1,0,0
3182,28,1,0,0
3183,42,1,0,0
3184,72,1,0,0
3185,146,1,0,0
3186,96,1,0,0
3187,7,1,0,0
3188,16,1,0,0
3189,66,1,0,0
3190,19,1,0,0
3191,82,1,0,0
3192,136,1,0,0
3193,34,1,0,0
3194,128,1,0,0
3195,17,1,0,0
3196,31,1,0,0
3197,74,1,0,0
3198,61,1,0,0
3199,21,1,0,0
3200,36,1,0,0
3201,84,1,0,0
3202,131,1,0,0
3203,113,1,0,0
3204,21,1,0,0
3205,47,1,0,0
3206,109,1,0,0
3207,65,1,0,0
3208,97,1,0,0
3209,101,1,0,0
3210,29,1,0,0
3211,18,1,0,0
3212,56,1,0,0
3213,182,1,0,0
3214,81,1,0,0
3215,142,1,0,0
3216,12,1,0,0
3217,67,1,0,0
3218,84,1,0,0
3219,42,1,0,0
3220,29,1,0,0
3221,27,1,0,0
3222,16,1,0,0
3223,94,1,0,0
3224,52,1,0,0
3225,40,1,0,0
3226,29,1,0,0
3227,145,1,0,0
3228,45,1,0,0
3229,61,1,0,0
3230,48,1,0,0
3231,37,1,0,0
3232,23,1,0,0
3233,127,1,0,0
3234,52,1,0,0
3235,126,1,0,0
3236,42,1,0,0
3237,47,1,0,0
3238,62,1,0,0
3239,66,1,0,0
3240,48,1,0,0
3241,58,1,0,0
3242,25,1,0,0
3243,38,1,0,0
3244,80,1,0,0
3245,235,1,0,0
3246,21,1,0,0
3247,250,1,0,0
3248,106,1,0,0
3249,41,1,0,0
3250,83,1,0,0
3251,43,1,0,0
3252,53,1,0,0
3253,57,1,0,0
3254,49,1,0,0
3255,88,1,0,0
3256,49,1,0,0
3257,47,1,0,0
3258,8,1,0,0
3259,39,1,0,0
3260,97,1,0,0
3261,35,1,0,0
3262,72,1,0,0
3263,76,1,0,0
3264,154,1,0,0
3265,43,1,0,0
3266,24,1,0,0
3267,15,1,0,0
3268,86,1,0,0
3269,37,1,0,0
3270,41,1,0,0
3271,84,1,0,0
3272,184,1,0,0
3273,107,1,0,0
3274,23,1,0,0
3275,21,1,0,0
3276,98,1,0,0
3277,54,1,0,0
3278,42,1,0,0
3279,12,1,0,0
3280,18,1,0,0
3281,36,1,0,0
3282,29,1,0,0
3283,15,1,0,0
3284,48,1,0,0
3285,50,1,0,0
3286,94,1,0,0
3287,21,1,0,0
3288,229,1,0,0
3289,35,1,0,0
3290,34,1,0,0
3291,67,1,0,0
3292,83,1,0,0
3293,61,1,0,0
3294,107,1,0,0
3295,57,1,0,0
3296,233,1,0,0
3297,88,1,0,0
3298,30,1,0,0
3299,23,1,0,0
3300,36,1,0,0
3301,17,1,0,0
3302,161,1,0,0
3303,21,1,0,0
3304,124,1,0,0
3305,77,1,0,0
3306,63,1,0,0
3307,38,1,0,0
3308,67,1,0,0
3309,25,1,0,0
3310,34,1,0,0
3311,76,1,0,0
3312,112,1,0,0
3313,77,1,0,0
3314,12,1,0,0
3315,27,1,0,0
3316,96,1,0,0
3317,44,1,0,0
3318,108,1,0,0
3319,112,1,0,0
3320,21,1,0,0
3321,20,1,0,0
3322,222,1,0,0
3323,20,1,0,0
3324,119,1,0,0
3325,130,1,0,0
3326,48,1,0,0
3327,52,1,0,0
3328,25,1,0,0
3329,35,1,0,0
3330,115,1,0,0
3331,28,1,0,0
3332,21,1,0,0
3333,53,1,0,0
3334,220,1,0,0
3335,74,1,0,0
3336,38,1,0,0
3337,106,1,0,0
3338,27,1,0,0
3339,70,1,0,0
3340,36,1,0,0
3341,25,1,0,0
3342,68,1,0,0
3343,86,1,0,0
3344,71,1,0,0
3345,11,1,0,0
3346,14,1,0,0
3347,32,1,0,0
3348,24,1,0,0
3349,48,1,0,0
3350,57,1,0,0
3351,38,1,0,0
3352,17,1,0,0
3353,123,1,0,0
3354,88,1,0,0
3355,62,1,0,0
3356,118,1,0,0
3357,178,1,0,0
3358,57,1,0,0
3359,81,1,0,0
3360,29,1,0,0
3361,80,1,0,0
3362,20,1,0,0
3363,8,1,0,0
3364,95,1,0,0
3365,149,1,0,0
3366,93,1,0,0
3367,42,1,0,0
3368,73,1,0,0
3369,74,1,0,0
3370,27,1,0,0
3371,43,1,0,0
3372,58,1,0,0
3373,76,1,0,0
3374,23,1,0,0
3375,17,1,0,0
3376,60,1,0,0
3377,84,1,0,0
3378,14,1,0,0
3379,50,1,0,0
3380,40,1,0,0
3381,31,1,0,0
3382,49,1,0,0
3383,204,1,0,0
3384,10,1,0,0
3385,46,1,0,0
3386,173,1,0,0
3387,48,1,0,0
3388,66,1,0,0
3389,32,1,0,0
3390,32,1,0,0
3391,8,1,0,0
3392,147,1,0,0
3393,120,1,0,0
3394,50,1,0,0
3395,128,1,0,0
3396,45,1,0,0
3397,35,1,0,0
3398,28,1,0,0
3399,57,1,0,0
3400,27,1,0,0
3401,132,1,0,0
3402,38,1,0,0
3403,28,1,0,0
3404,79,1,0,0
3405,253,1,0,0
3406,41,1,0,0
3407,75,1,0,0
3408,157,1,0,0
3409,140,1,0,0
3410,95,1,0,0
3411,84,1,0,0
3412,21,1,0,0
3413,53,1,0,0
3414,91,1,0,0
3415,43,1,0,0
3416,40,1,0,0
3417,63,1,0,0
3418,33,1,0,0
3419,80,1,0,0
3420,37,1,0,0
3421,55,1,0,0
3422,141,1,0,0
3423,58,1,0,0
3424,53,1,0,0
3425,83,1,0,0
3426,15,1,0,0
3427,44,1,0,0
3428,89,1,0,0
3429,216,1,0,0
3430,76,1,0,0
3431,27,1,0,0
3432,115,1,0,0
3433,31,1,0,0
3434,102,1,0,0
3435,32,1,0,0
3436,70,1,0,0
3437,40,1,0,0
3438,114,1,0,0
3439,36,1,0,0
3440,76,1,0,0
3441,23,1,0,0
3442,97,1,0,0
3443,54,1,0,0
3444,44,1,0,0
3445,98,1,0,0
3446,57,1,0,0
3447,58,1,0,0
3448,68,1,0,0
3449,106,1,0,0
3450,125,1,0,0
3451,60,1,0,0
3452,99,1,0,0
3453,73,1,0,0
3454,33,1,0,0
3455,52,1,0,0
3456,50,1,0,0
3457,22,1,0,0
3458,21,1,0,0
3459,26,1,0,0
3460,55,1,0,0
3461,99,1,0,0
3462,95,1,0,0
3463,110,1,0,0
3464,10,1,0,0
3465,75,1,0,0
3466,83,1,0,0
3467,161,1,0,0
3468,41,1,0,0
3469,99,1,0,0
3470,196,1,0,0
3471,20,1,0,0
3472,32,1,0,0
3473,166,1,0,0
3474,20,1,0,0
3475,40,1,0,0
3476,54,1,0,0
3477,24,1,0,0
3478,21,1,0,0
3479,21,1,0,0
3480,55,1,0,0
3481,41,1,0,0
3482,140,1,0,0
3483,160,1,0,0
3484,51,1,0,0
3485,185,1,0,0
3486,41,1,0,0
3487,37,1,0,0
3488,125,1,0,0
3489,159,1,0,0
3490,28,1,0,0
3491,46,1,0,0
3492,119,1,0,0
3493,45,1,0,0
3494,61,1,0,0
3495,23,1,0,0
3496,22,1,0,0
3497,42,1,0,0
3498,75,1,0,0
3499,86,1,0,0
3500,143,1,0,0
3501,81,1,0,0
3502,67,1,0,0
3503,43,1,0,0
3504,74,1,0,0
3505,30,1,0,0
3506,66,1,0,0
3507,78,1,0,0
3508,41,1,0,0
3509,27,1,0,0
3510,101,1,0,0
3511,43,1,0,0
3512,64,1,0,0
3513,119,1,0,0
3514,14,1,0,0
3515,80,1,0,0
3516,90,1,0,0
3517,28,1,0,0
3518,31,1,0,0
3519,108,1,0,0
3520,33,1,0,0
3521,15,1,0,0
3522,31,1,0,0
3523,12,1,0,0
3524,66,1,0,0
3525,17,1,0,0
3526,92,1,0,0
3527,18,1,0,0
3528,10,1,0,0
3529,55,1,0,0
3530,34,1,0,0
3531,226,1,0,0
3532,103,1,0,0
3533,201,1,0,0
3534,76,1,0,0
3535,88,1,0,0
3536,56,1,0,0
3537,32,1,0,0
3538,15,1,0,0
3539,39,1,0,0
3540,104,1,0,0
3541,50,1,0,0
3542,39,1,0,0
3543,183,1,0,0
3544,14,1,0,0
3545,23,1,0,0
3546,44,1,0,0
3547,132,1,0,0
3548,42,1,0,0
3549,38,1,0,0
3550,152,1,0,0
3551,109,1,0,0
3552,20,1,0,0
3553,102,1,0,0
3554,42,1,0,0
3555,37,1,0,0
3556,58,1,0,0
3557,110,1,0,0
3558,29,1,0,0
3559,108,1,0,0
3560,131,1,0,0
3561,25,1,0,0
3562,76,1,0,0
3563,54,1,0,0
3564,26,1,0,0
3565,9,1,0,0
3566,310,1,0,0
3567,239,1,0,0
3568,39,1,0,0
3569,19,1,0,0
3570,42,1,0,0
3571,59,1,0,0
3572,55,1,0,0
3573,101,1,0,0
3574,40,1,0,0
3575,54,1,0,0
3576,29,1,0,0
3577,36,1,0,0
3578,59,1,0,0
3579,158,1,0,0
3580,170,1,0,0
3581,35,1,0,0
3582,28,1,0,0
3583,78,1,0,0
3584,69,1,0,0
3585,102,1,0,0
3586,51,1,0,0
3587,55,1,0,0
3588,49,1,0,0
3589,114,1,0,0
3590,18,1,0,0
3591,71,1,0,0
3592,131,1,0,0
3593,14,1,0,0
3594,91,1,0,0
3595,99,1,0,0
3596,93,1,0,0
3597,77,1,0,0
3598,35,1,0,0
3599,162,1,0,0
3600,76,1,0,0
3601,62,1,0,0
3602,69,1,0,0
3603,31,1,0,0
3604,235,1,0,0
3605,122,1,0,0
3606,52,1,0,0
3607,104,1,0,0
3608,28,1,0,0
3609,23,1,0,0
3610,38,1,0,0
3611,13,1,0,0
3612,136,1,0,0
3613,18,1,0,0
3614,48,1,0,0
3615,64,1,0,0
3616,60,1,0,0
3617,29,1,0,0
3618,52,1,0,0
3619,387,1,0,0
3620,119,1,0,0
3621,11,1,0,0
3622,128,1,0,0
3623,85,1,0,0
3624,21,1,0,0
3625,43,1,0,0
3626,56,1,0,0
3627,152,1,0,0
3628,70,1,0,0
3629,38,1,0,0
3630,100,1,0,0
3631,13,1,0,0
3632,159,1,0,0
3633,16,1,0,0
3634,20,1,0,0
3635,104,1,0,0
3636,64,1,0,0
3637,70,1,0,0
3638,64,1,0,0
3639,30,1,0,0
3640,182,1,0,0
3641,53,1,0,0
3642,174,1,0,0
3643,51,1,0,0
3644,29,1,0,0
3645,102,1,0,0
3646,94,1,0,0
3647,95,1,0,0
3648,11,1,0,0
3649,111,1,0,0
3650,104,1,0,0
3651,45,1,0,0
3652,128,1,0,0
3653,12,1,0,0
3654,19,1,0,0
3655,69,1,0,0
3656,87,1,0,0
3657,314,1,0,0
3658,81,1,0,0
3659,55,1,0,0
3660,74,1,0,0
3661,73,1,0,0
3662,67,1,0,0
3663,17,1,0,0
3664,81,1,0,0
3665,44,1,0,0
3666,66,1,0,0
3667,17,1,0,0
3668,98,1,0,0
3669,31,1,0,0
3670,44,1,0,0
3671,85,1,0,0
3672,36,1,0,0
3673,104,1,0,0
3674,57,1,0,0
3675,90,1,0,0
3676,36,1,0,0
3677,36,1,0,0
3678,121,1,0,0
3679,93,1,0,0
3680,150,1,0,0
3681,35,1,0,0
3682,79,1,0,0
3683,33,1,0,0
3684,22,1,0,0
3685,88,1,0,0
3686,70,1,0,0
3687,28,1,0,0
3688,51,1,0,0
3689,73,1,0,0
3690,93,1,0,0
3691,106,1,0,0
3692,47,1,0,0
3693,125,1,0,0
3694,63,1,0,0
3695,34,1,0,0
3696,42,1,0,0
3697,49,1,0,0
3698,43,1,0,0
3699,37,1,0,0
3700,88,1,0,0
3701,58,1,0,0
3702,29,1,0,0
3703,63,1,0,0
3704,56,1,0,0
3705,102,1,0,0
3706,27,1,0,0
3707,105,1,0,0
3708,54,1,0,0
3709,30,1,0,0
3710,18,1,0,0
3711,67,1,0,0
3712,58,1,0,0
3713,131,1,0,0
3714,58,1,0,0
3715,155,1,0,0
3716,53,1,0,0
3717,53,1,0,0
3718,57,1,0,0
3719,54,1,0,0
3720,128,1,0,0
3721,122,1,0,0
3722,92,1,0,0
3723,93,1,0,0
3724,245,1,0,0
3725,34,1,0,0
3726,164,1,0,0
3727,64,1,0,0
3728,89,1,0,0
3729,164,1,0,0
3730,26,1,0,0
3731,70,1,0,0
3732,59,1,0,0
3733,43,1,0,0
3734,98,1,0,0
3735,63,1,0,0
3736,39,1,0,0
3737,114,1,0,0
3738,21,1,0,0
3739,25,1,0,0
3740,93,1,0,0
3741,26,1,0,0
3742,189,1,0,0
3743,100,1,0,0
3744,48,1,0,0
3745,182,1,0,0
3746,16,1,0,0
3747,75,1,0,0
3748,46,1,0,0
3749,20,1,0,0
3750,141,1,0,0
3751,109,1,0,0
3752,192,1,0,0
3753,33,1,0,0
3754,220,1,0,0
3755,232,1,0,0
3756,71,1,0,0
3757,147,1,0,0
3758,53,1,0,0
3759,8,1,0,0
3760,98,1,0,0
3761,69,1,0,0
3762,10,1,0,0
3763,13,1,0,0
3764,25,1,0,0
3765,77,1,0,0
3766,19,1,0,0
3767,31,1,0,0
3768,63,1,0,0
3769,184,1,0,0
3770,19,1,0,0
3771,83,1,0,0
3772,211,1,0,0
3773,37,1,0,0
3774,201,1,0,0
3775,30,1,0,0
3776,31,1,0,0
3777,32,1,0,0
3778,22,1,0,0
3779,12,1,0,0
3780,52,1,0,0
3781,40,1,0,0
3782,16,1,0,0
3783,146,1,0,0
3784,24,1,0,0
3785,41,1,0,0
3786,93,1,0,0
3787,42,1,0,0
3788,49,1,0,0
3789,28,1,0,0
3790,165,1,0,0
3791,19,1,0,0
3792,52,1,0,0
3793,51,1,0,0
3794,39,1,0,0
3795,74,1,0,0
3796,64,1,0,0
3797,32,1,0,0
3798,42,1,0,0
3799,62,1,0,0
3800,17,1,0,0
3801,40,1,0,0
3802,39,1,0,0
3803,100,1,0,0
3804,52,1,0,0
3805,34,1,0,0
3806,98,1,0,0
3807,25,1,0,0
3808,25,1,0,0
3809,38,1,0,0
3810,41,1,0,0
3811,46,1,0,0
3812,30,1,0,0
3813,13,1,0,0
3814,35,1,0,0
3815,31,1,0,0
3816,17,1,0,0
3817,84,1,0,0
3818,32,1,0,0
3819,99,1,0,0
3820,39,1,0,0
3821,54,1,0,0
3822,204,1,0,0
3823,55,1,0,0
3824,71,1,0,0
3825,8,1,0,0
3826,10,1,0,0
3827,73,1,0,0
3828,26,1,0,0
3829,70,1,0,0
3830,150,1,0,0
3831,28,1,0,0
3832,21,1,0,0
3833,131,1,0,0
3834,25,1,0,0
3835,36,1,0,0
3836,29,1,0,0
3837,55,1,0,0
3838,60,1,0,0
3839,41,1,0,0
3840,55,1,0,0
3841,16,1,0,0
3842,38,1,0,0
3843,45,1,0,0
3844,229,1,0,0
3845,47,1,0,0
3846,62,1,0,0
3847,25,1,0,0
3848,32,1,0,0
3849,170,1,0,0
3850,43,1,0,0
3851,51,1,0,0
3852,44,1,0,0
3853,37,1,0,0
3854,10,1,0,0
3855,26,1,0,0
3856,73,1,0,0
3857,43,1,0,0
3858,67,1,0,0
3859,8,1,0,0
3860,28,1,0,0
3861,13,1,0,0
3862,38,1,0,0
3863,34,1,0,0
3864,131,1,0,0
3865,114,1,0,0
3866,116,1,0,0
3867,258,1,0,0
3868,61,1,0,0
3869,62,1,0,0
3870,87,1,0,0
3871,30,1,0,0
3872,59,1,0,0
3873,22,1,0,0
3874,25,1,0,0
3875,63,1,0,0
3876,20,1,0,0
3877,102,1,0,0
3878,89,1,0,0
3879,168,1,0,0
3880,65,1,0,0
3881,51,1,0,0
3882,14,1,0,0
3883,48,1,0,0
3884,101,1,0,0
3885,53,1,0,0
3886,84,1,0,0
3887,167,1,0,0
3888,92,1,0,0
3889,51,1,0,0
3890,97,1,0,0
3891,25,1,0,0
3892,191,1,0,0
3893,80,1,0,0
3894,46,1,0,0
3895,59,1,0,0
3896,104,1,0,0
3897,74,1,0,0
3898,50,1,0,0
3899,118,1,0,0
3900,80,1,0,0
3901,44,1,0,0
3902,35,1,0,0
3903,59,1,0,0
3904,50,1,0,0
3905,49,1,0,0
3906,66,1,0,0
3907,27,1,0,0
3908,20,1,0,0
3909,104,1,0,0
3910,74,1,0,0
3911,122,1,0,0
3912,108,1,0,0
3913,30,1,0,0
3914,19,1,0,0
3915,65,1,0,0
3916,9,1,0,0
3917,87,1,0,0
3918,83,1,0,0
3919,46,1,0,0
3920,59,1,0,0
3921,54,1,0,0
3922,74,1,0,0
3923,44,1,0,0
3924,110,1,0,0
3925,23,1,0,0
3926,50,1,0,0
3927,58,1,0,0
3928,84,1,0,0
3929,89,1,0,0
3930,26,1,0,0
3931,13,1,0,0
3932,41,1,0,0
3933,112,1,0,0
3934,55,1,0,0
3935,68,1,0,0
3936,81,1,0,0
3937,26,1,0,0
3938,21,1,0,0
3939,90,1,0,0
3940,63,1,0,0
3941,79,1,0,0
3942,134,1,0,0
3943,54,1,0,0
3944,102,1,0,0
3945,46,1,0,0
3946,35,1,0,0
3947,42,1,0,0
3948,62,1,0,0
3949,59,1,0,0
3950,24,1,0,0
3951,123,1,0,0
3952,47,1,0,0
3953,162,1,0,0
3954,97,1,0,0
3955,59,1,0,0
3956,57,1,0,0
3957,66,1,0,0
3958,60,1,0,0
3959,58,1,0,0
3960,89,1,0,0
3961,84,1,0,0
3962,13,1,0,0
3963,51,1,0,0
3964,160,1,0,0
3965,79,1,0,0
3966,99,1,0,0
3967,110,1,0,0
3968,62,1,0,0
3969,34,1,0,0
3970,173,1,0,0
3971,87,1,0,0
3972,42,1,0,0
3973,63,1,0,0
3974,32,1,0,0
3975,79,1,0,0
3976,25,1,0,0
3977,165,1,0,0
3978,8,1,0,0
3979,36,1,0,0
3980,60,1,0,0
3981,47,1,0,0
3982,146,1,0,0
3983,9,1,0,0
3984,193,1,0,0
3985,9,1,0,0
3986,78,1,0,0
3987,30,1,0,0
3988,82,1,0,0
3989,85,1,0,0
3990,101,1,0,0
3991,46,1,0,0
3992,61,1,0,0
3993,44,1,0,0
3994,36,1,0,0
3995,73,1,0,0
3996,87,1,0,0
3997,90,1,0,0
3998,99,1,0,0
3999,70,1,0,0
4000,119,1,0,0
4001,86,1,0,0
4002,105,1,0,0
4003,57,1,0,0
4004,45,1,0,0
4005,119,1,0,0
4006,30,1,0,0
4007,44,1,0,0
4008,45,1,0,0
4009,62,1,0,0
4010,14,1,0,0
4011,127,1,0,0
4012,83,1,0,0
4013,22,1,0,0
4014,55,1,0,0
4015,94,1,0,0
4016,21,1,0,0
4017,28,1,0,0
4018,108,1,0,0
4019,87,1,0,0
4020,88,1,0,0
4021,32,1,0,0
4022,153,1,0,0
4023,63,1,0,0
4024,52,1,0,0
4025,28,1,0,0
4026,18,1,0,0
4027,19,1,0,0
4028,70,1,0,0
4029,157,1,0,0
4030,77,1,0,0
4031,19,1,0,0
4032,105,1,0,0
4033,57,1,0,0
4034,46,1,0,0
4035,26,1,0,0
4036,13,1,0,0
4037,25,1,0,0
4038,50,1,0,0
4039,47,1,0,0
4040,48,1,0,0
4041,53,1,0,0
4042,21,1,0,0
4043,12,1,0,0
4044,84,1,0,0
4045,16,1,0,0
4046,10,1,0,0
4047,78,1,0,0
4048,12,1,0,0
4049,26,1,0,0
4050,22,1,0,0
4051,97,1,0,0
4052,95,1,0,0
4053,110,1,0,0
4054,42,1,0,0
4055,63,1,0,0
4056,73,1,0,0
4057,80,1,0,0
4058,134,1,0,0
4059,157,1,0,0
4060,67,1,0,0
4061,13,1,0,0
4062,207,1,0,0
4063,134,1,0,0
4064,25,1,0,0
4065,118,1,0,0
4066,116,1,0,0
4067,112,1,0,0
4068,41,1,0,0
4069,68,1,0,0
4070,45,1,0,0
4071,43,1,0,0
4072,78,1,0,0
4073,43,1,0,0
4074,141,1,0,0
4075,26,1,0,0
4076,113,1,0,0
4077,52,1,0,0
4078,72,1,0,0
4079,112,1,0,0
4080,25,1,0,0
4081,116,1,0,0
4082,14,1,0,0
4083,84,1,0,0
4084,237,1,0,0
4085,85,1,0,0
4086,86,1,0,0
4087,89,1,0,0
4088,56,1,0,0
4089,59,1,0,0
4090,72,1,0,0
4091,39,1,0,0
4092,24,1,0,0
4093,37,1,0,0
4094,38,1,0,0
4095,11,1,0,0
4096,25,1,0,0
4097,36,1,0,0
4098,31,1,0,0
4099,9,1,0,0
4100,208,1,0,0
4101,80,1,0,0
4102,82,1,0,0
4103,46,1,0,0
4104,195,1,0,0
4105,95,1,0,0
4106,45,1,0,0
4107,88,1,0,0
4108,45,1,0,0
4109,51,1,0,0
4110,67,1,0,0
4111,44,1,0,0
4112,42,1,0,0
4113,62,1,0,0
4114,143,1,0,0
4115,17,1,0,0
4116,71,1,0,0
4117,76,1,0,0
4118,29,1,0,0
4119,111,1,0,0
4120,38,1,0,0
4121,81,1,0,0
4122,71,1,0,0
4123,75,1,0,0
4124,83,1,0,0
4125,85,1,0,0
4126,90,1,0,0
4127,30,1,0,0
4128,102,1,0,0
4129,150,1,0,0
4130,77,1,0,0
4131,30,1,0,0
4132,11,1,0,0
4133,52,1,0,0
4134,88,1,0,0
4135,149,1,0,0
4136,54,1,0,0
4137,109,1,0,0
4138,64,1,0,0
4139,32,1,0,0
4140,110,1,0,0
4141,139,1,0,0
4142,189,1,0,0
4143,167,1,0,0
4144,30,1,0,0
4145,113,1,0,0
4146,159,1,0,0
4147,75,1,0,0
4148,36,1,0,0
4149,18,1,0,0
4150,137,1,0,0
4151,43,1,0,0
4152,54,1,0,0
4153,19,1,0,0
4154,75,1,0,0
4155,106,1,0,0
4156,33,1,0,0
4157,124,1,0,0
4158,91,1,0,0
4159,13,1,0,0
4160,50,1,0,0
4161,177,1,0,0
4162,111,1,0,0
4163,32,1,0,0
4164,25,1,0,0
4165,76,1,0,0
4166,29,1,0,0
4167,60,1,0,0
4168,47,1,0,0
4169,123,1,0,0
4170,45,1,0,0
4171,9,1,0,0
4172,34,1,0,0
4173,77,1,0,0
4174,15,1,0,0
4175,21,1,0,0
4176,38,1,0,0
4177,407,1,0,0
4178,43,1,0,0
4179,11,1,0,0
4180,112,1,0,0
4181,114,1,0,0
4182,152,1,0,0
4183,102,1,0,0
4184,75,1,0,0
4185,188,1,0,0
4186,151,1,0,0
4187,59,1,0,0
4188,155,1,0,0
4189,143,1,0,0
4190,68,1,0,0
4191,33,1,0,0
4192,24,1,0,0
4193,37,1,0,0
4194,125,1,0,0
4195,52,1,0,0
4196,50,1,0,0
4197,19,1,0,0
4198,14,1,0,0
4199,13,1,0,0
4200,90,1,0,0
4201,52,1,0,0
4202,76,1,0,0
4203,27,1,0,0
4204,55,1,0,0
4205,46,1,0,0
4206,14,1,0,0
4207,11,1,0,0
4208,87,1,0,0
4209,35,1,0,0
4210,84,1,0,0
4211,108,1,0,0
4212,9,1,0,0
4213,55,1,0,0
4214,72,1,0,0
4215,57,1,0,0
4216,52,1,0,0
4217,17,1,0,0
4218,23,1,0,0
4219,31,1,0,0
4220,70,1,0,0
4221,120,1,0,0
4222,52,1,0,0
4223,23,1,0,0
4224,155,1,0,0
4225,80,1,0,0
4226,15,1,0,0
4227,129,1,0,0
4228,75,1,0,0
4229,203,1,0,0
4230,42,1,0,0
4231,65,1,0,0
4232,70,1,0,0
4233,11,1,0,0
4234,81,1,0,0
4235,37,1,0,0
4236,143,1,0,0
4237,64,1,0,0
4238,15,1,0,0
4239,26,1,0,0
4240,116,1,0,0
4241,15,1,0,0
4242,47,1,0,0
4243,201,1,0,0
4244,119,1,0,0
4245,18,1,0,0
4246,107,1,0,0
4247,80,1,0,0
4248,111,1,0,0
4249,150,1,0,0
4250,109,1,0,0
4251,68,1,0,0
4252,89,1,0,0
4253,38,1,0,0
4254,81,1,0,0
4255,33,1,0,0
4256,45,1,0,0
4257,122,1,0,0
4258,50,1,0,0
4259,144,1,0,0
4260,111,1,0,0
4261,20,1,0,0
4262,135,1,0,0
4263,129,1,0,0
4264,32,1,0,0
4265,68,1,0,0
4266,191,1,0,0
4267,98,1,0,0
4268,28,1,0,0
4269,41,1,0,0
4270,200,1,0,0
4271,51,1,0,0
4272,74,1,0,0
4273,119,1,0,0
4274,40,1,0,0
4275,94,1,0,0
4276,111,1,0,0
4277,57,1,0,0
4278,14,1,0,0
4279,19,1,0,0
4280,28,1,0,0
4281,33,1,0,0
4282,36,1,0,0
4283,12,1,0,0
4284,23,1,0,0
4285,101,1,0,0
4286,63,1,0,0
4287,265,1,0,0
4288,104,1,0,0
4289,119,1,0,0
4290,109,1,0,0
4291,26,1,0,0
4292,61,1,0,0
4293,171,1,0,0
4294,27,1,0,0
4295,109,1,0,0
4296,61,1,0,0
4297,32,1,0,0
4298,70,1,0,0
4299,36,1,0,0
4300,22,1,0,0
4301,9,1,0,0
4302,113,1,0,0
4303,149,1,0,0
4304,71,1,0,0
4305,19,1,0,0
4306,63,1,0,0
4307,62,1,0,0
4308,31,1,0,0
4309,107,1,0,0
4310,84,1,0,0
4311,19,1,0,0
4312,54,1,0,0
4313,41,1,0,0
4314,168,1,0,0
4315,40,1,0,0
4316,98,1,0,0
4317,78,1,0,0
4318,114,1,0,0
4319,16,1,0,0
4320,157,1,0,0
4321,20,1,0,0
4322,77,1,0,0
4323,28,1,0,0
4324,92,1,0,0
4325,22,1,0,0
4326,55,1,0,0
4327,148,1,0,0
4328,168,1,0,0
4329,97,1,0,0
4330,158,1,0,0
4331,24,1,0,0
4332,13,1,0,0
4333,21,1,0,0
4334,54,1,0,0
4335,28,1,0,0
4336,44,1,0,0
4337,14,1,0,0
4338,269,1,0,0
4339,32,1,0,0
4340,14,1,0,0
4341,114,1,0,0
4342,78,1,0,0
4343,36,1,0,0
4344,80,1,0,0
4345,149,1,0,0
4346,55,1,0,0
4347,45,1,0,0
4348,27,1,0,0
4349,17,1,0,0
4350,63,1,0,0
4351,85,1,0,0
4352,21,1,0,0
4353,86,1,0,0
4354,145,1,0,0
4355,46,1,0,0
4356,31,1,0,0
4357,57,1,0,0
4358,78,1,0,0
4359,47,1,0,0
4360,54,1,0,0
4361,16,1,0,0
4362,33,1,0,0
4363,26,1,0,0
4364,25,1,0,0
4365,53,1,0,0
4366,39,1,0,0
4367,40,1,0,0
4368,40,1,0,0
4369,234,1,0,0
4370,56,1,0,0
4371,129,1,0,0
4372,59,1,0,0
4373,172,1,0,0
4374,59,1,0,0
4375,33,1,0,0
4376,90,1,0,0
4377,80,1,0,0
4378,16,1,0,0
4379,65,1,0,0
4380,35,1,0,0
4381,22,1,0,0
4382,131,1,0,0
4383,30,1,0,0
4384,108,1,0,0
4385,39,1,0,0
4386,17,1,0,0
4387,105,1,0,0
4388,62,1,0,0
4389,137,1,0,0
4390,130,1,0,0
4391,62,1,0,0
4392,18,1,0,0
4393,67,1,0,0
4394,201,1,0,0
4395,117,1,0,0
4396,75,1,0,0
4397,84,1,0,0
4398,42,1,0,0
4399,15,1,0,0
4400,51,1,0,0
4401,137,1,0,0
4402,18,1,0,0
4403,25,1,0,0
4404,87,1,0,0
4405,106,1,0,0
4406,21,1,0,0
4407,117,1,0,0
4408,66,1,0,0
4409,201,1,0,0
4410,225,1,0,0
4411,78,1,0,0
4412,50,1,0,0
4413,44,1,0,0
4414,106,1,0,0
4415,137,1,0,0
4416,89,1,0,0
4417,82,1,0,0
4418,162,1,0,0
4419,118,1,0,0
4420,30,1,0,0
4421,13,1,0,0
4422,96,1,0,0
4423,44,1,0,0
4424,209,1,0,0
4425,45,1,0,0
4426,95,1,0,0
4427,66,1,0,0
4428,35,1,0,0
4429,25,1,0,0
4430,53,1,0,0
4431,21,1,0,0
4432,47,1,0,0
4433,46,1,0,0
4434,302,1,0,0
4435,38,1,0,0
4436,330,1,0,0
4437,45,1,0,0
4438,65,1,0,0
4439,53,1,0,0
4440,50,1,0,0
4441,35,1,0,0
4442,228,1,0,0
4443,26,1,0,0
4444,79,1,0,0
4445,235,1,0,0
4446,50,1,0,0
4447,67,1,0,0
4448,119,1,0,0
4449,60,1,0,0
4450,48,1,0,0
4451,34,1,0,0
4452,54,1,0,0
4453,82,1,0,0
4454,26,1,0,0
4455,184,1,0,0
4456,129,1,0,0
4457,28,1,0,0
4458,32,1,0,0
4459,31,1,0,0
4460,72,1,0,0
4461,66,1,0,0
4462,32,1,0,0
4463,86,1,0,0
4464,71,1,0,0
4465,83,1,0,0
4466,47,1,0,0
4467,114,1,0,0
4468,110,1,0,0
4469,85,1,0,0
4470,67,1,0,0
4471,98,1,0,0
4472,71,1,0,0
4473,162,1,0,0
4474,108,1,0,0
4475,64,1,0,0
4476,7,1,0,0
4477,101,1,0,0
4478,55,1,0,0
4479,106,1,0,0
4480,46,1,0,0
4481,66,1,0,0
4482,69,1,0,0
4483,69,1,0,0
4484,49,1,0,0
4485,80,1,0,0
4486,30,1,0,0
4487,124,1,0,0
4488,95,1,0,0
4489,56,1,0,0
4490,115,1,0,0
4491,50,1,0,0
4492,65,1,0,0
4493,64,1,0,0
4494,72,1,0,0
4495,102,1,0,0
4496,41,1,0,0
4497,46,1,0,0
4498,65,1,0,0
4499,14,1,0,0
4500,85,1,0,0
4501,81,1,0,0
4502,51,1,0,0
4503,46,1,0,0
4504,100,1,0,0
4505,13,1,0,0
4506,41,1,0,0
4507,95,1,0,0
4508,177,1,0,0
4509,207,1,0,0
4510,167,1,0,0
4511,62,1,0,0
4512,44,1,0,0
4513,24,1,0,0
4514,89,1,0,0
4515,63,1,0,0
4516,94,1,0,0
4517,18,1,0,0
4518,30,1,0,0
4519,55,1,0,0
4520,40,1,0,0
4521,155,1,0,0
4522,42,1,0,0
4523,35,1,0,0
4524,58,1,0,0
4525,17,1,0,0
4526,20,1,0,0
4527,9,1,0,0
4528,54,1,0,0
4529,33,1,0,0
4530,99,1,0,0
4531,40,1,0,0
4532,58,1,0,0
4533,110,1,0,0
4534,85,1,0,0
4535,26,1,0,0
4536,58,1,0,0
4537,75,1,0,0
4538,83,1,0,0
4539,39,1,0,0
4540,41,1,0,0
4541,97,1,0,0
4542,66,1,0,0
4543,29,1,0,0
4544,66,1,0,0
4545,36,1,0,0
4546,9,1,0,0
4547,90,1,0,0
4548,210,1,0,0
4549,66,1,0,0
4550,28,1,0,0
4551,34,1,0,0
4552,60,1,0,0
4553,64,1,0,0
4554,58,1,0,0
4555,75,1,0,0
4556,44,1,0,0
4557,12,1,0,0
4558,95,1,0,0
4559,23,1,0,0
4560,32,1,0,0
4561,29,1,0,0
4562,19,1,0,0
4563,14,1,0,0
4564,43,1,0,0
4565,146,1,0,0
4566,170,1,0,0
4567,173,1,0,0
4568,67,1,0,0
4569,120,1,0,0
4570,132,1,0,0
4571,128,1,0,0
4572,110,1,0,0
4573,42,1,0,0
4574,21,1,0,0
4575,51,1,0,0
4576,39,1,0,0
4577,19,1,0,0
4578,27,1,0,0
4579,40,1,0,0
4580,96,1,0,0
4581,64,1,0,0
4582,22,1,0,0
4583,60,1,0,0
4584,120,1,0,0
4585,41,1,0,0
4586,81,1,0,0
4587,62,1,0,0
4588,62,1,0,0
4589,109,1,0,0
4590,111,1,0,0
4591,47,1,0,0
4592,111,1,0,0
4593,52,1,0,0
4594,31,1,0,0
4595,43,1,0,0
4596,13,1,0,0
4597,190,1,0,0
4598,88,1,0,0
4599,117,1,0,0
4600,49,1,0,0
4601,31,1,0,0
4602,148,1,0,0
4603,52,1,0,0
4604,29,1,0,0
4605,42,1,0,0
4606,264,1,0,0
4607,106,1,0,0
4608,17,1,0,0
4609,49,1,0,0
4610,43,1,0,0
4611,104,1,0,0
4612,156,1,0,0
4613,15,1,0,0
4614,205,1,0,0
4615,52,1,0,0
4616,32,1,0,0
4617,180,1,0,0
4618,35,1,0,0
4619,32,1,0,0
4620,121,1,0,0
4621,24,1,0,0
4622,202,1,0,0
4623,29,1,0,0
4624,76,1,0,0
4625,31,1,0,0
4626,14,1,0,0
4627,35,1,0,0
4628,30,1,0,0
4629,15,1,0,0
4630,113,1,0,0
4631,145,1,0,0
4632,44,1,0,0
4633,32,1,0,0
4634,61,1,0,0
4635,13,1,0,0
4636,67,1,0,0
4637,90,1,0,0
4638,132,1,0,0
4639,90,1,0,0
4640,58,1,0,0
4641,81,1,0,0
4642,8,1,0,0
4643,48,1,0,0
4644,62,1,0,0
4645,38,1,0,0
4646,36,1,0,0
4647,49,1,0,0
4648,45,1,0,0
4649,95,1,0,0
4650,112,1,0,0
4651,37,1,0,0
4652,97,1,0,0
4653,15,1,0,0
4654,32,1,0,0
4655,104,1,0,0
4656,130,1,0,0
4657,100,1,0,0
4658,34,1,0,0
4659,53,1,0,0
4660,69,1,0,0
4661,88,1,0,0
4662,31,1,0,0
4663,35,1,0,0
4664,39,1,0,0
4665,128,1,0,0
4666,36,1,0,0
4667,30,1,0,0
4668,55,1,0,0
4669,60,1,0,0
4670,197,1,0,0
4671,18,1,0,0
4672,76,1,0,0
4673,32,1,0,0
4674,53,1,0,0
4675,142,1,0,0
4676,111,1,0,0
4677,55,1,0,0
4678,84,1,0,0
4679,77,1,0,0
4680,34,1,0,0
4681,56,1,0,0
4682,29,1,0,0
4683,53,1,0,0
4684,22,1,0,0
4685,29,1,0,0
4686,141,1,0,0
4687,86,1,0,0
4688,14,1,0,0
4689,95,1,0,0
4690,22,1,0,0
4691,66,1,0,0
4692,323,1,0,0
4693,36,1,0,0
4694,33,1,0,0
4695,51,1,0,0
4696,85,1,0,0
4697,35,1,0,0
4698,17,1,0,0
4699,68,1,0,0
4700,144,1,0,0
4701,28,1,0,0
4702,54,1,0,0
4703,13,1,0,0
4704,50,1,0,0
4705,128,1,0,0
4706,80,1,0,0
4707,34,1,0,0
4708,16,1,0,0
4709,17,1,0,0
4710,42,1,0,0
4711,103,1,0,0
4712,42,1,0,0
4713,31,1,0,0
4714,77,1,0,0
4715,52,1,0,0
4716,42,1,0,0
4717,23,1,0,0
4718,104,1,0,0
4719,37,1,0,0
4720,133,1,0,0
4721,63,1,0,0
4722,70,1,0,0
4723,141,1,0,0
4724,113,1,0,0
4725,61,1,0,0
4726,10,1,0,0
4727,22,1,0,0
4728,22,1,0,0
4729,37,1,0,0
4730,29,1,0,0
4731,17,1,0,0
4732,72,1,0,0
4733,160,1,0,0
4734,59,1,0,0
4735,21,1,0,0
4736,60,1,0,0
4737,22,1,0,0
4738,56,1,0,0
4739,46,1,0,0
4740,55,1,0,0
4741,86,1,0,0
4742,54,1,0,0
4743,64,1,0,0
4744,55,1,0,0
4745,70,1,0,0
4746,21,1,0,0
4747,53,1,0,0
4748,14,1,0,0
4749,40,1,0,0
4750,27,1,0,0
4751,83,1,0,0
4752,151,1,0,0
4753,62,1,0,0
4754,31,1,0,0
4755,43,1,0,0
4756,58,1,0,0
4757,88,1,0,0
4758,49,1,0,0
4759,105,1,0,0
4760,26,1,0,0
4761,129,1,0,0
4762,54,1,0,0
4763,224,1,0,0
4764,111,1,0,0
4765,94,1,0,0
4766,20,1,0,0
4767,35,1,0,0
4768,153,1,0,0
4769,108,1,0,0
4770,71,1,0,0
4771,135,1,0,0
4772,106,1,0,0
4773,21,1,0,0
4774,26,1,0,0
4775,50,1,0,0
4776,133,1,0,0
4777,136,1,0,0
4778,26,1,0,0
4779,99,1,0,0
4780,18,1,0,0
4781,52,1,0,0
4782,19,1,0,0
4783,202,1,0,0
4784,128,1,0,0
4785,41,1,0,0
4786,25,1,0,0
4787,51,1,0,0
4788,51,1,0,0
4789,21,1,0,0
4790,200,1,0,0
4791,32,1,0,0
4792,26,1,0,0
4793,42,1,0,0
4794,153,1,0,0
4795,35,1,0,0
4796,73,1,0,0
4797,53,1,0,0
4798,81,1,0,0
4799,112,1,0,0
4800,82,1,0,0
4801,130,1,0,0
4802,10,1,0,0
4803,83,1,0,0
4804,62,1,0,0
4805,21,1,0,0
4806,22,1,0,0
4807,79,1,0,0
4808,101,1,0,0
4809,44,1,0,0
4810,10,1,0,0
4811,54,1,0,0
4812,43,1,0,0
4813,58,1,0,0
4814,19,1,0,0
4815,58,1,0,0
4816,57,1,0,0
4817,387,1,0,0
4818,96,1,0,0
4819,107,1,0,0
4820,56,1,0,0
4821,63,1,0,0
4822,331,1,0,0
4823,9,1,0,0
4824,156,1,0,0
4825,37,1,0,0
4826,45,1,0,0
4827,22,1,0,0
4828,86,1,0,0
4829,59,1,0,0
4830,74,1,0,0
4831,13,1,0,0
4832,75,1,0,0
4833,53,1,0,0
4834,98,1,0,0
4835,56,1,0,0
4836,22,1,0,0
4837,21,1,0,0
4838,313,1,0,0
4839,46,1,0,0
4840,22,1,0,0
4841,299,1,0,0
4842,45,1,0,0
4843,34,1,0,0
4844,134,1,0,0
4845,199,1,0,0
4846,165,1,0,0
4847,36,1,0,0
4848,18,1,0,0
4849,107,1,0,0
4850,16,1,0,0
4851,65,1,0,0
4852,37,1,0,0
4853,98,1,0,0
4854,58,1,0,0
4855,153,1,0,0
4856,78,1,0,0
4857,11,1,0,0
4858,125,1,0,0
4859,63,1,0,0
4860,86,1,0,0
4861,91,1,0,0
4862,127,1,0,0
4863,106,1,0,0
4864,155,1,0,0
4865,106,1,0,0
4866,26,1,0,0
4867,23,1,0,0
4868,98,1,0,0
4869,75,1,0,0
4870,67,1,0,0
4871,79,1,0,0
4872,33,1,0,0
4873,107,1,0,0
4874,53,1,0,0
4875,49,1,0,0
4876,104,1,0,0
4877,160,1,0,0
4878,25,1,0,0
4879,18,1,0,0
4880,54,1,0,0
4881,85,1,0,0
4882,228,1,0,0
4883,125,1,0,0
4884,71,1,0,0
4885,49,1,0,0
4886,19,1,0,0
4887,51,1,0,0
4888,49,1,0,0
4889,35,1,0,0
4890,31,1,0,0
4891,263,1,0,0
4892,47,1,0,0
4893,35,1,0,0
4894,40,1,0,0
4895,57,1,0,0
4896,35,1,0,0
4897,16,1,0,0
4898,82,1,0,0
4899,24,1,0,0
4900,110,1,0,0
4901,30,1,0,0
4902,73,1,0,0
4903,128,1,0,0
4904,68,1,0,0
4905,74,1,0,0
4906,95,1,0,0
4907,78,1,0,0
4908,90,1,0,0
4909,22,1,0,0
4910,50,1,0,0
4911,12,1,0,0
4912,237,1,0,0
4913,81,1,0,0
4914,49,1,0,0
4915,44,1,0,0
4916,31,1,0,0
4917,86,1,0,0
4918,212,1,0,0
4919,49,1,0,0
4920,32,1,0,0
4921,200,1,0,0
4922,51,1,0,0
4923,155,1,0,0
4924,27,1,0,0
4925,118,1,0,0
4926,48,1,0,0
4927,35,1,0,0
4928,23,1,0,0
4929,15,1,0,0
4930,14,1,0,0
4931,21,1,0,0
4932,14,1,0,0
4933,96,1,0,0
4934,31,1,0,0
4935,20,1,0,0
4936,90,1,0,0
4937,33,1,0,0
4938,62,1,0,0
4939,152,1,0,0
4940,94,1,0,0
4941,60,1,0,0
4942,60,1,0,0
4943,53,1,0,0
4944,123,1,0,0
4945,73,1,0,0
4946,124,1,0,0
4947,43,1,0,0
4948,141,1,0,0
4949,293,1,0,0
4950,72,1,0,0
4951,57,1,0,0
4952,25,1,0,0
4953,120,1,0,0
4954,21,1,0,0
4955,85,1,0,0
4956,76,1,0,0
4957,93,1,0,0
4958,42,1,0,0
4959,103,1,0,0
4960,54,1,0,0
4961,30,1,0,0
4962,86,1,0,0
4963,62,1,0,0
4964,85,1,0,0
4965,101,1,0,0
4966,9,1,0,0
4967,126,1,0,0
4968,139,1,0,0
4969,24,1,0,0
4970,27,1,0,0
4971,23,1,0,0
4972,24,1,0,0
4973,29,1,0,0
4974,29,1,0,0
4975,42,1,0,0
4976,92,1,0,0
4977,44,1,0,0
4978,67,1,0,0
4979,38,1,0,0
4980,45,1,0,0
4981,18,1,0,0
4982,92,1,0,0
4983,31,1,0,0
4984,125,1,0,0
4985,18,1,0,0
4986,21,1,0,0
4987,35,1,0,0
4988,29,1,0,0
4989,52,1,0,0
4990,250,1,0,0
4991,61,1,0,0
4992,108,1,0,0
4993,57,1,0,0
4994,41,1,0,0
4995,51,1,0,0
4996,30,1,0,0
4997,125,1,0,0
4998,41,1,0,0
4999,55,1,0,0
5000,70,1,0,0
5001,129,1,0,0
5002,45,1,0,0
5003,39,1,0,0
5004,148,1,0,0
5005,132,1,0,0
5006,37,1,0,0
5007,63,1,0,0
5008,23,1,0,0
5009,42,1,0,0
5010,166,1,0,0
5011,102,1,0,0
5012,81,1,0,0
5013,75,1,0,0
5014,45,1,0,0
5015,158,1,0,0
5016,18,1,0,0
5017,39,1,0,0
5018,69,1,0,0
5019,148,1,0,0
5020,47,1,0,0
5021,10,1,0,0
5022,51,1,0,0
5023,124,1,0,0
5024,16,1,0,0
5025,54,1,0,0
5026,63,1,0,0
5027,62,1,0,0
5028,9,1,0,0
5029,17,1,0,0
5030,70,1,0,0
5031,91,1,0,0
5032,22,1,0,0
5033,111,1,0,0
5034,117,1,0,0
5035,101,1,0,0
5036,29,1,0,0
5037,13,1,0,0
5038,166,1,0,0
5039,50,1,0,0
5040,83,1,0,0
5041,48,1,0,0
5042,47,1,0,0
5043,119,1,0,0
5044,63,1,0,0
5045,235,1,0,0
5046,69,1,0,0
5047,15,1,0,0
5048,38,1,0,0
5049,79,1,0,0
5050,13,1,0,0
5051,68,1,0,0
5052,78,1,0,0
5053,163,1,0,0
5054,11,1,0,0
5055,62,1,0,0
5056,139,1,0,0
5057,157,1,0,0
5058,28,1,0,0
5059,145,1,0,0
5060,57,1,0,0
5061,79,1,0,0
5062,152,1,0,0
5063,54,1,0,0
5064,28,1,0,0
5065,27,1,0,0
5066,18,1,0,0
5067,52,1,0,0
5068,16,1,0,0
5069,141,1,0,0
5070,59,1,0,0
5071,39,1,0,0
5072,99,1,0,0
5073,61,1,0,0
5074,47,1,0,0
5075,32,1,0,0
5076,44,1,0,0
5077,34,1,0,0
5078,58,1,0,0
5079,37,1,0,0
5080,135,1,0,0
5081,21,1,0,0
5082,129,1,0,0
5083,52,1,0,0
5084,31,1,0,0
5085,11,1,0,0
5086,48,1,0,0
5087,29,1,0,0
5088,52,1,0,0
5089,46,1,0,0
5090,56,1,0,0
5091,37,1,0,0
5092,19,1,0,0
5093,50,1,0,0
5094,51,1,0,0
5095,67,1,0,0
5096,22,1,0,0
5097,52,1,0,0
5098,47,1,0,0
5099,53,1,0,0
5100,80,1,0,0
5101,99,1,0,0
5102,75,1,0,0
5103,51,1,0,0
5104,30,1,0,0
5105,94,1,0,0
5106,163,1,0,0
5107,17,1,0,0
5108,75,1,0,0
5109,22,1,0,0
5110,197,1,0,0
5111,107,1,0,0
5112,30,1,0,0
5113,65,1,0,0
5114,85,1,0,0
5115,88,1,0,0
5116,64,1,0,0
5117,32,1,0,0
5118,39,1,0,0
5119,79,1,0,0
5120,33,1,0,0
5121,160,1,0,0
5122,107,1,0,0
5123,14,1,0,0
5124,73,1,0,0
5125,48,1,0,0
5126,89,1,0,0
5127,125,1,0,0
5128,51,1,0,0
5129,75,1,0,0
5130,36,1,0,0
5131,26,1,0,0
5132,72,1,0,0
5133,39,1,0,0
5134,84,1,0,0
5135,80,1,0,0
5136,117,1,0,0
5137,67,1,0,0
5138,157,1,0,0
5139,16,1,0,0
5140,107,1,0,0
5141,74,1,0,0
5142,48,1,0,0
5143,95,1,0,0
5144,53,1,0,0
5145,116,1,0,0
5146,45,1,0,0
5147,54,1,0,0
5148,187,1,0,0
5149,76,1,0,0
5150,29,1,0,0
5151,29,1,0,0
5152,63,1,0,0
5153,35,1,0,0
5154,93,1,0,0
5155,242,1,0,0
5156,67,1,0,0
5157,44,1,0,0
5158,79,1,0,0
5159,53,1,0,0
5160,86,1,0,0
5161,19,1,0,0
5162,39,1,0,0
5163,21,1,0,0
5164,70,1,0,0
5165,85,1,0,0
5166,19,1,0,0
5167,53,1,0,0
5168,54,1,0,0
5169,50,1,0,0
5170,108,1,0,0
5171,63,1,0,0
5172,18,1,0,0
5173,115,1,0,0
5174,99,1,0,0
5175,132,1,0,0
5176,181,1,0,0
5177,150,1,0,0
5178,270,1,0,0
5179,9,1,0,0
5180,42,1,0,0
5181,43,1,0,0
5182,86,1,0,0
5183,54,1,0,0
5184,37,1,0,0
5185,37,1,0,0
5186,41,1,0,0
5187,15,1,0,0
5188,13,1,0,0
5189,69,1,0,0
5190,33,1,0,0
5191,212,1,0,0
5192,153,1,0,0
5193,49,1,0,0
5194,93,1,0,0
5195,170,1,0,0
5196,237,1,0,0
5197,73,1,0,0
5198,37,1,0,0
5199,37,1,0,0
5200,23,1,0,0
5201,73,1,0,0
5202,48,1,0,0
5203,28,1,0,0
5204,55,1,0,0
5205,57,1,0,0
5206,51,1,0,0
5207,35,1,0,0
5208,89,1,0,0
5209,30,1,0,0
5210,15,1,0,0
5211,39,1,0,0
5212,40,1,0,0
5213,20,1,0,0
5214,111,1,0,0
5215,143,1,0,0
5216,61,1,0,0
5217,61,1,0,0
5218,72,1,0,0
5219,82,1,0,0
5220,47,1,0,0
5221,54,1,0,0
5222,10,1,0,0
5223,82,1,0,0
5224,33,1,0,0
5225,60,1,0,0
5226,66,1,0,0
5227,90,1,0,0
5228,87,1,0,0
5229,100,1,0,0
5230,21,1,0,0
5231,184,1,0,0
5232,142,1,0,0
5233,42,1,0,0
5234,85,1,0,0
5235,35,1,0,0
5236,49,1,0,0
5237,103,1,0,0
5238,162,1,0,0
5239,41,1,0,0
5240,110,1,0,0
5241,86,1,0,0
5242,90,1,0,0
5243,90,1,0,0
5244,59,1,0,0
5245,61,1,0,0
5246,28,1,0,0
5247,88,1,0,0
5248,24,1,0,0
5249,53,1,0,0
5250,324,1,0,0
5251,81,1,0,0
5252,121,1,0,0
5253,61,1,0,0
5254,70,1,0,0
5255,59,1,0,0
5256,37,1,0,0
5257,13,1,0,0
5258,28,1,0,0
5259,35,1,0,0
5260,54,1,0,0
5261,51,1,0,0
5262,39,1,0,0
5263,19,1,0,0
5264,26,1,0,0
5265,19,1,0,0
5266,59,1,0,0
5267,28,1,0,0
5268,103,1,0,0
5269,100,1,0,0
5270,38,1,0,0
5271,94,1,0,0
5272,22,1,0,0
5273,23,1,0,0
5274,61,1,0,0
5275,22,1,0,0
5276,46,1,0,0
5277,37,1,0,0
5278,33,1,0,0
5279,193,1,0,0
5280,25,1,0,0
5281,65,1,0,0
5282,63,1,0,0
5283,70,1,0,0
5284,90,1,0,0
5285,34,1,0,0
5286,107,1,0,0
5287,44,1,0,0
5288,34,1,0,0
5289,74,1,0,0
5290,115,1,0,0
5291,45,1,0,0
5292,44,1,0,0
5293,50,1,0,0
5294,41,1,0,0
5295,99,1,0,0
5296,173,1,0,0
5297,75,1,0,0
5298,76,1,0,0
5299,81,1,0,0
5300,19,1,0,0
5301,26,1,0,0
5302,24,1,0,0
5303,27,1,0,0
5304,9,1,0,0
5305,18,1,0,0
5306,67,1,0,0
5307,40,1,0,0
5308,56,1,0,0
5309,49,1,0,0
5310,247,1,0,0
5311,92,1,0,0
5312,57,1,0,0
5313,66,1,0,0
5314,48,1,0,0
5315,39,1,0,0
5316,42,1,0,0
5317,64,1,0,0
5318,128,1,0,0
5319,60,1,0,0
5320,29,1,0,0
5321,11,1,0,0
5322,19,1,0,0
5323,73,1,0,0
5324,73,1,0,0
5325,53,1,0,0
5326,18,1,0,0
5327,50,1,0,0
5328,179,1,0,0
5329,44,1,0,0
5330,40,1,0,0
5331,197,1,0,0
5332,23,1,0,0
5333,234,1,0,0
5334,123,1,0,0
5335,9,1,0,0
5336,48,1,0,0
5337,55,1,0,0
5338,96,1,0,0
5339,40,1,0,0
5340,150,1,0,0
5341,47,1,0,0
5342,35,1,0,0
5343,73,1,0,0
5344,66,1,0,0
5345,27,1,0,0
5346,23,1,0,0
5347,175,1,0,0
5348,90,1,0,0
5349,20,1,0,0
5350,39,1,0,0
5351,86,1,0,0
5352,44,1,0,0
5353,26,1,0,0
5354,45,1,0,0
5355,98,1,0,0
5356,157,1,0,0
5357,59,1,0,0
5358,68,1,0,0
5359,42,1,0,0
5360,34,1,0,0
5361,23,1,0,0
5362,285,1,0,0
5363,66,1,0,0
5364,146,1,0,0
5365,13,1,0,0
5366,83,1,0,0
5367,53,1,0,0
5368,33,1,0,0
5369,80,1,0,0
5370,45,1,0,0
5371,55,1,0,0
5372,40,1,0,0
5373,86,1,0,0
5374,142,1,0,0
5375,15,1,0,0
5376,44,1,0,0
5377,48,1,0,0
5378,23,1,0,0
5379,43,1,0,0
5380,53,1,0,0
5381,17,1,0,0
5382,84,1,0,0
5383,146,1,0,0
5384,31,1,0,0
5385,37,1,0,0
5386,254,1,0,0
5387,13,1,0,0
5388,72,1,0,0
5389,90,1,0,0
5390,42,1,0,0
5391,32,1,0,0
5392,9,1,0,0
5393,64,1,0,0
5394,28,1,0,0
5395,101,1,0,0
5396,42,1,0,0
5397,59,1,0,0
5398,122,1,0,0
5399,26,1,0,0
5400,101,1,0,0
5401,84,1,0,0
5402,33,1,0,0
5403,47,1,0,0
5404,42,1,0,0
5405,52,1,0,0
5406,205,1,0,0
5407,70,1,0,0
5408,150,1,0,0
5409,104,1,0,0
5410,63,1,0,0
5411,23,1,0,0
5412,227,1,0,0
5413,48,1,0,0
5414,19,1,0,0
5415,98,1,0,0
5416,63,1,0,0
5417,57,1,0,0
5418,19,1,0,0
5419,138,1,0,0
5420,47,1,0,0
5421,130,1,0,0
5422,31,1,0,0
5423,20,1,0,0
5424,56,1,0,0
5425,70,1,0,0
5426,37,1,0,0
5427,174,1,0,0
5428,41,1,0,0
5429,129,1,0,0
5430,261,1,0,0
5431,255,1,0,0
5432,65,1,0,0
5433,57,1,0,0
5434,61,1,0,0
5435,29,1,0,0
5436,66,1,0,0
5437,151,1,0,0
5438,243,1,0,0
5439,34,1,0,0
5440,77,1,0,0
5441,106,1,0,0
5442,46,1,0,0
5443,104,1,0,0
5444,22,1,0,0
5445,86,1,0,0
5446,66,1,0,0
5447,7,1,0,0
5448,176,1,0,0
5449,70,1,0,0
5450,54,1,0,0
5451,87,1,0,0
5452,25,1,0,0
5453,49,1,0,0
5454,40,1,0,0
5455,86,1,0,0
5456,40,1,0,0
5457,96,1,0,0
5458,131,1,0,0
5459,41,1,0,0
5460,61,1,0,0
5461,99,1,0,0
5462,77,1,0,0
5463,83,1,0,0
5464,24,1,0,0
5465,112,1,0,0
5466,38,1,0,0
5467,68,1,0,0
5468,49,1,0,0
5469,19,1,0,0
5470,15,1,0,0
5471,28,1,0,0
5472,15,1,0,0
5473,116,1,0,0
5474,151,1,0,0
5475,48,1,0,0
5476,75,1,0,0
5477,124,1,0,0
5478,84,1,0,0
5479,72,1,0,0
5480,141,1,0,0
5481,30,1,0,0
5482,52,1,0,0
5483,30,1,0,0
5484,10,1,0,0
5485,43,1,0,0
5486,19,1,0,0
5487,55,1,0,0
5488,103,1,0,0
5489,44,1,0,0
5490,56,1,0,0
5491,86,1,0,0
5492,46,1,0,0
5493,49,1,0,0
5494,56,1,0,0
5495,87,1,0,0
5496,21,1,0,0
5497,94,1,0,0
5498,146,1,0,0
5499,41,1,0,0
5500,40,1,0,0
5501,70,1,0,0
5502,51,1,0,0
5503,222,1,0,0
5504,37,1,0,0
5505,57,1,0,0
5506,113,1,0,0
5507,149,1,0,0
5508,69,1,0,0
5509,115,1,0,0
5510,15,1,0,0
5511,57,1,0,0
5512,47,1,0,0
5513,44,1,0,0
5514,66,1,0,0
5515,15,1,0,0
5516,57,1,0,0
5517,68,1,0,0
5518,20,1,0,0
5519,39,1,0,0
5520,210,1,0,0
5521,84,1,0,0
5522,10,1,0,0
5523,29,1,0,0
5524,21,1,0,0
5525,137,1,0,0
5526,55,1,0,0
5527,58,1,0,0
5528,93,1,0,0
5529,100,1,0,0
5530,39,1,0,0
5531,89,1,0,0
5532,56,1,0,0
5533,46,1,0,0
5534,72,1,0,0
5535,58,1,0,0
5536,56,1,0,0
5537,73,1,0,0
5538,28,1,0,0
5539,64,1,0,0
5540,68,1,0,0
5541,164,1,0,0
5542,58,1,0,0
5543,137,1,0,0
5544,15,1,0,0
5545,38,1,0,0
5546,103,1,0,0
5547,240,1,0,0
5548,74,1,0,0
5549,70,1,0,0
5550,37,1,0,0
5551,54,1,0,0
5552,58,1,0,0
5553,62,1,0,0
5554,40,1,0,0
5555,99,1,0,0
5556,124,1,0,0
5557,21,1,0,0
5558,83,1,0,0
5559,95,1,0,0
5560,32,1,0,0
5561,92,1,0,0
5562,23,1,0,0
5563,97,1,0,0
5564,112,1,0,0
5565,64,1,0,0
5566,47,1,0,0
5567,116,1,0,0
5568,34,1,0,0
5569,41,1,0,0
5570,47,1,0,0
5571,98,1,0,0
5572,56,1,0,0
5573,63,1,0,0
5574,80,1,0,0
5575,114,1,0,0
5576,27,1,0,0
5577,42,1,0,0
5578,24,1,0,0
5579,98,1,0,0
5580,28,1,0,0
5581,112,1,0,0
5582,91,1,0,0
5583,21,1,0,0
5584,34,1,0,0
5585,33,1,0,0
5586,85,1,0,0
5587,32,1,0,0
5588,32,1,0,0
5589,57,1,0,0
5590,95,1,0,0
5591,115,1,0,0
5592,205,1,0,0
5593,76,1,0,0
5594,63,1,0,0
5595,38,1,0,0
5596,43,1,0,0
5597,69,1,0,0
5598,11,1,0,0
5599,218,1,0,0
5600,26,1,0,0
5601,68,1,0,0
5602,31,1,0,0
5603,40,1,0,0
5604,56,1,0,0
5605,150,1,0,0
5606,14,1,0,0
5607,61,1,0,0
5608,111,1,0,0
5609,34,1,0,0
5610,38,1,0,0
5611,38,1,0,0
5612,34,1,0,0
5613,19,1,0,0
5614,140,1,0,0
5615,73,1,0,0
5616,51,1,0,0
5617,51,1,0,0
5618,30,1,0,0
5619,81,1,0,0
5620,17,1,0,0
5621,23,1,0,0
5622,98,1,0,0
5623,42,1,0,0
5624,25,1,0,0
5625,18,1,0,0
5626,66,1,0,0
5627,21,1,0,0
5628,144,1,0,0
5629,107,1,0,0
5630,23,1,0,0
5631,30,1,0,0
5632,39,1,0,0
5633,114,1,0,0
5634,84,1,0,0
5635,33,1,0,0
5636,105,1,0,0
5637,131,1,0,0
5638,86,1,0,0
5639,82,1,0,0
5640,64,1,0,0
5641,123,1,0,0
5642,32,1,0,0
5643,19,1,0,0
5644,75,1,0,0
5645,157,1,0,0
5646,42,1,0,0
5647,171,1,0,0
5648,50,1,0,0
5649,18,1,0,0
5650,112,1,0,0
5651,39,1,0,0
5652,15,1,0,0
5653,60,1,0,0
5654,35,1,0,0
5655,116,1,0,0
5656,49,1,0,0
5657,78,1,0,0
5658,299,1,0,0
5659,152,1,0,0
5660,66,1,0,0
5661,175,1,0,0
5662,93,1,0,0
5663,105,1,0,0
5664,154,1,0,0
5665,46,1,0,0
5666,72,1,0,0
5667,20,1,0,0
5668,12,1,0,0
5669,127,1,0,0
5670,60,1,0,0
5671,50,1,0,0
5672,50,1,0,0
5673,80,1,0,0
5674,68,1,0,0
5675,47,1,0,0
5676,9,1,0,0
5677,65,1,0,0
5678,149,1,0,0
5679,138,1,0,0
5680,35,1,0,0
5681,99,1,0,0
5682,49,1,0,0
5683,55,1,0,0
5684,61,1,0,0
5685,51,1,0,0
5686,39,1,0,0
5687,111,1,0,0
5688,221,1,0,0
5689,142,1,0,0
5690,57,1,0,0
5691,69,1,0,0
5692,82,1,0,0
5693,28,1,0,0
5694,40,1,0,0
5695,81,1,0,0
5696,88,1,0,0
5697,52,1,0,0
5698,23,1,0,0
5699,67,1,0,0
5700,50,1,0,0
5701,154,1,0,0
5702,49,1,0,0
5703,37,1,0,0
5704,72,1,0,0
5705,20,1,0,0
5706,146,1,0,0
5707,61,1,0,0
5708,222,1,0,0
5709,77,1,0,0
5710,26,1,0,0
5711,88,1,0,0
5712,48,1,0,0
5713,35,1,0,0
5714,80,1,0,0
5715,35,1,0,0
5716,13,1,0,0
5717,71,1,0,0
5718,17,1,0,0
5719,94,1,0,0
5720,57,1,0,0
5721,72,1,0,0
5722,82,1,0,0
5723,292,1,0,0
5724,63,1,0,0
5725,34,1,0,0
5726,20,1,0,0
5727,72,1,0,0
5728,107,1,0,0
5729,17,1,0,0
5730,95,1,0,0
5731,77,1,0,0
5732,183,1,0,0
5733,31,1,0,0
5734,92,1,0,0
5735,103,1,0,0
5736,75,1,0,0
5737,44,1,0,0
5738,68,1,0,0
5739,53,1,0,0
5740,31,1,0,0
5741,76,1,0,0
5742,25,1,0,0
5743,95,1,0,0
5744,26,1,0,0
5745,190,1,0,0
5746,277,1,0,0
5747,75,1,0,0
5748,57,1,0,0
5749,40,1,0,0
5750,116,1,0,0
5751,80,1,0,0
5752,50,1,0,0
5753,42,1,0,0
5754,84,1,0,0
5755,37,1,0,0
5756,61,1,0,0
5757,88,1,0,0
5758,53,1,0,0
5759,173,1,0,0
5760,152,1,0,0
5761,75,1,0,0
5762,82,1,0,0
5763,235,1,0,0
5764,69,1,0,0
5765,224,1,0,0
5766,143,1,0,0
5767,63,1,0,0
5768,71,1,0,0
5769,109,1,0,0
5770,42,1,0,0
5771,56,1,0,0
5772,92,1,0,0
5773,32,1,0,0
5774,25,1,0,0
5775,9,1,0,0
5776,138,1,0,0
5777,76,1,0,0
5778,127,1,0,0
5779,86,1,0,0
5780,42,1,0,0
5781,98,1,0,0
5782,93,1,0,0
5783,217,1,0,0
5784,127,1,0,0
5785,20,1,0,0
5786,19,1,0,0
5787,118,1,0,0
5788,62,1,0,0
5789,47,1,0,0
5790,59,1,0,0
5791,157,1,0,0
5792,34,1,0,0
5793,67,1,0,0
5794,120,1,0,0
5795,144,1,0,0
5796,13,1,0,0
5797,34,1,0,0
5798,31,1,0,0
5799,52,1,0,0
5800,102,1,0,0
5801,126,1,0,0
5802,247,1,0,0
5803,122,1,0,0
5804,68,1,0,0
5805,16,1,0,0
5806,36,1,0,0
5807,74,1,0,0
5808,62,1,0,0
5809,33,1,0,0
5810,14,1,0,0
5811,47,1,0,0
5812,112,1,0,0
5813,87,1,0,0
5814,37,1,0,0
5815,62,1,0,0
5816,48,1,0,0
5817,91,1,0,0
5818,10,1,0,0
5819,65,1,0,0
5820,123,1,0,0
5821,19,1,0,0
5822,63,1,0,0
5823,67,1,0,0
5824,57,1,0,0
5825,28,1,0,0
5826,115,1,0,0
5827,13,1,0,0
5828,73,1,0,0
5829,75,1,0,0
5830,61,1,0,0
5831,39,1,0,0
5832,21,1,0,0
5833,15,1,0,0
5834,11,1,0,0
5835,83,1,0,0
5836,21,1,0,0
5837,33,1,0,0
5838,115,1,0,0
5839,65,1,0,0
5840,43,1,0,0
5841,41,1,0,0
5842,23,1,0,0
5843,112,1,0,0
5844,230,1,0,0
5845,65,1,0,0
5846,84,1,0,0
5847,34,1,0,0
5848,44,1,0,0
5849,7,1,0,0
5850,38,1,0,0
5851,69,1,0,0
5852,52,1,0,0
5853,186,1,0,0
5854,149,1,0,0
5855,73,1,0,0
5856,208,1,0,0
5857,97,1,0,0
5858,90,1,0,0
5859,42,1,0,0
5860,22,1,0,0
5861,67,1,0,0
5862,117,1,0,0
5863,50,1,0,0
5864,58,1,0,0
5865,28,1,0,0
5866,139,1,0,0
5867,59,1,0,0
5868,20,1,0,0
5869,95,1,0,0
5870,125,1,0,0
5871,9,1,0,0
5872,75,1,0,0
5873,40,1,0,0
5874,53,1,0,0
5875,115,1,0,0
5876,127,1,0,0
5877,159,1,0,0
5878,122,1,0,0
5879,54,1,0,0
5880,76,1,0,0
5881,13,1,0,0
5882,81,1,0,0
5883,47,1,0,0
5884,24,1,0,0
5885,82,1,0,0
5886,60,1,0,0
5887,7,1,0,0
5888,43,1,0,0
5889,101,1,0,0
5890,27,1,0,0
5891,115,1,0,0
5892,220,1,0,0
5893,37,1,0,0
5894,128,1,0,0
5895,41,1,0,0
5896,65,1,0,0
5897,110,1,0,0
5898,20,1,0,0
5899,66,1,0,0
5900,71,1,0,0
5901,40,1,0,0
5902,262,1,0,0
5903,21,1,0,0
5904,77,1,0,0
5905,54,1,0,0
5906,17,1,0,0
5907,45,1,0,0
5908,68,1,0,0
5909,39,1,0,0
5910,27,1,0,0
5911,86,1,0,0
5912,35,1,0,0
5913,37,1,0,0
5914,93,1,0,0
5915,36,1,0,0
5916,26,1,0,0
5917,43,1,0,0
5918,17,1,0,0
5919,160,1,0,0
5920,28,1,0,0
5921,20,1,0,0
5922,48,1,0,0
5923,70,1,0,0
5924,25,1,0,0
5925,143,1,0,0
5926,14,1,0,0
5927,189,1,0,0
5928,121,1,0,0
5929,107,1,0,0
5930,94,1,0,0
5931,33,1,0,0
5932,52,1,0,0
5933,71,1,0,0
5934,41,1,0,0
5935,75,1,0,0
5936,140,1,0,0
5937,181,1,0,0
5938,109,1,0,0
5939,48,1,0,0
5940,112,1,0,0
5941,44,1,0,0
5942,107,1,0,0
5943,57,1,0,0
5944,145,1,0,0
5945,76,1,0,0
5946,47,1,0,0
5947,65,1,0,0
5948,73,1,0,0
5949,42,1,0,0
5950,95,1,0,0
5951,35,1,0,0
5952,69,1,0,0
5953,52,1,0,0
5954,52,1,0,0
5955,50,1,0,0
5956,155,1,0,0
5957,58,1,0,0
5958,58,1,0,0
5959,107,1,0,0
5960,13,1,0,0
5961,65,1,0,0
5962,58,1,0,0
5963,23,1,0,0
5964,165,1,0,0
5965,65,1,0,0
5966,47,1,0,0
5967,37,1,0,0
5968,48,1,0,0
5969,40,1,0,0
5970,18,1,0,0
5971,121,1,0,0
5972,72,1,0,0
5973,16,1,0,0
5974,165,1,0,0
5975,23,1,0,0
5976,39,1,0,0
5977,47,1,0,0
5978,181,1,0,0
5979,116,1,0,0
5980,22,1,0,0
5981,30,1,0,0
5982,72,1,0,0
5983,88,1,0,0
5984,35,1,0,0
5985,35,1,0,0
5986,18,1,0,0
5987,139,1,0,0
5988,21,1,0,0
5989,109,1,0,0
5990,54,1,0,0
5991,41,1,0,0
5992,100,1,0,0
5993,33,1,0,0
5994,175,1,0,0
5995,66,1,0,0
5996,45,1,0,0
5997,42,1,0,0
5998,37,1,0,0
5999,112,1,0,0
6000,118,1,0,0
6001,35,1,0,0
6002,11,1,0,0
6003,19,1,0,0
6004,13,1,0,0
6005,64,1,0,0
6006,22,1,0,0
6007,76,1,0,0
6008,74,1,0,0
6009,50,1,0,0
6010,152,1,0,0
6011,77,1,0,0
6012,25,1,0,0
6013,46,1,0,0
6014,67,1,0,0
6015,94,1,0,0
6016,17,1,0,0
6017,12,1,0,0
6018,183,1,0,0
6019,81,1,0,0
6020,64,1,0,0
6021,86,1,0,0
6022,23,1,0,0
6023,47,1,0,0
6024,70,1,0,0
6025,73,1,0,0
6026,130,1,0,0
6027,46,1,0,0
6028,104,1,0,0
6029,146,1,0,0
6030,13,1,0,0
6031,25,1,0,0
6032,112,1,0,0
6033,25,1,0,0
6034,55,1,0,0
6035,235,1,0,0
6036,136,1,0,0
6037,35,1,0,0
6038,31,1,0,0
6039,57,1,0,0
6040,44,1,0,0
6041,106,1,0,0
6042,36,1,0,0
6043,63,1,0,0
6044,70,1,0,0
6045,54,1,0,0
6046,55,1,0,0
6047,32,1,0,0
6048,64,1,0,0
6049,119,1,0,0
6050,191,1,0,0
6051,129,1,0,0
6052,77,1,0,0
6053,20,1,0,0
6054,107,1,0,0
6055,76,1,0,0
6056,110,1,0,0
6057,55,1,0,0
6058,24,1,0,0
6059,30,1,0,0
6060,77,1,0,0
6061,122,1,0,0
6062,165,1,0,0
6063,74,1,0,0
6064,65,1,0,0
6065,184,1,0,0
6066,92,1,0,0
6067,104,1,0,0
6068,16,1,0,0
6069,29,1,0,0
6070,50,1,0,0
6071,38,1,0,0
6072,24,1,0,0
6073,67,1,0,0
6074,39,1,0,0
6075,93,1,0,0
6076,14,1,0,0
6077,134,1,0,0
6078,39,1,0,0
6079,24,1,0,0
6080,20,1,0,0
6081,21,1,0,0
6082,77,1,0,0
6083,76,1,0,0
6084,137,1,0,0
6085,26,1,0,0
6086,140,1,0,0
6087,184,1,0,0
6088,19,1,0,0
6089,48,1,0,0
6090,78,1,0,0
6091,151,1,0,0
6092,110,1,0,0
6093,112,1,0,0
6094,191,1,0,0
6095,12,1,0,0
6096,61,1,0,0
6097,25,1,0,0
6098,31,1,0,0
6099,70,1,0,0
6100,55,1,0,0
6101,45,1,0,0
6102,165,1,0,0
6103,15,1,0,0
6104,114,1,0,0
6105,270,1,0,0
6106,112,1,0,0
6107,22,1,0,0
6108,68,1,0,0
6109,40,1,0,0
6110,32,1,0,0
6111,50,1,0,0
6112,74,1,0,0
6113,52,1,0,0
6114,87,1,0,0
6115,61,1,0,0
6116,44,1,0,0
6117,231,1,0,0
6118,14,1,0,0
6119,29,1,0,0
6120,74,1,0,0
6121,14,1,0,0
6122,41,1,0,0
6123,36,1,0,0
6124,23,1,0,0
6125,75,1,0,0
6126,54,1,0,0
6127,29,1,0,0
6128,79,1,0,0
6129,64,1,0,0
6130,24,1,0,0
6131,27,1,0,0
6132,72,1,0,0
6133,137,1,0,0
6134,40,1,0,0
6135,163,1,0,0
6136,69,1,0,0
6137,93,1,0,0
6138,64,1,0,0
6139,24,1,0,0
6140,32,1,0,0
6141,66,1,0,0
6142,41,1,0,0
6143,73,1,0,0
6144,59,1,0,0
6145,60,1,0,0
6146,58,1,0,0
6147,34,1,0,0
6148,105,1,0,0
6149,122,1,0,0
6150,25,1,0,0
6151,58,1,0,0
6152,185,1,0,0
6153,46,1,0,0
6154,88,1,0,0
6155,83,1,0,0
6156,103,1,0,0
6157,206,1,0,0
6158,80,1,0,0
6159,19,1,0,0
6160,60,1,0,0
6161,52,1,0,0
6162,116,1,0,0
6163,118,1,0,0
6164,26,1,0,0
6165,26,1,0,0
6166,58,1,0,0
6167,17,1,0,0
6168,63,1,0,0
6169,110,1,0,0
6170,125,1,0,0
6171,45,1,0,0
6172,68,1,0,0
6173,140,1,0,0
6174,25,1,0,0
6175,151,1,0,0
6176,81,1,0,0
6177,31,1,0,0
6178,24,1,0,0
6179,96,1,0,0
6180,53,1,0,0
6181,69,1,0,0
6182,47,1,0,0
6183,53,1,0,0
6184,133,1,0,0
6185,26,1,0,0
6186,117,1,0,0
6187,61,1,0,0
6188,61,1,0,0
6189,54,1,0,0
6190,54,1,0,0
6191,25,1,0,0
6192,38,1,0,0
6193,40,1,0,0
6194,23,1,0,0
6195,19,1,0,0
6196,76,1,0,0
6197,121,1,0,0
6198,43,1,0,0
6199,80,1,0,0
6200,46,1,0,0
6201,23,1,0,0
6202,83,1,0,0
6203,138,1,0,0
6204,34,1,0,0
6205,68,1,0,0
6206,127,1,0,0
6207,103,1,0,0
6208,64,1,0,0
6209,118,1,0,0
6210,42,1,0,0
6211,25,1,0,0
6212,53,1,0,0
6213,198,1,0,0
6214,9,1,0,0
6215,50,1,0,0
6216,98,1,0,0
6217,140,1,0,0
6218,15,1,0,0
6219,61,1,0,0
6220,23,1,0,0
6221,21,1,0,0
6222,36,1,0,0
6223,16,1,0,0
6224,75,1,0,0
6225,90,1,0,0
6226,33,1,0,0
6227,55,1,0,0
6228,49,1,0,0
6229,158,1,0,0
6230,14,1,0,0
6231,79,1,0,0
6232,11,1,0,0
6233,134,1,0,0
6234,34,1,0,0
6235,37,1,0,0
6236,16,1,0,0
6237,208,1,0,0
6238,22,1,0,0
6239,67,1,0,0
6240,34,1,0,0
6241,212,1,0,0
6242,81,1,0,0
6243,57,1,0,0
6244,31,1,0,0
6245,49,1,0,0
6246,137,1,0,0
6247,32,1,0,0
6248,124,1,0,0
6249,35,1,0,0
6250,72,1,0,0
6251,37,1,0,0
6252,161,1,0,0
6253,62,1,0,0
6254,165,1,0,0
6255,99,1,0,0
6256,42,1,0,0
6257,45,1,0,0
6258,92,1,0,0
6259,29,1,0,0
6260,59,1,0,0
6261,23,1,0,0
6262,13,1,0,0
6263,64,1,0,0
6264,37,1,0,0
6265,57,1,0,0
6266,91,1,0,0
6267,108,1,0,0
6268,60,1,0,0
6269,51,1,0,0
6270,67,1,0,0
6271,132,1,0,0
6272,49,1,0,0
6273,9,1,0,0
6274,66,1,0,0
6275,58,1,0,0
6276,19,1,0,0
6277,26,1,0,0
6278,54,1,0,0
6279,57,1,0,0
6280,73,1,0,0
6281,261,1,0,0
6282,118,1,0,0
6283,97,1,0,0
6284,88,1,0,0
6285,21,1,0,0
6286,21,1,0,0
6287,223,1,0,0
6288,126,1,0,0
6289,15,1,0,0
6290,34,1,0,0
6291,93,1,0,0
6292,16,1,0,0
6293,62,1,0,0
6294,58,1,0,0
6295,78,1,0,0
6296,45,1,0,0
6297,110,1,0,0
6298,109,1,0,0
6299,81,1,0,0
6300,40,1,0,0
6301,78,1,0,0
6302,149,1,0,0
6303,23,1,0,0
6304,48,1,0,0
6305,90,1,0,0
6306,35,1,0,0
6307,120,1,0,0
6308,197,1,0,0
6309,74,1,0,0
6310,138,1,0,0
6311,59,1,0,0
6312,92,1,0,0
6313,37,1,0,0
6314,9,1,0,0
6315,19,1,0,0
6316,64,1,0,0
6317,42,1,0,0
6318,38,1,0,0
6319,32,1,0,0
6320,82,1,0,0
6321,44,1,0,0
6322,39,1,0,0
6323,48,1,0,0
6324,60,1,0,0
6325,67,1,0,0
6326,88,1,0,0
6327,71,1,0,0
6328,81,1,0,0
6329,88,1,0,0
6330,121,1,0,0
6331,40,1,0,0
6332,64,1,0,0
6333,40,1,0,0
6334,58,1,0,0
6335,117,1,0,0
6336,22,1,0,0
6337,50,1,0,0
6338,93,1,0,0
6339,67,1,0,0
6340,57,1,0,0
6341,78,1,0,0
6342,81,1,0,0
6343,49,1,0,0
6344,65,1,0,0
6345,189,1,0,0
6346,70,1,0,0
6347,77,1,0,0
6348,54,1,0,0
6349,46,1,0,0
6350,74,1,0,0
6351,77,1,0,0
6352,18,1,0,0
6353,73,1,0,0
6354,75,1,0,0
6355,22,1,0,0
6356,64,1,0,0
6357,91,1,0,0
6358,86,1,0,0
6359,63,1,0,0
6360,61,1,0,0
6361,39,1,0,0
6362,39,1,0,0
6363,117,1,0,0
6364,37,1,0,0
6365,60,1,0,0
6366,106,1,0,0
6367,51,1,0,0
6368,157,1,0,0
6369,69,1,0,0
6370,90,1,0,0
6371,60,1,0,0
6372,148,1,0,0
6373,90,1,0,0
6374,60,1,0,0
6375,8,1,0,0
6376,112,1,0,0
6377,17,1,0,0
6378,73,1,0,0
6379,76,1,0,0
6380,32,1,0,0
6381,51,1,0,0
6382,53,1,0,0
6383,148,1,0,0
6384,37,1,0,0
6385,12,1,0,0
6386,14,1,0,0
6387,47,1,0,0
6388,56,1,0,0
6389,30,1,0,0
6390,80,1,0,0
6391,71,1,0,0
6392,104,1,0,0
6393,16,1,0,0
6394,17,1,0,0
6395,9,1,0,0
6396,66,1,0,0
6397,142,1,0,0
6398,83,1,0,0
6399,172,1,0,0
6400,57,1,0,0
6401,49,1,0,0
6402,14,1,0,0
6403,53,1,0,0
6404,133,1,0,0
6405,46,1,0,0
6406,194,1,0,0
6407,63,1,0,0
6408,79,1,0,0
6409,198,1,0,0
6410,82,1,0,0
6411,44,1,0,0
6412,65,1,0,0
6413,25,1,0,0
6414,17,1,0,0
6415,39,1,0,0
6416,78,1,0,0
6417,58,1,0,0
6418,61,1,0,0
6419,33,1,0,0
6420,64,1,0,0
6421,128,1,0,0
6422,103,1,0,0
6423,170,1,0,0
6424,56,1,0,0
6425,56,1,0,0
6426,90,1,0,0
6427,25,1,0,0
6428,77,1,0,0
6429,45,1,0,0
6430,37,1,0,0
6431,176,1,0,0
6432,99,1,0,0
6433,36,1,0,0
6434,57,1,0,0
6435,14,1,0,0
6436,49,1,0,0
6437,103,1,0,0
6438,96,1,0,0
6439,100,1,0,0
6440,19,1,0,0
6441,23,1,0,0
6442,25,1,0,0
6443,65,1,0,0
6444,81,1,0,0
6445,45,1,0,0
6446,28,1,0,0
6447,101,1,0,0
6448,69,1,0,0
6449,200,1,0,0
6450,133,1,0,0
6451,31,1,0,0
6452,26,1,0,0
6453,44,1,0,0
6454,55,1,0,0
6455,59,1,0,0
6456,141,1,0,0
6457,12,1,0,0
6458,102,1,0,0
6459,21,1,0,0
6460,16,1,0,0
6461,25,1,0,0
6462,42,1,0,0
6463,54,1,0,0
6464,109,1,0,0
6465,129,1,0,0
6466,15,1,0,0
6467,24,1,0,0
6468,58,1,0,0
6469,15,1,0,0
6470,26,1,0,0
6471,145,1,0,0
6472,17,1,0,0
6473,80,1,0,0
6474,61,1,0,0
6475,24,1,0,0
6476,53,1,0,0
6477,41,1,0,0
6478,96,1,0,0
6479,39,1,0,0
6480,25,1,0,0
6481,79,1,0,0
6482,60,1,0,0
6483,41,1,0,0
6484,66,1,0,0
6485,100,1,0,0
6486,48,1,0,0
6487,82,1,0,0
6488,83,1,0,0
6489,20,1,0,0
6490,88,1,0,0
6491,35,1,0,0
6492,157,1,0,0
6493,77,1,0,0
6494,60,1,0,0
6495,81,1,0,0
6496,65,1,0,0
6497,98,1,0,0
6498,29,1,0,0
6499,41,1,0,0
6500,130,1,0,0
6501,23,1,0,0
6502,16,1,0,0
6503,17,1,0,0
6504,44,1,0,0
6505,53,1,0,0
6506,114,1,0,0
6507,27,1,0,0
6508,79,1,0,0
6509,40,1,0,0
6510,71,1,0,0
6511,31,1,0,0
6512,97,1,0,0
6513,53,1,0,0
6514,21,1,0,0
6515,15,1,0,0
6516,65,1,0,0
6517,40,1,0,0
6518,109,1,0,0
6519,26,1,0,0
6520,58,1,0,0
6521,7,1,0,0
6522,95,1,0,0
6523,29,1,0,0
6524,131,1,0,0
6525,126,1,0,0
6526,30,1,0,0
6527,78,1,0,0
6528,27,1,0,0
6529,70,1,0,0
6530,10,1,0,0
6531,39,1,0,0
6532,33,1,0,0
6533,39,1,0,0
6534,65,1,0,0
6535,79,1,0,0
6536,32,1,0,0
6537,62,1,0,0
6538,122,1,0,0
6539,95,1,0,0
6540,24,1,0,0
6541,59,1,0,0
6542,49,1,0,0
6543,24,1,0,0
6544,76,1,0,0
6545,109,1,0,0
6546,9,1,0,0
6547,35,1,0,0
6548,77,1,0,0
6549,56,1,0,0
6550,164,1,0,0
6551,235,1,0,0
6552,80,1,0,0
6553,31,1,0,0
6554,20,1,0,0
6555,29,1,0,0
6556,50,1,0,0
6557,141,1,0,0
6558,149,1,0,0
6559,15,1,0,0
6560,58,1,0,0
6561,136,1,0,0
6562,69,1,0,0
6563,129,1,0,0
6564,85,1,0,0
6565,38,1,0,0
6566,46,1,0,0
6567,46,1,0,0
6568,27,1,0,0
6569,15,1,0,0
6570,90,1,0,0
6571,19,1,0,0
6572,57,1,0,0
6573,100,1,0,0
6574,8,1,0,0
6575,52,1,0,0
6576,92,1,0,0
6577,52,1,0,0
6578,184,1,0,0
6579,230,1,0,0
6580,27,1,0,0
6581,57,1,0,0
6582,8,1,0,0
6583,25,1,0,0
6584,34,1,0,0
6585,23,1,0,0
6586,30,1,0,0
6587,161,1,0,0
6588,60,1,0,0
6589,31,1,0,0
6590,40,1,0,0
6591,50,1,0,0
6592,108,1,0,0
6593,53,1,0,0
6594,37,1,0,0
6595,97,1,0,0
6596,61,1,0,0
6597,40,1,0,0
6598,45,1,0,0
6599,102,1,0,0
6600,81,1,0,0
6601,75,1,0,0
6602,53,1,0,0
6603,14,1,0,0
6604,65,1,0,0
6605,22,1,0,0
6606,89,1,0,0
6607,23,1,0,0
6608,22,1,0,0
6609,42,1,0,0
6610,160,1,0,0
6611,105,1,0,0
6612,66,1,0,0
6613,14,1,0,0
6614,35,1,0,0
6615,69,1,0,0
6616,158,1,0,0
6617,69,1,0,0
6618,109,1,0,0
6619,101,1,0,0
6620,48,1,0,0
6621,150,1,0,0
6622,82,1,0,0
6623,7,1,0,0
6624,107,1,0,0
6625,129,1,0,0
6626,105,1,0,0
6627,59,1,0,0
6628,43,1,0,0
6629,66,1,0,0
6630,54,1,0,0
6631,39,1,0,0
6632,25,1,0,0
6633,41,1,0,0
6634,43,1,0,0
6635,152,1,0,0
6636,119,1,0,0
6637,75,1,0,0
6638,57,1,0,0
6639,72,1,0,0
6640,36,1,0,0
6641,61,1,0,0
6642,32,1,0,0
6643,117,1,0,0
6644,262,1,0,0
6645,113,1,0,0
6646,12,1,0,0
6647,63,1,0,0
6648,43,1,0,0
6649,25,1,0,0
6650,65,1,0,0
6651,24,1,0,0
6652,45,1,0,0
6653,27,1,0,0
6654,78,1,0,0
6655,48,1,0,0
6656,26,1,0,0
6657,63,1,0,0
6658,39,1,0,0
6659,42,1,0,0
6660,155,1,0,0
6661,37,1,0,0
6662,20,1,0,0
6663,48,1,0,0
6664,33,1,0,0
6665,23,1,0,0
6666,57,1,0,0
6667,84,1,0,0
6668,40,1,0,0
6669,64,1,0,0
6670,89,1,0,0
6671,46,1,0,0
6672,13,1,0,0
6673,85,1,0,0
6674,147,1,0,0
6675,64,1,0,0
6676,148,1,0,0
6677,65,1,0,0
6678,118,1,0,0
6679,47,1,0,0
6680,85,1,0,0
6681,43,1,0,0
6682,83,1,0,0
6683,76,1,0,0
6684,85,1,0,0
6685,106,1,0,0
6686,91,1,0,0
6687,49,1,0,0
6688,148,1,0,0
6689,48,1,0,0
6690,8,1,0,0
6691,82,1,0,0
6692,20,1,0,0
6693,21,1,0,0
6694,33,1,0,0
6695,53,1,0,0
6696,37,1,0,0
6697,140,1,0,0
6698,19,1,0,0
6699,92,1,0,0
6700,35,1,0,0
6701,119,1,0,0
6702,76,1,0,0
6703,24,1,0,0
6704,56,1,0,0
6705,111,1,0,0
6706,78,1,0,0
6707,53,1,0,0
6708,46,1,0,0
6709,56,1,0,0
6710,45,1,0,0
6711,209,1,0,0
6712,44,1,0,0
6713,189,1,0,0
6714,34,1,0,0
6715,23,1,0,0
6716,73,1,0,0
6717,48,1,0,0
6718,144,1,0,0
6719,25,1,0,0
6720,73,1,0,0
6721,49,1,0,0
6722,69,1,0,0
6723,89,1,0,0
6724,18,1,0,0
6725,168,1,0,0
6726,55,1,0,0
6727,50,1,0,0
6728,25,1,0,0
6729,122,1,0,0
6730,36,1,0,0
6731,56,1,0,0
6732,13,1,0,0
6733,102,1,0,0
6734,135,1,0,0
6735,81,1,0,0
6736,43,1,0,0
6737,22,1,0,0
6738,64,1,0,0
6739,177,1,0,0
6740,43,1,0,0
6741,65,1,0,0
6742,46,1,0,0
6743,114,1,0,0
6744,63,1,0,0
6745,31,1,0,0
6746,27,1,0,0
6747,38,1,0,0
6748,67,1,0,0
6749,72,1,0,0
6750,85,1,0,0
6751,126,1,0,0
6752,108,1,0,0
6753,26,1,0,0
6754,84,1,0,0
6755,118,1,0,0
6756,177,1,0,0
6757,13,1,0,0
6758,54,1,0,0
6759,14,1,0,0
6760,53,1,0,0
6761,24,1,0,0
6762,38,1,0,0
6763,76,1,0,0
6764,165,1,0,0
6765,41,1,0,0
6766,32,1,0,0
6767,74,1,0,0
6768,50,1,0,0
6769,43,1,0,0
6770,124,1,0,0
6771,9,1,0,0
6772,131,1,0,0
6773,45,1,0,0
6774,152,1,0,0
6775,63,1,0,0
6776,119,1,0,0
6777,62,1,0,0
6778,52,1,0,0
6779,32,1,0,0
6780,39,1,0,0
6781,104,1,0,0
6782,24,1,0,0
6783,111,1,0,0
6784,88,1,0,0
6785,28,1,0,0
6786,19,1,0,0
6787,28,1,0,0
6788,140,1,0,0
6789,14,1,0,0
6790,32,1,0,0
6791,78,1,0,0
6792,136,1,0,0
6793,100,1,0,0
6794,12,1,0,0
6795,204,1,0,0
6796,23,1,0,0
6797,40,1,0,0
6798,92,1,0,0
6799,118,1,0,0
6800,75,1,0,0
6801,74,1,0,0
6802,76,1,0,0
6803,26,1,0,0
6804,17,1,0,0
6805,128,1,0,0
6806,108,1,0,0
6807,94,1,0,0
6808,113,1,0,0
6809,88,1,0,0
6810,50,1,0,0
6811,7,1,0,0
6812,21,1,0,0
6813,50,1,0,0
6814,69,1,0,0
6815,38,1,0,0
6816,25,1,0,0
6817,44,1,0,0
6818,114,1,0,0
6819,47,1,0,0
6820,122,1,0,0
6821,64,1,0,0
6822,152,1,0,0
6823,74,1,0,0
6824,49,1,0,0
6825,49,1,0,0
6826,103,1,0,0
6827,90,1,0,0
6828,84,1,0,0
6829,136,1,0,0
6830,40,1,0,0
6831,34,1,0,0
6832,77,1,0,0
6833,62,1,0,0
6834,79,1,0,0
6835,46,1,0,0
6836,69,1,0,0
6837,96,1,0,0
6838,115,1,0,0
6839,159,1,0,0
6840,29,1,0,0
6841,18,1,0,0
6842,39,1,0,0
6843,49,1,0,0
6844,25,1,0,0
6845,38,1,0,0
6846,124,1,0,0
6847,128,1,0,0
6848,32,1,0,0
6849,36,1,0,0
6850,67,1,0,0
6851,85,1,0,0
6852,16,1,0,0
6853,48,1,0,0
6854,27,1,0,0
6855,119,1,0,0
6856,57,1,0,0
6857,140,1,0,0
6858,94,1,0,0
6859,76,1,0,0
6860,127,1,0,0
6861,83,1,0,0
6862,32,1,0,0
6863,50,1,0,0
6864,128,1,0,0
6865,13,1,0,0
6866,36,1,0,0
6867,35,1,0,0
6868,30,1,0,0
6869,257,1,0,0
6870,85,1,0,0
6871,76,1,0,0
6872,20,1,0,0
6873,73,1,0,0
6874,198,1,0,0
6875,130,1,0,0
6876,51,1,0,0
6877,32,1,0,0
6878,52,1,0,0
6879,47,1,0,0
6880,36,1,0,0
6881,119,1,0,0
6882,30,1,0,0
6883,33,1,0,0
6884,55,1,0,0
6885,44,1,0,0
6886,48,1,0,0
6887,71,1,0,0
6888,159,1,0,0
6889,74,1,0,0
6890,46,1,0,0
6891,10,1,0,0
6892,82,1,0,0
6893,27,1,0,0
6894,38,1,0,0
6895,48,1,0,0
6896,45,1,0,0
6897,25,1,0,0
6898,96,1,0,0
6899,275,1,0,0
6900,126,1,0,0
6901,38,1,0,0
6902,58,1,0,0
6903,158,1,0,0
6904,42,1,0,0
6905,19,1,0,0
6906,46,1,0,0
6907,49,1,0,0
6908,30,1,0,0
6909,66,1,0,0
6910,7,1,0,0
6911,31,1,0,0
6912,48,1,0,0
6913,95,1,0,0
6914,33,1,0,0
6915,56,1,0,0
6916,127,1,0,0
6917,48,1,0,0
6918,65,1,0,0
6919,55,1,0,0
6920,31,1,0,0
6921,36,1,0,0
6922,29,1,0,0
6923,81,1,0,0
6924,66,1,0,0
6925,35,1,0,0
6926,128,1,0,0
6927,21,1,0,0
6928,49,1,0,0
6929,44,1,0,0
6930,86,1,0,0
6931,18,1,0,0
6932,75,1,0,0
6933,87,1,0,0
6934,44,1,0,0
6935,98,1,0,0
6936,63,1,0,0
6937,87,1,0,0
6938,34,1,0,0
6939,77,1,0,0
6940,34,1,0,0
6941,97,1,0,0
6942,88,1,0,0
6943,22,1,0,0
6944,12,1,0,0
6945,232,1,0,0
6946,7,1,0,0
6947,76,1,0,0
6948,29,1,0,0
6949,64,1,0,0
6950,153,1,0,0
6951,112,1,0,0
6952,34,1,0,0
6953,125,1,0,0
6954,33,1,0,0
6955,87,1,0,0
6956,34,1,0,0
6957,209,1,0,0
6958,82,1,0,0
6959,35,1,0,0
6960,36,1,0,0
6961,146,1,0,0
6962,110,1,0,0
6963,56,1,0,0
6964,135,1,0,0
6965,83,1,0,0
6966,26,1,0,0
6967,31,1,0,0
6968,79,1,0,0
6969,252,1,0,0
6970,35,1,0,0
6971,126,1,0,0
6972,59,1,0,0
6973,13,1,0,0
6974,28,1,0,0
6975,30,1,0,0
6976,31,1,0,0
6977,187,1,0,0
6978,111,1,0,0
6979,56,1,0,0
6980,22,1,0,0
6981,69,1,0,0
6982,106,1,0,0
6983,45,1,0,0
6984,35,1,0,0
6985,69,1,0,0
6986,75,1,0,0
6987,37,1,0,0
6988,28,1,0,0
6989,44,1,0,0
6990,48,1,0,0
6991,36,1,0,0
6992,35,1,0,0
6993,80,1,0,0
6994,52,1,0,0
6995,38,1,0,0
6996,50,1,0,0
6997,29,1,0,0
6998,22,1,0,0
6999,100,1,0,0
7000,44,1,0,0
7001,55,1,0,0
7002,108,1,0,0
7003,96,1,0,0
7004,43,1,0,0
7005,38,1,0,0
7006,77,1,0,0
7007,12,1,0,0
7008,133,1,0,0
7009,27,1,0,0
7010,79,1,0,0
7011,163,1,0,0
7012,112,1,0,0
7013,26,1,0,0
7014,70,1,0,0
7015,70,1,0,0
7016,44,1,0,0
7017,89,1,0,0
7018,148,1,0,0
7019,57,1,0,0
7020,48,1,0,0
7021,158,1,0,0
7022,61,1,0,0
7023,135,1,0,0
7024,95,1,0,0
7025,34,1,0,0
7026,43,1,0,0
7027,60,1,0,0
7028,78,1,0,0
7029,97,1,0,0
7030,51,1,0,0
7031,193,1,0,0
7032,112,1,0,0
7033,185,1,0,0
7034,177,1,0,0
7035,20,1,0,0
7036,57,1,0,0
7037,56,1,0,0
7038,158,1,0,0
7039,40,1,0,0
7040,52,1,0,0
7041,33,1,0,0
7042,136,1,0,0
7043,28,1,0,0
7044,30,1,0,0
7045,107,1,0,0
7046,54,1,0,0
7047,64,1,0,0
7048,98,1,0,0
7049,22,1,0,0
7050,38,1,0,0
7051,66,1,0,0
7052,37,1,0,0
7053,71,1,0,0
7054,36,1,0,0
7055,36,1,0,0
7056,106,1,0,0
7057,74,1,0,0
7058,30,1,0,0
7059,28,1,0,0
7060,65,1,0,0
7061,308,1,0,0
7062,183,1,0,0
7063,82,1,0,0
7064,25,1,0,0
7065,82,1,0,0
7066,229,1,0,0
7067,239,1,0,0
7068,40,1,0,0
7069,106,1,0,0
7070,273,1,0,0
7071,311,1,0,0
7072,16,1,0,0
7073,90,1,0,0
7074,89,1,0,0
7075,54,1,0,0
7076,47,1,0,0
7077,40,1,0,0
7078,97,1,0,0
7079,96,1,0,0
7080,34,1,0,0
7081,59,1,0,0
7082,41,1,0,0
7083,62,1,0,0
7084,54,1,0,0
7085,49,1,0,0
7086,100,1,0,0
7087,120,1,0,0
7088,55,1,0,0
7089,45,1,0,0
7090,114,1,0,0
7091,35,1,0,0
7092,79,1,0,0
7093,80,1,0,0
7094,38,1,0,0
7095,15,1,0,0
7096,38,1,0,0
7097,137,1,0,0
7098,114,1,0,0
7099,115,1,0,0
7100,44,1,0,0
7101,16,1,0,0
7102,54,1,0,0
7103,91,1,0,0
7104,25,1,0,0
7105,131,1,0,0
7106,79,1,0,0
7107,72,1,0,0
7108,148,1,0,0
7109,84,1,0,0
7110,40,1,0,0
7111,27,1,0,0
7112,36,1,0,0
7113,37,1,0,0
7114,95,1,0,0
7115,62,1,0,0
7116,173,1,0,0
7117,14,1,0,0
7118,152,1,0,0
7119,34,1,0,0
7120,47,1,0,0
7121,147,1,0,0
7122,59,1,0,0
7123,51,1,0,0
7124,24,1,0,0
7125,65,1,0,0
7126,71,1,0,0
7127,22,1,0,0
7128,51,1,0,0
7129,23,1,0,0
7130,8,1,0,0
7131,110,1,0,0
7132,32,1,0,0
7133,76,1,0,0
7134,30,1,0,0
7135,67,1,0,0
7136,32,1,0,0
7137,25,1,0,0
7138,17,1,0,0
7139,123,1,0,0
7140,63,1,0,0
7141,96,1,0,0
7142,65,1,0,0
7143,68,1,0,0
7144,109,1,0,0
7145,83,1,0,0
7146,61,1,0,0
7147,73,1,0,0
7148,31,1,0,0
7149,7,1,0,0
7150,109,1,0,0
7151,25,1,0,0
7152,34,1,0,0
7153,188,1,0,0
7154,153,1,0,0
7155,34,1,0,0
7156,51,1,0,0
7157,35,1,0,0
7158,77,1,0,0
7159,62,1,0,0
7160,33,1,0,0
7161,41,1,0,0
7162,61,1,0,0
7163,38,1,0,0
7164,24,1,0,0
7165,113,1,0,0
7166,25,1,0,0
7167,155,1,0,0
7168,56,1,0,0
7169,72,1,0,0
7170,57,1,0,0
7171,106,1,0,0
7172,38,1,0,0
7173,27,1,0,0
7174,21,1,0,0
7175,49,1,0,0
7176,42,1,0,0
7177,205,1,0,0
7178,8,1,0,0
7179,161,1,0,0
7180,60,1,0,0
7181,21,1,0,0
7182,20,1,0,0
7183,125,1,0,0
7184,51,1,0,0
7185,41,1,0,0
7186,18,1,0,0
7187,54,1,0,0
7188,28,1,0,0
7189,17,1,0,0
7190,28,1,0,0
7191,93,1,0,0
7192,103,1,0,0
7193,51,1,0,0
7194,28,1,0,0
7195,30,1,0,0
7196,83,1,0,0
7197,58,1,0,0
7198,64,1,0,0
7199,26,1,0,0
7200,69,1,0,0
7201,45,1,0,0
7202,128,1,0,0
7203,59,1,0,0
7204,87,1,0,0
7205,69,1,0,0
7206,83,1,0,0
7207,19,1,0,0
7208,95,1,0,0
7209,35,1,0,0
7210,47,1,0,0
7211,40,1,0,0
7212,44,1,0,0
7213,79,1,0,0
7214,8,1,0,0
7215,32,1,0,0
7216,36,1,0,0
7217,79,1,0,0
7218,78,1,0,0
7219,18,1,0,0
7220,56,1,0,0
7221,61,1,0,0
7222,47,1,0,0
7223,127,1,0,0
7224,80,1,0,0
7225,42,1,0,0
7226,20,1,0,0
7227,46,1,0,0
7228,13,1,0,0
7229,112,1,0,0
7230,30,1,0,0
7231,29,1,0,0
7232,45,1,0,0
7233,67,1,0,0
7234,268,1,0,0
7235,62,1,0,0
7236,44,1,0,0
7237,52,1,0,0
7238,10,1,0,0
7239,76,1,0,0
7240,110,1,0,0
7241,86,1,0,0
7242,58,1,0,0
7243,42,1,0,0
7244,37,1,0,0
7245,30,1,0,0
7246,121,1,0,0
7247,31,1,0,0
7248,51,1,0,0
7249,53,1,0,0
7250,49,1,0,0
7251,67,1,0,0
7252,63,1,0,0
7253,17,1,0,0
7254,51,1,0,0
7255,111,1,0,0
7256,97,1,0,0
7257,17,1,0,0
7258,80,1,0,0
7259,81,1,0,0
7260,62,1,0,0
7261,144,1,0,0
7262,81,1,0,0
7263,290,1,0,0
7264,62,1,0,0
7265,34,1,0,0
7266,36,1,0,0
7267,42,1,0,0
7268,54,1,0,0
7269,19,1,0,0
7270,98,1,0,0
7271,22,1,0,0
7272,7,1,0,0
7273,103,1,0,0
7274,48,1,0,0
7275,60,1,0,0
7276,67,1,0,0
7277,38,1,0,0
7278,114,1,0,0
7279,87,1,0,0
7280,193,1,0,0
7281,83,1,0,0
7282,134,1,0,0
7283,36,1,0,0
7284,29,1,0,0
7285,33,1,0,0
7286,108,1,0,0
7287,37,1,0,0
7288,42,1,0,0
7289,47,1,0,0
7290,17,1,0,0
7291,37,1,0,0
7292,75,1,0,0
7293,40,1,0,0
7294,98,1,0,0
7295,27,1,0,0
7296,117,1,0,0
7297,18,1,0,0
7298,132,1,0,0
7299,13,1,0,0
7300,74,1,0,0
7301,44,1,0,0
7302,136,1,0,0
7303,98,1,0,0
7304,89,1,0,0
7305,81,1,0,0
7306,35,1,0,0
7307,46,1,0,0
7308,102,1,0,0
7309,56,1,0,0
7310,27,1,0,0
7311,26,1,0,0
7312,85,1,0,0
7313,30,1,0,0
7314,111,1,0,0
7315,21,1,0,0
7316,81,1,0,0
7317,44,1,0,0
7318,9,1,0,0
7319,23,1,0,0
7320,38,1,0,0
7321,35,1,0,0
7322,86,1,0,0
7323,30,1,0,0
7324,23,1,0,0
7325,19,1,0,0
7326,34,1,0,0
7327,39,1,0,0
7328,74,1,0,0
7329,40,1,0,0
7330,50,1,0,0
7331,52,1,0,0
7332,95,1,0,0
7333,81,1,0,0
7334,47,1,0,0
7335,21,1,0,0
7336,37,1,0,0
7337,205,1,0,0
7338,34,1,0,0
7339,29,1,0,0
7340,44,1,0,0
7341,36,1,0,0
7342,84,1,0,0
7343,82,1,0,0
7344,84,1,0,0
7345,72,1,0,0
7346,68,1,0,0
7347,31,1,0,0
7348,41,1,0,0
7349,301,1,0,0
7350,210,1,0,0
7351,75,1,0,0
7352,45,1,0,0
7353,60,1,0,0
7354,143,1,0,0
7355,38,1,0,0
7356,37,1,0,0
7357,104,1,0,0
7358,47,1,0,0
7359,62,1,0,0
7360,33,1,0,0
7361,80,1,0,0
7362,70,1,0,0
7363,75,1,0,0
7364,43,1,0,0
7365,14,1,0,0
7366,137,1,0,0
7367,90,1,0,0
7368,9,1,0,0
7369,66,1,0,0
7370,14,1,0,0
7371,26,1,0,0
7372,132,1,0,0
7373,43,1,0,0
7374,23,1,0,0
7375,330,1,0,0
7376,92,1,0,0
7377,32,1,0,0
7378,80,1,0,0
7379,86,1,0,0
7380,14,1,0,0
7381,15,1,0,0
7382,58,1,0,0
7383,78,1,0,0
7384,97,1,0,0
7385,37,1,0,0
7386,28,1,0,0
7387,11,1,0,0
7388,36,1,0,0
7389,79,1,0,0
7390,140,1,0,0
7391,96,1,0,0
7392,110,1,0,0
7393,22,1,0,0
7394,30,1,0,0
7395,15,1,0,0
7396,113,1,0,0
7397,133,1,0,0
7398,30,1,0,0
7399,176,1,0,0
7400,89,1,0,0
7401,91,1,0,0
7402,22,1,0,0
7403,57,1,0,0
7404,15,1,0,0
7405,31,1,0,0
7406,80,1,0,0
7407,102,1,0,0
7408,109,1,0,0
7409,29,1,0,0
7410,94,1,0,0
7411,75,1,0,0
7412,108,1,0,0
7413,32,1,0,0
7414,234,1,0,0
7415,148,1,0,0
7416,35,1,0,0
7417,23,1,0,0
7418,32,1,0,0
7419,56,1,0,0
7420,11,1,0,0
7421,119,1,0,0
7422,148,1,0,0
7423,61,1,0,0
7424,39,1,0,0
7425,46,1,0,0
7426,56,1,0,0
7427,30,1,0,0
7428,74,1,0,0
7429,33,1,0,0
7430,57,1,0,0
7431,24,1,0,0
7432,30,1,0,0
7433,13,1,0,0
7434,30,1,0,0
7435,204,1,0,0
7436,77,1,0,0
7437,30,1,0,0
7438,82,1,0,0
7439,148,1,0,0
7440,84,1,0,0
7441,50,1,0,0
7442,54,1,0,0
7443,33,1,0,0
7444,29,1,0,0
7445,20,1,0,0
7446,68,1,0,0
7447,83,1,0,0
7448,123,1,0,0
7449,65,1,0,0
7450,15,1,0,0
7451,78,1,0,0
7452,36,1,0,0
7453,95,1,0,0
7454,51,1,0,0
7455,51,1,0,0
7456,128,1,0,0
7457,66,1,0,0
7458,15,1,0,0
7459,123,1,0,0
7460,83,1,0,0
7461,22,1,0,0
7462,49,1,0,0
7463,50,1,0,0
7464,54,1,0,0
7465,24,1,0,0
7466,80,1,0,0
7467,23,1,0,0
7468,79,1,0,0
7469,28,1,0,0
7470,11,1,0,0
7471,54,1,0,0
7472,27,1,0,0
7473,22,1,0,0
7474,95,1,0,0
7475,47,1,0,0
7476,99,1,0,0
7477,22,1,0,0
7478,105,1,0,0
7479,40,1,0,0
7480,41,1,0,0
7481,20,1,0,0
7482,23,1,0,0
7483,30,1,0,0
7484,115,1,0,0
7485,38,1,0,0
7486,25,1,0,0
7487,19,1,0,0
7488,55,1,0,0
7489,22,1,0,0
7490,40,1,0,0
7491,96,1,0,0
7492,155,1,0,0
7493,32,1,0,0
7494,21,1,0,0
7495,83,1,0,0
7496,70,1,0,0
7497,18,1,0,0
7498,38,1,0,0
7499,139,1,0,0
7500,118,1,0,0
7501,88,1,0,0
7502,49,1,0,0
7503,80,1,0,0
7504,52,1,0,0
7505,45,1,0,0
7506,103,1,0,0
7507,80,1,0,0
7508,41,1,0,0
7509,21,1,0,0
7510,150,1,0,0
7511,51,1,0,0
7512,159,1,0,0
7513,245,1,0,0
7514,20,1,0,0
7515,32,1,0,0
7516,41,1,0,0
7517,86,1,0,0
7518,46,1,0,0
7519,15,1,0,0
7520,20,1,0,0
7521,100,1,0,0
7522,113,1,0,0
7523,56,1,0,0
7524,29,1,0,0
7525,25,1,0,0
7526,89,1,0,0
7527,48,1,0,0
7528,80,1,0,0
7529,26,1,0,0
7530,57,1,0,0
7531,13,1,0,0
7532,132,1,0,0
7533,43,1,0,0
7534,15,1,0,0
7535,31,1,0,0
7536,42,1,0,0
7537,23,1,0,0
7538,31,1,0,0
7539,38,1,0,0
7540,50,1,0,0
7541,164,1,0,0
7542,36,1,0,0
7543,66,1,0,0
7544,88,1,0,0
7545,21,1,0,0
7546,67,1,0,0
7547,115,1,0,0
7548,64,1,0,0
7549,171,1,0,0
7550,125,1,0,0
7551,64,1,0,0
7552,205,1,0,0
7553,61,1,0,0
7554,41,1,0,0
7555,56,1,0,0
7556,113,1,0,0
7557,96,1,0,0
7558,10,1,0,0
7559,76,1,0,0
7560,57,1,0,0
7561,130,1,0,0
7562,27,1,0,0
7563,86,1,0,0
7564,41,1,0,0
7565,35,1,0,0
7566,39,1,0,0
7567,178,1,0,0
7568,21,1,0,0
7569,17,1,0,0
7570,12,1,0,0
7571,30,1,0,0
7572,67,1,0,0
7573,88,1,0,0
7574,129,1,0,0
7575,97,1,0,0
7576,45,1,0,0
7577,161,1,0,0
7578,40,1,0,0
7579,73,1,0,0
7580,18,1,0,0
7581,34,1,0,0
7582,18,1,0,0
7583,26,1,0,0
7584,70,1,0,0
7585,46,1,0,0
7586,11,1,0,0
7587,300,1,0,0
7588,112,1,0,0
7589,41,1,0,0
7590,132,1,0,0
7591,47,1,0,0
7592,39,1,0,0
7593,24,1,0,0
7594,56,1,0,0
7595,76,1,0,0
7596,133,1,0,0
7597,98,1,0,0
7598,35,1,0,0
7599,114,1,0,0
7600,140,1,0,0
7601,37,1,0,0
7602,63,1,0,0
7603,91,1,0,0
7604,92,1,0,0
7605,49,1,0,0
7606,138,1,0,0
7607,59,1,0,0
7608,26,1,0,0
7609,38,1,0,0
7610,109,1,0,0
7611,96,1,0,0
7612,70,1,0,0
7613,36,1,0,0
7614,75,1,0,0
7615,99,1,0,0
7616,248,1,0,0
7617,29,1,0,0
7618,146,1,0,0
7619,45,1,0,0
7620,29,1,0,0
7621,28,1,0,0
7622,22,1,0,0
7623,62,1,0,0
7624,242,1,0,0
7625,81,1,0,0
7626,122,1,0,0
7627,83,1,0,0
7628,51,1,0,0
7629,29,1,0,0
7630,21,1,0,0
7631,27,1,0,0
7632,9,1,0,0
7633,15,1,0,0
7634,94,1,0,0
7635,40,1,0,0
7636,25,1,0,0
7637,106,1,0,0
7638,39,1,0,0
7639,46,1,0,0
7640,57,1,0,0
7641,210,1,0,0
7642,92,1,0,0
7643,74,1,0,0
7644,40,1,0,0
7645,104,1,0,0
7646,90,1,0,0
7647,14,1,0,0
7648,87,1,0,0
7649,101,1,0,0
7650,43,1,0,0
7651,41,1,0,0
7652,119,1,0,0
7653,43,1,0,0
7654,66,1,0,0
7655,33,1,0,0
7656,32,1,0,0
7657,104,1,0,0
7658,52,1,0,0
7659,104,1,0,0
7660,76,1,0,0
7661,22,1,0,0
7662,133,1,0,0
7663,16,1,0,0
7664,14,1,0,0
7665,20,1,0,0
7666,65,1,0,0
7667,183,1,0,0
7668,142,1,0,0
7669,81,1,0,0
7670,56,1,0,0
7671,48,1,0,0
7672,12,1,0,0
7673,126,1,0,0
7674,143,1,0,0
7675,34,1,0,0
7676,57,1,0,0
7677,37,1,0,0
7678,73,1,0,0
7679,42,1,0,0
7680,128,1,0,0
7681,15,1,0,0
7682,96,1,0,0
7683,143,1,0,0
7684,29,1,0,0
7685,25,1,0,0
7686,34,1,0,0
7687,46,1,0,0
7688,44,1,0,0
7689,30,1,0,0
7690,12,1,0,0
7691,74,1,0,0
7692,23,1,0,0
7693,24,1,0,0
7694,148,1,0,0
7695,44,1,0,0
7696,36,1,0,0
7697,50,1,0,0
7698,37,1,0,0
7699,56,1,0,0
7700,69,1,0,0
7701,53,1,0,0
7702,135,1,0,0
7703,20,1,0,0
7704,27,1,0,0
7705,35,1,0,0
7706,79,1,0,0
7707,69,1,0,0
7708,71,1,0,0
7709,84,1,0,0
7710,140,1,0,0
7711,102,1,0,0
7712,12,1,0,0
7713,73,1,0,0
7714,37,1,0,0
7715,16,1,0,0
7716,51,1,0,0
7717,31,1,0,0
7718,59,1,0,0
7719,127,1,0,0
7720,13,1,0,0
7721,47,1,0,0
7722,31,1,0,0
7723,155,1,0,0
7724,298,1,0,0
7725,36,1,0,0
7726,39,1,0,0
7727,122,1,0,0
7728,31,1,0,0
7729,50,1,0,0
7730,71,1,0,0
7731,13,1,0,0
7732,38,1,0,0
7733,202,1,0,0
7734,122,1,0,0
7735,44,1,0,0
7736,108,1,0,0
7737,60,1,0,0
7738,232,1,0,0
7739,84,1,0,0
7740,23,1,0,0
7741,32,1,0,0
7742,27,1,0,0
7743,42,1,0,0
7744,83,1,0,0
7745,67,1,0,0
7746,35,1,0,0
7747,40,1,0,0
7748,34,1,0,0
7749,69,1,0,0
7750,45,1,0,0
7751,112,1,0,0
7752,14,1,0,0
7753,108,1,0,0
7754,153,1,0,0
7755,28,1,0,0
7756,36,1,0,0
7757,80,1,0,0
7758,83,1,0,0
7759,67,1,0,0
7760,47,1,0,0
7761,54,1,0,0
7762,41,1,0,0
7763,32,1,0,0
7764,41,1,0,0
7765,86,1,0,0
7766,46,1,0,0
7767,35,1,0,0
7768,57,1,0,0
7769,76,1,0,0
7770,99,1,0,0
7771,57,1,0,0
7772,91,1,0,0
7773,28,1,0,0
7774,27,1,0,0
7775,61,1,0,0
7776,21,1,0,0
7777,60,1,0,0
7778,48,1,0,0
7779,34,1,0,0
7780,112,1,0,0
7781,136,1,0,0
7782,35,1,0,0
7783,47,1,0,0
7784,31,1,0,0
7785,102,1,0,0
7786,104,1,0,0
7787,28,1,0,0
7788,96,1,0,0
7789,51,1,0,0
7790,71,1,0,0
7791,45,1,0,0
7792,61,1,0,0
7793,22,1,0,0
7794,42,1,0,0
7795,124,1,0,0
7796,31,1,0,0
7797,58,1,0,0
7798,145,1,0,0
7799,62,1,0,0
7800,174,1,0,0
7801,79,1,0,0
7802,35,1,0,0
7803,41,1,0,0
7804,46,1,0,0
7805,58,1,0,0
7806,43,1,0,0
7807,89,1,0,0
7808,82,1,0,0
7809,92,1,0,0
7810,53,1,0,0
7811,42,1,0,0
7812,123,1,0,0
7813,32,1,0,0
7814,20,1,0,0
7815,29,1,0,0
7816,40,1,0,0
7817,38,1,0,0
7818,94,1,0,0
7819,9,1,0,0
7820,62,1,0,0
7821,26,1,0,0
7822,98,1,0,0
7823,149,1,0,0
7824,110,1,0,0
7825,45,1,0,0
7826,71,1,0,0
7827,84,1,0,0
7828,57,1,0,0
7829,71,1,0,0
7830,124,1,0,0
7831,34,1,0,0
7832,58,1,0,0
7833,90,1,0,0
7834,30,1,0,0
7835,48,1,0,0
7836,47,1,0,0
7837,86,1,0,0
7838,117,1,0,0
7839,25,1,0,0
7840,84,1,0,0
7841,103,1,0,0
7842,65,1,0,0
7843,114,1,0,0
7844,60,1,0,0
7845,84,1,0,0
7846,31,1,0,0
7847,58,1,0,0
7848,23,1,0,0
7849,76,1,0,0
7850,93,1,0,0
7851,54,1,0,0
7852,155,1,0,0
7853,128,1,0,0
7854,47,1,0,0
7855,158,1,0,0
7856,81,1,0,0
7857,43,1,0,0
7858,79,1,0,0
7859,79,1,0,0
7860,39,1,0,0
7861,23,1,0,0
7862,54,1,0,0
7863,71,1,0,0
7864,46,1,0,0
7865,10,1,0,0
7866,14,1,0,0
7867,99,1,0,0
7868,91,1,0,0
7869,39,1,0,0
7870,31,1,0,0
7871,23,1,0,0
7872,21,1,0,0
7873,20,1,0,0
7874,44,1,0,0
7875,124,1,0,0
7876,57,1,0,0
7877,118,1,0,0
7878,29,1,0,0
7879,54,1,0,0
7880,34,1,0,0
7881,86,1,0,0
7882,43,1,0,0
7883,41,1,0,0
7884,20,1,0,0
7885,53,1,0,0
7886,31,1,0,0
7887,35,1,0,0
7888,14,1,0,0
7889,65,1,0,0
7890,36,1,0,0
7891,64,1,0,0
7892,50,1,0,0
7893,107,1,0,0
7894,27,1,0,0
7895,17,1,0,0
7896,25,1,0,0
7897,45,1,0,0
7898,46,1,0,0
7899,68,1,0,0
7900,35,1,0,0
7901,95,1,0,0
7902,63,1,0,0
7903,38,1,0,0
7904,15,1,0,0
7905,18,1,0,0
7906,47,1,0,0
7907,119,1,0,0
7908,31,1,0,0
7909,181,1,0,0
7910,114,1,0,0
7911,66,1,0,0
7912,26,1,0,0
7913,14,1,0,0
7914,11,1,0,0
7915,89,1,0,0
7916,71,1,0,0
7917,48,1,0,0
7918,58,1,0,0
7919,125,1,0,0
7920,121,1,0,0
7921,50,1,0,0
7922,36,1,0,0
7923,27,1,0,0
7924,57,1,0,0
7925,18,1,0,0
7926,13,1,0,0
7927,23,1,0,0
7928,99,1,0,0
7929,92,1,0,0
7930,31,1,0,0
7931,90,1,0,0
7932,72,1,0,0
7933,261,1,0,0
7934,54,1,0,0
7935,51,1,0,0
7936,112,1,0,0
7937,24,1,0,0
7938,68,1,0,0
7939,21,1,0,0
7940,117,1,0,0
7941,81,1,0,0
7942,34,1,0,0
7943,116,1,0,0
7944,55,1,0,0
7945,88,1,0,0
7946,51,1,0,0
7947,45,1,0,0
7948,83,1,0,0
7949,77,1,0,0
7950,47,1,0,0
7951,256,1,0,0
7952,81,1,0,0
7953,75,1,0,0
7954,58,1,0,0
7955,242,1,0,0
7956,87,1,0,0
7957,76,1,0,0
7958,80,1,0,0
7959,162,1,0,0
7960,53,1,0,0
7961,172,1,0,0
7962,48,1,0,0
7963,13,1,0,0
7964,98,1,0,0
7965,62,1,0,0
7966,141,1,0,0
7967,20,1,0,0
7968,121,1,0,0
7969,20,1,0,0
7970,16,1,0,0
7971,128,1,0,0
7972,71,1,0,0
7973,32,1,0,0
7974,31,1,0,0
7975,107,1,0,0
7976,54,1,0,0
7977,82,1,0,0
7978,223,1,0,0
7979,87,1,0,0
7980,155,1,0,0
7981,91,1,0,0
7982,47,1,0,0
7983,75,1,0,0
7984,29,1,0,0
7985,108,1,0,0
7986,58,1,0,0
7987,120,1,0,0
7988,96,1,0,0
7989,257,1,0,0
7990,35,1,0,0
7991,52,1,0,0
7992,25,1,0,0
7993,81,1,0,0
7994,64,1,0,0
7995,71,1,0,0
7996,120,1,0,0
7997,54,1,0,0
7998,44,1,0,0
7999,24,1,0,0
8000,19,1,0,0
8001,68,1,0,0
8002,21,1,0,0
8003,94,1,0,0
8004,97,1,0,0
8005,26,1,0,0
8006,58,1,0,0
8007,69,1,0,0
8008,94,1,0,0
8009,60,1,0,0
8010,56,1,0,0
8011,17,1,0,0
8012,24,1,0,0
8013,34,1,0,0
8014,36,1,0,0
8015,9,1,0,0
8016,28,1,0,0
8017,252,1,0,0
8018,114,1,0,0
8019,55,1,0,0
8020,30,1,0,0
8021,106,1,0,0
8022,23,1,0,0
8023,79,1,0,0
8024,57,1,0,0
8025,63,1,0,0
8026,66,1,0,0
8027,89,1,0,0
8028,68,1,0,0
8029,16,1,0,0
8030,93,1,0,0
8031,27,1,0,0
8032,12,1,0,0
8033,65,1,0,0
8034,103,1,0,0
8035,50,1,0,0
8036,22,1,0,0
8037,83,1,0,0
8038,94,1,0,0
8039,96,1,0,0
8040,100,1,0,0
8041,55,1,0,0
8042,108,1,0,0
8043,90,1,0,0
8044,62,1,0,0
8045,127,1,0,0
8046,71,1,0,0
8047,121,1,0,0
8048,76,1,0,0
8049,112,1,0,0
8050,159,1,0,0
8051,74,1,0,0
8052,125,1,0,0
8053,86,1,0,0
8054,121,1,0,0
8055,79,1,0,0
8056,100,1,0,0
8057,146,1,0,0
8058,46,1,0,0
8059,46,1,0,0
8060,38,1,0,0
8061,27,1,0,0
8062,37,1,0,0
8063,92,1,0,0
8064,49,1,0,0
8065,61,1,0,0
8066,101,1,0,0
8067,55,1,0,0
8068,23,1,0,0
8069,39,1,0,0
8070,36,1,0,0
8071,144,1,0,0
8072,40,1,0,0
8073,92,1,0,0
8074,93,1,0,0
8075,28,1,0,0
8076,51,1,0,0
8077,161,1,0,0
8078,101,1,0,0
8079,101,1,0,0
8080,121,1,0,0
8081,72,1,0,0
8082,40,1,0,0
8083,46,1,0,0
8084,149,1,0,0
8085,77,1,0,0
8086,62,1,0,0
8087,102,1,0,0
8088,64,1,0,0
8089,174,1,0,0
8090,63,1,0,0
8091,92,1,0,0
8092,16,1,0,0
8093,246,1,0,0
8094,72,1,0,0
8095,75,1,0,0
8096,63,1,0,0
8097,90,1,0,0
8098,77,1,0,0
8099,111,1,0,0
8100,69,1,0,0
8101,43,1,0,0
8102,33,1,0,0
8103,24,1,0,0
8104,39,1,0,0
8105,29,1,0,0
8106,25,1,0,0
8107,37,1,0,0
8108,23,1,0,0
8109,37,1,0,0
8110,72,1,0,0
8111,21,1,0,0
8112,25,1,0,0
8113,113,1,0,0
8114,121,1,0,0
8115,38,1,0,0
8116,68,1,0,0
8117,35,1,0,0
8118,127,1,0,0
8119,121,1,0,0
8120,129,1,0,0
8121,55,1,0,0
8122,119,1,0,0
8123,55,1,0,0
8124,131,1,0,0
8125,21,1,0,0
8126,45,1,0,0
8127,82,1,0,0
8128,89,1,0,0
8129,85,1,0,0
8130,30,1,0,0
8131,90,1,0,0
8132,68,1,0,0
8133,55,1,0,0
8134,14,1,0,0
8135,187,1,0,0
8136,67,1,0,0
8137,107,1,0,0
8138,97,1,0,0
8139,150,1,0,0
8140,21,1,0,0
8141,73,1,0,0
8142,122,1,0,0
8143,49,1,0,0
8144,30,1,0,0
8145,39,1,0,0
8146,37,1,0,0
8147,72,1,0,0
8148,22,1,0,0
8149,46,1,0,0
8150,11,1,0,0
8151,102,1,0,0
8152,32,1,0,0
8153,109,1,0,0
8154,53,1,0,0
8155,102,1,0,0
8156,60,1,0,0
8157,41,1,0,0
8158,62,1,0,0
8159,124,1,0,0
8160,32,1,0,0
8161,23,1,0,0
8162,105,1,0,0
8163,120,1,0,0
8164,104,1,0,0
8165,35,1,0,0
8166,65,1,0,0
8167,18,1,0,0
8168,61,1,0,0
8169,70,1,0,0
8170,75,1,0,0
8171,124,1,0,0
8172,17,1,0,0
8173,177,1,0,0
8174,84,1,0,0
8175,81,1,0,0
8176,58,1,0,0
8177,119,1,0,0
8178,97,1,0,0
8179,42,1,0,0
8180,150,1,0,0
8181,96,1,0,0
8182,76,1,0,0
8183,168,1,0,0
8184,44,1,0,0
8185,130,1,0,0
8186,48,1,0,0
8187,46,1,0,0
8188,61,1,0,0
8189,39,1,0,0
8190,14,1,0,0
8191,57,1,0,0
8192,96,1,0,0
8193,69,1,0,0
8194,48,1,0,0
8195,93,1,0,0
8196,74,1,0,0
8197,80,1,0,0
8198,108,1,0,0
8199,68,1,0,0
8200,97,1,0,0
8201,52,1,0,0
8202,53,1,0,0
8203,32,1,0,0
8204,91,1,0,0
8205,20,1,0,0
8206,43,1,0,0
8207,53,1,0,0
8208,139,1,0,0
8209,74,1,0,0
8210,14,1,0,0
8211,85,1,0,0
8212,29,1,0,0
8213,122,1,0,0
8214,66,1,0,0
8215,61,1,0,0
8216,44,1,0,0
8217,9,1,0,0
8218,46,1,0,0
8219,70,1,0,0
8220,18,1,0,0
8221,91,1,0,0
8222,49,1,0,0
8223,50,1,0,0
8224,43,1,0,0
8225,33,1,0,0
8226,76,1,0,0
8227,82,1,0,0
8228,16,1,0,0
8229,110,1,0,0
8230,87,1,0,0
8231,41,1,0,0
8232,63,1,0,0
8233,38,1,0,0
8234,194,1,0,0
8235,46,1,0,0
8236,14,1,0,0
8237,22,1,0,0
8238,12,1,0,0
8239,34,1,0,0
8240,35,1,0,0
8241,45,1,0,0
8242,59,1,0,0
8243,50,1,0,0
8244,80,1,0,0
8245,140,1,0,0
8246,29,1,0,0
8247,105,1,0,0
8248,39,1,0,0
8249,44,1,0,0
8250,94,1,0,0
8251,33,1,0,0
8252,53,1,0,0
8253,111,1,0,0
8254,74,1,0,0
8255,95,1,0,0
8256,159,1,0,0
8257,16,1,0,0
8258,24,1,0,0
8259,87,1,0,0
8260,22,1,0,0
8261,83,1,0,0
8262,66,1,0,0
8263,12,1,0,0
8264,42,1,0,0
8265,50,1,0,0
8266,38,1,0,0
8267,18,1,0,0
8268,29,1,0,0
8269,97,1,0,0
8270,101,1,0,0
8271,11,1,0,0
8272,57,1,0,0
8273,134,1,0,0
8274,34,1,0,0
8275,64,1,0,0
8276,20,1,0,0
8277,56,1,0,0
8278,248,1,0,0
8279,44,1,0,0
8280,57,1,0,0
8281,74,1,0,0
8282,84,1,0,0
8283,49,1,0,0
8284,61,1,0,0
8285,30,1,0,0
8286,35,1,0,0
8287,46,1,0,0
8288,52,1,0,0
8289,22,1,0,0
8290,34,1,0,0
8291,119,1,0,0
8292,46,1,0,0
8293,14,1,0,0
8294,23,1,0,0
8295,194,1,0,0
8296,23,1,0,0
8297,125,1,0,0
8298,100,1,0,0
8299,107,1,0,0
8300,61,1,0,0
8301,71,1,0,0
8302,222,1,0,0
8303,125,1,0,0
8304,41,1,0,0
8305,34,1,0,0
8306,131,1,0,0
8307,65,1,0,0
8308,113,1,0,0
8309,28,1,0,0
8310,72,1,0,0
8311,8,1,0,0
8312,35,1,0,0
8313,86,1,0,0
8314,50,1,0,0
8315,86,1,0,0
8316,49,1,0,0
8317,24,1,0,0
8318,80,1,0,0
8319,100,1,0,0
8320,199,1,0,0
8321,12,1,0,0
8322,65,1,0,0
8323,19,1,0,0
8324,38,1,0,0
8325,40,1,0,0
8326,37,1,0,0
8327,177,1,0,0
8328,21,1,0,0
8329,137,1,0,0
8330,34,1,0,0
8331,23,1,0,0
8332,13,1,0,0
8333,78,1,0,0
8334,31,1,0,0
8335,44,1,0,0
8336,120,1,0,0
8337,42,1,0,0
8338,72,1,0,0
8339,26,1,0,0
8340,68,1,0,0
8341,82,1,0,0
8342,124,1,0,0
8343,21,1,0,0
8344,50,1,0,0
8345,12,1,0,0
8346,23,1,0,0
8347,68,1,0,0
8348,50,1,0,0
8349,24,1,0,0
8350,88,1,0,0
8351,30,1,0,0
8352,17,1,0,0
8353,37,1,0,0
8354,68,1,0,0
8355,93,1,0,0
8356,192,1,0,0
8357,106,1,0,0
8358,58,1,0,0
8359,32,1,0,0
8360,155,1,0,0
8361,56,1,0,0
8362,44,1,0,0
8363,35,1,0,0
8364,94,1,0,0
8365,35,1,0,0
8366,96,1,0,0
8367,67,1,0,0
8368,52,1,0,0
8369,197,1,0,0
8370,21,1,0,0
8371,29,1,0,0
8372,125,1,0,0
8373,13,1,0,0
8374,132,1,0,0
8375,24,1,0,0
8376,25,1,0,0
8377,247,1,0,0
8378,29,1,0,0
8379,117,1,0,0
8380,37,1,0,0
8381,14,1,0,0
8382,50,1,0,0
8383,37,1,0,0
8384,172,1,0,0
8385,117,1,0,0
8386,82,1,0,0
8387,35,1,0,0
8388,118,1,0,0
8389,38,1,0,0
8390,72,1,0,0
8391,27,1,0,0
8392,183,1,0,0
8393,20,1,0,0
8394,26,1,0,0
8395,44,1,0,0
8396,34,1,0,0
8397,119,1,0,0
8398,40,1,0,0
8399,16,1,0,0
8400,21,1,0,0
8401,65,1,0,0
8402,85,1,0,0
8403,35,1,0,0
8404,39,1,0,0
8405,89,1,0,0
8406,44,1,0,0
8407,57,1,0,0
8408,17,1,0,0
8409,57,1,0,0
8410,102,1,0,0
8411,38,1,0,0
8412,46,1,0,0
8413,45,1,0,0
8414,114,1,0,0
8415,83,1,0,0
8416,105,1,0,0
8417,72,1,0,0
8418,41,1,0,0
8419,64,1,0,0
8420,66,1,0,0
8421,64,1,0,0
8422,140,1,0,0
8423,142,1,0,0
8424,46,1,0,0
8425,16,1,0,0
8426,27,1,0,0
8427,86,1,0,0
8428,13,1,0,0
8429,12,1,0,0
8430,265,1,0,0
8431,62,1,0,0
8432,88,1,0,0
8433,37,1,0,0
8434,15,1,0,0
8435,108,1,0,0
8436,117,1,0,0
8437,55,1,0,0
8438,15,1,0,0
8439,66,1,0,0
8440,61,1,0,0
8441,84,1,0,0
8442,123,1,0,0
8443,45,1,0,0
8444,53,1,0,0
8445,177,1,0,0
8446,102,1,0,0
8447,47,1,0,0
8448,161,1,0,0
8449,49,1,0,0
8450,67,1,0,0
8451,49,1,0,0
8452,13,1,0,0
8453,67,1,0,0
8454,35,1,0,0
8455,78,1,0,0
8456,94,1,0,0
8457,83,1,0,0
8458,75,1,0,0
8459,99,1,0,0
8460,238,1,0,0
8461,92,1,0,0
8462,54,1,0,0
8463,55,1,0,0
8464,83,1,0,0
8465,173,1,0,0
8466,19,1,0,0
8467,78,1,0,0
8468,59,1,0,0
8469,27,1,0,0
8470,22,1,0,0
8471,31,1,0,0
8472,65,1,0,0
8473,89,1,0,0
8474,61,1,0,0
8475,52,1,0,0
8476,9,1,0,0
8477,306,1,0,0
8478,187,1,0,0
8479,81,1,0,0
8480,129,1,0,0
8481,49,1,0,0
8482,273,1,0,0
8483,43,1,0,0
8484,51,1,0,0
8485,74,1,0,0
8486,55,1,0,0
8487,18,1,0,0
8488,48,1,0,0
8489,36,1,0,0
8490,118,1,0,0
8491,47,1,0,0
8492,63,1,0,0
8493,71,1,0,0
8494,27,1,0,0
8495,46,1,0,0
8496,82,1,0,0
8497,87,1,0,0
8498,71,1,0,0
8499,157,1,0,0
8500,81,1,0,0
8501,32,1,0,0
8502,69,1,0,0
8503,144,1,0,0
8504,30,1,0,0
8505,42,1,0,0
8506,125,1,0,0
8507,39,1,0,0
8508,173,1,0,0
8509,206,1,0,0
8510,94,1,0,0
8511,77,1,0,0
8512,112,1,0,0
8513,34,1,0,0
8514,33,1,0,0
8515,84,1,0,0
8516,106,1,0,0
8517,59,1,0,0
8518,74,1,0,0
8519,53,1,0,0
8520,81,1,0,0
8521,158,1,0,0
8522,7,1,0,0
8523,61,1,0,0
8524,147,1,0,0
8525,274,1,0,0
8526,20,1,0,0
8527,26,1,0,0
8528,79,1,0,0
8529,42,1,0,0
8530,13,1,0,0
8531,109,1,0,0
8532,66,1,0,0
8533,116,1,0,0
8534,63,1,0,0
8535,77,1,0,0
8536,16,1,0,0
8537,39,1,0,0
8538,111,1,0,0
8539,64,1,0,0
8540,37,1,0,0
8541,40,1,0,0
8542,152,1,0,0
8543,27,1,0,0
8544,52,1,0,0
8545,37,1,0,0
8546,57,1,0,0
8547,92,1,0,0
8548,26,1,0,0
8549,34,1,0,0
8550,41,1,0,0
8551,170,1,0,0
8552,61,1,0,0
8553,84,1,0,0
8554,231,1,0,0
8555,53,1,0,0
8556,40,1,0,0
8557,84,1,0,0
8558,67,1,0,0
8559,27,1,0,0
8560,84,1,0,0
8561,37,1,0,0
8562,94,1,0,0
8563,28,1,0,0
8564,17,1,0,0
8565,13,1,0,0
8566,13,1,0,0
8567,40,1,0,0
8568,99,1,0,0
8569,32,1,0,0
8570,44,1,0,0
8571,48,1,0,0
8572,20,1,0,0
8573,15,1,0,0
8574,96,1,0,0
8575,129,1,0,0
8576,100,1,0,0
8577,90,1,0,0
8578,63,1,0,0
8579,74,1,0,0
8580,21,1,0,0
8581,137,1,0,0
8582,9,1,0,0
8583,72,1,0,0
8584,133,1,0,0
8585,64,1,0,0
8586,74,1,0,0
8587,76,1,0,0
8588,105,1,0,0
8589,15,1,0,0
8590,32,1,0,0
8591,95,1,0,0
8592,33,1,0,0
8593,24,1,0,0
8594,70,1,0,0
8595,24,1,0,0
8596,136,1,0,0
8597,30,1,0,0
8598,299,1,0,0
8599,113,1,0,0
8600,32,1,0,0
8601,162,1,0,0
8602,27,1,0,0
8603,50,1,0,0
8604,100,1,0,0
8605,77,1,0,0
8606,159,1,0,0
8607,120,1,0,0
8608,29,1,0,0
8609,9,1,0,0
8610,30,1,0,0
8611,86,1,0,0
8612,50,1,0,0
8613,84,1,0,0
8614,54,1,0,0
8615,51,1,0,0
8616,38,1,0,0
8617,80,1,0,0
8618,258,1,0,0
8619,127,1,0,0
8620,17,1,0,0
8621,139,1,0,0
8622,129,1,0,0
8623,158,1,0,0
8624,58,1,0,0
8625,30,1,0,0
8626,75,1,0,0
8627,100,1,0,0
8628,47,1,0,0
8629,119,1,0,0
8630,31,1,0,0
8631,27,1,0,0
8632,60,1,0,0
8633,86,1,0,0
8634,62,1,0,0
8635,72,1,0,0
8636,41,1,0,0
8637,101,1,0,0
8638,83,1,0,0
8639,29,1,0,0
8640,101,1,0,0
8641,79,1,0,0
8642,134,1,0,0
8643,20,1,0,0
8644,39,1,0,0
8645,30,1,0,0
8646,162,1,0,0
8647,177,1,0,0
8648,98,1,0,0
8649,29,1,0,0
8650,13,1,0,0
8651,48,1,0,0
8652,75,1,0,0
8653,125,1,0,0
8654,41,1,0,0
8655,109,1,0,0
8656,63,1,0,0
8657,51,1,0,0
8658,130,1,0,0
8659,26,1,0,0
8660,15,1,0,0
8661,19,1,0,0
8662,21,1,0,0
8663,126,1,0,0
8664,35,1,0,0
8665,66,1,0,0
8666,100,1,0,0
8667,14,1,0,0
8668,180,1,0,0
8669,58,1,0,0
8670,22,1,0,0
8671,33,1,0,0
8672,71,1,0,0
8673,92,1,0,0
8674,59,1,0,0
8675,102,1,0,0
8676,63,1,0,0
8677,8,1,0,0
8678,58,1,0,0
8679,78,1,0,0
8680,21,1,0,0
8681,128,1,0,0
8682,55,1,0,0
8683,235,1,0,0
8684,71,1,0,0
8685,66,1,0,0
8686,26,1,0,0
8687,191,1,0,0
8688,70,1,0,0
8689,104,1,0,0
8690,12,1,0,0
8691,132,1,0,0
8692,74,1,0,0
8693,39,1,0,0
8694,21,1,0,0
8695,45,1,0,0
8696,33,1,0,0
8697,25,1,0,0
8698,47,1,0,0
8699,9,1,0,0
8700,41,1,0,0
8701,215,1,0,0
8702,74,1,0,0
8703,90,1,0,0
8704,198,1,0,0
8705,17,1,0,0
8706,33,1,0,0
8707,100,1,0,0
8708,179,1,0,0
8709,100,1,0,0
8710,110,1,0,0
8711,50,1,0,0
8712,17,1,0,0
8713,123,1,0,0
8714,21,1,0,0
8715,127,1,0,0
8716,54,1,0,0
8717,193,1,0,0
8718,111,1,0,0
8719,29,1,0,0
8720,58,1,0,0
8721,61,1,0,0
8722,94,1,0,0
8723,45,1,0,0
8724,15,1,0,0
8725,103,1,0,0
8726,47,1,0,0
8727,22,1,0,0
8728,38,1,0,0
8729,76,1,0,0
8730,17,1,0,0
8731,60,1,0,0
8732,19,1,0,0
8733,17,1,0,0
8734,25,1,0,0
8735,119,1,0,0
8736,160,1,0,0
8737,142,1,0,0
8738,76,1,0,0
8739,40,1,0,0
8740,35,1,0,0
8741,54,1,0,0
8742,9,1,0,0
8743,14,1,0,0
8744,101,1,0,0
8745,74,1,0,0
8746,9,1,0,0
8747,24,1,0,0
8748,133,1,0,0
8749,72,1,0,0
8750,115,1,0,0
8751,38,1,0,0
8752,200,1,0,0
8753,94,1,0,0
8754,75,1,0,0
8755,58,1,0,0
8756,11,1,0,0
8757,67,1,0,0
8758,84,1,0,0
8759,118,1,0,0
8760,121,1,0,0
8761,72,1,0,0
8762,60,1,0,0
8763,66,1,0,0
8764,54,1,0,0
8765,19,1,0,0
8766,10,1,0,0
8767,25,1,0,0
8768,102,1,0,0
8769,31,1,0,0
8770,39,1,0,0
8771,254,1,0,0
8772,97,1,0,0
8773,99,1,0,0
8774,17,1,0,0
8775,24,1,0,0
8776,94,1,0,0
8777,67,1,0,0
8778,42,1,0,0
8779,48,1,0,0
8780,108,1,0,0
8781,77,1,0,0
8782,32,1,0,0
8783,45,1,0,0
8784,40,1,0,0
8785,24,1,0,0
8786,100,1,0,0
8787,23,1,0,0
8788,21,1,0,0
8789,81,1,0,0
8790,146,1,0,0
8791,14,1,0,0
8792,27,1,0,0
8793,109,1,0,0
8794,85,1,0,0
8795,72,1,0,0
8796,40,1,0,0
8797,116,1,0,0
8798,64,1,0,0
8799,108,1,0,0
8800,13,1,0,0
8801,134,1,0,0
8802,65,1,0,0
8803,113,1,0,0
8804,16,1,0,0
8805,70,1,0,0
8806,26,1,0,0
8807,83,1,0,0
8808,161,1,0,0
8809,47,1,0,0
8810,89,1,0,0
8811,141,1,0,0
8812,59,1,0,0
8813,46,1,0,0
8814,89,1,0,0
8815,52,1,0,0
8816,44,1,0,0
8817,77,1,0,0
8818,57,1,0,0
8819,59,1,0,0
8820,13,1,0,0
8821,66,1,0,0
8822,57,1,0,0
8823,39,1,0,0
8824,195,1,0,0
8825,126,1,0,0
8826,35,1,0,0
8827,69,1,0,0
8828,229,1,0,0
8829,54,1,0,0
8830,125,1,0,0
8831,27,1,0,0
8832,47,1,0,0
8833,52,1,0,0
8834,54,1,0,0
8835,39,1,0,0
8836,65,1,0,0
8837,20,1,0,0
8838,85,1,0,0
8839,60,1,0,0
8840,98,1,0,0
8841,64,1,0,0
8842,28,1,0,0
8843,92,1,0,0
8844,32,1,0,0
8845,124,1,0,0
8846,71,1,0,0
8847,53,1,0,0
8848,27,1,0,0
8849,48,1,0,0
8850,127,1,0,0
8851,169,1,0,0
8852,198,1,0,0
8853,54,1,0,0
8854,50,1,0,0
8855,25,1,0,0
8856,17,1,0,0
8857,25,1,0,0
8858,61,1,0,0
8859,103,1,0,0
8860,36,1,0,0
8861,58,1,0,0
8862,33,1,0,0
8863,39,1,0,0
8864,170,1,0,0
8865,32,1,0,0
8866,34,1,0,0
8867,64,1,0,0
8868,172,1,0,0
8869,106,1,0,0
8870,109,1,0,0
8871,50,1,0,0
8872,38,1,0,0
8873,148,1,0,0
8874,72,1,0,0
8875,29,1,0,0
8876,19,1,0,0
8877,21,1,0,0
8878,75,1,0,0
8879,21,1,0,0
8880,54,1,0,0
8881,39,1,0,0
8882,66,1,0,0
8883,100,1,0,0
8884,48,1,0,0
8885,90,1,0,0
8886,25,1,0,0
8887,26,1,0,0
8888,13,1,0,0
8889,62,1,0,0
8890,62,1,0,0
8891,110,1,0,0
8892,131,1,0,0
8893,27,1,0,0
8894,96,1,0,0
8895,96,1,0,0
8896,64,1,0,0
8897,70,1,0,0
8898,18,1,0,0
8899,121,1,0,0
8900,62,1,0,0
8901,11,1,0,0
8902,139,1,0,0
8903,91,1,0,0
8904,27,1,0,0
8905,7,1,0,0
8906,63,1,0,0
8907,52,1,0,0
8908,27,1,0,0
8909,21,1,0,0
8910,188,1,0,0
8911,85,1,0,0
8912,104,1,0,0
8913,48,1,0,0
8914,43,1,0,0
8915,102,1,0,0
8916,37,1,0,0
8917,138,1,0,0
8918,60,1,0,0
8919,19,1,0,0
8920,87,1,0,0
8921,243,1,0,0
8922,42,1,0,0
8923,106,1,0,0
8924,40,1,0,0
8925,31,1,0,0
8926,111,1,0,0
8927,32,1,0,0
8928,73,1,0,0
8929,11,1,0,0
8930,46,1,0,0
8931,203,1,0,0
8932,163,1,0,0
8933,194,1,0,0
8934,89,1,0,0
8935,21,1,0,0
8936,75,1,0,0
8937,165,1,0,0
8938,36,1,0,0
8939,177,1,0,0
8940,60,1,0,0
8941,59,1,0,0
8942,61,1,0,0
8943,85,1,0,0
8944,78,1,0,0
8945,36,1,0,0
8946,81,1,0,0
8947,53,1,0,0
8948,36,1,0,0
8949,47,1,0,0
8950,73,1,0,0
8951,144,1,0,0
8952,73,1,0,0
8953,89,1,0,0
8954,39,1,0,0
8955,140,1,0,0
8956,148,1,0,0
8957,26,1,0,0
8958,83,1,0,0
8959,41,1,0,0
8960,33,1,0,0
8961,158,1,0,0
8962,17,1,0,0
8963,147,1,0,0
8964,56,1,0,0
8965,86,1,0,0
8966,56,1,0,0
8967,81,1,0,0
8968,82,1,0,0
8969,73,1,0,0
8970,19,1,0,0
8971,97,1,0,0
8972,42,1,0,0
8973,37,1,0,0
8974,32,1,0,0
8975,73,1,0,0
8976,91,1,0,0
8977,322,1,0,0
8978,33,1,0,0
8979,50,1,0,0
8980,66,1,0,0
8981,48,1,0,0
8982,56,1,0,0
8983,24,1,0,0
8984,59,1,0,0
8985,70,1,0,0
8986,57,1,0,0
8987,19,1,0,0
8988,52,1,0,0
8989,28,1,0,0
8990,51,1,0,0
8991,22,1,0,0
8992,35,1,0,0
8993,132,1,0,0
8994,27,1,0,0
8995,49,1,0,0
8996,9,1,0,0
8997,45,1,0,0
8998,70,1,0,0
8999,107,1,0,0
9000,174,1,0,0
9001,49,1,0,0
9002,84,1,0,0
9003,45,1,0,0
9004,34,1,0,0
9005,101,1,0,0
9006,11,1,0,0
9007,98,1,0,0
9008,63,1,0,0
9009,148,1,0,0
9010,25,1,0,0
9011,50,1,0,0
9012,213,1,0,0
9013,100,1,0,0
9014,34,1,0,0
9015,112,1,0,0
9016,65,1,0,0
9017,36,1,0,0
9018,82,1,0,0
9019,348,1,0,0
9020,32,1,0,0
9021,55,1,0,0
9022,61,1,0,0
9023,34,1,0,0
9024,53,1,0,0
9025,106,1,0,0
9026,17,1,0,0
9027,164,1,0,0
9028,26,1,0,0
9029,34,1,0,0
9030,50,1,0,0
9031,21,1,0,0
9032,85,1,0,0
9033,33,1,0,0
9034,43,1,0,0
9035,9,1,0,0
9036,77,1,0,0
9037,95,1,0,0
9038,51,1,0,0
9039,28,1,0,0
9040,92,1,0,0
9041,125,1,0,0
9042,25,1,0,0
9043,145,1,0,0
9044,110,1,0,0
9045,37,1,0,0
9046,31,1,0,0
9047,93,1,0,0
9048,26,1,0,0
9049,91,1,0,0
9050,23,1,0,0
9051,81,1,0,0
9052,84,1,0,0
9053,110,1,0,0
9054,48,1,0,0
9055,118,1,0,0
9056,24,1,0,0
9057,98,1,0,0
9058,20,1,0,0
9059,26,1,0,0
9060,26,1,0,0
9061,44,1,0,0
9062,118,1,0,0
9063,30,1,0,0
9064,86,1,0,0
9065,59,1,0,0
9066,44,1,0,0
9067,20,1,0,0
9068,58,1,0,0
9069,47,1,0,0
9070,78,1,0,0
9071,109,1,0,0
9072,39,1,0,0
9073,16,1,0,0
9074,27,1,0,0
9075,93,1,0,0
9076,19,1,0,0
9077,10,1,0,0
9078,77,1,0,0
9079,44,1,0,0
9080,36,1,0,0
9081,39,1,0,0
9082,42,1,0,0
9083,10,1,0,0
9084,26,1,0,0
9085,13,1,0,0
9086,106,1,0,0
9087,19,1,0,0
9088,27,1,0,0
9089,51,1,0,0
9090,130,1,0,0
9091,36,1,0,0
9092,38,1,0,0
9093,22,1,0,0
9094,53,1,0,0
9095,17,1,0,0
9096,74,1,0,0
9097,119,1,0,0
9098,67,1,0,0
9099,40,1,0,0
9100,40,1,0,0
9101,166,1,0,0
9102,69,1,0,0
9103,39,1,0,0
9104,74,1,0,0
9105,98,1,0,0
9106,171,1,0,0
9107,144,1,0,0
9108,64,1,0,0
9109,162,1,0,0
9110,33,1,0,0
9111,58,1,0,0
9112,13,1,0,0
9113,38,1,0,0
9114,13,1,0,0
9115,69,1,0,0
9116,19,1,0,0
9117,59,1,0,0
9118,140,1,0,0
9119,83,1,0,0
9120,24,1,0,0
9121,39,1,0,0
9122,58,1,0,0
9123,71,1,0,0
9124,84,1,0,0
9125,15,1,0,0
9126,63,1,0,0
9127,25,1,0,0
9128,90,1,0,0
9129,80,1,0,0
9130,189,1,0,0
9131,81,1,0,0
9132,44,1,0,0
9133,74,1,0,0
9134,115,1,0,0
9135,184,1,0,0
9136,57,1,0,0
9137,30,1,0,0
9138,140,1,0,0
9139,90,1,0,0
9140,28,1,0,0
9141,37,1,0,0
9142,18,1,0,0
9143,180,1,0,0
9144,131,1,0,0
9145,20,1,0,0
9146,20,1,0,0
9147,87,1,0,0
9148,41,1,0,0
9149,56,1,0,0
9150,48,1,0,0
9151,14,1,0,0
9152,34,1,0,0
9153,52,1,0,0
9154,24,1,0,0
9155,18,1,0,0
9156,190,1,0,0
9157,47,1,0,0
9158,71,1,0,0
9159,41,1,0,0
9160,170,1,0,0
9161,59,1,0,0
9162,137,1,0,0
9163,108,1,0,0
9164,38,1,0,0
9165,70,1,0,0
9166,55,1,0,0
9167,159,1,0,0
9168,67,1,0,0
9169,89,1,0,0
9170,167,1,0,0
9171,25,1,0,0
9172,65,1,0,0
9173,46,1,0,0
9174,41,1,0,0
9175,51,1,0,0
9176,25,1,0,0
9177,74,1,0,0
9178,126,1,0,0
9179,51,1,0,0
9180,96,1,0,0
9181,21,1,0,0
9182,54,1,0,0
9183,31,1,0,0
9184,26,1,0,0
9185,62,1,0,0
9186,113,1,0,0
9187,22,1,0,0
9188,27,1,0,0
9189,11,1,0,0
9190,53,1,0,0
9191,48,1,0,0
9192,18,1,0,0
9193,23,1,0,0
9194,95,1,0,0
9195,106,1,0,0
9196,19,1,0,0
9197,40,1,0,0
9198,179,1,0,0
9199,69,1,0,0
9200,12,1,0,0
9201,27,1,0,0
9202,45,1,0,0
9203,25,1,0,0
9204,11,1,0,0
9205,58,1,0,0
9206,89,1,0,0
9207,148,1,0,0
9208,46,1,0,0
9209,62,1,0,0
9210,71,1,0,0
9211,91,1,0,0
9212,43,1,0,0
9213,39,1,0,0
9214,133,1,0,0
9215,20,1,0,0
9216,47,1,0,0
9217,24,1,0,0
9218,42,1,0,0
9219,56,1,0,0
9220,25,1,0,0
9221,89,1,0,0
9222,58,1,0,0
9223,33,1,0,0
9224,157,1,0,0
9225,100,1,0,0
9226,108,1,0,0
9227,16,1,0,0
9228,14,1,0,0
9229,71,1,0,0
9230,117,1,0,0
9231,13,1,0,0
9232,67,1,0,0
9233,56,1,0,0
9234,22,1,0,0
9235,34,1,0,0
9236,20,1,0,0
9237,10,1,0,0
9238,24,1,0,0
9239,29,1,0,0
9240,82,1,0,0
9241,129,1,0,0
9242,82,1,0,0
9243,62,1,0,0
9244,38,1,0,0
9245,44,1,0,0
9246,36,1,0,0
9247,98,1,0,0
9248,47,1,0,0
9249,28,1,0,0
9250,71,1,0,0
9251,157,1,0,0
9252,85,1,0,0
9253,32,1,0,0
9254,50,1,0,0
9255,12,1,0,0
9256,227,1,0,0
9257,37,1,0,0
9258,155,1,0,0
9259,138,1,0,0
9260,22,1,0,0
9261,16,1,0,0
9262,58,1,0,0
9263,110,1,0,0
9264,30,1,0,0
9265,27,1,0,0
9266,63,1,0,0
9267,119,1,0,0
9268,234,1,0,0
9269,110,1,0,0
9270,121,1,0,0
9271,71,1,0,0
9272,204,1,0,0
9273,91,1,0,0
9274,75,1,0,0
9275,61,1,0,0
9276,31,1,0,0
9277,20,1,0,0
9278,27,1,0,0
9279,64,1,0,0
9280,128,1,0,0
9281,151,1,0,0
9282,68,1,0,0
9283,87,1,0,0
9284,39,1,0,0
9285,140,1,0,0
9286,50,1,0,0
9287,11,1,0,0
9288,79,1,0,0
9289,105,1,0,0
9290,70,1,0,0
9291,53,1,0,0
9292,125,1,0,0
9293,147,1,0,0
9294,33,1,0,0
9295,62,1,0,0
9296,65,1,0,0
9297,28,1,0,0
9298,47,1,0,0
9299,103,1,0,0
9300,41,1,0,0
9301,21,1,0,0
9302,289,1,0,0
9303,57,1,0,0
9304,72,1,0,0
9305,121,1,0,0
9306,126,1,0,0
9307,116,1,0,0
9308,62,1,0,0
9309,50,1,0,0
9310,37,1,0,0
9311,29,1,0,0
9312,87,1,0,0
9313,42,1,0,0
9314,56,1,0,0
9315,84,1,0,0
9316,98,1,0,0
9317,75,1,0,0
9318,46,1,0,0
9319,71,1,0,0
9320,29,1,0,0
9321,61,1,0,0
9322,21,1,0,0
9323,54,1,0,0
9324,24,1,0,0
9325,136,1,0,0
9326,157,1,0,0
9327,96,1,0,0
9328,53,1,0,0
9329,14,1,0,0
9330,124,1,0,0
9331,132,1,0,0
9332,18,1,0,0
9333,20,1,0,0
9334,38,1,0,0
9335,14,1,0,0
9336,164,1,0,0
9337,37,1,0,0
9338,19,1,0,0
9339,67,1,0,0
9340,182,1,0,0
9341,105,1,0,0
9342,124,1,0,0
9343,108,1,0,0
9344,83,1,0,0
9345,78,1,0,0
9346,23,1,0,0
9347,71,1,0,0
9348,117,1,0,0
9349,44,1,0,0
9350,139,1,0,0
9351,28,1,0,0
9352,80,1,0,0
9353,40,1,0,0
9354,120,1,0,0
9355,60,1,0,0
9356,66,1,0,0
9357,39,1,0,0
9358,67,1,0,0
9359,349,1,0,0
9360,23,1,0,0
9361,264,1,0,0
9362,31,1,0,0
9363,34,1,0,0
9364,36,1,0,0
9365,29,1,0,0
9366,72,1,0,0
9367,97,1,0,0
9368,88,1,0,0
9369,94,1,0,0
9370,94,1,0,0
9371,87,1,0,0
9372,33,1,0,0
9373,30,1,0,0
9374,140,1,0,0
9375,32,1,0,0
9376,55,1,0,0
9377,136,1,0,0
9378,26,1,0,0
9379,46,1,0,0
9380,43,1,0,0
9381,70,1,0,0
9382,28,1,0,0
9383,68,1,0,0
9384,62,1,0,0
9385,64,1,0,0
9386,26,1,0,0
9387,39,1,0,0
9388,45,1,0,0
9389,59,1,0,0
9390,79,1,0,0
9391,145,1,0,0
9392,34,1,0,0
9393,36,1,0,0
9394,83,1,0,0
9395,361,1,0,0
9396,23,1,0,0
9397,31,1,0,0
9398,43,1,0,0
9399,105,1,0,0
9400,7,1,0,0
9401,12,1,0,0
9402,84,1,0,0
9403,82,1,0,0
9404,94,1,0,0
9405,10,1,0,0
9406,22,1,0,0
9407,58,1,0,0
9408,44,1,0,0
9409,178,1,0,0
9410,187,1,0,0
9411,86,1,0,0
9412,152,1,0,0
9413,69,1,0,0
9414,32,1,0,0
9415,104,1,0,0
9416,105,1,0,0
9417,35,1,0,0
9418,17,1,0,0
9419,35,1,0,0
9420,270,1,0,0
9421,19,1,0,0
9422,49,1,0,0
9423,30,1,0,0
9424,76,1,0,0
9425,69,1,0,0
9426,31,1,0,0
9427,66,1,0,0
9428,23,1,0,0
9429,11,1,0,0
9430,110,1,0,0
9431,46,1,0,0
9432,30,1,0,0
9433,67,1,0,0
9434,43,1,0,0
9435,76,1,0,0
9436,29,1,0,0
9437,51,1,0,0
9438,22,1,0,0
9439,31,1,0,0
9440,194,1,0,0
9441,11,1,0,0
9442,221,1,0,0
9443,48,1,0,0
9444,62,1,0,0
9445,38,1,0,0
9446,112,1,0,0
9447,57,1,0,0
9448,27,1,0,0
9449,28,1,0,0
9450,49,1,0,0
9451,92,1,0,0
9452,135,1,0,0
9453,31,1,0,0
9454,24,1,0,0
9455,28,1,0,0
9456,41,1,0,0
9457,169,1,0,0
9458,81,1,0,0
9459,79,1,0,0
9460,106,1,0,0
9461,76,1,0,0
9462,38,1,0,0
9463,18,1,0,0
9464,160,1,0,0
9465,83,1,0,0
9466,35,1,0,0
9467,100,1,0,0
9468,64,1,0,0
9469,143,1,0,0
9470,122,1,0,0
9471,121,1,0,0
9472,11,1,0,0
9473,63,1,0,0
9474,93,1,0,0
9475,59,1,0,0
9476,154,1,0,0
9477,40,1,0,0
9478,83,1,0,0
9479,18,1,0,0
9480,145,1,0,0
9481,190,1,0,0
9482,79,1,0,0
9483,110,1,0,0
9484,34,1,0,0
9485,146,1,0,0
9486,138,1,0,0
9487,41,1,0,0
9488,110,1,0,0
9489,77,1,0,0
9490,146,1,0,0
9491,97,1,0,0
9492,73,1,0,0
9493,207,1,0,0
9494,7,1,0,0
9495,49,1,0,0
9496,46,1,0,0
9497,69,1,0,0
9498,43,1,0,0
9499,37,1,0,0
9500,75,1,0,0
9501,60,1,0,0
9502,59,1,0,0
9503,89,1,0,0
9504,44,1,0,0
9505,78,1,0,0
9506,116,1,0,0
9507,39,1,0,0
9508,16,1,0,0
9509,39,1,0,0
9510,36,1,0,0
9511,56,1,0,0
9512,57,1,0,0
9513,105,1,0,0
9514,29,1,0,0
9515,43,1,0,0
9516,32,1,0,0
9517,60,1,0,0
9518,22,1,0,0
9519,33,1,0,0
9520,37,1,0,0
9521,82,1,0,0
9522,58,1,0,0
9523,67,1,0,0
9524,47,1,0,0
9525,190,1,0,0
9526,43,1,0,0
9527,186,1,0,0
9528,21,1,0,0
9529,92,1,0,0
9530,34,1,0,0
9531,86,1,0,0
9532,11,1,0,0
9533,17,1,0,0
9534,33,1,0,0
9535,142,1,0,0
9536,58,1,0,0
9537,53,1,0,0
9538,36,1,0,0
9539,57,1,0,0
9540,37,1,0,0
9541,30,1,0,0
9542,71,1,0,0
9543,86,1,0,0
9544,20,1,0,0
9545,102,1,0,0
9546,17,1,0,0
9547,23,1,0,0
9548,35,1,0,0
9549,38,1,0,0
9550,27,1,0,0
9551,36,1,0,0
9552,37,1,0,0
9553,87,1,0,0
9554,8,1,0,0
9555,12,1,0,0
9556,87,1,0,0
9557,37,1,0,0
9558,51,1,0,0
9559,39,1,0,0
9560,195,1,0,0
9561,50,1,0,0
9562,34,1,0,0
9563,48,1,0,0
9564,72,1,0,0
9565,82,1,0,0
9566,41,1,0,0
9567,79,1,0,0
9568,116,1,0,0
9569,20,1,0,0
9570,50,1,0,0
9571,22,1,0,0
9572,101,1,0,0
9573,54,1,0,0
9574,76,1,0,0
9575,42,1,0,0
9576,27,1,0,0
9577,114,1,0,0
9578,51,1,0,0
9579,30,1,0,0
9580,44,1,0,0
9581,88,1,0,0
9582,91,1,0,0
9583,38,1,0,0
9584,124,1,0,0
9585,72,1,0,0
9586,10,1,0,0
9587,19,1,0,0
9588,92,1,0,0
9589,40,1,0,0
9590,75,1,0,0
9591,73,1,0,0
9592,21,1,0,0
9593,62,1,0,0
9594,29,1,0,0
9595,56,1,0,0
9596,36,1,0,0
9597,119,1,0,0
9598,125,1,0,0
9599,12,1,0,0
9600,101,1,0,0
9601,88,1,0,0
9602,96,1,0,0
9603,12,1,0,0
9604,119,1,0,0
9605,45,1,0,0
9606,92,1,0,0
9607,85,1,0,0
9608,86,1,0,0
9609,44,1,0,0
9610,47,1,0,0
9611,66,1,0,0
9612,40,1,0,0
9613,18,1,0,0
9614,104,1,0,0
9615,22,1,0,0
9616,19,1,0,0
9617,18,1,0,0
9618,84,1,0,0
9619,70,1,0,0
9620,174,1,0,0
9621,35,1,0,0
9622,125,1,0,0
9623,72,1,0,0
9624,63,1,0,0
9625,21,1,0,0
9626,91,1,0,0
9627,47,1,0,0
9628,27,1,0,0
9629,60,1,0,0
9630,17,1,0,0
9631,65,1,0,0
9632,138,1,0,0
9633,76,1,0,0
9634,66,1,0,0
9635,62,1,0,0
9636,188,1,0,0
9637,49,1,0,0
9638,23,1,0,0
9639,66,1,0,0
9640,73,1,0,0
9641,51,1,0,0
9642,102,1,0,0
9643,48,1,0,0
9644,43,1,0,0
9645,37,1,0,0
9646,81,1,0,0
9647,47,1,0,0
9648,25,1,0,0
9649,104,1,0,0
9650,32,1,0,0
9651,135,1,0,0
9652,93,1,0,0
9653,43,1,0,0
9654,105,1,0,0
9655,55,1,0,0
9656,130,1,0,0
9657,171,1,0,0
9658,125,1,0,0
9659,69,1,0,0
9660,179,1,0,0
9661,53,1,0,0
9662,111,1,0,0
9663,27,1,0,0
9664,69,1,0,0
9665,133,1,0,0
9666,23,1,0,0
9667,51,1,0,0
9668,64,1,0,0
9669,133,1,0,0
9670,106,1,0,0
9671,121,1,0,0
9672,50,1,0,0
9673,24,1,0,0
9674,45,1,0,0
9675,88,1,0,0
9676,68,1,0,0
9677,33,1,0,0
9678,117,1,0,0
9679,91,1,0,0
9680,82,1,0,0
9681,68,1,0,0
9682,79,1,0,0
9683,22,1,0,0
9684,47,1,0,0
9685,87,1,0,0
9686,18,1,0,0
9687,125,1,0,0
9688,70,1,0,0
9689,77,1,0,0
9690,55,1,0,0
9691,29,1,0,0
9692,28,1,0,0
9693,38,1,0,0
9694,171,1,0,0
9695,18,1,0,0
9696,76,1,0,0
9697,40,1,0,0
9698,34,1,0,0
9699,64,1,0,0
9700,42,1,0,0
9701,68,1,0,0
9702,33,1,0,0
9703,184,1,0,0
9704,34,1,0,0
9705,43,1,0,0
9706,148,1,0,0
9707,29,1,0,0
9708,62,1,0,0
9709,11,1,0,0
9710,66,1,0,0
9711,29,1,0,0
9712,19,1,0,0
9713,35,1,0,0
9714,117,1,0,0
9715,128,1,0,0
9716,51,1,0,0
9717,127,1,0,0
9718,67,1,0,0
9719,20,1,0,0
9720,119,1,0,0
9721,56,1,0,0
9722,32,1,0,0
9723,17,1,0,0
9724,71,1,0,0
9725,26,1,0,0
9726,47,1,0,0
9727,13,1,0,0
9728,15,1,0,0
9729,28,1,0,0
9730,32,1,0,0
9731,56,1,0,0
9732,58,1,0,0
9733,110,1,0,0
9734,82,1,0,0
9735,71,1,0,0
9736,13,1,0,0
9737,179,1,0,0
9738,88,1,0,0
9739,45,1,0,0
9740,41,1,0,0
9741,177,1,0,0
9742,33,1,0,0
9743,68,1,0,0
9744,110,1,0,0
9745,29,1,0,0
9746,24,1,0,0
9747,113,1,0,0
9748,17,1,0,0
9749,17,1,0,0
9750,47,1,0,0
9751,47,1,0,0
9752,9,1,0,0
9753,43,1,0,0
9754,111,1,0,0
9755,68,1,0,0
9756,96,1,0,0
9757,116,1,0,0
9758,109,1,0,0
9759,13,1,0,0
9760,26,1,0,0
9761,35,1,0,0
9762,76,1,0,0
9763,71,1,0,0
9764,69,1,0,0
9765,77,1,0,0
9766,29,1,0,0
9767,144,1,0,0
9768,31,1,0,0
9769,62,1,0,0
9770,12,1,0,0
9771,17,1,0,0
9772,69,1,0,0
9773,69,1,0,0
9774,93,1,0,0
9775,96,1,0,0
9776,53,1,0,0
9777,40,1,0,0
9778,17,1,0,0
9779,66,1,0,0
9780,63,1,0,0
9781,44,1,0,0
9782,60,1,0,0
9783,17,1,0,0
9784,83,1,0,0
9785,34,1,0,0
9786,76,1,0,0
9787,144,1,0,0
9788,125,1,0,0
9789,38,1,0,0
9790,72,1,0,0
9791,154,1,0,0
9792,50,1,0,0
9793,67,1,0,0
9794,82,1,0,0
9795,114,1,0,0
9796,155,1,0,0
9797,20,1,0,0
9798,52,1,0,0
9799,267,1,0,0
9800,60,1,0,0
9801,142,1,0,0
9802,49,1,0,0
9803,74,1,0,0
9804,35,1,0,0
9805,33,1,0,0
9806,36,1,0,0
9807,56,1,0,0
9808,65,1,0,0
9809,102,1,0,0
9810,51,1,0,0
9811,59,1,0,0
9812,198,1,0,0
9813,12,1,0,0
9814,49,1,0,0
9815,100,1,0,0
9816,85,1,0,0
9817,83,1,0,0
9818,66,1,0,0
9819,103,1,0,0
9820,126,1,0,0
9821,10,1,0,0
9822,48,1,0,0
9823,54,1,0,0
9824,154,1,0,0
9825,78,1,0,0
9826,56,1,0,0
9827,76,1,0,0
9828,149,1,0,0
9829,24,1,0,0
9830,25,1,0,0
9831,78,1,0,0
9832,25,1,0,0
9833,69,1,0,0
9834,64,1,0,0
9835,107,1,0,0
9836,49,1,0,0
9837,201,1,0,0
9838,73,1,0,0
9839,42,1,0,0
9840,55,1,0,0
9841,74,1,0,0
9842,64,1,0,0
9843,95,1,0,0
9844,172,1,0,0
9845,63,1,0,0
9846,149,1,0,0
9847,69,1,0,0
9848,50,1,0,0
9849,48,1,0,0
9850,34,1,0,0
9851,53,1,0,0
9852,53,1,0,0
9853,20,1,0,0
9854,76,1,0,0
9855,110,1,0,0
9856,59,1,0,0
9857,27,1,0,0
9858,23,1,0,0
9859,20,1,0,0
9860,89,1,0,0
9861,15,1,0,0
9862,35,1,0,0
9863,13,1,0,0
9864,105,1,0,0
9865,17,1,0,0
9866,195,1,0,0
9867,156,1,0,0
9868,79,1,0,0
9869,26,1,0,0
9870,124,1,0,0
9871,32,1,0,0
9872,37,1,0,0
9873,35,1,0,0
9874,142,1,0,0
9875,36,1,0,0
9876,112,1,0,0
9877,152,1,0,0
9878,46,1,0,0
9879,110,1,0,0
9880,38,1,0,0
9881,32,1,0,0
9882,28,1,0,0
9883,110,1,0,0
9884,20,1,0,0
9885,102,1,0,0
9886,44,1,0,0
9887,11,1,0,0
9888,100,1,0,0
9889,48,1,0,0
9890,12,1,0,0
9891,73,1,0,0
9892,22,1,0,0
9893,40,1,0,0
9894,157,1,0,0
9895,17,1,0,0
9896,14,1,0,0
9897,266,1,0,0
9898,332,1,0,0
9899,102,1,0,0
9900,44,1,0,0
9901,20,1,0,0
9902,96,1,0,0
9903,42,1,0,0
9904,33,1,0,0
9905,66,1,0,0
9906,72,1,0,0
9907,112,1,0,0
9908,104,1,0,0
9909,51,1,0,0
9910,29,1,0,0
9911,147,1,0,0
9912,83,1,0,0
9913,36,1,0,0
9914,118,1,0,0
9915,51,1,0,0
9916,192,1,0,0
9917,69,1,0,0
9918,111,1,0,0
9919,73,1,0,0
9920,26,1,0,0
9921,60,1,0,0
9922,71,1,0,0
9923,51,1,0,0
9924,52,1,0,0
9925,46,1,0,0
9926,74,1,0,0
9927,57,1,0,0
9928,69,1,0,0
9929,85,1,0,0
9930,27,1,0,0
9931,32,1,0,0
9932,90,1,0,0
9933,44,1,0,0
9934,17,1,0,0
9935,102,1,0,0
9936,104,1,0,0
9937,50,1,0,0
9938,83,1,0,0
9939,38,1,0,0
9940,101,1,0,0
9941,123,1,0,0
9942,29,1,0,0
9943,45,1,0,0
9944,17,1,0,0
9945,40,1,0,0
9946,41,1,0,0
9947,32,1,0,0
9948,36,1,0,0
9949,18,1,0,0
9950,49,1,0,0
9951,215,1,0,0
9952,42,1,0,0
9953,40,1,0,0
9954,32,1,0,0
9955,170,1,0,0
9956,63,1,0,0
9957,11,1,0,0
9958,25,1,0,0
9959,132,1,0,0
9960,54,1,0,0
9961,29,1,0,0
9962,36,1,0,0
9963,33,1,0,0
9964,87,1,0,0
9965,81,1,0,0
9966,34,1,0,0
9967,67,1,0,0
9968,48,1,0,0
9969,66,1,0,0
9970,125,1,0,0
9971,82,1,0,0
9972,20,1,0,0
9973,37,1,0,0
9974,66,1,0,0
9975,152,1,0,0
9976,54,1,0,0
9977,38,1,0,0
9978,78,1,0,0
9979,36,1,0,0
9980,16,1,0,0
9981,21,1,0,0
9982,81,1,0,0
9983,149,1,0,0
9984,121,1,0,0
9985,82,1,0,0
9986,64,1,0,0
9987,74,1,0,0
9988,31,1,0,0
9989,50,1,0,0
9990,57,1,0,0
9991,49,1,0,0
9992,73,1,0,0
9993,15,1,0,0
9994,14,1,0,0
9995,99,1,0,0
9996,9,1,0,0
9997,109,1,0,0
9998,143,1,0,0
9999,134,1,0,0
