trial,final_step,trapped,contact_dead,boundary_dead
0,48,1,0,0
1,64,1,0,0
2,17,1,0,0
3,32,1,0,0
4,33,1,0,0
5,111,1,0,0
6,8,1,0,0
7,22,1,0,0
8,77,1,0,0
9,215,1,0,0
10,44,1,0,0
11,82,1,0,0
12,108,1,0,0
13,19,1,0,0
14,60,1,0,0
15,32,1,0,0
16,55,1,0,0
17,17,1,0,0
18,55,1,0,0
19,52,1,0,0
20,61,1,0,0
21,23,1,0,0
22,128,1,0,0
23,64,1,0,0
24,44,1,0,0
25,136,1,0,0
26,46,1,0,0
27,122,1,0,0
28,132,1,0,0
29,54,1,0,0
30,77,1,0,0
31,146,1,0,0
32,27,1,0,0
33,94,1,0,0
34,27,1,0,0
35,147,1,0,0
36,61,1,0,0
37,33,1,0,0
38,31,1,0,0
39,70,1,0,0
40,85,1,0,0
41,143,1,0,0
42,81,1,0,0
43,160,1,0,0
44,26,1,0,0
45,13,1,0,0
46,24,1,0,0
47,37,1,0,0
48,44,1,0,0
49,17,1,0,0
50,90,1,0,0
51,270,1,0,0
52,47,1,0,0
53,37,1,0,0
54,38,1,0,0
55,46,1,0,0
56,52,1,0,0
57,91,1,0,0
58,80,1,0,0
59,41,1,0,0
60,24,1,0,0
61,82,1,0,0
62,12,1,0,0
63,52,1,0,0
64,138,1,0,0
65,86,1,0,0
66,214,1,0,0
67,51,1,0,0
68,53,1,0,0
69,14,1,0,0
70,47,1,0,0
71,104,1,0,0
72,78,1,0,0
73,78,1,0,0
74,49,1,0,0
75,43,1,0,0
76,112,1,0,0
77,21,1,0,0
78,40,1,0,0
79,88,1,0,0
80,84,1,0,0
81,21,1,0,0
82,46,1,0,0
83,83,1,0,0
84,78,1,0,0
85,56,1,0,0
86,87,1,0,0
87,57,1,0,0
88,69,1,0,0
89,51,1,0,0
90,53,1,0,0
91,207,1,0,0
92,37,1,0,0
93,51,1,0,0
94,57,1,0,0
95,24,1,0,0
96,57,1,0,0
97,35,1,0,0
98,63,1,0,0
99,161,1,0,0
100,28,1,0,0
101,27,1,0,0
102,42,1,0,0
103,62,1,0,0
104,35,1,0,0
105,54,1,0,0
106,79,1,0,0
107,113,1,0,0
108,209,1,0,0
109,142,1,0,0
110,146,1,0,0
111,25,1,0,0
112,26,1,0,0
113,38,1,0,0
114,40,1,0,0
115,13,1,0,0
116,33,1,0,0
117,133,1,0,0
118,49,1,0,0
119,107,1,0,0
120,48,1,0,0
121,25,1,0,0
122,15,1,0,0
123,203,1,0,0
124,72,1,0,0
125,31,1,0,0
126,101,1,0,0
127,78,1,0,0
128,96,1,0,0
129,26,1,0,0
130,108,1,0,0
131,167,1,0,0
132,46,1,0,0
133,71,1,0,0
134,48,1,0,0
135,101,1,0,0
136,32,1,0,0
137,20,1,0,0
138,66,1,0,0
139,101,1,0,0
140,153,1,0,0
141,74,1,0,0
142,15,1,0,0
143,10,1,0,0
144,113,1,0,0
145,71,1,0,0
146,67,1,0,0
147,119,1,0,0
148,75,1,0,0
149,96,1,0,0
150,150,1,0,0
151,217,1,0,0
152,156,1,0,0
153,21,1,0,0
154,31,1,0,0
155,47,1,0,0
156,25,1,0,0
157,34,1,0,0
158,30,1,0,0
159,22,1,0,0
160,66,1,0,0
161,78,1,0,0
162,90,1,0,0
163,190,1,0,0
164,74,1,0,0
165,106,1,0,0
166,31,1,0,0
167,37,1,0,0
168,97,1,0,0
169,81,1,0,0
170,44,1,0,0
171,35,1,0,0
172,68,1,0,0
173,80,1,0,0
174,17,1,0,0
175,64,1,0,0
176,20,1,0,0
177,40,1,0,0
178,70,1,0,0
179,80,1,0,0
180,153,1,0,0
181,93,1,0,0
182,47,1,0,0
183,28,1,0,0
184,116,1,0,0
185,62,1,0,0
186,196,1,0,0
187,88,1,0,0
188,30,1,0,0
189,78,1,0,0
190,63,1,0,0
191,103,1,0,0
192,57,1,0,0
193,44,1,0,0
194,15,1,0,0
195,25,1,0,0
196,66,1,0,0
197,59,1,0,0
198,19,1,0,0
199,41,1,0,0
200,22,1,0,0
201,54,1,0,0
202,67,1,0,0
203,24,1,0,0
204,18,1,0,0
205,61,1,0,0
206,21,1,0,0
207,148,1,0,0
208,27,1,0,0
209,80,1,0,0
210,19,1,0,0
211,52,1,0,0
212,24,1,0,0
213,42,1,0,0
214,7,1,0,0
215,114,1,0,0
216,25,1,0,0
217,129,1,0,0
218,85,1,0,0
219,137,1,0,0
220,74,1,0,0
221,22,1,0,0
222,57,1,0,0
223,63,1,0,0
224,43,1,0,0
225,43,1,0,0
226,106,1,0,0
227,30,1,0,0
228,50,1,0,0
229,52,1,0,0
230,53,1,0,0
231,86,1,0,0
232,39,1,0,0
233,59,1,0,0
234,15,1,0,0
235,55,1,0,0
236,91,1,0,0
237,48,1,0,0
238,122,1,0,0
239,48,1,0,0
240,38,1,0,0
241,46,1,0,0
242,64,1,0,0
243,42,1,0,0
244,93,1,0,0
245,82,1,0,0
246,98,1,0,0
247,223,1,0,0
248,28,1,0,0
249,16,1,0,0
250,27,1,0,0
251,64,1,0,0
252,188,1,0,0
253,95,1,0,0
254,104,1,0,0
255,41,1,0,0
256,50,1,0,0
257,30,1,0,0
258,101,1,0,0
259,73,1,0,0
260,62,1,0,0
261,18,1,0,0
262,52,1,0,0
263,45,1,0,0
264,28,1,0,0
265,81,1,0,0
266,33,1,0,0
267,96,1,0,0
268,48,1,0,0
269,121,1,0,0
270,96,1,0,0
271,69,1,0,0
272,129,1,0,0
273,42,1,0,0
274,83,1,0,0
275,15,1,0,0
276,66,1,0,0
277,33,1,0,0
278,134,1,0,0
279,150,1,0,0
280,71,1,0,0
281,104,1,0,0
282,163,1,0,0
283,104,1,0,0
284,89,1,0,0
285,95,1,0,0
286,73,1,0,0
287,42,1,0,0
288,88,1,0,0
289,17,1,0,0
290,7,1,0,0
291,50,1,0,0
292,38,1,0,0
293,122,1,0,0
294,97,1,0,0
295,90,1,0,0
296,21,1,0,0
297,78,1,0,0
298,36,1,0,0
299,42,1,0,0
300,79,1,0,0
301,62,1,0,0
302,30,1,0,0
303,70,1,0,0
304,41,1,0,0
305,78,1,0,0
306,75,1,0,0
307,63,1,0,0
308,47,1,0,0
309,59,1,0,0
310,88,1,0,0
311,29,1,0,0
312,69,1,0,0
313,21,1,0,0
314,169,1,0,0
315,98,1,0,0
316,12,1,0,0
317,35,1,0,0
318,221,1,0,0
319,45,1,0,0
320,18,1,0,0
321,71,1,0,0
322,59,1,0,0
323,40,1,0,0
324,60,1,0,0
325,9,1,0,0
326,53,1,0,0
327,141,1,0,0
328,35,1,0,0
329,93,1,0,0
330,66,1,0,0
331,163,1,0,0
332,15,1,0,0
333,29,1,0,0
334,54,1,0,0
335,8,1,0,0
336,18,1,0,0
337,203,1,0,0
338,149,1,0,0
339,98,1,0,0
340,34,1,0,0
341,48,1,0,0
342,83,1,0,0
343,79,1,0,0
344,187,1,0,0
345,41,1,0,0
346,152,1,0,0
347,101,1,0,0
348,64,1,0,0
349,84,1,0,0
350,83,1,0,0
351,148,1,0,0
352,42,1,0,0
353,28,1,0,0
354,100,1,0,0
355,26,1,0,0
356,213,1,0,0
357,41,1,0,0
358,62,1,0,0
359,31,1,0,0
360,23,1,0,0
361,23,1,0,0
362,98,1,0,0
363,85,1,0,0
364,54,1,0,0
365,75,1,0,0
366,24,1,0,0
367,138,1,0,0
368,63,1,0,0
369,46,1,0,0
370,18,1,0,0
371,28,1,0,0
372,50,1,0,0
373,30,1,0,0
374,70,1,0,0
375,22,1,0,0
376,44,1,0,0
377,82,1,0,0
378,92,1,0,0
379,37,1,0,0
380,91,1,0,0
381,71,1,0,0
382,67,1,0,0
383,46,1,0,0
384,56,1,0,0
385,204,1,0,0
386,73,1,0,0
387,48,1,0,0
388,85,1,0,0
389,117,1,0,0
390,17,1,0,0
391,105,1,0,0
392,36,1,0,0
393,145,1,0,0
394,72,1,0,0
395,51,1,0,0
396,129,1,0,0
397,65,1,0,0
398,37,1,0,0
399,9,1,0,0
400,89,1,0,0
401,31,1,0,0
402,75,1,0,0
403,48,1,0,0
404,20,1,0,0
405,79,1,0,0
406,33,1,0,0
407,117,1,0,0
408,167,1,0,0
409,273,1,0,0
410,50,1,0,0
411,15,1,0,0
412,40,1,0,0
413,44,1,0,0
414,33,1,0,0
415,31,1,0,0
416,123,1,0,0
417,84,1,0,0
418,40,1,0,0
419,71,1,0,0
420,57,1,0,0
421,74,1,0,0
422,86,1,0,0
423,46,1,0,0
424,67,1,0,0
425,68,1,0,0
426,159,1,0,0
427,77,1,0,0
428,128,1,0,0
429,15,1,0,0
430,54,1,0,0
431,82,1,0,0
432,50,1,0,0
433,113,1,0,0
434,55,1,0,0
435,121,1,0,0
436,37,1,0,0
437,75,1,0,0
438,30,1,0,0
439,111,1,0,0
440,62,1,0,0
441,34,1,0,0
442,176,1,0,0
443,28,1,0,0
444,113,1,0,0
445,59,1,0,0
446,114,1,0,0
447,98,1,0,0
448,52,1,0,0
449,44,1,0,0
450,40,1,0,0
451,65,1,0,0
452,56,1,0,0
453,86,1,0,0
454,34,1,0,0
455,21,1,0,0
456,141,1,0,0
457,31,1,0,0
458,55,1,0,0
459,87,1,0,0
460,60,1,0,0
461,46,1,0,0
462,40,1,0,0
463,295,1,0,0
464,13,1,0,0
465,27,1,0,0
466,132,1,0,0
467,90,1,0,0
468,59,1,0,0
469,43,1,0,0
470,50,1,0,0
471,43,1,0,0
472,89,1,0,0
473,262,1,0,0
474,66,1,0,0
475,80,1,0,0
476,28,1,0,0
477,16,1,0,0
478,143,1,0,0
479,191,1,0,0
480,87,1,0,0
481,130,1,0,0
482,22,1,0,0
483,19,1,0,0
484,18,1,0,0
485,14,1,0,0
486,28,1,0,0
487,78,1,0,0
488,51,1,0,0
489,73,1,0,0
490,26,1,0,0
491,36,1,0,0
492,57,1,0,0
493,27,1,0,0
494,150,1,0,0
495,220,1,0,0
496,48,1,0,0
497,32,1,0,0
498,156,1,0,0
499,105,1,0,0
500,145,1,0,0
501,134,1,0,0
502,16,1,0,0
503,23,1,0,0
504,21,1,0,0
505,91,1,0,0
506,27,1,0,0
507,69,1,0,0
508,13,1,0,0
509,47,1,0,0
510,49,1,0,0
511,88,1,0,0
512,130,1,0,0
513,55,1,0,0
514,77,1,0,0
515,77,1,0,0
516,54,1,0,0
517,110,1,0,0
518,64,1,0,0
519,57,1,0,0
520,42,1,0,0
521,15,1,0,0
522,59,1,0,0
523,110,1,0,0
524,68,1,0,0
525,35,1,0,0
526,104,1,0,0
527,42,1,0,0
528,15,1,0,0
529,153,1,0,0
530,23,1,0,0
531,95,1,0,0
532,26,1,0,0
533,25,1,0,0
534,46,1,0,0
535,48,1,0,0
536,20,1,0,0
537,70,1,0,0
538,159,1,0,0
539,28,1,0,0
540,56,1,0,0
541,46,1,0,0
542,171,1,0,0
543,14,1,0,0
544,179,1,0,0
545,34,1,0,0
546,24,1,0,0
547,46,1,0,0
548,206,1,0,0
549,221,1,0,0
550,71,1,0,0
551,37,1,0,0
552,38,1,0,0
553,11,1,0,0
554,106,1,0,0
555,120,1,0,0
556,101,1,0,0
557,56,1,0,0
558,89,1,0,0
559,107,1,0,0
560,235,1,0,0
561,16,1,0,0
562,68,1,0,0
563,37,1,0,0
564,59,1,0,0
565,49,1,0,0
566,198,1,0,0
567,89,1,0,0
568,29,1,0,0
569,88,1,0,0
570,97,1,0,0
571,31,1,0,0
572,148,1,0,0
573,18,1,0,0
574,11,1,0,0
575,18,1,0,0
576,7,1,0,0
577,122,1,0,0
578,63,1,0,0
579,68,1,0,0
580,92,1,0,0
581,23,1,0,0
582,25,1,0,0
583,49,1,0,0
584,42,1,0,0
585,71,1,0,0
586,97,1,0,0
587,31,1,0,0
588,33,1,0,0
589,81,1,0,0
590,93,1,0,0
591,46,1,0,0
592,60,1,0,0
593,110,1,0,0
594,29,1,0,0
595,226,1,0,0
596,47,1,0,0
597,30,1,0,0
598,50,1,0,0
599,138,1,0,0
600,42,1,0,0
601,68,1,0,0
602,17,1,0,0
603,42,1,0,0
604,47,1,0,0
605,45,1,0,0
606,49,1,0,0
607,18,1,0,0
608,60,1,0,0
609,98,1,0,0
610,48,1,0,0
611,95,1,0,0
612,69,1,0,0
613,63,1,0,0
614,33,1,0,0
615,25,1,0,0
616,80,1,0,0
617,22,1,0,0
618,74,1,0,0
619,197,1,0,0
620,31,1,0,0
621,14,1,0,0
622,61,1,0,0
623,41,1,0,0
624,22,1,0,0
625,45,1,0,0
626,44,1,0,0
627,50,1,0,0
628,106,1,0,0
629,72,1,0,0
630,67,1,0,0
631,89,1,0,0
632,179,1,0,0
633,47,1,0,0
634,92,1,0,0
635,24,1,0,0
636,31,1,0,0
637,26,1,0,0
638,204,1,0,0
639,79,1,0,0
640,76,1,0,0
641,292,1,0,0
642,53,1,0,0
643,45,1,0,0
644,48,1,0,0
645,138,1,0,0
646,46,1,0,0
647,17,1,0,0
648,178,1,0,0
649,161,1,0,0
650,88,1,0,0
651,73,1,0,0
652,28,1,0,0
653,18,1,0,0
654,26,1,0,0
655,98,1,0,0
656,246,1,0,0
657,28,1,0,0
658,69,1,0,0
659,26,1,0,0
660,123,1,0,0
661,74,1,0,0
662,77,1,0,0
663,16,1,0,0
664,22,1,0,0
665,69,1,0,0
666,161,1,0,0
667,19,1,0,0
668,90,1,0,0
669,16,1,0,0
670,86,1,0,0
671,31,1,0,0
672,79,1,0,0
673,55,1,0,0
674,23,1,0,0
675,92,1,0,0
676,21,1,0,0
677,79,1,0,0
678,60,1,0,0
679,61,1,0,0
680,254,1,0,0
681,54,1,0,0
682,38,1,0,0
683,77,1,0,0
684,65,1,0,0
685,38,1,0,0
686,75,1,0,0
687,43,1,0,0
688,70,1,0,0
689,20,1,0,0
690,25,1,0,0
691,89,1,0,0
692,56,1,0,0
693,135,1,0,0
694,65,1,0,0
695,36,1,0,0
696,42,1,0,0
697,65,1,0,0
698,21,1,0,0
699,35,1,0,0
700,96,1,0,0
701,80,1,0,0
702,13,1,0,0
703,79,1,0,0
704,37,1,0,0
705,22,1,0,0
706,30,1,0,0
707,23,1,0,0
708,16,1,0,0
709,194,1,0,0
710,107,1,0,0
711,40,1,0,0
712,80,1,0,0
713,40,1,0,0
714,55,1,0,0
715,89,1,0,0
716,167,1,0,0
717,193,1,0,0
718,62,1,0,0
719,39,1,0,0
720,53,1,0,0
721,17,1,0,0
722,43,1,0,0
723,89,1,0,0
724,146,1,0,0
725,59,1,0,0
726,26,1,0,0
727,36,1,0,0
728,92,1,0,0
729,103,1,0,0
730,108,1,0,0
731,18,1,0,0
732,13,1,0,0
733,182,1,0,0
734,14,1,0,0
735,51,1,0,0
736,71,1,0,0
737,61,1,0,0
738,65,1,0,0
739,95,1,0,0
740,75,1,0,0
741,52,1,0,0
742,54,1,0,0
743,53,1,0,0
744,17,1,0,0
745,12,1,0,0
746,108,1,0,0
747,67,1,0,0
748,19,1,0,0
749,29,1,0,0
750,163,1,0,0
751,53,1,0,0
752,12,1,0,0
753,57,1,0,0
754,24,1,0,0
755,35,1,0,0
756,38,1,0,0
757,57,1,0,0
758,128,1,0,0
759,51,1,0,0
760,79,1,0,0
761,29,1,0,0
762,40,1,0,0
763,140,1,0,0
764,343,1,0,0
765,193,1,0,0
766,63,1,0,0
767,60,1,0,0
768,44,1,0,0
769,32,1,0,0
770,66,1,0,0
771,68,1,0,0
772,19,1,0,0
773,210,1,0,0
774,178,1,0,0
775,56,1,0,0
776,103,1,0,0
777,55,1,0,0
778,14,1,0,0
779,40,1,0,0
780,25,1,0,0
781,32,1,0,0
782,8,1,0,0
783,52,1,0,0
784,44,1,0,0
785,101,1,0,0
786,29,1,0,0
787,39,1,0,0
788,133,1,0,0
789,34,1,0,0
790,16,1,0,0
791,21,1,0,0
792,38,1,0,0
793,181,1,0,0
794,249,1,0,0
795,88,1,0,0
796,57,1,0,0
797,75,1,0,0
798,43,1,0,0
799,40,1,0,0
800,31,1,0,0
801,131,1,0,0
802,64,1,0,0
803,20,1,0,0
804,65,1,0,0
805,30,1,0,0
806,80,1,0,0
807,75,1,0,0
808,84,1,0,0
809,122,1,0,0
810,72,1,0,0
811,57,1,0,0
812,68,1,0,0
813,53,1,0,0
814,32,1,0,0
815,29,1,0,0
816,83,1,0,0
817,35,1,0,0
818,78,1,0,0
819,9,1,0,0
820,59,1,0,0
821,37,1,0,0
822,17,1,0,0
823,9,1,0,0
824,29,1,0,0
825,55,1,0,0
826,65,1,0,0
827,67,1,0,0
828,41,1,0,0
829,93,1,0,0
830,20,1,0,0
831,37,1,0,0
832,65,1,0,0
833,30,1,0,0
834,24,1,0,0
835,163,1,0,0
836,132,1,0,0
837,39,1,0,0
838,195,1,0,0
839,53,1,0,0
840,99,1,0,0
841,157,1,0,0
842,192,1,0,0
843,95,1,0,0
844,47,1,0,0
845,83,1,0,0
846,24,1,0,0
847,168,1,0,0
848,7,1,0,0
849,23,1,0,0
850,90,1,0,0
851,10,1,0,0
852,58,1,0,0
853,92,1,0,0
854,60,1,0,0
855,12,1,0,0
856,90,1,0,0
857,55,1,0,0
858,13,1,0,0
859,20,1,0,0
860,18,1,0,0
861,89,1,0,0
862,85,1,0,0
863,30,1,0,0
864,81,1,0,0
865,61,1,0,0
866,91,1,0,0
867,125,1,0,0
868,75,1,0,0
869,81,1,0,0
870,57,1,0,0
871,171,1,0,0
872,90,1,0,0
873,127,1,0,0
874,73,1,0,0
875,56,1,0,0
876,77,1,0,0
877,54,1,0,0
878,55,1,0,0
879,163,1,0,0
880,28,1,0,0
881,33,1,0,0
882,112,1,0,0
883,74,1,0,0
884,28,1,0,0
885,97,1,0,0
886,76,1,0,0
887,10,1,0,0
888,41,1,0,0
889,11,1,0,0
890,19,1,0,0
891,98,1,0,0
892,17,1,0,0
893,66,1,0,0
894,58,1,0,0
895,86,1,0,0
896,33,1,0,0
897,53,1,0,0
898,46,1,0,0
899,59,1,0,0
900,66,1,0,0
901,48,1,0,0
902,46,1,0,0
903,112,1,0,0
904,59,1,0,0
905,51,1,0,0
906,169,1,0,0
907,121,1,0,0
908,158,1,0,0
909,29,1,0,0
910,152,1,0,0
911,76,1,0,0
912,101,1,0,0
913,72,1,0,0
914,38,1,0,0
915,24,1,0,0
916,25,1,0,0
917,62,1,0,0
918,53,1,0,0
919,33,1,0,0
920,28,1,0,0
921,95,1,0,0
922,88,1,0,0
923,37,1,0,0
924,106,1,0,0
925,45,1,0,0
926,62,1,0,0
927,155,1,0,0
928,70,1,0,0
929,139,1,0,0
930,85,1,0,0
931,85,1,0,0
932,36,1,0,0
933,65,1,0,0
934,34,1,0,0
935,69,1,0,0
936,69,1,0,0
937,25,1,0,0
938,87,1,0,0
939,41,1,0,0
940,38,1,0,0
941,155,1,0,0
942,25,1,0,0
943,32,1,0,0
944,88,1,0,0
945,44,1,0,0
946,103,1,0,0
947,49,1,0,0
948,72,1,0,0
949,100,1,0,0
950,44,1,0,0
951,18,1,0,0
952,172,1,0,0
953,153,1,0,0
954,118,1,0,0
955,125,1,0,0
956,78,1,0,0
957,33,1,0,0
958,132,1,0,0
959,20,1,0,0
960,19,1,0,0
961,65,1,0,0
962,74,1,0,0
963,22,1,0,0
964,76,1,0,0
965,104,1,0,0
966,38,1,0,0
967,63,1,0,0
968,61,1,0,0
969,43,1,0,0
970,61,1,0,0
971,82,1,0,0
972,124,1,0,0
973,70,1,0,0
974,107,1,0,0
975,33,1,0,0
976,45,1,0,0
977,28,1,0,0
978,23,1,0,0
979,29,1,0,0
980,11,1,0,0
981,28,1,0,0
982,70,1,0,0
983,203,1,0,0
984,15,1,0,0
985,63,1,0,0
986,98,1,0,0
987,43,1,0,0
988,12,1,0,0
989,27,1,0,0
990,120,1,0,0
991,160,1,0,0
992,114,1,0,0
993,45,1,0,0
994,27,1,0,0
995,72,1,0,0
996,113,1,0,0
997,86,1,0,0
998,141,1,0,0
999,72,1,0,0
1000,16,1,0,0
1001,58,1,0,0
1002,37,1,0,0
1003,68,1,0,0
1004,128,1,0,0
1005,130,1,0,0
1006,55,1,0,0
1007,190,1,0,0
1008,21,1,0,0
1009,55,1,0,0
1010,127,1,0,0
1011,89,1,0,0
1012,100,1,0,0
1013,61,1,0,0
1014,195,1,0,0
1015,54,1,0,0
1016,33,1,0,0
1017,69,1,0,0
1018,86,1,0,0
1019,151,1,0,0
1020,161,1,0,0
1021,109,1,0,0
1022,287,1,0,0
1023,220,1,0,0
1024,72,1,0,0
1025,119,1,0,0
1026,20,1,0,0
1027,145,1,0,0
1028,208,1,0,0
1029,65,1,0,0
1030,32,1,0,0
1031,101,1,0,0
1032,48,1,0,0
1033,20,1,0,0
1034,77,1,0,0
1035,62,1,0,0
1036,35,1,0,0
1037,25,1,0,0
1038,54,1,0,0
1039,43,1,0,0
1040,64,1,0,0
1041,97,1,0,0
1042,13,1,0,0
1043,35,1,0,0
1044,54,1,0,0
1045,45,1,0,0
1046,15,1,0,0
1047,43,1,0,0
1048,94,1,0,0
1049,31,1,0,0
1050,15,1,0,0
1051,117,1,0,0
1052,20,1,0,0
1053,58,1,0,0
1054,260,1,0,0
1055,28,1,0,0
1056,69,1,0,0
1057,27,1,0,0
1058,17,1,0,0
1059,64,1,0,0
1060,109,1,0,0
1061,66,1,0,0
1062,31,1,0,0
1063,63,1,0,0
1064,50,1,0,0
1065,72,1,0,0
1066,58,1,0,0
1067,46,1,0,0
1068,52,1,0,0
1069,93,1,0,0
1070,106,1,0,0
1071,37,1,0,0
1072,74,1,0,0
1073,211,1,0,0
1074,30,1,0,0
1075,26,1,0,0
1076,88,1,0,0
1077,127,1,0,0
1078,30,1,0,0
1079,17,1,0,0
1080,54,1,0,0
1081,18,1,0,0
1082,75,1,0,0
1083,49,1,0,0
1084,46,1,0,0
1085,216,1,0,0
1086,48,1,0,0
1087,68,1,0,0
1088,15,1,0,0
1089,23,1,0,0
1090,108,1,0,0
1091,74,1,0,0
1092,45,1,0,0
1093,26,1,0,0
1094,197,1,0,0
1095,61,1,0,0
1096,64,1,0,0
1097,196,1,0,0
1098,56,1,0,0
1099,70,1,0,0
1100,28,1,0,0
1101,73,1,0,0
1102,66,1,0,0
1103,80,1,0,0
1104,81,1,0,0
1105,8,1,0,0
1106,226,1,0,0
1107,72,1,0,0
1108,10,1,0,0
1109,154,1,0,0
1110,37,1,0,0
1111,45,1,0,0
1112,200,1,0,0
1113,48,1,0,0
1114,71,1,0,0
1115,28,1,0,0
1116,96,1,0,0
1117,201,1,0,0
1118,61,1,0,0
1119,28,1,0,0
1120,78,1,0,0
1121,63,1,0,0
1122,209,1,0,0
1123,67,1,0,0
1124,13,1,0,0
1125,92,1,0,0
1126,54,1,0,0
1127,148,1,0,0
1128,59,1,0,0
1129,58,1,0,0
1130,12,1,0,0
1131,12,1,0,0
1132,105,1,0,0
1133,100,1,0,0
1134,51,1,0,0
1135,58,1,0,0
1136,29,1,0,0
1137,46,1,0,0
1138,179,1,0,0
1139,15,1,0,0
1140,23,1,0,0
1141,136,1,0,0
1142,26,1,0,0
1143,111,1,0,0
1144,18,1,0,0
1145,12,1,0,0
1146,197,1,0,0
1147,164,1,0,0
1148,90,1,0,0
1149,59,1,0,0
1150,23,1,0,0
1151,103,1,0,0
1152,66,1,0,0
1153,20,1,0,0
1154,117,1,0,0
1155,11,1,0,0
1156,48,1,0,0
1157,160,1,0,0
1158,114,1,0,0
1159,109,1,0,0
1160,20,1,0,0
1161,12,1,0,0
1162,97,1,0,0
1163,33,1,0,0
1164,30,1,0,0
1165,267,1,0,0
1166,105,1,0,0
1167,63,1,0,0
1168,10,1,0,0
1169,39,1,0,0
1170,48,1,0,0
1171,66,1,0,0
1172,22,1,0,0
1173,29,1,0,0
1174,67,1,0,0
1175,83,1,0,0
1176,76,1,0,0
1177,47,1,0,0
1178,282,1,0,0
1179,173,1,0,0
1180,53,1,0,0
1181,14,1,0,0
1182,44,1,0,0
1183,32,1,0,0
1184,34,1,0,0
1185,117,1,0,0
1186,59,1,0,0
1187,113,1,0,0
1188,63,1,0,0
1189,191,1,0,0
1190,43,1,0,0
1191,145,1,0,0
1192,135,1,0,0
1193,71,1,0,0
1194,44,1,0,0
1195,260,1,0,0
1196,146,1,0,0
1197,43,1,0,0
1198,51,1,0,0
1199,46,1,0,0
1200,64,1,0,0
1201,69,1,0,0
1202,51,1,0,0
1203,56,1,0,0
1204,150,1,0,0
1205,29,1,0,0
1206,15,1,0,0
1207,119,1,0,0
1208,90,1,0,0
1209,40,1,0,0
1210,68,1,0,0
1211,25,1,0,0
1212,50,1,0,0
1213,61,1,0,0
1214,223,1,0,0
1215,27,1,0,0
1216,50,1,0,0
1217,110,1,0,0
1218,45,1,0,0
1219,22,1,0,0
1220,41,1,0,0
1221,32,1,0,0
1222,30,1,0,0
1223,52,1,0,0
1224,20,1,0,0
1225,97,1,0,0
1226,82,1,0,0
1227,61,1,0,0
1228,103,1,0,0
1229,93,1,0,0
1230,47,1,0,0
1231,145,1,0,0
1232,25,1,0,0
1233,41,1,0,0
1234,32,1,0,0
1235,113,1,0,0
1236,136,1,0,0
1237,87,1,0,0
1238,200,1,0,0
1239,99,1,0,0
1240,97,1,0,0
1241,90,1,0,0
1242,140,1,0,0
1243,33,1,0,0
1244,99,1,0,0
1245,75,1,0,0
1246,12,1,0,0
1247,82,1,0,0
1248,103,1,0,0
1249,34,1,0,0
1250,14,1,0,0
1251,115,1,0,0
1252,110,1,0,0
1253,53,1,0,0
1254,58,1,0,0
1255,26,1,0,0
1256,28,1,0,0
1257,38,1,0,0
1258,49,1,0,0
1259,116,1,0,0
1260,37,1,0,0
1261,53,1,0,0
1262,20,1,0,0
1263,139,1,0,0
1264,13,1,0,0
1265,122,1,0,0
1266,61,1,0,0
1267,72,1,0,0
1268,94,1,0,0
1269,44,1,0,0
1270,17,1,0,0
1271,175,1,0,0
1272,26,1,0,0
1273,19,1,0,0
1274,46,1,0,0
1275,236,1,0,0
1276,19,1,0,0
1277,28,1,0,0
1278,131,1,0,0
1279,26,1,0,0
1280,126,1,0,0
1281,19,1,0,0
1282,34,1,0,0
1283,87,1,0,0
1284,71,1,0,0
1285,32,1,0,0
1286,23,1,0,0
1287,34,1,0,0
1288,19,1,0,0
1289,112,1,0,0
1290,55,1,0,0
1291,83,1,0,0
1292,72,1,0,0
1293,30,1,0,0
1294,25,1,0,0
1295,48,1,0,0
1296,34,1,0,0
1297,19,1,0,0
1298,254,1,0,0
1299,17,1,0,0
1300,143,1,0,0
1301,190,1,0,0
1302,51,1,0,0
1303,82,1,0,0
1304,26,1,0,0
1305,27,1,0,0
1306,113,1,0,0
1307,11,1,0,0
1308,91,1,0,0
1309,47,1,0,0
1310,251,1,0,0
1311,53,1,0,0
1312,83,1,0,0
1313,16,1,0,0
1314,45,1,0,0
1315,50,1,0,0
1316,15,1,0,0
1317,152,1,0,0
1318,107,1,0,0
1319,142,1,0,0
1320,51,1,0,0
1321,16,1,0,0
1322,48,1,0,0
1323,33,1,0,0
1324,33,1,0,0
1325,108,1,0,0
1326,70,1,0,0
1327,70,1,0,0
1328,27,1,0,0
1329,142,1,0,0
1330,14,1,0,0
1331,59,1,0,0
1332,54,1,0,0
1333,43,1,0,0
1334,134,1,0,0
1335,63,1,0,0
1336,144,1,0,0
1337,76,1,0,0
1338,51,1,0,0
1339,19,1,0,0
1340,19,1,0,0
1341,52,1,0,0
1342,39,1,0,0
1343,70,1,0,0
1344,68,1,0,0
1345,94,1,0,0
1346,27,1,0,0
1347,18,1,0,0
1348,45,1,0,0
1349,87,1,0,0
1350,69,1,0,0
1351,31,1,0,0
1352,38,1,0,0
1353,161,1,0,0
1354,95,1,0,0
1355,24,1,0,0
1356,54,1,0,0
1357,64,1,0,0
1358,71,1,0,0
1359,59,1,0,0
1360,27,1,0,0
1361,54,1,0,0
1362,53,1,0,0
1363,80,1,0,0
1364,19,1,0,0
1365,19,1,0,0
1366,33,1,0,0
1367,17,1,0,0
1368,32,1,0,0
1369,13,1,0,0
1370,47,1,0,0
1371,11,1,0,0
1372,27,1,0,0
1373,259,1,0,0
1374,148,1,0,0
1375,121,1,0,0
1376,133,1,0,0
1377,68,1,0,0
1378,17,1,0,0
1379,72,1,0,0
1380,24,1,0,0
1381,182,1,0,0
1382,45,1,0,0
1383,19,1,0,0
1384,167,1,0,0
1385,51,1,0,0
1386,9,1,0,0
1387,49,1,0,0
1388,43,1,0,0
1389,189,1,0,0
1390,209,1,0,0
1391,37,1,0,0
1392,48,1,0,0
1393,77,1,0,0
1394,40,1,0,0
1395,40,1,0,0
1396,118,1,0,0
1397,89,1,0,0
1398,140,1,0,0
1399,34,1,0,0
1400,87,1,0,0
1401,46,1,0,0
1402,87,1,0,0
1403,50,1,0,0
1404,59,1,0,0
1405,120,1,0,0
1406,125,1,0,0
1407,36,1,0,0
1408,74,1,0,0
1409,87,1,0,0
1410,72,1,0,0
1411,26,1,0,0
1412,17,1,0,0
1413,64,1,0,0
1414,62,1,0,0
1415,44,1,0,0
1416,74,1,0,0
1417,96,1,0,0
1418,63,1,0,0
1419,42,1,0,0
1420,68,1,0,0
1421,57,1,0,0
1422,38,1,0,0
1423,57,1,0,0
1424,79,1,0,0
1425,147,1,0,0
1426,69,1,0,0
1427,38,1,0,0
1428,27,1,0,0
1429,22,1,0,0
1430,82,1,0,0
1431,109,1,0,0
1432,12,1,0,0
1433,46,1,0,0
1434,67,1,0,0
1435,40,1,0,0
1436,12,1,0,0
1437,70,1,0,0
1438,33,1,0,0
1439,41,1,0,0
1440,38,1,0,0
1441,24,1,0,0
1442,136,1,0,0
1443,9,1,0,0
1444,198,1,0,0
1445,97,1,0,0
1446,45,1,0,0
1447,134,1,0,0
1448,62,1,0,0
1449,21,1,0,0
1450,48,1,0,0
1451,36,1,0,0
1452,132,1,0,0
1453,89,1,0,0
1454,68,1,0,0
1455,38,1,0,0
1456,116,1,0,0
1457,166,1,0,0
1458,53,1,0,0
1459,17,1,0,0
1460,67,1,0,0
1461,293,1,0,0
1462,167,1,0,0
1463,136,1,0,0
1464,148,1,0,0
1465,166,1,0,0
1466,69,1,0,0
1467,121,1,0,0
1468,51,1,0,0
1469,23,1,0,0
1470,79,1,0,0
1471,153,1,0,0
1472,21,1,0,0
1473,20,1,0,0
1474,76,1,0,0
1475,52,1,0,0
1476,118,1,0,0
1477,94,1,0,0
1478,82,1,0,0
1479,30,1,0,0
1480,51,1,0,0
1481,159,1,0,0
1482,70,1,0,0
1483,59,1,0,0
1484,90,1,0,0
1485,67,1,0,0
1486,99,1,0,0
1487,76,1,0,0
1488,38,1,0,0
1489,24,1,0,0
1490,24,1,0,0
1491,75,1,0,0
1492,92,1,0,0
1493,11,1,0,0
1494,44,1,0,0
1495,60,1,0,0
1496,22,1,0,0
1497,28,1,0,0
1498,72,1,0,0
1499,68,1,0,0
1500,52,1,0,0
1501,344,1,0,0
1502,50,1,0,0
1503,9,1,0,0
1504,105,1,0,0
1505,106,1,0,0
1506,61,1,0,0
1507,85,1,0,0
1508,124,1,0,0
1509,47,1,0,0
1510,86,1,0,0
1511,58,1,0,0
1512,28,1,0,0
1513,68,1,0,0
1514,13,1,0,0
1515,13,1,0,0
1516,23,1,0,0
1517,89,1,0,0
1518,9,1,0,0
1519,120,1,0,0
1520,45,1,0,0
1521,51,1,0,0
1522,46,1,0,0
1523,30,1,0,0
1524,70,1,0,0
1525,96,1,0,0
1526,17,1,0,0
1527,25,1,0,0
1528,41,1,0,0
1529,111,1,0,0
1530,77,1,0,0
1531,64,1,0,0
1532,96,1,0,0
1533,55,1,0,0
1534,63,1,0,0
1535,74,1,0,0
1536,20,1,0,0
1537,91,1,0,0
1538,102,1,0,0
1539,29,1,0,0
1540,50,1,0,0
1541,64,1,0,0
1542,25,1,0,0
1543,48,1,0,0
1544,80,1,0,0
1545,14,1,0,0
1546,99,1,0,0
1547,28,1,0,0
1548,68,1,0,0
1549,52,1,0,0
1550,72,1,0,0
1551,250,1,0,0
1552,33,1,0,0
1553,350,1,0,0
1554,21,1,0,0
1555,82,1,0,0
1556,56,1,0,0
1557,56,1,0,0
1558,92,1,0,0
1559,55,1,0,0
1560,78,1,0,0
1561,33,1,0,0
1562,59,1,0,0
1563,50,1,0,0
1564,54,1,0,0
1565,33,1,0,0
1566,14,1,0,0
1567,87,1,0,0
1568,49,1,0,0
1569,306,1,0,0
1570,59,1,0,0
1571,129,1,0,0
1572,208,1,0,0
1573,29,1,0,0
1574,77,1,0,0
1575,292,1,0,0
1576,50,1,0,0
1577,84,1,0,0
1578,8,1,0,0
1579,141,1,0,0
1580,52,1,0,0
1581,96,1,0,0
1582,111,1,0,0
1583,126,1,0,0
1584,127,1,0,0
1585,54,1,0,0
1586,40,1,0,0
1587,124,1,0,0
1588,73,1,0,0
1589,77,1,0,0
1590,172,1,0,0
1591,117,1,0,0
1592,147,1,0,0
1593,129,1,0,0
1594,73,1,0,0
1595,45,1,0,0
1596,42,1,0,0
1597,87,1,0,0
1598,143,1,0,0
1599,50,1,0,0
1600,83,1,0,0
1601,102,1,0,0
1602,98,1,0,0
1603,61,1,0,0
1604,37,1,0,0
1605,59,1,0,0
1606,13,1,0,0
1607,38,1,0,0
1608,77,1,0,0
1609,42,1,0,0
1610,68,1,0,0
1611,171,1,0,0
1612,39,1,0,0
1613,45,1,0,0
1614,143,1,0,0
1615,19,1,0,0
1616,36,1,0,0
1617,80,1,0,0
1618,148,1,0,0
1619,93,1,0,0
1620,74,1,0,0
1621,130,1,0,0
1622,66,1,0,0
1623,14,1,0,0
1624,37,1,0,0
1625,104,1,0,0
1626,114,1,0,0
1627,44,1,0,0
1628,25,1,0,0
1629,68,1,0,0
1630,92,1,0,0
1631,27,1,0,0
1632,149,1,0,0
1633,56,1,0,0
1634,121,1,0,0
1635,83,1,0,0
1636,13,1,0,0
1637,9,1,0,0
1638,97,1,0,0
1639,24,1,0,0
1640,53,1,0,0
1641,24,1,0,0
1642,79,1,0,0
1643,92,1,0,0
1644,95,1,0,0
1645,18,1,0,0
1646,45,1,0,0
1647,35,1,0,0
1648,68,1,0,0
1649,33,1,0,0
1650,14,1,0,0
1651,77,1,0,0
1652,26,1,0,0
1653,7,1,0,0
1654,32,1,0,0
1655,19,1,0,0
1656,90,1,0,0
1657,109,1,0,0
1658,61,1,0,0
1659,34,1,0,0
1660,158,1,0,0
1661,21,1,0,0
1662,165,1,0,0
1663,61,1,0,0
1664,57,1,0,0
1665,22,1,0,0
1666,76,1,0,0
1667,66,1,0,0
1668,44,1,0,0
1669,14,1,0,0
1670,64,1,0,0
1671,8,1,0,0
1672,37,1,0,0
1673,91,1,0,0
1674,81,1,0,0
1675,89,1,0,0
1676,118,1,0,0
1677,36,1,0,0
1678,24,1,0,0
1679,44,1,0,0
1680,39,1,0,0
1681,43,1,0,0
1682,48,1,0,0
1683,48,1,0,0
1684,73,1,0,0
1685,64,1,0,0
1686,43,1,0,0
1687,106,1,0,0
1688,43,1,0,0
1689,123,1,0,0
1690,12,1,0,0
1691,151,1,0,0
1692,158,1,0,0
1693,61,1,0,0
1694,120,1,0,0
1695,80,1,0,0
1696,35,1,0,0
1697,65,1,0,0
1698,45,1,0,0
1699,83,1,0,0
1700,23,1,0,0
1701,31,1,0,0
1702,34,1,0,0
1703,35,1,0,0
1704,96,1,0,0
1705,23,1,0,0
1706,63,1,0,0
1707,85,1,0,0
1708,40,1,0,0
1709,123,1,0,0
1710,60,1,0,0
1711,44,1,0,0
1712,95,1,0,0
1713,56,1,0,0
1714,70,1,0,0
1715,14,1,0,0
1716,35,1,0,0
1717,68,1,0,0
1718,13,1,0,0
1719,62,1,0,0
1720,87,1,0,0
1721,40,1,0,0
1722,70,1,0,0
1723,109,1,0,0
1724,66,1,0,0
1725,114,1,0,0
1726,32,1,0,0
1727,19,1,0,0
1728,190,1,0,0
1729,218,1,0,0
1730,53,1,0,0
1731,34,1,0,0
1732,53,1,0,0
1733,164,1,0,0
1734,37,1,0,0
1735,49,1,0,0
1736,104,1,0,0
1737,20,1,0,0
1738,29,1,0,0
1739,57,1,0,0
1740,13,1,0,0
1741,71,1,0,0
1742,85,1,0,0
1743,61,1,0,0
1744,49,1,0,0
1745,17,1,0,0
1746,37,1,0,0
1747,25,1,0,0
1748,29,1,0,0
1749,21,1,0,0
1750,10,1,0,0
1751,68,1,0,0
1752,87,1,0,0
1753,23,1,0,0
1754,59,1,0,0
1755,36,1,0,0
1756,33,1,0,0
1757,176,1,0,0
1758,24,1,0,0
1759,70,1,0,0
1760,174,1,0,0
1761,34,1,0,0
1762,29,1,0,0
1763,62,1,0,0
1764,42,1,0,0
1765,57,1,0,0
1766,54,1,0,0
1767,18,1,0,0
1768,55,1,0,0
1769,152,1,0,0
1770,130,1,0,0
1771,20,1,0,0
1772,19,1,0,0
1773,59,1,0,0
1774,59,1,0,0
1775,27,1,0,0
1776,62,1,0,0
1777,35,1,0,0
1778,90,1,0,0
1779,51,1,0,0
1780,35,1,0,0
1781,139,1,0,0
1782,59,1,0,0
1783,66,1,0,0
1784,54,1,0,0
1785,125,1,0,0
1786,52,1,0,0
1787,10,1,0,0
1788,48,1,0,0
1789,22,1,0,0
1790,154,1,0,0
1791,151,1,0,0
1792,69,1,0,0
1793,79,1,0,0
1794,48,1,0,0
1795,113,1,0,0
1796,28,1,0,0
1797,34,1,0,0
1798,139,1,0,0
1799,138,1,0,0
1800,22,1,0,0
1801,30,1,0,0
1802,65,1,0,0
1803,119,1,0,0
1804,130,1,0,0
1805,15,1,0,0
1806,39,1,0,0
1807,49,1,0,0
1808,83,1,0,0
1809,24,1,0,0
1810,45,1,0,0
1811,85,1,0,0
1812,113,1,0,0
1813,21,1,0,0
1814,61,1,0,0
1815,17,1,0,0
1816,79,1,0,0
1817,103,1,0,0
1818,165,1,0,0
1819,81,1,0,0
1820,68,1,0,0
1821,41,1,0,0
1822,10,1,0,0
1823,49,1,0,0
1824,7,1,0,0
1825,46,1,0,0
1826,134,1,0,0
1827,37,1,0,0
1828,107,1,0,0
1829,11,1,0,0
1830,95,1,0,0
1831,73,1,0,0
1832,22,1,0,0
1833,31,1,0,0
1834,30,1,0,0
1835,64,1,0,0
1836,34,1,0,0
1837,104,1,0,0
1838,98,1,0,0
1839,60,1,0,0
1840,29,1,0,0
1841,36,1,0,0
1842,19,1,0,0
1843,167,1,0,0
1844,67,1,0,0
1845,55,1,0,0
1846,17,1,0,0
1847,137,1,0,0
1848,73,1,0,0
1849,42,1,0,0
1850,78,1,0,0
1851,68,1,0,0
1852,323,1,0,0
1853,56,1,0,0
1854,85,1,0,0
1855,115,1,0,0
1856,35,1,0,0
1857,20,1,0,0
1858,22,1,0,0
1859,56,1,0,0
1860,99,1,0,0
1861,50,1,0,0
1862,217,1,0,0
1863,50,1,0,0
1864,34,1,0,0
1865,103,1,0,0
1866,16,1,0,0
1867,71,1,0,0
1868,32,1,0,0
1869,137,1,0,0
1870,26,1,0,0
1871,24,1,0,0
1872,207,1,0,0
1873,45,1,0,0
1874,92,1,0,0
1875,63,1,0,0
1876,183,1,0,0
1877,80,1,0,0
1878,59,1,0,0
1879,66,1,0,0
1880,31,1,0,0
1881,169,1,0,0
1882,12,1,0,0
1883,96,1,0,0
1884,39,1,0,0
1885,37,1,0,0
1886,62,1,0,0
1887,81,1,0,0
1888,40,1,0,0
1889,189,1,0,0
1890,99,1,0,0
1891,86,1,0,0
1892,66,1,0,0
1893,62,1,0,0
1894,43,1,0,0
1895,24,1,0,0
1896,16,1,0,0
1897,53,1,0,0
1898,68,1,0,0
1899,44,1,0,0
1900,61,1,0,0
1901,22,1,0,0
1902,27,1,0,0
1903,245,1,0,0
1904,21,1,0,0
1905,96,1,0,0
1906,75,1,0,0
1907,88,1,0,0
1908,138,1,0,0
1909,60,1,0,0
1910,60,1,0,0
1911,84,1,0,0
1912,46,1,0,0
1913,82,1,0,0
1914,60,1,0,0
1915,22,1,0,0
1916,198,1,0,0
1917,22,1,0,0
1918,325,1,0,0
1919,113,1,0,0
1920,48,1,0,0
1921,26,1,0,0
1922,138,1,0,0
1923,51,1,0,0
1924,22,1,0,0
1925,40,1,0,0
1926,90,1,0,0
1927,26,1,0,0
1928,133,1,0,0
1929,21,1,0,0
1930,44,1,0,0
1931,149,1,0,0
1932,13,1,0,0
1933,68,1,0,0
1934,26,1,0,0
1935,17,1,0,0
1936,17,1,0,0
1937,20,1,0,0
1938,68,1,0,0
1939,49,1,0,0
1940,19,1,0,0
1941,41,1,0,0
1942,243,1,0,0
1943,52,1,0,0
1944,69,1,0,0
1945,37,1,0,0
1946,27,1,0,0
1947,71,1,0,0
1948,84,1,0,0
1949,26,1,0,0
1950,38,1,0,0
1951,96,1,0,0
1952,11,1,0,0
1953,18,1,0,0
1954,78,1,0,0
1955,111,1,0,0
1956,89,1,0,0
1957,59,1,0,0
1958,79,1,0,0
1959,98,1,0,0
1960,19,1,0,0
1961,24,1,0,0
1962,58,1,0,0
1963,210,1,0,0
1964,188,1,0,0
1965,66,1,0,0
1966,83,1,0,0
1967,135,1,0,0
1968,257,1,0,0
1969,108,1,0,0
1970,44,1,0,0
1971,115,1,0,0
1972,19,1,0,0
1973,123,1,0,0
1974,119,1,0,0
1975,77,1,0,0
1976,66,1,0,0
1977,135,1,0,0
1978,114,1,0,0
1979,37,1,0,0
1980,43,1,0,0
1981,108,1,0,0
1982,47,1,0,0
1983,80,1,0,0
1984,80,1,0,0
1985,15,1,0,0
1986,14,1,0,0
1987,66,1,0,0
1988,117,1,0,0
1989,102,1,0,0
1990,36,1,0,0
1991,27,1,0,0
1992,98,1,0,0
1993,109,1,0,0
1994,10,1,0,0
1995,37,1,0,0
1996,128,1,0,0
1997,63,1,0,0
1998,11,1,0,0
1999,16,1,0,0
2000,7,1,0,0
2001,26,1,0,0
2002,97,1,0,0
2003,77,1,0,0
2004,187,1,0,0
2005,70,1,0,0
2006,85,1,0,0
2007,17,1,0,0
2008,32,1,0,0
2009,131,1,0,0
2010,118,1,0,0
2011,65,1,0,0
2012,25,1,0,0
2013,168,1,0,0
2014,18,1,0,0
2015,19,1,0,0
2016,28,1,0,0
2017,69,1,0,0
2018,9,1,0,0
2019,99,1,0,0
2020,147,1,0,0
2021,89,1,0,0
2022,47,1,0,0
2023,38,1,0,0
2024,19,1,0,0
2025,155,1,0,0
2026,81,1,0,0
2027,62,1,0,0
2028,19,1,0,0
2029,64,1,0,0
2030,22,1,0,0
2031,28,1,0,0
2032,90,1,0,0
2033,45,1,0,0
2034,59,1,0,0
2035,22,1,0,0
2036,86,1,0,0
2037,53,1,0,0
2038,97,1,0,0
2039,23,1,0,0
2040,22,1,0,0
2041,21,1,0,0
2042,79,1,0,0
2043,98,1,0,0
2044,102,1,0,0
2045,45,1,0,0
2046,56,1,0,0
2047,114,1,0,0
2048,50,1,0,0
2049,71,1,0,0
2050,15,1,0,0
2051,77,1,0,0
2052,12,1,0,0
2053,20,1,0,0
2054,56,1,0,0
2055,178,1,0,0
2056,106,1,0,0
2057,40,1,0,0
2058,301,1,0,0
2059,28,1,0,0
2060,43,1,0,0
2061,30,1,0,0
2062,27,1,0,0
2063,70,1,0,0
2064,11,1,0,0
2065,106,1,0,0
2066,32,1,0,0
2067,47,1,0,0
2068,63,1,0,0
2069,47,1,0,0
2070,159,1,0,0
2071,52,1,0,0
2072,130,1,0,0
2073,117,1,0,0
2074,55,1,0,0
2075,30,1,0,0
2076,78,1,0,0
2077,13,1,0,0
2078,26,1,0,0
2079,49,1,0,0
2080,28,1,0,0
2081,116,1,0,0
2082,33,1,0,0
2083,49,1,0,0
2084,88,1,0,0
2085,59,1,0,0
2086,56,1,0,0
2087,21,1,0,0
2088,46,1,0,0
2089,65,1,0,0
2090,72,1,0,0
2091,60,1,0,0
2092,76,1,0,0
2093,47,1,0,0
2094,21,1,0,0
2095,137,1,0,0
2096,64,1,0,0
2097,338,1,0,0
2098,117,1,0,0
2099,44,1,0,0
2100,9,1,0,0
2101,13,1,0,0
2102,43,1,0,0
2103,136,1,0,0
2104,78,1,0,0
2105,151,1,0,0
2106,26,1,0,0
2107,20,1,0,0
2108,37,1,0,0
2109,64,1,0,0
2110,74,1,0,0
2111,90,1,0,0
2112,18,1,0,0
2113,70,1,0,0
2114,74,1,0,0
2115,63,1,0,0
2116,188,1,0,0
2117,184,1,0,0
2118,76,1,0,0
2119,194,1,0,0
2120,20,1,0,0
2121,104,1,0,0
2122,83,1,0,0
2123,40,1,0,0
2124,15,1,0,0
2125,54,1,0,0
2126,42,1,0,0
2127,106,1,0,0
2128,158,1,0,0
2129,35,1,0,0
2130,54,1,0,0
2131,41,1,0,0
2132,65,1,0,0
2133,40,1,0,0
2134,123,1,0,0
2135,33,1,0,0
2136,125,1,0,0
2137,125,1,0,0
2138,20,1,0,0
2139,56,1,0,0
2140,77,1,0,0
2141,39,1,0,0
2142,39,1,0,0
2143,41,1,0,0
2144,155,1,0,0
2145,79,1,0,0
2146,19,1,0,0
2147,17,1,0,0
2148,178,1,0,0
2149,114,1,0,0
2150,213,1,0,0
2151,74,1,0,0
2152,129,1,0,0
2153,34,1,0,0
2154,69,1,0,0
2155,88,1,0,0
2156,106,1,0,0
2157,43,1,0,0
2158,97,1,0,0
2159,74,1,0,0
2160,107,1,0,0
2161,56,1,0,0
2162,24,1,0,0
2163,92,1,0,0
2164,41,1,0,0
2165,29,1,0,0
2166,31,1,0,0
2167,96,1,0,0
2168,43,1,0,0
2169,35,1,0,0
2170,216,1,0,0
2171,27,1,0,0
2172,13,1,0,0
2173,149,1,0,0
2174,198,1,0,0
2175,71,1,0,0
2176,45,1,0,0
2177,92,1,0,0
2178,19,1,0,0
2179,38,1,0,0
2180,69,1,0,0
2181,109,1,0,0
2182,37,1,0,0
2183,37,1,0,0
2184,57,1,0,0
2185,103,1,0,0
2186,27,1,0,0
2187,64,1,0,0
2188,83,1,0,0
2189,36,1,0,0
2190,115,1,0,0
2191,52,1,0,0
2192,13,1,0,0
2193,12,1,0,0
2194,25,1,0,0
2195,7,1,0,0
2196,19,1,0,0
2197,17,1,0,0
2198,69,1,0,0
2199,21,1,0,0
2200,44,1,0,0
2201,71,1,0,0
2202,147,1,0,0
2203,21,1,0,0
2204,45,1,0,0
2205,10,1,0,0
2206,76,1,0,0
2207,26,1,0,0
2208,98,1,0,0
2209,43,1,0,0
2210,28,1,0,0
2211,98,1,0,0
2212,89,1,0,0
2213,47,1,0,0
2214,59,1,0,0
2215,85,1,0,0
2216,300,1,0,0
2217,33,1,0,0
2218,82,1,0,0
2219,47,1,0,0
2220,30,1,0,0
2221,84,1,0,0
2222,11,1,0,0
2223,67,1,0,0
2224,127,1,0,0
2225,70,1,0,0
2226,47,1,0,0
2227,155,1,0,0
2228,61,1,0,0
2229,33,1,0,0
2230,27,1,0,0
2231,55,1,0,0
2232,107,1,0,0
2233,40,1,0,0
2234,55,1,0,0
2235,67,1,0,0
2236,47,1,0,0
2237,133,1,0,0
2238,104,1,0,0
2239,56,1,0,0
2240,17,1,0,0
2241,23,1,0,0
2242,57,1,0,0
2243,61,1,0,0
2244,121,1,0,0
2245,64,1,0,0
2246,116,1,0,0
2247,37,1,0,0
2248,60,1,0,0
2249,36,1,0,0
2250,59,1,0,0
2251,55,1,0,0
2252,58,1,0,0
2253,74,1,0,0
2254,43,1,0,0
2255,15,1,0,0
2256,56,1,0,0
2257,121,1,0,0
2258,11,1,0,0
2259,35,1,0,0
2260,28,1,0,0
2261,57,1,0,0
2262,61,1,0,0
2263,29,1,0,0
2264,41,1,0,0
2265,16,1,0,0
2266,56,1,0,0
2267,91,1,0,0
2268,85,1,0,0
2269,34,1,0,0
2270,18,1,0,0
2271,71,1,0,0
2272,27,1,0,0
2273,51,1,0,0
2274,29,1,0,0
2275,287,1,0,0
2276,100,1,0,0
2277,23,1,0,0
2278,34,1,0,0
2279,72,1,0,0
2280,35,1,0,0
2281,138,1,0,0
2282,41,1,0,0
2283,119,1,0,0
2284,87,1,0,0
2285,35,1,0,0
2286,32,1,0,0
2287,66,1,0,0
2288,30,1,0,0
2289,128,1,0,0
2290,50,1,0,0
2291,42,1,0,0
2292,34,1,0,0
2293,39,1,0,0
2294,80,1,0,0
2295,53,1,0,0
2296,59,1,0,0
2297,36,1,0,0
2298,93,1,0,0
2299,11,1,0,0
2300,119,1,0,0
2301,72,1,0,0
2302,26,1,0,0
2303,70,1,0,0
2304,83,1,0,0
2305,109,1,0,0
2306,62,1,0,0
2307,13,1,0,0
2308,128,1,0,0
2309,33,1,0,0
2310,35,1,0,0
2311,10,1,0,0
2312,38,1,0,0
2313,15,1,0,0
2314,27,1,0,0
2315,71,1,0,0
2316,29,1,0,0
2317,41,1,0,0
2318,101,1,0,0
2319,56,1,0,0
2320,35,1,0,0
2321,98,1,0,0
2322,149,1,0,0
2323,72,1,0,0
2324,59,1,0,0
2325,24,1,0,0
2326,54,1,0,0
2327,61,1,0,0
2328,72,1,0,0
2329,61,1,0,0
2330,68,1,0,0
2331,108,1,0,0
2332,16,1,0,0
2333,60,1,0,0
2334,107,1,0,0
2335,66,1,0,0
2336,43,1,0,0
2337,29,1,0,0
2338,136,1,0,0
2339,44,1,0,0
2340,63,1,0,0
2341,55,1,0,0
2342,148,1,0,0
2343,75,1,0,0
2344,65,1,0,0
2345,18,1,0,0
2346,50,1,0,0
2347,130,1,0,0
2348,38,1,0,0
2349,123,1,0,0
2350,19,1,0,0
2351,113,1,0,0
2352,40,1,0,0
2353,97,1,0,0
2354,13,1,0,0
2355,73,1,0,0
2356,66,1,0,0
2357,25,1,0,0
2358,33,1,0,0
2359,34,1,0,0
2360,17,1,0,0
2361,176,1,0,0
2362,44,1,0,0
2363,15,1,0,0
2364,20,1,0,0
2365,26,1,0,0
2366,15,1,0,0
2367,103,1,0,0
2368,29,1,0,0
2369,263,1,0,0
2370,59,1,0,0
2371,188,1,0,0
2372,48,1,0,0
2373,172,1,0,0
2374,60,1,0,0
2375,61,1,0,0
2376,44,1,0,0
2377,120,1,0,0
2378,250,1,0,0
2379,40,1,0,0
2380,46,1,0,0
2381,73,1,0,0
2382,32,1,0,0
2383,60,1,0,0
2384,148,1,0,0
2385,37,1,0,0
2386,129,1,0,0
2387,144,1,0,0
2388,15,1,0,0
2389,100,1,0,0
2390,18,1,0,0
2391,39,1,0,0
2392,93,1,0,0
2393,48,1,0,0
2394,25,1,0,0
2395,56,1,0,0
2396,21,1,0,0
2397,41,1,0,0
2398,46,1,0,0
2399,100,1,0,0
2400,39,1,0,0
2401,72,1,0,0
2402,29,1,0,0
2403,83,1,0,0
2404,119,1,0,0
2405,82,1,0,0
2406,60,1,0,0
2407,56,1,0,0
2408,120,1,0,0
2409,138,1,0,0
2410,165,1,0,0
2411,28,1,0,0
2412,24,1,0,0
2413,51,1,0,0
2414,125,1,0,0
2415,31,1,0,0
2416,63,1,0,0
2417,29,1,0,0
2418,133,1,0,0
2419,22,1,0,0
2420,123,1,0,0
2421,53,1,0,0
2422,95,1,0,0
2423,38,1,0,0
2424,82,1,0,0
2425,23,1,0,0
2426,39,1,0,0
2427,23,1,0,0
2428,39,1,0,0
2429,21,1,0,0
2430,37,1,0,0
2431,21,1,0,0
2432,34,1,0,0
2433,37,1,0,0
2434,87,1,0,0
2435,64,1,0,0
2436,161,1,0,0
2437,82,1,0,0
2438,86,1,0,0
2439,69,1,0,0
2440,103,1,0,0
2441,52,1,0,0
2442,22,1,0,0
2443,138,1,0,0
2444,84,1,0,0
2445,46,1,0,0
2446,13,1,0,0
2447,78,1,0,0
2448,60,1,0,0
2449,48,1,0,0
2450,17,1,0,0
2451,17,1,0,0
2452,48,1,0,0
2453,88,1,0,0
2454,105,1,0,0
2455,135,1,0,0
2456,29,1,0,0
2457,119,1,0,0
2458,71,1,0,0
2459,39,1,0,0
2460,36,1,0,0
2461,18,1,0,0
2462,42,1,0,0
2463,50,1,0,0
2464,64,1,0,0
2465,106,1,0,0
2466,31,1,0,0
2467,87,1,0,0
2468,241,1,0,0
2469,33,1,0,0
2470,22,1,0,0
2471,35,1,0,0
2472,95,1,0,0
2473,60,1,0,0
2474,65,1,0,0
2475,17,1,0,0
2476,77,1,0,0
2477,87,1,0,0
2478,182,1,0,0
2479,63,1,0,0
2480,61,1,0,0
2481,59,1,0,0
2482,50,1,0,0
2483,14,1,0,0
2484,31,1,0,0
2485,59,1,0,0
2486,22,1,0,0
2487,72,1,0,0
2488,27,1,0,0
2489,65,1,0,0
2490,44,1,0,0
2491,60,1,0,0
2492,17,1,0,0
2493,29,1,0,0
2494,42,1,0,0
2495,190,1,0,0
2496,31,1,0,0
2497,69,1,0,0
2498,55,1,0,0
2499,85,1,0,0
2500,189,1,0,0
2501,100,1,0,0
2502,42,1,0,0
2503,20,1,0,0
2504,87,1,0,0
2505,68,1,0,0
2506,134,1,0,0
2507,50,1,0,0
2508,47,1,0,0
2509,108,1,0,0
2510,20,1,0,0
2511,32,1,0,0
2512,70,1,0,0
2513,66,1,0,0
2514,129,1,0,0
2515,42,1,0,0
2516,107,1,0,0
2517,18,1,0,0
2518,87,1,0,0
2519,30,1,0,0
2520,86,1,0,0
2521,47,1,0,0
2522,41,1,0,0
2523,9,1,0,0
2524,97,1,0,0
2525,279,1,0,0
2526,140,1,0,0
2527,71,1,0,0
2528,26,1,0,0
2529,33,1,0,0
2530,15,1,0,0
2531,121,1,0,0
2532,30,1,0,0
2533,292,1,0,0
2534,47,1,0,0
2535,91,1,0,0
2536,90,1,0,0
2537,138,1,0,0
2538,94,1,0,0
2539,52,1,0,0
2540,94,1,0,0
2541,48,1,0,0
2542,95,1,0,0
2543,73,1,0,0
2544,54,1,0,0
2545,107,1,0,0
2546,13,1,0,0
2547,119,1,0,0
2548,29,1,0,0
2549,111,1,0,0
2550,41,1,0,0
2551,7,1,0,0
2552,75,1,0,0
2553,18,1,0,0
2554,62,1,0,0
2555,35,1,0,0
2556,41,1,0,0
2557,58,1,0,0
2558,87,1,0,0
2559,87,1,0,0
2560,138,1,0,0
2561,48,1,0,0
2562,66,1,0,0
2563,51,1,0,0
2564,23,1,0,0
2565,80,1,0,0
2566,40,1,0,0
2567,211,1,0,0
2568,26,1,0,0
2569,82,1,0,0
2570,86,1,0,0
2571,94,1,0,0
2572,159,1,0,0
2573,167,1,0,0
2574,42,1,0,0
2575,21,1,0,0
2576,107,1,0,0
2577,84,1,0,0
2578,146,1,0,0
2579,64,1,0,0
2580,81,1,0,0
2581,74,1,0,0
2582,67,1,0,0
2583,91,1,0,0
2584,30,1,0,0
2585,19,1,0,0
2586,130,1,0,0
2587,29,1,0,0
2588,62,1,0,0
2589,67,1,0,0
2590,16,1,0,0
2591,207,1,0,0
2592,33,1,0,0
2593,44,1,0,0
2594,43,1,0,0
2595,16,1,0,0
2596,32,1,0,0
2597,33,1,0,0
2598,30,1,0,0
2599,21,1,0,0
2600,25,1,0,0
2601,37,1,0,0
2602,23,1,0,0
2603,118,1,0,0
2604,9,1,0,0
2605,73,1,0,0
2606,142,1,0,0
2607,22,1,0,0
2608,30,1,0,0
2609,29,1,0,0
2610,36,1,0,0
2611,42,1,0,0
2612,31,1,0,0
2613,44,1,0,0
2614,13,1,0,0
2615,99,1,0,0
2616,33,1,0,0
2617,280,1,0,0
2618,84,1,0,0
2619,200,1,0,0
2620,19,1,0,0
2621,26,1,0,0
2622,56,1,0,0
2623,77,1,0,0
2624,94,1,0,0
2625,13,1,0,0
2626,66,1,0,0
2627,187,1,0,0
2628,42,1,0,0
2629,92,1,0,0
2630,16,1,0,0
2631,66,1,0,0
2632,32,1,0,0
2633,32,1,0,0
2634,22,1,0,0
2635,48,1,0,0
2636,76,1,0,0
2637,33,1,0,0
2638,49,1,0,0
2639,16,1,0,0
2640,58,1,0,0
2641,91,1,0,0
2642,78,1,0,0
2643,43,1,0,0
2644,20,1,0,0
2645,25,1,0,0
2646,55,1,0,0
2647,104,1,0,0
2648,92,1,0,0
2649,117,1,0,0
2650,43,1,0,0
2651,13,1,0,0
2652,18,1,0,0
2653,48,1,0,0
2654,62,1,0,0
2655,85,1,0,0
2656,23,1,0,0
2657,177,1,0,0
2658,52,1,0,0
2659,38,1,0,0
2660,41,1,0,0
2661,56,1,0,0
2662,46,1,0,0
2663,69,1,0,0
2664,54,1,0,0
2665,84,1,0,0
2666,25,1,0,0
2667,80,1,0,0
2668,28,1,0,0
2669,9,1,0,0
2670,30,1,0,0
2671,142,1,0,0
2672,28,1,0,0
2673,240,1,0,0
2674,46,1,0,0
2675,63,1,0,0
2676,104,1,0,0
2677,19,1,0,0
2678,18,1,0,0
2679,55,1,0,0
2680,44,1,0,0
2681,21,1,0,0
2682,9,1,0,0
2683,224,1,0,0
2684,64,1,0,0
2685,66,1,0,0
2686,26,1,0,0
2687,97,1,0,0
2688,88,1,0,0
2689,69,1,0,0
2690,132,1,0,0
2691,49,1,0,0
2692,220,1,0,0
2693,27,1,0,0
2694,137,1,0,0
2695,34,1,0,0
2696,12,1,0,0
2697,53,1,0,0
2698,59,1,0,0
2699,52,1,0,0
2700,123,1,0,0
2701,39,1,0,0
2702,124,1,0,0
2703,11,1,0,0
2704,29,1,0,0
2705,86,1,0,0
2706,40,1,0,0
2707,31,1,0,0
2708,26,1,0,0
2709,43,1,0,0
2710,23,1,0,0
2711,37,1,0,0
2712,53,1,0,0
2713,41,1,0,0
2714,137,1,0,0
2715,80,1,0,0
2716,28,1,0,0
2717,56,1,0,0
2718,107,1,0,0
2719,22,1,0,0
2720,59,1,0,0
2721,122,1,0,0
2722,54,1,0,0
2723,32,1,0,0
2724,25,1,0,0
2725,211,1,0,0
2726,36,1,0,0
2727,41,1,0,0
2728,47,1,0,0
2729,38,1,0,0
2730,43,1,0,0
2731,133,1,0,0
2732,24,1,0,0
2733,35,1,0,0
2734,81,1,0,0
2735,64,1,0,0
2736,209,1,0,0
2737,51,1,0,0
2738,41,1,0,0
2739,41,1,0,0
2740,39,1,0,0
2741,216,1,0,0
2742,48,1,0,0
2743,29,1,0,0
2744,24,1,0,0
2745,59,1,0,0
2746,158,1,0,0
2747,29,1,0,0
2748,103,1,0,0
2749,105,1,0,0
2750,41,1,0,0
2751,71,1,0,0
2752,103,1,0,0
2753,77,1,0,0
2754,38,1,0,0
2755,86,1,0,0
2756,96,1,0,0
2757,38,1,0,0
2758,133,1,0,0
2759,27,1,0,0
2760,38,1,0,0
2761,40,1,0,0
2762,103,1,0,0
2763,24,1,0,0
2764,29,1,0,0
2765,55,1,0,0
2766,201,1,0,0
2767,68,1,0,0
2768,133,1,0,0
2769,81,1,0,0
2770,39,1,0,0
2771,31,1,0,0
2772,41,1,0,0
2773,113,1,0,0
2774,294,1,0,0
2775,41,1,0,0
2776,27,1,0,0
2777,31,1,0,0
2778,99,1,0,0
2779,62,1,0,0
2780,99,1,0,0
2781,21,1,0,0
2782,49,1,0,0
2783,15,1,0,0
2784,54,1,0,0
2785,161,1,0,0
2786,88,1,0,0
2787,121,1,0,0
2788,257,1,0,0
2789,92,1,0,0
2790,50,1,0,0
2791,81,1,0,0
2792,60,1,0,0
2793,77,1,0,0
2794,38,1,0,0
2795,17,1,0,0
2796,89,1,0,0
2797,117,1,0,0
2798,51,1,0,0
2799,91,1,0,0
2800,37,1,0,0
2801,31,1,0,0
2802,44,1,0,0
2803,49,1,0,0
2804,58,1,0,0
2805,172,1,0,0
2806,129,1,0,0
2807,40,1,0,0
2808,50,1,0,0
2809,119,1,0,0
2810,61,1,0,0
2811,135,1,0,0
2812,96,1,0,0
2813,57,1,0,0
2814,90,1,0,0
2815,56,1,0,0
2816,22,1,0,0
2817,31,1,0,0
2818,98,1,0,0
2819,189,1,0,0
2820,54,1,0,0
2821,108,1,0,0
2822,89,1,0,0
2823,106,1,0,0
2824,73,1,0,0
2825,50,1,0,0
2826,92,1,0,0
2827,50,1,0,0
2828,17,1,0,0
2829,147,1,0,0
2830,42,1,0,0
2831,31,1,0,0
2832,204,1,0,0
2833,29,1,0,0
2834,16,1,0,0
2835,26,1,0,0
2836,18,1,0,0
2837,8,1,0,0
2838,30,1,0,0
2839,16,1,0,0
2840,76,1,0,0
2841,54,1,0,0
2842,91,1,0,0
2843,36,1,0,0
2844,80,1,0,0
2845,229,1,0,0
2846,130,1,0,0
2847,45,1,0,0
2848,22,1,0,0
2849,50,1,0,0
2850,148,1,0,0
2851,58,1,0,0
2852,77,1,0,0
2853,42,1,0,0
2854,20,1,0,0
2855,141,1,0,0
2856,29,1,0,0
2857,82,1,0,0
2858,23,1,0,0
2859,141,1,0,0
2860,39,1,0,0
2861,58,1,0,0
2862,46,1,0,0
2863,73,1,0,0
2864,22,1,0,0
2865,27,1,0,0
2866,32,1,0,0
2867,104,1,0,0
2868,27,1,0,0
2869,92,1,0,0
2870,172,1,0,0
2871,23,1,0,0
2872,61,1,0,0
2873,151,1,0,0
2874,55,1,0,0
2875,26,1,0,0
2876,25,1,0,0
2877,24,1,0,0
2878,128,1,0,0
2879,99,1,0,0
2880,76,1,0,0
2881,76,1,0,0
2882,140,1,0,0
2883,113,1,0,0
2884,81,1,0,0
2885,24,1,0,0
2886,151,1,0,0
2887,59,1,0,0
2888,17,1,0,0
2889,35,1,0,0
2890,175,1,0,0
2891,24,1,0,0
2892,38,1,0,0
2893,228,1,0,0
2894,103,1,0,0
2895,154,1,0,0
2896,73,1,0,0
2897,155,1,0,0
2898,10,1,0,0
2899,117,1,0,0
2900,92,1,0,0
2901,210,1,0,0
2902,66,1,0,0
2903,84,1,0,0
2904,118,1,0,0
2905,80,1,0,0
2906,119,1,0,0
2907,92,1,0,0
2908,57,1,0,0
2909,73,1,0,0
2910,40,1,0,0
2911,56,1,0,0
2912,58,1,0,0
2913,43,1,0,0
2914,17,1,0,0
2915,41,1,0,0
2916,78,1,0,0
2917,129,1,0,0
2918,146,1,0,0
2919,40,1,0,0
2920,48,1,0,0
2921,141,1,0,0
2922,62,1,0,0
2923,60,1,0,0
2924,110,1,0,0
2925,99,1,0,0
2926,94,1,0,0
2927,140,1,0,0
2928,50,1,0,0
2929,90,1,0,0
2930,68,1,0,0
2931,133,1,0,0
2932,123,1,0,0
2933,68,1,0,0
2934,44,1,0,0
2935,125,1,0,0
2936,50,1,0,0
2937,96,1,0,0
2938,58,1,0,0
2939,51,1,0,0
2940,39,1,0,0
2941,100,1,0,0
2942,72,1,0,0
2943,39,1,0,0
2944,37,1,0,0
2945,90,1,0,0
2946,59,1,0,0
2947,171,1,0,0
2948,130,1,0,0
2949,20,1,0,0
2950,25,1,0,0
2951,39,1,0,0
2952,134,1,0,0
2953,31,1,0,0
2954,69,1,0,0
2955,54,1,0,0
2956,35,1,0,0
2957,169,1,0,0
2958,37,1,0,0
2959,155,1,0,0
2960,65,1,0,0
2961,91,1,0,0
2962,35,1,0,0
2963,26,1,0,0
2964,204,1,0,0
2965,15,1,0,0
2966,74,1,0,0
2967,65,1,0,0
2968,26,1,0,0
2969,170,1,0,0
2970,17,1,0,0
2971,70,1,0,0
2972,208,1,0,0
2973,204,1,0,0
2974,36,1,0,0
2975,258,1,0,0
2976,32,1,0,0
2977,88,1,0,0
2978,148,1,0,0
2979,104,1,0,0
2980,36,1,0,0
2981,51,1,0,0
2982,14,1,0,0
2983,278,1,0,0
2984,33,1,0,0
2985,81,1,0,0
2986,22,1,0,0
2987,61,1,0,0
2988,60,1,0,0
2989,43,1,0,0
2990,59,1,0,0
2991,81,1,0,0
2992,45,1,0,0
2993,66,1,0,0
2994,88,1,0,0
2995,65,1,0,0
2996,46,1,0,0
2997,38,1,0,0
2998,44,1,0,0
2999,67,1,0,0
3000,9,1,0,0
3001,45,1,0,0
3002,71,1,0,0
3003,83,1,0,0
3004,137,1,0,0
3005,33,1,0,0
3006,187,1,0,0
3007,72,1,0,0
3008,54,1,0,0
3009,23,1,0,0
3010,87,1,0,0
3011,154,1,0,0
3012,176,1,0,0
3013,235,1,0,0
3014,160,1,0,0
3015,61,1,0,0
3016,68,1,0,0
3017,44,1,0,0
3018,60,1,0,0
3019,97,1,0,0
3020,221,1,0,0
3021,16,1,0,0
3022,37,1,0,0
3023,27,1,0,0
3024,70,1,0,0
3025,76,1,0,0
3026,46,1,0,0
3027,32,1,0,0
3028,29,1,0,0
3029,135,1,0,0
3030,42,1,0,0
3031,59,1,0,0
3032,192,1,0,0
3033,29,1,0,0
3034,15,1,0,0
3035,33,1,0,0
3036,174,1,0,0
3037,116,1,0,0
3038,189,1,0,0
3039,30,1,0,0
3040,83,1,0,0
3041,48,1,0,0
3042,113,1,0,0
3043,18,1,0,0
3044,165,1,0,0
3045,175,1,0,0
3046,44,1,0,0
3047,119,1,0,0
3048,58,1,0,0
3049,107,1,0,0
3050,61,1,0,0
3051,98,1,0,0
3052,14,1,0,0
3053,83,1,0,0
3054,63,1,0,0
3055,67,1,0,0
3056,138,1,0,0
3057,145,1,0,0
3058,15,1,0,0
3059,23,1,0,0
3060,60,1,0,0
3061,41,1,0,0
3062,44,1,0,0
3063,72,1,0,0
3064,83,1,0,0
3065,49,1,0,0
3066,48,1,0,0
3067,19,1,0,0
3068,111,1,0,0
3069,35,1,0,0
3070,59,1,0,0
3071,57,1,0,0
3072,54,1,0,0
3073,64,1,0,0
3074,242,1,0,0
3075,41,1,0,0
3076,150,1,0,0
3077,43,1,0,0
3078,122,1,0,0
3079,27,1,0,0
3080,118,1,0,0
3081,53,1,0,0
3082,105,1,0,0
3083,58,1,0,0
3084,117,1,0,0
3085,90,1,0,0
3086,130,1,0,0
3087,56,1,0,0
3088,37,1,0,0
3089,61,1,0,0
3090,17,1,0,0
3091,171,1,0,0
3092,45,1,0,0
3093,36,1,0,0
3094,8,1,0,0
3095,65,1,0,0
3096,33,1,0,0
3097,64,1,0,0
3098,77,1,0,0
3099,71,1,0,0
3100,35,1,0,0
3101,21,1,0,0
3102,69,1,0,0
3103,34,1,0,0
3104,105,1,0,0
3105,99,1,0,0
3106,53,1,0,0
3107,30,1,0,0
3108,146,1,0,0
3109,224,1,0,0
3110,38,1,0,0
3111,167,1,0,0
3112,24,1,0,0
3113,105,1,0,0
3114,33,1,0,0
3115,146,1,0,0
3116,26,1,0,0
3117,51,1,0,0
3118,20,1,0,0
3119,219,1,0,0
3120,49,1,0,0
3121,104,1,0,0
3122,96,1,0,0
3123,20,1,0,0
3124,89,1,0,0
3125,85,1,0,0
3126,84,1,0,0
3127,37,1,0,0
3128,214,1,0,0
3129,39,1,0,0
3130,236,1,0,0
3131,164,1,0,0
3132,169,1,0,0
3133,25,1,0,0
3134,130,1,0,0
3135,109,1,0,0
3136,127,1,0,0
3137,19,1,0,0
3138,26,1,0,0
3139,17,1,0,0
3140,26,1,0,0
3141,361,1,0,0
3142,47,1,0,0
3143,78,1,0,0
3144,22,1,0,0
3145,50,1,0,0
3146,30,1,0,0
3147,50,1,0,0
3148,14,1,0,0
3149,168,1,0,0
3150,94,1,0,0
3151,25,1,0,0
3152,41,1,0,0
3153,32,1,0,0
3154,138,1,0,0
3155,61,1,0,0
3156,54,1,0,0
3157,77,1,0,0
3158,22,1,0,0
3159,164,1,0,0
3160,247,1,0,0
3161,57,1,0,0
3162,154,1,0,0
3163,48,1,0,0
3164,46,1,0,0
3165,27,1,0,0
3166,32,1,0,0
3167,67,1,0,0
3168,14,1,0,0
3169,10,1,0,0
3170,49,1,0,0
3171,58,1,0,0
3172,28,1,0,0
3173,101,1,0,0
3174,122,1,0,0
3175,22,1,0,0
3176,78,1,0,0
3177,22,1,0,0
3178,98,1,0,0
3179,110,1,0,0
3180,164,1,0,0
3181,46,1,0,0
3182,229,1,0,0
3183,122,1,0,0
3184,60,1,0,0
3185,23,1,0,0
3186,115,1,0,0
3187,72,1,0,0
3188,49,1,0,0
3189,15,1,0,0
3190,30,1,0,0
3191,100,1,0,0
3192,123,1,0,0
3193,59,1,0,0
3194,109,1,0,0
3195,17,1,0,0
3196,11,1,0,0
3197,43,1,0,0
3198,23,1,0,0
3199,175,1,0,0
3200,67,1,0,0
3201,164,1,0,0
3202,95,1,0,0
3203,30,1,0,0
3204,22,1,0,0
3205,35,1,0,0
3206,67,1,0,0
3207,21,1,0,0
3208,21,1,0,0
3209,50,1,0,0
3210,111,1,0,0
3211,51,1,0,0
3212,104,1,0,0
3213,38,1,0,0
3214,48,1,0,0
3215,26,1,0,0
3216,37,1,0,0
3217,82,1,0,0
3218,9,1,0,0
3219,46,1,0,0
3220,31,1,0,0
3221,75,1,0,0
3222,12,1,0,0
3223,40,1,0,0
3224,41,1,0,0
3225,110,1,0,0
3226,48,1,0,0
3227,120,1,0,0
3228,86,1,0,0
3229,50,1,0,0
3230,27,1,0,0
3231,32,1,0,0
3232,47,1,0,0
3233,43,1,0,0
3234,92,1,0,0
3235,39,1,0,0
3236,53,1,0,0
3237,164,1,0,0
3238,32,1,0,0
3239,79,1,0,0
3240,74,1,0,0
3241,25,1,0,0
3242,294,1,0,0
3243,118,1,0,0
3244,28,1,0,0
3245,176,1,0,0
3246,27,1,0,0
3247,44,1,0,0
3248,70,1,0,0
3249,135,1,0,0
3250,140,1,0,0
3251,90,1,0,0
3252,64,1,0,0
3253,30,1,0,0
3254,94,1,0,0
3255,42,1,0,0
3256,80,1,0,0
3257,38,1,0,0
3258,73,1,0,0
3259,30,1,0,0
3260,14,1,0,0
3261,38,1,0,0
3262,78,1,0,0
3263,121,1,0,0
3264,91,1,0,0
3265,116,1,0,0
3266,28,1,0,0
3267,47,1,0,0
3268,139,1,0,0
3269,29,1,0,0
3270,36,1,0,0
3271,57,1,0,0
3272,68,1,0,0
3273,163,1,0,0
3274,10,1,0,0
3275,43,1,0,0
3276,12,1,0,0
3277,209,1,0,0
3278,120,1,0,0
3279,37,1,0,0
3280,58,1,0,0
3281,75,1,0,0
3282,12,1,0,0
3283,64,1,0,0
3284,208,1,0,0
3285,67,1,0,0
3286,263,1,0,0
3287,40,1,0,0
3288,83,1,0,0
3289,48,1,0,0
3290,25,1,0,0
3291,20,1,0,0
3292,36,1,0,0
3293,76,1,0,0
3294,46,1,0,0
3295,75,1,0,0
3296,75,1,0,0
3297,19,1,0,0
3298,43,1,0,0
3299,7,1,0,0
3300,77,1,0,0
3301,24,1,0,0
3302,25,1,0,0
3303,31,1,0,0
3304,76,1,0,0
3305,53,1,0,0
3306,24,1,0,0
3307,48,1,0,0
3308,27,1,0,0
3309,21,1,0,0
3310,38,1,0,0
3311,20,1,0,0
3312,16,1,0,0
3313,72,1,0,0
3314,16,1,0,0
3315,39,1,0,0
3316,87,1,0,0
3317,149,1,0,0
3318,21,1,0,0
3319,102,1,0,0
3320,32,1,0,0
3321,137,1,0,0
3322,14,1,0,0
3323,43,1,0,0
3324,95,1,0,0
3325,81,1,0,0
3326,16,1,0,0
3327,141,1,0,0
3328,92,1,0,0
3329,106,1,0,0
3330,65,1,0,0
3331,34,1,0,0
3332,29,1,0,0
3333,110,1,0,0
3334,80,1,0,0
3335,70,1,0,0
3336,68,1,0,0
3337,61,1,0,0
3338,79,1,0,0
3339,14,1,0,0
3340,31,1,0,0
3341,49,1,0,0
3342,59,1,0,0
3343,37,1,0,0
3344,71,1,0,0
3345,35,1,0,0
3346,55,1,0,0
3347,105,1,0,0
3348,47,1,0,0
3349,44,1,0,0
3350,28,1,0,0
3351,49,1,0,0
3352,164,1,0,0
3353,20,1,0,0
3354,16,1,0,0
3355,28,1,0,0
3356,31,1,0,0
3357,16,1,0,0
3358,16,1,0,0
3359,26,1,0,0
3360,71,1,0,0
3361,106,1,0,0
3362,69,1,0,0
3363,56,1,0,0
3364,74,1,0,0
3365,99,1,0,0
3366,77,1,0,0
3367,46,1,0,0
3368,98,1,0,0
3369,99,1,0,0
3370,56,1,0,0
3371,71,1,0,0
3372,57,1,0,0
3373,40,1,0,0
3374,95,1,0,0
3375,29,1,0,0
3376,59,1,0,0
3377,24,1,0,0
3378,97,1,0,0
3379,51,1,0,0
3380,119,1,0,0
3381,63,1,0,0
3382,40,1,0,0
3383,72,1,0,0
3384,39,1,0,0
3385,80,1,0,0
3386,40,1,0,0
3387,15,1,0,0
3388,47,1,0,0
3389,25,1,0,0
3390,74,1,0,0
3391,76,1,0,0
3392,9,1,0,0
3393,21,1,0,0
3394,31,1,0,0
3395,33,1,0,0
3396,91,1,0,0
3397,82,1,0,0
3398,46,1,0,0
3399,94,1,0,0
3400,125,1,0,0
3401,62,1,0,0
3402,112,1,0,0
3403,9,1,0,0
3404,70,1,0,0
3405,85,1,0,0
3406,30,1,0,0
3407,38,1,0,0
3408,18,1,0,0
3409,57,1,0,0
3410,117,1,0,0
3411,73,1,0,0
3412,106,1,0,0
3413,43,1,0,0
3414,141,1,0,0
3415,87,1,0,0
3416,80,1,0,0
3417,52,1,0,0
3418,94,1,0,0
3419,67,1,0,0
3420,27,1,0,0
3421,39,1,0,0
3422,73,1,0,0
3423,80,1,0,0
3424,151,1,0,0
3425,58,1,0,0
3426,137,1,0,0
3427,57,1,0,0
3428,146,1,0,0
3429,65,1,0,0
3430,29,1,0,0
3431,48,1,0,0
3432,37,1,0,0
3433,68,1,0,0
3434,33,1,0,0
3435,89,1,0,0
3436,30,1,0,0
3437,111,1,0,0
3438,49,1,0,0
3439,22,1,0,0
3440,95,1,0,0
3441,147,1,0,0
3442,75,1,0,0
3443,52,1,0,0
3444,26,1,0,0
3445,154,1,0,0
3446,83,1,0,0
3447,15,1,0,0
3448,19,1,0,0
3449,77,1,0,0
3450,22,1,0,0
3451,168,1,0,0
3452,14,1,0,0
3453,47,1,0,0
3454,106,1,0,0
3455,179,1,0,0
3456,35,1,0,0
3457,148,1,0,0
3458,39,1,0,0
3459,80,1,0,0
3460,21,1,0,0
3461,101,1,0,0
3462,87,1,0,0
3463,61,1,0,0
3464,154,1,0,0
3465,12,1,0,0
3466,117,1,0,0
3467,18,1,0,0
3468,65,1,0,0
3469,87,1,0,0
3470,59,1,0,0
3471,61,1,0,0
3472,113,1,0,0
3473,16,1,0,0
3474,80,1,0,0
3475,109,1,0,0
3476,100,1,0,0
3477,64,1,0,0
3478,120,1,0,0
3479,79,1,0,0
3480,49,1,0,0
3481,40,1,0,0
3482,111,1,0,0
3483,104,1,0,0
3484,7,1,0,0
3485,42,1,0,0
3486,98,1,0,0
3487,46,1,0,0
3488,74,1,0,0
3489,88,1,0,0
3490,195,1,0,0
3491,45,1,0,0
3492,46,1,0,0
3493,219,1,0,0
3494,31,1,0,0
3495,138,1,0,0
3496,41,1,0,0
3497,176,1,0,0
3498,52,1,0,0
3499,217,1,0,0
3500,83,1,0,0
3501,113,1,0,0
3502,12,1,0,0
3503,67,1,0,0
3504,44,1,0,0
3505,28,1,0,0
3506,62,1,0,0
3507,32,1,0,0
3508,136,1,0,0
3509,24,1,0,0
3510,34,1,0,0
3511,150,1,0,0
3512,73,1,0,0
3513,55,1,0,0
3514,113,1,0,0
3515,31,1,0,0
3516,26,1,0,0
3517,33,1,0,0
3518,25,1,0,0
3519,104,1,0,0
3520,84,1,0,0
3521,52,1,0,0
3522,102,1,0,0
3523,35,1,0,0
3524,18,1,0,0
3525,65,1,0,0
3526,14,1,0,0
3527,41,1,0,0
3528,25,1,0,0
3529,100,1,0,0
3530,68,1,0,0
3531,67,1,0,0
3532,69,1,0,0
3533,17,1,0,0
3534,37,1,0,0
3535,158,1,0,0
3536,51,1,0,0
3537,30,1,0,0
3538,123,1,0,0
3539,26,1,0,0
3540,89,1,0,0
3541,127,1,0,0
3542,38,1,0,0
3543,82,1,0,0
3544,18,1,0,0
3545,90,1,0,0
3546,9,1,0,0
3547,44,1,0,0
3548,44,1,0,0
3549,19,1,0,0
3550,54,1,0,0
3551,26,1,0,0
3552,54,1,0,0
3553,34,1,0,0
3554,58,1,0,0
3555,32,1,0,0
3556,40,1,0,0
3557,34,1,0,0
3558,51,1,0,0
3559,33,1,0,0
3560,31,1,0,0
3561,163,1,0,0
3562,123,1,0,0
3563,49,1,0,0
3564,44,1,0,0
3565,54,1,0,0
3566,151,1,0,0
3567,48,1,0,0
3568,29,1,0,0
3569,47,1,0,0
3570,10,1,0,0
3571,117,1,0,0
3572,16,1,0,0
3573,165,1,0,0
3574,99,1,0,0
3575,51,1,0,0
3576,109,1,0,0
3577,47,1,0,0
3578,21,1,0,0
3579,19,1,0,0
3580,18,1,0,0
3581,80,1,0,0
3582,47,1,0,0
3583,52,1,0,0
3584,24,1,0,0
3585,116,1,0,0
3586,13,1,0,0
3587,72,1,0,0
3588,32,1,0,0
3589,56,1,0,0
3590,25,1,0,0
3591,57,1,0,0
3592,20,1,0,0
3593,61,1,0,0
3594,70,1,0,0
3595,32,1,0,0
3596,18,1,0,0
3597,21,1,0,0
3598,16,1,0,0
3599,113,1,0,0
3600,34,1,0,0
3601,19,1,0,0
3602,68,1,0,0
3603,91,1,0,0
3604,41,1,0,0
3605,93,1,0,0
3606,87,1,0,0
3607,89,1,0,0
3608,18,1,0,0
3609,126,1,0,0
3610,18,1,0,0
3611,100,1,0,0
3612,13,1,0,0
3613,198,1,0,0
3614,173,1,0,0
3615,147,1,0,0
3616,21,1,0,0
3617,96,1,0,0
3618,113,1,0,0
3619,170,1,0,0
3620,37,1,0,0
3621,68,1,0,0
3622,17,1,0,0
3623,32,1,0,0
3624,29,1,0,0
3625,58,1,0,0
3626,73,1,0,0
3627,16,1,0,0
3628,37,1,0,0
3629,56,1,0,0
3630,94,1,0,0
3631,39,1,0,0
3632,65,1,0,0
3633,231,1,0,0
3634,35,1,0,0
3635,168,1,0,0
3636,39,1,0,0
3637,94,1,0,0
3638,66,1,0,0
3639,29,1,0,0
3640,19,1,0,0
3641,81,1,0,0
3642,24,1,0,0
3643,92,1,0,0
3644,76,1,0,0
3645,40,1,0,0
3646,215,1,0,0
3647,39,1,0,0
3648,122,1,0,0
3649,55,1,0,0
3650,142,1,0,0
3651,57,1,0,0
3652,24,1,0,0
3653,103,1,0,0
3654,107,1,0,0
3655,31,1,0,0
3656,11,1,0,0
3657,34,1,0,0
3658,113,1,0,0
3659,76,1,0,0
3660,135,1,0,0
3661,30,1,0,0
3662,21,1,0,0
3663,72,1,0,0
3664,26,1,0,0
3665,48,1,0,0
3666,65,1,0,0
3667,65,1,0,0
3668,95,1,0,0
3669,70,1,0,0
3670,33,1,0,0
3671,18,1,0,0
3672,170,1,0,0
3673,97,1,0,0
3674,80,1,0,0
3675,35,1,0,0
3676,143,1,0,0
3677,18,1,0,0
3678,73,1,0,0
3679,18,1,0,0
3680,43,1,0,0
3681,47,1,0,0
3682,63,1,0,0
3683,82,1,0,0
3684,62,1,0,0
3685,13,1,0,0
3686,25,1,0,0
3687,54,1,0,0
3688,38,1,0,0
3689,67,1,0,0
3690,67,1,0,0
3691,19,1,0,0
3692,61,1,0,0
3693,45,1,0,0
3694,64,1,0,0
3695,97,1,0,0
3696,161,1,0,0
3697,39,1,0,0
3698,30,1,0,0
3699,170,1,0,0
3700,121,1,0,0
3701,16,1,0,0
3702,60,1,0,0
3703,27,1,0,0
3704,41,1,0,0
3705,35,1,0,0
3706,62,1,0,0
3707,57,1,0,0
3708,12,1,0,0
3709,89,1,0,0
3710,96,1,0,0
3711,180,1,0,0
3712,51,1,0,0
3713,39,1,0,0
3714,45,1,0,0
3715,36,1,0,0
3716,73,1,0,0
3717,42,1,0,0
3718,58,1,0,0
3719,69,1,0,0
3720,82,1,0,0
3721,79,1,0,0
3722,12,1,0,0
3723,22,1,0,0
3724,132,1,0,0
3725,18,1,0,0
3726,60,1,0,0
3727,9,1,0,0
3728,33,1,0,0
3729,180,1,0,0
3730,77,1,0,0
3731,108,1,0,0
3732,57,1,0,0
3733,93,1,0,0
3734,164,1,0,0
3735,44,1,0,0
3736,42,1,0,0
3737,34,1,0,0
3738,65,1,0,0
3739,52,1,0,0
3740,45,1,0,0
3741,64,1,0,0
3742,66,1,0,0
3743,142,1,0,0
3744,17,1,0,0
3745,55,1,0,0
3746,21,1,0,0
3747,29,1,0,0
3748,136,1,0,0
3749,99,1,0,0
3750,75,1,0,0
3751,186,1,0,0
3752,109,1,0,0
3753,283,1,0,0
3754,17,1,0,0
3755,105,1,0,0
3756,76,1,0,0
3757,15,1,0,0
3758,42,1,0,0
3759,25,1,0,0
3760,168,1,0,0
3761,88,1,0,0
3762,15,1,0,0
3763,57,1,0,0
3764,120,1,0,0
3765,68,1,0,0
3766,82,1,0,0
3767,39,1,0,0
3768,131,1,0,0
3769,160,1,0,0
3770,46,1,0,0
3771,49,1,0,0
3772,32,1,0,0
3773,45,1,0,0
3774,124,1,0,0
3775,113,1,0,0
3776,77,1,0,0
3777,35,1,0,0
3778,96,1,0,0
3779,17,1,0,0
3780,24,1,0,0
3781,227,1,0,0
3782,52,1,0,0
3783,53,1,0,0
3784,160,1,0,0
3785,137,1,0,0
3786,97,1,0,0
3787,88,1,0,0
3788,29,1,0,0
3789,98,1,0,0
3790,53,1,0,0
3791,80,1,0,0
3792,48,1,0,0
3793,37,1,0,0
3794,40,1,0,0
3795,70,1,0,0
3796,109,1,0,0
3797,29,1,0,0
3798,23,1,0,0
3799,65,1,0,0
3800,153,1,0,0
3801,84,1,0,0
3802,75,1,0,0
3803,37,1,0,0
3804,46,1,0,0
3805,18,1,0,0
3806,81,1,0,0
3807,51,1,0,0
3808,20,1,0,0
3809,41,1,0,0
3810,184,1,0,0
3811,186,1,0,0
3812,157,1,0,0
3813,87,1,0,0
3814,153,1,0,0
3815,132,1,0,0
3816,60,1,0,0
3817,20,1,0,0
3818,54,1,0,0
3819,88,1,0,0
3820,64,1,0,0
3821,39,1,0,0
3822,38,1,0,0
3823,51,1,0,0
3824,48,1,0,0
3825,73,1,0,0
3826,21,1,0,0
3827,242,1,0,0
3828,35,1,0,0
3829,45,1,0,0
3830,13,1,0,0
3831,100,1,0,0
3832,28,1,0,0
3833,155,1,0,0
3834,195,1,0,0
3835,77,1,0,0
3836,72,1,0,0
3837,30,1,0,0
3838,31,1,0,0
3839,102,1,0,0
3840,185,1,0,0
3841,58,1,0,0
3842,32,1,0,0
3843,59,1,0,0
3844,108,1,0,0
3845,119,1,0,0
3846,57,1,0,0
3847,91,1,0,0
3848,14,1,0,0
3849,23,1,0,0
3850,165,1,0,0
3851,15,1,0,0
3852,110,1,0,0
3853,106,1,0,0
3854,23,1,0,0
3855,30,1,0,0
3856,79,1,0,0
3857,71,1,0,0
3858,74,1,0,0
3859,53,1,0,0
3860,143,1,0,0
3861,53,1,0,0
3862,67,1,0,0
3863,30,1,0,0
3864,48,1,0,0
3865,73,1,0,0
3866,38,1,0,0
3867,41,1,0,0
3868,148,1,0,0
3869,57,1,0,0
3870,54,1,0,0
3871,59,1,0,0
3872,11,1,0,0
3873,22,1,0,0
3874,67,1,0,0
3875,42,1,0,0
3876,57,1,0,0
3877,27,1,0,0
3878,40,1,0,0
3879,51,1,0,0
3880,69,1,0,0
3881,81,1,0,0
3882,114,1,0,0
3883,123,1,0,0
3884,102,1,0,0
3885,122,1,0,0
3886,98,1,0,0
3887,63,1,0,0
3888,59,1,0,0
3889,20,1,0,0
3890,53,1,0,0
3891,57,1,0,0
3892,59,1,0,0
3893,21,1,0,0
3894,39,1,0,0
3895,44,1,0,0
3896,57,1,0,0
3897,69,1,0,0
3898,57,1,0,0
3899,35,1,0,0
3900,14,1,0,0
3901,255,1,0,0
3902,60,1,0,0
3903,32,1,0,0
3904,17,1,0,0
3905,100,1,0,0
3906,53,1,0,0
3907,28,1,0,0
3908,74,1,0,0
3909,38,1,0,0
3910,84,1,0,0
3911,33,1,0,0
3912,40,1,0,0
3913,118,1,0,0
3914,226,1,0,0
3915,63,1,0,0
3916,89,1,0,0
3917,85,1,0,0
3918,168,1,0,0
3919,31,1,0,0
3920,73,1,0,0
3921,39,1,0,0
3922,55,1,0,0
3923,28,1,0,0
3924,209,1,0,0
3925,127,1,0,0
3926,20,1,0,0
3927,65,1,0,0
3928,18,1,0,0
3929,40,1,0,0
3930,59,1,0,0
3931,60,1,0,0
3932,55,1,0,0
3933,77,1,0,0
3934,32,1,0,0
3935,168,1,0,0
3936,56,1,0,0
3937,81,1,0,0
3938,148,1,0,0
3939,182,1,0,0
3940,30,1,0,0
3941,61,1,0,0
3942,108,1,0,0
3943,62,1,0,0
3944,149,1,0,0
3945,54,1,0,0
3946,95,1,0,0
3947,29,1,0,0
3948,130,1,0,0
3949,62,1,0,0
3950,23,1,0,0
3951,78,1,0,0
3952,49,1,0,0
3953,160,1,0,0
3954,39,1,0,0
3955,113,1,0,0
3956,57,1,0,0
3957,107,1,0,0
3958,36,1,0,0
3959,139,1,0,0
3960,37,1,0,0
3961,41,1,0,0
3962,83,1,0,0
3963,122,1,0,0
3964,129,1,0,0
3965,52,1,0,0
3966,119,1,0,0
3967,47,1,0,0
3968,34,1,0,0
3969,114,1,0,0
3970,65,1,0,0
3971,88,1,0,0
3972,32,1,0,0
3973,22,1,0,0
3974,46,1,0,0
3975,201,1,0,0
3976,20,1,0,0
3977,19,1,0,0
3978,86,1,0,0
3979,30,1,0,0
3980,19,1,0,0
3981,87,1,0,0
3982,22,1,0,0
3983,116,1,0,0
3984,29,1,0,0
3985,24,1,0,0
3986,86,1,0,0
3987,33,1,0,0
3988,18,1,0,0
3989,37,1,0,0
3990,43,1,0,0
3991,63,1,0,0
3992,90,1,0,0
3993,18,1,0,0
3994,59,1,0,0
3995,38,1,0,0
3996,117,1,0,0
3997,186,1,0,0
3998,61,1,0,0
3999,17,1,0,0
4000,94,1,0,0
4001,30,1,0,0
4002,60,1,0,0
4003,42,1,0,0
4004,54,1,0,0
4005,27,1,0,0
4006,96,1,0,0
4007,187,1,0,0
4008,50,1,0,0
4009,21,1,0,0
4010,36,1,0,0
4011,64,1,0,0
4012,74,1,0,0
4013,98,1,0,0
4014,37,1,0,0
4015,147,1,0,0
4016,173,1,0,0
4017,26,1,0,0
4018,96,1,0,0
4019,80,1,0,0
4020,29,1,0,0
4021,103,1,0,0
4022,49,1,0,0
4023,84,1,0,0
4024,54,1,0,0
4025,78,1,0,0
4026,18,1,0,0
4027,51,1,0,0
4028,158,1,0,0
4029,109,1,0,0
4030,85,1,0,0
4031,9,1,0,0
4032,124,1,0,0
4033,25,1,0,0
4034,11,1,0,0
4035,169,1,0,0
4036,239,1,0,0
4037,55,1,0,0
4038,34,1,0,0
4039,62,1,0,0
4040,76,1,0,0
4041,42,1,0,0
4042,36,1,0,0
4043,37,1,0,0
4044,71,1,0,0
4045,23,1,0,0
4046,59,1,0,0
4047,29,1,0,0
4048,144,1,0,0
4049,80,1,0,0
4050,77,1,0,0
4051,108,1,0,0
4052,13,1,0,0
4053,31,1,0,0
4054,86,1,0,0
4055,155,1,0,0
4056,21,1,0,0
4057,74,1,0,0
4058,44,1,0,0
4059,16,1,0,0
4060,114,1,0,0
4061,22,1,0,0
4062,38,1,0,0
4063,183,1,0,0
4064,56,1,0,0
4065,46,1,0,0
4066,39,1,0,0
4067,61,1,0,0
4068,29,1,0,0
4069,40,1,0,0
4070,144,1,0,0
4071,86,1,0,0
4072,192,1,0,0
4073,102,1,0,0
4074,91,1,0,0
4075,80,1,0,0
4076,79,1,0,0
4077,21,1,0,0
4078,71,1,0,0
4079,45,1,0,0
4080,45,1,0,0
4081,42,1,0,0
4082,37,1,0,0
4083,20,1,0,0
4084,72,1,0,0
4085,18,1,0,0
4086,72,1,0,0
4087,145,1,0,0
4088,12,1,0,0
4089,89,1,0,0
4090,63,1,0,0
4091,29,1,0,0
4092,65,1,0,0
4093,84,1,0,0
4094,20,1,0,0
4095,26,1,0,0
4096,48,1,0,0
4097,45,1,0,0
4098,55,1,0,0
4099,69,1,0,0
4100,17,1,0,0
4101,62,1,0,0
4102,16,1,0,0
4103,35,1,0,0
4104,41,1,0,0
4105,35,1,0,0
4106,41,1,0,0
4107,53,1,0,0
4108,27,1,0,0
4109,34,1,0,0
4110,121,1,0,0
4111,54,1,0,0
4112,133,1,0,0
4113,45,1,0,0
4114,23,1,0,0
4115,45,1,0,0
4116,70,1,0,0
4117,59,1,0,0
4118,69,1,0,0
4119,19,1,0,0
4120,134,1,0,0
4121,91,1,0,0
4122,266,1,0,0
4123,55,1,0,0
4124,78,1,0,0
4125,54,1,0,0
4126,106,1,0,0
4127,48,1,0,0
4128,54,1,0,0
4129,140,1,0,0
4130,47,1,0,0
4131,86,1,0,0
4132,86,1,0,0
4133,76,1,0,0
4134,13,1,0,0
4135,96,1,0,0
4136,21,1,0,0
4137,42,1,0,0
4138,134,1,0,0
4139,83,1,0,0
4140,19,1,0,0
4141,29,1,0,0
4142,64,1,0,0
4143,28,1,0,0
4144,73,1,0,0
4145,34,1,0,0
4146,59,1,0,0
4147,105,1,0,0
4148,70,1,0,0
4149,14,1,0,0
4150,72,1,0,0
4151,75,1,0,0
4152,223,1,0,0
4153,233,1,0,0
4154,91,1,0,0
4155,78,1,0,0
4156,193,1,0,0
4157,57,1,0,0
4158,231,1,0,0
4159,37,1,0,0
4160,21,1,0,0
4161,26,1,0,0
4162,75,1,0,0
4163,87,1,0,0
4164,110,1,0,0
4165,29,1,0,0
4166,120,1,0,0
4167,87,1,0,0
4168,46,1,0,0
4169,30,1,0,0
4170,28,1,0,0
4171,28,1,0,0
4172,64,1,0,0
4173,20,1,0,0
4174,55,1,0,0
4175,39,1,0,0
4176,48,1,0,0
4177,32,1,0,0
4178,130,1,0,0
4179,12,1,0,0
4180,125,1,0,0
4181,39,1,0,0
4182,128,1,0,0
4183,17,1,0,0
4184,17,1,0,0
4185,46,1,0,0
4186,158,1,0,0
4187,108,1,0,0
4188,102,1,0,0
4189,118,1,0,0
4190,54,1,0,0
4191,50,1,0,0
4192,57,1,0,0
4193,41,1,0,0
4194,29,1,0,0
4195,32,1,0,0
4196,36,1,0,0
4197,43,1,0,0
4198,24,1,0,0
4199,98,1,0,0
4200,26,1,0,0
4201,72,1,0,0
4202,42,1,0,0
4203,43,1,0,0
4204,77,1,0,0
4205,52,1,0,0
4206,87,1,0,0
4207,29,1,0,0
4208,23,1,0,0
4209,22,1,0,0
4210,35,1,0,0
4211,9,1,0,0
4212,107,1,0,0
4213,130,1,0,0
4214,17,1,0,0
4215,48,1,0,0
4216,32,1,0,0
4217,92,1,0,0
4218,147,1,0,0
4219,120,1,0,0
4220,26,1,0,0
4221,162,1,0,0
4222,43,1,0,0
4223,54,1,0,0
4224,48,1,0,0
4225,35,1,0,0
4226,21,1,0,0
4227,50,1,0,0
4228,115,1,0,0
4229,106,1,0,0
4230,135,1,0,0
4231,64,1,0,0
4232,30,1,0,0
4233,54,1,0,0
4234,114,1,0,0
4235,22,1,0,0
4236,91,1,0,0
4237,12,1,0,0
4238,36,1,0,0
4239,100,1,0,0
4240,18,1,0,0
4241,33,1,0,0
4242,70,1,0,0
4243,80,1,0,0
4244,76,1,0,0
4245,14,1,0,0
4246,58,1,0,0
4247,147,1,0,0
4248,82,1,0,0
4249,41,1,0,0
4250,83,1,0,0
4251,23,1,0,0
4252,92,1,0,0
4253,122,1,0,0
4254,124,1,0,0
4255,56,1,0,0
4256,17,1,0,0
4257,54,1,0,0
4258,58,1,0,0
4259,154,1,0,0
4260,32,1,0,0
4261,129,1,0,0
4262,39,1,0,0
4263,61,1,0,0
4264,51,1,0,0
4265,55,1,0,0
4266,46,1,0,0
4267,16,1,0,0
4268,105,1,0,0
4269,27,1,0,0
4270,61,1,0,0
4271,123,1,0,0
4272,85,1,0,0
4273,52,1,0,0
4274,48,1,0,0
4275,46,1,0,0
4276,35,1,0,0
4277,16,1,0,0
4278,49,1,0,0
4279,64,1,0,0
4280,127,1,0,0
4281,11,1,0,0
4282,76,1,0,0
4283,53,1,0,0
4284,36,1,0,0
4285,128,1,0,0
4286,64,1,0,0
4287,32,1,0,0
4288,21,1,0,0
4289,72,1,0,0
4290,39,1,0,0
4291,46,1,0,0
4292,125,1,0,0
4293,42,1,0,0
4294,72,1,0,0
4295,60,1,0,0
4296,71,1,0,0
4297,155,1,0,0
4298,46,1,0,0
4299,67,1,0,0
4300,82,1,0,0
4301,54,1,0,0
4302,65,1,0,0
4303,69,1,0,0
4304,82,1,0,0
4305,9,1,0,0
4306,30,1,0,0
4307,192,1,0,0
4308,25,1,0,0
4309,122,1,0,0
4310,27,1,0,0
4311,29,1,0,0
4312,55,1,0,0
4313,118,1,0,0
4314,34,1,0,0
4315,56,1,0,0
4316,188,1,0,0
4317,62,1,0,0
4318,67,1,0,0
4319,52,1,0,0
4320,29,1,0,0
4321,77,1,0,0
4322,45,1,0,0
4323,38,1,0,0
4324,249,1,0,0
4325,33,1,0,0
4326,47,1,0,0
4327,70,1,0,0
4328,183,1,0,0
4329,187,1,0,0
4330,18,1,0,0
4331,108,1,0,0
4332,38,1,0,0
4333,46,1,0,0
4334,39,1,0,0
4335,59,1,0,0
4336,16,1,0,0
4337,34,1,0,0
4338,73,1,0,0
4339,35,1,0,0
4340,78,1,0,0
4341,27,1,0,0
4342,72,1,0,0
4343,42,1,0,0
4344,35,1,0,0
4345,29,1,0,0
4346,19,1,0,0
4347,137,1,0,0
4348,195,1,0,0
4349,124,1,0,0
4350,111,1,0,0
4351,28,1,0,0
4352,46,1,0,0
4353,59,1,0,0
4354,39,1,0,0
4355,209,1,0,0
4356,33,1,0,0
4357,17,1,0,0
4358,24,1,0,0
4359,140,1,0,0
4360,44,1,0,0
4361,162,1,0,0
4362,73,1,0,0
4363,97,1,0,0
4364,182,1,0,0
4365,198,1,0,0
4366,48,1,0,0
4367,124,1,0,0
4368,49,1,0,0
4369,19,1,0,0
4370,31,1,0,0
4371,39,1,0,0
4372,30,1,0,0
4373,35,1,0,0
4374,148,1,0,0
4375,23,1,0,0
4376,66,1,0,0
4377,103,1,0,0
4378,43,1,0,0
4379,29,1,0,0
4380,90,1,0,0
4381,127,1,0,0
4382,128,1,0,0
4383,177,1,0,0
4384,95,1,0,0
4385,98,1,0,0
4386,72,1,0,0
4387,68,1,0,0
4388,26,1,0,0
4389,139,1,0,0
4390,22,1,0,0
4391,135,1,0,0
4392,21,1,0,0
4393,90,1,0,0
4394,81,1,0,0
4395,76,1,0,0
4396,55,1,0,0
4397,40,1,0,0
4398,167,1,0,0
4399,40,1,0,0
4400,139,1,0,0
4401,98,1,0,0
4402,40,1,0,0
4403,55,1,0,0
4404,25,1,0,0
4405,49,1,0,0
4406,123,1,0,0
4407,45,1,0,0
4408,11,1,0,0
4409,27,1,0,0
4410,80,1,0,0
4411,99,1,0,0
4412,122,1,0,0
4413,116,1,0,0
4414,135,1,0,0
4415,13,1,0,0
4416,40,1,0,0
4417,14,1,0,0
4418,137,1,0,0
4419,62,1,0,0
4420,136,1,0,0
4421,94,1,0,0
4422,31,1,0,0
4423,87,1,0,0
4424,47,1,0,0
4425,38,1,0,0
4426,33,1,0,0
4427,80,1,0,0
4428,72,1,0,0
4429,28,1,0,0
4430,73,1,0,0
4431,72,1,0,0
4432,85,1,0,0
4433,97,1,0,0
4434,53,1,0,0
4435,24,1,0,0
4436,49,1,0,0
4437,109,1,0,0
4438,45,1,0,0
4439,33,1,0,0
4440,181,1,0,0
4441,38,1,0,0
4442,19,1,0,0
4443,43,1,0,0
4444,34,1,0,0
4445,152,1,0,0
4446,86,1,0,0
4447,29,1,0,0
4448,217,1,0,0
4449,28,1,0,0
4450,35,1,0,0
4451,76,1,0,0
4452,28,1,0,0
4453,130,1,0,0
4454,103,1,0,0
4455,120,1,0,0
4456,136,1,0,0
4457,90,1,0,0
4458,72,1,0,0
4459,65,1,0,0
4460,16,1,0,0
4461,39,1,0,0
4462,112,1,0,0
4463,96,1,0,0
4464,49,1,0,0
4465,77,1,0,0
4466,108,1,0,0
4467,130,1,0,0
4468,20,1,0,0
4469,203,1,0,0
4470,13,1,0,0
4471,100,1,0,0
4472,48,1,0,0
4473,51,1,0,0
4474,47,1,0,0
4475,95,1,0,0
4476,81,1,0,0
4477,145,1,0,0
4478,61,1,0,0
4479,93,1,0,0
4480,47,1,0,0
4481,83,1,0,0
4482,91,1,0,0
4483,34,1,0,0
4484,139,1,0,0
4485,78,1,0,0
4486,23,1,0,0
4487,62,1,0,0
4488,24,1,0,0
4489,77,1,0,0
4490,105,1,0,0
4491,53,1,0,0
4492,46,1,0,0
4493,56,1,0,0
4494,24,1,0,0
4495,102,1,0,0
4496,95,1,0,0
4497,25,1,0,0
4498,135,1,0,0
4499,103,1,0,0
4500,54,1,0,0
4501,75,1,0,0
4502,124,1,0,0
4503,44,1,0,0
4504,48,1,0,0
4505,29,1,0,0
4506,29,1,0,0
4507,176,1,0,0
4508,29,1,0,0
4509,73,1,0,0
4510,80,1,0,0
4511,209,1,0,0
4512,53,1,0,0
4513,26,1,0,0
4514,193,1,0,0
4515,55,1,0,0
4516,33,1,0,0
4517,109,1,0,0
4518,28,1,0,0
4519,152,1,0,0
4520,21,1,0,0
4521,126,1,0,0
4522,130,1,0,0
4523,140,1,0,0
4524,31,1,0,0
4525,90,1,0,0
4526,106,1,0,0
4527,100,1,0,0
4528,109,1,0,0
4529,55,1,0,0
4530,18,1,0,0
4531,48,1,0,0
4532,25,1,0,0
4533,165,1,0,0
4534,29,1,0,0
4535,66,1,0,0
4536,96,1,0,0
4537,19,1,0,0
4538,55,1,0,0
4539,93,1,0,0
4540,83,1,0,0
4541,32,1,0,0
4542,97,1,0,0
4543,65,1,0,0
4544,68,1,0,0
4545,29,1,0,0
4546,28,1,0,0
4547,26,1,0,0
4548,34,1,0,0
4549,64,1,0,0
4550,25,1,0,0
4551,79,1,0,0
4552,81,1,0,0
4553,61,1,0,0
4554,32,1,0,0
4555,60,1,0,0
4556,196,1,0,0
4557,63,1,0,0
4558,91,1,0,0
4559,124,1,0,0
4560,65,1,0,0
4561,8,1,0,0
4562,31,1,0,0
4563,99,1,0,0
4564,150,1,0,0
4565,61,1,0,0
4566,37,1,0,0
4567,149,1,0,0
4568,135,1,0,0
4569,80,1,0,0
4570,12,1,0,0
4571,50,1,0,0
4572,65,1,0,0
4573,80,1,0,0
4574,89,1,0,0
4575,68,1,0,0
4576,121,1,0,0
4577,23,1,0,0
4578,150,1,0,0
4579,46,1,0,0
4580,45,1,0,0
4581,64,1,0,0
4582,51,1,0,0
4583,34,1,0,0
4584,154,1,0,0
4585,179,1,0,0
4586,64,1,0,0
4587,21,1,0,0
4588,65,1,0,0
4589,34,1,0,0
4590,17,1,0,0
4591,77,1,0,0
4592,39,1,0,0
4593,84,1,0,0
4594,32,1,0,0
4595,106,1,0,0
4596,53,1,0,0
4597,18,1,0,0
4598,29,1,0,0
4599,116,1,0,0
4600,37,1,0,0
4601,47,1,0,0
4602,182,1,0,0
4603,104,1,0,0
4604,106,1,0,0
4605,28,1,0,0
4606,32,1,0,0
4607,91,1,0,0
4608,119,1,0,0
4609,76,1,0,0
4610,19,1,0,0
4611,77,1,0,0
4612,50,1,0,0
4613,221,1,0,0
4614,33,1,0,0
4615,29,1,0,0
4616,30,1,0,0
4617,70,1,0,0
4618,30,1,0,0
4619,103,1,0,0
4620,88,1,0,0
4621,156,1,0,0
4622,12,1,0,0
4623,202,1,0,0
4624,78,1,0,0
4625,53,1,0,0
4626,20,1,0,0
4627,33,1,0,0
4628,161,1,0,0
4629,36,1,0,0
4630,46,1,0,0
4631,113,1,0,0
4632,90,1,0,0
4633,13,1,0,0
4634,12,1,0,0
4635,46,1,0,0
4636,51,1,0,0
4637,25,1,0,0
4638,34,1,0,0
4639,42,1,0,0
4640,87,1,0,0
4641,43,1,0,0
4642,34,1,0,0
4643,45,1,0,0
4644,37,1,0,0
4645,47,1,0,0
4646,34,1,0,0
4647,120,1,0,0
4648,127,1,0,0
4649,117,1,0,0
4650,17,1,0,0
4651,57,1,0,0
4652,82,1,0,0
4653,27,1,0,0
4654,28,1,0,0
4655,16,1,0,0
4656,45,1,0,0
4657,93,1,0,0
4658,116,1,0,0
4659,54,1,0,0
4660,69,1,0,0
4661,81,1,0,0
4662,25,1,0,0
4663,11,1,0,0
4664,117,1,0,0
4665,24,1,0,0
4666,90,1,0,0
4667,84,1,0,0
4668,118,1,0,0
4669,32,1,0,0
4670,23,1,0,0
4671,11,1,0,0
4672,45,1,0,0
4673,9,1,0,0
4674,28,1,0,0
4675,110,1,0,0
4676,80,1,0,0
4677,28,1,0,0
4678,61,1,0,0
4679,22,1,0,0
4680,33,1,0,0
4681,176,1,0,0
4682,13,1,0,0
4683,40,1,0,0
4684,48,1,0,0
4685,19,1,0,0
4686,83,1,0,0
4687,35,1,0,0
4688,41,1,0,0
4689,75,1,0,0
4690,81,1,0,0
4691,86,1,0,0
4692,15,1,0,0
4693,71,1,0,0
4694,22,1,0,0
4695,161,1,0,0
4696,62,1,0,0
4697,28,1,0,0
4698,78,1,0,0
4699,102,1,0,0
4700,42,1,0,0
4701,218,1,0,0
4702,21,1,0,0
4703,54,1,0,0
4704,100,1,0,0
4705,24,1,0,0
4706,33,1,0,0
4707,58,1,0,0
4708,70,1,0,0
4709,65,1,0,0
4710,72,1,0,0
4711,122,1,0,0
4712,52,1,0,0
4713,33,1,0,0
4714,73,1,0,0
4715,12,1,0,0
4716,97,1,0,0
4717,76,1,0,0
4718,35,1,0,0
4719,206,1,0,0
4720,54,1,0,0
4721,15,1,0,0
4722,101,1,0,0
4723,9,1,0,0
4724,9,1,0,0
4725,46,1,0,0
4726,29,1,0,0
4727,143,1,0,0
4728,26,1,0,0
4729,173,1,0,0
4730,92,1,0,0
4731,63,1,0,0
4732,9,1,0,0
4733,90,1,0,0
4734,28,1,0,0
4735,135,1,0,0
4736,137,1,0,0
4737,124,1,0,0
4738,44,1,0,0
4739,89,1,0,0
4740,44,1,0,0
4741,30,1,0,0
4742,41,1,0,0
4743,29,1,0,0
4744,155,1,0,0
4745,50,1,0,0
4746,89,1,0,0
4747,30,1,0,0
4748,28,1,0,0
4749,76,1,0,0
4750,161,1,0,0
4751,32,1,0,0
4752,17,1,0,0
4753,27,1,0,0
4754,107,1,0,0
4755,74,1,0,0
4756,156,1,0,0
4757,69,1,0,0
4758,118,1,0,0
4759,35,1,0,0
4760,116,1,0,0
4761,61,1,0,0
4762,40,1,0,0
4763,31,1,0,0
4764,16,1,0,0
4765,103,1,0,0
4766,123,1,0,0
4767,101,1,0,0
4768,39,1,0,0
4769,109,1,0,0
4770,58,1,0,0
4771,61,1,0,0
4772,11,1,0,0
4773,32,1,0,0
4774,84,1,0,0
4775,68,1,0,0
4776,45,1,0,0
4777,38,1,0,0
4778,33,1,0,0
4779,89,1,0,0
4780,84,1,0,0
4781,144,1,0,0
4782,219,1,0,0
4783,106,1,0,0
4784,43,1,0,0
4785,35,1,0,0
4786,151,1,0,0
4787,58,1,0,0
4788,72,1,0,0
4789,197,1,0,0
4790,59,1,0,0
4791,33,1,0,0
4792,106,1,0,0
4793,65,1,0,0
4794,124,1,0,0
4795,81,1,0,0
4796,27,1,0,0
4797,65,1,0,0
4798,122,1,0,0
4799,36,1,0,0
4800,26,1,0,0
4801,48,1,0,0
4802,54,1,0,0
4803,77,1,0,0
4804,28,1,0,0
4805,20,1,0,0
4806,94,1,0,0
4807,167,1,0,0
4808,60,1,0,0
4809,43,1,0,0
4810,60,1,0,0
4811,37,1,0,0
4812,54,1,0,0
4813,61,1,0,0
4814,271,1,0,0
4815,13,1,0,0
4816,84,1,0,0
4817,25,1,0,0
4818,28,1,0,0
4819,161,1,0,0
4820,27,1,0,0
4821,112,1,0,0
4822,46,1,0,0
4823,39,1,0,0
4824,121,1,0,0
4825,28,1,0,0
4826,166,1,0,0
4827,21,1,0,0
4828,76,1,0,0
4829,47,1,0,0
4830,27,1,0,0
4831,31,1,0,0
4832,74,1,0,0
4833,72,1,0,0
4834,30,1,0,0
4835,228,1,0,0
4836,31,1,0,0
4837,21,1,0,0
4838,123,1,0,0
4839,56,1,0,0
4840,84,1,0,0
4841,132,1,0,0
4842,80,1,0,0
4843,197,1,0,0
4844,61,1,0,0
4845,139,1,0,0
4846,29,1,0,0
4847,100,1,0,0
4848,53,1,0,0
4849,47,1,0,0
4850,9,1,0,0
4851,74,1,0,0
4852,23,1,0,0
4853,99,1,0,0
4854,72,1,0,0
4855,22,1,0,0
4856,66,1,0,0
4857,79,1,0,0
4858,42,1,0,0
4859,104,1,0,0
4860,15,1,0,0
4861,124,1,0,0
4862,28,1,0,0
4863,103,1,0,0
4864,64,1,0,0
4865,77,1,0,0
4866,92,1,0,0
4867,31,1,0,0
4868,63,1,0,0
4869,59,1,0,0
4870,144,1,0,0
4871,52,1,0,0
4872,48,1,0,0
4873,57,1,0,0
4874,26,1,0,0
4875,111,1,0,0
4876,77,1,0,0
4877,55,1,0,0
4878,60,1,0,0
4879,155,1,0,0
4880,26,1,0,0
4881,30,1,0,0
4882,24,1,0,0
4883,20,1,0,0
4884,44,1,0,0
4885,46,1,0,0
4886,65,1,0,0
4887,44,1,0,0
4888,72,1,0,0
4889,35,1,0,0
4890,23,1,0,0
4891,20,1,0,0
4892,18,1,0,0
4893,21,1,0,0
4894,49,1,0,0
4895,29,1,0,0
4896,107,1,0,0
4897,125,1,0,0
4898,101,1,0,0
4899,88,1,0,0
4900,67,1,0,0
4901,48,1,0,0
4902,213,1,0,0
4903,93,1,0,0
4904,23,1,0,0
4905,115,1,0,0
4906,38,1,0,0
4907,21,1,0,0
4908,150,1,0,0
4909,11,1,0,0
4910,75,1,0,0
4911,54,1,0,0
4912,23,1,0,0
4913,166,1,0,0
4914,68,1,0,0
4915,68,1,0,0
4916,14,1,0,0
4917,84,1,0,0
4918,57,1,0,0
4919,53,1,0,0
4920,83,1,0,0
4921,47,1,0,0
4922,122,1,0,0
4923,136,1,0,0
4924,16,1,0,0
4925,52,1,0,0
4926,72,1,0,0
4927,54,1,0,0
4928,13,1,0,0
4929,44,1,0,0
4930,89,1,0,0
4931,124,1,0,0
4932,45,1,0,0
4933,174,1,0,0
4934,64,1,0,0
4935,97,1,0,0
4936,47,1,0,0
4937,50,1,0,0
4938,110,1,0,0
4939,93,1,0,0
4940,46,1,0,0
4941,121,1,0,0
4942,44,1,0,0
4943,17,1,0,0
4944,62,1,0,0
4945,25,1,0,0
4946,43,1,0,0
4947,42,1,0,0
4948,36,1,0,0
4949,57,1,0,0
4950,77,1,0,0
4951,105,1,0,0
4952,79,1,0,0
4953,91,1,0,0
4954,23,1,0,0
4955,58,1,0,0
4956,30,1,0,0
4957,68,1,0,0
4958,127,1,0,0
4959,11,1,0,0
4960,63,1,0,0
4961,130,1,0,0
4962,186,1,0,0
4963,13,1,0,0
4964,127,1,0,0
4965,60,1,0,0
4966,169,1,0,0
4967,69,1,0,0
4968,112,1,0,0
4969,30,1,0,0
4970,157,1,0,0
4971,12,1,0,0
4972,63,1,0,0
4973,28,1,0,0
4974,101,1,0,0
4975,35,1,0,0
4976,40,1,0,0
4977,59,1,0,0
4978,171,1,0,0
4979,23,1,0,0
4980,28,1,0,0
4981,158,1,0,0
4982,50,1,0,0
4983,40,1,0,0
4984,268,1,0,0
4985,97,1,0,0
4986,91,1,0,0
4987,55,1,0,0
4988,68,1,0,0
4989,97,1,0,0
4990,125,1,0,0
4991,64,1,0,0
4992,39,1,0,0
4993,166,1,0,0
4994,51,1,0,0
4995,32,1,0,0
4996,28,1,0,0
4997,19,1,0,0
4998,46,1,0,0
4999,25,1,0,0
5000,27,1,0,0
5001,31,1,0,0
5002,115,1,0,0
5003,94,1,0,0
5004,29,1,0,0
5005,16,1,0,0
5006,47,1,0,0
5007,123,1,0,0
5008,7,1,0,0
5009,37,1,0,0
5010,11,1,0,0
5011,40,1,0,0
5012,90,1,0,0
5013,47,1,0,0
5014,59,1,0,0
5015,35,1,0,0
5016,63,1,0,0
5017,33,1,0,0
5018,24,1,0,0
5019,15,1,0,0
5020,45,1,0,0
5021,202,1,0,0
5022,133,1,0,0
5023,24,1,0,0
5024,176,1,0,0
5025,30,1,0,0
5026,107,1,0,0
5027,75,1,0,0
5028,75,1,0,0
5029,96,1,0,0
5030,74,1,0,0
5031,103,1,0,0
5032,32,1,0,0
5033,31,1,0,0
5034,119,1,0,0
5035,40,1,0,0
5036,162,1,0,0
5037,61,1,0,0
5038,29,1,0,0
5039,22,1,0,0
5040,74,1,0,0
5041,53,1,0,0
5042,145,1,0,0
5043,68,1,0,0
5044,38,1,0,0
5045,60,1,0,0
5046,20,1,0,0
5047,36,1,0,0
5048,62,1,0,0
5049,39,1,0,0
5050,36,1,0,0
5051,16,1,0,0
5052,73,1,0,0
5053,43,1,0,0
5054,45,1,0,0
5055,280,1,0,0
5056,198,1,0,0
5057,8,1,0,0
5058,15,1,0,0
5059,66,1,0,0
5060,7,1,0,0
5061,79,1,0,0
5062,79,1,0,0
5063,80,1,0,0
5064,93,1,0,0
5065,175,1,0,0
5066,76,1,0,0
5067,105,1,0,0
5068,195,1,0,0
5069,69,1,0,0
5070,41,1,0,0
5071,103,1,0,0
5072,56,1,0,0
5073,51,1,0,0
5074,55,1,0,0
5075,109,1,0,0
5076,186,1,0,0
5077,21,1,0,0
5078,46,1,0,0
5079,85,1,0,0
5080,43,1,0,0
5081,53,1,0,0
5082,45,1,0,0
5083,31,1,0,0
5084,20,1,0,0
5085,28,1,0,0
5086,104,1,0,0
5087,115,1,0,0
5088,43,1,0,0
5089,157,1,0,0
5090,22,1,0,0
5091,19,1,0,0
5092,112,1,0,0
5093,111,1,0,0
5094,28,1,0,0
5095,98,1,0,0
5096,43,1,0,0
5097,54,1,0,0
5098,115,1,0,0
5099,32,1,0,0
5100,44,1,0,0
5101,25,1,0,0
5102,41,1,0,0
5103,70,1,0,0
5104,53,1,0,0
5105,20,1,0,0
5106,20,1,0,0
5107,63,1,0,0
5108,27,1,0,0
5109,27,1,0,0
5110,105,1,0,0
5111,61,1,0,0
5112,46,1,0,0
5113,7,1,0,0
5114,89,1,0,0
5115,44,1,0,0
5116,23,1,0,0
5117,16,1,0,0
5118,26,1,0,0
5119,273,1,0,0
5120,151,1,0,0
5121,43,1,0,0
5122,90,1,0,0
5123,93,1,0,0
5124,60,1,0,0
5125,30,1,0,0
5126,149,1,0,0
5127,112,1,0,0
5128,146,1,0,0
5129,94,1,0,0
5130,72,1,0,0
5131,37,1,0,0
5132,47,1,0,0
5133,74,1,0,0
5134,163,1,0,0
5135,24,1,0,0
5136,80,1,0,0
5137,43,1,0,0
5138,10,1,0,0
5139,85,1,0,0
5140,90,1,0,0
5141,99,1,0,0
5142,32,1,0,0
5143,72,1,0,0
5144,30,1,0,0
5145,94,1,0,0
5146,59,1,0,0
5147,33,1,0,0
5148,30,1,0,0
5149,86,1,0,0
5150,28,1,0,0
5151,29,1,0,0
5152,63,1,0,0
5153,24,1,0,0
5154,96,1,0,0
5155,125,1,0,0
5156,59,1,0,0
5157,23,1,0,0
5158,51,1,0,0
5159,17,1,0,0
5160,157,1,0,0
5161,58,1,0,0
5162,87,1,0,0
5163,53,1,0,0
5164,39,1,0,0
5165,54,1,0,0
5166,85,1,0,0
5167,36,1,0,0
5168,273,1,0,0
5169,63,1,0,0
5170,107,1,0,0
5171,77,1,0,0
5172,24,1,0,0
5173,93,1,0,0
5174,40,1,0,0
5175,54,1,0,0
5176,7,1,0,0
5177,50,1,0,0
5178,70,1,0,0
5179,50,1,0,0
5180,91,1,0,0
5181,170,1,0,0
5182,31,1,0,0
5183,47,1,0,0
5184,35,1,0,0
5185,10,1,0,0
5186,120,1,0,0
5187,61,1,0,0
5188,21,1,0,0
5189,26,1,0,0
5190,115,1,0,0
5191,43,1,0,0
5192,83,1,0,0
5193,66,1,0,0
5194,145,1,0,0
5195,44,1,0,0
5196,120,1,0,0
5197,107,1,0,0
5198,40,1,0,0
5199,58,1,0,0
5200,32,1,0,0
5201,107,1,0,0
5202,74,1,0,0
5203,94,1,0,0
5204,80,1,0,0
5205,23,1,0,0
5206,52,1,0,0
5207,35,1,0,0
5208,61,1,0,0
5209,46,1,0,0
5210,120,1,0,0
5211,106,1,0,0
5212,60,1,0,0
5213,57,1,0,0
5214,29,1,0,0
5215,67,1,0,0
5216,76,1,0,0
5217,150,1,0,0
5218,48,1,0,0
5219,62,1,0,0
5220,48,1,0,0
5221,32,1,0,0
5222,31,1,0,0
5223,39,1,0,0
5224,46,1,0,0
5225,18,1,0,0
5226,41,1,0,0
5227,52,1,0,0
5228,57,1,0,0
5229,16,1,0,0
5230,111,1,0,0
5231,117,1,0,0
5232,68,1,0,0
5233,42,1,0,0
5234,147,1,0,0
5235,26,1,0,0
5236,132,1,0,0
5237,150,1,0,0
5238,16,1,0,0
5239,50,1,0,0
5240,11,1,0,0
5241,66,1,0,0
5242,88,1,0,0
5243,170,1,0,0
5244,80,1,0,0
5245,49,1,0,0
5246,30,1,0,0
5247,26,1,0,0
5248,110,1,0,0
5249,46,1,0,0
5250,70,1,0,0
5251,28,1,0,0
5252,30,1,0,0
5253,57,1,0,0
5254,98,1,0,0
5255,17,1,0,0
5256,70,1,0,0
5257,116,1,0,0
5258,8,1,0,0
5259,65,1,0,0
5260,226,1,0,0
5261,17,1,0,0
5262,46,1,0,0
5263,188,1,0,0
5264,68,1,0,0
5265,39,1,0,0
5266,86,1,0,0
5267,82,1,0,0
5268,25,1,0,0
5269,45,1,0,0
5270,36,1,0,0
5271,89,1,0,0
5272,121,1,0,0
5273,27,1,0,0
5274,90,1,0,0
5275,123,1,0,0
5276,14,1,0,0
5277,40,1,0,0
5278,80,1,0,0
5279,133,1,0,0
5280,38,1,0,0
5281,79,1,0,0
5282,48,1,0,0
5283,14,1,0,0
5284,115,1,0,0
5285,106,1,0,0
5286,103,1,0,0
5287,29,1,0,0
5288,75,1,0,0
5289,34,1,0,0
5290,16,1,0,0
5291,34,1,0,0
5292,100,1,0,0
5293,79,1,0,0
5294,68,1,0,0
5295,128,1,0,0
5296,24,1,0,0
5297,152,1,0,0
5298,26,1,0,0
5299,52,1,0,0
5300,40,1,0,0
5301,21,1,0,0
5302,58,1,0,0
5303,29,1,0,0
5304,67,1,0,0
5305,23,1,0,0
5306,86,1,0,0
5307,30,1,0,0
5308,17,1,0,0
5309,16,1,0,0
5310,37,1,0,0
5311,90,1,0,0
5312,72,1,0,0
5313,112,1,0,0
5314,81,1,0,0
5315,115,1,0,0
5316,28,1,0,0
5317,50,1,0,0
5318,72,1,0,0
5319,36,1,0,0
5320,29,1,0,0
5321,86,1,0,0
5322,82,1,0,0
5323,66,1,0,0
5324,95,1,0,0
5325,81,1,0,0
5326,76,1,0,0
5327,16,1,0,0
5328,28,1,0,0
5329,62,1,0,0
5330,81,1,0,0
5331,68,1,0,0
5332,24,1,0,0
5333,146,1,0,0
5334,58,1,0,0
5335,27,1,0,0
5336,61,1,0,0
5337,10,1,0,0
5338,30,1,0,0
5339,116,1,0,0
5340,39,1,0,0
5341,13,1,0,0
5342,127,1,0,0
5343,199,1,0,0
5344,106,1,0,0
5345,26,1,0,0
5346,58,1,0,0
5347,64,1,0,0
5348,55,1,0,0
5349,24,1,0,0
5350,126,1,0,0
5351,155,1,0,0
5352,27,1,0,0
5353,68,1,0,0
5354,40,1,0,0
5355,45,1,0,0
5356,23,1,0,0
5357,43,1,0,0
5358,60,1,0,0
5359,86,1,0,0
5360,121,1,0,0
5361,14,1,0,0
5362,75,1,0,0
5363,56,1,0,0
5364,56,1,0,0
5365,53,1,0,0
5366,16,1,0,0
5367,33,1,0,0
5368,19,1,0,0
5369,44,1,0,0
5370,97,1,0,0
5371,31,1,0,0
5372,79,1,0,0
5373,13,1,0,0
5374,141,1,0,0
5375,66,1,0,0
5376,40,1,0,0
5377,56,1,0,0
5378,44,1,0,0
5379,58,1,0,0
5380,30,1,0,0
5381,36,1,0,0
5382,61,1,0,0
5383,52,1,0,0
5384,88,1,0,0
5385,10,1,0,0
5386,162,1,0,0
5387,150,1,0,0
5388,52,1,0,0
5389,9,1,0,0
5390,20,1,0,0
5391,53,1,0,0
5392,54,1,0,0
5393,88,1,0,0
5394,47,1,0,0
5395,57,1,0,0
5396,180,1,0,0
5397,69,1,0,0
5398,52,1,0,0
5399,78,1,0,0
5400,36,1,0,0
5401,65,1,0,0
5402,41,1,0,0
5403,28,1,0,0
5404,119,1,0,0
5405,28,1,0,0
5406,23,1,0,0
5407,19,1,0,0
5408,43,1,0,0
5409,46,1,0,0
5410,66,1,0,0
5411,88,1,0,0
5412,41,1,0,0
5413,32,1,0,0
5414,46,1,0,0
5415,55,1,0,0
5416,147,1,0,0
5417,26,1,0,0
5418,120,1,0,0
5419,136,1,0,0
5420,44,1,0,0
5421,146,1,0,0
5422,24,1,0,0
5423,49,1,0,0
5424,68,1,0,0
5425,35,1,0,0
5426,39,1,0,0
5427,120,1,0,0
5428,82,1,0,0
5429,42,1,0,0
5430,126,1,0,0
5431,45,1,0,0
5432,62,1,0,0
5433,10,1,0,0
5434,28,1,0,0
5435,45,1,0,0
5436,126,1,0,0
5437,33,1,0,0
5438,107,1,0,0
5439,115,1,0,0
5440,46,1,0,0
5441,24,1,0,0
5442,43,1,0,0
5443,51,1,0,0
5444,50,1,0,0
5445,95,1,0,0
5446,80,1,0,0
5447,26,1,0,0
5448,23,1,0,0
5449,15,1,0,0
5450,34,1,0,0
5451,56,1,0,0
5452,14,1,0,0
5453,86,1,0,0
5454,35,1,0,0
5455,148,1,0,0
5456,68,1,0,0
5457,55,1,0,0
5458,68,1,0,0
5459,55,1,0,0
5460,113,1,0,0
5461,162,1,0,0
5462,84,1,0,0
5463,51,1,0,0
5464,45,1,0,0
5465,109,1,0,0
5466,41,1,0,0
5467,17,1,0,0
5468,77,1,0,0
5469,94,1,0,0
5470,87,1,0,0
5471,190,1,0,0
5472,56,1,0,0
5473,98,1,0,0
5474,52,1,0,0
5475,82,1,0,0
5476,52,1,0,0
5477,114,1,0,0
5478,215,1,0,0
5479,61,1,0,0
5480,14,1,0,0
5481,273,1,0,0
5482,33,1,0,0
5483,33,1,0,0
5484,37,1,0,0
5485,49,1,0,0
5486,181,1,0,0
5487,44,1,0,0
5488,65,1,0,0
5489,52,1,0,0
5490,90,1,0,0
5491,21,1,0,0
5492,63,1,0,0
5493,189,1,0,0
5494,64,1,0,0
5495,102,1,0,0
5496,50,1,0,0
5497,225,1,0,0
5498,48,1,0,0
5499,29,1,0,0
5500,40,1,0,0
5501,47,1,0,0
5502,23,1,0,0
5503,37,1,0,0
5504,54,1,0,0
5505,65,1,0,0
5506,62,1,0,0
5507,79,1,0,0
5508,8,1,0,0
5509,111,1,0,0
5510,55,1,0,0
5511,36,1,0,0
5512,87,1,0,0
5513,14,1,0,0
5514,26,1,0,0
5515,65,1,0,0
5516,88,1,0,0
5517,132,1,0,0
5518,59,1,0,0
5519,19,1,0,0
5520,34,1,0,0
5521,63,1,0,0
5522,96,1,0,0
5523,53,1,0,0
5524,72,1,0,0
5525,11,1,0,0
5526,70,1,0,0
5527,92,1,0,0
5528,57,1,0,0
5529,69,1,0,0
5530,140,1,0,0
5531,182,1,0,0
5532,24,1,0,0
5533,44,1,0,0
5534,172,1,0,0
5535,39,1,0,0
5536,23,1,0,0
5537,79,1,0,0
5538,24,1,0,0
5539,184,1,0,0
5540,33,1,0,0
5541,344,1,0,0
5542,29,1,0,0
5543,130,1,0,0
5544,249,1,0,0
5545,120,1,0,0
5546,68,1,0,0
5547,87,1,0,0
5548,83,1,0,0
5549,69,1,0,0
5550,57,1,0,0
5551,93,1,0,0
5552,162,1,0,0
5553,50,1,0,0
5554,107,1,0,0
5555,16,1,0,0
5556,86,1,0,0
5557,98,1,0,0
5558,160,1,0,0
5559,21,1,0,0
5560,67,1,0,0
5561,47,1,0,0
5562,79,1,0,0
5563,69,1,0,0
5564,105,1,0,0
5565,148,1,0,0
5566,100,1,0,0
5567,39,1,0,0
5568,36,1,0,0
5569,126,1,0,0
5570,48,1,0,0
5571,46,1,0,0
5572,35,1,0,0
5573,65,1,0,0
5574,96,1,0,0
5575,27,1,0,0
5576,183,1,0,0
5577,106,1,0,0
5578,42,1,0,0
5579,105,1,0,0
5580,38,1,0,0
5581,99,1,0,0
5582,84,1,0,0
5583,27,1,0,0
5584,22,1,0,0
5585,23,1,0,0
5586,19,1,0,0
5587,28,1,0,0
5588,94,1,0,0
5589,65,1,0,0
5590,37,1,0,0
5591,86,1,0,0
5592,61,1,0,0
5593,20,1,0,0
5594,22,1,0,0
5595,53,1,0,0
5596,216,1,0,0
5597,24,1,0,0
5598,52,1,0,0
5599,79,1,0,0
5600,11,1,0,0
5601,43,1,0,0
5602,49,1,0,0
5603,84,1,0,0
5604,27,1,0,0
5605,74,1,0,0
5606,24,1,0,0
5607,49,1,0,0
5608,78,1,0,0
5609,40,1,0,0
5610,172,1,0,0
5611,41,1,0,0
5612,172,1,0,0
5613,120,1,0,0
5614,59,1,0,0
5615,107,1,0,0
5616,92,1,0,0
5617,51,1,0,0
5618,34,1,0,0
5619,91,1,0,0
5620,57,1,0,0
5621,23,1,0,0
5622,21,1,0,0
5623,20,1,0,0
5624,72,1,0,0
5625,47,1,0,0
5626,17,1,0,0
5627,60,1,0,0
5628,90,1,0,0
5629,228,1,0,0
5630,42,1,0,0
5631,110,1,0,0
5632,37,1,0,0
5633,92,1,0,0
5634,160,1,0,0
5635,57,1,0,0
5636,210,1,0,0
5637,83,1,0,0
5638,46,1,0,0
5639,30,1,0,0
5640,75,1,0,0
5641,58,1,0,0
5642,32,1,0,0
5643,220,1,0,0
5644,96,1,0,0
5645,54,1,0,0
5646,63,1,0,0
5647,196,1,0,0
5648,160,1,0,0
5649,32,1,0,0
5650,54,1,0,0
5651,102,1,0,0
5652,39,1,0,0
5653,23,1,0,0
5654,145,1,0,0
5655,95,1,0,0
5656,40,1,0,0
5657,35,1,0,0
5658,79,1,0,0
5659,98,1,0,0
5660,29,1,0,0
5661,77,1,0,0
5662,63,1,0,0
5663,137,1,0,0
5664,63,1,0,0
5665,34,1,0,0
5666,61,1,0,0
5667,124,1,0,0
5668,82,1,0,0
5669,35,1,0,0
5670,42,1,0,0
5671,177,1,0,0
5672,9,1,0,0
5673,176,1,0,0
5674,116,1,0,0
5675,47,1,0,0
5676,105,1,0,0
5677,71,1,0,0
5678,127,1,0,0
5679,80,1,0,0
5680,17,1,0,0
5681,317,1,0,0
5682,55,1,0,0
5683,96,1,0,0
5684,55,1,0,0
5685,36,1,0,0
5686,44,1,0,0
5687,78,1,0,0
5688,59,1,0,0
5689,37,1,0,0
5690,96,1,0,0
5691,102,1,0,0
5692,25,1,0,0
5693,51,1,0,0
5694,29,1,0,0
5695,70,1,0,0
5696,146,1,0,0
5697,21,1,0,0
5698,8,1,0,0
5699,24,1,0,0
5700,54,1,0,0
5701,51,1,0,0
5702,36,1,0,0
5703,9,1,0,0
5704,36,1,0,0
5705,48,1,0,0
5706,39,1,0,0
5707,96,1,0,0
5708,18,1,0,0
5709,30,1,0,0
5710,36,1,0,0
5711,136,1,0,0
5712,49,1,0,0
5713,34,1,0,0
5714,27,1,0,0
5715,45,1,0,0
5716,24,1,0,0
5717,30,1,0,0
5718,34,1,0,0
5719,16,1,0,0
5720,17,1,0,0
5721,190,1,0,0
5722,97,1,0,0
5723,185,1,0,0
5724,14,1,0,0
5725,79,1,0,0
5726,97,1,0,0
5727,16,1,0,0
5728,29,1,0,0
5729,46,1,0,0
5730,13,1,0,0
5731,99,1,0,0
5732,21,1,0,0
5733,63,1,0,0
5734,35,1,0,0
5735,61,1,0,0
5736,11,1,0,0
5737,80,1,0,0
5738,133,1,0,0
5739,52,1,0,0
5740,71,1,0,0
5741,90,1,0,0
5742,77,1,0,0
5743,27,1,0,0
5744,52,1,0,0
5745,41,1,0,0
5746,75,1,0,0
5747,11,1,0,0
5748,198,1,0,0
5749,35,1,0,0
5750,102,1,0,0
5751,83,1,0,0
5752,17,1,0,0
5753,58,1,0,0
5754,34,1,0,0
5755,178,1,0,0
5756,102,1,0,0
5757,16,1,0,0
5758,67,1,0,0
5759,62,1,0,0
5760,34,1,0,0
5761,57,1,0,0
5762,113,1,0,0
5763,86,1,0,0
5764,45,1,0,0
5765,111,1,0,0
5766,66,1,0,0
5767,12,1,0,0
5768,66,1,0,0
5769,106,1,0,0
5770,98,1,0,0
5771,118,1,0,0
5772,51,1,0,0
5773,139,1,0,0
5774,20,1,0,0
5775,42,1,0,0
5776,37,1,0,0
5777,33,1,0,0
5778,53,1,0,0
5779,27,1,0,0
5780,84,1,0,0
5781,80,1,0,0
5782,45,1,0,0
5783,17,1,0,0
5784,122,1,0,0
5785,64,1,0,0
5786,71,1,0,0
5787,39,1,0,0
5788,37,1,0,0
5789,146,1,0,0
5790,194,1,0,0
5791,57,1,0,0
5792,26,1,0,0
5793,39,1,0,0
5794,14,1,0,0
5795,38,1,0,0
5796,92,1,0,0
5797,125,1,0,0
5798,178,1,0,0
5799,23,1,0,0
5800,27,1,0,0
5801,22,1,0,0
5802,13,1,0,0
5803,130,1,0,0
5804,70,1,0,0
5805,16,1,0,0
5806,61,1,0,0
5807,29,1,0,0
5808,138,1,0,0
5809,38,1,0,0
5810,37,1,0,0
5811,17,1,0,0
5812,97,1,0,0
5813,22,1,0,0
5814,83,1,0,0
5815,58,1,0,0
5816,37,1,0,0
5817,97,1,0,0
5818,128,1,0,0
5819,133,1,0,0
5820,8,1,0,0
5821,132,1,0,0
5822,248,1,0,0
5823,97,1,0,0
5824,89,1,0,0
5825,71,1,0,0
5826,43,1,0,0
5827,46,1,0,0
5828,145,1,0,0
5829,19,1,0,0
5830,78,1,0,0
5831,80,1,0,0
5832,11,1,0,0
5833,178,1,0,0
5834,110,1,0,0
5835,108,1,0,0
5836,174,1,0,0
5837,26,1,0,0
5838,53,1,0,0
5839,53,1,0,0
5840,13,1,0,0
5841,32,1,0,0
5842,91,1,0,0
5843,227,1,0,0
5844,156,1,0,0
5845,31,1,0,0
5846,69,1,0,0
5847,30,1,0,0
5848,61,1,0,0
5849,17,1,0,0
5850,45,1,0,0
5851,56,1,0,0
5852,59,1,0,0
5853,108,1,0,0
5854,121,1,0,0
5855,58,1,0,0
5856,22,1,0,0
5857,25,1,0,0
5858,55,1,0,0
5859,56,1,0,0
5860,63,1,0,0
5861,25,1,0,0
5862,207,1,0,0
5863,85,1,0,0
5864,91,1,0,0
5865,152,1,0,0
5866,60,1,0,0
5867,81,1,0,0
5868,76,1,0,0
5869,44,1,0,0
5870,30,1,0,0
5871,59,1,0,0
5872,220,1,0,0
5873,49,1,0,0
5874,110,1,0,0
5875,40,1,0,0
5876,47,1,0,0
5877,25,1,0,0
5878,28,1,0,0
5879,16,1,0,0
5880,56,1,0,0
5881,83,1,0,0
5882,154,1,0,0
5883,192,1,0,0
5884,93,1,0,0
5885,191,1,0,0
5886,71,1,0,0
5887,25,1,0,0
5888,96,1,0,0
5889,49,1,0,0
5890,41,1,0,0
5891,23,1,0,0
5892,101,1,0,0
5893,51,1,0,0
5894,44,1,0,0
5895,131,1,0,0
5896,81,1,0,0
5897,144,1,0,0
5898,78,1,0,0
5899,61,1,0,0
5900,39,1,0,0
5901,149,1,0,0
5902,79,1,0,0
5903,42,1,0,0
5904,7,1,0,0
5905,82,1,0,0
5906,17,1,0,0
5907,99,1,0,0
5908,115,1,0,0
5909,90,1,0,0
5910,23,1,0,0
5911,106,1,0,0
5912,151,1,0,0
5913,98,1,0,0
5914,59,1,0,0
5915,80,1,0,0
5916,49,1,0,0
5917,39,1,0,0
5918,243,1,0,0
5919,51,1,0,0
5920,139,1,0,0
5921,160,1,0,0
5922,42,1,0,0
5923,55,1,0,0
5924,135,1,0,0
5925,114,1,0,0
5926,15,1,0,0
5927,14,1,0,0
5928,24,1,0,0
5929,79,1,0,0
5930,115,1,0,0
5931,54,1,0,0
5932,77,1,0,0
5933,16,1,0,0
5934,9,1,0,0
5935,19,1,0,0
5936,63,1,0,0
5937,59,1,0,0
5938,15,1,0,0
5939,30,1,0,0
5940,62,1,0,0
5941,28,1,0,0
5942,34,1,0,0
5943,7,1,0,0
5944,41,1,0,0
5945,62,1,0,0
5946,75,1,0,0
5947,98,1,0,0
5948,88,1,0,0
5949,24,1,0,0
5950,60,1,0,0
5951,42,1,0,0
5952,74,1,0,0
5953,92,1,0,0
5954,121,1,0,0
5955,10,1,0,0
5956,65,1,0,0
5957,28,1,0,0
5958,45,1,0,0
5959,63,1,0,0
5960,211,1,0,0
5961,21,1,0,0
5962,124,1,0,0
5963,25,1,0,0
5964,14,1,0,0
5965,210,1,0,0
5966,56,1,0,0
5967,34,1,0,0
5968,78,1,0,0
5969,30,1,0,0
5970,44,1,0,0
5971,42,1,0,0
5972,17,1,0,0
5973,101,1,0,0
5974,31,1,0,0
5975,62,1,0,0
5976,63,1,0,0
5977,52,1,0,0
5978,23,1,0,0
5979,48,1,0,0
5980,21,1,0,0
5981,58,1,0,0
5982,26,1,0,0
5983,117,1,0,0
5984,66,1,0,0
5985,24,1,0,0
5986,78,1,0,0
5987,87,1,0,0
5988,12,1,0,0
5989,237,1,0,0
5990,70,1,0,0
5991,82,1,0,0
5992,81,1,0,0
5993,25,1,0,0
5994,15,1,0,0
5995,114,1,0,0
5996,14,1,0,0
5997,171,1,0,0
5998,40,1,0,0
5999,35,1,0,0
6000,52,1,0,0
6001,44,1,0,0
6002,105,1,0,0
6003,44,1,0,0
6004,51,1,0,0
6005,95,1,0,0
6006,61,1,0,0
6007,94,1,0,0
6008,184,1,0,0
6009,9,1,0,0
6010,53,1,0,0
6011,23,1,0,0
6012,40,1,0,0
6013,30,1,0,0
6014,23,1,0,0
6015,16,1,0,0
6016,71,1,0,0
6017,63,1,0,0
6018,79,1,0,0
6019,56,1,0,0
6020,38,1,0,0
6021,67,1,0,0
6022,67,1,0,0
6023,155,1,0,0
6024,127,1,0,0
6025,38,1,0,0
6026,49,1,0,0
6027,40,1,0,0
6028,60,1,0,0
6029,147,1,0,0
6030,65,1,0,0
6031,29,1,0,0
6032,65,1,0,0
6033,261,1,0,0
6034,21,1,0,0
6035,208,1,0,0
6036,15,1,0,0
6037,75,1,0,0
6038,54,1,0,0
6039,23,1,0,0
6040,61,1,0,0
6041,46,1,0,0
6042,108,1,0,0
6043,146,1,0,0
6044,43,1,0,0
6045,61,1,0,0
6046,60,1,0,0
6047,33,1,0,0
6048,148,1,0,0
6049,67,1,0,0
6050,42,1,0,0
6051,55,1,0,0
6052,57,1,0,0
6053,43,1,0,0
6054,39,1,0,0
6055,58,1,0,0
6056,157,1,0,0
6057,36,1,0,0
6058,36,1,0,0
6059,94,1,0,0
6060,13,1,0,0
6061,50,1,0,0
6062,49,1,0,0
6063,55,1,0,0
6064,69,1,0,0
6065,51,1,0,0
6066,81,1,0,0
6067,44,1,0,0
6068,28,1,0,0
6069,31,1,0,0
6070,101,1,0,0
6071,94,1,0,0
6072,42,1,0,0
6073,8,1,0,0
6074,27,1,0,0
6075,39,1,0,0
6076,7,1,0,0
6077,116,1,0,0
6078,84,1,0,0
6079,95,1,0,0
6080,49,1,0,0
6081,80,1,0,0
6082,53,1,0,0
6083,28,1,0,0
6084,36,1,0,0
6085,21,1,0,0
6086,93,1,0,0
6087,232,1,0,0
6088,62,1,0,0
6089,104,1,0,0
6090,24,1,0,0
6091,28,1,0,0
6092,56,1,0,0
6093,43,1,0,0
6094,20,1,0,0
6095,136,1,0,0
6096,27,1,0,0
6097,111,1,0,0
6098,149,1,0,0
6099,42,1,0,0
6100,149,1,0,0
6101,86,1,0,0
6102,32,1,0,0
6103,41,1,0,0
6104,60,1,0,0
6105,8,1,0,0
6106,17,1,0,0
6107,87,1,0,0
6108,23,1,0,0
6109,293,1,0,0
6110,25,1,0,0
6111,70,1,0,0
6112,100,1,0,0
6113,54,1,0,0
6114,38,1,0,0
6115,114,1,0,0
6116,24,1,0,0
6117,194,1,0,0
6118,133,1,0,0
6119,22,1,0,0
6120,107,1,0,0
6121,81,1,0,0
6122,73,1,0,0
6123,40,1,0,0
6124,55,1,0,0
6125,30,1,0,0
6126,32,1,0,0
6127,38,1,0,0
6128,48,1,0,0
6129,49,1,0,0
6130,145,1,0,0
6131,50,1,0,0
6132,58,1,0,0
6133,52,1,0,0
6134,103,1,0,0
6135,26,1,0,0
6136,45,1,0,0
6137,85,1,0,0
6138,45,1,0,0
6139,181,1,0,0
6140,103,1,0,0
6141,104,1,0,0
6142,29,1,0,0
6143,15,1,0,0
6144,44,1,0,0
6145,54,1,0,0
6146,89,1,0,0
6147,28,1,0,0
6148,56,1,0,0
6149,44,1,0,0
6150,120,1,0,0
6151,12,1,0,0
6152,24,1,0,0
6153,27,1,0,0
6154,61,1,0,0
6155,56,1,0,0
6156,98,1,0,0
6157,45,1,0,0
6158,102,1,0,0
6159,98,1,0,0
6160,81,1,0,0
6161,200,1,0,0
6162,42,1,0,0
6163,123,1,0,0
6164,79,1,0,0
6165,168,1,0,0
6166,10,1,0,0
6167,27,1,0,0
6168,90,1,0,0
6169,144,1,0,0
6170,121,1,0,0
6171,45,1,0,0
6172,44,1,0,0
6173,69,1,0,0
6174,53,1,0,0
6175,81,1,0,0
6176,20,1,0,0
6177,37,1,0,0
6178,49,1,0,0
6179,42,1,0,0
6180,84,1,0,0
6181,50,1,0,0
6182,34,1,0,0
6183,43,1,0,0
6184,71,1,0,0
6185,25,1,0,0
6186,76,1,0,0
6187,24,1,0,0
6188,169,1,0,0
6189,74,1,0,0
6190,100,1,0,0
6191,23,1,0,0
6192,102,1,0,0
6193,55,1,0,0
6194,43,1,0,0
6195,47,1,0,0
6196,42,1,0,0
6197,139,1,0,0
6198,76,1,0,0
6199,48,1,0,0
6200,38,1,0,0
6201,26,1,0,0
6202,18,1,0,0
6203,23,1,0,0
6204,11,1,0,0
6205,39,1,0,0
6206,54,1,0,0
6207,22,1,0,0
6208,74,1,0,0
6209,25,1,0,0
6210,26,1,0,0
6211,21,1,0,0
6212,79,1,0,0
6213,48,1,0,0
6214,134,1,0,0
6215,333,1,0,0
6216,33,1,0,0
6217,99,1,0,0
6218,50,1,0,0
6219,72,1,0,0
6220,169,1,0,0
6221,58,1,0,0
6222,70,1,0,0
6223,114,1,0,0
6224,34,1,0,0
6225,79,1,0,0
6226,46,1,0,0
6227,79,1,0,0
6228,78,1,0,0
6229,113,1,0,0
6230,63,1,0,0
6231,39,1,0,0
6232,167,1,0,0
6233,84,1,0,0
6234,40,1,0,0
6235,40,1,0,0
6236,40,1,0,0
6237,24,1,0,0
6238,176,1,0,0
6239,84,1,0,0
6240,120,1,0,0
6241,178,1,0,0
6242,117,1,0,0
6243,100,1,0,0
6244,37,1,0,0
6245,31,1,0,0
6246,129,1,0,0
6247,13,1,0,0
6248,61,1,0,0
6249,18,1,0,0
6250,41,1,0,0
6251,119,1,0,0
6252,23,1,0,0
6253,123,1,0,0
6254,76,1,0,0
6255,45,1,0,0
6256,85,1,0,0
6257,40,1,0,0
6258,79,1,0,0
6259,147,1,0,0
6260,114,1,0,0
6261,39,1,0,0
6262,55,1,0,0
6263,138,1,0,0
6264,30,1,0,0
6265,75,1,0,0
6266,58,1,0,0
6267,61,1,0,0
6268,31,1,0,0
6269,25,1,0,0
6270,122,1,0,0
6271,34,1,0,0
6272,44,1,0,0
6273,69,1,0,0
6274,55,1,0,0
6275,50,1,0,0
6276,31,1,0,0
6277,55,1,0,0
6278,243,1,0,0
6279,102,1,0,0
6280,100,1,0,0
6281,48,1,0,0
6282,75,1,0,0
6283,30,1,0,0
6284,42,1,0,0
6285,87,1,0,0
6286,70,1,0,0
6287,233,1,0,0
6288,61,1,0,0
6289,34,1,0,0
6290,191,1,0,0
6291,43,1,0,0
6292,32,1,0,0
6293,43,1,0,0
6294,53,1,0,0
6295,72,1,0,0
6296,18,1,0,0
6297,48,1,0,0
6298,17,1,0,0
6299,80,1,0,0
6300,31,1,0,0
6301,7,1,0,0
6302,99,1,0,0
6303,79,1,0,0
6304,154,1,0,0
6305,156,1,0,0
6306,129,1,0,0
6307,137,1,0,0
6308,43,1,0,0
6309,16,1,0,0
6310,38,1,0,0
6311,83,1,0,0
6312,106,1,0,0
6313,38,1,0,0
6314,29,1,0,0
6315,70,1,0,0
6316,10,1,0,0
6317,49,1,0,0
6318,152,1,0,0
6319,208,1,0,0
6320,93,1,0,0
6321,138,1,0,0
6322,73,1,0,0
6323,48,1,0,0
6324,42,1,0,0
6325,74,1,0,0
6326,13,1,0,0
6327,78,1,0,0
6328,96,1,0,0
6329,86,1,0,0
6330,64,1,0,0
6331,23,1,0,0
6332,66,1,0,0
6333,247,1,0,0
6334,148,1,0,0
6335,94,1,0,0
6336,35,1,0,0
6337,63,1,0,0
6338,77,1,0,0
6339,28,1,0,0
6340,19,1,0,0
6341,156,1,0,0
6342,28,1,0,0
6343,108,1,0,0
6344,232,1,0,0
6345,15,1,0,0
6346,32,1,0,0
6347,64,1,0,0
6348,34,1,0,0
6349,27,1,0,0
6350,89,1,0,0
6351,95,1,0,0
6352,11,1,0,0
6353,64,1,0,0
6354,308,1,0,0
6355,33,1,0,0
6356,68,1,0,0
6357,69,1,0,0
6358,70,1,0,0
6359,17,1,0,0
6360,35,1,0,0
6361,26,1,0,0
6362,41,1,0,0
6363,48,1,0,0
6364,38,1,0,0
6365,37,1,0,0
6366,49,1,0,0
6367,45,1,0,0
6368,10,1,0,0
6369,275,1,0,0
6370,37,1,0,0
6371,47,1,0,0
6372,30,1,0,0
6373,39,1,0,0
6374,94,1,0,0
6375,52,1,0,0
6376,73,1,0,0
6377,28,1,0,0
6378,82,1,0,0
6379,41,1,0,0
6380,99,1,0,0
6381,85,1,0,0
6382,71,1,0,0
6383,12,1,0,0
6384,44,1,0,0
6385,181,1,0,0
6386,13,1,0,0
6387,40,1,0,0
6388,86,1,0,0
6389,46,1,0,0
6390,102,1,0,0
6391,20,1,0,0
6392,44,1,0,0
6393,65,1,0,0
6394,46,1,0,0
6395,127,1,0,0
6396,10,1,0,0
6397,109,1,0,0
6398,115,1,0,0
6399,26,1,0,0
6400,23,1,0,0
6401,66,1,0,0
6402,53,1,0,0
6403,76,1,0,0
6404,81,1,0,0
6405,39,1,0,0
6406,41,1,0,0
6407,104,1,0,0
6408,44,1,0,0
6409,54,1,0,0
6410,101,1,0,0
6411,54,1,0,0
6412,141,1,0,0
6413,11,1,0,0
6414,104,1,0,0
6415,47,1,0,0
6416,52,1,0,0
6417,11,1,0,0
6418,21,1,0,0
6419,49,1,0,0
6420,167,1,0,0
6421,13,1,0,0
6422,98,1,0,0
6423,61,1,0,0
6424,81,1,0,0
6425,212,1,0,0
6426,29,1,0,0
6427,104,1,0,0
6428,25,1,0,0
6429,131,1,0,0
6430,188,1,0,0
6431,19,1,0,0
6432,19,1,0,0
6433,41,1,0,0
6434,159,1,0,0
6435,173,1,0,0
6436,35,1,0,0
6437,43,1,0,0
6438,28,1,0,0
6439,128,1,0,0
6440,88,1,0,0
6441,126,1,0,0
6442,86,1,0,0
6443,226,1,0,0
6444,52,1,0,0
6445,38,1,0,0
6446,44,1,0,0
6447,44,1,0,0
6448,129,1,0,0
6449,97,1,0,0
6450,29,1,0,0
6451,70,1,0,0
6452,160,1,0,0
6453,83,1,0,0
6454,78,1,0,0
6455,50,1,0,0
6456,31,1,0,0
6457,33,1,0,0
6458,186,1,0,0
6459,30,1,0,0
6460,53,1,0,0
6461,34,1,0,0
6462,25,1,0,0
6463,63,1,0,0
6464,41,1,0,0
6465,49,1,0,0
6466,50,1,0,0
6467,52,1,0,0
6468,88,1,0,0
6469,39,1,0,0
6470,18,1,0,0
6471,79,1,0,0
6472,67,1,0,0
6473,83,1,0,0
6474,42,1,0,0
6475,29,1,0,0
6476,96,1,0,0
6477,156,1,0,0
6478,79,1,0,0
6479,76,1,0,0
6480,129,1,0,0
6481,166,1,0,0
6482,38,1,0,0
6483,28,1,0,0
6484,59,1,0,0
6485,68,1,0,0
6486,11,1,0,0
6487,37,1,0,0
6488,56,1,0,0
6489,13,1,0,0
6490,83,1,0,0
6491,97,1,0,0
6492,94,1,0,0
6493,25,1,0,0
6494,113,1,0,0
6495,124,1,0,0
6496,12,1,0,0
6497,71,1,0,0
6498,72,1,0,0
6499,17,1,0,0
6500,107,1,0,0
6501,140,1,0,0
6502,11,1,0,0
6503,57,1,0,0
6504,61,1,0,0
6505,114,1,0,0
6506,231,1,0,0
6507,93,1,0,0
6508,21,1,0,0
6509,62,1,0,0
6510,57,1,0,0
6511,148,1,0,0
6512,163,1,0,0
6513,42,1,0,0
6514,75,1,0,0
6515,39,1,0,0
6516,90,1,0,0
6517,66,1,0,0
6518,27,1,0,0
6519,21,1,0,0
6520,71,1,0,0
6521,51,1,0,0
6522,89,1,0,0
6523,71,1,0,0
6524,46,1,0,0
6525,208,1,0,0
6526,181,1,0,0
6527,40,1,0,0
6528,103,1,0,0
6529,105,1,0,0
6530,117,1,0,0
6531,31,1,0,0
6532,34,1,0,0
6533,71,1,0,0
6534,58,1,0,0
6535,150,1,0,0
6536,153,1,0,0
6537,27,1,0,0
6538,16,1,0,0
6539,9,1,0,0
6540,92,1,0,0
6541,27,1,0,0
6542,11,1,0,0
6543,187,1,0,0
6544,56,1,0,0
6545,96,1,0,0
6546,37,1,0,0
6547,100,1,0,0
6548,187,1,0,0
6549,32,1,0,0
6550,21,1,0,0
6551,133,1,0,0
6552,48,1,0,0
6553,19,1,0,0
6554,11,1,0,0
6555,39,1,0,0
6556,33,1,0,0
6557,40,1,0,0
6558,23,1,0,0
6559,58,1,0,0
6560,51,1,0,0
6561,54,1,0,0
6562,41,1,0,0
6563,57,1,0,0
6564,72,1,0,0
6565,63,1,0,0
6566,166,1,0,0
6567,113,1,0,0
6568,141,1,0,0
6569,47,1,0,0
6570,48,1,0,0
6571,35,1,0,0
6572,49,1,0,0
6573,91,1,0,0
6574,20,1,0,0
6575,46,1,0,0
6576,41,1,0,0
6577,95,1,0,0
6578,41,1,0,0
6579,42,1,0,0
6580,64,1,0,0
6581,124,1,0,0
6582,58,1,0,0
6583,112,1,0,0
6584,156,1,0,0
6585,36,1,0,0
6586,105,1,0,0
6587,63,1,0,0
6588,123,1,0,0
6589,38,1,0,0
6590,42,1,0,0
6591,104,1,0,0
6592,46,1,0,0
6593,83,1,0,0
6594,81,1,0,0
6595,98,1,0,0
6596,161,1,0,0
6597,116,1,0,0
6598,23,1,0,0
6599,113,1,0,0
6600,159,1,0,0
6601,26,1,0,0
6602,43,1,0,0
6603,28,1,0,0
6604,9,1,0,0
6605,22,1,0,0
6606,91,1,0,0
6607,203,1,0,0
6608,63,1,0,0
6609,18,1,0,0
6610,100,1,0,0
6611,75,1,0,0
6612,17,1,0,0
6613,57,1,0,0
6614,67,1,0,0
6615,9,1,0,0
6616,82,1,0,0
6617,119,1,0,0
6618,110,1,0,0
6619,82,1,0,0
6620,79,1,0,0
6621,51,1,0,0
6622,129,1,0,0
6623,237,1,0,0
6624,63,1,0,0
6625,216,1,0,0
6626,57,1,0,0
6627,70,1,0,0
6628,154,1,0,0
6629,59,1,0,0
6630,21,1,0,0
6631,184,1,0,0
6632,107,1,0,0
6633,84,1,0,0
6634,45,1,0,0
6635,8,1,0,0
6636,14,1,0,0
6637,121,1,0,0
6638,137,1,0,0
6639,99,1,0,0
6640,83,1,0,0
6641,20,1,0,0
6642,134,1,0,0
6643,47,1,0,0
6644,27,1,0,0
6645,81,1,0,0
6646,50,1,0,0
6647,42,1,0,0
6648,68,1,0,0
6649,85,1,0,0
6650,201,1,0,0
6651,70,1,0,0
6652,30,1,0,0
6653,78,1,0,0
6654,130,1,0,0
6655,11,1,0,0
6656,49,1,0,0
6657,58,1,0,0
6658,22,1,0,0
6659,166,1,0,0
6660,129,1,0,0
6661,67,1,0,0
6662,125,1,0,0
6663,64,1,0,0
6664,18,1,0,0
6665,85,1,0,0
6666,107,1,0,0
6667,65,1,0,0
6668,230,1,0,0
6669,52,1,0,0
6670,96,1,0,0
6671,141,1,0,0
6672,59,1,0,0
6673,51,1,0,0
6674,26,1,0,0
6675,69,1,0,0
6676,49,1,0,0
6677,116,1,0,0
6678,109,1,0,0
6679,214,1,0,0
6680,21,1,0,0
6681,31,1,0,0
6682,19,1,0,0
6683,72,1,0,0
6684,72,1,0,0
6685,72,1,0,0
6686,39,1,0,0
6687,118,1,0,0
6688,90,1,0,0
6689,69,1,0,0
6690,15,1,0,0
6691,56,1,0,0
6692,44,1,0,0
6693,59,1,0,0
6694,47,1,0,0
6695,101,1,0,0
6696,124,1,0,0
6697,82,1,0,0
6698,9,1,0,0
6699,79,1,0,0
6700,18,1,0,0
6701,72,1,0,0
6702,87,1,0,0
6703,22,1,0,0
6704,34,1,0,0
6705,70,1,0,0
6706,74,1,0,0
6707,37,1,0,0
6708,25,1,0,0
6709,112,1,0,0
6710,78,1,0,0
6711,86,1,0,0
6712,87,1,0,0
6713,106,1,0,0
6714,114,1,0,0
6715,197,1,0,0
6716,14,1,0,0
6717,16,1,0,0
6718,43,1,0,0
6719,24,1,0,0
6720,134,1,0,0
6721,53,1,0,0
6722,11,1,0,0
6723,75,1,0,0
6724,82,1,0,0
6725,18,1,0,0
6726,55,1,0,0
6727,160,1,0,0
6728,53,1,0,0
6729,41,1,0,0
6730,36,1,0,0
6731,206,1,0,0
6732,67,1,0,0
6733,122,1,0,0
6734,72,1,0,0
6735,22,1,0,0
6736,63,1,0,0
6737,40,1,0,0
6738,71,1,0,0
6739,65,1,0,0
6740,15,1,0,0
6741,36,1,0,0
6742,23,1,0,0
6743,20,1,0,0
6744,18,1,0,0
6745,332,1,0,0
6746,21,1,0,0
6747,36,1,0,0
6748,13,1,0,0
6749,63,1,0,0
6750,17,1,0,0
6751,72,1,0,0
6752,72,1,0,0
6753,134,1,0,0
6754,54,1,0,0
6755,174,1,0,0
6756,32,1,0,0
6757,35,1,0,0
6758,177,1,0,0
6759,25,1,0,0
6760,80,1,0,0
6761,58,1,0,0
6762,195,1,0,0
6763,29,1,0,0
6764,39,1,0,0
6765,22,1,0,0
6766,81,1,0,0
6767,88,1,0,0
6768,46,1,0,0
6769,148,1,0,0
6770,198,1,0,0
6771,19,1,0,0
6772,72,1,0,0
6773,48,1,0,0
6774,62,1,0,0
6775,57,1,0,0
6776,184,1,0,0
6777,130,1,0,0
6778,56,1,0,0
6779,22,1,0,0
6780,141,1,0,0
6781,19,1,0,0
6782,100,1,0,0
6783,25,1,0,0
6784,203,1,0,0
6785,28,1,0,0
6786,93,1,0,0
6787,19,1,0,0
6788,71,1,0,0
6789,53,1,0,0
6790,77,1,0,0
6791,38,1,0,0
6792,79,1,0,0
6793,44,1,0,0
6794,140,1,0,0
6795,35,1,0,0
6796,60,1,0,0
6797,202,1,0,0
6798,26,1,0,0
6799,36,1,0,0
6800,34,1,0,0
6801,27,1,0,0
6802,70,1,0,0
6803,46,1,0,0
6804,164,1,0,0
6805,12,1,0,0
6806,65,1,0,0
6807,40,1,0,0
6808,44,1,0,0
6809,73,1,0,0
6810,25,1,0,0
6811,26,1,0,0
6812,21,1,0,0
6813,24,1,0,0
6814,47,1,0,0
6815,121,1,0,0
6816,73,1,0,0
6817,44,1,0,0
6818,31,1,0,0
6819,29,1,0,0
6820,74,1,0,0
6821,138,1,0,0
6822,47,1,0,0
6823,13,1,0,0
6824,28,1,0,0
6825,45,1,0,0
6826,74,1,0,0
6827,62,1,0,0
6828,179,1,0,0
6829,24,1,0,0
6830,112,1,0,0
6831,50,1,0,0
6832,60,1,0,0
6833,78,1,0,0
6834,17,1,0,0
6835,52,1,0,0
6836,42,1,0,0
6837,44,1,0,0
6838,88,1,0,0
6839,54,1,0,0
6840,56,1,0,0
6841,23,1,0,0
6842,56,1,0,0
6843,17,1,0,0
6844,20,1,0,0
6845,19,1,0,0
6846,36,1,0,0
6847,97,1,0,0
6848,34,1,0,0
6849,105,1,0,0
6850,56,1,0,0
6851,43,1,0,0
6852,43,1,0,0
6853,54,1,0,0
6854,116,1,0,0
6855,75,1,0,0
6856,25,1,0,0
6857,12,1,0,0
6858,63,1,0,0
6859,38,1,0,0
6860,132,1,0,0
6861,22,1,0,0
6862,84,1,0,0
6863,18,1,0,0
6864,64,1,0,0
6865,67,1,0,0
6866,61,1,0,0
6867,199,1,0,0
6868,15,1,0,0
6869,17,1,0,0
6870,47,1,0,0
6871,104,1,0,0
6872,70,1,0,0
6873,61,1,0,0
6874,46,1,0,0
6875,51,1,0,0
6876,109,1,0,0
6877,143,1,0,0
6878,50,1,0,0
6879,181,1,0,0
6880,41,1,0,0
6881,70,1,0,0
6882,29,1,0,0
6883,47,1,0,0
6884,47,1,0,0
6885,25,1,0,0
6886,105,1,0,0
6887,83,1,0,0
6888,309,1,0,0
6889,116,1,0,0
6890,54,1,0,0
6891,260,1,0,0
6892,77,1,0,0
6893,35,1,0,0
6894,109,1,0,0
6895,43,1,0,0
6896,58,1,0,0
6897,48,1,0,0
6898,20,1,0,0
6899,23,1,0,0
6900,78,1,0,0
6901,34,1,0,0
6902,153,1,0,0
6903,42,1,0,0
6904,102,1,0,0
6905,12,1,0,0
6906,193,1,0,0
6907,34,1,0,0
6908,30,1,0,0
6909,31,1,0,0
6910,65,1,0,0
6911,55,1,0,0
6912,95,1,0,0
6913,117,1,0,0
6914,66,1,0,0
6915,39,1,0,0
6916,37,1,0,0
6917,18,1,0,0
6918,61,1,0,0
6919,39,1,0,0
6920,110,1,0,0
6921,30,1,0,0
6922,51,1,0,0
6923,12,1,0,0
6924,72,1,0,0
6925,129,1,0,0
6926,76,1,0,0
6927,153,1,0,0
6928,77,1,0,0
6929,112,1,0,0
6930,40,1,0,0
6931,37,1,0,0
6932,104,1,0,0
6933,55,1,0,0
6934,103,1,0,0
6935,53,1,0,0
6936,25,1,0,0
6937,40,1,0,0
6938,35,1,0,0
6939,29,1,0,0
6940,66,1,0,0
6941,79,1,0,0
6942,55,1,0,0
6943,66,1,0,0
6944,136,1,0,0
6945,65,1,0,0
6946,46,1,0,0
6947,60,1,0,0
6948,38,1,0,0
6949,61,1,0,0
6950,27,1,0,0
6951,53,1,0,0
6952,44,1,0,0
6953,55,1,0,0
6954,77,1,0,0
6955,28,1,0,0
6956,62,1,0,0
6957,96,1,0,0
6958,211,1,0,0
6959,178,1,0,0
6960,46,1,0,0
6961,34,1,0,0
6962,29,1,0,0
6963,44,1,0,0
6964,23,1,0,0
6965,97,1,0,0
6966,54,1,0,0
6967,64,1,0,0
6968,75,1,0,0
6969,8,1,0,0
6970,80,1,0,0
6971,79,1,0,0
6972,64,1,0,0
6973,56,1,0,0
6974,150,1,0,0
6975,78,1,0,0
6976,94,1,0,0
6977,44,1,0,0
6978,79,1,0,0
6979,102,1,0,0
6980,47,1,0,0
6981,59,1,0,0
6982,19,1,0,0
6983,47,1,0,0
6984,34,1,0,0
6985,87,1,0,0
6986,90,1,0,0
6987,24,1,0,0
6988,16,1,0,0
6989,27,1,0,0
6990,20,1,0,0
6991,126,1,0,0
6992,51,1,0,0
6993,93,1,0,0
6994,18,1,0,0
6995,46,1,0,0
6996,136,1,0,0
6997,125,1,0,0
6998,23,1,0,0
6999,82,1,0,0
7000,84,1,0,0
7001,97,1,0,0
7002,44,1,0,0
7003,44,1,0,0
7004,13,1,0,0
7005,24,1,0,0
7006,23,1,0,0
7007,64,1,0,0
7008,45,1,0,0
7009,75,1,0,0
7010,81,1,0,0
7011,80,1,0,0
7012,102,1,0,0
7013,70,1,0,0
7014,12,1,0,0
7015,35,1,0,0
7016,87,1,0,0
7017,15,1,0,0
7018,204,1,0,0
7019,17,1,0,0
7020,11,1,0,0
7021,93,1,0,0
7022,42,1,0,0
7023,17,1,0,0
7024,37,1,0,0
7025,40,1,0,0
7026,48,1,0,0
7027,148,1,0,0
7028,86,1,0,0
7029,66,1,0,0
7030,99,1,0,0
7031,79,1,0,0
7032,42,1,0,0
7033,19,1,0,0
7034,64,1,0,0
7035,100,1,0,0
7036,20,1,0,0
7037,204,1,0,0
7038,63,1,0,0
7039,31,1,0,0
7040,64,1,0,0
7041,46,1,0,0
7042,81,1,0,0
7043,30,1,0,0
7044,52,1,0,0
7045,43,1,0,0
7046,182,1,0,0
7047,81,1,0,0
7048,112,1,0,0
7049,62,1,0,0
7050,46,1,0,0
7051,48,1,0,0
7052,68,1,0,0
7053,80,1,0,0
7054,137,1,0,0
7055,44,1,0,0
7056,86,1,0,0
7057,52,1,0,0
7058,139,1,0,0
7059,58,1,0,0
7060,46,1,0,0
7061,78,1,0,0
7062,28,1,0,0
7063,61,1,0,0
7064,39,1,0,0
7065,42,1,0,0
7066,63,1,0,0
7067,135,1,0,0
7068,16,1,0,0
7069,22,1,0,0
7070,41,1,0,0
7071,107,1,0,0
7072,31,1,0,0
7073,115,1,0,0
7074,14,1,0,0
7075,24,1,0,0
7076,42,1,0,0
7077,22,1,0,0
7078,22,1,0,0
7079,160,1,0,0
7080,28,1,0,0
7081,18,1,0,0
7082,139,1,0,0
7083,67,1,0,0
7084,27,1,0,0
7085,26,1,0,0
7086,59,1,0,0
7087,64,1,0,0
7088,69,1,0,0
7089,126,1,0,0
7090,155,1,0,0
7091,52,1,0,0
7092,38,1,0,0
7093,36,1,0,0
7094,81,1,0,0
7095,46,1,0,0
7096,36,1,0,0
7097,317,1,0,0
7098,12,1,0,0
7099,24,1,0,0
7100,17,1,0,0
7101,141,1,0,0
7102,65,1,0,0
7103,56,1,0,0
7104,21,1,0,0
7105,46,1,0,0
7106,20,1,0,0
7107,114,1,0,0
7108,15,1,0,0
7109,47,1,0,0
7110,10,1,0,0
7111,9,1,0,0
7112,151,1,0,0
7113,41,1,0,0
7114,43,1,0,0
7115,24,1,0,0
7116,24,1,0,0
7117,10,1,0,0
7118,88,1,0,0
7119,107,1,0,0
7120,111,1,0,0
7121,99,1,0,0
7122,58,1,0,0
7123,68,1,0,0
7124,53,1,0,0
7125,190,1,0,0
7126,35,1,0,0
7127,63,1,0,0
7128,117,1,0,0
7129,38,1,0,0
7130,84,1,0,0
7131,18,1,0,0
7132,56,1,0,0
7133,34,1,0,0
7134,97,1,0,0
7135,121,1,0,0
7136,113,1,0,0
7137,34,1,0,0
7138,66,1,0,0
7139,15,1,0,0
7140,122,1,0,0
7141,34,1,0,0
7142,14,1,0,0
7143,79,1,0,0
7144,87,1,0,0
7145,73,1,0,0
7146,106,1,0,0
7147,38,1,0,0
7148,55,1,0,0
7149,33,1,0,0
7150,75,1,0,0
7151,68,1,0,0
7152,319,1,0,0
7153,42,1,0,0
7154,137,1,0,0
7155,24,1,0,0
7156,24,1,0,0
7157,66,1,0,0
7158,22,1,0,0
7159,38,1,0,0
7160,242,1,0,0
7161,33,1,0,0
7162,46,1,0,0
7163,84,1,0,0
7164,27,1,0,0
7165,66,1,0,0
7166,26,1,0,0
7167,50,1,0,0
7168,23,1,0,0
7169,44,1,0,0
7170,60,1,0,0
7171,24,1,0,0
7172,75,1,0,0
7173,205,1,0,0
7174,180,1,0,0
7175,84,1,0,0
7176,181,1,0,0
7177,12,1,0,0
7178,62,1,0,0
7179,57,1,0,0
7180,80,1,0,0
7181,40,1,0,0
7182,93,1,0,0
7183,96,1,0,0
7184,77,1,0,0
7185,10,1,0,0
7186,31,1,0,0
7187,35,1,0,0
7188,85,1,0,0
7189,50,1,0,0
7190,15,1,0,0
7191,41,1,0,0
7192,114,1,0,0
7193,50,1,0,0
7194,44,1,0,0
7195,63,1,0,0
7196,82,1,0,0
7197,50,1,0,0
7198,39,1,0,0
7199,63,1,0,0
7200,189,1,0,0
7201,72,1,0,0
7202,14,1,0,0
7203,149,1,0,0
7204,14,1,0,0
7205,87,1,0,0
7206,295,1,0,0
7207,14,1,0,0
7208,78,1,0,0
7209,49,1,0,0
7210,75,1,0,0
7211,37,1,0,0
7212,244,1,0,0
7213,67,1,0,0
7214,94,1,0,0
7215,24,1,0,0
7216,56,1,0,0
7217,204,1,0,0
7218,118,1,0,0
7219,88,1,0,0
7220,43,1,0,0
7221,211,1,0,0
7222,60,1,0,0
7223,72,1,0,0
7224,64,1,0,0
7225,8,1,0,0
7226,64,1,0,0
7227,59,1,0,0
7228,25,1,0,0
7229,22,1,0,0
7230,81,1,0,0
7231,59,1,0,0
7232,102,1,0,0
7233,20,1,0,0
7234,29,1,0,0
7235,97,1,0,0
7236,61,1,0,0
7237,60,1,0,0
7238,31,1,0,0
7239,143,1,0,0
7240,12,1,0,0
7241,50,1,0,0
7242,77,1,0,0
7243,52,1,0,0
7244,85,1,0,0
7245,11,1,0,0
7246,107,1,0,0
7247,73,1,0,0
7248,45,1,0,0
7249,99,1,0,0
7250,20,1,0,0
7251,13,1,0,0
7252,72,1,0,0
7253,106,1,0,0
7254,95,1,0,0
7255,233,1,0,0
7256,62,1,0,0
7257,41,1,0,0
7258,116,1,0,0
7259,128,1,0,0
7260,96,1,0,0
7261,316,1,0,0
7262,114,1,0,0
7263,48,1,0,0
7264,22,1,0,0
7265,66,1,0,0
7266,122,1,0,0
7267,66,1,0,0
7268,25,1,0,0
7269,23,1,0,0
7270,78,1,0,0
7271,149,1,0,0
7272,175,1,0,0
7273,47,1,0,0
7274,77,1,0,0
7275,39,1,0,0
7276,178,1,0,0
7277,37,1,0,0
7278,52,1,0,0
7279,59,1,0,0
7280,88,1,0,0
7281,33,1,0,0
7282,27,1,0,0
7283,128,1,0,0
7284,114,1,0,0
7285,26,1,0,0
7286,52,1,0,0
7287,37,1,0,0
7288,30,1,0,0
7289,65,1,0,0
7290,28,1,0,0
7291,111,1,0,0
7292,124,1,0,0
7293,79,1,0,0
7294,65,1,0,0
7295,38,1,0,0
7296,112,1,0,0
7297,42,1,0,0
7298,150,1,0,0
7299,29,1,0,0
7300,44,1,0,0
7301,48,1,0,0
7302,90,1,0,0
7303,143,1,0,0
7304,49,1,0,0
7305,55,1,0,0
7306,158,1,0,0
7307,61,1,0,0
7308,29,1,0,0
7309,35,1,0,0
7310,24,1,0,0
7311,47,1,0,0
7312,36,1,0,0
7313,41,1,0,0
7314,252,1,0,0
7315,69,1,0,0
7316,52,1,0,0
7317,101,1,0,0
7318,16,1,0,0
7319,132,1,0,0
7320,67,1,0,0
7321,89,1,0,0
7322,254,1,0,0
7323,88,1,0,0
7324,7,1,0,0
7325,87,1,0,0
7326,98,1,0,0
7327,55,1,0,0
7328,23,1,0,0
7329,38,1,0,0
7330,15,1,0,0
7331,134,1,0,0
7332,43,1,0,0
7333,35,1,0,0
7334,64,1,0,0
7335,61,1,0,0
7336,33,1,0,0
7337,99,1,0,0
7338,21,1,0,0
7339,160,1,0,0
7340,86,1,0,0
7341,65,1,0,0
7342,77,1,0,0
7343,15,1,0,0
7344,61,1,0,0
7345,63,1,0,0
7346,66,1,0,0
7347,32,1,0,0
7348,259,1,0,0
7349,16,1,0,0
7350,34,1,0,0
7351,52,1,0,0
7352,53,1,0,0
7353,46,1,0,0
7354,130,1,0,0
7355,24,1,0,0
7356,49,1,0,0
7357,66,1,0,0
7358,11,1,0,0
7359,29,1,0,0
7360,84,1,0,0
7361,107,1,0,0
7362,56,1,0,0
7363,31,1,0,0
7364,9,1,0,0
7365,118,1,0,0
7366,75,1,0,0
7367,99,1,0,0
7368,104,1,0,0
7369,15,1,0,0
7370,76,1,0,0
7371,40,1,0,0
7372,123,1,0,0
7373,38,1,0,0
7374,70,1,0,0
7375,32,1,0,0
7376,41,1,0,0
7377,32,1,0,0
7378,105,1,0,0
7379,58,1,0,0
7380,94,1,0,0
7381,85,1,0,0
7382,29,1,0,0
7383,18,1,0,0
7384,188,1,0,0
7385,42,1,0,0
7386,213,1,0,0
7387,43,1,0,0
7388,190,1,0,0
7389,35,1,0,0
7390,69,1,0,0
7391,31,1,0,0
7392,180,1,0,0
7393,50,1,0,0
7394,34,1,0,0
7395,24,1,0,0
7396,66,1,0,0
7397,459,1,0,0
7398,86,1,0,0
7399,32,1,0,0
7400,9,1,0,0
7401,50,1,0,0
7402,133,1,0,0
7403,104,1,0,0
7404,25,1,0,0
7405,34,1,0,0
7406,283,1,0,0
7407,41,1,0,0
7408,62,1,0,0
7409,38,1,0,0
7410,18,1,0,0
7411,76,1,0,0
7412,125,1,0,0
7413,153,1,0,0
7414,70,1,0,0
7415,40,1,0,0
7416,40,1,0,0
7417,64,1,0,0
7418,194,1,0,0
7419,215,1,0,0
7420,89,1,0,0
7421,43,1,0,0
7422,42,1,0,0
7423,31,1,0,0
7424,76,1,0,0
7425,9,1,0,0
7426,85,1,0,0
7427,56,1,0,0
7428,58,1,0,0
7429,249,1,0,0
7430,109,1,0,0
7431,42,1,0,0
7432,16,1,0,0
7433,148,1,0,0
7434,61,1,0,0
7435,83,1,0,0
7436,69,1,0,0
7437,41,1,0,0
7438,14,1,0,0
7439,160,1,0,0
7440,31,1,0,0
7441,66,1,0,0
7442,109,1,0,0
7443,31,1,0,0
7444,41,1,0,0
7445,46,1,0,0
7446,15,1,0,0
7447,34,1,0,0
7448,106,1,0,0
7449,143,1,0,0
7450,103,1,0,0
7451,60,1,0,0
7452,99,1,0,0
7453,175,1,0,0
7454,136,1,0,0
7455,32,1,0,0
7456,471,1,0,0
7457,52,1,0,0
7458,63,1,0,0
7459,106,1,0,0
7460,96,1,0,0
7461,72,1,0,0
7462,34,1,0,0
7463,47,1,0,0
7464,68,1,0,0
7465,183,1,0,0
7466,210,1,0,0
7467,49,1,0,0
7468,33,1,0,0
7469,26,1,0,0
7470,76,1,0,0
7471,138,1,0,0
7472,56,1,0,0
7473,31,1,0,0
7474,50,1,0,0
7475,99,1,0,0
7476,144,1,0,0
7477,53,1,0,0
7478,46,1,0,0
7479,128,1,0,0
7480,22,1,0,0
7481,16,1,0,0
7482,39,1,0,0
7483,234,1,0,0
7484,99,1,0,0
7485,11,1,0,0
7486,132,1,0,0
7487,81,1,0,0
7488,89,1,0,0
7489,23,1,0,0
7490,81,1,0,0
7491,54,1,0,0
7492,88,1,0,0
7493,89,1,0,0
7494,28,1,0,0
7495,81,1,0,0
7496,35,1,0,0
7497,74,1,0,0
7498,102,1,0,0
7499,79,1,0,0
7500,140,1,0,0
7501,35,1,0,0
7502,28,1,0,0
7503,29,1,0,0
7504,128,1,0,0
7505,18,1,0,0
7506,116,1,0,0
7507,97,1,0,0
7508,65,1,0,0
7509,29,1,0,0
7510,95,1,0,0
7511,62,1,0,0
7512,64,1,0,0
7513,9,1,0,0
7514,57,1,0,0
7515,173,1,0,0
7516,109,1,0,0
7517,218,1,0,0
7518,79,1,0,0
7519,46,1,0,0
7520,34,1,0,0
7521,79,1,0,0
7522,39,1,0,0
7523,32,1,0,0
7524,51,1,0,0
7525,122,1,0,0
7526,111,1,0,0
7527,101,1,0,0
7528,52,1,0,0
7529,34,1,0,0
7530,39,1,0,0
7531,40,1,0,0
7532,85,1,0,0
7533,18,1,0,0
7534,45,1,0,0
7535,26,1,0,0
7536,33,1,0,0
7537,21,1,0,0
7538,33,1,0,0
7539,120,1,0,0
7540,47,1,0,0
7541,63,1,0,0
7542,95,1,0,0
7543,97,1,0,0
7544,115,1,0,0
7545,9,1,0,0
7546,55,1,0,0
7547,33,1,0,0
7548,27,1,0,0
7549,20,1,0,0
7550,72,1,0,0
7551,96,1,0,0
7552,37,1,0,0
7553,99,1,0,0
7554,114,1,0,0
7555,12,1,0,0
7556,86,1,0,0
7557,53,1,0,0
7558,30,1,0,0
7559,21,1,0,0
7560,16,1,0,0
7561,10,1,0,0
7562,33,1,0,0
7563,88,1,0,0
7564,94,1,0,0
7565,69,1,0,0
7566,13,1,0,0
7567,66,1,0,0
7568,27,1,0,0
7569,103,1,0,0
7570,71,1,0,0
7571,64,1,0,0
7572,63,1,0,0
7573,51,1,0,0
7574,51,1,0,0
7575,33,1,0,0
7576,81,1,0,0
7577,54,1,0,0
7578,38,1,0,0
7579,140,1,0,0
7580,28,1,0,0
7581,84,1,0,0
7582,54,1,0,0
7583,17,1,0,0
7584,178,1,0,0
7585,19,1,0,0
7586,37,1,0,0
7587,76,1,0,0
7588,35,1,0,0
7589,102,1,0,0
7590,13,1,0,0
7591,113,1,0,0
7592,79,1,0,0
7593,66,1,0,0
7594,68,1,0,0
7595,63,1,0,0
7596,68,1,0,0
7597,38,1,0,0
7598,60,1,0,0
7599,31,1,0,0
7600,62,1,0,0
7601,39,1,0,0
7602,160,1,0,0
7603,42,1,0,0
7604,69,1,0,0
7605,43,1,0,0
7606,24,1,0,0
7607,14,1,0,0
7608,38,1,0,0
7609,87,1,0,0
7610,120,1,0,0
7611,30,1,0,0
7612,131,1,0,0
7613,24,1,0,0
7614,122,1,0,0
7615,120,1,0,0
7616,101,1,0,0
7617,15,1,0,0
7618,150,1,0,0
7619,77,1,0,0
7620,30,1,0,0
7621,186,1,0,0
7622,78,1,0,0
7623,87,1,0,0
7624,100,1,0,0
7625,18,1,0,0
7626,62,1,0,0
7627,38,1,0,0
7628,46,1,0,0
7629,137,1,0,0
7630,28,1,0,0
7631,35,1,0,0
7632,38,1,0,0
7633,153,1,0,0
7634,60,1,0,0
7635,39,1,0,0
7636,113,1,0,0
7637,58,1,0,0
7638,111,1,0,0
7639,26,1,0,0
7640,186,1,0,0
7641,26,1,0,0
7642,24,1,0,0
7643,63,1,0,0
7644,137,1,0,0
7645,158,1,0,0
7646,21,1,0,0
7647,63,1,0,0
7648,84,1,0,0
7649,15,1,0,0
7650,33,1,0,0
7651,24,1,0,0
7652,71,1,0,0
7653,80,1,0,0
7654,32,1,0,0
7655,119,1,0,0
7656,110,1,0,0
7657,52,1,0,0
7658,38,1,0,0
7659,33,1,0,0
7660,268,1,0,0
7661,152,1,0,0
7662,144,1,0,0
7663,82,1,0,0
7664,92,1,0,0
7665,15,1,0,0
7666,41,1,0,0
7667,56,1,0,0
7668,153,1,0,0
7669,64,1,0,0
7670,45,1,0,0
7671,173,1,0,0
7672,62,1,0,0
7673,73,1,0,0
7674,121,1,0,0
7675,129,1,0,0
7676,69,1,0,0
7677,47,1,0,0
7678,55,1,0,0
7679,54,1,0,0
7680,55,1,0,0
7681,117,1,0,0
7682,99,1,0,0
7683,62,1,0,0
7684,23,1,0,0
7685,47,1,0,0
7686,44,1,0,0
7687,85,1,0,0
7688,68,1,0,0
7689,153,1,0,0
7690,105,1,0,0
7691,20,1,0,0
7692,70,1,0,0
7693,11,1,0,0
7694,7,1,0,0
7695,47,1,0,0
7696,13,1,0,0
7697,101,1,0,0
7698,27,1,0,0
7699,28,1,0,0
7700,27,1,0,0
7701,99,1,0,0
7702,109,1,0,0
7703,34,1,0,0
7704,30,1,0,0
7705,70,1,0,0
7706,25,1,0,0
7707,36,1,0,0
7708,64,1,0,0
7709,97,1,0,0
7710,69,1,0,0
7711,24,1,0,0
7712,24,1,0,0
7713,88,1,0,0
7714,90,1,0,0
7715,27,1,0,0
7716,72,1,0,0
7717,23,1,0,0
7718,118,1,0,0
7719,41,1,0,0
7720,45,1,0,0
7721,11,1,0,0
7722,77,1,0,0
7723,26,1,0,0
7724,59,1,0,0
7725,52,1,0,0
7726,16,1,0,0
7727,33,1,0,0
7728,40,1,0,0
7729,70,1,0,0
7730,84,1,0,0
7731,55,1,0,0
7732,79,1,0,0
7733,110,1,0,0
7734,76,1,0,0
7735,201,1,0,0
7736,70,1,0,0
7737,70,1,0,0
7738,31,1,0,0
7739,28,1,0,0
7740,31,1,0,0
7741,120,1,0,0
7742,109,1,0,0
7743,58,1,0,0
7744,27,1,0,0
7745,94,1,0,0
7746,22,1,0,0
7747,33,1,0,0
7748,124,1,0,0
7749,57,1,0,0
7750,41,1,0,0
7751,49,1,0,0
7752,115,1,0,0
7753,27,1,0,0
7754,56,1,0,0
7755,198,1,0,0
7756,141,1,0,0
7757,108,1,0,0
7758,54,1,0,0
7759,123,1,0,0
7760,147,1,0,0
7761,36,1,0,0
7762,22,1,0,0
7763,123,1,0,0
7764,23,1,0,0
7765,11,1,0,0
7766,57,1,0,0
7767,284,1,0,0
7768,96,1,0,0
7769,77,1,0,0
7770,73,1,0,0
7771,199,1,0,0
7772,65,1,0,0
7773,72,1,0,0
7774,17,1,0,0
7775,19,1,0,0
7776,24,1,0,0
7777,72,1,0,0
7778,93,1,0,0
7779,24,1,0,0
7780,128,1,0,0
7781,58,1,0,0
7782,168,1,0,0
7783,52,1,0,0
7784,135,1,0,0
7785,95,1,0,0
7786,125,1,0,0
7787,71,1,0,0
7788,27,1,0,0
7789,122,1,0,0
7790,216,1,0,0
7791,92,1,0,0
7792,84,1,0,0
7793,90,1,0,0
7794,39,1,0,0
7795,40,1,0,0
7796,82,1,0,0
7797,39,1,0,0
7798,9,1,0,0
7799,63,1,0,0
7800,209,1,0,0
7801,61,1,0,0
7802,105,1,0,0
7803,240,1,0,0
7804,43,1,0,0
7805,29,1,0,0
7806,161,1,0,0
7807,17,1,0,0
7808,71,1,0,0
7809,92,1,0,0
7810,44,1,0,0
7811,75,1,0,0
7812,35,1,0,0
7813,141,1,0,0
7814,34,1,0,0
7815,74,1,0,0
7816,40,1,0,0
7817,37,1,0,0
7818,44,1,0,0
7819,73,1,0,0
7820,24,1,0,0
7821,36,1,0,0
7822,170,1,0,0
7823,16,1,0,0
7824,150,1,0,0
7825,64,1,0,0
7826,16,1,0,0
7827,31,1,0,0
7828,52,1,0,0
7829,73,1,0,0
7830,67,1,0,0
7831,54,1,0,0
7832,89,1,0,0
7833,150,1,0,0
7834,117,1,0,0
7835,40,1,0,0
7836,77,1,0,0
7837,84,1,0,0
7838,58,1,0,0
7839,47,1,0,0
7840,84,1,0,0
7841,45,1,0,0
7842,10,1,0,0
7843,87,1,0,0
7844,39,1,0,0
7845,74,1,0,0
7846,77,1,0,0
7847,13,1,0,0
7848,13,1,0,0
7849,115,1,0,0
7850,27,1,0,0
7851,61,1,0,0
7852,82,1,0,0
7853,18,1,0,0
7854,106,1,0,0
7855,41,1,0,0
7856,55,1,0,0
7857,97,1,0,0
7858,46,1,0,0
7859,27,1,0,0
7860,112,1,0,0
7861,133,1,0,0
7862,49,1,0,0
7863,35,1,0,0
7864,58,1,0,0
7865,112,1,0,0
7866,34,1,0,0
7867,31,1,0,0
7868,131,1,0,0
7869,11,1,0,0
7870,69,1,0,0
7871,23,1,0,0
7872,35,1,0,0
7873,103,1,0,0
7874,41,1,0,0
7875,29,1,0,0
7876,27,1,0,0
7877,63,1,0,0
7878,146,1,0,0
7879,36,1,0,0
7880,65,1,0,0
7881,79,1,0,0
7882,45,1,0,0
7883,15,1,0,0
7884,79,1,0,0
7885,61,1,0,0
7886,25,1,0,0
7887,162,1,0,0
7888,27,1,0,0
7889,14,1,0,0
7890,41,1,0,0
7891,91,1,0,0
7892,97,1,0,0
7893,41,1,0,0
7894,29,1,0,0
7895,17,1,0,0
7896,53,1,0,0
7897,65,1,0,0
7898,30,1,0,0
7899,118,1,0,0
7900,12,1,0,0
7901,39,1,0,0
7902,115,1,0,0
7903,177,1,0,0
7904,77,1,0,0
7905,56,1,0,0
7906,83,1,0,0
7907,38,1,0,0
7908,34,1,0,0
7909,86,1,0,0
7910,37,1,0,0
7911,65,1,0,0
7912,79,1,0,0
7913,48,1,0,0
7914,157,1,0,0
7915,78,1,0,0
7916,50,1,0,0
7917,29,1,0,0
7918,44,1,0,0
7919,13,1,0,0
7920,80,1,0,0
7921,94,1,0,0
7922,79,1,0,0
7923,14,1,0,0
7924,62,1,0,0
7925,60,1,0,0
7926,131,1,0,0
7927,125,1,0,0
7928,62,1,0,0
7929,71,1,0,0
7930,54,1,0,0
7931,57,1,0,0
7932,210,1,0,0
7933,170,1,0,0
7934,21,1,0,0
7935,181,1,0,0
7936,42,1,0,0
7937,142,1,0,0
7938,31,1,0,0
7939,59,1,0,0
7940,153,1,0,0
7941,12,1,0,0
7942,31,1,0,0
7943,22,1,0,0
7944,12,1,0,0
7945,28,1,0,0
7946,31,1,0,0
7947,48,1,0,0
7948,62,1,0,0
7949,39,1,0,0
7950,52,1,0,0
7951,34,1,0,0
7952,35,1,0,0
7953,95,1,0,0
7954,31,1,0,0
7955,35,1,0,0
7956,19,1,0,0
7957,133,1,0,0
7958,39,1,0,0
7959,50,1,0,0
7960,110,1,0,0
7961,21,1,0,0
7962,29,1,0,0
7963,99,1,0,0
7964,61,1,0,0
7965,435,1,0,0
7966,55,1,0,0
7967,62,1,0,0
7968,84,1,0,0
7969,58,1,0,0
7970,48,1,0,0
7971,157,1,0,0
7972,130,1,0,0
7973,17,1,0,0
7974,38,1,0,0
7975,42,1,0,0
7976,40,1,0,0
7977,11,1,0,0
7978,94,1,0,0
7979,97,1,0,0
7980,46,1,0,0
7981,46,1,0,0
7982,210,1,0,0
7983,144,1,0,0
7984,85,1,0,0
7985,87,1,0,0
7986,81,1,0,0
7987,91,1,0,0
7988,102,1,0,0
7989,50,1,0,0
7990,64,1,0,0
7991,27,1,0,0
7992,114,1,0,0
7993,31,1,0,0
7994,74,1,0,0
7995,151,1,0,0
7996,16,1,0,0
7997,54,1,0,0
7998,25,1,0,0
7999,109,1,0,0
8000,16,1,0,0
8001,122,1,0,0
8002,55,1,0,0
8003,47,1,0,0
8004,48,1,0,0
8005,124,1,0,0
8006,36,1,0,0
8007,14,1,0,0
8008,111,1,0,0
8009,163,1,0,0
8010,21,1,0,0
8011,33,1,0,0
8012,13,1,0,0
8013,134,1,0,0
8014,91,1,0,0
8015,43,1,0,0
8016,51,1,0,0
8017,62,1,0,0
8018,27,1,0,0
8019,52,1,0,0
8020,19,1,0,0
8021,50,1,0,0
8022,143,1,0,0
8023,44,1,0,0
8024,32,1,0,0
8025,49,1,0,0
8026,184,1,0,0
8027,107,1,0,0
8028,30,1,0,0
8029,69,1,0,0
8030,47,1,0,0
8031,98,1,0,0
8032,40,1,0,0
8033,116,1,0,0
8034,179,1,0,0
8035,162,1,0,0
8036,69,1,0,0
8037,91,1,0,0
8038,136,1,0,0
8039,50,1,0,0
8040,51,1,0,0
8041,153,1,0,0
8042,42,1,0,0
8043,94,1,0,0
8044,43,1,0,0
8045,45,1,0,0
8046,57,1,0,0
8047,69,1,0,0
8048,30,1,0,0
8049,93,1,0,0
8050,79,1,0,0
8051,82,1,0,0
8052,118,1,0,0
8053,158,1,0,0
8054,26,1,0,0
8055,12,1,0,0
8056,51,1,0,0
8057,49,1,0,0
8058,115,1,0,0
8059,82,1,0,0
8060,86,1,0,0
8061,156,1,0,0
8062,37,1,0,0
8063,20,1,0,0
8064,11,1,0,0
8065,49,1,0,0
8066,162,1,0,0
8067,201,1,0,0
8068,25,1,0,0
8069,34,1,0,0
8070,43,1,0,0
8071,9,1,0,0
8072,42,1,0,0
8073,79,1,0,0
8074,31,1,0,0
8075,114,1,0,0
8076,34,1,0,0
8077,45,1,0,0
8078,7,1,0,0
8079,59,1,0,0
8080,113,1,0,0
8081,38,1,0,0
8082,72,1,0,0
8083,71,1,0,0
8084,66,1,0,0
8085,81,1,0,0
8086,70,1,0,0
8087,87,1,0,0
8088,38,1,0,0
8089,81,1,0,0
8090,32,1,0,0
8091,16,1,0,0
8092,95,1,0,0
8093,19,1,0,0
8094,34,1,0,0
8095,37,1,0,0
8096,84,1,0,0
8097,60,1,0,0
8098,63,1,0,0
8099,23,1,0,0
8100,34,1,0,0
8101,131,1,0,0
8102,186,1,0,0
8103,47,1,0,0
8104,34,1,0,0
8105,95,1,0,0
8106,74,1,0,0
8107,78,1,0,0
8108,135,1,0,0
8109,129,1,0,0
8110,45,1,0,0
8111,52,1,0,0
8112,19,1,0,0
8113,81,1,0,0
8114,26,1,0,0
8115,48,1,0,0
8116,192,1,0,0
8117,84,1,0,0
8118,14,1,0,0
8119,106,1,0,0
8120,15,1,0,0
8121,18,1,0,0
8122,19,1,0,0
8123,63,1,0,0
8124,21,1,0,0
8125,122,1,0,0
8126,50,1,0,0
8127,38,1,0,0
8128,59,1,0,0
8129,17,1,0,0
8130,21,1,0,0
8131,59,1,0,0
8132,36,1,0,0
8133,26,1,0,0
8134,16,1,0,0
8135,22,1,0,0
8136,96,1,0,0
8137,58,1,0,0
8138,11,1,0,0
8139,50,1,0,0
8140,118,1,0,0
8141,132,1,0,0
8142,45,1,0,0
8143,145,1,0,0
8144,80,1,0,0
8145,65,1,0,0
8146,113,1,0,0
8147,77,1,0,0
8148,19,1,0,0
8149,12,1,0,0
8150,95,1,0,0
8151,60,1,0,0
8152,43,1,0,0
8153,193,1,0,0
8154,149,1,0,0
8155,28,1,0,0
8156,84,1,0,0
8157,43,1,0,0
8158,43,1,0,0
8159,50,1,0,0
8160,42,1,0,0
8161,57,1,0,0
8162,89,1,0,0
8163,15,1,0,0
8164,29,1,0,0
8165,26,1,0,0
8166,168,1,0,0
8167,21,1,0,0
8168,13,1,0,0
8169,28,1,0,0
8170,48,1,0,0
8171,87,1,0,0
8172,61,1,0,0
8173,145,1,0,0
8174,30,1,0,0
8175,66,1,0,0
8176,36,1,0,0
8177,27,1,0,0
8178,41,1,0,0
8179,69,1,0,0
8180,11,1,0,0
8181,17,1,0,0
8182,45,1,0,0
8183,37,1,0,0
8184,32,1,0,0
8185,19,1,0,0
8186,68,1,0,0
8187,20,1,0,0
8188,39,1,0,0
8189,141,1,0,0
8190,33,1,0,0
8191,67,1,0,0
8192,95,1,0,0
8193,57,1,0,0
8194,81,1,0,0
8195,137,1,0,0
8196,14,1,0,0
8197,29,1,0,0
8198,17,1,0,0
8199,59,1,0,0
8200,95,1,0,0
8201,88,1,0,0
8202,138,1,0,0
8203,134,1,0,0
8204,38,1,0,0
8205,47,1,0,0
8206,188,1,0,0
8207,166,1,0,0
8208,107,1,0,0
8209,31,1,0,0
8210,42,1,0,0
8211,163,1,0,0
8212,26,1,0,0
8213,138,1,0,0
8214,60,1,0,0
8215,94,1,0,0
8216,179,1,0,0
8217,31,1,0,0
8218,90,1,0,0
8219,22,1,0,0
8220,59,1,0,0
8221,87,1,0,0
8222,87,1,0,0
8223,51,1,0,0
8224,53,1,0,0
8225,33,1,0,0
8226,20,1,0,0
8227,111,1,0,0
8228,46,1,0,0
8229,54,1,0,0
8230,78,1,0,0
8231,76,1,0,0
8232,24,1,0,0
8233,80,1,0,0
8234,67,1,0,0
8235,98,1,0,0
8236,44,1,0,0
8237,24,1,0,0
8238,40,1,0,0
8239,118,1,0,0
8240,24,1,0,0
8241,129,1,0,0
8242,99,1,0,0
8243,26,1,0,0
8244,16,1,0,0
8245,44,1,0,0
8246,17,1,0,0
8247,42,1,0,0
8248,45,1,0,0
8249,101,1,0,0
8250,58,1,0,0
8251,30,1,0,0
8252,239,1,0,0
8253,36,1,0,0
8254,14,1,0,0
8255,42,1,0,0
8256,87,1,0,0
8257,162,1,0,0
8258,42,1,0,0
8259,37,1,0,0
8260,99,1,0,0
8261,24,1,0,0
8262,46,1,0,0
8263,116,1,0,0
8264,34,1,0,0
8265,75,1,0,0
8266,129,1,0,0
8267,16,1,0,0
8268,112,1,0,0
8269,15,1,0,0
8270,239,1,0,0
8271,50,1,0,0
8272,190,1,0,0
8273,59,1,0,0
8274,56,1,0,0
8275,46,1,0,0
8276,192,1,0,0
8277,22,1,0,0
8278,179,1,0,0
8279,21,1,0,0
8280,53,1,0,0
8281,43,1,0,0
8282,94,1,0,0
8283,39,1,0,0
8284,60,1,0,0
8285,104,1,0,0
8286,63,1,0,0
8287,38,1,0,0
8288,16,1,0,0
8289,84,1,0,0
8290,37,1,0,0
8291,12,1,0,0
8292,38,1,0,0
8293,49,1,0,0
8294,70,1,0,0
8295,60,1,0,0
8296,165,1,0,0
8297,128,1,0,0
8298,32,1,0,0
8299,88,1,0,0
8300,160,1,0,0
8301,24,1,0,0
8302,100,1,0,0
8303,22,1,0,0
8304,48,1,0,0
8305,56,1,0,0
8306,59,1,0,0
8307,131,1,0,0
8308,88,1,0,0
8309,93,1,0,0
8310,73,1,0,0
8311,44,1,0,0
8312,14,1,0,0
8313,151,1,0,0
8314,19,1,0,0
8315,138,1,0,0
8316,147,1,0,0
8317,50,1,0,0
8318,115,1,0,0
8319,51,1,0,0
8320,38,1,0,0
8321,30,1,0,0
8322,11,1,0,0
8323,84,1,0,0
8324,40,1,0,0
8325,50,1,0,0
8326,92,1,0,0
8327,65,1,0,0
8328,134,1,0,0
8329,63,1,0,0
8330,74,1,0,0
8331,75,1,0,0
8332,85,1,0,0
8333,55,1,0,0
8334,43,1,0,0
8335,32,1,0,0
8336,33,1,0,0
8337,32,1,0,0
8338,46,1,0,0
8339,93,1,0,0
8340,190,1,0,0
8341,84,1,0,0
8342,22,1,0,0
8343,63,1,0,0
8344,34,1,0,0
8345,62,1,0,0
8346,23,1,0,0
8347,135,1,0,0
8348,50,1,0,0
8349,25,1,0,0
8350,97,1,0,0
8351,41,1,0,0
8352,63,1,0,0
8353,111,1,0,0
8354,41,1,0,0
8355,93,1,0,0
8356,52,1,0,0
8357,43,1,0,0
8358,75,1,0,0
8359,126,1,0,0
8360,107,1,0,0
8361,35,1,0,0
8362,43,1,0,0
8363,82,1,0,0
8364,29,1,0,0
8365,72,1,0,0
8366,113,1,0,0
8367,14,1,0,0
8368,23,1,0,0
8369,35,1,0,0
8370,56,1,0,0
8371,48,1,0,0
8372,33,1,0,0
8373,55,1,0,0
8374,135,1,0,0
8375,70,1,0,0
8376,56,1,0,0
8377,35,1,0,0
8378,76,1,0,0
8379,91,1,0,0
8380,187,1,0,0
8381,196,1,0,0
8382,45,1,0,0
8383,77,1,0,0
8384,48,1,0,0
8385,18,1,0,0
8386,113,1,0,0
8387,19,1,0,0
8388,29,1,0,0
8389,36,1,0,0
8390,193,1,0,0
8391,39,1,0,0
8392,65,1,0,0
8393,40,1,0,0
8394,87,1,0,0
8395,11,1,0,0
8396,60,1,0,0
8397,170,1,0,0
8398,107,1,0,0
8399,108,1,0,0
8400,13,1,0,0
8401,7,1,0,0
8402,102,1,0,0
8403,71,1,0,0
8404,31,1,0,0
8405,159,1,0,0
8406,118,1,0,0
8407,35,1,0,0
8408,32,1,0,0
8409,54,1,0,0
8410,64,1,0,0
8411,78,1,0,0
8412,28,1,0,0
8413,98,1,0,0
8414,47,1,0,0
8415,46,1,0,0
8416,39,1,0,0
8417,70,1,0,0
8418,176,1,0,0
8419,26,1,0,0
8420,65,1,0,0
8421,84,1,0,0
8422,42,1,0,0
8423,36,1,0,0
8424,34,1,0,0
8425,252,1,0,0
8426,96,1,0,0
8427,50,1,0,0
8428,83,1,0,0
8429,36,1,0,0
8430,55,1,0,0
8431,92,1,0,0
8432,87,1,0,0
8433,84,1,0,0
8434,49,1,0,0
8435,30,1,0,0
8436,24,1,0,0
8437,35,1,0,0
8438,29,1,0,0
8439,129,1,0,0
8440,53,1,0,0
8441,31,1,0,0
8442,13,1,0,0
8443,30,1,0,0
8444,62,1,0,0
8445,57,1,0,0
8446,84,1,0,0
8447,59,1,0,0
8448,256,1,0,0
8449,40,1,0,0
8450,45,1,0,0
8451,41,1,0,0
8452,63,1,0,0
8453,242,1,0,0
8454,69,1,0,0
8455,35,1,0,0
8456,64,1,0,0
8457,52,1,0,0
8458,23,1,0,0
8459,131,1,0,0
8460,60,1,0,0
8461,16,1,0,0
8462,42,1,0,0
8463,79,1,0,0
8464,136,1,0,0
8465,46,1,0,0
8466,222,1,0,0
8467,132,1,0,0
8468,133,1,0,0
8469,11,1,0,0
8470,48,1,0,0
8471,95,1,0,0
8472,85,1,0,0
8473,98,1,0,0
8474,28,1,0,0
8475,15,1,0,0
8476,125,1,0,0
8477,67,1,0,0
8478,30,1,0,0
8479,9,1,0,0
8480,175,1,0,0
8481,28,1,0,0
8482,180,1,0,0
8483,39,1,0,0
8484,142,1,0,0
8485,13,1,0,0
8486,255,1,0,0
8487,27,1,0,0
8488,74,1,0,0
8489,118,1,0,0
8490,137,1,0,0
8491,149,1,0,0
8492,20,1,0,0
8493,91,1,0,0
8494,153,1,0,0
8495,69,1,0,0
8496,44,1,0,0
8497,113,1,0,0
8498,18,1,0,0
8499,64,1,0,0
8500,13,1,0,0
8501,22,1,0,0
8502,154,1,0,0
8503,108,1,0,0
8504,21,1,0,0
8505,21,1,0,0
8506,45,1,0,0
8507,26,1,0,0
8508,138,1,0,0
8509,11,1,0,0
8510,30,1,0,0
8511,54,1,0,0
8512,107,1,0,0
8513,59,1,0,0
8514,56,1,0,0
8515,70,1,0,0
8516,85,1,0,0
8517,32,1,0,0
8518,42,1,0,0
8519,125,1,0,0
8520,61,1,0,0
8521,50,1,0,0
8522,46,1,0,0
8523,27,1,0,0
8524,29,1,0,0
8525,142,1,0,0
8526,61,1,0,0
8527,142,1,0,0
8528,35,1,0,0
8529,53,1,0,0
8530,36,1,0,0
8531,48,1,0,0
8532,162,1,0,0
8533,223,1,0,0
8534,76,1,0,0
8535,60,1,0,0
8536,195,1,0,0
8537,104,1,0,0
8538,80,1,0,0
8539,26,1,0,0
8540,58,1,0,0
8541,258,1,0,0
8542,54,1,0,0
8543,94,1,0,0
8544,16,1,0,0
8545,85,1,0,0
8546,21,1,0,0
8547,36,1,0,0
8548,13,1,0,0
8549,61,1,0,0
8550,23,1,0,0
8551,86,1,0,0
8552,77,1,0,0
8553,202,1,0,0
8554,60,1,0,0
8555,37,1,0,0
8556,37,1,0,0
8557,62,1,0,0
8558,189,1,0,0
8559,59,1,0,0
8560,77,1,0,0
8561,29,1,0,0
8562,100,1,0,0
8563,41,1,0,0
8564,72,1,0,0
8565,90,1,0,0
8566,34,1,0,0
8567,53,1,0,0
8568,39,1,0,0
8569,60,1,0,0
8570,103,1,0,0
8571,182,1,0,0
8572,64,1,0,0
8573,168,1,0,0
8574,44,1,0,0
8575,81,1,0,0
8576,13,1,0,0
8577,11,1,0,0
8578,64,1,0,0
8579,22,1,0,0
8580,60,1,0,0
8581,37,1,0,0
8582,57,1,0,0
8583,67,1,0,0
8584,79,1,0,0
8585,19,1,0,0
8586,11,1,0,0
8587,62,1,0,0
8588,72,1,0,0
8589,26,1,0,0
8590,75,1,0,0
8591,38,1,0,0
8592,23,1,0,0
8593,34,1,0,0
8594,90,1,0,0
8595,125,1,0,0
8596,67,1,0,0
8597,146,1,0,0
8598,59,1,0,0
8599,45,1,0,0
8600,71,1,0,0
8601,42,1,0,0
8602,47,1,0,0
8603,14,1,0,0
8604,79,1,0,0
8605,85,1,0,0
8606,57,1,0,0
8607,90,1,0,0
8608,48,1,0,0
8609,42,1,0,0
8610,62,1,0,0
8611,84,1,0,0
8612,83,1,0,0
8613,25,1,0,0
8614,85,1,0,0
8615,51,1,0,0
8616,42,1,0,0
8617,37,1,0,0
8618,250,1,0,0
8619,63,1,0,0
8620,37,1,0,0
8621,244,1,0,0
8622,69,1,0,0
8623,43,1,0,0
8624,56,1,0,0
8625,25,1,0,0
8626,21,1,0,0
8627,76,1,0,0
8628,40,1,0,0
8629,21,1,0,0
8630,35,1,0,0
8631,86,1,0,0
8632,45,1,0,0
8633,15,1,0,0
8634,38,1,0,0
8635,17,1,0,0
8636,21,1,0,0
8637,79,1,0,0
8638,119,1,0,0
8639,31,1,0,0
8640,66,1,0,0
8641,93,1,0,0
8642,182,1,0,0
8643,60,1,0,0
8644,28,1,0,0
8645,73,1,0,0
8646,319,1,0,0
8647,284,1,0,0
8648,50,1,0,0
8649,30,1,0,0
8650,111,1,0,0
8651,136,1,0,0
8652,66,1,0,0
8653,76,1,0,0
8654,17,1,0,0
8655,43,1,0,0
8656,17,1,0,0
8657,71,1,0,0
8658,77,1,0,0
8659,109,1,0,0
8660,64,1,0,0
8661,48,1,0,0
8662,21,1,0,0
8663,29,1,0,0
8664,56,1,0,0
8665,69,1,0,0
8666,32,1,0,0
8667,54,1,0,0
8668,31,1,0,0
8669,135,1,0,0
8670,70,1,0,0
8671,72,1,0,0
8672,63,1,0,0
8673,41,1,0,0
8674,93,1,0,0
8675,139,1,0,0
8676,120,1,0,0
8677,74,1,0,0
8678,45,1,0,0
8679,79,1,0,0
8680,107,1,0,0
8681,39,1,0,0
8682,178,1,0,0
8683,40,1,0,0
8684,55,1,0,0
8685,93,1,0,0
8686,103,1,0,0
8687,122,1,0,0
8688,56,1,0,0
8689,121,1,0,0
8690,16,1,0,0
8691,80,1,0,0
8692,49,1,0,0
8693,27,1,0,0
8694,31,1,0,0
8695,75,1,0,0
8696,36,1,0,0
8697,51,1,0,0
8698,167,1,0,0
8699,95,1,0,0
8700,48,1,0,0
8701,71,1,0,0
8702,52,1,0,0
8703,140,1,0,0
8704,93,1,0,0
8705,108,1,0,0
8706,56,1,0,0
8707,36,1,0,0
8708,38,1,0,0
8709,135,1,0,0
8710,51,1,0,0
8711,70,1,0,0
8712,142,1,0,0
8713,98,1,0,0
8714,38,1,0,0
8715,105,1,0,0
8716,128,1,0,0
8717,45,1,0,0
8718,21,1,0,0
8719,66,1,0,0
8720,84,1,0,0
8721,148,1,0,0
8722,143,1,0,0
8723,12,1,0,0
8724,77,1,0,0
8725,40,1,0,0
8726,33,1,0,0
8727,104,1,0,0
8728,99,1,0,0
8729,81,1,0,0
8730,22,1,0,0
8731,193,1,0,0
8732,171,1,0,0
8733,23,1,0,0
8734,62,1,0,0
8735,47,1,0,0
8736,40,1,0,0
8737,116,1,0,0
8738,81,1,0,0
8739,26,1,0,0
8740,78,1,0,0
8741,74,1,0,0
8742,24,1,0,0
8743,35,1,0,0
8744,44,1,0,0
8745,27,1,0,0
8746,44,1,0,0
8747,79,1,0,0
8748,58,1,0,0
8749,243,1,0,0
8750,322,1,0,0
8751,33,1,0,0
8752,12,1,0,0
8753,56,1,0,0
8754,84,1,0,0
8755,83,1,0,0
8756,74,1,0,0
8757,10,1,0,0
8758,158,1,0,0
8759,31,1,0,0
8760,15,1,0,0
8761,153,1,0,0
8762,142,1,0,0
8763,38,1,0,0
8764,61,1,0,0
8765,80,1,0,0
8766,129,1,0,0
8767,85,1,0,0
8768,41,1,0,0
8769,26,1,0,0
8770,85,1,0,0
8771,72,1,0,0
8772,14,1,0,0
8773,72,1,0,0
8774,22,1,0,0
8775,107,1,0,0
8776,320,1,0,0
8777,40,1,0,0
8778,74,1,0,0
8779,154,1,0,0
8780,55,1,0,0
8781,83,1,0,0
8782,125,1,0,0
8783,135,1,0,0
8784,31,1,0,0
8785,65,1,0,0
8786,38,1,0,0
8787,42,1,0,0
8788,23,1,0,0
8789,120,1,0,0
8790,37,1,0,0
8791,54,1,0,0
8792,80,1,0,0
8793,63,1,0,0
8794,44,1,0,0
8795,40,1,0,0
8796,182,1,0,0
8797,90,1,0,0
8798,57,1,0,0
8799,16,1,0,0
8800,66,1,0,0
8801,86,1,0,0
8802,69,1,0,0
8803,116,1,0,0
8804,63,1,0,0
8805,13,1,0,0
8806,32,1,0,0
8807,52,1,0,0
8808,51,1,0,0
8809,46,1,0,0
8810,80,1,0,0
8811,40,1,0,0
8812,47,1,0,0
8813,80,1,0,0
8814,54,1,0,0
8815,63,1,0,0
8816,39,1,0,0
8817,22,1,0,0
8818,49,1,0,0
8819,89,1,0,0
8820,11,1,0,0
8821,59,1,0,0
8822,33,1,0,0
8823,111,1,0,0
8824,55,1,0,0
8825,20,1,0,0
8826,54,1,0,0
8827,40,1,0,0
8828,49,1,0,0
8829,83,1,0,0
8830,372,1,0,0
8831,64,1,0,0
8832,146,1,0,0
8833,89,1,0,0
8834,25,1,0,0
8835,117,1,0,0
8836,27,1,0,0
8837,93,1,0,0
8838,63,1,0,0
8839,79,1,0,0
8840,89,1,0,0
8841,106,1,0,0
8842,8,1,0,0
8843,28,1,0,0
8844,131,1,0,0
8845,29,1,0,0
8846,61,1,0,0
8847,100,1,0,0
8848,46,1,0,0
8849,87,1,0,0
8850,181,1,0,0
8851,55,1,0,0
8852,34,1,0,0
8853,110,1,0,0
8854,39,1,0,0
8855,87,1,0,0
8856,113,1,0,0
8857,58,1,0,0
8858,30,1,0,0
8859,38,1,0,0
8860,312,1,0,0
8861,90,1,0,0
8862,79,1,0,0
8863,71,1,0,0
8864,56,1,0,0
8865,38,1,0,0
8866,47,1,0,0
8867,102,1,0,0
8868,45,1,0,0
8869,51,1,0,0
8870,124,1,0,0
8871,169,1,0,0
8872,12,1,0,0
8873,109,1,0,0
8874,54,1,0,0
8875,67,1,0,0
8876,82,1,0,0
8877,166,1,0,0
8878,15,1,0,0
8879,50,1,0,0
8880,80,1,0,0
8881,23,1,0,0
8882,50,1,0,0
8883,19,1,0,0
8884,50,1,0,0
8885,45,1,0,0
8886,24,1,0,0
8887,62,1,0,0
8888,24,1,0,0
8889,34,1,0,0
8890,63,1,0,0
8891,79,1,0,0
8892,43,1,0,0
8893,87,1,0,0
8894,65,1,0,0
8895,50,1,0,0
8896,38,1,0,0
8897,23,1,0,0
8898,80,1,0,0
8899,55,1,0,0
8900,108,1,0,0
8901,31,1,0,0
8902,193,1,0,0
8903,103,1,0,0
8904,124,1,0,0
8905,50,1,0,0
8906,35,1,0,0
8907,41,1,0,0
8908,22,1,0,0
8909,99,1,0,0
8910,164,1,0,0
8911,108,1,0,0
8912,76,1,0,0
8913,28,1,0,0
8914,47,1,0,0
8915,44,1,0,0
8916,57,1,0,0
8917,200,1,0,0
8918,9,1,0,0
8919,43,1,0,0
8920,73,1,0,0
8921,156,1,0,0
8922,154,1,0,0
8923,46,1,0,0
8924,87,1,0,0
8925,48,1,0,0
8926,39,1,0,0
8927,27,1,0,0
8928,78,1,0,0
8929,21,1,0,0
8930,117,1,0,0
8931,70,1,0,0
8932,86,1,0,0
8933,55,1,0,0
8934,45,1,0,0
8935,14,1,0,0
8936,80,1,0,0
8937,193,1,0,0
8938,28,1,0,0
8939,50,1,0,0
8940,52,1,0,0
8941,24,1,0,0
8942,45,1,0,0
8943,63,1,0,0
8944,36,1,0,0
8945,27,1,0,0
8946,121,1,0,0
8947,54,1,0,0
8948,25,1,0,0
8949,122,1,0,0
8950,17,1,0,0
8951,29,1,0,0
8952,23,1,0,0
8953,112,1,0,0
8954,55,1,0,0
8955,22,1,0,0
8956,74,1,0,0
8957,29,1,0,0
8958,186,1,0,0
8959,26,1,0,0
8960,240,1,0,0
8961,27,1,0,0
8962,54,1,0,0
8963,98,1,0,0
8964,10,1,0,0
8965,19,1,0,0
8966,15,1,0,0
8967,33,1,0,0
8968,108,1,0,0
8969,124,1,0,0
8970,17,1,0,0
8971,34,1,0,0
8972,44,1,0,0
8973,147,1,0,0
8974,184,1,0,0
8975,123,1,0,0
8976,61,1,0,0
8977,44,1,0,0
8978,62,1,0,0
8979,92,1,0,0
8980,83,1,0,0
8981,26,1,0,0
8982,123,1,0,0
8983,29,1,0,0
8984,55,1,0,0
8985,66,1,0,0
8986,84,1,0,0
8987,181,1,0,0
8988,79,1,0,0
8989,57,1,0,0
8990,35,1,0,0
8991,163,1,0,0
8992,23,1,0,0
8993,20,1,0,0
8994,45,1,0,0
8995,93,1,0,0
8996,59,1,0,0
8997,95,1,0,0
8998,37,1,0,0
8999,20,1,0,0
9000,119,1,0,0
9001,47,1,0,0
9002,73,1,0,0
9003,36,1,0,0
9004,97,1,0,0
9005,77,1,0,0
9006,23,1,0,0
9007,56,1,0,0
9008,59,1,0,0
9009,82,1,0,0
9010,46,1,0,0
9011,8,1,0,0
9012,50,1,0,0
9013,52,1,0,0
9014,27,1,0,0
9015,151,1,0,0
9016,21,1,0,0
9017,115,1,0,0
9018,79,1,0,0
9019,85,1,0,0
9020,24,1,0,0
9021,88,1,0,0
9022,37,1,0,0
9023,149,1,0,0
9024,85,1,0,0
9025,45,1,0,0
9026,236,1,0,0
9027,167,1,0,0
9028,22,1,0,0
9029,206,1,0,0
9030,44,1,0,0
9031,51,1,0,0
9032,99,1,0,0
9033,35,1,0,0
9034,85,1,0,0
9035,19,1,0,0
9036,67,1,0,0
9037,25,1,0,0
9038,13,1,0,0
9039,97,1,0,0
9040,37,1,0,0
9041,129,1,0,0
9042,31,1,0,0
9043,16,1,0,0
9044,102,1,0,0
9045,85,1,0,0
9046,42,1,0,0
9047,25,1,0,0
9048,49,1,0,0
9049,131,1,0,0
9050,141,1,0,0
9051,52,1,0,0
9052,47,1,0,0
9053,26,1,0,0
9054,81,1,0,0
9055,65,1,0,0
9056,43,1,0,0
9057,143,1,0,0
9058,238,1,0,0
9059,51,1,0,0
9060,42,1,0,0
9061,79,1,0,0
9062,28,1,0,0
9063,65,1,0,0
9064,33,1,0,0
9065,26,1,0,0
9066,215,1,0,0
9067,24,1,0,0
9068,115,1,0,0
9069,52,1,0,0
9070,53,1,0,0
9071,51,1,0,0
9072,20,1,0,0
9073,82,1,0,0
9074,172,1,0,0
9075,18,1,0,0
9076,133,1,0,0
9077,314,1,0,0
9078,48,1,0,0
9079,58,1,0,0
9080,115,1,0,0
9081,102,1,0,0
9082,64,1,0,0
9083,100,1,0,0
9084,61,1,0,0
9085,20,1,0,0
9086,30,1,0,0
9087,64,1,0,0
9088,126,1,0,0
9089,38,1,0,0
9090,41,1,0,0
9091,47,1,0,0
9092,61,1,0,0
9093,106,1,0,0
9094,105,1,0,0
9095,144,1,0,0
9096,154,1,0,0
9097,26,1,0,0
9098,220,1,0,0
9099,74,1,0,0
9100,151,1,0,0
9101,52,1,0,0
9102,27,1,0,0
9103,128,1,0,0
9104,22,1,0,0
9105,36,1,0,0
9106,43,1,0,0
9107,97,1,0,0
9108,141,1,0,0
9109,22,1,0,0
9110,118,1,0,0
9111,38,1,0,0
9112,38,1,0,0
9113,63,1,0,0
9114,32,1,0,0
9115,81,1,0,0
9116,280,1,0,0
9117,83,1,0,0
9118,31,1,0,0
9119,24,1,0,0
9120,15,1,0,0
9121,40,1,0,0
9122,36,1,0,0
9123,47,1,0,0
9124,56,1,0,0
9125,31,1,0,0
9126,119,1,0,0
9127,122,1,0,0
9128,82,1,0,0
9129,97,1,0,0
9130,74,1,0,0
9131,11,1,0,0
9132,168,1,0,0
9133,15,1,0,0
9134,62,1,0,0
9135,23,1,0,0
9136,157,1,0,0
9137,37,1,0,0
9138,67,1,0,0
9139,71,1,0,0
9140,41,1,0,0
9141,18,1,0,0
9142,14,1,0,0
9143,43,1,0,0
9144,25,1,0,0
9145,30,1,0,0
9146,25,1,0,0
9147,133,1,0,0
9148,13,1,0,0
9149,72,1,0,0
9150,86,1,0,0
9151,33,1,0,0
9152,16,1,0,0
9153,91,1,0,0
9154,338,1,0,0
9155,17,1,0,0
9156,164,1,0,0
9157,61,1,0,0
9158,39,1,0,0
9159,19,1,0,0
9160,98,1,0,0
9161,118,1,0,0
9162,76,1,0,0
9163,45,1,0,0
9164,170,1,0,0
9165,12,1,0,0
9166,15,1,0,0
9167,87,1,0,0
9168,43,1,0,0
9169,23,1,0,0
9170,45,1,0,0
9171,14,1,0,0
9172,50,1,0,0
9173,90,1,0,0
9174,42,1,0,0
9175,142,1,0,0
9176,131,1,0,0
9177,78,1,0,0
9178,69,1,0,0
9179,40,1,0,0
9180,112,1,0,0
9181,29,1,0,0
9182,54,1,0,0
9183,15,1,0,0
9184,137,1,0,0
9185,163,1,0,0
9186,39,1,0,0
9187,61,1,0,0
9188,68,1,0,0
9189,23,1,0,0
9190,207,1,0,0
9191,48,1,0,0
9192,49,1,0,0
9193,96,1,0,0
9194,139,1,0,0
9195,37,1,0,0
9196,117,1,0,0
9197,124,1,0,0
9198,79,1,0,0
9199,18,1,0,0
9200,126,1,0,0
9201,43,1,0,0
9202,75,1,0,0
9203,31,1,0,0
9204,43,1,0,0
9205,95,1,0,0
9206,123,1,0,0
9207,25,1,0,0
9208,74,1,0,0
9209,192,1,0,0
9210,56,1,0,0
9211,98,1,0,0
9212,145,1,0,0
9213,138,1,0,0
9214,81,1,0,0
9215,18,1,0,0
9216,42,1,0,0
9217,99,1,0,0
9218,17,1,0,0
9219,113,1,0,0
9220,44,1,0,0
9221,104,1,0,0
9222,27,1,0,0
9223,112,1,0,0
9224,15,1,0,0
9225,158,1,0,0
9226,110,1,0,0
9227,16,1,0,0
9228,51,1,0,0
9229,144,1,0,0
9230,94,1,0,0
9231,92,1,0,0
9232,33,1,0,0
9233,74,1,0,0
9234,92,1,0,0
9235,9,1,0,0
9236,57,1,0,0
9237,28,1,0,0
9238,22,1,0,0
9239,79,1,0,0
9240,8,1,0,0
9241,18,1,0,0
9242,169,1,0,0
9243,50,1,0,0
9244,32,1,0,0
9245,67,1,0,0
9246,59,1,0,0
9247,16,1,0,0
9248,161,1,0,0
9249,152,1,0,0
9250,128,1,0,0
9251,98,1,0,0
9252,51,1,0,0
9253,16,1,0,0
9254,33,1,0,0
9255,61,1,0,0
9256,57,1,0,0
9257,24,1,0,0
9258,137,1,0,0
9259,15,1,0,0
9260,41,1,0,0
9261,13,1,0,0
9262,44,1,0,0
9263,16,1,0,0
9264,88,1,0,0
9265,37,1,0,0
9266,64,1,0,0
9267,9,1,0,0
9268,78,1,0,0
9269,141,1,0,0
9270,64,1,0,0
9271,54,1,0,0
9272,37,1,0,0
9273,47,1,0,0
9274,138,1,0,0
9275,138,1,0,0
9276,119,1,0,0
9277,61,1,0,0
9278,47,1,0,0
9279,71,1,0,0
9280,40,1,0,0
9281,96,1,0,0
9282,22,1,0,0
9283,90,1,0,0
9284,49,1,0,0
9285,65,1,0,0
9286,38,1,0,0
9287,21,1,0,0
9288,96,1,0,0
9289,122,1,0,0
9290,58,1,0,0
9291,52,1,0,0
9292,94,1,0,0
9293,51,1,0,0
9294,120,1,0,0
9295,78,1,0,0
9296,35,1,0,0
9297,66,1,0,0
9298,23,1,0,0
9299,9,1,0,0
9300,27,1,0,0
9301,59,1,0,0
9302,13,1,0,0
9303,11,1,0,0
9304,54,1,0,0
9305,198,1,0,0
9306,13,1,0,0
9307,52,1,0,0
9308,37,1,0,0
9309,81,1,0,0
9310,162,1,0,0
9311,138,1,0,0
9312,86,1,0,0
9313,131,1,0,0
9314,12,1,0,0
9315,83,1,0,0
9316,74,1,0,0
9317,127,1,0,0
9318,43,1,0,0
9319,53,1,0,0
9320,27,1,0,0
9321,40,1,0,0
9322,81,1,0,0
9323,76,1,0,0
9324,103,1,0,0
9325,27,1,0,0
9326,69,1,0,0
9327,173,1,0,0
9328,95,1,0,0
9329,28,1,0,0
9330,52,1,0,0
9331,21,1,0,0
9332,54,1,0,0
9333,153,1,0,0
9334,69,1,0,0
9335,57,1,0,0
9336,170,1,0,0
9337,212,1,0,0
9338,58,1,0,0
9339,48,1,0,0
9340,23,1,0,0
9341,9,1,0,0
9342,16,1,0,0
9343,224,1,0,0
9344,43,1,0,0
9345,56,1,0,0
9346,42,1,0,0
9347,72,1,0,0
9348,79,1,0,0
9349,188,1,0,0
9350,36,1,0,0
9351,30,1,0,0
9352,31,1,0,0
9353,50,1,0,0
9354,88,1,0,0
9355,48,1,0,0
9356,67,1,0,0
9357,60,1,0,0
9358,123,1,0,0
9359,69,1,0,0
9360,57,1,0,0
9361,24,1,0,0
9362,56,1,0,0
9363,52,1,0,0
9364,38,1,0,0
9365,55,1,0,0
9366,161,1,0,0
9367,51,1,0,0
9368,129,1,0,0
9369,37,1,0,0
9370,98,1,0,0
9371,43,1,0,0
9372,87,1,0,0
9373,58,1,0,0
9374,12,1,0,0
9375,85,1,0,0
9376,43,1,0,0
9377,171,1,0,0
9378,136,1,0,0
9379,54,1,0,0
9380,23,1,0,0
9381,16,1,0,0
9382,11,1,0,0
9383,46,1,0,0
9384,114,1,0,0
9385,38,1,0,0
9386,71,1,0,0
9387,70,1,0,0
9388,109,1,0,0
9389,216,1,0,0
9390,116,1,0,0
9391,145,1,0,0
9392,129,1,0,0
9393,110,1,0,0
9394,68,1,0,0
9395,23,1,0,0
9396,188,1,0,0
9397,60,1,0,0
9398,134,1,0,0
9399,144,1,0,0
9400,73,1,0,0
9401,54,1,0,0
9402,24,1,0,0
9403,92,1,0,0
9404,175,1,0,0
9405,37,1,0,0
9406,17,1,0,0
9407,111,1,0,0
9408,32,1,0,0
9409,85,1,0,0
9410,119,1,0,0
9411,66,1,0,0
9412,189,1,0,0
9413,24,1,0,0
9414,71,1,0,0
9415,30,1,0,0
9416,20,1,0,0
9417,36,1,0,0
9418,16,1,0,0
9419,119,1,0,0
9420,51,1,0,0
9421,48,1,0,0
9422,173,1,0,0
9423,109,1,0,0
9424,73,1,0,0
9425,19,1,0,0
9426,27,1,0,0
9427,104,1,0,0
9428,28,1,0,0
9429,250,1,0,0
9430,182,1,0,0
9431,148,1,0,0
9432,98,1,0,0
9433,64,1,0,0
9434,116,1,0,0
9435,102,1,0,0
9436,79,1,0,0
9437,25,1,0,0
9438,33,1,0,0
9439,14,1,0,0
9440,101,1,0,0
9441,102,1,0,0
9442,70,1,0,0
9443,54,1,0,0
9444,19,1,0,0
9445,66,1,0,0
9446,24,1,0,0
9447,41,1,0,0
9448,24,1,0,0
9449,71,1,0,0
9450,117,1,0,0
9451,36,1,0,0
9452,52,1,0,0
9453,114,1,0,0
9454,56,1,0,0
9455,96,1,0,0
9456,57,1,0,0
9457,43,1,0,0
9458,30,1,0,0
9459,147,1,0,0
9460,77,1,0,0
9461,100,1,0,0
9462,64,1,0,0
9463,46,1,0,0
9464,128,1,0,0
9465,32,1,0,0
9466,11,1,0,0
9467,85,1,0,0
9468,136,1,0,0
9469,36,1,0,0
9470,150,1,0,0
9471,25,1,0,0
9472,109,1,0,0
9473,49,1,0,0
9474,72,1,0,0
9475,173,1,0,0
9476,136,1,0,0
9477,84,1,0,0
9478,30,1,0,0
9479,140,1,0,0
9480,94,1,0,0
9481,88,1,0,0
9482,31,1,0,0
9483,141,1,0,0
9484,44,1,0,0
9485,41,1,0,0
9486,46,1,0,0
9487,77,1,0,0
9488,72,1,0,0
9489,73,1,0,0
9490,73,1,0,0
9491,145,1,0,0
9492,135,1,0,0
9493,93,1,0,0
9494,46,1,0,0
9495,105,1,0,0
9496,48,1,0,0
9497,50,1,0,0
9498,56,1,0,0
9499,69,1,0,0
9500,20,1,0,0
9501,49,1,0,0
9502,133,1,0,0
9503,39,1,0,0
9504,85,1,0,0
9505,172,1,0,0
9506,62,1,0,0
9507,93,1,0,0
9508,37,1,0,0
9509,58,1,0,0
9510,26,1,0,0
9511,22,1,0,0
9512,70,1,0,0
9513,37,1,0,0
9514,50,1,0,0
9515,62,1,0,0
9516,193,1,0,0
9517,120,1,0,0
9518,123,1,0,0
9519,106,1,0,0
9520,75,1,0,0
9521,72,1,0,0
9522,138,1,0,0
9523,67,1,0,0
9524,27,1,0,0
9525,57,1,0,0
9526,86,1,0,0
9527,114,1,0,0
9528,39,1,0,0
9529,271,1,0,0
9530,44,1,0,0
9531,239,1,0,0
9532,15,1,0,0
9533,54,1,0,0
9534,23,1,0,0
9535,49,1,0,0
9536,74,1,0,0
9537,70,1,0,0
9538,32,1,0,0
9539,78,1,0,0
9540,21,1,0,0
9541,116,1,0,0
9542,56,1,0,0
9543,19,1,0,0
9544,61,1,0,0
9545,28,1,0,0
9546,73,1,0,0
9547,47,1,0,0
9548,49,1,0,0
9549,72,1,0,0
9550,49,1,0,0
9551,77,1,0,0
9552,164,1,0,0
9553,124,1,0,0
9554,7,1,0,0
9555,125,1,0,0
9556,11,1,0,0
9557,59,1,0,0
9558,33,1,0,0
9559,35,1,0,0
9560,16,1,0,0
9561,53,1,0,0
9562,110,1,0,0
9563,35,1,0,0
9564,40,1,0,0
9565,63,1,0,0
9566,48,1,0,0
9567,56,1,0,0
9568,20,1,0,0
9569,60,1,0,0
9570,68,1,0,0
9571,58,1,0,0
9572,58,1,0,0
9573,105,1,0,0
9574,112,1,0,0
9575,50,1,0,0
9576,54,1,0,0
9577,21,1,0,0
9578,65,1,0,0
9579,94,1,0,0
9580,24,1,0,0
9581,21,1,0,0
9582,18,1,0,0
9583,135,1,0,0
9584,65,1,0,0
9585,48,1,0,0
9586,92,1,0,0
9587,103,1,0,0
9588,88,1,0,0
9589,11,1,0,0
9590,42,1,0,0
9591,60,1,0,0
9592,133,1,0,0
9593,56,1,0,0
9594,107,1,0,0
9595,188,1,0,0
9596,56,1,0,0
9597,8,1,0,0
9598,125,1,0,0
9599,105,1,0,0
9600,14,1,0,0
9601,42,1,0,0
9602,48,1,0,0
9603,26,1,0,0
9604,99,1,0,0
9605,55,1,0,0
9606,45,1,0,0
9607,31,1,0,0
9608,17,1,0,0
9609,26,1,0,0
9610,179,1,0,0
9611,37,1,0,0
9612,34,1,0,0
9613,54,1,0,0
9614,65,1,0,0
9615,48,1,0,0
9616,13,1,0,0
9617,40,1,0,0
9618,31,1,0,0
9619,41,1,0,0
9620,129,1,0,0
9621,110,1,0,0
9622,16,1,0,0
9623,20,1,0,0
9624,162,1,0,0
9625,33,1,0,0
9626,68,1,0,0
9627,30,1,0,0
9628,67,1,0,0
9629,47,1,0,0
9630,34,1,0,0
9631,248,1,0,0
9632,28,1,0,0
9633,114,1,0,0
9634,28,1,0,0
9635,75,1,0,0
9636,27,1,0,0
9637,113,1,0,0
9638,20,1,0,0
9639,38,1,0,0
9640,61,1,0,0
9641,95,1,0,0
9642,62,1,0,0
9643,101,1,0,0
9644,61,1,0,0
9645,37,1,0,0
9646,57,1,0,0
9647,27,1,0,0
9648,48,1,0,0
9649,12,1,0,0
9650,60,1,0,0
9651,211,1,0,0
9652,44,1,0,0
9653,112,1,0,0
9654,107,1,0,0
9655,24,1,0,0
9656,60,1,0,0
9657,55,1,0,0
9658,96,1,0,0
9659,168,1,0,0
9660,183,1,0,0
9661,53,1,0,0
9662,58,1,0,0
9663,39,1,0,0
9664,48,1,0,0
9665,16,1,0,0
9666,41,1,0,0
9667,25,1,0,0
9668,53,1,0,0
9669,25,1,0,0
9670,86,1,0,0
9671,68,1,0,0
9672,43,1,0,0
9673,108,1,0,0
9674,69,1,0,0
9675,34,1,0,0
9676,86,1,0,0
9677,85,1,0,0
9678,32,1,0,0
9679,118,1,0,0
9680,21,1,0,0
9681,56,1,0,0
9682,41,1,0,0
9683,8,1,0,0
9684,77,1,0,0
9685,32,1,0,0
9686,61,1,0,0
9687,128,1,0,0
9688,59,1,0,0
9689,22,1,0,0
9690,82,1,0,0
9691,18,1,0,0
9692,134,1,0,0
9693,38,1,0,0
9694,43,1,0,0
9695,106,1,0,0
9696,70,1,0,0
9697,23,1,0,0
9698,167,1,0,0
9699,125,1,0,0
9700,37,1,0,0
9701,126,1,0,0
9702,60,1,0,0
9703,83,1,0,0
9704,50,1,0,0
9705,60,1,0,0
9706,155,1,0,0
9707,79,1,0,0
9708,156,1,0,0
9709,68,1,0,0
9710,28,1,0,0
9711,32,1,0,0
9712,183,1,0,0
9713,26,1,0,0
9714,23,1,0,0
9715,72,1,0,0
9716,297,1,0,0
9717,93,1,0,0
9718,143,1,0,0
9719,45,1,0,0
9720,79,1,0,0
9721,86,1,0,0
9722,91,1,0,0
9723,54,1,0,0
9724,45,1,0,0
9725,16,1,0,0
9726,53,1,0,0
9727,27,1,0,0
9728,88,1,0,0
9729,26,1,0,0
9730,29,1,0,0
9731,112,1,0,0
9732,50,1,0,0
9733,120,1,0,0
9734,63,1,0,0
9735,29,1,0,0
9736,101,1,0,0
9737,97,1,0,0
9738,14,1,0,0
9739,21,1,0,0
9740,81,1,0,0
9741,67,1,0,0
9742,27,1,0,0
9743,131,1,0,0
9744,84,1,0,0
9745,81,1,0,0
9746,138,1,0,0
9747,94,1,0,0
9748,45,1,0,0
9749,20,1,0,0
9750,73,1,0,0
9751,22,1,0,0
9752,104,1,0,0
9753,63,1,0,0
9754,93,1,0,0
9755,131,1,0,0
9756,23,1,0,0
9757,39,1,0,0
9758,19,1,0,0
9759,126,1,0,0
9760,59,1,0,0
9761,73,1,0,0
9762,39,1,0,0
9763,38,1,0,0
9764,50,1,0,0
9765,164,1,0,0
9766,44,1,0,0
9767,52,1,0,0
9768,26,1,0,0
9769,15,1,0,0
9770,274,1,0,0
9771,54,1,0,0
9772,27,1,0,0
9773,27,1,0,0
9774,107,1,0,0
9775,38,1,0,0
9776,45,1,0,0
9777,194,1,0,0
9778,59,1,0,0
9779,52,1,0,0
9780,28,1,0,0
9781,35,1,0,0
9782,115,1,0,0
9783,65,1,0,0
9784,116,1,0,0
9785,162,1,0,0
9786,12,1,0,0
9787,64,1,0,0
9788,95,1,0,0
9789,29,1,0,0
9790,64,1,0,0
9791,65,1,0,0
9792,171,1,0,0
9793,18,1,0,0
9794,14,1,0,0
9795,13,1,0,0
9796,78,1,0,0
9797,99,1,0,0
9798,45,1,0,0
9799,75,1,0,0
9800,65,1,0,0
9801,68,1,0,0
9802,75,1,0,0
9803,83,1,0,0
9804,34,1,0,0
9805,72,1,0,0
9806,96,1,0,0
9807,17,1,0,0
9808,19,1,0,0
9809,14,1,0,0
9810,42,1,0,0
9811,9,1,0,0
9812,49,1,0,0
9813,65,1,0,0
9814,36,1,0,0
9815,171,1,0,0
9816,19,1,0,0
9817,133,1,0,0
9818,18,1,0,0
9819,73,1,0,0
9820,110,1,0,0
9821,31,1,0,0
9822,31,1,0,0
9823,30,1,0,0
9824,66,1,0,0
9825,61,1,0,0
9826,136,1,0,0
9827,31,1,0,0
9828,115,1,0,0
9829,39,1,0,0
9830,120,1,0,0
9831,42,1,0,0
9832,29,1,0,0
9833,39,1,0,0
9834,150,1,0,0
9835,161,1,0,0
9836,53,1,0,0
9837,39,1,0,0
9838,162,1,0,0
9839,14,1,0,0
9840,16,1,0,0
9841,62,1,0,0
9842,15,1,0,0
9843,37,1,0,0
9844,66,1,0,0
9845,43,1,0,0
9846,91,1,0,0
9847,12,1,0,0
9848,49,1,0,0
9849,131,1,0,0
9850,93,1,0,0
9851,180,1,0,0
9852,148,1,0,0
9853,52,1,0,0
9854,168,1,0,0
9855,54,1,0,0
9856,171,1,0,0
9857,100,1,0,0
9858,47,1,0,0
9859,70,1,0,0
9860,98,1,0,0
9861,60,1,0,0
9862,82,1,0,0
9863,41,1,0,0
9864,105,1,0,0
9865,36,1,0,0
9866,54,1,0,0
9867,27,1,0,0
9868,53,1,0,0
9869,28,1,0,0
9870,172,1,0,0
9871,34,1,0,0
9872,89,1,0,0
9873,54,1,0,0
9874,65,1,0,0
9875,83,1,0,0
9876,66,1,0,0
9877,22,1,0,0
9878,13,1,0,0
9879,48,1,0,0
9880,89,1,0,0
9881,34,1,0,0
9882,18,1,0,0
9883,42,1,0,0
9884,83,1,0,0
9885,124,1,0,0
9886,43,1,0,0
9887,48,1,0,0
9888,22,1,0,0
9889,56,1,0,0
9890,126,1,0,0
9891,104,1,0,0
9892,112,1,0,0
9893,65,1,0,0
9894,13,1,0,0
9895,115,1,0,0
9896,80,1,0,0
9897,31,1,0,0
9898,28,1,0,0
9899,58,1,0,0
9900,11,1,0,0
9901,24,1,0,0
9902,80,1,0,0
9903,87,1,0,0
9904,137,1,0,0
9905,61,1,0,0
9906,122,1,0,0
9907,57,1,0,0
9908,10,1,0,0
9909,52,1,0,0
9910,73,1,0,0
9911,122,1,0,0
9912,60,1,0,0
9913,126,1,0,0
9914,49,1,0,0
9915,82,1,0,0
9916,33,1,0,0
9917,81,1,0,0
9918,61,1,0,0
9919,41,1,0,0
9920,31,1,0,0
9921,70,1,0,0
9922,13,1,0,0
9923,47,1,0,0
9924,64,1,0,0
9925,62,1,0,0
9926,76,1,0,0
9927,120,1,0,0
9928,34,1,0,0
9929,30,1,0,0
9930,46,1,0,0
9931,99,1,0,0
9932,39,1,0,0
9933,71,1,0,0
9934,15,1,0,0
9935,16,1,0,0
9936,50,1,0,0
9937,38,1,0,0
9938,59,1,0,0
9939,152,1,0,0
9940,155,1,0,0
9941,37,1,0,0
9942,82,1,0,0
9943,95,1,0,0
9944,34,1,0,0
9945,42,1,0,0
9946,29,1,0,0
9947,28,1,0,0
9948,71,1,0,0
9949,90,1,0,0
9950,150,1,0,0
9951,55,1,0,0
9952,113,1,0,0
9953,151,1,0,0
9954,110,1,0,0
9955,11,1,0,0
9956,125,1,0,0
9957,21,1,0,0
9958,86,1,0,0
9959,96,1,0,0
9960,91,1,0,0
9961,13,1,0,0
9962,46,1,0,0
9963,62,1,0,0
9964,156,1,0,0
9965,80,1,0,0
9966,18,1,0,0
9967,54,1,0,0
9968,26,1,0,0
9969,32,1,0,0
9970,68,1,0,0
9971,46,1,0,0
9972,9,1,0,0
9973,45,1,0,0
9974,135,1,0,0
9975,69,1,0,0
9976,15,1,0,0
9977,29,1,0,0
9978,81,1,0,0
9979,16,1,0,0
9980,61,1,0,0
9981,38,1,0,0
9982,40,1,0,0
9983,54,1,0,0
9984,26,1,0,0
9985,31,1,0,0
9986,49,1,0,0
9987,36,1,0,0
9988,140,1,0,0
9989,29,1,0,0
9990,191,1,0,0
9991,145,1,0,0
9992,43,1,0,0
9993,21,1,0,0
9994,26,1,0,0
9995,108,1,0,0
9996,87,1,0,0
9997,65,1,0,0
9998,174,1,0,0
9999,108,1,0,0
