step,mean_r2,mean_r,std_r2,std_r,n_alive,trapped_rate,mean_rg2,std_rg2,mean_r2_all,mean_rg2_all,min_r2,max_r2,se_r2,cv_r2
0,0.0000000000,0.0000000000,0.0000000000,0.0000000000,10000,0.0000000000,0.0000000000,0.0000000000,0.0000000000,0.0000000000,0.0000000000,0.0000000000,0.0000000000,0.0000000000
1,1.0000000000,1.0000000000,0.0000000000,0.0000000000,10000,0.0000000000,0.2500000000,0.0000000000,1.0000000000,0.2500000000,1.0000000000,1.0000000000,0.0000000000,0.0000000000
2,2.6632000000,1.6084603451,0.9415762104,0.2757812870,10000,0.0000000000,0.5181333333,0.1046195789,2.6632000000,0.5181333333,2.0000000000,4.0000000000,0.0094157621,0.3535506948
3,4.5556000000,2.0459088118,2.2717633327,0.6081588063,10000,0.0000000000,0.8056000000,0.2138834729,4.5556000000,0.8056000000,1.0000000000,9.0000000000,0.0227176333,0.4986748908
4,6.7322000000,2.4919391380,3.5848965341,0.7227996491,10000,0.0000000000,1.1280160000,0.3120467653,6.7322000000,1.1280160000,2.0000000000,16.0000000000,0.0358489653,0.5325000051
5,8.9648000000,2.8462306375,5.1739695554,0.9293928976,10000,0.0000000000,1.4641777778,0.4319916300,8.9648000000,1.4641777778,1.0000000000,25.0000000000,0.0517396956,0.5771427757
6,11.3794000000,3.2040785236,6.8054724774,1.0551212322,10000,0.0000000000,1.8231918367,0.5570121829,11.3794000000,1.8231918367,2.0000000000,36.0000000000,0.0680547248,0.5980519603
7,13.8552000000,3.5067375895,8.7171459182,1.2481952886,10000,0.0000000000,2.1949000000,0.7020934974,13.8552000000,2.1949000000,1.0000000000,49.0000000000,0.0871714592,0.6291605981
8,16.5306736167,3.8304307101,10.5633737538,1.3632586664,9976,0.0024000000,2.5887661251,0.8489500811,16.4934000000,2.5854780864,2.0000000000,64.0000000000,0.1057607266,0.6390165337
9,19.1756430868,4.1016445092,12.6511956270,1.5336738267,9952,0.0048000000,2.9930707395,1.0106086279,19.0928000000,2.9850265309,1.0000000000,81.0000000000,0.1268166824,0.6597533950
10,21.8929076581,4.3826817091,14.7449471196,1.6385996139,9898,0.0102000000,3.4128624365,1.1794616725,21.6950000000,3.3936197705,2.0000000000,82.0000000000,0.1482072656,0.6735033715
11,24.5876330461,4.6279731905,16.8994116964,1.7803081739,9865,0.0135000000,3.8353438081,1.3579835219,24.2971000000,3.8056294124,1.0000000000,101.0000000000,0.1701465084,0.6873134825
12,27.4049418011,4.8883684664,18.9971462685,1.8731779249,9794,0.0206000000,4.2713423144,1.5386486537,26.9241000000,4.2220237418,2.0000000000,104.0000000000,0.1919589284,0.6932014819
13,30.2560624743,5.1229753645,21.2717862796,2.0027945199,9732,0.0268000000,4.7128010267,1.7241155712,29.5817000000,4.6416932986,1.0000000000,125.0000000000,0.2156268859,0.7030586448
14,33.1905896984,5.3676129325,23.4164612314,2.0926827532,9649,0.0351000000,5.1671095450,1.9101977557,32.2436000000,5.0656531149,2.0000000000,148.0000000000,0.2383856510,0.7055150705
15,36.1651701817,5.5906421097,25.8166040639,2.2158273811,9578,0.0422000000,5.6268091590,2.1060807382,34.9424000000,5.4925291497,1.0000000000,173.0000000000,0.2637920470,0.7138526913
16,39.2305423907,5.8204964147,28.2135509902,2.3135176413,9495,0.0505000000,6.0973843454,2.3075754331,37.6499000000,5.9227799606,2.0000000000,178.0000000000,0.2895411306,0.7191731052
17,42.3113358169,6.0350306487,30.6523092099,2.4268788363,9395,0.0605000000,6.5762557573,2.5125106572,40.3008000000,6.3531514834,1.0000000000,205.0000000000,0.3162385468,0.7244467379
18,45.5844994618,6.2647115591,33.2182335575,2.5175163442,9290,0.0710000000,7.0669495392,2.7209897837,43.0434000000,6.7853951361,2.0000000000,234.0000000000,0.3446423773,0.7287177429
19,48.7221739130,6.4702557637,35.8010108500,2.6187715184,9200,0.0800000000,7.5577663043,2.9331024734,45.6804000000,7.2155024630,1.0000000000,241.0000000000,0.3732513400,0.7347991269
20,52.0610787652,6.6893548882,38.3997115755,2.7043686777,9103,0.0897000000,8.0604176491,3.1488632859,48.4101000000,7.6481026489,2.0000000000,272.0000000000,0.4024720177,0.7375896252
21,55.5005546927,6.8996488053,41.1643352407,2.8098756301,9014,0.0986000000,8.5692847857,3.3730741117,51.2513000000,8.0843371338,1.0000000000,265.0000000000,0.4335730999,0.7416923213
22,59.1724525334,7.1250074216,44.0357887325,2.8994347337,8901,0.1099000000,9.0961649346,3.6023253852,54.1454000000,8.5235928397,2.0000000000,298.0000000000,0.4667522057,0.7441940776
23,62.7092190519,7.3315919431,46.7789980633,2.9928211827,8797,0.1203000000,9.6272194277,3.8379638803,56.9363000000,8.9628641974,1.0000000000,305.0000000000,0.4987508165,0.7459668414
24,66.2223502304,7.5348815017,49.4868586383,3.0737454329,8680,0.1320000000,10.1691266359,4.0722442615,59.5249000000,9.3988355619,2.0000000000,340.0000000000,0.5311657011,0.7472833336
25,69.7063223092,7.7228252839,52.3303605386,3.1724268223,8557,0.1443000000,10.7222788291,4.3110475290,62.0326000000,9.8307173960,1.0000000000,333.0000000000,0.5657088343,0.7507261724
26,73.0617021277,7.9061745720,54.9274739864,3.2487083225,8460,0.1540000000,11.2605210674,4.5448329583,64.5244000000,10.2581194025,2.0000000000,370.0000000000,0.5971788877,0.7517957067
27,76.4774688399,8.0842106793,57.6437568539,3.3351171693,8344,0.1656000000,11.8056433683,4.7793154484,66.9742000000,10.6802173648,1.0000000000,377.0000000000,0.6310519745,0.7537351553
28,80.1070169038,8.2755030399,60.3115445505,3.4092618470,8223,0.1777000000,12.3638383855,5.0205556885,69.4763000000,11.0990557508,2.0000000000,416.0000000000,0.6650974849,0.7528871612
29,83.8287019884,8.4619614161,63.1561121771,3.4962710109,8097,0.1903000000,12.9243677356,5.2638817608,72.0074000000,11.5150490055,1.0000000000,457.0000000000,0.7018645667,0.7533948478
30,87.4809141135,8.6490028238,66.0513115181,3.5602899134,7964,0.2036000000,13.4950918572,5.5047988478,74.3384000000,11.9260192717,2.0000000000,450.0000000000,0.7401433130,0.7550368236
31,91.1253503185,8.8249770345,68.8069732943,3.6393860277,7850,0.2150000000,14.0666077826,5.7405249509,76.6846000000,12.3324556006,1.0000000000,457.0000000000,0.7766004288,0.7550804804
32,95.0152573054,9.0086491643,71.8742150762,3.7228346108,7734,0.2266000000,14.6451381720,5.9852046029,79.1604000000,12.7372908145,2.0000000000,466.0000000000,0.8172803007,0.7564491968
33,98.9738082766,9.1902167351,74.8974178517,3.8096882600,7636,0.2364000000,15.2193198852,6.2251103933,81.7802000000,13.1422696313,1.0000000000,509.0000000000,0.8571047175,0.7567397795
34,102.8772582359,9.3678035603,78.2715634464,3.8886391825,7528,0.2472000000,15.7981565421,6.4651385729,84.2766000000,13.5448980007,2.0000000000,520.0000000000,0.9021197764,0.7608247419
35,106.8055817716,9.5365240494,81.7223087584,3.9824980637,7417,0.2583000000,16.3876280217,6.7200468717,86.7051000000,13.9441114187,1.0000000000,493.0000000000,0.9489132000,0.7651501673
36,110.6942126146,9.7082773625,84.7980462970,4.0550663702,7309,0.2691000000,16.9781386627,6.9724719143,89.0666000000,14.3407034920,2.0000000000,500.0000000000,0.9918748205,0.7660567278
37,114.2349439291,9.8549729828,87.8094865350,4.1369616190,7223,0.2777000000,17.5561825816,7.2385816551,91.2419000000,14.7319045140,1.0000000000,493.0000000000,1.0331957955,0.7686744836
38,118.2775900901,10.0277347053,91.2541839967,4.2097656430,7104,0.2896000000,18.1593412940,7.5144990593,93.5023000000,15.1204252229,2.0000000000,538.0000000000,1.0826829798,0.7715255606
39,122.4212936463,10.1983927052,94.7938773352,4.2911629982,6988,0.3012000000,18.7751545507,7.7881808593,95.7889000000,15.5058758725,1.0000000000,585.0000000000,1.1339759381,0.7743250746
40,126.6709358172,10.3673824713,98.5974521642,4.3804470674,6871,0.3129000000,19.3782538427,8.0642637993,98.1870000000,15.8897104628,2.0000000000,612.0000000000,1.1894760947,0.7783747039
41,130.8182894347,10.5292563507,102.2682040844,4.4668837164,6758,0.3242000000,20.0081742374,8.3602688654,100.4120000000,16.2704155762,1.0000000000,661.0000000000,1.2440319540,0.7817576925
42,135.2084210526,10.7141343599,105.2670711092,4.5183786883,6650,0.3350000000,20.6579151502,8.6477727801,102.6274000000,16.6474435502,2.0000000000,650.0000000000,1.2908676490,0.7785541040
43,139.6656474545,10.8891828479,108.7427292306,4.5925313673,6541,0.3459000000,21.2967478814,8.9428359880,104.9327000000,17.0217002064,1.0000000000,641.0000000000,1.3445537063,0.7785932419
44,143.9778953923,11.0565079482,112.3324938526,4.6617086335,6424,0.3576000000,21.9441604785,9.2372883727,107.0713000000,17.3916030713,2.0000000000,692.0000000000,1.4015307620,0.7802065279
45,148.3485569299,11.2204113251,115.7769188434,4.7382408788,6306,0.3694000000,22.5906639459,9.5411682962,109.1329000000,17.7562508668,1.0000000000,709.0000000000,1.4579579701,0.7804384568
46,153.0353282788,11.3974374908,119.1465153574,4.8097553911,6199,0.3801000000,23.2509666748,9.8378864484,111.3556000000,18.1192807323,2.0000000000,740.0000000000,1.5132843022,0.7785556231
47,157.8464702978,11.5728661245,122.5725227234,4.8903210491,6077,0.3923000000,23.9326891981,10.1410064544,113.5705000000,18.4799069675,1.0000000000,765.0000000000,1.5723473985,0.7765300199
48,162.3357322176,11.7456997062,125.4634938461,4.9370305478,5975,0.4025000000,24.5874606641,10.4278000522,115.7398000000,18.8392077698,2.0000000000,778.0000000000,1.6231117533,0.7728643111
49,167.2772277228,11.9299002617,128.7267305089,4.9954686935,5858,0.4142000000,25.2845032434,10.7524782179,117.8274000000,19.1964057965,1.0000000000,833.0000000000,1.6818763171,0.7695412715
50,171.9410847340,12.0954732109,132.2443535534,5.0636560446,5771,0.4229000000,25.9746894997,11.0694871782,119.9015000000,19.5515812268,2.0000000000,848.0000000000,1.7408109141,0.7691259699
51,176.7028934368,12.2616920204,135.7368009185,5.1335954491,5668,0.4332000000,26.6538679465,11.3573269824,121.9971000000,19.9036562470,1.0000000000,877.0000000000,1.8029458723,0.7681639971
52,181.3486123545,12.4205740533,139.7089814862,5.2036480032,5585,0.4415000000,27.3521282309,11.6862234027,124.0838000000,20.2537342871,2.0000000000,922.0000000000,1.8694451950,0.7703890296
53,186.3753414679,12.5959271571,143.7913342638,5.2647849454,5491,0.4509000000,28.0777313244,12.0072888519,126.0811000000,20.6006080133,1.0000000000,949.0000000000,1.9404702632,0.7715147998
54,191.4871415356,12.7723587960,147.6259858673,5.3248466946,5405,0.4595000000,28.7767342452,12.3290081481,128.3130000000,20.9464329757,2.0000000000,1010.0000000000,2.0080057947,0.7709446425
55,196.6285930408,12.9424794144,151.8849533740,5.3963709703,5288,0.4712000000,29.5362995780,12.6888835929,130.1632000000,21.2864079612,1.0000000000,1073.0000000000,2.0886661527,0.7724459145
56,201.1719622569,13.0916816632,155.5284460256,5.4570902032,5193,0.4807000000,30.2499288617,13.0071288093,132.0545000000,21.6219226134,2.0000000000,1138.0000000000,2.1582446421,0.7731119401
57,206.0229636899,13.2407843532,159.7468042705,5.5411725657,5095,0.4905000000,30.9981063130,13.3564083001,133.7636000000,21.9519366965,1.0000000000,1205.0000000000,2.2380000129,0.7753834884
58,210.7270912358,13.3877027476,163.7229934776,5.6121748348,5009,0.4991000000,31.7422357653,13.7051790362,135.4851000000,22.2767024665,2.0000000000,1192.0000000000,2.3133117340,0.7769432612
59,216.1823159603,13.5577517129,168.2110285665,5.6894362155,4931,0.5069000000,32.5044816242,14.0591982114,137.5198000000,22.5999087788,1.0000000000,1261.0000000000,2.3954491994,0.7780980041
60,222.2805636138,13.7505232458,172.7840724892,5.7622629306,4826,0.5174000000,33.3196230710,14.4223297877,139.4534000000,22.9214275395,2.0000000000,1274.0000000000,2.4871962099,0.7773242504
61,227.4726966055,13.9092713058,176.6894047009,5.8313693372,4743,0.5257000000,34.1026988565,14.7982156293,141.2131000000,23.2388915443,1.0000000000,1289.0000000000,2.5655704524,0.7767499455
62,233.0110127402,14.0781480926,181.2167984994,5.9005727708,4631,0.5369000000,34.9313938584,15.1832152659,142.7550000000,23.5507738643,2.0000000000,1306.0000000000,2.6629380492,0.7777177412
63,238.3860689958,14.2402842840,185.1110926083,5.9666047721,4551,0.5449000000,35.7379659218,15.5287628684,144.4457000000,23.8595965317,1.0000000000,1377.0000000000,2.7439678997,0.7765180801
64,243.0725028058,14.3803427888,189.0072164025,6.0231423760,4455,0.5545000000,36.4960156197,15.8638349980,146.0050000000,24.1625084532,2.0000000000,1396.0000000000,2.8317475401,0.7775754732
65,248.0936998855,14.5356913981,191.9803437561,6.0669082294,4365,0.5635000000,37.3149832702,16.2251387344,147.4683000000,24.4597688991,1.0000000000,1417.0000000000,2.9057927841,0.7738219223
66,253.7585964912,14.7094803894,196.0425773492,6.1147185680,4275,0.5725000000,38.1602586700,16.6036130383,148.9086000000,24.7516755549,2.0000000000,1490.0000000000,2.9983501168,0.7725554131
67,258.2939494998,14.8437569790,199.1526662754,6.1609113165,4198,0.5802000000,38.9173547793,16.9642588631,150.3314000000,25.0380466292,1.0000000000,1469.0000000000,3.0737242823,0.7710310933
68,263.3617021277,14.9919442209,203.0135266320,6.2131562515,4136,0.5864000000,39.6883552169,17.3640706066,151.7962000000,25.3193421289,2.0000000000,1544.0000000000,3.1567101780,0.7708543991
69,268.7861015278,15.1422505816,207.2704477860,6.2847711854,4058,0.5942000000,40.4906016837,17.7448680199,153.2542000000,25.5962030034,1.0000000000,1525.0000000000,3.2537288964,0.7711352879
70,274.3218679387,15.3074576255,210.4713594822,6.3248406290,3983,0.6017000000,41.3078374203,18.0950528691,154.7875000000,25.8692636479,2.0000000000,1508.0000000000,3.3349386814,0.7672423677
71,279.1491925147,15.4393862956,214.2313475707,6.3854947601,3901,0.6099000000,42.1012318581,18.4782606861,156.0350000000,26.1371712559,1.0000000000,1585.0000000000,3.4300073010,0.7674439093
72,284.2883963494,15.5823112332,218.0717135216,6.4404947777,3835,0.6165000000,42.9422878383,18.8529091153,157.2233000000,26.3995848610,2.0000000000,1602.0000000000,3.5214104765,0.7670791925
73,287.9762222816,15.6834005706,221.0487117444,6.4812937616,3743,0.6257000000,43.6965519957,19.1168858247,158.2032000000,26.6550108783,1.0000000000,1681.0000000000,3.6130841342,0.7675936228
74,292.9043997827,15.8214979257,224.4239559192,6.5256879460,3682,0.6318000000,44.4879423502,19.4610008720,159.5212000000,26.9071311129,2.0000000000,1700.0000000000,3.6985144628,0.7662020649
75,297.4143646409,15.9402520850,227.9776877065,6.5820003120,3620,0.6380000000,45.2520170146,19.8070188474,160.7732000000,27.1545742144,1.0000000000,1621.0000000000,3.7891173804,0.7665322016
76,302.4481887110,16.0746804193,231.9609219931,6.6372312096,3561,0.6439000000,46.0148980951,20.1567098117,161.9805000000,27.3967075078,2.0000000000,1642.0000000000,3.8871279788,0.7669443252
77,307.3625463888,16.2122869037,235.2577534380,6.6726531260,3503,0.6497000000,46.8194835065,20.5273580167,163.1206000000,27.6332892271,1.0000000000,1665.0000000000,3.9748786710,0.7654080050
78,312.6341890315,16.3548037359,238.8202292275,6.7197160498,3428,0.6572000000,47.5838329248,20.8715128897,164.4504000000,27.8666593036,2.0000000000,1588.0000000000,4.0789718132,0.7638967125
79,316.5069795070,16.4469912203,241.9268051036,6.7825850017,3367,0.6633000000,48.2933815340,21.1565658902,165.6449000000,28.0955719669,1.0000000000,1513.0000000000,4.1692931480,0.7643648348
80,321.7220359646,16.5829875864,245.8680288788,6.8356827511,3281,0.6719000000,49.1372015727,21.5037090595,166.7230000000,28.3200817091,2.0000000000,1538.0000000000,4.2923877257,0.7642250185
81,327.7861379956,16.7405159630,250.2080610980,6.8950172797,3203,0.6797000000,49.9972974381,21.9207884251,167.8757000000,28.5415894668,1.0000000000,1565.0000000000,4.4210235484,0.7633271578
82,333.8474305777,16.9108061810,253.5344604842,6.9189641483,3133,0.6867000000,50.9435275163,22.2644839873,168.8872000000,28.7596050701,2.0000000000,1594.0000000000,4.5295681649,0.7594321156
83,338.8283485046,17.0167352200,258.8770119899,7.0184806731,3076,0.6924000000,51.7669594387,22.6565519974,169.9500000000,28.9742695362,1.0000000000,1625.0000000000,4.6676719071,0.7640358699
84,345.5843553199,17.1768490805,264.0561723855,7.1091638738,3017,0.6983000000,52.6555860504,23.0755868831,171.2767000000,29.1874719225,2.0000000000,1700.0000000000,4.8073823938,0.7640860135
85,352.0805687204,17.3300082348,269.3720969520,7.1938434304,2954,0.7046000000,53.5578534647,23.4527019532,172.6557000000,29.3988634415,1.0000000000,1733.0000000000,4.9561833185,0.7650865196
86,357.9102829538,17.4730315304,273.4640604630,7.2528237322,2898,0.7102000000,54.4224000023,23.8227551968,173.7723000000,29.6071752596,2.0000000000,1658.0000000000,5.0798520939,0.7640575683
87,364.6423794439,17.6310935422,278.2567475359,7.3339566367,2841,0.7159000000,55.3459425662,24.2222436282,174.8966000000,29.8124050523,1.0000000000,1649.0000000000,5.2204758087,0.7630949205
88,370.5329967544,17.7709296663,283.0568341833,7.3977736887,2773,0.7227000000,56.2315198503,24.4858976853,175.8249000000,30.0135907340,2.0000000000,1700.0000000000,5.3752505247,0.7639180226
89,375.8754134509,17.8967325599,287.0859553208,7.4553589538,2721,0.7279000000,57.1130381895,24.8504283296,176.7874000000,30.2115863625,1.0000000000,1781.0000000000,5.5036103129,0.7637795531
90,382.2911676647,18.0503114883,292.2986751951,7.5151462288,2672,0.7328000000,57.9654655488,25.2728725359,178.1052000000,30.4085855720,2.0000000000,1802.0000000000,5.6546876426,0.7645969876
91,388.9816443595,18.2100343974,297.1251206653,7.5747139620,2615,0.7385000000,58.8620095638,25.6982039066,179.2247000000,30.6029023167,1.0000000000,1885.0000000000,5.8103664638,0.7638538347
92,394.3601711396,18.3315605964,301.9115699412,7.6363641374,2571,0.7429000000,59.7639886963,26.1068642214,180.1440000000,30.7936081678,2.0000000000,1970.0000000000,5.9542726608,0.7655731791
93,398.9849624060,18.4333760822,306.3924324888,7.6938682481,2527,0.7473000000,60.6171659791,26.4946709380,180.9319000000,30.9799644383,1.0000000000,1993.0000000000,6.0950239095,0.7679297752
94,406.1087832393,18.6113619362,310.2192452254,7.7282591907,2482,0.7518000000,61.5539900134,26.8489651323,181.9375000000,31.1635990964,2.0000000000,2080.0000000000,6.2268420317,0.7638821371
95,411.3162217659,18.7470818306,312.6189987863,7.7371276713,2435,0.7565000000,62.3979895691,27.1511716005,182.7284000000,31.3435174679,1.0000000000,2057.0000000000,6.3352810349,0.7600453915
96,415.8214585080,18.8403935225,316.8361987533,7.8013479878,2386,0.7614000000,63.1674788019,27.5533163140,183.5624000000,31.5195879360,2.0000000000,2146.0000000000,6.4863379809,0.7619524973
97,420.7340197340,18.9455746839,321.7571521975,7.8612479690,2331,0.7669000000,64.0209443245,27.9584885802,184.3437000000,31.6915921964,1.0000000000,2237.0000000000,6.6643388790,0.7647519266
98,426.7632850242,19.0756448577,327.4714008980,7.9298838759,2277,0.7723000000,64.8835973779,28.3379989472,185.1120000000,31.8598150891,2.0000000000,2330.0000000000,6.8626501936,0.7673373329
99,433.5539568345,19.2272964551,332.4191397900,7.9915597890,2224,0.7776000000,65.8459523381,28.7503040330,185.8618000000,32.0245886611,1.0000000000,2425.0000000000,7.0488558596,0.7667307253
100,440.1315547378,19.3821490399,337.1129648154,8.0289384936,2174,0.7826000000,66.7057429025,29.1538108788,186.7798000000,32.1870922481,2.0000000000,2522.0000000000,7.2301229930,0.7659368232
101,445.1459990641,19.4847333562,341.1568214363,8.0926611879,2137,0.7863000000,67.5610162266,29.5163387089,187.6585000000,32.3470115795,1.0000000000,2545.0000000000,7.3799224529,0.7663930983
102,450.4762808349,19.6014204011,344.9535525578,8.1400613692,2108,0.7892000000,68.3949748728,29.9874447537,188.5233000000,32.5039242242,2.0000000000,2570.0000000000,7.5132063811,0.7657529758
103,456.3423336548,19.7284533809,348.8334042857,8.1933180612,2074,0.7926000000,69.2684813170,30.4156581339,189.4277000000,32.6586535874,1.0000000000,2473.0000000000,7.6597340377,0.7644116676
104,461.5744471744,19.8521833556,351.4510709451,8.2137240756,2035,0.7965000000,70.1864728699,30.7324331184,190.1142000000,32.8105133719,2.0000000000,2500.0000000000,7.7908109190,0.7614179535
105,466.0480961924,19.9396989211,355.8827795735,8.2738445192,1996,0.8004000000,70.9719706412,31.1126813657,190.8524000000,32.9594667753,1.0000000000,2529.0000000000,7.9657506090,0.7636181383
106,470.0316165222,20.0167052873,359.7335251228,8.3284527953,1961,0.8039000000,71.8042932475,31.5100912445,191.4843000000,33.1056864651,2.0000000000,2560.0000000000,8.1234800201,0.7653389952
107,477.0876369327,20.1806486304,363.6977550167,8.3563782698,1917,0.8083000000,72.8367689498,32.0500954202,192.0082000000,33.2485216777,1.0000000000,2593.0000000000,8.3067198509,0.7623290290
108,483.0539241858,20.3170744547,368.3418259933,8.3827447645,1873,0.8127000000,73.8245494911,32.4215008606,192.7261000000,33.3887035217,2.0000000000,2690.0000000000,8.5110305230,0.7625273444
109,485.7561108093,20.3633771752,371.7315966570,8.4314281608,1841,0.8159000000,74.5697651294,32.6959060962,193.2758000000,33.5253468149,1.0000000000,2725.0000000000,8.6636835894,0.7652638606
110,492.2117516630,20.4731867787,378.3375139366,8.5475361824,1804,0.8196000000,75.3897210268,33.1836566275,194.1704000000,33.6607745377,2.0000000000,2762.0000000000,8.9076088720,0.7686478688
111,497.1352112676,20.5723381641,382.5555929769,8.5973317797,1775,0.8225000000,76.2050311692,33.5371474686,194.8897000000,33.7944322890,1.0000000000,2861.0000000000,9.0801992197,0.7695202116
112,502.6891814539,20.6764853349,387.2983303535,8.6701865982,1747,0.8253000000,77.0320756171,33.9903938584,195.6572000000,33.9265552073,2.0000000000,2900.0000000000,9.2661467140,0.7704528855
113,508.1883720930,20.7793172818,392.4004146866,8.7411867270,1720,0.8280000000,77.9239159455,34.4461962415,196.2650000000,34.0563608637,1.0000000000,2941.0000000000,9.4616141700,0.7721554373
114,516.0572109654,20.9442702222,397.8561039427,8.7974289327,1678,0.8322000000,78.8571269695,34.8135168118,196.8488000000,34.1839103918,2.0000000000,2842.0000000000,9.7124779800,0.7709534825
115,523.2138517618,21.0972272670,402.5023887873,8.8386001951,1646,0.8354000000,79.9676774706,35.2693816965,197.2686000000,34.3089207651,1.0000000000,2745.0000000000,9.9209565305,0.7692884801
116,529.2735148515,21.2193317608,408.0219301541,8.8889523835,1616,0.8384000000,80.7008790212,35.6250606598,198.0424000000,34.4322206716,2.0000000000,2704.0000000000,10.1499248731,0.7709094045
117,536.4776025237,21.3771309719,412.8124171699,8.9160458687,1585,0.8415000000,81.6889546860,36.0789519219,198.6749000000,34.5535848882,1.0000000000,2665.0000000000,10.3690297107,0.7694867693
118,541.6177606178,21.4661391755,418.0498213381,8.9901406838,1554,0.8446000000,82.4900436668,36.4851770819,199.1977000000,34.6721932471,2.0000000000,2570.0000000000,10.6048012827,0.7718539748
119,547.2280471822,21.5952100245,420.4329858251,8.9930501600,1526,0.8474000000,83.4006689602,36.8526860486,199.8119000000,34.7888627226,1.0000000000,2533.0000000000,10.7626573834,0.7682957553
120,553.9732977303,21.7271795177,425.7549384855,9.0500258528,1498,0.8502000000,84.3010420560,37.2116329772,200.3397000000,34.9029086559,4.0000000000,2500.0000000000,11.0002812091,0.7685477626
121,562.7006151743,21.9210349113,430.5910996035,9.0647031717,1463,0.8537000000,85.3809737660,37.6364415380,200.8660000000,35.0146975119,5.0000000000,2525.0000000000,11.2575241052,0.7652223722
122,567.8941504178,22.0022213338,436.7630744750,9.1540377319,1436,0.8564000000,86.2232400244,38.1174780608,201.4612000000,35.1246864644,2.0000000000,2602.0000000000,11.5257367098,0.7690923989
123,572.5688793719,22.0688125221,442.2973020006,9.2485887160,1401,0.8599000000,86.9471590458,38.2416724164,202.1241000000,35.2330102958,5.0000000000,2669.0000000000,11.8166731357,0.7724787671
124,579.6948905109,22.1900772350,449.0552649683,9.3431987465,1370,0.8630000000,87.6707721343,38.6101748987,202.7997000000,35.3395681750,4.0000000000,2746.0000000000,12.1321985478,0.7746407159
125,587.8098434004,22.3336929215,456.1550069744,9.4348292982,1341,0.8659000000,88.7620038238,39.0965812357,203.2866000000,35.4441308973,5.0000000000,2705.0000000000,12.4565580806,0.7760247844
126,593.6542269612,22.4441433518,461.7098120135,9.4823338985,1313,0.8687000000,89.6530624166,39.4090725866,203.8749000000,35.5469239425,4.0000000000,2810.0000000000,12.7419747755,0.7777419768
127,600.4316602317,22.5722164553,466.8688022714,9.5355495137,1295,0.8705000000,90.5457101947,39.8239760780,204.5814000000,35.6489227822,1.0000000000,2837.0000000000,12.9735840475,0.7775552710
128,607.9122944401,22.7083574284,474.0512729431,9.6043113935,1277,0.8723000000,91.4031286803,40.1258102214,205.3041000000,35.7502216384,2.0000000000,2916.0000000000,13.2656907399,0.7798020821
129,614.9297124601,22.8500079890,478.2144186486,9.6336310580,1252,0.8748000000,92.2857695143,40.4558212305,205.9019000000,35.8501650678,1.0000000000,2917.0000000000,13.5151385421,0.7776732998
130,623.4161896975,23.0120569965,484.6157088343,9.6882104895,1223,0.8777000000,93.4146393758,41.0353551101,206.3762000000,35.9486386410,2.0000000000,3026.0000000000,13.8574799591,0.7773550268
131,631.0217209691,23.1451154978,491.3356452774,9.7634701599,1197,0.8803000000,94.1538673167,41.4629536542,207.0413000000,36.0461520427,5.0000000000,3025.0000000000,14.2014012134,0.7786350754
132,638.0339558574,23.2608556925,498.4705833310,9.8471594030,1178,0.8822000000,95.1371690712,42.0480769797,207.5479000000,36.1419763077,4.0000000000,3060.0000000000,14.5233528487,0.7812602742
133,646.7502153316,23.4277161776,505.1636038298,9.8940552875,1161,0.8839000000,96.1383098104,42.6796273131,208.1274000000,36.2370001460,1.0000000000,3133.0000000000,14.8257250945,0.7810799159
134,656.2678414097,23.5908334926,514.0994869147,9.9870123927,1135,0.8865000000,97.2388516041,43.3304086063,208.5739000000,36.3309690869,2.0000000000,3208.0000000000,15.2598139851,0.7833683970
135,664.7634408602,23.7444457858,519.7592508141,10.0481209778,1116,0.8884000000,98.2705749223,43.8276206445,209.0753000000,36.4236049300,1.0000000000,3285.0000000000,15.5585862039,0.7818709918
136,675.5702479339,23.9548820357,527.4932305181,10.0863211623,1089,0.8911000000,99.3359558121,44.4431174315,209.6856000000,36.5147569864,4.0000000000,3370.0000000000,15.9846433490,0.7808118136
137,680.9360902256,24.0352350923,531.5591300105,10.1608840305,1064,0.8936000000,99.9513254229,44.4611075817,210.3368000000,36.6051219508,5.0000000000,3449.0000000000,16.2959906936,0.7806299852
138,687.7151106833,24.1632242230,536.6687140462,10.1908638413,1039,0.8961000000,100.8780747374,45.1068350595,210.8569000000,36.6943255239,2.0000000000,3536.0000000000,16.6493968201,0.7803648716
139,692.5242814668,24.2341440620,540.9515490772,10.2581939468,1009,0.8991000000,101.7758374628,45.6627406571,211.2018000000,36.7814161518,1.0000000000,3625.0000000000,17.0299269738,0.7811300824
140,700.8931451613,24.3964371064,543.9828076637,10.2813910380,992,0.9008000000,102.9574512705,46.2943936078,211.6280000000,36.8667550117,2.0000000000,3546.0000000000,17.2714714148,0.7761280181
141,705.0246406571,24.4698716137,548.3308997070,10.3077652218,974,0.9026000000,103.9474861577,46.9350688738,211.9210000000,36.9499534676,1.0000000000,3637.0000000000,17.5696553200,0.7777471426
142,712.6638655462,24.6327861149,550.7175041403,10.2902727741,952,0.9048000000,105.3334542874,47.2355142711,211.9898000000,37.0311240448,2.0000000000,3716.0000000000,17.8488568405,0.7727591236
143,719.3624733475,24.7541240315,554.2841834593,10.3245250148,938,0.9062000000,106.3185971597,47.6534684523,212.3822000000,37.1107231242,1.0000000000,3809.0000000000,18.0980201309,0.7705214047
144,726.7288503254,24.8849477134,559.6495864973,10.3666883635,922,0.9078000000,107.3728560927,48.1940890086,212.6852000000,37.1892277032,2.0000000000,3904.0000000000,18.4310775602,0.7700940815
145,731.7136563877,24.9767446159,560.4126877243,10.3863316325,908,0.9092000000,108.2645195063,48.6929915151,212.9322000000,37.2661714965,1.0000000000,4001.0000000000,18.5979482480,0.7658907044
146,739.2778402700,25.1095556895,564.8278756435,10.4301511659,889,0.9111000000,109.2712707038,49.1329204285,213.3483000000,37.3419127529,2.0000000000,4082.0000000000,18.9437189374,0.7640265200
147,743.4569460390,25.1804093913,570.3956269321,10.4596333074,871,0.9129000000,110.2535833224,49.6811572762,213.5982000000,37.4152691277,1.0000000000,4165.0000000000,19.3271185130,0.7672207920
148,746.2981220657,25.2417510909,568.9298003234,10.4475893836,852,0.9148000000,111.0461922474,49.7260454713,213.9288000000,37.4870288855,2.0000000000,4264.0000000000,19.4912137933,0.7623358327
149,757.9055690073,25.4490523648,575.8410573120,10.5000620350,826,0.9174000000,112.4996677966,50.3606475968,214.1436000000,37.5572999320,5.0000000000,4349.0000000000,20.0360728950,0.7597794249
150,766.2768850433,25.5749322263,585.3994716274,10.5924372391,809,0.9191000000,113.6415319975,50.8963058971,214.5989000000,37.6266239373,2.0000000000,4436.0000000000,20.5815493771,0.7639529301
151,772.1827411168,25.6465700471,592.1393049388,10.6974850286,788,0.9212000000,114.6462107557,51.1771646112,214.8913000000,37.6943808082,1.0000000000,4525.0000000000,21.0940893294,0.7668383058
152,783.5123216602,25.8411662142,600.8716373373,10.7585524283,771,0.9229000000,116.0477276053,51.8386030791,215.2598000000,37.7614281360,4.0000000000,4626.0000000000,21.6398634339,0.7668949431
153,787.1923583663,25.8963080900,602.5243339579,10.7969248249,759,0.9241000000,116.9762229754,52.3102490114,215.2971000000,37.8260765377,1.0000000000,4537.0000000000,21.8702477770,0.7654092771
154,793.5864864865,25.9893754622,611.8207976737,10.8691696819,740,0.9260000000,117.5991196108,52.6335271471,215.5497000000,37.8885194510,2.0000000000,4640.0000000000,22.4909798275,0.7709566734
155,801.3038674033,26.0918799660,620.1503083142,10.9780538913,724,0.9276000000,118.7912257856,53.1176248624,215.8633000000,37.9499083893,1.0000000000,4729.0000000000,23.0477046982,0.7739265135
156,809.4229137199,26.2188491591,628.8760596268,11.0451284507,707,0.9293000000,119.6382797504,53.4125947868,216.1628000000,38.0102837239,2.0000000000,4820.0000000000,23.6513184268,0.7769437323
157,817.0749279539,26.3580818248,633.1768628359,11.0601288631,694,0.9306000000,120.6778626929,53.9092543265,216.3502000000,38.0694622319,1.0000000000,4913.0000000000,24.0350650312,0.7749312103
158,821.4861313869,26.4056225900,639.5033783926,11.1458165704,685,0.9315000000,121.6735432426,54.3395400182,216.4199000000,38.1271802957,2.0000000000,4810.0000000000,24.4341681006,0.7784713021
159,825.2861400894,26.4586956518,644.4396045914,11.1903335292,671,0.9329000000,122.6300909324,55.0094767591,216.6598000000,38.1836239399,5.0000000000,4717.0000000000,24.8783150017,0.7808680811
160,829.4600301659,26.5028045377,650.5472376642,11.2721507178,663,0.9337000000,123.3706816448,55.5796008375,216.9075000000,38.2392658517,2.0000000000,4616.0000000000,25.2651611647,0.7843020929
161,833.1860465116,26.5647676908,653.7527513979,11.2915527739,645,0.9355000000,124.2629695204,55.6734659374,217.0564000000,38.2928018697,1.0000000000,4517.0000000000,25.7414894481,0.7846419826
162,840.8535031847,26.7008276052,658.8015447416,11.3101418374,628,0.9372000000,125.4999087822,56.1204878040,217.1904000000,38.3454284077,4.0000000000,4420.0000000000,26.2890436163,0.7834914670
163,855.0424143556,26.9364328113,666.6678686877,11.3785324958,613,0.9387000000,127.0392099397,56.7756321585,217.4021000000,38.3975066768,5.0000000000,4325.0000000000,26.9264616066,0.7796898230
164,854.9633333333,26.9181199451,671.3117298659,11.4183252692,600,0.9400000000,127.8427211509,57.1408726502,217.5431000000,38.4475050589,4.0000000000,4232.0000000000,27.4061866086,0.7851935910
165,864.8498293515,27.0724895073,681.1440521429,11.4860846779,586,0.9414000000,129.2403184431,57.9169593954,217.6821000000,38.4966563551,5.0000000000,4325.0000000000,28.1378014407,0.7875865023
166,871.6955017301,27.1870828069,688.0664579337,11.5133848274,578,0.9422000000,130.3825925837,58.6127030764,217.8091000000,38.5446767023,10.0000000000,4420.0000000000,28.6197916654,0.7893426736
167,881.1197183099,27.3405681512,697.2214975554,11.5591111889,568,0.9432000000,131.6775318329,59.4196262334,218.0033000000,38.5918810024,5.0000000000,4517.0000000000,29.2547641676,0.7912903128
168,889.2983725136,27.4317499189,708.7030761993,11.6960450111,553,0.9447000000,133.2069516766,60.4208081933,218.0766000000,38.6377647229,2.0000000000,4610.0000000000,30.1371203350,0.7969238426
169,900.0631970260,27.6110527601,715.1774571829,11.7342644638,538,0.9462000000,134.7218696698,61.0932021359,218.2504000000,38.6825683361,1.0000000000,4513.0000000000,30.8334895919,0.7945858241
170,901.7457305503,27.6072794604,718.9912207912,11.8145609884,527,0.9473000000,135.4541619611,61.7092347291,218.3649000000,38.7260618168,2.0000000000,4608.0000000000,31.3197495020,0.7973325478
171,903.3798449612,27.6096689421,723.6474439668,11.8779638772,516,0.9484000000,136.6241031974,62.0879630777,218.3833000000,38.7680202560,5.0000000000,4513.0000000000,31.8568023950,0.8010444864
172,912.2142857143,27.7100942868,735.9256573386,12.0151970576,504,0.9496000000,138.1370668519,63.0155604148,218.5017000000,38.8086043583,4.0000000000,4610.0000000000,32.7807341893,0.8067464727
173,918.9878296146,27.8609704867,735.7072626544,11.9479769482,493,0.9507000000,139.0516080323,63.3107049442,218.5606000000,38.8481480362,9.0000000000,4709.0000000000,33.1345886676,0.8005625743
174,930.3892339545,28.0429563669,745.4847476323,11.9992429827,483,0.9517000000,139.8511655892,64.0836022670,218.8221000000,38.8874462182,10.0000000000,4804.0000000000,33.9207305429,0.8012611501
175,938.4339622642,28.1693883780,751.0060717816,12.0382523929,477,0.9523000000,140.8880248941,64.8519642852,219.0034000000,38.9263584815,17.0000000000,4905.0000000000,34.3862058496,0.8002758873
176,935.2521367521,28.1209701760,754.3696273828,12.0192833860,468,0.9532000000,141.1937072312,65.3610343922,219.1808000000,38.9642380102,20.0000000000,5002.0000000000,34.8707483613,0.8065949253
177,949.0701754386,28.3639663386,759.1869579891,12.0231272547,456,0.9544000000,142.4927059316,66.4141456734,219.3474000000,39.0016850617,25.0000000000,5105.0000000000,35.5521866595,0.7999271051
178,959.7073170732,28.5443184352,760.5153366684,12.0386544989,451,0.9549000000,143.8260120019,67.0680265785,219.6027000000,39.0387732396,16.0000000000,5008.0000000000,35.8112685664,0.7924450748
179,969.6924829157,28.6656150265,769.6268087817,12.1644974442,439,0.9561000000,145.1433057735,67.7291443904,219.7452000000,39.0747777396,17.0000000000,5113.0000000000,36.7322834675,0.7936813189
180,970.0606060606,28.6607449825,771.4353926879,12.1910747315,429,0.9571000000,145.3947424125,67.4678984374,219.9027000000,39.1097866644,10.0000000000,5220.0000000000,37.2452517301,0.7952445320
181,977.6066350711,28.8077480638,772.9926651851,12.1540234724,422,0.9578000000,146.4454391112,67.5614004834,220.0509000000,39.1442770920,13.0000000000,5329.0000000000,37.6286941922,0.7906990782
182,971.4403892944,28.7023738382,771.1913671665,12.1496553593,411,0.9589000000,147.2539423375,68.2428011820,220.1908000000,39.1770271187,18.0000000000,5440.0000000000,38.0400648309,0.7938638085
183,976.6290726817,28.7509412135,781.4924753184,12.2479570550,399,0.9601000000,148.2015228288,68.3194702522,220.3901000000,39.2090510501,13.0000000000,5537.0000000000,39.1235588180,0.8001937452
184,985.1938775510,28.8454083375,792.8201170011,12.3748250653,392,0.9608000000,149.3138932037,69.2416801390,220.5845000000,39.2405867483,10.0000000000,5636.0000000000,40.0434629280,0.8047351238
185,990.8958333333,28.9277524982,796.0450610043,12.4129355407,384,0.9616000000,150.2586609844,70.0385889426,220.7279000000,39.2716019831,5.0000000000,5525.0000000000,40.6230044109,0.8033589750
186,994.7015706806,28.9513128469,800.1016361797,12.5109174373,382,0.9618000000,151.3305470709,70.6142835441,220.8137000000,39.3018781297,8.0000000000,5426.0000000000,40.9367609671,0.8043634993
187,1004.8064516129,29.1632780882,794.8022849844,12.4221440485,372,0.9628000000,152.9210682594,70.7915513828,220.8291000000,39.3312695249,5.0000000000,5317.0000000000,41.2085788195,0.7910003799
188,1012.3250688705,29.2760535488,796.5694449049,12.4594445093,363,0.9637000000,154.1058193346,71.3728776006,220.8802000000,39.3597380132,2.0000000000,5416.0000000000,41.8090530404,0.7868712031
189,1020.9886039886,29.4427282534,794.7487193671,12.4142803653,351,0.9649000000,155.3448514336,71.9812399672,220.9611000000,39.3876992538,1.0000000000,5309.0000000000,42.4205483904,0.7784109600
190,1030.2982456140,29.5638443514,800.7934179200,12.5010940633,342,0.9658000000,156.4983242899,72.8454264978,221.0459000000,39.4151068919,4.0000000000,5204.0000000000,43.3019487624,0.7772442798
191,1044.7341389728,29.8816587961,795.3852561828,12.3215504937,331,0.9669000000,157.6981643313,72.9875370550,221.1804000000,39.4418140288,5.0000000000,5101.0000000000,43.7183275343,0.7613279078
192,1052.0122699387,29.9573967805,803.2614651809,12.4324835842,326,0.9674000000,159.2424110863,73.6837579986,221.2506000000,39.4680741335,2.0000000000,5202.0000000000,44.4885378995,0.7635476202
193,1050.2830188679,29.8766882454,815.2011530293,12.5565328954,318,0.9682000000,159.5033827842,74.5867113009,221.3122000000,39.4936242387,5.0000000000,5305.0000000000,45.7142106603,0.7761728395
194,1043.7003257329,29.7414076139,816.5300468210,12.6154270193,307,0.9693000000,159.5989221903,75.0595282650,221.2935000000,39.5179259682,4.0000000000,5410.0000000000,46.6018312456,0.7823414698
195,1053.6378737542,29.8555619783,827.4319506668,12.7390459891,301,0.9699000000,161.3792128418,75.8431423455,221.3420000000,39.5418001064,5.0000000000,5513.0000000000,47.6923847667,0.7853096128
196,1060.8191126280,29.9710848929,831.1425488826,12.7496346210,293,0.9707000000,162.5953896729,76.8287355766,221.3835000000,39.5653153747,2.0000000000,5408.0000000000,48.5558661589,0.7834913031
197,1060.3472222222,29.9425678793,833.4736991738,12.7980409054,288,0.9712000000,163.3932854074,77.5069022472,221.4029000000,39.5884181959,1.0000000000,5513.0000000000,49.1129087189,0.7860384615
198,1069.6666666667,30.1263917470,837.3363133502,12.7305611414,282,0.9718000000,164.4006570147,78.0270647246,221.5033000000,39.6113716620,16.0000000000,5410.0000000000,49.8626518390,0.7828011655
199,1087.3616236162,30.4267674294,842.6283089324,12.7111544484,271,0.9729000000,166.0434452030,78.8977857776,221.7304000000,39.6338756096,9.0000000000,5309.0000000000,51.1860244928,0.7749292330
200,1095.3582089552,30.5027845054,857.5847410631,12.8428324903,268,0.9732000000,167.3221227715,79.6053322732,221.9764000000,39.6565429099,4.0000000000,5416.0000000000,52.3853256521,0.7829262921
201,1109.8060836502,30.7278109736,869.7760148502,12.8688661669,263,0.9737000000,168.9687057259,79.8732078218,222.1399000000,39.6791147493,5.0000000000,5517.0000000000,53.6326866741,0.7837189106
202,1103.0038910506,30.6360400922,869.3498823165,12.8232967103,257,0.9743000000,169.3205001401,80.5118079555,222.0958000000,39.7009028700,4.0000000000,5620.0000000000,54.2285557281,0.7881657439
203,1105.9960474308,30.6340943151,882.2927126608,12.9440454621,253,0.9747000000,169.8090999129,81.5020408556,222.1911000000,39.7219876116,9.0000000000,5725.0000000000,55.4692675947,0.7977358642
204,1099.3684210526,30.5069650646,891.7742072608,12.9882063274,247,0.9753000000,169.2731677452,81.2916212456,222.3668000000,39.7426659103,10.0000000000,5834.0000000000,56.7422340095,0.8111695681
205,1117.9372384937,30.7110716461,907.9671856884,13.2199590334,239,0.9761000000,170.5870214206,82.6130826231,222.5281000000,39.7633774878,13.0000000000,5729.0000000000,58.7315148623,0.8121808223
206,1121.9915966387,30.7422197144,912.6698206964,13.3006587683,238,0.9762000000,171.7745979579,83.1658897790,222.5525000000,39.7836567075,8.0000000000,5626.0000000000,59.1595976149,0.8134373051
207,1140.0256410256,30.9601163559,926.0463193962,13.4720761672,234,0.9766000000,173.5952454894,83.9411078032,222.7463000000,39.8038939679,5.0000000000,5525.0000000000,60.5375417063,0.8123030624
208,1144.2707423581,30.9931353761,937.9718602076,13.5534608835,229,0.9771000000,175.1702344978,84.9320443553,222.8404000000,39.8235785435,2.0000000000,5636.0000000000,61.9829251929,0.8197114769
209,1156.6216216216,31.1563676362,946.3070379021,13.6346022069,222,0.9778000000,175.9165273437,85.4371193208,222.9148000000,39.8426566701,1.0000000000,5737.0000000000,63.5119698580,0.8181647483
210,1175.0610328638,31.4915180110,950.2937628500,13.5405068674,213,0.9787000000,178.5557343673,86.4892815776,222.9927000000,39.8612948529,2.0000000000,5840.0000000000,65.1130557324,0.8087186421
211,1212.7268292683,32.0760065904,963.0942427923,13.5593742657,205,0.9795000000,182.0803295592,87.3065963511,223.1904000000,39.8798481384,5.0000000000,5953.0000000000,67.2654196847,0.7941559629
212,1226.5656565657,32.2591293793,977.0705149291,13.6350367895,198,0.9802000000,183.9269182379,88.2715386648,223.3318000000,39.8985367105,10.0000000000,6068.0000000000,69.4373779043,0.7965904717
213,1230.1224489796,32.3067231546,979.6214831823,13.6527685102,196,0.9804000000,184.8726437208,88.6846037837,223.4498000000,39.9171216312,13.0000000000,6185.0000000000,69.9729630845,0.7963609509
214,1237.8125000000,32.4401187869,979.8796302831,13.6180465960,192,0.9808000000,186.3497974130,89.4204102183,223.6318000000,39.9353792910,20.0000000000,6290.0000000000,70.7167210397,0.7916220189
215,1238.8835978836,32.4292889249,983.3286775223,13.6830120117,189,0.9811000000,186.9365439992,90.5589370457,223.7045000000,39.9532075875,29.0000000000,6173.0000000000,71.5266364725,0.7937216048
216,1228.3804347826,32.3629688736,962.6702485500,13.4543182833,184,0.9816000000,186.3063971370,87.6267128717,223.7027000000,39.9702632818,40.0000000000,6058.0000000000,70.9689922892,0.7836906396
217,1265.9943502825,32.9521581402,972.8820745813,13.4219828709,177,0.9823000000,189.0651528077,88.7429750343,223.8538000000,39.9874013726,37.0000000000,6165.0000000000,73.1262947074,0.7684726826
218,1278.9479768786,33.1565287616,983.3869410900,13.4012155180,173,0.9827000000,191.4253326975,89.7035782253,223.9095000000,40.0042881170,50.0000000000,6274.0000000000,74.7655246471,0.7689030038
219,1297.5882352941,33.4228891828,988.7497666437,13.4349809814,170,0.9830000000,192.9167508508,90.4556309257,224.0967000000,40.0210538243,49.0000000000,6161.0000000000,75.8336453747,0.7619903909
220,1297.5209580838,33.3810198090,993.2956144595,13.5361912883,167,0.9833000000,193.5031361082,91.5463236253,224.1510000000,40.0377003957,50.0000000000,6050.0000000000,76.8635223243,0.7655333876
221,1302.5403726708,33.4366189951,997.5451171714,13.5842880875,161,0.9839000000,194.8795190608,92.4157679226,224.1883000000,40.0539793152,53.0000000000,5941.0000000000,78.6175687536,0.7658458333
222,1309.6178343949,33.4742602399,1011.2858972869,13.7510630785,157,0.9843000000,197.4395742120,93.3363605710,224.1944000000,40.0697659379,68.0000000000,6052.0000000000,80.7094011072,0.7721992407
223,1314.9487179487,33.5633583180,1007.7828914724,13.7276981452,156,0.9844000000,198.7876533576,93.9455741452,224.1738000000,40.0851532639,61.0000000000,5945.0000000000,80.6872069239,0.7664047105
224,1281.3026315789,33.2633367353,926.4831710878,13.2232016097,152,0.9848000000,196.9068155945,89.1298674137,224.0828000000,40.0997903248,50.0000000000,4420.0000000000,75.1477083338,0.7230791136
225,1294.9328859060,33.4534513058,927.4711064038,13.2589396875,149,0.9851000000,198.9506003949,89.7128900530,224.1065000000,40.1141912958,41.0000000000,4405.0000000000,75.9813935725,0.7162310236
226,1292.9324324324,33.4350044053,922.2572020787,13.2300004857,148,0.9852000000,200.1096050348,90.3138704025,224.1423000000,40.1282493655,34.0000000000,4392.0000000000,75.8090750284,0.7133065727
227,1313.5034965035,33.7581890830,917.6275725347,13.1866662330,143,0.9857000000,202.3042318562,91.6254565361,224.1262000000,40.1419163358,45.0000000000,4261.0000000000,76.7358725694,0.6986106813
228,1316.7943262411,33.8028242113,913.6856351983,13.1970982258,141,0.9859000000,204.4127150796,92.0323584304,224.1149000000,40.1551873420,52.0000000000,4274.0000000000,76.9462112933,0.6938711817
229,1303.7826086957,33.6221741868,904.8025946856,13.1655615775,138,0.9862000000,204.3094416591,91.5937575059,224.0989000000,40.1680621754,65.0000000000,4145.0000000000,77.0219117774,0.6939827151
230,1306.3676470588,33.5977522947,916.2193162250,13.3251149264,136,0.9864000000,205.8581471156,92.1139088555,224.1651000000,40.1807297701,68.0000000000,4132.0000000000,78.5651582064,0.7013487499
231,1299.6370370370,33.4727948975,917.1059360224,13.3868980269,135,0.9865000000,205.7204361540,91.9093175988,224.2366000000,40.1930311440,53.0000000000,4005.0000000000,78.9319114872,0.7056631274
232,1300.2575757576,33.3822243873,932.6772609261,13.6339528647,132,0.9868000000,205.5450024197,92.1318936767,224.2828000000,40.2053117210,40.0000000000,3988.0000000000,81.1791356726,0.7173019241
233,1297.6153846154,33.2679785146,946.3695764066,13.8151000780,130,0.9870000000,205.4990815197,92.6409886535,224.2718000000,40.2173641713,45.0000000000,4113.0000000000,83.0021026216,0.7293143929
234,1298.1259842520,33.3054626296,951.7287957519,13.7430761942,127,0.9873000000,205.6953525128,91.2815293448,224.3293000000,40.2293589020,52.0000000000,4240.0000000000,84.4522742109,0.7331559550
235,1298.8095238095,33.2994552490,958.8986549086,13.7824454988,126,0.9874000000,206.5401385298,92.0100868039,224.4129000000,40.2412217738,65.0000000000,4217.0000000000,85.4254817930,0.7382904401
236,1317.8709677419,33.5804839989,964.3153259525,13.7921014404,124,0.9876000000,208.8155049364,92.4761387057,224.4609000000,40.2529625397,50.0000000000,4112.0000000000,86.5980726834,0.7317221106
237,1307.6115702479,33.4798556468,956.1946218775,13.6642173619,121,0.9879000000,208.8946362697,92.0455072715,224.4758000000,40.2641132381,49.0000000000,4121.0000000000,86.9267838070,0.7312527999
238,1319.9831932773,33.6117634597,970.3327851842,13.7924816623,119,0.9881000000,209.4207381382,92.3820189449,224.5617000000,40.2752313294,50.0000000000,4250.0000000000,88.9502605796,0.7351099545
239,1336.8983050847,33.8471792698,978.5480024240,13.8299226521,118,0.9882000000,211.2771148187,92.5857045912,224.6685000000,40.2864031102,53.0000000000,4241.0000000000,90.0826453427,0.7319539554
240,1354.3859649123,34.0814421242,988.3978841271,13.8867299119,114,0.9886000000,213.9537995485,93.6159740705,224.7359000000,40.2974021230,68.0000000000,4372.0000000000,92.5719434471,0.7297756398
241,1346.4414414414,33.9594491376,988.6893014791,13.8995415649,111,0.9889000000,214.1261253570,94.2043589043,224.7908000000,40.3083045645,73.0000000000,4365.0000000000,93.8422355814,0.7342980326
242,1362.0181818182,34.1816614390,992.9573641109,13.9151788737,110,0.9890000000,215.7601726763,94.7671788622,224.8808000000,40.3191613311,80.0000000000,4360.0000000000,94.6747699396,0.7290338539
243,1372.2830188679,34.2487586053,1008.1309883699,14.1175618597,106,0.9894000000,217.8109566180,96.3257431353,224.9114000000,40.3298866521,65.0000000000,4365.0000000000,97.9183376408,0.7346378076
244,1366.4117647059,34.3113825029,988.4551757017,13.7528468125,102,0.9898000000,217.4885797584,92.8474031133,224.9422000000,40.3402528383,74.0000000000,4234.0000000000,97.8716463564,0.7233948077
245,1378.0400000000,34.4812309723,982.4893477285,13.7508076358,100,0.9900000000,220.0674294401,93.4339225762,224.9148000000,40.3503985862,85.0000000000,4105.0000000000,98.2489347729,0.7129614146
246,1391.5151515152,34.6775265930,981.5078521906,13.7471561026,99,0.9901000000,222.1884769113,93.6881964875,224.9729000000,40.3605609268,82.0000000000,4112.0000000000,98.6452507425,0.7053518973
247,1403.6938775510,34.8478118622,983.9156717657,13.7595016612,98,0.9902000000,223.5855019883,94.5253406780,225.0421000000,40.3708573704,85.0000000000,4121.0000000000,99.3904919459,0.7009474697
248,1396.9583333333,34.7417231024,986.2902285487,13.7829971054,96,0.9904000000,225.1257167223,95.8521387848,225.1053000000,40.3809244194,74.0000000000,3994.0000000000,100.6628249266,0.7060269480
249,1381.5106382979,34.6126421158,964.1901876559,13.5453181603,94,0.9906000000,226.6588871489,96.5529936481,225.0637000000,40.3905449872,65.0000000000,3985.0000000000,99.4486244983,0.6979245479
250,1393.3333333333,34.7090992155,979.8456114216,13.7335998552,90,0.9910000000,229.1934385521,98.5256403114,225.1015000000,40.3998459950,74.0000000000,3978.0000000000,103.2847962471,0.7032384771
251,1429.7441860465,35.2762091996,972.4953301262,13.6137155308,86,0.9914000000,233.4243603772,99.8309126236,225.1215000000,40.4092216859,65.0000000000,3973.0000000000,104.8668683749,0.6801883439
252,1409.1294117647,35.0472733003,954.1865866151,13.4468600788,85,0.9915000000,232.2163258292,98.4858158679,225.1178000000,40.4183484814,80.0000000000,4100.0000000000,103.4960665394,0.6771461717
253,1376.0361445783,34.6705914393,919.9994950992,13.1903841425,83,0.9917000000,227.1234644698,90.2434120412,225.1643000000,40.4271891045,97.0000000000,3725.0000000000,100.9830637704,0.6685867219
254,1377.3734939759,34.6880334263,918.7642789428,13.1952200054,83,0.9917000000,228.1856790947,90.5794950412,225.1754000000,40.4360054859,90.0000000000,3722.0000000000,100.8474811831,0.6670407721
255,1356.9000000000,34.5224446497,893.5443973301,12.8491562138,80,0.9920000000,227.6423210144,90.3072284580,225.1730000000,40.4444940979,85.0000000000,3601.0000000000,99.9013006672,0.6585189751
256,1353.1282051282,34.4242142088,900.3037430319,12.9654032423,78,0.9922000000,228.9452745068,91.7519788728,225.1844000000,40.4524815548,68.0000000000,3600.0000000000,101.9393251989,0.6653499200
257,1353.6233766234,34.3858119735,908.6143730616,13.0858439372,77,0.9923000000,229.8485248451,92.6736525328,225.1825000000,40.4602898967,65.0000000000,3601.0000000000,103.5462177336,0.6712460709
258,1342.6133333333,34.1578030560,923.2346020860,13.2611396086,75,0.9925000000,228.9407301620,93.4418683362,225.2046000000,40.4678964411,50.0000000000,3604.0000000000,106.6059492079,0.6876399773
259,1349.6575342466,34.2288777878,924.5431632971,13.3432177391,73,0.9927000000,231.6192575180,94.2531828699,225.1687000000,40.4753206256,37.0000000000,3533.0000000000,108.2095924646,0.6850205625
260,1379.8028169014,34.6632905650,928.7563791560,13.3513708700,71,0.9929000000,234.4225083328,95.1827980725,225.1986000000,40.4827310294,26.0000000000,3562.0000000000,110.2231035713,0.6731080469
261,1385.7058823529,34.7728655947,935.8091663623,13.2873511538,68,0.9932000000,236.1560343734,96.8529992725,225.2206000000,40.4898524733,29.0000000000,3681.0000000000,113.4835305392,0.6753302979
262,1402.2686567164,34.9496566998,946.6259893139,13.4458228934,67,0.9933000000,237.7458882344,97.7627599157,225.2495000000,40.4968029531,34.0000000000,3802.0000000000,115.6487711277,0.6750674949
263,1409.0606060606,34.9658285674,953.5044116277,13.6547222109,66,0.9934000000,240.1023935985,98.1878716804,225.2413000000,40.5035087961,25.0000000000,3785.0000000000,117.3682796826,0.6766951028
264,1359.2812500000,34.3804725808,911.3410014360,13.3140660627,64,0.9936000000,236.5073433606,93.3993903656,225.2179000000,40.5097746355,20.0000000000,3506.0000000000,113.9176251795,0.6704580097
265,1373.1875000000,34.4951143388,932.7701832948,13.5378944726,64,0.9936000000,237.4934767016,93.7123874339,225.3069000000,40.5160858889,17.0000000000,3509.0000000000,116.5962729118,0.6792737214
266,1368.4687500000,34.3425760994,941.2296307349,13.7497715202,64,0.9936000000,238.4651795859,94.0327011577,225.2767000000,40.5223047873,10.0000000000,3620.0000000000,117.6537038419,0.6877976795
267,1364.0476190476,34.1771648567,953.7480854140,13.9988935780,63,0.9937000000,240.3836286761,94.8028948910,225.2586000000,40.5284825985,9.0000000000,3577.0000000000,120.1609641624,0.6992043915
268,1379.6774193548,34.4670780288,952.5056392043,13.8455029346,62,0.9938000000,243.2081097865,94.7365131510,225.2372000000,40.5344617631,16.0000000000,3536.0000000000,120.9683371473,0.6903828575
269,1399.3333333333,34.7232413916,954.1760261550,13.9150939843,60,0.9940000000,243.2026438043,95.9447308489,225.2130000000,40.5399417267,17.0000000000,3577.0000000000,123.1835952883,0.6818790087
270,1396.7666666667,34.6498904609,965.0951657163,14.0054188696,60,0.9940000000,244.0967225392,96.2067795350,225.1976000000,40.5453061992,20.0000000000,3690.0000000000,124.5932501441,0.6909494540
271,1383.5084745763,34.4247201865,967.4818331038,14.0871258481,59,0.9941000000,242.3605406208,95.1297400123,225.2301000000,40.5504215671,13.0000000000,3733.0000000000,125.9554062455,0.6992959211
272,1410.6666666667,34.7490526196,983.4495917002,14.2537717362,57,0.9943000000,244.4323455393,96.7296304879,225.2876000000,40.5554632831,10.0000000000,3848.0000000000,130.2610805749,0.6971523571
273,1429.0000000000,34.9673663019,1002.7468239703,14.3625657146,57,0.9943000000,245.3403524195,96.9381701652,225.3921000000,40.5606389223,17.0000000000,3965.0000000000,132.8170614293,0.7017122631
274,1447.8113207547,35.2685292800,1007.7760506054,14.2808320199,53,0.9947000000,250.2174353345,96.0235694586,225.4358000000,40.5655743748,16.0000000000,3922.0000000000,138.4286866451,0.6960686356
275,1447.5384615385,35.2387709777,1009.9569004806,14.3445976423,52,0.9948000000,253.2440582942,95.8518622627,225.4280000000,40.5703473510,9.0000000000,3881.0000000000,140.0558227189,0.6977064357
276,1457.2156862745,35.3868538134,1009.8012290084,14.3173413547,51,0.9949000000,254.7541822135,96.8206352205,225.4059000000,40.5748347798,10.0000000000,4000.0000000000,141.4004549807,0.6929662084
277,1462.5686274510,35.4920980484,1007.0836414998,14.2435811358,51,0.9949000000,255.6312492960,96.9796982543,225.4332000000,40.5793078219,5.0000000000,4121.0000000000,141.0199166143,0.6885718883
278,1476.9803921569,35.6678776581,1016.5531435853,14.3102374378,51,0.9949000000,256.5273147298,97.1477856482,225.5067000000,40.5838777557,8.0000000000,4244.0000000000,142.3459121319,0.6882644814
279,1490.0400000000,35.8538774839,1020.0278615803,14.3017295936,50,0.9950000000,258.9443877551,97.6745749338,225.4765000000,40.5883511236,5.0000000000,4369.0000000000,144.2537235845,0.6845640799
280,1500.1632653061,36.0184950723,1018.3612956346,14.2418846378,49,0.9951000000,262.6706498610,96.7634861522,225.4276000000,40.5926950911,2.0000000000,4330.0000000000,145.4801850907,0.6788336438
281,1542.3913043478,36.6019618524,1010.3451730077,14.2368427998,46,0.9954000000,267.6050079495,97.3566439284,225.3780000000,40.5968458003,1.0000000000,4205.0000000000,148.9672686999,0.6550511340
282,1540.6086956522,36.6033835421,1013.0797530359,14.1704272667,46,0.9954000000,268.4983863061,97.4895721154,225.3698000000,40.6009553408,4.0000000000,4168.0000000000,149.3704605285,0.6575840808
283,1512.2000000000,36.1496219799,1024.5458961576,14.3319513924,45,0.9955000000,270.9903871586,98.1063992226,225.3305000000,40.6047154680,5.0000000000,4205.0000000000,152.7302846585,0.6775201006
284,1505.4883720930,35.8924398282,1060.8178585104,14.7384237717,43,0.9957000000,268.0625657984,97.4404079579,225.3282000000,40.6084354134,2.0000000000,4258.0000000000,161.7732068061,0.7046337110
285,1517.4878048780,35.9496942483,1090.6557240430,15.0035758516,41,0.9959000000,266.9995053130,99.0213267921,225.3415000000,40.6121244914,5.0000000000,4369.0000000000,170.3318073491,0.7187245397
286,1517.0731707317,35.9499971341,1098.3467929451,14.9890252115,41,0.9959000000,267.8949616671,99.3256229769,225.3398000000,40.6157958624,10.0000000000,4330.0000000000,171.5329505125,0.7239906513
287,1516.1219512195,35.9388375292,1098.2233145142,14.9840551343,41,0.9959000000,268.7802872582,99.6564686070,225.3359000000,40.6194256974,13.0000000000,4293.0000000000,171.5136664215,0.7243634416
288,1510.4102564103,35.7686283987,1132.1134471998,15.1991933629,39,0.9961000000,268.4443850909,101.3532365670,225.3762000000,40.6228983223,18.0000000000,4420.0000000000,181.2832361980,0.7495403599
289,1511.2564102564,35.7912276996,1144.2412493954,15.1738073670,39,0.9961000000,269.3158154212,101.7168934089,225.3795000000,40.6262969006,25.0000000000,4457.0000000000,183.2252387733,0.7571456714
290,1511.8974358974,35.8108094158,1160.6239655808,15.1487083568,39,0.9961000000,270.1802335704,102.1045553643,225.3820000000,40.6296681313,32.0000000000,4586.0000000000,185.8485728704,0.7676605159
291,1505.6153846154,35.6838848019,1176.9521833170,15.2405954628,39,0.9961000000,271.0169681135,102.5124876999,225.3575000000,40.6329313961,41.0000000000,4549.0000000000,188.4631802314,0.7817083934
292,1508.4102564103,35.7500563271,1175.5088089397,15.1770790674,39,0.9961000000,271.8385340271,102.9284288753,225.3684000000,40.6361355031,52.0000000000,4552.0000000000,188.2320553571,0.7793031133
293,1563.2222222222,36.3973389061,1194.5593123061,15.4420187404,36,0.9964000000,273.6387834801,103.9356361332,225.3686000000,40.6390161322,61.0000000000,4581.0000000000,199.0932187177,0.7641647459
294,1599.6470588235,36.7342345582,1217.6198064583,15.8190729895,34,0.9966000000,274.8859300066,107.2117312855,225.4024000000,40.6418053940,50.0000000000,4612.0000000000,208.8200740491,0.7611802865
295,1663.1250000000,37.4720573052,1243.7250437195,16.0925424131,32,0.9968000000,281.4339254531,108.5134701606,225.4054000000,40.6445921721,41.0000000000,4645.0000000000,219.8616030864,0.7478241526
296,1693.8666666667,37.9506757997,1272.8984178725,15.9252275654,30,0.9970000000,286.7560581498,108.0825919286,225.4644000000,40.6472892750,52.0000000000,4778.0000000000,232.3983922938,0.7514749791
297,1704.8666666667,38.1354037597,1272.2031214481,15.8290128167,30,0.9970000000,287.6570026876,108.7018392647,225.4974000000,40.6499921086,61.0000000000,4913.0000000000,232.2714491152,0.7462185438
298,1738.4827586207,38.4976045171,1285.9886474720,16.0130323508,29,0.9971000000,290.8950173743,110.4673061370,225.5077000000,40.6525781493,74.0000000000,4880.0000000000,238.8020967842,0.7397189538
299,1746.1034482759,38.6502877335,1278.9987017013,15.8826542617,29,0.9971000000,291.7822306513,111.1236626542,225.5298000000,40.6551510678,89.0000000000,4745.0000000000,237.5040964404,0.7324873580
300,1748.9655172414,38.7061126493,1288.8553189919,15.8367408522,29,0.9971000000,292.6585662258,111.7941147613,225.5381000000,40.6576924410,100.0000000000,4880.0000000000,239.3344243215,0.7369243740
301,1794.2857142857,39.3059219485,1288.4657780572,15.7901936045,28,0.9972000000,291.6562008559,114.0022329019,225.5655000000,40.6602207957,113.0000000000,4849.0000000000,243.4971443969,0.7180939846
302,1749.7777777778,38.7733832439,1278.7603178928,15.6972140712,27,0.9973000000,289.2290911526,115.4631838804,225.5588000000,40.6626292644,130.0000000000,4820.0000000000,246.0975379215,0.7308129833
303,1741.7407407407,38.6941439941,1274.3198212610,15.6366224391,27,0.9973000000,290.1012907818,116.1789865731,225.5371000000,40.6649842034,145.0000000000,4793.0000000000,245.2429639462,0.7316357661
304,1728.9629629630,38.4979341014,1270.8891457757,15.7121619419,27,0.9973000000,290.9359722098,116.8951105309,225.5026000000,40.6672378433,130.0000000000,4768.0000000000,244.5827301413,0.7350586294
305,1721.1481481481,38.4673210566,1257.4992144524,15.5374823855,27,0.9973000000,291.7402846800,117.6044271364,225.4815000000,40.6694094870,125.0000000000,4633.0000000000,242.0058366566,0.7306164875
306,1724.5185185185,38.4833873661,1257.8185222210,15.6060057462,27,0.9973000000,292.5499639843,118.3268908217,225.4906000000,40.6715956211,148.0000000000,4610.0000000000,242.0672874653,0.7293737404
307,1740.6923076923,38.5453136238,1291.7865615921,15.9671883980,26,0.9974000000,295.4520787654,120.8485331433,225.5268000000,40.6738058634,145.0000000000,4745.0000000000,253.3401878829,0.7421108003
308,1739.5384615385,38.5287815149,1283.8588836535,15.9709566563,26,0.9974000000,296.2875360623,121.6032169915,225.5238000000,40.6759780524,164.0000000000,4724.0000000000,251.7854423250,0.7380457012
309,1733.1600000000,38.3244082570,1305.9271550894,16.2603730509,25,0.9975000000,294.4532582726,124.0533293726,225.5805000000,40.6780797363,149.0000000000,4705.0000000000,261.1854310179,0.7534948620
310,1778.4166666667,38.7354090081,1348.3887890326,16.6728748463,24,0.9976000000,292.7304308268,126.8071677098,225.6419000000,40.6802970325,170.0000000000,4688.0000000000,275.2387090016,0.7581962171
311,1795.8333333333,38.9418236872,1373.1732006156,16.7142963133,24,0.9976000000,293.6694137971,127.7116627764,225.6837000000,40.6825505916,157.0000000000,4825.0000000000,280.2978058311,0.7646440096
312,1799.6666666667,38.8961212870,1386.4392842418,16.9339427038,24,0.9976000000,294.5997228715,128.6104840657,225.6929000000,40.6847833334,136.0000000000,4842.0000000000,283.0057338118,0.7703867110
313,1805.8695652174,38.7400526609,1434.7609800741,17.4664788966,23,0.9977000000,287.2633244668,125.9456608949,225.7154000000,40.6869759786,117.0000000000,4981.0000000000,299.1683450721,0.7944986768
314,1812.7826086957,38.8213817217,1444.7060467225,17.4837904904,23,0.9977000000,288.2312548337,126.9826578171,225.7313000000,40.6892022185,106.0000000000,5122.0000000000,301.2420348171,0.7969549354
315,1705.1818181818,37.6814703755,1381.6803878665,16.8904886998,22,0.9978000000,279.8459809398,122.9782821292,225.7233000000,40.6912043571,97.0000000000,5141.0000000000,294.5752484676,0.8102833218
316,1705.0909090909,37.7708493300,1377.2417398254,16.6869365069,22,0.9978000000,280.7490697761,124.0077595305,225.7231000000,40.6931911526,116.0000000000,5284.0000000000,293.6289255256,0.8077233492
317,1796.2380952381,39.1223104319,1381.9906244862,16.2997828730,21,0.9979000000,287.7636569718,124.7679915310,225.7730000000,40.6952652190,137.0000000000,5429.0000000000,301.5750784013,0.7693805338
318,1910.5263157895,40.6317905609,1371.8968569647,16.1116079770,19,0.9981000000,302.5099047872,124.2363187209,225.7431000000,40.6971413964,146.0000000000,5450.0000000000,314.7347242353,0.7180727351
319,1890.8947368421,40.5025817088,1344.5727904876,15.8251575588,19,0.9981000000,303.4348941201,125.2071670647,225.7058000000,40.6988988761,169.0000000000,5305.0000000000,308.4661534721,0.7110775467
320,1980.4705882353,41.4848304931,1382.6965180037,16.1083651309,17,0.9983000000,318.5641729135,125.1624523310,225.7105000000,40.7005913861,180.0000000000,5328.0000000000,335.3531642296,0.6981656411
321,1853.2500000000,40.1960694071,1325.1901514500,15.4118786728,16,0.9984000000,309.3235576367,122.9918122622,225.7189000000,40.7018628133,205.0000000000,5473.0000000000,331.2975378625,0.7150628094
322,1868.8750000000,40.3850689373,1344.4433734356,15.4246947111,16,0.9984000000,310.1236053734,123.8270100505,225.7439000000,40.7031428896,218.0000000000,5620.0000000000,336.1108433589,0.7193864616
323,1809.5333333333,39.5480643726,1385.6520903732,15.6679270393,15,0.9985000000,304.3606856170,126.0778595605,225.7490000000,40.7044732403,193.0000000000,5769.0000000000,357.7738313102,0.7657510723
324,1745.8571428571,38.5835190338,1424.9486134666,16.0364959335,14,0.9986000000,303.2987996619,131.3211490321,225.7398000000,40.7057973611,208.0000000000,5794.0000000000,380.8335360965,0.8161885520
325,1770.1428571429,38.7984471837,1465.2488261210,16.2733940307,14,0.9986000000,304.2679505654,132.4441268078,225.7738000000,40.7071541724,233.0000000000,5945.0000000000,391.6042209798,0.8277573870
326,1692.6153846154,37.7765846262,1479.6848696967,16.2955527245,13,0.9987000000,301.4991759449,137.9320353131,225.7785000000,40.7083835586,260.0000000000,5920.0000000000,410.3907437861,0.8742002957
327,1707.7692307692,37.9030719538,1505.3761172670,16.4659153173,13,0.9987000000,302.4720132819,139.1717495311,225.7982000000,40.7096482472,277.0000000000,6073.0000000000,417.5162138204,0.8814868485
328,1722.7692307692,38.1473113794,1505.3428004098,16.3570127251,13,0.9987000000,303.4494536053,140.4088311909,225.8177000000,40.7109189196,306.0000000000,6098.0000000000,417.5069733868,0.8737924810
329,1723.1538461538,38.1542420515,1507.7135948262,16.3526040627,13,0.9987000000,304.4089574062,141.6209096535,225.8182000000,40.7121662745,289.0000000000,6125.0000000000,418.1645134508,0.8749732928
330,1718.3076923077,38.1585629734,1469.9586276028,16.1935716910,13,0.9987000000,305.3308539746,142.7659798109,225.8119000000,40.7133647401,274.0000000000,5972.0000000000,407.6931695871,0.8554688047
331,1709.6153846154,38.1367573579,1432.4450070508,15.9750781795,13,0.9987000000,306.2201656487,143.8336856521,225.8006000000,40.7145208452,261.0000000000,5821.0000000000,397.2887632465,0.8378755947
332,1717.2307692308,38.2041723988,1440.0315249672,16.0521643573,13,0.9987000000,307.1010497677,144.8483059430,225.8105000000,40.7156659946,250.0000000000,5850.0000000000,399.3928847349,0.8385777560
333,1637.6666666667,36.9847636394,1459.2736397111,16.4254048720,12,0.9988000000,295.0090836291,144.4464311698,225.7667000000,40.7167041150,221.0000000000,5701.0000000000,421.2560143543,0.8910687806
334,1754.0000000000,38.5716162222,1471.1771415496,16.3165689411,11,0.9989000000,310.2288324996,143.6617383734,225.7734000000,40.7177947430,212.0000000000,5672.0000000000,443.5765980607,0.8387554969
335,1757.3636363636,38.5613267696,1471.8868084399,16.4434702583,11,0.9989000000,311.2100275716,144.7136183644,225.7771000000,40.7188740576,185.0000000000,5645.0000000000,443.7905706790,0.8375539234
336,1737.6363636364,38.3008759148,1444.9890388214,16.4523332022,11,0.9989000000,312.1467830130,145.7014254792,225.7554000000,40.7199044886,160.0000000000,5498.0000000000,435.6805879952,0.8315831028
337,1733.3636363636,38.3198417174,1417.9149399239,16.2773882155,11,0.9989000000,313.0616248794,146.5994960764,225.7507000000,40.7209108146,153.0000000000,5353.0000000000,427.5174400334,0.8180135490
338,1742.5454545455,38.4026037810,1423.7512783065,16.3641522050,11,0.9989000000,313.9844541428,147.4875567587,225.7608000000,40.7219259268,130.0000000000,5380.0000000000,429.2771622665,0.8170525908
339,2025.4444444444,42.7319126998,1365.8637569206,14.1219007736,9,0.9991000000,339.0297251057,149.7848619591,225.7449000000,40.7229532894,505.0000000000,5237.0000000000,455.2879189735,0.6743526146
340,2059.7777777778,43.1584772048,1363.8984792602,14.0400720490,9,0.9991000000,340.2267514804,150.5139722616,225.7758000000,40.7240306131,548.0000000000,5210.0000000000,454.6328264201,0.6621580706
341,2070.7777777778,43.2108014341,1372.4607080211,14.2690019693,9,0.9991000000,341.4334106601,151.2904469604,225.7857000000,40.7251166064,533.0000000000,5185.0000000000,457.4869026737,0.6627754667
342,2056.4444444444,43.0636481196,1339.2494673519,14.2114972848,9,0.9991000000,342.5983693491,152.0230052238,225.7728000000,40.7261650692,520.0000000000,5044.0000000000,446.4164891173,0.6512451484
343,2050.7777777778,42.9086413942,1350.2290980733,14.4784761449,9,0.9991000000,343.7325600174,152.7494422610,225.7677000000,40.7271858408,477.0000000000,5021.0000000000,450.0763660244,0.6583985416
344,2099.5000000000,43.0450236418,1478.9830120728,15.7043286923,8,0.9992000000,355.3189287965,159.8355967092,225.8001000000,40.7281701787,466.0000000000,5162.0000000000,522.8994585482,0.7044453499
345,1751.6666666667,39.8284667130,1052.8935790900,12.8592342678,6,0.9994000000,321.3177603662,138.0589138856,225.8049000000,40.7286346261,509.0000000000,3497.0000000000,429.8420037039,0.6010810157
346,1771.3333333333,40.0845295338,1066.2905586919,12.8282432697,6,0.9994000000,322.1002887381,138.4468719055,225.8167000000,40.7291041432,554.0000000000,3610.0000000000,435.3112977237,0.6019705826
347,1744.3333333333,39.7862555688,1048.2478502509,12.7038262406,6,0.9994000000,322.8103420751,138.8110059741,225.8005000000,40.7295301752,545.0000000000,3573.0000000000,427.9453928473,0.6009446877
348,1701.0000000000,39.1232996529,1062.0626158565,13.0524872829,6,0.9994000000,323.4456476821,139.1654557118,225.7745000000,40.7299113585,500.0000000000,3538.0000000000,433.5852472890,0.6243754355
349,1677.0000000000,38.8110674170,1044.0587467507,13.0652610364,6,0.9994000000,324.0425605442,139.5067968782,225.7601000000,40.7302695062,493.0000000000,3425.0000000000,426.2351985048,0.6225752813
350,1703.3333333333,39.0176316632,1071.9307606164,13.4520538481,6,0.9994000000,324.6736633631,139.9127548279,225.7759000000,40.7306481679,488.0000000000,3460.0000000000,437.6139005173,0.6293135581
351,1394.6000000000,35.5887979731,832.2791839281,11.3153638400,5,0.9995000000,313.0442955837,150.6875858336,225.7972000000,40.7309879195,533.0000000000,2725.0000000000,372.2065663042,0.5967870242
352,1400.4000000000,35.5589498201,870.1323117779,11.6602353190,5,0.9995000000,313.6877111605,151.0669299188,225.8001000000,40.7313096273,530.0000000000,2826.0000000000,389.1349997109,0.6213455525
353,1410.6000000000,35.6181231305,893.5559523611,11.9142479688,5,0.9995000000,314.3591512656,151.3651586192,225.8052000000,40.7316453473,493.0000000000,2857.0000000000,399.6103702358,0.6334580692
354,1445.2000000000,36.0761690983,907.2142856018,11.9879115441,5,0.9995000000,315.1004514977,151.6611913482,225.8225000000,40.7320159974,488.0000000000,2890.0000000000,405.7185625529,0.6277430706
355,1451.4000000000,36.1298186449,917.5082778918,12.0845440412,5,0.9995000000,315.8605763161,151.9974901774,225.8256000000,40.7323960598,485.0000000000,2925.0000000000,410.3221758570,0.6321539740
356,1419.2000000000,35.9442264988,859.4776087834,11.2788555005,5,0.9995000000,316.5494056446,152.2581444405,225.8095000000,40.7327404745,530.0000000000,2824.0000000000,384.3700716757,0.6056071088
357,1423.4000000000,36.0131065733,866.4801440310,11.2452725597,5,0.9995000000,317.2518538747,152.4564453945,225.8116000000,40.7330916986,533.0000000000,2861.0000000000,387.5017006414,0.6087397387
358,1414.4000000000,36.0519013974,822.4970759826,10.7079599193,5,0.9995000000,317.9354319101,152.6638545718,225.8071000000,40.7334334876,580.0000000000,2762.0000000000,367.8318746384,0.5815165978
359,1405.8000000000,35.9261472261,811.1203116678,10.7290235105,5,0.9995000000,318.6089259259,152.8867672966,225.8028000000,40.7337702346,585.0000000000,2665.0000000000,362.7440309640,0.5769813001
360,1446.8000000000,36.4371146124,830.3942196331,10.9149749760,5,0.9995000000,319.3557415919,153.1543402579,225.8233000000,40.7341436425,592.0000000000,2704.0000000000,371.3635846445,0.5739523221
361,1481.8000000000,36.8933567313,848.4655325940,10.9854553432,5,0.9995000000,320.1298083087,153.3966893085,225.8408000000,40.7345306758,641.0000000000,2745.0000000000,379.4453214891,0.5725911274
362,1708.0000000000,39.9004680286,843.5389736106,10.7681312724,4,0.9996000000,353.3822105351,155.7929428651,225.8472000000,40.7349717075,634.0000000000,2788.0000000000,421.7694868053,0.4938752773
363,1713.0000000000,40.0047173312,825.7796316209,10.6123791514,4,0.9996000000,354.5009207825,155.8642571303,225.8492000000,40.7354191916,641.0000000000,2693.0000000000,412.8898158105,0.4820663349
364,1696.5000000000,39.7951900419,806.7668498395,10.6227515048,4,0.9996000000,355.5887596172,156.0100401247,225.8426000000,40.7358543272,592.0000000000,2600.0000000000,403.3834249198,0.4755478042
365,1716.0000000000,40.0369323046,809.9746909626,10.6322176254,4,0.9996000000,356.6848293469,156.1363491232,225.8504000000,40.7362927551,601.0000000000,2557.0000000000,404.9873454813,0.4720132232
366,1736.5000000000,40.1837180132,829.9546674367,11.0348904223,4,0.9996000000,357.7837945192,156.3011836712,225.8586000000,40.7367323411,554.0000000000,2516.0000000000,414.9773337184,0.4779468284
367,1723.0000000000,40.0928365983,805.7121073932,10.7500908602,4,0.9996000000,358.8683763587,156.4821303745,225.8532000000,40.7371661739,565.0000000000,2525.0000000000,402.8560536966,0.4676216526
368,1732.5000000000,40.2421166554,815.9085426688,10.6335340831,4,0.9996000000,359.9317829628,156.5352135495,225.8570000000,40.7375915365,612.0000000000,2626.0000000000,407.9542713344,0.4709428818
369,1721.0000000000,40.1747856561,804.8751455971,10.3434325774,4,0.9996000000,360.9380058437,156.4917661924,225.8524000000,40.7379940257,661.0000000000,2637.0000000000,402.4375727986,0.4676787598
370,1750.0000000000,40.3604314438,866.4006001845,11.0016168663,4,0.9996000000,361.9500948119,156.3816470928,225.8640000000,40.7383988613,650.0000000000,2740.0000000000,433.2003000922,0.4950860572
371,1747.0000000000,40.4282222925,843.2437370061,10.6093752065,4,0.9996000000,362.9254501966,156.1986545474,225.8628000000,40.7387890034,701.0000000000,2729.0000000000,421.6218685030,0.4826810172
372,1780.5000000000,40.9317348322,831.0154932370,10.2514917758,4,0.9996000000,363.9717708026,155.9963733205,225.8762000000,40.7392075316,754.0000000000,2834.0000000000,415.5077466185,0.4667315323
373,1991.6666666667,43.2812728063,885.8853700614,10.8810886835,3,0.9997000000,291.8149956628,104.2881735673,225.8835000000,40.7395502392,809.0000000000,2941.0000000000,511.4661568761,0.4447960017
374,1970.0000000000,43.0688216807,878.4547038218,10.7273761486,3,0.9997000000,292.9228183704,103.8824733567,225.8770000000,40.7398825860,820.0000000000,2952.0000000000,507.1760597224,0.4459160933
375,1997.0000000000,43.4168445338,892.4931372285,10.5819473979,3,0.9997000000,294.0947921382,103.3978946715,225.8851000000,40.7402341781,877.0000000000,3061.0000000000,515.2811530288,0.4469169440
376,2002.0000000000,43.5884440920,863.1307355590,10.1018583260,3,0.9997000000,295.2590064894,102.8304510264,225.8866000000,40.7405834425,936.0000000000,3050.0000000000,498.3287625208,0.4311342335
377,2031.6666666667,43.9437951017,855.6281643071,10.0304306351,3,0.9997000000,296.4337387904,102.2914155637,225.8955000000,40.7409358621,949.0000000000,3041.0000000000,493.9971509889,0.4211459381
378,1990.0000000000,43.5791616741,805.6252230411,9.5318764043,3,0.9997000000,297.5092719581,101.7250196817,225.8830000000,40.7412585221,964.0000000000,2932.0000000000,465.1279393887,0.4048367955
379,1906.3333333333,42.6107177395,786.0132879849,9.5215580161,3,0.9997000000,298.4529270545,101.2002387291,225.8579000000,40.7415416186,905.0000000000,2825.0000000000,453.8049834047,0.4123168148
380,1838.6666666667,41.8814156426,748.6099711391,9.1985700213,3,0.9997000000,299.3048362393,100.6801656632,225.8376000000,40.7417971914,890.0000000000,2720.0000000000,432.2101683552,0.4071482802
381,1807.6666666667,41.4241879989,769.0710124704,9.5761847988,3,0.9997000000,300.0781205742,100.1693914039,225.8283000000,40.7420291767,833.0000000000,2713.0000000000,444.0233560757,0.4254495736
382,1760.6666666667,40.7701129626,788.3152217793,9.9229308011,3,0.9997000000,300.7919248660,99.6855460958,225.8142000000,40.7422433180,778.0000000000,2708.0000000000,455.1340055005,0.4477367787
383,1733.0000000000,40.3316400737,808.7323413837,10.3130407236,3,0.9997000000,301.4379249855,99.2101297296,225.8059000000,40.7424371180,725.0000000000,2705.0000000000,466.9218350002,0.4666660943
384,1746.6666666667,40.4406612408,846.0233776649,10.5460696504,3,0.9997000000,302.1190397481,98.7066251412,225.8100000000,40.7426414524,740.0000000000,2810.0000000000,488.4518248356,0.4843645292
385,1762.3333333333,40.6626847064,839.9703698478,10.4345294958,3,0.9997000000,302.8179168121,98.2402706336,225.8147000000,40.7428511156,757.0000000000,2813.0000000000,484.9571191429,0.4766240041
386,1790.0000000000,40.9981455829,867.9093654678,10.4475862651,3,0.9997000000,303.5828331186,97.7176554104,225.8230000000,40.7430805904,810.0000000000,2920.0000000000,501.0877057850,0.4848655673
387,1761.0000000000,40.6012019008,881.3504789053,10.6086004832,3,0.9997000000,304.3120460906,97.2023309147,225.8143000000,40.7432993543,793.0000000000,2925.0000000000,508.8479362464,0.5004829522
388,1806.6666666667,41.1398466917,912.4272878184,10.6854892659,3,0.9997000000,305.0939261570,96.6108415365,225.8280000000,40.7435339184,848.0000000000,3034.0000000000,526.7901402379,0.5050335541
389,1874.3333333333,41.8844510557,948.9718412870,10.9556420669,3,0.9997000000,305.9380648696,96.0252007710,225.8483000000,40.7437871600,865.0000000000,3145.0000000000,547.8891480204,0.5062983325
390,1874.6666666667,41.9081768585,947.8358976579,10.8798611694,3,0.9997000000,306.7506491977,95.4083415062,225.8484000000,40.7440309353,884.0000000000,3152.0000000000,547.2333106604,0.5056023636
391,1886.3333333333,41.8308731654,1020.1193829918,11.6838086066,3,0.9997000000,307.5488381577,94.8089200265,225.8519000000,40.7442703920,829.0000000000,3265.0000000000,588.9662003759,0.5407948664
392,1889.3333333333,41.8891342956,1019.2759957713,11.6031789309,3,0.9997000000,308.3229458699,94.1834132563,225.8528000000,40.7445026243,850.0000000000,3274.0000000000,588.4792705371,0.5394897649
393,1910.3333333333,42.0297425034,1073.5130284362,11.9930846087,3,0.9997000000,309.1473949342,93.5400030276,225.8591000000,40.7447499590,873.0000000000,3389.0000000000,619.7930359462,0.5619506343
394,1896.6666666667,41.7913092243,1083.9536685466,12.2536990329,3,0.9997000000,309.9491278107,92.9803785403,225.8550000000,40.7449904788,820.0000000000,3380.0000000000,625.8209423244,0.5715045704
395,1885.0000000000,41.5685614361,1095.1383474247,12.5321466691,3,0.9997000000,310.7334880794,92.5038570254,225.8515000000,40.7452257869,769.0000000000,3373.0000000000,632.2784196855,0.5809752506
396,1851.3333333333,41.0982683346,1109.2391786966,12.7383544162,3,0.9997000000,311.4906255353,92.0490730034,225.8414000000,40.7454529282,746.0000000000,3368.0000000000,640.4195384162,0.5991569204
397,1866.3333333333,41.0259021956,1181.7110005788,13.5354601831,3,0.9997000000,312.2424496856,91.6172152672,225.8459000000,40.7456784754,697.0000000000,3485.0000000000,682.2611642885,0.6331725311
398,1866.6666666667,40.7387647676,1260.9121918498,14.3881795886,3,0.9997000000,313.0089844494,91.2310208456,225.8460000000,40.7459084358,650.0000000000,3604.0000000000,727.9879933890,0.6754886742
399,1922.3333333333,41.3250072069,1305.9630758776,14.6484508628,3,0.9997000000,313.8609291667,90.8785570748,225.8627000000,40.7461640193,673.0000000000,3725.0000000000,753.9981334096,0.6793634867
400,1938.0000000000,41.5880650677,1293.0831373118,14.4372034662,3,0.9997000000,314.7458535706,90.5598155892,225.8674000000,40.7464294966,698.0000000000,3722.0000000000,746.5618974115,0.6672255610
401,1971.6666666667,41.9011005220,1345.6431754204,14.6957286894,3,0.9997000000,315.7043039364,90.2264550818,225.8775000000,40.7467170317,745.0000000000,3845.0000000000,776.9074495622,0.6824901989
402,1959.3333333333,41.7618111193,1350.1469878828,14.6725752807,3,0.9997000000,316.6559734990,89.8929593406,225.8738000000,40.7470025326,772.0000000000,3848.0000000000,779.5077268997,0.6890848866
403,1923.6666666667,41.1793981085,1377.5585488666,15.0971466871,3,0.9997000000,317.5608682155,89.6157343810,225.8631000000,40.7472740010,725.0000000000,3853.0000000000,795.3337990126,0.7161108381
404,1966.6666666667,41.5688211805,1432.2349279671,15.4499117255,3,0.9997000000,318.5102352284,89.3193084692,225.8760000000,40.7475588111,754.0000000000,3978.0000000000,826.9012212046,0.7282550481
405,1997.0000000000,42.0545630739,1409.1623989685,15.1133624539,3,0.9997000000,319.4713594118,89.0255681541,225.8851000000,40.7478471483,785.0000000000,3973.0000000000,813.5802903764,0.7056396590
406,1973.3333333333,41.6653104291,1424.8352731300,15.4056885655,3,0.9997000000,320.3787647375,88.7666596535,225.8780000000,40.7481193699,740.0000000000,3970.0000000000,822.6290284925,0.7220449019
407,2005.0000000000,41.8828460678,1487.0427028166,15.8375252252,3,0.9997000000,321.3570701974,88.5184334136,225.8875000000,40.7484128616,773.0000000000,4097.0000000000,858.5445047676,0.7416671834
408,2038.6666666667,42.1089336888,1550.7179699166,16.2943048412,3,0.9997000000,322.4100764582,88.2847193955,225.8976000000,40.7487287634,808.0000000000,4226.0000000000,895.3074373685,0.7606530264
409,2030.3333333333,42.0073247749,1553.5261682880,16.3008588297,3,0.9997000000,323.4830438231,88.0548857943,225.8951000000,40.7490506537,845.0000000000,4225.0000000000,896.9287514542,0.7651581850
410,2024.0000000000,41.9186513953,1557.3747140621,16.3348298186,3,0.9997000000,324.5804922617,87.8285643115,225.8932000000,40.7493798882,884.0000000000,4226.0000000000,899.1507103929,0.7694539101
411,1974.3333333333,41.4641738921,1502.1028223424,15.9704607567,3,0.9997000000,325.5970088290,87.6660957307,225.8783000000,40.7496848432,841.0000000000,4097.0000000000,867.2394688299,0.7608152063
412,1982.0000000000,41.5539452447,1500.9072811692,15.9771597789,3,0.9997000000,326.5825325821,87.5617933209,225.8806000000,40.7499805003,802.0000000000,4100.0000000000,866.5492228117,0.7572690621
413,2021.0000000000,41.7949869240,1566.2166729628,16.5583534213,3,0.9997000000,327.6181377239,87.5588962135,225.8923000000,40.7502911818,765.0000000000,4229.0000000000,904.2556177444,0.7749711395
414,1989.3333333333,41.2523130661,1591.5077407568,16.9581838659,3,0.9997000000,328.6353781391,87.6200830968,225.8828000000,40.7505963539,724.0000000000,4234.0000000000,918.8574225433,0.8000206472
415,1943.6666666667,40.8405225972,1534.8826954816,16.6047698164,3,0.9997000000,329.5786412106,87.7349482395,225.8691000000,40.7508793329,689.0000000000,4105.0000000000,886.1649374108,0.7896841170
416,1898.0000000000,40.4053803758,1480.5548509483,16.2912625872,3,0.9997000000,330.4537185599,87.8972416939,225.8554000000,40.7511418561,650.0000000000,3978.0000000000,854.7987417450,0.7800605116
417,1905.0000000000,40.4707474655,1476.9301495557,16.3437633238,3,0.9997000000,331.2808295750,88.0944112233,225.8575000000,40.7513899894,617.0000000000,3973.0000000000,852.7060194203,0.7752914171
418,1863.3333333333,40.0798955170,1422.5332645984,16.0292017481,3,0.9997000000,332.0462175540,88.3306242222,225.8450000000,40.7516196058,586.0000000000,3848.0000000000,821.2999632471,0.7634346679
419,1833.0000000000,39.5414258541,1445.7699217603,16.4157132474,3,0.9997000000,332.7992176871,88.6131634571,225.8359000000,40.7518455058,549.0000000000,3853.0000000000,834.7156535146,0.7887451837
420,1783.3333333333,39.1353153631,1389.2523968747,15.8669601615,3,0.9997000000,333.5072434331,88.8604958397,225.8210000000,40.7520579135,580.0000000000,3730.0000000000,802.0852453080,0.7790200356
421,1751.6666666667,38.5875742638,1406.8720229249,16.2069669926,3,0.9997000000,334.1834770857,89.1398176021,225.8115000000,40.7522607836,545.0000000000,3725.0000000000,812.2579411511,0.8031619541
422,1711.3333333333,38.1889511148,1354.1662461538,15.9040040898,3,0.9997000000,334.8082796342,89.4440280456,225.7994000000,40.7524482244,512.0000000000,3604.0000000000,781.8282467444,0.7912930928
423,1706.3333333333,38.1615457925,1356.2707038870,15.8123292422,3,0.9997000000,335.4630058146,89.7415420871,225.7979000000,40.7526446423,545.0000000000,3609.0000000000,783.0432559832,0.7948451087
424,1689.3333333333,38.2468763710,1284.8660976494,15.0502418982,3,0.9997000000,336.0983178777,90.0215275229,225.7928000000,40.7528352359,578.0000000000,3490.0000000000,741.8177873505,0.7605758273
425,1711.6666666667,38.6650699184,1265.8270901755,14.7200215650,3,0.9997000000,336.7580194259,90.3026157348,225.7995000000,40.7530331463,613.0000000000,3485.0000000000,730.8256112604,0.7395289719
426,1735.3333333333,39.0889190081,1247.3784064545,14.4010327447,3,0.9997000000,337.4494604077,90.5790316947,225.8066000000,40.7532405786,648.0000000000,3482.0000000000,720.1742587478,0.7188119899
427,1667.6666666667,38.2610260142,1211.9244567583,14.2744721447,3,0.9997000000,338.0745771101,90.8582128078,225.7863000000,40.7534281136,613.0000000000,3365.0000000000,699.7049113469,0.7267186429
428,1668.0000000000,38.3100690061,1209.8826389365,14.1541023292,3,0.9997000000,338.6904729562,91.0873657569,225.7864000000,40.7536128824,650.0000000000,3368.0000000000,698.5260672779,0.7253493039
429,1625.0000000000,37.9393457710,1155.7577600864,13.6237308571,3,0.9997000000,339.2750658013,91.2770970718,225.7735000000,40.7537882602,685.0000000000,3253.0000000000,667.2770539039,0.7112355447
430,1624.0000000000,37.9396695486,1157.3982316673,13.5860764955,3,0.9997000000,339.8980589754,91.4527528254,225.7732000000,40.7539751582,724.0000000000,3258.0000000000,668.2241806127,0.7126836402
431,1662.3333333333,38.2899755214,1210.2069611801,14.0075375389,3,0.9997000000,340.5467571159,91.6105756385,225.7847000000,40.7541697676,761.0000000000,3373.0000000000,698.7133148125,0.7280170210
432,1666.0000000000,38.3409126515,1212.0033003255,13.9990862933,3,0.9997000000,341.1892964387,91.7305493046,225.7858000000,40.7543625294,800.0000000000,3380.0000000000,699.7504317017,0.7274929774
433,1645.0000000000,37.9397327373,1233.2331490841,14.3379454534,3,0.9997000000,341.7881723970,91.8736499110,225.7795000000,40.7545421922,761.0000000000,3389.0000000000,712.0074905973,0.7496858049
434,1625.3333333333,37.5462123563,1254.9468337565,14.6838438777,3,0.9997000000,342.3514334787,92.0366031020,225.7736000000,40.7547111705,722.0000000000,3400.0000000000,724.5438922880,0.7721165917
435,1637.0000000000,37.3679528602,1329.3968557207,15.5124498076,3,0.9997000000,342.9478193474,92.2749542114,225.7771000000,40.7548900863,685.0000000000,3517.0000000000,767.5276325102,0.8120933755
436,2158.0000000000,43.1880316738,1478.0000000000,17.1112220530,2,0.9998000000,408.9389796250,4.5877393713,225.7861000000,40.7550550527,680.0000000000,3636.0000000000,1045.1038225937,0.6848934198
437,2131.0000000000,42.7234159111,1494.0000000000,17.4845569829,2,0.9998000000,409.7510842143,3.5709951836,225.7807000000,40.7552174736,637.0000000000,3625.0000000000,1056.4175310927,0.7010793055
438,2058.0000000000,41.9548317214,1448.0000000000,17.2566536509,2,0.9998000000,410.4453536459,2.6059069847,225.7661000000,40.7553563275,610.0000000000,3506.0000000000,1023.8906191581,0.7035957240
439,2033.0000000000,41.4945793258,1464.0000000000,17.6408584421,2,0.9998000000,411.1326704545,1.6961518595,225.7611000000,40.7554937909,569.0000000000,3497.0000000000,1035.2043276571,0.7201180521
440,2073.0000000000,41.5774571900,1543.0000000000,18.5557283235,2,0.9998000000,411.9104385518,0.7481964819,225.7691000000,40.7556493445,530.0000000000,3616.0000000000,1091.0657633708,0.7443318862
441,2121.0000000000,41.8016059583,1616.0000000000,19.3294009040,2,0.9998000000,412.7233523065,0.2959808357,225.7787000000,40.7558119273,505.0000000000,3737.0000000000,1142.6845583975,0.7619047619
442,2202.0000000000,42.7263529237,1658.0000000000,19.4025453443,2,0.9998000000,413.5752335044,1.4352276954,225.7949000000,40.7559823035,544.0000000000,3860.0000000000,1172.3830432073,0.7529518619
443,2285.0000000000,43.6568148266,1700.0000000000,19.4700415817,2,0.9998000000,414.4700206964,2.6682290399,225.8115000000,40.7561612609,585.0000000000,3985.0000000000,1202.0815280171,0.7439824945
444,2370.0000000000,44.5924031699,1742.0000000000,19.5324749976,2,0.9998000000,415.4115894458,3.9936876657,225.8285000000,40.7563495747,628.0000000000,4112.0000000000,1231.7800128270,0.7350210970
445,2423.0000000000,44.8598541866,1818.0000000000,20.2631064341,2,0.9998000000,416.3972480846,5.4168292143,225.8391000000,40.7565467064,605.0000000000,4241.0000000000,1285.5201281971,0.7503095336
446,2417.0000000000,44.6790579996,1833.0000000000,20.5129660524,2,0.9998000000,417.3667001987,6.8721679204,225.8379000000,40.7567405968,584.0000000000,4250.0000000000,1296.1267299149,0.7583781547
447,2445.0000000000,45.1781040447,1816.0000000000,20.0982316368,2,0.9998000000,418.3265904018,8.3572225765,225.8435000000,40.7569325749,629.0000000000,4261.0000000000,1284.1059146348,0.7427402863
448,2475.0000000000,45.6879182574,1799.0000000000,19.6879182574,2,0.9998000000,419.2814569372,9.8715532165,225.8495000000,40.7571235482,676.0000000000,4274.0000000000,1272.0850993546,0.7268686869
449,2401.0000000000,45.0068428236,1744.0000000000,19.3748315877,2,0.9998000000,420.1204888889,11.3122666667,225.8347000000,40.7572913546,657.0000000000,4145.0000000000,1233.1942263893,0.7263640150
450,2362.0000000000,44.9791782391,1656.0000000000,18.4085177279,2,0.9998000000,420.8537912793,12.6761225363,225.8269000000,40.7574380150,706.0000000000,4018.0000000000,1170.9688296449,0.7011007621
451,2291.0000000000,44.3213597280,1602.0000000000,18.0725502312,2,0.9998000000,421.4807933276,13.9704557914,225.8127000000,40.7575634155,689.0000000000,3893.0000000000,1132.7850634608,0.6992579660
452,2260.0000000000,43.7939336455,1620.0000000000,18.4957123641,2,0.9998000000,422.0884659055,15.2136309811,225.8065000000,40.7576849500,640.0000000000,3880.0000000000,1145.5129855222,0.7168141593
453,2191.0000000000,43.1471858414,1566.0000000000,18.1471858414,2,0.9998000000,422.5962225155,16.3888781075,225.7927000000,40.7577865013,625.0000000000,3757.0000000000,1107.3292193381,0.7147421269
454,2179.0000000000,42.9716043731,1567.0000000000,18.2329706193,2,0.9998000000,423.0586402608,17.5459533873,225.7903000000,40.7578789848,612.0000000000,3746.0000000000,1108.0363261193,0.7191372189
455,2217.0000000000,42.9855074042,1652.0000000000,19.2157787562,2,0.9998000000,423.6029114728,18.7488121345,225.7979000000,40.7579878391,565.0000000000,3869.0000000000,1168.1404025202,0.7451511051
456,2257.0000000000,43.0008048696,1737.0000000000,20.1972963677,2,0.9998000000,424.2323113829,19.9968206695,225.8059000000,40.7581137191,520.0000000000,3994.0000000000,1228.2444789210,0.7696056712
457,2315.0000000000,43.3780218641,1806.0000000000,20.8169935187,2,0.9998000000,424.9167302302,21.3226864476,225.8175000000,40.7582506028,509.0000000000,4121.0000000000,1277.0348468229,0.7801295896
458,2299.0000000000,42.9338339324,1833.0000000000,21.3468007875,2,0.9998000000,425.6340960979,22.6376417427,225.8143000000,40.7583940760,466.0000000000,4132.0000000000,1296.1267299149,0.7973031753
459,2215.0000000000,41.9502987286,1790.0000000000,21.3347706005,2,0.9998000000,426.2882797732,23.8417769376,225.7975000000,40.7585249127,425.0000000000,4005.0000000000,1265.7211383239,0.8081264108
460,436.0000000000,20.8806130178,0.0000000000,0.0000000000,1,0.9999000000,401.9215983362,0.0000000000,225.7986000000,40.7584724223,436.0000000000,436.0000000000,0.0000000000,0.0000000000
461,477.0000000000,21.8403296678,0.0000000000,0.0000000000,1,0.9999000000,401.3516097899,0.0000000000,225.8027000000,40.7584154234,477.0000000000,477.0000000000,0.0000000000,0.0000000000
462,490.0000000000,22.1359436212,0.0000000000,0.0000000000,1,0.9999000000,400.8109568081,0.0000000000,225.8040000000,40.7583613581,490.0000000000,490.0000000000,0.0000000000,0.0000000000
463,533.0000000000,23.0867927612,0.0000000000,0.0000000000,1,0.9999000000,400.2300646552,0.0000000000,225.8083000000,40.7583032689,533.0000000000,533.0000000000,0.0000000000,0.0000000000
464,578.0000000000,24.0416305603,0.0000000000,0.0000000000,1,0.9999000000,399.6137541912,0.0000000000,225.8128000000,40.7582416379,578.0000000000,578.0000000000,0.0000000000,0.0000000000
465,593.0000000000,24.3515913238,0.0000000000,0.0000000000,1,0.9999000000,399.0311158798,0.0000000000,225.8143000000,40.7581833741,593.0000000000,593.0000000000,0.0000000000,0.0000000000
466,548.0000000000,23.4093998214,0.0000000000,0.0000000000,1,0.9999000000,398.4861960025,0.0000000000,225.8098000000,40.7581288821,548.0000000000,548.0000000000,0.0000000000,0.0000000000
467,565.0000000000,23.7697286480,0.0000000000,0.0000000000,1,0.9999000000,397.9783402732,0.0000000000,225.8115000000,40.7580780965,565.0000000000,565.0000000000,0.0000000000,0.0000000000
468,522.0000000000,22.8473193176,0.0000000000,0.0000000000,1,0.9999000000,397.5115224972,0.0000000000,225.8072000000,40.7580314147,522.0000000000,522.0000000000,0.0000000000,0.0000000000
469,481.0000000000,21.9317121995,0.0000000000,0.0000000000,1,0.9999000000,397.0894748755,0.0000000000,225.8031000000,40.7579892100,481.0000000000,481.0000000000,0.0000000000,0.0000000000
470,464.0000000000,21.5406592285,0.0000000000,0.0000000000,1,0.9999000000,396.6318399214,0.0000000000,225.8014000000,40.7579434465,464.0000000000,464.0000000000,0.0000000000,0.0000000000
471,505.0000000000,22.4722050542,0.0000000000,0.0000000000,1,0.9999000000,396.1304941109,0.0000000000,225.8055000000,40.7578933119,505.0000000000,505.0000000000,0.0000000000,0.0000000000
472,0,0,0,0,0,1,0,0
473,0,0,0,0,0,1,0,0
474,0,0,0,0,0,1,0,0
475,0,0,0,0,0,1,0,0
476,0,0,0,0,0,1,0,0
477,0,0,0,0,0,1,0,0
478,0,0,0,0,0,1,0,0
479,0,0,0,0,0,1,0,0
480,0,0,0,0,0,1,0,0
481,0,0,0,0,0,1,0,0
482,0,0,0,0,0,1,0,0
483,0,0,0,0,0,1,0,0
484,0,0,0,0,0,1,0,0
485,0,0,0,0,0,1,0,0
486,0,0,0,0,0,1,0,0
487,0,0,0,0,0,1,0,0
488,0,0,0,0,0,1,0,0
489,0,0,0,0,0,1,0,0
490,0,0,0,0,0,1,0,0
491,0,0,0,0,0,1,0,0
492,0,0,0,0,0,1,0,0
493,0,0,0,0,0,1,0,0
494,0,0,0,0,0,1,0,0
495,0,0,0,0,0,1,0,0
496,0,0,0,0,0,1,0,0
497,0,0,0,0,0,1,0,0
498,0,0,0,0,0,1,0,0
499,0,0,0,0,0,1,0,0
500,0,0,0,0,0,1,0,0
501,0,0,0,0,0,1,0,0
502,0,0,0,0,0,1,0,0
503,0,0,0,0,0,1,0,0
504,0,0,0,0,0,1,0,0
505,0,0,0,0,0,1,0,0
506,0,0,0,0,0,1,0,0
507,0,0,0,0,0,1,0,0
508,0,0,0,0,0,1,0,0
509,0,0,0,0,0,1,0,0
510,0,0,0,0,0,1,0,0
511,0,0,0,0,0,1,0,0
512,0,0,0,0,0,1,0,0
513,0,0,0,0,0,1,0,0
514,0,0,0,0,0,1,0,0
515,0,0,0,0,0,1,0,0
516,0,0,0,0,0,1,0,0
517,0,0,0,0,0,1,0,0
518,0,0,0,0,0,1,0,0
519,0,0,0,0,0,1,0,0
520,0,0,0,0,0,1,0,0
521,0,0,0,0,0,1,0,0
522,0,0,0,0,0,1,0,0
523,0,0,0,0,0,1,0,0
524,0,0,0,0,0,1,0,0
525,0,0,0,0,0,1,0,0
526,0,0,0,0,0,1,0,0
527,0,0,0,0,0,1,0,0
528,0,0,0,0,0,1,0,0
529,0,0,0,0,0,1,0,0
530,0,0,0,0,0,1,0,0
531,0,0,0,0,0,1,0,0
532,0,0,0,0,0,1,0,0
533,0,0,0,0,0,1,0,0
534,0,0,0,0,0,1,0,0
535,0,0,0,0,0,1,0,0
536,0,0,0,0,0,1,0,0
537,0,0,0,0,0,1,0,0
538,0,0,0,0,0,1,0,0
539,0,0,0,0,0,1,0,0
540,0,0,0,0,0,1,0,0
541,0,0,0,0,0,1,0,0
542,0,0,0,0,0,1,0,0
543,0,0,0,0,0,1,0,0
544,0,0,0,0,0,1,0,0
545,0,0,0,0,0,1,0,0
546,0,0,0,0,0,1,0,0
547,0,0,0,0,0,1,0,0
548,0,0,0,0,0,1,0,0
549,0,0,0,0,0,1,0,0
550,0,0,0,0,0,1,0,0
551,0,0,0,0,0,1,0,0
552,0,0,0,0,0,1,0,0
553,0,0,0,0,0,1,0,0
554,0,0,0,0,0,1,0,0
555,0,0,0,0,0,1,0,0
556,0,0,0,0,0,1,0,0
557,0,0,0,0,0,1,0,0
558,0,0,0,0,0,1,0,0
559,0,0,0,0,0,1,0,0
560,0,0,0,0,0,1,0,0
561,0,0,0,0,0,1,0,0
562,0,0,0,0,0,1,0,0
563,0,0,0,0,0,1,0,0
564,0,0,0,0,0,1,0,0
565,0,0,0,0,0,1,0,0
566,0,0,0,0,0,1,0,0
567,0,0,0,0,0,1,0,0
568,0,0,0,0,0,1,0,0
569,0,0,0,0,0,1,0,0
570,0,0,0,0,0,1,0,0
571,0,0,0,0,0,1,0,0
572,0,0,0,0,0,1,0,0
573,0,0,0,0,0,1,0,0
574,0,0,0,0,0,1,0,0
575,0,0,0,0,0,1,0,0
576,0,0,0,0,0,1,0,0
577,0,0,0,0,0,1,0,0
578,0,0,0,0,0,1,0,0
579,0,0,0,0,0,1,0,0
580,0,0,0,0,0,1,0,0
581,0,0,0,0,0,1,0,0
582,0,0,0,0,0,1,0,0
583,0,0,0,0,0,1,0,0
584,0,0,0,0,0,1,0,0
585,0,0,0,0,0,1,0,0
586,0,0,0,0,0,1,0,0
587,0,0,0,0,0,1,0,0
588,0,0,0,0,0,1,0,0
589,0,0,0,0,0,1,0,0
590,0,0,0,0,0,1,0,0
591,0,0,0,0,0,1,0,0
592,0,0,0,0,0,1,0,0
593,0,0,0,0,0,1,0,0
594,0,0,0,0,0,1,0,0
595,0,0,0,0,0,1,0,0
596,0,0,0,0,0,1,0,0
597,0,0,0,0,0,1,0,0
598,0,0,0,0,0,1,0,0
599,0,0,0,0,0,1,0,0
600,0,0,0,0,0,1,0,0
601,0,0,0,0,0,1,0,0
602,0,0,0,0,0,1,0,0
603,0,0,0,0,0,1,0,0
604,0,0,0,0,0,1,0,0
605,0,0,0,0,0,1,0,0
606,0,0,0,0,0,1,0,0
607,0,0,0,0,0,1,0,0
608,0,0,0,0,0,1,0,0
609,0,0,0,0,0,1,0,0
610,0,0,0,0,0,1,0,0
611,0,0,0,0,0,1,0,0
612,0,0,0,0,0,1,0,0
613,0,0,0,0,0,1,0,0
614,0,0,0,0,0,1,0,0
615,0,0,0,0,0,1,0,0
616,0,0,0,0,0,1,0,0
617,0,0,0,0,0,1,0,0
618,0,0,0,0,0,1,0,0
619,0,0,0,0,0,1,0,0
620,0,0,0,0,0,1,0,0
621,0,0,0,0,0,1,0,0
622,0,0,0,0,0,1,0,0
623,0,0,0,0,0,1,0,0
624,0,0,0,0,0,1,0,0
625,0,0,0,0,0,1,0,0
626,0,0,0,0,0,1,0,0
627,0,0,0,0,0,1,0,0
628,0,0,0,0,0,1,0,0
629,0,0,0,0,0,1,0,0
630,0,0,0,0,0,1,0,0
631,0,0,0,0,0,1,0,0
632,0,0,0,0,0,1,0,0
633,0,0,0,0,0,1,0,0
634,0,0,0,0,0,1,0,0
635,0,0,0,0,0,1,0,0
636,0,0,0,0,0,1,0,0
637,0,0,0,0,0,1,0,0
638,0,0,0,0,0,1,0,0
639,0,0,0,0,0,1,0,0
640,0,0,0,0,0,1,0,0
641,0,0,0,0,0,1,0,0
642,0,0,0,0,0,1,0,0
643,0,0,0,0,0,1,0,0
644,0,0,0,0,0,1,0,0
645,0,0,0,0,0,1,0,0
646,0,0,0,0,0,1,0,0
647,0,0,0,0,0,1,0,0
648,0,0,0,0,0,1,0,0
649,0,0,0,0,0,1,0,0
650,0,0,0,0,0,1,0,0
651,0,0,0,0,0,1,0,0
652,0,0,0,0,0,1,0,0
653,0,0,0,0,0,1,0,0
654,0,0,0,0,0,1,0,0
655,0,0,0,0,0,1,0,0
656,0,0,0,0,0,1,0,0
657,0,0,0,0,0,1,0,0
658,0,0,0,0,0,1,0,0
659,0,0,0,0,0,1,0,0
660,0,0,0,0,0,1,0,0
661,0,0,0,0,0,1,0,0
662,0,0,0,0,0,1,0,0
663,0,0,0,0,0,1,0,0
664,0,0,0,0,0,1,0,0
665,0,0,0,0,0,1,0,0
666,0,0,0,0,0,1,0,0
667,0,0,0,0,0,1,0,0
668,0,0,0,0,0,1,0,0
669,0,0,0,0,0,1,0,0
670,0,0,0,0,0,1,0,0
671,0,0,0,0,0,1,0,0
672,0,0,0,0,0,1,0,0
673,0,0,0,0,0,1,0,0
674,0,0,0,0,0,1,0,0
675,0,0,0,0,0,1,0,0
676,0,0,0,0,0,1,0,0
677,0,0,0,0,0,1,0,0
678,0,0,0,0,0,1,0,0
679,0,0,0,0,0,1,0,0
680,0,0,0,0,0,1,0,0
681,0,0,0,0,0,1,0,0
682,0,0,0,0,0,1,0,0
683,0,0,0,0,0,1,0,0
684,0,0,0,0,0,1,0,0
685,0,0,0,0,0,1,0,0
686,0,0,0,0,0,1,0,0
687,0,0,0,0,0,1,0,0
688,0,0,0,0,0,1,0,0
689,0,0,0,0,0,1,0,0
690,0,0,0,0,0,1,0,0
691,0,0,0,0,0,1,0,0
692,0,0,0,0,0,1,0,0
693,0,0,0,0,0,1,0,0
694,0,0,0,0,0,1,0,0
695,0,0,0,0,0,1,0,0
696,0,0,0,0,0,1,0,0
697,0,0,0,0,0,1,0,0
698,0,0,0,0,0,1,0,0
699,0,0,0,0,0,1,0,0
700,0,0,0,0,0,1,0,0
701,0,0,0,0,0,1,0,0
702,0,0,0,0,0,1,0,0
703,0,0,0,0,0,1,0,0
704,0,0,0,0,0,1,0,0
705,0,0,0,0,0,1,0,0
706,0,0,0,0,0,1,0,0
707,0,0,0,0,0,1,0,0
708,0,0,0,0,0,1,0,0
709,0,0,0,0,0,1,0,0
710,0,0,0,0,0,1,0,0
711,0,0,0,0,0,1,0,0
712,0,0,0,0,0,1,0,0
713,0,0,0,0,0,1,0,0
714,0,0,0,0,0,1,0,0
715,0,0,0,0,0,1,0,0
716,0,0,0,0,0,1,0,0
717,0,0,0,0,0,1,0,0
718,0,0,0,0,0,1,0,0
719,0,0,0,0,0,1,0,0
720,0,0,0,0,0,1,0,0
721,0,0,0,0,0,1,0,0
722,0,0,0,0,0,1,0,0
723,0,0,0,0,0,1,0,0
724,0,0,0,0,0,1,0,0
725,0,0,0,0,0,1,0,0
726,0,0,0,0,0,1,0,0
727,0,0,0,0,0,1,0,0
728,0,0,0,0,0,1,0,0
729,0,0,0,0,0,1,0,0
730,0,0,0,0,0,1,0,0
731,0,0,0,0,0,1,0,0
732,0,0,0,0,0,1,0,0
733,0,0,0,0,0,1,0,0
734,0,0,0,0,0,1,0,0
735,0,0,0,0,0,1,0,0
736,0,0,0,0,0,1,0,0
737,0,0,0,0,0,1,0,0
738,0,0,0,0,0,1,0,0
739,0,0,0,0,0,1,0,0
740,0,0,0,0,0,1,0,0
741,0,0,0,0,0,1,0,0
742,0,0,0,0,0,1,0,0
743,0,0,0,0,0,1,0,0
744,0,0,0,0,0,1,0,0
745,0,0,0,0,0,1,0,0
746,0,0,0,0,0,1,0,0
747,0,0,0,0,0,1,0,0
748,0,0,0,0,0,1,0,0
749,0,0,0,0,0,1,0,0
750,0,0,0,0,0,1,0,0
751,0,0,0,0,0,1,0,0
752,0,0,0,0,0,1,0,0
753,0,0,0,0,0,1,0,0
754,0,0,0,0,0,1,0,0
755,0,0,0,0,0,1,0,0
756,0,0,0,0,0,1,0,0
757,0,0,0,0,0,1,0,0
758,0,0,0,0,0,1,0,0
759,0,0,0,0,0,1,0,0
760,0,0,0,0,0,1,0,0
761,0,0,0,0,0,1,0,0
762,0,0,0,0,0,1,0,0
763,0,0,0,0,0,1,0,0
764,0,0,0,0,0,1,0,0
765,0,0,0,0,0,1,0,0
766,0,0,0,0,0,1,0,0
767,0,0,0,0,0,1,0,0
768,0,0,0,0,0,1,0,0
769,0,0,0,0,0,1,0,0
770,0,0,0,0,0,1,0,0
771,0,0,0,0,0,1,0,0
772,0,0,0,0,0,1,0,0
773,0,0,0,0,0,1,0,0
774,0,0,0,0,0,1,0,0
775,0,0,0,0,0,1,0,0
776,0,0,0,0,0,1,0,0
777,0,0,0,0,0,1,0,0
778,0,0,0,0,0,1,0,0
779,0,0,0,0,0,1,0,0
780,0,0,0,0,0,1,0,0
781,0,0,0,0,0,1,0,0
782,0,0,0,0,0,1,0,0
783,0,0,0,0,0,1,0,0
784,0,0,0,0,0,1,0,0
785,0,0,0,0,0,1,0,0
786,0,0,0,0,0,1,0,0
787,0,0,0,0,0,1,0,0
788,0,0,0,0,0,1,0,0
789,0,0,0,0,0,1,0,0
790,0,0,0,0,0,1,0,0
791,0,0,0,0,0,1,0,0
792,0,0,0,0,0,1,0,0
793,0,0,0,0,0,1,0,0
794,0,0,0,0,0,1,0,0
795,0,0,0,0,0,1,0,0
796,0,0,0,0,0,1,0,0
797,0,0,0,0,0,1,0,0
798,0,0,0,0,0,1,0,0
799,0,0,0,0,0,1,0,0
800,0,0,0,0,0,1,0,0
801,0,0,0,0,0,1,0,0
802,0,0,0,0,0,1,0,0
803,0,0,0,0,0,1,0,0
804,0,0,0,0,0,1,0,0
805,0,0,0,0,0,1,0,0
806,0,0,0,0,0,1,0,0
807,0,0,0,0,0,1,0,0
808,0,0,0,0,0,1,0,0
809,0,0,0,0,0,1,0,0
810,0,0,0,0,0,1,0,0
811,0,0,0,0,0,1,0,0
812,0,0,0,0,0,1,0,0
813,0,0,0,0,0,1,0,0
814,0,0,0,0,0,1,0,0
815,0,0,0,0,0,1,0,0
816,0,0,0,0,0,1,0,0
817,0,0,0,0,0,1,0,0
818,0,0,0,0,0,1,0,0
819,0,0,0,0,0,1,0,0
820,0,0,0,0,0,1,0,0
821,0,0,0,0,0,1,0,0
822,0,0,0,0,0,1,0,0
823,0,0,0,0,0,1,0,0
824,0,0,0,0,0,1,0,0
825,0,0,0,0,0,1,0,0
826,0,0,0,0,0,1,0,0
827,0,0,0,0,0,1,0,0
828,0,0,0,0,0,1,0,0
829,0,0,0,0,0,1,0,0
830,0,0,0,0,0,1,0,0
831,0,0,0,0,0,1,0,0
832,0,0,0,0,0,1,0,0
833,0,0,0,0,0,1,0,0
834,0,0,0,0,0,1,0,0
835,0,0,0,0,0,1,0,0
836,0,0,0,0,0,1,0,0
837,0,0,0,0,0,1,0,0
838,0,0,0,0,0,1,0,0
839,0,0,0,0,0,1,0,0
840,0,0,0,0,0,1,0,0
841,0,0,0,0,0,1,0,0
842,0,0,0,0,0,1,0,0
843,0,0,0,0,0,1,0,0
844,0,0,0,0,0,1,0,0
845,0,0,0,0,0,1,0,0
846,0,0,0,0,0,1,0,0
847,0,0,0,0,0,1,0,0
848,0,0,0,0,0,1,0,0
849,0,0,0,0,0,1,0,0
850,0,0,0,0,0,1,0,0
851,0,0,0,0,0,1,0,0
852,0,0,0,0,0,1,0,0
853,0,0,0,0,0,1,0,0
854,0,0,0,0,0,1,0,0
855,0,0,0,0,0,1,0,0
856,0,0,0,0,0,1,0,0
857,0,0,0,0,0,1,0,0
858,0,0,0,0,0,1,0,0
859,0,0,0,0,0,1,0,0
860,0,0,0,0,0,1,0,0
861,0,0,0,0,0,1,0,0
862,0,0,0,0,0,1,0,0
863,0,0,0,0,0,1,0,0
864,0,0,0,0,0,1,0,0
865,0,0,0,0,0,1,0,0
866,0,0,0,0,0,1,0,0
867,0,0,0,0,0,1,0,0
868,0,0,0,0,0,1,0,0
869,0,0,0,0,0,1,0,0
870,0,0,0,0,0,1,0,0
871,0,0,0,0,0,1,0,0
872,0,0,0,0,0,1,0,0
873,0,0,0,0,0,1,0,0
874,0,0,0,0,0,1,0,0
875,0,0,0,0,0,1,0,0
876,0,0,0,0,0,1,0,0
877,0,0,0,0,0,1,0,0
878,0,0,0,0,0,1,0,0
879,0,0,0,0,0,1,0,0
880,0,0,0,0,0,1,0,0
881,0,0,0,0,0,1,0,0
882,0,0,0,0,0,1,0,0
883,0,0,0,0,0,1,0,0
884,0,0,0,0,0,1,0,0
885,0,0,0,0,0,1,0,0
886,0,0,0,0,0,1,0,0
887,0,0,0,0,0,1,0,0
888,0,0,0,0,0,1,0,0
889,0,0,0,0,0,1,0,0
890,0,0,0,0,0,1,0,0
891,0,0,0,0,0,1,0,0
892,0,0,0,0,0,1,0,0
893,0,0,0,0,0,1,0,0
894,0,0,0,0,0,1,0,0
895,0,0,0,0,0,1,0,0
896,0,0,0,0,0,1,0,0
897,0,0,0,0,0,1,0,0
898,0,0,0,0,0,1,0,0
899,0,0,0,0,0,1,0,0
900,0,0,0,0,0,1,0,0
901,0,0,0,0,0,1,0,0
902,0,0,0,0,0,1,0,0
903,0,0,0,0,0,1,0,0
904,0,0,0,0,0,1,0,0
905,0,0,0,0,0,1,0,0
906,0,0,0,0,0,1,0,0
907,0,0,0,0,0,1,0,0
908,0,0,0,0,0,1,0,0
909,0,0,0,0,0,1,0,0
910,0,0,0,0,0,1,0,0
911,0,0,0,0,0,1,0,0
912,0,0,0,0,0,1,0,0
913,0,0,0,0,0,1,0,0
914,0,0,0,0,0,1,0,0
915,0,0,0,0,0,1,0,0
916,0,0,0,0,0,1,0,0
917,0,0,0,0,0,1,0,0
918,0,0,0,0,0,1,0,0
919,0,0,0,0,0,1,0,0
920,0,0,0,0,0,1,0,0
921,0,0,0,0,0,1,0,0
922,0,0,0,0,0,1,0,0
923,0,0,0,0,0,1,0,0
924,0,0,0,0,0,1,0,0
925,0,0,0,0,0,1,0,0
926,0,0,0,0,0,1,0,0
927,0,0,0,0,0,1,0,0
928,0,0,0,0,0,1,0,0
929,0,0,0,0,0,1,0,0
930,0,0,0,0,0,1,0,0
931,0,0,0,0,0,1,0,0
932,0,0,0,0,0,1,0,0
933,0,0,0,0,0,1,0,0
934,0,0,0,0,0,1,0,0
935,0,0,0,0,0,1,0,0
936,0,0,0,0,0,1,0,0
937,0,0,0,0,0,1,0,0
938,0,0,0,0,0,1,0,0
939,0,0,0,0,0,1,0,0
940,0,0,0,0,0,1,0,0
941,0,0,0,0,0,1,0,0
942,0,0,0,0,0,1,0,0
943,0,0,0,0,0,1,0,0
944,0,0,0,0,0,1,0,0
945,0,0,0,0,0,1,0,0
946,0,0,0,0,0,1,0,0
947,0,0,0,0,0,1,0,0
948,0,0,0,0,0,1,0,0
949,0,0,0,0,0,1,0,0
950,0,0,0,0,0,1,0,0
951,0,0,0,0,0,1,0,0
952,0,0,0,0,0,1,0,0
953,0,0,0,0,0,1,0,0
954,0,0,0,0,0,1,0,0
955,0,0,0,0,0,1,0,0
956,0,0,0,0,0,1,0,0
957,0,0,0,0,0,1,0,0
958,0,0,0,0,0,1,0,0
959,0,0,0,0,0,1,0,0
960,0,0,0,0,0,1,0,0
961,0,0,0,0,0,1,0,0
962,0,0,0,0,0,1,0,0
963,0,0,0,0,0,1,0,0
964,0,0,0,0,0,1,0,0
965,0,0,0,0,0,1,0,0
966,0,0,0,0,0,1,0,0
967,0,0,0,0,0,1,0,0
968,0,0,0,0,0,1,0,0
969,0,0,0,0,0,1,0,0
970,0,0,0,0,0,1,0,0
971,0,0,0,0,0,1,0,0
972,0,0,0,0,0,1,0,0
973,0,0,0,0,0,1,0,0
974,0,0,0,0,0,1,0,0
975,0,0,0,0,0,1,0,0
976,0,0,0,0,0,1,0,0
977,0,0,0,0,0,1,0,0
978,0,0,0,0,0,1,0,0
979,0,0,0,0,0,1,0,0
980,0,0,0,0,0,1,0,0
981,0,0,0,0,0,1,0,0
982,0,0,0,0,0,1,0,0
983,0,0,0,0,0,1,0,0
984,0,0,0,0,0,1,0,0
985,0,0,0,0,0,1,0,0
986,0,0,0,0,0,1,0,0
987,0,0,0,0,0,1,0,0
988,0,0,0,0,0,1,0,0
989,0,0,0,0,0,1,0,0
990,0,0,0,0,0,1,0,0
991,0,0,0,0,0,1,0,0
992,0,0,0,0,0,1,0,0
993,0,0,0,0,0,1,0,0
994,0,0,0,0,0,1,0,0
995,0,0,0,0,0,1,0,0
996,0,0,0,0,0,1,0,0
997,0,0,0,0,0,1,0,0
998,0,0,0,0,0,1,0,0
999,0,0,0,0,0,1,0,0
1000,0,0,0,0,0,1,0,0
