step,mean_r2,mean_r,std_r2,std_r,n_alive,trapped_rate,mean_rg2,std_rg2,mean_r2_all,mean_rg2_all,min_r2,max_r2,se_r2,cv_r2
0,0.0000000000,0.0000000000,0.0000000000,0.0000000000,100000,0.0000000000,0.0000000000,0.0000000000,0.0000000000,0.0000000000,0.0000000000,0.0000000000,0.0000000000,0.0000000000
1,1.0000000000,1.0000000000,0.0000000000,0.0000000000,100000,0.0000000000,0.2500000000,0.0000000000,1.0000000000,0.2500000000,1.0000000000,1.0000000000,0.0000000000,0.0000000000
2,1.9963400000,1.2045104861,1.4168227145,0.7385759872,100000,0.0000000000,0.4440377778,0.1574247461,1.9963400000,0.4440377778,0.0000000000,4.0000000000,0.0044803868,0.7097101268
3,2.9976400000,1.5876356852,2.4517084717,0.6906901845,100000,0.0000000000,0.6247512500,0.2653319277,2.9976400000,0.6247512500,1.0000000000,9.0000000000,0.0077529829,0.8178795558
4,4.0040600000,1.7543101521,3.4708303785,0.9625257868,100000,0.0000000000,0.8000240000,0.3717967609,4.0040600000,0.8000240000,0.0000000000,16.0000000000,0.0109757294,0.8668277644
5,5.0083200000,2.0204961601,4.4949316766,0.9622449102,100000,0.0000000000,0.9723855556,0.4784769798,5.0083200000,0.9723855556,1.0000000000,25.0000000000,0.0142142220,0.8974929071
6,6.0192200000,2.1648157433,5.4997591394,1.1544664557,100000,0.0000000000,1.1430926531,0.5844080388,6.0192200000,1.1430926531,0.0000000000,36.0000000000,0.0173917655,0.9136996387
7,7.0238800000,2.3786268255,6.5034444524,1.1687661978,100000,0.0000000000,1.3130703125,0.6889846731,7.0238800000,1.3130703125,1.0000000000,49.0000000000,0.0205656971,0.9259048350
8,8.0318600000,2.5051192831,7.5234981850,1.3252310656,100000,0.0000000000,1.4821476543,0.7937064947,8.0318600000,1.4821476543,0.0000000000,64.0000000000,0.0237913902,0.9367068381
9,9.0506400000,2.6912297574,8.5143264907,1.3445900464,100000,0.0000000000,1.6509136000,0.8983967216,9.0506400000,1.6509136000,1.0000000000,81.0000000000,0.0269246645,0.9407430293
10,10.0477200000,2.8074163683,9.4884162431,1.4717789696,100000,0.0000000000,1.8186680992,1.0019128204,10.0477200000,1.8186680992,0.0000000000,100.0000000000,0.0300050067,0.9443352565
11,11.0410400000,2.9695854968,10.4649011328,1.4908393532,100000,0.0000000000,1.9857476389,1.1053481001,11.0410400000,1.9857476389,1.0000000000,101.0000000000,0.0330929231,0.9478184241
12,12.0569800000,3.0793859499,11.4517419321,1.6044819012,100000,0.0000000000,2.1533724260,1.2094090867,12.0569800000,2.1533724260,0.0000000000,104.0000000000,0.0362135877,0.9498018519
13,13.0777600000,3.2276447819,12.5059231320,1.6309718458,100000,0.0000000000,2.3220720408,1.3158771525,13.0777600000,2.3220720408,1.0000000000,125.0000000000,0.0395472013,0.9562740968
14,14.0790200000,3.3276861142,13.5306184574,1.7336450402,100000,0.0000000000,2.4906684444,1.4224788563,14.0790200000,2.4906684444,0.0000000000,148.0000000000,0.0427875725,0.9610483157
15,15.0752800000,3.4603088024,14.5508904512,1.7611198119,100000,0.0000000000,2.6592310937,1.5297433627,15.0752800000,2.6592310937,1.0000000000,145.0000000000,0.0460139558,0.9652152697
16,16.0604600000,3.5531170108,15.5567858052,1.8535963713,100000,0.0000000000,2.8268035986,1.6365286859,16.0604600000,2.8268035986,0.0000000000,170.0000000000,0.0491948762,0.9686388687
17,17.0522000000,3.6753224749,16.5945242523,1.8826058285,100000,0.0000000000,2.9936802469,1.7440290423,17.0522000000,2.9936802469,1.0000000000,157.0000000000,0.0524764933,0.9731603108
18,18.0607000000,3.7661014815,17.6099459258,1.9690555175,100000,0.0000000000,3.1603817175,1.8515839253,18.0607000000,3.1603817175,0.0000000000,178.0000000000,0.0556875386,0.9750422700
19,19.0694400000,3.8847388097,18.6035001569,1.9945536795,100000,0.0000000000,3.3276031000,1.9589074201,19.0694400000,3.3276031000,1.0000000000,185.0000000000,0.0588294329,0.9755661497
20,20.0886400000,3.9742213911,19.5894926670,2.0722462051,100000,0.0000000000,3.4954454422,2.0655675417,20.0886400000,3.4954454422,0.0000000000,212.0000000000,0.0619474150,0.9751527563
21,21.0767200000,4.0845213073,20.5486474991,2.0960452501,100000,0.0000000000,3.6626853719,2.1706811152,21.0767200000,3.6626853719,1.0000000000,221.0000000000,0.0649805289,0.9749452239
22,22.1314200000,4.1730462280,21.5621475921,2.1718897713,100000,0.0000000000,3.8309607183,2.2755218545,22.1314200000,3.8309607183,0.0000000000,232.0000000000,0.0681854976,0.9742776375
23,23.0943200000,4.2740576468,22.5507725752,2.1969868529,100000,0.0000000000,3.9982759722,2.3801047260,23.0943200000,3.9982759722,1.0000000000,245.0000000000,0.0713118043,0.9764640212
24,24.1133600000,4.3540063389,23.5940168159,2.2706802507,100000,0.0000000000,4.1660216640,2.4851736767,24.1133600000,4.1660216640,0.0000000000,274.0000000000,0.0746108323,0.9784624298
25,25.1028800000,4.4540315463,24.5890572350,2.2944461171,100000,0.0000000000,4.3332923077,2.5898668438,25.1028800000,4.3332923077,1.0000000000,289.0000000000,0.0777574264,0.9795313221
26,26.1174800000,4.5324765859,25.5632947495,2.3609608209,100000,0.0000000000,4.5005350069,2.6942352805,26.1174800000,4.5005350069,0.0000000000,306.0000000000,0.0808382359,0.9787810596
27,27.1508800000,4.6318882550,26.6176474397,2.3867323253,100000,0.0000000000,4.6681157653,2.7991670360,27.1508800000,4.6681157653,1.0000000000,337.0000000000,0.0841723919,0.9803603949
28,28.1819600000,4.7093713413,27.6561387500,2.4502615309,100000,0.0000000000,4.8361099405,2.9048964757,28.1819600000,4.8361099405,0.0000000000,356.0000000000,0.0874563897,0.9813419205
29,29.1769200000,4.8004723801,28.6424785819,2.4763652655,100000,0.0000000000,5.0037356000,3.0103793226,29.1769200000,5.0037356000,1.0000000000,337.0000000000,0.0905754702,0.9816827335
30,30.1391200000,4.8711254470,29.5623788898,2.5320459868,100000,0.0000000000,5.1705939438,3.1147341508,30.1391200000,5.1705939438,0.0000000000,320.0000000000,0.0934844503,0.9808640362
31,31.1352400000,4.9602129324,30.5276574624,2.5556853612,100000,0.0000000000,5.3371580469,3.2190337011,31.1352400000,5.3371580469,1.0000000000,305.0000000000,0.0965369292,0.9804856960
32,32.1219200000,5.0301738119,31.5128953845,2.6113734742,100000,0.0000000000,5.5034120661,3.3231888454,32.1219200000,5.5034120661,0.0000000000,320.0000000000,0.0996525251,0.9810402175
33,33.1061600000,5.1137404469,32.5147881748,2.6373886026,100000,0.0000000000,5.6691053633,3.4270773241,33.1061600000,5.6691053633,1.0000000000,349.0000000000,0.1028207883,0.9821371061
34,34.1138000000,5.1814487503,33.5232577409,2.6956240183,100000,0.0000000000,5.8351037551,3.5310760787,34.1138000000,5.8351037551,0.0000000000,340.0000000000,0.1060098490,0.9826890508
35,35.1325200000,5.2661165836,34.5179147465,2.7203926423,100000,0.0000000000,6.0015738889,3.6352576424,35.1325200000,6.0015738889,1.0000000000,349.0000000000,0.1091552307,0.9825060869
36,36.1384000000,5.3318255686,35.5661733314,2.7766951770,100000,0.0000000000,6.1683312929,3.7400122082,36.1384000000,6.1683312929,0.0000000000,386.0000000000,0.1124701154,0.9841656889
37,37.1404000000,5.4122554463,36.5890973903,2.8014087499,100000,0.0000000000,6.3354030194,3.8450657963,37.1404000000,6.3354030194,1.0000000000,377.0000000000,0.1157048853,0.9851562555
38,38.1261400000,5.4759144857,37.6280146792,2.8531562427,100000,0.0000000000,6.5023329915,3.9508493292,38.1261400000,6.5023329915,0.0000000000,404.0000000000,0.1189902302,0.9869348085
39,39.1007200000,5.5543026311,38.5271449173,2.8723583137,100000,0.0000000000,6.6685953750,4.0557718384,39.1007200000,6.6685953750,1.0000000000,425.0000000000,0.1218335297,0.9853308307
40,40.1256200000,5.6194700176,39.5446302248,2.9235554930,100000,0.0000000000,6.8350941344,4.1607485931,40.1256200000,6.8350941344,0.0000000000,466.0000000000,0.1250511007,0.9855207278
41,41.1180000000,5.6941767141,40.5781043914,2.9486185831,100000,0.0000000000,7.0013937188,4.2661470690,41.1180000000,7.0013937188,1.0000000000,477.0000000000,0.1283192330,0.9868696043
42,42.1529800000,5.7600196614,41.5769445380,2.9958560547,100000,0.0000000000,7.1681121904,4.3710859922,42.1529800000,7.1681121904,0.0000000000,520.0000000000,0.1314778429,0.9863346444
43,43.1331200000,5.8316722892,42.5952997297,3.0207148676,100000,0.0000000000,7.3347223864,4.4762606914,43.1331200000,7.3347223864,1.0000000000,565.0000000000,0.1346981648,0.9875311531
44,44.1535000000,5.8939605363,43.6486471468,3.0683430703,100000,0.0000000000,7.5015146568,4.5821271672,44.1535000000,7.5015146568,0.0000000000,612.0000000000,0.1380291418,0.9885659607
45,45.1519200000,5.9661859414,44.6582718017,3.0913662533,100000,0.0000000000,7.6683703592,4.6881737218,45.1519200000,7.6683703592,1.0000000000,601.0000000000,0.1412218553,0.9890669500
46,46.1445400000,6.0264885632,45.6324773400,3.1346412230,100000,0.0000000000,7.8352540516,4.7936454171,46.1445400000,7.8352540516,0.0000000000,554.0000000000,0.1443025637,0.9889030715
47,47.1574800000,6.0983008538,46.6245549046,3.1572466956,100000,0.0000000000,8.0024686198,4.8996878896,47.1574800000,8.0024686198,1.0000000000,565.0000000000,0.1474397884,0.9886990336
48,48.1658800000,6.1574812959,47.6274383504,3.2017657770,100000,0.0000000000,8.1694728280,5.0056879881,48.1658800000,8.1694728280,0.0000000000,586.0000000000,0.1506111843,0.9888210981
49,49.1385200000,6.2247166992,48.6149723049,3.2235728648,100000,0.0000000000,8.3363281920,5.1116690394,49.1385200000,8.3363281920,1.0000000000,617.0000000000,0.1537340409,0.9893454729
50,50.1612400000,6.2835253690,49.6737419736,3.2678049111,100000,0.0000000000,8.5034890427,5.2175976166,50.1612400000,8.5034890427,0.0000000000,650.0000000000,0.1570821645,0.9902813801
51,51.1007600000,6.3487154146,50.6029193567,3.2855094862,100000,0.0000000000,8.6698520932,5.3231157197,51.1007600000,8.6698520932,1.0000000000,613.0000000000,0.1600204814,0.9902576666
52,52.1145800000,6.4058848718,51.6626932266,3.3285460803,100000,0.0000000000,8.8362715771,5.4285939350,52.1145800000,8.8362715771,0.0000000000,584.0000000000,0.1633717807,0.9913289760
53,53.0914400000,6.4706854632,52.6737000668,3.3498760629,100000,0.0000000000,9.0023910974,5.5344347981,53.0914400000,9.0023910974,1.0000000000,629.0000000000,0.1665688650,0.9921316895
54,54.0565800000,6.5224560889,53.6993031491,3.3932501482,100000,0.0000000000,9.1681711207,5.6403983169,54.0565800000,9.1681711207,0.0000000000,650.0000000000,0.1698121067,0.9933906871
55,55.0473200000,6.5866192844,54.7602629725,3.4152256737,100000,0.0000000000,9.3340960395,5.7465967787,55.0473200000,9.3340960395,1.0000000000,629.0000000000,0.1731671563,0.9947852679
56,56.0249200000,6.6415413024,55.6422143610,3.4517892648,100000,0.0000000000,9.4999142690,5.8512082589,56.0249200000,9.4999142690,0.0000000000,650.0000000000,0.1759561314,0.9931690105
57,57.0276400000,6.7059772046,56.6342768651,3.4723925082,100000,0.0000000000,9.6657662901,5.9559398554,57.0276400000,9.6657662901,1.0000000000,697.0000000000,0.1790933085,0.9931022372
58,58.0660400000,6.7621058669,57.7196205698,3.5128285249,100000,0.0000000000,9.8320015628,6.0611627614,58.0660400000,9.8320015628,0.0000000000,650.0000000000,0.1825254667,0.9940340442
59,59.0409200000,6.8241545706,58.6554625381,3.5315484418,100000,0.0000000000,9.9980341278,6.1659826377,59.0409200000,9.9980341278,1.0000000000,697.0000000000,0.1854848588,0.9934713507
60,59.9960400000,6.8735395071,59.6891861590,3.5707834777,100000,0.0000000000,10.1638534534,6.2706295437,59.9960400000,10.1638534534,0.0000000000,676.0000000000,0.1887537799,0.9948854318
61,61.0618000000,6.9358419624,60.8604372377,3.5994299928,100000,0.0000000000,10.3304228512,6.3765893397,61.0618000000,10.3304228512,1.0000000000,673.0000000000,0.1924576011,0.9967023120
62,62.1002400000,6.9902630235,61.9222831616,3.6381950006,100000,0.0000000000,10.4972253867,6.4829950373,62.1002400000,10.4972253867,0.0000000000,720.0000000000,0.1958154527,0.9971343615
63,63.1643600000,7.0540743476,62.9899206682,3.6612013191,100000,0.0000000000,10.6646252490,6.5896524044,63.1643600000,10.6646252490,1.0000000000,757.0000000000,0.1991916189,0.9972383266
64,64.1441800000,7.1030554452,64.0686816793,3.7001058555,100000,0.0000000000,10.8318865467,6.6969002050,64.1441800000,10.8318865467,0.0000000000,776.0000000000,0.2026029608,0.9988229903
65,65.1338000000,7.1619562706,65.0976855008,3.7202395593,100000,0.0000000000,10.9993731313,6.8043300247,65.1338000000,10.9993731313,1.0000000000,797.0000000000,0.2058569566,0.9994455337
66,66.1655400000,7.2119963092,66.2543208893,3.7620006958,100000,0.0000000000,11.1668106483,6.9130723115,66.1655400000,11.1668106483,0.0000000000,820.0000000000,0.2095145588,1.0013417995
67,67.1476800000,7.2687247395,67.2577462499,3.7832949478,100000,0.0000000000,11.3341986592,7.0216189760,67.1476800000,11.3341986592,1.0000000000,845.0000000000,0.2126876684,1.0016391668
68,68.1217000000,7.3167121878,68.3382624092,3.8193484734,100000,0.0000000000,11.5011532451,7.1301858406,68.1217000000,11.5011532451,0.0000000000,872.0000000000,0.2161045606,1.0031790517
69,69.1362800000,7.3734567857,69.4140123301,3.8429695587,100000,0.0000000000,11.6680787673,7.2393671375,69.1362800000,11.6680787673,1.0000000000,901.0000000000,0.2195063805,1.0040171720
70,70.1864600000,7.4255757665,70.5070532122,3.8790829503,100000,0.0000000000,11.8352833565,7.3487355001,70.1864600000,11.8352833565,0.0000000000,954.0000000000,0.2229628793,1.0045677359
71,71.2489600000,7.4832051371,71.6944166509,3.9052017715,100000,0.0000000000,12.0031980710,7.4589374857,71.2489600000,12.0031980710,1.0000000000,901.0000000000,0.2267176521,1.0062521144
72,72.2790200000,7.5327630968,72.8007496379,3.9416367321,100000,0.0000000000,12.1713159917,7.5693461606,72.2790200000,12.1713159917,0.0000000000,932.0000000000,0.2302161842,1.0072182722
73,73.3202400000,7.5883969077,73.8998923297,3.9669222794,100000,0.0000000000,12.3397835281,7.6805347302,73.3202400000,12.3397835281,1.0000000000,925.0000000000,0.2336919786,1.0079057615
74,74.2616200000,7.6324587799,74.8193049619,4.0008990206,100000,0.0000000000,12.5077016107,7.7908865435,74.2616200000,12.5077016107,0.0000000000,980.0000000000,0.2365994166,1.0075097333
75,75.2657600000,7.6870465185,75.8695011953,4.0218249368,100000,0.0000000000,12.6756733830,7.9012942008,75.2657600000,12.6756733830,1.0000000000,981.0000000000,0.2399204287,1.0080214588
76,76.2231800000,7.7328430644,76.7751823878,4.0529394445,100000,0.0000000000,12.8433136279,8.0110882967,76.2231800000,12.8433136279,0.0000000000,1010.0000000000,0.2427844441,1.0072419228
77,77.2180400000,7.7848109533,77.8573771621,4.0761205111,100000,0.0000000000,13.0105959961,8.1210902833,77.2180400000,13.0105959961,1.0000000000,1069.0000000000,0.2462066445,1.0082796347
78,78.2241000000,7.8321321269,78.8713929076,4.1087475398,100000,0.0000000000,13.1778285788,8.2309261882,78.2241000000,13.1778285788,0.0000000000,1044.0000000000,0.2494132438,1.0082748527
79,79.1701200000,7.8843168351,79.7984311825,4.1240354077,100000,0.0000000000,13.3446802375,8.3402261676,79.1701200000,13.3446802375,1.0000000000,985.0000000000,0.2523447962,1.0079362161
80,80.1862000000,7.9330362325,80.8005775323,4.1536894604,100000,0.0000000000,13.5115241091,8.4493943801,80.1862000000,13.5115241091,0.0000000000,928.0000000000,0.2555138613,1.0076618861
81,81.1566800000,7.9826290168,81.8409536319,4.1754417706,100000,0.0000000000,13.6780661333,8.5584035476,81.1566800000,13.6780661333,1.0000000000,941.0000000000,0.2588038194,1.0084315134
82,82.1720400000,8.0292288304,82.9218219906,4.2075556310,100000,0.0000000000,13.8448279983,8.6675874599,82.1720400000,13.8448279983,0.0000000000,962.0000000000,0.2622218252,1.0091245391
83,83.2057200000,8.0814513051,84.0472129180,4.2303504351,100000,0.0000000000,14.0118821344,8.7776666912,83.2057200000,14.0118821344,1.0000000000,1021.0000000000,0.2657806238,1.0101134023
84,84.1896800000,8.1254527540,85.0584581420,4.2622409063,100000,0.0000000000,14.1788131626,8.8878037297,84.1896800000,14.1788131626,0.0000000000,1000.0000000000,0.2689784620,1.0103192950
85,85.1423600000,8.1744895074,86.0325020770,4.2801964083,100000,0.0000000000,14.3456024716,8.9975273388,85.1423600000,14.3456024716,1.0000000000,1037.0000000000,0.2720586594,1.0104547499
86,86.1821600000,8.2184356346,87.2233804535,4.3173459115,100000,0.0000000000,14.5125636623,9.1076409207,86.1821600000,14.5125636623,0.0000000000,1066.0000000000,0.2758245475,1.0120816240
87,87.1924000000,8.2703658518,88.2082378366,4.3351411369,100000,0.0000000000,14.6797585072,9.2178269321,87.1924000000,14.6797585072,1.0000000000,1125.0000000000,0.2789389400,1.0116505319
88,88.2420800000,8.3164965722,89.3099100731,4.3678329597,100000,0.0000000000,14.8473024669,9.3284180572,88.2420800000,14.8473024669,0.0000000000,1156.0000000000,0.2824227335,1.0121011435
89,89.2418400000,8.3670359597,90.3147655337,4.3857210638,100000,0.0000000000,15.0149157926,9.4394072994,89.2418400000,15.0149157926,1.0000000000,1125.0000000000,0.2856003654,1.0120226738
90,90.2801000000,8.4116966787,91.3737585086,4.4185358418,100000,0.0000000000,15.1829265958,9.5505306288,90.2801000000,15.1829265958,0.0000000000,1156.0000000000,0.2889491953,1.0121140596
91,91.3254800000,8.4626991478,92.4554568577,4.4393922033,100000,0.0000000000,15.3510658412,9.6617260419,91.3254800000,15.3510658412,1.0000000000,1125.0000000000,0.2923698258,1.0123730733
92,92.3194200000,8.5063798771,93.4254809507,4.4677646969,100000,0.0000000000,15.5189770910,9.7729317881,92.3194200000,15.5189770910,0.0000000000,1160.0000000000,0.2954373113,1.0119808048
93,93.3674000000,8.5567152773,94.5830152683,4.4888777732,100000,0.0000000000,15.6870276415,9.8846977544,93.3674000000,15.6870276415,1.0000000000,1229.0000000000,0.2990977562,1.0130196971
94,94.3709400000,8.5989690018,95.7090718977,4.5198088573,100000,0.0000000000,15.8550995258,9.9967684957,94.3709400000,15.8550995258,0.0000000000,1300.0000000000,0.3026586599,1.0141794910
95,95.3869600000,8.6470659789,96.7478372986,4.5403975550,100000,0.0000000000,16.0233226562,10.1087765185,95.3869600000,16.0233226562,1.0000000000,1373.0000000000,0.3059435246,1.0142669113
96,96.3807200000,8.6889609129,97.8172439414,4.5697569141,100000,0.0000000000,16.1914618365,10.2207622265,96.3807200000,16.1914618365,0.0000000000,1300.0000000000,0.3093252853,1.0149046816
97,97.3652000000,8.7353549580,98.8880841606,4.5889839570,100000,0.0000000000,16.3596085798,10.3326220437,97.3652000000,16.3596085798,1.0000000000,1373.0000000000,0.3127115794,1.0156409493
98,98.3997000000,8.7810157004,99.9059335571,4.6144840740,100000,0.0000000000,16.5279438343,10.4445496328,98.3997000000,16.5279438343,0.0000000000,1370.0000000000,0.3159303018,1.0153072983
99,99.3348400000,8.8232691847,100.9547124317,4.6351656814,100000,0.0000000000,16.6958579900,10.5566195432,99.3348400000,16.6958579900,1.0000000000,1297.0000000000,0.3192468318,1.0163071932
100,100.3165600000,8.8647578291,101.9472370875,4.6618267483,100000,0.0000000000,16.8636218469,10.6682446862,100.3165600000,16.8636218469,0.0000000000,1370.0000000000,0.3223854704,1.0162553131
101,101.2821200000,8.9089786003,102.9635613618,4.6810490597,100000,0.0000000000,17.0311947674,10.7799223582,101.2821200000,17.0311947674,1.0000000000,1381.0000000000,0.3255993699,1.0166015617
102,102.2953800000,8.9494124604,104.0256094943,4.7120480275,100000,0.0000000000,17.1987410557,10.8915132362,102.2953800000,17.1987410557,0.0000000000,1444.0000000000,0.3289578610,1.0169140531
103,103.3142800000,8.9957649923,105.1673247168,4.7318592756,100000,0.0000000000,17.3662794027,11.0030770580,103.3142800000,17.3662794027,1.0000000000,1445.0000000000,0.3325682815,1.0179359980
104,104.3645200000,9.0387192523,106.2921867550,4.7608900720,100000,0.0000000000,17.5338268662,11.1149799751,104.3645200000,17.5338268662,0.0000000000,1514.0000000000,0.3361254076,1.0184705181
105,105.3436800000,9.0812526596,107.3924450046,4.7827324964,100000,0.0000000000,17.7012031826,11.2270429419,105.3436800000,17.7012031826,1.0000000000,1445.0000000000,0.3396047297,1.0194483903
106,106.3605400000,9.1227011916,108.3568584396,4.8100793100,100000,0.0000000000,17.8685397747,11.3387929847,106.3605400000,17.8685397747,0.0000000000,1480.0000000000,0.3426544728,1.0187693522
107,107.3863200000,9.1700229274,109.4100962291,4.8266965423,100000,0.0000000000,18.0359255418,11.4507440461,107.3863200000,18.0359255418,1.0000000000,1517.0000000000,0.3459851031,1.0188457546
108,108.3875800000,9.2100488583,110.4124771108,4.8541302031,100000,0.0000000000,18.2033054154,11.5626212194,108.3875800000,18.2033054154,0.0000000000,1450.0000000000,0.3491549098,1.0186820031
109,109.3974000000,9.2545700296,111.5190042694,4.8734313956,100000,0.0000000000,18.3706919802,11.6745547636,109.3974000000,18.3706919802,1.0000000000,1521.0000000000,0.3526540559,1.0193935529
110,110.3386000000,9.2915993474,112.5010868838,4.8994674779,100000,0.0000000000,18.5376754825,11.7861976006,110.3386000000,18.5376754825,0.0000000000,1556.0000000000,0.3557596738,1.0195986435
111,111.2041600000,9.3300184569,113.3877562998,4.9147650599,100000,0.0000000000,18.7042040083,11.8973651404,111.2041600000,18.7042040083,1.0000000000,1625.0000000000,0.3585635687,1.0196359228
112,112.2227800000,9.3693299200,114.4736032851,4.9435247395,100000,0.0000000000,18.8708785011,12.0084661735,112.2227800000,18.8708785011,0.0000000000,1696.0000000000,0.3619973183,1.0200567415
113,113.1319600000,9.4097091371,115.3946121210,4.9587633495,100000,0.0000000000,19.0370394829,12.1186449424,113.1319600000,19.0370394829,1.0000000000,1737.0000000000,0.3649098040,1.0200001142
114,114.0711600000,9.4464227461,116.3594687864,4.9835988304,100000,0.0000000000,19.2029434163,12.2287413325,114.0711600000,19.2029434163,0.0000000000,1810.0000000000,0.3679609487,1.0200603622
115,115.0467200000,9.4900530144,117.2639459392,4.9985611713,100000,0.0000000000,19.3685965502,12.3379324047,115.0467200000,19.3685965502,1.0000000000,1885.0000000000,0.3708211566,1.0192723959
116,116.0662600000,9.5297164957,118.2827326773,5.0250137822,100000,0.0000000000,19.5342288392,12.4468923204,116.0662600000,19.5342288392,0.0000000000,1962.0000000000,0.3740428431,1.0190966150
117,117.0642000000,9.5722220608,119.3070185629,5.0434873668,100000,0.0000000000,19.6999585378,12.5558806196,117.0642000000,19.6999585378,1.0000000000,2005.0000000000,0.3772819195,1.0191588766
118,118.0928000000,9.6122613127,120.2976133935,5.0692437756,100000,0.0000000000,19.8658187515,12.6647397509,118.0928000000,19.8658187515,0.0000000000,2084.0000000000,0.3804144554,1.0186701763
119,119.0525600000,9.6536401845,121.3840877440,5.0852523229,100000,0.0000000000,20.0314968653,12.7740645191,119.0525600000,20.0314968653,1.0000000000,2129.0000000000,0.3838501890,1.0195840202
120,120.1545000000,9.6951440233,122.4794432129,5.1145559307,100000,0.0000000000,20.1976183430,12.8834407892,120.1545000000,20.1976183430,0.0000000000,2210.0000000000,0.3873140071,1.0193496141
121,121.0636000000,9.7340226343,123.3882644138,5.1295617117,100000,0.0000000000,20.3634350793,12.9922236600,121.0636000000,20.3634350793,1.0000000000,2129.0000000000,0.3901879521,1.0192020096
122,121.8842000000,9.7647967357,124.2133794338,5.1510139497,100000,0.0000000000,20.5285700549,13.1000642872,121.8842000000,20.5285700549,0.0000000000,2176.0000000000,0.3927971949,1.0191097733
123,122.8562400000,9.8061403107,125.1365403592,5.1668029000,100000,0.0000000000,20.6936650898,13.2077377136,122.8562400000,20.6936650898,1.0000000000,2129.0000000000,0.3957164860,1.0185607207
124,123.8238400000,9.8405332964,126.1659935468,5.1949729973,100000,0.0000000000,20.8585899507,13.3151536982,123.8238400000,20.8585899507,0.0000000000,2176.0000000000,0.3989719029,1.0189152069
125,124.8592800000,9.8847224929,127.2033296651,5.2107140814,100000,0.0000000000,21.0236551222,13.4225992807,124.8592800000,21.0236551222,1.0000000000,2129.0000000000,0.4022522477,1.0187735318
126,125.8358400000,9.9199526192,128.2057855617,5.2374020308,100000,0.0000000000,21.1887053035,13.5300988675,125.8358400000,21.1887053035,0.0000000000,2050.0000000000,0.4054222916,1.0188336293
127,126.8543600000,9.9632877359,129.1461320713,5.2523573271,100000,0.0000000000,21.3539409875,13.6372417805,126.8543600000,21.3539409875,1.0000000000,2097.0000000000,0.4083959283,1.0180661671
128,127.7802600000,9.9972310597,130.1171293656,5.2759483639,100000,0.0000000000,21.5188257352,13.7438488012,127.7802600000,21.5188257352,0.0000000000,2050.0000000000,0.4114664914,1.0182881876
129,128.8507600000,10.0411463876,131.1790006343,5.2939719703,100000,0.0000000000,21.6840959598,13.8506266432,128.8507600000,21.6840959598,1.0000000000,2129.0000000000,0.4148244232,1.0180692813
130,129.9478600000,10.0821595897,132.2752567997,5.3195787435,100000,0.0000000000,21.8496229474,13.9574055263,129.9478600000,21.8496229474,0.0000000000,2176.0000000000,0.4182910896,1.0179102357
131,131.0286800000,10.1246731099,133.3917747744,5.3403814862,100000,0.0000000000,22.0155307254,14.0644079224,131.0286800000,22.0155307254,1.0000000000,2225.0000000000,0.4218218294,1.0180349430
132,131.9158800000,10.1552708091,134.3704591189,5.3652916783,100000,0.0000000000,22.1812389779,14.1712489044,131.9158800000,22.1812389779,0.0000000000,2306.0000000000,0.4249167011,1.0186071542
133,132.9384400000,10.1973923399,135.3520785595,5.3806718416,100000,0.0000000000,22.3469434685,14.2778585727,132.9384400000,22.3469434685,1.0000000000,2389.0000000000,0.4280208543,1.0181560620
134,133.9331400000,10.2337505139,136.3802920137,5.4040253904,100000,0.0000000000,22.5126205575,14.3846426111,133.9331400000,22.5126205575,0.0000000000,2440.0000000000,0.4312723507,1.0182714451
135,134.9514400000,10.2739745320,137.4404477653,5.4218896444,100000,0.0000000000,22.6784267939,14.4917410272,134.9514400000,22.6784267939,1.0000000000,2525.0000000000,0.4346248576,1.0184437288
136,135.9599000000,10.3108090475,138.3684921938,5.4449166004,100000,0.0000000000,22.8442037466,14.5985843306,135.9599000000,22.8442037466,0.0000000000,2440.0000000000,0.4375595917,1.0177154602
137,136.9233600000,10.3483917340,139.3849376594,5.4620644924,100000,0.0000000000,23.0099873178,14.7054691042,136.9233600000,23.0099873178,1.0000000000,2389.0000000000,0.4407738745,1.0179777772
138,137.8551800000,10.3824363914,140.2937442196,5.4827178095,100000,0.0000000000,23.1756174018,14.8123391559,137.8551800000,23.1756174018,0.0000000000,2440.0000000000,0.4436477732,1.0176893187
139,138.8473600000,10.4218567701,141.2842810118,5.4983871694,100000,0.0000000000,23.3414412837,14.9197760893,138.8473600000,23.3414412837,1.0000000000,2389.0000000000,0.4467801256,1.0175510792
140,139.8502600000,10.4583386581,142.3362655753,5.5202728657,100000,0.0000000000,23.5073094341,15.0274685249,139.8502600000,23.5073094341,0.0000000000,2440.0000000000,0.4501067929,1.0177761956
141,140.7991200000,10.4961957705,143.1841118533,5.5343467861,100000,0.0000000000,23.6729265344,15.1345377185,140.7991200000,23.6729265344,1.0000000000,2389.0000000000,0.4527879182,1.0169389685
142,141.7866000000,10.5311238630,144.2650038659,5.5571602624,100000,0.0000000000,23.8386254800,15.2418170491,141.7866000000,23.8386254800,0.0000000000,2340.0000000000,0.4562059989,1.0174798173
143,142.7584000000,10.5677992361,145.4538041766,5.5749456774,100000,0.0000000000,24.0042847145,15.3497712382,142.7584000000,24.0042847145,1.0000000000,2389.0000000000,0.4599653155,1.0188808797
144,143.8158800000,10.6050847103,146.4898145941,5.5989336742,100000,0.0000000000,24.1699759677,15.4578794642,143.8158800000,24.1699759677,0.0000000000,2340.0000000000,0.4632414681,1.0185927632
145,144.7723200000,10.6430082579,147.2718433436,5.6123698401,100000,0.0000000000,24.3358422331,15.5655184407,144.7723200000,24.3358422331,1.0000000000,2293.0000000000,0.4657144602,1.0172652020
146,145.7020600000,10.6770356439,148.1655997584,5.6305390380,100000,0.0000000000,24.5015368994,15.6726236602,145.7020600000,24.5015368994,0.0000000000,2340.0000000000,0.4685407661,1.0169080640
147,146.6647600000,10.7130519013,149.2279982247,5.6475905447,100000,0.0000000000,24.6671233492,15.7798468551,146.6647600000,24.6671233492,1.0000000000,2293.0000000000,0.4719003651,1.0174768515
148,147.6851000000,10.7486470477,150.2568957419,5.6702457305,100000,0.0000000000,24.8329137381,15.8871046665,147.6851000000,24.8329137381,0.0000000000,2210.0000000000,0.4751540247,1.0174140502
149,148.6149200000,10.7848004122,151.1561143765,5.6835728260,100000,0.0000000000,24.9985641600,15.9940963692,148.6149200000,24.9985641600,1.0000000000,2257.0000000000,0.4779976037,1.0170991875
150,149.5922800000,10.8184553447,152.1181209600,5.7055502763,100000,0.0000000000,25.1642001632,16.1008880518,149.5922800000,25.1642001632,0.0000000000,2176.0000000000,0.4810397356,1.0168848350
151,150.5982400000,10.8589453633,152.9794334834,5.7167775536,100000,0.0000000000,25.3298207557,16.2070868890,150.5982400000,25.3298207557,1.0000000000,2129.0000000000,0.4837634450,1.0158115625
152,151.6226600000,10.8941611155,153.8823058526,5.7393304131,100000,0.0000000000,25.4955915665,16.3131608700,151.6226600000,25.4955915665,0.0000000000,2210.0000000000,0.4866185781,1.0149030881
153,152.6534000000,10.9328629085,154.8172570111,5.7555111522,100000,0.0000000000,25.6616334643,16.4192754602,152.6534000000,25.6616334643,1.0000000000,2293.0000000000,0.4895751533,1.0141749677
154,153.6868000000,10.9688987931,155.7855605175,5.7766823755,100000,0.0000000000,25.8279928433,16.5250595584,153.6868000000,25.8279928433,0.0000000000,2378.0000000000,0.4926371978,1.0136560883
155,154.7624400000,11.0099743968,156.7820475860,5.7916235878,100000,0.0000000000,25.9945773652,16.6308686685,154.7624400000,25.9945773652,1.0000000000,2425.0000000000,0.4957883666,1.0130497270
156,155.7832800000,11.0432569520,157.9082774032,5.8163352630,100000,0.0000000000,26.1611604536,16.7371599784,155.7832800000,26.1611604536,0.0000000000,2474.0000000000,0.4993498180,1.0136407283
157,156.7786800000,11.0809356733,158.9324650833,5.8302268056,100000,0.0000000000,26.3278696026,16.8434458182,156.7786800000,26.3278696026,1.0000000000,2389.0000000000,0.5025885838,1.0137377422
158,157.6942400000,11.1103466537,159.8556234570,5.8527290415,100000,0.0000000000,26.4943086057,16.9494954605,157.6942400000,26.4943086057,0.0000000000,2340.0000000000,0.5055078669,1.0137061662
159,158.5927200000,11.1425629439,160.8796664685,5.8682204323,100000,0.0000000000,26.6603393992,17.0551368876,158.5927200000,26.6603393992,1.0000000000,2257.0000000000,0.5087461752,1.0144202487
160,159.6505800000,11.1770497894,162.0014771095,5.8927190672,100000,0.0000000000,26.8265811412,17.1609904717,159.6505800000,26.8265811412,0.0000000000,2176.0000000000,0.5122936520,1.0147252651
161,160.5946400000,11.2130751606,162.8727085895,5.9043700293,100000,0.0000000000,26.9927139247,17.2664754100,160.5946400000,26.9927139247,1.0000000000,2129.0000000000,0.5150487278,1.0141852094
162,161.6016400000,11.2479595558,163.8169225364,5.9232631067,100000,0.0000000000,27.1588654447,17.3717291682,161.6016400000,27.1588654447,0.0000000000,2210.0000000000,0.5180345945,1.0137082924
163,162.5764400000,11.2842226374,164.7808468146,5.9365612495,100000,0.0000000000,27.3249169066,17.4767976857,162.5764400000,27.3249169066,1.0000000000,2129.0000000000,0.5210827907,1.0135592021
164,163.6567000000,11.3194355982,165.8136593442,5.9604595240,100000,0.0000000000,27.4912934200,17.5821353967,163.6567000000,27.4912934200,0.0000000000,2084.0000000000,0.5243488307,1.0131797803
165,164.6770000000,11.3565059405,166.8112892792,5.9755144401,100000,0.0000000000,27.6577761576,17.6877603136,164.6770000000,27.6577761576,1.0000000000,2165.0000000000,0.5275036136,1.0129604576
166,165.5920800000,11.3852315414,167.8743901888,5.9973813242,100000,0.0000000000,27.8239119588,17.7938060294,165.5920800000,27.8239119588,0.0000000000,2098.0000000000,0.5308654338,1.0137827255
167,166.5843600000,11.4207243441,168.8966909190,6.0126047147,100000,0.0000000000,27.9901846081,17.8998268273,166.5843600000,27.9901846081,1.0000000000,2153.0000000000,0.5340982326,1.0138808404
168,167.5384200000,11.4535658384,169.8042115611,6.0294485308,100000,0.0000000000,28.1564480992,18.0054226732,167.5384200000,28.1564480992,0.0000000000,2228.0000000000,0.5369680648,1.0135240118
169,168.6040000000,11.4918896104,170.8473676239,6.0448716432,100000,0.0000000000,28.3228553495,18.1109483056,168.6040000000,28.3228553495,1.0000000000,2305.0000000000,0.5402668139,1.0133055421
170,169.6382200000,11.5249132630,171.9326601761,6.0675031340,100000,0.0000000000,28.4893922020,18.2164083117,169.6382200000,28.4893922020,0.0000000000,2384.0000000000,0.5436988103,1.0135254908
171,170.6619200000,11.5617469303,172.9527489863,6.0817701305,100000,0.0000000000,28.6559275723,18.3215728183,170.6619200000,28.6559275723,1.0000000000,2441.0000000000,0.5469246144,1.0134231994
172,171.7123800000,11.5947616814,174.0206126720,6.1052339474,100000,0.0000000000,28.8226304360,18.4270400110,171.7123800000,28.8226304360,0.0000000000,2362.0000000000,0.5503014959,1.0134424360
173,172.8071600000,11.6336802491,175.1775504245,6.1208368595,100000,0.0000000000,28.9895508918,18.5330023345,172.8071600000,28.9895508918,1.0000000000,2421.0000000000,0.5539600543,1.0137169688
174,173.8325600000,11.6662265761,176.1864688444,6.1426148728,100000,0.0000000000,29.1567071817,18.6389893799,173.8325600000,29.1567071817,0.0000000000,2482.0000000000,0.5571505345,1.0135412425
175,174.8548800000,11.7027265061,177.1839019217,6.1563846796,100000,0.0000000000,29.3239629436,18.7453763163,174.8548800000,29.3239629436,1.0000000000,2545.0000000000,0.5603046948,1.0133197422
176,175.7994200000,11.7338394499,178.1345113325,6.1738506432,100000,0.0000000000,29.4911101657,18.8518697430,175.7994200000,29.4911101657,0.0000000000,2610.0000000000,0.5633107857,1.0132827021
177,176.8596400000,11.7695305443,179.2106085562,6.1917518334,100000,0.0000000000,29.6585712549,18.9583671412,176.8596400000,29.6585712549,1.0000000000,2677.0000000000,0.5667137039,1.0132928494
178,177.8237200000,11.7996718385,180.2002496262,6.2122028705,100000,0.0000000000,29.8259219044,19.0648759939,177.8237200000,29.8259219044,0.0000000000,2756.0000000000,0.5698432237,1.0133645254
179,178.7325600000,11.8290029777,181.2645584659,6.2295464163,100000,0.0000000000,29.9929873543,19.1716483771,178.7325600000,29.9929873543,1.0000000000,2689.0000000000,0.5732088638,1.0141664085
180,179.7895200000,11.8614875451,182.4127544284,6.2525701290,100000,0.0000000000,30.1602420750,19.2789065428,179.7895200000,30.1602420750,0.0000000000,2756.0000000000,0.5768397783,1.0145905859
181,180.7504400000,11.8955750488,183.2775494157,6.2646415906,100000,0.0000000000,30.3273573928,19.3855271666,180.7504400000,30.3273573928,1.0000000000,2689.0000000000,0.5795745001,1.0139812075
182,181.7068200000,11.9274361866,184.0417828796,6.2803730793,100000,0.0000000000,30.4941989740,19.4916832549,181.7068200000,30.4941989740,0.0000000000,2610.0000000000,0.5819912185,1.0128501664
183,182.5670800000,11.9586503832,184.7699155714,6.2894960858,100000,0.0000000000,30.6607679685,19.5971551090,182.5670800000,30.6607679685,1.0000000000,2677.0000000000,0.5842937763,1.0120658969
184,183.6539400000,11.9930076229,185.9785965171,6.3104443708,100000,0.0000000000,30.8274559188,19.7029736852,183.6539400000,30.8274559188,0.0000000000,2746.0000000000,0.5881159610,1.0126578091
185,184.5902800000,12.0265190182,186.7929753752,6.3208480684,100000,0.0000000000,30.9938827691,19.8086453935,184.5902800000,30.9938827691,1.0000000000,2825.0000000000,0.5906912531,1.0119328893
186,185.5360000000,12.0549922458,187.7443723364,6.3413848608,100000,0.0000000000,31.1600841711,19.9142739939,185.5360000000,31.1600841711,0.0000000000,2896.0000000000,0.5936998345,1.0119026622
187,186.5230800000,12.0872406027,188.9551017234,6.3578058017,100000,0.0000000000,31.3261727829,20.0199817094,186.5230800000,31.3261727829,1.0000000000,2969.0000000000,0.5975284970,1.0130387174
188,187.4855000000,12.1161265803,190.1004020242,6.3784776153,100000,0.0000000000,31.4919680518,20.1260674572,187.4855000000,31.4919680518,0.0000000000,3050.0000000000,0.6011502545,1.0139472227
189,188.4214000000,12.1480220746,191.1972906242,6.3911626232,100000,0.0000000000,31.6575116942,20.2321504442,188.4214000000,31.6575116942,1.0000000000,3125.0000000000,0.6046189208,1.0147323532
190,189.4239800000,12.1782834118,192.2194712327,6.4119726404,100000,0.0000000000,31.8230130090,20.3383756215,189.4239800000,31.8230130090,0.0000000000,3208.0000000000,0.6078513397,1.0147578529
191,190.3530400000,12.2095161443,193.2344888542,6.4250101573,100000,0.0000000000,31.9884217074,20.4443235254,190.3530400000,31.9884217074,1.0000000000,3125.0000000000,0.6110611073,1.0151373934
192,191.2747000000,12.2368644817,194.1113704550,6.4446759155,100000,0.0000000000,32.1535749652,20.5501161487,191.2747000000,32.1535749652,0.0000000000,3208.0000000000,0.6138340504,1.0148303485
193,192.1953600000,12.2688104522,194.9618380978,6.4553582463,100000,0.0000000000,32.3184908747,20.6557406837,192.1953600000,32.3184908747,1.0000000000,3125.0000000000,0.6165234652,1.0143940941
194,193.2144200000,12.2996363675,195.9983706669,6.4755976734,100000,0.0000000000,32.4835224347,20.7611553466,193.2144200000,32.4835224347,0.0000000000,3050.0000000000,0.6198012690,1.0144086071
195,194.2135600000,12.3326163029,197.0567757580,6.4900027062,100000,0.0000000000,32.6486745393,20.8667585095,194.2135600000,32.6486745393,1.0000000000,3125.0000000000,0.6231482398,1.0146396357
196,195.1770200000,12.3622725181,197.9920154550,6.5077828934,100000,0.0000000000,32.8137223716,20.9722160180,195.1770200000,32.8137223716,0.0000000000,3044.0000000000,0.6261057274,1.0144227812
197,196.1784400000,12.3970672197,198.9001866243,6.5185247066,100000,0.0000000000,32.9786829068,21.0776288316,196.1784400000,32.9786829068,1.0000000000,3121.0000000000,0.6289776168,1.0138738315
198,197.0971200000,12.4252757908,199.9250381711,6.5352613967,100000,0.0000000000,33.1434696609,21.1830875849,197.0971200000,33.1434696609,0.0000000000,3200.0000000000,0.6322184819,1.0143478412
199,198.2171600000,12.4625335626,200.9865594549,6.5499936794,100000,0.0000000000,33.3086187015,21.2888298589,198.2171600000,33.3086187015,1.0000000000,3121.0000000000,0.6355753070,1.0139715424
200,199.3600000000,12.4971863971,202.0594217551,6.5711743362,100000,0.0000000000,33.4741690349,21.3948326615,199.3600000000,33.4741690349,0.0000000000,3202.0000000000,0.6389679954,1.0135404382
201,200.2889200000,12.5278514631,202.9686544401,6.5834533277,100000,0.0000000000,33.6394610911,21.5004926533,200.2889200000,33.6394610911,1.0000000000,3281.0000000000,0.6418432417,1.0133793444
202,201.3371000000,12.5583073720,204.0156530357,6.6049993149,100000,0.0000000000,33.8047236968,21.6062292283,201.3371000000,33.8047236968,0.0000000000,3202.0000000000,0.6451541419,1.0133038225
203,202.3878800000,12.5915774818,205.2592071238,6.6211824109,100000,0.0000000000,33.9701793993,21.7126429905,202.3878800000,33.9701793993,1.0000000000,3125.0000000000,0.6490866052,1.0141872484
204,203.3025200000,12.6181894993,206.2374784603,6.6395642749,100000,0.0000000000,34.1355898237,21.8192027187,203.3025200000,34.1355898237,0.0000000000,3202.0000000000,0.6521801708,1.0144364096
205,204.3809200000,12.6526280051,207.3703938848,6.6552178451,100000,0.0000000000,34.3011106551,21.9260038083,204.3809200000,34.3011106551,1.0000000000,3121.0000000000,0.6557627640,1.0146269715
206,205.3441600000,12.6812276739,208.1285926390,6.6731270543,100000,0.0000000000,34.4665150986,22.0325950788,205.3441600000,34.4665150986,0.0000000000,3044.0000000000,0.6581603989,1.0135598336
207,206.4109200000,12.7149456634,209.2407161734,6.6888770938,100000,0.0000000000,34.6320167904,22.1397377341,206.4109200000,34.6320167904,1.0000000000,3121.0000000000,0.6616772424,1.0137095274
208,207.3721600000,12.7416327802,210.2486262902,6.7099146116,100000,0.0000000000,34.7973803741,22.2472553830,207.3721600000,34.7973803741,0.0000000000,3042.0000000000,0.6648645340,1.0138710340
209,208.2002400000,12.7690700355,211.0721137051,6.7194561111,100000,0.0000000000,34.9623100798,22.3545539522,208.2002400000,34.9623100798,1.0000000000,3121.0000000000,0.6674686299,1.0137938059
210,209.2531000000,12.8002652599,212.0642620066,6.7384203843,100000,0.0000000000,35.1274298394,22.4618158094,209.2531000000,35.1274298394,0.0000000000,3042.0000000000,0.6706060783,1.0134342670
211,210.3310800000,12.8334346395,213.1756674342,6.7552968369,100000,0.0000000000,35.2928941287,22.5695591846,210.3310800000,35.2928941287,1.0000000000,3077.0000000000,0.6741206508,1.0135243324
212,211.3533400000,12.8631955181,214.1184106770,6.7743295656,100000,0.0000000000,35.4583794979,22.6772848779,211.3533400000,35.4583794979,0.0000000000,2986.0000000000,0.6771018667,1.0130826921
213,212.3998800000,12.8956223820,215.3136428933,6.7899045192,100000,0.0000000000,35.6240257236,22.7853479105,212.3998800000,35.6240257236,1.0000000000,2989.0000000000,0.6808815229,1.0137182888
214,213.4534400000,12.9253429793,216.5383313692,6.8109433169,100000,0.0000000000,35.7899295113,22.8939449475,213.4534400000,35.7899295113,0.0000000000,2986.0000000000,0.6847543279,1.0144522917
215,214.5268800000,12.9590978861,217.6898560739,6.8255887643,100000,0.0000000000,35.9561415561,23.0029946667,214.5268800000,35.9561415561,1.0000000000,3077.0000000000,0.6883957687,1.0147439616
216,215.7245000000,12.9938673143,218.9007001810,6.8471827944,100000,0.0000000000,36.1226935739,23.1124325933,215.7245000000,36.1226935739,0.0000000000,3140.0000000000,0.6922247940,1.0147234096
217,216.7745600000,13.0262668752,220.0292803624,6.8622832421,100000,0.0000000000,36.2894794874,23.2223443489,216.7745600000,36.2894794874,1.0000000000,3077.0000000000,0.6957936779,1.0150143096
218,217.7118800000,13.0539564675,221.0414321951,6.8779430460,100000,0.0000000000,36.4559667046,23.3322339392,217.7118800000,36.4559667046,0.0000000000,3170.0000000000,0.6989943830,1.0152933877
219,218.7325200000,13.0858619410,221.9960723401,6.8914974614,100000,0.0000000000,36.6225768702,23.4419335349,218.7325200000,36.6225768702,1.0000000000,3077.0000000000,0.7020132202,1.0149202887
220,219.8412600000,13.1162643941,223.1684249208,6.9141064747,100000,0.0000000000,36.7892682238,23.5519035546,219.8412600000,36.7892682238,0.0000000000,3140.0000000000,0.7057205246,1.0151343971
221,220.8667600000,13.1465713404,224.2318286219,6.9306869784,100000,0.0000000000,36.9561536215,23.6620014258,220.8667600000,36.9561536215,1.0000000000,3233.0000000000,0.7090833023,1.0152357404
222,221.8591000000,13.1759422348,225.0281623868,6.9464844508,100000,0.0000000000,37.1229450807,23.7717073662,221.8591000000,37.1229450807,0.0000000000,3328.0000000000,0.7116015308,1.0142841217
223,222.7494800000,13.2029788697,226.0066971568,6.9592261759,100000,0.0000000000,37.2896424729,23.8810764798,222.7494800000,37.2896424729,1.0000000000,3393.0000000000,0.7146959295,1.0146227823
224,223.8308600000,13.2341164966,227.1230999957,6.9777518266,100000,0.0000000000,37.4565045800,23.9903888880,223.8308600000,37.4565045800,0.0000000000,3460.0000000000,0.7182263052,1.0147086063
225,224.8233600000,13.2642811498,228.0447959466,6.9915810500,100000,0.0000000000,37.6233130848,24.0996117698,224.8233600000,37.6233130848,1.0000000000,3365.0000000000,0.7211409637,1.0143287421
226,225.8425400000,13.2935056822,229.0135858991,7.0089404818,100000,0.0000000000,37.7900863824,24.2088133698,225.8425400000,37.7900863824,0.0000000000,3298.0000000000,0.7242045466,1.0140409592
227,226.7990800000,13.3253924408,229.6766456372,7.0166228556,100000,0.0000000000,37.9568229159,24.3174427983,226.7990800000,37.9568229159,1.0000000000,3365.0000000000,0.7263013256,1.0126877306
228,227.9037600000,13.3553312623,230.8944606045,7.0383866671,100000,0.0000000000,38.1237510852,24.4265146557,227.9037600000,38.1237510852,0.0000000000,3272.0000000000,0.7301523946,1.0131226471
229,228.9459200000,13.3862534940,231.9685205267,7.0536612759,100000,0.0000000000,38.2907941391,24.5356904375,228.9459200000,38.2907941391,1.0000000000,3181.0000000000,0.7335488703,1.0132022467
230,229.9574200000,13.4155104710,233.0968589813,7.0697594586,100000,0.0000000000,38.4578227676,24.6452287758,229.9574200000,38.4578227676,0.0000000000,3250.0000000000,0.7371169898,1.0136522622
231,230.8832400000,13.4442244814,234.0537356401,7.0806827420,100000,0.0000000000,38.6248650736,24.7547643680,230.8832400000,38.6248650736,1.0000000000,3341.0000000000,0.7401428995,1.0137320303
232,231.8659000000,13.4715539043,235.0039941303,7.0981078750,100000,0.0000000000,38.7919004539,24.8643641784,231.8659000000,38.7919004539,0.0000000000,3434.0000000000,0.7431478807,1.0135340907
233,232.8401600000,13.5000041952,236.2129000101,7.1126680457,100000,0.0000000000,38.9588127402,24.9742838586,232.8401600000,38.9588127402,1.0000000000,3505.0000000000,0.7469707767,1.0144852160
234,233.9712800000,13.5307139682,237.3822808365,7.1337969911,100000,0.0000000000,39.1259950617,25.0844965590,233.9712800000,39.1259950617,0.0000000000,3600.0000000000,0.7506686836,1.0145787160
235,234.8107200000,13.5562564603,238.3388794408,7.1441326124,100000,0.0000000000,39.2927822716,25.1948200154,234.8107200000,39.2927822716,1.0000000000,3529.0000000000,0.7536937140,1.0150255467
236,235.8292400000,13.5853891887,239.3801955907,7.1600587002,100000,0.0000000000,39.4596310264,25.3053414266,235.8292400000,39.4596310264,0.0000000000,3626.0000000000,0.7569866448,1.0150573169
237,236.8087200000,13.6150732227,240.3811823999,7.1720639387,100000,0.0000000000,39.6264731827,25.4159107016,236.8087200000,39.6264731827,1.0000000000,3697.0000000000,0.7601520430,1.0150858566
238,237.6698200000,13.6385189479,241.2879368331,7.1875323239,100000,0.0000000000,39.7929352291,25.5263511433,237.6698200000,39.7929352291,0.0000000000,3770.0000000000,0.7630194523,1.0152232910
239,238.6820400000,13.6697184972,242.2475058725,7.1986690580,100000,0.0000000000,39.9594903250,25.6367906287,238.6820400000,39.9594903250,1.0000000000,3869.0000000000,0.7660538761,1.0149381406
240,239.7881000000,13.7004957596,243.3371584004,7.2169602978,100000,0.0000000000,40.1262990937,25.7473172514,239.7881000000,40.1262990937,0.0000000000,3796.0000000000,0.7694996599,1.0148008112
241,240.8279600000,13.7316347438,244.3218998007,7.2298110116,100000,0.0000000000,40.2933457052,25.8577020989,240.8279600000,40.2933457052,1.0000000000,3869.0000000000,0.7726136856,1.0145080322
242,241.8351400000,13.7585783514,245.3126101552,7.2482178326,100000,0.0000000000,40.4604653325,25.9681030271,241.8351400000,40.4604653325,0.0000000000,3944.0000000000,0.7757465869,1.0143795073
243,242.7832800000,13.7865669126,246.1444923463,7.2604306184,100000,0.0000000000,40.6274942986,26.0782773107,242.7832800000,40.6274942986,1.0000000000,4021.0000000000,0.7783772293,1.0138444968
244,243.6938400000,13.8100607212,247.2042725077,7.2784656953,100000,0.0000000000,40.7941423957,26.1884968218,243.6938400000,40.7941423957,0.0000000000,4122.0000000000,0.7817285484,1.0144050933
245,244.6574000000,13.8387417558,248.2285248420,7.2901732912,100000,0.0000000000,40.9605922685,26.2989126954,244.6574000000,40.9605922685,1.0000000000,4201.0000000000,0.7849675187,1.0145964309
246,245.5508400000,13.8625725709,249.0129563201,7.3061564257,100000,0.0000000000,41.1268618115,26.4091189482,245.5508400000,41.1268618115,0.0000000000,4282.0000000000,0.7874481089,1.0140993870
247,246.5565600000,13.8918847305,249.8734121129,7.3192963210,100000,0.0000000000,41.2929920620,26.5191203018,246.5565600000,41.2929920620,1.0000000000,4365.0000000000,0.7901691090,1.0134527028
248,247.5728000000,13.9189036474,250.9455758928,7.3373647351,100000,0.0000000000,41.4590940217,26.6293033823,247.5728000000,41.4590940217,0.0000000000,4282.0000000000,0.7935595886,1.0136233701
249,248.6020400000,13.9503903740,251.9110888148,7.3476968100,100000,0.0000000000,41.6252882368,26.7390835270,248.6020400000,41.6252882368,1.0000000000,4365.0000000000,0.7966128085,1.0133106262
250,249.4855800000,13.9748233962,252.6614149649,7.3613783388,100000,0.0000000000,41.7912117160,26.8487300225,249.4855800000,41.7912117160,0.0000000000,4468.0000000000,0.7989855481,1.0127295332
251,250.5225200000,14.0046201702,253.7861194251,7.3751700921,100000,0.0000000000,41.9572551430,26.9585735660,250.5225200000,41.9572551430,1.0000000000,4365.0000000000,0.8025421759,1.0130271699
252,251.5925800000,14.0345754531,254.8586016774,7.3907558376,100000,0.0000000000,42.1234858098,27.0686113246,251.5925800000,42.1234858098,0.0000000000,4450.0000000000,0.8059336626,1.0129813911
253,252.5110400000,14.0603254763,255.9316670483,7.4039372972,100000,0.0000000000,42.2894573445,27.1786587240,252.5110400000,42.2894573445,1.0000000000,4553.0000000000,0.8093269932,1.0135464455
254,253.4597200000,14.0828851117,257.1291543515,7.4250970991,100000,0.0000000000,42.4552722248,27.2892195754,253.4597200000,42.4552722248,0.0000000000,4658.0000000000,0.8131137806,1.0144773866
255,254.3538800000,14.1084654286,258.0146801423,7.4367387510,100000,0.0000000000,42.6209848206,27.3999114837,254.3538800000,42.6209848206,1.0000000000,4573.0000000000,0.8159140590,1.0143925469
256,255.3019000000,14.1335274451,258.8991855846,7.4528720611,100000,0.0000000000,42.7866805381,27.5105031030,255.3019000000,42.7866805381,0.0000000000,4468.0000000000,0.8187111108,1.0140903205
257,256.2801200000,14.1619967643,259.8537250316,7.4644469084,100000,0.0000000000,42.9522354173,27.6209519956,256.2801200000,42.9522354173,1.0000000000,4385.0000000000,0.8217296296,1.0139441367
258,257.2526200000,14.1876743836,260.8102723881,7.4808098214,100000,0.0000000000,43.1177990409,27.7314136550,257.2526200000,43.1177990409,0.0000000000,4282.0000000000,0.8247544979,1.0138294117
259,258.3298400000,14.2176344495,261.9702154169,7.4959129303,100000,0.0000000000,43.2834918926,27.8421907843,258.3298400000,43.2834918926,1.0000000000,4201.0000000000,0.8284225598,1.0140919664
260,259.3371200000,14.2451749862,262.9183950014,7.5107995322,100000,0.0000000000,43.4492367763,27.9529432700,259.3371200000,43.4492367763,0.0000000000,4282.0000000000,0.8314209670,1.0138093421
261,260.3495200000,14.2746466802,263.9126199252,7.5222325247,100000,0.0000000000,43.6150569244,28.0637103971,260.3495200000,43.6150569244,1.0000000000,4385.0000000000,0.8345649822,1.0136858325
262,261.3152200000,14.3015569507,264.7186784425,7.5352961975,100000,0.0000000000,43.7807798476,28.1741268459,261.3152200000,43.7807798476,0.0000000000,4304.0000000000,0.8371139631,1.0130243407
263,262.2271200000,14.3279514132,265.5130570358,7.5456562539,100000,0.0000000000,43.9464575623,28.2841063256,262.2271200000,43.9464575623,1.0000000000,4409.0000000000,0.8396260087,1.0125308818
264,263.2093800000,14.3540664106,266.4954809373,7.5610949921,100000,0.0000000000,44.1122021659,28.3939864387,263.2093800000,44.1122021659,0.0000000000,4516.0000000000,0.8427327059,1.0124847410
265,264.1176400000,14.3786494912,267.6084479997,7.5744358741,100000,0.0000000000,44.2778512121,28.5039917329,264.1176400000,44.2778512121,1.0000000000,4597.0000000000,0.8462522168,1.0132168681
266,265.1680200000,14.4054901119,268.7215296348,7.5927514537,100000,0.0000000000,44.4436251719,28.6140817443,265.1680200000,44.4436251719,0.0000000000,4516.0000000000,0.8497720900,1.0134009736
267,266.2638800000,14.4370606241,269.7085091119,7.6049431645,100000,0.0000000000,44.6095630516,28.7240456931,266.2638800000,44.6095630516,1.0000000000,4625.0000000000,0.8528931931,1.0129368997
268,267.3697400000,14.4653446592,270.9984268817,7.6238798450,100000,0.0000000000,44.7756625113,28.8346931056,267.3697400000,44.7756625113,0.0000000000,4546.0000000000,0.8569722713,1.0135717934
269,268.2686800000,14.4897795031,271.9069477065,7.6364238981,100000,0.0000000000,44.9415880790,28.9452628426,268.2686800000,44.9415880790,1.0000000000,4437.0000000000,0.8598452664,1.0135620293
270,269.2183400000,14.5145511356,272.9229956007,7.6515452905,100000,0.0000000000,45.1073024910,29.0556715637,269.2183400000,45.1073024910,0.0000000000,4546.0000000000,0.8630582919,1.0137607847
271,270.0836000000,14.5382102335,273.8363199633,7.6631614368,100000,0.0000000000,45.2727595659,29.1656942363,270.0836000000,45.2727595659,1.0000000000,4657.0000000000,0.8659464772,1.0138946606
272,271.2285800000,14.5691189944,274.9307656687,7.6791504560,100000,0.0000000000,45.4384170645,29.2756699524,271.2285800000,45.4384170645,0.0000000000,4770.0000000000,0.8694074184,1.0136496886
273,272.1724000000,14.5962822205,275.8694210641,7.6890145883,100000,0.0000000000,45.6039203841,29.3854522629,272.1724000000,45.6039203841,1.0000000000,4849.0000000000,0.8723757074,1.0135833797
274,273.1248800000,14.6211708430,276.8334641711,7.7036512888,100000,0.0000000000,45.7693837908,29.4950519004,273.1248800000,45.7693837908,0.0000000000,4930.0000000000,0.8754242793,1.0135783462
275,274.0874000000,14.6472798435,277.8962594229,7.7165143159,100000,0.0000000000,45.9348024386,29.6045730884,274.0874000000,45.9348024386,1.0000000000,5045.0000000000,0.8787851330,1.0138965141
276,275.0227800000,14.6708997249,278.8486384422,7.7322364980,100000,0.0000000000,46.1000304831,29.7139489995,275.0227800000,46.1000304831,0.0000000000,4964.0000000000,0.8817968199,1.0139110602
277,275.9244000000,14.6952758583,279.8005401793,7.7442409213,100000,0.0000000000,46.2652405823,29.8231994838,275.9244000000,46.2652405823,1.0000000000,4885.0000000000,0.8848069975,1.0140478340
278,276.8568000000,14.7202351114,280.5748157867,7.7570276694,100000,0.0000000000,46.4303791555,29.9319675611,276.8568000000,46.4303791555,0.0000000000,4964.0000000000,0.8872554720,1.0134293822
279,277.7170000000,14.7445342933,281.4081272298,7.7663188495,100000,0.0000000000,46.5951622936,30.0404950488,277.7170000000,46.5951622936,1.0000000000,5081.0000000000,0.8898906341,1.0132909661
280,278.7225600000,14.7712065138,282.4113023005,7.7803610538,100000,0.0000000000,46.7600362440,30.1486313749,278.7225600000,46.7600362440,0.0000000000,4964.0000000000,0.8930629522,1.0132344590
281,279.5630800000,14.7940581653,283.2869822299,7.7909513541,100000,0.0000000000,46.9246619290,30.2567367232,279.5630800000,46.9246619290,1.0000000000,5045.0000000000,0.8958320953,1.0133204364
282,280.6217000000,14.8236392565,284.1253833242,7.8026546247,100000,0.0000000000,47.0894499457,30.3644692738,280.6217000000,47.0894499457,0.0000000000,4930.0000000000,0.8984833524,1.0124854326
283,281.7047600000,14.8530133609,285.3054370904,7.8161853932,100000,0.0000000000,47.2543761344,30.4721239233,281.7047600000,47.2543761344,1.0000000000,5045.0000000000,0.9022150100,1.0127817403
284,282.7021600000,14.8778529420,286.3238456212,7.8327295266,100000,0.0000000000,47.4193767899,30.5798561979,282.7021600000,47.4193767899,0.0000000000,5162.0000000000,0.9054355006,1.0128109584
285,283.7132000000,14.9064776827,287.2025423038,7.8428389692,100000,0.0000000000,47.5844799550,30.6873208047,283.7132000000,47.5844799550,1.0000000000,5045.0000000000,0.9082141835,1.0122988367
286,284.7843200000,14.9342791428,288.2139703105,7.8582203128,100000,0.0000000000,47.7498069699,30.7946858374,284.7843200000,47.7498069699,0.0000000000,4964.0000000000,0.9114125997,1.0120429745
287,285.8715600000,14.9633932367,289.2210170495,7.8720024672,100000,0.0000000000,47.9151730273,30.9020456762,285.8715600000,47.9151730273,1.0000000000,4849.0000000000,0.9145971611,1.0117166501
288,286.8742800000,14.9888424704,290.1099546629,7.8872607031,100000,0.0000000000,48.0805285669,31.0091535096,286.8742800000,48.0805285669,0.0000000000,4930.0000000000,0.9174082286,1.0112790685
289,287.8591600000,15.0182799088,290.9576993381,7.8936954958,100000,0.0000000000,48.2460367229,31.1158979512,287.8591600000,48.2460367229,1.0000000000,5045.0000000000,0.9200890327,1.0107640811
290,288.9099000000,15.0444584339,292.0324596376,7.9103837094,100000,0.0000000000,48.4117971096,31.2227046544,288.9099000000,48.4117971096,0.0000000000,5162.0000000000,0.9234877232,1.0108080742
291,289.9019200000,15.0740035104,292.8456455888,7.9168389001,100000,0.0000000000,48.5776381415,31.3293065608,289.9019200000,48.5776381415,1.0000000000,5245.0000000000,0.9260592429,1.0101542121
292,290.8187200000,15.0970129031,293.9101918913,7.9308840241,100000,0.0000000000,48.7431898228,31.4357658640,290.8187200000,48.7431898228,0.0000000000,5364.0000000000,0.9294256339,1.0106302369
293,291.8031200000,15.1224625665,294.9294436950,7.9444474901,100000,0.0000000000,48.9086432736,31.5422977506,291.8031200000,48.9086432736,1.0000000000,5281.0000000000,0.9326487911,1.0107138117
294,292.7645200000,15.1463619831,295.8523696528,7.9594119555,100000,0.0000000000,49.0740344650,31.6485343814,292.7645200000,49.0740344650,0.0000000000,5364.0000000000,0.9355673393,1.0105472127
295,293.5854800000,15.1686175726,296.7620462478,7.9685959199,100000,0.0000000000,49.2390597920,31.7545645920,293.5854800000,49.2390597920,1.0000000000,5485.0000000000,0.9384439892,1.0108199024
296,294.6131200000,15.1929239274,297.8866710745,7.9867504365,100000,0.0000000000,49.4041953413,31.8609416422,294.6131200000,49.4041953413,0.0000000000,5364.0000000000,0.9420003652,1.0111113554
297,295.7110800000,15.2267018195,298.6388292993,7.9911595967,100000,0.0000000000,49.5696091154,31.9669065878,295.7110800000,49.5696091154,1.0000000000,5245.0000000000,0.9443788984,1.0099007088
298,296.7752400000,15.2529589109,299.7032591797,8.0076516198,100000,0.0000000000,49.7350581506,32.0730238142,296.7752400000,49.7350581506,0.0000000000,5364.0000000000,0.9477449212,1.0098661168
299,297.8764400000,15.2832128016,300.8120790343,8.0187185049,100000,0.0000000000,49.9007629111,32.1793175496,297.8764400000,49.9007629111,1.0000000000,5449.0000000000,0.9512513174,1.0098552240
300,299.0453600000,15.3114807889,301.9086761630,8.0376561292,100000,0.0000000000,50.0667202631,32.2857102128,299.0453600000,50.0667202631,0.0000000000,5364.0000000000,0.9547190620,1.0095748557
301,300.0034800000,15.3374935159,302.9462353420,8.0476563451,100000,0.0000000000,50.2325573449,32.3921755089,300.0034800000,50.2325573449,1.0000000000,5485.0000000000,0.9580001123,1.0098090707
302,301.0785800000,15.3641981961,303.9963260061,8.0634976152,100000,0.0000000000,50.3985609204,32.4984919076,301.0785800000,50.3985609204,0.0000000000,5570.0000000000,0.9613207905,1.0096909784
303,302.1285200000,15.3918375228,304.9758698038,8.0758812319,100000,0.0000000000,50.5646455995,32.6047886878,302.1285200000,50.5646455995,1.0000000000,5485.0000000000,0.9644183800,1.0094243000
304,303.0293400000,15.4144511962,305.8229855638,8.0885124913,100000,0.0000000000,50.7305445110,32.7106455758,303.0293400000,50.7305445110,0.0000000000,5570.0000000000,0.9670971952,1.0092190597
305,303.8818800000,15.4375677785,306.6764239515,8.0971217778,100000,0.0000000000,50.8961754270,32.8161561695,303.8818800000,50.8961754270,1.0000000000,5485.0000000000,0.9697960044,1.0091961520
306,305.0193600000,15.4645569111,307.9522799805,8.1158388071,100000,0.0000000000,51.0620230071,32.9218858248,305.0193600000,51.0620230071,0.0000000000,5402.0000000000,0.9738306154,1.0096155207
307,306.0103600000,15.4893051080,309.1558159451,8.1296855580,100000,0.0000000000,51.2277567098,33.0278343840,306.0103600000,51.2277567098,1.0000000000,5321.0000000000,0.9776365303,1.0102789198
308,307.0033400000,15.5131260679,310.1361585963,8.1453213320,100000,0.0000000000,51.3934911863,33.1337388429,307.0033400000,51.3934911863,0.0000000000,5444.0000000000,0.9807366459,1.0102045098
309,307.9230000000,15.5364285309,311.1300007248,8.1573518070,100000,0.0000000000,51.5591379134,33.2397396923,307.9230000000,51.5591379134,1.0000000000,5321.0000000000,0.9838794507,1.0104149438
310,308.9828200000,15.5645543555,311.9877714668,8.1686882493,100000,0.0000000000,51.7249954934,33.3456998504,308.9828200000,51.7249954934,0.0000000000,5242.0000000000,0.9865919600,1.0097253027
311,310.1466400000,15.5937221332,313.2728039532,8.1842818887,100000,0.0000000000,51.8911839869,33.4520321718,310.1466400000,51.8911839869,1.0000000000,5121.0000000000,0.9906555895,1.0100796319
312,311.2522000000,15.6202045765,314.5003327107,8.2013053223,100000,0.0000000000,52.0575491866,33.5585752205,311.2522000000,52.0575491866,0.0000000000,5242.0000000000,0.9945373762,1.0104356940
313,312.2712400000,15.6468249175,315.5568567927,8.2126798307,100000,0.0000000000,52.2239432727,33.6651745257,312.2712400000,52.2239432727,1.0000000000,5365.0000000000,0.9978783987,1.0105216759
314,313.2263000000,15.6714559839,316.5524564244,8.2238535581,100000,0.0000000000,52.3903630587,33.7719015966,313.2263000000,52.3903630587,0.0000000000,5242.0000000000,1.0010267612,1.0106190203
315,314.1599600000,15.6941212387,317.6786163606,8.2373854191,100000,0.0000000000,52.5567360509,33.8787932400,314.1599600000,52.5567360509,1.0000000000,5365.0000000000,1.0045879916,1.0112002063
316,315.1201400000,15.7145297910,318.9673157651,8.2567362467,100000,0.0000000000,52.7229808110,33.9860947346,315.1201400000,52.7229808110,0.0000000000,5242.0000000000,1.0086632170,1.0122086001
317,316.0412400000,15.7400144505,319.6108433381,8.2639690886,100000,0.0000000000,52.8891516657,34.0929279786,316.0412400000,52.8891516657,1.0000000000,5365.0000000000,1.0106982298,1.0112947391
318,317.0253600000,15.7632992454,320.6281710594,8.2791157075,100000,0.0000000000,53.0554440176,34.1997302541,317.0253600000,53.0554440176,0.0000000000,5288.0000000000,1.0139153026,1.0113644254
319,317.9650800000,15.7862145892,321.7325791097,8.2921956649,100000,0.0000000000,53.2215693957,34.3066524458,317.9650800000,53.2215693957,1.0000000000,5165.0000000000,1.0174077475,1.0118487826
320,318.9403600000,15.8080688578,322.9740532660,8.3093512976,100000,0.0000000000,53.3877382238,34.4139231578,318.9403600000,53.3877382238,0.0000000000,5288.0000000000,1.0213336335,1.0126471710
321,319.9438000000,15.8342156734,323.9312373353,8.3199407455,100000,0.0000000000,53.5539699340,34.5209121014,319.9438000000,53.5539699340,1.0000000000,5213.0000000000,1.0243605153,1.0124629305
322,320.9198800000,15.8583809188,324.8462919917,8.3325647092,100000,0.0000000000,53.7203992466,34.6279240616,320.9198800000,53.7203992466,0.0000000000,5338.0000000000,1.0272541722,1.0122348668
323,322.0034000000,15.8862977712,326.1260989072,8.3443959112,100000,0.0000000000,53.8869677460,34.7352364101,322.0034000000,53.8869677460,1.0000000000,5465.0000000000,1.0313012770,1.0128032776
324,323.0313000000,15.9121383295,327.0712932379,8.3567430129,100000,0.0000000000,54.0536384888,34.8423494413,323.0313000000,54.0536384888,0.0000000000,5594.0000000000,1.0342902439,1.0125065071
325,324.0838800000,15.9391835953,328.2149221534,8.3681722207,100000,0.0000000000,54.2204334179,34.9495453829,324.0838800000,54.2204334179,1.0000000000,5669.0000000000,1.0379067161,1.0127468301
326,325.1865600000,15.9648735961,329.3038353791,8.3850683397,100000,0.0000000000,54.3873855753,35.0568204793,325.1865600000,54.3873855753,0.0000000000,5540.0000000000,1.0413501620,1.0126612717
327,326.1234800000,15.9882778688,330.2069325025,8.3963355573,100000,0.0000000000,54.5542114999,35.1638415078,326.1234800000,54.5542114999,1.0000000000,5465.0000000000,1.0442060059,1.0125211852
328,327.0459400000,16.0103963903,331.1775017261,8.4091109772,100000,0.0000000000,54.7208741647,35.2708162424,327.0459400000,54.7208741647,0.0000000000,5594.0000000000,1.0472752153,1.0126329705
329,328.0912800000,16.0385503549,332.1548258086,8.4176114495,100000,0.0000000000,54.8875521723,35.3777997058,328.0912800000,54.8875521723,1.0000000000,5465.0000000000,1.0503657854,1.0123854124
330,329.1135200000,16.0623067395,333.2571248649,8.4330197560,100000,0.0000000000,55.0542010734,35.4848675008,329.1135200000,55.0542010734,0.0000000000,5338.0000000000,1.0538515611,1.0125901995
331,330.1369200000,16.0864461709,334.3649743213,8.4476724363,100000,0.0000000000,55.2208175065,35.5918600964,330.1369200000,55.2208175065,1.0000000000,5265.0000000000,1.0573548886,1.0128069721
332,331.1956200000,16.1109316691,335.4997140577,8.4636576463,100000,0.0000000000,55.3874339301,35.6990718836,331.1956200000,55.3874339301,0.0000000000,5194.0000000000,1.0609432508,1.0129956249
333,332.1735200000,16.1350387953,336.4550230429,8.4754966269,100000,0.0000000000,55.5540126943,35.8062334935,332.1735200000,55.5540126943,1.0000000000,5069.0000000000,1.0639642030,1.0128893569
334,333.2374200000,16.1615407369,337.4569625178,8.4877571249,100000,0.0000000000,55.7205848747,35.9134483881,333.2374200000,55.7205848747,0.0000000000,5194.0000000000,1.0671326138,1.0126622710
335,334.2778000000,16.1868881455,338.5901404754,8.5007324488,100000,0.0000000000,55.8872403731,36.0208532173,334.2778000000,55.8872403731,1.0000000000,5069.0000000000,1.0707160372,1.0129004692
336,335.2943800000,16.2106287827,339.5155189095,8.5152741864,100000,0.0000000000,56.0538828596,36.1281686664,335.2943800000,56.0538828596,0.0000000000,5140.0000000000,1.0736423407,1.0125893518
337,336.3163200000,16.2361703553,340.4352143091,8.5266108270,100000,0.0000000000,56.2204064021,36.2352662563,336.3163200000,56.2204064021,1.0000000000,5069.0000000000,1.0765506729,1.0122470843
338,337.2464200000,16.2582162410,341.3974522418,8.5391348894,100000,0.0000000000,56.3867963565,36.3421885460,337.2464200000,56.3867963565,0.0000000000,5140.0000000000,1.0795935365,1.0123086028
339,338.0836400000,16.2783956660,342.2779889569,8.5497061085,100000,0.0000000000,56.5529831535,36.4490376243,338.0836400000,56.5529831535,1.0000000000,5265.0000000000,1.0823780380,1.0124062464
340,338.9444000000,16.2992834827,342.9557746833,8.5602428675,100000,0.0000000000,56.7190088013,36.5554476894,338.9444000000,56.7190088013,0.0000000000,5338.0000000000,1.0845213847,1.0118349047
341,339.9685600000,16.3251776365,343.9595680477,8.5707138056,100000,0.0000000000,56.8850792524,36.6618696988,339.9685600000,56.8850792524,1.0000000000,5265.0000000000,1.0876956580,1.0117393445
342,340.9179600000,16.3461925783,344.7997462723,8.5860321565,100000,0.0000000000,57.0510868077,36.7680836031,340.9179600000,57.0510868077,0.0000000000,5140.0000000000,1.0903525349,1.0113862768
343,341.8752400000,16.3703964824,345.7069180027,8.5956593121,100000,0.0000000000,57.2169657144,36.8744874689,341.8752400000,57.2169657144,1.0000000000,5213.0000000000,1.0932212638,1.0112078254
344,342.9669600000,16.3957748767,346.8532757642,8.6107796507,100000,0.0000000000,57.3830154302,36.9811996182,342.9669600000,57.3830154302,0.0000000000,5140.0000000000,1.0968463653,1.0113314582
345,343.9904800000,16.4202582702,347.9919131092,8.6235490571,100000,0.0000000000,57.5491574042,37.0879754093,343.9904800000,57.5491574042,1.0000000000,5213.0000000000,1.1004470527,1.0116323949
346,345.0705600000,16.4454214748,348.8512386409,8.6382100297,100000,0.0000000000,57.7153692754,37.1946777607,345.0705600000,57.7153692754,0.0000000000,5338.0000000000,1.1031644787,1.0109562480
347,346.0845600000,16.4711371779,349.7816654566,8.6479014833,100000,0.0000000000,57.8815973401,37.3010682938,346.0845600000,57.8815973401,1.0000000000,5413.0000000000,1.1061067466,1.0106826651
348,347.0531800000,16.4941016645,350.8579935699,8.6601264586,100000,0.0000000000,58.0477545905,37.4077098535,347.0531800000,58.0477545905,0.0000000000,5490.0000000000,1.1095103950,1.0109632004
349,347.9787200000,16.5166210471,351.9174237618,8.6706371846,100000,0.0000000000,58.2138121257,37.5146478016,347.9787200000,58.2138121257,1.0000000000,5413.0000000000,1.1128606074,1.0113188064
350,348.9620400000,16.5395735988,352.8344411747,8.6835790531,100000,0.0000000000,58.3798099261,37.6217159191,348.9620400000,58.3798099261,0.0000000000,5540.0000000000,1.1157604711,1.0110969124
351,349.8725600000,16.5616862874,353.7760709814,8.6938545720,100000,0.0000000000,58.5456812011,37.7288229644,349.8725600000,58.5456812011,1.0000000000,5617.0000000000,1.1187381660,1.0111569509
352,351.0289400000,16.5891982212,354.6875039841,8.7078954047,100000,0.0000000000,58.7118582407,37.8357814211,351.0289400000,58.7118582407,0.0000000000,5746.0000000000,1.1216203702,1.0104223999
353,352.0392400000,16.6121092954,355.9399104065,8.7222167341,100000,0.0000000000,58.8779848485,37.9430321008,352.0392400000,58.8779848485,1.0000000000,5877.0000000000,1.1255808270,1.0110802148
354,353.0264200000,16.6340856400,356.9546632585,8.7369110629,100000,0.0000000000,59.0441628799,38.0503459258,353.0264200000,59.0441628799,0.0000000000,5956.0000000000,1.1287897573,1.0111273351
355,353.9572000000,16.6570947652,357.9132819108,8.7463360318,100000,0.0000000000,59.2103554090,38.1576872241,353.9572000000,59.2103554090,1.0000000000,6089.0000000000,1.1318211757,1.0111767239
356,354.9640000000,16.6785148669,358.9645284760,8.7630555079,100000,0.0000000000,59.3764605160,38.2650185854,354.9640000000,59.3764605160,0.0000000000,6170.0000000000,1.1351455092,1.0112702372
357,355.9766400000,16.7033192027,360.0138065329,8.7735835104,100000,0.0000000000,59.5426553893,38.3724489326,355.9766400000,59.5426553893,1.0000000000,6305.0000000000,1.1384636178,1.0113410996
358,356.9569800000,16.7252989086,360.9833952819,8.7875682881,100000,0.0000000000,59.7088596342,38.4801456112,356.9569800000,59.7088596342,0.0000000000,6224.0000000000,1.1415297266,1.0112798334
359,357.9831200000,16.7485890968,362.1704189398,8.8015841339,100000,0.0000000000,59.8750845552,38.5878159843,357.9831200000,59.8750845552,1.0000000000,6305.0000000000,1.1452834250,1.0116969173
360,358.9282600000,16.7706700425,363.0648591827,8.8132222442,100000,0.0000000000,60.0412915297,38.6953483216,358.9282600000,60.0412915297,0.0000000000,6224.0000000000,1.1481118934,1.0115248634
361,359.7278000000,16.7899270337,363.9714704028,8.8219130693,100000,0.0000000000,60.2071897732,38.8026122613,359.7278000000,60.2071897732,1.0000000000,6361.0000000000,1.1509788498,1.0117968931
362,360.6907400000,16.8125095874,364.8701276321,8.8334739131,100000,0.0000000000,60.3731021515,38.9100359609,360.6907400000,60.3731021515,0.0000000000,6224.0000000000,1.1538206535,1.0115871775
363,361.6116400000,16.8366972671,365.5798302649,8.8395285584,100000,0.0000000000,60.5388212307,39.0171198682,361.6116400000,60.5388212307,1.0000000000,6361.0000000000,1.1560649303,1.0109736243
364,362.5380600000,16.8586271234,366.2545043702,8.8501272032,100000,0.0000000000,60.7043759773,39.1237118664,362.5380600000,60.7043759773,0.0000000000,6224.0000000000,1.1581984371,1.0102511840
365,363.5725600000,16.8850321014,367.1006159829,8.8582306888,100000,0.0000000000,60.8700207405,39.2299934104,363.5725600000,60.8700207405,1.0000000000,6089.0000000000,1.1608740770,1.0097038566
366,364.5996600000,16.9086844475,367.9989609332,8.8710794300,100000,0.0000000000,61.0358042385,39.3360877909,364.5996600000,61.0358042385,0.0000000000,5956.0000000000,1.1637148931,1.0093233793
367,365.4516000000,16.9312183926,368.7586634880,8.8761164785,100000,0.0000000000,61.2014820227,39.4418661693,365.4516000000,61.2014820227,1.0000000000,6089.0000000000,1.1661172835,1.0090492516
368,366.4041600000,16.9522674618,369.7206068570,8.8895887364,100000,0.0000000000,61.3671013295,39.5475777384,366.4041600000,61.3671013295,0.0000000000,6170.0000000000,1.1691592156,1.0090513352
369,367.3703600000,16.9749566037,370.7762138453,8.9006296576,100000,0.0000000000,61.5328036947,39.6533968677,367.3703600000,61.5328036947,1.0000000000,6037.0000000000,1.1724973380,1.0092708999
370,368.2640600000,16.9953115305,371.6279093829,8.9119832800,100000,0.0000000000,61.6983325839,39.7588773495,368.2640600000,61.6983325839,0.0000000000,6170.0000000000,1.1751906357,1.0091343407
371,369.3858400000,17.0220446633,372.5008841969,8.9238912745,100000,0.0000000000,61.8641353824,39.8643322355,369.3858400000,61.8641353824,1.0000000000,6089.0000000000,1.1779512245,1.0084330363
372,370.2658400000,17.0403906262,373.6607369916,8.9381724813,100000,0.0000000000,62.0298465270,39.9700946337,370.2658400000,62.0298465270,0.0000000000,6170.0000000000,1.1816190011,1.0091688096
373,371.2850800000,17.0646876225,374.7121989066,8.9488276522,100000,0.0000000000,62.1955589965,40.0760599708,371.2850800000,62.1955589965,1.0000000000,6089.0000000000,1.1849440156,1.0092304245
374,372.3567600000,17.0866901440,375.8368618461,8.9667039609,100000,0.0000000000,62.3614067068,40.1822311371,372.3567600000,62.3614067068,0.0000000000,6010.0000000000,1.1885005121,1.0093461492
375,373.4299200000,17.1131140649,376.8477767598,8.9761487845,100000,0.0000000000,62.5273272903,40.2884341094,373.4299200000,62.5273272903,1.0000000000,5877.0000000000,1.1916973057,1.0091526056
376,374.2779800000,17.1323287409,377.5952753506,8.9867286548,100000,0.0000000000,62.6930529872,40.3941605632,374.2779800000,62.6930529872,0.0000000000,5746.0000000000,1.1940611038,1.0088631860
377,375.2040000000,17.1560165769,378.3294644407,8.9930581680,100000,0.0000000000,62.8586829352,40.4994756649,375.2040000000,62.8586829352,1.0000000000,5669.0000000000,1.1963828136,1.0083300403
378,376.1202600000,17.1742411666,379.4282040881,9.0092008720,100000,0.0000000000,63.0242043574,40.6046513294,376.1202600000,63.0242043574,0.0000000000,5800.0000000000,1.1998573334,1.0087949107
379,377.1583200000,17.1971659050,380.6329808816,9.0230706988,100000,0.0000000000,63.1897840953,40.7100869455,377.1583200000,63.1897840953,1.0000000000,5933.0000000000,1.2036671722,1.0092127383
380,378.1279600000,17.2190646186,381.5945936020,9.0350303630,100000,0.0000000000,63.3553664757,40.8155151612,378.1279600000,63.3553664757,0.0000000000,6068.0000000000,1.2067080586,1.0091678849
381,379.1630000000,17.2432145293,382.6396069293,9.0462452265,100000,0.0000000000,63.5210611178,40.9209745611,379.1630000000,63.5210611178,1.0000000000,5933.0000000000,1.2100126809,1.0091691619
382,380.1291400000,17.2639880632,383.7260540579,9.0600141365,100000,0.0000000000,63.6867279281,41.0261769386,380.1291400000,63.6867279281,0.0000000000,6010.0000000000,1.2134483284,1.0094623476
383,381.0824400000,17.2862260406,384.7409361163,9.0702166056,100000,0.0000000000,63.8523346719,41.1313337716,381.0824400000,63.8523346719,1.0000000000,6145.0000000000,1.2166576672,1.0096002747
384,382.0335000000,17.3088646238,385.5827928185,9.0794661427,100000,0.0000000000,64.0179107766,41.2362882322,382.0335000000,64.0179107766,0.0000000000,6010.0000000000,1.2193198519,1.0092905277
385,382.8905600000,17.3311557739,386.3363597992,9.0841400001,100000,0.0000000000,64.1832884912,41.3412276388,382.8905600000,64.1832884912,1.0000000000,5933.0000000000,1.2217028399,1.0089994379
386,383.8872000000,17.3528581533,387.3680145755,9.0975553810,100000,0.0000000000,64.3486039430,41.4461466515,383.8872000000,64.3486039430,0.0000000000,6068.0000000000,1.2249652188,1.0090672848
387,384.9444800000,17.3773629713,388.3500158845,9.1088822675,100000,0.0000000000,64.5140747340,41.5513060385,384.9444800000,64.5140747340,1.0000000000,5933.0000000000,1.2280705796,1.0088468235
388,385.9863400000,17.3970246379,389.6677255476,9.1285198004,100000,0.0000000000,64.6796282558,41.6569288092,385.9863400000,64.6796282558,0.0000000000,6010.0000000000,1.2322375434,1.0095376058
389,386.9856800000,17.4205252998,390.6299373511,9.1384341262,100000,0.0000000000,64.8452566543,41.7625134111,386.9856800000,64.8452566543,1.0000000000,6089.0000000000,1.2352803243,1.0094170341
390,388.1176200000,17.4438762680,391.8344455067,9.1558069413,100000,0.0000000000,65.0110610118,41.8683084822,388.1176200000,65.0110610118,0.0000000000,6224.0000000000,1.2390893135,1.0095765441
391,389.0984400000,17.4671570800,392.7395249648,9.1649802805,100000,0.0000000000,65.1768224672,41.9740468869,389.0984400000,65.1768224672,1.0000000000,6089.0000000000,1.2419514261,1.0093577475
392,390.0652400000,17.4878616584,393.6448160255,9.1782315625,100000,0.0000000000,65.3427041026,42.0798189515,390.0652400000,65.3427041026,0.0000000000,6170.0000000000,1.2448142078,1.0091768649
393,391.1540800000,17.5129046471,394.5863185912,9.1897905754,100000,0.0000000000,65.5087001394,42.1855567475,391.1540800000,65.5087001394,1.0000000000,6089.0000000000,1.2477915003,1.0087746460
394,392.1044400000,17.5347289306,395.4141735096,9.1998761584,100000,0.0000000000,65.6745448546,42.2910181235,392.1044400000,65.6745448546,0.0000000000,5956.0000000000,1.2504094074,1.0084409488
395,393.1421200000,17.5587727553,396.2883614263,9.2104082065,100000,0.0000000000,65.8403480728,42.3963554650,393.1421200000,65.8403480728,1.0000000000,6089.0000000000,1.2531738323,1.0080028093
396,394.1462800000,17.5803214723,397.4680915522,9.2238049053,100000,0.0000000000,66.0061813861,42.5020008687,394.1462800000,66.0061813861,0.0000000000,6170.0000000000,1.2569044665,1.0084278648
397,395.1504000000,17.6020755061,398.5068841812,9.2367384870,100000,0.0000000000,66.1719938163,42.6077036144,395.1504000000,66.1719938163,1.0000000000,6089.0000000000,1.2601894173,1.0084941941
398,396.1924200000,17.6255942845,399.3769259917,9.2482888210,100000,0.0000000000,66.3379058951,42.7132614720,396.1924200000,66.3379058951,0.0000000000,6224.0000000000,1.2629407311,1.0080377762
399,397.2103200000,17.6481441890,400.4693337641,9.2603092110,100000,0.0000000000,66.5038381780,42.8189662258,397.2103200000,66.5038381780,1.0000000000,6305.0000000000,1.2663952277,1.0082047560
400,397.9939800000,17.6657808831,401.1437103131,9.2689894698,100000,0.0000000000,66.6694379622,42.9241816184,397.9939800000,66.6694379622,0.0000000000,6388.0000000000,1.2685277936,1.0079140150
401,399.1104800000,17.6930021825,401.9588149477,9.2772923728,100000,0.0000000000,66.8352570196,43.0292696741,399.1104800000,66.8352570196,1.0000000000,6253.0000000000,1.2711053808,1.0071367080
402,400.2701800000,17.7175774777,403.2698173714,9.2928805180,100000,0.0000000000,67.0013719343,43.1346089088,400.2701800000,67.0013719343,0.0000000000,6120.0000000000,1.2752511345,1.0074940316
403,401.3255200000,17.7421494246,404.1819605533,9.3027766713,100000,0.0000000000,67.1675241382,43.2397037397,401.3255200000,67.1675241382,1.0000000000,6037.0000000000,1.2781355845,1.0071175154
404,402.4488000000,17.7639363302,405.4966475059,9.3215538435,100000,0.0000000000,67.3338585612,43.3451878945,402.4488000000,67.3338585612,0.0000000000,6120.0000000000,1.2822929897,1.0075732553
405,403.4699200000,17.7887059138,406.4204199289,9.3290868744,100000,0.0000000000,67.5002391599,43.4504792071,403.4699200000,67.5002391599,1.0000000000,6205.0000000000,1.2852142146,1.0073128126
406,404.5005400000,17.8118060221,407.3990939358,9.3402412298,100000,0.0000000000,67.6667178730,43.5558034265,404.5005400000,67.6667178730,0.0000000000,6292.0000000000,1.2883090535,1.0071657604
407,405.6654800000,17.8388791324,408.5462345639,9.3509289004,100000,0.0000000000,67.8333216687,43.6613918998,405.6654800000,67.8333216687,1.0000000000,6425.0000000000,1.2919366307,1.0071013056
408,406.6641000000,17.8615429437,409.3509897034,9.3610567603,100000,0.0000000000,67.9997866419,43.7667895495,406.6641000000,67.9997866419,0.0000000000,6292.0000000000,1.2944814899,1.0066071475
409,407.6498000000,17.8848099269,410.3275111420,9.3692781940,100000,0.0000000000,68.1661748128,43.8720614621,407.6498000000,68.1661748128,1.0000000000,6425.0000000000,1.2975695218,1.0065686556
410,408.6275800000,17.9051737980,411.4311179570,9.3825546234,100000,0.0000000000,68.3325894830,43.9772696284,408.6275800000,68.3325894830,0.0000000000,6560.0000000000,1.3010594330,1.0068608633
411,409.6808000000,17.9284237567,412.3920048102,9.3942760020,100000,0.0000000000,68.4989553794,44.0824056543,409.6808000000,68.4989553794,1.0000000000,6425.0000000000,1.3040980240,1.0066178469
412,410.5488000000,17.9473453052,413.2444848495,9.4043392375,100000,0.0000000000,68.6651281167,44.1873542321,410.5488000000,68.6651281167,0.0000000000,6292.0000000000,1.3067938026,1.0065660522
413,411.3873200000,17.9642949285,414.1796847544,9.4165507339,100000,0.0000000000,68.8311540111,44.2923883217,411.3873200000,68.8311540111,1.0000000000,6381.0000000000,1.3097511644,1.0067876782
414,412.5030400000,17.9871985749,415.2728377233,9.4320584937,100000,0.0000000000,68.9973268688,44.3974694350,412.5030400000,68.9973268688,0.0000000000,6250.0000000000,1.3132080176,1.0067146117
415,413.3202800000,18.0051650441,416.2261904070,9.4410969562,100000,0.0000000000,69.1632637373,44.5023912062,413.3202800000,69.1632637373,1.0000000000,6161.0000000000,1.3162227835,1.0070306504
416,414.3973000000,18.0273743703,417.3471877858,9.4557428748,100000,0.0000000000,69.3292529472,44.6075169962,414.3973000000,69.3292529472,0.0000000000,6032.0000000000,1.3197676885,1.0071185015
417,415.4441600000,18.0504387325,418.3848813735,9.4670915050,100000,0.0000000000,69.4953579614,44.7128350429,415.4441600000,69.4953579614,1.0000000000,5945.0000000000,1.3230491637,1.0070784997
418,416.4952400000,18.0739104015,419.5476538575,9.4778163518,100000,0.0000000000,69.6614691320,44.8183873368,416.4952400000,69.6614691320,0.0000000000,6032.0000000000,1.3267261732,1.0073288085
419,417.3374000000,18.0949631972,420.2835502863,9.4820729216,100000,0.0000000000,69.8273229033,44.9234711559,417.3374000000,69.8273229033,1.0000000000,6161.0000000000,1.3290532820,1.0070593968
420,418.3497400000,18.1159563127,421.0820037498,9.4953602816,100000,0.0000000000,69.9932431310,45.0282254507,418.3497400000,69.9932431310,0.0000000000,6032.0000000000,1.3315782136,1.0065310516
421,419.2959600000,18.1363474327,421.9991773543,9.5062538257,100000,0.0000000000,70.1591487042,45.1330588320,419.2959600000,70.1591487042,1.0000000000,6161.0000000000,1.3344785712,1.0064470389
422,420.3472800000,18.1590034697,423.0789333879,9.5182914952,100000,0.0000000000,70.3251774052,45.2380669725,420.3472800000,70.3251774052,0.0000000000,6032.0000000000,1.3378930595,1.0064985633
423,421.3412000000,18.1814634281,424.0039332631,9.5276223483,100000,0.0000000000,70.4912220650,45.3430905904,421.3412000000,70.4912220650,1.0000000000,6161.0000000000,1.3408181660,1.0063196603
424,422.3083400000,18.1994709307,425.0507648816,9.5439822844,100000,0.0000000000,70.6572035965,45.4482024912,422.3083400000,70.6572035965,0.0000000000,6074.0000000000,1.3441285382,1.0064938923
425,423.3017600000,18.2198059798,426.0479456363,9.5572187408,100000,0.0000000000,70.8232562340,45.5531777570,423.3017600000,70.8232562340,1.0000000000,5989.0000000000,1.3472819006,1.0064875365
426,424.3124000000,18.2394318292,427.0977572480,9.5726446998,100000,0.0000000000,70.9893286259,45.6583161885,424.3124000000,70.9893286259,0.0000000000,6120.0000000000,1.3506016965,1.0065644022
427,425.1479200000,18.2581955088,428.0908081700,9.5805123433,100000,0.0000000000,71.1551515317,45.7632711300,425.1479200000,71.1551515317,1.0000000000,5989.0000000000,1.3537419992,1.0069220336
428,426.3450400000,18.2829380586,429.1929911676,9.5957915747,100000,0.0000000000,71.3211459050,45.8683005765,426.3450400000,71.3211459050,0.0000000000,5860.0000000000,1.3572274079,1.0066799210
429,427.4286000000,18.3056173109,430.3538666517,9.6090048842,100000,0.0000000000,71.4871661778,45.9733962560,427.4286000000,71.4871661778,1.0000000000,5989.0000000000,1.3608984185,1.0068438721
430,428.5036200000,18.3288633754,431.3006237033,9.6206230238,100000,0.0000000000,71.6532666647,46.0786396154,428.5036200000,71.6532666647,0.0000000000,6120.0000000000,1.3638923272,1.0065273747
431,429.6290800000,18.3519289954,432.4865777551,9.6351327001,100000,0.0000000000,71.8195218192,46.1841121413,429.6290800000,71.8195218192,1.0000000000,6253.0000000000,1.3676426432,1.0066510809
432,430.8156000000,18.3756582404,433.7641039052,9.6514653930,100000,0.0000000000,71.9859889148,46.2898677918,430.8156000000,71.9859889148,0.0000000000,6120.0000000000,1.3716825356,1.0068440045
433,431.6619200000,18.3944380243,434.6995209819,9.6595325855,100000,0.0000000000,72.1523030757,46.3955135443,431.6619200000,72.1523030757,1.0000000000,6037.0000000000,1.3746405841,1.0070369909
434,432.6154600000,18.4135126347,435.6578986877,9.6725390901,100000,0.0000000000,72.3186005519,46.5012049518,432.6154600000,72.3186005519,0.0000000000,6120.0000000000,1.3776712405,1.0070326629
435,433.6031600000,18.4359828443,436.7941357184,9.6807900796,100000,0.0000000000,72.4849471170,46.6070659613,433.6031600000,72.4849471170,1.0000000000,6253.0000000000,1.3812643375,1.0073592077
436,434.5022400000,18.4553447900,437.5107496679,9.6903296477,100000,0.0000000000,72.6512207014,46.7126225070,434.5022400000,72.6512207014,0.0000000000,6120.0000000000,1.3835304698,1.0069240372
437,435.6284000000,18.4829874254,438.2777698143,9.6957504006,100000,0.0000000000,72.8175472847,46.8181537089,435.6284000000,72.8175472847,1.0000000000,6037.0000000000,1.3859560004,1.0060817197
438,436.7235400000,18.5056915188,439.3524562921,9.7089093832,100000,0.0000000000,72.9839093412,46.9236527506,436.7235400000,72.9839093412,0.0000000000,6170.0000000000,1.3893544575,1.0060196350
439,437.7482400000,18.5275298646,440.5867078986,9.7200245431,100000,0.0000000000,73.1502484163,47.0292364955,437.7482400000,73.1502484163,1.0000000000,6253.0000000000,1.3932575038,1.0064842474
440,438.7036200000,18.5449246452,441.7404075686,9.7359842801,100000,0.0000000000,73.3165019496,47.1348446442,438.7036200000,73.3165019496,0.0000000000,6170.0000000000,1.3969058224,1.0069221849
441,439.7442000000,18.5667859996,442.8755618527,9.7477514147,100000,0.0000000000,73.4828201179,47.2404806556,439.7442000000,73.4828201179,1.0000000000,6305.0000000000,1.4004954955,1.0071208713
442,440.7121600000,18.5873030493,443.8194642286,9.7582952074,100000,0.0000000000,73.6491356112,47.3459534841,440.7121600000,73.6491356112,0.0000000000,6442.0000000000,1.4034803769,1.0070506433
443,441.5105600000,18.6034246371,444.7739263586,9.7684774541,100000,0.0000000000,73.8153309258,47.4512283496,441.5105600000,73.8153309258,1.0000000000,6525.0000000000,1.4064986511,1.0073913665
444,442.4390200000,18.6214049537,445.7502218299,9.7817328501,100000,0.0000000000,73.9815463200,47.5563670879,442.4390200000,73.9815463200,0.0000000000,6610.0000000000,1.4095859685,1.0074839733
445,443.3978400000,18.6429916611,446.7820409588,9.7896221544,100000,0.0000000000,74.1478038131,47.6614406379,443.3978400000,74.1478038131,1.0000000000,6525.0000000000,1.4128488671,1.0076324255
446,444.5306600000,18.6653881466,448.1957687886,9.8047919578,100000,0.0000000000,74.3140898020,47.7669470994,444.5306600000,74.3140898020,0.0000000000,6442.0000000000,1.4173194670,1.0082448954
447,445.5021600000,18.6868860045,449.2523680910,9.8133812447,100000,0.0000000000,74.4803758150,47.8722264877,445.5021600000,74.4803758150,1.0000000000,6305.0000000000,1.4206607274,1.0084179347
448,446.5387200000,18.7100948423,450.1748354815,9.8219687940,100000,0.0000000000,74.6467106234,47.9774909953,446.5387200000,74.6467106234,0.0000000000,6442.0000000000,1.4235778254,1.0081428896
449,447.5806800000,18.7319874976,451.4171365054,9.8332763813,100000,0.0000000000,74.8130179305,48.0828483217,447.5806800000,74.8130179305,1.0000000000,6305.0000000000,1.4275063262,1.0085715418
450,448.4820400000,18.7502672609,452.4152642401,9.8442631845,100000,0.0000000000,74.9793007535,48.1883071184,448.4820400000,74.9793007535,0.0000000000,6170.0000000000,1.4306626832,1.0087700819
451,449.4109600000,18.7691195272,453.5397428141,9.8555117662,100000,0.0000000000,75.1454122114,48.2939674454,449.4109600000,75.1454122114,1.0000000000,6037.0000000000,1.4342185967,1.0091870986
452,450.5504600000,18.7916426413,454.6277748596,9.8703914230,100000,0.0000000000,75.3117465503,48.3998233843,450.5504600000,75.3117465503,0.0000000000,5906.0000000000,1.4376592561,1.0090496298
453,451.7472800000,18.8178624891,455.8757693633,9.8810592216,100000,0.0000000000,75.4782689909,48.5058960801,451.7472800000,75.4782689909,1.0000000000,5989.0000000000,1.4416057613,1.0091389357
454,452.7723200000,18.8385887715,456.7935418127,9.8934267621,100000,0.0000000000,75.6448406819,48.6117731477,452.7723200000,75.6448406819,0.0000000000,5860.0000000000,1.4445080126,1.0088813331
455,453.6729600000,18.8567464872,457.8925801592,9.9043461126,100000,0.0000000000,75.8112732317,48.7178432863,453.6729600000,75.8112732317,1.0000000000,5945.0000000000,1.4479834770,1.0093010175
456,454.6373400000,18.8767496826,458.6898316703,9.9149211505,100000,0.0000000000,75.9776481617,48.8236666727,454.6373400000,75.9776481617,0.0000000000,5818.0000000000,1.4505046076,1.0089136798
457,455.7020000000,18.8999601730,459.7097031780,9.9243894250,100000,0.0000000000,76.1440804906,48.9293174772,455.7020000000,76.1440804906,1.0000000000,5693.0000000000,1.4537297245,1.0087945701
458,456.8046600000,18.9215246815,460.8836870212,9.9388411662,100000,0.0000000000,76.3107461148,49.0351302443,456.8046600000,76.3107461148,0.0000000000,5570.0000000000,1.4574421874,1.0089294777
459,457.7427600000,18.9429950932,461.6234761660,9.9451343329,100000,0.0000000000,76.4773416447,49.1406180427,457.7427600000,76.4773416447,1.0000000000,5485.0000000000,1.4597816061,1.0084779411
460,458.5613600000,18.9596534416,462.4527802868,9.9545417461,100000,0.0000000000,76.6436951477,49.2460157202,458.5613600000,76.6436951477,0.0000000000,5364.0000000000,1.4624040960,1.0084861496
461,459.5508000000,18.9794310127,463.6834699441,9.9665439563,100000,0.0000000000,76.8099100965,49.3516951862,459.5508000000,76.8099100965,1.0000000000,5245.0000000000,1.4662958784,1.0089928468
462,460.5492000000,18.9996281408,464.4954680289,9.9781426383,100000,0.0000000000,76.9760645675,49.4572319405,460.5492000000,76.9760645675,0.0000000000,5330.0000000000,1.4688636418,1.0085686134
463,461.4949600000,19.0200549849,465.3960001274,9.9866144599,100000,0.0000000000,77.1420923944,49.5628875260,461.4949600000,77.1420923944,1.0000000000,5417.0000000000,1.4717113743,1.0084530503
464,462.3775200000,19.0384555214,466.1759403044,9.9957356587,100000,0.0000000000,77.3079595068,49.6683171653,462.3775200000,77.3079595068,0.0000000000,5506.0000000000,1.4741777617,1.0082149762
465,463.3883600000,19.0591294558,467.3690494422,10.0068948424,100000,0.0000000000,77.4738815852,49.7737932518,463.3883600000,77.4738815852,1.0000000000,5417.0000000000,1.4779507041,1.0085903958
466,464.4730000000,19.0803183126,468.5820841976,10.0207012274,100000,0.0000000000,77.6399584936,49.8793640303,464.4730000000,77.6399584936,0.0000000000,5506.0000000000,1.4817866568,1.0088467665
467,465.4834400000,19.1025321989,469.4131787304,10.0287937256,100000,0.0000000000,77.8060564625,49.9847738541,465.4834400000,77.8060564625,1.0000000000,5389.0000000000,1.4844148085,1.0084422740
468,466.6176600000,19.1249060411,470.5787656664,10.0426903228,100000,0.0000000000,77.9723027841,50.0902327299,466.6176600000,77.9723027841,0.0000000000,5506.0000000000,1.4881007180,1.0084889750
469,467.5581200000,19.1455946926,471.4172764145,10.0500907393,100000,0.0000000000,78.1385886209,50.1956336864,467.5581200000,78.1385886209,1.0000000000,5625.0000000000,1.4907523218,1.0082538539
470,468.5244400000,19.1641478312,472.4978956172,10.0627967237,100000,0.0000000000,78.3047783818,50.3010884086,468.5244400000,78.3047783818,0.0000000000,5746.0000000000,1.4941695398,1.0084807862
471,469.3222400000,19.1808016238,473.2392333708,10.0707044971,100000,0.0000000000,78.4707056249,50.4064555154,469.3222400000,78.4707056249,1.0000000000,5837.0000000000,1.4965138556,1.0083460638
472,470.3860200000,19.2032572484,474.3675317605,10.0807207605,100000,0.0000000000,78.6367203316,50.5120107082,470.3860200000,78.6367203316,0.0000000000,5960.0000000000,1.5000818484,1.0084643497
473,471.4645200000,19.2237888210,475.6167720142,10.0950712412,100000,0.0000000000,78.8028059914,50.6179126740,471.4645200000,78.8028059914,1.0000000000,6085.0000000000,1.5040322929,1.0088071357
474,472.3357800000,19.2399013105,476.7303669075,10.1075208415,100000,0.0000000000,78.9687417075,50.7239457544,472.3357800000,78.9687417075,0.0000000000,5994.0000000000,1.5075537892,1.0093039467
475,473.2966400000,19.2601556910,477.7690119762,10.1164738303,100000,0.0000000000,79.1347610760,50.8299618800,473.2966400000,79.1347610760,1.0000000000,6121.0000000000,1.5108382733,1.0094494057
476,474.1354800000,19.2773726064,478.4624070971,10.1251363148,100000,0.0000000000,79.3006557545,50.9357151511,474.1354800000,79.3006557545,0.0000000000,6032.0000000000,1.5130309812,1.0091259298
477,475.2495600000,19.3033207336,479.3040268971,10.1307141238,100000,0.0000000000,79.4666803983,51.0413714630,475.2495600000,79.4666803983,1.0000000000,6161.0000000000,1.5156924167,1.0085312376
478,476.1650600000,19.3214076938,480.2958773873,10.1414133498,100000,0.0000000000,79.6325209833,51.1469907183,476.1650600000,79.6325209833,0.0000000000,6032.0000000000,1.5188289233,1.0086751795
479,477.2152000000,19.3428060361,481.3636151694,10.1523915729,100000,0.0000000000,79.7983823077,51.2526651410,477.2152000000,79.7983823077,1.0000000000,5945.0000000000,1.5222054067,1.0086929653
480,478.3733600000,19.3667563199,482.6101479686,10.1637645411,100000,0.0000000000,79.9643540726,51.3586523646,478.3733600000,79.9643540726,0.0000000000,5860.0000000000,1.5261472895,1.0088566553
481,479.3396000000,19.3891771860,483.2731019536,10.1685499483,100000,0.0000000000,80.1302910267,51.4642732800,479.3396000000,80.1302910267,1.0000000000,5777.0000000000,1.5282437341,1.0082060859
482,480.3040600000,19.4078425121,484.2569940719,10.1803589831,100000,0.0000000000,80.2962444460,51.5700443422,480.3040600000,80.2962444460,0.0000000000,5860.0000000000,1.5313550741,1.0082300659
483,481.1989600000,19.4275092149,485.0527454359,10.1867976177,100000,0.0000000000,80.4621293426,51.6756982165,481.1989600000,80.4621293426,1.0000000000,5945.0000000000,1.5338714609,1.0080087152
484,482.2209000000,19.4463486798,486.0644436730,10.2010010795,100000,0.0000000000,80.6280494531,51.7815727501,482.2209000000,80.6280494531,0.0000000000,5818.0000000000,1.5370707316,1.0079705041
485,482.9731200000,19.4631118336,486.6592134106,10.2059001443,100000,0.0000000000,80.7937690887,51.8869769916,482.9731200000,80.7937690887,1.0000000000,5945.0000000000,1.5389515587,1.0076320881
486,484.0941400000,19.4843200205,487.8982451061,10.2203431127,100000,0.0000000000,80.9596865354,51.9924177787,484.0941400000,80.9596865354,0.0000000000,6032.0000000000,1.5428697209,1.0078581928
487,485.3257600000,19.5080931930,489.3705388358,10.2352361954,100000,0.0000000000,81.1258424417,52.0983386358,485.3257600000,81.1258424417,1.0000000000,6121.0000000000,1.5475255225,1.0083341524
488,486.2016600000,19.5256496886,490.1466419892,10.2445431444,100000,0.0000000000,81.2919379782,52.2042278468,486.2016600000,81.2919379782,0.0000000000,5994.0000000000,1.5499797762,1.0081138801
489,487.0019600000,19.5423686956,490.8598809397,10.2517211123,100000,0.0000000000,81.4579146419,52.3099945783,487.0019600000,81.4579146419,1.0000000000,6121.0000000000,1.5522352358,1.0079217770
490,487.9153400000,19.5586843270,491.8885481821,10.2651452692,100000,0.0000000000,81.6237990385,52.4158320206,487.9153400000,81.6237990385,0.0000000000,5994.0000000000,1.5554881672,1.0081432328
491,488.9026400000,19.5803273222,492.6828131374,10.2719726418,100000,0.0000000000,81.7896340990,52.5215031347,488.9026400000,81.7896340990,1.0000000000,6085.0000000000,1.5579998535,1.0077319548
492,489.7723200000,19.5974224951,493.4704175144,10.2816998375,100000,0.0000000000,81.9553577437,52.6270629207,489.7723200000,81.9553577437,0.0000000000,5960.0000000000,1.5604904773,1.0075506462
493,490.8431600000,19.6189893621,494.6111006045,10.2926389429,100000,0.0000000000,82.1212557088,52.7327214380,490.8431600000,82.1212557088,1.0000000000,6085.0000000000,1.5640976339,1.0076764655
494,491.7633800000,19.6348499040,495.7164664311,10.3070873309,100000,0.0000000000,82.2870146193,52.8382048044,491.7633800000,82.2870146193,0.0000000000,5994.0000000000,1.5675931076,1.0080385946
495,492.8850000000,19.6577582235,496.8261465493,10.3178264003,100000,0.0000000000,82.4528862668,52.9436310198,492.8850000000,82.4528862668,1.0000000000,5869.0000000000,1.5711022242,1.0079960773
496,493.8305200000,19.6750953100,497.9174172456,10.3305926520,100000,0.0000000000,82.6187456770,53.0490185423,493.8305200000,82.6187456770,0.0000000000,5800.0000000000,1.5745531252,1.0082759106
497,494.7534000000,19.6954087862,498.6605142464,10.3365503311,100000,0.0000000000,82.7846001984,53.1541836177,494.7534000000,82.7846001984,1.0000000000,5877.0000000000,1.5769030042,1.0078970943
498,495.8734600000,19.7181585422,499.6725066958,10.3473515310,100000,0.0000000000,82.9506238875,53.2593476951,495.8734600000,82.9506238875,0.0000000000,5746.0000000000,1.5801032053,1.0076613229
499,496.8254800000,19.7368168003,500.6263182282,10.3577769136,100000,0.0000000000,83.1165662996,53.3644662299,496.8254800000,83.1165662996,1.0000000000,5669.0000000000,1.5831194222,1.0076502482
500,497.7965000000,19.7564575442,501.5730292467,10.3672023856,100000,0.0000000000,83.2825626971,53.4695925058,497.7965000000,83.2825626971,0.0000000000,5800.0000000000,1.5861131853,1.0075864922
501,498.6392400000,19.7717560281,502.5943080579,10.3786754243,100000,0.0000000000,83.4484297491,53.5747981816,498.6392400000,83.4484297491,1.0000000000,5877.0000000000,1.5893427525,1.0079317225
502,499.7341200000,19.7925903470,503.6667718520,10.3917028130,100000,0.0000000000,83.6143370480,53.6801952265,499.7341200000,83.6143370480,0.0000000000,5800.0000000000,1.5927341808,1.0078694884
503,500.6892400000,19.8108630295,504.6737784235,10.4028335577,100000,0.0000000000,83.7801462684,53.7854653018,500.6892400000,83.7801462684,1.0000000000,5933.0000000000,1.5959186152,1.0079581068
504,502.0024000000,19.8351355818,506.0818374080,10.4196831263,100000,0.0000000000,83.9462940053,53.8910762402,502.0024000000,83.9462940053,0.0000000000,5800.0000000000,1.6003712887,1.0081263305
505,502.9728000000,19.8560377994,507.0329705060,10.4264357720,100000,0.0000000000,84.1123356909,53.9966302231,502.9728000000,84.1123356909,1.0000000000,5725.0000000000,1.6033790356,1.0080723461
506,503.7641200000,19.8714983351,507.5717024033,10.4349256786,100000,0.0000000000,84.2780795765,54.1019651465,503.7641200000,84.2780795765,0.0000000000,5594.0000000000,1.6050826554,1.0075582644
507,504.7114000000,19.8923504321,508.4587003780,10.4405840013,100000,0.0000000000,84.4437272425,54.2072381390,504.7114000000,84.4437272425,1.0000000000,5669.0000000000,1.6078875893,1.0074246399
508,505.5802400000,19.9100603335,509.1069253915,10.4484322995,100000,0.0000000000,84.6092426409,54.3121727548,505.5802400000,84.6092426409,0.0000000000,5618.0000000000,1.6099374568,1.0069755206
509,506.5494400000,19.9307868169,509.9932057937,10.4552942025,100000,0.0000000000,84.7748089952,54.4170637843,506.5494400000,84.7748089952,1.0000000000,5765.0000000000,1.6127401215,1.0067984791
510,507.5593200000,19.9527129515,510.7680196343,10.4617668620,100000,0.0000000000,84.9404357870,54.5219174512,507.5593200000,84.9404357870,0.0000000000,5618.0000000000,1.6151902980,1.0063218219
511,508.5169600000,19.9706663623,512.0120173124,10.4732728909,100000,0.0000000000,85.1059633346,54.6270871613,508.5169600000,85.1059633346,1.0000000000,5653.0000000000,1.6191241641,1.0068730398
512,509.2831600000,19.9852599688,512.7294765668,10.4820104932,100000,0.0000000000,85.2713386596,54.7320604067,509.2831600000,85.2713386596,0.0000000000,5690.0000000000,1.6213929695,1.0067669949
513,510.2551600000,20.0045615972,513.7968558228,10.4915525688,100000,0.0000000000,85.4367633125,54.8369555374,510.2551600000,85.4367633125,1.0000000000,5653.0000000000,1.6247683190,1.0069410289
514,511.3008200000,20.0254007503,514.8185054826,10.5016258165,100000,0.0000000000,85.6023508211,54.9416955022,511.3008200000,85.6023508211,0.0000000000,5618.0000000000,1.6279990589,1.0068798745
515,512.1524800000,20.0426024029,515.5509246911,10.5093562561,100000,0.0000000000,85.7678092986,55.0462230042,512.1524800000,85.7678092986,1.0000000000,5585.0000000000,1.6303151718,1.0066356111
516,513.1782800000,20.0623966285,516.7574847607,10.5203859967,100000,0.0000000000,85.9333650175,55.1509243267,513.1782800000,85.9333650175,0.0000000000,5618.0000000000,1.6341306498,1.0069745835
517,514.2449200000,20.0850640074,517.5463800030,10.5278261678,100000,0.0000000000,86.0989579085,55.2554742389,514.2449200000,86.0989579085,1.0000000000,5653.0000000000,1.6366253556,1.0064200148
518,515.2436200000,20.1052631207,518.4533517389,10.5366984794,100000,0.0000000000,86.2646266252,55.3601096379,515.2436200000,86.2646266252,0.0000000000,5618.0000000000,1.6394934520,1.0062295419
519,516.0952400000,20.1214925367,519.3682924181,10.5461262128,100000,0.0000000000,86.4301751474,55.4646301584,516.0952400000,86.4301751474,1.0000000000,5765.0000000000,1.6423867485,1.0063419543
520,517.0110600000,20.1382673581,520.4484528920,10.5575209123,100000,0.0000000000,86.5955870198,55.5691205566,517.0110600000,86.5955870198,0.0000000000,5618.0000000000,1.6458025158,1.0066485868
521,517.9369200000,20.1571288686,521.4173466437,10.5653715399,100000,0.0000000000,86.7609135230,55.6737295305,517.9369200000,86.7609135230,1.0000000000,5585.0000000000,1.6488664269,1.0067197887
522,518.9741400000,20.1781285475,522.3322872380,10.5743684597,100000,0.0000000000,86.9262682518,55.7782295006,518.9741400000,86.9262682518,0.0000000000,5440.0000000000,1.6517597231,1.0064707410
523,520.1256800000,20.2011003362,523.3311869596,10.5849527729,100000,0.0000000000,87.0916704428,55.8828277865,520.1256800000,87.0916704428,1.0000000000,5585.0000000000,1.6549185214,1.0061629469
524,521.1318400000,20.2194131638,524.2040289603,10.5975077878,100000,0.0000000000,87.2569997579,55.9873751263,521.1318400000,87.2569997579,0.0000000000,5554.0000000000,1.6576786902,1.0058952241
525,522.2371600000,20.2417325083,525.1768355851,10.6070460103,100000,0.0000000000,87.4223764241,56.0919669551,522.2371600000,87.4223764241,1.0000000000,5701.0000000000,1.6607549748,1.0056290050
526,523.3100400000,20.2631474232,526.1346520000,10.6167272032,100000,0.0000000000,87.5878648135,56.1965680985,523.3100400000,87.5878648135,0.0000000000,5672.0000000000,1.6637838563,1.0053975880
527,524.2695600000,20.2819661051,526.9938592976,10.6259781155,100000,0.0000000000,87.7532771572,56.3010565444,524.2695600000,87.7532771572,1.0000000000,5645.0000000000,1.6665009083,1.0051963713
528,525.3141000000,20.3014322038,528.0669911869,10.6379486027,100000,0.0000000000,87.9187077249,56.4056558738,525.3141000000,87.9187077249,0.0000000000,5794.0000000000,1.6698944493,1.0052404670
529,526.3624800000,20.3242886675,529.0060763056,10.6435788229,100000,0.0000000000,88.0841898945,56.5102003994,526.3624800000,88.0841898945,1.0000000000,5821.0000000000,1.6728640972,1.0050223874
530,527.3963000000,20.3440531762,529.9612991779,10.6543793984,100000,0.0000000000,88.2497392027,56.6147785580,527.3963000000,88.2497392027,0.0000000000,5780.0000000000,1.6758847771,1.0048635138
531,528.4052000000,20.3627071842,531.0872408682,10.6660843860,100000,0.0000000000,88.4152225265,56.7194457941,528.4052000000,88.4152225265,1.0000000000,5933.0000000000,1.6794453174,1.0050757276
532,529.4264200000,20.3807534634,532.3341976672,10.6794807114,100000,0.0000000000,88.5807032223,56.8242893125,529.4264200000,88.5807032223,0.0000000000,6088.0000000000,1.6833885410,1.0054923169
533,530.3275200000,20.3994235615,533.2593562711,10.6860206980,100000,0.0000000000,88.7460714238,56.9290811537,530.3275200000,88.7460714238,1.0000000000,5933.0000000000,1.6863141494,1.0055283502
534,531.5916400000,20.4230469772,534.5854142063,10.7000370171,100000,0.0000000000,88.9116204638,57.0340210914,531.5916400000,88.9116204638,0.0000000000,5780.0000000000,1.6905075128,1.0056317180
535,532.4819600000,20.4392906891,535.3675109629,10.7106188489,100000,0.0000000000,89.0771270527,57.1388292907,532.4819600000,89.0771270527,1.0000000000,5933.0000000000,1.6929807199,1.0054190586
536,533.3899400000,20.4565974322,536.1682394424,10.7199608906,100000,0.0000000000,89.2425274407,57.2432182765,533.3899400000,89.2425274407,0.0000000000,5780.0000000000,1.6955128457,1.0052087586
537,534.4539600000,20.4780480601,537.1544898819,10.7286302783,100000,0.0000000000,89.4079545115,57.3474661992,534.4539600000,89.4079545115,1.0000000000,5785.0000000000,1.6986316434,1.0050528766
538,535.5752200000,20.5005123901,538.2275440016,10.7379798726,100000,0.0000000000,89.5735205615,57.4518682807,535.5752200000,89.5735205615,0.0000000000,5652.0000000000,1.7020249385,1.0049522904
539,536.6421200000,20.5243215609,538.8767488785,10.7421759651,100000,0.0000000000,89.7391154529,57.5560515472,536.6421200000,89.7391154529,1.0000000000,5625.0000000000,1.7040779046,1.0041640952
540,537.6402600000,20.5426663098,539.8563516966,10.7535631715,100000,0.0000000000,89.9046014185,57.6602383668,537.6402600000,89.9046014185,0.0000000000,5746.0000000000,1.7071756807,1.0041218857
541,538.6439600000,20.5612838087,541.0190789570,10.7646443572,100000,0.0000000000,90.0701639392,57.7646675321,538.6439600000,90.0701639392,1.0000000000,5657.0000000000,1.7108525471,1.0044094414
542,539.9295800000,20.5842630230,542.4783403243,10.7804311510,100000,0.0000000000,90.2359977998,57.8694212563,539.9295800000,90.2359977998,0.0000000000,5746.0000000000,1.7154671367,1.0047205421
543,541.0448000000,20.6075071596,543.4997684571,10.7877453004,100000,0.0000000000,90.4019067116,57.9742505416,541.0448000000,90.4019067116,1.0000000000,5837.0000000000,1.7186971761,1.0045374587
544,542.0966200000,20.6270716921,544.4828037547,10.7990987313,100000,0.0000000000,90.5678746798,58.0790574780,542.0966200000,90.5678746798,0.0000000000,5770.0000000000,1.7218058067,1.0044017684
545,543.1438000000,20.6482180602,545.4532736372,10.8071684977,100000,0.0000000000,90.7339598623,58.1838245670,543.1438000000,90.7339598623,1.0000000000,5869.0000000000,1.7248747019,1.0042520482
546,544.1721600000,20.6690730592,546.2982385117,10.8148776634,100000,0.0000000000,90.9001045326,58.2883973931,544.1721600000,90.9001045326,0.0000000000,5960.0000000000,1.7275467154,1.0039069961
547,545.1980800000,20.6874696063,547.4092019361,10.8271271023,100000,0.0000000000,91.0663030514,58.3931531357,545.1980800000,91.0663030514,1.0000000000,5849.0000000000,1.7310598903,1.0040556305
548,546.2270000000,20.7053543669,548.5497907674,10.8404474328,100000,0.0000000000,91.2325075639,58.4979355625,546.2270000000,91.2325075639,0.0000000000,5986.0000000000,1.7346667488,1.0042524276
549,546.9334800000,20.7184548849,549.5023867237,10.8480001467,100000,0.0000000000,91.3984409694,58.6027180295,546.9334800000,91.3984409694,1.0000000000,5917.0000000000,1.7376791217,1.0046969272
550,548.0399800000,20.7384424740,550.7817708327,10.8608003275,100000,0.0000000000,91.5645074156,58.7077044822,548.0399800000,91.5645074156,0.0000000000,5780.0000000000,1.7417248895,1.0050029030
551,549.0182000000,20.7585418437,551.7334050325,10.8674348640,100000,0.0000000000,91.7305653697,58.8126984661,549.0182000000,91.7305653697,1.0000000000,5849.0000000000,1.7447342211,1.0049455647
552,549.9174800000,20.7755415573,552.5069708795,10.8763207474,100000,0.0000000000,91.8964581101,58.9175671002,549.9174800000,91.8964581101,0.0000000000,5840.0000000000,1.7471804511,1.0047088717
553,551.0008800000,20.7969272949,553.6462778338,10.8852512644,100000,0.0000000000,92.0624059362,59.0224426990,551.0008800000,92.0624059362,1.0000000000,5785.0000000000,1.7507832560,1.0048010773
554,552.1690600000,20.8191826031,554.8024911432,10.8963615827,100000,0.0000000000,92.2285330268,59.1274335242,552.1690600000,92.2285330268,0.0000000000,5840.0000000000,1.7544395235,1.0047692479
555,553.0255600000,20.8336660046,555.8907082392,10.9079751013,100000,0.0000000000,92.3944837072,59.2325287884,553.0255600000,92.3944837072,1.0000000000,5945.0000000000,1.7578807682,1.0051808604
556,553.9354800000,20.8481333655,557.2261334837,10.9220334725,100000,0.0000000000,92.5603406945,59.3378665898,553.9354800000,92.5603406945,0.0000000000,5876.0000000000,1.7621037536,1.0059404996
557,554.9572800000,20.8672146012,558.3067117768,10.9323663854,100000,0.0000000000,92.7262052318,59.4432600815,554.9572800000,92.7262052318,1.0000000000,5917.0000000000,1.7655208422,1.0060354768
558,556.0449400000,20.8887246331,559.0356687908,10.9410293484,100000,0.0000000000,92.8922106878,59.5483922625,556.0449400000,92.8922106878,0.0000000000,5860.0000000000,1.7678260067,1.0053785739
559,557.0192000000,20.9099831599,559.8118603525,10.9449442325,100000,0.0000000000,93.0582988186,59.6531669568,557.0192000000,93.0582988186,1.0000000000,6005.0000000000,1.7702805399,1.0050135801
560,557.9953000000,20.9268907631,560.8323549314,10.9572141984,100000,0.0000000000,93.2243966491,59.7580520229,557.9953000000,93.2243966491,0.0000000000,6066.0000000000,1.7735076271,1.0050843707
561,558.7159200000,20.9401435121,561.9962467655,10.9647758616,100000,0.0000000000,93.3904052357,59.8631542175,558.7159200000,93.3904052357,1.0000000000,6025.0000000000,1.7771881762,1.0058711890
562,559.8329400000,20.9584532432,563.1376293331,10.9807184489,100000,0.0000000000,93.5565275429,59.9682511179,559.8329400000,93.5565275429,0.0000000000,6066.0000000000,1.7807975448,1.0059029919
563,560.7471600000,20.9767356885,563.9695676115,10.9874346349,100000,0.0000000000,93.7224983160,60.0732990046,560.7471600000,93.7224983160,1.0000000000,6025.0000000000,1.7834283647,1.0057466321
564,561.8855200000,20.9977075425,565.1827974862,10.9991726034,100000,0.0000000000,93.8886793906,60.1785793031,561.8855200000,93.8886793906,0.0000000000,6074.0000000000,1.7872649344,1.0058682372
565,562.7310800000,21.0150076223,565.9076860426,11.0045688073,100000,0.0000000000,94.0547411061,60.2837648849,562.7310800000,94.0547411061,1.0000000000,6161.0000000000,1.7895572333,1.0056449806
566,563.9364200000,21.0360485893,567.1376807774,11.0191233657,100000,0.0000000000,94.2209493999,60.3890557556,563.9364200000,94.2209493999,0.0000000000,6250.0000000000,1.7934468182,1.0056766342
567,565.0814400000,21.0580468412,568.2147538453,11.0290572233,100000,0.0000000000,94.3872420491,60.4944798104,565.0814400000,94.3872420491,1.0000000000,6341.0000000000,1.7968528223,1.0055448890
568,566.1224400000,21.0766749255,569.3564123538,11.0406618500,100000,0.0000000000,94.5534608332,60.5999570087,566.1224400000,94.5534608332,0.0000000000,6472.0000000000,1.8004630635,1.0057124963
569,567.0582000000,21.0960374294,570.0344380937,11.0460583366,100000,0.0000000000,94.7196586220,60.7051539577,567.0582000000,94.7196586220,1.0000000000,6605.0000000000,1.8026071691,1.0052485584
570,567.9272200000,21.1117654922,570.8118781727,11.0553415960,100000,0.0000000000,94.8857291362,60.8103412213,567.9272200000,94.8857291362,0.0000000000,6740.0000000000,1.8050656505,1.0050792744
571,569.0184800000,21.1307586841,571.9720197164,11.0684017561,100000,0.0000000000,95.0518287366,60.9158911517,569.0184800000,95.0518287366,1.0000000000,6877.0000000000,1.8087343402,1.0051905866
572,569.9929400000,21.1489068199,572.8606692645,11.0777561050,100000,0.0000000000,95.2178934278,61.0214070515,569.9929400000,95.2178934278,0.0000000000,6970.0000000000,1.8115444968,1.0050311663
573,570.8652400000,21.1655274056,573.5700422440,11.0853817995,100000,0.0000000000,95.3838798643,61.1268810869,570.8652400000,95.3838798643,1.0000000000,7065.0000000000,1.8137877311,1.0047380749
574,571.9161400000,21.1848208983,574.5944687930,11.0959228326,100000,0.0000000000,95.5498968981,61.2325092316,571.9161400000,95.5498968981,0.0000000000,7204.0000000000,1.8170272523,1.0046830796
575,572.9316400000,21.2040187838,575.4130923492,11.1050091137,100000,0.0000000000,95.7158617185,61.3379267979,572.9316400000,95.7158617185,1.0000000000,7109.0000000000,1.8196159673,1.0043311491
576,573.9436200000,21.2229133475,576.3404436800,11.1144756532,100000,0.0000000000,95.8818241972,61.4432789277,573.9436200000,95.8818241972,0.0000000000,7250.0000000000,1.8225485097,1.0041760612
577,574.8204800000,21.2391339402,577.3459996333,11.1229343913,100000,0.0000000000,96.0475575236,61.5486482315,574.8204800000,96.0475575236,1.0000000000,7393.0000000000,1.8257283568,1.0043935798
578,575.8193600000,21.2569963972,578.2043365534,11.1337084644,100000,0.0000000000,96.2131927471,61.6540821561,575.8193600000,96.2131927471,0.0000000000,7538.0000000000,1.8284426565,1.0041418832
579,576.8694000000,21.2758953433,579.3179062860,11.1447600844,100000,0.0000000000,96.3788523232,61.7597922443,576.8694000000,96.3788523232,1.0000000000,7633.0000000000,1.8319640732,1.0042444725
580,577.7471400000,21.2921912784,580.2142889156,11.1530144161,100000,0.0000000000,96.5444413031,61.8653508563,577.7471400000,96.5444413031,0.0000000000,7780.0000000000,1.8347986839,1.0042702919
581,578.9079200000,21.3153380634,581.1421679428,11.1608370314,100000,0.0000000000,96.7101695974,61.9708699838,578.9079200000,96.7101695974,1.0000000000,7685.0000000000,1.8377328951,1.0038594185
582,579.8649200000,21.3318314857,582.3232640324,11.1721925094,100000,0.0000000000,96.8758708581,62.0765914082,579.8649200000,96.8758708581,0.0000000000,7592.0000000000,1.8414678488,1.0042395116
583,580.7124000000,21.3468212725,583.2964846167,11.1814856599,100000,0.0000000000,97.0414657568,62.1821807098,580.7124000000,97.0414657568,1.0000000000,7501.0000000000,1.8445454426,1.0044498527
584,581.6314600000,21.3631131539,584.0189515232,11.1914635491,100000,0.0000000000,97.2070422220,62.2875467778,581.6314600000,97.2070422220,0.0000000000,7354.0000000000,1.8468300835,1.0041048184
585,582.4494400000,21.3787532788,584.9228130306,11.1981403922,100000,0.0000000000,97.3725294037,62.3927947919,582.4494400000,97.3725294037,1.0000000000,7265.0000000000,1.8496883446,1.0042465025
586,583.4138400000,21.3967579983,585.8473440893,11.2068098567,100000,0.0000000000,97.5379548533,62.4981068923,583.4138400000,97.5379548533,0.0000000000,7354.0000000000,1.8526119685,1.0041711456
587,584.3646400000,21.4140598088,587.0450123778,11.2161794967,100000,0.0000000000,97.7032174951,62.6034477054,584.3646400000,97.7032174951,1.0000000000,7445.0000000000,1.8563993282,1.0045868148
588,585.4256400000,21.4312788616,588.4236578101,11.2305799653,100000,0.0000000000,97.8685491782,62.7090026544,585.4256400000,97.8685491782,0.0000000000,7354.0000000000,1.8607589878,1.0051210907
589,586.4047200000,21.4503179297,589.3154503674,11.2378192153,100000,0.0000000000,98.0338704717,62.8144638174,586.4047200000,98.0338704717,1.0000000000,7445.0000000000,1.8635790835,1.0049636885
590,587.4020400000,21.4678658854,590.2247653596,11.2486787814,100000,0.0000000000,98.1991418288,62.9198757956,587.4020400000,98.1991418288,0.0000000000,7354.0000000000,1.8664545900,1.0048054402
591,588.4738000000,21.4866730793,591.4354860452,11.2604031891,100000,0.0000000000,98.3645304703,63.0253169780,588.4738000000,98.3645304703,1.0000000000,7445.0000000000,1.8702832250,1.0050328257
592,589.5937000000,21.5058569374,592.8458321017,11.2735006714,100000,0.0000000000,98.5300191687,63.1310085622,589.5937000000,98.5300191687,0.0000000000,7354.0000000000,1.8747431308,1.0055158868
593,590.5102000000,21.5233636627,593.7808754886,11.2807365293,100000,0.0000000000,98.6954348006,63.2365105333,590.5102000000,98.6954348006,1.0000000000,7265.0000000000,1.8776999976,1.0055387282
594,591.7846400000,21.5469201223,595.0795099985,11.2922483697,100000,0.0000000000,98.8610460993,63.3421488149,591.7846400000,98.8610460993,0.0000000000,7178.0000000000,1.8818066405,1.0055676842
595,592.7311200000,21.5651785554,596.0494642759,11.2993005922,100000,0.0000000000,99.0267325798,63.4477034271,592.7311200000,99.0267325798,1.0000000000,7265.0000000000,1.8848739052,1.0055983973
596,593.8907800000,21.5852953296,597.2907670063,11.3121972018,100000,0.0000000000,99.1925533774,63.5533648923,593.8907800000,99.1925533774,0.0000000000,7178.0000000000,1.8887992491,1.0057249365
597,594.8607200000,21.6033196556,598.2810085913,11.3206581019,100000,0.0000000000,99.3583125211,63.6590151782,594.8607200000,99.3583125211,1.0000000000,7093.0000000000,1.8919306680,1.0057497301
598,595.9640800000,21.6231416851,599.3609613495,11.3315410984,100000,0.0000000000,99.5240931757,63.7647594560,595.9640800000,99.5240931757,0.0000000000,7010.0000000000,1.8953457785,1.0056998089
599,596.9728000000,21.6409104744,600.5197803738,11.3421247497,100000,0.0000000000,99.6899406937,63.8706760090,596.9728000000,99.6899406937,1.0000000000,6929.0000000000,1.8990102860,1.0059416114
600,597.8845800000,21.6575876539,601.3090513856,11.3504835585,100000,0.0000000000,99.8556691554,63.9764149692,597.8845800000,99.8556691554,0.0000000000,6850.0000000000,1.9015061801,1.0057276463
601,598.8503600000,21.6739896018,602.2132233751,11.3617135477,100000,0.0000000000,100.0213084431,64.0820479364,598.8503600000,100.0213084431,1.0000000000,6929.0000000000,1.9043654229,1.0056155320
602,599.7849200000,21.6881967715,603.4396666284,11.3757215509,100000,0.0000000000,100.1868642463,64.1877751661,599.7849200000,100.1868642463,0.0000000000,7010.0000000000,1.9082437770,1.0060934287
603,600.7157200000,21.7062924008,604.3777915053,11.3821171235,100000,0.0000000000,100.3524252459,64.2934412937,600.7157200000,100.3524252459,1.0000000000,6929.0000000000,1.9112103884,1.0060961806
604,601.6558400000,21.7207254241,605.7185284552,11.3958732465,100000,0.0000000000,100.5179115471,64.3992920134,601.6558400000,100.5179115471,0.0000000000,7010.0000000000,1.9154501709,1.0067525123
605,602.8514800000,21.7438528948,606.7643918539,11.4042247124,100000,0.0000000000,100.6835681834,64.5051089468,602.8514800000,100.6835681834,1.0000000000,7157.0000000000,1.9187574813,1.0064906730
606,603.7275800000,21.7608992641,607.3169331308,11.4101202104,100000,0.0000000000,100.8491292489,64.6105777824,603.7275800000,100.8491292489,0.0000000000,7306.0000000000,1.9205047703,1.0059453191
607,604.7782800000,21.7804466205,608.2803356021,11.4188626847,100000,0.0000000000,101.0148273670,64.7162716862,604.7782800000,101.0148273670,1.0000000000,7457.0000000000,1.9235513164,1.0057906438
608,605.7206600000,21.7960071106,609.3694946821,11.4304301771,100000,0.0000000000,101.1805012256,64.8220210953,605.7206600000,101.1805012256,0.0000000000,7306.0000000000,1.9269955398,1.0060239561
609,606.7458000000,21.8136703411,610.4513037601,11.4415727175,100000,0.0000000000,101.3462340529,64.9279136283,606.7458000000,101.3462340529,1.0000000000,7157.0000000000,1.9304165205,1.0061071766
610,607.8098200000,21.8322223958,611.5447745109,11.4526802654,100000,0.0000000000,101.5119705989,65.0338360329,607.8098200000,101.5119705989,0.0000000000,7306.0000000000,1.9338743786,1.0061449394
611,608.7628400000,21.8520647179,612.3922334543,11.4564439319,100000,0.0000000000,101.6776543311,65.1397585150,608.7628400000,101.6776543311,1.0000000000,7157.0000000000,1.9365542791,1.0059619169
612,609.8857600000,21.8721503228,613.4520428438,11.4671182193,100000,0.0000000000,101.8434813970,65.2457411679,609.8857600000,101.8434813970,0.0000000000,7306.0000000000,1.9399056907,1.0058474604
613,610.8231200000,21.8880173914,614.5056485285,11.4777094699,100000,0.0000000000,102.0092372135,65.3518963084,610.8231200000,102.0092372135,1.0000000000,7225.0000000000,1.9432374844,1.0060287969
614,612.1313800000,21.9113968321,615.7574791907,11.4900856771,100000,0.0000000000,102.1751749499,65.4581075152,612.1313800000,102.1751749499,0.0000000000,7376.0000000000,1.9471961205,1.0059237270
615,612.8082800000,21.9235144815,616.5818593856,11.4964252174,100000,0.0000000000,102.3408765486,65.5641695644,612.8082800000,102.3408765486,1.0000000000,7225.0000000000,1.9498030396,1.0061578466
616,613.8710400000,21.9397916826,617.8992538669,11.5115846400,100000,0.0000000000,102.5066778850,65.6704224910,613.8710400000,102.5066778850,0.0000000000,7076.0000000000,1.9539690067,1.0065619871
617,614.9256800000,21.9603335549,618.8154130567,11.5182216577,100000,0.0000000000,102.6724399577,65.7765646579,614.9256800000,102.6724399577,1.0000000000,7225.0000000000,1.9568661565,1.0063255336
618,615.9257600000,21.9760725972,619.9755070069,11.5316084396,100000,0.0000000000,102.8382515879,65.8826770004,615.9257600000,102.8382515879,0.0000000000,7076.0000000000,1.9605346957,1.0065750570
619,616.9524800000,21.9951846184,620.9501892921,11.5396851605,100000,0.0000000000,103.0041017726,65.9887876001,616.9524800000,103.0041017726,1.0000000000,7225.0000000000,1.9636169117,1.0064797686
620,617.8868000000,22.0098100085,622.1615330328,11.5522752472,100000,0.0000000000,103.1700002795,66.0951375133,617.8868000000,103.1700002795,0.0000000000,7306.0000000000,1.9674475169,1.0069183110
621,618.9177600000,22.0268114390,623.4805632548,11.5644860599,100000,0.0000000000,103.3358843264,66.2016748266,618.9177600000,103.3358843264,1.0000000000,7457.0000000000,1.9716186567,1.0073722287
622,619.9943800000,22.0440562895,624.8354843384,11.5781674849,100000,0.0000000000,103.5018225588,66.3083127489,619.9943800000,103.5018225588,0.0000000000,7610.0000000000,1.9759032934,1.0078083036
623,620.7742000000,22.0578829816,625.7567653125,11.5855081188,100000,0.0000000000,103.6676145694,66.4149259155,620.7742000000,103.6676145694,1.0000000000,7529.0000000000,1.9788166396,1.0080263731
624,621.5871400000,22.0714189571,626.7785784363,11.5948094086,100000,0.0000000000,103.8333330394,66.5215182248,621.5871400000,103.8333330394,0.0000000000,7610.0000000000,1.9820478965,1.0083519077
625,622.6327600000,22.0909960799,627.8092391920,11.6026140243,100000,0.0000000000,103.9991606804,66.6280947055,622.6327600000,103.9991606804,1.0000000000,7529.0000000000,1.9853071319,1.0083138561
626,623.6377000000,22.1087711033,628.9603159331,11.6120601230,100000,0.0000000000,104.1649383774,66.7347162068,623.6377000000,104.1649383774,0.0000000000,7450.0000000000,1.9889471562,1.0085347886
627,624.5375200000,22.1252072434,629.7465048353,11.6194975983,100000,0.0000000000,104.3306254092,66.8411140481,624.5375200000,104.3306254092,1.0000000000,7297.0000000000,1.9914333038,1.0083405475
628,625.5661600000,22.1438416881,630.5157718113,11.6282602007,100000,0.0000000000,104.4963799785,66.9475023932,625.5661600000,104.4963799785,0.0000000000,7146.0000000000,1.9938659396,1.0079122116
629,626.5197200000,22.1604711666,631.4595978613,11.6375786861,100000,0.0000000000,104.6621120681,67.0537615707,626.5197200000,104.6621120681,1.0000000000,7025.0000000000,1.9968505796,1.0078846327
630,627.4496800000,22.1769717318,632.3773986694,11.6460982654,100000,0.0000000000,104.8277787867,67.1598597237,627.4496800000,104.8277787867,0.0000000000,7146.0000000000,1.9997529206,1.0078535679
631,628.3353200000,22.1932953705,633.2481909335,11.6530236677,100000,0.0000000000,104.9934301321,67.2658783940,628.3353200000,104.9934301321,1.0000000000,7297.0000000000,2.0025066075,1.0078188680
632,629.2437000000,22.2093942492,634.1851586172,11.6613252713,100000,0.0000000000,105.1590661269,67.3718376846,629.2437000000,105.1590661269,0.0000000000,7450.0000000000,2.0054695595,1.0078530125
633,630.3620800000,22.2303220854,635.2538040957,11.6693984411,100000,0.0000000000,105.3247517742,67.4778176795,630.3620800000,105.3247517742,1.0000000000,7605.0000000000,2.0088489132,1.0077601814
634,631.5323800000,22.2525122732,636.0773325403,11.6772461449,100000,0.0000000000,105.4905186732,67.5836995941,631.5323800000,105.4905186732,0.0000000000,7528.0000000000,2.0114531388,1.0071967055
635,632.6251600000,22.2726452725,637.2783357804,11.6856507121,100000,0.0000000000,105.6563472713,67.6898304210,632.6251600000,105.6563472713,1.0000000000,7685.0000000000,2.0152510445,1.0073553442
636,633.7479600000,22.2930710055,638.1751311951,11.6947400631,100000,0.0000000000,105.8223386118,67.7959874937,633.7479600000,105.8223386118,0.0000000000,7528.0000000000,2.0180869607,1.0069856970
637,634.6842000000,22.3102823790,638.7988629532,11.7019442902,100000,0.0000000000,105.9883178699,67.9017637254,634.6842000000,105.9883178699,1.0000000000,7605.0000000000,2.0200593737,1.0064830083
638,635.7867000000,22.3293843988,640.0726148673,11.7126125339,100000,0.0000000000,106.1544394731,68.0074639413,635.7867000000,106.1544394731,0.0000000000,7762.0000000000,2.0240873309,1.0067411207
639,636.7777200000,22.3459027435,641.1623010998,11.7234103646,100000,0.0000000000,106.3205075362,68.1132415647,636.7777200000,106.3205075362,1.0000000000,7841.0000000000,2.0275332213,1.0068855756
640,637.8794000000,22.3662160965,642.1526556946,11.7316570664,100000,0.0000000000,106.4866185491,68.2191109193,637.8794000000,106.4866185491,0.0000000000,7684.0000000000,2.0306649975,1.0066991593
641,638.8928400000,22.3849195770,643.1952686679,11.7391743973,100000,0.0000000000,106.6527557512,68.3248940814,638.8928400000,106.6527557512,1.0000000000,7529.0000000000,2.0339620292,1.0067341945
642,640.0736200000,22.4057554664,644.4208311811,11.7497124212,100000,0.0000000000,106.8190314198,68.4307250656,640.0736200000,106.8190314198,0.0000000000,7376.0000000000,2.0378375982,1.0067917362
643,641.2006000000,22.4265510477,645.2569501831,11.7579933706,100000,0.0000000000,106.9854869906,68.5364058639,641.2006000000,106.9854869906,1.0000000000,7225.0000000000,2.0404816386,1.0063261796
644,642.3538400000,22.4471942377,646.2370100182,11.7676382871,100000,0.0000000000,107.1519710417,68.6419593858,642.3538400000,107.1519710417,0.0000000000,7376.0000000000,2.0435808600,1.0060452196
645,643.3128400000,22.4649331023,646.9601551032,11.7745327173,100000,0.0000000000,107.3183586754,68.7472241142,643.3128400000,107.3183586754,1.0000000000,7297.0000000000,2.0458676455,1.0056695823
646,644.4209800000,22.4845452343,647.8878532091,11.7841506103,100000,0.0000000000,107.4848885983,68.8526178147,644.4209800000,107.4848885983,0.0000000000,7376.0000000000,2.0488012845,1.0053798267
647,645.3443200000,22.5016847334,648.6136623937,11.7906108475,100000,0.0000000000,107.6513131364,68.9577973193,645.3443200000,107.6513131364,1.0000000000,7225.0000000000,2.0510964947,1.0050660435
648,646.1456800000,22.5159476917,649.1808198471,11.7973632455,100000,0.0000000000,107.8175926371,69.0626703307,646.1456800000,107.8175926371,0.0000000000,7146.0000000000,2.0528900040,1.0046972996
649,647.1121200000,22.5341757940,650.0432706129,11.8035181740,100000,0.0000000000,107.9838786048,69.1674806041,647.1121200000,107.9838786048,1.0000000000,7137.0000000000,2.0556173128,1.0045295869
650,648.0082000000,22.5496087351,650.9355289218,11.8120000801,100000,0.0000000000,108.1501113862,69.2723861057,648.0082000000,108.1501113862,0.0000000000,7120.0000000000,2.0584388813,1.0045174257
651,648.9983600000,22.5662161485,652.0315868402,11.8221930597,100000,0.0000000000,108.3162947000,69.3773480549,648.9983600000,108.3162947000,1.0000000000,7289.0000000000,2.0619049208,1.0046737049
652,650.0976000000,22.5855066072,653.0502750587,11.8318422614,100000,0.0000000000,108.4826657462,69.4822287039,650.0976000000,108.4826657462,0.0000000000,7460.0000000000,2.0651262958,1.0045418950
653,651.2576000000,22.6052650334,654.4310131116,11.8431242825,100000,0.0000000000,108.6491409363,69.5872423850,651.2576000000,108.6491409363,1.0000000000,7633.0000000000,2.0694925729,1.0048727464
654,651.9953400000,22.6175770663,655.0790706612,11.8507614798,100000,0.0000000000,108.8154211469,69.6921089796,651.9953400000,108.8154211469,0.0000000000,7618.0000000000,2.0715419108,1.0047296821
655,652.6964800000,22.6292996299,655.8927680922,11.8579626521,100000,0.0000000000,108.9815410127,69.7970413934,652.6964800000,108.9815410127,1.0000000000,7445.0000000000,2.0741150480,1.0048970512
656,653.7549600000,22.6462656282,656.9927934121,11.8701985282,100000,0.0000000000,109.1476318758,69.9020190413,653.7549600000,109.1476318758,0.0000000000,7618.0000000000,2.0775936335,1.0049526713
657,654.8119200000,22.6644651944,658.0235977424,11.8799805325,100000,0.0000000000,109.3137790634,70.0070630729,654.8119200000,109.3137790634,1.0000000000,7445.0000000000,2.0808533230,1.0049047332
658,655.9853400000,22.6839080611,659.1949793385,11.8922518925,100000,0.0000000000,109.4800492124,70.1121997715,655.9853400000,109.4800492124,0.0000000000,7618.0000000000,2.0845575569,1.0048928522
659,656.8788800000,22.6994556600,660.2109907976,11.9001509545,100000,0.0000000000,109.6462461929,70.2173845859,656.8788800000,109.6462461929,1.0000000000,7605.0000000000,2.0877704672,1.0050726411
660,657.7892000000,22.7155198681,660.9434287769,11.9077435781,100000,0.0000000000,109.8123773473,70.3223674010,657.7892000000,109.8123773473,0.0000000000,7780.0000000000,2.0900866395,1.0047951970
661,658.4660000000,22.7282419958,661.5692877726,11.9118854838,100000,0.0000000000,109.9783209205,70.4272098064,658.4660000000,109.9783209205,1.0000000000,7769.0000000000,2.0920657794,1.0047129051
662,659.3710800000,22.7431579785,662.4569047867,11.9214028188,100000,0.0000000000,110.1442648161,70.5320332016,659.3710800000,110.1442648161,0.0000000000,7780.0000000000,2.0948726708,1.0046799517
663,660.5686000000,22.7649945875,663.4754542363,11.9299464135,100000,0.0000000000,110.3103788303,70.6368931225,660.5686000000,110.3103788303,1.0000000000,7769.0000000000,2.0980936070,1.0044005335
664,661.7055600000,22.7857694916,664.6474192119,11.9379340204,100000,0.0000000000,110.4765813210,70.7419128440,661.7055600000,110.4765813210,0.0000000000,7594.0000000000,2.1017996857,1.0044458735
665,662.6293200000,22.8001401611,665.7084792883,11.9491810864,100000,0.0000000000,110.6427415838,70.8469939101,662.6293200000,110.6427415838,1.0000000000,7421.0000000000,2.1051550522,1.0046468805
666,663.6337000000,22.8180793969,666.4389030844,11.9569625172,100000,0.0000000000,110.8089695492,70.9518820760,663.6337000000,110.8089695492,0.0000000000,7412.0000000000,2.1074648551,1.0042270353
667,664.4961200000,22.8336505110,667.3071264305,11.9632990575,100000,0.0000000000,110.9750734589,71.0567949814,664.4961200000,110.9750734589,1.0000000000,7405.0000000000,2.1102104184,1.0042302827
668,665.4043400000,22.8506224531,667.8857659429,11.9688509686,100000,0.0000000000,111.1410705756,71.1615189156,665.4043400000,111.1410705756,0.0000000000,7234.0000000000,2.1120402372,1.0037292001
669,666.5431600000,22.8721971714,668.8635777924,11.9752142591,100000,0.0000000000,111.3071205169,71.2661852638,666.5431600000,111.3071205169,1.0000000000,7229.0000000000,2.1151323498,1.0034812716
670,667.3775600000,22.8850551007,669.8055985496,11.9854834296,100000,0.0000000000,111.4730947558,71.3710587448,667.3775600000,111.4730947558,0.0000000000,7234.0000000000,2.1181112809,1.0036381783
671,668.2692800000,22.9011721372,670.7260837990,11.9918970452,100000,0.0000000000,111.6390418471,71.4758586089,668.2692800000,111.6390418471,1.0000000000,7241.0000000000,2.1210221109,1.0036763680
672,669.3687000000,22.9211664032,671.5730001573,11.9995346041,100000,0.0000000000,111.8051097554,71.5806613439,669.3687000000,111.8051097554,0.0000000000,7234.0000000000,2.1237002956,1.0032931031
673,670.6159600000,22.9434880648,672.6683923846,12.0088432175,100000,0.0000000000,111.9714107131,71.6855346963,670.6159600000,111.9714107131,1.0000000000,7065.0000000000,2.1271642299,1.0030605183
674,671.7404600000,22.9622461662,673.8771293633,12.0198049487,100000,0.0000000000,112.1378015624,71.7905278424,671.7404600000,112.1378015624,0.0000000000,7072.0000000000,2.1309865919,1.0031807960
675,672.6916000000,22.9760476806,674.9646608301,12.0329893618,100000,0.0000000000,112.3041507569,71.8955914504,672.6916000000,112.3041507569,1.0000000000,7081.0000000000,2.1344256683,1.0033790534
676,673.9377800000,22.9974756018,676.1351698652,12.0438322782,100000,0.0000000000,112.4705832580,72.0007714537,673.9377800000,112.4705832580,0.0000000000,7072.0000000000,2.1381271429,1.0032605233
677,674.8604800000,23.0139653612,676.9461213820,12.0506380890,100000,0.0000000000,112.6369627410,72.1059191459,674.8604800000,112.6369627410,1.0000000000,7001.0000000000,2.1406915968,1.0030904779
678,675.9770400000,23.0314301858,678.2981783499,12.0635924830,100000,0.0000000000,112.8034472739,72.2112897766,675.9770400000,112.8034472739,0.0000000000,7092.0000000000,2.1449671763,1.0034337532
679,676.9885600000,23.0493073878,679.2503000435,12.0713706323,100000,0.0000000000,112.9699727709,72.3166233599,676.9885600000,112.9699727709,1.0000000000,7105.0000000000,2.1479780495,1.0033408837
680,677.8968000000,23.0649458698,680.3089319344,12.0791171872,100000,0.0000000000,113.1364056281,72.4221000843,677.8968000000,113.1364056281,0.0000000000,7092.0000000000,2.1513257375,1.0035582583
681,678.7358000000,23.0792732831,681.1993305622,12.0864777633,100000,0.0000000000,113.3027533063,72.5276363530,678.7358000000,113.3027533063,1.0000000000,7085.0000000000,2.1541414252,1.0036295869
682,679.8822000000,23.0976957633,682.4153152759,12.0987044937,100000,0.0000000000,113.4692211415,72.6331447517,679.8822000000,113.4692211415,0.0000000000,7240.0000000000,2.1579867065,1.0037258150
683,680.9379600000,23.1166230528,683.6460807107,12.1061843136,100000,0.0000000000,113.6357221371,72.7388036151,680.9379600000,113.6357221371,1.0000000000,7397.0000000000,2.1618787285,1.0039770447
684,682.0616200000,23.1366881640,684.5003468246,12.1142593996,100000,0.0000000000,113.8023299652,72.8442894570,682.0616200000,113.8023299652,0.0000000000,7556.0000000000,2.1645801551,1.0035755227
685,683.0866000000,23.1536265635,685.3503287666,12.1241979924,100000,0.0000000000,113.9689888750,72.9496603757,683.0866000000,113.9689888750,1.0000000000,7625.0000000000,2.1672680340,1.0033139704
686,684.1076000000,23.1687865285,686.5122731767,12.1373362314,100000,0.0000000000,114.1356487933,73.0551009856,684.1076000000,114.1356487933,0.0000000000,7786.0000000000,2.1709424249,1.0035150511
687,685.2435600000,23.1882422853,687.5470648898,12.1469740972,100000,0.0000000000,114.3024653838,73.1605021209,685.2435600000,114.3024653838,1.0000000000,7857.0000000000,2.1742147236,1.0033615856
688,686.3561200000,23.2057866562,688.8330630120,12.1592592565,100000,0.0000000000,114.4691819081,73.2660848778,686.3561200000,114.4691819081,0.0000000000,7930.0000000000,2.1782814067,1.0036088307
689,687.4721600000,23.2251903393,689.8261430425,12.1681014831,100000,0.0000000000,114.6359312629,73.3717817441,687.4721600000,114.6359312629,1.0000000000,8005.0000000000,2.1814218015,1.0034241140
690,688.4659000000,23.2415717804,690.8774530531,12.1776533527,100000,0.0000000000,114.8026755038,73.4775499602,688.4659000000,114.8026755038,0.0000000000,8082.0000000000,2.1847463357,1.0035027923
691,689.3958000000,23.2574388202,691.5510659253,12.1855381304,100000,0.0000000000,114.9692680343,73.5830210155,689.3958000000,114.9692680343,1.0000000000,8245.0000000000,2.1868764866,1.0031263114
692,690.3729400000,23.2733409812,692.6008096413,12.1952670972,100000,0.0000000000,115.1357531708,73.6886529596,690.3729400000,115.1357531708,0.0000000000,8168.0000000000,2.1901960677,1.0032270524
693,691.4897200000,23.2934551816,693.5685034474,12.2026499460,100000,0.0000000000,115.3023169741,73.7940643072,691.4897200000,115.3023169741,1.0000000000,8005.0000000000,2.1932561842,1.0030062391
694,692.5876000000,23.3122018362,694.7517298764,12.2118321945,100000,0.0000000000,115.4688792199,73.8995844664,692.5876000000,115.4688792199,0.0000000000,8082.0000000000,2.1969978748,1.0031247020
695,693.7474000000,23.3313759318,695.8268540616,12.2226959844,100000,0.0000000000,115.6355813108,74.0050831245,693.7474000000,115.6355813108,1.0000000000,8245.0000000000,2.2003977159,1.0029974225
696,694.8449800000,23.3500547369,696.9181665940,12.2319223258,100000,0.0000000000,115.8023583875,74.1106226535,694.8449800000,115.8023583875,0.0000000000,8168.0000000000,2.2038487492,1.0029836678
697,695.9125200000,23.3672858464,698.1237306576,12.2426497203,100000,0.0000000000,115.9691924367,74.2162450009,695.9125200000,115.9691924367,1.0000000000,8333.0000000000,2.2076610775,1.0031774262
698,696.9373200000,23.3851762350,699.1122157073,12.2503409120,100000,0.0000000000,116.1359961683,74.3218732023,696.9373200000,116.1359961683,0.0000000000,8500.0000000000,2.2107869417,1.0031206475
699,697.8361600000,23.3998916806,700.0238741332,12.2589244772,100000,0.0000000000,116.3026776648,74.4274168351,697.8361600000,116.3026776648,1.0000000000,8669.0000000000,2.2136698588,1.0031349968
700,698.7488000000,23.4153169035,700.6799799756,12.2666920688,100000,0.0000000000,116.4692694215,74.5325128445,698.7488000000,116.4692694215,0.0000000000,8500.0000000000,2.2157446476,1.0027637686
701,699.6773200000,23.4310818444,701.4409702018,12.2744337385,100000,0.0000000000,116.6358397606,74.6374183504,699.6773200000,116.6358397606,1.0000000000,8333.0000000000,2.2181511100,1.0025206622
702,700.6368200000,23.4479922802,702.1841513024,12.2812246144,100000,0.0000000000,116.8023036913,74.7421457363,700.6368200000,116.8023036913,0.0000000000,8500.0000000000,2.2205012550,1.0022084642
703,701.7918000000,23.4663179745,703.4991180185,12.2932388213,100000,0.0000000000,116.9688802684,74.8469388230,701.7918000000,116.9688802684,1.0000000000,8333.0000000000,2.2246595449,1.0024327985
704,702.8126400000,23.4829604759,704.7005207435,12.3029755460,100000,0.0000000000,117.1355290863,74.9518951822,702.8126400000,117.1355290863,0.0000000000,8258.0000000000,2.2284587139,1.0026861793
705,703.7938000000,23.5034389102,705.3710523984,12.3037457464,100000,0.0000000000,117.3022142314,75.0567827668,703.7938000000,117.3022142314,1.0000000000,8093.0000000000,2.2305791211,1.0022410717
706,704.6264800000,23.5180928194,706.0236168308,12.3095812332,100000,0.0000000000,117.4686861485,75.1614061838,704.6264800000,117.4686861485,0.0000000000,8020.0000000000,2.2326427111,1.0019828049
707,705.7480000000,23.5392185122,706.7755041709,12.3147550457,100000,0.0000000000,117.6352725712,75.2658559326,705.7480000000,117.6352725712,1.0000000000,8093.0000000000,2.2350203876,1.0014559080
708,706.8996800000,23.5592697339,707.8544488353,12.3231688136,100000,0.0000000000,117.8019350565,75.3704440379,706.8996800000,117.8019350565,0.0000000000,8020.0000000000,2.2384323102,1.0013506426
709,707.8604400000,23.5761961155,708.8406284935,12.3297776428,100000,0.0000000000,117.9686097543,75.4750146198,707.8604400000,117.9686097543,1.0000000000,8093.0000000000,2.2415508841,1.0013847200
710,708.8247600000,23.5922531090,709.7400767682,12.3381665267,100000,0.0000000000,118.1353438480,75.5797553980,708.8247600000,118.1353438480,0.0000000000,8258.0000000000,2.2443951893,1.0012913160
711,709.7733200000,23.6076911158,710.8907916524,12.3470741547,100000,0.0000000000,118.3020763571,75.6845541164,709.7733200000,118.3020763571,1.0000000000,8093.0000000000,2.2480340693,1.0015744064
712,710.9769800000,23.6279701805,712.2354331189,12.3570225033,100000,0.0000000000,118.4689400738,75.7895987598,710.9769800000,118.4689400738,0.0000000000,8168.0000000000,2.2522861989,1.0017700336
713,711.8602400000,23.6441494469,712.9970265205,12.3618136587,100000,0.0000000000,118.6357474723,75.8942643462,711.8602400000,118.6357474723,1.0000000000,8245.0000000000,2.2546945687,1.0015969237
714,712.8367200000,23.6601445920,714.1127784178,12.3707024007,100000,0.0000000000,118.8024738961,75.9991151786,712.8367200000,118.8024738961,0.0000000000,8168.0000000000,2.2582228860,1.0017901132
715,713.7698800000,23.6752876069,715.1785787094,12.3794441204,100000,0.0000000000,118.9691125073,76.1039040430,713.7698800000,118.9691125073,1.0000000000,8005.0000000000,2.2615932425,1.0019736035
716,714.6432400000,23.6873755526,716.2244033278,12.3915890599,100000,0.0000000000,119.1357162669,76.2085661614,714.6432400000,119.1357162669,0.0000000000,8082.0000000000,2.2649004303,1.0022125212
717,715.5042000000,23.7021286100,717.1737263609,12.3981167665,100000,0.0000000000,119.3022606197,76.3132501353,715.5042000000,119.3022606197,1.0000000000,7921.0000000000,2.2679024533,1.0023333565
718,716.5583400000,23.7167171506,718.4235381837,12.4127220059,100000,0.0000000000,119.4687749542,76.4180382346,716.5583400000,119.4687749542,0.0000000000,7762.0000000000,2.2718547053,1.0026029956
719,717.4940000000,23.7324728880,719.3027064345,12.4202951101,100000,0.0000000000,119.6352321973,76.5226036347,717.4940000000,119.6352321973,1.0000000000,7841.0000000000,2.2746348795,1.0025208663
720,718.6823600000,23.7517322989,720.3906468471,12.4313142026,100000,0.0000000000,119.8019192201,76.6271578824,718.6823600000,119.8019192201,0.0000000000,7684.0000000000,2.2780752491,1.0023769706
721,719.6882400000,23.7694232787,721.3262362660,12.4379563031,100000,0.0000000000,119.9686447941,76.7315392584,719.6882400000,119.9686447941,1.0000000000,7765.0000000000,2.2810338426,1.0022759803
722,720.6233200000,23.7830497796,722.2598055770,12.4494924868,100000,0.0000000000,120.1352730956,76.8359081820,720.6233200000,120.1352730956,0.0000000000,7922.0000000000,2.2839860480,1.0022709306
723,721.3670800000,23.7963203867,722.8206114191,12.4540040169,100000,0.0000000000,120.3017474487,76.9400558608,721.3670800000,120.3017474487,1.0000000000,8005.0000000000,2.2857594718,1.0020149678
724,722.3374200000,23.8118065842,724.2035271025,12.4633577818,100000,0.0000000000,120.4682440534,77.0444110856,722.3374200000,120.4682440534,0.0000000000,7888.0000000000,2.2901326352,1.0025834285
725,723.4673600000,23.8307623447,725.2910917795,12.4724546931,100000,0.0000000000,120.6348442332,77.1488112941,723.4673600000,120.6348442332,1.0000000000,8005.0000000000,2.2935718167,1.0025208211
726,724.5558800000,23.8480000426,726.2233794897,12.4831395878,100000,0.0000000000,120.8015506991,77.2532036887,724.5558800000,120.8015506991,0.0000000000,7850.0000000000,2.2965199693,1.0023014091
727,725.6291600000,23.8662710589,727.4291796166,12.4912075375,100000,0.0000000000,120.9683159030,77.3575199288,725.6291600000,120.9683159030,1.0000000000,7957.0000000000,2.3003330441,1.0024806330
728,726.6075600000,23.8811403439,728.4031764283,12.5019476833,100000,0.0000000000,121.1351179016,77.4618399884,726.6075600000,121.1351179016,0.0000000000,7848.0000000000,2.3034130924,1.0024712328
729,727.5749200000,23.8967010046,729.4585012096,12.5108992921,100000,0.0000000000,121.3019840929,77.5661212838,727.5749200000,121.3019840929,1.0000000000,7957.0000000000,2.3067503224,1.0025888485
730,728.7020600000,23.9131101899,730.7323538696,12.5245846656,100000,0.0000000000,121.4688870774,77.6704420178,728.7020600000,121.4688870774,0.0000000000,7850.0000000000,2.3107785982,1.0027861783
731,729.5774800000,23.9271250199,731.8213105102,12.5327637927,100000,0.0000000000,121.6356784710,77.7748262560,729.5774800000,121.6356784710,1.0000000000,7709.0000000000,2.3142221815,1.0030755205
732,730.2673600000,23.9382125935,732.5502246526,12.5391123222,100000,0.0000000000,121.8022514690,77.8790269197,730.2673600000,121.8022514690,0.0000000000,7780.0000000000,2.3165272104,1.0031260669
733,731.3160800000,23.9563398644,733.5932433259,12.5463086325,100000,0.0000000000,121.9689268566,77.9832804502,731.3160800000,121.9689268566,1.0000000000,7877.0000000000,2.3198255250,1.0031137881
734,732.1237800000,23.9710083540,734.0878688539,12.5504796121,100000,0.0000000000,122.1355531612,78.0873196080,732.1237800000,122.1355531612,0.0000000000,7780.0000000000,2.3213896683,1.0026827278
735,733.1321200000,23.9891633407,734.8564999402,12.5559612221,100000,0.0000000000,122.3022605840,78.1910575989,733.1321200000,122.3022605840,1.0000000000,7633.0000000000,2.3238202932,1.0023520726
736,734.0243000000,24.0034430611,735.9273565845,12.5641960035,100000,0.0000000000,122.4688636365,78.2948772054,734.0243000000,122.4688636365,0.0000000000,7780.0000000000,2.3272066392,1.0025926343
737,735.0098800000,24.0200131275,736.8043927545,12.5717480629,100000,0.0000000000,122.6354509201,78.3986382065,735.0098800000,122.6354509201,1.0000000000,7685.0000000000,2.3299800711,1.0024414811
738,736.1464200000,24.0373616880,737.9573117472,12.5837857214,100000,0.0000000000,122.8020246782,78.5026079807,736.1464200000,122.8020246782,0.0000000000,7834.0000000000,2.3336259211,1.0024599614
739,737.1105200000,24.0534720741,739.0044042801,12.5913065717,100000,0.0000000000,122.9685625545,78.6065436716,737.1105200000,122.9685625545,1.0000000000,7929.0000000000,2.3369371184,1.0025693356
740,738.2314200000,24.0724092822,740.1297726242,12.5996242543,100000,0.0000000000,123.1352128784,78.7106025749,738.2314200000,123.1352128784,0.0000000000,8080.0000000000,2.3404958456,1.0025714872
741,739.0695200000,24.0867300539,741.0075825570,12.6055128937,100000,0.0000000000,123.3017397685,78.8145678712,739.0695200000,123.3017397685,1.0000000000,7985.0000000000,2.3432717243,1.0026223008
742,740.0487400000,24.1024209362,742.1426553867,12.6143586842,100000,0.0000000000,123.4683233116,78.9184338203,740.0487400000,123.4683233116,0.0000000000,8026.0000000000,2.3468611398,1.0028294290
743,741.0034400000,24.1178524060,743.2378644742,12.6227031701,100000,0.0000000000,123.6348631092,79.0223523523,741.0034400000,123.6348631092,1.0000000000,7985.0000000000,2.3503244950,1.0030154036
744,742.0728000000,24.1350277119,744.1857541637,12.6322301018,100000,0.0000000000,123.8014755237,79.1262524606,742.0728000000,123.8014755237,0.0000000000,8080.0000000000,2.3533219854,1.0028473678
745,743.0460000000,24.1510015574,745.2982954791,12.6402185018,100000,0.0000000000,123.9679788108,79.2301215551,743.0460000000,123.9679788108,1.0000000000,8233.0000000000,2.3568401500,1.0030311656
746,744.0450600000,24.1676418846,746.1140405123,12.6479304923,100000,0.0000000000,124.1344545330,79.3337831645,744.0450600000,124.1344545330,0.0000000000,8330.0000000000,2.3594197623,1.0027807194
747,744.9977200000,24.1844207576,746.9811642035,12.6535177961,100000,0.0000000000,124.3009464161,79.4374036447,744.9977200000,124.3009464161,1.0000000000,8485.0000000000,2.3621618481,1.0026623494
748,745.8898600000,24.1997838137,747.6802524002,12.6593966432,100000,0.0000000000,124.4672864448,79.5407739180,745.8898600000,124.4672864448,0.0000000000,8584.0000000000,2.3643725591,1.0024003442
749,746.8196000000,24.2147190503,748.6907459398,12.6675562487,100000,0.0000000000,124.6336528370,79.6441217650,746.8196000000,124.6336528370,1.0000000000,8741.0000000000,2.3675680203,1.0025054858
750,747.6243600000,24.2263664575,749.7629776500,12.6770473009,100000,0.0000000000,124.7998771285,79.7474816547,747.6243600000,124.7998771285,0.0000000000,8900.0000000000,2.3709587146,1.0028605511
751,748.4677200000,24.2419154207,750.4037364766,12.6805858200,100000,0.0000000000,124.9660127152,79.8507543678,748.4677200000,124.9660127152,1.0000000000,9001.0000000000,2.3729849720,1.0025866399
752,749.4560600000,24.2572345207,751.5304049799,12.6902574208,100000,0.0000000000,125.1321158827,79.9541262727,749.4560600000,125.1321158827,0.0000000000,8900.0000000000,2.3765478106,1.0027678007
753,750.3048400000,24.2723837410,752.2963024451,12.6947322749,100000,0.0000000000,125.2981111513,80.0572521961,750.3048400000,125.2981111513,1.0000000000,8741.0000000000,2.3789697910,1.0026542044
754,751.2852600000,24.2885524147,753.2947537762,12.7024203048,100000,0.0000000000,125.4641161803,80.1604184651,751.2852600000,125.4641161803,0.0000000000,8584.0000000000,2.3821271714,1.0026747414
755,752.3382800000,24.3055066128,754.3158430569,12.7114369091,100000,0.0000000000,125.6302111821,80.2636545830,752.3382800000,125.6302111821,1.0000000000,8429.0000000000,2.3853561392,1.0026285557
756,753.1627000000,24.3171216617,755.1170973092,12.7216466737,100000,0.0000000000,125.7961702247,80.3668927140,753.1627000000,125.7961702247,0.0000000000,8330.0000000000,2.3878899276,1.0025949205
757,754.1692400000,24.3340170729,756.0484869622,12.7288983458,100000,0.0000000000,125.9621495249,80.4700995216,754.1692400000,125.9621495249,1.0000000000,8233.0000000000,2.3908352403,1.0024918107
758,755.1047200000,24.3501308190,756.8126128929,12.7348281927,100000,0.0000000000,126.1281522141,80.5731967262,755.1047200000,126.1281522141,0.0000000000,8138.0000000000,2.3932516187,1.0022617961
759,756.0905200000,24.3651437300,757.8720562510,12.7448142794,100000,0.0000000000,126.2941297795,80.6762657159,756.0905200000,126.2941297795,1.0000000000,7985.0000000000,2.3966018727,1.0023562473
760,757.0092800000,24.3789952027,758.7509111651,12.7543668172,100000,0.0000000000,126.4600615225,80.7794038915,757.0092800000,126.4600615225,0.0000000000,8138.0000000000,2.3993810560,1.0023006735
761,757.9563600000,24.3950532054,759.6119557350,12.7607891255,100000,0.0000000000,126.6259949098,80.8825565677,757.9563600000,126.6259949098,1.0000000000,8293.0000000000,2.4021039180,1.0021842890
762,758.9473600000,24.4107837626,760.6338033174,12.7695339028,100000,0.0000000000,126.7918746578,80.9857445647,758.9473600000,126.7918746578,0.0000000000,8200.0000000000,2.4053352838,1.0022220821
763,759.9504800000,24.4295519033,761.4588784877,12.7729195490,100000,0.0000000000,126.9577400347,81.0887710761,759.9504800000,126.9577400347,1.0000000000,8293.0000000000,2.4079444006,1.0019848642
764,760.8089000000,24.4437677502,762.3570265176,12.7793238543,100000,0.0000000000,127.1235614070,81.1918386967,760.8089000000,127.1235614070,0.0000000000,8138.0000000000,2.4107845940,1.0020348428
765,761.7425600000,24.4602374068,763.2270059980,12.7843398735,100000,0.0000000000,127.2893573549,81.2948763282,761.7425600000,127.2893573549,1.0000000000,8293.0000000000,2.4135357107,1.0019487502
766,762.7789000000,24.4774523536,764.1019960154,12.7919203514,100000,0.0000000000,127.4551644843,81.3979574054,762.7789000000,127.4551644843,0.0000000000,8324.0000000000,2.4163026721,1.0017345734
767,763.6824400000,24.4927067169,764.9772996604,12.7980372589,100000,0.0000000000,127.6209352975,81.5009413611,763.6824400000,127.6209352975,1.0000000000,8489.0000000000,2.4190706253,1.0016955472
768,764.8257200000,24.5093250270,766.1812540819,12.8108823553,100000,0.0000000000,127.7868072540,81.6039530150,764.8257200000,127.7868072540,0.0000000000,8324.0000000000,2.4228778634,1.0017723437
769,765.7972400000,24.5257144966,766.9706195731,12.8174322090,100000,0.0000000000,127.9526426460,81.7070157514,765.7972400000,127.9526426460,1.0000000000,8489.0000000000,2.4253740563,1.0015322327
770,766.5926600000,24.5386968202,767.8337433547,12.8236117521,100000,0.0000000000,128.1183614908,81.8100918353,766.5926600000,128.1183614908,0.0000000000,8570.0000000000,2.4281034933,1.0016189607
771,767.3994000000,24.5493295604,768.9369824892,12.8347114550,100000,0.0000000000,128.2838791028,81.9132496257,767.3994000000,128.2838791028,1.0000000000,8653.0000000000,2.4315922418,1.0020036274
772,768.3310600000,24.5652968282,769.8125309705,12.8404537202,100000,0.0000000000,128.4494202343,82.0164061227,768.3310600000,128.4494202343,0.0000000000,8820.0000000000,2.4343609692,1.0019281675
773,769.5410800000,24.5819267118,771.6484780212,12.8557364291,100000,0.0000000000,128.6151393873,82.1199626441,769.5410800000,128.6151393873,1.0000000000,8737.0000000000,2.4401667435,1.0027385127
774,770.7765600000,24.6016426973,773.1106140744,12.8660691976,100000,0.0000000000,128.7809727870,82.2237523559,770.7765600000,128.7809727870,0.0000000000,8656.0000000000,2.4447904237,1.0030281851
775,771.7120400000,24.6170086811,773.9919229805,12.8730308628,100000,0.0000000000,128.9467297603,82.3273733681,771.7120400000,128.9467297603,1.0000000000,8825.0000000000,2.4475773672,1.0029543183
776,772.8718000000,24.6351880980,775.0317693390,12.8832956722,100000,0.0000000000,129.1126438507,82.4308677021,772.8718000000,129.1126438507,0.0000000000,8656.0000000000,2.4508656501,1.0027947317
777,773.8679200000,24.6516325782,776.0011451505,12.8904977106,100000,0.0000000000,129.2785468182,82.5343770412,773.8679200000,129.2785468182,1.0000000000,8825.0000000000,2.4539310856,1.0027565752
778,774.8686600000,24.6672937998,776.8032893016,12.8993517897,100000,0.0000000000,129.4444714702,82.6378859806,774.8686600000,129.4444714702,0.0000000000,8996.0000000000,2.4564676881,1.0024967190
779,775.7514800000,24.6804505154,777.7876099282,12.9084020063,100000,0.0000000000,129.6103505750,82.7414243042,775.7514800000,129.6103505750,1.0000000000,9077.0000000000,2.4595803832,1.0026247194
780,776.6649200000,24.6943523935,778.8205735607,12.9171931884,100000,0.0000000000,129.7761928903,82.8450551474,776.6649200000,129.7761928903,0.0000000000,9250.0000000000,2.4628469011,1.0027755258
781,777.6742400000,24.7095222787,780.2035940192,12.9272483057,100000,0.0000000000,129.9420344356,82.9490029281,777.6742400000,129.9420344356,1.0000000000,9077.0000000000,2.4672203957,1.0032524596
782,778.6188200000,24.7234502681,781.2894606110,12.9371491001,100000,0.0000000000,130.1078496714,83.0528510265,778.6188200000,130.1078496714,0.0000000000,8996.0000000000,2.4706542074,1.0034299718
783,779.5173600000,24.7360447789,782.3179062367,12.9477970595,100000,0.0000000000,130.2735419358,83.1567405615,779.5173600000,130.2735419358,1.0000000000,9169.0000000000,2.4739064380,1.0035926669
784,780.5748600000,24.7519924451,783.2784973788,12.9581530318,100000,0.0000000000,130.4393050367,83.2606484869,780.5748600000,130.4393050367,0.0000000000,8996.0000000000,2.4769440940,1.0034636491
785,781.5307600000,24.7689927290,783.9788160747,12.9625521866,100000,0.0000000000,130.6050976796,83.3644581227,781.5307600000,130.6050976796,1.0000000000,8825.0000000000,2.4791586961,1.0031323861
786,782.7154600000,24.7887641285,785.1489813768,12.9704523044,100000,0.0000000000,130.7710782624,83.4683145672,782.7154600000,130.7710782624,0.0000000000,8746.0000000000,2.4828590837,1.0031090754
787,783.6473200000,24.8028799539,786.2645778724,12.9793861948,100000,0.0000000000,130.9369514540,83.5721366142,783.6473200000,130.9369514540,1.0000000000,8669.0000000000,2.4863869096,1.0033398415
788,784.7861600000,24.8201222117,787.3649021594,12.9902922752,100000,0.0000000000,131.1028509339,83.6758355636,784.7861600000,131.1028509339,0.0000000000,8810.0000000000,2.4898664405,1.0032859170
789,785.6963600000,24.8354404620,788.1972963432,12.9960477476,100000,0.0000000000,131.2686938618,83.7795016983,785.6963600000,131.2686938618,1.0000000000,8669.0000000000,2.4924987020,1.0031830825
790,786.5526600000,24.8487882917,789.1371133377,13.0034757060,100000,0.0000000000,131.4344337926,83.8832586461,786.5526600000,131.4344337926,0.0000000000,8810.0000000000,2.4954706643,1.0032857982
791,787.5796400000,24.8651336090,790.4444550362,13.0117166665,100000,0.0000000000,131.6001712440,83.9871824435,787.5796400000,131.6001712440,1.0000000000,8957.0000000000,2.4996048418,1.0036374925
792,788.8302000000,24.8850054271,791.6331082818,13.0217781002,100000,0.0000000000,131.7660787412,84.0912458470,788.8302000000,131.7660787412,0.0000000000,8840.0000000000,2.5033636934,1.0035532467
793,789.9792400000,24.9015099415,792.9718566311,13.0343408975,100000,0.0000000000,131.9321602294,84.1954144958,789.9792400000,131.9321602294,1.0000000000,8989.0000000000,2.5075971874,1.0037882219
794,790.7573400000,24.9138401252,793.7349063737,13.0406253767,100000,0.0000000000,132.0980783913,84.2995399647,790.7573400000,132.0980783913,0.0000000000,8840.0000000000,2.5100101625,1.0037654616
795,791.5574000000,24.9274216631,794.3398631979,13.0453458839,100000,0.0000000000,132.2638651531,84.4036097241,791.5574000000,132.2638651531,1.0000000000,8765.0000000000,2.5119232040,1.0035151755
796,792.5376200000,24.9408205724,795.3608391446,13.0573002254,100000,0.0000000000,132.4296520488,84.5075973298,792.5376200000,132.4296520488,0.0000000000,8840.0000000000,2.5151518134,1.0035622525
797,793.5286000000,24.9567456421,796.3258533679,13.0648171421,100000,0.0000000000,132.5954833151,84.6114430680,793.5286000000,132.5954833151,1.0000000000,8917.0000000000,2.5182034563,1.0035250820
798,794.4190600000,24.9705545149,797.1799170756,13.0725080691,100000,0.0000000000,132.7611988109,84.7151416586,794.4190600000,132.7611988109,0.0000000000,8996.0000000000,2.5209042429,1.0034753158
799,795.3797600000,24.9840663679,798.2242157830,13.0834318023,100000,0.0000000000,132.9269296723,84.8189257846,795.3797600000,132.9269296723,1.0000000000,8825.0000000000,2.5242066054,1.0035762235
800,796.3738400000,24.9992763078,799.1648595901,13.0923651067,100000,0.0000000000,133.0926309300,84.9226977521,796.3738400000,133.0926309300,0.0000000000,8996.0000000000,2.5271811823,1.0035046601
801,797.4145200000,25.0146764263,800.5146215861,13.1026899256,100000,0.0000000000,133.2583504037,85.0267182921,797.4145200000,133.2583504037,1.0000000000,9077.0000000000,2.5314495045,1.0038876914
802,798.4773800000,25.0310820816,801.7192447661,13.1119148039,100000,0.0000000000,133.4242069648,85.1310585737,798.4773800000,133.4242069648,0.0000000000,9076.0000000000,2.5352588575,1.0040600584
803,799.8484000000,25.0530069229,803.1403315844,13.1223185498,100000,0.0000000000,133.5902870277,85.2357062252,799.8484000000,133.5902870277,1.0000000000,9197.0000000000,2.5397527285,1.0041156944
804,800.7266800000,25.0662679445,804.2287229490,13.1304566308,100000,0.0000000000,133.7563495166,85.3404271575,800.7266800000,133.7563495166,0.0000000000,9076.0000000000,2.5431945242,1.0043735809
805,801.6102400000,25.0800498455,805.2214783568,13.1377829084,100000,0.0000000000,133.9224341551,85.4450443310,801.6102400000,133.9224341551,1.0000000000,8989.0000000000,2.5463338925,1.0045049803
806,802.5754800000,25.0944917318,806.3255565978,13.1469374655,100000,0.0000000000,134.0885048190,85.5496093219,802.5754800000,134.0885048190,0.0000000000,9160.0000000000,2.5498252945,1.0046725532
807,803.5042800000,25.1101173770,807.2042054039,13.1524250734,100000,0.0000000000,134.2545349355,85.6542071466,803.5042800000,134.2545349355,1.0000000000,9245.0000000000,2.5526038259,1.0046047364
808,804.6240000000,25.1288502357,808.2118163353,13.1592129639,100000,0.0000000000,134.4206834185,85.7588113000,804.6240000000,134.4206834185,0.0000000000,9418.0000000000,2.5557901715,1.0044589974
809,805.5558800000,25.1430771959,809.6608302971,13.1674427708,100000,0.0000000000,134.5868296896,85.8637446716,805.5558800000,134.5868296896,1.0000000000,9505.0000000000,2.5603723560,1.0050957983
810,806.4635600000,25.1567403573,810.7277617500,13.1758102065,100000,0.0000000000,134.7529683461,85.9688537962,806.4635600000,134.7529683461,0.0000000000,9418.0000000000,2.5637462895,1.0052875318
811,807.3828400000,25.1696786046,812.0654921332,13.1859819105,100000,0.0000000000,134.9191435025,86.0742210052,807.3828400000,134.9191435025,1.0000000000,9505.0000000000,2.5679765644,1.0057997915
812,808.5896200000,25.1880442967,813.3392589002,13.1966679319,100000,0.0000000000,135.0854869629,86.1798744924,808.5896200000,135.0854869629,0.0000000000,9594.0000000000,2.5720045686,1.0058739796
813,809.5348400000,25.2046763372,814.0166963559,13.2007246293,100000,0.0000000000,135.2518002808,86.2852911041,809.5348400000,135.2518002808,1.0000000000,9769.0000000000,2.5741468139,1.0055363354
814,810.3908400000,25.2171947859,815.0184655847,13.2092364324,100000,0.0000000000,135.4179675311,86.3907907770,810.3908400000,135.4179675311,0.0000000000,9946.0000000000,2.5773146863,1.0057103627
815,811.3861200000,25.2346195333,815.6568582629,13.2136329982,100000,0.0000000000,135.5840738491,86.4959789387,811.3861200000,135.5840738491,1.0000000000,9769.0000000000,2.5793334612,1.0052635091
816,812.1687600000,25.2462647281,816.5262300257,13.2210013720,100000,0.0000000000,135.7500532315,86.6010332032,812.1687600000,135.7500532315,0.0000000000,9680.0000000000,2.5820826562,1.0053652273
817,813.2506400000,25.2634379889,817.5686952297,13.2291096065,100000,0.0000000000,135.9160373886,86.7061369999,813.2506400000,135.9160373886,1.0000000000,9769.0000000000,2.5853792206,1.0053096241
818,814.3554200000,25.2794504907,818.6531536351,13.2402720095,100000,0.0000000000,136.0821096227,86.8113598916,814.3554200000,136.0821096227,0.0000000000,9860.0000000000,2.5888085792,1.0052774667
819,815.3390400000,25.2944866917,819.6839003981,13.2486974079,100000,0.0000000000,136.2482237380,86.9166000208,815.3390400000,136.2482237380,1.0000000000,9769.0000000000,2.5920680866,1.0053289002
820,816.3068000000,25.3105899436,820.5270574172,13.2544647839,100000,0.0000000000,136.4143542453,87.0217517034,816.3068000000,136.4143542453,0.0000000000,9946.0000000000,2.5947343832,1.0051699403
821,817.3354400000,25.3252192638,821.4366130384,13.2653197941,100000,0.0000000000,136.5805119425,87.1268836660,817.3354400000,136.5805119425,1.0000000000,9769.0000000000,2.5976106507,1.0050177355
822,818.1356000000,25.3371480543,822.2389085008,13.2726986130,100000,0.0000000000,136.7465276151,87.2318970610,818.1356000000,136.7465276151,0.0000000000,9946.0000000000,2.6001477317,1.0050154382
823,819.1230000000,25.3531003228,823.1068244104,13.2794316152,100000,0.0000000000,136.9125896424,87.3367935582,819.1230000000,136.9125896424,1.0000000000,9769.0000000000,2.6028923228,1.0048635241
824,819.9901000000,25.3666002003,824.0819617623,13.2862972374,100000,0.0000000000,137.0786612453,87.4416106695,819.9901000000,137.0786612453,0.0000000000,9680.0000000000,2.6059759778,1.0049901356
825,820.9944000000,25.3823077310,825.1522919611,13.2940909523,100000,0.0000000000,137.2446803815,87.5465602041,820.9944000000,137.2446803815,1.0000000000,9857.0000000000,2.6093606591,1.0050644584
826,821.7932400000,25.3941934508,825.9016974739,13.3014352226,100000,0.0000000000,137.4105995870,87.6515651185,821.7932400000,137.4105995870,0.0000000000,10036.0000000000,2.6117304874,1.0049993810
827,822.6292800000,25.4077691291,826.5389603441,13.3069360817,100000,0.0000000000,137.5763557852,87.7565178621,822.6292800000,137.5763557852,1.0000000000,9949.0000000000,2.6137456896,1.0047526637
828,823.3818200000,25.4187213828,827.3795479546,13.3142939453,100000,0.0000000000,137.7419361214,87.8614058858,823.3818200000,137.7419361214,0.0000000000,10130.0000000000,2.6164038610,1.0048552541
829,824.2972000000,25.4317699295,828.6486633020,13.3237486562,100000,0.0000000000,137.9075495734,87.9664630154,824.2972000000,137.9075495734,1.0000000000,10313.0000000000,2.6204171561,1.0052789980
830,825.2338800000,25.4487939683,829.1866478062,13.3263935691,100000,0.0000000000,138.0731573424,88.0712788064,825.2338800000,138.0731573424,0.0000000000,10400.0000000000,2.6221184125,1.0047898758
831,826.1187600000,25.4642882654,829.8980170937,13.3299956165,100000,0.0000000000,138.2385899847,88.1759133112,826.1187600000,138.2385899847,1.0000000000,10489.0000000000,2.6243679597,1.0045747140
832,827.1872200000,25.4802994780,830.9663483371,13.3394736969,100000,0.0000000000,138.4040739216,88.2806231269,827.1872200000,138.4040739216,0.0000000000,10306.0000000000,2.6277463197,1.0045686493
833,828.2916000000,25.4959667204,832.2461869960,13.3509280948,100000,0.0000000000,138.5696092943,88.3854105619,828.2916000000,138.5696092943,1.0000000000,10125.0000000000,2.6317935249,1.0047743898
834,829.3236400000,25.5125142344,833.2707363979,13.3579660668,100000,0.0000000000,138.7351753818,88.4902481118,829.3236400000,138.7351753818,0.0000000000,10216.0000000000,2.6350334346,1.0047594162
835,830.3173600000,25.5269224600,834.3896136953,13.3676321659,100000,0.0000000000,138.9007839932,88.5950980806,830.3173600000,138.9007839932,1.0000000000,10309.0000000000,2.6385716353,1.0049044545
836,831.2397000000,25.5401348476,835.5598252572,13.3768909679,100000,0.0000000000,139.0664133814,88.6999999773,831.2397000000,139.0664133814,0.0000000000,10404.0000000000,2.6422721691,1.0051972076
837,832.2490800000,25.5570888378,836.4733349720,13.3822378599,100000,0.0000000000,139.2320187140,88.8049382886,832.2490800000,139.2320187140,1.0000000000,10585.0000000000,2.6451609405,1.0050757100
838,833.3206400000,25.5730769826,837.5864851285,13.3917278065,100000,0.0000000000,139.3975904784,88.9099651752,833.3206400000,139.3975904784,0.0000000000,10490.0000000000,2.6486810304,1.0051190921
839,834.1895600000,25.5864525399,838.5713075863,13.3986195716,100000,0.0000000000,139.5631528482,89.0151313062,834.1895600000,139.5631528482,1.0000000000,10673.0000000000,2.6517953124,1.0052527001
840,835.2684800000,25.6022220175,839.5827687122,13.4087548925,100000,0.0000000000,139.7287662588,89.1202474381,835.2684800000,139.7287662588,0.0000000000,10490.0000000000,2.6549938334,1.0051651521
841,836.4063200000,25.6195090141,840.8396553113,13.4181622391,100000,0.0000000000,139.8944672885,89.2253751100,836.4063200000,139.8944672885,1.0000000000,10673.0000000000,2.6589684578,1.0053004565
842,837.2073600000,25.6324899163,841.3929087661,13.4232194607,100000,0.0000000000,140.0599903526,89.3302549075,837.2073600000,140.0599903526,0.0000000000,10490.0000000000,2.6607179988,1.0049994171
843,838.3294400000,25.6493236964,842.6393479237,13.4328565062,100000,0.0000000000,140.2255136038,89.4352368164,838.3294400000,140.2255136038,1.0000000000,10309.0000000000,2.6646595855,1.0051410671
844,839.4776600000,25.6655065951,843.9895325423,13.4446804060,100000,0.0000000000,140.3911467042,89.5403627994,839.4776600000,140.3911467042,0.0000000000,10404.0000000000,2.6689292442,1.0053746190
845,840.6820000000,25.6830750640,845.2887818941,13.4559152516,100000,0.0000000000,140.5568993148,89.6456274337,840.6820000000,140.5568993148,1.0000000000,10309.0000000000,2.6730378314,1.0054798151
846,841.7885000000,25.6989108845,846.3255239137,13.4667917244,100000,0.0000000000,140.7227857115,89.7509276338,841.7885000000,140.7227857115,0.0000000000,10490.0000000000,2.6763162975,1.0053897433
847,842.9084000000,25.7152294908,847.7628985096,13.4772167837,100000,0.0000000000,140.8887164264,89.8564292763,842.9084000000,140.8887164264,1.0000000000,10673.0000000000,2.6808616751,1.0057592243
848,843.6135800000,25.7243454756,848.6104348637,13.4859790097,100000,0.0000000000,141.0544927021,89.9619608888,843.6135800000,141.0544927021,0.0000000000,10580.0000000000,2.6835418204,1.0059231560
849,844.8650400000,25.7439194991,850.0033458909,13.4950231131,100000,0.0000000000,141.2203926972,90.0676603309,844.8650400000,141.2203926972,1.0000000000,10765.0000000000,2.6879465918,1.0060818067
850,846.0459000000,25.7633088919,850.7838536392,13.5017708076,100000,0.0000000000,141.3864426503,90.1732171386,846.0459000000,141.3864426503,0.0000000000,10580.0000000000,2.6904147740,1.0056001142
851,847.1963200000,25.7806303544,851.9956053516,13.5113070623,100000,0.0000000000,141.5525586453,90.2789951068,847.1963200000,141.5525586453,1.0000000000,10397.0000000000,2.6942466694,1.0056649034
852,848.0253000000,25.7939221710,852.8665313869,13.5166149252,100000,0.0000000000,141.7185391073,90.3846489747,848.0253000000,141.7185391073,0.0000000000,10306.0000000000,2.6970007793,1.0057088290
853,849.0431200000,25.8099389593,853.7306921862,13.5236892495,100000,0.0000000000,141.8844674022,90.4902144151,849.0431200000,141.8844674022,1.0000000000,10217.0000000000,2.6997334957,1.0055210060
854,850.0515800000,25.8261356772,854.5345962449,13.5300515883,100000,0.0000000000,142.0504550702,90.5956368115,850.0515800000,142.0504550702,0.0000000000,10036.0000000000,2.7022756635,1.0052738167
855,851.0313600000,25.8430041527,855.3364837633,13.5340495183,100000,0.0000000000,142.2165268218,90.7010085852,851.0313600000,142.2165268218,1.0000000000,9857.0000000000,2.7048114545,1.0050587134
856,852.2047000000,25.8600972978,856.2639982493,13.5447431776,100000,0.0000000000,142.3826899601,90.8063947883,852.2047000000,142.3826899601,0.0000000000,9946.0000000000,2.7077445129,1.0047632901
857,853.0902400000,25.8760254373,856.9320123421,13.5470124960,100000,0.0000000000,142.5487487052,90.9117900714,853.0902400000,142.5487487052,1.0000000000,9857.0000000000,2.7098569589,1.0045033599
858,854.1500800000,25.8916865147,858.2142471644,13.5562033559,100000,0.0000000000,142.7148750164,91.0173308342,854.1500800000,142.7148750164,0.0000000000,9946.0000000000,2.7139117414,1.0047581418
859,855.2367200000,25.9091392332,859.2104045713,13.5629356775,100000,0.0000000000,142.8810845174,91.1230187936,855.2367200000,142.8810845174,1.0000000000,10125.0000000000,2.7170618678,1.0046462979
860,856.1449600000,25.9214391710,860.0915993699,13.5729124105,100000,0.0000000000,143.0472324526,91.2286725878,856.1449600000,143.0472324526,0.0000000000,9946.0000000000,2.7198484504,1.0046097794
861,857.1065600000,25.9351474738,861.2557238852,13.5821458360,100000,0.0000000000,143.2134707858,91.3343491531,857.1065600000,143.2134707858,1.0000000000,9857.0000000000,2.7235297353,1.0048408962
862,858.1300200000,25.9498810654,862.2885357552,13.5916773318,100000,0.0000000000,143.3796618002,91.4401033933,858.1300200000,143.3796618002,0.0000000000,9680.0000000000,2.7267957732,1.0048460206
863,859.2568400000,25.9643889976,863.9575926359,13.6054159798,100000,0.0000000000,143.5459319568,91.5463481357,859.2568400000,143.5459319568,1.0000000000,9857.0000000000,2.7320737945,1.0054707189
864,860.2829400000,25.9789980433,864.9705190265,13.6152341392,100000,0.0000000000,143.7121670956,91.6524916337,860.2829400000,143.7121670956,0.0000000000,9946.0000000000,2.7352769490,1.0054488806
865,861.2302800000,25.9944477457,865.7082843147,13.6205347323,100000,0.0000000000,143.8783513457,91.7583676193,861.2302800000,143.8783513457,1.0000000000,9769.0000000000,2.7376099677,1.0051995435
866,862.2215000000,26.0085870023,866.7879919437,13.6299267109,100000,0.0000000000,144.0445184631,91.8644610447,862.2215000000,144.0445184631,0.0000000000,9594.0000000000,2.7410243030,1.0052961935
867,862.9987200000,26.0193215912,867.8587459249,13.6379479371,100000,0.0000000000,144.2106166225,91.9706570265,862.9987200000,144.2106166225,1.0000000000,9685.0000000000,2.7444103244,1.0056315564
868,863.9594600000,26.0344859150,868.5640662591,13.6442296646,100000,0.0000000000,144.3767498917,92.0767647983,863.9594600000,144.3767498917,0.0000000000,9860.0000000000,2.7466407432,1.0053296555
869,865.1416400000,26.0531505316,869.6081723271,13.6519224791,100000,0.0000000000,144.5429833078,92.1829489003,865.1416400000,144.5429833078,1.0000000000,9953.0000000000,2.7499424964,1.0051627758
870,865.9799200000,26.0670635451,870.3005407311,13.6560652508,100000,0.0000000000,144.7091343165,92.2889774309,865.9799200000,144.7091343165,0.0000000000,9778.0000000000,2.7521319576,1.0049892851
871,866.6444800000,26.0752351710,871.1987954110,13.6647938433,100000,0.0000000000,144.8750675330,92.3948696753,866.6444800000,144.8750675330,1.0000000000,9685.0000000000,2.7549724883,1.0052551139
872,867.5896600000,26.0899806355,872.1445943770,13.6712314894,100000,0.0000000000,145.0409232709,92.5007642526,867.5896600000,145.0409232709,0.0000000000,9860.0000000000,2.7579633672,1.0052501022
873,868.5052400000,26.1043936917,873.1477291802,13.6772025644,100000,0.0000000000,145.2067176123,92.6066335449,868.5052400000,145.2067176123,1.0000000000,10037.0000000000,2.7611355580,1.0053453784
874,869.3741200000,26.1180664578,873.9701015219,13.6828624383,100000,0.0000000000,145.3723640514,92.7123885968,869.3741200000,145.3723640514,0.0000000000,10130.0000000000,2.7637361277,1.0052865405
875,870.2383200000,26.1299443029,874.9030593178,13.6917614180,100000,0.0000000000,145.5379187492,92.8181618593,870.2383200000,145.5379187492,1.0000000000,10309.0000000000,2.7666863993,1.0053603010
876,871.2311000000,26.1444125606,875.9576200895,13.7003938578,100000,0.0000000000,145.7034437535,92.9238603417,871.2311000000,145.7034437535,0.0000000000,10130.0000000000,2.7700212133,1.0054251049
877,872.0291600000,26.1566654129,876.9939329492,13.7061305436,100000,0.0000000000,145.8688202925,93.0296321252,872.0291600000,145.8688202925,1.0000000000,10309.0000000000,2.7732983223,1.0056933566
878,873.0195600000,26.1716483082,878.0448161782,13.7136568731,100000,0.0000000000,146.0341721516,93.1354268466,873.0195600000,146.0341721516,0.0000000000,10404.0000000000,2.7766215068,1.0057561782
879,873.8902400000,26.1834138549,878.8150327986,13.7229398783,100000,0.0000000000,146.1994795164,93.2411100954,873.8902400000,146.1994795164,1.0000000000,10309.0000000000,2.7790571456,1.0056354821
880,874.7614600000,26.1953250127,879.9374836764,13.7319484225,100000,0.0000000000,146.3647921680,93.3468034914,874.7614600000,146.3647921680,0.0000000000,10404.0000000000,2.7826066470,1.0059170687
881,875.5888000000,26.2071912643,880.8042687650,13.7394296110,100000,0.0000000000,146.5300062407,93.4524042073,875.5888000000,146.5300062407,1.0000000000,10225.0000000000,2.7853476621,1.0059565275
882,876.4924000000,26.2205010895,881.6908945556,13.7469168404,100000,0.0000000000,146.6951193439,93.5581070894,876.4924000000,146.6951193439,0.0000000000,10322.0000000000,2.7881514190,1.0059310207
883,877.5512400000,26.2370263965,882.5463990831,13.7538971158,100000,0.0000000000,146.8603047210,93.6637451383,877.5512400000,146.8603047210,1.0000000000,10397.0000000000,2.7908567619,1.0056921566
884,878.7671800000,26.2526495179,884.0348065290,13.7682814210,100000,0.0000000000,147.0256144656,93.7695858975,878.7671800000,147.0256144656,0.0000000000,10306.0000000000,2.7955635195,1.0059943369
885,879.8174000000,26.2684039549,885.2257173045,13.7763693934,100000,0.0000000000,147.1910397087,93.8755307324,879.8174000000,147.1910397087,1.0000000000,10217.0000000000,2.7993295100,1.0061470906
886,880.9226400000,26.2824800535,886.6213789975,13.7896295177,100000,0.0000000000,147.3565067028,93.9816907555,880.9226400000,147.3565067028,0.0000000000,10130.0000000000,2.8037429798,1.0064690573
887,881.8999200000,26.2962784557,887.7043385632,13.7987557186,100000,0.0000000000,147.5219296344,94.0879412346,881.8999200000,147.5219296344,1.0000000000,9953.0000000000,2.8071675987,1.0065817203
888,882.8907200000,26.3113211856,888.5740885587,13.8059804964,100000,0.0000000000,147.6873953318,94.1940387799,882.8907200000,147.6873953318,0.0000000000,10048.0000000000,2.8099179897,1.0064372277
889,883.6780800000,26.3220662944,889.5800688682,13.8140112202,100000,0.0000000000,147.8527182239,94.3000925941,883.6780800000,147.8527182239,1.0000000000,9953.0000000000,2.8130991787,1.0066788902
890,884.8292800000,26.3400932979,890.5992819527,13.8213156052,100000,0.0000000000,148.0181361788,94.4061289456,884.8292800000,148.0181361788,0.0000000000,9864.0000000000,2.8163222135,1.0065210342
891,885.7047600000,26.3534977504,891.4393995070,13.8274334683,100000,0.0000000000,148.1835581326,94.5121118753,885.7047600000,148.1835581326,1.0000000000,9949.0000000000,2.8189788985,1.0064746626
892,886.7262000000,26.3688405530,892.3431251226,13.8351164756,100000,0.0000000000,148.3489969533,94.6179931892,886.7262000000,148.3489969533,0.0000000000,10048.0000000000,2.8218367298,1.0063344526
893,887.7086400000,26.3855383647,893.1523001534,13.8387862621,100000,0.0000000000,148.5144413452,94.7237636348,887.7086400000,148.5144413452,1.0000000000,10225.0000000000,2.8243955659,1.0061322600
894,888.9132800000,26.4033169388,894.1953562839,13.8483982695,100000,0.0000000000,148.6799663667,94.8295523375,888.9132800000,148.6799663667,0.0000000000,10404.0000000000,2.8276939990,1.0059421728
895,889.8928400000,26.4189232175,895.0766614524,13.8540007228,100000,0.0000000000,148.8454309402,94.9353171154,889.8928400000,148.8454309402,1.0000000000,10585.0000000000,2.8304809306,1.0058252199
896,891.1438000000,26.4383507575,895.9126269685,13.8620853129,100000,0.0000000000,149.0110448571,95.0410526566,891.1438000000,149.0110448571,0.0000000000,10768.0000000000,2.8331244857,1.0053513552
897,892.0710000000,26.4515816104,897.0616573675,13.8702858769,100000,0.0000000000,149.1766099048,95.1469206497,892.0710000000,149.1766099048,1.0000000000,10673.0000000000,2.8367580389,1.0055944621
898,893.2767000000,26.4699341913,898.0801064922,13.8787349534,100000,0.0000000000,149.3422052409,95.2528252936,893.2767000000,149.3422052409,0.0000000000,10490.0000000000,2.8399786578,1.0053772885
899,894.3156000000,26.4842982107,899.3302477270,13.8887561822,100000,0.0000000000,149.5078323726,95.3589098990,894.3156000000,149.5078323726,1.0000000000,10585.0000000000,2.8439319515,1.0056072462
900,895.3448600000,26.4990040260,900.4831715205,13.8977568561,100000,0.0000000000,149.6734878525,95.4650755031,895.3448600000,149.6734878525,0.0000000000,10490.0000000000,2.8475778167,1.0057389189
901,896.3910800000,26.5151305953,901.3587037891,13.9046369788,100000,0.0000000000,149.8392049129,95.5711213111,896.3910800000,149.8392049129,1.0000000000,10673.0000000000,2.8503464928,1.0055418041
902,897.3823800000,26.5307284576,902.2922428269,13.9105293756,100000,0.0000000000,150.0049281494,95.6772161122,897.3823800000,150.0049281494,0.0000000000,10580.0000000000,2.8532986024,1.0054713163
903,898.3911200000,26.5441808075,903.4499150175,13.9211201151,100000,0.0000000000,150.1706677709,95.7834237071,898.3911200000,150.1706677709,1.0000000000,10397.0000000000,2.8569594833,1.0056309495
904,899.4135200000,26.5587812449,904.6445082800,13.9299913420,100000,0.0000000000,150.3364831636,95.8898086872,899.4135200000,150.3364831636,0.0000000000,10562.0000000000,2.8607371189,1.0058159992
905,900.5274000000,26.5751981971,905.9607695752,13.9386599351,100000,0.0000000000,150.5023707252,95.9962003070,900.5274000000,150.5023707252,1.0000000000,10525.0000000000,2.8648995026,1.0060335417
906,901.5318600000,26.5906972430,906.9965743733,13.9451310547,100000,0.0000000000,150.6682186293,96.1025539778,901.5318600000,150.6682186293,0.0000000000,10580.0000000000,2.8681750050,1.0060615876
907,902.3445200000,26.6032350756,907.8305463609,13.9503549602,100000,0.0000000000,150.8340023593,96.2089068184,902.3445200000,150.8340023593,1.0000000000,10397.0000000000,2.8708122560,1.0060797470
908,903.2651200000,26.6165411629,908.7536521365,13.9579674925,100000,0.0000000000,150.9997042416,96.3153170090,903.2651200000,150.9997042416,0.0000000000,10324.0000000000,2.8737313727,1.0060763247
909,904.1312800000,26.6295138575,909.8542504190,13.9642497727,100000,0.0000000000,151.1652576212,96.4218111580,904.1312800000,151.1652576212,1.0000000000,10397.0000000000,2.8772117701,1.0063298003
910,905.1916000000,26.6442100920,911.0987442914,13.9741786369,100000,0.0000000000,151.3308245653,96.5284975908,905.1916000000,151.3308245653,0.0000000000,10490.0000000000,2.8811472053,1.0065258497
911,906.1024000000,26.6573431205,912.0863664776,13.9817186982,100000,0.0000000000,151.4963804828,96.6350858993,906.1024000000,151.4963804828,1.0000000000,10309.0000000000,2.8842703409,1.0066040731
912,907.0939200000,26.6711181163,913.2274110533,13.9909034170,100000,0.0000000000,151.6619437539,96.7417608660,907.0939200000,151.6619437539,0.0000000000,10490.0000000000,2.8878786406,1.0067616935
913,908.4144400000,26.6907872541,914.8124992584,14.0005826935,100000,0.0000000000,151.8276936535,96.8487292985,908.4144400000,151.8276936535,1.0000000000,10397.0000000000,2.8928911296,1.0070431061
914,909.1879000000,26.7019888558,915.7216754744,14.0068444392,100000,0.0000000000,151.9933305662,96.9555302980,909.1879000000,151.9933305662,0.0000000000,10490.0000000000,2.8957661973,1.0071863863
915,910.1824000000,26.7163477413,916.5741591002,14.0149621250,100000,0.0000000000,152.1590338836,97.0622744197,910.1824000000,152.1590338836,1.0000000000,10309.0000000000,2.8984619872,1.0070225035
916,911.2185200000,26.7304698743,917.7995453959,14.0249955544,100000,0.0000000000,152.3248189804,97.1690563178,911.2185200000,152.3248189804,0.0000000000,10404.0000000000,2.9023369989,1.0072222252
917,912.2390400000,26.7444045564,918.9945811265,14.0348090449,100000,0.0000000000,152.4906125219,97.2760517047,912.2390400000,152.4906125219,1.0000000000,10309.0000000000,2.9061160337,1.0074054506
918,913.4768000000,26.7610719366,920.3766066680,14.0471288455,100000,0.0000000000,152.6565253286,97.3831232480,913.4768000000,152.6565253286,0.0000000000,10404.0000000000,2.9104863822,1.0075533464
919,914.6833200000,26.7802276935,921.3796225410,14.0535662622,100000,0.0000000000,152.8225598888,97.4902473678,914.6833200000,152.8225598888,1.0000000000,10309.0000000000,2.9136581969,1.0073208972
920,915.7472600000,26.7978173424,922.0661471296,14.0578890906,100000,0.0000000000,152.9886510219,97.5972821286,915.7472600000,152.9886510219,0.0000000000,10490.0000000000,2.9158291783,1.0069002523
921,916.6484800000,26.8105319186,923.0978522094,14.0656979294,100000,0.0000000000,153.1546991374,97.7044047679,916.6484800000,153.1546991374,1.0000000000,10309.0000000000,2.9190917162,1.0070358184
922,917.6155600000,26.8233800769,924.1001906968,14.0755760539,100000,0.0000000000,153.3206577268,97.8114113354,917.6155600000,153.3206577268,0.0000000000,10216.0000000000,2.9222613888,1.0070668273
923,918.6720800000,26.8394279640,925.3093986275,14.0825135031,100000,0.0000000000,153.4866163457,97.9184192516,918.6720800000,153.4866163457,1.0000000000,10309.0000000000,2.9260852400,1.0072249051
924,919.7532000000,26.8542641679,926.4401577921,14.0926113974,100000,0.0000000000,153.6526015981,98.0255435837,919.7532000000,153.6526015981,0.0000000000,10490.0000000000,2.9296610145,1.0072703827
925,920.5305200000,26.8676411452,927.0409668124,14.0946933026,100000,0.0000000000,153.8184447376,98.1323962474,920.5305200000,153.8184447376,1.0000000000,10309.0000000000,2.9315609394,1.0070724943
926,921.1803800000,26.8781463822,927.6756033566,14.0977170867,100000,0.0000000000,153.9841263230,98.2392128263,921.1803800000,153.9841263230,0.0000000000,10490.0000000000,2.9335678364,1.0070509788
927,921.9845600000,26.8893627840,928.5128418722,14.1048477152,100000,0.0000000000,154.1497383814,98.3459712897,921.9845600000,154.1497383814,1.0000000000,10585.0000000000,2.9362154170,1.0070806846
928,922.8250200000,26.9013461019,929.2097699992,14.1117893234,100000,0.0000000000,154.3151890316,98.4525448681,922.8250200000,154.3151890316,0.0000000000,10490.0000000000,2.9384192973,1.0069187006
929,923.6352000000,26.9137104195,929.9294588521,14.1169186247,100000,0.0000000000,154.4805563215,98.5590718861,923.6352000000,154.4805563215,1.0000000000,10397.0000000000,2.9406951533,1.0068146589
930,924.7188600000,26.9280575556,931.1261817392,14.1279360234,100000,0.0000000000,154.6459502855,98.6656483293,924.7188600000,154.6459502855,0.0000000000,10490.0000000000,2.9444795233,1.0069289403
931,925.8126000000,26.9443924745,932.1293779735,14.1354983704,100000,0.0000000000,154.8113902781,98.7722123393,925.8126000000,154.8113902781,1.0000000000,10673.0000000000,2.9476519084,1.0068229553
932,926.6339000000,26.9556015477,933.1300364530,14.1431766306,100000,0.0000000000,154.9768322984,98.8787906790,926.6339000000,154.9768322984,0.0000000000,10490.0000000000,2.9508162683,1.0070104671
933,927.8502000000,26.9744689863,934.1522538216,14.1502022215,100000,0.0000000000,155.1423839990,98.9855355051,927.8502000000,155.1423839990,1.0000000000,10397.0000000000,2.9540488035,1.0067921027
934,928.8023000000,26.9887721383,935.1123417187,14.1565701519,100000,0.0000000000,155.3079311790,99.0921532026,928.8023000000,155.3079311790,0.0000000000,10580.0000000000,2.9570848680,1.0067937404
935,929.8028000000,27.0031217267,935.9459695475,14.1645408331,100000,0.0000000000,155.4735194820,99.1986253394,929.8028000000,155.4735194820,1.0000000000,10397.0000000000,2.9597210306,1.0066069596
936,930.8250400000,27.0180918434,936.8066481985,14.1720765289,100000,0.0000000000,155.6391036867,99.3052406928,930.8250400000,155.6391036867,0.0000000000,10580.0000000000,2.9624427355,1.0064261359
937,931.5380000000,27.0297390500,937.1642141674,14.1750205251,100000,0.0000000000,155.8045598007,99.4117051264,931.5380000000,155.8045598007,1.0000000000,10673.0000000000,2.9635734584,1.0060397044
938,932.6347000000,27.0474106356,937.9629670706,14.1799956951,100000,0.0000000000,155.9699764609,99.5179394667,932.6347000000,155.9699764609,0.0000000000,10490.0000000000,2.9660993368,1.0057131341
939,933.5570800000,27.0610162652,938.8997013429,14.1865597907,100000,0.0000000000,156.1352311749,99.6241248736,933.5570800000,156.1352311749,1.0000000000,10421.0000000000,2.9690615507,1.0057228652
940,934.4275000000,27.0731325678,939.8269789295,14.1941182525,100000,0.0000000000,156.3004353935,99.7302746801,934.4275000000,156.3004353935,0.0000000000,10580.0000000000,2.9719938599,1.0057783819
941,935.3206000000,27.0857250890,940.7965713881,14.2015526054,100000,0.0000000000,156.4656664442,99.8364189044,935.3206000000,156.4656664442,1.0000000000,10397.0000000000,2.9750599805,1.0058546464
942,936.4079000000,27.1011089318,941.8294603895,14.2104818590,100000,0.0000000000,156.6309926983,99.9425325424,936.4079000000,156.6309926983,0.0000000000,10490.0000000000,2.9783262623,1.0057897423
943,937.3630800000,27.1167536744,942.6354638846,14.2142446215,100000,0.0000000000,156.7962795680,100.0485815418,937.3630800000,156.7962795680,1.0000000000,10585.0000000000,2.9808750691,1.0056246976
944,938.4186200000,27.1312861653,943.8663100235,14.2236398654,100000,0.0000000000,156.9616581159,100.1547484599,938.4186200000,156.9616581159,0.0000000000,10682.0000000000,2.9847673464,1.0058051811
945,939.6650400000,27.1510739944,945.0017462639,14.2296950407,100000,0.0000000000,157.1271861673,100.2609659781,939.6650400000,157.1271861673,1.0000000000,10781.0000000000,2.9883579110,1.0056793709
946,940.8254600000,27.1669181266,946.1620811763,14.2402254020,100000,0.0000000000,157.2927509956,100.3671950569,940.8254600000,157.2927509956,0.0000000000,10600.0000000000,2.9920272122,1.0056722755
947,942.0054000000,27.1849189572,947.1022350997,14.2473008423,100000,0.0000000000,157.4584321858,100.4733299149,942.0054000000,157.4584321858,1.0000000000,10501.0000000000,2.9950002400,1.0054106220
948,943.0049400000,27.1983115147,948.3444391020,14.2568155894,100000,0.0000000000,157.6240559184,100.5797207730,943.0049400000,157.6240559184,0.0000000000,10682.0000000000,2.9989284339,1.0056622175
949,943.9150400000,27.2130738403,949.1291640561,14.2605628276,100000,0.0000000000,157.7896636401,100.6860093847,943.9150400000,157.7896636401,1.0000000000,10585.0000000000,3.0014099521,1.0055239337
950,944.8833000000,27.2274454350,950.0063766844,14.2670780150,100000,0.0000000000,157.9552675922,100.7921762653,944.8833000000,157.9552675922,0.0000000000,10490.0000000000,3.0041839420,1.0054219147
951,946.1682400000,27.2476301894,951.1747443321,14.2735731007,100000,0.0000000000,158.1209674300,100.8984652864,946.1682400000,158.1209674300,1.0000000000,10585.0000000000,3.0078786449,1.0052913468
952,947.0734400000,27.2601070341,951.9721472221,14.2814566656,100000,0.0000000000,158.2865602480,101.0046382290,947.0734400000,158.2865602480,0.0000000000,10768.0000000000,3.0104002543,1.0051724682
953,947.8551600000,27.2717664631,952.7766285449,14.2865641070,100000,0.0000000000,158.4519901474,101.1107444836,947.8551600000,158.4519901474,1.0000000000,10865.0000000000,3.0129442476,1.0051922158
954,948.9807400000,27.2872475176,954.0032097373,14.2963933533,100000,0.0000000000,158.6175112020,101.2170375961,948.9807400000,158.6175112020,0.0000000000,11050.0000000000,3.0168230379,1.0052924886
955,950.0386000000,27.3029602852,954.9599908845,14.3033897962,100000,0.0000000000,158.7830561729,101.3232707064,950.0386000000,158.7830561729,1.0000000000,10953.0000000000,3.0198486455,1.0051802010
956,951.0143600000,27.3160826392,956.2251366461,14.3124417640,100000,0.0000000000,158.9486349579,101.4295507333,951.0143600000,158.9486349579,0.0000000000,10858.0000000000,3.0238493877,1.0054791777
957,951.6441200000,27.3249045639,957.0900582858,14.3176014253,100000,0.0000000000,159.1140201242,101.5357294136,951.6441200000,159.1140201242,1.0000000000,11045.0000000000,3.0265845101,1.0057226627
958,952.5766400000,27.3392653613,957.4684094874,14.3227514643,100000,0.0000000000,159.2793761546,101.6415540120,952.5766400000,159.2793761546,0.0000000000,11140.0000000000,3.0277809616,1.0051353028
959,953.6092000000,27.3555026515,958.3475563674,14.3277937828,100000,0.0000000000,159.4447435368,101.7474274816,953.6092000000,159.4447435368,1.0000000000,10953.0000000000,3.0305610682,1.0049688660
960,954.5235000000,27.3694185830,959.1120221474,14.3331234010,100000,0.0000000000,159.6101601234,101.8532689466,954.5235000000,159.6101601234,0.0000000000,11140.0000000000,3.0329785212,1.0048071338
961,955.7421600000,27.3880390347,960.0802226057,14.3400654752,100000,0.0000000000,159.7757070348,101.9589710086,955.7421600000,159.7757070348,1.0000000000,11329.0000000000,3.0360402399,1.0045389466
962,956.8563000000,27.4036074985,960.9765537152,14.3491670861,100000,0.0000000000,159.9412875823,102.0645504926,956.8563000000,159.9412875823,0.0000000000,11426.0000000000,3.0388746878,1.0043060319
963,957.8545600000,27.4183187198,961.9831261551,14.3558475396,100000,0.0000000000,160.1067815439,102.1701034777,957.8545600000,160.1067815439,1.0000000000,11237.0000000000,3.0420577493,1.0043102224
964,959.0539400000,27.4347174101,963.1989072515,14.3662876426,100000,0.0000000000,160.2723173172,102.2757444270,959.0539400000,160.2723173172,0.0000000000,11426.0000000000,3.0459023867,1.0043219334
965,960.1128800000,27.4504498659,964.5176578052,14.3730888176,100000,0.0000000000,160.4378828205,102.3815422067,960.1128800000,160.4378828205,1.0000000000,11525.0000000000,3.0500726421,1.0045877708
966,961.2013200000,27.4640527035,965.9507337490,14.3849619081,100000,0.0000000000,160.6034796477,102.4875892261,961.2013200000,160.6034796477,0.0000000000,11426.0000000000,3.0546044262,1.0049411228
967,962.1974400000,27.4776724962,966.8510576803,14.3935733643,100000,0.0000000000,160.7690571286,102.5936079776,962.1974400000,160.7690571286,1.0000000000,11237.0000000000,3.0574515004,1.0048364478
968,963.1261200000,27.4913266221,967.8914245378,14.3997597396,100000,0.0000000000,160.9346517331,102.6996042108,963.1261200000,160.9346517331,0.0000000000,11426.0000000000,3.0607414293,1.0049477472
969,964.3083200000,27.5072645017,969.1231484072,14.4103684766,100000,0.0000000000,161.1003061532,102.8056960876,964.3083200000,161.1003061532,1.0000000000,11329.0000000000,3.0646364822,1.0049930383
970,965.2773000000,27.5209106837,969.8757227938,14.4179324156,100000,0.0000000000,161.2659401878,102.9116000942,965.2773000000,161.2659401878,0.0000000000,11234.0000000000,3.0670163313,1.0047638360
971,966.0997600000,27.5311175106,970.8325455443,14.4269653294,100000,0.0000000000,161.4315008234,103.0174671847,966.0997600000,161.4315008234,1.0000000000,11141.0000000000,3.0700420705,1.0048988580
972,966.9725400000,27.5442707939,971.7292287288,14.4321060984,100000,0.0000000000,161.5970832946,103.1232982253,966.9725400000,161.5970832946,0.0000000000,11234.0000000000,3.0728776317,1.0049191560
973,967.8124800000,27.5552400167,972.9512770721,14.4402641118,100000,0.0000000000,161.7625819761,103.2290060363,967.8124800000,161.7625819761,1.0000000000,11045.0000000000,3.0767420879,1.0053097033
974,968.8863800000,27.5693581652,973.8213939170,14.4504972357,100000,0.0000000000,161.9281348605,103.3347715645,968.8863800000,161.9281348605,0.0000000000,10930.0000000000,3.0794936390,1.0050934909
975,970.0171600000,27.5858313010,974.9842948199,14.4581835455,100000,0.0000000000,162.0938021790,103.4405290967,970.0171600000,162.0938021790,1.0000000000,11125.0000000000,3.0831710545,1.0051206670
976,970.9542400000,27.5985791276,975.9254457519,14.4662597149,100000,0.0000000000,162.2593975415,103.5462587293,970.9542400000,162.2593975415,0.0000000000,11234.0000000000,3.0861472351,1.0051199177
977,972.0896800000,27.6147815748,976.9898826690,14.4745818100,100000,0.0000000000,162.4250846434,103.6519928143,972.0896800000,162.4250846434,1.0000000000,11425.0000000000,3.0895132802,1.0050408957
978,973.1115800000,27.6293877425,977.9790887488,14.4820065245,100000,0.0000000000,162.5907698684,103.7576840252,973.1115800000,162.5907698684,0.0000000000,11520.0000000000,3.0926414245,1.0050020048
979,974.0415600000,27.6435963726,978.9113718988,14.4869989849,100000,0.0000000000,162.7564611661,103.8633886854,974.0415600000,162.7564611661,1.0000000000,11617.0000000000,3.0955895626,1.0049995935
980,974.9080600000,27.6564873427,979.7641673520,14.4923002958,100000,0.0000000000,162.9220788523,103.9690015464,974.9080600000,162.9220788523,0.0000000000,11426.0000000000,3.0982863387,1.0049810926
981,975.8255600000,27.6685895597,980.9244029030,14.5008521052,100000,0.0000000000,163.0876511320,104.0746361218,975.8255600000,163.0876511320,1.0000000000,11465.0000000000,3.1019553256,1.0052251582
982,977.0614800000,27.6861170389,982.3702938812,14.5100104517,100000,0.0000000000,163.2533003985,104.1805567850,977.0614800000,163.2533003985,0.0000000000,11426.0000000000,3.1065276344,1.0054334492
983,978.2732400000,27.7059527473,983.3130578508,14.5139044494,100000,0.0000000000,163.4190809209,104.2865628598,978.2732400000,163.4190809209,1.0000000000,11465.0000000000,3.1095089158,1.0051517487
984,979.1265400000,27.7175790374,984.1223914878,14.5211002443,100000,0.0000000000,163.5847133121,104.3926181198,979.1265400000,163.5847133121,0.0000000000,11642.0000000000,3.1120682535,1.0051023553
985,980.0186400000,27.7313693558,985.0187036461,14.5254877251,100000,0.0000000000,163.7503045867,104.4987178129,980.0186400000,163.7503045867,1.0000000000,11765.0000000000,3.1149026414,1.0051020087
986,981.1257200000,27.7480442804,985.9095337172,14.5317500189,100000,0.0000000000,163.9160271805,104.6048177755,981.1257200000,163.9160271805,0.0000000000,11642.0000000000,3.1177196934,1.0048758417
987,982.1509600000,27.7625162658,986.9985362153,14.5393827445,100000,0.0000000000,164.0817423447,104.7109734419,982.1509600000,164.0817423447,1.0000000000,11813.0000000000,3.1211634217,1.0049356732
988,983.0936600000,27.7774475089,987.7193017188,14.5432826381,100000,0.0000000000,164.2474592650,104.8170237665,983.0936600000,164.2474592650,0.0000000000,11720.0000000000,3.1234426823,1.0047051892
989,984.1674400000,27.7937715469,988.5405215993,14.5490103856,100000,0.0000000000,164.4132304218,104.9230160098,984.1674400000,164.4132304218,1.0000000000,11917.0000000000,3.1260396076,1.0044434325
990,985.4000200000,27.8103755903,989.9530268371,14.5596369985,100000,0.0000000000,164.5790972043,105.0292311829,985.4000200000,164.5790972043,0.0000000000,12116.0000000000,3.1305063414,1.0046204655
991,986.3848800000,27.8254650428,990.8779032088,14.5646275323,100000,0.0000000000,164.7449682423,105.1354300763,986.3848800000,164.7449682423,1.0000000000,11917.0000000000,3.1334310573,1.0045550406
992,987.3584400000,27.8400143370,991.5916380047,14.5702450808,100000,0.0000000000,164.9107937568,105.2414917067,987.3584400000,164.9107937568,0.0000000000,12010.0000000000,3.1356880849,1.0042873974
993,988.3694800000,27.8556857552,992.4006308969,14.5749871735,100000,0.0000000000,165.0766342451,105.3473915060,988.3694800000,165.0766342451,1.0000000000,12209.0000000000,3.1382463450,1.0040785870
994,989.6875600000,27.8729952502,993.5799691928,14.5871071767,100000,0.0000000000,165.2426339776,105.4534152514,989.6875600000,165.2426339776,0.0000000000,12410.0000000000,3.1419757402,1.0039329677
995,990.7168400000,27.8891550710,994.4205200520,14.5914999033,100000,0.0000000000,165.4086497532,105.5593588344,990.7168400000,165.4086497532,1.0000000000,12209.0000000000,3.1446337954,1.0037383841
996,991.9617600000,27.9056586568,995.9648575616,14.6026016494,100000,0.0000000000,165.5747731802,105.6654315901,991.9617600000,165.5747731802,0.0000000000,12410.0000000000,3.1495174194,1.0040355362
997,993.1455600000,27.9232827119,997.0027524597,14.6094436100,100000,0.0000000000,165.7410040838,105.7714317212,993.1455600000,165.7410040838,1.0000000000,12209.0000000000,3.1527995312,1.0038838138
998,993.9626400000,27.9336941182,997.8329866888,14.6175022802,100000,0.0000000000,165.9071739515,105.8774435676,993.9626400000,165.9071739515,0.0000000000,12410.0000000000,3.1554249624,1.0038938553
999,994.9550400000,27.9488500400,998.7134802227,14.6224765837,100000,0.0000000000,166.0733986610,105.9834229617,994.9550400000,166.0733986610,1.0000000000,12505.0000000000,3.1582093274,1.0037774975
1000,995.8396000000,27.9613228035,999.6082084256,14.6288764805,100000,0.0000000000,166.2395746781,106.0891570861,995.8396000000,166.2395746781,0.0000000000,12602.0000000000,3.1610387064,1.0037843528
