trial,final_step,trapped,contact_dead,boundary_dead
0,4,1,1,0
1,3,1,1,0
2,5,1,1,0
3,6,1,1,0
4,3,1,1,0
5,3,1,1,0
6,1,1,1,0
7,1,1,1,0
8,1,1,1,0
9,2,1,1,0
10,2,1,1,0
11,2,1,1,0
12,6,1,1,0
13,3,1,1,0
14,1,1,1,0
15,3,1,1,0
16,4,1,1,0
17,1,1,1,0
18,3,1,1,0
19,4,1,1,0
20,3,1,1,0
21,5,1,1,0
22,3,1,1,0
23,1,1,1,0
24,8,1,1,0
25,2,1,1,0
26,3,1,1,0
27,9,1,1,0
28,1,1,1,0
29,5,1,1,0
30,12,1,1,0
31,2,1,1,0
32,4,1,1,0
33,3,1,1,0
34,5,1,1,0
35,9,1,1,0
36,4,1,1,0
37,5,1,1,0
38,2,1,1,0
39,1,1,1,0
40,4,1,1,0
41,10,1,1,0
42,2,1,1,0
43,2,1,1,0
44,1,1,1,0
45,2,1,1,0
46,8,1,1,0
47,3,1,1,0
48,4,1,1,0
49,13,1,1,0
50,12,1,1,0
51,4,1,1,0
52,1,1,1,0
53,2,1,1,0
54,1,1,1,0
55,1,1,1,0
56,1,1,1,0
57,1,1,1,0
58,2,1,1,0
59,1,1,1,0
60,3,1,1,0
61,1,1,1,0
62,3,1,1,0
63,2,1,1,0
64,4,1,1,0
65,1,1,1,0
66,2,1,1,0
67,5,1,1,0
68,3,1,1,0
69,2,1,1,0
70,4,1,1,0
71,4,1,1,0
72,1,1,1,0
73,14,1,1,0
74,1,1,1,0
75,1,1,1,0
76,1,1,1,0
77,1,1,1,0
78,3,1,1,0
79,3,1,1,0
80,19,1,1,0
81,3,1,1,0
82,3,1,1,0
83,5,1,1,0
84,7,1,1,0
85,3,1,1,0
86,2,1,1,0
87,3,1,1,0
88,1,1,1,0
89,8,1,1,0
90,7,1,1,0
91,1,1,1,0
92,2,1,1,0
93,3,1,1,0
94,5,1,1,0
95,2,1,1,0
96,4,1,1,0
97,2,1,1,0
98,1,1,1,0
99,5,1,1,0
100,1,1,1,0
101,3,1,1,0
102,2,1,1,0
103,4,1,1,0
104,10,1,1,0
105,2,1,1,0
106,8,1,1,0
107,5,1,1,0
108,6,1,1,0
109,2,1,1,0
110,10,1,1,0
111,2,1,1,0
112,1,1,1,0
113,3,1,1,0
114,7,1,1,0
115,3,1,1,0
116,2,1,1,0
117,8,1,1,0
118,2,1,1,0
119,1,1,1,0
120,4,1,1,0
121,3,1,1,0
122,4,1,1,0
123,4,1,1,0
124,1,1,1,0
125,5,1,1,0
126,29,1,1,0
127,4,1,1,0
128,9,1,1,0
129,4,1,1,0
130,3,1,1,0
131,8,1,1,0
132,3,1,1,0
133,3,1,1,0
134,1,1,1,0
135,4,1,1,0
136,3,1,1,0
137,1,1,1,0
138,6,1,1,0
139,4,1,1,0
140,5,1,1,0
141,3,1,1,0
142,8,1,1,0
143,1,1,1,0
144,2,1,1,0
145,11,1,1,0
146,2,1,1,0
147,1,1,1,0
148,3,1,1,0
149,8,1,1,0
150,2,1,1,0
151,5,1,1,0
152,4,1,1,0
153,1,1,1,0
154,1,1,1,0
155,6,1,1,0
156,3,1,1,0
157,3,1,1,0
158,2,1,1,0
159,1,1,1,0
160,1,1,1,0
161,6,1,1,0
162,3,1,1,0
163,1,1,1,0
164,6,1,1,0
165,4,1,1,0
166,3,1,1,0
167,2,1,1,0
168,2,1,1,0
169,4,1,1,0
170,1,1,1,0
171,9,1,1,0
172,2,1,1,0
173,2,1,1,0
174,5,1,1,0
175,2,1,1,0
176,2,1,1,0
177,3,1,1,0
178,3,1,1,0
179,5,1,1,0
180,5,1,1,0
181,5,1,1,0
182,1,1,1,0
183,1,1,1,0
184,1,1,1,0
185,1,1,1,0
186,1,1,1,0
187,5,1,1,0
188,5,1,1,0
189,1,1,1,0
190,6,1,1,0
191,1,1,1,0
192,5,1,1,0
193,3,1,1,0
194,4,1,1,0
195,5,1,1,0
196,3,1,1,0
197,1,1,1,0
198,1,1,1,0
199,1,1,1,0
200,1,1,1,0
201,1,1,1,0
202,13,1,1,0
203,6,1,1,0
204,2,1,1,0
205,4,1,1,0
206,6,1,1,0
207,2,1,1,0
208,4,1,1,0
209,4,1,1,0
210,5,1,1,0
211,2,1,1,0
212,1,1,1,0
213,3,1,1,0
214,4,1,1,0
215,5,1,1,0
216,3,1,1,0
217,3,1,1,0
218,11,1,1,0
219,5,1,1,0
220,3,1,1,0
221,6,1,1,0
222,3,1,1,0
223,9,1,1,0
224,2,1,1,0
225,3,1,1,0
226,2,1,1,0
227,1,1,1,0
228,4,1,1,0
229,3,1,1,0
230,2,1,1,0
231,1,1,1,0
232,2,1,1,0
233,1,1,1,0
234,3,1,1,0
235,1,1,1,0
236,2,1,1,0
237,13,1,1,0
238,3,1,1,0
239,11,1,1,0
240,2,1,1,0
241,3,1,1,0
242,10,1,1,0
243,1,1,1,0
244,2,1,1,0
245,5,1,1,0
246,1,1,1,0
247,1,1,1,0
248,1,1,1,0
249,3,1,1,0
250,2,1,1,0
251,2,1,1,0
252,4,1,1,0
253,2,1,1,0
254,5,1,1,0
255,5,1,1,0
256,2,1,1,0
257,1,1,1,0
258,3,1,1,0
259,1,1,1,0
260,4,1,1,0
261,1,1,1,0
262,5,1,1,0
263,6,1,1,0
264,3,1,1,0
265,4,1,1,0
266,3,1,1,0
267,1,1,1,0
268,7,1,1,0
269,2,1,1,0
270,3,1,1,0
271,9,1,1,0
272,1,1,1,0
273,3,1,1,0
274,2,1,1,0
275,12,1,1,0
276,1,1,1,0
277,1,1,1,0
278,2,1,1,0
279,2,1,1,0
280,8,1,1,0
281,2,1,1,0
282,4,1,1,0
283,1,1,1,0
284,4,1,1,0
285,6,1,1,0
286,5,1,1,0
287,6,1,1,0
288,9,1,1,0
289,9,1,1,0
290,2,1,1,0
291,7,1,1,0
292,4,1,1,0
293,3,1,1,0
294,4,1,1,0
295,1,1,1,0
296,1,1,1,0
297,4,1,1,0
298,2,1,1,0
299,1,1,1,0
300,2,1,1,0
301,1,1,1,0
302,7,1,1,0
303,3,1,1,0
304,3,1,1,0
305,4,1,1,0
306,6,1,1,0
307,2,1,1,0
308,1,1,1,0
309,1,1,1,0
310,3,1,1,0
311,5,1,1,0
312,1,1,1,0
313,2,1,1,0
314,1,1,1,0
315,9,1,1,0
316,8,1,1,0
317,3,1,1,0
318,3,1,1,0
319,2,1,1,0
320,1,1,1,0
321,2,1,1,0
322,2,1,1,0
323,4,1,1,0
324,6,1,1,0
325,1,1,1,0
326,1,1,1,0
327,1,1,1,0
328,1,1,1,0
329,1,1,1,0
330,6,1,1,0
331,2,1,1,0
332,3,1,1,0
333,1,1,1,0
334,4,1,1,0
335,3,1,1,0
336,4,1,1,0
337,4,1,1,0
338,4,1,1,0
339,5,1,1,0
340,7,1,1,0
341,3,1,1,0
342,8,1,1,0
343,8,1,1,0
344,2,1,1,0
345,1,1,1,0
346,8,1,1,0
347,6,1,1,0
348,2,1,1,0
349,1,1,1,0
350,1,1,1,0
351,3,1,1,0
352,1,1,1,0
353,2,1,1,0
354,11,1,1,0
355,5,1,1,0
356,3,1,1,0
357,1,1,1,0
358,1,1,1,0
359,2,1,1,0
360,2,1,1,0
361,4,1,1,0
362,6,1,1,0
363,1,1,1,0
364,5,1,1,0
365,7,1,1,0
366,7,1,1,0
367,1,1,1,0
368,4,1,1,0
369,7,1,1,0
370,4,1,1,0
371,4,1,1,0
372,1,1,1,0
373,5,1,1,0
374,1,1,1,0
375,4,1,1,0
376,5,1,1,0
377,2,1,1,0
378,2,1,1,0
379,2,1,1,0
380,7,1,1,0
381,5,1,1,0
382,1,1,1,0
383,4,1,1,0
384,1,1,1,0
385,1,1,1,0
386,1,1,1,0
387,5,1,1,0
388,2,1,1,0
389,3,1,1,0
390,3,1,1,0
391,3,1,1,0
392,5,1,1,0
393,2,1,1,0
394,1,1,1,0
395,3,1,1,0
396,1,1,1,0
397,2,1,1,0
398,10,1,1,0
399,6,1,1,0
400,4,1,1,0
401,6,1,1,0
402,1,1,1,0
403,3,1,1,0
404,2,1,1,0
405,4,1,1,0
406,2,1,1,0
407,2,1,1,0
408,2,1,1,0
409,3,1,1,0
410,4,1,1,0
411,1,1,1,0
412,10,1,1,0
413,1,1,1,0
414,1,1,1,0
415,4,1,1,0
416,2,1,1,0
417,2,1,1,0
418,3,1,1,0
419,3,1,1,0
420,2,1,1,0
421,3,1,1,0
422,9,1,1,0
423,3,1,1,0
424,3,1,1,0
425,4,1,1,0
426,2,1,1,0
427,2,1,1,0
428,5,1,1,0
429,1,1,1,0
430,2,1,1,0
431,8,1,1,0
432,1,1,1,0
433,13,1,1,0
434,4,1,1,0
435,2,1,1,0
436,7,1,1,0
437,1,1,1,0
438,2,1,1,0
439,2,1,1,0
440,2,1,1,0
441,2,1,1,0
442,4,1,1,0
443,4,1,1,0
444,5,1,1,0
445,1,1,1,0
446,2,1,1,0
447,2,1,1,0
448,5,1,1,0
449,3,1,1,0
450,6,1,1,0
451,1,1,1,0
452,3,1,1,0
453,1,1,1,0
454,25,1,1,0
455,2,1,1,0
456,2,1,1,0
457,2,1,1,0
458,9,1,1,0
459,1,1,1,0
460,4,1,1,0
461,2,1,1,0
462,3,1,1,0
463,5,1,1,0
464,4,1,1,0
465,1,1,1,0
466,2,1,1,0
467,9,1,1,0
468,3,1,1,0
469,7,1,1,0
470,5,1,1,0
471,1,1,1,0
472,1,1,1,0
473,1,1,1,0
474,3,1,1,0
475,3,1,1,0
476,1,1,1,0
477,1,1,1,0
478,4,1,1,0
479,6,1,1,0
480,3,1,1,0
481,1,1,1,0
482,7,1,1,0
483,3,1,1,0
484,3,1,1,0
485,4,1,1,0
486,3,1,1,0
487,1,1,1,0
488,2,1,1,0
489,1,1,1,0
490,3,1,1,0
491,10,1,1,0
492,1,1,1,0
493,8,1,1,0
494,1,1,1,0
495,7,1,1,0
496,4,1,1,0
497,2,1,1,0
498,2,1,1,0
499,6,1,1,0
500,1,1,1,0
501,3,1,1,0
502,1,1,1,0
503,5,1,1,0
504,4,1,1,0
505,1,1,1,0
506,1,1,1,0
507,3,1,1,0
508,4,1,1,0
509,1,1,1,0
510,1,1,1,0
511,3,1,1,0
512,3,1,1,0
513,5,1,1,0
514,2,1,1,0
515,5,1,1,0
516,1,1,1,0
517,1,1,1,0
518,4,1,1,0
519,2,1,1,0
520,4,1,1,0
521,3,1,1,0
522,5,1,1,0
523,4,1,1,0
524,8,1,1,0
525,1,1,1,0
526,4,1,1,0
527,1,1,1,0
528,4,1,1,0
529,3,1,1,0
530,2,1,1,0
531,3,1,1,0
532,2,1,1,0
533,6,1,1,0
534,2,1,1,0
535,4,1,1,0
536,1,1,1,0
537,2,1,1,0
538,1,1,1,0
539,1,1,1,0
540,2,1,1,0
541,2,1,1,0
542,11,1,1,0
543,2,1,1,0
544,1,1,1,0
545,1,1,1,0
546,2,1,1,0
547,8,1,1,0
548,5,1,1,0
549,1,1,1,0
550,2,1,1,0
551,3,1,1,0
552,1,1,1,0
553,2,1,1,0
554,1,1,1,0
555,7,1,1,0
556,3,1,1,0
557,1,1,1,0
558,7,1,1,0
559,6,1,1,0
560,3,1,1,0
561,2,1,1,0
562,3,1,1,0
563,5,1,1,0
564,4,1,1,0
565,1,1,1,0
566,2,1,1,0
567,3,1,1,0
568,5,1,1,0
569,5,1,1,0
570,6,1,1,0
571,3,1,1,0
572,5,1,1,0
573,2,1,1,0
574,6,1,1,0
575,1,1,1,0
576,4,1,1,0
577,1,1,1,0
578,7,1,1,0
579,1,1,1,0
580,1,1,1,0
581,5,1,1,0
582,2,1,1,0
583,4,1,1,0
584,1,1,1,0
585,3,1,1,0
586,3,1,1,0
587,5,1,1,0
588,6,1,1,0
589,3,1,1,0
590,1,1,1,0
591,8,1,1,0
592,7,1,1,0
593,1,1,1,0
594,1,1,1,0
595,2,1,1,0
596,2,1,1,0
597,3,1,1,0
598,9,1,1,0
599,6,1,1,0
600,3,1,1,0
601,1,1,1,0
602,2,1,1,0
603,4,1,1,0
604,4,1,1,0
605,5,1,1,0
606,2,1,1,0
607,5,1,1,0
608,9,1,1,0
609,1,1,1,0
610,2,1,1,0
611,1,1,1,0
612,3,1,1,0
613,1,1,1,0
614,3,1,1,0
615,7,1,1,0
616,6,1,1,0
617,2,1,1,0
618,3,1,1,0
619,9,1,1,0
620,2,1,1,0
621,5,1,1,0
622,2,1,1,0
623,1,1,1,0
624,1,1,1,0
625,3,1,1,0
626,6,1,1,0
627,7,1,1,0
628,3,1,1,0
629,2,1,1,0
630,7,1,1,0
631,2,1,1,0
632,5,1,1,0
633,4,1,1,0
634,1,1,1,0
635,1,1,1,0
636,1,1,1,0
637,4,1,1,0
638,6,1,1,0
639,1,1,1,0
640,2,1,1,0
641,1,1,1,0
642,5,1,1,0
643,2,1,1,0
644,1,1,1,0
645,12,1,1,0
646,4,1,1,0
647,3,1,1,0
648,3,1,1,0
649,5,1,1,0
650,6,1,1,0
651,3,1,1,0
652,2,1,1,0
653,2,1,1,0
654,4,1,1,0
655,5,1,1,0
656,6,1,1,0
657,12,1,1,0
658,2,1,1,0
659,4,1,1,0
660,3,1,1,0
661,3,1,1,0
662,7,1,1,0
663,9,1,1,0
664,2,1,1,0
665,1,1,1,0
666,6,1,1,0
667,2,1,1,0
668,1,1,1,0
669,2,1,1,0
670,8,1,1,0
671,1,1,1,0
672,1,1,1,0
673,1,1,1,0
674,19,1,1,0
675,1,1,1,0
676,1,1,1,0
677,1,1,1,0
678,9,1,1,0
679,4,1,1,0
680,1,1,1,0
681,2,1,1,0
682,6,1,1,0
683,3,1,1,0
684,3,1,1,0
685,3,1,1,0
686,2,1,1,0
687,4,1,1,0
688,1,1,1,0
689,3,1,1,0
690,2,1,1,0
691,2,1,1,0
692,6,1,1,0
693,3,1,1,0
694,1,1,1,0
695,2,1,1,0
696,1,1,1,0
697,1,1,1,0
698,1,1,1,0
699,6,1,1,0
700,1,1,1,0
701,7,1,1,0
702,3,1,1,0
703,2,1,1,0
704,1,1,1,0
705,3,1,1,0
706,4,1,1,0
707,1,1,1,0
708,3,1,1,0
709,6,1,1,0
710,4,1,1,0
711,6,1,1,0
712,5,1,1,0
713,4,1,1,0
714,2,1,1,0
715,3,1,1,0
716,4,1,1,0
717,12,1,1,0
718,5,1,1,0
719,1,1,1,0
720,2,1,1,0
721,7,1,1,0
722,1,1,1,0
723,5,1,1,0
724,3,1,1,0
725,5,1,1,0
726,1,1,1,0
727,11,1,1,0
728,2,1,1,0
729,12,1,1,0
730,5,1,1,0
731,5,1,1,0
732,9,1,1,0
733,3,1,1,0
734,5,1,1,0
735,2,1,1,0
736,4,1,1,0
737,9,1,1,0
738,1,1,1,0
739,1,1,1,0
740,4,1,1,0
741,3,1,1,0
742,1,1,1,0
743,15,1,1,0
744,1,1,1,0
745,6,1,1,0
746,1,1,1,0
747,6,1,1,0
748,1,1,1,0
749,2,1,1,0
750,2,1,1,0
751,5,1,1,0
752,2,1,1,0
753,2,1,1,0
754,3,1,1,0
755,2,1,1,0
756,8,1,1,0
757,4,1,1,0
758,1,1,1,0
759,4,1,1,0
760,1,1,1,0
761,8,1,1,0
762,5,1,1,0
763,6,1,1,0
764,2,1,1,0
765,5,1,1,0
766,3,1,1,0
767,4,1,1,0
768,2,1,1,0
769,5,1,1,0
770,7,1,1,0
771,12,1,1,0
772,7,1,1,0
773,1,1,1,0
774,1,1,1,0
775,6,1,1,0
776,2,1,1,0
777,6,1,1,0
778,3,1,1,0
779,3,1,1,0
780,1,1,1,0
781,4,1,1,0
782,4,1,1,0
783,2,1,1,0
784,4,1,1,0
785,5,1,1,0
786,2,1,1,0
787,1,1,1,0
788,1,1,1,0
789,2,1,1,0
790,3,1,1,0
791,1,1,1,0
792,2,1,1,0
793,1,1,1,0
794,1,1,1,0
795,4,1,1,0
796,3,1,1,0
797,2,1,1,0
798,1,1,1,0
799,8,1,1,0
800,5,1,1,0
801,6,1,1,0
802,5,1,1,0
803,3,1,1,0
804,7,1,1,0
805,1,1,1,0
806,6,1,1,0
807,3,1,1,0
808,2,1,1,0
809,5,1,1,0
810,3,1,1,0
811,1,1,1,0
812,5,1,1,0
813,2,1,1,0
814,9,1,1,0
815,3,1,1,0
816,1,1,1,0
817,2,1,1,0
818,1,1,1,0
819,4,1,1,0
820,4,1,1,0
821,3,1,1,0
822,9,1,1,0
823,7,1,1,0
824,1,1,1,0
825,3,1,1,0
826,11,1,1,0
827,4,1,1,0
828,3,1,1,0
829,5,1,1,0
830,2,1,1,0
831,12,1,1,0
832,3,1,1,0
833,4,1,1,0
834,2,1,1,0
835,3,1,1,0
836,10,1,1,0
837,2,1,1,0
838,1,1,1,0
839,5,1,1,0
840,1,1,1,0
841,5,1,1,0
842,1,1,1,0
843,1,1,1,0
844,1,1,1,0
845,1,1,1,0
846,3,1,1,0
847,3,1,1,0
848,2,1,1,0
849,2,1,1,0
850,5,1,1,0
851,3,1,1,0
852,1,1,1,0
853,3,1,1,0
854,8,1,1,0
855,3,1,1,0
856,2,1,1,0
857,5,1,1,0
858,1,1,1,0
859,1,1,1,0
860,3,1,1,0
861,4,1,1,0
862,6,1,1,0
863,1,1,1,0
864,1,1,1,0
865,5,1,1,0
866,10,1,1,0
867,5,1,1,0
868,1,1,1,0
869,1,1,1,0
870,2,1,1,0
871,2,1,1,0
872,2,1,1,0
873,8,1,1,0
874,1,1,1,0
875,3,1,1,0
876,4,1,1,0
877,8,1,1,0
878,8,1,1,0
879,4,1,1,0
880,5,1,1,0
881,2,1,1,0
882,2,1,1,0
883,6,1,1,0
884,7,1,1,0
885,9,1,1,0
886,4,1,1,0
887,1,1,1,0
888,5,1,1,0
889,2,1,1,0
890,1,1,1,0
891,1,1,1,0
892,2,1,1,0
893,2,1,1,0
894,2,1,1,0
895,2,1,1,0
896,5,1,1,0
897,8,1,1,0
898,1,1,1,0
899,2,1,1,0
900,7,1,1,0
901,5,1,1,0
902,1,1,1,0
903,1,1,1,0
904,1,1,1,0
905,1,1,1,0
906,3,1,1,0
907,4,1,1,0
908,2,1,1,0
909,1,1,1,0
910,1,1,1,0
911,1,1,1,0
912,2,1,1,0
913,1,1,1,0
914,1,1,1,0
915,1,1,1,0
916,5,1,1,0
917,1,1,1,0
918,2,1,1,0
919,4,1,1,0
920,1,1,1,0
921,2,1,1,0
922,4,1,1,0
923,3,1,1,0
924,1,1,1,0
925,1,1,1,0
926,2,1,1,0
927,3,1,1,0
928,2,1,1,0
929,4,1,1,0
930,4,1,1,0
931,1,1,1,0
932,4,1,1,0
933,6,1,1,0
934,1,1,1,0
935,2,1,1,0
936,1,1,1,0
937,4,1,1,0
938,1,1,1,0
939,6,1,1,0
940,1,1,1,0
941,3,1,1,0
942,3,1,1,0
943,1,1,1,0
944,1,1,1,0
945,7,1,1,0
946,2,1,1,0
947,2,1,1,0
948,3,1,1,0
949,2,1,1,0
950,5,1,1,0
951,4,1,1,0
952,2,1,1,0
953,3,1,1,0
954,5,1,1,0
955,4,1,1,0
956,3,1,1,0
957,1,1,1,0
958,7,1,1,0
959,1,1,1,0
960,1,1,1,0
961,2,1,1,0
962,2,1,1,0
963,1,1,1,0
964,4,1,1,0
965,4,1,1,0
966,1,1,1,0
967,1,1,1,0
968,2,1,1,0
969,4,1,1,0
970,1,1,1,0
971,2,1,1,0
972,4,1,1,0
973,4,1,1,0
974,1,1,1,0
975,8,1,1,0
976,2,1,1,0
977,3,1,1,0
978,1,1,1,0
979,8,1,1,0
980,4,1,1,0
981,3,1,1,0
982,1,1,1,0
983,2,1,1,0
984,2,1,1,0
985,5,1,1,0
986,6,1,1,0
987,3,1,1,0
988,1,1,1,0
989,3,1,1,0
990,6,1,1,0
991,2,1,1,0
992,2,1,1,0
993,4,1,1,0
994,7,1,1,0
995,1,1,1,0
996,6,1,1,0
997,2,1,1,0
998,4,1,1,0
999,1,1,1,0
1000,3,1,1,0
1001,7,1,1,0
1002,11,1,1,0
1003,7,1,1,0
1004,6,1,1,0
1005,3,1,1,0
1006,2,1,1,0
1007,1,1,1,0
1008,3,1,1,0
1009,5,1,1,0
1010,5,1,1,0
1011,6,1,1,0
1012,3,1,1,0
1013,4,1,1,0
1014,1,1,1,0
1015,5,1,1,0
1016,2,1,1,0
1017,8,1,1,0
1018,5,1,1,0
1019,3,1,1,0
1020,1,1,1,0
1021,5,1,1,0
1022,1,1,1,0
1023,2,1,1,0
1024,4,1,1,0
1025,8,1,1,0
1026,7,1,1,0
1027,2,1,1,0
1028,3,1,1,0
1029,6,1,1,0
1030,2,1,1,0
1031,5,1,1,0
1032,3,1,1,0
1033,1,1,1,0
1034,2,1,1,0
1035,1,1,1,0
1036,3,1,1,0
1037,6,1,1,0
1038,9,1,1,0
1039,1,1,1,0
1040,1,1,1,0
1041,2,1,1,0
1042,1,1,1,0
1043,6,1,1,0
1044,5,1,1,0
1045,1,1,1,0
1046,3,1,1,0
1047,3,1,1,0
1048,1,1,1,0
1049,3,1,1,0
1050,4,1,1,0
1051,3,1,1,0
1052,1,1,1,0
1053,4,1,1,0
1054,3,1,1,0
1055,2,1,1,0
1056,4,1,1,0
1057,1,1,1,0
1058,4,1,1,0
1059,2,1,1,0
1060,4,1,1,0
1061,1,1,1,0
1062,4,1,1,0
1063,4,1,1,0
1064,3,1,1,0
1065,2,1,1,0
1066,1,1,1,0
1067,5,1,1,0
1068,2,1,1,0
1069,1,1,1,0
1070,1,1,1,0
1071,1,1,1,0
1072,1,1,1,0
1073,1,1,1,0
1074,3,1,1,0
1075,1,1,1,0
1076,10,1,1,0
1077,1,1,1,0
1078,4,1,1,0
1079,2,1,1,0
1080,3,1,1,0
1081,3,1,1,0
1082,1,1,1,0
1083,3,1,1,0
1084,2,1,1,0
1085,1,1,1,0
1086,1,1,1,0
1087,8,1,1,0
1088,2,1,1,0
1089,4,1,1,0
1090,4,1,1,0
1091,2,1,1,0
1092,2,1,1,0
1093,1,1,1,0
1094,8,1,1,0
1095,2,1,1,0
1096,1,1,1,0
1097,6,1,1,0
1098,1,1,1,0
1099,6,1,1,0
1100,4,1,1,0
1101,1,1,1,0
1102,3,1,1,0
1103,2,1,1,0
1104,6,1,1,0
1105,3,1,1,0
1106,1,1,1,0
1107,1,1,1,0
1108,1,1,1,0
1109,3,1,1,0
1110,1,1,1,0
1111,4,1,1,0
1112,1,1,1,0
1113,1,1,1,0
1114,5,1,1,0
1115,2,1,1,0
1116,3,1,1,0
1117,6,1,1,0
1118,3,1,1,0
1119,1,1,1,0
1120,14,1,1,0
1121,1,1,1,0
1122,4,1,1,0
1123,1,1,1,0
1124,2,1,1,0
1125,6,1,1,0
1126,9,1,1,0
1127,5,1,1,0
1128,1,1,1,0
1129,3,1,1,0
1130,3,1,1,0
1131,7,1,1,0
1132,1,1,1,0
1133,5,1,1,0
1134,1,1,1,0
1135,5,1,1,0
1136,8,1,1,0
1137,2,1,1,0
1138,5,1,1,0
1139,2,1,1,0
1140,4,1,1,0
1141,4,1,1,0
1142,5,1,1,0
1143,1,1,1,0
1144,14,1,1,0
1145,5,1,1,0
1146,2,1,1,0
1147,5,1,1,0
1148,2,1,1,0
1149,2,1,1,0
1150,13,1,1,0
1151,4,1,1,0
1152,4,1,1,0
1153,6,1,1,0
1154,1,1,1,0
1155,1,1,1,0
1156,2,1,1,0
1157,5,1,1,0
1158,1,1,1,0
1159,5,1,1,0
1160,4,1,1,0
1161,2,1,1,0
1162,9,1,1,0
1163,4,1,1,0
1164,3,1,1,0
1165,2,1,1,0
1166,5,1,1,0
1167,3,1,1,0
1168,1,1,1,0
1169,1,1,1,0
1170,1,1,1,0
1171,11,1,1,0
1172,1,1,1,0
1173,6,1,1,0
1174,3,1,1,0
1175,5,1,1,0
1176,1,1,1,0
1177,3,1,1,0
1178,4,1,1,0
1179,1,1,1,0
1180,9,1,1,0
1181,1,1,1,0
1182,3,1,1,0
1183,2,1,1,0
1184,3,1,1,0
1185,3,1,1,0
1186,1,1,1,0
1187,2,1,1,0
1188,3,1,1,0
1189,12,1,1,0
1190,2,1,1,0
1191,1,1,1,0
1192,8,1,1,0
1193,1,1,1,0
1194,3,1,1,0
1195,4,1,1,0
1196,2,1,1,0
1197,7,1,1,0
1198,3,1,1,0
1199,3,1,1,0
1200,1,1,1,0
1201,5,1,1,0
1202,2,1,1,0
1203,2,1,1,0
1204,12,1,1,0
1205,4,1,1,0
1206,2,1,1,0
1207,2,1,1,0
1208,5,1,1,0
1209,4,1,1,0
1210,1,1,1,0
1211,2,1,1,0
1212,1,1,1,0
1213,6,1,1,0
1214,4,1,1,0
1215,7,1,1,0
1216,4,1,1,0
1217,1,1,1,0
1218,4,1,1,0
1219,2,1,1,0
1220,3,1,1,0
1221,1,1,1,0
1222,2,1,1,0
1223,2,1,1,0
1224,3,1,1,0
1225,4,1,1,0
1226,2,1,1,0
1227,3,1,1,0
1228,5,1,1,0
1229,3,1,1,0
1230,3,1,1,0
1231,2,1,1,0
1232,8,1,1,0
1233,2,1,1,0
1234,5,1,1,0
1235,2,1,1,0
1236,8,1,1,0
1237,1,1,1,0
1238,3,1,1,0
1239,4,1,1,0
1240,2,1,1,0
1241,1,1,1,0
1242,5,1,1,0
1243,1,1,1,0
1244,2,1,1,0
1245,4,1,1,0
1246,3,1,1,0
1247,2,1,1,0
1248,6,1,1,0
1249,2,1,1,0
1250,1,1,1,0
1251,3,1,1,0
1252,4,1,1,0
1253,11,1,1,0
1254,1,1,1,0
1255,2,1,1,0
1256,7,1,1,0
1257,3,1,1,0
1258,6,1,1,0
1259,13,1,1,0
1260,1,1,1,0
1261,5,1,1,0
1262,1,1,1,0
1263,5,1,1,0
1264,5,1,1,0
1265,1,1,1,0
1266,4,1,1,0
1267,1,1,1,0
1268,2,1,1,0
1269,2,1,1,0
1270,6,1,1,0
1271,2,1,1,0
1272,4,1,1,0
1273,1,1,1,0
1274,5,1,1,0
1275,1,1,1,0
1276,3,1,1,0
1277,1,1,1,0
1278,2,1,1,0
1279,2,1,1,0
1280,4,1,1,0
1281,1,1,1,0
1282,3,1,1,0
1283,2,1,1,0
1284,3,1,1,0
1285,3,1,1,0
1286,1,1,1,0
1287,6,1,1,0
1288,9,1,1,0
1289,2,1,1,0
1290,2,1,1,0
1291,3,1,1,0
1292,6,1,1,0
1293,4,1,1,0
1294,4,1,1,0
1295,2,1,1,0
1296,1,1,1,0
1297,6,1,1,0
1298,4,1,1,0
1299,1,1,1,0
1300,2,1,1,0
1301,2,1,1,0
1302,4,1,1,0
1303,5,1,1,0
1304,4,1,1,0
1305,3,1,1,0
1306,2,1,1,0
1307,1,1,1,0
1308,12,1,1,0
1309,2,1,1,0
1310,6,1,1,0
1311,3,1,1,0
1312,1,1,1,0
1313,2,1,1,0
1314,3,1,1,0
1315,3,1,1,0
1316,2,1,1,0
1317,2,1,1,0
1318,3,1,1,0
1319,3,1,1,0
1320,2,1,1,0
1321,1,1,1,0
1322,7,1,1,0
1323,7,1,1,0
1324,5,1,1,0
1325,4,1,1,0
1326,1,1,1,0
1327,5,1,1,0
1328,3,1,1,0
1329,1,1,1,0
1330,2,1,1,0
1331,17,1,1,0
1332,3,1,1,0
1333,8,1,1,0
1334,2,1,1,0
1335,4,1,1,0
1336,4,1,1,0
1337,16,1,1,0
1338,5,1,1,0
1339,1,1,1,0
1340,4,1,1,0
1341,1,1,1,0
1342,2,1,1,0
1343,6,1,1,0
1344,5,1,1,0
1345,5,1,1,0
1346,9,1,1,0
1347,2,1,1,0
1348,3,1,1,0
1349,1,1,1,0
1350,2,1,1,0
1351,11,1,1,0
1352,4,1,1,0
1353,2,1,1,0
1354,9,1,1,0
1355,1,1,1,0
1356,9,1,1,0
1357,4,1,1,0
1358,1,1,1,0
1359,7,1,1,0
1360,6,1,1,0
1361,4,1,1,0
1362,7,1,1,0
1363,1,1,1,0
1364,1,1,1,0
1365,4,1,1,0
1366,2,1,1,0
1367,1,1,1,0
1368,2,1,1,0
1369,2,1,1,0
1370,2,1,1,0
1371,11,1,1,0
1372,3,1,1,0
1373,4,1,1,0
1374,3,1,1,0
1375,1,1,1,0
1376,6,1,1,0
1377,2,1,1,0
1378,3,1,1,0
1379,2,1,1,0
1380,1,1,1,0
1381,5,1,1,0
1382,3,1,1,0
1383,4,1,1,0
1384,3,1,1,0
1385,5,1,1,0
1386,8,1,1,0
1387,1,1,1,0
1388,3,1,1,0
1389,7,1,1,0
1390,4,1,1,0
1391,7,1,1,0
1392,2,1,1,0
1393,4,1,1,0
1394,7,1,1,0
1395,2,1,1,0
1396,3,1,1,0
1397,2,1,1,0
1398,7,1,1,0
1399,3,1,1,0
1400,3,1,1,0
1401,4,1,1,0
1402,1,1,1,0
1403,9,1,1,0
1404,2,1,1,0
1405,1,1,1,0
1406,5,1,1,0
1407,2,1,1,0
1408,2,1,1,0
1409,7,1,1,0
1410,3,1,1,0
1411,1,1,1,0
1412,5,1,1,0
1413,15,1,1,0
1414,1,1,1,0
1415,9,1,1,0
1416,9,1,1,0
1417,10,1,1,0
1418,4,1,1,0
1419,6,1,1,0
1420,4,1,1,0
1421,3,1,1,0
1422,3,1,1,0
1423,2,1,1,0
1424,3,1,1,0
1425,1,1,1,0
1426,6,1,1,0
1427,5,1,1,0
1428,2,1,1,0
1429,4,1,1,0
1430,3,1,1,0
1431,5,1,1,0
1432,2,1,1,0
1433,2,1,1,0
1434,2,1,1,0
1435,1,1,1,0
1436,2,1,1,0
1437,1,1,1,0
1438,1,1,1,0
1439,1,1,1,0
1440,1,1,1,0
1441,10,1,1,0
1442,1,1,1,0
1443,1,1,1,0
1444,4,1,1,0
1445,1,1,1,0
1446,1,1,1,0
1447,5,1,1,0
1448,7,1,1,0
1449,2,1,1,0
1450,4,1,1,0
1451,3,1,1,0
1452,6,1,1,0
1453,1,1,1,0
1454,5,1,1,0
1455,5,1,1,0
1456,8,1,1,0
1457,1,1,1,0
1458,3,1,1,0
1459,4,1,1,0
1460,1,1,1,0
1461,5,1,1,0
1462,3,1,1,0
1463,1,1,1,0
1464,8,1,1,0
1465,7,1,1,0
1466,2,1,1,0
1467,10,1,1,0
1468,8,1,1,0
1469,3,1,1,0
1470,4,1,1,0
1471,5,1,1,0
1472,2,1,1,0
1473,2,1,1,0
1474,3,1,1,0
1475,1,1,1,0
1476,2,1,1,0
1477,3,1,1,0
1478,2,1,1,0
1479,5,1,1,0
1480,1,1,1,0
1481,1,1,1,0
1482,4,1,1,0
1483,5,1,1,0
1484,6,1,1,0
1485,4,1,1,0
1486,5,1,1,0
1487,3,1,1,0
1488,1,1,1,0
1489,2,1,1,0
1490,1,1,1,0
1491,3,1,1,0
1492,4,1,1,0
1493,2,1,1,0
1494,5,1,1,0
1495,1,1,1,0
1496,1,1,1,0
1497,1,1,1,0
1498,10,1,1,0
1499,2,1,1,0
1500,2,1,1,0
1501,1,1,1,0
1502,2,1,1,0
1503,3,1,1,0
1504,5,1,1,0
1505,4,1,1,0
1506,4,1,1,0
1507,1,1,1,0
1508,2,1,1,0
1509,3,1,1,0
1510,6,1,1,0
1511,7,1,1,0
1512,4,1,1,0
1513,10,1,1,0
1514,6,1,1,0
1515,2,1,1,0
1516,1,1,1,0
1517,3,1,1,0
1518,4,1,1,0
1519,1,1,1,0
1520,5,1,1,0
1521,5,1,1,0
1522,10,1,1,0
1523,4,1,1,0
1524,3,1,1,0
1525,2,1,1,0
1526,4,1,1,0
1527,8,1,1,0
1528,1,1,1,0
1529,4,1,1,0
1530,3,1,1,0
1531,4,1,1,0
1532,2,1,1,0
1533,5,1,1,0
1534,3,1,1,0
1535,1,1,1,0
1536,5,1,1,0
1537,3,1,1,0
1538,6,1,1,0
1539,1,1,1,0
1540,3,1,1,0
1541,7,1,1,0
1542,2,1,1,0
1543,6,1,1,0
1544,3,1,1,0
1545,3,1,1,0
1546,7,1,1,0
1547,1,1,1,0
1548,3,1,1,0
1549,1,1,1,0
1550,3,1,1,0
1551,2,1,1,0
1552,2,1,1,0
1553,1,1,1,0
1554,3,1,1,0
1555,1,1,1,0
1556,2,1,1,0
1557,2,1,1,0
1558,1,1,1,0
1559,7,1,1,0
1560,3,1,1,0
1561,1,1,1,0
1562,6,1,1,0
1563,5,1,1,0
1564,2,1,1,0
1565,2,1,1,0
1566,1,1,1,0
1567,1,1,1,0
1568,7,1,1,0
1569,1,1,1,0
1570,1,1,1,0
1571,5,1,1,0
1572,5,1,1,0
1573,3,1,1,0
1574,4,1,1,0
1575,1,1,1,0
1576,2,1,1,0
1577,4,1,1,0
1578,3,1,1,0
1579,3,1,1,0
1580,6,1,1,0
1581,9,1,1,0
1582,3,1,1,0
1583,2,1,1,0
1584,13,1,1,0
1585,1,1,1,0
1586,9,1,1,0
1587,1,1,1,0
1588,6,1,1,0
1589,3,1,1,0
1590,5,1,1,0
1591,1,1,1,0
1592,2,1,1,0
1593,1,1,1,0
1594,3,1,1,0
1595,1,1,1,0
1596,3,1,1,0
1597,2,1,1,0
1598,4,1,1,0
1599,1,1,1,0
1600,4,1,1,0
1601,1,1,1,0
1602,2,1,1,0
1603,6,1,1,0
1604,2,1,1,0
1605,3,1,1,0
1606,2,1,1,0
1607,2,1,1,0
1608,3,1,1,0
1609,2,1,1,0
1610,3,1,1,0
1611,2,1,1,0
1612,2,1,1,0
1613,1,1,1,0
1614,1,1,1,0
1615,1,1,1,0
1616,2,1,1,0
1617,1,1,1,0
1618,1,1,1,0
1619,4,1,1,0
1620,9,1,1,0
1621,3,1,1,0
1622,5,1,1,0
1623,2,1,1,0
1624,8,1,1,0
1625,3,1,1,0
1626,3,1,1,0
1627,9,1,1,0
1628,7,1,1,0
1629,1,1,1,0
1630,5,1,1,0
1631,4,1,1,0
1632,2,1,1,0
1633,2,1,1,0
1634,8,1,1,0
1635,1,1,1,0
1636,7,1,1,0
1637,1,1,1,0
1638,13,1,1,0
1639,4,1,1,0
1640,8,1,1,0
1641,6,1,1,0
1642,4,1,1,0
1643,6,1,1,0
1644,3,1,1,0
1645,4,1,1,0
1646,3,1,1,0
1647,6,1,1,0
1648,2,1,1,0
1649,1,1,1,0
1650,3,1,1,0
1651,6,1,1,0
1652,3,1,1,0
1653,1,1,1,0
1654,3,1,1,0
1655,2,1,1,0
1656,4,1,1,0
1657,2,1,1,0
1658,7,1,1,0
1659,1,1,1,0
1660,3,1,1,0
1661,7,1,1,0
1662,1,1,1,0
1663,4,1,1,0
1664,3,1,1,0
1665,1,1,1,0
1666,2,1,1,0
1667,3,1,1,0
1668,4,1,1,0
1669,2,1,1,0
1670,9,1,1,0
1671,4,1,1,0
1672,5,1,1,0
1673,1,1,1,0
1674,1,1,1,0
1675,6,1,1,0
1676,3,1,1,0
1677,4,1,1,0
1678,2,1,1,0
1679,1,1,1,0
1680,3,1,1,0
1681,7,1,1,0
1682,3,1,1,0
1683,3,1,1,0
1684,1,1,1,0
1685,2,1,1,0
1686,2,1,1,0
1687,4,1,1,0
1688,1,1,1,0
1689,8,1,1,0
1690,3,1,1,0
1691,1,1,1,0
1692,5,1,1,0
1693,1,1,1,0
1694,3,1,1,0
1695,1,1,1,0
1696,3,1,1,0
1697,3,1,1,0
1698,2,1,1,0
1699,1,1,1,0
1700,8,1,1,0
1701,1,1,1,0
1702,1,1,1,0
1703,3,1,1,0
1704,5,1,1,0
1705,5,1,1,0
1706,2,1,1,0
1707,8,1,1,0
1708,3,1,1,0
1709,1,1,1,0
1710,1,1,1,0
1711,7,1,1,0
1712,6,1,1,0
1713,7,1,1,0
1714,3,1,1,0
1715,1,1,1,0
1716,2,1,1,0
1717,3,1,1,0
1718,6,1,1,0
1719,1,1,1,0
1720,5,1,1,0
1721,5,1,1,0
1722,13,1,1,0
1723,1,1,1,0
1724,3,1,1,0
1725,1,1,1,0
1726,5,1,1,0
1727,4,1,1,0
1728,3,1,1,0
1729,2,1,1,0
1730,4,1,1,0
1731,5,1,1,0
1732,1,1,1,0
1733,2,1,1,0
1734,5,1,1,0
1735,4,1,1,0
1736,2,1,1,0
1737,1,1,1,0
1738,1,1,1,0
1739,8,1,1,0
1740,2,1,1,0
1741,5,1,1,0
1742,4,1,1,0
1743,3,1,1,0
1744,1,1,1,0
1745,2,1,1,0
1746,2,1,1,0
1747,2,1,1,0
1748,3,1,1,0
1749,8,1,1,0
1750,4,1,1,0
1751,3,1,1,0
1752,4,1,1,0
1753,7,1,1,0
1754,9,1,1,0
1755,5,1,1,0
1756,1,1,1,0
1757,1,1,1,0
1758,4,1,1,0
1759,5,1,1,0
1760,2,1,1,0
1761,3,1,1,0
1762,4,1,1,0
1763,4,1,1,0
1764,1,1,1,0
1765,2,1,1,0
1766,1,1,1,0
1767,3,1,1,0
1768,5,1,1,0
1769,3,1,1,0
1770,2,1,1,0
1771,3,1,1,0
1772,1,1,1,0
1773,1,1,1,0
1774,1,1,1,0
1775,1,1,1,0
1776,4,1,1,0
1777,1,1,1,0
1778,3,1,1,0
1779,1,1,1,0
1780,4,1,1,0
1781,1,1,1,0
1782,7,1,1,0
1783,7,1,1,0
1784,5,1,1,0
1785,1,1,1,0
1786,4,1,1,0
1787,5,1,1,0
1788,2,1,1,0
1789,5,1,1,0
1790,11,1,1,0
1791,2,1,1,0
1792,3,1,1,0
1793,1,1,1,0
1794,4,1,1,0
1795,2,1,1,0
1796,8,1,1,0
1797,3,1,1,0
1798,1,1,1,0
1799,4,1,1,0
1800,6,1,1,0
1801,2,1,1,0
1802,13,1,1,0
1803,1,1,1,0
1804,2,1,1,0
1805,3,1,1,0
1806,4,1,1,0
1807,1,1,1,0
1808,4,1,1,0
1809,5,1,1,0
1810,1,1,1,0
1811,4,1,1,0
1812,1,1,1,0
1813,7,1,1,0
1814,5,1,1,0
1815,2,1,1,0
1816,3,1,1,0
1817,7,1,1,0
1818,3,1,1,0
1819,1,1,1,0
1820,2,1,1,0
1821,5,1,1,0
1822,16,1,1,0
1823,1,1,1,0
1824,12,1,1,0
1825,4,1,1,0
1826,1,1,1,0
1827,4,1,1,0
1828,3,1,1,0
1829,1,1,1,0
1830,3,1,1,0
1831,2,1,1,0
1832,5,1,1,0
1833,2,1,1,0
1834,2,1,1,0
1835,3,1,1,0
1836,1,1,1,0
1837,2,1,1,0
1838,1,1,1,0
1839,2,1,1,0
1840,2,1,1,0
1841,1,1,1,0
1842,3,1,1,0
1843,5,1,1,0
1844,1,1,1,0
1845,2,1,1,0
1846,3,1,1,0
1847,3,1,1,0
1848,2,1,1,0
1849,4,1,1,0
1850,3,1,1,0
1851,2,1,1,0
1852,2,1,1,0
1853,6,1,1,0
1854,3,1,1,0
1855,2,1,1,0
1856,5,1,1,0
1857,7,1,1,0
1858,5,1,1,0
1859,6,1,1,0
1860,3,1,1,0
1861,7,1,1,0
1862,2,1,1,0
1863,8,1,1,0
1864,2,1,1,0
1865,3,1,1,0
1866,2,1,1,0
1867,3,1,1,0
1868,1,1,1,0
1869,8,1,1,0
1870,1,1,1,0
1871,2,1,1,0
1872,2,1,1,0
1873,3,1,1,0
1874,3,1,1,0
1875,4,1,1,0
1876,1,1,1,0
1877,13,1,1,0
1878,1,1,1,0
1879,2,1,1,0
1880,1,1,1,0
1881,9,1,1,0
1882,10,1,1,0
1883,1,1,1,0
1884,6,1,1,0
1885,1,1,1,0
1886,2,1,1,0
1887,6,1,1,0
1888,3,1,1,0
1889,3,1,1,0
1890,1,1,1,0
1891,5,1,1,0
1892,4,1,1,0
1893,3,1,1,0
1894,1,1,1,0
1895,1,1,1,0
1896,5,1,1,0
1897,6,1,1,0
1898,2,1,1,0
1899,2,1,1,0
1900,4,1,1,0
1901,2,1,1,0
1902,3,1,1,0
1903,2,1,1,0
1904,1,1,1,0
1905,5,1,1,0
1906,1,1,1,0
1907,1,1,1,0
1908,1,1,1,0
1909,3,1,1,0
1910,3,1,1,0
1911,1,1,1,0
1912,4,1,1,0
1913,6,1,1,0
1914,1,1,1,0
1915,3,1,1,0
1916,1,1,1,0
1917,1,1,1,0
1918,4,1,1,0
1919,3,1,1,0
1920,5,1,1,0
1921,2,1,1,0
1922,1,1,1,0
1923,7,1,1,0
1924,1,1,1,0
1925,2,1,1,0
1926,4,1,1,0
1927,13,1,1,0
1928,3,1,1,0
1929,3,1,1,0
1930,1,1,1,0
1931,2,1,1,0
1932,3,1,1,0
1933,2,1,1,0
1934,2,1,1,0
1935,3,1,1,0
1936,5,1,1,0
1937,1,1,1,0
1938,1,1,1,0
1939,6,1,1,0
1940,1,1,1,0
1941,4,1,1,0
1942,9,1,1,0
1943,9,1,1,0
1944,1,1,1,0
1945,1,1,1,0
1946,7,1,1,0
1947,3,1,1,0
1948,1,1,1,0
1949,5,1,1,0
1950,4,1,1,0
1951,2,1,1,0
1952,3,1,1,0
1953,3,1,1,0
1954,4,1,1,0
1955,1,1,1,0
1956,1,1,1,0
1957,3,1,1,0
1958,4,1,1,0
1959,3,1,1,0
1960,11,1,1,0
1961,1,1,1,0
1962,5,1,1,0
1963,6,1,1,0
1964,1,1,1,0
1965,1,1,1,0
1966,2,1,1,0
1967,1,1,1,0
1968,2,1,1,0
1969,1,1,1,0
1970,1,1,1,0
1971,2,1,1,0
1972,3,1,1,0
1973,5,1,1,0
1974,1,1,1,0
1975,4,1,1,0
1976,1,1,1,0
1977,4,1,1,0
1978,5,1,1,0
1979,2,1,1,0
1980,2,1,1,0
1981,1,1,1,0
1982,1,1,1,0
1983,7,1,1,0
1984,2,1,1,0
1985,7,1,1,0
1986,2,1,1,0
1987,9,1,1,0
1988,6,1,1,0
1989,4,1,1,0
1990,6,1,1,0
1991,1,1,1,0
1992,5,1,1,0
1993,5,1,1,0
1994,2,1,1,0
1995,7,1,1,0
1996,7,1,1,0
1997,7,1,1,0
1998,5,1,1,0
1999,2,1,1,0
2000,5,1,1,0
2001,3,1,1,0
2002,4,1,1,0
2003,2,1,1,0
2004,3,1,1,0
2005,1,1,1,0
2006,10,1,1,0
2007,1,1,1,0
2008,1,1,1,0
2009,1,1,1,0
2010,2,1,1,0
2011,5,1,1,0
2012,5,1,1,0
2013,9,1,1,0
2014,6,1,1,0
2015,2,1,1,0
2016,1,1,1,0
2017,1,1,1,0
2018,10,1,1,0
2019,3,1,1,0
2020,1,1,1,0
2021,1,1,1,0
2022,1,1,1,0
2023,8,1,1,0
2024,2,1,1,0
2025,3,1,1,0
2026,4,1,1,0
2027,2,1,1,0
2028,1,1,1,0
2029,4,1,1,0
2030,2,1,1,0
2031,1,1,1,0
2032,2,1,1,0
2033,3,1,1,0
2034,3,1,1,0
2035,13,1,1,0
2036,5,1,1,0
2037,6,1,1,0
2038,14,1,1,0
2039,8,1,1,0
2040,2,1,1,0
2041,4,1,1,0
2042,2,1,1,0
2043,3,1,1,0
2044,3,1,1,0
2045,3,1,1,0
2046,1,1,1,0
2047,1,1,1,0
2048,2,1,1,0
2049,1,1,1,0
2050,2,1,1,0
2051,5,1,1,0
2052,5,1,1,0
2053,2,1,1,0
2054,1,1,1,0
2055,3,1,1,0
2056,3,1,1,0
2057,1,1,1,0
2058,5,1,1,0
2059,3,1,1,0
2060,1,1,1,0
2061,1,1,1,0
2062,5,1,1,0
2063,2,1,1,0
2064,1,1,1,0
2065,3,1,1,0
2066,1,1,1,0
2067,7,1,1,0
2068,7,1,1,0
2069,9,1,1,0
2070,1,1,1,0
2071,10,1,1,0
2072,1,1,1,0
2073,5,1,1,0
2074,2,1,1,0
2075,2,1,1,0
2076,1,1,1,0
2077,6,1,1,0
2078,2,1,1,0
2079,7,1,1,0
2080,9,1,1,0
2081,3,1,1,0
2082,4,1,1,0
2083,7,1,1,0
2084,2,1,1,0
2085,5,1,1,0
2086,4,1,1,0
2087,4,1,1,0
2088,2,1,1,0
2089,5,1,1,0
2090,1,1,1,0
2091,10,1,1,0
2092,5,1,1,0
2093,1,1,1,0
2094,3,1,1,0
2095,3,1,1,0
2096,1,1,1,0
2097,7,1,1,0
2098,3,1,1,0
2099,3,1,1,0
2100,4,1,1,0
2101,1,1,1,0
2102,3,1,1,0
2103,3,1,1,0
2104,2,1,1,0
2105,1,1,1,0
2106,4,1,1,0
2107,7,1,1,0
2108,1,1,1,0
2109,12,1,1,0
2110,1,1,1,0
2111,4,1,1,0
2112,3,1,1,0
2113,6,1,1,0
2114,2,1,1,0
2115,3,1,1,0
2116,5,1,1,0
2117,4,1,1,0
2118,1,1,1,0
2119,3,1,1,0
2120,3,1,1,0
2121,4,1,1,0
2122,10,1,1,0
2123,9,1,1,0
2124,4,1,1,0
2125,4,1,1,0
2126,5,1,1,0
2127,2,1,1,0
2128,2,1,1,0
2129,2,1,1,0
2130,2,1,1,0
2131,4,1,1,0
2132,1,1,1,0
2133,5,1,1,0
2134,1,1,1,0
2135,3,1,1,0
2136,4,1,1,0
2137,3,1,1,0
2138,6,1,1,0
2139,1,1,1,0
2140,1,1,1,0
2141,3,1,1,0
2142,3,1,1,0
2143,6,1,1,0
2144,5,1,1,0
2145,4,1,1,0
2146,4,1,1,0
2147,4,1,1,0
2148,4,1,1,0
2149,7,1,1,0
2150,2,1,1,0
2151,5,1,1,0
2152,2,1,1,0
2153,4,1,1,0
2154,1,1,1,0
2155,3,1,1,0
2156,2,1,1,0
2157,10,1,1,0
2158,5,1,1,0
2159,4,1,1,0
2160,2,1,1,0
2161,5,1,1,0
2162,4,1,1,0
2163,1,1,1,0
2164,2,1,1,0
2165,2,1,1,0
2166,2,1,1,0
2167,1,1,1,0
2168,3,1,1,0
2169,11,1,1,0
2170,6,1,1,0
2171,4,1,1,0
2172,3,1,1,0
2173,4,1,1,0
2174,8,1,1,0
2175,7,1,1,0
2176,1,1,1,0
2177,1,1,1,0
2178,2,1,1,0
2179,1,1,1,0
2180,1,1,1,0
2181,8,1,1,0
2182,1,1,1,0
2183,1,1,1,0
2184,2,1,1,0
2185,4,1,1,0
2186,1,1,1,0
2187,2,1,1,0
2188,3,1,1,0
2189,5,1,1,0
2190,10,1,1,0
2191,2,1,1,0
2192,8,1,1,0
2193,1,1,1,0
2194,2,1,1,0
2195,1,1,1,0
2196,4,1,1,0
2197,3,1,1,0
2198,4,1,1,0
2199,1,1,1,0
2200,5,1,1,0
2201,3,1,1,0
2202,5,1,1,0
2203,1,1,1,0
2204,6,1,1,0
2205,1,1,1,0
2206,3,1,1,0
2207,6,1,1,0
2208,4,1,1,0
2209,9,1,1,0
2210,4,1,1,0
2211,3,1,1,0
2212,4,1,1,0
2213,9,1,1,0
2214,3,1,1,0
2215,4,1,1,0
2216,3,1,1,0
2217,3,1,1,0
2218,2,1,1,0
2219,9,1,1,0
2220,1,1,1,0
2221,3,1,1,0
2222,1,1,1,0
2223,1,1,1,0
2224,3,1,1,0
2225,2,1,1,0
2226,3,1,1,0
2227,1,1,1,0
2228,4,1,1,0
2229,3,1,1,0
2230,2,1,1,0
2231,4,1,1,0
2232,3,1,1,0
2233,5,1,1,0
2234,1,1,1,0
2235,1,1,1,0
2236,2,1,1,0
2237,6,1,1,0
2238,1,1,1,0
2239,2,1,1,0
2240,1,1,1,0
2241,1,1,1,0
2242,1,1,1,0
2243,2,1,1,0
2244,5,1,1,0
2245,5,1,1,0
2246,3,1,1,0
2247,5,1,1,0
2248,2,1,1,0
2249,3,1,1,0
2250,5,1,1,0
2251,7,1,1,0
2252,2,1,1,0
2253,2,1,1,0
2254,3,1,1,0
2255,11,1,1,0
2256,2,1,1,0
2257,1,1,1,0
2258,1,1,1,0
2259,1,1,1,0
2260,4,1,1,0
2261,3,1,1,0
2262,8,1,1,0
2263,7,1,1,0
2264,1,1,1,0
2265,4,1,1,0
2266,8,1,1,0
2267,3,1,1,0
2268,4,1,1,0
2269,7,1,1,0
2270,10,1,1,0
2271,11,1,1,0
2272,1,1,1,0
2273,3,1,1,0
2274,3,1,1,0
2275,2,1,1,0
2276,2,1,1,0
2277,9,1,1,0
2278,3,1,1,0
2279,1,1,1,0
2280,2,1,1,0
2281,3,1,1,0
2282,1,1,1,0
2283,1,1,1,0
2284,2,1,1,0
2285,6,1,1,0
2286,2,1,1,0
2287,5,1,1,0
2288,5,1,1,0
2289,4,1,1,0
2290,9,1,1,0
2291,1,1,1,0
2292,2,1,1,0
2293,2,1,1,0
2294,1,1,1,0
2295,1,1,1,0
2296,1,1,1,0
2297,2,1,1,0
2298,2,1,1,0
2299,1,1,1,0
2300,2,1,1,0
2301,2,1,1,0
2302,2,1,1,0
2303,3,1,1,0
2304,6,1,1,0
2305,1,1,1,0
2306,6,1,1,0
2307,5,1,1,0
2308,3,1,1,0
2309,3,1,1,0
2310,5,1,1,0
2311,3,1,1,0
2312,2,1,1,0
2313,1,1,1,0
2314,3,1,1,0
2315,11,1,1,0
2316,8,1,1,0
2317,3,1,1,0
2318,7,1,1,0
2319,3,1,1,0
2320,2,1,1,0
2321,6,1,1,0
2322,2,1,1,0
2323,2,1,1,0
2324,6,1,1,0
2325,1,1,1,0
2326,3,1,1,0
2327,1,1,1,0
2328,13,1,1,0
2329,10,1,1,0
2330,2,1,1,0
2331,4,1,1,0
2332,1,1,1,0
2333,4,1,1,0
2334,1,1,1,0
2335,3,1,1,0
2336,2,1,1,0
2337,1,1,1,0
2338,1,1,1,0
2339,3,1,1,0
2340,7,1,1,0
2341,4,1,1,0
2342,3,1,1,0
2343,2,1,1,0
2344,1,1,1,0
2345,4,1,1,0
2346,1,1,1,0
2347,1,1,1,0
2348,2,1,1,0
2349,2,1,1,0
2350,2,1,1,0
2351,2,1,1,0
2352,2,1,1,0
2353,1,1,1,0
2354,9,1,1,0
2355,8,1,1,0
2356,6,1,1,0
2357,4,1,1,0
2358,4,1,1,0
2359,2,1,1,0
2360,4,1,1,0
2361,2,1,1,0
2362,3,1,1,0
2363,2,1,1,0
2364,1,1,1,0
2365,2,1,1,0
2366,8,1,1,0
2367,5,1,1,0
2368,1,1,1,0
2369,5,1,1,0
2370,1,1,1,0
2371,9,1,1,0
2372,3,1,1,0
2373,3,1,1,0
2374,1,1,1,0
2375,6,1,1,0
2376,15,1,1,0
2377,3,1,1,0
2378,3,1,1,0
2379,6,1,1,0
2380,2,1,1,0
2381,6,1,1,0
2382,1,1,1,0
2383,2,1,1,0
2384,1,1,1,0
2385,3,1,1,0
2386,3,1,1,0
2387,9,1,1,0
2388,1,1,1,0
2389,1,1,1,0
2390,1,1,1,0
2391,6,1,1,0
2392,2,1,1,0
2393,1,1,1,0
2394,3,1,1,0
2395,6,1,1,0
2396,3,1,1,0
2397,1,1,1,0
2398,3,1,1,0
2399,1,1,1,0
2400,1,1,1,0
2401,3,1,1,0
2402,9,1,1,0
2403,4,1,1,0
2404,2,1,1,0
2405,10,1,1,0
2406,1,1,1,0
2407,5,1,1,0
2408,4,1,1,0
2409,1,1,1,0
2410,3,1,1,0
2411,3,1,1,0
2412,1,1,1,0
2413,5,1,1,0
2414,1,1,1,0
2415,2,1,1,0
2416,2,1,1,0
2417,2,1,1,0
2418,11,1,1,0
2419,2,1,1,0
2420,2,1,1,0
2421,3,1,1,0
2422,3,1,1,0
2423,3,1,1,0
2424,2,1,1,0
2425,3,1,1,0
2426,2,1,1,0
2427,9,1,1,0
2428,1,1,1,0
2429,3,1,1,0
2430,3,1,1,0
2431,2,1,1,0
2432,3,1,1,0
2433,2,1,1,0
2434,4,1,1,0
2435,11,1,1,0
2436,9,1,1,0
2437,2,1,1,0
2438,4,1,1,0
2439,2,1,1,0
2440,6,1,1,0
2441,5,1,1,0
2442,1,1,1,0
2443,2,1,1,0
2444,5,1,1,0
2445,6,1,1,0
2446,2,1,1,0
2447,1,1,1,0
2448,9,1,1,0
2449,5,1,1,0
2450,5,1,1,0
2451,1,1,1,0
2452,1,1,1,0
2453,5,1,1,0
2454,6,1,1,0
2455,9,1,1,0
2456,2,1,1,0
2457,3,1,1,0
2458,3,1,1,0
2459,3,1,1,0
2460,2,1,1,0
2461,1,1,1,0
2462,1,1,1,0
2463,4,1,1,0
2464,4,1,1,0
2465,5,1,1,0
2466,1,1,1,0
2467,1,1,1,0
2468,1,1,1,0
2469,1,1,1,0
2470,5,1,1,0
2471,9,1,1,0
2472,1,1,1,0
2473,1,1,1,0
2474,1,1,1,0
2475,6,1,1,0
2476,5,1,1,0
2477,3,1,1,0
2478,5,1,1,0
2479,1,1,1,0
2480,5,1,1,0
2481,1,1,1,0
2482,5,1,1,0
2483,2,1,1,0
2484,6,1,1,0
2485,5,1,1,0
2486,2,1,1,0
2487,5,1,1,0
2488,5,1,1,0
2489,3,1,1,0
2490,6,1,1,0
2491,12,1,1,0
2492,2,1,1,0
2493,2,1,1,0
2494,5,1,1,0
2495,2,1,1,0
2496,3,1,1,0
2497,4,1,1,0
2498,1,1,1,0
2499,1,1,1,0
2500,3,1,1,0
2501,2,1,1,0
2502,1,1,1,0
2503,3,1,1,0
2504,4,1,1,0
2505,4,1,1,0
2506,2,1,1,0
2507,3,1,1,0
2508,3,1,1,0
2509,3,1,1,0
2510,6,1,1,0
2511,7,1,1,0
2512,2,1,1,0
2513,4,1,1,0
2514,1,1,1,0
2515,2,1,1,0
2516,5,1,1,0
2517,8,1,1,0
2518,2,1,1,0
2519,3,1,1,0
2520,2,1,1,0
2521,1,1,1,0
2522,3,1,1,0
2523,5,1,1,0
2524,1,1,1,0
2525,2,1,1,0
2526,2,1,1,0
2527,4,1,1,0
2528,1,1,1,0
2529,2,1,1,0
2530,1,1,1,0
2531,8,1,1,0
2532,1,1,1,0
2533,1,1,1,0
2534,4,1,1,0
2535,1,1,1,0
2536,4,1,1,0
2537,6,1,1,0
2538,4,1,1,0
2539,4,1,1,0
2540,6,1,1,0
2541,5,1,1,0
2542,6,1,1,0
2543,3,1,1,0
2544,2,1,1,0
2545,2,1,1,0
2546,1,1,1,0
2547,1,1,1,0
2548,2,1,1,0
2549,6,1,1,0
2550,2,1,1,0
2551,2,1,1,0
2552,2,1,1,0
2553,5,1,1,0
2554,4,1,1,0
2555,3,1,1,0
2556,4,1,1,0
2557,4,1,1,0
2558,9,1,1,0
2559,6,1,1,0
2560,1,1,1,0
2561,6,1,1,0
2562,6,1,1,0
2563,6,1,1,0
2564,2,1,1,0
2565,2,1,1,0
2566,6,1,1,0
2567,1,1,1,0
2568,3,1,1,0
2569,1,1,1,0
2570,3,1,1,0
2571,3,1,1,0
2572,1,1,1,0
2573,6,1,1,0
2574,1,1,1,0
2575,4,1,1,0
2576,16,1,1,0
2577,1,1,1,0
2578,1,1,1,0
2579,3,1,1,0
2580,5,1,1,0
2581,7,1,1,0
2582,3,1,1,0
2583,2,1,1,0
2584,1,1,1,0
2585,2,1,1,0
2586,1,1,1,0
2587,3,1,1,0
2588,4,1,1,0
2589,1,1,1,0
2590,2,1,1,0
2591,3,1,1,0
2592,7,1,1,0
2593,5,1,1,0
2594,3,1,1,0
2595,5,1,1,0
2596,3,1,1,0
2597,1,1,1,0
2598,2,1,1,0
2599,2,1,1,0
2600,3,1,1,0
2601,1,1,1,0
2602,3,1,1,0
2603,1,1,1,0
2604,9,1,1,0
2605,5,1,1,0
2606,5,1,1,0
2607,6,1,1,0
2608,1,1,1,0
2609,2,1,1,0
2610,4,1,1,0
2611,3,1,1,0
2612,5,1,1,0
2613,3,1,1,0
2614,3,1,1,0
2615,7,1,1,0
2616,1,1,1,0
2617,1,1,1,0
2618,3,1,1,0
2619,3,1,1,0
2620,3,1,1,0
2621,5,1,1,0
2622,3,1,1,0
2623,9,1,1,0
2624,6,1,1,0
2625,3,1,1,0
2626,5,1,1,0
2627,2,1,1,0
2628,2,1,1,0
2629,2,1,1,0
2630,1,1,1,0
2631,4,1,1,0
2632,2,1,1,0
2633,2,1,1,0
2634,1,1,1,0
2635,6,1,1,0
2636,7,1,1,0
2637,6,1,1,0
2638,19,1,1,0
2639,6,1,1,0
2640,4,1,1,0
2641,6,1,1,0
2642,6,1,1,0
2643,4,1,1,0
2644,4,1,1,0
2645,1,1,1,0
2646,8,1,1,0
2647,6,1,1,0
2648,3,1,1,0
2649,1,1,1,0
2650,1,1,1,0
2651,3,1,1,0
2652,4,1,1,0
2653,2,1,1,0
2654,2,1,1,0
2655,2,1,1,0
2656,8,1,1,0
2657,2,1,1,0
2658,2,1,1,0
2659,2,1,1,0
2660,2,1,1,0
2661,8,1,1,0
2662,7,1,1,0
2663,1,1,1,0
2664,7,1,1,0
2665,1,1,1,0
2666,4,1,1,0
2667,7,1,1,0
2668,3,1,1,0
2669,7,1,1,0
2670,7,1,1,0
2671,3,1,1,0
2672,1,1,1,0
2673,2,1,1,0
2674,2,1,1,0
2675,3,1,1,0
2676,4,1,1,0
2677,5,1,1,0
2678,1,1,1,0
2679,3,1,1,0
2680,3,1,1,0
2681,3,1,1,0
2682,5,1,1,0
2683,7,1,1,0
2684,3,1,1,0
2685,4,1,1,0
2686,5,1,1,0
2687,1,1,1,0
2688,2,1,1,0
2689,1,1,1,0
2690,7,1,1,0
2691,2,1,1,0
2692,6,1,1,0
2693,1,1,1,0
2694,2,1,1,0
2695,1,1,1,0
2696,4,1,1,0
2697,2,1,1,0
2698,1,1,1,0
2699,2,1,1,0
2700,5,1,1,0
2701,4,1,1,0
2702,17,1,1,0
2703,1,1,1,0
2704,5,1,1,0
2705,10,1,1,0
2706,8,1,1,0
2707,2,1,1,0
2708,5,1,1,0
2709,2,1,1,0
2710,2,1,1,0
2711,2,1,1,0
2712,8,1,1,0
2713,4,1,1,0
2714,5,1,1,0
2715,4,1,1,0
2716,3,1,1,0
2717,6,1,1,0
2718,3,1,1,0
2719,4,1,1,0
2720,3,1,1,0
2721,1,1,1,0
2722,2,1,1,0
2723,10,1,1,0
2724,3,1,1,0
2725,5,1,1,0
2726,4,1,1,0
2727,4,1,1,0
2728,3,1,1,0
2729,3,1,1,0
2730,4,1,1,0
2731,4,1,1,0
2732,6,1,1,0
2733,2,1,1,0
2734,3,1,1,0
2735,8,1,1,0
2736,1,1,1,0
2737,13,1,1,0
2738,1,1,1,0
2739,2,1,1,0
2740,9,1,1,0
2741,1,1,1,0
2742,2,1,1,0
2743,2,1,1,0
2744,4,1,1,0
2745,1,1,1,0
2746,1,1,1,0
2747,2,1,1,0
2748,3,1,1,0
2749,8,1,1,0
2750,6,1,1,0
2751,1,1,1,0
2752,3,1,1,0
2753,3,1,1,0
2754,1,1,1,0
2755,3,1,1,0
2756,11,1,1,0
2757,10,1,1,0
2758,3,1,1,0
2759,2,1,1,0
2760,3,1,1,0
2761,7,1,1,0
2762,3,1,1,0
2763,7,1,1,0
2764,2,1,1,0
2765,4,1,1,0
2766,3,1,1,0
2767,5,1,1,0
2768,2,1,1,0
2769,4,1,1,0
2770,2,1,1,0
2771,1,1,1,0
2772,5,1,1,0
2773,1,1,1,0
2774,1,1,1,0
2775,5,1,1,0
2776,1,1,1,0
2777,7,1,1,0
2778,2,1,1,0
2779,4,1,1,0
2780,5,1,1,0
2781,2,1,1,0
2782,4,1,1,0
2783,3,1,1,0
2784,2,1,1,0
2785,2,1,1,0
2786,5,1,1,0
2787,5,1,1,0
2788,4,1,1,0
2789,4,1,1,0
2790,7,1,1,0
2791,2,1,1,0
2792,2,1,1,0
2793,3,1,1,0
2794,3,1,1,0
2795,3,1,1,0
2796,2,1,1,0
2797,7,1,1,0
2798,2,1,1,0
2799,2,1,1,0
2800,8,1,1,0
2801,2,1,1,0
2802,5,1,1,0
2803,2,1,1,0
2804,1,1,1,0
2805,4,1,1,0
2806,4,1,1,0
2807,1,1,1,0
2808,2,1,1,0
2809,1,1,1,0
2810,3,1,1,0
2811,2,1,1,0
2812,4,1,1,0
2813,2,1,1,0
2814,1,1,1,0
2815,2,1,1,0
2816,4,1,1,0
2817,3,1,1,0
2818,3,1,1,0
2819,4,1,1,0
2820,2,1,1,0
2821,1,1,1,0
2822,1,1,1,0
2823,1,1,1,0
2824,2,1,1,0
2825,2,1,1,0
2826,1,1,1,0
2827,3,1,1,0
2828,11,1,1,0
2829,8,1,1,0
2830,3,1,1,0
2831,2,1,1,0
2832,7,1,1,0
2833,1,1,1,0
2834,1,1,1,0
2835,1,1,1,0
2836,1,1,1,0
2837,3,1,1,0
2838,1,1,1,0
2839,1,1,1,0
2840,1,1,1,0
2841,2,1,1,0
2842,13,1,1,0
2843,3,1,1,0
2844,1,1,1,0
2845,2,1,1,0
2846,3,1,1,0
2847,11,1,1,0
2848,1,1,1,0
2849,1,1,1,0
2850,2,1,1,0
2851,3,1,1,0
2852,3,1,1,0
2853,4,1,1,0
2854,2,1,1,0
2855,1,1,1,0
2856,2,1,1,0
2857,4,1,1,0
2858,3,1,1,0
2859,1,1,1,0
2860,3,1,1,0
2861,2,1,1,0
2862,2,1,1,0
2863,1,1,1,0
2864,1,1,1,0
2865,9,1,1,0
2866,3,1,1,0
2867,1,1,1,0
2868,2,1,1,0
2869,4,1,1,0
2870,3,1,1,0
2871,1,1,1,0
2872,7,1,1,0
2873,3,1,1,0
2874,5,1,1,0
2875,1,1,1,0
2876,8,1,1,0
2877,2,1,1,0
2878,3,1,1,0
2879,3,1,1,0
2880,1,1,1,0
2881,1,1,1,0
2882,1,1,1,0
2883,1,1,1,0
2884,5,1,1,0
2885,5,1,1,0
2886,6,1,1,0
2887,3,1,1,0
2888,5,1,1,0
2889,1,1,1,0
2890,1,1,1,0
2891,2,1,1,0
2892,2,1,1,0
2893,1,1,1,0
2894,3,1,1,0
2895,3,1,1,0
2896,5,1,1,0
2897,4,1,1,0
2898,1,1,1,0
2899,4,1,1,0
2900,3,1,1,0
2901,1,1,1,0
2902,1,1,1,0
2903,5,1,1,0
2904,3,1,1,0
2905,9,1,1,0
2906,4,1,1,0
2907,3,1,1,0
2908,3,1,1,0
2909,2,1,1,0
2910,2,1,1,0
2911,2,1,1,0
2912,3,1,1,0
2913,2,1,1,0
2914,1,1,1,0
2915,2,1,1,0
2916,5,1,1,0
2917,1,1,1,0
2918,1,1,1,0
2919,3,1,1,0
2920,3,1,1,0
2921,9,1,1,0
2922,1,1,1,0
2923,2,1,1,0
2924,1,1,1,0
2925,4,1,1,0
2926,2,1,1,0
2927,2,1,1,0
2928,6,1,1,0
2929,6,1,1,0
2930,5,1,1,0
2931,1,1,1,0
2932,6,1,1,0
2933,1,1,1,0
2934,5,1,1,0
2935,7,1,1,0
2936,4,1,1,0
2937,3,1,1,0
2938,2,1,1,0
2939,4,1,1,0
2940,3,1,1,0
2941,5,1,1,0
2942,2,1,1,0
2943,7,1,1,0
2944,3,1,1,0
2945,2,1,1,0
2946,7,1,1,0
2947,4,1,1,0
2948,4,1,1,0
2949,1,1,1,0
2950,1,1,1,0
2951,4,1,1,0
2952,2,1,1,0
2953,3,1,1,0
2954,2,1,1,0
2955,2,1,1,0
2956,9,1,1,0
2957,8,1,1,0
2958,1,1,1,0
2959,3,1,1,0
2960,1,1,1,0
2961,1,1,1,0
2962,4,1,1,0
2963,3,1,1,0
2964,2,1,1,0
2965,4,1,1,0
2966,5,1,1,0
2967,1,1,1,0
2968,1,1,1,0
2969,1,1,1,0
2970,3,1,1,0
2971,4,1,1,0
2972,2,1,1,0
2973,7,1,1,0
2974,9,1,1,0
2975,2,1,1,0
2976,9,1,1,0
2977,6,1,1,0
2978,1,1,1,0
2979,5,1,1,0
2980,3,1,1,0
2981,1,1,1,0
2982,5,1,1,0
2983,2,1,1,0
2984,2,1,1,0
2985,3,1,1,0
2986,2,1,1,0
2987,2,1,1,0
2988,6,1,1,0
2989,1,1,1,0
2990,2,1,1,0
2991,5,1,1,0
2992,5,1,1,0
2993,2,1,1,0
2994,3,1,1,0
2995,7,1,1,0
2996,2,1,1,0
2997,4,1,1,0
2998,11,1,1,0
2999,5,1,1,0
3000,4,1,1,0
3001,2,1,1,0
3002,4,1,1,0
3003,3,1,1,0
3004,1,1,1,0
3005,4,1,1,0
3006,7,1,1,0
3007,3,1,1,0
3008,5,1,1,0
3009,7,1,1,0
3010,3,1,1,0
3011,10,1,1,0
3012,1,1,1,0
3013,3,1,1,0
3014,2,1,1,0
3015,2,1,1,0
3016,7,1,1,0
3017,3,1,1,0
3018,3,1,1,0
3019,2,1,1,0
3020,8,1,1,0
3021,1,1,1,0
3022,5,1,1,0
3023,2,1,1,0
3024,5,1,1,0
3025,5,1,1,0
3026,2,1,1,0
3027,3,1,1,0
3028,3,1,1,0
3029,1,1,1,0
3030,3,1,1,0
3031,1,1,1,0
3032,1,1,1,0
3033,2,1,1,0
3034,1,1,1,0
3035,12,1,1,0
3036,6,1,1,0
3037,8,1,1,0
3038,2,1,1,0
3039,3,1,1,0
3040,4,1,1,0
3041,1,1,1,0
3042,3,1,1,0
3043,10,1,1,0
3044,2,1,1,0
3045,2,1,1,0
3046,1,1,1,0
3047,3,1,1,0
3048,1,1,1,0
3049,1,1,1,0
3050,4,1,1,0
3051,3,1,1,0
3052,7,1,1,0
3053,4,1,1,0
3054,3,1,1,0
3055,7,1,1,0
3056,3,1,1,0
3057,4,1,1,0
3058,5,1,1,0
3059,3,1,1,0
3060,3,1,1,0
3061,6,1,1,0
3062,3,1,1,0
3063,2,1,1,0
3064,3,1,1,0
3065,1,1,1,0
3066,1,1,1,0
3067,1,1,1,0
3068,3,1,1,0
3069,4,1,1,0
3070,5,1,1,0
3071,2,1,1,0
3072,5,1,1,0
3073,4,1,1,0
3074,4,1,1,0
3075,3,1,1,0
3076,7,1,1,0
3077,4,1,1,0
3078,3,1,1,0
3079,2,1,1,0
3080,7,1,1,0
3081,3,1,1,0
3082,4,1,1,0
3083,2,1,1,0
3084,4,1,1,0
3085,4,1,1,0
3086,1,1,1,0
3087,6,1,1,0
3088,2,1,1,0
3089,3,1,1,0
3090,1,1,1,0
3091,10,1,1,0
3092,2,1,1,0
3093,2,1,1,0
3094,3,1,1,0
3095,2,1,1,0
3096,2,1,1,0
3097,2,1,1,0
3098,10,1,1,0
3099,1,1,1,0
3100,2,1,1,0
3101,1,1,1,0
3102,1,1,1,0
3103,3,1,1,0
3104,1,1,1,0
3105,3,1,1,0
3106,3,1,1,0
3107,5,1,1,0
3108,1,1,1,0
3109,8,1,1,0
3110,9,1,1,0
3111,4,1,1,0
3112,1,1,1,0
3113,5,1,1,0
3114,3,1,1,0
3115,2,1,1,0
3116,1,1,1,0
3117,3,1,1,0
3118,2,1,1,0
3119,4,1,1,0
3120,3,1,1,0
3121,1,1,1,0
3122,3,1,1,0
3123,3,1,1,0
3124,3,1,1,0
3125,7,1,1,0
3126,8,1,1,0
3127,2,1,1,0
3128,4,1,1,0
3129,10,1,1,0
3130,1,1,1,0
3131,9,1,1,0
3132,7,1,1,0
3133,1,1,1,0
3134,1,1,1,0
3135,10,1,1,0
3136,10,1,1,0
3137,1,1,1,0
3138,7,1,1,0
3139,1,1,1,0
3140,7,1,1,0
3141,6,1,1,0
3142,3,1,1,0
3143,3,1,1,0
3144,7,1,1,0
3145,2,1,1,0
3146,2,1,1,0
3147,1,1,1,0
3148,1,1,1,0
3149,6,1,1,0
3150,4,1,1,0
3151,10,1,1,0
3152,2,1,1,0
3153,3,1,1,0
3154,4,1,1,0
3155,1,1,1,0
3156,2,1,1,0
3157,1,1,1,0
3158,1,1,1,0
3159,5,1,1,0
3160,3,1,1,0
3161,3,1,1,0
3162,8,1,1,0
3163,4,1,1,0
3164,3,1,1,0
3165,4,1,1,0
3166,3,1,1,0
3167,2,1,1,0
3168,5,1,1,0
3169,2,1,1,0
3170,2,1,1,0
3171,4,1,1,0
3172,1,1,1,0
3173,3,1,1,0
3174,4,1,1,0
3175,3,1,1,0
3176,2,1,1,0
3177,2,1,1,0
3178,1,1,1,0
3179,3,1,1,0
3180,7,1,1,0
3181,1,1,1,0
3182,1,1,1,0
3183,5,1,1,0
3184,5,1,1,0
3185,5,1,1,0
3186,5,1,1,0
3187,3,1,1,0
3188,2,1,1,0
3189,2,1,1,0
3190,2,1,1,0
3191,1,1,1,0
3192,6,1,1,0
3193,7,1,1,0
3194,1,1,1,0
3195,4,1,1,0
3196,12,1,1,0
3197,3,1,1,0
3198,2,1,1,0
3199,3,1,1,0
3200,1,1,1,0
3201,3,1,1,0
3202,10,1,1,0
3203,1,1,1,0
3204,4,1,1,0
3205,12,1,1,0
3206,2,1,1,0
3207,7,1,1,0
3208,5,1,1,0
3209,5,1,1,0
3210,13,1,1,0
3211,5,1,1,0
3212,3,1,1,0
3213,4,1,1,0
3214,2,1,1,0
3215,5,1,1,0
3216,4,1,1,0
3217,1,1,1,0
3218,4,1,1,0
3219,2,1,1,0
3220,2,1,1,0
3221,10,1,1,0
3222,1,1,1,0
3223,1,1,1,0
3224,1,1,1,0
3225,6,1,1,0
3226,3,1,1,0
3227,5,1,1,0
3228,3,1,1,0
3229,3,1,1,0
3230,4,1,1,0
3231,2,1,1,0
3232,1,1,1,0
3233,6,1,1,0
3234,3,1,1,0
3235,1,1,1,0
3236,1,1,1,0
3237,2,1,1,0
3238,6,1,1,0
3239,2,1,1,0
3240,3,1,1,0
3241,1,1,1,0
3242,4,1,1,0
3243,6,1,1,0
3244,5,1,1,0
3245,2,1,1,0
3246,2,1,1,0
3247,4,1,1,0
3248,6,1,1,0
3249,1,1,1,0
3250,2,1,1,0
3251,5,1,1,0
3252,4,1,1,0
3253,1,1,1,0
3254,1,1,1,0
3255,4,1,1,0
3256,1,1,1,0
3257,3,1,1,0
3258,2,1,1,0
3259,1,1,1,0
3260,2,1,1,0
3261,1,1,1,0
3262,1,1,1,0
3263,8,1,1,0
3264,7,1,1,0
3265,1,1,1,0
3266,20,1,1,0
3267,5,1,1,0
3268,2,1,1,0
3269,3,1,1,0
3270,5,1,1,0
3271,5,1,1,0
3272,2,1,1,0
3273,4,1,1,0
3274,2,1,1,0
3275,2,1,1,0
3276,1,1,1,0
3277,4,1,1,0
3278,2,1,1,0
3279,2,1,1,0
3280,5,1,1,0
3281,5,1,1,0
3282,1,1,1,0
3283,2,1,1,0
3284,1,1,1,0
3285,1,1,1,0
3286,3,1,1,0
3287,3,1,1,0
3288,1,1,1,0
3289,1,1,1,0
3290,1,1,1,0
3291,1,1,1,0
3292,1,1,1,0
3293,4,1,1,0
3294,2,1,1,0
3295,4,1,1,0
3296,6,1,1,0
3297,3,1,1,0
3298,5,1,1,0
3299,2,1,1,0
3300,1,1,1,0
3301,13,1,1,0
3302,13,1,1,0
3303,1,1,1,0
3304,4,1,1,0
3305,1,1,1,0
3306,3,1,1,0
3307,2,1,1,0
3308,3,1,1,0
3309,2,1,1,0
3310,8,1,1,0
3311,4,1,1,0
3312,6,1,1,0
3313,9,1,1,0
3314,2,1,1,0
3315,2,1,1,0
3316,3,1,1,0
3317,1,1,1,0
3318,1,1,1,0
3319,4,1,1,0
3320,3,1,1,0
3321,6,1,1,0
3322,1,1,1,0
3323,2,1,1,0
3324,2,1,1,0
3325,3,1,1,0
3326,3,1,1,0
3327,4,1,1,0
3328,6,1,1,0
3329,3,1,1,0
3330,4,1,1,0
3331,8,1,1,0
3332,5,1,1,0
3333,3,1,1,0
3334,4,1,1,0
3335,10,1,1,0
3336,1,1,1,0
3337,1,1,1,0
3338,2,1,1,0
3339,4,1,1,0
3340,4,1,1,0
3341,13,1,1,0
3342,1,1,1,0
3343,2,1,1,0
3344,4,1,1,0
3345,1,1,1,0
3346,3,1,1,0
3347,1,1,1,0
3348,8,1,1,0
3349,3,1,1,0
3350,1,1,1,0
3351,1,1,1,0
3352,2,1,1,0
3353,4,1,1,0
3354,1,1,1,0
3355,5,1,1,0
3356,6,1,1,0
3357,2,1,1,0
3358,1,1,1,0
3359,5,1,1,0
3360,1,1,1,0
3361,9,1,1,0
3362,5,1,1,0
3363,4,1,1,0
3364,4,1,1,0
3365,3,1,1,0
3366,3,1,1,0
3367,2,1,1,0
3368,3,1,1,0
3369,9,1,1,0
3370,3,1,1,0
3371,1,1,1,0
3372,2,1,1,0
3373,7,1,1,0
3374,6,1,1,0
3375,1,1,1,0
3376,12,1,1,0
3377,9,1,1,0
3378,2,1,1,0
3379,7,1,1,0
3380,2,1,1,0
3381,3,1,1,0
3382,2,1,1,0
3383,2,1,1,0
3384,4,1,1,0
3385,11,1,1,0
3386,4,1,1,0
3387,6,1,1,0
3388,2,1,1,0
3389,3,1,1,0
3390,5,1,1,0
3391,6,1,1,0
3392,3,1,1,0
3393,1,1,1,0
3394,2,1,1,0
3395,6,1,1,0
3396,3,1,1,0
3397,4,1,1,0
3398,6,1,1,0
3399,1,1,1,0
3400,5,1,1,0
3401,4,1,1,0
3402,1,1,1,0
3403,2,1,1,0
3404,1,1,1,0
3405,3,1,1,0
3406,2,1,1,0
3407,2,1,1,0
3408,3,1,1,0
3409,7,1,1,0
3410,2,1,1,0
3411,2,1,1,0
3412,6,1,1,0
3413,5,1,1,0
3414,3,1,1,0
3415,4,1,1,0
3416,3,1,1,0
3417,3,1,1,0
3418,5,1,1,0
3419,1,1,1,0
3420,2,1,1,0
3421,9,1,1,0
3422,7,1,1,0
3423,2,1,1,0
3424,1,1,1,0
3425,4,1,1,0
3426,5,1,1,0
3427,1,1,1,0
3428,2,1,1,0
3429,2,1,1,0
3430,5,1,1,0
3431,6,1,1,0
3432,2,1,1,0
3433,9,1,1,0
3434,7,1,1,0
3435,2,1,1,0
3436,1,1,1,0
3437,2,1,1,0
3438,2,1,1,0
3439,1,1,1,0
3440,2,1,1,0
3441,3,1,1,0
3442,3,1,1,0
3443,2,1,1,0
3444,3,1,1,0
3445,1,1,1,0
3446,5,1,1,0
3447,5,1,1,0
3448,4,1,1,0
3449,1,1,1,0
3450,3,1,1,0
3451,1,1,1,0
3452,2,1,1,0
3453,8,1,1,0
3454,4,1,1,0
3455,1,1,1,0
3456,1,1,1,0
3457,1,1,1,0
3458,12,1,1,0
3459,3,1,1,0
3460,3,1,1,0
3461,3,1,1,0
3462,2,1,1,0
3463,3,1,1,0
3464,3,1,1,0
3465,2,1,1,0
3466,1,1,1,0
3467,5,1,1,0
3468,8,1,1,0
3469,3,1,1,0
3470,4,1,1,0
3471,2,1,1,0
3472,1,1,1,0
3473,9,1,1,0
3474,5,1,1,0
3475,2,1,1,0
3476,3,1,1,0
3477,4,1,1,0
3478,5,1,1,0
3479,1,1,1,0
3480,1,1,1,0
3481,1,1,1,0
3482,2,1,1,0
3483,7,1,1,0
3484,1,1,1,0
3485,1,1,1,0
3486,8,1,1,0
3487,4,1,1,0
3488,2,1,1,0
3489,2,1,1,0
3490,5,1,1,0
3491,3,1,1,0
3492,9,1,1,0
3493,2,1,1,0
3494,1,1,1,0
3495,5,1,1,0
3496,1,1,1,0
3497,1,1,1,0
3498,3,1,1,0
3499,2,1,1,0
3500,15,1,1,0
3501,3,1,1,0
3502,1,1,1,0
3503,1,1,1,0
3504,5,1,1,0
3505,1,1,1,0
3506,2,1,1,0
3507,7,1,1,0
3508,2,1,1,0
3509,3,1,1,0
3510,5,1,1,0
3511,2,1,1,0
3512,2,1,1,0
3513,2,1,1,0
3514,1,1,1,0
3515,7,1,1,0
3516,1,1,1,0
3517,1,1,1,0
3518,2,1,1,0
3519,2,1,1,0
3520,7,1,1,0
3521,1,1,1,0
3522,1,1,1,0
3523,1,1,1,0
3524,5,1,1,0
3525,3,1,1,0
3526,1,1,1,0
3527,3,1,1,0
3528,1,1,1,0
3529,8,1,1,0
3530,2,1,1,0
3531,5,1,1,0
3532,1,1,1,0
3533,5,1,1,0
3534,5,1,1,0
3535,7,1,1,0
3536,1,1,1,0
3537,3,1,1,0
3538,3,1,1,0
3539,1,1,1,0
3540,6,1,1,0
3541,3,1,1,0
3542,10,1,1,0
3543,4,1,1,0
3544,4,1,1,0
3545,5,1,1,0
3546,2,1,1,0
3547,1,1,1,0
3548,1,1,1,0
3549,2,1,1,0
3550,1,1,1,0
3551,1,1,1,0
3552,2,1,1,0
3553,13,1,1,0
3554,5,1,1,0
3555,2,1,1,0
3556,1,1,1,0
3557,7,1,1,0
3558,3,1,1,0
3559,3,1,1,0
3560,1,1,1,0
3561,3,1,1,0
3562,2,1,1,0
3563,2,1,1,0
3564,3,1,1,0
3565,6,1,1,0
3566,1,1,1,0
3567,9,1,1,0
3568,2,1,1,0
3569,7,1,1,0
3570,6,1,1,0
3571,3,1,1,0
3572,8,1,1,0
3573,4,1,1,0
3574,2,1,1,0
3575,1,1,1,0
3576,2,1,1,0
3577,4,1,1,0
3578,3,1,1,0
3579,3,1,1,0
3580,3,1,1,0
3581,7,1,1,0
3582,11,1,1,0
3583,2,1,1,0
3584,5,1,1,0
3585,2,1,1,0
3586,4,1,1,0
3587,2,1,1,0
3588,5,1,1,0
3589,2,1,1,0
3590,2,1,1,0
3591,3,1,1,0
3592,1,1,1,0
3593,3,1,1,0
3594,4,1,1,0
3595,1,1,1,0
3596,1,1,1,0
3597,9,1,1,0
3598,2,1,1,0
3599,19,1,1,0
3600,1,1,1,0
3601,1,1,1,0
3602,12,1,1,0
3603,1,1,1,0
3604,9,1,1,0
3605,1,1,1,0
3606,3,1,1,0
3607,2,1,1,0
3608,2,1,1,0
3609,2,1,1,0
3610,8,1,1,0
3611,2,1,1,0
3612,6,1,1,0
3613,6,1,1,0
3614,2,1,1,0
3615,5,1,1,0
3616,14,1,1,0
3617,15,1,1,0
3618,2,1,1,0
3619,7,1,1,0
3620,4,1,1,0
3621,8,1,1,0
3622,3,1,1,0
3623,1,1,1,0
3624,1,1,1,0
3625,1,1,1,0
3626,2,1,1,0
3627,2,1,1,0
3628,2,1,1,0
3629,4,1,1,0
3630,5,1,1,0
3631,9,1,1,0
3632,4,1,1,0
3633,2,1,1,0
3634,3,1,1,0
3635,1,1,1,0
3636,7,1,1,0
3637,2,1,1,0
3638,6,1,1,0
3639,1,1,1,0
3640,8,1,1,0
3641,3,1,1,0
3642,3,1,1,0
3643,2,1,1,0
3644,1,1,1,0
3645,4,1,1,0
3646,2,1,1,0
3647,5,1,1,0
3648,4,1,1,0
3649,7,1,1,0
3650,3,1,1,0
3651,7,1,1,0
3652,5,1,1,0
3653,1,1,1,0
3654,6,1,1,0
3655,6,1,1,0
3656,1,1,1,0
3657,6,1,1,0
3658,6,1,1,0
3659,3,1,1,0
3660,4,1,1,0
3661,7,1,1,0
3662,5,1,1,0
3663,1,1,1,0
3664,1,1,1,0
3665,1,1,1,0
3666,7,1,1,0
3667,6,1,1,0
3668,1,1,1,0
3669,1,1,1,0
3670,3,1,1,0
3671,4,1,1,0
3672,3,1,1,0
3673,4,1,1,0
3674,2,1,1,0
3675,11,1,1,0
3676,4,1,1,0
3677,1,1,1,0
3678,1,1,1,0
3679,9,1,1,0
3680,3,1,1,0
3681,5,1,1,0
3682,3,1,1,0
3683,5,1,1,0
3684,7,1,1,0
3685,2,1,1,0
3686,6,1,1,0
3687,1,1,1,0
3688,2,1,1,0
3689,3,1,1,0
3690,1,1,1,0
3691,3,1,1,0
3692,3,1,1,0
3693,5,1,1,0
3694,4,1,1,0
3695,5,1,1,0
3696,5,1,1,0
3697,3,1,1,0
3698,5,1,1,0
3699,2,1,1,0
3700,5,1,1,0
3701,2,1,1,0
3702,5,1,1,0
3703,1,1,1,0
3704,4,1,1,0
3705,6,1,1,0
3706,1,1,1,0
3707,2,1,1,0
3708,3,1,1,0
3709,2,1,1,0
3710,2,1,1,0
3711,1,1,1,0
3712,8,1,1,0
3713,6,1,1,0
3714,5,1,1,0
3715,8,1,1,0
3716,9,1,1,0
3717,3,1,1,0
3718,2,1,1,0
3719,4,1,1,0
3720,2,1,1,0
3721,1,1,1,0
3722,2,1,1,0
3723,2,1,1,0
3724,2,1,1,0
3725,2,1,1,0
3726,1,1,1,0
3727,1,1,1,0
3728,2,1,1,0
3729,3,1,1,0
3730,1,1,1,0
3731,5,1,1,0
3732,3,1,1,0
3733,1,1,1,0
3734,6,1,1,0
3735,4,1,1,0
3736,1,1,1,0
3737,4,1,1,0
3738,2,1,1,0
3739,1,1,1,0
3740,4,1,1,0
3741,8,1,1,0
3742,2,1,1,0
3743,1,1,1,0
3744,3,1,1,0
3745,5,1,1,0
3746,3,1,1,0
3747,6,1,1,0
3748,5,1,1,0
3749,1,1,1,0
3750,3,1,1,0
3751,1,1,1,0
3752,2,1,1,0
3753,8,1,1,0
3754,1,1,1,0
3755,1,1,1,0
3756,4,1,1,0
3757,5,1,1,0
3758,1,1,1,0
3759,3,1,1,0
3760,5,1,1,0
3761,3,1,1,0
3762,1,1,1,0
3763,8,1,1,0
3764,13,1,1,0
3765,1,1,1,0
3766,2,1,1,0
3767,1,1,1,0
3768,1,1,1,0
3769,7,1,1,0
3770,3,1,1,0
3771,1,1,1,0
3772,1,1,1,0
3773,1,1,1,0
3774,1,1,1,0
3775,2,1,1,0
3776,2,1,1,0
3777,6,1,1,0
3778,2,1,1,0
3779,9,1,1,0
3780,1,1,1,0
3781,8,1,1,0
3782,1,1,1,0
3783,6,1,1,0
3784,3,1,1,0
3785,5,1,1,0
3786,1,1,1,0
3787,2,1,1,0
3788,2,1,1,0
3789,7,1,1,0
3790,1,1,1,0
3791,10,1,1,0
3792,4,1,1,0
3793,1,1,1,0
3794,4,1,1,0
3795,5,1,1,0
3796,1,1,1,0
3797,1,1,1,0
3798,4,1,1,0
3799,3,1,1,0
3800,3,1,1,0
3801,5,1,1,0
3802,1,1,1,0
3803,5,1,1,0
3804,1,1,1,0
3805,8,1,1,0
3806,1,1,1,0
3807,2,1,1,0
3808,1,1,1,0
3809,3,1,1,0
3810,3,1,1,0
3811,2,1,1,0
3812,3,1,1,0
3813,5,1,1,0
3814,3,1,1,0
3815,8,1,1,0
3816,14,1,1,0
3817,2,1,1,0
3818,1,1,1,0
3819,3,1,1,0
3820,6,1,1,0
3821,4,1,1,0
3822,2,1,1,0
3823,2,1,1,0
3824,2,1,1,0
3825,4,1,1,0
3826,3,1,1,0
3827,12,1,1,0
3828,4,1,1,0
3829,10,1,1,0
3830,4,1,1,0
3831,3,1,1,0
3832,10,1,1,0
3833,10,1,1,0
3834,4,1,1,0
3835,8,1,1,0
3836,8,1,1,0
3837,1,1,1,0
3838,1,1,1,0
3839,1,1,1,0
3840,3,1,1,0
3841,1,1,1,0
3842,1,1,1,0
3843,2,1,1,0
3844,1,1,1,0
3845,3,1,1,0
3846,1,1,1,0
3847,3,1,1,0
3848,3,1,1,0
3849,3,1,1,0
3850,1,1,1,0
3851,1,1,1,0
3852,3,1,1,0
3853,4,1,1,0
3854,1,1,1,0
3855,3,1,1,0
3856,11,1,1,0
3857,3,1,1,0
3858,14,1,1,0
3859,7,1,1,0
3860,5,1,1,0
3861,4,1,1,0
3862,5,1,1,0
3863,2,1,1,0
3864,10,1,1,0
3865,2,1,1,0
3866,3,1,1,0
3867,9,1,1,0
3868,4,1,1,0
3869,2,1,1,0
3870,3,1,1,0
3871,3,1,1,0
3872,3,1,1,0
3873,7,1,1,0
3874,7,1,1,0
3875,3,1,1,0
3876,5,1,1,0
3877,2,1,1,0
3878,3,1,1,0
3879,1,1,1,0
3880,4,1,1,0
3881,3,1,1,0
3882,1,1,1,0
3883,1,1,1,0
3884,3,1,1,0
3885,5,1,1,0
3886,1,1,1,0
3887,5,1,1,0
3888,3,1,1,0
3889,4,1,1,0
3890,4,1,1,0
3891,4,1,1,0
3892,2,1,1,0
3893,8,1,1,0
3894,1,1,1,0
3895,6,1,1,0
3896,1,1,1,0
3897,3,1,1,0
3898,2,1,1,0
3899,1,1,1,0
3900,4,1,1,0
3901,1,1,1,0
3902,4,1,1,0
3903,7,1,1,0
3904,5,1,1,0
3905,13,1,1,0
3906,8,1,1,0
3907,2,1,1,0
3908,10,1,1,0
3909,6,1,1,0
3910,5,1,1,0
3911,1,1,1,0
3912,3,1,1,0
3913,2,1,1,0
3914,3,1,1,0
3915,4,1,1,0
3916,5,1,1,0
3917,3,1,1,0
3918,1,1,1,0
3919,1,1,1,0
3920,2,1,1,0
3921,1,1,1,0
3922,7,1,1,0
3923,2,1,1,0
3924,4,1,1,0
3925,2,1,1,0
3926,6,1,1,0
3927,3,1,1,0
3928,11,1,1,0
3929,1,1,1,0
3930,3,1,1,0
3931,3,1,1,0
3932,5,1,1,0
3933,9,1,1,0
3934,6,1,1,0
3935,1,1,1,0
3936,5,1,1,0
3937,6,1,1,0
3938,6,1,1,0
3939,5,1,1,0
3940,4,1,1,0
3941,19,1,1,0
3942,1,1,1,0
3943,3,1,1,0
3944,4,1,1,0
3945,6,1,1,0
3946,1,1,1,0
3947,2,1,1,0
3948,1,1,1,0
3949,3,1,1,0
3950,1,1,1,0
3951,2,1,1,0
3952,11,1,1,0
3953,1,1,1,0
3954,5,1,1,0
3955,6,1,1,0
3956,1,1,1,0
3957,3,1,1,0
3958,2,1,1,0
3959,1,1,1,0
3960,3,1,1,0
3961,8,1,1,0
3962,2,1,1,0
3963,2,1,1,0
3964,6,1,1,0
3965,1,1,1,0
3966,6,1,1,0
3967,1,1,1,0
3968,2,1,1,0
3969,1,1,1,0
3970,6,1,1,0
3971,2,1,1,0
3972,6,1,1,0
3973,4,1,1,0
3974,5,1,1,0
3975,3,1,1,0
3976,3,1,1,0
3977,1,1,1,0
3978,3,1,1,0
3979,2,1,1,0
3980,8,1,1,0
3981,3,1,1,0
3982,1,1,1,0
3983,6,1,1,0
3984,1,1,1,0
3985,3,1,1,0
3986,5,1,1,0
3987,1,1,1,0
3988,1,1,1,0
3989,6,1,1,0
3990,2,1,1,0
3991,5,1,1,0
3992,1,1,1,0
3993,3,1,1,0
3994,1,1,1,0
3995,4,1,1,0
3996,1,1,1,0
3997,6,1,1,0
3998,10,1,1,0
3999,2,1,1,0
4000,3,1,1,0
4001,2,1,1,0
4002,4,1,1,0
4003,2,1,1,0
4004,4,1,1,0
4005,6,1,1,0
4006,1,1,1,0
4007,1,1,1,0
4008,4,1,1,0
4009,1,1,1,0
4010,2,1,1,0
4011,1,1,1,0
4012,7,1,1,0
4013,1,1,1,0
4014,3,1,1,0
4015,1,1,1,0
4016,1,1,1,0
4017,1,1,1,0
4018,2,1,1,0
4019,1,1,1,0
4020,1,1,1,0
4021,12,1,1,0
4022,7,1,1,0
4023,3,1,1,0
4024,5,1,1,0
4025,3,1,1,0
4026,5,1,1,0
4027,7,1,1,0
4028,1,1,1,0
4029,3,1,1,0
4030,1,1,1,0
4031,2,1,1,0
4032,1,1,1,0
4033,2,1,1,0
4034,1,1,1,0
4035,4,1,1,0
4036,1,1,1,0
4037,2,1,1,0
4038,8,1,1,0
4039,4,1,1,0
4040,4,1,1,0
4041,1,1,1,0
4042,2,1,1,0
4043,5,1,1,0
4044,3,1,1,0
4045,5,1,1,0
4046,11,1,1,0
4047,5,1,1,0
4048,8,1,1,0
4049,1,1,1,0
4050,3,1,1,0
4051,2,1,1,0
4052,5,1,1,0
4053,1,1,1,0
4054,1,1,1,0
4055,1,1,1,0
4056,3,1,1,0
4057,5,1,1,0
4058,3,1,1,0
4059,3,1,1,0
4060,1,1,1,0
4061,2,1,1,0
4062,6,1,1,0
4063,3,1,1,0
4064,3,1,1,0
4065,1,1,1,0
4066,2,1,1,0
4067,5,1,1,0
4068,8,1,1,0
4069,9,1,1,0
4070,3,1,1,0
4071,5,1,1,0
4072,2,1,1,0
4073,4,1,1,0
4074,6,1,1,0
4075,3,1,1,0
4076,5,1,1,0
4077,2,1,1,0
4078,3,1,1,0
4079,3,1,1,0
4080,7,1,1,0
4081,1,1,1,0
4082,4,1,1,0
4083,3,1,1,0
4084,3,1,1,0
4085,9,1,1,0
4086,2,1,1,0
4087,8,1,1,0
4088,8,1,1,0
4089,2,1,1,0
4090,1,1,1,0
4091,3,1,1,0
4092,21,1,1,0
4093,7,1,1,0
4094,5,1,1,0
4095,6,1,1,0
4096,1,1,1,0
4097,14,1,1,0
4098,3,1,1,0
4099,6,1,1,0
4100,1,1,1,0
4101,11,1,1,0
4102,4,1,1,0
4103,4,1,1,0
4104,2,1,1,0
4105,1,1,1,0
4106,7,1,1,0
4107,7,1,1,0
4108,2,1,1,0
4109,1,1,1,0
4110,3,1,1,0
4111,1,1,1,0
4112,5,1,1,0
4113,4,1,1,0
4114,3,1,1,0
4115,1,1,1,0
4116,1,1,1,0
4117,2,1,1,0
4118,1,1,1,0
4119,3,1,1,0
4120,9,1,1,0
4121,1,1,1,0
4122,1,1,1,0
4123,2,1,1,0
4124,1,1,1,0
4125,5,1,1,0
4126,8,1,1,0
4127,2,1,1,0
4128,3,1,1,0
4129,1,1,1,0
4130,2,1,1,0
4131,15,1,1,0
4132,10,1,1,0
4133,10,1,1,0
4134,1,1,1,0
4135,2,1,1,0
4136,6,1,1,0
4137,1,1,1,0
4138,3,1,1,0
4139,9,1,1,0
4140,1,1,1,0
4141,3,1,1,0
4142,4,1,1,0
4143,3,1,1,0
4144,13,1,1,0
4145,2,1,1,0
4146,2,1,1,0
4147,5,1,1,0
4148,4,1,1,0
4149,5,1,1,0
4150,8,1,1,0
4151,3,1,1,0
4152,2,1,1,0
4153,2,1,1,0
4154,1,1,1,0
4155,1,1,1,0
4156,2,1,1,0
4157,2,1,1,0
4158,8,1,1,0
4159,1,1,1,0
4160,8,1,1,0
4161,3,1,1,0
4162,6,1,1,0
4163,4,1,1,0
4164,1,1,1,0
4165,6,1,1,0
4166,10,1,1,0
4167,2,1,1,0
4168,7,1,1,0
4169,5,1,1,0
4170,1,1,1,0
4171,2,1,1,0
4172,4,1,1,0
4173,1,1,1,0
4174,6,1,1,0
4175,3,1,1,0
4176,1,1,1,0
4177,3,1,1,0
4178,1,1,1,0
4179,4,1,1,0
4180,2,1,1,0
4181,1,1,1,0
4182,6,1,1,0
4183,5,1,1,0
4184,5,1,1,0
4185,1,1,1,0
4186,1,1,1,0
4187,9,1,1,0
4188,1,1,1,0
4189,1,1,1,0
4190,4,1,1,0
4191,9,1,1,0
4192,5,1,1,0
4193,2,1,1,0
4194,1,1,1,0
4195,1,1,1,0
4196,3,1,1,0
4197,3,1,1,0
4198,8,1,1,0
4199,10,1,1,0
4200,1,1,1,0
4201,2,1,1,0
4202,1,1,1,0
4203,7,1,1,0
4204,1,1,1,0
4205,1,1,1,0
4206,3,1,1,0
4207,1,1,1,0
4208,1,1,1,0
4209,2,1,1,0
4210,3,1,1,0
4211,1,1,1,0
4212,3,1,1,0
4213,5,1,1,0
4214,2,1,1,0
4215,3,1,1,0
4216,4,1,1,0
4217,7,1,1,0
4218,4,1,1,0
4219,5,1,1,0
4220,3,1,1,0
4221,5,1,1,0
4222,6,1,1,0
4223,3,1,1,0
4224,1,1,1,0
4225,4,1,1,0
4226,1,1,1,0
4227,3,1,1,0
4228,3,1,1,0
4229,10,1,1,0
4230,9,1,1,0
4231,4,1,1,0
4232,4,1,1,0
4233,8,1,1,0
4234,1,1,1,0
4235,3,1,1,0
4236,3,1,1,0
4237,2,1,1,0
4238,6,1,1,0
4239,1,1,1,0
4240,1,1,1,0
4241,2,1,1,0
4242,2,1,1,0
4243,7,1,1,0
4244,4,1,1,0
4245,2,1,1,0
4246,4,1,1,0
4247,4,1,1,0
4248,4,1,1,0
4249,4,1,1,0
4250,3,1,1,0
4251,7,1,1,0
4252,7,1,1,0
4253,2,1,1,0
4254,1,1,1,0
4255,7,1,1,0
4256,1,1,1,0
4257,7,1,1,0
4258,1,1,1,0
4259,1,1,1,0
4260,4,1,1,0
4261,1,1,1,0
4262,2,1,1,0
4263,6,1,1,0
4264,2,1,1,0
4265,1,1,1,0
4266,1,1,1,0
4267,7,1,1,0
4268,3,1,1,0
4269,3,1,1,0
4270,2,1,1,0
4271,4,1,1,0
4272,4,1,1,0
4273,13,1,1,0
4274,6,1,1,0
4275,2,1,1,0
4276,3,1,1,0
4277,6,1,1,0
4278,3,1,1,0
4279,2,1,1,0
4280,1,1,1,0
4281,2,1,1,0
4282,2,1,1,0
4283,5,1,1,0
4284,9,1,1,0
4285,2,1,1,0
4286,1,1,1,0
4287,4,1,1,0
4288,3,1,1,0
4289,5,1,1,0
4290,3,1,1,0
4291,2,1,1,0
4292,1,1,1,0
4293,4,1,1,0
4294,2,1,1,0
4295,7,1,1,0
4296,4,1,1,0
4297,3,1,1,0
4298,4,1,1,0
4299,2,1,1,0
4300,1,1,1,0
4301,7,1,1,0
4302,2,1,1,0
4303,5,1,1,0
4304,6,1,1,0
4305,2,1,1,0
4306,11,1,1,0
4307,3,1,1,0
4308,3,1,1,0
4309,2,1,1,0
4310,6,1,1,0
4311,1,1,1,0
4312,4,1,1,0
4313,2,1,1,0
4314,4,1,1,0
4315,6,1,1,0
4316,1,1,1,0
4317,2,1,1,0
4318,5,1,1,0
4319,1,1,1,0
4320,2,1,1,0
4321,7,1,1,0
4322,5,1,1,0
4323,2,1,1,0
4324,1,1,1,0
4325,13,1,1,0
4326,2,1,1,0
4327,4,1,1,0
4328,4,1,1,0
4329,6,1,1,0
4330,4,1,1,0
4331,9,1,1,0
4332,3,1,1,0
4333,7,1,1,0
4334,11,1,1,0
4335,3,1,1,0
4336,1,1,1,0
4337,2,1,1,0
4338,1,1,1,0
4339,2,1,1,0
4340,9,1,1,0
4341,1,1,1,0
4342,4,1,1,0
4343,4,1,1,0
4344,1,1,1,0
4345,3,1,1,0
4346,3,1,1,0
4347,1,1,1,0
4348,1,1,1,0
4349,17,1,1,0
4350,4,1,1,0
4351,5,1,1,0
4352,2,1,1,0
4353,1,1,1,0
4354,2,1,1,0
4355,1,1,1,0
4356,1,1,1,0
4357,7,1,1,0
4358,2,1,1,0
4359,5,1,1,0
4360,6,1,1,0
4361,1,1,1,0
4362,1,1,1,0
4363,9,1,1,0
4364,6,1,1,0
4365,1,1,1,0
4366,1,1,1,0
4367,4,1,1,0
4368,4,1,1,0
4369,6,1,1,0
4370,3,1,1,0
4371,4,1,1,0
4372,4,1,1,0
4373,4,1,1,0
4374,4,1,1,0
4375,1,1,1,0
4376,5,1,1,0
4377,10,1,1,0
4378,3,1,1,0
4379,7,1,1,0
4380,1,1,1,0
4381,1,1,1,0
4382,4,1,1,0
4383,2,1,1,0
4384,2,1,1,0
4385,3,1,1,0
4386,3,1,1,0
4387,3,1,1,0
4388,2,1,1,0
4389,6,1,1,0
4390,3,1,1,0
4391,4,1,1,0
4392,3,1,1,0
4393,5,1,1,0
4394,10,1,1,0
4395,1,1,1,0
4396,3,1,1,0
4397,2,1,1,0
4398,9,1,1,0
4399,1,1,1,0
4400,13,1,1,0
4401,6,1,1,0
4402,1,1,1,0
4403,3,1,1,0
4404,3,1,1,0
4405,2,1,1,0
4406,2,1,1,0
4407,11,1,1,0
4408,6,1,1,0
4409,1,1,1,0
4410,4,1,1,0
4411,4,1,1,0
4412,4,1,1,0
4413,1,1,1,0
4414,2,1,1,0
4415,2,1,1,0
4416,2,1,1,0
4417,4,1,1,0
4418,4,1,1,0
4419,1,1,1,0
4420,1,1,1,0
4421,5,1,1,0
4422,4,1,1,0
4423,10,1,1,0
4424,2,1,1,0
4425,2,1,1,0
4426,10,1,1,0
4427,4,1,1,0
4428,2,1,1,0
4429,2,1,1,0
4430,8,1,1,0
4431,4,1,1,0
4432,2,1,1,0
4433,1,1,1,0
4434,1,1,1,0
4435,1,1,1,0
4436,5,1,1,0
4437,1,1,1,0
4438,9,1,1,0
4439,5,1,1,0
4440,2,1,1,0
4441,5,1,1,0
4442,2,1,1,0
4443,3,1,1,0
4444,5,1,1,0
4445,3,1,1,0
4446,1,1,1,0
4447,18,1,1,0
4448,5,1,1,0
4449,3,1,1,0
4450,5,1,1,0
4451,5,1,1,0
4452,2,1,1,0
4453,6,1,1,0
4454,1,1,1,0
4455,1,1,1,0
4456,2,1,1,0
4457,5,1,1,0
4458,2,1,1,0
4459,2,1,1,0
4460,2,1,1,0
4461,2,1,1,0
4462,7,1,1,0
4463,3,1,1,0
4464,10,1,1,0
4465,5,1,1,0
4466,5,1,1,0
4467,4,1,1,0
4468,1,1,1,0
4469,11,1,1,0
4470,2,1,1,0
4471,7,1,1,0
4472,1,1,1,0
4473,2,1,1,0
4474,1,1,1,0
4475,1,1,1,0
4476,2,1,1,0
4477,2,1,1,0
4478,5,1,1,0
4479,3,1,1,0
4480,1,1,1,0
4481,5,1,1,0
4482,10,1,1,0
4483,3,1,1,0
4484,4,1,1,0
4485,4,1,1,0
4486,3,1,1,0
4487,6,1,1,0
4488,1,1,1,0
4489,3,1,1,0
4490,3,1,1,0
4491,2,1,1,0
4492,2,1,1,0
4493,1,1,1,0
4494,4,1,1,0
4495,1,1,1,0
4496,6,1,1,0
4497,2,1,1,0
4498,2,1,1,0
4499,6,1,1,0
4500,1,1,1,0
4501,5,1,1,0
4502,3,1,1,0
4503,3,1,1,0
4504,1,1,1,0
4505,7,1,1,0
4506,4,1,1,0
4507,3,1,1,0
4508,12,1,1,0
4509,1,1,1,0
4510,1,1,1,0
4511,3,1,1,0
4512,2,1,1,0
4513,10,1,1,0
4514,4,1,1,0
4515,8,1,1,0
4516,5,1,1,0
4517,1,1,1,0
4518,7,1,1,0
4519,3,1,1,0
4520,1,1,1,0
4521,3,1,1,0
4522,3,1,1,0
4523,3,1,1,0
4524,3,1,1,0
4525,2,1,1,0
4526,6,1,1,0
4527,5,1,1,0
4528,3,1,1,0
4529,2,1,1,0
4530,1,1,1,0
4531,7,1,1,0
4532,1,1,1,0
4533,1,1,1,0
4534,5,1,1,0
4535,8,1,1,0
4536,1,1,1,0
4537,6,1,1,0
4538,3,1,1,0
4539,6,1,1,0
4540,1,1,1,0
4541,8,1,1,0
4542,4,1,1,0
4543,6,1,1,0
4544,2,1,1,0
4545,5,1,1,0
4546,1,1,1,0
4547,2,1,1,0
4548,2,1,1,0
4549,2,1,1,0
4550,6,1,1,0
4551,6,1,1,0
4552,2,1,1,0
4553,3,1,1,0
4554,1,1,1,0
4555,3,1,1,0
4556,1,1,1,0
4557,3,1,1,0
4558,1,1,1,0
4559,1,1,1,0
4560,3,1,1,0
4561,3,1,1,0
4562,3,1,1,0
4563,9,1,1,0
4564,7,1,1,0
4565,4,1,1,0
4566,1,1,1,0
4567,4,1,1,0
4568,1,1,1,0
4569,3,1,1,0
4570,6,1,1,0
4571,5,1,1,0
4572,2,1,1,0
4573,5,1,1,0
4574,8,1,1,0
4575,1,1,1,0
4576,2,1,1,0
4577,5,1,1,0
4578,4,1,1,0
4579,3,1,1,0
4580,2,1,1,0
4581,1,1,1,0
4582,3,1,1,0
4583,1,1,1,0
4584,1,1,1,0
4585,1,1,1,0
4586,4,1,1,0
4587,3,1,1,0
4588,6,1,1,0
4589,1,1,1,0
4590,1,1,1,0
4591,2,1,1,0
4592,2,1,1,0
4593,5,1,1,0
4594,2,1,1,0
4595,3,1,1,0
4596,7,1,1,0
4597,1,1,1,0
4598,2,1,1,0
4599,1,1,1,0
4600,5,1,1,0
4601,4,1,1,0
4602,5,1,1,0
4603,3,1,1,0
4604,5,1,1,0
4605,3,1,1,0
4606,1,1,1,0
4607,5,1,1,0
4608,3,1,1,0
4609,13,1,1,0
4610,2,1,1,0
4611,1,1,1,0
4612,6,1,1,0
4613,2,1,1,0
4614,2,1,1,0
4615,1,1,1,0
4616,8,1,1,0
4617,1,1,1,0
4618,6,1,1,0
4619,2,1,1,0
4620,7,1,1,0
4621,11,1,1,0
4622,3,1,1,0
4623,7,1,1,0
4624,1,1,1,0
4625,1,1,1,0
4626,6,1,1,0
4627,8,1,1,0
4628,6,1,1,0
4629,1,1,1,0
4630,4,1,1,0
4631,1,1,1,0
4632,1,1,1,0
4633,5,1,1,0
4634,2,1,1,0
4635,3,1,1,0
4636,1,1,1,0
4637,1,1,1,0
4638,15,1,1,0
4639,4,1,1,0
4640,4,1,1,0
4641,1,1,1,0
4642,6,1,1,0
4643,1,1,1,0
4644,1,1,1,0
4645,7,1,1,0
4646,3,1,1,0
4647,1,1,1,0
4648,5,1,1,0
4649,3,1,1,0
4650,3,1,1,0
4651,1,1,1,0
4652,3,1,1,0
4653,1,1,1,0
4654,5,1,1,0
4655,5,1,1,0
4656,1,1,1,0
4657,2,1,1,0
4658,2,1,1,0
4659,1,1,1,0
4660,3,1,1,0
4661,1,1,1,0
4662,1,1,1,0
4663,2,1,1,0
4664,3,1,1,0
4665,4,1,1,0
4666,1,1,1,0
4667,4,1,1,0
4668,1,1,1,0
4669,5,1,1,0
4670,4,1,1,0
4671,1,1,1,0
4672,1,1,1,0
4673,5,1,1,0
4674,9,1,1,0
4675,2,1,1,0
4676,5,1,1,0
4677,5,1,1,0
4678,3,1,1,0
4679,1,1,1,0
4680,2,1,1,0
4681,6,1,1,0
4682,2,1,1,0
4683,5,1,1,0
4684,1,1,1,0
4685,8,1,1,0
4686,2,1,1,0
4687,8,1,1,0
4688,6,1,1,0
4689,1,1,1,0
4690,7,1,1,0
4691,1,1,1,0
4692,6,1,1,0
4693,6,1,1,0
4694,2,1,1,0
4695,3,1,1,0
4696,9,1,1,0
4697,2,1,1,0
4698,2,1,1,0
4699,1,1,1,0
4700,5,1,1,0
4701,5,1,1,0
4702,2,1,1,0
4703,1,1,1,0
4704,2,1,1,0
4705,5,1,1,0
4706,4,1,1,0
4707,2,1,1,0
4708,5,1,1,0
4709,3,1,1,0
4710,7,1,1,0
4711,7,1,1,0
4712,6,1,1,0
4713,10,1,1,0
4714,7,1,1,0
4715,2,1,1,0
4716,1,1,1,0
4717,1,1,1,0
4718,3,1,1,0
4719,4,1,1,0
4720,2,1,1,0
4721,1,1,1,0
4722,2,1,1,0
4723,4,1,1,0
4724,4,1,1,0
4725,3,1,1,0
4726,6,1,1,0
4727,2,1,1,0
4728,5,1,1,0
4729,1,1,1,0
4730,2,1,1,0
4731,2,1,1,0
4732,3,1,1,0
4733,7,1,1,0
4734,1,1,1,0
4735,5,1,1,0
4736,4,1,1,0
4737,13,1,1,0
4738,2,1,1,0
4739,10,1,1,0
4740,3,1,1,0
4741,10,1,1,0
4742,3,1,1,0
4743,2,1,1,0
4744,6,1,1,0
4745,5,1,1,0
4746,11,1,1,0
4747,1,1,1,0
4748,6,1,1,0
4749,1,1,1,0
4750,6,1,1,0
4751,2,1,1,0
4752,4,1,1,0
4753,2,1,1,0
4754,5,1,1,0
4755,2,1,1,0
4756,1,1,1,0
4757,3,1,1,0
4758,9,1,1,0
4759,2,1,1,0
4760,6,1,1,0
4761,3,1,1,0
4762,1,1,1,0
4763,9,1,1,0
4764,7,1,1,0
4765,1,1,1,0
4766,4,1,1,0
4767,2,1,1,0
4768,1,1,1,0
4769,2,1,1,0
4770,1,1,1,0
4771,2,1,1,0
4772,4,1,1,0
4773,2,1,1,0
4774,3,1,1,0
4775,3,1,1,0
4776,2,1,1,0
4777,1,1,1,0
4778,6,1,1,0
4779,5,1,1,0
4780,2,1,1,0
4781,10,1,1,0
4782,4,1,1,0
4783,2,1,1,0
4784,3,1,1,0
4785,6,1,1,0
4786,2,1,1,0
4787,12,1,1,0
4788,1,1,1,0
4789,5,1,1,0
4790,1,1,1,0
4791,2,1,1,0
4792,5,1,1,0
4793,4,1,1,0
4794,2,1,1,0
4795,2,1,1,0
4796,11,1,1,0
4797,1,1,1,0
4798,4,1,1,0
4799,1,1,1,0
4800,7,1,1,0
4801,1,1,1,0
4802,3,1,1,0
4803,1,1,1,0
4804,1,1,1,0
4805,2,1,1,0
4806,1,1,1,0
4807,2,1,1,0
4808,3,1,1,0
4809,5,1,1,0
4810,5,1,1,0
4811,1,1,1,0
4812,6,1,1,0
4813,1,1,1,0
4814,7,1,1,0
4815,5,1,1,0
4816,2,1,1,0
4817,5,1,1,0
4818,3,1,1,0
4819,6,1,1,0
4820,7,1,1,0
4821,4,1,1,0
4822,3,1,1,0
4823,9,1,1,0
4824,4,1,1,0
4825,3,1,1,0
4826,1,1,1,0
4827,1,1,1,0
4828,14,1,1,0
4829,6,1,1,0
4830,1,1,1,0
4831,5,1,1,0
4832,3,1,1,0
4833,2,1,1,0
4834,5,1,1,0
4835,4,1,1,0
4836,2,1,1,0
4837,3,1,1,0
4838,2,1,1,0
4839,1,1,1,0
4840,2,1,1,0
4841,2,1,1,0
4842,1,1,1,0
4843,1,1,1,0
4844,2,1,1,0
4845,2,1,1,0
4846,3,1,1,0
4847,2,1,1,0
4848,4,1,1,0
4849,3,1,1,0
4850,5,1,1,0
4851,1,1,1,0
4852,7,1,1,0
4853,4,1,1,0
4854,1,1,1,0
4855,5,1,1,0
4856,1,1,1,0
4857,1,1,1,0
4858,9,1,1,0
4859,1,1,1,0
4860,1,1,1,0
4861,4,1,1,0
4862,1,1,1,0
4863,3,1,1,0
4864,1,1,1,0
4865,1,1,1,0
4866,3,1,1,0
4867,1,1,1,0
4868,2,1,1,0
4869,4,1,1,0
4870,2,1,1,0
4871,2,1,1,0
4872,1,1,1,0
4873,2,1,1,0
4874,2,1,1,0
4875,3,1,1,0
4876,2,1,1,0
4877,3,1,1,0
4878,5,1,1,0
4879,1,1,1,0
4880,2,1,1,0
4881,4,1,1,0
4882,2,1,1,0
4883,2,1,1,0
4884,4,1,1,0
4885,2,1,1,0
4886,5,1,1,0
4887,5,1,1,0
4888,10,1,1,0
4889,4,1,1,0
4890,1,1,1,0
4891,1,1,1,0
4892,4,1,1,0
4893,6,1,1,0
4894,6,1,1,0
4895,6,1,1,0
4896,4,1,1,0
4897,6,1,1,0
4898,2,1,1,0
4899,4,1,1,0
4900,3,1,1,0
4901,8,1,1,0
4902,1,1,1,0
4903,11,1,1,0
4904,1,1,1,0
4905,2,1,1,0
4906,3,1,1,0
4907,5,1,1,0
4908,7,1,1,0
4909,3,1,1,0
4910,6,1,1,0
4911,1,1,1,0
4912,2,1,1,0
4913,4,1,1,0
4914,7,1,1,0
4915,2,1,1,0
4916,3,1,1,0
4917,6,1,1,0
4918,1,1,1,0
4919,2,1,1,0
4920,9,1,1,0
4921,4,1,1,0
4922,6,1,1,0
4923,10,1,1,0
4924,5,1,1,0
4925,4,1,1,0
4926,5,1,1,0
4927,9,1,1,0
4928,4,1,1,0
4929,2,1,1,0
4930,5,1,1,0
4931,2,1,1,0
4932,1,1,1,0
4933,4,1,1,0
4934,3,1,1,0
4935,4,1,1,0
4936,3,1,1,0
4937,3,1,1,0
4938,7,1,1,0
4939,3,1,1,0
4940,1,1,1,0
4941,8,1,1,0
4942,7,1,1,0
4943,4,1,1,0
4944,2,1,1,0
4945,1,1,1,0
4946,11,1,1,0
4947,2,1,1,0
4948,13,1,1,0
4949,1,1,1,0
4950,3,1,1,0
4951,2,1,1,0
4952,2,1,1,0
4953,7,1,1,0
4954,1,1,1,0
4955,12,1,1,0
4956,4,1,1,0
4957,3,1,1,0
4958,2,1,1,0
4959,5,1,1,0
4960,4,1,1,0
4961,4,1,1,0
4962,3,1,1,0
4963,1,1,1,0
4964,4,1,1,0
4965,1,1,1,0
4966,2,1,1,0
4967,4,1,1,0
4968,4,1,1,0
4969,6,1,1,0
4970,3,1,1,0
4971,3,1,1,0
4972,5,1,1,0
4973,2,1,1,0
4974,2,1,1,0
4975,4,1,1,0
4976,7,1,1,0
4977,9,1,1,0
4978,1,1,1,0
4979,9,1,1,0
4980,4,1,1,0
4981,4,1,1,0
4982,7,1,1,0
4983,1,1,1,0
4984,3,1,1,0
4985,2,1,1,0
4986,1,1,1,0
4987,2,1,1,0
4988,3,1,1,0
4989,2,1,1,0
4990,1,1,1,0
4991,2,1,1,0
4992,3,1,1,0
4993,10,1,1,0
4994,7,1,1,0
4995,6,1,1,0
4996,1,1,1,0
4997,5,1,1,0
4998,9,1,1,0
4999,4,1,1,0
5000,7,1,1,0
5001,6,1,1,0
5002,1,1,1,0
5003,9,1,1,0
5004,6,1,1,0
5005,5,1,1,0
5006,15,1,1,0
5007,8,1,1,0
5008,6,1,1,0
5009,1,1,1,0
5010,8,1,1,0
5011,2,1,1,0
5012,2,1,1,0
5013,8,1,1,0
5014,5,1,1,0
5015,3,1,1,0
5016,2,1,1,0
5017,4,1,1,0
5018,3,1,1,0
5019,2,1,1,0
5020,3,1,1,0
5021,4,1,1,0
5022,1,1,1,0
5023,9,1,1,0
5024,1,1,1,0
5025,3,1,1,0
5026,9,1,1,0
5027,6,1,1,0
5028,5,1,1,0
5029,6,1,1,0
5030,1,1,1,0
5031,1,1,1,0
5032,4,1,1,0
5033,2,1,1,0
5034,5,1,1,0
5035,3,1,1,0
5036,5,1,1,0
5037,5,1,1,0
5038,3,1,1,0
5039,5,1,1,0
5040,7,1,1,0
5041,2,1,1,0
5042,2,1,1,0
5043,1,1,1,0
5044,2,1,1,0
5045,1,1,1,0
5046,7,1,1,0
5047,5,1,1,0
5048,6,1,1,0
5049,3,1,1,0
5050,2,1,1,0
5051,4,1,1,0
5052,3,1,1,0
5053,5,1,1,0
5054,3,1,1,0
5055,9,1,1,0
5056,2,1,1,0
5057,2,1,1,0
5058,1,1,1,0
5059,1,1,1,0
5060,1,1,1,0
5061,2,1,1,0
5062,3,1,1,0
5063,2,1,1,0
5064,3,1,1,0
5065,2,1,1,0
5066,1,1,1,0
5067,9,1,1,0
5068,3,1,1,0
5069,3,1,1,0
5070,4,1,1,0
5071,5,1,1,0
5072,1,1,1,0
5073,4,1,1,0
5074,3,1,1,0
5075,5,1,1,0
5076,3,1,1,0
5077,1,1,1,0
5078,5,1,1,0
5079,5,1,1,0
5080,3,1,1,0
5081,4,1,1,0
5082,3,1,1,0
5083,9,1,1,0
5084,4,1,1,0
5085,1,1,1,0
5086,3,1,1,0
5087,2,1,1,0
5088,1,1,1,0
5089,1,1,1,0
5090,8,1,1,0
5091,8,1,1,0
5092,2,1,1,0
5093,9,1,1,0
5094,1,1,1,0
5095,1,1,1,0
5096,7,1,1,0
5097,5,1,1,0
5098,1,1,1,0
5099,2,1,1,0
5100,5,1,1,0
5101,6,1,1,0
5102,2,1,1,0
5103,2,1,1,0
5104,3,1,1,0
5105,5,1,1,0
5106,1,1,1,0
5107,6,1,1,0
5108,6,1,1,0
5109,7,1,1,0
5110,1,1,1,0
5111,4,1,1,0
5112,1,1,1,0
5113,3,1,1,0
5114,5,1,1,0
5115,4,1,1,0
5116,1,1,1,0
5117,2,1,1,0
5118,4,1,1,0
5119,2,1,1,0
5120,9,1,1,0
5121,3,1,1,0
5122,7,1,1,0
5123,4,1,1,0
5124,2,1,1,0
5125,1,1,1,0
5126,8,1,1,0
5127,2,1,1,0
5128,2,1,1,0
5129,6,1,1,0
5130,1,1,1,0
5131,1,1,1,0
5132,3,1,1,0
5133,4,1,1,0
5134,1,1,1,0
5135,3,1,1,0
5136,2,1,1,0
5137,4,1,1,0
5138,3,1,1,0
5139,3,1,1,0
5140,2,1,1,0
5141,4,1,1,0
5142,5,1,1,0
5143,2,1,1,0
5144,10,1,1,0
5145,1,1,1,0
5146,1,1,1,0
5147,4,1,1,0
5148,2,1,1,0
5149,2,1,1,0
5150,1,1,1,0
5151,9,1,1,0
5152,1,1,1,0
5153,3,1,1,0
5154,1,1,1,0
5155,8,1,1,0
5156,6,1,1,0
5157,5,1,1,0
5158,2,1,1,0
5159,2,1,1,0
5160,3,1,1,0
5161,1,1,1,0
5162,3,1,1,0
5163,6,1,1,0
5164,1,1,1,0
5165,1,1,1,0
5166,1,1,1,0
5167,5,1,1,0
5168,4,1,1,0
5169,5,1,1,0
5170,5,1,1,0
5171,3,1,1,0
5172,1,1,1,0
5173,7,1,1,0
5174,15,1,1,0
5175,2,1,1,0
5176,1,1,1,0
5177,3,1,1,0
5178,1,1,1,0
5179,3,1,1,0
5180,2,1,1,0
5181,6,1,1,0
5182,2,1,1,0
5183,1,1,1,0
5184,2,1,1,0
5185,5,1,1,0
5186,3,1,1,0
5187,4,1,1,0
5188,7,1,1,0
5189,1,1,1,0
5190,3,1,1,0
5191,11,1,1,0
5192,4,1,1,0
5193,1,1,1,0
5194,1,1,1,0
5195,1,1,1,0
5196,3,1,1,0
5197,5,1,1,0
5198,4,1,1,0
5199,2,1,1,0
5200,2,1,1,0
5201,1,1,1,0
5202,1,1,1,0
5203,2,1,1,0
5204,6,1,1,0
5205,4,1,1,0
5206,1,1,1,0
5207,5,1,1,0
5208,2,1,1,0
5209,4,1,1,0
5210,1,1,1,0
5211,6,1,1,0
5212,1,1,1,0
5213,2,1,1,0
5214,4,1,1,0
5215,2,1,1,0
5216,6,1,1,0
5217,1,1,1,0
5218,3,1,1,0
5219,4,1,1,0
5220,2,1,1,0
5221,1,1,1,0
5222,9,1,1,0
5223,4,1,1,0
5224,2,1,1,0
5225,12,1,1,0
5226,4,1,1,0
5227,10,1,1,0
5228,6,1,1,0
5229,7,1,1,0
5230,3,1,1,0
5231,1,1,1,0
5232,10,1,1,0
5233,2,1,1,0
5234,3,1,1,0
5235,1,1,1,0
5236,1,1,1,0
5237,9,1,1,0
5238,2,1,1,0
5239,1,1,1,0
5240,3,1,1,0
5241,1,1,1,0
5242,5,1,1,0
5243,4,1,1,0
5244,2,1,1,0
5245,2,1,1,0
5246,3,1,1,0
5247,4,1,1,0
5248,4,1,1,0
5249,2,1,1,0
5250,3,1,1,0
5251,1,1,1,0
5252,1,1,1,0
5253,11,1,1,0
5254,2,1,1,0
5255,2,1,1,0
5256,3,1,1,0
5257,1,1,1,0
5258,4,1,1,0
5259,1,1,1,0
5260,11,1,1,0
5261,1,1,1,0
5262,5,1,1,0
5263,3,1,1,0
5264,1,1,1,0
5265,4,1,1,0
5266,2,1,1,0
5267,1,1,1,0
5268,2,1,1,0
5269,7,1,1,0
5270,8,1,1,0
5271,8,1,1,0
5272,4,1,1,0
5273,5,1,1,0
5274,4,1,1,0
5275,7,1,1,0
5276,8,1,1,0
5277,3,1,1,0
5278,1,1,1,0
5279,4,1,1,0
5280,4,1,1,0
5281,2,1,1,0
5282,2,1,1,0
5283,2,1,1,0
5284,1,1,1,0
5285,1,1,1,0
5286,5,1,1,0
5287,5,1,1,0
5288,11,1,1,0
5289,3,1,1,0
5290,3,1,1,0
5291,3,1,1,0
5292,2,1,1,0
5293,1,1,1,0
5294,5,1,1,0
5295,4,1,1,0
5296,1,1,1,0
5297,4,1,1,0
5298,2,1,1,0
5299,1,1,1,0
5300,15,1,1,0
5301,4,1,1,0
5302,4,1,1,0
5303,4,1,1,0
5304,10,1,1,0
5305,2,1,1,0
5306,1,1,1,0
5307,2,1,1,0
5308,7,1,1,0
5309,4,1,1,0
5310,3,1,1,0
5311,3,1,1,0
5312,4,1,1,0
5313,1,1,1,0
5314,6,1,1,0
5315,2,1,1,0
5316,5,1,1,0
5317,1,1,1,0
5318,4,1,1,0
5319,2,1,1,0
5320,4,1,1,0
5321,2,1,1,0
5322,1,1,1,0
5323,2,1,1,0
5324,2,1,1,0
5325,3,1,1,0
5326,3,1,1,0
5327,1,1,1,0
5328,4,1,1,0
5329,3,1,1,0
5330,3,1,1,0
5331,5,1,1,0
5332,1,1,1,0
5333,2,1,1,0
5334,2,1,1,0
5335,1,1,1,0
5336,3,1,1,0
5337,1,1,1,0
5338,5,1,1,0
5339,1,1,1,0
5340,6,1,1,0
5341,1,1,1,0
5342,4,1,1,0
5343,8,1,1,0
5344,2,1,1,0
5345,1,1,1,0
5346,7,1,1,0
5347,1,1,1,0
5348,1,1,1,0
5349,1,1,1,0
5350,1,1,1,0
5351,4,1,1,0
5352,2,1,1,0
5353,2,1,1,0
5354,1,1,1,0
5355,2,1,1,0
5356,2,1,1,0
5357,2,1,1,0
5358,3,1,1,0
5359,3,1,1,0
5360,3,1,1,0
5361,1,1,1,0
5362,1,1,1,0
5363,4,1,1,0
5364,1,1,1,0
5365,4,1,1,0
5366,1,1,1,0
5367,3,1,1,0
5368,2,1,1,0
5369,4,1,1,0
5370,7,1,1,0
5371,4,1,1,0
5372,3,1,1,0
5373,4,1,1,0
5374,1,1,1,0
5375,2,1,1,0
5376,2,1,1,0
5377,1,1,1,0
5378,7,1,1,0
5379,8,1,1,0
5380,2,1,1,0
5381,7,1,1,0
5382,5,1,1,0
5383,1,1,1,0
5384,1,1,1,0
5385,1,1,1,0
5386,1,1,1,0
5387,8,1,1,0
5388,1,1,1,0
5389,1,1,1,0
5390,9,1,1,0
5391,8,1,1,0
5392,1,1,1,0
5393,1,1,1,0
5394,6,1,1,0
5395,3,1,1,0
5396,2,1,1,0
5397,4,1,1,0
5398,2,1,1,0
5399,4,1,1,0
5400,2,1,1,0
5401,2,1,1,0
5402,1,1,1,0
5403,1,1,1,0
5404,3,1,1,0
5405,4,1,1,0
5406,4,1,1,0
5407,6,1,1,0
5408,3,1,1,0
5409,2,1,1,0
5410,11,1,1,0
5411,4,1,1,0
5412,3,1,1,0
5413,7,1,1,0
5414,3,1,1,0
5415,3,1,1,0
5416,2,1,1,0
5417,4,1,1,0
5418,7,1,1,0
5419,5,1,1,0
5420,1,1,1,0
5421,7,1,1,0
5422,6,1,1,0
5423,6,1,1,0
5424,2,1,1,0
5425,5,1,1,0
5426,4,1,1,0
5427,2,1,1,0
5428,5,1,1,0
5429,3,1,1,0
5430,1,1,1,0
5431,3,1,1,0
5432,6,1,1,0
5433,5,1,1,0
5434,2,1,1,0
5435,10,1,1,0
5436,1,1,1,0
5437,6,1,1,0
5438,12,1,1,0
5439,1,1,1,0
5440,2,1,1,0
5441,8,1,1,0
5442,1,1,1,0
5443,6,1,1,0
5444,4,1,1,0
5445,3,1,1,0
5446,1,1,1,0
5447,1,1,1,0
5448,2,1,1,0
5449,6,1,1,0
5450,4,1,1,0
5451,3,1,1,0
5452,5,1,1,0
5453,3,1,1,0
5454,2,1,1,0
5455,1,1,1,0
5456,2,1,1,0
5457,2,1,1,0
5458,4,1,1,0
5459,1,1,1,0
5460,1,1,1,0
5461,6,1,1,0
5462,4,1,1,0
5463,2,1,1,0
5464,2,1,1,0
5465,7,1,1,0
5466,1,1,1,0
5467,3,1,1,0
5468,1,1,1,0
5469,3,1,1,0
5470,1,1,1,0
5471,1,1,1,0
5472,10,1,1,0
5473,2,1,1,0
5474,3,1,1,0
5475,4,1,1,0
5476,4,1,1,0
5477,4,1,1,0
5478,8,1,1,0
5479,3,1,1,0
5480,1,1,1,0
5481,1,1,1,0
5482,7,1,1,0
5483,4,1,1,0
5484,3,1,1,0
5485,3,1,1,0
5486,2,1,1,0
5487,9,1,1,0
5488,2,1,1,0
5489,5,1,1,0
5490,1,1,1,0
5491,7,1,1,0
5492,10,1,1,0
5493,1,1,1,0
5494,3,1,1,0
5495,3,1,1,0
5496,3,1,1,0
5497,5,1,1,0
5498,1,1,1,0
5499,2,1,1,0
5500,2,1,1,0
5501,5,1,1,0
5502,3,1,1,0
5503,7,1,1,0
5504,2,1,1,0
5505,9,1,1,0
5506,2,1,1,0
5507,5,1,1,0
5508,2,1,1,0
5509,1,1,1,0
5510,2,1,1,0
5511,1,1,1,0
5512,1,1,1,0
5513,5,1,1,0
5514,2,1,1,0
5515,1,1,1,0
5516,1,1,1,0
5517,1,1,1,0
5518,2,1,1,0
5519,1,1,1,0
5520,1,1,1,0
5521,1,1,1,0
5522,13,1,1,0
5523,5,1,1,0
5524,7,1,1,0
5525,4,1,1,0
5526,1,1,1,0
5527,2,1,1,0
5528,2,1,1,0
5529,4,1,1,0
5530,2,1,1,0
5531,6,1,1,0
5532,4,1,1,0
5533,1,1,1,0
5534,4,1,1,0
5535,4,1,1,0
5536,4,1,1,0
5537,3,1,1,0
5538,2,1,1,0
5539,3,1,1,0
5540,11,1,1,0
5541,1,1,1,0
5542,5,1,1,0
5543,7,1,1,0
5544,4,1,1,0
5545,5,1,1,0
5546,4,1,1,0
5547,3,1,1,0
5548,6,1,1,0
5549,2,1,1,0
5550,2,1,1,0
5551,1,1,1,0
5552,1,1,1,0
5553,4,1,1,0
5554,3,1,1,0
5555,4,1,1,0
5556,2,1,1,0
5557,3,1,1,0
5558,3,1,1,0
5559,3,1,1,0
5560,1,1,1,0
5561,3,1,1,0
5562,2,1,1,0
5563,3,1,1,0
5564,1,1,1,0
5565,2,1,1,0
5566,12,1,1,0
5567,7,1,1,0
5568,2,1,1,0
5569,1,1,1,0
5570,1,1,1,0
5571,1,1,1,0
5572,6,1,1,0
5573,6,1,1,0
5574,1,1,1,0
5575,3,1,1,0
5576,3,1,1,0
5577,5,1,1,0
5578,1,1,1,0
5579,3,1,1,0
5580,10,1,1,0
5581,7,1,1,0
5582,2,1,1,0
5583,9,1,1,0
5584,2,1,1,0
5585,2,1,1,0
5586,5,1,1,0
5587,2,1,1,0
5588,3,1,1,0
5589,2,1,1,0
5590,3,1,1,0
5591,7,1,1,0
5592,4,1,1,0
5593,6,1,1,0
5594,7,1,1,0
5595,4,1,1,0
5596,5,1,1,0
5597,7,1,1,0
5598,2,1,1,0
5599,1,1,1,0
5600,3,1,1,0
5601,3,1,1,0
5602,2,1,1,0
5603,6,1,1,0
5604,2,1,1,0
5605,4,1,1,0
5606,7,1,1,0
5607,1,1,1,0
5608,4,1,1,0
5609,2,1,1,0
5610,7,1,1,0
5611,2,1,1,0
5612,9,1,1,0
5613,9,1,1,0
5614,2,1,1,0
5615,4,1,1,0
5616,9,1,1,0
5617,9,1,1,0
5618,5,1,1,0
5619,2,1,1,0
5620,1,1,1,0
5621,1,1,1,0
5622,2,1,1,0
5623,1,1,1,0
5624,1,1,1,0
5625,1,1,1,0
5626,1,1,1,0
5627,1,1,1,0
5628,2,1,1,0
5629,3,1,1,0
5630,2,1,1,0
5631,3,1,1,0
5632,1,1,1,0
5633,1,1,1,0
5634,6,1,1,0
5635,1,1,1,0
5636,4,1,1,0
5637,4,1,1,0
5638,1,1,1,0
5639,1,1,1,0
5640,4,1,1,0
5641,5,1,1,0
5642,2,1,1,0
5643,4,1,1,0
5644,7,1,1,0
5645,3,1,1,0
5646,3,1,1,0
5647,2,1,1,0
5648,3,1,1,0
5649,3,1,1,0
5650,4,1,1,0
5651,2,1,1,0
5652,7,1,1,0
5653,1,1,1,0
5654,4,1,1,0
5655,1,1,1,0
5656,3,1,1,0
5657,3,1,1,0
5658,9,1,1,0
5659,7,1,1,0
5660,4,1,1,0
5661,3,1,1,0
5662,3,1,1,0
5663,1,1,1,0
5664,1,1,1,0
5665,2,1,1,0
5666,7,1,1,0
5667,1,1,1,0
5668,2,1,1,0
5669,9,1,1,0
5670,3,1,1,0
5671,5,1,1,0
5672,9,1,1,0
5673,3,1,1,0
5674,2,1,1,0
5675,8,1,1,0
5676,4,1,1,0
5677,2,1,1,0
5678,6,1,1,0
5679,1,1,1,0
5680,2,1,1,0
5681,3,1,1,0
5682,11,1,1,0
5683,3,1,1,0
5684,2,1,1,0
5685,5,1,1,0
5686,7,1,1,0
5687,4,1,1,0
5688,7,1,1,0
5689,1,1,1,0
5690,3,1,1,0
5691,3,1,1,0
5692,4,1,1,0
5693,11,1,1,0
5694,6,1,1,0
5695,1,1,1,0
5696,9,1,1,0
5697,1,1,1,0
5698,1,1,1,0
5699,2,1,1,0
5700,1,1,1,0
5701,3,1,1,0
5702,1,1,1,0
5703,1,1,1,0
5704,5,1,1,0
5705,2,1,1,0
5706,1,1,1,0
5707,4,1,1,0
5708,2,1,1,0
5709,1,1,1,0
5710,5,1,1,0
5711,3,1,1,0
5712,5,1,1,0
5713,4,1,1,0
5714,2,1,1,0
5715,1,1,1,0
5716,7,1,1,0
5717,11,1,1,0
5718,1,1,1,0
5719,2,1,1,0
5720,2,1,1,0
5721,5,1,1,0
5722,8,1,1,0
5723,2,1,1,0
5724,2,1,1,0
5725,9,1,1,0
5726,7,1,1,0
5727,2,1,1,0
5728,6,1,1,0
5729,6,1,1,0
5730,1,1,1,0
5731,1,1,1,0
5732,6,1,1,0
5733,6,1,1,0
5734,2,1,1,0
5735,7,1,1,0
5736,5,1,1,0
5737,2,1,1,0
5738,1,1,1,0
5739,1,1,1,0
5740,3,1,1,0
5741,1,1,1,0
5742,4,1,1,0
5743,1,1,1,0
5744,5,1,1,0
5745,2,1,1,0
5746,3,1,1,0
5747,3,1,1,0
5748,1,1,1,0
5749,1,1,1,0
5750,1,1,1,0
5751,1,1,1,0
5752,9,1,1,0
5753,5,1,1,0
5754,2,1,1,0
5755,6,1,1,0
5756,1,1,1,0
5757,6,1,1,0
5758,1,1,1,0
5759,3,1,1,0
5760,2,1,1,0
5761,5,1,1,0
5762,7,1,1,0
5763,2,1,1,0
5764,1,1,1,0
5765,1,1,1,0
5766,5,1,1,0
5767,1,1,1,0
5768,8,1,1,0
5769,6,1,1,0
5770,5,1,1,0
5771,2,1,1,0
5772,1,1,1,0
5773,6,1,1,0
5774,7,1,1,0
5775,8,1,1,0
5776,1,1,1,0
5777,1,1,1,0
5778,5,1,1,0
5779,2,1,1,0
5780,3,1,1,0
5781,3,1,1,0
5782,5,1,1,0
5783,2,1,1,0
5784,5,1,1,0
5785,5,1,1,0
5786,1,1,1,0
5787,1,1,1,0
5788,8,1,1,0
5789,1,1,1,0
5790,4,1,1,0
5791,2,1,1,0
5792,3,1,1,0
5793,1,1,1,0
5794,3,1,1,0
5795,6,1,1,0
5796,3,1,1,0
5797,4,1,1,0
5798,1,1,1,0
5799,6,1,1,0
5800,3,1,1,0
5801,12,1,1,0
5802,1,1,1,0
5803,6,1,1,0
5804,1,1,1,0
5805,5,1,1,0
5806,2,1,1,0
5807,3,1,1,0
5808,2,1,1,0
5809,5,1,1,0
5810,2,1,1,0
5811,7,1,1,0
5812,5,1,1,0
5813,9,1,1,0
5814,4,1,1,0
5815,3,1,1,0
5816,1,1,1,0
5817,1,1,1,0
5818,2,1,1,0
5819,2,1,1,0
5820,6,1,1,0
5821,4,1,1,0
5822,3,1,1,0
5823,2,1,1,0
5824,5,1,1,0
5825,11,1,1,0
5826,1,1,1,0
5827,1,1,1,0
5828,4,1,1,0
5829,3,1,1,0
5830,5,1,1,0
5831,4,1,1,0
5832,3,1,1,0
5833,5,1,1,0
5834,2,1,1,0
5835,1,1,1,0
5836,3,1,1,0
5837,3,1,1,0
5838,8,1,1,0
5839,7,1,1,0
5840,1,1,1,0
5841,1,1,1,0
5842,2,1,1,0
5843,10,1,1,0
5844,1,1,1,0
5845,4,1,1,0
5846,1,1,1,0
5847,1,1,1,0
5848,2,1,1,0
5849,3,1,1,0
5850,1,1,1,0
5851,3,1,1,0
5852,2,1,1,0
5853,3,1,1,0
5854,2,1,1,0
5855,6,1,1,0
5856,5,1,1,0
5857,4,1,1,0
5858,11,1,1,0
5859,1,1,1,0
5860,2,1,1,0
5861,9,1,1,0
5862,4,1,1,0
5863,6,1,1,0
5864,3,1,1,0
5865,1,1,1,0
5866,8,1,1,0
5867,1,1,1,0
5868,1,1,1,0
5869,4,1,1,0
5870,2,1,1,0
5871,1,1,1,0
5872,5,1,1,0
5873,3,1,1,0
5874,5,1,1,0
5875,10,1,1,0
5876,2,1,1,0
5877,2,1,1,0
5878,5,1,1,0
5879,1,1,1,0
5880,1,1,1,0
5881,5,1,1,0
5882,8,1,1,0
5883,8,1,1,0
5884,4,1,1,0
5885,1,1,1,0
5886,5,1,1,0
5887,3,1,1,0
5888,5,1,1,0
5889,4,1,1,0
5890,6,1,1,0
5891,2,1,1,0
5892,5,1,1,0
5893,2,1,1,0
5894,2,1,1,0
5895,1,1,1,0
5896,2,1,1,0
5897,3,1,1,0
5898,2,1,1,0
5899,2,1,1,0
5900,6,1,1,0
5901,8,1,1,0
5902,1,1,1,0
5903,4,1,1,0
5904,1,1,1,0
5905,4,1,1,0
5906,1,1,1,0
5907,5,1,1,0
5908,1,1,1,0
5909,2,1,1,0
5910,4,1,1,0
5911,1,1,1,0
5912,3,1,1,0
5913,1,1,1,0
5914,1,1,1,0
5915,1,1,1,0
5916,1,1,1,0
5917,2,1,1,0
5918,8,1,1,0
5919,6,1,1,0
5920,9,1,1,0
5921,4,1,1,0
5922,7,1,1,0
5923,9,1,1,0
5924,1,1,1,0
5925,9,1,1,0
5926,2,1,1,0
5927,8,1,1,0
5928,2,1,1,0
5929,1,1,1,0
5930,2,1,1,0
5931,1,1,1,0
5932,2,1,1,0
5933,1,1,1,0
5934,5,1,1,0
5935,1,1,1,0
5936,2,1,1,0
5937,6,1,1,0
5938,1,1,1,0
5939,1,1,1,0
5940,3,1,1,0
5941,1,1,1,0
5942,1,1,1,0
5943,1,1,1,0
5944,6,1,1,0
5945,6,1,1,0
5946,3,1,1,0
5947,5,1,1,0
5948,6,1,1,0
5949,2,1,1,0
5950,2,1,1,0
5951,2,1,1,0
5952,3,1,1,0
5953,3,1,1,0
5954,5,1,1,0
5955,1,1,1,0
5956,2,1,1,0
5957,8,1,1,0
5958,4,1,1,0
5959,1,1,1,0
5960,2,1,1,0
5961,1,1,1,0
5962,4,1,1,0
5963,2,1,1,0
5964,3,1,1,0
5965,9,1,1,0
5966,6,1,1,0
5967,2,1,1,0
5968,4,1,1,0
5969,1,1,1,0
5970,1,1,1,0
5971,8,1,1,0
5972,2,1,1,0
5973,2,1,1,0
5974,6,1,1,0
5975,3,1,1,0
5976,5,1,1,0
5977,2,1,1,0
5978,3,1,1,0
5979,2,1,1,0
5980,10,1,1,0
5981,1,1,1,0
5982,1,1,1,0
5983,2,1,1,0
5984,3,1,1,0
5985,1,1,1,0
5986,8,1,1,0
5987,5,1,1,0
5988,3,1,1,0
5989,4,1,1,0
5990,1,1,1,0
5991,1,1,1,0
5992,3,1,1,0
5993,4,1,1,0
5994,3,1,1,0
5995,3,1,1,0
5996,1,1,1,0
5997,4,1,1,0
5998,1,1,1,0
5999,3,1,1,0
6000,6,1,1,0
6001,7,1,1,0
6002,3,1,1,0
6003,1,1,1,0
6004,1,1,1,0
6005,3,1,1,0
6006,3,1,1,0
6007,1,1,1,0
6008,7,1,1,0
6009,2,1,1,0
6010,14,1,1,0
6011,4,1,1,0
6012,4,1,1,0
6013,3,1,1,0
6014,5,1,1,0
6015,3,1,1,0
6016,5,1,1,0
6017,3,1,1,0
6018,3,1,1,0
6019,6,1,1,0
6020,7,1,1,0
6021,1,1,1,0
6022,3,1,1,0
6023,3,1,1,0
6024,3,1,1,0
6025,12,1,1,0
6026,2,1,1,0
6027,4,1,1,0
6028,1,1,1,0
6029,8,1,1,0
6030,5,1,1,0
6031,2,1,1,0
6032,1,1,1,0
6033,1,1,1,0
6034,4,1,1,0
6035,4,1,1,0
6036,2,1,1,0
6037,5,1,1,0
6038,1,1,1,0
6039,2,1,1,0
6040,1,1,1,0
6041,1,1,1,0
6042,5,1,1,0
6043,3,1,1,0
6044,1,1,1,0
6045,1,1,1,0
6046,1,1,1,0
6047,4,1,1,0
6048,1,1,1,0
6049,1,1,1,0
6050,10,1,1,0
6051,3,1,1,0
6052,1,1,1,0
6053,6,1,1,0
6054,7,1,1,0
6055,2,1,1,0
6056,1,1,1,0
6057,4,1,1,0
6058,2,1,1,0
6059,9,1,1,0
6060,2,1,1,0
6061,6,1,1,0
6062,1,1,1,0
6063,2,1,1,0
6064,12,1,1,0
6065,4,1,1,0
6066,1,1,1,0
6067,4,1,1,0
6068,1,1,1,0
6069,10,1,1,0
6070,1,1,1,0
6071,3,1,1,0
6072,2,1,1,0
6073,5,1,1,0
6074,3,1,1,0
6075,1,1,1,0
6076,2,1,1,0
6077,1,1,1,0
6078,5,1,1,0
6079,2,1,1,0
6080,1,1,1,0
6081,1,1,1,0
6082,2,1,1,0
6083,5,1,1,0
6084,3,1,1,0
6085,1,1,1,0
6086,1,1,1,0
6087,7,1,1,0
6088,4,1,1,0
6089,6,1,1,0
6090,7,1,1,0
6091,8,1,1,0
6092,1,1,1,0
6093,2,1,1,0
6094,1,1,1,0
6095,2,1,1,0
6096,2,1,1,0
6097,2,1,1,0
6098,3,1,1,0
6099,2,1,1,0
6100,2,1,1,0
6101,4,1,1,0
6102,3,1,1,0
6103,4,1,1,0
6104,5,1,1,0
6105,1,1,1,0
6106,3,1,1,0
6107,3,1,1,0
6108,3,1,1,0
6109,1,1,1,0
6110,1,1,1,0
6111,3,1,1,0
6112,5,1,1,0
6113,1,1,1,0
6114,16,1,1,0
6115,4,1,1,0
6116,1,1,1,0
6117,2,1,1,0
6118,4,1,1,0
6119,4,1,1,0
6120,5,1,1,0
6121,5,1,1,0
6122,1,1,1,0
6123,3,1,1,0
6124,5,1,1,0
6125,2,1,1,0
6126,9,1,1,0
6127,5,1,1,0
6128,1,1,1,0
6129,7,1,1,0
6130,1,1,1,0
6131,3,1,1,0
6132,9,1,1,0
6133,2,1,1,0
6134,2,1,1,0
6135,5,1,1,0
6136,2,1,1,0
6137,1,1,1,0
6138,2,1,1,0
6139,4,1,1,0
6140,1,1,1,0
6141,1,1,1,0
6142,7,1,1,0
6143,3,1,1,0
6144,2,1,1,0
6145,1,1,1,0
6146,4,1,1,0
6147,4,1,1,0
6148,1,1,1,0
6149,1,1,1,0
6150,6,1,1,0
6151,2,1,1,0
6152,2,1,1,0
6153,1,1,1,0
6154,2,1,1,0
6155,11,1,1,0
6156,3,1,1,0
6157,9,1,1,0
6158,3,1,1,0
6159,2,1,1,0
6160,5,1,1,0
6161,4,1,1,0
6162,4,1,1,0
6163,5,1,1,0
6164,4,1,1,0
6165,6,1,1,0
6166,3,1,1,0
6167,2,1,1,0
6168,5,1,1,0
6169,3,1,1,0
6170,1,1,1,0
6171,3,1,1,0
6172,1,1,1,0
6173,1,1,1,0
6174,1,1,1,0
6175,3,1,1,0
6176,1,1,1,0
6177,10,1,1,0
6178,1,1,1,0
6179,3,1,1,0
6180,5,1,1,0
6181,3,1,1,0
6182,8,1,1,0
6183,3,1,1,0
6184,3,1,1,0
6185,2,1,1,0
6186,1,1,1,0
6187,1,1,1,0
6188,1,1,1,0
6189,2,1,1,0
6190,3,1,1,0
6191,3,1,1,0
6192,6,1,1,0
6193,2,1,1,0
6194,3,1,1,0
6195,1,1,1,0
6196,1,1,1,0
6197,4,1,1,0
6198,1,1,1,0
6199,3,1,1,0
6200,1,1,1,0
6201,4,1,1,0
6202,5,1,1,0
6203,4,1,1,0
6204,2,1,1,0
6205,6,1,1,0
6206,1,1,1,0
6207,8,1,1,0
6208,3,1,1,0
6209,2,1,1,0
6210,4,1,1,0
6211,4,1,1,0
6212,5,1,1,0
6213,3,1,1,0
6214,1,1,1,0
6215,3,1,1,0
6216,1,1,1,0
6217,9,1,1,0
6218,2,1,1,0
6219,2,1,1,0
6220,6,1,1,0
6221,2,1,1,0
6222,4,1,1,0
6223,2,1,1,0
6224,6,1,1,0
6225,4,1,1,0
6226,2,1,1,0
6227,6,1,1,0
6228,6,1,1,0
6229,2,1,1,0
6230,2,1,1,0
6231,4,1,1,0
6232,3,1,1,0
6233,3,1,1,0
6234,4,1,1,0
6235,2,1,1,0
6236,1,1,1,0
6237,1,1,1,0
6238,5,1,1,0
6239,3,1,1,0
6240,2,1,1,0
6241,4,1,1,0
6242,2,1,1,0
6243,4,1,1,0
6244,2,1,1,0
6245,10,1,1,0
6246,2,1,1,0
6247,1,1,1,0
6248,1,1,1,0
6249,1,1,1,0
6250,5,1,1,0
6251,2,1,1,0
6252,1,1,1,0
6253,5,1,1,0
6254,8,1,1,0
6255,1,1,1,0
6256,1,1,1,0
6257,3,1,1,0
6258,10,1,1,0
6259,3,1,1,0
6260,6,1,1,0
6261,4,1,1,0
6262,1,1,1,0
6263,2,1,1,0
6264,3,1,1,0
6265,1,1,1,0
6266,1,1,1,0
6267,4,1,1,0
6268,3,1,1,0
6269,5,1,1,0
6270,1,1,1,0
6271,3,1,1,0
6272,2,1,1,0
6273,6,1,1,0
6274,2,1,1,0
6275,2,1,1,0
6276,9,1,1,0
6277,7,1,1,0
6278,2,1,1,0
6279,4,1,1,0
6280,2,1,1,0
6281,1,1,1,0
6282,12,1,1,0
6283,2,1,1,0
6284,1,1,1,0
6285,5,1,1,0
6286,2,1,1,0
6287,3,1,1,0
6288,1,1,1,0
6289,7,1,1,0
6290,3,1,1,0
6291,6,1,1,0
6292,1,1,1,0
6293,2,1,1,0
6294,5,1,1,0
6295,6,1,1,0
6296,9,1,1,0
6297,1,1,1,0
6298,3,1,1,0
6299,1,1,1,0
6300,12,1,1,0
6301,3,1,1,0
6302,2,1,1,0
6303,4,1,1,0
6304,2,1,1,0
6305,10,1,1,0
6306,3,1,1,0
6307,2,1,1,0
6308,3,1,1,0
6309,2,1,1,0
6310,1,1,1,0
6311,1,1,1,0
6312,3,1,1,0
6313,2,1,1,0
6314,4,1,1,0
6315,1,1,1,0
6316,1,1,1,0
6317,10,1,1,0
6318,7,1,1,0
6319,1,1,1,0
6320,5,1,1,0
6321,3,1,1,0
6322,2,1,1,0
6323,7,1,1,0
6324,5,1,1,0
6325,4,1,1,0
6326,1,1,1,0
6327,5,1,1,0
6328,4,1,1,0
6329,1,1,1,0
6330,2,1,1,0
6331,1,1,1,0
6332,5,1,1,0
6333,3,1,1,0
6334,6,1,1,0
6335,7,1,1,0
6336,2,1,1,0
6337,6,1,1,0
6338,3,1,1,0
6339,2,1,1,0
6340,6,1,1,0
6341,2,1,1,0
6342,8,1,1,0
6343,1,1,1,0
6344,4,1,1,0
6345,1,1,1,0
6346,5,1,1,0
6347,6,1,1,0
6348,1,1,1,0
6349,9,1,1,0
6350,2,1,1,0
6351,5,1,1,0
6352,4,1,1,0
6353,6,1,1,0
6354,1,1,1,0
6355,2,1,1,0
6356,4,1,1,0
6357,3,1,1,0
6358,3,1,1,0
6359,1,1,1,0
6360,2,1,1,0
6361,5,1,1,0
6362,3,1,1,0
6363,1,1,1,0
6364,2,1,1,0
6365,3,1,1,0
6366,5,1,1,0
6367,7,1,1,0
6368,3,1,1,0
6369,5,1,1,0
6370,1,1,1,0
6371,2,1,1,0
6372,3,1,1,0
6373,4,1,1,0
6374,2,1,1,0
6375,2,1,1,0
6376,3,1,1,0
6377,2,1,1,0
6378,3,1,1,0
6379,1,1,1,0
6380,3,1,1,0
6381,7,1,1,0
6382,3,1,1,0
6383,4,1,1,0
6384,2,1,1,0
6385,8,1,1,0
6386,1,1,1,0
6387,2,1,1,0
6388,3,1,1,0
6389,5,1,1,0
6390,2,1,1,0
6391,2,1,1,0
6392,2,1,1,0
6393,1,1,1,0
6394,1,1,1,0
6395,7,1,1,0
6396,12,1,1,0
6397,8,1,1,0
6398,9,1,1,0
6399,6,1,1,0
6400,2,1,1,0
6401,3,1,1,0
6402,1,1,1,0
6403,2,1,1,0
6404,5,1,1,0
6405,3,1,1,0
6406,1,1,1,0
6407,2,1,1,0
6408,10,1,1,0
6409,5,1,1,0
6410,1,1,1,0
6411,7,1,1,0
6412,3,1,1,0
6413,4,1,1,0
6414,2,1,1,0
6415,3,1,1,0
6416,2,1,1,0
6417,4,1,1,0
6418,5,1,1,0
6419,4,1,1,0
6420,1,1,1,0
6421,7,1,1,0
6422,1,1,1,0
6423,7,1,1,0
6424,3,1,1,0
6425,1,1,1,0
6426,1,1,1,0
6427,4,1,1,0
6428,6,1,1,0
6429,5,1,1,0
6430,10,1,1,0
6431,4,1,1,0
6432,3,1,1,0
6433,1,1,1,0
6434,1,1,1,0
6435,2,1,1,0
6436,5,1,1,0
6437,9,1,1,0
6438,2,1,1,0
6439,4,1,1,0
6440,1,1,1,0
6441,5,1,1,0
6442,3,1,1,0
6443,4,1,1,0
6444,1,1,1,0
6445,3,1,1,0
6446,1,1,1,0
6447,2,1,1,0
6448,4,1,1,0
6449,2,1,1,0
6450,5,1,1,0
6451,7,1,1,0
6452,1,1,1,0
6453,3,1,1,0
6454,1,1,1,0
6455,8,1,1,0
6456,1,1,1,0
6457,3,1,1,0
6458,6,1,1,0
6459,1,1,1,0
6460,11,1,1,0
6461,4,1,1,0
6462,5,1,1,0
6463,8,1,1,0
6464,7,1,1,0
6465,3,1,1,0
6466,6,1,1,0
6467,1,1,1,0
6468,3,1,1,0
6469,6,1,1,0
6470,11,1,1,0
6471,6,1,1,0
6472,1,1,1,0
6473,3,1,1,0
6474,1,1,1,0
6475,2,1,1,0
6476,2,1,1,0
6477,1,1,1,0
6478,3,1,1,0
6479,2,1,1,0
6480,5,1,1,0
6481,6,1,1,0
6482,1,1,1,0
6483,3,1,1,0
6484,1,1,1,0
6485,4,1,1,0
6486,3,1,1,0
6487,2,1,1,0
6488,8,1,1,0
6489,3,1,1,0
6490,3,1,1,0
6491,1,1,1,0
6492,2,1,1,0
6493,5,1,1,0
6494,1,1,1,0
6495,1,1,1,0
6496,3,1,1,0
6497,3,1,1,0
6498,5,1,1,0
6499,4,1,1,0
6500,3,1,1,0
6501,10,1,1,0
6502,2,1,1,0
6503,3,1,1,0
6504,2,1,1,0
6505,3,1,1,0
6506,1,1,1,0
6507,3,1,1,0
6508,1,1,1,0
6509,1,1,1,0
6510,1,1,1,0
6511,1,1,1,0
6512,3,1,1,0
6513,3,1,1,0
6514,3,1,1,0
6515,9,1,1,0
6516,1,1,1,0
6517,1,1,1,0
6518,8,1,1,0
6519,4,1,1,0
6520,7,1,1,0
6521,6,1,1,0
6522,7,1,1,0
6523,7,1,1,0
6524,2,1,1,0
6525,1,1,1,0
6526,4,1,1,0
6527,3,1,1,0
6528,5,1,1,0
6529,1,1,1,0
6530,6,1,1,0
6531,2,1,1,0
6532,3,1,1,0
6533,2,1,1,0
6534,5,1,1,0
6535,1,1,1,0
6536,4,1,1,0
6537,1,1,1,0
6538,10,1,1,0
6539,1,1,1,0
6540,3,1,1,0
6541,2,1,1,0
6542,1,1,1,0
6543,1,1,1,0
6544,1,1,1,0
6545,3,1,1,0
6546,7,1,1,0
6547,5,1,1,0
6548,6,1,1,0
6549,2,1,1,0
6550,5,1,1,0
6551,2,1,1,0
6552,8,1,1,0
6553,4,1,1,0
6554,7,1,1,0
6555,1,1,1,0
6556,2,1,1,0
6557,1,1,1,0
6558,8,1,1,0
6559,3,1,1,0
6560,1,1,1,0
6561,2,1,1,0
6562,8,1,1,0
6563,3,1,1,0
6564,6,1,1,0
6565,3,1,1,0
6566,4,1,1,0
6567,1,1,1,0
6568,8,1,1,0
6569,3,1,1,0
6570,9,1,1,0
6571,1,1,1,0
6572,2,1,1,0
6573,1,1,1,0
6574,11,1,1,0
6575,1,1,1,0
6576,4,1,1,0
6577,2,1,1,0
6578,1,1,1,0
6579,1,1,1,0
6580,4,1,1,0
6581,2,1,1,0
6582,4,1,1,0
6583,2,1,1,0
6584,3,1,1,0
6585,1,1,1,0
6586,9,1,1,0
6587,1,1,1,0
6588,7,1,1,0
6589,5,1,1,0
6590,8,1,1,0
6591,3,1,1,0
6592,1,1,1,0
6593,2,1,1,0
6594,3,1,1,0
6595,1,1,1,0
6596,3,1,1,0
6597,11,1,1,0
6598,6,1,1,0
6599,1,1,1,0
6600,2,1,1,0
6601,1,1,1,0
6602,9,1,1,0
6603,2,1,1,0
6604,2,1,1,0
6605,2,1,1,0
6606,6,1,1,0
6607,3,1,1,0
6608,1,1,1,0
6609,8,1,1,0
6610,4,1,1,0
6611,3,1,1,0
6612,2,1,1,0
6613,10,1,1,0
6614,5,1,1,0
6615,1,1,1,0
6616,1,1,1,0
6617,6,1,1,0
6618,3,1,1,0
6619,2,1,1,0
6620,3,1,1,0
6621,5,1,1,0
6622,6,1,1,0
6623,1,1,1,0
6624,2,1,1,0
6625,3,1,1,0
6626,1,1,1,0
6627,1,1,1,0
6628,4,1,1,0
6629,8,1,1,0
6630,1,1,1,0
6631,6,1,1,0
6632,5,1,1,0
6633,6,1,1,0
6634,2,1,1,0
6635,4,1,1,0
6636,1,1,1,0
6637,5,1,1,0
6638,1,1,1,0
6639,4,1,1,0
6640,1,1,1,0
6641,2,1,1,0
6642,6,1,1,0
6643,2,1,1,0
6644,1,1,1,0
6645,2,1,1,0
6646,6,1,1,0
6647,1,1,1,0
6648,2,1,1,0
6649,3,1,1,0
6650,3,1,1,0
6651,2,1,1,0
6652,4,1,1,0
6653,2,1,1,0
6654,10,1,1,0
6655,3,1,1,0
6656,1,1,1,0
6657,1,1,1,0
6658,1,1,1,0
6659,7,1,1,0
6660,1,1,1,0
6661,2,1,1,0
6662,3,1,1,0
6663,1,1,1,0
6664,4,1,1,0
6665,5,1,1,0
6666,3,1,1,0
6667,2,1,1,0
6668,4,1,1,0
6669,5,1,1,0
6670,1,1,1,0
6671,1,1,1,0
6672,5,1,1,0
6673,1,1,1,0
6674,5,1,1,0
6675,3,1,1,0
6676,1,1,1,0
6677,6,1,1,0
6678,4,1,1,0
6679,5,1,1,0
6680,3,1,1,0
6681,3,1,1,0
6682,4,1,1,0
6683,6,1,1,0
6684,5,1,1,0
6685,4,1,1,0
6686,1,1,1,0
6687,1,1,1,0
6688,2,1,1,0
6689,2,1,1,0
6690,4,1,1,0
6691,7,1,1,0
6692,3,1,1,0
6693,5,1,1,0
6694,1,1,1,0
6695,3,1,1,0
6696,8,1,1,0
6697,1,1,1,0
6698,2,1,1,0
6699,5,1,1,0
6700,1,1,1,0
6701,3,1,1,0
6702,4,1,1,0
6703,2,1,1,0
6704,4,1,1,0
6705,4,1,1,0
6706,11,1,1,0
6707,2,1,1,0
6708,3,1,1,0
6709,1,1,1,0
6710,3,1,1,0
6711,8,1,1,0
6712,11,1,1,0
6713,1,1,1,0
6714,3,1,1,0
6715,4,1,1,0
6716,3,1,1,0
6717,8,1,1,0
6718,3,1,1,0
6719,3,1,1,0
6720,2,1,1,0
6721,1,1,1,0
6722,2,1,1,0
6723,1,1,1,0
6724,2,1,1,0
6725,5,1,1,0
6726,1,1,1,0
6727,7,1,1,0
6728,1,1,1,0
6729,5,1,1,0
6730,1,1,1,0
6731,4,1,1,0
6732,1,1,1,0
6733,4,1,1,0
6734,4,1,1,0
6735,7,1,1,0
6736,4,1,1,0
6737,3,1,1,0
6738,2,1,1,0
6739,5,1,1,0
6740,3,1,1,0
6741,3,1,1,0
6742,6,1,1,0
6743,1,1,1,0
6744,2,1,1,0
6745,7,1,1,0
6746,7,1,1,0
6747,8,1,1,0
6748,4,1,1,0
6749,2,1,1,0
6750,12,1,1,0
6751,2,1,1,0
6752,8,1,1,0
6753,6,1,1,0
6754,2,1,1,0
6755,3,1,1,0
6756,9,1,1,0
6757,2,1,1,0
6758,2,1,1,0
6759,4,1,1,0
6760,5,1,1,0
6761,1,1,1,0
6762,3,1,1,0
6763,4,1,1,0
6764,1,1,1,0
6765,2,1,1,0
6766,4,1,1,0
6767,8,1,1,0
6768,1,1,1,0
6769,10,1,1,0
6770,3,1,1,0
6771,3,1,1,0
6772,1,1,1,0
6773,4,1,1,0
6774,1,1,1,0
6775,3,1,1,0
6776,1,1,1,0
6777,4,1,1,0
6778,3,1,1,0
6779,3,1,1,0
6780,8,1,1,0
6781,4,1,1,0
6782,1,1,1,0
6783,5,1,1,0
6784,1,1,1,0
6785,3,1,1,0
6786,1,1,1,0
6787,2,1,1,0
6788,2,1,1,0
6789,2,1,1,0
6790,2,1,1,0
6791,1,1,1,0
6792,3,1,1,0
6793,4,1,1,0
6794,1,1,1,0
6795,4,1,1,0
6796,4,1,1,0
6797,4,1,1,0
6798,5,1,1,0
6799,3,1,1,0
6800,2,1,1,0
6801,1,1,1,0
6802,4,1,1,0
6803,8,1,1,0
6804,1,1,1,0
6805,1,1,1,0
6806,3,1,1,0
6807,1,1,1,0
6808,1,1,1,0
6809,3,1,1,0
6810,4,1,1,0
6811,6,1,1,0
6812,8,1,1,0
6813,2,1,1,0
6814,1,1,1,0
6815,2,1,1,0
6816,1,1,1,0
6817,1,1,1,0
6818,2,1,1,0
6819,2,1,1,0
6820,2,1,1,0
6821,4,1,1,0
6822,3,1,1,0
6823,1,1,1,0
6824,2,1,1,0
6825,2,1,1,0
6826,6,1,1,0
6827,3,1,1,0
6828,3,1,1,0
6829,2,1,1,0
6830,1,1,1,0
6831,7,1,1,0
6832,5,1,1,0
6833,2,1,1,0
6834,4,1,1,0
6835,2,1,1,0
6836,1,1,1,0
6837,2,1,1,0
6838,1,1,1,0
6839,1,1,1,0
6840,3,1,1,0
6841,3,1,1,0
6842,3,1,1,0
6843,2,1,1,0
6844,1,1,1,0
6845,1,1,1,0
6846,4,1,1,0
6847,4,1,1,0
6848,13,1,1,0
6849,3,1,1,0
6850,4,1,1,0
6851,3,1,1,0
6852,3,1,1,0
6853,3,1,1,0
6854,2,1,1,0
6855,2,1,1,0
6856,1,1,1,0
6857,1,1,1,0
6858,16,1,1,0
6859,1,1,1,0
6860,1,1,1,0
6861,3,1,1,0
6862,1,1,1,0
6863,9,1,1,0
6864,5,1,1,0
6865,2,1,1,0
6866,1,1,1,0
6867,4,1,1,0
6868,3,1,1,0
6869,1,1,1,0
6870,3,1,1,0
6871,5,1,1,0
6872,5,1,1,0
6873,1,1,1,0
6874,3,1,1,0
6875,6,1,1,0
6876,5,1,1,0
6877,3,1,1,0
6878,3,1,1,0
6879,3,1,1,0
6880,2,1,1,0
6881,4,1,1,0
6882,1,1,1,0
6883,9,1,1,0
6884,3,1,1,0
6885,5,1,1,0
6886,1,1,1,0
6887,4,1,1,0
6888,6,1,1,0
6889,6,1,1,0
6890,4,1,1,0
6891,1,1,1,0
6892,2,1,1,0
6893,2,1,1,0
6894,2,1,1,0
6895,5,1,1,0
6896,5,1,1,0
6897,7,1,1,0
6898,1,1,1,0
6899,8,1,1,0
6900,1,1,1,0
6901,3,1,1,0
6902,3,1,1,0
6903,2,1,1,0
6904,1,1,1,0
6905,3,1,1,0
6906,2,1,1,0
6907,1,1,1,0
6908,7,1,1,0
6909,13,1,1,0
6910,2,1,1,0
6911,2,1,1,0
6912,11,1,1,0
6913,5,1,1,0
6914,2,1,1,0
6915,2,1,1,0
6916,7,1,1,0
6917,5,1,1,0
6918,1,1,1,0
6919,5,1,1,0
6920,1,1,1,0
6921,5,1,1,0
6922,3,1,1,0
6923,1,1,1,0
6924,6,1,1,0
6925,8,1,1,0
6926,1,1,1,0
6927,1,1,1,0
6928,3,1,1,0
6929,3,1,1,0
6930,10,1,1,0
6931,1,1,1,0
6932,2,1,1,0
6933,4,1,1,0
6934,1,1,1,0
6935,1,1,1,0
6936,3,1,1,0
6937,4,1,1,0
6938,2,1,1,0
6939,6,1,1,0
6940,5,1,1,0
6941,1,1,1,0
6942,3,1,1,0
6943,3,1,1,0
6944,2,1,1,0
6945,9,1,1,0
6946,9,1,1,0
6947,2,1,1,0
6948,2,1,1,0
6949,3,1,1,0
6950,5,1,1,0
6951,1,1,1,0
6952,4,1,1,0
6953,2,1,1,0
6954,4,1,1,0
6955,1,1,1,0
6956,1,1,1,0
6957,2,1,1,0
6958,15,1,1,0
6959,7,1,1,0
6960,1,1,1,0
6961,2,1,1,0
6962,3,1,1,0
6963,6,1,1,0
6964,1,1,1,0
6965,2,1,1,0
6966,7,1,1,0
6967,1,1,1,0
6968,3,1,1,0
6969,4,1,1,0
6970,1,1,1,0
6971,2,1,1,0
6972,1,1,1,0
6973,5,1,1,0
6974,1,1,1,0
6975,4,1,1,0
6976,1,1,1,0
6977,3,1,1,0
6978,2,1,1,0
6979,5,1,1,0
6980,3,1,1,0
6981,7,1,1,0
6982,3,1,1,0
6983,5,1,1,0
6984,6,1,1,0
6985,2,1,1,0
6986,1,1,1,0
6987,9,1,1,0
6988,3,1,1,0
6989,6,1,1,0
6990,5,1,1,0
6991,1,1,1,0
6992,1,1,1,0
6993,2,1,1,0
6994,2,1,1,0
6995,4,1,1,0
6996,1,1,1,0
6997,2,1,1,0
6998,4,1,1,0
6999,4,1,1,0
7000,2,1,1,0
7001,3,1,1,0
7002,4,1,1,0
7003,1,1,1,0
7004,1,1,1,0
7005,2,1,1,0
7006,4,1,1,0
7007,3,1,1,0
7008,8,1,1,0
7009,8,1,1,0
7010,3,1,1,0
7011,5,1,1,0
7012,4,1,1,0
7013,6,1,1,0
7014,4,1,1,0
7015,9,1,1,0
7016,2,1,1,0
7017,1,1,1,0
7018,8,1,1,0
7019,5,1,1,0
7020,3,1,1,0
7021,1,1,1,0
7022,1,1,1,0
7023,4,1,1,0
7024,3,1,1,0
7025,3,1,1,0
7026,5,1,1,0
7027,1,1,1,0
7028,10,1,1,0
7029,5,1,1,0
7030,9,1,1,0
7031,8,1,1,0
7032,2,1,1,0
7033,3,1,1,0
7034,1,1,1,0
7035,11,1,1,0
7036,10,1,1,0
7037,3,1,1,0
7038,1,1,1,0
7039,3,1,1,0
7040,1,1,1,0
7041,2,1,1,0
7042,3,1,1,0
7043,13,1,1,0
7044,1,1,1,0
7045,10,1,1,0
7046,4,1,1,0
7047,1,1,1,0
7048,1,1,1,0
7049,2,1,1,0
7050,7,1,1,0
7051,1,1,1,0
7052,6,1,1,0
7053,1,1,1,0
7054,2,1,1,0
7055,2,1,1,0
7056,1,1,1,0
7057,5,1,1,0
7058,1,1,1,0
7059,6,1,1,0
7060,7,1,1,0
7061,4,1,1,0
7062,6,1,1,0
7063,5,1,1,0
7064,4,1,1,0
7065,2,1,1,0
7066,6,1,1,0
7067,3,1,1,0
7068,3,1,1,0
7069,5,1,1,0
7070,6,1,1,0
7071,5,1,1,0
7072,17,1,1,0
7073,2,1,1,0
7074,2,1,1,0
7075,3,1,1,0
7076,4,1,1,0
7077,3,1,1,0
7078,3,1,1,0
7079,5,1,1,0
7080,2,1,1,0
7081,2,1,1,0
7082,1,1,1,0
7083,2,1,1,0
7084,9,1,1,0
7085,2,1,1,0
7086,1,1,1,0
7087,4,1,1,0
7088,1,1,1,0
7089,1,1,1,0
7090,2,1,1,0
7091,2,1,1,0
7092,4,1,1,0
7093,3,1,1,0
7094,15,1,1,0
7095,5,1,1,0
7096,7,1,1,0
7097,3,1,1,0
7098,4,1,1,0
7099,5,1,1,0
7100,4,1,1,0
7101,6,1,1,0
7102,5,1,1,0
7103,1,1,1,0
7104,1,1,1,0
7105,9,1,1,0
7106,4,1,1,0
7107,1,1,1,0
7108,2,1,1,0
7109,10,1,1,0
7110,7,1,1,0
7111,1,1,1,0
7112,1,1,1,0
7113,3,1,1,0
7114,2,1,1,0
7115,2,1,1,0
7116,1,1,1,0
7117,2,1,1,0
7118,2,1,1,0
7119,6,1,1,0
7120,8,1,1,0
7121,3,1,1,0
7122,3,1,1,0
7123,2,1,1,0
7124,1,1,1,0
7125,9,1,1,0
7126,9,1,1,0
7127,3,1,1,0
7128,6,1,1,0
7129,8,1,1,0
7130,2,1,1,0
7131,4,1,1,0
7132,11,1,1,0
7133,1,1,1,0
7134,4,1,1,0
7135,2,1,1,0
7136,2,1,1,0
7137,5,1,1,0
7138,1,1,1,0
7139,4,1,1,0
7140,1,1,1,0
7141,1,1,1,0
7142,4,1,1,0
7143,8,1,1,0
7144,2,1,1,0
7145,3,1,1,0
7146,5,1,1,0
7147,2,1,1,0
7148,5,1,1,0
7149,1,1,1,0
7150,1,1,1,0
7151,1,1,1,0
7152,6,1,1,0
7153,6,1,1,0
7154,2,1,1,0
7155,1,1,1,0
7156,1,1,1,0
7157,3,1,1,0
7158,2,1,1,0
7159,3,1,1,0
7160,1,1,1,0
7161,1,1,1,0
7162,1,1,1,0
7163,5,1,1,0
7164,2,1,1,0
7165,4,1,1,0
7166,3,1,1,0
7167,6,1,1,0
7168,2,1,1,0
7169,18,1,1,0
7170,4,1,1,0
7171,1,1,1,0
7172,5,1,1,0
7173,3,1,1,0
7174,4,1,1,0
7175,3,1,1,0
7176,1,1,1,0
7177,3,1,1,0
7178,5,1,1,0
7179,4,1,1,0
7180,1,1,1,0
7181,8,1,1,0
7182,1,1,1,0
7183,5,1,1,0
7184,1,1,1,0
7185,3,1,1,0
7186,3,1,1,0
7187,1,1,1,0
7188,2,1,1,0
7189,3,1,1,0
7190,7,1,1,0
7191,10,1,1,0
7192,2,1,1,0
7193,5,1,1,0
7194,2,1,1,0
7195,5,1,1,0
7196,1,1,1,0
7197,1,1,1,0
7198,5,1,1,0
7199,10,1,1,0
7200,1,1,1,0
7201,5,1,1,0
7202,3,1,1,0
7203,7,1,1,0
7204,1,1,1,0
7205,4,1,1,0
7206,2,1,1,0
7207,3,1,1,0
7208,9,1,1,0
7209,11,1,1,0
7210,1,1,1,0
7211,3,1,1,0
7212,3,1,1,0
7213,4,1,1,0
7214,2,1,1,0
7215,3,1,1,0
7216,1,1,1,0
7217,1,1,1,0
7218,1,1,1,0
7219,7,1,1,0
7220,6,1,1,0
7221,1,1,1,0
7222,5,1,1,0
7223,6,1,1,0
7224,4,1,1,0
7225,2,1,1,0
7226,1,1,1,0
7227,1,1,1,0
7228,2,1,1,0
7229,4,1,1,0
7230,1,1,1,0
7231,1,1,1,0
7232,3,1,1,0
7233,4,1,1,0
7234,3,1,1,0
7235,2,1,1,0
7236,3,1,1,0
7237,1,1,1,0
7238,9,1,1,0
7239,3,1,1,0
7240,1,1,1,0
7241,3,1,1,0
7242,4,1,1,0
7243,2,1,1,0
7244,5,1,1,0
7245,2,1,1,0
7246,2,1,1,0
7247,1,1,1,0
7248,6,1,1,0
7249,1,1,1,0
7250,2,1,1,0
7251,2,1,1,0
7252,4,1,1,0
7253,6,1,1,0
7254,2,1,1,0
7255,4,1,1,0
7256,7,1,1,0
7257,5,1,1,0
7258,6,1,1,0
7259,5,1,1,0
7260,2,1,1,0
7261,4,1,1,0
7262,4,1,1,0
7263,1,1,1,0
7264,6,1,1,0
7265,1,1,1,0
7266,4,1,1,0
7267,2,1,1,0
7268,1,1,1,0
7269,4,1,1,0
7270,1,1,1,0
7271,5,1,1,0
7272,4,1,1,0
7273,1,1,1,0
7274,1,1,1,0
7275,3,1,1,0
7276,4,1,1,0
7277,5,1,1,0
7278,2,1,1,0
7279,4,1,1,0
7280,2,1,1,0
7281,3,1,1,0
7282,5,1,1,0
7283,4,1,1,0
7284,2,1,1,0
7285,2,1,1,0
7286,1,1,1,0
7287,3,1,1,0
7288,2,1,1,0
7289,3,1,1,0
7290,1,1,1,0
7291,1,1,1,0
7292,3,1,1,0
7293,1,1,1,0
7294,2,1,1,0
7295,1,1,1,0
7296,3,1,1,0
7297,3,1,1,0
7298,6,1,1,0
7299,7,1,1,0
7300,3,1,1,0
7301,9,1,1,0
7302,1,1,1,0
7303,5,1,1,0
7304,7,1,1,0
7305,6,1,1,0
7306,2,1,1,0
7307,3,1,1,0
7308,4,1,1,0
7309,1,1,1,0
7310,8,1,1,0
7311,2,1,1,0
7312,3,1,1,0
7313,2,1,1,0
7314,2,1,1,0
7315,6,1,1,0
7316,2,1,1,0
7317,13,1,1,0
7318,1,1,1,0
7319,1,1,1,0
7320,1,1,1,0
7321,1,1,1,0
7322,2,1,1,0
7323,3,1,1,0
7324,3,1,1,0
7325,3,1,1,0
7326,5,1,1,0
7327,6,1,1,0
7328,3,1,1,0
7329,6,1,1,0
7330,6,1,1,0
7331,4,1,1,0
7332,2,1,1,0
7333,2,1,1,0
7334,1,1,1,0
7335,6,1,1,0
7336,3,1,1,0
7337,1,1,1,0
7338,8,1,1,0
7339,4,1,1,0
7340,2,1,1,0
7341,8,1,1,0
7342,1,1,1,0
7343,4,1,1,0
7344,10,1,1,0
7345,9,1,1,0
7346,3,1,1,0
7347,1,1,1,0
7348,6,1,1,0
7349,4,1,1,0
7350,7,1,1,0
7351,2,1,1,0
7352,4,1,1,0
7353,11,1,1,0
7354,3,1,1,0
7355,1,1,1,0
7356,3,1,1,0
7357,7,1,1,0
7358,5,1,1,0
7359,2,1,1,0
7360,1,1,1,0
7361,1,1,1,0
7362,1,1,1,0
7363,2,1,1,0
7364,7,1,1,0
7365,3,1,1,0
7366,2,1,1,0
7367,2,1,1,0
7368,4,1,1,0
7369,4,1,1,0
7370,5,1,1,0
7371,4,1,1,0
7372,3,1,1,0
7373,3,1,1,0
7374,2,1,1,0
7375,1,1,1,0
7376,5,1,1,0
7377,1,1,1,0
7378,1,1,1,0
7379,4,1,1,0
7380,7,1,1,0
7381,1,1,1,0
7382,4,1,1,0
7383,6,1,1,0
7384,1,1,1,0
7385,1,1,1,0
7386,2,1,1,0
7387,2,1,1,0
7388,6,1,1,0
7389,2,1,1,0
7390,2,1,1,0
7391,2,1,1,0
7392,1,1,1,0
7393,1,1,1,0
7394,6,1,1,0
7395,4,1,1,0
7396,2,1,1,0
7397,1,1,1,0
7398,3,1,1,0
7399,4,1,1,0
7400,4,1,1,0
7401,1,1,1,0
7402,7,1,1,0
7403,1,1,1,0
7404,1,1,1,0
7405,4,1,1,0
7406,3,1,1,0
7407,4,1,1,0
7408,3,1,1,0
7409,4,1,1,0
7410,1,1,1,0
7411,1,1,1,0
7412,3,1,1,0
7413,1,1,1,0
7414,5,1,1,0
7415,1,1,1,0
7416,4,1,1,0
7417,4,1,1,0
7418,6,1,1,0
7419,2,1,1,0
7420,6,1,1,0
7421,5,1,1,0
7422,4,1,1,0
7423,5,1,1,0
7424,4,1,1,0
7425,1,1,1,0
7426,3,1,1,0
7427,7,1,1,0
7428,1,1,1,0
7429,3,1,1,0
7430,4,1,1,0
7431,1,1,1,0
7432,1,1,1,0
7433,2,1,1,0
7434,3,1,1,0
7435,1,1,1,0
7436,1,1,1,0
7437,4,1,1,0
7438,2,1,1,0
7439,5,1,1,0
7440,2,1,1,0
7441,1,1,1,0
7442,2,1,1,0
7443,1,1,1,0
7444,1,1,1,0
7445,4,1,1,0
7446,9,1,1,0
7447,8,1,1,0
7448,8,1,1,0
7449,9,1,1,0
7450,2,1,1,0
7451,3,1,1,0
7452,2,1,1,0
7453,8,1,1,0
7454,1,1,1,0
7455,6,1,1,0
7456,5,1,1,0
7457,2,1,1,0
7458,5,1,1,0
7459,15,1,1,0
7460,7,1,1,0
7461,5,1,1,0
7462,16,1,1,0
7463,3,1,1,0
7464,1,1,1,0
7465,1,1,1,0
7466,1,1,1,0
7467,6,1,1,0
7468,2,1,1,0
7469,2,1,1,0
7470,1,1,1,0
7471,4,1,1,0
7472,2,1,1,0
7473,4,1,1,0
7474,11,1,1,0
7475,4,1,1,0
7476,10,1,1,0
7477,1,1,1,0
7478,2,1,1,0
7479,5,1,1,0
7480,2,1,1,0
7481,5,1,1,0
7482,2,1,1,0
7483,9,1,1,0
7484,3,1,1,0
7485,6,1,1,0
7486,5,1,1,0
7487,13,1,1,0
7488,7,1,1,0
7489,7,1,1,0
7490,1,1,1,0
7491,3,1,1,0
7492,1,1,1,0
7493,5,1,1,0
7494,1,1,1,0
7495,1,1,1,0
7496,1,1,1,0
7497,1,1,1,0
7498,4,1,1,0
7499,5,1,1,0
7500,2,1,1,0
7501,3,1,1,0
7502,1,1,1,0
7503,3,1,1,0
7504,3,1,1,0
7505,4,1,1,0
7506,3,1,1,0
7507,3,1,1,0
7508,2,1,1,0
7509,2,1,1,0
7510,4,1,1,0
7511,1,1,1,0
7512,3,1,1,0
7513,3,1,1,0
7514,1,1,1,0
7515,14,1,1,0
7516,1,1,1,0
7517,3,1,1,0
7518,2,1,1,0
7519,1,1,1,0
7520,1,1,1,0
7521,3,1,1,0
7522,7,1,1,0
7523,2,1,1,0
7524,4,1,1,0
7525,6,1,1,0
7526,2,1,1,0
7527,3,1,1,0
7528,2,1,1,0
7529,1,1,1,0
7530,2,1,1,0
7531,15,1,1,0
7532,8,1,1,0
7533,1,1,1,0
7534,2,1,1,0
7535,7,1,1,0
7536,3,1,1,0
7537,3,1,1,0
7538,7,1,1,0
7539,1,1,1,0
7540,2,1,1,0
7541,1,1,1,0
7542,1,1,1,0
7543,2,1,1,0
7544,5,1,1,0
7545,4,1,1,0
7546,5,1,1,0
7547,4,1,1,0
7548,5,1,1,0
7549,3,1,1,0
7550,5,1,1,0
7551,1,1,1,0
7552,2,1,1,0
7553,5,1,1,0
7554,5,1,1,0
7555,2,1,1,0
7556,5,1,1,0
7557,2,1,1,0
7558,5,1,1,0
7559,6,1,1,0
7560,2,1,1,0
7561,2,1,1,0
7562,1,1,1,0
7563,1,1,1,0
7564,1,1,1,0
7565,10,1,1,0
7566,6,1,1,0
7567,1,1,1,0
7568,4,1,1,0
7569,1,1,1,0
7570,3,1,1,0
7571,14,1,1,0
7572,5,1,1,0
7573,1,1,1,0
7574,1,1,1,0
7575,5,1,1,0
7576,1,1,1,0
7577,2,1,1,0
7578,2,1,1,0
7579,6,1,1,0
7580,2,1,1,0
7581,4,1,1,0
7582,2,1,1,0
7583,5,1,1,0
7584,1,1,1,0
7585,3,1,1,0
7586,5,1,1,0
7587,1,1,1,0
7588,5,1,1,0
7589,3,1,1,0
7590,1,1,1,0
7591,3,1,1,0
7592,1,1,1,0
7593,4,1,1,0
7594,4,1,1,0
7595,8,1,1,0
7596,1,1,1,0
7597,2,1,1,0
7598,2,1,1,0
7599,3,1,1,0
7600,4,1,1,0
7601,1,1,1,0
7602,1,1,1,0
7603,5,1,1,0
7604,2,1,1,0
7605,4,1,1,0
7606,3,1,1,0
7607,4,1,1,0
7608,1,1,1,0
7609,1,1,1,0
7610,17,1,1,0
7611,1,1,1,0
7612,5,1,1,0
7613,5,1,1,0
7614,7,1,1,0
7615,5,1,1,0
7616,10,1,1,0
7617,3,1,1,0
7618,2,1,1,0
7619,10,1,1,0
7620,1,1,1,0
7621,3,1,1,0
7622,6,1,1,0
7623,2,1,1,0
7624,5,1,1,0
7625,3,1,1,0
7626,2,1,1,0
7627,4,1,1,0
7628,8,1,1,0
7629,1,1,1,0
7630,7,1,1,0
7631,7,1,1,0
7632,2,1,1,0
7633,1,1,1,0
7634,1,1,1,0
7635,1,1,1,0
7636,1,1,1,0
7637,3,1,1,0
7638,1,1,1,0
7639,3,1,1,0
7640,2,1,1,0
7641,1,1,1,0
7642,4,1,1,0
7643,3,1,1,0
7644,4,1,1,0
7645,1,1,1,0
7646,1,1,1,0
7647,2,1,1,0
7648,1,1,1,0
7649,4,1,1,0
7650,1,1,1,0
7651,3,1,1,0
7652,1,1,1,0
7653,10,1,1,0
7654,1,1,1,0
7655,1,1,1,0
7656,4,1,1,0
7657,1,1,1,0
7658,8,1,1,0
7659,2,1,1,0
7660,2,1,1,0
7661,3,1,1,0
7662,6,1,1,0
7663,12,1,1,0
7664,1,1,1,0
7665,5,1,1,0
7666,3,1,1,0
7667,8,1,1,0
7668,1,1,1,0
7669,1,1,1,0
7670,7,1,1,0
7671,2,1,1,0
7672,3,1,1,0
7673,5,1,1,0
7674,3,1,1,0
7675,5,1,1,0
7676,2,1,1,0
7677,3,1,1,0
7678,1,1,1,0
7679,4,1,1,0
7680,2,1,1,0
7681,4,1,1,0
7682,1,1,1,0
7683,1,1,1,0
7684,1,1,1,0
7685,3,1,1,0
7686,2,1,1,0
7687,1,1,1,0
7688,11,1,1,0
7689,1,1,1,0
7690,7,1,1,0
7691,2,1,1,0
7692,2,1,1,0
7693,4,1,1,0
7694,4,1,1,0
7695,1,1,1,0
7696,3,1,1,0
7697,3,1,1,0
7698,3,1,1,0
7699,1,1,1,0
7700,4,1,1,0
7701,6,1,1,0
7702,6,1,1,0
7703,1,1,1,0
7704,1,1,1,0
7705,5,1,1,0
7706,1,1,1,0
7707,2,1,1,0
7708,1,1,1,0
7709,5,1,1,0
7710,2,1,1,0
7711,1,1,1,0
7712,7,1,1,0
7713,1,1,1,0
7714,1,1,1,0
7715,3,1,1,0
7716,3,1,1,0
7717,5,1,1,0
7718,10,1,1,0
7719,4,1,1,0
7720,2,1,1,0
7721,2,1,1,0
7722,7,1,1,0
7723,8,1,1,0
7724,7,1,1,0
7725,5,1,1,0
7726,3,1,1,0
7727,6,1,1,0
7728,5,1,1,0
7729,2,1,1,0
7730,7,1,1,0
7731,5,1,1,0
7732,3,1,1,0
7733,2,1,1,0
7734,7,1,1,0
7735,9,1,1,0
7736,1,1,1,0
7737,4,1,1,0
7738,5,1,1,0
7739,1,1,1,0
7740,2,1,1,0
7741,7,1,1,0
7742,4,1,1,0
7743,1,1,1,0
7744,2,1,1,0
7745,1,1,1,0
7746,4,1,1,0
7747,1,1,1,0
7748,5,1,1,0
7749,3,1,1,0
7750,13,1,1,0
7751,5,1,1,0
7752,1,1,1,0
7753,5,1,1,0
7754,6,1,1,0
7755,4,1,1,0
7756,6,1,1,0
7757,1,1,1,0
7758,5,1,1,0
7759,1,1,1,0
7760,4,1,1,0
7761,1,1,1,0
7762,5,1,1,0
7763,2,1,1,0
7764,3,1,1,0
7765,9,1,1,0
7766,1,1,1,0
7767,4,1,1,0
7768,7,1,1,0
7769,5,1,1,0
7770,2,1,1,0
7771,3,1,1,0
7772,2,1,1,0
7773,3,1,1,0
7774,1,1,1,0
7775,1,1,1,0
7776,5,1,1,0
7777,7,1,1,0
7778,4,1,1,0
7779,2,1,1,0
7780,2,1,1,0
7781,1,1,1,0
7782,4,1,1,0
7783,2,1,1,0
7784,1,1,1,0
7785,2,1,1,0
7786,4,1,1,0
7787,3,1,1,0
7788,3,1,1,0
7789,4,1,1,0
7790,7,1,1,0
7791,3,1,1,0
7792,3,1,1,0
7793,1,1,1,0
7794,3,1,1,0
7795,2,1,1,0
7796,2,1,1,0
7797,1,1,1,0
7798,1,1,1,0
7799,2,1,1,0
7800,7,1,1,0
7801,2,1,1,0
7802,3,1,1,0
7803,6,1,1,0
7804,2,1,1,0
7805,5,1,1,0
7806,4,1,1,0
7807,4,1,1,0
7808,1,1,1,0
7809,5,1,1,0
7810,1,1,1,0
7811,1,1,1,0
7812,4,1,1,0
7813,8,1,1,0
7814,2,1,1,0
7815,9,1,1,0
7816,7,1,1,0
7817,2,1,1,0
7818,1,1,1,0
7819,1,1,1,0
7820,1,1,1,0
7821,14,1,1,0
7822,3,1,1,0
7823,3,1,1,0
7824,3,1,1,0
7825,2,1,1,0
7826,5,1,1,0
7827,6,1,1,0
7828,6,1,1,0
7829,2,1,1,0
7830,2,1,1,0
7831,1,1,1,0
7832,5,1,1,0
7833,2,1,1,0
7834,2,1,1,0
7835,1,1,1,0
7836,2,1,1,0
7837,5,1,1,0
7838,12,1,1,0
7839,2,1,1,0
7840,10,1,1,0
7841,3,1,1,0
7842,10,1,1,0
7843,3,1,1,0
7844,7,1,1,0
7845,2,1,1,0
7846,2,1,1,0
7847,2,1,1,0
7848,3,1,1,0
7849,11,1,1,0
7850,8,1,1,0
7851,1,1,1,0
7852,14,1,1,0
7853,4,1,1,0
7854,5,1,1,0
7855,3,1,1,0
7856,9,1,1,0
7857,8,1,1,0
7858,3,1,1,0
7859,2,1,1,0
7860,1,1,1,0
7861,1,1,1,0
7862,7,1,1,0
7863,7,1,1,0
7864,4,1,1,0
7865,3,1,1,0
7866,6,1,1,0
7867,9,1,1,0
7868,9,1,1,0
7869,7,1,1,0
7870,6,1,1,0
7871,3,1,1,0
7872,6,1,1,0
7873,10,1,1,0
7874,4,1,1,0
7875,4,1,1,0
7876,3,1,1,0
7877,1,1,1,0
7878,2,1,1,0
7879,1,1,1,0
7880,2,1,1,0
7881,1,1,1,0
7882,2,1,1,0
7883,3,1,1,0
7884,2,1,1,0
7885,10,1,1,0
7886,7,1,1,0
7887,5,1,1,0
7888,3,1,1,0
7889,8,1,1,0
7890,1,1,1,0
7891,2,1,1,0
7892,3,1,1,0
7893,9,1,1,0
7894,6,1,1,0
7895,1,1,1,0
7896,1,1,1,0
7897,3,1,1,0
7898,1,1,1,0
7899,2,1,1,0
7900,3,1,1,0
7901,4,1,1,0
7902,2,1,1,0
7903,1,1,1,0
7904,3,1,1,0
7905,1,1,1,0
7906,1,1,1,0
7907,2,1,1,0
7908,1,1,1,0
7909,9,1,1,0
7910,3,1,1,0
7911,4,1,1,0
7912,1,1,1,0
7913,3,1,1,0
7914,2,1,1,0
7915,4,1,1,0
7916,1,1,1,0
7917,11,1,1,0
7918,1,1,1,0
7919,5,1,1,0
7920,1,1,1,0
7921,6,1,1,0
7922,3,1,1,0
7923,1,1,1,0
7924,7,1,1,0
7925,4,1,1,0
7926,7,1,1,0
7927,1,1,1,0
7928,7,1,1,0
7929,2,1,1,0
7930,5,1,1,0
7931,2,1,1,0
7932,1,1,1,0
7933,2,1,1,0
7934,3,1,1,0
7935,1,1,1,0
7936,3,1,1,0
7937,1,1,1,0
7938,10,1,1,0
7939,3,1,1,0
7940,1,1,1,0
7941,1,1,1,0
7942,2,1,1,0
7943,3,1,1,0
7944,3,1,1,0
7945,2,1,1,0
7946,9,1,1,0
7947,7,1,1,0
7948,7,1,1,0
7949,2,1,1,0
7950,11,1,1,0
7951,1,1,1,0
7952,2,1,1,0
7953,4,1,1,0
7954,1,1,1,0
7955,3,1,1,0
7956,4,1,1,0
7957,1,1,1,0
7958,4,1,1,0
7959,7,1,1,0
7960,3,1,1,0
7961,5,1,1,0
7962,2,1,1,0
7963,1,1,1,0
7964,3,1,1,0
7965,5,1,1,0
7966,3,1,1,0
7967,3,1,1,0
7968,9,1,1,0
7969,5,1,1,0
7970,1,1,1,0
7971,4,1,1,0
7972,7,1,1,0
7973,2,1,1,0
7974,8,1,1,0
7975,6,1,1,0
7976,1,1,1,0
7977,4,1,1,0
7978,2,1,1,0
7979,8,1,1,0
7980,2,1,1,0
7981,1,1,1,0
7982,1,1,1,0
7983,3,1,1,0
7984,3,1,1,0
7985,2,1,1,0
7986,2,1,1,0
7987,3,1,1,0
7988,5,1,1,0
7989,3,1,1,0
7990,5,1,1,0
7991,2,1,1,0
7992,6,1,1,0
7993,4,1,1,0
7994,2,1,1,0
7995,3,1,1,0
7996,6,1,1,0
7997,1,1,1,0
7998,5,1,1,0
7999,1,1,1,0
8000,3,1,1,0
8001,3,1,1,0
8002,6,1,1,0
8003,3,1,1,0
8004,12,1,1,0
8005,4,1,1,0
8006,2,1,1,0
8007,3,1,1,0
8008,1,1,1,0
8009,3,1,1,0
8010,5,1,1,0
8011,10,1,1,0
8012,1,1,1,0
8013,3,1,1,0
8014,1,1,1,0
8015,2,1,1,0
8016,8,1,1,0
8017,2,1,1,0
8018,2,1,1,0
8019,5,1,1,0
8020,4,1,1,0
8021,7,1,1,0
8022,3,1,1,0
8023,3,1,1,0
8024,8,1,1,0
8025,1,1,1,0
8026,4,1,1,0
8027,1,1,1,0
8028,3,1,1,0
8029,11,1,1,0
8030,3,1,1,0
8031,1,1,1,0
8032,6,1,1,0
8033,1,1,1,0
8034,3,1,1,0
8035,3,1,1,0
8036,3,1,1,0
8037,4,1,1,0
8038,1,1,1,0
8039,9,1,1,0
8040,2,1,1,0
8041,2,1,1,0
8042,1,1,1,0
8043,7,1,1,0
8044,7,1,1,0
8045,2,1,1,0
8046,3,1,1,0
8047,7,1,1,0
8048,4,1,1,0
8049,7,1,1,0
8050,8,1,1,0
8051,7,1,1,0
8052,4,1,1,0
8053,3,1,1,0
8054,7,1,1,0
8055,2,1,1,0
8056,1,1,1,0
8057,2,1,1,0
8058,11,1,1,0
8059,3,1,1,0
8060,2,1,1,0
8061,9,1,1,0
8062,2,1,1,0
8063,4,1,1,0
8064,2,1,1,0
8065,5,1,1,0
8066,4,1,1,0
8067,1,1,1,0
8068,2,1,1,0
8069,1,1,1,0
8070,2,1,1,0
8071,3,1,1,0
8072,1,1,1,0
8073,3,1,1,0
8074,4,1,1,0
8075,4,1,1,0
8076,1,1,1,0
8077,5,1,1,0
8078,12,1,1,0
8079,4,1,1,0
8080,2,1,1,0
8081,3,1,1,0
8082,5,1,1,0
8083,16,1,1,0
8084,2,1,1,0
8085,2,1,1,0
8086,6,1,1,0
8087,3,1,1,0
8088,2,1,1,0
8089,2,1,1,0
8090,2,1,1,0
8091,6,1,1,0
8092,3,1,1,0
8093,6,1,1,0
8094,5,1,1,0
8095,6,1,1,0
8096,2,1,1,0
8097,10,1,1,0
8098,3,1,1,0
8099,10,1,1,0
8100,1,1,1,0
8101,1,1,1,0
8102,1,1,1,0
8103,2,1,1,0
8104,12,1,1,0
8105,3,1,1,0
8106,2,1,1,0
8107,2,1,1,0
8108,7,1,1,0
8109,2,1,1,0
8110,4,1,1,0
8111,1,1,1,0
8112,3,1,1,0
8113,4,1,1,0
8114,6,1,1,0
8115,2,1,1,0
8116,1,1,1,0
8117,1,1,1,0
8118,3,1,1,0
8119,3,1,1,0
8120,3,1,1,0
8121,6,1,1,0
8122,4,1,1,0
8123,2,1,1,0
8124,6,1,1,0
8125,4,1,1,0
8126,2,1,1,0
8127,2,1,1,0
8128,4,1,1,0
8129,2,1,1,0
8130,2,1,1,0
8131,5,1,1,0
8132,3,1,1,0
8133,6,1,1,0
8134,1,1,1,0
8135,2,1,1,0
8136,3,1,1,0
8137,5,1,1,0
8138,1,1,1,0
8139,1,1,1,0
8140,4,1,1,0
8141,4,1,1,0
8142,1,1,1,0
8143,6,1,1,0
8144,1,1,1,0
8145,11,1,1,0
8146,1,1,1,0
8147,6,1,1,0
8148,3,1,1,0
8149,2,1,1,0
8150,6,1,1,0
8151,1,1,1,0
8152,2,1,1,0
8153,12,1,1,0
8154,7,1,1,0
8155,1,1,1,0
8156,4,1,1,0
8157,5,1,1,0
8158,19,1,1,0
8159,4,1,1,0
8160,3,1,1,0
8161,2,1,1,0
8162,2,1,1,0
8163,3,1,1,0
8164,1,1,1,0
8165,4,1,1,0
8166,2,1,1,0
8167,1,1,1,0
8168,6,1,1,0
8169,3,1,1,0
8170,5,1,1,0
8171,2,1,1,0
8172,9,1,1,0
8173,16,1,1,0
8174,4,1,1,0
8175,7,1,1,0
8176,9,1,1,0
8177,1,1,1,0
8178,5,1,1,0
8179,1,1,1,0
8180,1,1,1,0
8181,3,1,1,0
8182,4,1,1,0
8183,2,1,1,0
8184,1,1,1,0
8185,1,1,1,0
8186,14,1,1,0
8187,2,1,1,0
8188,5,1,1,0
8189,6,1,1,0
8190,4,1,1,0
8191,3,1,1,0
8192,6,1,1,0
8193,8,1,1,0
8194,2,1,1,0
8195,3,1,1,0
8196,2,1,1,0
8197,1,1,1,0
8198,3,1,1,0
8199,2,1,1,0
8200,3,1,1,0
8201,2,1,1,0
8202,3,1,1,0
8203,5,1,1,0
8204,1,1,1,0
8205,1,1,1,0
8206,6,1,1,0
8207,3,1,1,0
8208,3,1,1,0
8209,4,1,1,0
8210,2,1,1,0
8211,3,1,1,0
8212,7,1,1,0
8213,5,1,1,0
8214,6,1,1,0
8215,11,1,1,0
8216,3,1,1,0
8217,2,1,1,0
8218,5,1,1,0
8219,1,1,1,0
8220,1,1,1,0
8221,1,1,1,0
8222,1,1,1,0
8223,2,1,1,0
8224,1,1,1,0
8225,1,1,1,0
8226,5,1,1,0
8227,2,1,1,0
8228,1,1,1,0
8229,1,1,1,0
8230,1,1,1,0
8231,6,1,1,0
8232,3,1,1,0
8233,3,1,1,0
8234,1,1,1,0
8235,3,1,1,0
8236,5,1,1,0
8237,2,1,1,0
8238,3,1,1,0
8239,4,1,1,0
8240,4,1,1,0
8241,2,1,1,0
8242,4,1,1,0
8243,1,1,1,0
8244,5,1,1,0
8245,1,1,1,0
8246,1,1,1,0
8247,5,1,1,0
8248,2,1,1,0
8249,2,1,1,0
8250,2,1,1,0
8251,2,1,1,0
8252,3,1,1,0
8253,2,1,1,0
8254,15,1,1,0
8255,7,1,1,0
8256,1,1,1,0
8257,3,1,1,0
8258,13,1,1,0
8259,4,1,1,0
8260,1,1,1,0
8261,7,1,1,0
8262,1,1,1,0
8263,2,1,1,0
8264,4,1,1,0
8265,1,1,1,0
8266,1,1,1,0
8267,6,1,1,0
8268,1,1,1,0
8269,3,1,1,0
8270,2,1,1,0
8271,3,1,1,0
8272,3,1,1,0
8273,11,1,1,0
8274,3,1,1,0
8275,1,1,1,0
8276,4,1,1,0
8277,5,1,1,0
8278,3,1,1,0
8279,1,1,1,0
8280,1,1,1,0
8281,5,1,1,0
8282,2,1,1,0
8283,9,1,1,0
8284,4,1,1,0
8285,5,1,1,0
8286,3,1,1,0
8287,2,1,1,0
8288,6,1,1,0
8289,1,1,1,0
8290,2,1,1,0
8291,1,1,1,0
8292,7,1,1,0
8293,2,1,1,0
8294,2,1,1,0
8295,5,1,1,0
8296,3,1,1,0
8297,1,1,1,0
8298,4,1,1,0
8299,4,1,1,0
8300,3,1,1,0
8301,2,1,1,0
8302,1,1,1,0
8303,5,1,1,0
8304,10,1,1,0
8305,4,1,1,0
8306,2,1,1,0
8307,2,1,1,0
8308,3,1,1,0
8309,14,1,1,0
8310,1,1,1,0
8311,1,1,1,0
8312,1,1,1,0
8313,9,1,1,0
8314,2,1,1,0
8315,3,1,1,0
8316,2,1,1,0
8317,2,1,1,0
8318,7,1,1,0
8319,7,1,1,0
8320,1,1,1,0
8321,1,1,1,0
8322,2,1,1,0
8323,2,1,1,0
8324,2,1,1,0
8325,1,1,1,0
8326,7,1,1,0
8327,2,1,1,0
8328,2,1,1,0
8329,3,1,1,0
8330,1,1,1,0
8331,18,1,1,0
8332,3,1,1,0
8333,6,1,1,0
8334,4,1,1,0
8335,4,1,1,0
8336,2,1,1,0
8337,2,1,1,0
8338,6,1,1,0
8339,1,1,1,0
8340,7,1,1,0
8341,6,1,1,0
8342,3,1,1,0
8343,5,1,1,0
8344,4,1,1,0
8345,3,1,1,0
8346,2,1,1,0
8347,3,1,1,0
8348,5,1,1,0
8349,2,1,1,0
8350,4,1,1,0
8351,2,1,1,0
8352,9,1,1,0
8353,7,1,1,0
8354,1,1,1,0
8355,8,1,1,0
8356,1,1,1,0
8357,2,1,1,0
8358,1,1,1,0
8359,1,1,1,0
8360,11,1,1,0
8361,4,1,1,0
8362,3,1,1,0
8363,8,1,1,0
8364,9,1,1,0
8365,1,1,1,0
8366,4,1,1,0
8367,5,1,1,0
8368,2,1,1,0
8369,11,1,1,0
8370,2,1,1,0
8371,4,1,1,0
8372,1,1,1,0
8373,2,1,1,0
8374,5,1,1,0
8375,1,1,1,0
8376,2,1,1,0
8377,2,1,1,0
8378,1,1,1,0
8379,3,1,1,0
8380,10,1,1,0
8381,2,1,1,0
8382,5,1,1,0
8383,1,1,1,0
8384,3,1,1,0
8385,1,1,1,0
8386,1,1,1,0
8387,4,1,1,0
8388,5,1,1,0
8389,4,1,1,0
8390,1,1,1,0
8391,9,1,1,0
8392,9,1,1,0
8393,1,1,1,0
8394,7,1,1,0
8395,7,1,1,0
8396,3,1,1,0
8397,3,1,1,0
8398,1,1,1,0
8399,1,1,1,0
8400,1,1,1,0
8401,1,1,1,0
8402,1,1,1,0
8403,4,1,1,0
8404,4,1,1,0
8405,1,1,1,0
8406,11,1,1,0
8407,7,1,1,0
8408,1,1,1,0
8409,1,1,1,0
8410,10,1,1,0
8411,1,1,1,0
8412,2,1,1,0
8413,4,1,1,0
8414,4,1,1,0
8415,5,1,1,0
8416,2,1,1,0
8417,1,1,1,0
8418,7,1,1,0
8419,6,1,1,0
8420,1,1,1,0
8421,5,1,1,0
8422,5,1,1,0
8423,2,1,1,0
8424,3,1,1,0
8425,7,1,1,0
8426,1,1,1,0
8427,2,1,1,0
8428,4,1,1,0
8429,1,1,1,0
8430,2,1,1,0
8431,2,1,1,0
8432,4,1,1,0
8433,2,1,1,0
8434,3,1,1,0
8435,8,1,1,0
8436,9,1,1,0
8437,3,1,1,0
8438,4,1,1,0
8439,3,1,1,0
8440,6,1,1,0
8441,1,1,1,0
8442,4,1,1,0
8443,5,1,1,0
8444,1,1,1,0
8445,1,1,1,0
8446,10,1,1,0
8447,1,1,1,0
8448,1,1,1,0
8449,5,1,1,0
8450,4,1,1,0
8451,3,1,1,0
8452,3,1,1,0
8453,4,1,1,0
8454,6,1,1,0
8455,2,1,1,0
8456,4,1,1,0
8457,8,1,1,0
8458,3,1,1,0
8459,5,1,1,0
8460,6,1,1,0
8461,2,1,1,0
8462,3,1,1,0
8463,3,1,1,0
8464,3,1,1,0
8465,3,1,1,0
8466,2,1,1,0
8467,3,1,1,0
8468,1,1,1,0
8469,11,1,1,0
8470,2,1,1,0
8471,3,1,1,0
8472,1,1,1,0
8473,2,1,1,0
8474,6,1,1,0
8475,6,1,1,0
8476,5,1,1,0
8477,4,1,1,0
8478,3,1,1,0
8479,3,1,1,0
8480,2,1,1,0
8481,6,1,1,0
8482,6,1,1,0
8483,5,1,1,0
8484,3,1,1,0
8485,1,1,1,0
8486,1,1,1,0
8487,22,1,1,0
8488,3,1,1,0
8489,2,1,1,0
8490,1,1,1,0
8491,2,1,1,0
8492,8,1,1,0
8493,1,1,1,0
8494,3,1,1,0
8495,3,1,1,0
8496,3,1,1,0
8497,3,1,1,0
8498,3,1,1,0
8499,4,1,1,0
8500,1,1,1,0
8501,6,1,1,0
8502,2,1,1,0
8503,2,1,1,0
8504,3,1,1,0
8505,3,1,1,0
8506,6,1,1,0
8507,7,1,1,0
8508,4,1,1,0
8509,5,1,1,0
8510,3,1,1,0
8511,2,1,1,0
8512,2,1,1,0
8513,8,1,1,0
8514,1,1,1,0
8515,9,1,1,0
8516,2,1,1,0
8517,1,1,1,0
8518,1,1,1,0
8519,1,1,1,0
8520,2,1,1,0
8521,4,1,1,0
8522,2,1,1,0
8523,3,1,1,0
8524,2,1,1,0
8525,1,1,1,0
8526,11,1,1,0
8527,4,1,1,0
8528,3,1,1,0
8529,3,1,1,0
8530,1,1,1,0
8531,3,1,1,0
8532,2,1,1,0
8533,6,1,1,0
8534,9,1,1,0
8535,3,1,1,0
8536,3,1,1,0
8537,3,1,1,0
8538,7,1,1,0
8539,1,1,1,0
8540,3,1,1,0
8541,1,1,1,0
8542,2,1,1,0
8543,3,1,1,0
8544,8,1,1,0
8545,5,1,1,0
8546,4,1,1,0
8547,4,1,1,0
8548,2,1,1,0
8549,1,1,1,0
8550,1,1,1,0
8551,5,1,1,0
8552,3,1,1,0
8553,3,1,1,0
8554,8,1,1,0
8555,9,1,1,0
8556,1,1,1,0
8557,5,1,1,0
8558,1,1,1,0
8559,11,1,1,0
8560,1,1,1,0
8561,2,1,1,0
8562,7,1,1,0
8563,5,1,1,0
8564,2,1,1,0
8565,1,1,1,0
8566,1,1,1,0
8567,2,1,1,0
8568,2,1,1,0
8569,5,1,1,0
8570,4,1,1,0
8571,2,1,1,0
8572,2,1,1,0
8573,4,1,1,0
8574,4,1,1,0
8575,7,1,1,0
8576,2,1,1,0
8577,9,1,1,0
8578,3,1,1,0
8579,4,1,1,0
8580,1,1,1,0
8581,14,1,1,0
8582,3,1,1,0
8583,5,1,1,0
8584,2,1,1,0
8585,9,1,1,0
8586,8,1,1,0
8587,10,1,1,0
8588,2,1,1,0
8589,2,1,1,0
8590,2,1,1,0
8591,1,1,1,0
8592,2,1,1,0
8593,3,1,1,0
8594,2,1,1,0
8595,7,1,1,0
8596,6,1,1,0
8597,5,1,1,0
8598,3,1,1,0
8599,2,1,1,0
8600,5,1,1,0
8601,4,1,1,0
8602,1,1,1,0
8603,5,1,1,0
8604,1,1,1,0
8605,4,1,1,0
8606,3,1,1,0
8607,1,1,1,0
8608,3,1,1,0
8609,2,1,1,0
8610,3,1,1,0
8611,6,1,1,0
8612,4,1,1,0
8613,1,1,1,0
8614,1,1,1,0
8615,2,1,1,0
8616,1,1,1,0
8617,5,1,1,0
8618,2,1,1,0
8619,2,1,1,0
8620,9,1,1,0
8621,2,1,1,0
8622,7,1,1,0
8623,8,1,1,0
8624,1,1,1,0
8625,3,1,1,0
8626,4,1,1,0
8627,1,1,1,0
8628,1,1,1,0
8629,1,1,1,0
8630,2,1,1,0
8631,4,1,1,0
8632,2,1,1,0
8633,3,1,1,0
8634,6,1,1,0
8635,11,1,1,0
8636,4,1,1,0
8637,1,1,1,0
8638,2,1,1,0
8639,5,1,1,0
8640,8,1,1,0
8641,2,1,1,0
8642,7,1,1,0
8643,3,1,1,0
8644,3,1,1,0
8645,4,1,1,0
8646,13,1,1,0
8647,1,1,1,0
8648,4,1,1,0
8649,3,1,1,0
8650,8,1,1,0
8651,1,1,1,0
8652,2,1,1,0
8653,6,1,1,0
8654,6,1,1,0
8655,12,1,1,0
8656,7,1,1,0
8657,4,1,1,0
8658,2,1,1,0
8659,1,1,1,0
8660,1,1,1,0
8661,1,1,1,0
8662,6,1,1,0
8663,4,1,1,0
8664,5,1,1,0
8665,4,1,1,0
8666,6,1,1,0
8667,1,1,1,0
8668,1,1,1,0
8669,5,1,1,0
8670,7,1,1,0
8671,1,1,1,0
8672,2,1,1,0
8673,6,1,1,0
8674,5,1,1,0
8675,5,1,1,0
8676,1,1,1,0
8677,3,1,1,0
8678,6,1,1,0
8679,1,1,1,0
8680,2,1,1,0
8681,3,1,1,0
8682,2,1,1,0
8683,1,1,1,0
8684,2,1,1,0
8685,1,1,1,0
8686,2,1,1,0
8687,1,1,1,0
8688,3,1,1,0
8689,1,1,1,0
8690,3,1,1,0
8691,5,1,1,0
8692,5,1,1,0
8693,1,1,1,0
8694,1,1,1,0
8695,1,1,1,0
8696,4,1,1,0
8697,4,1,1,0
8698,7,1,1,0
8699,1,1,1,0
8700,2,1,1,0
8701,2,1,1,0
8702,4,1,1,0
8703,5,1,1,0
8704,3,1,1,0
8705,3,1,1,0
8706,1,1,1,0
8707,1,1,1,0
8708,1,1,1,0
8709,4,1,1,0
8710,4,1,1,0
8711,1,1,1,0
8712,1,1,1,0
8713,7,1,1,0
8714,1,1,1,0
8715,3,1,1,0
8716,3,1,1,0
8717,4,1,1,0
8718,4,1,1,0
8719,4,1,1,0
8720,9,1,1,0
8721,4,1,1,0
8722,7,1,1,0
8723,5,1,1,0
8724,12,1,1,0
8725,2,1,1,0
8726,10,1,1,0
8727,1,1,1,0
8728,1,1,1,0
8729,2,1,1,0
8730,4,1,1,0
8731,9,1,1,0
8732,1,1,1,0
8733,7,1,1,0
8734,2,1,1,0
8735,1,1,1,0
8736,4,1,1,0
8737,1,1,1,0
8738,3,1,1,0
8739,2,1,1,0
8740,4,1,1,0
8741,2,1,1,0
8742,5,1,1,0
8743,3,1,1,0
8744,7,1,1,0
8745,1,1,1,0
8746,1,1,1,0
8747,1,1,1,0
8748,13,1,1,0
8749,13,1,1,0
8750,4,1,1,0
8751,2,1,1,0
8752,5,1,1,0
8753,3,1,1,0
8754,2,1,1,0
8755,4,1,1,0
8756,3,1,1,0
8757,1,1,1,0
8758,3,1,1,0
8759,1,1,1,0
8760,3,1,1,0
8761,4,1,1,0
8762,1,1,1,0
8763,4,1,1,0
8764,3,1,1,0
8765,2,1,1,0
8766,7,1,1,0
8767,1,1,1,0
8768,2,1,1,0
8769,2,1,1,0
8770,5,1,1,0
8771,1,1,1,0
8772,6,1,1,0
8773,2,1,1,0
8774,3,1,1,0
8775,1,1,1,0
8776,2,1,1,0
8777,12,1,1,0
8778,9,1,1,0
8779,4,1,1,0
8780,3,1,1,0
8781,2,1,1,0
8782,3,1,1,0
8783,11,1,1,0
8784,5,1,1,0
8785,1,1,1,0
8786,1,1,1,0
8787,2,1,1,0
8788,8,1,1,0
8789,1,1,1,0
8790,1,1,1,0
8791,4,1,1,0
8792,1,1,1,0
8793,2,1,1,0
8794,3,1,1,0
8795,3,1,1,0
8796,5,1,1,0
8797,2,1,1,0
8798,4,1,1,0
8799,1,1,1,0
8800,4,1,1,0
8801,2,1,1,0
8802,5,1,1,0
8803,1,1,1,0
8804,2,1,1,0
8805,1,1,1,0
8806,3,1,1,0
8807,2,1,1,0
8808,5,1,1,0
8809,4,1,1,0
8810,7,1,1,0
8811,1,1,1,0
8812,6,1,1,0
8813,3,1,1,0
8814,1,1,1,0
8815,1,1,1,0
8816,1,1,1,0
8817,8,1,1,0
8818,4,1,1,0
8819,1,1,1,0
8820,5,1,1,0
8821,6,1,1,0
8822,7,1,1,0
8823,5,1,1,0
8824,1,1,1,0
8825,11,1,1,0
8826,1,1,1,0
8827,2,1,1,0
8828,6,1,1,0
8829,4,1,1,0
8830,6,1,1,0
8831,2,1,1,0
8832,4,1,1,0
8833,1,1,1,0
8834,6,1,1,0
8835,3,1,1,0
8836,3,1,1,0
8837,8,1,1,0
8838,2,1,1,0
8839,4,1,1,0
8840,3,1,1,0
8841,9,1,1,0
8842,1,1,1,0
8843,3,1,1,0
8844,5,1,1,0
8845,3,1,1,0
8846,13,1,1,0
8847,3,1,1,0
8848,3,1,1,0
8849,4,1,1,0
8850,2,1,1,0
8851,1,1,1,0
8852,5,1,1,0
8853,3,1,1,0
8854,9,1,1,0
8855,1,1,1,0
8856,6,1,1,0
8857,1,1,1,0
8858,4,1,1,0
8859,9,1,1,0
8860,5,1,1,0
8861,2,1,1,0
8862,2,1,1,0
8863,2,1,1,0
8864,1,1,1,0
8865,3,1,1,0
8866,1,1,1,0
8867,3,1,1,0
8868,4,1,1,0
8869,1,1,1,0
8870,1,1,1,0
8871,3,1,1,0
8872,3,1,1,0
8873,2,1,1,0
8874,4,1,1,0
8875,6,1,1,0
8876,3,1,1,0
8877,1,1,1,0
8878,3,1,1,0
8879,1,1,1,0
8880,4,1,1,0
8881,6,1,1,0
8882,9,1,1,0
8883,1,1,1,0
8884,3,1,1,0
8885,4,1,1,0
8886,1,1,1,0
8887,4,1,1,0
8888,1,1,1,0
8889,8,1,1,0
8890,3,1,1,0
8891,1,1,1,0
8892,4,1,1,0
8893,1,1,1,0
8894,3,1,1,0
8895,1,1,1,0
8896,3,1,1,0
8897,4,1,1,0
8898,10,1,1,0
8899,8,1,1,0
8900,1,1,1,0
8901,1,1,1,0
8902,1,1,1,0
8903,2,1,1,0
8904,5,1,1,0
8905,3,1,1,0
8906,4,1,1,0
8907,12,1,1,0
8908,7,1,1,0
8909,4,1,1,0
8910,4,1,1,0
8911,6,1,1,0
8912,2,1,1,0
8913,1,1,1,0
8914,2,1,1,0
8915,9,1,1,0
8916,7,1,1,0
8917,3,1,1,0
8918,4,1,1,0
8919,5,1,1,0
8920,6,1,1,0
8921,1,1,1,0
8922,2,1,1,0
8923,7,1,1,0
8924,2,1,1,0
8925,7,1,1,0
8926,5,1,1,0
8927,3,1,1,0
8928,3,1,1,0
8929,3,1,1,0
8930,2,1,1,0
8931,11,1,1,0
8932,3,1,1,0
8933,1,1,1,0
8934,9,1,1,0
8935,3,1,1,0
8936,2,1,1,0
8937,10,1,1,0
8938,19,1,1,0
8939,3,1,1,0
8940,6,1,1,0
8941,1,1,1,0
8942,1,1,1,0
8943,2,1,1,0
8944,5,1,1,0
8945,4,1,1,0
8946,1,1,1,0
8947,5,1,1,0
8948,4,1,1,0
8949,5,1,1,0
8950,1,1,1,0
8951,11,1,1,0
8952,1,1,1,0
8953,2,1,1,0
8954,2,1,1,0
8955,3,1,1,0
8956,2,1,1,0
8957,12,1,1,0
8958,3,1,1,0
8959,2,1,1,0
8960,4,1,1,0
8961,5,1,1,0
8962,2,1,1,0
8963,1,1,1,0
8964,2,1,1,0
8965,1,1,1,0
8966,1,1,1,0
8967,3,1,1,0
8968,1,1,1,0
8969,6,1,1,0
8970,8,1,1,0
8971,4,1,1,0
8972,3,1,1,0
8973,1,1,1,0
8974,1,1,1,0
8975,5,1,1,0
8976,1,1,1,0
8977,2,1,1,0
8978,6,1,1,0
8979,5,1,1,0
8980,1,1,1,0
8981,3,1,1,0
8982,7,1,1,0
8983,2,1,1,0
8984,1,1,1,0
8985,1,1,1,0
8986,2,1,1,0
8987,1,1,1,0
8988,2,1,1,0
8989,5,1,1,0
8990,4,1,1,0
8991,2,1,1,0
8992,1,1,1,0
8993,1,1,1,0
8994,3,1,1,0
8995,7,1,1,0
8996,2,1,1,0
8997,5,1,1,0
8998,1,1,1,0
8999,4,1,1,0
9000,1,1,1,0
9001,1,1,1,0
9002,1,1,1,0
9003,3,1,1,0
9004,2,1,1,0
9005,4,1,1,0
9006,1,1,1,0
9007,1,1,1,0
9008,5,1,1,0
9009,5,1,1,0
9010,1,1,1,0
9011,4,1,1,0
9012,6,1,1,0
9013,6,1,1,0
9014,3,1,1,0
9015,6,1,1,0
9016,2,1,1,0
9017,4,1,1,0
9018,3,1,1,0
9019,5,1,1,0
9020,5,1,1,0
9021,6,1,1,0
9022,5,1,1,0
9023,2,1,1,0
9024,3,1,1,0
9025,3,1,1,0
9026,2,1,1,0
9027,8,1,1,0
9028,1,1,1,0
9029,3,1,1,0
9030,5,1,1,0
9031,6,1,1,0
9032,1,1,1,0
9033,3,1,1,0
9034,4,1,1,0
9035,8,1,1,0
9036,2,1,1,0
9037,1,1,1,0
9038,2,1,1,0
9039,3,1,1,0
9040,9,1,1,0
9041,1,1,1,0
9042,3,1,1,0
9043,2,1,1,0
9044,3,1,1,0
9045,3,1,1,0
9046,7,1,1,0
9047,2,1,1,0
9048,3,1,1,0
9049,3,1,1,0
9050,2,1,1,0
9051,4,1,1,0
9052,2,1,1,0
9053,4,1,1,0
9054,2,1,1,0
9055,7,1,1,0
9056,20,1,1,0
9057,1,1,1,0
9058,2,1,1,0
9059,5,1,1,0
9060,4,1,1,0
9061,1,1,1,0
9062,4,1,1,0
9063,1,1,1,0
9064,6,1,1,0
9065,3,1,1,0
9066,5,1,1,0
9067,1,1,1,0
9068,4,1,1,0
9069,1,1,1,0
9070,1,1,1,0
9071,1,1,1,0
9072,6,1,1,0
9073,9,1,1,0
9074,3,1,1,0
9075,1,1,1,0
9076,3,1,1,0
9077,3,1,1,0
9078,10,1,1,0
9079,2,1,1,0
9080,3,1,1,0
9081,6,1,1,0
9082,4,1,1,0
9083,2,1,1,0
9084,5,1,1,0
9085,3,1,1,0
9086,3,1,1,0
9087,1,1,1,0
9088,1,1,1,0
9089,3,1,1,0
9090,3,1,1,0
9091,1,1,1,0
9092,3,1,1,0
9093,5,1,1,0
9094,7,1,1,0
9095,1,1,1,0
9096,2,1,1,0
9097,5,1,1,0
9098,1,1,1,0
9099,12,1,1,0
9100,2,1,1,0
9101,3,1,1,0
9102,3,1,1,0
9103,17,1,1,0
9104,3,1,1,0
9105,1,1,1,0
9106,9,1,1,0
9107,1,1,1,0
9108,4,1,1,0
9109,3,1,1,0
9110,8,1,1,0
9111,1,1,1,0
9112,3,1,1,0
9113,1,1,1,0
9114,18,1,1,0
9115,5,1,1,0
9116,4,1,1,0
9117,2,1,1,0
9118,3,1,1,0
9119,13,1,1,0
9120,4,1,1,0
9121,1,1,1,0
9122,6,1,1,0
9123,1,1,1,0
9124,3,1,1,0
9125,3,1,1,0
9126,4,1,1,0
9127,7,1,1,0
9128,2,1,1,0
9129,4,1,1,0
9130,2,1,1,0
9131,4,1,1,0
9132,1,1,1,0
9133,2,1,1,0
9134,2,1,1,0
9135,5,1,1,0
9136,2,1,1,0
9137,2,1,1,0
9138,4,1,1,0
9139,6,1,1,0
9140,4,1,1,0
9141,8,1,1,0
9142,1,1,1,0
9143,7,1,1,0
9144,2,1,1,0
9145,3,1,1,0
9146,1,1,1,0
9147,1,1,1,0
9148,9,1,1,0
9149,6,1,1,0
9150,1,1,1,0
9151,2,1,1,0
9152,2,1,1,0
9153,1,1,1,0
9154,1,1,1,0
9155,6,1,1,0
9156,1,1,1,0
9157,5,1,1,0
9158,2,1,1,0
9159,3,1,1,0
9160,2,1,1,0
9161,2,1,1,0
9162,1,1,1,0
9163,3,1,1,0
9164,3,1,1,0
9165,1,1,1,0
9166,1,1,1,0
9167,4,1,1,0
9168,6,1,1,0
9169,3,1,1,0
9170,1,1,1,0
9171,9,1,1,0
9172,18,1,1,0
9173,3,1,1,0
9174,3,1,1,0
9175,2,1,1,0
9176,2,1,1,0
9177,6,1,1,0
9178,6,1,1,0
9179,2,1,1,0
9180,4,1,1,0
9181,1,1,1,0
9182,5,1,1,0
9183,2,1,1,0
9184,2,1,1,0
9185,1,1,1,0
9186,4,1,1,0
9187,4,1,1,0
9188,4,1,1,0
9189,7,1,1,0
9190,3,1,1,0
9191,4,1,1,0
9192,1,1,1,0
9193,2,1,1,0
9194,3,1,1,0
9195,2,1,1,0
9196,2,1,1,0
9197,1,1,1,0
9198,2,1,1,0
9199,5,1,1,0
9200,4,1,1,0
9201,1,1,1,0
9202,1,1,1,0
9203,2,1,1,0
9204,1,1,1,0
9205,11,1,1,0
9206,2,1,1,0
9207,5,1,1,0
9208,4,1,1,0
9209,4,1,1,0
9210,12,1,1,0
9211,1,1,1,0
9212,4,1,1,0
9213,2,1,1,0
9214,6,1,1,0
9215,5,1,1,0
9216,3,1,1,0
9217,1,1,1,0
9218,2,1,1,0
9219,1,1,1,0
9220,15,1,1,0
9221,1,1,1,0
9222,1,1,1,0
9223,1,1,1,0
9224,5,1,1,0
9225,4,1,1,0
9226,5,1,1,0
9227,10,1,1,0
9228,4,1,1,0
9229,1,1,1,0
9230,4,1,1,0
9231,4,1,1,0
9232,7,1,1,0
9233,2,1,1,0
9234,3,1,1,0
9235,1,1,1,0
9236,2,1,1,0
9237,3,1,1,0
9238,6,1,1,0
9239,3,1,1,0
9240,4,1,1,0
9241,5,1,1,0
9242,2,1,1,0
9243,1,1,1,0
9244,2,1,1,0
9245,1,1,1,0
9246,1,1,1,0
9247,2,1,1,0
9248,5,1,1,0
9249,16,1,1,0
9250,1,1,1,0
9251,1,1,1,0
9252,17,1,1,0
9253,2,1,1,0
9254,2,1,1,0
9255,3,1,1,0
9256,6,1,1,0
9257,3,1,1,0
9258,1,1,1,0
9259,2,1,1,0
9260,6,1,1,0
9261,9,1,1,0
9262,2,1,1,0
9263,6,1,1,0
9264,6,1,1,0
9265,1,1,1,0
9266,4,1,1,0
9267,2,1,1,0
9268,3,1,1,0
9269,6,1,1,0
9270,2,1,1,0
9271,1,1,1,0
9272,5,1,1,0
9273,3,1,1,0
9274,2,1,1,0
9275,2,1,1,0
9276,4,1,1,0
9277,3,1,1,0
9278,3,1,1,0
9279,9,1,1,0
9280,3,1,1,0
9281,1,1,1,0
9282,3,1,1,0
9283,1,1,1,0
9284,3,1,1,0
9285,2,1,1,0
9286,3,1,1,0
9287,2,1,1,0
9288,1,1,1,0
9289,1,1,1,0
9290,10,1,1,0
9291,3,1,1,0
9292,2,1,1,0
9293,1,1,1,0
9294,1,1,1,0
9295,5,1,1,0
9296,3,1,1,0
9297,1,1,1,0
9298,2,1,1,0
9299,2,1,1,0
9300,4,1,1,0
9301,2,1,1,0
9302,3,1,1,0
9303,3,1,1,0
9304,2,1,1,0
9305,1,1,1,0
9306,3,1,1,0
9307,5,1,1,0
9308,5,1,1,0
9309,6,1,1,0
9310,2,1,1,0
9311,6,1,1,0
9312,1,1,1,0
9313,2,1,1,0
9314,4,1,1,0
9315,2,1,1,0
9316,2,1,1,0
9317,1,1,1,0
9318,5,1,1,0
9319,6,1,1,0
9320,8,1,1,0
9321,6,1,1,0
9322,2,1,1,0
9323,5,1,1,0
9324,2,1,1,0
9325,1,1,1,0
9326,6,1,1,0
9327,1,1,1,0
9328,3,1,1,0
9329,7,1,1,0
9330,4,1,1,0
9331,1,1,1,0
9332,6,1,1,0
9333,6,1,1,0
9334,2,1,1,0
9335,13,1,1,0
9336,1,1,1,0
9337,4,1,1,0
9338,2,1,1,0
9339,6,1,1,0
9340,5,1,1,0
9341,6,1,1,0
9342,9,1,1,0
9343,8,1,1,0
9344,1,1,1,0
9345,1,1,1,0
9346,1,1,1,0
9347,1,1,1,0
9348,4,1,1,0
9349,1,1,1,0
9350,4,1,1,0
9351,2,1,1,0
9352,2,1,1,0
9353,1,1,1,0
9354,6,1,1,0
9355,2,1,1,0
9356,2,1,1,0
9357,1,1,1,0
9358,3,1,1,0
9359,2,1,1,0
9360,4,1,1,0
9361,2,1,1,0
9362,1,1,1,0
9363,1,1,1,0
9364,3,1,1,0
9365,3,1,1,0
9366,12,1,1,0
9367,5,1,1,0
9368,2,1,1,0
9369,4,1,1,0
9370,4,1,1,0
9371,2,1,1,0
9372,2,1,1,0
9373,6,1,1,0
9374,12,1,1,0
9375,1,1,1,0
9376,8,1,1,0
9377,2,1,1,0
9378,5,1,1,0
9379,2,1,1,0
9380,2,1,1,0
9381,2,1,1,0
9382,3,1,1,0
9383,5,1,1,0
9384,11,1,1,0
9385,1,1,1,0
9386,7,1,1,0
9387,1,1,1,0
9388,4,1,1,0
9389,6,1,1,0
9390,1,1,1,0
9391,1,1,1,0
9392,1,1,1,0
9393,1,1,1,0
9394,1,1,1,0
9395,2,1,1,0
9396,1,1,1,0
9397,3,1,1,0
9398,2,1,1,0
9399,1,1,1,0
9400,3,1,1,0
9401,1,1,1,0
9402,12,1,1,0
9403,1,1,1,0
9404,1,1,1,0
9405,3,1,1,0
9406,3,1,1,0
9407,2,1,1,0
9408,4,1,1,0
9409,1,1,1,0
9410,3,1,1,0
9411,11,1,1,0
9412,3,1,1,0
9413,2,1,1,0
9414,6,1,1,0
9415,4,1,1,0
9416,15,1,1,0
9417,3,1,1,0
9418,2,1,1,0
9419,1,1,1,0
9420,2,1,1,0
9421,1,1,1,0
9422,1,1,1,0
9423,5,1,1,0
9424,3,1,1,0
9425,4,1,1,0
9426,4,1,1,0
9427,3,1,1,0
9428,1,1,1,0
9429,4,1,1,0
9430,5,1,1,0
9431,1,1,1,0
9432,1,1,1,0
9433,2,1,1,0
9434,3,1,1,0
9435,1,1,1,0
9436,1,1,1,0
9437,4,1,1,0
9438,4,1,1,0
9439,4,1,1,0
9440,4,1,1,0
9441,1,1,1,0
9442,3,1,1,0
9443,3,1,1,0
9444,7,1,1,0
9445,5,1,1,0
9446,5,1,1,0
9447,1,1,1,0
9448,2,1,1,0
9449,1,1,1,0
9450,4,1,1,0
9451,1,1,1,0
9452,1,1,1,0
9453,4,1,1,0
9454,2,1,1,0
9455,1,1,1,0
9456,1,1,1,0
9457,4,1,1,0
9458,9,1,1,0
9459,2,1,1,0
9460,8,1,1,0
9461,2,1,1,0
9462,2,1,1,0
9463,10,1,1,0
9464,3,1,1,0
9465,1,1,1,0
9466,2,1,1,0
9467,5,1,1,0
9468,5,1,1,0
9469,9,1,1,0
9470,2,1,1,0
9471,1,1,1,0
9472,1,1,1,0
9473,3,1,1,0
9474,3,1,1,0
9475,2,1,1,0
9476,3,1,1,0
9477,3,1,1,0
9478,10,1,1,0
9479,3,1,1,0
9480,2,1,1,0
9481,1,1,1,0
9482,4,1,1,0
9483,3,1,1,0
9484,1,1,1,0
9485,3,1,1,0
9486,6,1,1,0
9487,1,1,1,0
9488,1,1,1,0
9489,4,1,1,0
9490,8,1,1,0
9491,2,1,1,0
9492,3,1,1,0
9493,2,1,1,0
9494,4,1,1,0
9495,1,1,1,0
9496,11,1,1,0
9497,3,1,1,0
9498,7,1,1,0
9499,3,1,1,0
9500,4,1,1,0
9501,2,1,1,0
9502,2,1,1,0
9503,2,1,1,0
9504,3,1,1,0
9505,4,1,1,0
9506,1,1,1,0
9507,3,1,1,0
9508,6,1,1,0
9509,2,1,1,0
9510,4,1,1,0
9511,5,1,1,0
9512,1,1,1,0
9513,1,1,1,0
9514,1,1,1,0
9515,1,1,1,0
9516,2,1,1,0
9517,8,1,1,0
9518,3,1,1,0
9519,2,1,1,0
9520,3,1,1,0
9521,1,1,1,0
9522,8,1,1,0
9523,2,1,1,0
9524,2,1,1,0
9525,4,1,1,0
9526,8,1,1,0
9527,12,1,1,0
9528,2,1,1,0
9529,5,1,1,0
9530,2,1,1,0
9531,3,1,1,0
9532,1,1,1,0
9533,2,1,1,0
9534,4,1,1,0
9535,1,1,1,0
9536,4,1,1,0
9537,2,1,1,0
9538,1,1,1,0
9539,7,1,1,0
9540,4,1,1,0
9541,1,1,1,0
9542,1,1,1,0
9543,7,1,1,0
9544,4,1,1,0
9545,3,1,1,0
9546,2,1,1,0
9547,3,1,1,0
9548,2,1,1,0
9549,2,1,1,0
9550,5,1,1,0
9551,1,1,1,0
9552,2,1,1,0
9553,4,1,1,0
9554,2,1,1,0
9555,2,1,1,0
9556,2,1,1,0
9557,3,1,1,0
9558,2,1,1,0
9559,3,1,1,0
9560,7,1,1,0
9561,1,1,1,0
9562,2,1,1,0
9563,3,1,1,0
9564,4,1,1,0
9565,5,1,1,0
9566,2,1,1,0
9567,1,1,1,0
9568,1,1,1,0
9569,5,1,1,0
9570,1,1,1,0
9571,2,1,1,0
9572,1,1,1,0
9573,1,1,1,0
9574,4,1,1,0
9575,3,1,1,0
9576,1,1,1,0
9577,1,1,1,0
9578,1,1,1,0
9579,5,1,1,0
9580,5,1,1,0
9581,1,1,1,0
9582,1,1,1,0
9583,1,1,1,0
9584,1,1,1,0
9585,1,1,1,0
9586,1,1,1,0
9587,4,1,1,0
9588,10,1,1,0
9589,4,1,1,0
9590,5,1,1,0
9591,6,1,1,0
9592,1,1,1,0
9593,3,1,1,0
9594,1,1,1,0
9595,1,1,1,0
9596,6,1,1,0
9597,16,1,1,0
9598,4,1,1,0
9599,1,1,1,0
9600,2,1,1,0
9601,1,1,1,0
9602,1,1,1,0
9603,2,1,1,0
9604,6,1,1,0
9605,2,1,1,0
9606,5,1,1,0
9607,2,1,1,0
9608,3,1,1,0
9609,4,1,1,0
9610,4,1,1,0
9611,1,1,1,0
9612,3,1,1,0
9613,11,1,1,0
9614,3,1,1,0
9615,3,1,1,0
9616,11,1,1,0
9617,4,1,1,0
9618,1,1,1,0
9619,1,1,1,0
9620,3,1,1,0
9621,1,1,1,0
9622,2,1,1,0
9623,12,1,1,0
9624,2,1,1,0
9625,4,1,1,0
9626,1,1,1,0
9627,5,1,1,0
9628,2,1,1,0
9629,2,1,1,0
9630,2,1,1,0
9631,2,1,1,0
9632,4,1,1,0
9633,16,1,1,0
9634,5,1,1,0
9635,4,1,1,0
9636,1,1,1,0
9637,2,1,1,0
9638,1,1,1,0
9639,11,1,1,0
9640,3,1,1,0
9641,1,1,1,0
9642,7,1,1,0
9643,6,1,1,0
9644,1,1,1,0
9645,8,1,1,0
9646,6,1,1,0
9647,2,1,1,0
9648,10,1,1,0
9649,1,1,1,0
9650,1,1,1,0
9651,2,1,1,0
9652,3,1,1,0
9653,1,1,1,0
9654,10,1,1,0
9655,4,1,1,0
9656,6,1,1,0
9657,4,1,1,0
9658,13,1,1,0
9659,7,1,1,0
9660,1,1,1,0
9661,2,1,1,0
9662,1,1,1,0
9663,2,1,1,0
9664,1,1,1,0
9665,1,1,1,0
9666,1,1,1,0
9667,2,1,1,0
9668,2,1,1,0
9669,3,1,1,0
9670,1,1,1,0
9671,1,1,1,0
9672,5,1,1,0
9673,3,1,1,0
9674,4,1,1,0
9675,3,1,1,0
9676,2,1,1,0
9677,1,1,1,0
9678,12,1,1,0
9679,11,1,1,0
9680,4,1,1,0
9681,6,1,1,0
9682,7,1,1,0
9683,4,1,1,0
9684,4,1,1,0
9685,3,1,1,0
9686,2,1,1,0
9687,6,1,1,0
9688,2,1,1,0
9689,3,1,1,0
9690,1,1,1,0
9691,3,1,1,0
9692,1,1,1,0
9693,2,1,1,0
9694,5,1,1,0
9695,2,1,1,0
9696,1,1,1,0
9697,2,1,1,0
9698,2,1,1,0
9699,1,1,1,0
9700,4,1,1,0
9701,1,1,1,0
9702,2,1,1,0
9703,9,1,1,0
9704,1,1,1,0
9705,2,1,1,0
9706,2,1,1,0
9707,6,1,1,0
9708,4,1,1,0
9709,1,1,1,0
9710,3,1,1,0
9711,4,1,1,0
9712,1,1,1,0
9713,7,1,1,0
9714,5,1,1,0
9715,4,1,1,0
9716,1,1,1,0
9717,3,1,1,0
9718,5,1,1,0
9719,4,1,1,0
9720,4,1,1,0
9721,2,1,1,0
9722,3,1,1,0
9723,1,1,1,0
9724,1,1,1,0
9725,2,1,1,0
9726,4,1,1,0
9727,1,1,1,0
9728,1,1,1,0
9729,6,1,1,0
9730,1,1,1,0
9731,3,1,1,0
9732,7,1,1,0
9733,2,1,1,0
9734,2,1,1,0
9735,1,1,1,0
9736,4,1,1,0
9737,8,1,1,0
9738,4,1,1,0
9739,1,1,1,0
9740,2,1,1,0
9741,5,1,1,0
9742,1,1,1,0
9743,3,1,1,0
9744,8,1,1,0
9745,4,1,1,0
9746,3,1,1,0
9747,4,1,1,0
9748,1,1,1,0
9749,3,1,1,0
9750,3,1,1,0
9751,3,1,1,0
9752,9,1,1,0
9753,3,1,1,0
9754,9,1,1,0
9755,1,1,1,0
9756,5,1,1,0
9757,6,1,1,0
9758,1,1,1,0
9759,5,1,1,0
9760,5,1,1,0
9761,2,1,1,0
9762,4,1,1,0
9763,2,1,1,0
9764,5,1,1,0
9765,2,1,1,0
9766,2,1,1,0
9767,4,1,1,0
9768,6,1,1,0
9769,5,1,1,0
9770,3,1,1,0
9771,6,1,1,0
9772,1,1,1,0
9773,1,1,1,0
9774,1,1,1,0
9775,13,1,1,0
9776,2,1,1,0
9777,4,1,1,0
9778,8,1,1,0
9779,5,1,1,0
9780,4,1,1,0
9781,5,1,1,0
9782,4,1,1,0
9783,2,1,1,0
9784,4,1,1,0
9785,7,1,1,0
9786,2,1,1,0
9787,2,1,1,0
9788,1,1,1,0
9789,1,1,1,0
9790,2,1,1,0
9791,1,1,1,0
9792,3,1,1,0
9793,3,1,1,0
9794,6,1,1,0
9795,10,1,1,0
9796,7,1,1,0
9797,3,1,1,0
9798,2,1,1,0
9799,11,1,1,0
9800,12,1,1,0
9801,12,1,1,0
9802,2,1,1,0
9803,4,1,1,0
9804,2,1,1,0
9805,5,1,1,0
9806,2,1,1,0
9807,3,1,1,0
9808,11,1,1,0
9809,2,1,1,0
9810,4,1,1,0
9811,6,1,1,0
9812,1,1,1,0
9813,2,1,1,0
9814,5,1,1,0
9815,2,1,1,0
9816,8,1,1,0
9817,4,1,1,0
9818,1,1,1,0
9819,12,1,1,0
9820,2,1,1,0
9821,2,1,1,0
9822,2,1,1,0
9823,9,1,1,0
9824,2,1,1,0
9825,4,1,1,0
9826,2,1,1,0
9827,8,1,1,0
9828,3,1,1,0
9829,1,1,1,0
9830,1,1,1,0
9831,3,1,1,0
9832,2,1,1,0
9833,6,1,1,0
9834,2,1,1,0
9835,1,1,1,0
9836,1,1,1,0
9837,3,1,1,0
9838,4,1,1,0
9839,1,1,1,0
9840,11,1,1,0
9841,1,1,1,0
9842,4,1,1,0
9843,2,1,1,0
9844,4,1,1,0
9845,3,1,1,0
9846,3,1,1,0
9847,4,1,1,0
9848,1,1,1,0
9849,5,1,1,0
9850,2,1,1,0
9851,1,1,1,0
9852,2,1,1,0
9853,1,1,1,0
9854,3,1,1,0
9855,2,1,1,0
9856,1,1,1,0
9857,3,1,1,0
9858,1,1,1,0
9859,2,1,1,0
9860,5,1,1,0
9861,1,1,1,0
9862,1,1,1,0
9863,4,1,1,0
9864,1,1,1,0
9865,1,1,1,0
9866,8,1,1,0
9867,7,1,1,0
9868,1,1,1,0
9869,4,1,1,0
9870,10,1,1,0
9871,6,1,1,0
9872,2,1,1,0
9873,2,1,1,0
9874,3,1,1,0
9875,6,1,1,0
9876,2,1,1,0
9877,3,1,1,0
9878,1,1,1,0
9879,5,1,1,0
9880,3,1,1,0
9881,8,1,1,0
9882,3,1,1,0
9883,12,1,1,0
9884,3,1,1,0
9885,3,1,1,0
9886,14,1,1,0
9887,6,1,1,0
9888,4,1,1,0
9889,2,1,1,0
9890,2,1,1,0
9891,5,1,1,0
9892,5,1,1,0
9893,15,1,1,0
9894,4,1,1,0
9895,2,1,1,0
9896,2,1,1,0
9897,2,1,1,0
9898,3,1,1,0
9899,3,1,1,0
9900,1,1,1,0
9901,2,1,1,0
9902,4,1,1,0
9903,3,1,1,0
9904,2,1,1,0
9905,3,1,1,0
9906,2,1,1,0
9907,6,1,1,0
9908,7,1,1,0
9909,6,1,1,0
9910,1,1,1,0
9911,2,1,1,0
9912,3,1,1,0
9913,1,1,1,0
9914,5,1,1,0
9915,1,1,1,0
9916,3,1,1,0
9917,3,1,1,0
9918,2,1,1,0
9919,3,1,1,0
9920,1,1,1,0
9921,3,1,1,0
9922,1,1,1,0
9923,3,1,1,0
9924,8,1,1,0
9925,11,1,1,0
9926,4,1,1,0
9927,1,1,1,0
9928,1,1,1,0
9929,2,1,1,0
9930,8,1,1,0
9931,5,1,1,0
9932,3,1,1,0
9933,1,1,1,0
9934,4,1,1,0
9935,1,1,1,0
9936,4,1,1,0
9937,5,1,1,0
9938,3,1,1,0
9939,1,1,1,0
9940,5,1,1,0
9941,7,1,1,0
9942,1,1,1,0
9943,3,1,1,0
9944,7,1,1,0
9945,1,1,1,0
9946,3,1,1,0
9947,3,1,1,0
9948,2,1,1,0
9949,2,1,1,0
9950,5,1,1,0
9951,7,1,1,0
9952,4,1,1,0
9953,3,1,1,0
9954,6,1,1,0
9955,1,1,1,0
9956,1,1,1,0
9957,1,1,1,0
9958,1,1,1,0
9959,2,1,1,0
9960,1,1,1,0
9961,7,1,1,0
9962,5,1,1,0
9963,5,1,1,0
9964,1,1,1,0
9965,4,1,1,0
9966,3,1,1,0
9967,10,1,1,0
9968,1,1,1,0
9969,3,1,1,0
9970,1,1,1,0
9971,1,1,1,0
9972,2,1,1,0
9973,5,1,1,0
9974,4,1,1,0
9975,1,1,1,0
9976,4,1,1,0
9977,3,1,1,0
9978,4,1,1,0
9979,3,1,1,0
9980,4,1,1,0
9981,2,1,1,0
9982,7,1,1,0
9983,1,1,1,0
9984,8,1,1,0
9985,2,1,1,0
9986,2,1,1,0
9987,1,1,1,0
9988,11,1,1,0
9989,2,1,1,0
9990,4,1,1,0
9991,2,1,1,0
9992,1,1,1,0
9993,3,1,1,0
9994,3,1,1,0
9995,6,1,1,0
9996,1,1,1,0
9997,1,1,1,0
9998,7,1,1,0
9999,3,1,1,0
