step,mean_r2,mean_r,std_r2,std_r,n_alive,trapped_rate,mean_rg2,std_rg2,mean_r2_all,mean_rg2_all,min_r2,max_r2,se_r2,cv_r2
0,0.0000000000,0.0000000000,0.0000000000,0.0000000000,10000,0.0000000000,0.0000000000,0.0000000000,0.0000000000,0.0000000000,0.0000000000,0.0000000000,0.0000000000,0.0000000000
1,1.0000000000,1.0000000000,0.0000000000,0.0000000000,10000,0.0000000000,0.2500000000,0.0000000000,1.0000000000,0.2500000000,1.0000000000,1.0000000000,0.0000000000,0.0000000000
2,1.9912000000,1.2033695229,1.4119215842,0.7369544025,10000,0.0000000000,0.4434666667,0.1568801760,1.9912000000,0.4434666667,0.0000000000,4.0000000000,0.0141192158,0.7090807474
3,3.0048000000,1.5907641907,2.4390114719,0.6886721206,10000,0.0000000000,0.6255250000,0.2641490571,3.0048000000,0.6255250000,1.0000000000,9.0000000000,0.0243901147,0.8117050958
4,3.9812000000,1.7452286734,3.4695888171,0.9671488394,10000,0.0000000000,0.8000160000,0.3711827579,3.9812000000,0.8000160000,0.0000000000,16.0000000000,0.0346958882,0.8714932224
5,4.9860000000,2.0159752121,4.4654903426,0.9601270459,10000,0.0000000000,0.9732444444,0.4774070313,4.9860000000,0.9732444444,1.0000000000,25.0000000000,0.0446549034,0.8956057647
6,5.9302000000,2.1510379947,5.3653264542,1.1415934238,10000,0.0000000000,1.1416122449,0.5776165965,5.9302000000,1.1416122449,0.0000000000,36.0000000000,0.0536532645,0.9047462909
7,6.9636000000,2.3692519860,6.4156274081,1.1620004419,10000,0.0000000000,1.3132406250,0.6840799438,6.9636000000,1.3132406250,1.0000000000,49.0000000000,0.0641562741,0.9213090080
8,7.9752000000,2.4956124747,7.4532264799,1.3217860553,10000,0.0000000000,1.4836098765,0.7913245383,7.9752000000,1.4836098765,0.0000000000,50.0000000000,0.0745322648,0.9345504163
9,8.9472000000,2.6733847971,8.4843628022,1.3417204354,10000,0.0000000000,1.6518800000,0.8983697154,8.9472000000,1.6518800000,1.0000000000,65.0000000000,0.0848436280,0.9482701630
10,9.9516000000,2.7874464042,9.4988871685,1.4770722878,10000,0.0000000000,1.8200776860,1.0054173518,9.9516000000,1.8200776860,0.0000000000,68.0000000000,0.0949888717,0.9545085382
11,10.9372000000,2.9446255736,10.5267305542,1.5054501756,10000,0.0000000000,1.9874194444,1.1140030530,10.9372000000,1.9874194444,1.0000000000,85.0000000000,0.1052673055,0.9624703356
12,11.9650000000,3.0539817162,11.5351972241,1.6242523441,10000,0.0000000000,2.1559893491,1.2249533333,11.9650000000,2.1559893491,0.0000000000,100.0000000000,0.1153519722,0.9640783305
13,12.9224000000,3.1997394740,12.5104907274,1.6383123324,10000,0.0000000000,2.3230816327,1.3322303356,12.9224000000,2.3230816327,1.0000000000,101.0000000000,0.1251049073,0.9681243985
14,13.9356000000,3.3063005931,13.3885567796,1.7331983119,10000,0.0000000000,2.4919982222,1.4377729511,13.9356000000,2.4919982222,0.0000000000,104.0000000000,0.1338855678,0.9607449108
15,15.0040000000,3.4480700073,14.4928114595,1.7648833460,10000,0.0000000000,2.6614140625,1.5440175446,15.0040000000,2.6614140625,1.0000000000,101.0000000000,0.1449281146,0.9659298493
16,16.0616000000,3.5460273598,15.6604024674,1.8674287037,10000,0.0000000000,2.8310200692,1.6526045395,16.0616000000,2.8310200692,0.0000000000,122.0000000000,0.1566040247,0.9750213221
17,17.0904000000,3.6741085165,16.6893926744,1.8950795784,10000,0.0000000000,2.9997864198,1.7614353728,17.0904000000,2.9997864198,1.0000000000,145.0000000000,0.1668939267,0.9765361065
18,18.1440000000,3.7702061146,17.6847749208,1.9823082135,10000,0.0000000000,3.1684011080,1.8717581739,18.1440000000,3.1684011080,0.0000000000,170.0000000000,0.1768477492,0.9746899758
19,19.1468000000,3.8925428231,18.6270569270,1.9987271876,10000,0.0000000000,3.3366695000,1.9799219834,19.1468000000,3.3366695000,1.0000000000,173.0000000000,0.1862705693,0.9728548335
20,20.1598000000,3.9772704951,19.7490167846,2.0835353150,10000,0.0000000000,3.5047197279,2.0886894919,20.1598000000,3.5047197279,0.0000000000,200.0000000000,0.1974901678,0.9796236463
21,21.1772000000,4.0839893651,20.8864884593,2.1209033136,10000,0.0000000000,3.6715322314,2.1995601974,21.1772000000,3.6715322314,1.0000000000,197.0000000000,0.2088648846,0.9862724279
22,22.0618000000,4.1566158138,21.8297361587,2.1873145581,10000,0.0000000000,3.8353958412,2.3091596995,22.0618000000,3.8353958412,0.0000000000,200.0000000000,0.2182973616,0.9894811919
23,23.0820000000,4.2657747687,22.8079914942,2.2102410780,10000,0.0000000000,4.0004395833,2.4168674714,23.0820000000,4.0004395833,1.0000000000,229.0000000000,0.2280799149,0.9881289097
24,24.0712000000,4.3402348894,23.9036677219,2.2876977740,10000,0.0000000000,4.1666393600,2.5245503236,24.0712000000,4.1666393600,0.0000000000,234.0000000000,0.2390366772,0.9930401360
25,25.1080000000,4.4521722349,24.7562423643,2.2991655857,10000,0.0000000000,4.3342437870,2.6296160870,25.1080000000,4.3342437870,1.0000000000,229.0000000000,0.2475624236,0.9859902168
26,26.0984000000,4.5281410311,25.8002309571,2.3652354644,10000,0.0000000000,4.5022578875,2.7361420988,26.0984000000,4.5022578875,0.0000000000,260.0000000000,0.2580023096,0.9885751984
27,27.1496000000,4.6304443330,26.8223790861,2.3892645896,10000,0.0000000000,4.6709706633,2.8432398842,27.1496000000,4.6709706633,1.0000000000,293.0000000000,0.2682237909,0.9879474867
28,28.0514000000,4.6963820276,27.7294961736,2.4485497444,10000,0.0000000000,4.8373139120,2.9484923793,28.0514000000,4.8373139120,0.0000000000,290.0000000000,0.2772949617,0.9885245005
29,29.0516000000,4.7902614236,28.7010337347,2.4708289081,10000,0.0000000000,5.0041275556,3.0522111574,29.0516000000,5.0041275556,1.0000000000,293.0000000000,0.2870103373,0.9879329791
30,30.1710000000,4.8679580392,30.0258281984,2.5444025878,10000,0.0000000000,5.1734851197,3.1608370875,30.1710000000,5.1734851197,0.0000000000,328.0000000000,0.3002582820,0.9951883663
31,31.0996000000,4.9525598916,30.9523969967,2.5635425723,10000,0.0000000000,5.3420611328,3.2675667402,31.0996000000,5.3420611328,1.0000000000,333.0000000000,0.3095239700,0.9952667236
32,32.0930000000,5.0290380300,31.7775856698,2.6080215667,10000,0.0000000000,5.5102995409,3.3719393704,32.0930000000,5.5102995409,0.0000000000,328.0000000000,0.3177758567,0.9901718652
33,33.0940000000,5.1135493176,32.8245146803,2.6354531634,10000,0.0000000000,5.6796657439,3.4759755052,33.0940000000,5.6796657439,1.0000000000,365.0000000000,0.3282451468,0.9918569735
34,33.8940000000,5.1681992695,33.5392540764,2.6802455690,10000,0.0000000000,5.8464393469,3.5760555354,33.8940000000,5.8464393469,0.0000000000,328.0000000000,0.3353925408,0.9895336660
35,34.7664000000,5.2409949754,34.4320756133,2.7015498640,10000,0.0000000000,6.0107195988,3.6752386609,34.7664000000,6.0107195988,1.0000000000,325.0000000000,0.3443207561,0.9903836927
36,35.8530000000,5.3120878885,35.5030307298,2.7631001186,10000,0.0000000000,6.1762726077,3.7746793197,35.8530000000,6.1762726077,0.0000000000,362.0000000000,0.3550303073,0.9902387730
37,36.9632000000,5.4005550343,36.4920847001,2.7923476362,10000,0.0000000000,6.3429470914,3.8769748479,36.9632000000,6.3429470914,1.0000000000,325.0000000000,0.3649208470,0.9872544774
38,37.7982000000,5.4524355838,37.3928506102,2.8406242632,10000,0.0000000000,6.5070994083,3.9773631809,37.7982000000,6.5070994083,0.0000000000,338.0000000000,0.3739285061,0.9892759605
39,38.8420000000,5.5328318036,38.5660658611,2.8687579599,10000,0.0000000000,6.6716865000,4.0795475953,38.8420000000,6.6716865000,1.0000000000,361.0000000000,0.3856606586,0.9928959853
40,39.9150000000,5.6007817900,39.7372416632,2.9233958577,10000,0.0000000000,6.8371170732,4.1858004467,39.9150000000,6.8371170732,0.0000000000,360.0000000000,0.3973724166,0.9955465781
41,40.9936000000,5.6789666092,40.7355957246,2.9568459973,10000,0.0000000000,7.0024870748,4.2924528543,40.9936000000,7.0024870748,1.0000000000,397.0000000000,0.4073559572,0.9937062304
42,41.9736000000,5.7390464749,41.7345049454,3.0061512868,10000,0.0000000000,7.1673047052,4.3979214340,41.9736000000,7.1673047052,0.0000000000,436.0000000000,0.4173450495,0.9943036801
43,42.8452000000,5.8108704107,42.3963587701,3.0131354217,10000,0.0000000000,7.3316376033,4.4977467178,42.8452000000,7.3316376033,1.0000000000,449.0000000000,0.4239635877,0.9895241187
44,43.7174000000,5.8704808445,43.2718723565,3.0421792608,10000,0.0000000000,7.4934923457,4.5956238060,43.7174000000,7.4934923457,0.0000000000,410.0000000000,0.4327187236,0.9898089172
45,44.7304000000,5.9350402933,44.5198126213,3.0831309926,10000,0.0000000000,7.6557215501,4.6956491484,44.7304000000,7.6557215501,1.0000000000,425.0000000000,0.4451981262,0.9952920748
46,45.8006000000,6.0022390292,45.4652377057,3.1262959932,10000,0.0000000000,7.8190171118,4.7946112344,45.8006000000,7.8190171118,0.0000000000,464.0000000000,0.4546523771,0.9926777751
47,46.8348000000,6.0776037897,46.4711341476,3.1460343571,10000,0.0000000000,7.9827312500,4.8937707800,46.8348000000,7.9827312500,1.0000000000,425.0000000000,0.4647113415,0.9922351360
48,47.8096000000,6.1369463353,47.6081563163,3.1855124669,10000,0.0000000000,8.1465792586,4.9936986602,47.8096000000,8.1465792586,0.0000000000,464.0000000000,0.4760815632,0.9957865432
49,48.6788000000,6.1972045424,48.4255555524,3.2052232153,10000,0.0000000000,8.3091270400,5.0924296984,48.6788000000,8.3091270400,1.0000000000,481.0000000000,0.4842555555,0.9947976440
50,49.5788000000,6.2448328430,49.4332458024,3.2528238136,10000,0.0000000000,8.4709362553,5.1923975454,49.5788000000,8.4709362553,0.0000000000,500.0000000000,0.4943324580,0.9970641847
51,50.6552000000,6.3197856274,50.3465382421,3.2734553035,10000,0.0000000000,8.6330659763,5.2928248724,50.6552000000,8.6330659763,1.0000000000,493.0000000000,0.5034653824,0.9939066126
52,51.6972000000,6.3768158463,51.4150514165,3.3216591731,10000,0.0000000000,8.7960767533,5.3940520692,51.6972000000,8.7960767533,0.0000000000,500.0000000000,0.5141505142,0.9945422850
53,52.7476000000,6.4430790198,52.7709190202,3.3517656161,10000,0.0000000000,8.9607836763,5.4981175841,52.7476000000,8.9607836763,1.0000000000,541.0000000000,0.5277091902,1.0004420868
54,53.7832000000,6.5027039003,53.7481999490,3.3908762858,10000,0.0000000000,9.1250173884,5.6026385569,53.7832000000,9.1250173884,0.0000000000,562.0000000000,0.5374819995,0.9993492382
55,54.6168000000,6.5565499620,54.7611865993,3.4100516998,10000,0.0000000000,9.2883739796,5.7082976507,54.6168000000,9.2883739796,1.0000000000,605.0000000000,0.5476118660,1.0026436298
56,55.5754000000,6.6062941441,55.9547112837,3.4543129102,10000,0.0000000000,9.4517293937,5.8164232975,55.5754000000,9.4517293937,0.0000000000,584.0000000000,0.5595471128,1.0068251652
57,56.5676000000,6.6674355811,57.0187077216,3.4803595751,10000,0.0000000000,9.6154481570,5.9246865701,56.5676000000,9.6154481570,1.0000000000,629.0000000000,0.5701870772,1.0079746661
58,57.7448000000,6.7250681150,58.3759237440,3.5381151547,10000,0.0000000000,9.7806526286,6.0357494819,57.7448000000,9.7806526286,0.0000000000,650.0000000000,0.5837592374,1.0109295338
59,58.6708000000,6.7833425192,59.4775153092,3.5576768075,10000,0.0000000000,9.9461373889,6.1487382616,58.6708000000,9.9461373889,1.0000000000,673.0000000000,0.5947751531,1.0137498604
60,59.5892000000,6.8253860606,60.7002013453,3.6060095846,10000,0.0000000000,10.1107076592,6.2627365203,59.5892000000,10.1107076592,0.0000000000,720.0000000000,0.6070020135,1.0186443407
61,60.6392000000,6.8876318442,61.7409898152,3.6331429341,10000,0.0000000000,10.2770440166,6.3774278408,60.6392000000,10.2770440166,1.0000000000,745.0000000000,0.6174098982,1.0181695968
62,61.6962000000,6.9416128347,63.0322084776,3.6756239270,10000,0.0000000000,10.4444930209,6.4935669761,61.6962000000,10.4444930209,0.0000000000,772.0000000000,0.6303220848,1.0216546315
63,62.6664000000,7.0035560397,64.1235363267,3.6900681293,10000,0.0000000000,10.6117151367,6.6105242601,62.6664000000,10.6117151367,1.0000000000,821.0000000000,0.6412353633,1.0232522744
64,63.4960000000,7.0441282513,64.7458259967,3.7250848553,10000,0.0000000000,10.7766736095,6.7237982919,63.4960000000,10.7766736095,0.0000000000,772.0000000000,0.6474582600,1.0196835391
65,64.5848000000,7.1102696456,65.9483465218,3.7455127241,10000,0.0000000000,10.9422462810,6.8374797561,64.5848000000,10.9422462810,1.0000000000,821.0000000000,0.6594834652,1.0211124989
66,65.3838000000,7.1465653637,66.8583150966,3.7829093966,10000,0.0000000000,11.1065902874,6.9501436561,65.3838000000,11.1065902874,0.0000000000,872.0000000000,0.6685831510,1.0225516886
67,66.4496000000,7.2083989502,67.9978430528,3.8063873391,10000,0.0000000000,11.2715975346,7.0641756399,66.4496000000,11.2715975346,1.0000000000,873.0000000000,0.6799784305,1.0232995090
68,67.7922000000,7.2756156812,69.3232516488,3.8545578811,10000,0.0000000000,11.4394465028,7.1793234843,67.7922000000,11.4394465028,0.0000000000,850.0000000000,0.6932325165,1.0225844809
69,68.7780000000,7.3312495200,70.3257358013,3.8769550521,10000,0.0000000000,11.6067537143,7.2924423759,68.7780000000,11.6067537143,1.0000000000,881.0000000000,0.7032573580,1.0225033557
70,69.9274000000,7.3887409934,71.5355179560,3.9158532316,10000,0.0000000000,11.7754310256,7.4060738511,69.9274000000,11.7754310256,0.0000000000,914.0000000000,0.7153551796,1.0229969648
71,70.8656000000,7.4361662518,72.6901887234,3.9457612036,10000,0.0000000000,11.9438621528,7.5206418507,70.8656000000,11.9438621528,1.0000000000,965.0000000000,0.7269018872,1.0257471710
72,71.6830000000,7.4702387031,73.9776608917,3.9847877885,10000,0.0000000000,12.1113577782,7.6356522076,71.6830000000,12.1113577782,0.0000000000,1018.0000000000,0.7397766089,1.0320112285
73,72.7840000000,7.5323146133,75.3951599508,4.0060250331,10000,0.0000000000,12.2793025566,7.7524268052,72.7840000000,12.2793025566,1.0000000000,965.0000000000,0.7539515995,1.0358754665
74,73.7140000000,7.5763156788,76.2597915287,4.0389900638,10000,0.0000000000,12.4466718578,7.8683232641,73.7140000000,12.4466718578,0.0000000000,914.0000000000,0.7625979153,1.0345360655
75,74.7436000000,7.6296525644,77.6495193742,4.0659564369,10000,0.0000000000,12.6136987535,7.9859129965,74.7436000000,12.6136987535,1.0000000000,965.0000000000,0.7764951937,1.0388785043
76,75.7386000000,7.6748939795,78.8006298835,4.1029991962,10000,0.0000000000,12.7797456569,8.1045420050,75.7386000000,12.7797456569,0.0000000000,914.0000000000,0.7880062988,1.0404289211
77,76.7316000000,7.7329257782,79.4356693271,4.1150284215,10000,0.0000000000,12.9460435897,8.2207573024,76.7316000000,12.9460435897,1.0000000000,881.0000000000,0.7943566933,1.0352406222
78,77.7502000000,7.7738495344,80.5685670715,4.1614256472,10000,0.0000000000,13.1115629547,8.3386569847,77.7502000000,13.1115629547,0.0000000000,872.0000000000,0.8056856707,1.0362490009
79,78.9256000000,7.8378290730,81.8509136457,4.1825871685,10000,0.0000000000,13.2785150000,8.4578086951,78.9256000000,13.2785150000,1.0000000000,925.0000000000,0.8185091365,1.0370641927
80,79.7710000000,7.8750294919,82.6351496580,4.2136576156,10000,0.0000000000,13.4447820759,8.5755340754,79.7710000000,13.4447820759,0.0000000000,980.0000000000,0.8263514966,1.0359046478
81,80.5760000000,7.9181924913,83.2876234743,4.2282653265,10000,0.0000000000,13.6101709102,8.6917634222,80.5760000000,13.6101709102,1.0000000000,953.0000000000,0.8328762347,1.0336529919
82,81.4716000000,7.9636806989,84.1340548972,4.2486927078,10000,0.0000000000,13.7759855712,8.8075154582,81.4716000000,13.7759855712,0.0000000000,980.0000000000,0.8413405490,1.0326795460
83,82.5928000000,8.0172506439,85.7511223726,4.2797771101,10000,0.0000000000,13.9432085317,8.9262582185,82.5928000000,13.9432085317,1.0000000000,1037.0000000000,0.8575112237,1.0382396816
84,83.8042000000,8.0776518780,86.9836562945,4.3076374196,10000,0.0000000000,14.1118969689,9.0461901229,83.8042000000,14.1118969689,0.0000000000,1010.0000000000,0.8698365629,1.0379391044
85,84.8248000000,8.1293730372,88.0810609891,4.3287520167,10000,0.0000000000,14.2808183883,9.1666988668,84.8248000000,14.2808183883,1.0000000000,1037.0000000000,0.8808106099,1.0383880774
86,85.9112000000,8.1771671848,89.4116016776,4.3640734220,10000,0.0000000000,14.4498766019,9.2888156310,85.9112000000,14.4498766019,0.0000000000,1096.0000000000,0.8941160168,1.0407444161
87,86.9148000000,8.2307969251,90.4796062158,4.3782167577,10000,0.0000000000,14.6184806818,9.4124977579,86.9148000000,14.6184806818,1.0000000000,1157.0000000000,0.9047960622,1.0410149505
88,87.8924000000,8.2747077496,91.6512587052,4.4069957634,10000,0.0000000000,14.7872294407,9.5366149186,87.8924000000,14.7872294407,0.0000000000,1130.0000000000,0.9165125871,1.0427665954
89,88.9980000000,8.3300673129,92.7814722668,4.4280897194,10000,0.0000000000,14.9562565926,9.6602217067,88.9980000000,14.9562565926,1.0000000000,1157.0000000000,0.9278147227,1.0425118797
90,90.2160000000,8.3844446697,93.8003099355,4.4628564374,10000,0.0000000000,15.1270217607,9.7835738688,90.2160000000,15.1270217607,0.0000000000,1096.0000000000,0.9380030994,1.0397303132
91,91.2232000000,8.4352762343,94.6039903057,4.4798788879,10000,0.0000000000,15.2978950614,9.9053381129,91.2232000000,15.2978950614,1.0000000000,1105.0000000000,0.9460399031,1.0370606414
92,92.1470000000,8.4795184864,95.5026470366,4.4994184333,10000,0.0000000000,15.4681484796,10.0255801425,92.1470000000,15.4681484796,0.0000000000,1152.0000000000,0.9550264704,1.0364162375
93,93.3820000000,8.5467468985,96.1116999954,4.5094475774,10000,0.0000000000,15.6398618379,10.1439019651,93.3820000000,15.6398618379,1.0000000000,1201.0000000000,0.9611170000,1.0292315435
94,94.6838000000,8.5964110431,97.7378371848,4.5591136395,10000,0.0000000000,15.8132471136,10.2634658344,94.6838000000,15.8132471136,0.0000000000,1154.0000000000,0.9773783718,1.0322551185
95,95.6048000000,8.6470069620,98.5820704640,4.5644354085,10000,0.0000000000,15.9862027995,10.3821687053,95.6048000000,15.9862027995,1.0000000000,1201.0000000000,0.9858207046,1.0311414329
96,96.7762000000,8.6924225841,99.8691559670,4.6062989068,10000,0.0000000000,16.1596583059,10.5010487380,96.7762000000,16.1596583059,0.0000000000,1252.0000000000,0.9986915597,1.0319598824
97,97.8000000000,8.7429855848,100.5691801697,4.6217099718,10000,0.0000000000,16.3327893794,10.6179805090,97.8000000000,16.3327893794,1.0000000000,1305.0000000000,1.0056918017,1.0283147257
98,98.8974000000,8.7867262803,101.8996284254,4.6573427269,10000,0.0000000000,16.5065968779,10.7353844604,98.8974000000,16.5065968779,0.0000000000,1252.0000000000,1.0189962843,1.0303570005
99,99.6404000000,8.8224346744,102.6892764014,4.6695873924,10000,0.0000000000,16.6789583800,10.8519119610,99.6404000000,16.6789583800,1.0000000000,1305.0000000000,1.0268927640,1.0305987973
100,100.6714000000,8.8630587501,103.6576828896,4.7029341471,10000,0.0000000000,16.8512939320,10.9682984863,100.6714000000,16.8512939320,0.0000000000,1252.0000000000,1.0365768289,1.0296636670
101,101.7500000000,8.9101240355,105.0623695716,4.7286033533,10000,0.0000000000,17.0243008074,11.0857880741,101.7500000000,17.0243008074,1.0000000000,1305.0000000000,1.0506236957,1.0325540007
102,102.7694000000,8.9460691122,106.2117791191,4.7683589881,10000,0.0000000000,17.1967927609,11.2038211890,102.7694000000,17.1967927609,0.0000000000,1354.0000000000,1.0621177912,1.0334961488
103,103.6408000000,8.9889171098,106.7753181937,4.7791389594,10000,0.0000000000,17.3681372966,11.3190701584,103.6408000000,17.3681372966,1.0000000000,1369.0000000000,1.0677531819,1.0302440563
104,104.5694000000,9.0295432015,107.8544472131,4.7996614019,10000,0.0000000000,17.5385258776,11.4346223369,104.5694000000,17.5385258776,0.0000000000,1440.0000000000,1.0785444721,1.0314149953
105,105.5068000000,9.0725348908,108.8772995337,4.8162133109,10000,0.0000000000,17.7090158775,11.5503589160,105.5068000000,17.7090158775,1.0000000000,1465.0000000000,1.0887729953,1.0319458038
106,106.3560000000,9.1045588978,109.9798038914,4.8438628465,10000,0.0000000000,17.8786278802,11.6659472640,106.3560000000,17.8786278802,0.0000000000,1492.0000000000,1.0997980389,1.0340723973
107,107.3160000000,9.1482157376,110.9163979942,4.8606737001,10000,0.0000000000,18.0480664609,11.7796366077,107.3160000000,18.0480664609,1.0000000000,1421.0000000000,1.1091639799,1.0335494986
108,108.2202000000,9.1853581466,111.6373016154,4.8835843106,10000,0.0000000000,18.2175613669,11.8915521552,108.2202000000,18.2175613669,0.0000000000,1466.0000000000,1.1163730162,1.0315754509
109,109.2472000000,9.2292472109,113.0319304098,4.9059347652,10000,0.0000000000,18.3867409917,12.0058584939,109.2472000000,18.3867409917,1.0000000000,1421.0000000000,1.1303193041,1.0346437292
110,109.9578000000,9.2564780150,113.5848908049,4.9270087028,10000,0.0000000000,18.5549145524,12.1182984793,109.9578000000,18.5549145524,0.0000000000,1354.0000000000,1.1358489080,1.0329862075
111,110.8880000000,9.2982150311,114.1164328920,4.9427924533,10000,0.0000000000,18.7224313616,12.2282806060,110.8880000000,18.7224313616,1.0000000000,1325.0000000000,1.1411643289,1.0291143577
112,111.8232000000,9.3368731956,115.1349987700,4.9644736810,10000,0.0000000000,18.8889163129,12.3378571307,111.8232000000,18.8889163129,0.0000000000,1354.0000000000,1.1513499877,1.0296163835
113,112.7004000000,9.3748238023,115.9302058992,4.9812727968,10000,0.0000000000,19.0545017236,12.4462500365,112.7004000000,19.0545017236,1.0000000000,1409.0000000000,1.1593020590,1.0286583357
114,113.8264000000,9.4179526565,117.0473214689,5.0128402887,10000,0.0000000000,19.2200047335,12.5555412838,113.8264000000,19.2200047335,0.0000000000,1360.0000000000,1.1704732147,1.0282967876
115,114.7828000000,9.4602644911,118.1656228527,5.0285381333,10000,0.0000000000,19.3853483353,12.6646084861,114.7828000000,19.3853483353,1.0000000000,1417.0000000000,1.1816562285,1.0294715136
116,115.9832000000,9.5056167760,119.5698110635,5.0622573727,10000,0.0000000000,19.5517074001,12.7748372717,115.9832000000,19.5517074001,0.0000000000,1476.0000000000,1.1956981106,1.0309235395
117,116.8204000000,9.5402819440,120.5912556691,5.0797067266,10000,0.0000000000,19.7177199943,12.8850845715,116.8204000000,19.7177199943,1.0000000000,1429.0000000000,1.2059125567,1.0322790854
118,118.0838000000,9.5944278047,121.8527134600,5.1020344080,10000,0.0000000000,19.8845762870,12.9970157275,118.0838000000,19.8845762870,0.0000000000,1490.0000000000,1.2185271346,1.0319172779
119,119.1640000000,9.6374007305,122.9984662669,5.1268418309,10000,0.0000000000,20.0520721528,13.1102588986,119.1640000000,20.0520721528,1.0000000000,1429.0000000000,1.2299846627,1.0321780594
120,120.0204000000,9.6705450956,123.7358427613,5.1479080755,10000,0.0000000000,20.2184188922,13.2225237073,120.0204000000,20.2184188922,0.0000000000,1412.0000000000,1.2373584276,1.0309567604
121,121.1392000000,9.7156604967,124.9232077052,5.1715704687,10000,0.0000000000,20.3851020693,13.3361443441,121.1392000000,20.3851020693,1.0000000000,1345.0000000000,1.2492320771,1.0312368557
122,122.0304000000,9.7515887921,125.6210773550,5.1900786150,10000,0.0000000000,20.5510093198,13.4475776240,122.0304000000,20.5510093198,0.0000000000,1412.0000000000,1.2562107736,1.0294244496
123,122.8340000000,9.7936336906,126.1971079066,5.1883271999,10000,0.0000000000,20.7157610042,13.5578968952,122.8340000000,20.7157610042,1.0000000000,1445.0000000000,1.2619710791,1.0273792916
124,123.9776000000,9.8349105080,127.4815763090,5.2203577751,10000,0.0000000000,20.8806254080,13.6686465109,123.9776000000,20.8806254080,0.0000000000,1412.0000000000,1.2748157631,1.0282629790
125,125.3252000000,9.8922304131,128.9334147727,5.2410855224,10000,0.0000000000,21.0468191232,13.7811220084,125.3252000000,21.0468191232,1.0000000000,1381.0000000000,1.2893341477,1.0287908160
126,126.1570000000,9.9207435188,129.9538647021,5.2664834600,10000,0.0000000000,21.2127277699,13.8931908944,126.1570000000,21.2127277699,0.0000000000,1412.0000000000,1.2995386470,1.0300963458
127,126.9388000000,9.9497853042,131.2054734169,5.2858842590,10000,0.0000000000,21.3780223267,14.0050943553,126.9388000000,21.3780223267,1.0000000000,1381.0000000000,1.3120547342,1.0336120510
128,128.1470000000,9.9919598602,132.5765544544,5.3205016824,10000,0.0000000000,21.5441306412,14.1182423244,128.1470000000,21.5441306412,0.0000000000,1412.0000000000,1.3257655445,1.0345661971
129,129.0812000000,10.0316883439,133.7083804650,5.3335193794,10000,0.0000000000,21.7105869586,14.2317362681,129.0812000000,21.7105869586,1.0000000000,1481.0000000000,1.3370838046,1.0358470518
130,130.1040000000,10.0700031096,134.5920101046,5.3571482500,10000,0.0000000000,21.8775456675,14.3455257898,130.1040000000,21.8775456675,0.0000000000,1450.0000000000,1.3459201010,1.0344955582
131,130.9432000000,10.1019940402,135.7150661266,5.3752131504,10000,0.0000000000,22.0434218893,14.4589144103,130.9432000000,22.0434218893,1.0000000000,1409.0000000000,1.3571506613,1.0364422599
132,131.6854000000,10.1224502047,137.0214400262,5.4056823671,10000,0.0000000000,22.2079306801,14.5721403588,131.6854000000,22.2079306801,0.0000000000,1460.0000000000,1.3702144003,1.0405211210
133,132.6296000000,10.1625633461,137.9216371852,5.4177399565,10000,0.0000000000,22.3725574070,14.6853279294,132.6296000000,22.3725574070,1.0000000000,1517.0000000000,1.3792163719,1.0399008757
134,133.2312000000,10.1849470785,138.3849968261,5.4312110075,10000,0.0000000000,22.5357114184,14.7968256867,133.2312000000,22.5357114184,0.0000000000,1466.0000000000,1.3838499683,1.0386831075
135,134.0160000000,10.2173061375,139.4246855618,5.4426698680,10000,0.0000000000,22.6984458910,14.9089773560,134.0160000000,22.6984458910,1.0000000000,1517.0000000000,1.3942468556,1.0403585062
136,134.9790000000,10.2462498550,140.5143678027,5.4766197520,10000,0.0000000000,22.8611271032,15.0213048343,134.9790000000,22.8611271032,0.0000000000,1576.0000000000,1.4051436780,1.0410091037
137,136.0604000000,10.2881022307,141.9170305208,5.4968493240,10000,0.0000000000,23.0238423230,15.1331002064,136.0604000000,23.0238423230,1.0000000000,1637.0000000000,1.4191703052,1.0430443430
138,137.0466000000,10.3220453308,143.1778258965,5.5228597836,10000,0.0000000000,23.1867277988,15.2453403244,137.0466000000,23.1867277988,0.0000000000,1700.0000000000,1.4317782590,1.0447382562
139,138.0564000000,10.3595013373,144.2431142864,5.5441078672,10000,0.0000000000,23.3499415102,15.3579964838,138.0564000000,23.3499415102,1.0000000000,1649.0000000000,1.4424311429,1.0448129481
140,138.9558000000,10.3905372562,144.8647881521,5.5670939930,10000,0.0000000000,23.5128664856,15.4694569160,138.9558000000,23.5128664856,0.0000000000,1586.0000000000,1.4486478815,1.0425242282
141,140.1084000000,10.4421309485,145.7637000403,5.5740740267,10000,0.0000000000,23.6758751240,15.5797194339,140.1084000000,23.6758751240,1.0000000000,1525.0000000000,1.4576370004,1.0403637472
142,141.0958000000,10.4815263099,146.2564173715,5.5886855533,10000,0.0000000000,23.8392114333,15.6892160822,141.0958000000,23.8392114333,0.0000000000,1466.0000000000,1.4625641737,1.0365752728
143,141.9072000000,10.5101441704,146.8650080453,5.6075011831,10000,0.0000000000,24.0015904610,15.7976011140,141.9072000000,24.0015904610,1.0000000000,1417.0000000000,1.4686500805,1.0349369732
144,142.6020000000,10.5340882346,147.7511150415,5.6244986502,10000,0.0000000000,24.1626969988,15.9047831325,142.6020000000,24.1626969988,0.0000000000,1466.0000000000,1.4775111504,1.0361082947
145,143.5468000000,10.5733623732,148.4142264399,5.6347855439,10000,0.0000000000,24.3233169075,16.0114549691,143.5468000000,24.3233169075,1.0000000000,1409.0000000000,1.4841422644,1.0339082894
146,144.0166000000,10.5891758283,148.9333250970,5.6467650277,10000,0.0000000000,24.4819905780,16.1156585246,144.0166000000,24.4819905780,0.0000000000,1424.0000000000,1.4893332510,1.0341399887
147,145.2192000000,10.6348639130,150.2992320385,5.6673511936,10000,0.0000000000,24.6416417093,16.2205013909,145.2192000000,24.6416417093,1.0000000000,1489.0000000000,1.5029923204,1.0349818209
148,145.9544000000,10.6526714521,151.5652292600,5.6986832632,10000,0.0000000000,24.8007654790,16.3245790435,145.9544000000,24.8007654790,0.0000000000,1530.0000000000,1.5156522926,1.0384423440
149,147.1624000000,10.7002808779,152.7860491872,5.7154517875,10000,0.0000000000,24.9608504711,16.4293009496,147.1624000000,24.9608504711,1.0000000000,1489.0000000000,1.5278604919,1.0382138997
150,148.4182000000,10.7507206001,153.8818894762,5.7306375368,10000,0.0000000000,25.1227410815,16.5337964908,148.4182000000,25.1227410815,0.0000000000,1556.0000000000,1.5388188948,1.0368127998
151,149.6708000000,10.8019775339,155.1861115801,5.7435251682,10000,0.0000000000,25.2856773373,16.6386579590,149.6708000000,25.2856773373,1.0000000000,1597.0000000000,1.5518611158,1.0368496165
152,150.5266000000,10.8339013565,156.1662495306,5.7578799395,10000,0.0000000000,25.4486668119,16.7446936285,150.5266000000,25.4486668119,0.0000000000,1556.0000000000,1.5616624953,1.0374661324
153,151.6596000000,10.8866111868,156.6390095980,5.7568478238,10000,0.0000000000,25.6119447124,16.8490940553,151.6596000000,25.6119447124,1.0000000000,1537.0000000000,1.5663900960,1.0328328019
154,152.5868000000,10.9171533930,157.6478799913,5.7794949427,10000,0.0000000000,25.7747495858,16.9535400921,152.5868000000,25.7747495858,0.0000000000,1586.0000000000,1.5764787999,1.0331685309
155,153.4264000000,10.9472750670,158.6217456184,5.7951331829,10000,0.0000000000,25.9367390204,17.0572920963,153.4264000000,25.9367390204,1.0000000000,1625.0000000000,1.5862174562,1.0338621360
156,154.5436000000,10.9881419664,159.4795174906,5.8141496478,10000,0.0000000000,26.0990459329,17.1601200046,154.5436000000,26.0990459329,0.0000000000,1682.0000000000,1.5947951749,1.0319386729
157,155.5276000000,11.0226347647,160.2042497509,5.8334486235,10000,0.0000000000,26.2618902419,17.2615859002,155.5276000000,26.2618902419,1.0000000000,1625.0000000000,1.6020424975,1.0300695809
158,156.6070000000,11.0615260576,161.2328004812,5.8523193075,10000,0.0000000000,26.4253026146,17.3624670867,156.6070000000,26.4253026146,0.0000000000,1684.0000000000,1.6123280048,1.0295376355
159,157.8928000000,11.1110781377,162.6132088982,5.8682827656,10000,0.0000000000,26.5898370313,17.4643580556,157.8928000000,26.5898370313,1.0000000000,1745.0000000000,1.6261320890,1.0298962897
160,158.5934000000,11.1360923107,163.3182349783,5.8805482778,10000,0.0000000000,26.7535394545,17.5655748817,158.5934000000,26.7535394545,0.0000000000,1690.0000000000,1.6331823498,1.0297921287
161,159.6872000000,11.1750956011,164.4971141271,5.8995286512,10000,0.0000000000,26.9172376924,17.6673679789,159.6872000000,26.9172376924,1.0000000000,1753.0000000000,1.6449711413,1.0301208496
162,160.6370000000,11.2044027374,165.5307398370,5.9243868289,10000,0.0000000000,27.0806162596,17.7703253633,160.6370000000,27.0806162596,0.0000000000,1818.0000000000,1.6553073984,1.0304645868
163,161.6588000000,11.2416953390,166.3823631956,5.9399567258,10000,0.0000000000,27.2445420137,17.8727790066,161.6588000000,27.2445420137,1.0000000000,1765.0000000000,1.6638236320,1.0292193385
164,162.7612000000,11.2731147643,168.1187454586,5.9731133850,10000,0.0000000000,27.4090237282,17.9773409019,162.7612000000,27.4090237282,0.0000000000,1832.0000000000,1.6811874546,1.0329166009
165,163.7312000000,11.3046354681,169.2321474973,5.9946990694,10000,0.0000000000,27.5735417187,18.0818291810,163.7312000000,27.5735417187,1.0000000000,1781.0000000000,1.6923214750,1.0335974298
166,164.5548000000,11.3325760800,170.0320963729,6.0106172222,10000,0.0000000000,27.7379915451,18.1857539839,164.5548000000,27.7379915451,0.0000000000,1832.0000000000,1.7003209637,1.0332855460
167,165.6264000000,11.3685473639,171.1666171397,6.0317933349,10000,0.0000000000,27.9025008858,18.2894574441,165.6264000000,27.9025008858,1.0000000000,1901.0000000000,1.7116661714,1.0334500849
168,166.4508000000,11.4003326684,171.8089217106,6.0401336947,10000,0.0000000000,28.0667143868,18.3919590271,166.4508000000,28.0667143868,0.0000000000,1832.0000000000,1.7180892171,1.0321904233
169,167.4020000000,11.4390533602,172.4438134466,6.0456644153,10000,0.0000000000,28.2304106713,18.4940178397,167.4020000000,28.2304106713,1.0000000000,1885.0000000000,1.7244381345,1.0301180001
170,168.6114000000,11.4843003490,173.1600074787,6.0598882411,10000,0.0000000000,28.3943521357,18.5959078311,168.6114000000,28.3943521357,0.0000000000,1832.0000000000,1.7316000748,1.0269768680
171,169.6132000000,11.5196124029,174.3026149711,6.0755024555,10000,0.0000000000,28.5579190238,18.6973504877,169.6132000000,28.5579190238,1.0000000000,1901.0000000000,1.7430261497,1.0276477006
172,170.8132000000,11.5572148997,175.4057111549,6.1027849185,10000,0.0000000000,28.7219257309,18.7985294781,170.8132000000,28.7219257309,0.0000000000,1850.0000000000,1.7540571115,1.0268861608
173,171.5928000000,11.5876938698,175.8823532597,6.1088583859,10000,0.0000000000,28.8853667856,18.8993098707,171.5928000000,28.8853667856,1.0000000000,1921.0000000000,1.7588235326,1.0249984455
174,172.3882000000,11.6106108357,176.8315970090,6.1304091236,10000,0.0000000000,29.0482539167,19.0008340913,172.3882000000,29.0482539167,0.0000000000,1872.0000000000,1.7683159701,1.0257755288
175,173.6628000000,11.6571810521,178.0128284595,6.1459685908,10000,0.0000000000,29.2124074768,19.1034230374,173.6628000000,29.2124074768,1.0000000000,1921.0000000000,1.7801282846,1.0250487062
176,174.7584000000,11.6898243963,179.3798228047,6.1730386022,10000,0.0000000000,29.3768505921,19.2075167799,174.7584000000,29.3768505921,0.0000000000,1972.0000000000,1.7937982280,1.0264446390
177,175.8020000000,11.7280759218,180.3459253657,6.1850008223,10000,0.0000000000,29.5413048984,19.3116295122,175.8020000000,29.5413048984,1.0000000000,2045.0000000000,1.8034592537,1.0258468354
178,176.5724000000,11.7510067158,180.9820730300,6.2037280053,10000,0.0000000000,29.7048604163,19.4149215777,176.5724000000,29.7048604163,0.0000000000,1972.0000000000,1.8098207303,1.0249737390
179,177.7580000000,11.7903530163,182.0712735057,6.2245944247,10000,0.0000000000,29.8694174259,19.5188644692,177.7580000000,29.8694174259,1.0000000000,2005.0000000000,1.8207127351,1.0242648629
180,178.6852000000,11.8204377144,182.8948181359,6.2419910477,10000,0.0000000000,30.0335143860,19.6219712103,178.6852000000,30.0335143860,0.0000000000,1972.0000000000,1.8289481814,1.0235588517
181,179.6228000000,11.8603149392,183.5195360722,6.2414525186,10000,0.0000000000,30.1974117739,19.7246433597,179.6228000000,30.1974117739,1.0000000000,1901.0000000000,1.8351953607,1.0216939947
182,180.6008000000,11.8873189509,184.8916954310,6.2683688595,10000,0.0000000000,30.3610772911,19.8279875778,180.6008000000,30.3610772911,0.0000000000,1928.0000000000,1.8489169543,1.0237590057
183,181.7288000000,11.9308995676,185.6946570329,6.2755426464,10000,0.0000000000,30.5251553344,19.9310723692,181.7288000000,30.5251553344,1.0000000000,1901.0000000000,1.8569465703,1.0218229418
184,182.7984000000,11.9638681613,186.8336654820,6.2979567019,10000,0.0000000000,30.6895726983,20.0343635670,182.7984000000,30.6895726983,0.0000000000,1928.0000000000,1.8683366548,1.0220749497
185,183.5264000000,11.9871545257,187.5727349671,6.3114599243,10000,0.0000000000,30.8533113770,20.1371203144,183.5264000000,30.8533113770,1.0000000000,1973.0000000000,1.8757273497,1.0220476998
186,184.4400000000,12.0070894450,189.0146555164,6.3458492781,10000,0.0000000000,31.0164158369,20.2403305225,184.4400000000,31.0164158369,0.0000000000,2050.0000000000,1.8901465552,1.0248029468
187,185.5624000000,12.0471739833,189.7705406701,6.3583015826,10000,0.0000000000,31.1802848121,20.3423370811,185.5624000000,31.1802848121,1.0000000000,2005.0000000000,1.8977054067,1.0226777659
188,186.3106000000,12.0703082397,190.3139656663,6.3732455624,10000,0.0000000000,31.3434379945,20.4431758854,186.3106000000,31.3434379945,0.0000000000,1972.0000000000,1.9031396567,1.0214875894
189,186.7532000000,12.0890704190,190.7329019592,6.3724074262,10000,0.0000000000,31.5052560997,20.5432029219,186.7532000000,31.5052560997,1.0000000000,2005.0000000000,1.9073290196,1.0213099532
190,188.0554000000,12.1268082680,192.3220625171,6.4028057312,10000,0.0000000000,31.6677830926,20.6439670047,188.0554000000,31.6677830926,0.0000000000,2050.0000000000,1.9232206252,1.0226883276
191,188.8068000000,12.1506537704,193.1815464110,6.4162616025,10000,0.0000000000,31.8295626302,20.7451679841,188.8068000000,31.8295626302,1.0000000000,2129.0000000000,1.9318154641,1.0231704918
192,189.8794000000,12.1855300483,193.8943203285,6.4336814843,10000,0.0000000000,31.9914853499,20.8455327294,189.8794000000,31.9914853499,0.0000000000,2084.0000000000,1.9389432033,1.0211445809
193,190.9996000000,12.2257690553,195.0376538001,6.4443906622,10000,0.0000000000,32.1537264003,20.9456375427,190.9996000000,32.1537264003,1.0000000000,2129.0000000000,1.9503765380,1.0211416872
194,192.0062000000,12.2521912969,195.9776649559,6.4722491009,10000,0.0000000000,32.3160949112,21.0457144901,192.0062000000,32.3160949112,0.0000000000,2084.0000000000,1.9597766496,1.0206840454
195,192.9732000000,12.2881072895,197.0993842754,6.4788594090,10000,0.0000000000,32.4787779727,21.1462165744,192.9732000000,32.4787779727,1.0000000000,2129.0000000000,1.9709938428,1.0213821623
196,193.8762000000,12.3194058909,197.6277639239,6.4891015169,10000,0.0000000000,32.6414197119,21.2453988617,193.8762000000,32.6414197119,0.0000000000,2176.0000000000,1.9762776392,1.0193503067
197,194.5176000000,12.3425752941,197.9610085099,6.4944926753,10000,0.0000000000,32.8036295276,21.3435786726,194.5176000000,32.8036295276,1.0000000000,2129.0000000000,1.9796100851,1.0177022979
198,195.6822000000,12.3755765846,199.1029065663,6.5212962054,10000,0.0000000000,32.9662066463,21.4415835229,195.6822000000,32.9662066463,0.0000000000,2146.0000000000,1.9910290657,1.0174809286
199,196.7724000000,12.4070535022,200.0938524749,6.5450304348,10000,0.0000000000,33.1288436600,21.5386754810,196.7724000000,33.1288436600,1.0000000000,2129.0000000000,2.0009385247,1.0168796664
200,197.7840000000,12.4322546423,200.9947853652,6.5744235115,10000,0.0000000000,33.2916802307,21.6357363464,197.7840000000,33.2916802307,0.0000000000,2050.0000000000,2.0099478537,1.0162337973
201,198.7460000000,12.4587655483,202.4984016826,6.5973601549,10000,0.0000000000,33.4534985786,21.7337501297,198.7460000000,33.4534985786,1.0000000000,2097.0000000000,2.0249840168,1.0188803884
202,199.3852000000,12.4729855623,203.4701639577,6.6188995431,10000,0.0000000000,33.6145348783,21.8316257281,199.3852000000,33.6145348783,0.0000000000,2020.0000000000,2.0347016396,1.0204877993
203,200.4184000000,12.5160237803,203.9335287329,6.6157047040,10000,0.0000000000,33.7760226596,21.9283226682,200.4184000000,33.7760226596,1.0000000000,2045.0000000000,2.0393352873,1.0175389522
204,201.4848000000,12.5391788297,205.9987635132,6.6523525370,10000,0.0000000000,33.9379656871,22.0274461936,201.4848000000,33.9379656871,0.0000000000,2120.0000000000,2.0599876351,1.0224034940
205,202.4676000000,12.5665762794,206.9455303944,6.6744857939,10000,0.0000000000,34.1002011028,22.1261283276,202.4676000000,34.1002011028,1.0000000000,2045.0000000000,2.0694553039,1.0221167752
206,203.4472000000,12.5999253428,207.6965979793,6.6849892562,10000,0.0000000000,34.2621679899,22.2238570719,203.4472000000,34.2621679899,0.0000000000,1972.0000000000,2.0769659798,1.0208869819
207,204.6192000000,12.6390536461,209.1367681479,6.6987702551,10000,0.0000000000,34.4238505224,22.3226841094,204.6192000000,34.4238505224,1.0000000000,2045.0000000000,2.0913676815,1.0220779289
208,205.6766000000,12.6682543204,210.1853843930,6.7224945127,10000,0.0000000000,34.5858122204,22.4217279563,205.6766000000,34.5858122204,0.0000000000,1972.0000000000,2.1018538439,1.0219217178
209,206.6732000000,12.7010451368,211.0959488047,6.7347347708,10000,0.0000000000,34.7479416689,22.5204808317,206.6732000000,34.7479416689,1.0000000000,2025.0000000000,2.1109594880,1.0213997209
210,207.5532000000,12.7275551749,212.1174004408,6.7500029089,10000,0.0000000000,34.9098133375,22.6197156872,207.5532000000,34.9098133375,0.0000000000,2098.0000000000,2.1211740044,1.0219905087
211,208.2748000000,12.7472277020,213.1011940017,6.7663125788,10000,0.0000000000,35.0709822090,22.7198194348,208.2748000000,35.0709822090,1.0000000000,2173.0000000000,2.1310119400,1.0231732020
212,209.2762000000,12.7787156617,214.5336964525,6.7809015652,10000,0.0000000000,35.2320612224,22.8204930197,209.2762000000,35.2320612224,0.0000000000,2098.0000000000,2.1453369645,1.0251222855
213,210.2224000000,12.8073384163,215.5204160590,6.7966523149,10000,0.0000000000,35.3928498559,22.9208838221,210.2224000000,35.3928498559,1.0000000000,2045.0000000000,2.1552041606,1.0252019578
214,210.9066000000,12.8255262093,216.2614826464,6.8126703616,10000,0.0000000000,35.5535312234,23.0212089742,210.9066000000,35.5535312234,0.0000000000,2120.0000000000,2.1626148265,1.0253898297
215,211.7904000000,12.8543462665,217.1943113156,6.8232090736,10000,0.0000000000,35.7138728481,23.1216737387,211.7904000000,35.7138728481,1.0000000000,2153.0000000000,2.1719431132,1.0255153742
216,212.7294000000,12.8869476707,217.8519744589,6.8305182624,10000,0.0000000000,35.8741795154,23.2211887458,212.7294000000,35.8741795154,0.0000000000,2098.0000000000,2.1785197446,1.0240802374
217,214.0356000000,12.9318316688,218.7476745765,6.8412959072,10000,0.0000000000,36.0352399461,23.3196467446,214.0356000000,36.0352399461,1.0000000000,2153.0000000000,2.1874767458,1.0220153777
218,215.1676000000,12.9603695098,219.9486465297,6.8699652234,10000,0.0000000000,36.1966361544,23.4183427287,215.1676000000,36.1966361544,0.0000000000,2098.0000000000,2.1994864653,1.0222201044
219,215.9588000000,12.9855030903,221.0058440462,6.8800806313,10000,0.0000000000,36.3572944008,23.5176184442,215.9588000000,36.3572944008,1.0000000000,2173.0000000000,2.2100584405,1.0233704023
220,217.0866000000,13.0229392884,222.0893687245,6.8912736334,10000,0.0000000000,36.5185330767,23.6175575061,217.0866000000,36.5185330767,0.0000000000,2120.0000000000,2.2208936872,1.0230450370
221,218.4268000000,13.0639912029,223.7931925724,6.9107838811,10000,0.0000000000,36.6802500284,23.7190900425,218.4268000000,36.6802500284,1.0000000000,2197.0000000000,2.2379319257,1.0245683798
222,219.3822000000,13.0912238427,224.4649841805,6.9283517738,10000,0.0000000000,36.8417201512,23.8197889131,219.3822000000,36.8417201512,0.0000000000,2276.0000000000,2.2446498418,1.0231686262
223,220.1812000000,13.1185683501,225.1599537364,6.9342890366,10000,0.0000000000,37.0029526786,23.9202892880,220.1812000000,37.0029526786,1.0000000000,2357.0000000000,2.2515995374,1.0226120747
224,221.0286000000,13.1358300053,226.4086075706,6.9626553894,10000,0.0000000000,37.1642127526,24.0217080306,221.0286000000,37.1642127526,0.0000000000,2440.0000000000,2.2640860757,1.0243407757
225,221.9812000000,13.1661146787,226.9314443760,6.9738528998,10000,0.0000000000,37.3255661211,24.1230028107,221.9812000000,37.3255661211,1.0000000000,2389.0000000000,2.2693144438,1.0223002866
226,222.4784000000,13.1843806974,226.8802643101,6.9749914427,10000,0.0000000000,37.4856463506,24.2229987610,222.4784000000,37.4856463506,0.0000000000,2474.0000000000,2.2688026431,1.0197855806
227,223.5348000000,13.2112784647,228.8593323178,6.9997800914,10000,0.0000000000,37.6461249615,24.3245967352,223.5348000000,37.6461249615,1.0000000000,2389.0000000000,2.2885933232,1.0238197020
228,224.5132000000,13.2417923918,229.6309139157,7.0119993049,10000,0.0000000000,37.8070853187,24.4251841915,224.5132000000,37.8070853187,0.0000000000,2344.0000000000,2.2963091392,1.0227947128
229,225.6316000000,13.2794326344,230.2795924120,7.0205604411,10000,0.0000000000,37.9685106919,24.5256660705,225.6316000000,37.9685106919,1.0000000000,2389.0000000000,2.3027959241,1.0205999178
230,226.6832000000,13.3110476918,231.2255341388,7.0355674503,10000,0.0000000000,38.1302321771,24.6268492715,226.6832000000,38.1302321771,0.0000000000,2340.0000000000,2.3122553414,1.0200382478
231,227.5344000000,13.3392165169,232.1905269744,7.0427056388,10000,0.0000000000,38.2913039573,24.7278287276,227.5344000000,38.2913039573,1.0000000000,2389.0000000000,2.3219052697,1.0204633979
232,228.6416000000,13.3680085988,233.5647172615,7.0666785763,10000,0.0000000000,38.4531628986,24.8292990751,228.6416000000,38.4531628986,0.0000000000,2474.0000000000,2.3356471726,1.0215320277
233,229.7980000000,13.4012521883,234.5124337770,7.0855091409,10000,0.0000000000,38.6150670611,24.9303778417,229.7980000000,38.6150670611,1.0000000000,2525.0000000000,2.3451243378,1.0205155562
234,231.0598000000,13.4399193765,235.6092978300,7.1012933437,10000,0.0000000000,38.7774110747,25.0316282641,231.0598000000,38.7774110747,0.0000000000,2474.0000000000,2.3560929783,1.0196896986
235,232.0672000000,13.4685051975,236.9299581821,7.1180452193,10000,0.0000000000,38.9399470411,25.1346437277,232.0672000000,38.9399470411,1.0000000000,2561.0000000000,2.3692995818,1.0209540951
236,233.2124000000,13.4973733560,238.3224598863,7.1437603885,10000,0.0000000000,39.1030239919,25.2385490108,233.2124000000,39.1030239919,0.0000000000,2474.0000000000,2.3832245989,1.0219116131
237,234.3624000000,13.5313029393,239.4692261361,7.1600447461,10000,0.0000000000,39.2665383165,25.3429039758,234.3624000000,39.2665383165,1.0000000000,2561.0000000000,2.3946922614,1.0217902963
238,235.3762000000,13.5581207688,240.7277600809,7.1800808643,10000,0.0000000000,39.4302444705,25.4478278805,235.3762000000,39.4302444705,0.0000000000,2650.0000000000,2.4072776008,1.0227361988
239,236.5072000000,13.5920168741,242.2511827591,7.1947395571,10000,0.0000000000,39.5940186493,25.5541799042,236.5072000000,39.5940186493,1.0000000000,2601.0000000000,2.4225118276,1.0242867141
240,237.7252000000,13.6254688950,243.5523542998,7.2160790871,10000,0.0000000000,39.7580159811,25.6611880908,237.7252000000,39.7580159811,0.0000000000,2650.0000000000,2.4355235430,1.0245121439
241,239.0032000000,13.6656049991,244.6084806170,7.2287232628,10000,0.0000000000,39.9226050611,25.7678818902,239.0032000000,39.9226050611,1.0000000000,2741.0000000000,2.4460848062,1.0234527430
242,240.0604000000,13.7002619250,245.6570396953,7.2362437207,10000,0.0000000000,40.0870102796,25.8752865381,240.0604000000,40.0870102796,0.0000000000,2692.0000000000,2.4565703970,1.0233134648
243,240.8996000000,13.7243986015,246.3853459925,7.2484814291,10000,0.0000000000,40.2515709285,25.9823406304,240.8996000000,40.2515709285,1.0000000000,2785.0000000000,2.4638534599,1.0227719182
244,241.7972000000,13.7544054412,246.9031074575,7.2535185228,10000,0.0000000000,40.4159777293,26.0893258846,241.7972000000,40.4159777293,0.0000000000,2738.0000000000,2.4690310746,1.0211164871
245,242.9972000000,13.7840500245,248.4425148644,7.2799151727,10000,0.0000000000,40.5808060480,26.1974530499,242.9972000000,40.5808060480,1.0000000000,2785.0000000000,2.4844251486,1.0224089614
246,244.5832000000,13.8222350987,250.1310725955,7.3163527031,10000,0.0000000000,40.7468231966,26.3069501632,244.5832000000,40.7468231966,0.0000000000,2880.0000000000,2.5013107260,1.0226829668
247,245.3664000000,13.8370158224,251.4660123178,7.3418930209,10000,0.0000000000,40.9121432200,26.4171944165,245.3664000000,40.9121432200,1.0000000000,2929.0000000000,2.5146601232,1.0248591996
248,246.1268000000,13.8538303918,252.4322846265,7.3619415560,10000,0.0000000000,41.0768553120,26.5275751244,246.1268000000,41.0768553120,0.0000000000,2980.0000000000,2.5243228463,1.0256188462
249,247.3944000000,13.8878293212,253.7060307692,7.3839418163,10000,0.0000000000,41.2421671808,26.6389214139,247.3944000000,41.2421671808,1.0000000000,2929.0000000000,2.5370603077,1.0255124238
250,248.1350000000,13.9107858794,254.3799924817,7.3908751998,10000,0.0000000000,41.4071003159,26.7496293168,248.1350000000,41.4071003159,0.0000000000,3026.0000000000,2.5437999248,1.0251677211
251,249.3108000000,13.9401371115,255.3449576619,7.4150777011,10000,0.0000000000,41.5720705814,26.8599548474,249.3108000000,41.5720705814,1.0000000000,2929.0000000000,2.5534495766,1.0242033545
252,250.3740000000,13.9731590030,256.0706201890,7.4246095841,10000,0.0000000000,41.7373317065,26.9693861921,250.3740000000,41.7373317065,0.0000000000,2880.0000000000,2.5607062019,1.0227524431
253,251.6288000000,14.0101640654,257.4885189879,7.4393617239,10000,0.0000000000,41.9034861988,27.0790585720,251.6288000000,41.9034861988,1.0000000000,2977.0000000000,2.5748851899,1.0232871555
254,252.3582000000,14.0285312377,258.8292303677,7.4537582006,10000,0.0000000000,42.0696336363,27.1897052207,252.3582000000,42.0696336363,0.0000000000,2930.0000000000,2.5882923037,1.0256422433
255,253.2640000000,14.0566142221,259.6226690873,7.4616081786,10000,0.0000000000,42.2355964874,27.3000101511,253.2640000000,42.2355964874,1.0000000000,2885.0000000000,2.5962266909,1.0251068809
256,254.2330000000,14.0822106322,261.0967753746,7.4782580666,10000,0.0000000000,42.4014913504,27.4110864478,254.2330000000,42.4014913504,0.0000000000,2842.0000000000,2.6109677537,1.0269979718
257,254.9580000000,14.1001226743,262.3877341569,7.4929660730,10000,0.0000000000,42.5673021633,27.5232968714,254.9580000000,42.5673021633,1.0000000000,2801.0000000000,2.6238773416,1.0291410121
258,256.0518000000,14.1251821405,263.5080403266,7.5187119573,10000,0.0000000000,42.7336315857,27.6363432055,256.0518000000,42.7336315857,0.0000000000,2842.0000000000,2.6350804033,1.0291200465
259,257.1408000000,14.1588704429,264.4351855850,7.5277611401,10000,0.0000000000,42.9003038639,27.7499133360,257.1408000000,42.9003038639,1.0000000000,2885.0000000000,2.6443518558,1.0283672820
260,258.3186000000,14.1880336527,266.2518366022,7.5510463559,10000,0.0000000000,43.0673027818,27.8649215210,258.3186000000,43.0673027818,0.0000000000,2842.0000000000,2.6625183660,1.0307110545
261,259.2116000000,14.2131745802,267.3039618589,7.5628875672,10000,0.0000000000,43.2338392751,27.9800147990,259.2116000000,43.2338392751,1.0000000000,2745.0000000000,2.6730396186,1.0312191347
262,260.4490000000,14.2481120184,268.2769009792,7.5789381784,10000,0.0000000000,43.4007362605,28.0949596703,260.4490000000,43.4007362605,0.0000000000,2704.0000000000,2.6827690098,1.0300554081
263,261.6016000000,14.2775019598,269.5345493206,7.5996406354,10000,0.0000000000,43.5680763717,28.2095603204,261.6016000000,43.5680763717,1.0000000000,2665.0000000000,2.6953454932,1.0303245443
264,262.4894000000,14.3020518337,269.9392585150,7.6118797512,10000,0.0000000000,43.7352459608,28.3241049819,262.4894000000,43.7352459608,0.0000000000,2570.0000000000,2.6993925852,1.0283815595
265,263.1180000000,14.3217418686,270.1685497537,7.6161479665,10000,0.0000000000,43.9014569902,28.4375909209,263.1180000000,43.9014569902,1.0000000000,2477.0000000000,2.7016854975,1.0267961514
266,264.2652000000,14.3567798414,270.8631345698,7.6254883507,10000,0.0000000000,44.0679890446,28.5498471383,264.2652000000,44.0679890446,0.0000000000,2440.0000000000,2.7086313457,1.0249670958
267,265.2928000000,14.3811946883,271.9603042140,7.6468319804,10000,0.0000000000,44.2344801097,28.6627694780,265.2928000000,44.2344801097,1.0000000000,2405.0000000000,2.7196030421,1.0251326241
268,266.7134000000,14.4157638467,273.5651707737,7.6745783413,10000,0.0000000000,44.4017371678,28.7770161959,266.7134000000,44.4017371678,0.0000000000,2320.0000000000,2.7356517077,1.0256896383
269,267.1512000000,14.4287674995,273.8138804710,7.6786631939,10000,0.0000000000,44.5680897888,28.8899519880,267.1512000000,44.5680897888,1.0000000000,2357.0000000000,2.7381388047,1.0249397363
270,268.0988000000,14.4567854947,274.3613876597,7.6876623989,10000,0.0000000000,44.7340329462,29.0033826114,268.0988000000,44.7340329462,0.0000000000,2410.0000000000,2.7436138766,1.0233592529
271,269.1708000000,14.4870975717,275.3557895294,7.7003119384,10000,0.0000000000,44.9003098724,29.1161958313,269.1708000000,44.9003098724,1.0000000000,2465.0000000000,2.7535578953,1.0229779364
272,270.1980000000,14.5132559981,276.6790790718,7.7177328493,10000,0.0000000000,45.0665797099,29.2291831543,270.1980000000,45.0665797099,0.0000000000,2522.0000000000,2.7667907907,1.0239864065
273,271.0148000000,14.5373211199,277.2202355185,7.7253540150,10000,0.0000000000,45.2327504289,29.3413443897,271.0148000000,45.2327504289,1.0000000000,2581.0000000000,2.7722023552,1.0228970356
274,271.8320000000,14.5564763094,277.8798369368,7.7421571576,10000,0.0000000000,45.3987699623,29.4530230578,271.8320000000,45.3987699623,0.0000000000,2664.0000000000,2.7787983694,1.0222484363
275,272.7344000000,14.5770151429,279.1528324353,7.7617671651,10000,0.0000000000,45.5643720489,29.5649168065,272.7344000000,45.5643720489,1.0000000000,2605.0000000000,2.7915283244,1.0235336373
276,273.4828000000,14.5929562443,280.2005019699,7.7800018029,10000,0.0000000000,45.7294679769,29.6769613429,273.4828000000,45.7294679769,0.0000000000,2664.0000000000,2.8020050197,1.0245635264
277,274.6696000000,14.6294916131,280.7509694299,7.7876553046,10000,0.0000000000,45.8946178666,29.7883636010,274.6696000000,45.8946178666,1.0000000000,2689.0000000000,2.8075096943,1.0221406717
278,274.8908000000,14.6382862796,280.8454152650,7.7853307442,10000,0.0000000000,46.0583797433,29.8983084452,274.8908000000,46.0583797433,0.0000000000,2610.0000000000,2.8084541526,1.0216617481
279,275.8236000000,14.6629593636,281.7601875408,7.7987962342,10000,0.0000000000,46.2219661811,30.0083459603,275.8236000000,46.2219661811,1.0000000000,2677.0000000000,2.8176018754,1.0215231312
280,276.1538000000,14.6743273826,281.6877930361,7.7985842221,10000,0.0000000000,46.3847592584,30.1168840354,276.1538000000,46.3847592584,0.0000000000,2610.0000000000,2.8168779304,1.0200395324
281,276.7192000000,14.6957109171,282.0485595626,7.7945673801,10000,0.0000000000,46.5466946331,30.2233894934,276.7192000000,46.5466946331,1.0000000000,2605.0000000000,2.8204855956,1.0192590885
282,277.4228000000,14.7154777370,282.4821177352,7.8024044354,10000,0.0000000000,46.7080382000,30.3293614283,277.4228000000,46.7080382000,0.0000000000,2522.0000000000,2.8248211774,1.0182368491
283,278.2008000000,14.7340472437,283.6830253635,7.8172023014,10000,0.0000000000,46.8694697679,30.4355867311,278.2008000000,46.8694697679,1.0000000000,2465.0000000000,2.8368302536,1.0197060014
284,279.4892000000,14.7725547023,284.3253022215,7.8269296386,10000,0.0000000000,47.0315587344,30.5413877728,279.4892000000,47.0315587344,0.0000000000,2522.0000000000,2.8432530222,1.0173033599
285,280.6380000000,14.8069092452,285.2923976484,7.8353965186,10000,0.0000000000,47.1942441000,30.6470096992,280.6380000000,47.1942441000,1.0000000000,2465.0000000000,2.8529239765,1.0165850585
286,281.3776000000,14.8229147095,286.1610452494,7.8523117307,10000,0.0000000000,47.3565676966,30.7520159091,281.3776000000,47.3565676966,0.0000000000,2498.0000000000,2.8616104525,1.0170000926
287,283.1256000000,14.8675301183,287.8560310722,7.8792225620,10000,0.0000000000,47.5203005329,30.8573450281,283.1256000000,47.5203005329,1.0000000000,2465.0000000000,2.8785603107,1.0167078889
288,284.0762000000,14.8953071490,288.6273919668,7.8870796203,10000,0.0000000000,47.6838477604,30.9623400337,284.0762000000,47.6838477604,0.0000000000,2500.0000000000,2.8862739197,1.0160210252
289,284.5680000000,14.9086941668,289.2225201743,7.8929613101,10000,0.0000000000,47.8466935363,31.0663497263,284.5680000000,47.8466935363,1.0000000000,2493.0000000000,2.8922252017,1.0163564427
290,285.2294000000,14.9203206872,290.2335407489,7.9128648789,10000,0.0000000000,48.0086182331,31.1706929988,285.2294000000,48.0086182331,0.0000000000,2452.0000000000,2.9023354075,1.0175442670
291,285.9364000000,14.9409089216,290.9046770938,7.9186893231,10000,0.0000000000,48.1698570417,31.2747457189,285.9364000000,48.1698570417,1.0000000000,2525.0000000000,2.9090467709,1.0173754621
292,286.9954000000,14.9690516678,291.9005912615,7.9323951091,10000,0.0000000000,48.3310098219,31.3792124925,286.9954000000,48.3310098219,0.0000000000,2612.0000000000,2.9190059126,1.0170915327
293,288.0744000000,15.0001426421,292.7623105262,7.9416698948,10000,0.0000000000,48.4921097135,31.4831053606,288.0744000000,48.4921097135,1.0000000000,2561.0000000000,2.9276231053,1.0162732632
294,289.2792000000,15.0268344145,294.1885974122,7.9670224977,10000,0.0000000000,48.6535868544,31.5871303343,289.2792000000,48.6535868544,0.0000000000,2592.0000000000,2.9418859741,1.0169711387
295,290.7024000000,15.0659238783,295.4611220351,7.9825019695,10000,0.0000000000,48.8156983131,31.6915188950,290.7024000000,48.8156983131,1.0000000000,2665.0000000000,2.9546112204,1.0163697377
296,291.7828000000,15.0916364076,296.7361899468,8.0015817525,10000,0.0000000000,48.9779767303,31.7960376181,291.7828000000,48.9779767303,0.0000000000,2612.0000000000,2.9673618995,1.0169762918
297,292.6604000000,15.1105290587,298.1314687715,8.0207425820,10000,0.0000000000,49.1406815459,31.9011028717,292.6604000000,49.1406815459,1.0000000000,2665.0000000000,2.9813146877,1.0186942571
298,293.7546000000,15.1453905787,298.4621908699,8.0232003726,10000,0.0000000000,49.3036845919,32.0051439946,293.7546000000,49.3036845919,0.0000000000,2610.0000000000,2.9846219087,1.0160255903
299,295.1064000000,15.1827599516,299.8824807805,8.0368028626,10000,0.0000000000,49.4673438689,32.1102585037,295.1064000000,49.4673438689,1.0000000000,2677.0000000000,2.9988248078,1.0161842670
300,295.7406000000,15.1961665275,300.7695375394,8.0509082015,10000,0.0000000000,49.6304706085,32.2151856834,295.7406000000,49.6304706085,0.0000000000,2600.0000000000,3.0076953754,1.0170045558
301,296.7992000000,15.2283073338,302.0059146430,8.0559205401,10000,0.0000000000,49.7935848208,32.3200680922,296.7992000000,49.7935848208,1.0000000000,2669.0000000000,3.0200591464,1.0175428864
302,297.8482000000,15.2630347347,302.4285445469,8.0553069891,10000,0.0000000000,49.9564375715,32.4237076593,297.8482000000,49.9564375715,0.0000000000,2740.0000000000,3.0242854455,1.0153781173
303,298.8592000000,15.2890592320,303.2824890681,8.0686967844,10000,0.0000000000,50.1189106951,32.5267755115,298.8592000000,50.1189106951,1.0000000000,2665.0000000000,3.0328248907,1.0148005786
304,299.9976000000,15.3182791819,304.3318162701,8.0838062140,10000,0.0000000000,50.2813287761,32.6305140757,299.9976000000,50.2813287761,0.0000000000,2594.0000000000,3.0433181627,1.0144475031
305,300.9192000000,15.3484094308,305.0749781142,8.0836580795,10000,0.0000000000,50.4439686275,32.7339900324,300.9192000000,50.4439686275,1.0000000000,2669.0000000000,3.0507497811,1.0138102790
306,302.2280000000,15.3802804553,306.5514051770,8.1040096938,10000,0.0000000000,50.6076039534,32.8376716745,302.2280000000,50.6076039534,0.0000000000,2740.0000000000,3.0655140518,1.0143051113
307,303.2712000000,15.4063260881,307.2584216105,8.1188864057,10000,0.0000000000,50.7708010773,32.9403256525,303.2712000000,50.7708010773,1.0000000000,2725.0000000000,3.0725842161,1.0131473797
308,303.9628000000,15.4199791611,307.9812582222,8.1355419409,10000,0.0000000000,50.9334977681,33.0423695459,303.9628000000,50.9334977681,0.0000000000,2740.0000000000,3.0798125822,1.0132202303
309,305.3500000000,15.4544030931,309.8298279701,8.1554536990,10000,0.0000000000,51.0971018481,33.1452786037,305.3500000000,51.0971018481,1.0000000000,2817.0000000000,3.0982982797,1.0146711248
310,306.0802000000,15.4697619136,310.7629185858,8.1710872187,10000,0.0000000000,51.2602743851,33.2473134812,306.0802000000,51.2602743851,0.0000000000,2896.0000000000,3.1076291859,1.0152989922
311,306.7932000000,15.4868799794,311.3717245251,8.1822825974,10000,0.0000000000,51.4230314924,33.3488179639,306.7932000000,51.4230314924,1.0000000000,2817.0000000000,3.1137172453,1.0149238136
312,308.4836000000,15.5333513273,313.0575802165,8.1974750101,10000,0.0000000000,51.5868156743,33.4507647058,308.4836000000,51.5868156743,0.0000000000,2896.0000000000,3.1305758022,1.0148273043
313,309.9984000000,15.5757855829,313.9655344101,8.2093424509,10000,0.0000000000,51.7516390726,33.5520921758,309.9984000000,51.7516390726,1.0000000000,2825.0000000000,3.1396553441,1.0127972738
314,310.9358000000,15.5986567885,314.7900250617,8.2229986254,10000,0.0000000000,51.9162925654,33.6535002572,310.9358000000,51.9162925654,0.0000000000,2906.0000000000,3.1479002506,1.0123955655
315,311.9128000000,15.6251105387,315.1679558524,8.2321759368,10000,0.0000000000,52.0805034269,33.7537206717,311.9128000000,52.0805034269,1.0000000000,2977.0000000000,3.1516795585,1.0104361086
316,312.9426000000,15.6505294433,316.5491189456,8.2464251737,10000,0.0000000000,52.2449526336,33.8544543189,312.9426000000,52.2449526336,0.0000000000,3060.0000000000,3.1654911895,1.0115245382
317,313.8580000000,15.6757232848,317.5700814560,8.2540716920,10000,0.0000000000,52.4091099086,33.9558775894,313.8580000000,52.4091099086,1.0000000000,3145.0000000000,3.1757008146,1.0118272641
318,315.2898000000,15.7109577160,319.1175545406,8.2737904038,10000,0.0000000000,52.5740667938,34.0573094748,315.2898000000,52.5740667938,0.0000000000,3060.0000000000,3.1911755454,1.0121404325
319,316.2660000000,15.7288621443,320.5536517402,8.2987285560,10000,0.0000000000,52.7392804492,34.1596098293,316.2660000000,52.7392804492,1.0000000000,2977.0000000000,3.2055365174,1.0135571062
320,317.2750000000,15.7495823343,322.1121934590,8.3201956885,10000,0.0000000000,52.9043966945,34.2632190814,317.2750000000,52.9043966945,0.0000000000,3060.0000000000,3.2211219346,1.0152460593
321,317.9820000000,15.7677509372,322.7943699571,8.3282669494,10000,0.0000000000,53.0690545967,34.3668214933,317.9820000000,53.0690545967,1.0000000000,2977.0000000000,3.2279436996,1.0151340955
322,318.6080000000,15.7773214907,324.4211780017,8.3477018742,10000,0.0000000000,53.2332528022,34.4713042494,318.6080000000,53.2332528022,0.0000000000,3050.0000000000,3.2442117800,1.0182455494
323,319.8360000000,15.8066130772,326.3046899816,8.3658223162,10000,0.0000000000,53.3979209057,34.5771521233,319.8360000000,53.3979209057,1.0000000000,3133.0000000000,3.2630468998,1.0202250215
324,320.4964000000,15.8258220465,326.3244091193,8.3689758365,10000,0.0000000000,53.5624978083,34.6821858607,320.4964000000,53.5624978083,0.0000000000,3060.0000000000,3.2632440912,1.0181843201
325,321.4944000000,15.8479877734,327.4979504801,8.3866372006,10000,0.0000000000,53.7274228876,34.7879112042,321.4944000000,53.7274228876,1.0000000000,2977.0000000000,3.2749795048,1.0186738882
326,322.4244000000,15.8664301919,328.5894117050,8.4071869829,10000,0.0000000000,53.8919578823,34.8941426406,322.4244000000,53.8919578823,0.0000000000,3050.0000000000,3.2858941171,1.0191207976
327,323.4780000000,15.8957056582,329.7846162513,8.4145434593,10000,0.0000000000,54.0566489757,35.0011634430,323.4780000000,54.0566489757,1.0000000000,2969.0000000000,3.2978461625,1.0194962756
328,324.5470000000,15.9261186134,330.6747592288,8.4205549647,10000,0.0000000000,54.2215793701,35.1085355401,324.5470000000,54.2215793701,0.0000000000,2896.0000000000,3.3067475923,1.0188809609
329,325.8776000000,15.9603092778,331.5388764809,8.4348164033,10000,0.0000000000,54.3869546226,35.2156444540,325.8776000000,54.3869546226,1.0000000000,2977.0000000000,3.3153887648,1.0173724014
330,327.0512000000,15.9891699947,333.0173121304,8.4497125916,10000,0.0000000000,54.5523390604,35.3230969934,327.0512000000,54.5523390604,0.0000000000,3050.0000000000,3.3301731213,1.0182421350
331,328.1428000000,16.0216428426,334.3285755184,8.4527960240,10000,0.0000000000,54.7179270613,35.4307954779,328.1428000000,54.7179270613,1.0000000000,2977.0000000000,3.3432857552,1.0188508647
332,329.2202000000,16.0471232505,335.4598293566,8.4681778077,10000,0.0000000000,54.8836213709,35.5396026688,329.2202000000,54.8836213709,0.0000000000,3060.0000000000,3.3545982936,1.0189527537
333,330.0112000000,16.0668999146,336.0730180698,8.4773773736,10000,0.0000000000,55.0486748503,35.6473379419,330.0112000000,55.0486748503,1.0000000000,3133.0000000000,3.3607301807,1.0183685222
334,330.7840000000,16.0891301326,336.4759910365,8.4807954567,10000,0.0000000000,55.2133499880,35.7540531621,330.7840000000,55.2133499880,0.0000000000,3208.0000000000,3.3647599104,1.0172075767
335,331.5336000000,16.1084134449,337.5042803744,8.4883812526,10000,0.0000000000,55.3775768849,35.8610621830,331.5336000000,55.3775768849,1.0000000000,3285.0000000000,3.3750428037,1.0180092768
336,332.4734000000,16.1334015127,338.4609795714,8.4962789285,10000,0.0000000000,55.5416588048,35.9687774726,332.4734000000,55.5416588048,0.0000000000,3202.0000000000,3.3846097957,1.0180091988
337,333.0160000000,16.1443338348,339.0530715743,8.5074370423,10000,0.0000000000,55.7050764749,36.0762002270,333.0160000000,55.7050764749,1.0000000000,3281.0000000000,3.3905307157,1.0181284730
338,333.6914000000,16.1627681068,339.5086725933,8.5121282371,10000,0.0000000000,55.8681188782,36.1835428886,333.6914000000,55.8681188782,0.0000000000,3202.0000000000,3.3950867259,1.0174330912
339,334.2188000000,16.1722223269,339.9510990224,8.5251407618,10000,0.0000000000,56.0302676592,36.2904349720,334.2188000000,56.0302676592,1.0000000000,3121.0000000000,3.3995109902,1.0171513363
340,335.2184000000,16.1876549032,341.8578352202,8.5544274346,10000,0.0000000000,56.1926824038,36.3984602322,335.2184000000,56.1926824038,0.0000000000,3042.0000000000,3.4185783522,1.0198062971
341,336.2808000000,16.2185262916,342.5584509998,8.5580491309,10000,0.0000000000,56.3550913512,36.5069887909,336.2808000000,56.3550913512,1.0000000000,2977.0000000000,3.4255845100,1.0186678841
342,337.1988000000,16.2304528894,344.8769839792,8.5890161837,10000,0.0000000000,56.5173404959,36.6169933099,337.1988000000,56.5173404959,0.0000000000,3060.0000000000,3.4487698398,1.0227704962
343,338.3756000000,16.2565057339,346.1127222808,8.6082298600,10000,0.0000000000,56.6798687635,36.7273203443,338.3756000000,56.6798687635,1.0000000000,3077.0000000000,3.4611272228,1.0228654852
344,339.1826000000,16.2727425771,347.5691163743,8.6244100678,10000,0.0000000000,56.8421189196,36.8384626974,339.1826000000,56.8421189196,0.0000000000,3060.0000000000,3.4756911637,1.0247256680
345,340.5824000000,16.3086218442,348.6446970918,8.6377805912,10000,0.0000000000,57.0049204651,36.9499269329,340.5824000000,57.0049204651,1.0000000000,3145.0000000000,3.4864469709,1.0236720896
346,341.6122000000,16.3345603398,349.5640387843,8.6483720147,10000,0.0000000000,57.1678090741,37.0613582793,341.6122000000,57.1678090741,0.0000000000,3098.0000000000,3.4956403878,1.0232773852
347,342.6480000000,16.3606150070,351.0919709934,8.6589997455,10000,0.0000000000,57.3305906395,37.1739351633,342.6480000000,57.3305906395,1.0000000000,3145.0000000000,3.5109197099,1.0246432811
348,344.0826000000,16.3982470403,352.1868458322,8.6706455357,10000,0.0000000000,57.4939812382,37.2865892481,344.0826000000,57.4939812382,0.0000000000,3172.0000000000,3.5218684583,1.0235531987
349,344.8452000000,16.4210627973,352.6587971921,8.6714414376,10000,0.0000000000,57.6571764408,37.3986112228,344.8452000000,57.6571764408,1.0000000000,3281.0000000000,3.5265879719,1.0226582745
350,345.3790000000,16.4330146730,352.8002499418,8.6795753788,10000,0.0000000000,57.8196183537,37.5096998554,345.3790000000,57.8196183537,0.0000000000,3250.0000000000,3.5280024994,1.0214872645
351,346.5836000000,16.4631986830,353.8558342193,8.6917598405,10000,0.0000000000,57.9825740928,37.6213411456,346.5836000000,57.9825740928,1.0000000000,3361.0000000000,3.5385583422,1.0209826265
352,347.6122000000,16.4854558882,355.2561819464,8.7087280449,10000,0.0000000000,58.1455638004,37.7335952140,347.6122000000,58.1455638004,0.0000000000,3392.0000000000,3.5525618195,1.0219899703
353,348.7928000000,16.5087696412,356.9485277574,8.7323149814,10000,0.0000000000,58.3088849628,37.8461147096,348.7928000000,58.3088849628,1.0000000000,3505.0000000000,3.5694852776,1.0233827297
354,349.7024000000,16.5291810570,358.5034798077,8.7457746131,10000,0.0000000000,58.4718091601,37.9600600957,349.7024000000,58.4718091601,0.0000000000,3620.0000000000,3.5850347981,1.0251673417
355,350.2892000000,16.5428972622,358.7830145971,8.7533850694,10000,0.0000000000,58.6344071377,38.0726510449,350.2892000000,58.6344071377,1.0000000000,3589.0000000000,3.5878301460,1.0242480059
356,351.6774000000,16.5835522645,359.1465298861,8.7557520688,10000,0.0000000000,58.7975821230,38.1845360338,351.6774000000,58.7975821230,0.0000000000,3474.0000000000,3.5914652989,1.0212385837
357,353.0268000000,16.6145344185,360.3873839104,8.7740552801,10000,0.0000000000,58.9610805999,38.2965405243,353.0268000000,58.9610805999,1.0000000000,3361.0000000000,3.6038738391,1.0208499296
358,353.8566000000,16.6269895672,361.5547779195,8.7977166318,10000,0.0000000000,59.1241402053,38.4081071405,353.8566000000,59.1241402053,0.0000000000,3332.0000000000,3.6155477792,1.0217550780
359,355.3124000000,16.6634803413,362.8251171105,8.8114030049,10000,0.0000000000,59.2878993287,38.5200498079,355.3124000000,59.2878993287,1.0000000000,3445.0000000000,3.6282511711,1.0211439767
360,356.0522000000,16.6805684528,363.6238970078,8.8210450680,10000,0.0000000000,59.4512729276,38.6322044496,356.0522000000,59.4512729276,0.0000000000,3418.0000000000,3.6362389701,1.0212656936
361,356.9048000000,16.6985167663,364.2271518393,8.8354025266,10000,0.0000000000,59.6142454412,38.7435283917,356.9048000000,59.6142454412,1.0000000000,3305.0000000000,3.6422715184,1.0205162605
362,358.2200000000,16.7288332627,365.6693845539,8.8524650617,10000,0.0000000000,59.7777530982,38.8553399132,358.2200000000,59.7777530982,0.0000000000,3332.0000000000,3.6566938455,1.0207955573
363,359.0596000000,16.7454284691,366.8419295117,8.8684962302,10000,0.0000000000,59.9413233577,38.9671715763,359.0596000000,59.9413233577,1.0000000000,3361.0000000000,3.6684192951,1.0216741998
364,359.9726000000,16.7614583434,367.9342436486,8.8896633345,10000,0.0000000000,60.1045383854,39.0793759591,359.9726000000,60.1045383854,0.0000000000,3392.0000000000,3.6793424365,1.0221173602
365,360.8932000000,16.7813481531,369.2194271619,8.9039066798,10000,0.0000000000,60.2679810087,39.1919715462,360.8932000000,60.2679810087,1.0000000000,3361.0000000000,3.6921942716,1.0230711667
366,361.9890000000,16.8056172840,370.3102746063,8.9196540126,10000,0.0000000000,60.4320673760,39.3043713388,361.9890000000,60.4320673760,0.0000000000,3250.0000000000,3.7031027461,1.0229876449
367,362.4588000000,16.8206270888,370.7264068050,8.9176961342,10000,0.0000000000,60.5956561067,39.4159492564,362.4588000000,60.5956561067,1.0000000000,3141.0000000000,3.7072640681,1.0228097836
368,363.3082000000,16.8408613672,371.5534516227,8.9271265484,10000,0.0000000000,60.7590153935,39.5273101351,363.3082000000,60.7590153935,0.0000000000,3112.0000000000,3.7155345162,1.0226949230
369,364.3576000000,16.8694410080,372.4570269471,8.9319404431,10000,0.0000000000,60.9222770197,39.6379540085,364.3576000000,60.9222770197,1.0000000000,3141.0000000000,3.7245702695,1.0222293344
370,365.6458000000,16.8980937408,373.9611858768,8.9498730677,10000,0.0000000000,61.0857638058,39.7488934071,365.6458000000,61.0857638058,0.0000000000,3250.0000000000,3.7396118588,1.0227416420
371,366.4300000000,16.9225648198,374.5228920907,8.9474465586,10000,0.0000000000,61.2491202755,39.8588310256,366.4300000000,61.2491202755,1.0000000000,3221.0000000000,3.7452289209,1.0220857793
372,367.2182000000,16.9367825848,375.8479878738,8.9645744838,10000,0.0000000000,61.4123102401,39.9695409444,367.2182000000,61.4123102401,0.0000000000,3176.0000000000,3.7584798787,1.0235004362
373,368.2040000000,16.9546078005,377.8399618675,8.9858374306,10000,0.0000000000,61.5754187681,40.0808814807,368.2040000000,61.5754187681,1.0000000000,3181.0000000000,3.7783996187,1.0261701716
374,369.5462000000,16.9792925982,379.4860778284,9.0138683630,10000,0.0000000000,61.7388189867,40.1930130118,369.5462000000,61.7388189867,0.0000000000,3272.0000000000,3.7948607783,1.0268975241
375,370.4508000000,17.0059998191,380.6313439266,9.0136990272,10000,0.0000000000,61.9025967632,40.3051649061,370.4508000000,61.9025967632,1.0000000000,3277.0000000000,3.8063134393,1.0274815007
376,371.5274000000,17.0339831809,381.4109954488,9.0205774202,10000,0.0000000000,62.0664889586,40.4169065071,371.5274000000,62.0664889586,0.0000000000,3368.0000000000,3.8141099545,1.0266026017
377,372.2552000000,17.0481955048,382.5523112895,9.0340594435,10000,0.0000000000,62.2300973797,40.5288742790,372.2552000000,62.2300973797,1.0000000000,3341.0000000000,3.8255231129,1.0276614304
378,373.4466000000,17.0758235335,383.2451692434,9.0478091632,10000,0.0000000000,62.3940352128,40.6406065341,373.4466000000,62.3940352128,0.0000000000,3332.0000000000,3.8324516924,1.0262382071
379,374.0656000000,17.0879256803,384.3046048340,9.0591608852,10000,0.0000000000,62.5571488186,40.7526636898,374.0656000000,62.5571488186,1.0000000000,3425.0000000000,3.8430460483,1.0273722172
380,375.0106000000,17.1065205330,385.2754794788,9.0762081981,10000,0.0000000000,62.7206252244,40.8642868394,375.0106000000,62.7206252244,0.0000000000,3474.0000000000,3.8527547948,1.0273722382
381,376.2592000000,17.1406137024,386.3270345386,9.0806696837,10000,0.0000000000,62.8845097092,40.9759559118,376.2592000000,62.8845097092,1.0000000000,3485.0000000000,3.8632703454,1.0267577099
382,377.4626000000,17.1726534486,386.9993390191,9.0863949691,10000,0.0000000000,63.0488396867,41.0872827870,377.4626000000,63.0488396867,0.0000000000,3538.0000000000,3.8699933902,1.0252653879
383,378.5380000000,17.1965415950,387.8838271390,9.1003822541,10000,0.0000000000,63.2130528442,41.1981269515,378.5380000000,63.2130528442,1.0000000000,3505.0000000000,3.8788382714,1.0246892707
384,379.6236000000,17.2175427376,389.1267494314,9.1202972583,10000,0.0000000000,63.3775144611,41.3094754523,379.6236000000,63.3775144611,0.0000000000,3538.0000000000,3.8912674943,1.0250330839
385,380.4936000000,17.2366379345,390.1159329725,9.1319172529,10000,0.0000000000,63.5413955811,41.4212164492,380.4936000000,63.5413955811,1.0000000000,3593.0000000000,3.9011593297,1.0252890797
386,381.8644000000,17.2728101831,390.8187887150,9.1386228930,10000,0.0000000000,63.7061913400,41.5324467839,381.8644000000,63.7061913400,0.0000000000,3560.0000000000,3.9081878871,1.0234491320
387,382.6488000000,17.2894355237,391.4228790689,9.1500939487,10000,0.0000000000,63.8708821766,41.6431009390,382.6488000000,63.8708821766,1.0000000000,3589.0000000000,3.9142287907,1.0229298486
388,383.6598000000,17.3133900727,392.1625997771,9.1600395300,10000,0.0000000000,64.0355249780,41.7539840588,383.6598000000,64.0355249780,0.0000000000,3474.0000000000,3.9216259978,1.0221623422
389,384.4936000000,17.3292545070,393.5298671753,9.1755402146,10000,0.0000000000,64.2000298356,41.8649858112,384.4936000000,64.2000298356,1.0000000000,3589.0000000000,3.9352986718,1.0235017362
390,385.4480000000,17.3508516744,395.2051154730,9.1867266298,10000,0.0000000000,64.3643455563,41.9772783254,385.4480000000,64.3643455563,0.0000000000,3620.0000000000,3.9520511547,1.0253137011
391,386.6348000000,17.3784168436,396.2880379585,9.1992080099,10000,0.0000000000,64.5291158137,42.0900465190,386.6348000000,64.5291158137,1.0000000000,3737.0000000000,3.9628803796,1.0249673282
392,387.3510000000,17.3893592261,397.5571848162,9.2174392162,10000,0.0000000000,64.6936366529,42.2034874808,387.3510000000,64.6936366529,0.0000000000,3706.0000000000,3.9755718482,1.0263486730
393,388.2796000000,17.4112326492,398.3969249679,9.2265149236,10000,0.0000000000,64.8579164498,42.3169315198,388.2796000000,64.8579164498,1.0000000000,3677.0000000000,3.9839692497,1.0260568028
394,389.6880000000,17.4447712240,400.1063271882,9.2394781748,10000,0.0000000000,65.0224184201,42.4303767054,389.6880000000,65.0224184201,0.0000000000,3754.0000000000,4.0010632719,1.0267350475
395,390.6176000000,17.4636756629,401.5365260723,9.2540603165,10000,0.0000000000,65.1869980461,42.5445446015,390.6176000000,65.1869980461,1.0000000000,3865.0000000000,4.0153652607,1.0279529803
396,391.6040000000,17.4858300452,402.7950654911,9.2655138892,10000,0.0000000000,65.3515844679,42.6589968420,391.6040000000,65.3515844679,0.0000000000,3754.0000000000,4.0279506549,1.0285775056
397,392.9364000000,17.5168414971,403.9457160994,9.2788288036,10000,0.0000000000,65.5168307088,42.7738725412,392.9364000000,65.5168307088,1.0000000000,3865.0000000000,4.0394571610,1.0280180612
398,394.1892000000,17.5387967738,406.4413032694,9.3048271197,10000,0.0000000000,65.6824089120,42.8909077124,394.1892000000,65.6824089120,0.0000000000,3978.0000000000,4.0644130327,1.0310817832
399,395.3044000000,17.5663140281,407.9568214170,9.3128412134,10000,0.0000000000,65.8481347887,43.0088442049,395.3044000000,65.8481347887,1.0000000000,4033.0000000000,4.0795682142,1.0320067811
400,396.2254000000,17.5883543709,408.7793243241,9.3206861616,10000,0.0000000000,66.0143489493,43.1266310172,396.2254000000,66.0143489493,0.0000000000,4090.0000000000,4.0877932432,1.0316837949
401,397.2136000000,17.6111278130,409.5658725712,9.3306900685,10000,0.0000000000,66.1806521868,43.2437471297,397.2136000000,66.1806521868,1.0000000000,3977.0000000000,4.0956587257,1.0310973053
402,398.0982000000,17.6305534943,410.3594877138,9.3414015804,10000,0.0000000000,66.3472681859,43.3607335244,398.0982000000,66.3472681859,0.0000000000,4090.0000000000,4.1035948771,1.0307996563
403,399.4924000000,17.6587049612,412.2954677682,9.3628275160,10000,0.0000000000,66.5145968778,43.4794618129,399.4924000000,66.5145968778,1.0000000000,4205.0000000000,4.1229546777,1.0320483388
404,399.8856000000,17.6662090027,412.5275870928,9.3696669883,10000,0.0000000000,66.6811299034,43.5978069573,399.8856000000,66.6811299034,0.0000000000,4264.0000000000,4.1252758709,1.0316140093
405,400.9088000000,17.6921759186,413.5154474534,9.3752712636,10000,0.0000000000,66.8479968915,43.7164959032,400.9088000000,66.8479968915,1.0000000000,4381.0000000000,4.1351544745,1.0314451752
406,401.7522000000,17.7109457895,414.3043690274,9.3848068303,10000,0.0000000000,67.0149460522,43.8352291051,401.7522000000,67.0149460522,0.0000000000,4442.0000000000,4.1430436903,1.0312435602
407,402.9880000000,17.7356168945,415.3575306360,9.4040360151,10000,0.0000000000,67.1820797518,43.9540191976,402.9880000000,67.1820797518,1.0000000000,4505.0000000000,4.1535753064,1.0306945384
408,403.3646000000,17.7432278155,415.8415388905,9.4097006693,10000,0.0000000000,67.3482333152,44.0723181278,403.3646000000,67.3482333152,0.0000000000,4570.0000000000,4.1584153889,1.0309321614
409,404.5280000000,17.7706268022,416.8984735112,9.4198101391,10000,0.0000000000,67.5144590863,44.1904354598,404.5280000000,67.5144590863,1.0000000000,4637.0000000000,4.1689847351,1.0305800180
410,405.3036000000,17.7894513821,416.9684849327,9.4254453223,10000,0.0000000000,67.6802778222,44.3076278111,405.3036000000,67.6802778222,0.0000000000,4756.0000000000,4.1696848493,1.0287806102
411,405.9548000000,17.7971134151,417.5944582450,9.4455044381,10000,0.0000000000,67.8455763927,44.4245603646,405.9548000000,67.8455763927,1.0000000000,4877.0000000000,4.1759445825,1.0286723011
412,407.3486000000,17.8269394774,419.0611001728,9.4630242983,10000,0.0000000000,68.0115113415,44.5422008677,407.3486000000,68.0115113415,0.0000000000,5000.0000000000,4.1906110017,1.0287530144
413,408.7704000000,17.8632619706,420.3896878895,9.4696500341,10000,0.0000000000,68.1781207496,44.6600241804,408.7704000000,68.1781207496,1.0000000000,5125.0000000000,4.2038968789,1.0284249737
414,409.6402000000,17.8837433327,420.8359648889,9.4769153426,10000,0.0000000000,68.3447972385,44.7779380105,409.6402000000,68.3447972385,0.0000000000,5000.0000000000,4.2083596489,1.0273307280
415,410.3360000000,17.8961742711,421.7954811327,9.4901499703,10000,0.0000000000,68.5110928855,44.8956867125,410.3360000000,68.5110928855,1.0000000000,5125.0000000000,4.2179548113,1.0279270674
416,411.4480000000,17.9252506485,422.2831856657,9.4938606050,10000,0.0000000000,68.6777867306,45.0126663913,411.4480000000,68.6777867306,0.0000000000,5252.0000000000,4.2228318567,1.0263342772
417,412.6484000000,17.9529184089,423.6436270941,9.5047946113,10000,0.0000000000,68.8451339621,45.1298145778,412.6484000000,68.8451339621,1.0000000000,5125.0000000000,4.2364362709,1.0266455101
418,414.1526000000,17.9832359750,424.9793617498,9.5265851105,10000,0.0000000000,69.0132546534,45.2469577635,414.1526000000,69.0132546534,0.0000000000,5194.0000000000,4.2497936175,1.0261419625
419,415.5664000000,18.0175869128,426.3129807912,9.5358776125,10000,0.0000000000,69.1818020748,45.3649515873,415.5664000000,69.1818020748,1.0000000000,5069.0000000000,4.2631298079,1.0258600811
420,416.1086000000,18.0261886429,427.0037412085,9.5480428891,10000,0.0000000000,69.3497493639,45.4825932817,416.1086000000,69.3497493639,0.0000000000,5000.0000000000,4.2700374121,1.0261834079
421,416.9824000000,18.0447719287,427.9616016540,9.5586926953,10000,0.0000000000,69.5174040004,45.6006447796,416.9824000000,69.5174040004,1.0000000000,5125.0000000000,4.2796160165,1.0263301320
422,417.5438000000,18.0596293146,427.8802592800,9.5599994257,10000,0.0000000000,69.6848218869,45.7178426667,417.5438000000,69.6848218869,0.0000000000,5000.0000000000,4.2788025928,1.0247553892
423,418.4796000000,18.0803069275,429.1688949398,9.5698537819,10000,0.0000000000,69.8519459305,45.8351226789,418.4796000000,69.8519459305,1.0000000000,5069.0000000000,4.2916889494,1.0255431685
424,419.2536000000,18.0972160785,430.3047353760,9.5783281531,10000,0.0000000000,70.0189847064,45.9530226568,419.2536000000,70.0189847064,0.0000000000,5140.0000000000,4.3030473538,1.0263590709
425,419.8688000000,18.1135633397,430.5347154256,9.5795419066,10000,0.0000000000,70.1855229077,46.0700255608,419.8688000000,70.1855229077,1.0000000000,5069.0000000000,4.3053471543,1.0254029721
426,420.7584000000,18.1323582137,431.4184215230,9.5904111283,10000,0.0000000000,70.3518713523,46.1863855516,420.7584000000,70.3518713523,0.0000000000,5194.0000000000,4.3141842152,1.0253352554
427,421.7552000000,18.1546067423,432.4950932357,9.6002840601,10000,0.0000000000,70.5181464560,46.3023291753,421.7552000000,70.5181464560,1.0000000000,5069.0000000000,4.3249509324,1.0254647559
428,422.7338000000,18.1782964493,432.9331610509,9.6064217167,10000,0.0000000000,70.6845259578,46.4176544442,422.7338000000,70.6845259578,0.0000000000,4946.0000000000,4.3293316105,1.0241271482
429,423.1048000000,18.1777654578,433.8470424204,9.6267150660,10000,0.0000000000,70.8499590827,46.5329608915,423.1048000000,70.8499590827,1.0000000000,5017.0000000000,4.3384704242,1.0253890819
430,424.4264000000,18.2047456284,435.4203125522,9.6443577600,10000,0.0000000000,71.0161047432,46.6484675981,424.4264000000,71.0161047432,0.0000000000,4896.0000000000,4.3542031255,1.0259029894
431,424.9584000000,18.2165693987,436.1265227769,9.6496113571,10000,0.0000000000,71.1816295803,46.7635330841,424.9584000000,71.1816295803,1.0000000000,4777.0000000000,4.3612652278,1.0262805083
432,426.0064000000,18.2395628019,436.7391733736,9.6604735285,10000,0.0000000000,71.3471585192,46.8786877864,426.0064000000,71.3471585192,0.0000000000,4660.0000000000,4.3673917337,1.0251939252
433,426.9660000000,18.2639643328,436.9752785273,9.6640367782,10000,0.0000000000,71.5126098664,46.9919475860,426.9660000000,71.5126098664,1.0000000000,4777.0000000000,4.3697527853,1.0234428000
434,427.4836000000,18.2694901592,437.8761620950,9.6803579129,10000,0.0000000000,71.6778881501,47.1055407045,427.4836000000,71.6778881501,0.0000000000,4706.0000000000,4.3787616209,1.0243110194
435,428.5344000000,18.2979200409,438.3222750633,9.6809360175,10000,0.0000000000,71.8429895021,47.2180717978,428.5344000000,71.8429895021,1.0000000000,4777.0000000000,4.3832227506,1.0228403486
436,429.7834000000,18.3208755110,440.2261690137,9.7020060045,10000,0.0000000000,72.0083920385,47.3317397100,429.7834000000,72.0083920385,0.0000000000,4850.0000000000,4.4022616901,1.0242977486
437,430.4436000000,18.3306657028,441.0563800911,9.7175251423,10000,0.0000000000,72.1732805467,47.4449126956,430.4436000000,72.1732805467,1.0000000000,4777.0000000000,4.4105638009,1.0246554487
438,431.0726000000,18.3484072690,441.5195636993,9.7164062642,10000,0.0000000000,72.3380073246,47.5576166433,431.0726000000,72.3380073246,0.0000000000,4850.0000000000,4.4151956370,1.0242348126
439,432.4256000000,18.3767036926,442.6999774843,9.7325413636,10000,0.0000000000,72.5032535341,47.6706699528,432.4256000000,72.5032535341,1.0000000000,4925.0000000000,4.4269997748,1.0237598733
440,433.7464000000,18.4047867891,443.6773103135,9.7473187722,10000,0.0000000000,72.6687617454,47.7834890665,433.7464000000,72.6687617454,0.0000000000,4850.0000000000,4.4367731031,1.0228956605
441,434.2660000000,18.4135737023,444.3220584711,9.7573717522,10000,0.0000000000,72.8336941545,47.8961248691,434.2660000000,72.8336941545,1.0000000000,4969.0000000000,4.4432205847,1.0231564490
442,435.3476000000,18.4341047927,445.3599793136,9.7740155766,10000,0.0000000000,72.9986318300,48.0091080441,435.3476000000,72.9986318300,0.0000000000,4850.0000000000,4.4535997931,1.0229985862
443,436.7508000000,18.4634835226,447.1652762675,9.7903307507,10000,0.0000000000,73.1638365666,48.1232680230,436.7508000000,73.1638365666,1.0000000000,4733.0000000000,4.4716527627,1.0238453513
444,438.2108000000,18.4879112410,448.8207343287,9.8187543989,10000,0.0000000000,73.3298108188,48.2373608474,438.2108000000,73.3298108188,0.0000000000,4808.0000000000,4.4882073433,1.0242119417
445,439.1140000000,18.5080712292,449.4525271973,9.8267644408,10000,0.0000000000,73.4956812202,48.3509678520,439.1140000000,73.4956812202,1.0000000000,4925.0000000000,4.4945252720,1.0235440619
446,440.3404000000,18.5394195206,449.8851934970,9.8300724229,10000,0.0000000000,73.6621701445,48.4632607424,440.3404000000,73.6621701445,0.0000000000,5044.0000000000,4.4988519350,1.0216759432
447,440.9708000000,18.5478460766,450.6428838308,9.8462280046,10000,0.0000000000,73.8280699926,48.5751361148,440.9708000000,73.8280699926,1.0000000000,5165.0000000000,4.5064288383,1.0219336152
448,442.6788000000,18.5816806867,452.6607772168,9.8691409381,10000,0.0000000000,73.9947236819,48.6878731385,442.6788000000,73.9947236819,0.0000000000,5090.0000000000,4.5266077722,1.0225490293
449,443.7224000000,18.6075866126,453.9169366065,9.8732021378,10000,0.0000000000,74.1614040474,48.8008809485,443.7224000000,74.1614040474,1.0000000000,5213.0000000000,4.5391693661,1.0229750326
450,444.9048000000,18.6383336150,454.6526108327,9.8750858253,10000,0.0000000000,74.3280702789,48.9133765519,444.9048000000,74.3280702789,0.0000000000,5338.0000000000,4.5465261083,1.0219098801
451,446.3164000000,18.6687773349,456.0675983788,9.8890420578,10000,0.0000000000,74.4952799867,49.0261386549,446.3164000000,74.4952799867,1.0000000000,5465.0000000000,4.5606759838,1.0218481740
452,447.3666000000,18.6866231813,457.1854433427,9.9084163254,10000,0.0000000000,74.6624894230,49.1387556435,447.3666000000,74.6624894230,0.0000000000,5540.0000000000,4.5718544334,1.0219480921
453,448.6988000000,18.7164250608,458.7014790455,9.9193867221,10000,0.0000000000,74.8300890081,49.2513314514,448.6988000000,74.8300890081,1.0000000000,5465.0000000000,4.5870147905,1.0222926361
454,449.8336000000,18.7420648733,459.4092932354,9.9281722529,10000,0.0000000000,74.9975610066,49.3637615432,449.8336000000,74.9975610066,0.0000000000,5594.0000000000,4.5940929324,1.0212871898
455,450.8736000000,18.7708963024,460.6533065365,9.9260793874,10000,0.0000000000,75.1649929209,49.4762579535,450.8736000000,75.1649929209,1.0000000000,5669.0000000000,4.6065330654,1.0216905726
456,451.5116000000,18.7810390841,461.6746194729,9.9390226341,10000,0.0000000000,75.3315167312,49.5882962951,451.5116000000,75.3315167312,0.0000000000,5540.0000000000,4.6167461947,1.0225088779
457,452.5220000000,18.8043329700,462.8289052296,9.9458062294,10000,0.0000000000,75.4978570565,49.6999486478,452.5220000000,75.4978570565,1.0000000000,5617.0000000000,4.6282890523,1.0227765837
458,453.5584000000,18.8245661443,463.8044710753,9.9596239627,10000,0.0000000000,75.6638041447,49.8117478951,453.5584000000,75.6638041447,0.0000000000,5490.0000000000,4.6380447108,1.0225904119
459,455.2844000000,18.8608461940,465.3109058647,9.9776189968,10000,0.0000000000,75.8303338374,49.9228181542,455.2844000000,75.8303338374,1.0000000000,5617.0000000000,4.6531090586,1.0220225113
460,456.5914000000,18.8822537179,466.4145489219,10.0025943901,10000,0.0000000000,75.9973828403,50.0336177301,456.5914000000,75.9973828403,0.0000000000,5540.0000000000,4.6641454892,1.0215140910
461,458.2600000000,18.9149858238,468.6269198414,10.0241364360,10000,0.0000000000,76.1654536609,50.1449488474,458.2600000000,76.1654536609,1.0000000000,5669.0000000000,4.6862691984,1.0226223538
462,459.0618000000,18.9348571406,469.1391488469,10.0266138385,10000,0.0000000000,76.3336405982,50.2564760851,459.0618000000,76.3336405982,0.0000000000,5800.0000000000,4.6913914885,1.0219520527
463,460.9808000000,18.9723625459,471.5262771377,10.0513809712,10000,0.0000000000,76.5025437305,50.3689957220,460.9808000000,76.5025437305,1.0000000000,5877.0000000000,4.7152627714,1.0228761743
464,462.1020000000,18.9903496626,473.6677012379,10.0731633408,10000,0.0000000000,76.6715558053,50.4823088299,462.1020000000,76.6715558053,0.0000000000,5956.0000000000,4.7366770124,1.0250284596
465,463.2320000000,19.0154032197,475.0430824420,10.0819859349,10000,0.0000000000,76.8410799775,50.5957474622,463.2320000000,76.8410799775,1.0000000000,5825.0000000000,4.7504308244,1.0254971212
466,463.4980000000,19.0276787385,475.3003580853,10.0720127991,10000,0.0000000000,77.0100571281,50.7085423497,463.4980000000,77.0100571281,0.0000000000,5906.0000000000,4.7530035809,1.0254636656
467,464.5196000000,19.0488553257,475.9214973248,10.0826936271,10000,0.0000000000,77.1792304852,50.8211092077,464.5196000000,77.1792304852,1.0000000000,5825.0000000000,4.7592149732,1.0245455678
468,465.3218000000,19.0652999007,476.5033192379,10.0913893838,10000,0.0000000000,77.3481393138,50.9334060915,465.3218000000,77.3481393138,0.0000000000,5746.0000000000,4.7650331924,1.0240296484
469,466.1820000000,19.0825096906,477.3870107952,10.1014763232,10000,0.0000000000,77.5168939647,51.0454961110,466.1820000000,77.5168939647,1.0000000000,5825.0000000000,4.7738701080,1.0240357002
470,467.0836000000,19.0976153711,478.2610268578,10.1175435328,10000,0.0000000000,77.6857902786,51.1569338075,467.0836000000,77.6857902786,0.0000000000,5746.0000000000,4.7826102686,1.0239302490
471,468.5712000000,19.1346768943,479.4071223194,10.1210345396,10000,0.0000000000,77.8553329135,51.2685366543,468.5712000000,77.8553329135,1.0000000000,5877.0000000000,4.7940712232,1.0231254553
472,469.8668000000,19.1602250828,480.9565084888,10.1366944700,10000,0.0000000000,78.0251262223,51.3806202530,469.8668000000,78.0251262223,0.0000000000,6010.0000000000,4.8095650849,1.0236018133
473,470.9944000000,19.1865225556,481.1318122601,10.1425712827,10000,0.0000000000,78.1950964055,51.4923504914,470.9944000000,78.1950964055,1.0000000000,6089.0000000000,4.8113181226,1.0215234242
474,471.5356000000,19.1961706373,482.0041779203,10.1509917182,10000,0.0000000000,78.3644441387,51.6038854460,471.5356000000,78.3644441387,0.0000000000,6224.0000000000,4.8200417792,1.0222010341
475,472.1136000000,19.2107631765,482.6078705275,10.1518558981,10000,0.0000000000,78.5334433806,51.7142384832,472.1136000000,78.5334433806,1.0000000000,6361.0000000000,4.8260787053,1.0222282741
476,473.0218000000,19.2285384920,483.8387230522,10.1629280950,10000,0.0000000000,78.7021323691,51.8239296059,473.0218000000,78.7021323691,0.0000000000,6224.0000000000,4.8383872305,1.0228677052
477,473.9700000000,19.2456030938,485.0084880701,10.1772669001,10000,0.0000000000,78.8707606677,51.9334936860,473.9700000000,78.8707606677,1.0000000000,6305.0000000000,4.8500848807,1.0232894235
478,475.0408000000,19.2630049840,486.4630673909,10.1969328226,10000,0.0000000000,79.0395042726,52.0437622255,475.0408000000,79.0395042726,0.0000000000,6224.0000000000,4.8646306739,1.0240448134
479,476.4084000000,19.2896083576,487.6281210199,10.2136873562,10000,0.0000000000,79.2084952474,52.1545006872,476.4084000000,79.2084952474,1.0000000000,6305.0000000000,4.8762812102,1.0235506364
480,476.9948000000,19.3035751080,488.1405715293,10.2160064629,10000,0.0000000000,79.3772311479,52.2651687744,476.9948000000,79.3772311479,0.0000000000,6442.0000000000,4.8814057153,1.0233666521
481,478.1392000000,19.3261344392,489.2138328209,10.2293561693,10000,0.0000000000,79.5462422582,52.3759528118,478.1392000000,79.5462422582,1.0000000000,6305.0000000000,4.8921383282,1.0231619428
482,478.9840000000,19.3421027610,489.8715820947,10.2404619419,10000,0.0000000000,79.7153321648,52.4863225088,478.9840000000,79.7153321648,0.0000000000,6170.0000000000,4.8987158209,1.0227305757
483,479.9328000000,19.3603985510,490.8765028845,10.2522079547,10000,0.0000000000,79.8843123318,52.5967856420,479.9328000000,79.8843123318,1.0000000000,6305.0000000000,4.9087650288,1.0228025734
484,480.6104000000,19.3705394250,491.8915443590,10.2660899267,10000,0.0000000000,80.0529476263,52.7074469811,480.6104000000,80.0529476263,0.0000000000,6388.0000000000,4.9189154436,1.0234725348
485,481.9104000000,19.3956747855,493.1481529640,10.2819355967,10000,0.0000000000,80.2219097495,52.8177688814,481.9104000000,80.2219097495,1.0000000000,6305.0000000000,4.9314815296,1.0233191750
486,483.2484000000,19.4264261859,494.2623083925,10.2889438546,10000,0.0000000000,80.3910190851,52.9284106894,483.2484000000,80.3910190851,0.0000000000,6442.0000000000,4.9426230839,1.0227914017
487,484.1160000000,19.4376915715,495.8268303995,10.3098082607,10000,0.0000000000,80.5601842986,53.0396940951,484.1160000000,80.5601842986,1.0000000000,6305.0000000000,4.9582683040,1.0241901329
488,484.3912000000,19.4426626618,496.2378975477,10.3137805203,10000,0.0000000000,80.7286623601,53.1500656710,484.3912000000,80.7286623601,0.0000000000,6442.0000000000,4.9623789755,1.0244568802
489,485.5180000000,19.4669065258,497.6180178370,10.3226716657,10000,0.0000000000,80.8970939992,53.2612155756,485.5180000000,80.8970939992,1.0000000000,6361.0000000000,4.9761801784,1.0249218728
490,486.5130000000,19.4889891048,498.3530287166,10.3291966616,10000,0.0000000000,81.0654274157,53.3724537668,486.5130000000,81.0654274157,0.0000000000,6500.0000000000,4.9835302872,1.0243365105
491,487.5300000000,19.5037785840,499.6617903142,10.3504889231,10000,0.0000000000,81.2335090422,53.4838864186,487.5300000000,81.2335090422,1.0000000000,6361.0000000000,4.9966179031,1.0248841924
492,488.3170000000,19.5225455944,499.9633977713,10.3531257847,10000,0.0000000000,81.4016481417,53.5945307016,488.3170000000,81.4016481417,0.0000000000,6224.0000000000,4.9996339777,1.0238500764
493,489.3116000000,19.5427601641,500.8564733588,10.3630171846,10000,0.0000000000,81.5699227950,53.7050976702,489.3116000000,81.5699227950,1.0000000000,6305.0000000000,5.0085647336,1.0235941134
494,490.1730000000,19.5605794054,501.8994226645,10.3709562397,10000,0.0000000000,81.7377001922,53.8152410035,490.1730000000,81.7377001922,0.0000000000,6170.0000000000,5.0189942266,1.0239230285
495,491.2356000000,19.5848652390,502.5449174876,10.3763506866,10000,0.0000000000,81.9053871960,53.9252647177,491.2356000000,81.9053871960,1.0000000000,6253.0000000000,5.0254491749,1.0230221863
496,492.4148000000,19.6042427007,503.1913186264,10.3965603991,10000,0.0000000000,82.0733546632,54.0344295441,492.4148000000,82.0733546632,0.0000000000,6120.0000000000,5.0319131863,1.0218850421
497,493.2428000000,19.6222202555,504.6406755783,10.4024647197,10000,0.0000000000,82.2411099918,54.1443753629,493.2428000000,82.2411099918,1.0000000000,6205.0000000000,5.0464067558,1.0231080425
498,494.1428000000,19.6405553637,504.6683635896,10.4111183359,10000,0.0000000000,82.4088792398,54.2531275960,494.1428000000,82.4088792398,0.0000000000,6120.0000000000,5.0466836359,1.0213006515
499,495.1176000000,19.6642334484,505.5604088240,10.4132378676,10000,0.0000000000,82.5767758568,54.3625294481,495.1176000000,82.5767758568,1.0000000000,6205.0000000000,5.0556040882,1.0210915726
500,496.0442000000,19.6837645775,506.7522850924,10.4208258818,10000,0.0000000000,82.7444801248,54.4718469598,496.0442000000,82.7444801248,0.0000000000,6292.0000000000,5.0675228509,1.0215869576
501,497.1832000000,19.7044955243,508.4693910530,10.4362855524,10000,0.0000000000,82.9123847574,54.5817689882,497.1832000000,82.9123847574,1.0000000000,6425.0000000000,5.0846939105,1.0227002663
502,498.2620000000,19.7230897397,509.2556114134,10.4528336406,10000,0.0000000000,83.0802975475,54.6918639923,498.2620000000,83.0802975475,0.0000000000,6292.0000000000,5.0925561141,1.0220639170
503,498.6448000000,19.7357364356,509.3678704364,10.4472727229,10000,0.0000000000,83.2477526156,54.8009517218,498.6448000000,83.2477526156,1.0000000000,6161.0000000000,5.0936787044,1.0215044265
504,499.5130000000,19.7535475822,509.4820617362,10.4551593923,10000,0.0000000000,83.4150232871,54.9092231272,499.5130000000,83.4150232871,0.0000000000,6032.0000000000,5.0948206174,1.0199575621
505,500.3456000000,19.7721346108,510.1532136139,10.4598419172,10000,0.0000000000,83.5820868362,55.0171216363,500.3456000000,83.5820868362,1.0000000000,5945.0000000000,5.1015321361,1.0196016785
506,501.6778000000,19.7956815435,512.0297645520,10.4789690441,10000,0.0000000000,83.7493716116,55.1256661462,501.6778000000,83.7493716116,0.0000000000,5860.0000000000,5.1202976455,1.0206346873
507,502.7132000000,19.8170394446,512.9952461239,10.4880001741,10000,0.0000000000,83.9167216194,55.2349187883,502.7132000000,83.9167216194,1.0000000000,5989.0000000000,5.1299524612,1.0204531055
508,503.6468000000,19.8328309314,514.1242177235,10.5026481063,10000,0.0000000000,84.0838617953,55.3442426208,503.6468000000,84.0838617953,0.0000000000,5906.0000000000,5.1412421772,1.0208031059
509,504.2068000000,19.8422630949,514.2239104065,10.5114887277,10000,0.0000000000,84.2504394925,55.4526332034,504.2068000000,84.2504394925,1.0000000000,6037.0000000000,5.1422391041,1.0198670673
510,504.8606000000,19.8621578614,514.6853545300,10.5050123793,10000,0.0000000000,84.4167550798,55.5607306634,504.8606000000,84.4167550798,0.0000000000,6170.0000000000,5.1468535453,1.0194603313
511,505.9692000000,19.8830401938,515.8379061792,10.5182656674,10000,0.0000000000,84.5829885201,55.6690769358,505.9692000000,84.5829885201,1.0000000000,6037.0000000000,5.1583790618,1.0195045591
512,507.2468000000,19.9124956067,516.3118847071,10.5232750944,10000,0.0000000000,84.7497306104,55.7767454800,507.2468000000,84.7497306104,0.0000000000,5956.0000000000,5.1631188471,1.0178711521
513,507.8868000000,19.9244214651,516.6783362845,10.5311076948,10000,0.0000000000,84.9164898242,55.8838951301,507.8868000000,84.9164898242,1.0000000000,5877.0000000000,5.1667833628,1.0173100311
514,508.7668000000,19.9441687020,517.8523990654,10.5355082833,10000,0.0000000000,85.0830360532,55.9912301905,508.7668000000,85.0830360532,0.0000000000,5800.0000000000,5.1785239907,1.0178580817
515,510.3048000000,19.9756001529,519.1839657549,10.5489430054,10000,0.0000000000,85.2499802175,56.0987414363,510.3048000000,85.2499802175,1.0000000000,5933.0000000000,5.1918396575,1.0173997300
516,511.0850000000,19.9870923121,520.7109393656,10.5641441161,10000,0.0000000000,85.4167423291,56.2067269097,511.0850000000,85.4167423291,0.0000000000,5800.0000000000,5.2071093937,1.0188343218
517,512.2560000000,20.0097182427,522.4327831061,10.5767280314,10000,0.0000000000,85.5838154082,56.3152153222,512.2560000000,85.5838154082,1.0000000000,5669.0000000000,5.2243278311,1.0198665962
518,513.3270000000,20.0319757112,523.0557754877,10.5852231486,10000,0.0000000000,85.7507853832,56.4236853532,513.3270000000,85.7507853832,0.0000000000,5594.0000000000,5.2305577549,1.0189523939
519,514.3740000000,20.0542957480,524.3366354967,10.5924134196,10000,0.0000000000,85.9176607041,56.5324831278,514.3740000000,85.9176607041,1.0000000000,5521.0000000000,5.2433663550,1.0193684663
520,514.8690000000,20.0629851848,525.0525311233,10.5993219346,10000,0.0000000000,86.0840847064,56.6413580292,514.8690000000,86.0840847064,0.0000000000,5594.0000000000,5.2505253112,1.0197788780
521,515.9880000000,20.0877177067,526.6209261471,10.6052627189,10000,0.0000000000,86.2509516728,56.7506390551,515.9880000000,86.2509516728,1.0000000000,5485.0000000000,5.2662092615,1.0206069253
522,517.5414000000,20.1155136256,528.4199909977,10.6257946328,10000,0.0000000000,86.4186416592,56.8607208744,517.5414000000,86.4186416592,0.0000000000,5540.0000000000,5.2841999100,1.0210197503
523,518.8412000000,20.1467692111,529.6284104753,10.6277415454,10000,0.0000000000,86.5868723173,56.9705653544,518.8412000000,86.5868723173,1.0000000000,5629.0000000000,5.2962841048,1.0207909674
524,519.9462000000,20.1727594645,530.3699945374,10.6304268769,10000,0.0000000000,86.7552747603,57.0804874936,519.9462000000,86.7552747603,0.0000000000,5626.0000000000,5.3036999454,1.0200478329
525,520.5932000000,20.1806705322,531.6077374472,10.6458319014,10000,0.0000000000,86.9234857219,57.1904707169,520.5932000000,86.9234857219,1.0000000000,5629.0000000000,5.3160773745,1.0211576668
526,521.3134000000,20.1894474212,532.7965369449,10.6630020551,10000,0.0000000000,87.0912268722,57.3005375658,521.3134000000,87.0912268722,0.0000000000,5480.0000000000,5.3279653694,1.0220273197
527,522.1108000000,20.2087615127,532.5665101406,10.6638059866,10000,0.0000000000,87.2584273093,57.4097314576,522.1108000000,87.2584273093,1.0000000000,5333.0000000000,5.3256651014,1.0200258454
528,523.3650000000,20.2305579199,533.9211930379,10.6812698800,10000,0.0000000000,87.4261148702,57.5190469745,523.3650000000,87.4261148702,0.0000000000,5338.0000000000,5.3392119304,1.0201698490
529,523.9816000000,20.2442162072,534.5121106780,10.6842552457,10000,0.0000000000,87.5931802834,57.6284067067,523.9816000000,87.5931802834,1.0000000000,5333.0000000000,5.3451211068,1.0200971001
530,524.8476000000,20.2606411070,535.1105739698,10.6936439969,10000,0.0000000000,87.7602806963,57.7372458634,524.8476000000,87.7602806963,0.0000000000,5480.0000000000,5.3511057397,1.0195541982
531,526.0952000000,20.2839829669,537.0037323306,10.7077184778,10000,0.0000000000,87.9273921597,57.8465529546,526.0952000000,87.9273921597,1.0000000000,5629.0000000000,5.3700373233,1.0207349018
532,527.5626000000,20.3172228033,537.7011834479,10.7132188235,10000,0.0000000000,88.0951072657,57.9559859431,527.5626000000,88.0951072657,0.0000000000,5626.0000000000,5.3770118345,1.0192177828
533,528.9548000000,20.3450994554,539.5344507601,10.7252845253,10000,0.0000000000,88.2632345930,58.0661686018,528.9548000000,88.2632345930,1.0000000000,5629.0000000000,5.3953445076,1.0200010488
534,530.2266000000,20.3690474932,540.6138261758,10.7391109605,10000,0.0000000000,88.4316279298,58.1764561971,530.2266000000,88.4316279298,0.0000000000,5780.0000000000,5.4061382618,1.0195901642
535,530.9172000000,20.3839281638,541.0626813449,10.7430290241,10000,0.0000000000,88.5998527470,58.2868679469,530.9172000000,88.5998527470,1.0000000000,5933.0000000000,5.4106268134,1.0191093476
536,532.0622000000,20.4078596621,542.0127759852,10.7508820108,10000,0.0000000000,88.7681681256,58.3973712398,532.0622000000,88.7681681256,0.0000000000,5938.0000000000,5.4201277599,1.0187019036
537,533.1556000000,20.4267531674,543.1536649868,10.7658420497,10000,0.0000000000,88.9363977391,58.5080650861,533.1556000000,88.9363977391,1.0000000000,5785.0000000000,5.4315366499,1.0187526212
538,533.5762000000,20.4280161366,543.6730752884,10.7829660448,10000,0.0000000000,89.1039206439,58.6181531019,533.5762000000,89.1039206439,0.0000000000,5792.0000000000,5.4367307529,1.0189230241
539,534.8180000000,20.4542031367,544.5850285089,10.7909023740,10000,0.0000000000,89.2718313272,58.7284855043,534.8180000000,89.2718313272,1.0000000000,5801.0000000000,5.4458502851,1.0182623407
540,535.9548000000,20.4819418249,545.4795640141,10.7909619164,10000,0.0000000000,89.4399900397,58.8384499553,535.9548000000,89.4399900397,0.0000000000,5650.0000000000,5.4547956401,1.0177715808
541,536.7724000000,20.4935345836,546.8453713786,10.8068237826,10000,0.0000000000,89.6077509906,58.9486670040,536.7724000000,89.6077509906,1.0000000000,5641.0000000000,5.4684537138,1.0187658147
542,537.9326000000,20.5108215818,548.7444751952,10.8276866431,10000,0.0000000000,89.7758186231,59.0592958376,537.9326000000,89.7758186231,0.0000000000,5634.0000000000,5.4874447520,1.0200989403
543,538.8468000000,20.5277658638,550.1820140006,10.8377870730,10000,0.0000000000,89.9437977867,59.1706816706,538.8468000000,89.9437977867,1.0000000000,5785.0000000000,5.5018201400,1.0210360607
544,539.5384000000,20.5434598918,550.0645726871,10.8399564425,10000,0.0000000000,90.1113828526,59.2814073574,539.5384000000,90.1113828526,0.0000000000,5634.0000000000,5.5006457269,1.0195095895
545,540.7052000000,20.5715023157,550.4537832488,10.8405946551,10000,0.0000000000,90.2791117847,59.3917710310,540.7052000000,90.2791117847,1.0000000000,5641.0000000000,5.5045378325,1.0180293869
546,541.4986000000,20.5859787547,551.1590755835,10.8497040840,10000,0.0000000000,90.4466847207,59.5016461543,541.4986000000,90.4466847207,0.0000000000,5634.0000000000,5.5115907558,1.0178402596
547,542.7672000000,20.6058431089,552.1984195959,10.8704383431,10000,0.0000000000,90.6144480147,59.6109104192,542.7672000000,90.6144480147,1.0000000000,5485.0000000000,5.5219841960,1.0173761782
548,543.7084000000,20.6262179494,553.2481719531,10.8750877286,10000,0.0000000000,90.7822452241,59.7204577668,543.7084000000,90.7822452241,0.0000000000,5480.0000000000,5.5324817195,1.0175457505
549,544.2528000000,20.6430524825,552.8436235430,10.8681729930,10000,0.0000000000,90.9496149937,59.8286293271,544.2528000000,90.9496149937,1.0000000000,5333.0000000000,5.5284362354,1.0157846198
550,545.0042000000,20.6562935818,554.0492035752,10.8775794854,10000,0.0000000000,91.1166730518,59.9373369649,545.0042000000,91.1166730518,0.0000000000,5330.0000000000,5.5404920358,1.0165962089
551,545.8916000000,20.6773852196,554.3282610958,10.8782967638,10000,0.0000000000,91.2838191615,60.0458195983,545.8916000000,91.2838191615,1.0000000000,5185.0000000000,5.5432826110,1.0154548286
552,546.6462000000,20.6909262042,555.0696089911,10.8872298043,10000,0.0000000000,91.4507096253,60.1539794905,546.6462000000,91.4507096253,0.0000000000,5330.0000000000,5.5506960899,1.0154092519
553,547.7536000000,20.7145645565,555.6323317510,10.8931361523,10000,0.0000000000,91.6179174979,60.2620544819,547.7536000000,91.6179174979,1.0000000000,5477.0000000000,5.5563233175,1.0143837151
554,548.5514000000,20.7284407740,556.3039402683,10.9033546710,10000,0.0000000000,91.7852408408,60.3696213323,548.5514000000,91.7852408408,0.0000000000,5330.0000000000,5.5630394027,1.0141327509
555,549.7196000000,20.7544168909,556.8153839253,10.9075102347,10000,0.0000000000,91.9528380946,60.4765224906,549.7196000000,91.9528380946,1.0000000000,5333.0000000000,5.5681538393,1.0129080061
556,550.8676000000,20.7722039620,558.1144033890,10.9262593123,10000,0.0000000000,92.1205788512,60.5839520811,550.8676000000,92.1205788512,0.0000000000,5338.0000000000,5.5811440339,1.0131552543
557,552.0824000000,20.7923306825,559.2441524149,10.9435544860,10000,0.0000000000,92.2885476741,60.6912530335,552.0824000000,92.2885476741,1.0000000000,5345.0000000000,5.5924415241,1.0129722527
558,553.1392000000,20.8115388762,560.6746941172,10.9553206071,10000,0.0000000000,92.4566041443,60.7991529134,553.1392000000,92.4566041443,0.0000000000,5492.0000000000,5.6067469412,1.0136231425
559,553.9892000000,20.8293605452,560.6201015691,10.9602435775,10000,0.0000000000,92.6242624994,60.9059256123,553.9892000000,92.6242624994,1.0000000000,5485.0000000000,5.6062010157,1.0119693697
560,554.7158000000,20.8393205814,561.9095479082,10.9744484009,10000,0.0000000000,92.7918065061,61.0130978745,554.7158000000,92.7918065061,0.0000000000,5338.0000000000,5.6190954791,1.0129683487
561,555.8000000000,20.8634953912,562.7680843829,10.9779123727,10000,0.0000000000,92.9593882132,61.1197924569,555.8000000000,92.9593882132,1.0000000000,5485.0000000000,5.6276808438,1.0125370356
562,557.0476000000,20.8898459055,563.9824260863,10.9846227994,10000,0.0000000000,93.1273029129,61.2262240796,557.0476000000,93.1273029129,0.0000000000,5480.0000000000,5.6398242609,1.0124492522
563,558.2504000000,20.9108292753,566.1325933912,10.9994372138,10000,0.0000000000,93.2953767102,61.3333883403,558.2504000000,93.2953767102,1.0000000000,5629.0000000000,5.6613259339,1.0141194586
564,559.5376000000,20.9335910164,567.6323420897,11.0146433060,10000,0.0000000000,93.4636051042,61.4410178762,559.5376000000,93.4636051042,0.0000000000,5634.0000000000,5.6763234209,1.0144668421
565,560.5176000000,20.9465035733,569.2820974616,11.0345633376,10000,0.0000000000,93.6316669717,61.5488508191,560.5176000000,93.6316669717,1.0000000000,5641.0000000000,5.6928209746,1.0156364358
566,562.0376000000,20.9732472313,570.8967803257,11.0526241487,10000,0.0000000000,93.8005100585,61.6569393718,562.0376000000,93.8005100585,0.0000000000,5792.0000000000,5.7089678033,1.0157626115
567,562.9824000000,20.9951477171,571.1824252288,11.0537854302,10000,0.0000000000,93.9694523935,61.7649184496,562.9824000000,93.9694523935,1.0000000000,5801.0000000000,5.7118242523,1.0145653314
568,563.6808000000,21.0088489011,571.9738998515,11.0593430117,10000,0.0000000000,94.1383013692,61.8727795615,563.6808000000,94.1383013692,0.0000000000,5954.0000000000,5.7197389985,1.0147124043
569,565.1948000000,21.0391214728,573.7713318500,11.0702379221,10000,0.0000000000,94.3073949277,61.9814013437,565.1948000000,94.3073949277,1.0000000000,5965.0000000000,5.7377133185,1.0151744706
570,565.8276000000,21.0503680023,573.7003823236,11.0774368410,10000,0.0000000000,94.4760609328,62.0887781626,565.8276000000,94.4760609328,0.0000000000,5954.0000000000,5.7370038232,1.0139137474
571,567.2732000000,21.0795884057,574.5099217261,11.0871165164,10000,0.0000000000,94.6450581483,62.1959085836,567.2732000000,94.6450581483,1.0000000000,5801.0000000000,5.7450992173,1.0127570309
572,568.1588000000,21.0961495221,575.4083680158,11.0955520521,10000,0.0000000000,94.8140822985,62.3034228582,568.1588000000,94.8140822985,0.0000000000,5792.0000000000,5.7540836802,1.0127597566
573,568.8272000000,21.1116704720,575.3588338943,11.0961511292,10000,0.0000000000,94.9832288507,62.4104540851,568.8272000000,94.9832288507,1.0000000000,5641.0000000000,5.7535883389,1.0114826329
574,569.6232000000,21.1282438326,576.1890880794,11.1004735281,10000,0.0000000000,95.1522551743,62.5171492556,569.6232000000,95.1522551743,0.0000000000,5492.0000000000,5.7618908808,1.0115267217
575,570.5876000000,21.1480290603,576.3769318131,11.1062354947,10000,0.0000000000,95.3208668445,62.6237069328,570.5876000000,95.3208668445,1.0000000000,5501.0000000000,5.7637693181,1.0101462629
576,571.8472000000,21.1741282052,577.2439413733,11.1132126206,10000,0.0000000000,95.4897335564,62.7299263585,571.8472000000,95.4897335564,0.0000000000,5650.0000000000,5.7724394137,1.0094373836
577,573.9748000000,21.2127862653,579.2741100420,11.1351919095,10000,0.0000000000,95.6597803714,62.8367927687,573.9748000000,95.6597803714,1.0000000000,5801.0000000000,5.7927411004,1.0092326528
578,575.0584000000,21.2248276379,581.7816832708,11.1608732518,10000,0.0000000000,95.8297969001,62.9444652164,575.0584000000,95.8297969001,0.0000000000,5954.0000000000,5.8178168327,1.0116914791
579,575.9088000000,21.2369974083,582.9842972864,11.1758105334,10000,0.0000000000,95.9994524941,63.0522062208,575.9088000000,95.9994524941,1.0000000000,5945.0000000000,5.8298429729,1.0122857947
580,577.6150000000,21.2652156751,585.5853927268,11.1984642827,10000,0.0000000000,96.1695638584,63.1610795591,577.6150000000,96.1695638584,0.0000000000,5792.0000000000,5.8558539273,1.0137987980
581,578.5016000000,21.2786038966,587.2095513507,11.2126096967,10000,0.0000000000,96.3394734958,63.2703078981,578.5016000000,96.3394734958,1.0000000000,5785.0000000000,5.8720955135,1.0150525968
582,579.2078000000,21.2919125117,587.8998146106,11.2188351264,10000,0.0000000000,96.5091309969,63.3798465422,579.2078000000,96.5091309969,0.0000000000,5792.0000000000,5.8789981461,1.0150067292
583,580.4260000000,21.3136822015,588.7968248250,11.2317830736,10000,0.0000000000,96.6789910560,63.4888349083,580.4260000000,96.6789910560,1.0000000000,5641.0000000000,5.8879682482,1.0144218640
584,581.4106000000,21.3304265318,590.3605090177,11.2438207016,10000,0.0000000000,96.8486584797,63.5989204060,581.4106000000,96.8486584797,0.0000000000,5650.0000000000,5.9036050902,1.0153934397
585,583.0296000000,21.3530885337,592.7139066395,11.2727640830,10000,0.0000000000,97.0189303614,63.7098815876,583.0296000000,97.0189303614,1.0000000000,5501.0000000000,5.9271390664,1.0166103173
586,584.3580000000,21.3751626835,594.3168843605,11.2898370340,10000,0.0000000000,97.1898370672,63.8211448168,584.3580000000,97.1898370672,0.0000000000,5650.0000000000,5.9431688436,1.0170424369
587,585.5652000000,21.4002450763,595.4525530628,11.2957828713,10000,0.0000000000,97.3606845944,63.9325555658,585.5652000000,97.3606845944,1.0000000000,5641.0000000000,5.9545255306,1.0168851446
588,586.8092000000,21.4244353829,595.6335460628,11.3049886565,10000,0.0000000000,97.5313900317,64.0432148016,586.8092000000,97.5313900317,0.0000000000,5792.0000000000,5.9563354606,1.0150378455
589,588.4484000000,21.4532859676,597.1549036368,11.3227612000,10000,0.0000000000,97.7027716989,64.1542182294,588.4484000000,97.7027716989,1.0000000000,5945.0000000000,5.9715490364,1.0147956960
590,589.2682000000,21.4703654980,597.1452473802,11.3265884264,10000,0.0000000000,97.8742916935,64.2647578503,589.2682000000,97.8742916935,0.0000000000,5792.0000000000,5.9714524738,1.0133675080
591,590.1796000000,21.4893414558,597.4776492421,11.3308342056,10000,0.0000000000,98.0458174597,64.3750947220,590.1796000000,98.0458174597,1.0000000000,5641.0000000000,5.9747764924,1.0123658107
592,591.5860000000,21.5102440416,599.7155984331,11.3532110554,10000,0.0000000000,98.2176036263,64.4858847645,591.5860000000,98.2176036263,0.0000000000,5792.0000000000,5.9971559843,1.0137420399
593,592.7672000000,21.5288216263,600.7784418604,11.3700061293,10000,0.0000000000,98.3894144407,64.5970043309,592.7672000000,98.3894144407,1.0000000000,5801.0000000000,6.0077844186,1.0135149884
594,594.4348000000,21.5589389512,602.2096881892,11.3862615154,10000,0.0000000000,98.5617194362,64.7082339099,594.4348000000,98.5617194362,0.0000000000,5650.0000000000,6.0220968819,1.0130794634
595,594.5428000000,21.5584469262,602.7179710015,11.3919342576,10000,0.0000000000,98.7330816281,64.8195151258,594.5428000000,98.7330816281,1.0000000000,5801.0000000000,6.0271797100,1.0137503490
596,595.5214000000,21.5778722233,603.2916476647,11.3981064355,10000,0.0000000000,98.9041816840,64.9305293704,595.5214000000,98.9041816840,0.0000000000,5792.0000000000,6.0329164766,1.0130478059
597,596.5116000000,21.6021125926,603.6592468152,11.3956277378,10000,0.0000000000,99.0751842955,65.0411699883,596.5116000000,99.0751842955,1.0000000000,5741.0000000000,6.0365924682,1.0119824104
598,597.1288000000,21.6085446770,604.8923740721,11.4105037987,10000,0.0000000000,99.2459563457,65.1518956946,597.1288000000,99.2459563457,0.0000000000,5800.0000000000,6.0489237407,1.0130015067
599,598.3716000000,21.6262973517,606.4585897763,11.4313106360,10000,0.0000000000,99.4169569739,65.2624417837,598.3716000000,99.4169569739,1.0000000000,5741.0000000000,6.0645858978,1.0135149960
600,599.5854000000,21.6463378093,607.5495855540,11.4464605641,10000,0.0000000000,99.5879963339,65.3732320863,599.5854000000,99.5879963339,0.0000000000,5882.0000000000,6.0754958555,1.0132828210
601,600.1084000000,21.6559155368,607.7190826767,11.4511886834,10000,0.0000000000,99.7586183850,65.4836757339,600.1084000000,99.7586183850,1.0000000000,6025.0000000000,6.0771908268,1.0126821799
602,601.4378000000,21.6814649402,608.8621416472,11.4608846973,10000,0.0000000000,99.9291510133,65.5939267424,601.4378000000,99.9291510133,0.0000000000,6084.0000000000,6.0886214165,1.0123443216
603,602.8180000000,21.7031842728,610.7345626997,11.4799735375,10000,0.0000000000,100.0997573517,65.7052019562,602.8180000000,100.0997573517,1.0000000000,6145.0000000000,6.1073456270,1.0131325918
604,604.5480000000,21.7309438047,612.3007363184,11.5027858086,10000,0.0000000000,100.2709511962,65.8167667103,604.5480000000,100.2709511962,0.0000000000,6290.0000000000,6.1230073632,1.0128240211
605,605.6836000000,21.7526932405,613.8457173354,11.5110354350,10000,0.0000000000,100.4423331536,65.9282837918,605.6836000000,100.4423331536,1.0000000000,6353.0000000000,6.1384571734,1.0134758764
606,606.7984000000,21.7696191901,614.8670472203,11.5274489943,10000,0.0000000000,100.6139829393,66.0399183903,606.7984000000,100.6139829393,0.0000000000,6208.0000000000,6.1486704722,1.0132970806
607,607.9404000000,21.7917744240,615.7071086546,11.5351188746,10000,0.0000000000,100.7853130897,66.1514843246,607.9404000000,100.7853130897,1.0000000000,6065.0000000000,6.1570710865,1.0127754442
608,608.7586000000,21.8072357122,616.2161712630,11.5413634632,10000,0.0000000000,100.9566196489,66.2632535609,608.7586000000,100.9566196489,0.0000000000,5924.0000000000,6.1621617126,1.0122504573
609,609.9024000000,21.8281751990,617.3278895970,11.5513275204,10000,0.0000000000,101.1283218941,66.3758205313,609.9024000000,101.1283218941,1.0000000000,5989.0000000000,6.1732788960,1.0121748817
610,611.0300000000,21.8464051020,618.4979074338,11.5656640154,10000,0.0000000000,101.2999713357,66.4878564283,611.0300000000,101.2999713357,0.0000000000,6130.0000000000,6.1849790743,1.0122218343
611,612.6140000000,21.8812187894,619.0576113772,11.5683302292,10000,0.0000000000,101.4722704724,66.6000066197,612.6140000000,101.4722704724,1.0000000000,6065.0000000000,6.1905761138,1.0105182242
612,613.4034000000,21.8965048879,619.8956006203,11.5735246876,10000,0.0000000000,101.6445243743,66.7121991566,613.4034000000,101.6445243743,0.0000000000,6130.0000000000,6.1989560062,1.0105839006
613,614.3364000000,21.9152063819,621.2312223601,11.5784337991,10000,0.0000000000,101.8163719392,66.8244684622,614.3364000000,101.8163719392,1.0000000000,6197.0000000000,6.2123122236,1.0112232034
614,615.3038000000,21.9305232749,621.9917038881,11.5912013567,10000,0.0000000000,101.9882069176,66.9367484569,615.3038000000,101.9882069176,0.0000000000,6056.0000000000,6.2199170389,1.0108692712
615,616.3580000000,21.9441515848,624.3757937621,11.6108660842,10000,0.0000000000,102.1597861934,67.0495364715,616.3580000000,102.1597861934,1.0000000000,6125.0000000000,6.2437579376,1.0130083389
616,617.1036000000,21.9600260330,624.8310488981,11.6129607177,10000,0.0000000000,102.3310695576,67.1623339701,617.1036000000,102.3310695576,0.0000000000,6056.0000000000,6.2483104890,1.0125221258
617,617.4852000000,21.9704943453,625.1395618428,11.6095899248,10000,0.0000000000,102.5019275070,67.2748353920,617.4852000000,102.5019275070,1.0000000000,5989.0000000000,6.2513956184,1.0123960248
618,619.0054000000,21.9946031776,626.6115606744,11.6293951287,10000,0.0000000000,102.6733824779,67.3877093624,619.0054000000,102.6733824779,0.0000000000,6130.0000000000,6.2661156067,1.0122877130
619,619.9572000000,22.0195361341,626.8345942656,11.6231333314,10000,0.0000000000,102.8449219631,67.5005286837,619.9572000000,102.8449219631,1.0000000000,5989.0000000000,6.2683459427,1.0110933372
620,620.1384000000,22.0174385854,627.6099763750,11.6348957081,10000,0.0000000000,103.0159109903,67.6133478276,620.1384000000,103.0159109903,0.0000000000,6130.0000000000,6.2760997638,1.0120482402
621,620.7436000000,22.0267420956,628.4205724346,11.6432913153,10000,0.0000000000,103.1864868570,67.7261835086,620.7436000000,103.1864868570,1.0000000000,5989.0000000000,6.2842057243,1.0123673807
622,622.0380000000,22.0512854044,630.4067475495,11.6524165740,10000,0.0000000000,103.3572976881,67.8396948646,622.0380000000,103.3572976881,0.0000000000,5850.0000000000,6.3040674755,1.0134537561
623,623.0752000000,22.0695291801,631.7916928426,11.6623789069,10000,0.0000000000,103.5279264043,67.9533123243,623.0752000000,103.5279264043,1.0000000000,5897.0000000000,6.3179169284,1.0139894716
624,624.2892000000,22.0893339066,633.2341560303,11.6769228636,10000,0.0000000000,103.6986146120,68.0673523496,624.2892000000,103.6986146120,0.0000000000,5746.0000000000,6.3323415603,1.0143282249
625,624.7680000000,22.0987702234,633.5722498469,11.6795699670,10000,0.0000000000,103.8687054864,68.1806910522,624.7680000000,103.8687054864,1.0000000000,5769.0000000000,6.3357224985,1.0140920307
626,625.1896000000,22.1023674319,633.8190171112,11.6908063838,10000,0.0000000000,104.0384648642,68.2937335753,625.1896000000,104.0384648642,0.0000000000,5620.0000000000,6.3381901711,1.0138028801
627,625.9372000000,22.1140234067,634.4327356436,11.7007336850,10000,0.0000000000,104.2077474487,68.4065777601,625.9372000000,104.2077474487,1.0000000000,5513.0000000000,6.3443273564,1.0135725048
628,626.6806000000,22.1309312055,634.5622475247,11.7005334911,10000,0.0000000000,104.3768175740,68.5186601972,626.6806000000,104.3768175740,0.0000000000,5620.0000000000,6.3456224752,1.0125768175
629,627.9352000000,22.1567383804,635.4447354420,11.7053041115,10000,0.0000000000,104.5462102323,68.6309140940,627.9352000000,104.5462102323,1.0000000000,5769.0000000000,6.3544473544,1.0119590930
630,629.1670000000,22.1815801239,636.4583783021,11.7108711549,10000,0.0000000000,104.7156598632,68.7431724023,629.1670000000,104.7156598632,0.0000000000,5794.0000000000,6.3645837830,1.0115889395
631,630.2700000000,22.2028948700,637.5431830864,11.7175705414,10000,0.0000000000,104.8849747837,68.8553124184,630.2700000000,104.8849747837,1.0000000000,5821.0000000000,6.3754318309,1.0115397894
632,631.2018000000,22.2186788985,639.0133607968,11.7274084096,10000,0.0000000000,105.0542760725,68.9676116135,631.2018000000,105.0542760725,0.0000000000,5794.0000000000,6.3901336080,1.0123756947
633,632.7548000000,22.2497020263,640.6225115284,11.7348012229,10000,0.0000000000,105.2239689618,69.0805854942,632.7548000000,105.2239689618,1.0000000000,5821.0000000000,6.4062251153,1.0124340606
634,633.7016000000,22.2702121007,641.3508273616,11.7362367474,10000,0.0000000000,105.3934290042,69.1932209747,633.7016000000,105.3934290042,0.0000000000,5972.0000000000,6.4135082736,1.0120707086
635,634.2872000000,22.2773176137,642.2667463883,11.7476942393,10000,0.0000000000,105.5628119269,69.3057960724,634.2872000000,105.5628119269,1.0000000000,6125.0000000000,6.4226674639,1.0125803365
636,635.5998000000,22.2987314418,643.3346913077,11.7629237898,10000,0.0000000000,105.7324764164,69.4185107809,635.5998000000,105.7324764164,0.0000000000,6280.0000000000,6.4333469131,1.0121694363
637,637.0772000000,22.3241214556,645.1123924094,11.7775549771,10000,0.0000000000,105.9025245507,69.5315483132,637.0772000000,105.9025245507,1.0000000000,6437.0000000000,6.4511239241,1.0126125883
638,638.5438000000,22.3501158300,647.0138241812,11.7905098441,10000,0.0000000000,106.0728629480,69.6455152003,638.5438000000,106.0728629480,0.0000000000,6466.0000000000,6.4701382418,1.0132645939
639,639.6472000000,22.3676130918,648.7144089136,11.8041130364,10000,0.0000000000,106.2433511885,69.7596742063,639.6472000000,106.2433511885,1.0000000000,6497.0000000000,6.4871440891,1.0141753281
640,640.2558000000,22.3786725755,649.9434453599,11.8089294077,10000,0.0000000000,106.4132068872,69.8734265253,640.2558000000,106.4132068872,0.0000000000,6530.0000000000,6.4994344536,1.0151308982
641,641.7180000000,22.4045039585,651.3482126144,11.8218527472,10000,0.0000000000,106.5832752099,69.9872784330,641.7180000000,106.5832752099,1.0000000000,6689.0000000000,6.5134821261,1.0150069230
642,642.8968000000,22.4251400869,651.8732022025,11.8325775756,10000,0.0000000000,106.7534030567,70.1006401664,642.8968000000,106.7534030567,0.0000000000,6850.0000000000,6.5187320220,1.0139624310
643,643.7280000000,22.4376626230,653.2099506407,11.8439560965,10000,0.0000000000,106.9234490558,70.2139155897,643.7280000000,106.9234490558,1.0000000000,6817.0000000000,6.5320995064,1.0147297471
644,644.5954000000,22.4532703873,653.8437974768,11.8509935834,10000,0.0000000000,107.0933652372,70.3271658255,644.5954000000,107.0933652372,0.0000000000,6786.0000000000,6.5384379748,1.0143476008
645,645.4592000000,22.4657774197,655.1539497976,11.8637281211,10000,0.0000000000,107.2631065150,70.4405435722,645.4592000000,107.2631065150,1.0000000000,6949.0000000000,6.5515394980,1.0150199266
646,645.5986000000,22.4628754559,655.5134909962,11.8750926839,10000,0.0000000000,107.4321272147,70.5536109013,645.5986000000,107.4321272147,0.0000000000,6786.0000000000,6.5551349100,1.0153576712
647,646.8416000000,22.4838161627,656.4917258499,11.8877925101,10000,0.0000000000,107.6012954980,70.6668113208,646.8416000000,107.6012954980,1.0000000000,6817.0000000000,6.5649172585,1.0149188392
648,647.6324000000,22.5009939690,656.5448030944,11.8885520737,10000,0.0000000000,107.7703574569,70.7792905389,647.6324000000,107.7703574569,0.0000000000,6656.0000000000,6.5654480309,1.0137615152
649,648.4712000000,22.5126892989,657.8783610749,11.9016814162,10000,0.0000000000,107.9392849619,70.8923557626,648.4712000000,107.9392849619,1.0000000000,6625.0000000000,6.5787836107,1.0145066752
650,649.2448000000,22.5256272856,658.4550214502,11.9096983753,10000,0.0000000000,108.1079115717,71.0054140846,649.2448000000,108.1079115717,0.0000000000,6786.0000000000,6.5845502145,1.0141860535
651,650.7824000000,22.5483018622,660.2816179860,11.9313236119,10000,0.0000000000,108.2767904452,71.1183899062,650.7824000000,108.2767904452,1.0000000000,6949.0000000000,6.6028161799,1.0145966117
652,651.5194000000,22.5604978271,661.0103671075,11.9391514688,10000,0.0000000000,108.4455599178,71.2304054831,651.5194000000,108.4455599178,0.0000000000,6786.0000000000,6.6101036711,1.0145674359
653,652.6516000000,22.5787049415,662.1069776233,11.9521413631,10000,0.0000000000,108.6145922378,71.3425097570,652.6516000000,108.6145922378,1.0000000000,6757.0000000000,6.6210697762,1.0144876342
654,654.1070000000,22.6058071784,663.9147048763,11.9617925835,10000,0.0000000000,108.7842340003,71.4552749670,654.1070000000,108.7842340003,0.0000000000,6786.0000000000,6.6391470488,1.0149940375
655,654.4228000000,22.6063368622,664.4597393674,11.9739857054,10000,0.0000000000,108.9534419700,71.5679983551,654.4228000000,108.9534419700,1.0000000000,6625.0000000000,6.6445973937,1.0153370869
656,655.6796000000,22.6225061834,666.4849529763,11.9959082183,10000,0.0000000000,109.1224266411,71.6816995801,655.6796000000,109.1224266411,0.0000000000,6596.0000000000,6.6648495298,1.0164796235
657,657.0364000000,22.6502592514,666.9174175826,12.0000898265,10000,0.0000000000,109.2919148447,71.7949124553,657.0364000000,109.2919148447,1.0000000000,6625.0000000000,6.6691741758,1.0150387674
658,658.2100000000,22.6698020287,667.9295129727,12.0120804184,10000,0.0000000000,109.4613184275,71.9084626817,658.2100000000,109.4613184275,0.0000000000,6786.0000000000,6.6792951297,1.0147665836
659,659.6384000000,22.6927646387,669.5349015887,12.0281683166,10000,0.0000000000,109.6308462282,72.0226466652,659.6384000000,109.6308462282,1.0000000000,6625.0000000000,6.6953490159,1.0150029192
660,660.7254000000,22.7115030860,670.7609307308,12.0379827038,10000,0.0000000000,109.8006090543,72.1374401848,660.7254000000,109.8006090543,0.0000000000,6786.0000000000,6.7076093073,1.0151886559
661,662.2432000000,22.7381734841,672.8762240217,12.0506707950,10000,0.0000000000,109.9709130183,72.2526072407,662.2432000000,109.9709130183,1.0000000000,6949.0000000000,6.7287622402,1.0160560713
662,662.8780000000,22.7478785476,674.2599459526,12.0586907077,10000,0.0000000000,110.1410003076,72.3680371853,662.8780000000,110.1410003076,0.0000000000,6786.0000000000,6.7425994595,1.0171704989
663,663.3400000000,22.7523289577,675.4715351516,12.0694460105,10000,0.0000000000,110.3106987208,72.4831424041,663.3400000000,110.3106987208,1.0000000000,6817.0000000000,6.7547153515,1.0182885627
664,664.3390000000,22.7699851045,677.1315617212,12.0775319639,10000,0.0000000000,110.4802808620,72.5986777794,664.3390000000,110.4802808620,0.0000000000,6980.0000000000,6.7713156172,1.0192560752
665,665.0060000000,22.7872892778,677.6736618491,12.0725079155,10000,0.0000000000,110.6494796409,72.7133527469,665.0060000000,110.6494796409,1.0000000000,6949.0000000000,6.7767366185,1.0190489437
666,665.8850000000,22.8030521338,678.5310256539,12.0791478749,10000,0.0000000000,110.8185556465,72.8276229239,665.8850000000,110.8185556465,0.0000000000,7114.0000000000,6.7853102565,1.0189913058
667,667.5932000000,22.8302773826,680.4871785080,12.0984145504,10000,0.0000000000,110.9883740485,72.9425204085,667.5932000000,110.9883740485,1.0000000000,7145.0000000000,6.8048717851,1.0193141250
668,668.7250000000,22.8459844932,682.2723593808,12.1155269196,10000,0.0000000000,111.1579993601,73.0574381752,668.7250000000,111.1579993601,0.0000000000,6980.0000000000,6.8227235938,1.0202584910
669,670.7232000000,22.8805084167,684.4131408599,12.1328287960,10000,0.0000000000,111.3282494186,73.1729594465,670.7232000000,111.3282494186,1.0000000000,6817.0000000000,6.8441314086,1.0204107162
670,671.2410000000,22.8865847018,684.6192573387,12.1427031871,10000,0.0000000000,111.4980745374,73.2881580428,671.2410000000,111.4980745374,0.0000000000,6850.0000000000,6.8461925734,1.0199306320
671,672.3260000000,22.9085807325,685.7975970532,12.1459017295,10000,0.0000000000,111.6677590393,73.4033993895,672.3260000000,111.6677590393,1.0000000000,6689.0000000000,6.8579759705,1.0200372989
672,672.8346000000,22.9153370421,686.3257173113,12.1540910087,10000,0.0000000000,111.8369881977,73.5180895385,672.8346000000,111.8369881977,0.0000000000,6656.0000000000,6.8632571731,1.0200511646
673,674.0356000000,22.9387510268,687.2608619241,12.1593298059,10000,0.0000000000,112.0063521410,73.6328555976,674.0356000000,112.0063521410,1.0000000000,6817.0000000000,6.8726086192,1.0196210140
674,675.1112000000,22.9557237972,688.0065549358,12.1715218829,10000,0.0000000000,112.1757534183,73.7468799137,675.1112000000,112.1757534183,0.0000000000,6786.0000000000,6.8800655494,1.0191010828
675,676.0336000000,22.9746219146,687.7461116364,12.1737565231,10000,0.0000000000,112.3451138191,73.8601984961,676.0336000000,112.3451138191,1.0000000000,6949.0000000000,6.8774611164,1.0173253395
676,676.6836000000,22.9851307321,688.4827032621,12.1806143207,10000,0.0000000000,112.5142412411,73.9732538927,676.6836000000,112.5142412411,0.0000000000,6920.0000000000,6.8848270326,1.0174366621
677,677.4736000000,23.0035640285,688.6115280062,12.1782446184,10000,0.0000000000,112.6831876776,74.0855584798,677.4736000000,112.6831876776,1.0000000000,6949.0000000000,6.8861152801,1.0164403868
678,678.1532000000,23.0164692302,689.3172219884,12.1817627695,10000,0.0000000000,112.8517880102,74.1972276817,678.1532000000,112.8517880102,0.0000000000,6786.0000000000,6.8931722199,1.0164623893
679,679.2328000000,23.0378947110,690.3800879256,12.1855737363,10000,0.0000000000,113.0204818374,74.3091334194,679.2328000000,113.0204818374,1.0000000000,6817.0000000000,6.9038008793,1.0164115866
680,680.4900000000,23.0583698650,691.2385821842,12.1984252741,10000,0.0000000000,113.1894328173,74.4208953184,680.4900000000,113.1894328173,0.0000000000,6786.0000000000,6.9123858218,1.0157953566
681,680.5460000000,23.0599673460,692.2728666386,12.1977008490,10000,0.0000000000,113.3576981949,74.5326391394,680.5460000000,113.3576981949,1.0000000000,6757.0000000000,6.9227286664,1.0172315562
682,681.2412000000,23.0767714303,692.8050324749,12.1944175897,10000,0.0000000000,113.5258251612,74.6438450288,681.2412000000,113.5258251612,0.0000000000,6920.0000000000,6.9280503247,1.0169746523
683,682.3640000000,23.0908005886,694.4122270698,12.2138826004,10000,0.0000000000,113.6938133631,74.7554238103,682.3640000000,113.6938133631,1.0000000000,6893.0000000000,6.9441222707,1.0176565983
684,684.1262000000,23.1183705578,695.9261038886,12.2338523268,10000,0.0000000000,113.8622646253,74.8673459465,684.1262000000,113.8622646253,0.0000000000,7058.0000000000,6.9592610389,1.0172481391
685,685.1836000000,23.1363525560,696.7384564462,12.2430711181,10000,0.0000000000,114.0306963476,74.9788467251,685.1836000000,114.0306963476,1.0000000000,6893.0000000000,6.9673845645,1.0168638836
686,686.9808000000,23.1683060652,698.5142641574,12.2560350060,10000,0.0000000000,114.1996852645,75.0912338652,686.9808000000,114.1996852645,0.0000000000,6920.0000000000,6.9851426416,1.0167886266
687,688.0876000000,23.1892031008,699.4192341695,12.2616662632,10000,0.0000000000,114.3685512481,75.2035074696,688.0876000000,114.3685512481,1.0000000000,6949.0000000000,6.9941923417,1.0164683017
688,689.1282000000,23.2134849279,699.8727058293,12.2581531032,10000,0.0000000000,114.5374345500,75.3152851365,689.1282000000,114.5374345500,0.0000000000,6786.0000000000,6.9987270583,1.0155914470
689,690.2000000000,23.2339123978,700.9404653749,12.2631690314,10000,0.0000000000,114.7062108078,75.4276123483,690.2000000000,114.7062108078,1.0000000000,6949.0000000000,7.0094046537,1.0155613813
690,691.4370000000,23.2597388093,701.4065265101,12.2646463676,10000,0.0000000000,114.8751570157,75.5391759798,691.4370000000,114.8751570157,0.0000000000,6786.0000000000,7.0140652651,1.0144185609
691,691.9232000000,23.2670676317,701.7183313138,12.2705649349,10000,0.0000000000,115.0437631728,75.6502757601,691.9232000000,115.0437631728,1.0000000000,6757.0000000000,7.0171833131,1.0141563852
692,692.7874000000,23.2812388057,702.9199615897,12.2788973313,10000,0.0000000000,115.2122372174,75.7613313756,692.7874000000,115.2122372174,0.0000000000,6786.0000000000,7.0291996159,1.0146257879
693,694.2376000000,23.3032899790,705.2686803951,12.2961081710,10000,0.0000000000,115.3812513109,75.8731886717,694.2376000000,115.3812513109,1.0000000000,6625.0000000000,7.0526868040,1.0158894885
694,695.0856000000,23.3149073048,706.3899228278,12.3085619536,10000,0.0000000000,115.5498829675,75.9848291455,695.0856000000,115.5498829675,0.0000000000,6596.0000000000,7.0638992283,1.0162632096
695,695.8440000000,23.3275745374,707.0010950939,12.3153670755,10000,0.0000000000,115.7181284619,76.0961936301,695.8440000000,115.7181284619,1.0000000000,6437.0000000000,7.0700109509,1.0160339028
696,697.1794000000,23.3473252135,708.0517448715,12.3321452057,10000,0.0000000000,115.8864281744,76.2075008693,697.1794000000,115.8864281744,0.0000000000,6466.0000000000,7.0805174487,1.0155947592
697,697.9268000000,23.3614700099,708.6463830725,12.3356604596,10000,0.0000000000,116.0543698664,76.3182426128,697.9268000000,116.0543698664,1.0000000000,6497.0000000000,7.0864638307,1.0153591796
698,699.7228000000,23.3861208627,710.9367954749,12.3617211987,10000,0.0000000000,116.2229574606,76.4298360679,699.7228000000,116.2229574606,0.0000000000,6340.0000000000,7.1093679547,1.0160263400
699,700.7576000000,23.3995962326,712.0067497168,12.3780651215,10000,0.0000000000,116.3914007588,76.5415733940,700.7576000000,116.3914007588,1.0000000000,6373.0000000000,7.1200674972,1.0160528401
700,702.2922000000,23.4215008093,713.9627389571,12.3986087865,10000,0.0000000000,116.5603177674,76.6540393411,702.2922000000,116.5603177674,0.0000000000,6218.0000000000,7.1396273896,1.0166177824
701,703.1640000000,23.4326226688,715.2132965095,12.4127432447,10000,0.0000000000,116.7289340914,76.7663198885,703.1640000000,116.7289340914,1.0000000000,6253.0000000000,7.1521329651,1.0171358268
702,704.5032000000,23.4548086120,715.7289679689,12.4247797959,10000,0.0000000000,116.8978390017,76.8775736582,704.5032000000,116.8978390017,0.0000000000,6100.0000000000,7.1572896797,1.0159343037
703,705.3444000000,23.4692606543,716.3209860032,12.4313396036,10000,0.0000000000,117.0666087443,76.9883333990,705.3444000000,117.0666087443,1.0000000000,6137.0000000000,7.1632098600,1.0155620233
704,706.3248000000,23.4840518460,717.5194699135,12.4428336360,10000,0.0000000000,117.2353118064,77.0989957027,706.3248000000,117.2353118064,0.0000000000,6290.0000000000,7.1751946991,1.0158491814
705,707.5512000000,23.5000113365,719.2303509854,12.4619688326,10000,0.0000000000,117.4039184690,77.2103837691,707.5512000000,117.4039184690,1.0000000000,6329.0000000000,7.1923035099,1.0165064394
706,708.6784000000,23.5194734748,720.4469394573,12.4704758317,10000,0.0000000000,117.5727466967,77.3220993766,708.6784000000,117.5727466967,0.0000000000,6176.0000000000,7.2044693946,1.0166063188
707,709.8676000000,23.5385482239,721.4699933263,12.4821611715,10000,0.0000000000,117.7416956358,77.4337678424,709.8676000000,117.7416956358,1.0000000000,6025.0000000000,7.2146999333,1.0163444469
708,710.8190000000,23.5538521193,722.6580408734,12.4913990547,10000,0.0000000000,117.9103479463,77.5459382142,710.8190000000,117.9103479463,0.0000000000,5986.0000000000,7.2265804087,1.0166554930
709,711.5008000000,23.5652608908,723.0191712530,12.4971708458,10000,0.0000000000,118.0789952597,77.6575658824,711.5008000000,118.0789952597,1.0000000000,6137.0000000000,7.2301917125,1.0161888381
710,712.8264000000,23.5871258566,724.6094795564,12.5089525470,10000,0.0000000000,118.2480392676,77.7695588106,712.8264000000,118.2480392676,0.0000000000,6176.0000000000,7.2460947956,1.0165300830
711,713.5096000000,23.5951942028,726.1214374386,12.5210387161,10000,0.0000000000,118.4168505235,77.8814900085,713.5096000000,118.4168505235,1.0000000000,6329.0000000000,7.2612143744,1.0176757782
712,714.4520000000,23.6142582562,726.9243523889,12.5227316113,10000,0.0000000000,118.5855683395,77.9931652168,714.4520000000,118.5855683395,0.0000000000,6176.0000000000,7.2692435239,1.0174572293
713,715.2120000000,23.6246816825,727.8528861357,12.5334119616,10000,0.0000000000,118.7538351129,78.1049859156,715.2120000000,118.7538351129,1.0000000000,6329.0000000000,7.2785288614,1.0176743205
714,716.5924000000,23.6528662652,729.2406984407,12.5353227897,10000,0.0000000000,118.9225348436,78.2169614968,716.5924000000,118.9225348436,0.0000000000,6282.0000000000,7.2924069844,1.0176506176
715,716.7940000000,23.6596872680,729.0775744487,12.5304907478,10000,0.0000000000,119.0905469972,78.3285853753,716.7940000000,119.0905469972,1.0000000000,6329.0000000000,7.2907757445,1.0171368265
716,717.5238000000,23.6763977895,728.8878256862,12.5280480408,10000,0.0000000000,119.2583811309,78.4391495406,717.5238000000,119.2583811309,0.0000000000,6290.0000000000,7.2888782569,1.0158378380
717,718.3264000000,23.6907659909,728.9552133451,12.5329169296,10000,0.0000000000,119.4261661595,78.5487491008,718.3264000000,119.4261661595,1.0000000000,6137.0000000000,7.2895521335,1.0147966347
718,718.7056000000,23.6955623973,729.6525346551,12.5389761414,10000,0.0000000000,119.5935130905,78.6581016713,718.7056000000,119.5935130905,0.0000000000,6290.0000000000,7.2965253466,1.0152314587
719,719.5072000000,23.7132663800,729.5754132015,12.5374717385,10000,0.0000000000,119.7605839136,78.7660452780,719.5072000000,119.7605839136,1.0000000000,6329.0000000000,7.2957541320,1.0139932070
720,721.0218000000,23.7462837682,730.4477029362,12.5353822120,10000,0.0000000000,119.9280089081,78.8741443943,721.0218000000,119.9280089081,0.0000000000,6290.0000000000,7.3044770294,1.0130729791
721,721.9008000000,23.7658598860,730.5676990939,12.5333436831,10000,0.0000000000,120.0954316158,78.9814032660,721.9008000000,120.0954316158,1.0000000000,6269.0000000000,7.3056769909,1.0120056649
722,723.1344000000,23.7806954596,732.5356135620,12.5543985701,10000,0.0000000000,120.2629366984,79.0896346686,723.1344000000,120.2629366984,0.0000000000,6408.0000000000,7.3253561356,1.0130006449
723,723.7140000000,23.7911068150,733.3422026612,12.5577560303,10000,0.0000000000,120.4302073803,79.1971983033,723.7140000000,120.4302073803,1.0000000000,6565.0000000000,7.3334220266,1.0133038779
724,724.5414000000,23.8072413125,733.9138320580,12.5601218581,10000,0.0000000000,120.5972875841,79.3043304125,724.5414000000,120.5972875841,0.0000000000,6602.0000000000,7.3391383206,1.0129356750
725,725.8036000000,23.8258604097,735.1315935443,12.5750537071,10000,0.0000000000,120.7646917887,79.4113602077,725.8036000000,120.7646917887,1.0000000000,6445.0000000000,7.3513159354,1.0128519527
726,726.1268000000,23.8300440951,735.8108038903,12.5799760900,10000,0.0000000000,120.9315708323,79.5180787815,726.1268000000,120.9315708323,0.0000000000,6408.0000000000,7.3581080389,1.0133365190
727,727.3828000000,23.8485257636,736.9458730898,12.5948647831,10000,0.0000000000,121.0985212633,79.6252982716,727.3828000000,121.0985212633,1.0000000000,6373.0000000000,7.3694587309,1.0131472357
728,728.0568000000,23.8615800468,737.5710634059,12.5968963507,10000,0.0000000000,121.2651818945,79.7324840577,728.0568000000,121.2651818945,0.0000000000,6282.0000000000,7.3757106341,1.0130680235
729,729.1044000000,23.8759765111,739.6189139690,12.6111912855,10000,0.0000000000,121.4316571612,79.8399599398,729.1044000000,121.4316571612,1.0000000000,6421.0000000000,7.3961891397,1.0144211364
730,729.8396000000,23.8916732736,739.8178391144,12.6106125222,10000,0.0000000000,121.5980691226,79.9468299633,729.8396000000,121.5980691226,0.0000000000,6500.0000000000,7.3981783911,1.0136718248
731,731.4124000000,23.9184436152,741.4282969554,12.6222206853,10000,0.0000000000,121.7649741225,80.0541427424,731.4124000000,121.7649741225,1.0000000000,6581.0000000000,7.4142829696,1.0136939119
732,732.3042000000,23.9364873914,742.1237410718,12.6233423213,10000,0.0000000000,121.9317227790,80.1616223545,732.3042000000,121.9317227790,0.0000000000,6722.0000000000,7.4212374107,1.0134091011
733,733.6256000000,23.9628843649,743.3807803708,12.6255999032,10000,0.0000000000,122.0985872588,80.2690713018,733.6256000000,122.0985872588,1.0000000000,6865.0000000000,7.4338078037,1.0132972191
734,734.3636000000,23.9746658357,744.1846323293,12.6324581165,10000,0.0000000000,122.2650403950,80.3761839222,734.3636000000,122.2650403950,0.0000000000,7010.0000000000,7.4418463233,1.0133735282
735,735.4768000000,23.9939035214,745.1883948786,12.6399918436,10000,0.0000000000,122.4316454148,80.4834607925,735.4768000000,122.4316454148,1.0000000000,6929.0000000000,7.4518839488,1.0132044884
736,737.2810000000,24.0194399078,747.7609908514,12.6628395913,10000,0.0000000000,122.5988687756,80.5913426414,737.2810000000,122.5988687756,0.0000000000,7010.0000000000,7.4776099085,1.0142143780
737,737.9672000000,24.0276232088,749.2822328897,12.6744042439,10000,0.0000000000,122.7658856112,80.6996217328,737.9672000000,122.7658856112,1.0000000000,7157.0000000000,7.4928223289,1.0153327043
738,738.9960000000,24.0466223562,749.6411904265,12.6789571046,10000,0.0000000000,122.9328897852,80.8076155728,738.9960000000,122.9328897852,0.0000000000,7076.0000000000,7.4964119043,1.0144049365
739,739.8904000000,24.0617959127,751.2919735947,12.6854395846,10000,0.0000000000,123.0998246910,80.9157400467,739.8904000000,123.0998246910,1.0000000000,7157.0000000000,7.5129197359,1.0154098142
740,740.9642000000,24.0771936558,752.6796361789,12.6985410840,10000,0.0000000000,123.2668901616,81.0239148779,740.9642000000,123.2668901616,0.0000000000,7306.0000000000,7.5267963618,1.0158110691
741,742.1600000000,24.1012778915,753.2117800460,12.6999371650,10000,0.0000000000,123.4341446459,81.1319105802,742.1600000000,123.4341446459,1.0000000000,7157.0000000000,7.5321178005,1.0148913712
742,743.1506000000,24.1159268244,754.4056705246,12.7111240023,10000,0.0000000000,123.6013280980,81.2397834066,743.1506000000,123.6013280980,0.0000000000,7010.0000000000,7.5440567052,1.0151450736
743,744.5784000000,24.1404687249,755.3767514648,12.7206984769,10000,0.0000000000,123.7687528414,81.3473664517,744.5784000000,123.7687528414,1.0000000000,7093.0000000000,7.5537675146,1.0145026386
744,744.4940000000,24.1386079725,755.6612039558,12.7209121194,10000,0.0000000000,123.9354755090,81.4548034372,744.4940000000,123.9354755090,0.0000000000,7178.0000000000,7.5566120396,1.0149997232
745,746.3464000000,24.1655684773,757.7178715109,12.7425154569,10000,0.0000000000,124.1026971379,81.5620641167,746.3464000000,124.1026971379,1.0000000000,7033.0000000000,7.5771787151,1.0152361846
746,747.4356000000,24.1820723906,759.4285950981,12.7539395834,10000,0.0000000000,124.2700170506,81.6693259460,747.4356000000,124.2700170506,0.0000000000,7178.0000000000,7.5942859510,1.0160455230
747,748.7376000000,24.2023200329,760.5677131895,12.7665698222,10000,0.0000000000,124.4376067124,81.7761983051,748.7376000000,124.4376067124,1.0000000000,7033.0000000000,7.6056771319,1.0158000789
748,750.1950000000,24.2259534261,762.4311100519,12.7788176526,10000,0.0000000000,124.6051315131,81.8830805966,750.1950000000,124.6051315131,0.0000000000,7178.0000000000,7.6243111005,1.0163105727
749,751.1916000000,24.2408386145,763.4653637785,12.7895794797,10000,0.0000000000,124.7728214528,81.9898220381,751.1916000000,124.7728214528,1.0000000000,7265.0000000000,7.6346536378,1.0163390589
750,752.1266000000,24.2588388136,763.8943892793,12.7920029477,10000,0.0000000000,124.9406902463,82.0961513899,752.1266000000,124.9406902463,0.0000000000,7354.0000000000,7.6389438928,1.0156460219
751,753.1520000000,24.2767337754,764.6631881397,12.7981325668,10000,0.0000000000,125.1086094952,82.2026440773,753.1520000000,125.1086094952,1.0000000000,7445.0000000000,7.6466318814,1.0152840172
752,754.2910000000,24.2960499472,765.6569407502,12.8059734875,10000,0.0000000000,125.2767298212,82.3092802186,754.2910000000,125.2767298212,0.0000000000,7592.0000000000,7.6565694075,1.0150683765
753,755.0904000000,24.3026367735,767.4408786531,12.8246733236,10000,0.0000000000,125.4446010265,82.4167581162,755.0904000000,125.4446010265,1.0000000000,7685.0000000000,7.6744087865,1.0163562914
754,756.1660000000,24.3167423302,768.7423857470,12.8398614653,10000,0.0000000000,125.6128041784,82.5240140566,756.1660000000,125.6128041784,0.0000000000,7592.0000000000,7.6874238575,1.0166317789
755,757.0880000000,24.3284782412,769.9037936366,12.8535266160,10000,0.0000000000,125.7810262374,82.6313948076,757.0880000000,125.7810262374,1.0000000000,7741.0000000000,7.6990379364,1.0169277464
756,757.7970000000,24.3380982482,770.5124980109,12.8628913413,10000,0.0000000000,125.9491689049,82.7382624125,757.7970000000,125.9491689049,0.0000000000,7650.0000000000,7.7051249801,1.0167795571
757,758.1812000000,24.3424182124,771.1625415997,12.8696493959,10000,0.0000000000,126.1168093142,82.8449525858,758.1812000000,126.1168093142,1.0000000000,7501.0000000000,7.7116254160,1.0171216875
758,759.9884000000,24.3634992115,774.1750855365,12.8999343475,10000,0.0000000000,126.2851486343,82.9526602103,759.9884000000,126.2851486343,0.0000000000,7592.0000000000,7.7417508554,1.0186669764
759,760.8216000000,24.3796264436,774.7651392347,12.9017601308,10000,0.0000000000,126.4534838636,83.0598927894,760.8216000000,126.4534838636,1.0000000000,7445.0000000000,7.7476513923,1.0183269498
760,761.7928000000,24.3907317552,776.3293704789,12.9183979056,10000,0.0000000000,126.6217029864,83.1671610003,761.7928000000,126.6217029864,0.0000000000,7300.0000000000,7.7632937048,1.0190820529
761,763.2264000000,24.4110053166,778.3570902504,12.9355795940,10000,0.0000000000,126.7903934797,83.2746187212,763.2264000000,126.7903934797,1.0000000000,7445.0000000000,7.7835709025,1.0198246421
762,764.0052000000,24.4205383905,780.1854553713,12.9476833727,10000,0.0000000000,126.9591266783,83.3824626694,764.0052000000,126.9591266783,0.0000000000,7592.0000000000,7.8018545537,1.0211782006
763,764.2604000000,24.4274268043,780.4096105199,12.9445440136,10000,0.0000000000,127.1270388737,83.4898787635,764.2604000000,127.1270388737,1.0000000000,7445.0000000000,7.8040961052,1.0211305080
764,765.7264000000,24.4554461993,781.8197231735,12.9482644086,10000,0.0000000000,127.2953441169,83.5974817732,765.7264000000,127.2953441169,0.0000000000,7592.0000000000,7.8181972317,1.0210170672
765,767.0472000000,24.4771284737,783.5256775449,12.9582939341,10000,0.0000000000,127.4640075963,83.7057334111,767.0472000000,127.4640075963,1.0000000000,7741.0000000000,7.8352567754,1.0214830033
766,768.5834000000,24.5039562450,784.7679412695,12.9668627023,10000,0.0000000000,127.6331393696,83.8143476532,768.5834000000,127.6331393696,0.0000000000,7892.0000000000,7.8476794127,1.0210576253
767,769.1092000000,24.5053358234,785.4464733356,12.9845183269,10000,0.0000000000,127.8021834632,83.9230222624,769.1092000000,127.8021834632,1.0000000000,7985.0000000000,7.8544647334,1.0212418124
768,770.1254000000,24.5208692747,787.2742697909,12.9943206829,10000,0.0000000000,127.9712163995,84.0319611213,770.1254000000,127.9712163995,0.0000000000,8138.0000000000,7.8727426979,1.0222676330
769,771.2428000000,24.5412541841,788.8691036212,12.9988323734,10000,0.0000000000,128.1403261245,84.1409290415,771.2428000000,128.1403261245,1.0000000000,8293.0000000000,7.8886910362,1.0228544158
770,771.8802000000,24.5494235667,789.9497080498,13.0079207618,10000,0.0000000000,128.3089721702,84.2495956922,771.8802000000,128.3089721702,0.0000000000,8450.0000000000,7.8994970805,1.0234097313
771,772.5668000000,24.5634634941,791.1505219222,13.0078077006,10000,0.0000000000,128.4774128134,84.3582935672,772.5668000000,128.4774128134,1.0000000000,8609.0000000000,7.9115052192,1.0240545179
772,773.7504000000,24.5856971911,791.6908614477,13.0112986911,10000,0.0000000000,128.6459569494,84.4663548187,773.7504000000,128.6459569494,0.0000000000,8450.0000000000,7.9169086145,1.0231863679
773,774.4344000000,24.5977970484,791.6566266360,13.0147139948,10000,0.0000000000,128.8144175110,84.5739882670,774.4344000000,128.8144175110,1.0000000000,8293.0000000000,7.9165662664,1.0222384577
774,775.2938000000,24.6045190200,792.6922258238,13.0350083926,10000,0.0000000000,128.9829566528,84.6819796333,775.2938000000,128.9829566528,0.0000000000,8200.0000000000,7.9269222582,1.0224410744
775,776.5184000000,24.6239876102,794.3361314088,13.0452149915,10000,0.0000000000,129.1515748256,84.7902250014,776.5184000000,129.1515748256,1.0000000000,8109.0000000000,7.9433613141,1.0229456654
776,777.8154000000,24.6449492529,795.3571604775,13.0553389969,10000,0.0000000000,129.3201523760,84.8983421488,777.8154000000,129.3201523760,0.0000000000,8020.0000000000,7.9535716048,1.0225526011
777,778.9612000000,24.6609797628,796.6394005411,13.0689432296,10000,0.0000000000,129.4891267795,85.0063236711,778.9612000000,129.4891267795,1.0000000000,7933.0000000000,7.9663940054,1.0226945842
778,779.5042000000,24.6661464848,797.9607400006,13.0799624461,10000,0.0000000000,129.6578077526,85.1143104184,779.5042000000,129.6578077526,0.0000000000,8090.0000000000,7.9796074000,1.0236772810
779,780.5256000000,24.6816773722,799.3840702345,13.0897059591,10000,0.0000000000,129.8266659599,85.2225097479,780.5256000000,129.8266659599,1.0000000000,8005.0000000000,7.9938407023,1.0241612450
780,781.1352000000,24.6965111033,799.2869898359,13.0850120109,10000,0.0000000000,129.9953838216,85.3298663728,781.1352000000,129.9953838216,0.0000000000,8090.0000000000,7.9928698984,1.0232377056
781,781.7012000000,24.7079424918,799.5133676922,13.0850593359,10000,0.0000000000,130.1638983870,85.4367513459,781.7012000000,130.1638983870,1.0000000000,8005.0000000000,7.9951336769,1.0227864147
782,782.5226000000,24.7213013528,800.3630201910,13.0912130617,10000,0.0000000000,130.3322328670,85.5431434971,782.5226000000,130.3322328670,0.0000000000,7970.0000000000,8.0036302019,1.0227986006
783,782.9244000000,24.7303884268,800.7048958790,13.0893960234,10000,0.0000000000,130.5001878735,85.6489805516,782.9244000000,130.5001878735,1.0000000000,8089.0000000000,8.0070489588,1.0227103612
784,783.7376000000,24.7426888262,801.4095496974,13.0972115219,10000,0.0000000000,130.6680776324,85.7546461538,783.7376000000,130.6680776324,0.0000000000,7956.0000000000,8.0140954970,1.0225482989
785,785.4404000000,24.7695850594,803.5249718881,13.1113712474,10000,0.0000000000,130.8365028055,85.8610645988,785.4404000000,130.8365028055,1.0000000000,8089.0000000000,8.0352497189,1.0230247539
786,786.8760000000,24.7907833316,805.0381569988,13.1260451701,10000,0.0000000000,131.0052031958,85.9676550796,786.8760000000,131.0052031958,0.0000000000,8210.0000000000,8.0503815700,1.0230813457
787,788.1280000000,24.8115290824,806.2137689323,13.1345355682,10000,0.0000000000,131.1742820238,86.0745823811,788.1280000000,131.1742820238,1.0000000000,8089.0000000000,8.0621376893,1.0229477559
788,789.4998000000,24.8365886486,807.5049729878,13.1393936048,10000,0.0000000000,131.3436111431,86.1817585699,789.4998000000,131.3436111431,0.0000000000,8090.0000000000,8.0750497299,1.0228057980
789,790.6372000000,24.8609796527,808.0710421591,13.1365478993,10000,0.0000000000,131.5132303464,86.2890487773,790.6372000000,131.5132303464,1.0000000000,8089.0000000000,8.0807104216,1.0220503692
790,791.7174000000,24.8773929359,809.1343684069,13.1465858957,10000,0.0000000000,131.6828716733,86.3965125649,791.7174000000,131.6828716733,0.0000000000,8020.0000000000,8.0913436841,1.0219989714
791,792.2736000000,24.8860123595,810.0298880554,13.1514253540,10000,0.0000000000,131.8519557660,86.5039863834,792.2736000000,131.8519557660,1.0000000000,7933.0000000000,8.1002988806,1.0224118134
792,792.9566000000,24.8950874852,810.8850836687,13.1602134901,10000,0.0000000000,132.0206967393,86.6113005286,792.9566000000,132.0206967393,0.0000000000,8020.0000000000,8.1088508367,1.0226096657
793,794.0340000000,24.9100856823,811.5750974765,13.1727609597,10000,0.0000000000,132.1894202425,86.7184522545,794.0340000000,132.1894202425,1.0000000000,8109.0000000000,8.1157509748,1.0220911163
794,795.4096000000,24.9273317169,813.9237793724,13.1923361644,10000,0.0000000000,132.3584196461,86.8264676787,795.4096000000,132.3584196461,0.0000000000,7954.0000000000,8.1392377937,1.0232762835
795,796.3368000000,24.9435417414,815.6344152657,13.1968377043,10000,0.0000000000,132.5276321671,86.9353220774,796.3368000000,132.5276321671,1.0000000000,8045.0000000000,8.1563441527,1.0242329819
796,797.3080000000,24.9548766916,816.3299119449,13.2121962333,10000,0.0000000000,132.6968113896,87.0438207267,797.3080000000,132.6968113896,0.0000000000,8138.0000000000,8.1632991194,1.0238576710
797,798.2872000000,24.9669832800,816.8688790229,13.2263731195,10000,0.0000000000,132.8661232254,87.1525458464,798.2872000000,132.8661232254,1.0000000000,7985.0000000000,8.1686887902,1.0232769347
798,799.6772000000,24.9920417263,817.6369618603,13.2315928879,10000,0.0000000000,133.0357403557,87.2613284883,799.6772000000,133.0357403557,0.0000000000,7834.0000000000,8.1763696186,1.0224587644
799,800.9952000000,25.0189153651,818.5518744569,13.2306112464,10000,0.0000000000,133.2056692025,87.3705344734,800.9952000000,133.2056692025,1.0000000000,7929.0000000000,8.1855187446,1.0219185764
800,802.1912000000,25.0369114927,819.3099629826,13.2417620771,10000,0.0000000000,133.3754346387,87.4796086461,802.1912000000,133.3754346387,0.0000000000,7780.0000000000,8.1930996298,1.0213400035
801,803.6636000000,25.0579443880,820.9926097323,13.2575647481,10000,0.0000000000,133.5456056710,87.5889193516,803.6636000000,133.5456056710,1.0000000000,7681.0000000000,8.2099260973,1.0215625166
802,804.2892000000,25.0715182061,821.2287366887,13.2554960240,10000,0.0000000000,133.7154691786,87.6980223753,804.2892000000,133.7154691786,0.0000000000,7632.0000000000,8.2122873669,1.0210614996
803,804.0216000000,25.0666368378,821.5277394790,13.2546338177,10000,0.0000000000,133.8845798483,87.8064999927,804.0216000000,133.8845798483,1.0000000000,7801.0000000000,8.2152773948,1.0217732204
804,804.6926000000,25.0766336272,821.8440016848,13.2610348739,10000,0.0000000000,134.0536449267,87.9144022874,804.6926000000,134.0536449267,0.0000000000,7754.0000000000,8.2184400168,1.0213142282
805,806.0744000000,25.0974984679,823.2261672619,13.2736570188,10000,0.0000000000,134.2229194281,88.0218737670,806.0744000000,134.2229194281,1.0000000000,7633.0000000000,8.2322616726,1.0212781441
806,808.0376000000,25.1256020500,825.7069776781,13.2944244563,10000,0.0000000000,134.3928463463,88.1300660903,808.0376000000,134.3928463463,0.0000000000,7488.0000000000,8.2570697768,1.0218670241
807,809.3100000000,25.1373396147,828.0212296191,13.3200659568,10000,0.0000000000,134.5632983678,88.2391136971,809.3100000000,134.5632983678,1.0000000000,7585.0000000000,8.2802122962,1.0231199783
808,810.5538000000,25.1531957815,829.5452417473,13.3368115372,10000,0.0000000000,134.7339601727,88.3483139183,810.5538000000,134.7339601727,0.0000000000,7754.0000000000,8.2954524175,1.0234302051
809,811.2080000000,25.1588325520,830.7889618525,13.3506982821,10000,0.0000000000,134.9043863801,88.4576506508,811.2080000000,134.9043863801,1.0000000000,7585.0000000000,8.3078896185,1.0241380285
810,812.2330000000,25.1754379555,831.3630151210,13.3577813931,10000,0.0000000000,135.0746675229,88.5662698888,812.2330000000,135.0746675229,0.0000000000,7632.0000000000,8.3136301512,1.0235523737
811,813.0044000000,25.1892585713,831.4697165746,13.3606007584,10000,0.0000000000,135.2446564091,88.6746762543,813.0044000000,135.2446564091,1.0000000000,7465.0000000000,8.3146971657,1.0227124436
812,814.5838000000,25.2192651183,832.5472697556,13.3631009460,10000,0.0000000000,135.4151516298,88.7830973303,814.5838000000,135.4151516298,0.0000000000,7444.0000000000,8.3254726976,1.0220523288
813,815.5124000000,25.2339105614,833.7703644567,13.3701966245,10000,0.0000000000,135.5858907044,88.8917408456,815.5124000000,135.5858907044,1.0000000000,7349.0000000000,8.3377036446,1.0223883346
814,816.4804000000,25.2439530893,835.5619649169,13.3874281483,10000,0.0000000000,135.7565500130,89.0008630239,816.4804000000,135.7565500130,0.0000000000,7514.0000000000,8.3556196492,1.0233705119
815,817.3644000000,25.2560593252,837.1237308861,13.3976067773,10000,0.0000000000,135.9270429555,89.1101585787,817.3644000000,135.9270429555,1.0000000000,7681.0000000000,8.3712373089,1.0241744452
816,818.0612000000,25.2695653756,838.3320303165,13.3981441151,10000,0.0000000000,136.0974377247,89.2190656706,818.0612000000,136.0974377247,0.0000000000,7732.0000000000,8.3833203032,1.0247791123
817,818.8500000000,25.2914571616,838.6637695167,13.3862688843,10000,0.0000000000,136.2676395646,89.3272411743,818.8500000000,136.2676395646,1.0000000000,7681.0000000000,8.3866376952,1.0241970685
818,819.4856000000,25.2916162250,840.2664730862,13.4096886142,10000,0.0000000000,136.4374590514,89.4358907538,819.4856000000,136.4374590514,0.0000000000,7632.0000000000,8.4026647309,1.0253584359
819,820.3568000000,25.3116446140,840.4454832372,13.4043816319,10000,0.0000000000,136.6070167356,89.5442338944,820.3568000000,136.6070167356,1.0000000000,7785.0000000000,8.4044548324,1.0244877390
820,820.9792000000,25.3210325104,840.4312933056,13.4098662413,10000,0.0000000000,136.7763437705,89.6522709515,820.9792000000,136.7763437705,0.0000000000,7618.0000000000,8.4043129331,1.0236937712
821,822.4288000000,25.3470646131,841.0274117593,13.4147350141,10000,0.0000000000,136.9458913699,89.7600144355,822.4288000000,136.9458913699,1.0000000000,7565.0000000000,8.4102741176,1.0226142515
822,823.0796000000,25.3583748116,840.9625713811,13.4176162904,10000,0.0000000000,137.1153413039,89.8670253504,823.0796000000,137.1153413039,0.0000000000,7732.0000000000,8.4096257138,1.0217269039
823,823.5748000000,25.3610553060,842.1709370460,13.4309967526,10000,0.0000000000,137.2843607721,89.9740723114,823.5748000000,137.2843607721,1.0000000000,7901.0000000000,8.4217093705,1.0225797791
824,824.8282000000,25.3805691393,843.3987323234,13.4407927656,10000,0.0000000000,137.4534201612,90.0813730339,824.8282000000,137.4534201612,0.0000000000,7850.0000000000,8.4339873232,1.0225144246
825,826.1480000000,25.4027644880,843.5712108032,13.4479573306,10000,0.0000000000,137.6225493319,90.1878912029,826.1480000000,137.6225493319,1.0000000000,7801.0000000000,8.4357121080,1.0210896968
826,826.6600000000,25.4064592812,843.6390439044,13.4600084246,10000,0.0000000000,137.7911325717,90.2935763536,826.6600000000,137.7911325717,0.0000000000,7972.0000000000,8.4363904390,1.0205393317
827,828.2788000000,25.4283874927,845.6520191370,13.4787206189,10000,0.0000000000,137.9599216729,90.3995313829,828.2788000000,137.9599216729,1.0000000000,7925.0000000000,8.4565201914,1.0209750861
828,828.7720000000,25.4303409139,847.2858110555,13.4933228304,10000,0.0000000000,138.1284232326,90.5059446976,828.7720000000,138.1284232326,0.0000000000,7754.0000000000,8.4728581106,1.0223388472
829,829.1292000000,25.4338782842,847.4756403032,13.4998902005,10000,0.0000000000,138.2964147789,90.6120021060,829.1292000000,138.2964147789,1.0000000000,7925.0000000000,8.4747564030,1.0221273600
830,829.8624000000,25.4499995637,847.8247679009,13.4966633731,10000,0.0000000000,138.4641484709,90.7176179748,829.8624000000,138.4641484709,0.0000000000,8098.0000000000,8.4782476790,1.0216449955
831,830.4268000000,25.4628502510,847.8951620582,13.4933338021,10000,0.0000000000,138.6316339948,90.8232743906,830.4268000000,138.6316339948,1.0000000000,8273.0000000000,8.4789516206,1.0210354026
832,830.9144000000,25.4674324361,848.9284336578,13.5027510201,10000,0.0000000000,138.7987924221,90.9286289029,830.9144000000,138.7987924221,0.0000000000,8450.0000000000,8.4892843366,1.0216797707
833,832.2188000000,25.4842821247,851.0529436683,13.5192516282,10000,0.0000000000,138.9660380444,91.0341166021,832.2188000000,138.9660380444,1.0000000000,8273.0000000000,8.5105294367,1.0226312403
834,832.9408000000,25.4884196349,851.9779061075,13.5381411026,10000,0.0000000000,139.1331178133,91.1393400133,832.9408000000,139.1331178133,0.0000000000,8228.0000000000,8.5197790611,1.0228552931
835,833.5820000000,25.4963050775,853.2855965478,13.5469711520,10000,0.0000000000,139.3000289691,91.2448843321,833.5820000000,139.3000289691,1.0000000000,8405.0000000000,8.5328559655,1.0236372625
836,833.7354000000,25.5002101043,853.4042948022,13.5452827448,10000,0.0000000000,139.4663077536,91.3501253265,833.7354000000,139.4663077536,0.0000000000,8584.0000000000,8.5340429480,1.0235912914
837,834.8324000000,25.5193386546,854.7968352247,13.5497510912,10000,0.0000000000,139.6326935692,91.4557109198,834.8324000000,139.6326935692,1.0000000000,8405.0000000000,8.5479683522,1.0239143033
838,835.7340000000,25.5282643107,856.1503010827,13.5661977459,10000,0.0000000000,139.7989947355,91.5615784732,835.7340000000,139.7989947355,0.0000000000,8228.0000000000,8.5615030108,1.0244291857
839,836.2744000000,25.5322360756,857.2321309334,13.5786347245,10000,0.0000000000,139.9650809025,91.6674594303,836.2744000000,139.9650809025,1.0000000000,8405.0000000000,8.5723213093,1.0250608304
840,836.2780000000,25.5341301131,857.6809441255,13.5752053158,10000,0.0000000000,140.1306775055,91.7729824863,836.2780000000,140.1306775055,0.0000000000,8450.0000000000,8.5768094413,1.0255930972
841,837.0132000000,25.5476585670,857.6743464892,13.5768310641,10000,0.0000000000,140.2960206002,91.8781190983,837.0132000000,140.2960206002,1.0000000000,8497.0000000000,8.5767434649,1.0246843735
842,838.1072000000,25.5663444352,858.1511673989,13.5819450825,10000,0.0000000000,140.4613431216,91.9829085901,838.1072000000,140.4613431216,0.0000000000,8676.0000000000,8.5815116740,1.0239157561
843,838.9648000000,25.5840909297,858.8675643899,13.5800990902,10000,0.0000000000,140.6262529618,92.0876481777,838.9648000000,140.6262529618,1.0000000000,8725.0000000000,8.5886756439,1.0237230029
844,839.8426000000,25.6002341388,859.3189584929,13.5819958782,10000,0.0000000000,140.7912741943,92.1925579253,839.8426000000,140.7912741943,0.0000000000,8906.0000000000,8.5931895849,1.0231904865
845,840.6420000000,25.6134317005,859.7065442557,13.5865417427,10000,0.0000000000,140.9559951769,92.2971371193,840.6420000000,140.9559951769,1.0000000000,9089.0000000000,8.5970654426,1.0226785531
846,841.9608000000,25.6356499868,860.3908061244,13.5931692313,10000,0.0000000000,141.1209153314,92.4011463705,841.9608000000,141.1209153314,0.0000000000,9140.0000000000,8.6039080612,1.0218893874
847,842.8628000000,25.6475715913,862.0503950328,13.6038550224,10000,0.0000000000,141.2857661557,92.5053632212,842.8628000000,141.2857661557,1.0000000000,9193.0000000000,8.6205039503,1.0227647905
848,844.2390000000,25.6655151364,863.1621312818,13.6205848914,10000,0.0000000000,141.4509867148,92.6097942006,844.2390000000,141.4509867148,0.0000000000,9140.0000000000,8.6316213128,1.0224144244
849,845.2600000000,25.6844869374,863.8133129328,13.6223026967,10000,0.0000000000,141.6163388861,92.7137194881,845.2600000000,141.6163388861,1.0000000000,8957.0000000000,8.6381331293,1.0219498296
850,846.3802000000,25.6977377282,864.4042710723,13.6384191039,10000,0.0000000000,141.7819021705,92.8173398690,846.3802000000,141.7819021705,0.0000000000,8906.0000000000,8.6440427107,1.0212954782
851,848.2124000000,25.7231795892,866.4170573611,13.6576144264,10000,0.0000000000,141.9480452076,92.9210532488,848.2124000000,141.9480452076,1.0000000000,8957.0000000000,8.6641705736,1.0214623806
852,849.6300000000,25.7464384485,867.4697725569,13.6656835620,10000,0.0000000000,142.1144280467,93.0249146349,849.6300000000,142.1144280467,0.0000000000,9140.0000000000,8.6746977256,1.0209971076
853,850.7416000000,25.7658424885,868.6605083860,13.6697827655,10000,0.0000000000,142.2808485238,93.1283419413,850.7416000000,142.2808485238,1.0000000000,9089.0000000000,8.6866050839,1.0210626921
854,852.2362000000,25.7854762380,870.6316542658,13.6874181342,10000,0.0000000000,142.4475971974,93.2324382006,852.2362000000,142.4475971974,0.0000000000,9140.0000000000,8.7063165427,1.0215849248
855,853.2160000000,25.7974177281,872.3148173360,13.7007021192,10000,0.0000000000,142.6142641552,93.3368249561,853.2160000000,142.6142641552,1.0000000000,9193.0000000000,8.7231481734,1.0223845044
856,854.8216000000,25.8190269239,874.2552685420,13.7185804187,10000,0.0000000000,142.7811563205,93.4415238468,854.8216000000,142.7811563205,0.0000000000,9010.0000000000,8.7425526854,1.0227341805
857,855.5572000000,25.8311962026,875.2295643591,13.7224816540,10000,0.0000000000,142.9477132976,93.5467761519,855.5572000000,142.9477132976,1.0000000000,9065.0000000000,8.7522956436,1.0229936284
858,856.3578000000,25.8460460882,875.2754800514,13.7236912529,10000,0.0000000000,143.1142565284,93.6515070119,856.3578000000,143.1142565284,0.0000000000,8884.0000000000,8.7527548005,1.0220908597
859,857.1764000000,25.8591059241,876.4727998535,13.7289125865,10000,0.0000000000,143.2805002758,93.7561546333,857.1764000000,143.2805002758,1.0000000000,8829.0000000000,8.7647279985,1.0225115855
860,858.7880000000,25.8825113087,878.3690991013,13.7434933097,10000,0.0000000000,143.4470260519,93.8613793422,858.7880000000,143.4470260519,0.0000000000,8884.0000000000,8.7836909910,1.0228008532
861,859.5960000000,25.8992070102,878.5575632729,13.7414364694,10000,0.0000000000,143.6137593973,93.9666506973,859.5960000000,143.6137593973,1.0000000000,8829.0000000000,8.7855756327,1.0220586918
862,860.2006000000,25.9099408218,879.7083153862,13.7432007411,10000,0.0000000000,143.7802040541,94.0720766665,860.2006000000,143.7802040541,0.0000000000,8776.0000000000,8.7970831539,1.0226781002
863,861.1256000000,25.9246100858,881.1987509209,13.7491887725,10000,0.0000000000,143.9467231034,94.1774769940,861.1256000000,143.9467231034,1.0000000000,8957.0000000000,8.8119875092,1.0233103637
864,862.3990000000,25.9428521977,882.6376522668,13.7610835274,10000,0.0000000000,144.1135871624,94.2835078078,862.3990000000,144.1135871624,0.0000000000,9010.0000000000,8.8263765227,1.0234678522
865,863.5400000000,25.9576556431,883.9327320560,13.7746184526,10000,0.0000000000,144.2804552086,94.3897519205,863.5400000000,144.2804552086,1.0000000000,8829.0000000000,8.8393273206,1.0236152721
866,863.4568000000,25.9545959536,883.8002553370,13.7773636405,10000,0.0000000000,144.4464495378,94.4955752694,863.4568000000,144.4464495378,0.0000000000,9010.0000000000,8.8380025534,1.0235604785
867,864.6264000000,25.9732003906,885.2766625316,13.7847474212,10000,0.0000000000,144.6125564418,94.6016465988,864.6264000000,144.6125564418,1.0000000000,9065.0000000000,8.8527666253,1.0238834513
868,864.9872000000,25.9844384980,885.1881602440,13.7766525667,10000,0.0000000000,144.7783743249,94.7071801826,864.9872000000,144.7783743249,0.0000000000,9010.0000000000,8.8518816024,1.0233540569
869,866.0180000000,26.0014360604,885.6212529496,13.7819927005,10000,0.0000000000,144.9442715735,94.8124751751,866.0180000000,144.9442715735,1.0000000000,8829.0000000000,8.8562125295,1.0226360803
870,867.5790000000,26.0271357377,886.1332734747,13.7901125916,10000,0.0000000000,145.1104434783,94.9174159649,867.5790000000,145.1104434783,0.0000000000,8884.0000000000,8.8613327347,1.0213862639
871,869.0252000000,26.0477447026,888.1089091800,13.8036298091,10000,0.0000000000,145.2769943126,95.0224095725,869.0252000000,145.2769943126,1.0000000000,8845.0000000000,8.8810890918,1.0219599031
872,870.1080000000,26.0633317223,889.0187307003,13.8134260606,10000,0.0000000000,145.4437282080,95.1272811124,870.1080000000,145.4437282080,0.0000000000,8954.0000000000,8.8901873070,1.0217337741
873,870.9816000000,26.0740103872,890.4117194093,13.8248899571,10000,0.0000000000,145.6103670706,95.2324984118,870.9816000000,145.6103670706,1.0000000000,8941.0000000000,8.9041171941,1.0223083007
874,872.4570000000,26.0958345680,891.9835489240,13.8370668206,10000,0.0000000000,145.7772403176,95.3383676428,872.4570000000,145.7772403176,0.0000000000,9122.0000000000,8.9198354892,1.0223811018
875,873.5636000000,26.1099843594,893.9908495925,13.8503543909,10000,0.0000000000,145.9442628227,95.4443836531,873.5636000000,145.9442628227,1.0000000000,9305.0000000000,8.9399084959,1.0233838150
876,874.8164000000,26.1270510956,895.4384949794,13.8633906765,10000,0.0000000000,146.1113901158,95.5505317694,874.8164000000,146.1113901158,0.0000000000,9364.0000000000,8.9543849498,1.0235730548
877,876.5808000000,26.1532695223,896.6493291535,13.8775824009,10000,0.0000000000,146.2791091926,95.6567651840,876.5808000000,146.2791091926,1.0000000000,9425.0000000000,8.9664932915,1.0228941008
878,877.6224000000,26.1691939747,898.1061945106,13.8850886463,10000,0.0000000000,146.4468125779,95.7633772306,877.6224000000,146.4468125779,0.0000000000,9488.0000000000,8.9810619451,1.0233400999
879,879.2164000000,26.1987724119,899.3868388914,13.8867103416,10000,0.0000000000,146.6146412593,95.8698512193,879.2164000000,146.6146412593,1.0000000000,9305.0000000000,8.9938683889,1.0229413815
880,880.1970000000,26.2126938578,900.4885345139,13.8957432589,10000,0.0000000000,146.7825863807,95.9763771424,880.1970000000,146.7825863807,0.0000000000,9124.0000000000,9.0048853451,1.0230534011
881,881.0296000000,26.2279048015,902.4793009947,13.8970000260,10000,0.0000000000,146.9503853703,96.0833286634,881.0296000000,146.9503853703,1.0000000000,9061.0000000000,9.0247930099,1.0243461752
882,882.2652000000,26.2410353273,904.3759678745,13.9166542298,10000,0.0000000000,147.1183752347,96.1908983347,882.2652000000,147.1183752347,0.0000000000,9242.0000000000,9.0437596787,1.0250613624
883,882.7520000000,26.2529505280,903.5872788480,13.9116709484,10000,0.0000000000,147.2861071728,96.2978088698,882.7520000000,147.2861071728,1.0000000000,9061.0000000000,9.0358727885,1.0236026413
884,883.3960000000,26.2623046374,904.3170156444,13.9171604551,10000,0.0000000000,147.4537693368,96.4044697583,883.3960000000,147.4537693368,0.0000000000,9242.0000000000,9.0431701564,1.0236824885
885,884.2208000000,26.2748443035,905.4119314695,13.9231230988,10000,0.0000000000,147.6214418927,96.5112107600,884.2208000000,147.6214418927,1.0000000000,9305.0000000000,9.0541193147,1.0239658821
886,885.1810000000,26.2872746896,906.4673037893,13.9341375547,10000,0.0000000000,147.7892144065,96.6175646967,885.1810000000,147.7892144065,0.0000000000,9488.0000000000,9.0646730379,1.0240474025
887,886.8120000000,26.3105881431,907.8197423806,13.9486541130,10000,0.0000000000,147.9572050206,96.7240721856,886.8120000000,147.9572050206,1.0000000000,9305.0000000000,9.0781974238,1.0236890597
888,887.8862000000,26.3232234584,909.9079194345,13.9633128862,10000,0.0000000000,148.1253078827,96.8310922193,887.8862000000,148.1253078827,0.0000000000,9370.0000000000,9.0990791943,1.0248024121
889,888.5396000000,26.3384494780,909.8401059702,13.9579969586,10000,0.0000000000,148.2932330312,96.9375427551,888.5396000000,148.2932330312,1.0000000000,9305.0000000000,9.0984010597,1.0239724892
890,889.4484000000,26.3531308078,910.3301619399,13.9628398481,10000,0.0000000000,148.4610030153,97.0439224541,889.4484000000,148.4610030153,0.0000000000,9488.0000000000,9.1033016194,1.0234772045
891,890.5340000000,26.3655489330,911.9664855925,13.9782627482,10000,0.0000000000,148.6287509894,97.1505669330,890.5340000000,148.6287509894,1.0000000000,9425.0000000000,9.1196648559,1.0240670043
892,891.2746000000,26.3707620266,913.3066817859,13.9949101511,10000,0.0000000000,148.7964084540,97.2571000670,891.2746000000,148.7964084540,0.0000000000,9610.0000000000,9.1330668179,1.0247197461
893,892.6140000000,26.3905109120,914.9531396766,14.0055322570,10000,0.0000000000,148.9644287960,97.3636655982,892.6140000000,148.9644287960,1.0000000000,9549.0000000000,9.1495313968,1.0250266517
894,893.5726000000,26.4092320312,914.9329812228,14.0044658420,10000,0.0000000000,149.1324517262,97.4689922575,893.5726000000,149.1324517262,0.0000000000,9490.0000000000,9.1493298122,1.0239044720
895,893.6536000000,26.4149030721,915.2956934276,13.9966601621,10000,0.0000000000,149.2998398562,97.5739444037,893.6536000000,149.2998398562,1.0000000000,9549.0000000000,9.1529569343,1.0242175418
896,894.8086000000,26.4312882413,916.2826132619,14.0069840403,10000,0.0000000000,149.4673494907,97.6792173492,894.8086000000,149.4673494907,0.0000000000,9610.0000000000,9.1628261326,1.0239984431
897,894.9040000000,26.4335448787,916.3488525578,14.0061309841,10000,0.0000000000,149.6342335276,97.7839244718,894.9040000000,149.6342335276,1.0000000000,9549.0000000000,9.1634885256,1.0239632995
898,895.7320000000,26.4454256948,917.4110726256,14.0132601424,10000,0.0000000000,149.8011683245,97.8882841538,895.7320000000,149.8011683245,0.0000000000,9490.0000000000,9.1741107263,1.0242026327
899,896.8764000000,26.4630155244,919.3802690525,14.0208847564,10000,0.0000000000,149.9680393225,97.9932893962,896.8764000000,149.9680393225,1.0000000000,9433.0000000000,9.1938026905,1.0250913828
900,898.4858000000,26.4825157659,921.6582223354,14.0414443241,10000,0.0000000000,150.1354004223,98.0987795209,898.4858000000,150.1354004223,0.0000000000,9490.0000000000,9.2165822234,1.0257905271
901,899.0968000000,26.4887374941,921.9434795202,14.0514620581,10000,0.0000000000,150.3027724023,98.2039640582,899.0968000000,150.3027724023,1.0000000000,9305.0000000000,9.2194347952,1.0254107005
902,899.8300000000,26.5014855018,922.3582383760,14.0535143717,10000,0.0000000000,150.4701398135,98.3090332852,899.8300000000,150.4701398135,0.0000000000,9364.0000000000,9.2235823838,1.0250361050
903,900.4624000000,26.5134761183,923.3637128381,14.0533976008,10000,0.0000000000,150.6372826868,98.4141548813,900.4624000000,150.6372826868,1.0000000000,9549.0000000000,9.2336371284,1.0254328363
904,901.5190000000,26.5294579180,924.4317962073,14.0608272365,10000,0.0000000000,150.8043191534,98.5191514543,901.5190000000,150.8043191534,0.0000000000,9736.0000000000,9.2443179621,1.0254157663
905,902.7128000000,26.5480406382,925.3699458682,14.0682030932,10000,0.0000000000,150.9715381041,98.6241770750,902.7128000000,150.9715381041,1.0000000000,9925.0000000000,9.2536994587,1.0250989527
906,903.5528000000,26.5625454988,925.7686069489,14.0706779021,10000,0.0000000000,151.1387386375,98.7289700660,903.5528000000,151.1387386375,0.0000000000,10116.0000000000,9.2576860695,1.0245871707
907,905.3852000000,26.5937833661,926.5198784813,14.0767853672,10000,0.0000000000,151.3065154178,98.8335556619,905.3852000000,151.3065154178,1.0000000000,10177.0000000000,9.2651987848,1.0233433002
908,906.6212000000,26.6131450313,928.1122003888,14.0840942748,10000,0.0000000000,151.4744975416,98.9384395881,906.6212000000,151.4744975416,0.0000000000,10240.0000000000,9.2811220039,1.0237044980
909,907.6856000000,26.6239903177,931.5558085014,14.1013736765,10000,0.0000000000,151.6424269972,99.0442774086,907.6856000000,151.6424269972,1.0000000000,10433.0000000000,9.3155580850,1.0262978817
910,908.1656000000,26.6339742679,931.8418911900,14.0995395207,10000,0.0000000000,151.8100423127,99.1499281229,908.1656000000,151.8100423127,0.0000000000,10628.0000000000,9.3184189119,1.0260704559
911,909.4816000000,26.6527538673,933.8635301057,14.1107161863,10000,0.0000000000,151.9778357624,99.2560133632,909.4816000000,151.9778357624,1.0000000000,10825.0000000000,9.3386353011,1.0268086019
912,911.2082000000,26.6768229499,935.9539778497,14.1264049674,10000,0.0000000000,152.1459474263,99.3627245675,911.2082000000,152.1459474263,0.0000000000,10762.0000000000,9.3595397785,1.0271571062
913,912.2172000000,26.6948268544,936.7524582429,14.1281074180,10000,0.0000000000,152.3140814952,99.4693823543,912.2172000000,152.3140814952,1.0000000000,10961.0000000000,9.3675245824,1.0268962899
914,913.4200000000,26.7121524449,937.6995525220,14.1379245917,10000,0.0000000000,152.4823011171,99.5760542123,913.4200000000,152.4823011171,0.0000000000,10900.0000000000,9.3769955252,1.0265809294
915,914.4496000000,26.7318439356,938.1292419810,14.1371185112,10000,0.0000000000,152.6505617544,99.6827031847,914.4496000000,152.6505617544,1.0000000000,10841.0000000000,9.3812924198,1.0258949667
916,915.0760000000,26.7432884233,938.5326725394,14.1376279591,10000,0.0000000000,152.8186074721,99.7891678704,915.0760000000,152.8186074721,0.0000000000,10900.0000000000,9.3853267254,1.0256335786
917,915.5600000000,26.7501280079,938.8220022986,14.1418051026,10000,0.0000000000,152.9864009958,99.8949318717,915.5600000000,152.9864009958,1.0000000000,10841.0000000000,9.3882200230,1.0254074034
918,916.3888000000,26.7537360398,940.3083953866,14.1642651737,10000,0.0000000000,153.1540188027,100.0008918129,916.3888000000,153.1540188027,0.0000000000,11042.0000000000,9.4030839539,1.0261020163
919,916.9840000000,26.7617127663,941.3245016167,14.1702057082,10000,0.0000000000,153.3213861085,100.1068575695,916.9840000000,153.3213861085,1.0000000000,10985.0000000000,9.4132450162,1.0265440854
920,918.8408000000,26.7876840589,943.5477718989,14.1866409963,10000,0.0000000000,153.4891206850,100.2134353259,918.8408000000,153.4891206850,0.0000000000,11188.0000000000,9.4354777190,1.0268892847
921,919.8008000000,26.7985650139,945.8328217605,14.1999194786,10000,0.0000000000,153.6567581001,100.3206757386,919.8008000000,153.6567581001,1.0000000000,11393.0000000000,9.4583282176,1.0283018038
922,920.1172000000,26.7997536876,946.5837365306,14.2088142461,10000,0.0000000000,153.8240073471,100.4277749007,920.1172000000,153.8240073471,0.0000000000,11188.0000000000,9.4658373653,1.0287643102
923,920.5612000000,26.8029303063,947.3296521563,14.2184431988,10000,0.0000000000,153.9908259082,100.5351574032,920.5612000000,153.9908259082,1.0000000000,11393.0000000000,9.4732965216,1.0290784058
924,921.4186000000,26.8153750221,948.4269350741,14.2251278527,10000,0.0000000000,154.1574455382,100.6426440707,921.4186000000,154.1574455382,0.0000000000,11338.0000000000,9.4842693507,1.0293116886
925,922.6084000000,26.8373055661,948.7686960737,14.2255906715,10000,0.0000000000,154.3242587870,100.7497516943,922.6084000000,154.3242587870,1.0000000000,11393.0000000000,9.4876869607,1.0283547127
926,923.6508000000,26.8512645547,949.9165898432,14.2358839491,10000,0.0000000000,154.4912812809,100.8566664341,923.6508000000,154.4912812809,0.0000000000,11450.0000000000,9.4991658984,1.0284369264
927,925.0696000000,26.8746273047,950.8444137480,14.2416293742,10000,0.0000000000,154.6586433947,100.9637642067,925.0696000000,154.6586433947,1.0000000000,11393.0000000000,9.5084441375,1.0278625670
928,925.4838000000,26.8787508282,951.1658246266,14.2483877655,10000,0.0000000000,154.8256800340,101.0702896232,925.4838000000,154.8256800340,0.0000000000,11338.0000000000,9.5116582463,1.0277498370
929,926.8588000000,26.9006525857,951.8513964178,14.2553039414,10000,0.0000000000,154.9931729559,101.1768601555,926.8588000000,154.9931729559,1.0000000000,11133.0000000000,9.5185139642,1.0269648370
930,927.8612000000,26.9129743872,953.9998733410,14.2672004835,10000,0.0000000000,155.1605694612,101.2842583547,927.8612000000,155.1605694612,0.0000000000,11338.0000000000,9.5399987334,1.0281708873
931,929.1064000000,26.9248416464,955.5321256133,14.2884324653,10000,0.0000000000,155.3279580949,101.3919642729,929.1064000000,155.3279580949,1.0000000000,11133.0000000000,9.5553212561,1.0284420876
932,929.9760000000,26.9373653213,957.0369118399,14.2952561903,10000,0.0000000000,155.4953169602,101.4998318148,929.9760000000,155.4953169602,0.0000000000,11080.0000000000,9.5703691184,1.0290985056
933,930.3940000000,26.9438754249,957.9149995506,14.2976073903,10000,0.0000000000,155.6623091133,101.6071524410,930.3940000000,155.6623091133,1.0000000000,11133.0000000000,9.5791499955,1.0295799409
934,931.7146000000,26.9648391474,958.9050667020,14.3042668374,10000,0.0000000000,155.8293741645,101.7146381790,931.7146000000,155.8293741645,0.0000000000,10930.0000000000,9.5890506670,1.0291832571
935,933.2924000000,26.9859825742,961.4565147224,14.3195371610,10000,0.0000000000,155.9968139855,101.8228969879,933.2924000000,155.9968139855,1.0000000000,10877.0000000000,9.6145651472,1.0301771607
936,933.7178000000,26.9974739878,962.3881491182,14.3127285407,10000,0.0000000000,156.1640434535,101.9312134828,933.7178000000,156.1640434535,0.0000000000,10930.0000000000,9.6238814912,1.0307055827
937,934.8928000000,27.0114980343,963.8290129002,14.3273086776,10000,0.0000000000,156.3313646155,102.0392406009,934.8928000000,156.3313646155,1.0000000000,10877.0000000000,9.6382901290,1.0309513699
938,936.2226000000,27.0244697543,966.1134697587,14.3492381156,10000,0.0000000000,156.4989219363,102.1478737733,936.2226000000,156.4989219363,0.0000000000,10676.0000000000,9.6611346976,1.0319270970
939,938.2308000000,27.0527160362,968.6348531471,14.3659790849,10000,0.0000000000,156.6669416562,102.2569594643,938.2308000000,156.6669416562,1.0000000000,10729.0000000000,9.6863485315,1.0324057291
940,939.8560000000,27.0735373505,970.8394648262,14.3833089146,10000,0.0000000000,156.8352408826,102.3666325654,939.8560000000,156.8352408826,0.0000000000,10676.0000000000,9.7083946483,1.0329661829
941,940.7876000000,27.0887267102,971.5983621262,14.3870943981,10000,0.0000000000,157.0035863497,102.4764068077,940.7876000000,157.0035863497,1.0000000000,10477.0000000000,9.7159836213,1.0327499662
942,941.7250000000,27.1002057179,972.4683673904,14.3980502168,10000,0.0000000000,157.1720040547,102.5860714673,941.7250000000,157.1720040547,0.0000000000,10530.0000000000,9.7246836739,1.0326458015
943,943.1012000000,27.1127651988,974.6830899111,14.4221760936,10000,0.0000000000,157.3407864052,102.6960735355,943.1012000000,157.3407864052,1.0000000000,10729.0000000000,9.7468308991,1.0334872757
944,943.8462000000,27.1232859519,975.2152783594,14.4282209289,10000,0.0000000000,157.5094299873,102.8055084231,943.8462000000,157.5094299873,0.0000000000,10530.0000000000,9.7521527836,1.0332353707
945,944.6256000000,27.1329024096,976.5519311458,14.4371467690,10000,0.0000000000,157.6778110951,102.9151243994,944.6256000000,157.6778110951,1.0000000000,10333.0000000000,9.7655193115,1.0337978678
946,945.3524000000,27.1363023082,977.3700845710,14.4559156417,10000,0.0000000000,157.8461500866,103.0248981614,945.3524000000,157.8461500866,0.0000000000,10280.0000000000,9.7737008457,1.0338685178
947,946.6688000000,27.1547633399,979.1792722002,14.4667766954,10000,0.0000000000,158.0148463645,103.1350470511,946.6688000000,158.0148463645,1.0000000000,10085.0000000000,9.7917927220,1.0343419707
948,947.8788000000,27.1745218402,980.8402221109,14.4714948350,10000,0.0000000000,158.1836706322,103.2453085702,947.8788000000,158.1836706322,0.0000000000,10280.0000000000,9.8084022211,1.0347738784
949,949.8260000000,27.2002153216,983.5734006794,14.4904895176,10000,0.0000000000,158.3531342511,103.3563290141,949.8260000000,158.3531342511,1.0000000000,10229.0000000000,9.8357340068,1.0355300873
950,950.9240000000,27.2138682671,984.8717186639,14.5027367742,10000,0.0000000000,158.5225726197,103.4673194540,950.9240000000,158.5225726197,0.0000000000,10280.0000000000,9.8487171866,1.0356997180
951,951.4748000000,27.2224366281,985.0937556217,14.5056452469,10000,0.0000000000,158.6916503284,103.5782134120,951.4748000000,158.6916503284,1.0000000000,10477.0000000000,9.8509375562,1.0353335218
952,952.6978000000,27.2425074403,986.0844243142,14.5101202051,10000,0.0000000000,158.8606234554,103.6892341382,952.6978000000,158.8606234554,0.0000000000,10426.0000000000,9.8608442431,1.0350442966
953,953.9188000000,27.2589670138,987.4787850919,14.5212780892,10000,0.0000000000,159.0297065152,103.8001923272,953.9188000000,159.0297065152,1.0000000000,10625.0000000000,9.8747878509,1.0351811759
954,954.8684000000,27.2766908993,988.4659789196,14.5206932888,10000,0.0000000000,159.1988293071,103.9110617339,954.8684000000,159.1988293071,0.0000000000,10426.0000000000,9.8846597892,1.0351855595
955,956.0480000000,27.2952608537,989.2045511905,14.5264150750,10000,0.0000000000,159.3679578548,104.0215048790,956.0480000000,159.3679578548,1.0000000000,10229.0000000000,9.8920455119,1.0346808436
956,957.3722000000,27.3127348850,991.2557409000,14.5391441668,10000,0.0000000000,159.5371368796,104.1332830589,957.3722000000,159.5371368796,0.0000000000,10426.0000000000,9.9125574090,1.0353922340
957,958.2872000000,27.3331445897,991.3852953903,14.5322540178,10000,0.0000000000,159.7062584704,104.2442263255,958.2872000000,159.7062584704,1.0000000000,10625.0000000000,9.9138529539,1.0345388057
958,958.9260000000,27.3388665039,993.0448034827,14.5434651402,10000,0.0000000000,159.8754606641,104.3555975047,958.9260000000,159.8754606641,0.0000000000,10676.0000000000,9.9304480348,1.0355802257
959,959.8888000000,27.3522596812,994.5714673338,14.5513810455,10000,0.0000000000,160.0446615165,104.4670153966,959.8888000000,160.0446615165,1.0000000000,10625.0000000000,9.9457146733,1.0361319638
960,960.2390000000,27.3669873923,993.5644454584,14.5357146736,10000,0.0000000000,160.2137160058,104.5775955986,960.2390000000,160.2137160058,0.0000000000,10576.0000000000,9.9356444546,1.0347053655
961,962.2872000000,27.4049570243,995.1355690137,14.5346321074,10000,0.0000000000,160.3835096278,104.6886828766,962.2872000000,160.3835096278,1.0000000000,10625.0000000000,9.9513556901,1.0341357227
962,963.3066000000,27.4210563129,995.8020982085,14.5393352903,10000,0.0000000000,160.5533595600,104.7999014539,963.3066000000,160.5533595600,0.0000000000,10676.0000000000,9.9580209821,1.0337332872
963,964.6176000000,27.4401656223,997.8721397906,14.5483645341,10000,0.0000000000,160.7232487905,104.9113965669,964.6176000000,160.7232487905,1.0000000000,10877.0000000000,9.9787213979,1.0344743241
964,965.8376000000,27.4625379116,998.7275700742,14.5480793047,10000,0.0000000000,160.8930500794,105.0226426008,965.8376000000,160.8930500794,0.0000000000,10826.0000000000,9.9872757007,1.0340533130
965,966.2756000000,27.4657016395,999.8487517843,14.5571574646,10000,0.0000000000,161.0625208655,105.1340417995,966.2756000000,161.0625208655,1.0000000000,10625.0000000000,9.9984875178,1.0347449028
966,966.9750000000,27.4750928199,999.7570425733,14.5634568196,10000,0.0000000000,161.2319275307,105.2447824208,966.9750000000,161.2319275307,0.0000000000,10676.0000000000,9.9975704257,1.0339016444
967,968.0624000000,27.4856032207,1001.7596251129,14.5809470061,10000,0.0000000000,161.4014223544,105.3557693385,968.0624000000,161.4014223544,1.0000000000,10625.0000000000,10.0175962511,1.0348089391
968,968.9032000000,27.4999882365,1002.6185704593,14.5826556907,10000,0.0000000000,161.5706896838,105.4667471344,968.9032000000,161.5706896838,0.0000000000,10676.0000000000,10.0261857046,1.0347974601
969,968.8492000000,27.5020428375,1002.9527468726,14.5769283378,10000,0.0000000000,161.7392839099,105.5773113068,968.8492000000,161.7392839099,1.0000000000,10877.0000000000,10.0295274687,1.0352000568
970,970.3600000000,27.5275333353,1004.0523388748,14.5806347074,10000,0.0000000000,161.9080577514,105.6881399427,970.3600000000,161.9080577514,0.0000000000,10676.0000000000,10.0405233887,1.0347214837
971,971.7996000000,27.5523614999,1005.3448064420,14.5831058344,10000,0.0000000000,162.0770480355,105.7994973387,971.7996000000,162.0770480355,1.0000000000,10477.0000000000,10.0534480644,1.0345186461
972,973.1126000000,27.5687819357,1006.2279730365,14.5970840439,10000,0.0000000000,162.2461129405,105.9108759200,973.1126000000,162.2461129405,0.0000000000,10426.0000000000,10.0622797304,1.0340303610
973,974.0640000000,27.5799832944,1007.0776863301,14.6085085303,10000,0.0000000000,162.4151433834,106.0223021265,974.0640000000,162.4151433834,1.0000000000,10625.0000000000,10.0707768633,1.0338927281
974,976.3734000000,27.6112368450,1010.1363718689,14.6284995775,10000,0.0000000000,162.5846887616,106.1343253107,976.3734000000,162.5846887616,0.0000000000,10426.0000000000,10.1013637187,1.0345799792
975,977.9028000000,27.6355317185,1011.4694353030,14.6348961949,10000,0.0000000000,162.7543428862,106.2468936812,977.9028000000,162.7543428862,1.0000000000,10477.0000000000,10.1146943530,1.0343251244
976,979.2658000000,27.6564793160,1011.9970287261,14.6418903098,10000,0.0000000000,162.9242252650,106.3593170883,979.2658000000,162.9242252650,0.0000000000,10426.0000000000,10.1199702873,1.0334242539
977,980.0068000000,27.6712426115,1011.4876461696,14.6393009510,10000,0.0000000000,163.0939963194,106.4708591268,980.0068000000,163.0939963194,1.0000000000,10477.0000000000,10.1148764617,1.0321230895
978,980.6898000000,27.6791122148,1011.9210541223,14.6477488714,10000,0.0000000000,163.2636688531,106.5825441791,980.6898000000,163.2636688531,0.0000000000,10676.0000000000,10.1192105412,1.0318462108
979,981.5844000000,27.6899058767,1012.0882424357,14.6578822666,10000,0.0000000000,163.4329659673,106.6937901775,981.5844000000,163.4329659673,1.0000000000,10625.0000000000,10.1208824244,1.0310761280
980,982.1064000000,27.6926346523,1012.4614279463,14.6705278028,10000,0.0000000000,163.6019399367,106.8046645994,982.1064000000,163.6019399367,0.0000000000,10576.0000000000,10.1246142795,1.0309080849
981,983.2132000000,27.7088094571,1013.2313975325,14.6777068532,10000,0.0000000000,163.7710487500,106.9155379551,983.2132000000,163.7710487500,1.0000000000,10777.0000000000,10.1323139753,1.0305307105
982,984.6980000000,27.7266806436,1015.3779989718,14.6945289304,10000,0.0000000000,163.9403099959,107.0265340874,984.6980000000,163.9403099959,0.0000000000,10730.0000000000,10.1537799897,1.0311567597
983,985.1236000000,27.7363018453,1015.1678698240,14.6908529347,10000,0.0000000000,164.1095267000,107.1370699439,985.1236000000,164.1095267000,1.0000000000,10933.0000000000,10.1516786982,1.0304979698
984,986.7526000000,27.7623153799,1016.5620927387,14.6971577098,10000,0.0000000000,164.2789988735,107.2477186013,986.7526000000,164.2789988735,0.0000000000,11138.0000000000,10.1656209274,1.0302096926
985,988.5140000000,27.7867586144,1018.6961889612,14.7108818806,10000,0.0000000000,164.4488794692,107.3590417361,988.5140000000,164.4488794692,1.0000000000,11185.0000000000,10.1869618896,1.0305328897
986,989.7286000000,27.8029696997,1018.9950812158,14.7215310303,10000,0.0000000000,164.6190517444,107.4702069568,989.7286000000,164.6190517444,0.0000000000,10980.0000000000,10.1899508122,1.0295702087
987,990.1732000000,27.8090060980,1019.7732899041,14.7252293647,10000,0.0000000000,164.7888175126,107.5808853172,990.1732000000,164.7888175126,1.0000000000,11185.0000000000,10.1977328990,1.0298938508
988,991.0388000000,27.8235564457,1020.0713614716,14.7271350476,10000,0.0000000000,164.9584013716,107.6915015618,991.0388000000,164.9584013716,0.0000000000,11392.0000000000,10.2007136147,1.0292950805
989,991.8256000000,27.8306080588,1021.2732194592,14.7405174630,10000,0.0000000000,165.1279212382,107.8020780280,991.8256000000,165.1279212382,1.0000000000,11601.0000000000,10.2127321946,1.0296903200
990,993.0840000000,27.8494700940,1021.7757864346,14.7475765969,10000,0.0000000000,165.2975351280,107.9123019270,993.0840000000,165.2975351280,0.0000000000,11554.0000000000,10.2177578643,1.0288916007
991,994.1472000000,27.8657909903,1023.8094677879,14.7527927012,10000,0.0000000000,165.4672983351,108.0229180009,994.1472000000,165.4672983351,1.0000000000,11509.0000000000,10.2380946779,1.0298368972
992,994.1646000000,27.8684457790,1022.7721586487,14.7483670236,10000,0.0000000000,165.6364103110,108.1330729828,994.1646000000,165.6364103110,0.0000000000,11554.0000000000,10.2277215865,1.0287754751
993,994.8992000000,27.8819431522,1022.7739814052,14.7477607133,10000,0.0000000000,165.8055829658,108.2429105303,994.8992000000,165.8055829658,1.0000000000,11509.0000000000,10.2277398141,1.0280176941
994,995.8080000000,27.8944522677,1023.5248537950,14.7549155432,10000,0.0000000000,165.9748280641,108.3526443593,995.8080000000,165.9748280641,0.0000000000,11466.0000000000,10.2352485379,1.0278335320
995,996.5656000000,27.9024893847,1024.7282348489,14.7653881134,10000,0.0000000000,166.1438890623,108.4626154000,996.5656000000,166.1438890623,1.0000000000,11425.0000000000,10.2472823485,1.0282596899
996,998.2434000000,27.9323431293,1025.0332304645,14.7657579321,10000,0.0000000000,166.3132313178,108.5725951274,998.2434000000,166.3132313178,0.0000000000,11466.0000000000,10.2503323046,1.0268369723
997,999.1404000000,27.9475079464,1026.1275021594,14.7674371368,10000,0.0000000000,166.4823745009,108.6827854113,999.1404000000,166.4823745009,1.0000000000,11257.0000000000,10.2612750216,1.0270103202
998,1000.2008000000,27.9648396146,1027.5721968209,14.7705296225,10000,0.0000000000,166.6515282177,108.7929090250,1000.2008000000,166.6515282177,0.0000000000,11466.0000000000,10.2757219682,1.0273659017
999,1001.7292000000,27.9884080632,1028.7246322838,14.7776254549,10000,0.0000000000,166.8210692230,108.9032393278,1001.7292000000,166.8210692230,1.0000000000,11425.0000000000,10.2872463228,1.0269488324
1000,1002.0566000000,27.9940040184,1028.6683809647,14.7781033634,10000,0.0000000000,166.9902381161,109.0133101499,1002.0566000000,166.9902381161,0.0000000000,11386.0000000000,10.2866838096,1.0265571635
