trial,final_step,trapped,contact_dead,boundary_dead
0,129,1,0,0
1,35,1,0,0
2,106,1,0,0
3,83,1,0,0
4,119,1,0,0
5,65,1,0,0
6,95,1,0,0
7,23,1,0,0
8,43,1,0,0
9,92,1,0,0
10,54,1,0,0
11,124,1,0,0
12,319,1,0,0
13,64,1,0,0
14,33,1,0,0
15,38,1,0,0
16,13,1,0,0
17,72,1,0,0
18,12,1,0,0
19,202,1,0,0
20,26,1,0,0
21,28,1,0,0
22,74,1,0,0
23,65,1,0,0
24,126,1,0,0
25,62,1,0,0
26,43,1,0,0
27,113,1,0,0
28,51,1,0,0
29,99,1,0,0
30,11,1,0,0
31,101,1,0,0
32,83,1,0,0
33,25,1,0,0
34,73,1,0,0
35,66,1,0,0
36,19,1,0,0
37,69,1,0,0
38,37,1,0,0
39,40,1,0,0
40,31,1,0,0
41,23,1,0,0
42,58,1,0,0
43,47,1,0,0
44,57,1,0,0
45,78,1,0,0
46,16,1,0,0
47,79,1,0,0
48,94,1,0,0
49,58,1,0,0
50,123,1,0,0
51,25,1,0,0
52,63,1,0,0
53,98,1,0,0
54,136,1,0,0
55,58,1,0,0
56,87,1,0,0
57,21,1,0,0
58,33,1,0,0
59,35,1,0,0
60,100,1,0,0
61,51,1,0,0
62,234,1,0,0
63,66,1,0,0
64,53,1,0,0
65,47,1,0,0
66,56,1,0,0
67,64,1,0,0
68,78,1,0,0
69,248,1,0,0
70,16,1,0,0
71,83,1,0,0
72,46,1,0,0
73,80,1,0,0
74,111,1,0,0
75,24,1,0,0
76,85,1,0,0
77,247,1,0,0
78,20,1,0,0
79,67,1,0,0
80,59,1,0,0
81,101,1,0,0
82,54,1,0,0
83,38,1,0,0
84,67,1,0,0
85,56,1,0,0
86,13,1,0,0
87,201,1,0,0
88,77,1,0,0
89,11,1,0,0
90,104,1,0,0
91,44,1,0,0
92,39,1,0,0
93,48,1,0,0
94,263,1,0,0
95,74,1,0,0
96,28,1,0,0
97,56,1,0,0
98,66,1,0,0
99,64,1,0,0
100,39,1,0,0
101,65,1,0,0
102,94,1,0,0
103,180,1,0,0
104,69,1,0,0
105,34,1,0,0
106,39,1,0,0
107,100,1,0,0
108,34,1,0,0
109,51,1,0,0
110,70,1,0,0
111,60,1,0,0
112,33,1,0,0
113,31,1,0,0
114,118,1,0,0
115,55,1,0,0
116,52,1,0,0
117,167,1,0,0
118,26,1,0,0
119,94,1,0,0
120,160,1,0,0
121,125,1,0,0
122,30,1,0,0
123,16,1,0,0
124,81,1,0,0
125,168,1,0,0
126,74,1,0,0
127,136,1,0,0
128,102,1,0,0
129,89,1,0,0
130,14,1,0,0
131,38,1,0,0
132,53,1,0,0
133,53,1,0,0
134,28,1,0,0
135,133,1,0,0
136,82,1,0,0
137,35,1,0,0
138,69,1,0,0
139,142,1,0,0
140,49,1,0,0
141,55,1,0,0
142,20,1,0,0
143,28,1,0,0
144,18,1,0,0
145,78,1,0,0
146,16,1,0,0
147,79,1,0,0
148,112,1,0,0
149,24,1,0,0
150,50,1,0,0
151,130,1,0,0
152,199,1,0,0
153,46,1,0,0
154,62,1,0,0
155,123,1,0,0
156,65,1,0,0
157,22,1,0,0
158,53,1,0,0
159,30,1,0,0
160,64,1,0,0
161,32,1,0,0
162,14,1,0,0
163,64,1,0,0
164,48,1,0,0
165,76,1,0,0
166,13,1,0,0
167,199,1,0,0
168,86,1,0,0
169,185,1,0,0
170,37,1,0,0
171,25,1,0,0
172,25,1,0,0
173,64,1,0,0
174,155,1,0,0
175,78,1,0,0
176,28,1,0,0
177,71,1,0,0
178,15,1,0,0
179,73,1,0,0
180,19,1,0,0
181,124,1,0,0
182,30,1,0,0
183,33,1,0,0
184,166,1,0,0
185,45,1,0,0
186,42,1,0,0
187,18,1,0,0
188,255,1,0,0
189,88,1,0,0
190,20,1,0,0
191,204,1,0,0
192,130,1,0,0
193,41,1,0,0
194,160,1,0,0
195,32,1,0,0
196,67,1,0,0
197,21,1,0,0
198,31,1,0,0
199,123,1,0,0
200,13,1,0,0
201,11,1,0,0
202,37,1,0,0
203,67,1,0,0
204,118,1,0,0
205,170,1,0,0
206,132,1,0,0
207,88,1,0,0
208,90,1,0,0
209,93,1,0,0
210,48,1,0,0
211,111,1,0,0
212,17,1,0,0
213,16,1,0,0
214,14,1,0,0
215,113,1,0,0
216,91,1,0,0
217,62,1,0,0
218,147,1,0,0
219,21,1,0,0
220,29,1,0,0
221,130,1,0,0
222,58,1,0,0
223,103,1,0,0
224,17,1,0,0
225,32,1,0,0
226,15,1,0,0
227,179,1,0,0
228,19,1,0,0
229,54,1,0,0
230,101,1,0,0
231,16,1,0,0
232,13,1,0,0
233,58,1,0,0
234,68,1,0,0
235,170,1,0,0
236,92,1,0,0
237,71,1,0,0
238,73,1,0,0
239,23,1,0,0
240,152,1,0,0
241,20,1,0,0
242,30,1,0,0
243,115,1,0,0
244,168,1,0,0
245,69,1,0,0
246,33,1,0,0
247,201,1,0,0
248,12,1,0,0
249,148,1,0,0
250,36,1,0,0
251,52,1,0,0
252,11,1,0,0
253,28,1,0,0
254,48,1,0,0
255,18,1,0,0
256,104,1,0,0
257,10,1,0,0
258,39,1,0,0
259,60,1,0,0
260,20,1,0,0
261,27,1,0,0
262,177,1,0,0
263,62,1,0,0
264,195,1,0,0
265,21,1,0,0
266,219,1,0,0
267,62,1,0,0
268,58,1,0,0
269,70,1,0,0
270,80,1,0,0
271,26,1,0,0
272,168,1,0,0
273,47,1,0,0
274,50,1,0,0
275,20,1,0,0
276,132,1,0,0
277,23,1,0,0
278,54,1,0,0
279,66,1,0,0
280,31,1,0,0
281,85,1,0,0
282,35,1,0,0
283,173,1,0,0
284,80,1,0,0
285,107,1,0,0
286,50,1,0,0
287,154,1,0,0
288,124,1,0,0
289,77,1,0,0
290,41,1,0,0
291,29,1,0,0
292,57,1,0,0
293,22,1,0,0
294,8,1,0,0
295,38,1,0,0
296,53,1,0,0
297,92,1,0,0
298,174,1,0,0
299,70,1,0,0
300,35,1,0,0
301,42,1,0,0
302,59,1,0,0
303,46,1,0,0
304,38,1,0,0
305,132,1,0,0
306,124,1,0,0
307,13,1,0,0
308,202,1,0,0
309,38,1,0,0
310,36,1,0,0
311,116,1,0,0
312,66,1,0,0
313,88,1,0,0
314,101,1,0,0
315,27,1,0,0
316,60,1,0,0
317,103,1,0,0
318,27,1,0,0
319,11,1,0,0
320,52,1,0,0
321,31,1,0,0
322,81,1,0,0
323,85,1,0,0
324,18,1,0,0
325,33,1,0,0
326,114,1,0,0
327,85,1,0,0
328,49,1,0,0
329,76,1,0,0
330,18,1,0,0
331,84,1,0,0
332,45,1,0,0
333,177,1,0,0
334,64,1,0,0
335,36,1,0,0
336,103,1,0,0
337,122,1,0,0
338,22,1,0,0
339,51,1,0,0
340,8,1,0,0
341,24,1,0,0
342,196,1,0,0
343,90,1,0,0
344,44,1,0,0
345,18,1,0,0
346,15,1,0,0
347,112,1,0,0
348,48,1,0,0
349,59,1,0,0
350,13,1,0,0
351,70,1,0,0
352,38,1,0,0
353,129,1,0,0
354,45,1,0,0
355,14,1,0,0
356,31,1,0,0
357,26,1,0,0
358,42,1,0,0
359,19,1,0,0
360,29,1,0,0
361,39,1,0,0
362,84,1,0,0
363,51,1,0,0
364,27,1,0,0
365,142,1,0,0
366,43,1,0,0
367,24,1,0,0
368,12,1,0,0
369,36,1,0,0
370,15,1,0,0
371,101,1,0,0
372,129,1,0,0
373,10,1,0,0
374,212,1,0,0
375,40,1,0,0
376,47,1,0,0
377,58,1,0,0
378,194,1,0,0
379,20,1,0,0
380,81,1,0,0
381,62,1,0,0
382,25,1,0,0
383,33,1,0,0
384,13,1,0,0
385,47,1,0,0
386,60,1,0,0
387,34,1,0,0
388,97,1,0,0
389,198,1,0,0
390,143,1,0,0
391,51,1,0,0
392,72,1,0,0
393,23,1,0,0
394,30,1,0,0
395,167,1,0,0
396,113,1,0,0
397,79,1,0,0
398,103,1,0,0
399,64,1,0,0
400,59,1,0,0
401,59,1,0,0
402,66,1,0,0
403,66,1,0,0
404,49,1,0,0
405,177,1,0,0
406,10,1,0,0
407,80,1,0,0
408,35,1,0,0
409,13,1,0,0
410,66,1,0,0
411,166,1,0,0
412,69,1,0,0
413,79,1,0,0
414,147,1,0,0
415,108,1,0,0
416,90,1,0,0
417,107,1,0,0
418,31,1,0,0
419,69,1,0,0
420,26,1,0,0
421,35,1,0,0
422,27,1,0,0
423,135,1,0,0
424,95,1,0,0
425,115,1,0,0
426,38,1,0,0
427,80,1,0,0
428,13,1,0,0
429,54,1,0,0
430,123,1,0,0
431,50,1,0,0
432,51,1,0,0
433,62,1,0,0
434,183,1,0,0
435,37,1,0,0
436,64,1,0,0
437,20,1,0,0
438,21,1,0,0
439,62,1,0,0
440,239,1,0,0
441,110,1,0,0
442,92,1,0,0
443,149,1,0,0
444,52,1,0,0
445,16,1,0,0
446,71,1,0,0
447,36,1,0,0
448,44,1,0,0
449,50,1,0,0
450,94,1,0,0
451,72,1,0,0
452,50,1,0,0
453,34,1,0,0
454,33,1,0,0
455,70,1,0,0
456,36,1,0,0
457,162,1,0,0
458,32,1,0,0
459,119,1,0,0
460,102,1,0,0
461,69,1,0,0
462,73,1,0,0
463,120,1,0,0
464,134,1,0,0
465,47,1,0,0
466,20,1,0,0
467,103,1,0,0
468,70,1,0,0
469,62,1,0,0
470,192,1,0,0
471,133,1,0,0
472,31,1,0,0
473,58,1,0,0
474,162,1,0,0
475,86,1,0,0
476,28,1,0,0
477,135,1,0,0
478,48,1,0,0
479,7,1,0,0
480,131,1,0,0
481,122,1,0,0
482,71,1,0,0
483,29,1,0,0
484,102,1,0,0
485,85,1,0,0
486,35,1,0,0
487,41,1,0,0
488,16,1,0,0
489,103,1,0,0
490,110,1,0,0
491,161,1,0,0
492,38,1,0,0
493,59,1,0,0
494,67,1,0,0
495,225,1,0,0
496,82,1,0,0
497,20,1,0,0
498,21,1,0,0
499,42,1,0,0
500,123,1,0,0
501,24,1,0,0
502,105,1,0,0
503,48,1,0,0
504,27,1,0,0
505,134,1,0,0
506,102,1,0,0
507,57,1,0,0
508,66,1,0,0
509,21,1,0,0
510,8,1,0,0
511,140,1,0,0
512,46,1,0,0
513,31,1,0,0
514,24,1,0,0
515,55,1,0,0
516,30,1,0,0
517,109,1,0,0
518,103,1,0,0
519,31,1,0,0
520,24,1,0,0
521,125,1,0,0
522,120,1,0,0
523,101,1,0,0
524,30,1,0,0
525,49,1,0,0
526,52,1,0,0
527,64,1,0,0
528,39,1,0,0
529,242,1,0,0
530,90,1,0,0
531,90,1,0,0
532,32,1,0,0
533,9,1,0,0
534,77,1,0,0
535,51,1,0,0
536,116,1,0,0
537,111,1,0,0
538,46,1,0,0
539,60,1,0,0
540,57,1,0,0
541,110,1,0,0
542,211,1,0,0
543,63,1,0,0
544,26,1,0,0
545,12,1,0,0
546,160,1,0,0
547,127,1,0,0
548,111,1,0,0
549,9,1,0,0
550,198,1,0,0
551,64,1,0,0
552,210,1,0,0
553,12,1,0,0
554,114,1,0,0
555,55,1,0,0
556,99,1,0,0
557,204,1,0,0
558,71,1,0,0
559,110,1,0,0
560,13,1,0,0
561,125,1,0,0
562,149,1,0,0
563,75,1,0,0
564,92,1,0,0
565,132,1,0,0
566,144,1,0,0
567,93,1,0,0
568,174,1,0,0
569,55,1,0,0
570,58,1,0,0
571,39,1,0,0
572,288,1,0,0
573,161,1,0,0
574,84,1,0,0
575,25,1,0,0
576,14,1,0,0
577,73,1,0,0
578,50,1,0,0
579,34,1,0,0
580,106,1,0,0
581,53,1,0,0
582,52,1,0,0
583,20,1,0,0
584,88,1,0,0
585,43,1,0,0
586,223,1,0,0
587,190,1,0,0
588,36,1,0,0
589,27,1,0,0
590,61,1,0,0
591,132,1,0,0
592,96,1,0,0
593,75,1,0,0
594,46,1,0,0
595,89,1,0,0
596,24,1,0,0
597,36,1,0,0
598,131,1,0,0
599,33,1,0,0
600,40,1,0,0
601,7,1,0,0
602,33,1,0,0
603,25,1,0,0
604,54,1,0,0
605,46,1,0,0
606,16,1,0,0
607,109,1,0,0
608,14,1,0,0
609,65,1,0,0
610,43,1,0,0
611,157,1,0,0
612,139,1,0,0
613,61,1,0,0
614,69,1,0,0
615,38,1,0,0
616,199,1,0,0
617,32,1,0,0
618,88,1,0,0
619,32,1,0,0
620,43,1,0,0
621,161,1,0,0
622,136,1,0,0
623,36,1,0,0
624,50,1,0,0
625,36,1,0,0
626,71,1,0,0
627,33,1,0,0
628,9,1,0,0
629,36,1,0,0
630,68,1,0,0
631,57,1,0,0
632,23,1,0,0
633,28,1,0,0
634,59,1,0,0
635,133,1,0,0
636,29,1,0,0
637,83,1,0,0
638,97,1,0,0
639,38,1,0,0
640,44,1,0,0
641,67,1,0,0
642,65,1,0,0
643,39,1,0,0
644,62,1,0,0
645,62,1,0,0
646,51,1,0,0
647,42,1,0,0
648,77,1,0,0
649,157,1,0,0
650,63,1,0,0
651,26,1,0,0
652,33,1,0,0
653,79,1,0,0
654,35,1,0,0
655,48,1,0,0
656,78,1,0,0
657,61,1,0,0
658,61,1,0,0
659,84,1,0,0
660,45,1,0,0
661,50,1,0,0
662,31,1,0,0
663,101,1,0,0
664,36,1,0,0
665,19,1,0,0
666,167,1,0,0
667,29,1,0,0
668,35,1,0,0
669,58,1,0,0
670,83,1,0,0
671,174,1,0,0
672,57,1,0,0
673,53,1,0,0
674,61,1,0,0
675,78,1,0,0
676,33,1,0,0
677,26,1,0,0
678,41,1,0,0
679,49,1,0,0
680,83,1,0,0
681,75,1,0,0
682,80,1,0,0
683,19,1,0,0
684,107,1,0,0
685,71,1,0,0
686,20,1,0,0
687,36,1,0,0
688,45,1,0,0
689,197,1,0,0
690,22,1,0,0
691,28,1,0,0
692,70,1,0,0
693,7,1,0,0
694,55,1,0,0
695,150,1,0,0
696,165,1,0,0
697,118,1,0,0
698,58,1,0,0
699,89,1,0,0
700,100,1,0,0
701,108,1,0,0
702,58,1,0,0
703,47,1,0,0
704,59,1,0,0
705,108,1,0,0
706,113,1,0,0
707,200,1,0,0
708,15,1,0,0
709,170,1,0,0
710,76,1,0,0
711,118,1,0,0
712,49,1,0,0
713,80,1,0,0
714,67,1,0,0
715,22,1,0,0
716,56,1,0,0
717,62,1,0,0
718,68,1,0,0
719,47,1,0,0
720,21,1,0,0
721,160,1,0,0
722,61,1,0,0
723,236,1,0,0
724,109,1,0,0
725,29,1,0,0
726,41,1,0,0
727,39,1,0,0
728,44,1,0,0
729,18,1,0,0
730,37,1,0,0
731,48,1,0,0
732,57,1,0,0
733,30,1,0,0
734,53,1,0,0
735,30,1,0,0
736,87,1,0,0
737,50,1,0,0
738,37,1,0,0
739,126,1,0,0
740,65,1,0,0
741,74,1,0,0
742,36,1,0,0
743,108,1,0,0
744,107,1,0,0
745,47,1,0,0
746,157,1,0,0
747,119,1,0,0
748,62,1,0,0
749,24,1,0,0
750,17,1,0,0
751,310,1,0,0
752,63,1,0,0
753,102,1,0,0
754,19,1,0,0
755,78,1,0,0
756,47,1,0,0
757,19,1,0,0
758,15,1,0,0
759,11,1,0,0
760,148,1,0,0
761,112,1,0,0
762,111,1,0,0
763,35,1,0,0
764,45,1,0,0
765,62,1,0,0
766,17,1,0,0
767,68,1,0,0
768,40,1,0,0
769,53,1,0,0
770,75,1,0,0
771,128,1,0,0
772,94,1,0,0
773,45,1,0,0
774,87,1,0,0
775,95,1,0,0
776,14,1,0,0
777,40,1,0,0
778,55,1,0,0
779,83,1,0,0
780,61,1,0,0
781,95,1,0,0
782,38,1,0,0
783,37,1,0,0
784,35,1,0,0
785,47,1,0,0
786,76,1,0,0
787,146,1,0,0
788,163,1,0,0
789,55,1,0,0
790,124,1,0,0
791,26,1,0,0
792,37,1,0,0
793,36,1,0,0
794,17,1,0,0
795,22,1,0,0
796,66,1,0,0
797,103,1,0,0
798,121,1,0,0
799,20,1,0,0
800,80,1,0,0
801,42,1,0,0
802,8,1,0,0
803,24,1,0,0
804,39,1,0,0
805,30,1,0,0
806,86,1,0,0
807,142,1,0,0
808,21,1,0,0
809,137,1,0,0
810,78,1,0,0
811,44,1,0,0
812,45,1,0,0
813,50,1,0,0
814,114,1,0,0
815,43,1,0,0
816,86,1,0,0
817,14,1,0,0
818,117,1,0,0
819,30,1,0,0
820,72,1,0,0
821,41,1,0,0
822,36,1,0,0
823,66,1,0,0
824,23,1,0,0
825,27,1,0,0
826,90,1,0,0
827,81,1,0,0
828,64,1,0,0
829,102,1,0,0
830,133,1,0,0
831,50,1,0,0
832,15,1,0,0
833,336,1,0,0
834,62,1,0,0
835,10,1,0,0
836,67,1,0,0
837,101,1,0,0
838,55,1,0,0
839,165,1,0,0
840,51,1,0,0
841,50,1,0,0
842,164,1,0,0
843,64,1,0,0
844,189,1,0,0
845,128,1,0,0
846,12,1,0,0
847,41,1,0,0
848,26,1,0,0
849,56,1,0,0
850,43,1,0,0
851,46,1,0,0
852,69,1,0,0
853,29,1,0,0
854,122,1,0,0
855,15,1,0,0
856,125,1,0,0
857,87,1,0,0
858,18,1,0,0
859,37,1,0,0
860,39,1,0,0
861,69,1,0,0
862,18,1,0,0
863,37,1,0,0
864,101,1,0,0
865,93,1,0,0
866,49,1,0,0
867,21,1,0,0
868,56,1,0,0
869,91,1,0,0
870,106,1,0,0
871,12,1,0,0
872,95,1,0,0
873,25,1,0,0
874,79,1,0,0
875,41,1,0,0
876,83,1,0,0
877,100,1,0,0
878,216,1,0,0
879,93,1,0,0
880,116,1,0,0
881,67,1,0,0
882,45,1,0,0
883,75,1,0,0
884,35,1,0,0
885,26,1,0,0
886,99,1,0,0
887,70,1,0,0
888,34,1,0,0
889,95,1,0,0
890,180,1,0,0
891,22,1,0,0
892,118,1,0,0
893,33,1,0,0
894,32,1,0,0
895,31,1,0,0
896,25,1,0,0
897,68,1,0,0
898,59,1,0,0
899,52,1,0,0
900,37,1,0,0
901,72,1,0,0
902,112,1,0,0
903,12,1,0,0
904,87,1,0,0
905,28,1,0,0
906,86,1,0,0
907,38,1,0,0
908,139,1,0,0
909,58,1,0,0
910,94,1,0,0
911,19,1,0,0
912,82,1,0,0
913,181,1,0,0
914,74,1,0,0
915,34,1,0,0
916,32,1,0,0
917,88,1,0,0
918,79,1,0,0
919,45,1,0,0
920,38,1,0,0
921,92,1,0,0
922,74,1,0,0
923,87,1,0,0
924,35,1,0,0
925,48,1,0,0
926,65,1,0,0
927,39,1,0,0
928,161,1,0,0
929,57,1,0,0
930,96,1,0,0
931,22,1,0,0
932,9,1,0,0
933,11,1,0,0
934,75,1,0,0
935,65,1,0,0
936,29,1,0,0
937,58,1,0,0
938,21,1,0,0
939,40,1,0,0
940,82,1,0,0
941,79,1,0,0
942,57,1,0,0
943,23,1,0,0
944,18,1,0,0
945,23,1,0,0
946,89,1,0,0
947,87,1,0,0
948,17,1,0,0
949,182,1,0,0
950,17,1,0,0
951,16,1,0,0
952,234,1,0,0
953,62,1,0,0
954,68,1,0,0
955,45,1,0,0
956,165,1,0,0
957,66,1,0,0
958,39,1,0,0
959,93,1,0,0
960,55,1,0,0
961,22,1,0,0
962,20,1,0,0
963,72,1,0,0
964,172,1,0,0
965,24,1,0,0
966,19,1,0,0
967,41,1,0,0
968,48,1,0,0
969,23,1,0,0
970,110,1,0,0
971,41,1,0,0
972,73,1,0,0
973,73,1,0,0
974,41,1,0,0
975,59,1,0,0
976,108,1,0,0
977,86,1,0,0
978,87,1,0,0
979,71,1,0,0
980,134,1,0,0
981,43,1,0,0
982,61,1,0,0
983,95,1,0,0
984,92,1,0,0
985,72,1,0,0
986,92,1,0,0
987,14,1,0,0
988,184,1,0,0
989,151,1,0,0
990,48,1,0,0
991,35,1,0,0
992,87,1,0,0
993,25,1,0,0
994,29,1,0,0
995,34,1,0,0
996,62,1,0,0
997,114,1,0,0
998,56,1,0,0
999,18,1,0,0
1000,45,1,0,0
1001,21,1,0,0
1002,137,1,0,0
1003,69,1,0,0
1004,127,1,0,0
1005,15,1,0,0
1006,20,1,0,0
1007,61,1,0,0
1008,149,1,0,0
1009,122,1,0,0
1010,38,1,0,0
1011,30,1,0,0
1012,12,1,0,0
1013,42,1,0,0
1014,23,1,0,0
1015,42,1,0,0
1016,11,1,0,0
1017,64,1,0,0
1018,46,1,0,0
1019,132,1,0,0
1020,23,1,0,0
1021,124,1,0,0
1022,200,1,0,0
1023,79,1,0,0
1024,160,1,0,0
1025,35,1,0,0
1026,110,1,0,0
1027,74,1,0,0
1028,44,1,0,0
1029,83,1,0,0
1030,70,1,0,0
1031,117,1,0,0
1032,50,1,0,0
1033,35,1,0,0
1034,35,1,0,0
1035,29,1,0,0
1036,109,1,0,0
1037,95,1,0,0
1038,150,1,0,0
1039,38,1,0,0
1040,34,1,0,0
1041,27,1,0,0
1042,36,1,0,0
1043,37,1,0,0
1044,28,1,0,0
1045,28,1,0,0
1046,40,1,0,0
1047,81,1,0,0
1048,36,1,0,0
1049,49,1,0,0
1050,63,1,0,0
1051,239,1,0,0
1052,58,1,0,0
1053,202,1,0,0
1054,39,1,0,0
1055,108,1,0,0
1056,110,1,0,0
1057,74,1,0,0
1058,56,1,0,0
1059,78,1,0,0
1060,92,1,0,0
1061,89,1,0,0
1062,27,1,0,0
1063,56,1,0,0
1064,52,1,0,0
1065,211,1,0,0
1066,48,1,0,0
1067,55,1,0,0
1068,69,1,0,0
1069,51,1,0,0
1070,35,1,0,0
1071,16,1,0,0
1072,9,1,0,0
1073,48,1,0,0
1074,97,1,0,0
1075,29,1,0,0
1076,73,1,0,0
1077,25,1,0,0
1078,30,1,0,0
1079,28,1,0,0
1080,54,1,0,0
1081,19,1,0,0
1082,34,1,0,0
1083,98,1,0,0
1084,111,1,0,0
1085,14,1,0,0
1086,55,1,0,0
1087,81,1,0,0
1088,82,1,0,0
1089,13,1,0,0
1090,26,1,0,0
1091,19,1,0,0
1092,182,1,0,0
1093,106,1,0,0
1094,91,1,0,0
1095,29,1,0,0
1096,17,1,0,0
1097,92,1,0,0
1098,49,1,0,0
1099,92,1,0,0
1100,50,1,0,0
1101,39,1,0,0
1102,84,1,0,0
1103,77,1,0,0
1104,29,1,0,0
1105,86,1,0,0
1106,152,1,0,0
1107,16,1,0,0
1108,112,1,0,0
1109,27,1,0,0
1110,40,1,0,0
1111,179,1,0,0
1112,14,1,0,0
1113,164,1,0,0
1114,13,1,0,0
1115,24,1,0,0
1116,18,1,0,0
1117,66,1,0,0
1118,43,1,0,0
1119,70,1,0,0
1120,32,1,0,0
1121,203,1,0,0
1122,148,1,0,0
1123,43,1,0,0
1124,60,1,0,0
1125,159,1,0,0
1126,250,1,0,0
1127,74,1,0,0
1128,7,1,0,0
1129,50,1,0,0
1130,134,1,0,0
1131,52,1,0,0
1132,27,1,0,0
1133,85,1,0,0
1134,202,1,0,0
1135,54,1,0,0
1136,41,1,0,0
1137,47,1,0,0
1138,103,1,0,0
1139,24,1,0,0
1140,55,1,0,0
1141,119,1,0,0
1142,142,1,0,0
1143,32,1,0,0
1144,41,1,0,0
1145,25,1,0,0
1146,64,1,0,0
1147,26,1,0,0
1148,171,1,0,0
1149,39,1,0,0
1150,39,1,0,0
1151,172,1,0,0
1152,103,1,0,0
1153,55,1,0,0
1154,15,1,0,0
1155,122,1,0,0
1156,64,1,0,0
1157,46,1,0,0
1158,51,1,0,0
1159,33,1,0,0
1160,125,1,0,0
1161,26,1,0,0
1162,28,1,0,0
1163,28,1,0,0
1164,20,1,0,0
1165,113,1,0,0
1166,25,1,0,0
1167,23,1,0,0
1168,73,1,0,0
1169,97,1,0,0
1170,38,1,0,0
1171,35,1,0,0
1172,76,1,0,0
1173,46,1,0,0
1174,67,1,0,0
1175,43,1,0,0
1176,32,1,0,0
1177,51,1,0,0
1178,30,1,0,0
1179,65,1,0,0
1180,76,1,0,0
1181,17,1,0,0
1182,372,1,0,0
1183,94,1,0,0
1184,46,1,0,0
1185,30,1,0,0
1186,19,1,0,0
1187,133,1,0,0
1188,30,1,0,0
1189,128,1,0,0
1190,106,1,0,0
1191,268,1,0,0
1192,55,1,0,0
1193,115,1,0,0
1194,258,1,0,0
1195,96,1,0,0
1196,132,1,0,0
1197,72,1,0,0
1198,92,1,0,0
1199,79,1,0,0
1200,80,1,0,0
1201,35,1,0,0
1202,37,1,0,0
1203,47,1,0,0
1204,29,1,0,0
1205,165,1,0,0
1206,16,1,0,0
1207,18,1,0,0
1208,21,1,0,0
1209,99,1,0,0
1210,41,1,0,0
1211,14,1,0,0
1212,20,1,0,0
1213,129,1,0,0
1214,202,1,0,0
1215,60,1,0,0
1216,171,1,0,0
1217,107,1,0,0
1218,151,1,0,0
1219,50,1,0,0
1220,191,1,0,0
1221,44,1,0,0
1222,52,1,0,0
1223,93,1,0,0
1224,10,1,0,0
1225,58,1,0,0
1226,18,1,0,0
1227,14,1,0,0
1228,192,1,0,0
1229,38,1,0,0
1230,21,1,0,0
1231,71,1,0,0
1232,29,1,0,0
1233,52,1,0,0
1234,17,1,0,0
1235,24,1,0,0
1236,30,1,0,0
1237,46,1,0,0
1238,49,1,0,0
1239,79,1,0,0
1240,117,1,0,0
1241,59,1,0,0
1242,88,1,0,0
1243,28,1,0,0
1244,87,1,0,0
1245,94,1,0,0
1246,33,1,0,0
1247,49,1,0,0
1248,47,1,0,0
1249,50,1,0,0
1250,133,1,0,0
1251,41,1,0,0
1252,82,1,0,0
1253,24,1,0,0
1254,63,1,0,0
1255,182,1,0,0
1256,105,1,0,0
1257,23,1,0,0
1258,141,1,0,0
1259,139,1,0,0
1260,21,1,0,0
1261,37,1,0,0
1262,59,1,0,0
1263,33,1,0,0
1264,65,1,0,0
1265,41,1,0,0
1266,145,1,0,0
1267,54,1,0,0
1268,34,1,0,0
1269,321,1,0,0
1270,40,1,0,0
1271,48,1,0,0
1272,34,1,0,0
1273,19,1,0,0
1274,71,1,0,0
1275,156,1,0,0
1276,135,1,0,0
1277,23,1,0,0
1278,73,1,0,0
1279,79,1,0,0
1280,21,1,0,0
1281,18,1,0,0
1282,166,1,0,0
1283,131,1,0,0
1284,54,1,0,0
1285,86,1,0,0
1286,41,1,0,0
1287,80,1,0,0
1288,70,1,0,0
1289,74,1,0,0
1290,29,1,0,0
1291,56,1,0,0
1292,67,1,0,0
1293,43,1,0,0
1294,50,1,0,0
1295,68,1,0,0
1296,52,1,0,0
1297,11,1,0,0
1298,99,1,0,0
1299,33,1,0,0
1300,75,1,0,0
1301,34,1,0,0
1302,166,1,0,0
1303,42,1,0,0
1304,114,1,0,0
1305,44,1,0,0
1306,83,1,0,0
1307,73,1,0,0
1308,54,1,0,0
1309,71,1,0,0
1310,72,1,0,0
1311,44,1,0,0
1312,41,1,0,0
1313,52,1,0,0
1314,56,1,0,0
1315,140,1,0,0
1316,59,1,0,0
1317,81,1,0,0
1318,30,1,0,0
1319,180,1,0,0
1320,78,1,0,0
1321,100,1,0,0
1322,114,1,0,0
1323,17,1,0,0
1324,44,1,0,0
1325,70,1,0,0
1326,234,1,0,0
1327,41,1,0,0
1328,119,1,0,0
1329,111,1,0,0
1330,22,1,0,0
1331,29,1,0,0
1332,26,1,0,0
1333,76,1,0,0
1334,97,1,0,0
1335,89,1,0,0
1336,156,1,0,0
1337,60,1,0,0
1338,92,1,0,0
1339,21,1,0,0
1340,22,1,0,0
1341,65,1,0,0
1342,48,1,0,0
1343,84,1,0,0
1344,38,1,0,0
1345,179,1,0,0
1346,67,1,0,0
1347,180,1,0,0
1348,42,1,0,0
1349,85,1,0,0
1350,155,1,0,0
1351,46,1,0,0
1352,125,1,0,0
1353,44,1,0,0
1354,122,1,0,0
1355,130,1,0,0
1356,124,1,0,0
1357,45,1,0,0
1358,13,1,0,0
1359,51,1,0,0
1360,104,1,0,0
1361,30,1,0,0
1362,145,1,0,0
1363,154,1,0,0
1364,126,1,0,0
1365,43,1,0,0
1366,77,1,0,0
1367,17,1,0,0
1368,93,1,0,0
1369,97,1,0,0
1370,48,1,0,0
1371,132,1,0,0
1372,17,1,0,0
1373,117,1,0,0
1374,83,1,0,0
1375,25,1,0,0
1376,12,1,0,0
1377,34,1,0,0
1378,27,1,0,0
1379,150,1,0,0
1380,40,1,0,0
1381,18,1,0,0
1382,69,1,0,0
1383,95,1,0,0
1384,190,1,0,0
1385,14,1,0,0
1386,20,1,0,0
1387,15,1,0,0
1388,118,1,0,0
1389,19,1,0,0
1390,30,1,0,0
1391,77,1,0,0
1392,103,1,0,0
1393,114,1,0,0
1394,39,1,0,0
1395,65,1,0,0
1396,16,1,0,0
1397,91,1,0,0
1398,72,1,0,0
1399,66,1,0,0
1400,141,1,0,0
1401,67,1,0,0
1402,27,1,0,0
1403,42,1,0,0
1404,73,1,0,0
1405,135,1,0,0
1406,42,1,0,0
1407,132,1,0,0
1408,65,1,0,0
1409,176,1,0,0
1410,24,1,0,0
1411,32,1,0,0
1412,20,1,0,0
1413,110,1,0,0
1414,63,1,0,0
1415,57,1,0,0
1416,187,1,0,0
1417,160,1,0,0
1418,59,1,0,0
1419,17,1,0,0
1420,41,1,0,0
1421,44,1,0,0
1422,50,1,0,0
1423,25,1,0,0
1424,113,1,0,0
1425,26,1,0,0
1426,95,1,0,0
1427,30,1,0,0
1428,46,1,0,0
1429,66,1,0,0
1430,18,1,0,0
1431,59,1,0,0
1432,17,1,0,0
1433,69,1,0,0
1434,112,1,0,0
1435,72,1,0,0
1436,224,1,0,0
1437,15,1,0,0
1438,14,1,0,0
1439,47,1,0,0
1440,174,1,0,0
1441,161,1,0,0
1442,86,1,0,0
1443,60,1,0,0
1444,52,1,0,0
1445,90,1,0,0
1446,61,1,0,0
1447,29,1,0,0
1448,77,1,0,0
1449,40,1,0,0
1450,9,1,0,0
1451,49,1,0,0
1452,21,1,0,0
1453,38,1,0,0
1454,66,1,0,0
1455,33,1,0,0
1456,25,1,0,0
1457,38,1,0,0
1458,67,1,0,0
1459,29,1,0,0
1460,26,1,0,0
1461,43,1,0,0
1462,52,1,0,0
1463,17,1,0,0
1464,91,1,0,0
1465,65,1,0,0
1466,33,1,0,0
1467,51,1,0,0
1468,33,1,0,0
1469,149,1,0,0
1470,211,1,0,0
1471,124,1,0,0
1472,104,1,0,0
1473,123,1,0,0
1474,68,1,0,0
1475,31,1,0,0
1476,25,1,0,0
1477,53,1,0,0
1478,11,1,0,0
1479,100,1,0,0
1480,93,1,0,0
1481,49,1,0,0
1482,122,1,0,0
1483,27,1,0,0
1484,17,1,0,0
1485,43,1,0,0
1486,50,1,0,0
1487,86,1,0,0
1488,19,1,0,0
1489,82,1,0,0
1490,45,1,0,0
1491,32,1,0,0
1492,52,1,0,0
1493,86,1,0,0
1494,8,1,0,0
1495,57,1,0,0
1496,78,1,0,0
1497,24,1,0,0
1498,63,1,0,0
1499,51,1,0,0
1500,79,1,0,0
1501,190,1,0,0
1502,73,1,0,0
1503,36,1,0,0
1504,74,1,0,0
1505,65,1,0,0
1506,26,1,0,0
1507,37,1,0,0
1508,34,1,0,0
1509,75,1,0,0
1510,94,1,0,0
1511,31,1,0,0
1512,30,1,0,0
1513,164,1,0,0
1514,42,1,0,0
1515,55,1,0,0
1516,78,1,0,0
1517,37,1,0,0
1518,45,1,0,0
1519,142,1,0,0
1520,46,1,0,0
1521,87,1,0,0
1522,50,1,0,0
1523,44,1,0,0
1524,49,1,0,0
1525,85,1,0,0
1526,71,1,0,0
1527,215,1,0,0
1528,44,1,0,0
1529,31,1,0,0
1530,43,1,0,0
1531,45,1,0,0
1532,40,1,0,0
1533,69,1,0,0
1534,60,1,0,0
1535,73,1,0,0
1536,35,1,0,0
1537,91,1,0,0
1538,12,1,0,0
1539,154,1,0,0
1540,23,1,0,0
1541,106,1,0,0
1542,105,1,0,0
1543,29,1,0,0
1544,16,1,0,0
1545,159,1,0,0
1546,114,1,0,0
1547,138,1,0,0
1548,20,1,0,0
1549,42,1,0,0
1550,18,1,0,0
1551,30,1,0,0
1552,51,1,0,0
1553,19,1,0,0
1554,177,1,0,0
1555,73,1,0,0
1556,40,1,0,0
1557,58,1,0,0
1558,46,1,0,0
1559,105,1,0,0
1560,96,1,0,0
1561,72,1,0,0
1562,36,1,0,0
1563,36,1,0,0
1564,46,1,0,0
1565,24,1,0,0
1566,119,1,0,0
1567,150,1,0,0
1568,85,1,0,0
1569,89,1,0,0
1570,83,1,0,0
1571,23,1,0,0
1572,36,1,0,0
1573,37,1,0,0
1574,61,1,0,0
1575,46,1,0,0
1576,42,1,0,0
1577,103,1,0,0
1578,27,1,0,0
1579,83,1,0,0
1580,20,1,0,0
1581,101,1,0,0
1582,82,1,0,0
1583,52,1,0,0
1584,74,1,0,0
1585,171,1,0,0
1586,37,1,0,0
1587,77,1,0,0
1588,22,1,0,0
1589,192,1,0,0
1590,44,1,0,0
1591,74,1,0,0
1592,32,1,0,0
1593,52,1,0,0
1594,143,1,0,0
1595,74,1,0,0
1596,31,1,0,0
1597,35,1,0,0
1598,36,1,0,0
1599,20,1,0,0
1600,18,1,0,0
1601,87,1,0,0
1602,109,1,0,0
1603,141,1,0,0
1604,47,1,0,0
1605,20,1,0,0
1606,164,1,0,0
1607,102,1,0,0
1608,69,1,0,0
1609,164,1,0,0
1610,190,1,0,0
1611,17,1,0,0
1612,161,1,0,0
1613,49,1,0,0
1614,41,1,0,0
1615,36,1,0,0
1616,76,1,0,0
1617,85,1,0,0
1618,19,1,0,0
1619,84,1,0,0
1620,164,1,0,0
1621,35,1,0,0
1622,29,1,0,0
1623,163,1,0,0
1624,111,1,0,0
1625,144,1,0,0
1626,108,1,0,0
1627,79,1,0,0
1628,63,1,0,0
1629,56,1,0,0
1630,29,1,0,0
1631,91,1,0,0
1632,160,1,0,0
1633,78,1,0,0
1634,136,1,0,0
1635,27,1,0,0
1636,75,1,0,0
1637,138,1,0,0
1638,84,1,0,0
1639,102,1,0,0
1640,63,1,0,0
1641,25,1,0,0
1642,15,1,0,0
1643,35,1,0,0
1644,51,1,0,0
1645,32,1,0,0
1646,58,1,0,0
1647,7,1,0,0
1648,37,1,0,0
1649,86,1,0,0
1650,22,1,0,0
1651,78,1,0,0
1652,42,1,0,0
1653,111,1,0,0
1654,15,1,0,0
1655,188,1,0,0
1656,28,1,0,0
1657,59,1,0,0
1658,113,1,0,0
1659,68,1,0,0
1660,23,1,0,0
1661,21,1,0,0
1662,19,1,0,0
1663,20,1,0,0
1664,108,1,0,0
1665,21,1,0,0
1666,67,1,0,0
1667,66,1,0,0
1668,114,1,0,0
1669,69,1,0,0
1670,74,1,0,0
1671,13,1,0,0
1672,63,1,0,0
1673,79,1,0,0
1674,174,1,0,0
1675,86,1,0,0
1676,118,1,0,0
1677,40,1,0,0
1678,50,1,0,0
1679,35,1,0,0
1680,28,1,0,0
1681,111,1,0,0
1682,23,1,0,0
1683,21,1,0,0
1684,64,1,0,0
1685,51,1,0,0
1686,247,1,0,0
1687,42,1,0,0
1688,33,1,0,0
1689,88,1,0,0
1690,10,1,0,0
1691,37,1,0,0
1692,8,1,0,0
1693,59,1,0,0
1694,78,1,0,0
1695,33,1,0,0
1696,253,1,0,0
1697,93,1,0,0
1698,70,1,0,0
1699,54,1,0,0
1700,60,1,0,0
1701,32,1,0,0
1702,111,1,0,0
1703,57,1,0,0
1704,10,1,0,0
1705,124,1,0,0
1706,17,1,0,0
1707,37,1,0,0
1708,97,1,0,0
1709,87,1,0,0
1710,154,1,0,0
1711,109,1,0,0
1712,33,1,0,0
1713,124,1,0,0
1714,91,1,0,0
1715,98,1,0,0
1716,94,1,0,0
1717,64,1,0,0
1718,57,1,0,0
1719,14,1,0,0
1720,65,1,0,0
1721,139,1,0,0
1722,45,1,0,0
1723,23,1,0,0
1724,18,1,0,0
1725,73,1,0,0
1726,9,1,0,0
1727,91,1,0,0
1728,164,1,0,0
1729,18,1,0,0
1730,89,1,0,0
1731,288,1,0,0
1732,54,1,0,0
1733,72,1,0,0
1734,164,1,0,0
1735,96,1,0,0
1736,12,1,0,0
1737,66,1,0,0
1738,35,1,0,0
1739,19,1,0,0
1740,8,1,0,0
1741,52,1,0,0
1742,58,1,0,0
1743,46,1,0,0
1744,42,1,0,0
1745,21,1,0,0
1746,160,1,0,0
1747,54,1,0,0
1748,31,1,0,0
1749,192,1,0,0
1750,32,1,0,0
1751,139,1,0,0
1752,37,1,0,0
1753,101,1,0,0
1754,56,1,0,0
1755,54,1,0,0
1756,39,1,0,0
1757,32,1,0,0
1758,25,1,0,0
1759,52,1,0,0
1760,29,1,0,0
1761,15,1,0,0
1762,9,1,0,0
1763,38,1,0,0
1764,60,1,0,0
1765,82,1,0,0
1766,111,1,0,0
1767,58,1,0,0
1768,95,1,0,0
1769,157,1,0,0
1770,49,1,0,0
1771,20,1,0,0
1772,70,1,0,0
1773,63,1,0,0
1774,66,1,0,0
1775,76,1,0,0
1776,35,1,0,0
1777,73,1,0,0
1778,67,1,0,0
1779,86,1,0,0
1780,30,1,0,0
1781,46,1,0,0
1782,21,1,0,0
1783,107,1,0,0
1784,13,1,0,0
1785,97,1,0,0
1786,41,1,0,0
1787,26,1,0,0
1788,79,1,0,0
1789,36,1,0,0
1790,19,1,0,0
1791,29,1,0,0
1792,173,1,0,0
1793,102,1,0,0
1794,76,1,0,0
1795,94,1,0,0
1796,55,1,0,0
1797,21,1,0,0
1798,62,1,0,0
1799,72,1,0,0
1800,22,1,0,0
1801,33,1,0,0
1802,54,1,0,0
1803,25,1,0,0
1804,43,1,0,0
1805,68,1,0,0
1806,86,1,0,0
1807,78,1,0,0
1808,46,1,0,0
1809,7,1,0,0
1810,28,1,0,0
1811,105,1,0,0
1812,110,1,0,0
1813,47,1,0,0
1814,46,1,0,0
1815,132,1,0,0
1816,27,1,0,0
1817,39,1,0,0
1818,46,1,0,0
1819,87,1,0,0
1820,76,1,0,0
1821,84,1,0,0
1822,91,1,0,0
1823,30,1,0,0
1824,44,1,0,0
1825,159,1,0,0
1826,43,1,0,0
1827,244,1,0,0
1828,191,1,0,0
1829,65,1,0,0
1830,131,1,0,0
1831,10,1,0,0
1832,63,1,0,0
1833,24,1,0,0
1834,94,1,0,0
1835,14,1,0,0
1836,45,1,0,0
1837,29,1,0,0
1838,72,1,0,0
1839,140,1,0,0
1840,131,1,0,0
1841,171,1,0,0
1842,60,1,0,0
1843,22,1,0,0
1844,104,1,0,0
1845,116,1,0,0
1846,44,1,0,0
1847,43,1,0,0
1848,37,1,0,0
1849,39,1,0,0
1850,70,1,0,0
1851,49,1,0,0
1852,65,1,0,0
1853,103,1,0,0
1854,144,1,0,0
1855,207,1,0,0
1856,111,1,0,0
1857,54,1,0,0
1858,147,1,0,0
1859,100,1,0,0
1860,45,1,0,0
1861,25,1,0,0
1862,61,1,0,0
1863,17,1,0,0
1864,37,1,0,0
1865,18,1,0,0
1866,33,1,0,0
1867,77,1,0,0
1868,30,1,0,0
1869,66,1,0,0
1870,86,1,0,0
1871,86,1,0,0
1872,155,1,0,0
1873,167,1,0,0
1874,162,1,0,0
1875,41,1,0,0
1876,21,1,0,0
1877,236,1,0,0
1878,123,1,0,0
1879,135,1,0,0
1880,93,1,0,0
1881,247,1,0,0
1882,55,1,0,0
1883,45,1,0,0
1884,156,1,0,0
1885,111,1,0,0
1886,15,1,0,0
1887,24,1,0,0
1888,26,1,0,0
1889,65,1,0,0
1890,117,1,0,0
1891,76,1,0,0
1892,122,1,0,0
1893,121,1,0,0
1894,67,1,0,0
1895,79,1,0,0
1896,50,1,0,0
1897,58,1,0,0
1898,85,1,0,0
1899,29,1,0,0
1900,42,1,0,0
1901,48,1,0,0
1902,89,1,0,0
1903,56,1,0,0
1904,42,1,0,0
1905,75,1,0,0
1906,188,1,0,0
1907,26,1,0,0
1908,276,1,0,0
1909,64,1,0,0
1910,21,1,0,0
1911,40,1,0,0
1912,56,1,0,0
1913,170,1,0,0
1914,74,1,0,0
1915,52,1,0,0
1916,75,1,0,0
1917,40,1,0,0
1918,21,1,0,0
1919,23,1,0,0
1920,83,1,0,0
1921,70,1,0,0
1922,36,1,0,0
1923,45,1,0,0
1924,88,1,0,0
1925,239,1,0,0
1926,97,1,0,0
1927,191,1,0,0
1928,22,1,0,0
1929,48,1,0,0
1930,70,1,0,0
1931,116,1,0,0
1932,171,1,0,0
1933,91,1,0,0
1934,62,1,0,0
1935,102,1,0,0
1936,153,1,0,0
1937,24,1,0,0
1938,80,1,0,0
1939,242,1,0,0
1940,146,1,0,0
1941,43,1,0,0
1942,98,1,0,0
1943,53,1,0,0
1944,18,1,0,0
1945,127,1,0,0
1946,41,1,0,0
1947,71,1,0,0
1948,44,1,0,0
1949,61,1,0,0
1950,10,1,0,0
1951,30,1,0,0
1952,103,1,0,0
1953,60,1,0,0
1954,68,1,0,0
1955,65,1,0,0
1956,116,1,0,0
1957,68,1,0,0
1958,192,1,0,0
1959,31,1,0,0
1960,105,1,0,0
1961,23,1,0,0
1962,143,1,0,0
1963,94,1,0,0
1964,12,1,0,0
1965,44,1,0,0
1966,51,1,0,0
1967,76,1,0,0
1968,14,1,0,0
1969,143,1,0,0
1970,102,1,0,0
1971,54,1,0,0
1972,120,1,0,0
1973,94,1,0,0
1974,115,1,0,0
1975,11,1,0,0
1976,19,1,0,0
1977,57,1,0,0
1978,65,1,0,0
1979,19,1,0,0
1980,14,1,0,0
1981,29,1,0,0
1982,191,1,0,0
1983,116,1,0,0
1984,55,1,0,0
1985,49,1,0,0
1986,20,1,0,0
1987,62,1,0,0
1988,78,1,0,0
1989,15,1,0,0
1990,75,1,0,0
1991,40,1,0,0
1992,182,1,0,0
1993,63,1,0,0
1994,152,1,0,0
1995,65,1,0,0
1996,44,1,0,0
1997,86,1,0,0
1998,309,1,0,0
1999,66,1,0,0
2000,50,1,0,0
2001,30,1,0,0
2002,149,1,0,0
2003,90,1,0,0
2004,129,1,0,0
2005,39,1,0,0
2006,19,1,0,0
2007,133,1,0,0
2008,72,1,0,0
2009,223,1,0,0
2010,39,1,0,0
2011,71,1,0,0
2012,158,1,0,0
2013,131,1,0,0
2014,94,1,0,0
2015,32,1,0,0
2016,38,1,0,0
2017,104,1,0,0
2018,35,1,0,0
2019,77,1,0,0
2020,110,1,0,0
2021,65,1,0,0
2022,14,1,0,0
2023,46,1,0,0
2024,74,1,0,0
2025,122,1,0,0
2026,91,1,0,0
2027,71,1,0,0
2028,82,1,0,0
2029,38,1,0,0
2030,39,1,0,0
2031,86,1,0,0
2032,89,1,0,0
2033,98,1,0,0
2034,29,1,0,0
2035,39,1,0,0
2036,92,1,0,0
2037,98,1,0,0
2038,23,1,0,0
2039,48,1,0,0
2040,63,1,0,0
2041,20,1,0,0
2042,25,1,0,0
2043,16,1,0,0
2044,39,1,0,0
2045,66,1,0,0
2046,186,1,0,0
2047,93,1,0,0
2048,99,1,0,0
2049,38,1,0,0
2050,41,1,0,0
2051,59,1,0,0
2052,152,1,0,0
2053,26,1,0,0
2054,84,1,0,0
2055,40,1,0,0
2056,70,1,0,0
2057,70,1,0,0
2058,46,1,0,0
2059,17,1,0,0
2060,100,1,0,0
2061,46,1,0,0
2062,10,1,0,0
2063,24,1,0,0
2064,15,1,0,0
2065,81,1,0,0
2066,73,1,0,0
2067,13,1,0,0
2068,22,1,0,0
2069,82,1,0,0
2070,21,1,0,0
2071,106,1,0,0
2072,66,1,0,0
2073,22,1,0,0
2074,25,1,0,0
2075,92,1,0,0
2076,28,1,0,0
2077,56,1,0,0
2078,142,1,0,0
2079,26,1,0,0
2080,22,1,0,0
2081,31,1,0,0
2082,121,1,0,0
2083,57,1,0,0
2084,52,1,0,0
2085,20,1,0,0
2086,34,1,0,0
2087,48,1,0,0
2088,40,1,0,0
2089,26,1,0,0
2090,49,1,0,0
2091,37,1,0,0
2092,55,1,0,0
2093,110,1,0,0
2094,24,1,0,0
2095,39,1,0,0
2096,66,1,0,0
2097,41,1,0,0
2098,84,1,0,0
2099,115,1,0,0
2100,33,1,0,0
2101,189,1,0,0
2102,84,1,0,0
2103,84,1,0,0
2104,55,1,0,0
2105,56,1,0,0
2106,17,1,0,0
2107,59,1,0,0
2108,52,1,0,0
2109,39,1,0,0
2110,43,1,0,0
2111,17,1,0,0
2112,38,1,0,0
2113,55,1,0,0
2114,26,1,0,0
2115,19,1,0,0
2116,103,1,0,0
2117,52,1,0,0
2118,60,1,0,0
2119,51,1,0,0
2120,63,1,0,0
2121,10,1,0,0
2122,64,1,0,0
2123,234,1,0,0
2124,91,1,0,0
2125,18,1,0,0
2126,190,1,0,0
2127,21,1,0,0
2128,27,1,0,0
2129,73,1,0,0
2130,45,1,0,0
2131,25,1,0,0
2132,32,1,0,0
2133,61,1,0,0
2134,104,1,0,0
2135,47,1,0,0
2136,31,1,0,0
2137,92,1,0,0
2138,80,1,0,0
2139,22,1,0,0
2140,17,1,0,0
2141,127,1,0,0
2142,55,1,0,0
2143,86,1,0,0
2144,16,1,0,0
2145,44,1,0,0
2146,19,1,0,0
2147,37,1,0,0
2148,27,1,0,0
2149,120,1,0,0
2150,21,1,0,0
2151,105,1,0,0
2152,88,1,0,0
2153,18,1,0,0
2154,110,1,0,0
2155,75,1,0,0
2156,78,1,0,0
2157,12,1,0,0
2158,351,1,0,0
2159,67,1,0,0
2160,106,1,0,0
2161,56,1,0,0
2162,69,1,0,0
2163,162,1,0,0
2164,16,1,0,0
2165,22,1,0,0
2166,48,1,0,0
2167,82,1,0,0
2168,42,1,0,0
2169,44,1,0,0
2170,33,1,0,0
2171,45,1,0,0
2172,26,1,0,0
2173,38,1,0,0
2174,29,1,0,0
2175,22,1,0,0
2176,68,1,0,0
2177,45,1,0,0
2178,88,1,0,0
2179,64,1,0,0
2180,19,1,0,0
2181,46,1,0,0
2182,56,1,0,0
2183,37,1,0,0
2184,87,1,0,0
2185,98,1,0,0
2186,159,1,0,0
2187,182,1,0,0
2188,91,1,0,0
2189,11,1,0,0
2190,19,1,0,0
2191,26,1,0,0
2192,74,1,0,0
2193,75,1,0,0
2194,61,1,0,0
2195,24,1,0,0
2196,69,1,0,0
2197,31,1,0,0
2198,111,1,0,0
2199,83,1,0,0
2200,143,1,0,0
2201,13,1,0,0
2202,119,1,0,0
2203,37,1,0,0
2204,32,1,0,0
2205,41,1,0,0
2206,33,1,0,0
2207,26,1,0,0
2208,42,1,0,0
2209,60,1,0,0
2210,55,1,0,0
2211,85,1,0,0
2212,80,1,0,0
2213,78,1,0,0
2214,37,1,0,0
2215,149,1,0,0
2216,84,1,0,0
2217,107,1,0,0
2218,90,1,0,0
2219,109,1,0,0
2220,28,1,0,0
2221,17,1,0,0
2222,53,1,0,0
2223,37,1,0,0
2224,36,1,0,0
2225,107,1,0,0
2226,195,1,0,0
2227,53,1,0,0
2228,43,1,0,0
2229,152,1,0,0
2230,15,1,0,0
2231,92,1,0,0
2232,19,1,0,0
2233,9,1,0,0
2234,40,1,0,0
2235,91,1,0,0
2236,58,1,0,0
2237,122,1,0,0
2238,29,1,0,0
2239,9,1,0,0
2240,51,1,0,0
2241,118,1,0,0
2242,87,1,0,0
2243,76,1,0,0
2244,48,1,0,0
2245,48,1,0,0
2246,26,1,0,0
2247,11,1,0,0
2248,59,1,0,0
2249,136,1,0,0
2250,100,1,0,0
2251,75,1,0,0
2252,177,1,0,0
2253,24,1,0,0
2254,97,1,0,0
2255,93,1,0,0
2256,23,1,0,0
2257,31,1,0,0
2258,45,1,0,0
2259,86,1,0,0
2260,134,1,0,0
2261,59,1,0,0
2262,67,1,0,0
2263,69,1,0,0
2264,118,1,0,0
2265,114,1,0,0
2266,196,1,0,0
2267,25,1,0,0
2268,8,1,0,0
2269,16,1,0,0
2270,38,1,0,0
2271,99,1,0,0
2272,73,1,0,0
2273,50,1,0,0
2274,157,1,0,0
2275,13,1,0,0
2276,130,1,0,0
2277,58,1,0,0
2278,27,1,0,0
2279,17,1,0,0
2280,29,1,0,0
2281,51,1,0,0
2282,81,1,0,0
2283,31,1,0,0
2284,83,1,0,0
2285,105,1,0,0
2286,120,1,0,0
2287,119,1,0,0
2288,20,1,0,0
2289,106,1,0,0
2290,39,1,0,0
2291,28,1,0,0
2292,65,1,0,0
2293,106,1,0,0
2294,124,1,0,0
2295,34,1,0,0
2296,29,1,0,0
2297,25,1,0,0
2298,97,1,0,0
2299,107,1,0,0
2300,9,1,0,0
2301,32,1,0,0
2302,81,1,0,0
2303,134,1,0,0
2304,31,1,0,0
2305,166,1,0,0
2306,322,1,0,0
2307,49,1,0,0
2308,44,1,0,0
2309,104,1,0,0
2310,40,1,0,0
2311,68,1,0,0
2312,24,1,0,0
2313,19,1,0,0
2314,59,1,0,0
2315,43,1,0,0
2316,31,1,0,0
2317,50,1,0,0
2318,40,1,0,0
2319,161,1,0,0
2320,88,1,0,0
2321,119,1,0,0
2322,13,1,0,0
2323,110,1,0,0
2324,155,1,0,0
2325,34,1,0,0
2326,31,1,0,0
2327,58,1,0,0
2328,79,1,0,0
2329,98,1,0,0
2330,69,1,0,0
2331,70,1,0,0
2332,23,1,0,0
2333,61,1,0,0
2334,82,1,0,0
2335,32,1,0,0
2336,126,1,0,0
2337,43,1,0,0
2338,56,1,0,0
2339,170,1,0,0
2340,77,1,0,0
2341,133,1,0,0
2342,22,1,0,0
2343,83,1,0,0
2344,91,1,0,0
2345,115,1,0,0
2346,56,1,0,0
2347,29,1,0,0
2348,61,1,0,0
2349,104,1,0,0
2350,90,1,0,0
2351,92,1,0,0
2352,111,1,0,0
2353,56,1,0,0
2354,61,1,0,0
2355,142,1,0,0
2356,35,1,0,0
2357,37,1,0,0
2358,74,1,0,0
2359,38,1,0,0
2360,81,1,0,0
2361,68,1,0,0
2362,39,1,0,0
2363,219,1,0,0
2364,88,1,0,0
2365,46,1,0,0
2366,72,1,0,0
2367,127,1,0,0
2368,81,1,0,0
2369,122,1,0,0
2370,16,1,0,0
2371,165,1,0,0
2372,17,1,0,0
2373,12,1,0,0
2374,34,1,0,0
2375,153,1,0,0
2376,79,1,0,0
2377,37,1,0,0
2378,125,1,0,0
2379,67,1,0,0
2380,134,1,0,0
2381,118,1,0,0
2382,116,1,0,0
2383,102,1,0,0
2384,19,1,0,0
2385,235,1,0,0
2386,13,1,0,0
2387,43,1,0,0
2388,43,1,0,0
2389,135,1,0,0
2390,15,1,0,0
2391,48,1,0,0
2392,16,1,0,0
2393,12,1,0,0
2394,55,1,0,0
2395,27,1,0,0
2396,14,1,0,0
2397,110,1,0,0
2398,69,1,0,0
2399,87,1,0,0
2400,97,1,0,0
2401,57,1,0,0
2402,94,1,0,0
2403,27,1,0,0
2404,47,1,0,0
2405,11,1,0,0
2406,76,1,0,0
2407,64,1,0,0
2408,16,1,0,0
2409,54,1,0,0
2410,63,1,0,0
2411,291,1,0,0
2412,62,1,0,0
2413,50,1,0,0
2414,48,1,0,0
2415,52,1,0,0
2416,50,1,0,0
2417,85,1,0,0
2418,96,1,0,0
2419,19,1,0,0
2420,24,1,0,0
2421,171,1,0,0
2422,26,1,0,0
2423,152,1,0,0
2424,36,1,0,0
2425,78,1,0,0
2426,89,1,0,0
2427,35,1,0,0
2428,104,1,0,0
2429,102,1,0,0
2430,81,1,0,0
2431,82,1,0,0
2432,88,1,0,0
2433,90,1,0,0
2434,69,1,0,0
2435,85,1,0,0
2436,93,1,0,0
2437,42,1,0,0
2438,81,1,0,0
2439,33,1,0,0
2440,38,1,0,0
2441,75,1,0,0
2442,114,1,0,0
2443,110,1,0,0
2444,289,1,0,0
2445,118,1,0,0
2446,27,1,0,0
2447,29,1,0,0
2448,86,1,0,0
2449,90,1,0,0
2450,47,1,0,0
2451,33,1,0,0
2452,108,1,0,0
2453,67,1,0,0
2454,130,1,0,0
2455,120,1,0,0
2456,66,1,0,0
2457,21,1,0,0
2458,19,1,0,0
2459,106,1,0,0
2460,186,1,0,0
2461,39,1,0,0
2462,46,1,0,0
2463,86,1,0,0
2464,66,1,0,0
2465,26,1,0,0
2466,98,1,0,0
2467,75,1,0,0
2468,91,1,0,0
2469,19,1,0,0
2470,98,1,0,0
2471,109,1,0,0
2472,18,1,0,0
2473,96,1,0,0
2474,20,1,0,0
2475,84,1,0,0
2476,135,1,0,0
2477,89,1,0,0
2478,17,1,0,0
2479,43,1,0,0
2480,24,1,0,0
2481,62,1,0,0
2482,71,1,0,0
2483,84,1,0,0
2484,81,1,0,0
2485,136,1,0,0
2486,96,1,0,0
2487,54,1,0,0
2488,26,1,0,0
2489,162,1,0,0
2490,226,1,0,0
2491,165,1,0,0
2492,69,1,0,0
2493,36,1,0,0
2494,10,1,0,0
2495,92,1,0,0
2496,33,1,0,0
2497,134,1,0,0
2498,37,1,0,0
2499,171,1,0,0
2500,63,1,0,0
2501,21,1,0,0
2502,36,1,0,0
2503,30,1,0,0
2504,72,1,0,0
2505,98,1,0,0
2506,102,1,0,0
2507,33,1,0,0
2508,92,1,0,0
2509,46,1,0,0
2510,38,1,0,0
2511,267,1,0,0
2512,108,1,0,0
2513,101,1,0,0
2514,22,1,0,0
2515,11,1,0,0
2516,48,1,0,0
2517,75,1,0,0
2518,66,1,0,0
2519,64,1,0,0
2520,128,1,0,0
2521,68,1,0,0
2522,45,1,0,0
2523,31,1,0,0
2524,27,1,0,0
2525,28,1,0,0
2526,135,1,0,0
2527,60,1,0,0
2528,41,1,0,0
2529,27,1,0,0
2530,79,1,0,0
2531,137,1,0,0
2532,113,1,0,0
2533,43,1,0,0
2534,49,1,0,0
2535,62,1,0,0
2536,32,1,0,0
2537,57,1,0,0
2538,46,1,0,0
2539,25,1,0,0
2540,24,1,0,0
2541,19,1,0,0
2542,53,1,0,0
2543,62,1,0,0
2544,15,1,0,0
2545,96,1,0,0
2546,9,1,0,0
2547,77,1,0,0
2548,52,1,0,0
2549,120,1,0,0
2550,108,1,0,0
2551,178,1,0,0
2552,141,1,0,0
2553,33,1,0,0
2554,69,1,0,0
2555,115,1,0,0
2556,19,1,0,0
2557,22,1,0,0
2558,41,1,0,0
2559,284,1,0,0
2560,8,1,0,0
2561,77,1,0,0
2562,320,1,0,0
2563,208,1,0,0
2564,42,1,0,0
2565,122,1,0,0
2566,12,1,0,0
2567,66,1,0,0
2568,26,1,0,0
2569,60,1,0,0
2570,20,1,0,0
2571,37,1,0,0
2572,26,1,0,0
2573,8,1,0,0
2574,280,1,0,0
2575,62,1,0,0
2576,53,1,0,0
2577,92,1,0,0
2578,54,1,0,0
2579,116,1,0,0
2580,93,1,0,0
2581,92,1,0,0
2582,25,1,0,0
2583,26,1,0,0
2584,66,1,0,0
2585,25,1,0,0
2586,73,1,0,0
2587,46,1,0,0
2588,43,1,0,0
2589,38,1,0,0
2590,103,1,0,0
2591,28,1,0,0
2592,47,1,0,0
2593,9,1,0,0
2594,33,1,0,0
2595,202,1,0,0
2596,31,1,0,0
2597,50,1,0,0
2598,50,1,0,0
2599,19,1,0,0
2600,22,1,0,0
2601,47,1,0,0
2602,106,1,0,0
2603,98,1,0,0
2604,45,1,0,0
2605,45,1,0,0
2606,23,1,0,0
2607,327,1,0,0
2608,148,1,0,0
2609,59,1,0,0
2610,76,1,0,0
2611,97,1,0,0
2612,66,1,0,0
2613,83,1,0,0
2614,102,1,0,0
2615,133,1,0,0
2616,172,1,0,0
2617,262,1,0,0
2618,137,1,0,0
2619,27,1,0,0
2620,186,1,0,0
2621,31,1,0,0
2622,44,1,0,0
2623,118,1,0,0
2624,56,1,0,0
2625,42,1,0,0
2626,71,1,0,0
2627,102,1,0,0
2628,48,1,0,0
2629,75,1,0,0
2630,81,1,0,0
2631,95,1,0,0
2632,84,1,0,0
2633,16,1,0,0
2634,83,1,0,0
2635,43,1,0,0
2636,66,1,0,0
2637,63,1,0,0
2638,58,1,0,0
2639,38,1,0,0
2640,94,1,0,0
2641,30,1,0,0
2642,83,1,0,0
2643,55,1,0,0
2644,32,1,0,0
2645,117,1,0,0
2646,9,1,0,0
2647,15,1,0,0
2648,173,1,0,0
2649,101,1,0,0
2650,49,1,0,0
2651,195,1,0,0
2652,71,1,0,0
2653,46,1,0,0
2654,62,1,0,0
2655,199,1,0,0
2656,161,1,0,0
2657,34,1,0,0
2658,37,1,0,0
2659,45,1,0,0
2660,21,1,0,0
2661,18,1,0,0
2662,30,1,0,0
2663,25,1,0,0
2664,53,1,0,0
2665,60,1,0,0
2666,129,1,0,0
2667,95,1,0,0
2668,89,1,0,0
2669,8,1,0,0
2670,52,1,0,0
2671,59,1,0,0
2672,47,1,0,0
2673,85,1,0,0
2674,13,1,0,0
2675,20,1,0,0
2676,51,1,0,0
2677,17,1,0,0
2678,24,1,0,0
2679,37,1,0,0
2680,82,1,0,0
2681,71,1,0,0
2682,72,1,0,0
2683,150,1,0,0
2684,135,1,0,0
2685,67,1,0,0
2686,70,1,0,0
2687,45,1,0,0
2688,14,1,0,0
2689,125,1,0,0
2690,112,1,0,0
2691,65,1,0,0
2692,48,1,0,0
2693,70,1,0,0
2694,77,1,0,0
2695,25,1,0,0
2696,27,1,0,0
2697,37,1,0,0
2698,67,1,0,0
2699,29,1,0,0
2700,55,1,0,0
2701,158,1,0,0
2702,42,1,0,0
2703,65,1,0,0
2704,37,1,0,0
2705,118,1,0,0
2706,80,1,0,0
2707,61,1,0,0
2708,31,1,0,0
2709,91,1,0,0
2710,105,1,0,0
2711,53,1,0,0
2712,125,1,0,0
2713,52,1,0,0
2714,47,1,0,0
2715,34,1,0,0
2716,77,1,0,0
2717,15,1,0,0
2718,161,1,0,0
2719,177,1,0,0
2720,42,1,0,0
2721,74,1,0,0
2722,131,1,0,0
2723,28,1,0,0
2724,141,1,0,0
2725,28,1,0,0
2726,81,1,0,0
2727,55,1,0,0
2728,77,1,0,0
2729,64,1,0,0
2730,62,1,0,0
2731,12,1,0,0
2732,67,1,0,0
2733,64,1,0,0
2734,24,1,0,0
2735,46,1,0,0
2736,90,1,0,0
2737,184,1,0,0
2738,61,1,0,0
2739,149,1,0,0
2740,246,1,0,0
2741,74,1,0,0
2742,99,1,0,0
2743,223,1,0,0
2744,72,1,0,0
2745,27,1,0,0
2746,54,1,0,0
2747,39,1,0,0
2748,36,1,0,0
2749,50,1,0,0
2750,65,1,0,0
2751,190,1,0,0
2752,188,1,0,0
2753,40,1,0,0
2754,50,1,0,0
2755,57,1,0,0
2756,64,1,0,0
2757,123,1,0,0
2758,138,1,0,0
2759,56,1,0,0
2760,82,1,0,0
2761,41,1,0,0
2762,274,1,0,0
2763,51,1,0,0
2764,99,1,0,0
2765,33,1,0,0
2766,110,1,0,0
2767,183,1,0,0
2768,66,1,0,0
2769,44,1,0,0
2770,48,1,0,0
2771,119,1,0,0
2772,113,1,0,0
2773,63,1,0,0
2774,59,1,0,0
2775,27,1,0,0
2776,41,1,0,0
2777,59,1,0,0
2778,68,1,0,0
2779,129,1,0,0
2780,61,1,0,0
2781,68,1,0,0
2782,49,1,0,0
2783,28,1,0,0
2784,76,1,0,0
2785,111,1,0,0
2786,40,1,0,0
2787,11,1,0,0
2788,47,1,0,0
2789,56,1,0,0
2790,75,1,0,0
2791,50,1,0,0
2792,46,1,0,0
2793,59,1,0,0
2794,35,1,0,0
2795,43,1,0,0
2796,83,1,0,0
2797,339,1,0,0
2798,63,1,0,0
2799,44,1,0,0
2800,36,1,0,0
2801,83,1,0,0
2802,135,1,0,0
2803,17,1,0,0
2804,45,1,0,0
2805,140,1,0,0
2806,51,1,0,0
2807,125,1,0,0
2808,18,1,0,0
2809,24,1,0,0
2810,57,1,0,0
2811,171,1,0,0
2812,68,1,0,0
2813,25,1,0,0
2814,71,1,0,0
2815,63,1,0,0
2816,65,1,0,0
2817,128,1,0,0
2818,30,1,0,0
2819,38,1,0,0
2820,38,1,0,0
2821,28,1,0,0
2822,67,1,0,0
2823,149,1,0,0
2824,62,1,0,0
2825,49,1,0,0
2826,190,1,0,0
2827,13,1,0,0
2828,101,1,0,0
2829,68,1,0,0
2830,8,1,0,0
2831,37,1,0,0
2832,137,1,0,0
2833,19,1,0,0
2834,93,1,0,0
2835,19,1,0,0
2836,15,1,0,0
2837,193,1,0,0
2838,47,1,0,0
2839,82,1,0,0
2840,18,1,0,0
2841,24,1,0,0
2842,235,1,0,0
2843,13,1,0,0
2844,215,1,0,0
2845,66,1,0,0
2846,36,1,0,0
2847,50,1,0,0
2848,25,1,0,0
2849,47,1,0,0
2850,63,1,0,0
2851,50,1,0,0
2852,118,1,0,0
2853,13,1,0,0
2854,128,1,0,0
2855,177,1,0,0
2856,37,1,0,0
2857,25,1,0,0
2858,43,1,0,0
2859,11,1,0,0
2860,38,1,0,0
2861,33,1,0,0
2862,125,1,0,0
2863,103,1,0,0
2864,58,1,0,0
2865,147,1,0,0
2866,233,1,0,0
2867,114,1,0,0
2868,105,1,0,0
2869,99,1,0,0
2870,36,1,0,0
2871,96,1,0,0
2872,13,1,0,0
2873,50,1,0,0
2874,106,1,0,0
2875,116,1,0,0
2876,108,1,0,0
2877,20,1,0,0
2878,56,1,0,0
2879,76,1,0,0
2880,19,1,0,0
2881,59,1,0,0
2882,55,1,0,0
2883,100,1,0,0
2884,126,1,0,0
2885,18,1,0,0
2886,105,1,0,0
2887,72,1,0,0
2888,17,1,0,0
2889,44,1,0,0
2890,63,1,0,0
2891,28,1,0,0
2892,27,1,0,0
2893,103,1,0,0
2894,72,1,0,0
2895,47,1,0,0
2896,86,1,0,0
2897,86,1,0,0
2898,195,1,0,0
2899,67,1,0,0
2900,17,1,0,0
2901,56,1,0,0
2902,32,1,0,0
2903,34,1,0,0
2904,136,1,0,0
2905,123,1,0,0
2906,38,1,0,0
2907,21,1,0,0
2908,80,1,0,0
2909,37,1,0,0
2910,28,1,0,0
2911,91,1,0,0
2912,43,1,0,0
2913,39,1,0,0
2914,29,1,0,0
2915,32,1,0,0
2916,30,1,0,0
2917,187,1,0,0
2918,36,1,0,0
2919,48,1,0,0
2920,74,1,0,0
2921,79,1,0,0
2922,18,1,0,0
2923,7,1,0,0
2924,53,1,0,0
2925,123,1,0,0
2926,40,1,0,0
2927,29,1,0,0
2928,87,1,0,0
2929,88,1,0,0
2930,143,1,0,0
2931,82,1,0,0
2932,208,1,0,0
2933,60,1,0,0
2934,12,1,0,0
2935,58,1,0,0
2936,103,1,0,0
2937,46,1,0,0
2938,124,1,0,0
2939,11,1,0,0
2940,135,1,0,0
2941,57,1,0,0
2942,52,1,0,0
2943,31,1,0,0
2944,13,1,0,0
2945,86,1,0,0
2946,231,1,0,0
2947,79,1,0,0
2948,44,1,0,0
2949,129,1,0,0
2950,49,1,0,0
2951,289,1,0,0
2952,54,1,0,0
2953,33,1,0,0
2954,58,1,0,0
2955,49,1,0,0
2956,46,1,0,0
2957,227,1,0,0
2958,202,1,0,0
2959,75,1,0,0
2960,43,1,0,0
2961,30,1,0,0
2962,128,1,0,0
2963,21,1,0,0
2964,151,1,0,0
2965,140,1,0,0
2966,64,1,0,0
2967,67,1,0,0
2968,19,1,0,0
2969,13,1,0,0
2970,37,1,0,0
2971,77,1,0,0
2972,34,1,0,0
2973,58,1,0,0
2974,241,1,0,0
2975,24,1,0,0
2976,17,1,0,0
2977,87,1,0,0
2978,35,1,0,0
2979,80,1,0,0
2980,30,1,0,0
2981,19,1,0,0
2982,57,1,0,0
2983,83,1,0,0
2984,151,1,0,0
2985,42,1,0,0
2986,123,1,0,0
2987,89,1,0,0
2988,41,1,0,0
2989,48,1,0,0
2990,32,1,0,0
2991,52,1,0,0
2992,120,1,0,0
2993,48,1,0,0
2994,85,1,0,0
2995,142,1,0,0
2996,67,1,0,0
2997,24,1,0,0
2998,112,1,0,0
2999,189,1,0,0
3000,40,1,0,0
3001,150,1,0,0
3002,27,1,0,0
3003,79,1,0,0
3004,126,1,0,0
3005,64,1,0,0
3006,86,1,0,0
3007,26,1,0,0
3008,45,1,0,0
3009,205,1,0,0
3010,16,1,0,0
3011,30,1,0,0
3012,69,1,0,0
3013,16,1,0,0
3014,12,1,0,0
3015,25,1,0,0
3016,86,1,0,0
3017,38,1,0,0
3018,140,1,0,0
3019,113,1,0,0
3020,8,1,0,0
3021,146,1,0,0
3022,37,1,0,0
3023,14,1,0,0
3024,69,1,0,0
3025,161,1,0,0
3026,121,1,0,0
3027,81,1,0,0
3028,25,1,0,0
3029,32,1,0,0
3030,53,1,0,0
3031,49,1,0,0
3032,31,1,0,0
3033,152,1,0,0
3034,62,1,0,0
3035,24,1,0,0
3036,107,1,0,0
3037,47,1,0,0
3038,24,1,0,0
3039,30,1,0,0
3040,37,1,0,0
3041,72,1,0,0
3042,49,1,0,0
3043,187,1,0,0
3044,230,1,0,0
3045,94,1,0,0
3046,83,1,0,0
3047,123,1,0,0
3048,135,1,0,0
3049,161,1,0,0
3050,118,1,0,0
3051,30,1,0,0
3052,47,1,0,0
3053,85,1,0,0
3054,100,1,0,0
3055,88,1,0,0
3056,59,1,0,0
3057,20,1,0,0
3058,13,1,0,0
3059,37,1,0,0
3060,8,1,0,0
3061,59,1,0,0
3062,95,1,0,0
3063,126,1,0,0
3064,71,1,0,0
3065,29,1,0,0
3066,78,1,0,0
3067,16,1,0,0
3068,58,1,0,0
3069,67,1,0,0
3070,53,1,0,0
3071,47,1,0,0
3072,133,1,0,0
3073,81,1,0,0
3074,37,1,0,0
3075,55,1,0,0
3076,76,1,0,0
3077,21,1,0,0
3078,21,1,0,0
3079,223,1,0,0
3080,19,1,0,0
3081,134,1,0,0
3082,22,1,0,0
3083,60,1,0,0
3084,129,1,0,0
3085,28,1,0,0
3086,25,1,0,0
3087,112,1,0,0
3088,67,1,0,0
3089,26,1,0,0
3090,208,1,0,0
3091,8,1,0,0
3092,118,1,0,0
3093,81,1,0,0
3094,8,1,0,0
3095,166,1,0,0
3096,43,1,0,0
3097,58,1,0,0
3098,32,1,0,0
3099,44,1,0,0
3100,13,1,0,0
3101,73,1,0,0
3102,14,1,0,0
3103,66,1,0,0
3104,38,1,0,0
3105,52,1,0,0
3106,49,1,0,0
3107,51,1,0,0
3108,88,1,0,0
3109,188,1,0,0
3110,32,1,0,0
3111,56,1,0,0
3112,107,1,0,0
3113,69,1,0,0
3114,37,1,0,0
3115,42,1,0,0
3116,412,1,0,0
3117,26,1,0,0
3118,96,1,0,0
3119,91,1,0,0
3120,44,1,0,0
3121,64,1,0,0
3122,139,1,0,0
3123,44,1,0,0
3124,48,1,0,0
3125,122,1,0,0
3126,109,1,0,0
3127,51,1,0,0
3128,86,1,0,0
3129,79,1,0,0
3130,143,1,0,0
3131,65,1,0,0
3132,26,1,0,0
3133,36,1,0,0
3134,64,1,0,0
3135,82,1,0,0
3136,235,1,0,0
3137,31,1,0,0
3138,41,1,0,0
3139,97,1,0,0
3140,28,1,0,0
3141,171,1,0,0
3142,41,1,0,0
3143,239,1,0,0
3144,16,1,0,0
3145,108,1,0,0
3146,133,1,0,0
3147,105,1,0,0
3148,28,1,0,0
3149,68,1,0,0
3150,147,1,0,0
3151,45,1,0,0
3152,36,1,0,0
3153,88,1,0,0
3154,37,1,0,0
3155,38,1,0,0
3156,26,1,0,0
3157,84,1,0,0
3158,75,1,0,0
3159,93,1,0,0
3160,18,1,0,0
3161,38,1,0,0
3162,83,1,0,0
3163,210,1,0,0
3164,66,1,0,0
3165,80,1,0,0
3166,19,1,0,0
3167,55,1,0,0
3168,62,1,0,0
3169,19,1,0,0
3170,58,1,0,0
3171,71,1,0,0
3172,97,1,0,0
3173,58,1,0,0
3174,76,1,0,0
3175,80,1,0,0
3176,10,1,0,0
3177,28,1,0,0
3178,117,1,0,0
3179,61,1,0,0
3180,107,1,0,0
3181,111,1,0,0
3182,99,1,0,0
3183,12,1,0,0
3184,7,1,0,0
3185,134,1,0,0
3186,170,1,0,0
3187,35,1,0,0
3188,59,1,0,0
3189,32,1,0,0
3190,51,1,0,0
3191,42,1,0,0
3192,39,1,0,0
3193,77,1,0,0
3194,21,1,0,0
3195,14,1,0,0
3196,72,1,0,0
3197,88,1,0,0
3198,29,1,0,0
3199,25,1,0,0
3200,85,1,0,0
3201,62,1,0,0
3202,80,1,0,0
3203,113,1,0,0
3204,116,1,0,0
3205,31,1,0,0
3206,26,1,0,0
3207,33,1,0,0
3208,17,1,0,0
3209,79,1,0,0
3210,45,1,0,0
3211,54,1,0,0
3212,42,1,0,0
3213,143,1,0,0
3214,54,1,0,0
3215,40,1,0,0
3216,11,1,0,0
3217,63,1,0,0
3218,103,1,0,0
3219,54,1,0,0
3220,30,1,0,0
3221,154,1,0,0
3222,53,1,0,0
3223,17,1,0,0
3224,77,1,0,0
3225,184,1,0,0
3226,20,1,0,0
3227,115,1,0,0
3228,39,1,0,0
3229,75,1,0,0
3230,178,1,0,0
3231,87,1,0,0
3232,58,1,0,0
3233,36,1,0,0
3234,28,1,0,0
3235,59,1,0,0
3236,115,1,0,0
3237,58,1,0,0
3238,24,1,0,0
3239,32,1,0,0
3240,11,1,0,0
3241,70,1,0,0
3242,28,1,0,0
3243,219,1,0,0
3244,37,1,0,0
3245,88,1,0,0
3246,50,1,0,0
3247,22,1,0,0
3248,35,1,0,0
3249,82,1,0,0
3250,47,1,0,0
3251,63,1,0,0
3252,78,1,0,0
3253,9,1,0,0
3254,65,1,0,0
3255,215,1,0,0
3256,39,1,0,0
3257,106,1,0,0
3258,37,1,0,0
3259,26,1,0,0
3260,17,1,0,0
3261,28,1,0,0
3262,38,1,0,0
3263,20,1,0,0
3264,105,1,0,0
3265,129,1,0,0
3266,13,1,0,0
3267,14,1,0,0
3268,162,1,0,0
3269,37,1,0,0
3270,33,1,0,0
3271,53,1,0,0
3272,165,1,0,0
3273,57,1,0,0
3274,19,1,0,0
3275,115,1,0,0
3276,175,1,0,0
3277,36,1,0,0
3278,96,1,0,0
3279,139,1,0,0
3280,50,1,0,0
3281,23,1,0,0
3282,18,1,0,0
3283,46,1,0,0
3284,76,1,0,0
3285,191,1,0,0
3286,7,1,0,0
3287,178,1,0,0
3288,119,1,0,0
3289,16,1,0,0
3290,133,1,0,0
3291,29,1,0,0
3292,78,1,0,0
3293,28,1,0,0
3294,44,1,0,0
3295,42,1,0,0
3296,24,1,0,0
3297,187,1,0,0
3298,80,1,0,0
3299,79,1,0,0
3300,116,1,0,0
3301,146,1,0,0
3302,54,1,0,0
3303,40,1,0,0
3304,26,1,0,0
3305,74,1,0,0
3306,147,1,0,0
3307,55,1,0,0
3308,59,1,0,0
3309,68,1,0,0
3310,54,1,0,0
3311,73,1,0,0
3312,23,1,0,0
3313,13,1,0,0
3314,120,1,0,0
3315,27,1,0,0
3316,87,1,0,0
3317,24,1,0,0
3318,61,1,0,0
3319,31,1,0,0
3320,22,1,0,0
3321,77,1,0,0
3322,113,1,0,0
3323,127,1,0,0
3324,30,1,0,0
3325,57,1,0,0
3326,100,1,0,0
3327,67,1,0,0
3328,109,1,0,0
3329,43,1,0,0
3330,7,1,0,0
3331,72,1,0,0
3332,78,1,0,0
3333,76,1,0,0
3334,122,1,0,0
3335,35,1,0,0
3336,81,1,0,0
3337,63,1,0,0
3338,18,1,0,0
3339,13,1,0,0
3340,59,1,0,0
3341,181,1,0,0
3342,53,1,0,0
3343,66,1,0,0
3344,19,1,0,0
3345,139,1,0,0
3346,83,1,0,0
3347,67,1,0,0
3348,115,1,0,0
3349,70,1,0,0
3350,137,1,0,0
3351,36,1,0,0
3352,52,1,0,0
3353,43,1,0,0
3354,10,1,0,0
3355,139,1,0,0
3356,25,1,0,0
3357,53,1,0,0
3358,68,1,0,0
3359,133,1,0,0
3360,59,1,0,0
3361,26,1,0,0
3362,177,1,0,0
3363,27,1,0,0
3364,17,1,0,0
3365,68,1,0,0
3366,128,1,0,0
3367,47,1,0,0
3368,123,1,0,0
3369,20,1,0,0
3370,96,1,0,0
3371,82,1,0,0
3372,31,1,0,0
3373,141,1,0,0
3374,77,1,0,0
3375,35,1,0,0
3376,16,1,0,0
3377,106,1,0,0
3378,75,1,0,0
3379,117,1,0,0
3380,159,1,0,0
3381,43,1,0,0
3382,120,1,0,0
3383,62,1,0,0
3384,85,1,0,0
3385,75,1,0,0
3386,48,1,0,0
3387,55,1,0,0
3388,96,1,0,0
3389,32,1,0,0
3390,12,1,0,0
3391,26,1,0,0
3392,33,1,0,0
3393,50,1,0,0
3394,24,1,0,0
3395,8,1,0,0
3396,47,1,0,0
3397,180,1,0,0
3398,29,1,0,0
3399,27,1,0,0
3400,41,1,0,0
3401,113,1,0,0
3402,92,1,0,0
3403,99,1,0,0
3404,133,1,0,0
3405,73,1,0,0
3406,63,1,0,0
3407,160,1,0,0
3408,23,1,0,0
3409,7,1,0,0
3410,48,1,0,0
3411,118,1,0,0
3412,60,1,0,0
3413,31,1,0,0
3414,47,1,0,0
3415,40,1,0,0
3416,99,1,0,0
3417,61,1,0,0
3418,94,1,0,0
3419,35,1,0,0
3420,99,1,0,0
3421,64,1,0,0
3422,116,1,0,0
3423,242,1,0,0
3424,156,1,0,0
3425,21,1,0,0
3426,48,1,0,0
3427,63,1,0,0
3428,55,1,0,0
3429,80,1,0,0
3430,93,1,0,0
3431,39,1,0,0
3432,28,1,0,0
3433,130,1,0,0
3434,127,1,0,0
3435,106,1,0,0
3436,20,1,0,0
3437,80,1,0,0
3438,148,1,0,0
3439,114,1,0,0
3440,37,1,0,0
3441,75,1,0,0
3442,108,1,0,0
3443,123,1,0,0
3444,67,1,0,0
3445,60,1,0,0
3446,22,1,0,0
3447,26,1,0,0
3448,17,1,0,0
3449,199,1,0,0
3450,34,1,0,0
3451,53,1,0,0
3452,14,1,0,0
3453,26,1,0,0
3454,33,1,0,0
3455,134,1,0,0
3456,27,1,0,0
3457,97,1,0,0
3458,121,1,0,0
3459,61,1,0,0
3460,174,1,0,0
3461,54,1,0,0
3462,58,1,0,0
3463,43,1,0,0
3464,73,1,0,0
3465,125,1,0,0
3466,26,1,0,0
3467,42,1,0,0
3468,83,1,0,0
3469,44,1,0,0
3470,60,1,0,0
3471,39,1,0,0
3472,34,1,0,0
3473,102,1,0,0
3474,36,1,0,0
3475,50,1,0,0
3476,29,1,0,0
3477,34,1,0,0
3478,53,1,0,0
3479,11,1,0,0
3480,95,1,0,0
3481,63,1,0,0
3482,99,1,0,0
3483,54,1,0,0
3484,68,1,0,0
3485,21,1,0,0
3486,22,1,0,0
3487,41,1,0,0
3488,73,1,0,0
3489,50,1,0,0
3490,53,1,0,0
3491,28,1,0,0
3492,18,1,0,0
3493,74,1,0,0
3494,14,1,0,0
3495,13,1,0,0
3496,29,1,0,0
3497,51,1,0,0
3498,15,1,0,0
3499,64,1,0,0
3500,125,1,0,0
3501,101,1,0,0
3502,239,1,0,0
3503,154,1,0,0
3504,107,1,0,0
3505,50,1,0,0
3506,141,1,0,0
3507,37,1,0,0
3508,101,1,0,0
3509,62,1,0,0
3510,30,1,0,0
3511,35,1,0,0
3512,59,1,0,0
3513,76,1,0,0
3514,36,1,0,0
3515,28,1,0,0
3516,61,1,0,0
3517,35,1,0,0
3518,58,1,0,0
3519,48,1,0,0
3520,58,1,0,0
3521,69,1,0,0
3522,16,1,0,0
3523,39,1,0,0
3524,79,1,0,0
3525,69,1,0,0
3526,20,1,0,0
3527,106,1,0,0
3528,199,1,0,0
3529,106,1,0,0
3530,33,1,0,0
3531,30,1,0,0
3532,21,1,0,0
3533,103,1,0,0
3534,14,1,0,0
3535,76,1,0,0
3536,19,1,0,0
3537,47,1,0,0
3538,31,1,0,0
3539,77,1,0,0
3540,109,1,0,0
3541,63,1,0,0
3542,32,1,0,0
3543,68,1,0,0
3544,44,1,0,0
3545,70,1,0,0
3546,88,1,0,0
3547,100,1,0,0
3548,104,1,0,0
3549,9,1,0,0
3550,39,1,0,0
3551,23,1,0,0
3552,55,1,0,0
3553,32,1,0,0
3554,245,1,0,0
3555,82,1,0,0
3556,9,1,0,0
3557,65,1,0,0
3558,134,1,0,0
3559,115,1,0,0
3560,24,1,0,0
3561,45,1,0,0
3562,109,1,0,0
3563,49,1,0,0
3564,47,1,0,0
3565,44,1,0,0
3566,15,1,0,0
3567,45,1,0,0
3568,89,1,0,0
3569,71,1,0,0
3570,61,1,0,0
3571,38,1,0,0
3572,88,1,0,0
3573,47,1,0,0
3574,16,1,0,0
3575,20,1,0,0
3576,203,1,0,0
3577,54,1,0,0
3578,7,1,0,0
3579,13,1,0,0
3580,77,1,0,0
3581,21,1,0,0
3582,65,1,0,0
3583,79,1,0,0
3584,66,1,0,0
3585,99,1,0,0
3586,97,1,0,0
3587,39,1,0,0
3588,15,1,0,0
3589,67,1,0,0
3590,55,1,0,0
3591,56,1,0,0
3592,55,1,0,0
3593,31,1,0,0
3594,36,1,0,0
3595,94,1,0,0
3596,32,1,0,0
3597,90,1,0,0
3598,78,1,0,0
3599,25,1,0,0
3600,111,1,0,0
3601,44,1,0,0
3602,51,1,0,0
3603,80,1,0,0
3604,41,1,0,0
3605,27,1,0,0
3606,101,1,0,0
3607,84,1,0,0
3608,59,1,0,0
3609,147,1,0,0
3610,125,1,0,0
3611,56,1,0,0
3612,23,1,0,0
3613,76,1,0,0
3614,66,1,0,0
3615,308,1,0,0
3616,78,1,0,0
3617,21,1,0,0
3618,99,1,0,0
3619,50,1,0,0
3620,25,1,0,0
3621,81,1,0,0
3622,115,1,0,0
3623,215,1,0,0
3624,11,1,0,0
3625,36,1,0,0
3626,194,1,0,0
3627,111,1,0,0
3628,63,1,0,0
3629,13,1,0,0
3630,97,1,0,0
3631,17,1,0,0
3632,92,1,0,0
3633,71,1,0,0
3634,143,1,0,0
3635,90,1,0,0
3636,160,1,0,0
3637,96,1,0,0
3638,60,1,0,0
3639,13,1,0,0
3640,77,1,0,0
3641,93,1,0,0
3642,39,1,0,0
3643,56,1,0,0
3644,44,1,0,0
3645,97,1,0,0
3646,144,1,0,0
3647,73,1,0,0
3648,61,1,0,0
3649,50,1,0,0
3650,242,1,0,0
3651,92,1,0,0
3652,24,1,0,0
3653,59,1,0,0
3654,42,1,0,0
3655,62,1,0,0
3656,28,1,0,0
3657,194,1,0,0
3658,86,1,0,0
3659,94,1,0,0
3660,26,1,0,0
3661,88,1,0,0
3662,105,1,0,0
3663,37,1,0,0
3664,66,1,0,0
3665,45,1,0,0
3666,59,1,0,0
3667,18,1,0,0
3668,16,1,0,0
3669,52,1,0,0
3670,10,1,0,0
3671,71,1,0,0
3672,76,1,0,0
3673,34,1,0,0
3674,98,1,0,0
3675,27,1,0,0
3676,35,1,0,0
3677,43,1,0,0
3678,105,1,0,0
3679,19,1,0,0
3680,115,1,0,0
3681,26,1,0,0
3682,65,1,0,0
3683,38,1,0,0
3684,32,1,0,0
3685,35,1,0,0
3686,40,1,0,0
3687,57,1,0,0
3688,50,1,0,0
3689,55,1,0,0
3690,44,1,0,0
3691,21,1,0,0
3692,51,1,0,0
3693,31,1,0,0
3694,95,1,0,0
3695,16,1,0,0
3696,38,1,0,0
3697,35,1,0,0
3698,66,1,0,0
3699,86,1,0,0
3700,161,1,0,0
3701,56,1,0,0
3702,134,1,0,0
3703,38,1,0,0
3704,28,1,0,0
3705,59,1,0,0
3706,59,1,0,0
3707,51,1,0,0
3708,77,1,0,0
3709,24,1,0,0
3710,145,1,0,0
3711,38,1,0,0
3712,47,1,0,0
3713,49,1,0,0
3714,22,1,0,0
3715,33,1,0,0
3716,112,1,0,0
3717,21,1,0,0
3718,49,1,0,0
3719,82,1,0,0
3720,10,1,0,0
3721,85,1,0,0
3722,38,1,0,0
3723,42,1,0,0
3724,66,1,0,0
3725,93,1,0,0
3726,136,1,0,0
3727,62,1,0,0
3728,50,1,0,0
3729,266,1,0,0
3730,59,1,0,0
3731,125,1,0,0
3732,144,1,0,0
3733,226,1,0,0
3734,73,1,0,0
3735,104,1,0,0
3736,28,1,0,0
3737,96,1,0,0
3738,166,1,0,0
3739,19,1,0,0
3740,61,1,0,0
3741,86,1,0,0
3742,118,1,0,0
3743,68,1,0,0
3744,46,1,0,0
3745,63,1,0,0
3746,52,1,0,0
3747,22,1,0,0
3748,87,1,0,0
3749,19,1,0,0
3750,48,1,0,0
3751,259,1,0,0
3752,65,1,0,0
3753,39,1,0,0
3754,104,1,0,0
3755,17,1,0,0
3756,51,1,0,0
3757,267,1,0,0
3758,20,1,0,0
3759,83,1,0,0
3760,40,1,0,0
3761,200,1,0,0
3762,114,1,0,0
3763,95,1,0,0
3764,126,1,0,0
3765,38,1,0,0
3766,66,1,0,0
3767,24,1,0,0
3768,64,1,0,0
3769,13,1,0,0
3770,43,1,0,0
3771,29,1,0,0
3772,18,1,0,0
3773,92,1,0,0
3774,114,1,0,0
3775,121,1,0,0
3776,95,1,0,0
3777,97,1,0,0
3778,94,1,0,0
3779,96,1,0,0
3780,121,1,0,0
3781,138,1,0,0
3782,30,1,0,0
3783,149,1,0,0
3784,19,1,0,0
3785,88,1,0,0
3786,180,1,0,0
3787,99,1,0,0
3788,44,1,0,0
3789,29,1,0,0
3790,157,1,0,0
3791,79,1,0,0
3792,24,1,0,0
3793,45,1,0,0
3794,62,1,0,0
3795,73,1,0,0
3796,39,1,0,0
3797,97,1,0,0
3798,27,1,0,0
3799,31,1,0,0
3800,39,1,0,0
3801,29,1,0,0
3802,74,1,0,0
3803,31,1,0,0
3804,25,1,0,0
3805,87,1,0,0
3806,58,1,0,0
3807,13,1,0,0
3808,81,1,0,0
3809,108,1,0,0
3810,32,1,0,0
3811,118,1,0,0
3812,52,1,0,0
3813,25,1,0,0
3814,109,1,0,0
3815,34,1,0,0
3816,88,1,0,0
3817,75,1,0,0
3818,91,1,0,0
3819,13,1,0,0
3820,70,1,0,0
3821,108,1,0,0
3822,212,1,0,0
3823,130,1,0,0
3824,29,1,0,0
3825,61,1,0,0
3826,11,1,0,0
3827,88,1,0,0
3828,50,1,0,0
3829,64,1,0,0
3830,23,1,0,0
3831,73,1,0,0
3832,72,1,0,0
3833,77,1,0,0
3834,26,1,0,0
3835,22,1,0,0
3836,142,1,0,0
3837,23,1,0,0
3838,74,1,0,0
3839,12,1,0,0
3840,66,1,0,0
3841,61,1,0,0
3842,223,1,0,0
3843,85,1,0,0
3844,104,1,0,0
3845,43,1,0,0
3846,53,1,0,0
3847,65,1,0,0
3848,34,1,0,0
3849,89,1,0,0
3850,22,1,0,0
3851,48,1,0,0
3852,44,1,0,0
3853,134,1,0,0
3854,26,1,0,0
3855,127,1,0,0
3856,41,1,0,0
3857,69,1,0,0
3858,72,1,0,0
3859,43,1,0,0
3860,124,1,0,0
3861,13,1,0,0
3862,71,1,0,0
3863,42,1,0,0
3864,30,1,0,0
3865,28,1,0,0
3866,47,1,0,0
3867,15,1,0,0
3868,68,1,0,0
3869,52,1,0,0
3870,186,1,0,0
3871,52,1,0,0
3872,132,1,0,0
3873,47,1,0,0
3874,43,1,0,0
3875,15,1,0,0
3876,76,1,0,0
3877,78,1,0,0
3878,249,1,0,0
3879,83,1,0,0
3880,99,1,0,0
3881,24,1,0,0
3882,61,1,0,0
3883,64,1,0,0
3884,63,1,0,0
3885,40,1,0,0
3886,69,1,0,0
3887,13,1,0,0
3888,21,1,0,0
3889,30,1,0,0
3890,54,1,0,0
3891,62,1,0,0
3892,17,1,0,0
3893,89,1,0,0
3894,44,1,0,0
3895,75,1,0,0
3896,105,1,0,0
3897,41,1,0,0
3898,140,1,0,0
3899,68,1,0,0
3900,56,1,0,0
3901,49,1,0,0
3902,130,1,0,0
3903,70,1,0,0
3904,131,1,0,0
3905,135,1,0,0
3906,75,1,0,0
3907,12,1,0,0
3908,41,1,0,0
3909,69,1,0,0
3910,101,1,0,0
3911,53,1,0,0
3912,38,1,0,0
3913,69,1,0,0
3914,13,1,0,0
3915,105,1,0,0
3916,78,1,0,0
3917,97,1,0,0
3918,44,1,0,0
3919,34,1,0,0
3920,38,1,0,0
3921,110,1,0,0
3922,34,1,0,0
3923,43,1,0,0
3924,29,1,0,0
3925,11,1,0,0
3926,37,1,0,0
3927,53,1,0,0
3928,84,1,0,0
3929,12,1,0,0
3930,26,1,0,0
3931,89,1,0,0
3932,87,1,0,0
3933,45,1,0,0
3934,56,1,0,0
3935,44,1,0,0
3936,30,1,0,0
3937,120,1,0,0
3938,114,1,0,0
3939,151,1,0,0
3940,30,1,0,0
3941,14,1,0,0
3942,197,1,0,0
3943,134,1,0,0
3944,135,1,0,0
3945,93,1,0,0
3946,111,1,0,0
3947,26,1,0,0
3948,11,1,0,0
3949,106,1,0,0
3950,43,1,0,0
3951,94,1,0,0
3952,126,1,0,0
3953,87,1,0,0
3954,64,1,0,0
3955,236,1,0,0
3956,12,1,0,0
3957,76,1,0,0
3958,72,1,0,0
3959,110,1,0,0
3960,115,1,0,0
3961,68,1,0,0
3962,17,1,0,0
3963,97,1,0,0
3964,56,1,0,0
3965,185,1,0,0
3966,96,1,0,0
3967,50,1,0,0
3968,86,1,0,0
3969,89,1,0,0
3970,44,1,0,0
3971,28,1,0,0
3972,33,1,0,0
3973,165,1,0,0
3974,157,1,0,0
3975,92,1,0,0
3976,29,1,0,0
3977,101,1,0,0
3978,70,1,0,0
3979,227,1,0,0
3980,31,1,0,0
3981,82,1,0,0
3982,145,1,0,0
3983,78,1,0,0
3984,49,1,0,0
3985,87,1,0,0
3986,50,1,0,0
3987,58,1,0,0
3988,28,1,0,0
3989,82,1,0,0
3990,64,1,0,0
3991,24,1,0,0
3992,121,1,0,0
3993,28,1,0,0
3994,54,1,0,0
3995,68,1,0,0
3996,16,1,0,0
3997,47,1,0,0
3998,63,1,0,0
3999,79,1,0,0
4000,18,1,0,0
4001,21,1,0,0
4002,88,1,0,0
4003,60,1,0,0
4004,96,1,0,0
4005,66,1,0,0
4006,59,1,0,0
4007,46,1,0,0
4008,59,1,0,0
4009,13,1,0,0
4010,47,1,0,0
4011,73,1,0,0
4012,30,1,0,0
4013,67,1,0,0
4014,127,1,0,0
4015,49,1,0,0
4016,68,1,0,0
4017,117,1,0,0
4018,138,1,0,0
4019,80,1,0,0
4020,69,1,0,0
4021,39,1,0,0
4022,24,1,0,0
4023,24,1,0,0
4024,35,1,0,0
4025,15,1,0,0
4026,68,1,0,0
4027,13,1,0,0
4028,157,1,0,0
4029,50,1,0,0
4030,99,1,0,0
4031,21,1,0,0
4032,89,1,0,0
4033,84,1,0,0
4034,147,1,0,0
4035,111,1,0,0
4036,14,1,0,0
4037,85,1,0,0
4038,31,1,0,0
4039,76,1,0,0
4040,23,1,0,0
4041,67,1,0,0
4042,171,1,0,0
4043,46,1,0,0
4044,94,1,0,0
4045,150,1,0,0
4046,44,1,0,0
4047,28,1,0,0
4048,64,1,0,0
4049,32,1,0,0
4050,89,1,0,0
4051,104,1,0,0
4052,19,1,0,0
4053,76,1,0,0
4054,86,1,0,0
4055,73,1,0,0
4056,78,1,0,0
4057,178,1,0,0
4058,116,1,0,0
4059,45,1,0,0
4060,59,1,0,0
4061,55,1,0,0
4062,79,1,0,0
4063,230,1,0,0
4064,102,1,0,0
4065,27,1,0,0
4066,36,1,0,0
4067,42,1,0,0
4068,49,1,0,0
4069,56,1,0,0
4070,49,1,0,0
4071,80,1,0,0
4072,43,1,0,0
4073,65,1,0,0
4074,19,1,0,0
4075,37,1,0,0
4076,199,1,0,0
4077,59,1,0,0
4078,18,1,0,0
4079,105,1,0,0
4080,30,1,0,0
4081,30,1,0,0
4082,86,1,0,0
4083,23,1,0,0
4084,54,1,0,0
4085,84,1,0,0
4086,70,1,0,0
4087,87,1,0,0
4088,13,1,0,0
4089,112,1,0,0
4090,96,1,0,0
4091,19,1,0,0
4092,39,1,0,0
4093,82,1,0,0
4094,85,1,0,0
4095,109,1,0,0
4096,55,1,0,0
4097,61,1,0,0
4098,20,1,0,0
4099,78,1,0,0
4100,75,1,0,0
4101,119,1,0,0
4102,103,1,0,0
4103,53,1,0,0
4104,125,1,0,0
4105,16,1,0,0
4106,23,1,0,0
4107,90,1,0,0
4108,76,1,0,0
4109,107,1,0,0
4110,26,1,0,0
4111,104,1,0,0
4112,93,1,0,0
4113,28,1,0,0
4114,89,1,0,0
4115,85,1,0,0
4116,73,1,0,0
4117,12,1,0,0
4118,45,1,0,0
4119,30,1,0,0
4120,34,1,0,0
4121,54,1,0,0
4122,41,1,0,0
4123,95,1,0,0
4124,27,1,0,0
4125,83,1,0,0
4126,59,1,0,0
4127,39,1,0,0
4128,206,1,0,0
4129,71,1,0,0
4130,107,1,0,0
4131,34,1,0,0
4132,124,1,0,0
4133,40,1,0,0
4134,21,1,0,0
4135,51,1,0,0
4136,36,1,0,0
4137,54,1,0,0
4138,68,1,0,0
4139,56,1,0,0
4140,26,1,0,0
4141,32,1,0,0
4142,141,1,0,0
4143,50,1,0,0
4144,70,1,0,0
4145,178,1,0,0
4146,102,1,0,0
4147,53,1,0,0
4148,86,1,0,0
4149,60,1,0,0
4150,41,1,0,0
4151,226,1,0,0
4152,124,1,0,0
4153,58,1,0,0
4154,32,1,0,0
4155,39,1,0,0
4156,151,1,0,0
4157,91,1,0,0
4158,71,1,0,0
4159,9,1,0,0
4160,224,1,0,0
4161,88,1,0,0
4162,35,1,0,0
4163,59,1,0,0
4164,53,1,0,0
4165,64,1,0,0
4166,36,1,0,0
4167,148,1,0,0
4168,120,1,0,0
4169,84,1,0,0
4170,159,1,0,0
4171,80,1,0,0
4172,40,1,0,0
4173,61,1,0,0
4174,35,1,0,0
4175,89,1,0,0
4176,96,1,0,0
4177,55,1,0,0
4178,25,1,0,0
4179,43,1,0,0
4180,42,1,0,0
4181,151,1,0,0
4182,35,1,0,0
4183,51,1,0,0
4184,56,1,0,0
4185,46,1,0,0
4186,144,1,0,0
4187,56,1,0,0
4188,72,1,0,0
4189,13,1,0,0
4190,69,1,0,0
4191,11,1,0,0
4192,30,1,0,0
4193,82,1,0,0
4194,70,1,0,0
4195,56,1,0,0
4196,13,1,0,0
4197,31,1,0,0
4198,32,1,0,0
4199,60,1,0,0
4200,271,1,0,0
4201,80,1,0,0
4202,25,1,0,0
4203,129,1,0,0
4204,37,1,0,0
4205,38,1,0,0
4206,38,1,0,0
4207,238,1,0,0
4208,21,1,0,0
4209,73,1,0,0
4210,67,1,0,0
4211,36,1,0,0
4212,73,1,0,0
4213,28,1,0,0
4214,111,1,0,0
4215,63,1,0,0
4216,213,1,0,0
4217,100,1,0,0
4218,160,1,0,0
4219,93,1,0,0
4220,31,1,0,0
4221,57,1,0,0
4222,122,1,0,0
4223,95,1,0,0
4224,111,1,0,0
4225,107,1,0,0
4226,193,1,0,0
4227,32,1,0,0
4228,110,1,0,0
4229,9,1,0,0
4230,67,1,0,0
4231,150,1,0,0
4232,25,1,0,0
4233,59,1,0,0
4234,45,1,0,0
4235,140,1,0,0
4236,71,1,0,0
4237,55,1,0,0
4238,108,1,0,0
4239,34,1,0,0
4240,50,1,0,0
4241,48,1,0,0
4242,125,1,0,0
4243,181,1,0,0
4244,97,1,0,0
4245,78,1,0,0
4246,17,1,0,0
4247,43,1,0,0
4248,51,1,0,0
4249,238,1,0,0
4250,52,1,0,0
4251,20,1,0,0
4252,71,1,0,0
4253,77,1,0,0
4254,58,1,0,0
4255,40,1,0,0
4256,11,1,0,0
4257,41,1,0,0
4258,61,1,0,0
4259,50,1,0,0
4260,32,1,0,0
4261,75,1,0,0
4262,83,1,0,0
4263,144,1,0,0
4264,41,1,0,0
4265,47,1,0,0
4266,11,1,0,0
4267,102,1,0,0
4268,288,1,0,0
4269,64,1,0,0
4270,139,1,0,0
4271,16,1,0,0
4272,86,1,0,0
4273,158,1,0,0
4274,142,1,0,0
4275,128,1,0,0
4276,55,1,0,0
4277,59,1,0,0
4278,332,1,0,0
4279,81,1,0,0
4280,64,1,0,0
4281,64,1,0,0
4282,130,1,0,0
4283,30,1,0,0
4284,91,1,0,0
4285,64,1,0,0
4286,62,1,0,0
4287,12,1,0,0
4288,13,1,0,0
4289,51,1,0,0
4290,19,1,0,0
4291,52,1,0,0
4292,48,1,0,0
4293,63,1,0,0
4294,139,1,0,0
4295,39,1,0,0
4296,191,1,0,0
4297,51,1,0,0
4298,131,1,0,0
4299,104,1,0,0
4300,48,1,0,0
4301,26,1,0,0
4302,30,1,0,0
4303,62,1,0,0
4304,55,1,0,0
4305,168,1,0,0
4306,38,1,0,0
4307,37,1,0,0
4308,122,1,0,0
4309,54,1,0,0
4310,40,1,0,0
4311,15,1,0,0
4312,28,1,0,0
4313,59,1,0,0
4314,34,1,0,0
4315,19,1,0,0
4316,68,1,0,0
4317,100,1,0,0
4318,74,1,0,0
4319,30,1,0,0
4320,188,1,0,0
4321,62,1,0,0
4322,223,1,0,0
4323,40,1,0,0
4324,34,1,0,0
4325,97,1,0,0
4326,180,1,0,0
4327,120,1,0,0
4328,112,1,0,0
4329,19,1,0,0
4330,50,1,0,0
4331,86,1,0,0
4332,55,1,0,0
4333,72,1,0,0
4334,25,1,0,0
4335,122,1,0,0
4336,136,1,0,0
4337,70,1,0,0
4338,80,1,0,0
4339,46,1,0,0
4340,28,1,0,0
4341,51,1,0,0
4342,59,1,0,0
4343,175,1,0,0
4344,30,1,0,0
4345,47,1,0,0
4346,71,1,0,0
4347,161,1,0,0
4348,53,1,0,0
4349,63,1,0,0
4350,63,1,0,0
4351,34,1,0,0
4352,69,1,0,0
4353,29,1,0,0
4354,101,1,0,0
4355,96,1,0,0
4356,64,1,0,0
4357,37,1,0,0
4358,97,1,0,0
4359,57,1,0,0
4360,12,1,0,0
4361,84,1,0,0
4362,84,1,0,0
4363,20,1,0,0
4364,277,1,0,0
4365,33,1,0,0
4366,23,1,0,0
4367,13,1,0,0
4368,39,1,0,0
4369,39,1,0,0
4370,70,1,0,0
4371,162,1,0,0
4372,48,1,0,0
4373,29,1,0,0
4374,45,1,0,0
4375,48,1,0,0
4376,85,1,0,0
4377,97,1,0,0
4378,31,1,0,0
4379,57,1,0,0
4380,135,1,0,0
4381,267,1,0,0
4382,30,1,0,0
4383,84,1,0,0
4384,70,1,0,0
4385,11,1,0,0
4386,26,1,0,0
4387,19,1,0,0
4388,142,1,0,0
4389,29,1,0,0
4390,50,1,0,0
4391,29,1,0,0
4392,38,1,0,0
4393,160,1,0,0
4394,111,1,0,0
4395,85,1,0,0
4396,74,1,0,0
4397,30,1,0,0
4398,99,1,0,0
4399,35,1,0,0
4400,57,1,0,0
4401,18,1,0,0
4402,179,1,0,0
4403,54,1,0,0
4404,52,1,0,0
4405,27,1,0,0
4406,28,1,0,0
4407,39,1,0,0
4408,118,1,0,0
4409,23,1,0,0
4410,7,1,0,0
4411,21,1,0,0
4412,107,1,0,0
4413,57,1,0,0
4414,25,1,0,0
4415,93,1,0,0
4416,63,1,0,0
4417,27,1,0,0
4418,91,1,0,0
4419,179,1,0,0
4420,30,1,0,0
4421,156,1,0,0
4422,26,1,0,0
4423,159,1,0,0
4424,16,1,0,0
4425,95,1,0,0
4426,23,1,0,0
4427,37,1,0,0
4428,103,1,0,0
4429,58,1,0,0
4430,28,1,0,0
4431,94,1,0,0
4432,66,1,0,0
4433,141,1,0,0
4434,73,1,0,0
4435,45,1,0,0
4436,64,1,0,0
4437,44,1,0,0
4438,28,1,0,0
4439,23,1,0,0
4440,35,1,0,0
4441,72,1,0,0
4442,34,1,0,0
4443,13,1,0,0
4444,20,1,0,0
4445,37,1,0,0
4446,65,1,0,0
4447,17,1,0,0
4448,36,1,0,0
4449,63,1,0,0
4450,53,1,0,0
4451,67,1,0,0
4452,104,1,0,0
4453,93,1,0,0
4454,70,1,0,0
4455,14,1,0,0
4456,92,1,0,0
4457,16,1,0,0
4458,81,1,0,0
4459,63,1,0,0
4460,76,1,0,0
4461,96,1,0,0
4462,11,1,0,0
4463,31,1,0,0
4464,92,1,0,0
4465,218,1,0,0
4466,74,1,0,0
4467,74,1,0,0
4468,40,1,0,0
4469,9,1,0,0
4470,69,1,0,0
4471,24,1,0,0
4472,124,1,0,0
4473,42,1,0,0
4474,50,1,0,0
4475,38,1,0,0
4476,116,1,0,0
4477,75,1,0,0
4478,9,1,0,0
4479,32,1,0,0
4480,148,1,0,0
4481,51,1,0,0
4482,141,1,0,0
4483,23,1,0,0
4484,107,1,0,0
4485,26,1,0,0
4486,149,1,0,0
4487,7,1,0,0
4488,111,1,0,0
4489,40,1,0,0
4490,34,1,0,0
4491,279,1,0,0
4492,70,1,0,0
4493,19,1,0,0
4494,83,1,0,0
4495,90,1,0,0
4496,118,1,0,0
4497,26,1,0,0
4498,12,1,0,0
4499,51,1,0,0
4500,116,1,0,0
4501,35,1,0,0
4502,42,1,0,0
4503,22,1,0,0
4504,54,1,0,0
4505,63,1,0,0
4506,53,1,0,0
4507,31,1,0,0
4508,32,1,0,0
4509,31,1,0,0
4510,61,1,0,0
4511,37,1,0,0
4512,18,1,0,0
4513,20,1,0,0
4514,85,1,0,0
4515,84,1,0,0
4516,205,1,0,0
4517,111,1,0,0
4518,37,1,0,0
4519,73,1,0,0
4520,28,1,0,0
4521,104,1,0,0
4522,50,1,0,0
4523,42,1,0,0
4524,52,1,0,0
4525,69,1,0,0
4526,37,1,0,0
4527,17,1,0,0
4528,75,1,0,0
4529,102,1,0,0
4530,113,1,0,0
4531,49,1,0,0
4532,66,1,0,0
4533,110,1,0,0
4534,20,1,0,0
4535,101,1,0,0
4536,193,1,0,0
4537,48,1,0,0
4538,33,1,0,0
4539,24,1,0,0
4540,64,1,0,0
4541,131,1,0,0
4542,15,1,0,0
4543,16,1,0,0
4544,19,1,0,0
4545,32,1,0,0
4546,175,1,0,0
4547,253,1,0,0
4548,25,1,0,0
4549,113,1,0,0
4550,178,1,0,0
4551,38,1,0,0
4552,140,1,0,0
4553,81,1,0,0
4554,62,1,0,0
4555,9,1,0,0
4556,43,1,0,0
4557,113,1,0,0
4558,111,1,0,0
4559,38,1,0,0
4560,201,1,0,0
4561,78,1,0,0
4562,61,1,0,0
4563,78,1,0,0
4564,23,1,0,0
4565,109,1,0,0
4566,22,1,0,0
4567,51,1,0,0
4568,43,1,0,0
4569,90,1,0,0
4570,76,1,0,0
4571,95,1,0,0
4572,205,1,0,0
4573,20,1,0,0
4574,68,1,0,0
4575,130,1,0,0
4576,107,1,0,0
4577,99,1,0,0
4578,42,1,0,0
4579,20,1,0,0
4580,78,1,0,0
4581,73,1,0,0
4582,22,1,0,0
4583,46,1,0,0
4584,12,1,0,0
4585,82,1,0,0
4586,87,1,0,0
4587,51,1,0,0
4588,109,1,0,0
4589,125,1,0,0
4590,78,1,0,0
4591,74,1,0,0
4592,16,1,0,0
4593,52,1,0,0
4594,17,1,0,0
4595,99,1,0,0
4596,218,1,0,0
4597,179,1,0,0
4598,42,1,0,0
4599,310,1,0,0
4600,47,1,0,0
4601,58,1,0,0
4602,56,1,0,0
4603,10,1,0,0
4604,46,1,0,0
4605,9,1,0,0
4606,70,1,0,0
4607,79,1,0,0
4608,71,1,0,0
4609,56,1,0,0
4610,80,1,0,0
4611,99,1,0,0
4612,13,1,0,0
4613,199,1,0,0
4614,41,1,0,0
4615,33,1,0,0
4616,45,1,0,0
4617,44,1,0,0
4618,67,1,0,0
4619,110,1,0,0
4620,71,1,0,0
4621,18,1,0,0
4622,100,1,0,0
4623,110,1,0,0
4624,59,1,0,0
4625,70,1,0,0
4626,58,1,0,0
4627,18,1,0,0
4628,88,1,0,0
4629,158,1,0,0
4630,15,1,0,0
4631,97,1,0,0
4632,87,1,0,0
4633,71,1,0,0
4634,25,1,0,0
4635,93,1,0,0
4636,83,1,0,0
4637,60,1,0,0
4638,97,1,0,0
4639,9,1,0,0
4640,47,1,0,0
4641,237,1,0,0
4642,127,1,0,0
4643,26,1,0,0
4644,89,1,0,0
4645,20,1,0,0
4646,35,1,0,0
4647,93,1,0,0
4648,40,1,0,0
4649,148,1,0,0
4650,173,1,0,0
4651,80,1,0,0
4652,117,1,0,0
4653,53,1,0,0
4654,201,1,0,0
4655,65,1,0,0
4656,22,1,0,0
4657,30,1,0,0
4658,119,1,0,0
4659,17,1,0,0
4660,81,1,0,0
4661,23,1,0,0
4662,74,1,0,0
4663,15,1,0,0
4664,28,1,0,0
4665,98,1,0,0
4666,62,1,0,0
4667,52,1,0,0
4668,153,1,0,0
4669,51,1,0,0
4670,135,1,0,0
4671,92,1,0,0
4672,41,1,0,0
4673,25,1,0,0
4674,120,1,0,0
4675,57,1,0,0
4676,125,1,0,0
4677,105,1,0,0
4678,199,1,0,0
4679,48,1,0,0
4680,34,1,0,0
4681,7,1,0,0
4682,28,1,0,0
4683,27,1,0,0
4684,29,1,0,0
4685,107,1,0,0
4686,27,1,0,0
4687,59,1,0,0
4688,57,1,0,0
4689,139,1,0,0
4690,70,1,0,0
4691,40,1,0,0
4692,100,1,0,0
4693,74,1,0,0
4694,30,1,0,0
4695,52,1,0,0
4696,26,1,0,0
4697,65,1,0,0
4698,32,1,0,0
4699,43,1,0,0
4700,41,1,0,0
4701,183,1,0,0
4702,37,1,0,0
4703,56,1,0,0
4704,16,1,0,0
4705,90,1,0,0
4706,22,1,0,0
4707,110,1,0,0
4708,28,1,0,0
4709,93,1,0,0
4710,90,1,0,0
4711,96,1,0,0
4712,193,1,0,0
4713,20,1,0,0
4714,117,1,0,0
4715,91,1,0,0
4716,65,1,0,0
4717,153,1,0,0
4718,100,1,0,0
4719,10,1,0,0
4720,81,1,0,0
4721,102,1,0,0
4722,126,1,0,0
4723,102,1,0,0
4724,24,1,0,0
4725,42,1,0,0
4726,60,1,0,0
4727,33,1,0,0
4728,61,1,0,0
4729,43,1,0,0
4730,27,1,0,0
4731,34,1,0,0
4732,63,1,0,0
4733,57,1,0,0
4734,99,1,0,0
4735,33,1,0,0
4736,84,1,0,0
4737,41,1,0,0
4738,68,1,0,0
4739,126,1,0,0
4740,76,1,0,0
4741,75,1,0,0
4742,26,1,0,0
4743,95,1,0,0
4744,52,1,0,0
4745,79,1,0,0
4746,9,1,0,0
4747,178,1,0,0
4748,23,1,0,0
4749,35,1,0,0
4750,19,1,0,0
4751,16,1,0,0
4752,58,1,0,0
4753,23,1,0,0
4754,79,1,0,0
4755,64,1,0,0
4756,214,1,0,0
4757,160,1,0,0
4758,95,1,0,0
4759,107,1,0,0
4760,83,1,0,0
4761,96,1,0,0
4762,18,1,0,0
4763,18,1,0,0
4764,103,1,0,0
4765,217,1,0,0
4766,59,1,0,0
4767,84,1,0,0
4768,23,1,0,0
4769,128,1,0,0
4770,38,1,0,0
4771,102,1,0,0
4772,42,1,0,0
4773,180,1,0,0
4774,46,1,0,0
4775,74,1,0,0
4776,29,1,0,0
4777,47,1,0,0
4778,84,1,0,0
4779,19,1,0,0
4780,32,1,0,0
4781,83,1,0,0
4782,79,1,0,0
4783,50,1,0,0
4784,59,1,0,0
4785,104,1,0,0
4786,53,1,0,0
4787,51,1,0,0
4788,64,1,0,0
4789,29,1,0,0
4790,54,1,0,0
4791,61,1,0,0
4792,190,1,0,0
4793,41,1,0,0
4794,93,1,0,0
4795,225,1,0,0
4796,90,1,0,0
4797,16,1,0,0
4798,89,1,0,0
4799,29,1,0,0
4800,133,1,0,0
4801,66,1,0,0
4802,51,1,0,0
4803,120,1,0,0
4804,142,1,0,0
4805,94,1,0,0
4806,21,1,0,0
4807,58,1,0,0
4808,35,1,0,0
4809,16,1,0,0
4810,14,1,0,0
4811,60,1,0,0
4812,41,1,0,0
4813,21,1,0,0
4814,94,1,0,0
4815,19,1,0,0
4816,171,1,0,0
4817,161,1,0,0
4818,123,1,0,0
4819,117,1,0,0
4820,46,1,0,0
4821,98,1,0,0
4822,92,1,0,0
4823,49,1,0,0
4824,21,1,0,0
4825,55,1,0,0
4826,82,1,0,0
4827,37,1,0,0
4828,54,1,0,0
4829,35,1,0,0
4830,151,1,0,0
4831,74,1,0,0
4832,41,1,0,0
4833,45,1,0,0
4834,54,1,0,0
4835,120,1,0,0
4836,46,1,0,0
4837,28,1,0,0
4838,92,1,0,0
4839,193,1,0,0
4840,41,1,0,0
4841,124,1,0,0
4842,16,1,0,0
4843,34,1,0,0
4844,20,1,0,0
4845,31,1,0,0
4846,69,1,0,0
4847,92,1,0,0
4848,109,1,0,0
4849,145,1,0,0
4850,91,1,0,0
4851,227,1,0,0
4852,66,1,0,0
4853,47,1,0,0
4854,74,1,0,0
4855,38,1,0,0
4856,22,1,0,0
4857,57,1,0,0
4858,55,1,0,0
4859,12,1,0,0
4860,18,1,0,0
4861,27,1,0,0
4862,171,1,0,0
4863,56,1,0,0
4864,82,1,0,0
4865,11,1,0,0
4866,73,1,0,0
4867,13,1,0,0
4868,95,1,0,0
4869,33,1,0,0
4870,33,1,0,0
4871,24,1,0,0
4872,59,1,0,0
4873,155,1,0,0
4874,17,1,0,0
4875,35,1,0,0
4876,98,1,0,0
4877,39,1,0,0
4878,52,1,0,0
4879,35,1,0,0
4880,46,1,0,0
4881,19,1,0,0
4882,50,1,0,0
4883,43,1,0,0
4884,124,1,0,0
4885,20,1,0,0
4886,17,1,0,0
4887,61,1,0,0
4888,403,1,0,0
4889,177,1,0,0
4890,25,1,0,0
4891,102,1,0,0
4892,125,1,0,0
4893,43,1,0,0
4894,174,1,0,0
4895,120,1,0,0
4896,174,1,0,0
4897,65,1,0,0
4898,66,1,0,0
4899,26,1,0,0
4900,61,1,0,0
4901,93,1,0,0
4902,129,1,0,0
4903,88,1,0,0
4904,88,1,0,0
4905,84,1,0,0
4906,21,1,0,0
4907,79,1,0,0
4908,160,1,0,0
4909,69,1,0,0
4910,37,1,0,0
4911,14,1,0,0
4912,157,1,0,0
4913,59,1,0,0
4914,58,1,0,0
4915,35,1,0,0
4916,162,1,0,0
4917,32,1,0,0
4918,77,1,0,0
4919,135,1,0,0
4920,104,1,0,0
4921,196,1,0,0
4922,95,1,0,0
4923,35,1,0,0
4924,45,1,0,0
4925,35,1,0,0
4926,34,1,0,0
4927,177,1,0,0
4928,18,1,0,0
4929,96,1,0,0
4930,11,1,0,0
4931,24,1,0,0
4932,121,1,0,0
4933,47,1,0,0
4934,141,1,0,0
4935,64,1,0,0
4936,103,1,0,0
4937,68,1,0,0
4938,148,1,0,0
4939,96,1,0,0
4940,10,1,0,0
4941,24,1,0,0
4942,90,1,0,0
4943,27,1,0,0
4944,40,1,0,0
4945,16,1,0,0
4946,47,1,0,0
4947,88,1,0,0
4948,48,1,0,0
4949,31,1,0,0
4950,103,1,0,0
4951,34,1,0,0
4952,186,1,0,0
4953,57,1,0,0
4954,81,1,0,0
4955,82,1,0,0
4956,33,1,0,0
4957,34,1,0,0
4958,163,1,0,0
4959,22,1,0,0
4960,17,1,0,0
4961,117,1,0,0
4962,97,1,0,0
4963,28,1,0,0
4964,40,1,0,0
4965,88,1,0,0
4966,106,1,0,0
4967,87,1,0,0
4968,67,1,0,0
4969,214,1,0,0
4970,16,1,0,0
4971,62,1,0,0
4972,23,1,0,0
4973,30,1,0,0
4974,90,1,0,0
4975,65,1,0,0
4976,165,1,0,0
4977,119,1,0,0
4978,64,1,0,0
4979,129,1,0,0
4980,21,1,0,0
4981,80,1,0,0
4982,60,1,0,0
4983,30,1,0,0
4984,141,1,0,0
4985,38,1,0,0
4986,65,1,0,0
4987,17,1,0,0
4988,18,1,0,0
4989,67,1,0,0
4990,65,1,0,0
4991,18,1,0,0
4992,48,1,0,0
4993,65,1,0,0
4994,294,1,0,0
4995,86,1,0,0
4996,46,1,0,0
4997,82,1,0,0
4998,29,1,0,0
4999,19,1,0,0
5000,15,1,0,0
5001,27,1,0,0
5002,165,1,0,0
5003,44,1,0,0
5004,166,1,0,0
5005,76,1,0,0
5006,58,1,0,0
5007,181,1,0,0
5008,13,1,0,0
5009,22,1,0,0
5010,11,1,0,0
5011,109,1,0,0
5012,40,1,0,0
5013,187,1,0,0
5014,61,1,0,0
5015,24,1,0,0
5016,24,1,0,0
5017,136,1,0,0
5018,12,1,0,0
5019,18,1,0,0
5020,61,1,0,0
5021,15,1,0,0
5022,77,1,0,0
5023,11,1,0,0
5024,112,1,0,0
5025,129,1,0,0
5026,23,1,0,0
5027,35,1,0,0
5028,79,1,0,0
5029,30,1,0,0
5030,302,1,0,0
5031,104,1,0,0
5032,19,1,0,0
5033,150,1,0,0
5034,34,1,0,0
5035,18,1,0,0
5036,86,1,0,0
5037,59,1,0,0
5038,55,1,0,0
5039,67,1,0,0
5040,65,1,0,0
5041,35,1,0,0
5042,50,1,0,0
5043,136,1,0,0
5044,192,1,0,0
5045,22,1,0,0
5046,62,1,0,0
5047,23,1,0,0
5048,48,1,0,0
5049,15,1,0,0
5050,125,1,0,0
5051,27,1,0,0
5052,140,1,0,0
5053,76,1,0,0
5054,35,1,0,0
5055,49,1,0,0
5056,76,1,0,0
5057,18,1,0,0
5058,40,1,0,0
5059,62,1,0,0
5060,78,1,0,0
5061,36,1,0,0
5062,32,1,0,0
5063,146,1,0,0
5064,59,1,0,0
5065,120,1,0,0
5066,120,1,0,0
5067,28,1,0,0
5068,37,1,0,0
5069,27,1,0,0
5070,164,1,0,0
5071,16,1,0,0
5072,43,1,0,0
5073,67,1,0,0
5074,48,1,0,0
5075,42,1,0,0
5076,92,1,0,0
5077,100,1,0,0
5078,102,1,0,0
5079,29,1,0,0
5080,24,1,0,0
5081,53,1,0,0
5082,153,1,0,0
5083,75,1,0,0
5084,86,1,0,0
5085,45,1,0,0
5086,32,1,0,0
5087,137,1,0,0
5088,62,1,0,0
5089,16,1,0,0
5090,70,1,0,0
5091,13,1,0,0
5092,21,1,0,0
5093,123,1,0,0
5094,36,1,0,0
5095,48,1,0,0
5096,50,1,0,0
5097,101,1,0,0
5098,11,1,0,0
5099,87,1,0,0
5100,189,1,0,0
5101,30,1,0,0
5102,36,1,0,0
5103,26,1,0,0
5104,81,1,0,0
5105,26,1,0,0
5106,49,1,0,0
5107,112,1,0,0
5108,55,1,0,0
5109,68,1,0,0
5110,27,1,0,0
5111,66,1,0,0
5112,9,1,0,0
5113,43,1,0,0
5114,97,1,0,0
5115,80,1,0,0
5116,35,1,0,0
5117,25,1,0,0
5118,83,1,0,0
5119,157,1,0,0
5120,61,1,0,0
5121,27,1,0,0
5122,382,1,0,0
5123,185,1,0,0
5124,55,1,0,0
5125,150,1,0,0
5126,55,1,0,0
5127,38,1,0,0
5128,36,1,0,0
5129,36,1,0,0
5130,42,1,0,0
5131,64,1,0,0
5132,57,1,0,0
5133,16,1,0,0
5134,101,1,0,0
5135,125,1,0,0
5136,34,1,0,0
5137,79,1,0,0
5138,27,1,0,0
5139,43,1,0,0
5140,28,1,0,0
5141,36,1,0,0
5142,181,1,0,0
5143,38,1,0,0
5144,63,1,0,0
5145,16,1,0,0
5146,196,1,0,0
5147,59,1,0,0
5148,87,1,0,0
5149,103,1,0,0
5150,70,1,0,0
5151,19,1,0,0
5152,72,1,0,0
5153,239,1,0,0
5154,111,1,0,0
5155,37,1,0,0
5156,43,1,0,0
5157,43,1,0,0
5158,34,1,0,0
5159,103,1,0,0
5160,138,1,0,0
5161,36,1,0,0
5162,69,1,0,0
5163,69,1,0,0
5164,66,1,0,0
5165,54,1,0,0
5166,111,1,0,0
5167,228,1,0,0
5168,45,1,0,0
5169,34,1,0,0
5170,56,1,0,0
5171,125,1,0,0
5172,121,1,0,0
5173,36,1,0,0
5174,10,1,0,0
5175,90,1,0,0
5176,153,1,0,0
5177,147,1,0,0
5178,17,1,0,0
5179,73,1,0,0
5180,60,1,0,0
5181,42,1,0,0
5182,83,1,0,0
5183,65,1,0,0
5184,116,1,0,0
5185,51,1,0,0
5186,106,1,0,0
5187,33,1,0,0
5188,75,1,0,0
5189,20,1,0,0
5190,22,1,0,0
5191,79,1,0,0
5192,91,1,0,0
5193,17,1,0,0
5194,12,1,0,0
5195,104,1,0,0
5196,15,1,0,0
5197,108,1,0,0
5198,62,1,0,0
5199,110,1,0,0
5200,23,1,0,0
5201,17,1,0,0
5202,11,1,0,0
5203,70,1,0,0
5204,114,1,0,0
5205,19,1,0,0
5206,20,1,0,0
5207,100,1,0,0
5208,132,1,0,0
5209,83,1,0,0
5210,85,1,0,0
5211,13,1,0,0
5212,32,1,0,0
5213,13,1,0,0
5214,77,1,0,0
5215,92,1,0,0
5216,42,1,0,0
5217,33,1,0,0
5218,123,1,0,0
5219,85,1,0,0
5220,49,1,0,0
5221,111,1,0,0
5222,107,1,0,0
5223,100,1,0,0
5224,48,1,0,0
5225,69,1,0,0
5226,33,1,0,0
5227,11,1,0,0
5228,98,1,0,0
5229,209,1,0,0
5230,11,1,0,0
5231,61,1,0,0
5232,127,1,0,0
5233,20,1,0,0
5234,162,1,0,0
5235,30,1,0,0
5236,68,1,0,0
5237,69,1,0,0
5238,197,1,0,0
5239,226,1,0,0
5240,10,1,0,0
5241,20,1,0,0
5242,34,1,0,0
5243,156,1,0,0
5244,22,1,0,0
5245,59,1,0,0
5246,58,1,0,0
5247,30,1,0,0
5248,46,1,0,0
5249,137,1,0,0
5250,86,1,0,0
5251,44,1,0,0
5252,126,1,0,0
5253,109,1,0,0
5254,39,1,0,0
5255,34,1,0,0
5256,69,1,0,0
5257,34,1,0,0
5258,25,1,0,0
5259,38,1,0,0
5260,40,1,0,0
5261,102,1,0,0
5262,23,1,0,0
5263,67,1,0,0
5264,81,1,0,0
5265,36,1,0,0
5266,74,1,0,0
5267,115,1,0,0
5268,52,1,0,0
5269,78,1,0,0
5270,63,1,0,0
5271,25,1,0,0
5272,34,1,0,0
5273,21,1,0,0
5274,14,1,0,0
5275,100,1,0,0
5276,25,1,0,0
5277,97,1,0,0
5278,129,1,0,0
5279,94,1,0,0
5280,121,1,0,0
5281,98,1,0,0
5282,20,1,0,0
5283,78,1,0,0
5284,50,1,0,0
5285,145,1,0,0
5286,83,1,0,0
5287,107,1,0,0
5288,66,1,0,0
5289,46,1,0,0
5290,33,1,0,0
5291,32,1,0,0
5292,43,1,0,0
5293,87,1,0,0
5294,113,1,0,0
5295,126,1,0,0
5296,59,1,0,0
5297,117,1,0,0
5298,79,1,0,0
5299,62,1,0,0
5300,96,1,0,0
5301,22,1,0,0
5302,15,1,0,0
5303,60,1,0,0
5304,53,1,0,0
5305,111,1,0,0
5306,172,1,0,0
5307,112,1,0,0
5308,30,1,0,0
5309,111,1,0,0
5310,40,1,0,0
5311,73,1,0,0
5312,246,1,0,0
5313,36,1,0,0
5314,51,1,0,0
5315,46,1,0,0
5316,33,1,0,0
5317,136,1,0,0
5318,50,1,0,0
5319,106,1,0,0
5320,102,1,0,0
5321,57,1,0,0
5322,18,1,0,0
5323,9,1,0,0
5324,33,1,0,0
5325,93,1,0,0
5326,27,1,0,0
5327,67,1,0,0
5328,62,1,0,0
5329,22,1,0,0
5330,58,1,0,0
5331,132,1,0,0
5332,191,1,0,0
5333,27,1,0,0
5334,53,1,0,0
5335,99,1,0,0
5336,77,1,0,0
5337,61,1,0,0
5338,58,1,0,0
5339,92,1,0,0
5340,58,1,0,0
5341,85,1,0,0
5342,29,1,0,0
5343,54,1,0,0
5344,67,1,0,0
5345,85,1,0,0
5346,110,1,0,0
5347,27,1,0,0
5348,28,1,0,0
5349,59,1,0,0
5350,103,1,0,0
5351,48,1,0,0
5352,17,1,0,0
5353,55,1,0,0
5354,38,1,0,0
5355,108,1,0,0
5356,75,1,0,0
5357,75,1,0,0
5358,75,1,0,0
5359,129,1,0,0
5360,21,1,0,0
5361,52,1,0,0
5362,46,1,0,0
5363,15,1,0,0
5364,15,1,0,0
5365,164,1,0,0
5366,58,1,0,0
5367,66,1,0,0
5368,75,1,0,0
5369,38,1,0,0
5370,95,1,0,0
5371,59,1,0,0
5372,56,1,0,0
5373,205,1,0,0
5374,19,1,0,0
5375,48,1,0,0
5376,24,1,0,0
5377,74,1,0,0
5378,44,1,0,0
5379,125,1,0,0
5380,21,1,0,0
5381,102,1,0,0
5382,81,1,0,0
5383,37,1,0,0
5384,103,1,0,0
5385,16,1,0,0
5386,56,1,0,0
5387,240,1,0,0
5388,38,1,0,0
5389,57,1,0,0
5390,26,1,0,0
5391,65,1,0,0
5392,26,1,0,0
5393,91,1,0,0
5394,41,1,0,0
5395,93,1,0,0
5396,61,1,0,0
5397,28,1,0,0
5398,103,1,0,0
5399,65,1,0,0
5400,40,1,0,0
5401,126,1,0,0
5402,19,1,0,0
5403,10,1,0,0
5404,90,1,0,0
5405,68,1,0,0
5406,62,1,0,0
5407,34,1,0,0
5408,25,1,0,0
5409,36,1,0,0
5410,76,1,0,0
5411,90,1,0,0
5412,58,1,0,0
5413,68,1,0,0
5414,17,1,0,0
5415,81,1,0,0
5416,44,1,0,0
5417,71,1,0,0
5418,167,1,0,0
5419,19,1,0,0
5420,87,1,0,0
5421,29,1,0,0
5422,63,1,0,0
5423,50,1,0,0
5424,67,1,0,0
5425,100,1,0,0
5426,66,1,0,0
5427,142,1,0,0
5428,50,1,0,0
5429,24,1,0,0
5430,41,1,0,0
5431,37,1,0,0
5432,36,1,0,0
5433,122,1,0,0
5434,32,1,0,0
5435,72,1,0,0
5436,71,1,0,0
5437,56,1,0,0
5438,67,1,0,0
5439,231,1,0,0
5440,90,1,0,0
5441,135,1,0,0
5442,68,1,0,0
5443,52,1,0,0
5444,88,1,0,0
5445,45,1,0,0
5446,45,1,0,0
5447,50,1,0,0
5448,72,1,0,0
5449,128,1,0,0
5450,121,1,0,0
5451,15,1,0,0
5452,48,1,0,0
5453,30,1,0,0
5454,56,1,0,0
5455,111,1,0,0
5456,65,1,0,0
5457,29,1,0,0
5458,60,1,0,0
5459,81,1,0,0
5460,15,1,0,0
5461,58,1,0,0
5462,19,1,0,0
5463,48,1,0,0
5464,49,1,0,0
5465,42,1,0,0
5466,101,1,0,0
5467,45,1,0,0
5468,99,1,0,0
5469,23,1,0,0
5470,11,1,0,0
5471,57,1,0,0
5472,35,1,0,0
5473,74,1,0,0
5474,125,1,0,0
5475,110,1,0,0
5476,21,1,0,0
5477,186,1,0,0
5478,105,1,0,0
5479,65,1,0,0
5480,82,1,0,0
5481,40,1,0,0
5482,61,1,0,0
5483,70,1,0,0
5484,44,1,0,0
5485,93,1,0,0
5486,82,1,0,0
5487,27,1,0,0
5488,28,1,0,0
5489,21,1,0,0
5490,24,1,0,0
5491,28,1,0,0
5492,31,1,0,0
5493,60,1,0,0
5494,47,1,0,0
5495,74,1,0,0
5496,9,1,0,0
5497,34,1,0,0
5498,130,1,0,0
5499,203,1,0,0
5500,65,1,0,0
5501,122,1,0,0
5502,192,1,0,0
5503,77,1,0,0
5504,147,1,0,0
5505,44,1,0,0
5506,34,1,0,0
5507,50,1,0,0
5508,20,1,0,0
5509,94,1,0,0
5510,103,1,0,0
5511,138,1,0,0
5512,159,1,0,0
5513,76,1,0,0
5514,74,1,0,0
5515,346,1,0,0
5516,43,1,0,0
5517,29,1,0,0
5518,84,1,0,0
5519,32,1,0,0
5520,94,1,0,0
5521,54,1,0,0
5522,22,1,0,0
5523,49,1,0,0
5524,70,1,0,0
5525,81,1,0,0
5526,53,1,0,0
5527,47,1,0,0
5528,136,1,0,0
5529,75,1,0,0
5530,25,1,0,0
5531,8,1,0,0
5532,17,1,0,0
5533,226,1,0,0
5534,224,1,0,0
5535,48,1,0,0
5536,56,1,0,0
5537,25,1,0,0
5538,87,1,0,0
5539,148,1,0,0
5540,28,1,0,0
5541,120,1,0,0
5542,72,1,0,0
5543,42,1,0,0
5544,87,1,0,0
5545,181,1,0,0
5546,21,1,0,0
5547,117,1,0,0
5548,135,1,0,0
5549,112,1,0,0
5550,45,1,0,0
5551,21,1,0,0
5552,21,1,0,0
5553,29,1,0,0
5554,99,1,0,0
5555,121,1,0,0
5556,51,1,0,0
5557,9,1,0,0
5558,51,1,0,0
5559,167,1,0,0
5560,71,1,0,0
5561,27,1,0,0
5562,31,1,0,0
5563,155,1,0,0
5564,59,1,0,0
5565,124,1,0,0
5566,77,1,0,0
5567,73,1,0,0
5568,36,1,0,0
5569,30,1,0,0
5570,20,1,0,0
5571,25,1,0,0
5572,48,1,0,0
5573,119,1,0,0
5574,264,1,0,0
5575,48,1,0,0
5576,46,1,0,0
5577,14,1,0,0
5578,79,1,0,0
5579,63,1,0,0
5580,102,1,0,0
5581,107,1,0,0
5582,47,1,0,0
5583,102,1,0,0
5584,44,1,0,0
5585,31,1,0,0
5586,110,1,0,0
5587,19,1,0,0
5588,40,1,0,0
5589,78,1,0,0
5590,42,1,0,0
5591,14,1,0,0
5592,144,1,0,0
5593,57,1,0,0
5594,37,1,0,0
5595,31,1,0,0
5596,65,1,0,0
5597,43,1,0,0
5598,100,1,0,0
5599,59,1,0,0
5600,55,1,0,0
5601,40,1,0,0
5602,53,1,0,0
5603,55,1,0,0
5604,84,1,0,0
5605,106,1,0,0
5606,20,1,0,0
5607,106,1,0,0
5608,33,1,0,0
5609,192,1,0,0
5610,115,1,0,0
5611,79,1,0,0
5612,183,1,0,0
5613,60,1,0,0
5614,89,1,0,0
5615,67,1,0,0
5616,125,1,0,0
5617,84,1,0,0
5618,35,1,0,0
5619,101,1,0,0
5620,22,1,0,0
5621,25,1,0,0
5622,84,1,0,0
5623,80,1,0,0
5624,78,1,0,0
5625,28,1,0,0
5626,10,1,0,0
5627,72,1,0,0
5628,112,1,0,0
5629,23,1,0,0
5630,19,1,0,0
5631,79,1,0,0
5632,72,1,0,0
5633,67,1,0,0
5634,53,1,0,0
5635,30,1,0,0
5636,94,1,0,0
5637,124,1,0,0
5638,61,1,0,0
5639,144,1,0,0
5640,14,1,0,0
5641,136,1,0,0
5642,140,1,0,0
5643,53,1,0,0
5644,11,1,0,0
5645,116,1,0,0
5646,28,1,0,0
5647,271,1,0,0
5648,113,1,0,0
5649,92,1,0,0
5650,191,1,0,0
5651,40,1,0,0
5652,24,1,0,0
5653,160,1,0,0
5654,90,1,0,0
5655,70,1,0,0
5656,87,1,0,0
5657,83,1,0,0
5658,72,1,0,0
5659,176,1,0,0
5660,29,1,0,0
5661,69,1,0,0
5662,106,1,0,0
5663,29,1,0,0
5664,70,1,0,0
5665,35,1,0,0
5666,50,1,0,0
5667,45,1,0,0
5668,84,1,0,0
5669,58,1,0,0
5670,126,1,0,0
5671,51,1,0,0
5672,68,1,0,0
5673,59,1,0,0
5674,30,1,0,0
5675,18,1,0,0
5676,281,1,0,0
5677,29,1,0,0
5678,180,1,0,0
5679,51,1,0,0
5680,36,1,0,0
5681,100,1,0,0
5682,71,1,0,0
5683,130,1,0,0
5684,64,1,0,0
5685,21,1,0,0
5686,101,1,0,0
5687,35,1,0,0
5688,67,1,0,0
5689,13,1,0,0
5690,59,1,0,0
5691,80,1,0,0
5692,97,1,0,0
5693,39,1,0,0
5694,192,1,0,0
5695,109,1,0,0
5696,39,1,0,0
5697,30,1,0,0
5698,34,1,0,0
5699,88,1,0,0
5700,143,1,0,0
5701,27,1,0,0
5702,70,1,0,0
5703,48,1,0,0
5704,71,1,0,0
5705,61,1,0,0
5706,303,1,0,0
5707,109,1,0,0
5708,33,1,0,0
5709,60,1,0,0
5710,9,1,0,0
5711,80,1,0,0
5712,32,1,0,0
5713,94,1,0,0
5714,67,1,0,0
5715,207,1,0,0
5716,15,1,0,0
5717,55,1,0,0
5718,86,1,0,0
5719,33,1,0,0
5720,21,1,0,0
5721,92,1,0,0
5722,42,1,0,0
5723,98,1,0,0
5724,72,1,0,0
5725,77,1,0,0
5726,36,1,0,0
5727,65,1,0,0
5728,14,1,0,0
5729,53,1,0,0
5730,33,1,0,0
5731,313,1,0,0
5732,152,1,0,0
5733,28,1,0,0
5734,49,1,0,0
5735,179,1,0,0
5736,72,1,0,0
5737,45,1,0,0
5738,18,1,0,0
5739,99,1,0,0
5740,51,1,0,0
5741,31,1,0,0
5742,200,1,0,0
5743,46,1,0,0
5744,28,1,0,0
5745,93,1,0,0
5746,104,1,0,0
5747,99,1,0,0
5748,127,1,0,0
5749,74,1,0,0
5750,62,1,0,0
5751,88,1,0,0
5752,87,1,0,0
5753,60,1,0,0
5754,21,1,0,0
5755,76,1,0,0
5756,17,1,0,0
5757,58,1,0,0
5758,48,1,0,0
5759,102,1,0,0
5760,25,1,0,0
5761,33,1,0,0
5762,38,1,0,0
5763,101,1,0,0
5764,11,1,0,0
5765,48,1,0,0
5766,115,1,0,0
5767,54,1,0,0
5768,145,1,0,0
5769,55,1,0,0
5770,117,1,0,0
5771,33,1,0,0
5772,164,1,0,0
5773,20,1,0,0
5774,91,1,0,0
5775,208,1,0,0
5776,44,1,0,0
5777,63,1,0,0
5778,60,1,0,0
5779,41,1,0,0
5780,56,1,0,0
5781,86,1,0,0
5782,76,1,0,0
5783,47,1,0,0
5784,42,1,0,0
5785,20,1,0,0
5786,124,1,0,0
5787,27,1,0,0
5788,26,1,0,0
5789,26,1,0,0
5790,42,1,0,0
5791,22,1,0,0
5792,118,1,0,0
5793,69,1,0,0
5794,83,1,0,0
5795,37,1,0,0
5796,46,1,0,0
5797,49,1,0,0
5798,78,1,0,0
5799,71,1,0,0
5800,90,1,0,0
5801,33,1,0,0
5802,67,1,0,0
5803,40,1,0,0
5804,252,1,0,0
5805,14,1,0,0
5806,58,1,0,0
5807,65,1,0,0
5808,52,1,0,0
5809,18,1,0,0
5810,81,1,0,0
5811,65,1,0,0
5812,78,1,0,0
5813,41,1,0,0
5814,130,1,0,0
5815,90,1,0,0
5816,112,1,0,0
5817,181,1,0,0
5818,121,1,0,0
5819,71,1,0,0
5820,32,1,0,0
5821,21,1,0,0
5822,12,1,0,0
5823,65,1,0,0
5824,89,1,0,0
5825,76,1,0,0
5826,114,1,0,0
5827,14,1,0,0
5828,184,1,0,0
5829,47,1,0,0
5830,58,1,0,0
5831,160,1,0,0
5832,46,1,0,0
5833,110,1,0,0
5834,93,1,0,0
5835,216,1,0,0
5836,60,1,0,0
5837,84,1,0,0
5838,64,1,0,0
5839,19,1,0,0
5840,56,1,0,0
5841,93,1,0,0
5842,44,1,0,0
5843,34,1,0,0
5844,107,1,0,0
5845,43,1,0,0
5846,70,1,0,0
5847,18,1,0,0
5848,52,1,0,0
5849,23,1,0,0
5850,103,1,0,0
5851,30,1,0,0
5852,102,1,0,0
5853,30,1,0,0
5854,207,1,0,0
5855,114,1,0,0
5856,67,1,0,0
5857,70,1,0,0
5858,18,1,0,0
5859,109,1,0,0
5860,67,1,0,0
5861,107,1,0,0
5862,17,1,0,0
5863,39,1,0,0
5864,181,1,0,0
5865,34,1,0,0
5866,132,1,0,0
5867,129,1,0,0
5868,138,1,0,0
5869,46,1,0,0
5870,108,1,0,0
5871,46,1,0,0
5872,28,1,0,0
5873,58,1,0,0
5874,47,1,0,0
5875,28,1,0,0
5876,40,1,0,0
5877,71,1,0,0
5878,85,1,0,0
5879,57,1,0,0
5880,16,1,0,0
5881,95,1,0,0
5882,29,1,0,0
5883,210,1,0,0
5884,18,1,0,0
5885,61,1,0,0
5886,93,1,0,0
5887,126,1,0,0
5888,41,1,0,0
5889,39,1,0,0
5890,107,1,0,0
5891,33,1,0,0
5892,71,1,0,0
5893,76,1,0,0
5894,113,1,0,0
5895,62,1,0,0
5896,76,1,0,0
5897,58,1,0,0
5898,76,1,0,0
5899,42,1,0,0
5900,36,1,0,0
5901,30,1,0,0
5902,62,1,0,0
5903,47,1,0,0
5904,49,1,0,0
5905,126,1,0,0
5906,166,1,0,0
5907,19,1,0,0
5908,156,1,0,0
5909,112,1,0,0
5910,155,1,0,0
5911,57,1,0,0
5912,59,1,0,0
5913,86,1,0,0
5914,14,1,0,0
5915,91,1,0,0
5916,33,1,0,0
5917,26,1,0,0
5918,32,1,0,0
5919,17,1,0,0
5920,51,1,0,0
5921,70,1,0,0
5922,113,1,0,0
5923,117,1,0,0
5924,38,1,0,0
5925,81,1,0,0
5926,14,1,0,0
5927,97,1,0,0
5928,23,1,0,0
5929,60,1,0,0
5930,62,1,0,0
5931,67,1,0,0
5932,91,1,0,0
5933,99,1,0,0
5934,67,1,0,0
5935,90,1,0,0
5936,160,1,0,0
5937,81,1,0,0
5938,24,1,0,0
5939,26,1,0,0
5940,83,1,0,0
5941,18,1,0,0
5942,56,1,0,0
5943,30,1,0,0
5944,82,1,0,0
5945,92,1,0,0
5946,43,1,0,0
5947,114,1,0,0
5948,37,1,0,0
5949,181,1,0,0
5950,122,1,0,0
5951,106,1,0,0
5952,41,1,0,0
5953,76,1,0,0
5954,15,1,0,0
5955,62,1,0,0
5956,133,1,0,0
5957,205,1,0,0
5958,41,1,0,0
5959,40,1,0,0
5960,71,1,0,0
5961,40,1,0,0
5962,50,1,0,0
5963,21,1,0,0
5964,51,1,0,0
5965,97,1,0,0
5966,65,1,0,0
5967,66,1,0,0
5968,145,1,0,0
5969,31,1,0,0
5970,24,1,0,0
5971,54,1,0,0
5972,47,1,0,0
5973,95,1,0,0
5974,53,1,0,0
5975,52,1,0,0
5976,78,1,0,0
5977,62,1,0,0
5978,25,1,0,0
5979,27,1,0,0
5980,74,1,0,0
5981,71,1,0,0
5982,82,1,0,0
5983,86,1,0,0
5984,149,1,0,0
5985,93,1,0,0
5986,53,1,0,0
5987,96,1,0,0
5988,53,1,0,0
5989,36,1,0,0
5990,202,1,0,0
5991,61,1,0,0
5992,90,1,0,0
5993,105,1,0,0
5994,56,1,0,0
5995,143,1,0,0
5996,140,1,0,0
5997,65,1,0,0
5998,37,1,0,0
5999,50,1,0,0
6000,23,1,0,0
6001,140,1,0,0
6002,86,1,0,0
6003,48,1,0,0
6004,11,1,0,0
6005,83,1,0,0
6006,119,1,0,0
6007,71,1,0,0
6008,72,1,0,0
6009,30,1,0,0
6010,17,1,0,0
6011,70,1,0,0
6012,106,1,0,0
6013,74,1,0,0
6014,36,1,0,0
6015,60,1,0,0
6016,58,1,0,0
6017,26,1,0,0
6018,55,1,0,0
6019,59,1,0,0
6020,61,1,0,0
6021,56,1,0,0
6022,201,1,0,0
6023,130,1,0,0
6024,58,1,0,0
6025,86,1,0,0
6026,20,1,0,0
6027,30,1,0,0
6028,28,1,0,0
6029,45,1,0,0
6030,162,1,0,0
6031,76,1,0,0
6032,26,1,0,0
6033,33,1,0,0
6034,57,1,0,0
6035,117,1,0,0
6036,133,1,0,0
6037,50,1,0,0
6038,75,1,0,0
6039,52,1,0,0
6040,11,1,0,0
6041,39,1,0,0
6042,24,1,0,0
6043,41,1,0,0
6044,75,1,0,0
6045,135,1,0,0
6046,75,1,0,0
6047,52,1,0,0
6048,7,1,0,0
6049,86,1,0,0
6050,21,1,0,0
6051,29,1,0,0
6052,69,1,0,0
6053,117,1,0,0
6054,134,1,0,0
6055,13,1,0,0
6056,56,1,0,0
6057,43,1,0,0
6058,38,1,0,0
6059,90,1,0,0
6060,62,1,0,0
6061,22,1,0,0
6062,65,1,0,0
6063,40,1,0,0
6064,150,1,0,0
6065,132,1,0,0
6066,18,1,0,0
6067,47,1,0,0
6068,95,1,0,0
6069,52,1,0,0
6070,85,1,0,0
6071,57,1,0,0
6072,74,1,0,0
6073,49,1,0,0
6074,55,1,0,0
6075,60,1,0,0
6076,176,1,0,0
6077,53,1,0,0
6078,236,1,0,0
6079,19,1,0,0
6080,31,1,0,0
6081,15,1,0,0
6082,67,1,0,0
6083,60,1,0,0
6084,146,1,0,0
6085,11,1,0,0
6086,227,1,0,0
6087,29,1,0,0
6088,131,1,0,0
6089,37,1,0,0
6090,16,1,0,0
6091,70,1,0,0
6092,52,1,0,0
6093,81,1,0,0
6094,45,1,0,0
6095,53,1,0,0
6096,162,1,0,0
6097,17,1,0,0
6098,33,1,0,0
6099,58,1,0,0
6100,103,1,0,0
6101,74,1,0,0
6102,55,1,0,0
6103,29,1,0,0
6104,36,1,0,0
6105,185,1,0,0
6106,140,1,0,0
6107,61,1,0,0
6108,61,1,0,0
6109,123,1,0,0
6110,33,1,0,0
6111,351,1,0,0
6112,71,1,0,0
6113,58,1,0,0
6114,79,1,0,0
6115,12,1,0,0
6116,15,1,0,0
6117,42,1,0,0
6118,36,1,0,0
6119,79,1,0,0
6120,24,1,0,0
6121,132,1,0,0
6122,99,1,0,0
6123,160,1,0,0
6124,70,1,0,0
6125,116,1,0,0
6126,63,1,0,0
6127,143,1,0,0
6128,84,1,0,0
6129,19,1,0,0
6130,51,1,0,0
6131,104,1,0,0
6132,87,1,0,0
6133,54,1,0,0
6134,44,1,0,0
6135,114,1,0,0
6136,30,1,0,0
6137,91,1,0,0
6138,66,1,0,0
6139,36,1,0,0
6140,23,1,0,0
6141,62,1,0,0
6142,33,1,0,0
6143,64,1,0,0
6144,44,1,0,0
6145,84,1,0,0
6146,82,1,0,0
6147,18,1,0,0
6148,62,1,0,0
6149,54,1,0,0
6150,68,1,0,0
6151,237,1,0,0
6152,11,1,0,0
6153,29,1,0,0
6154,22,1,0,0
6155,86,1,0,0
6156,66,1,0,0
6157,57,1,0,0
6158,114,1,0,0
6159,44,1,0,0
6160,41,1,0,0
6161,44,1,0,0
6162,147,1,0,0
6163,92,1,0,0
6164,76,1,0,0
6165,17,1,0,0
6166,68,1,0,0
6167,18,1,0,0
6168,79,1,0,0
6169,108,1,0,0
6170,47,1,0,0
6171,32,1,0,0
6172,53,1,0,0
6173,122,1,0,0
6174,48,1,0,0
6175,105,1,0,0
6176,102,1,0,0
6177,83,1,0,0
6178,22,1,0,0
6179,90,1,0,0
6180,74,1,0,0
6181,66,1,0,0
6182,71,1,0,0
6183,84,1,0,0
6184,201,1,0,0
6185,90,1,0,0
6186,82,1,0,0
6187,159,1,0,0
6188,95,1,0,0
6189,35,1,0,0
6190,159,1,0,0
6191,163,1,0,0
6192,20,1,0,0
6193,61,1,0,0
6194,129,1,0,0
6195,47,1,0,0
6196,115,1,0,0
6197,13,1,0,0
6198,43,1,0,0
6199,113,1,0,0
6200,43,1,0,0
6201,13,1,0,0
6202,55,1,0,0
6203,54,1,0,0
6204,29,1,0,0
6205,104,1,0,0
6206,34,1,0,0
6207,52,1,0,0
6208,142,1,0,0
6209,37,1,0,0
6210,160,1,0,0
6211,54,1,0,0
6212,74,1,0,0
6213,60,1,0,0
6214,74,1,0,0
6215,32,1,0,0
6216,90,1,0,0
6217,121,1,0,0
6218,188,1,0,0
6219,109,1,0,0
6220,28,1,0,0
6221,145,1,0,0
6222,43,1,0,0
6223,78,1,0,0
6224,165,1,0,0
6225,8,1,0,0
6226,82,1,0,0
6227,132,1,0,0
6228,26,1,0,0
6229,83,1,0,0
6230,35,1,0,0
6231,61,1,0,0
6232,31,1,0,0
6233,70,1,0,0
6234,36,1,0,0
6235,97,1,0,0
6236,404,1,0,0
6237,229,1,0,0
6238,159,1,0,0
6239,193,1,0,0
6240,37,1,0,0
6241,18,1,0,0
6242,42,1,0,0
6243,26,1,0,0
6244,28,1,0,0
6245,33,1,0,0
6246,158,1,0,0
6247,96,1,0,0
6248,38,1,0,0
6249,68,1,0,0
6250,25,1,0,0
6251,117,1,0,0
6252,40,1,0,0
6253,51,1,0,0
6254,19,1,0,0
6255,86,1,0,0
6256,191,1,0,0
6257,24,1,0,0
6258,172,1,0,0
6259,70,1,0,0
6260,56,1,0,0
6261,51,1,0,0
6262,34,1,0,0
6263,28,1,0,0
6264,66,1,0,0
6265,137,1,0,0
6266,22,1,0,0
6267,54,1,0,0
6268,46,1,0,0
6269,30,1,0,0
6270,24,1,0,0
6271,50,1,0,0
6272,48,1,0,0
6273,43,1,0,0
6274,98,1,0,0
6275,31,1,0,0
6276,75,1,0,0
6277,112,1,0,0
6278,48,1,0,0
6279,190,1,0,0
6280,130,1,0,0
6281,11,1,0,0
6282,98,1,0,0
6283,41,1,0,0
6284,46,1,0,0
6285,108,1,0,0
6286,104,1,0,0
6287,24,1,0,0
6288,22,1,0,0
6289,37,1,0,0
6290,138,1,0,0
6291,37,1,0,0
6292,108,1,0,0
6293,47,1,0,0
6294,104,1,0,0
6295,26,1,0,0
6296,61,1,0,0
6297,42,1,0,0
6298,65,1,0,0
6299,210,1,0,0
6300,65,1,0,0
6301,64,1,0,0
6302,16,1,0,0
6303,41,1,0,0
6304,97,1,0,0
6305,81,1,0,0
6306,64,1,0,0
6307,69,1,0,0
6308,20,1,0,0
6309,7,1,0,0
6310,87,1,0,0
6311,59,1,0,0
6312,19,1,0,0
6313,72,1,0,0
6314,159,1,0,0
6315,37,1,0,0
6316,33,1,0,0
6317,22,1,0,0
6318,29,1,0,0
6319,158,1,0,0
6320,48,1,0,0
6321,17,1,0,0
6322,11,1,0,0
6323,128,1,0,0
6324,99,1,0,0
6325,18,1,0,0
6326,46,1,0,0
6327,25,1,0,0
6328,134,1,0,0
6329,101,1,0,0
6330,48,1,0,0
6331,65,1,0,0
6332,86,1,0,0
6333,17,1,0,0
6334,39,1,0,0
6335,186,1,0,0
6336,58,1,0,0
6337,20,1,0,0
6338,72,1,0,0
6339,23,1,0,0
6340,83,1,0,0
6341,44,1,0,0
6342,137,1,0,0
6343,33,1,0,0
6344,65,1,0,0
6345,228,1,0,0
6346,97,1,0,0
6347,44,1,0,0
6348,172,1,0,0
6349,33,1,0,0
6350,33,1,0,0
6351,79,1,0,0
6352,18,1,0,0
6353,40,1,0,0
6354,125,1,0,0
6355,57,1,0,0
6356,361,1,0,0
6357,57,1,0,0
6358,61,1,0,0
6359,46,1,0,0
6360,99,1,0,0
6361,55,1,0,0
6362,222,1,0,0
6363,32,1,0,0
6364,83,1,0,0
6365,98,1,0,0
6366,123,1,0,0
6367,75,1,0,0
6368,126,1,0,0
6369,128,1,0,0
6370,34,1,0,0
6371,82,1,0,0
6372,86,1,0,0
6373,109,1,0,0
6374,82,1,0,0
6375,12,1,0,0
6376,54,1,0,0
6377,105,1,0,0
6378,114,1,0,0
6379,44,1,0,0
6380,70,1,0,0
6381,31,1,0,0
6382,15,1,0,0
6383,82,1,0,0
6384,48,1,0,0
6385,44,1,0,0
6386,83,1,0,0
6387,49,1,0,0
6388,94,1,0,0
6389,36,1,0,0
6390,56,1,0,0
6391,31,1,0,0
6392,84,1,0,0
6393,13,1,0,0
6394,39,1,0,0
6395,134,1,0,0
6396,20,1,0,0
6397,181,1,0,0
6398,71,1,0,0
6399,35,1,0,0
6400,87,1,0,0
6401,52,1,0,0
6402,25,1,0,0
6403,23,1,0,0
6404,34,1,0,0
6405,17,1,0,0
6406,19,1,0,0
6407,66,1,0,0
6408,65,1,0,0
6409,69,1,0,0
6410,11,1,0,0
6411,114,1,0,0
6412,26,1,0,0
6413,118,1,0,0
6414,13,1,0,0
6415,119,1,0,0
6416,28,1,0,0
6417,39,1,0,0
6418,39,1,0,0
6419,31,1,0,0
6420,42,1,0,0
6421,107,1,0,0
6422,18,1,0,0
6423,60,1,0,0
6424,77,1,0,0
6425,19,1,0,0
6426,115,1,0,0
6427,55,1,0,0
6428,65,1,0,0
6429,38,1,0,0
6430,84,1,0,0
6431,68,1,0,0
6432,86,1,0,0
6433,111,1,0,0
6434,24,1,0,0
6435,47,1,0,0
6436,24,1,0,0
6437,81,1,0,0
6438,35,1,0,0
6439,47,1,0,0
6440,68,1,0,0
6441,13,1,0,0
6442,36,1,0,0
6443,38,1,0,0
6444,96,1,0,0
6445,56,1,0,0
6446,88,1,0,0
6447,147,1,0,0
6448,80,1,0,0
6449,39,1,0,0
6450,103,1,0,0
6451,73,1,0,0
6452,43,1,0,0
6453,57,1,0,0
6454,155,1,0,0
6455,67,1,0,0
6456,30,1,0,0
6457,127,1,0,0
6458,130,1,0,0
6459,127,1,0,0
6460,53,1,0,0
6461,120,1,0,0
6462,120,1,0,0
6463,67,1,0,0
6464,73,1,0,0
6465,16,1,0,0
6466,20,1,0,0
6467,9,1,0,0
6468,83,1,0,0
6469,93,1,0,0
6470,124,1,0,0
6471,81,1,0,0
6472,28,1,0,0
6473,99,1,0,0
6474,87,1,0,0
6475,29,1,0,0
6476,21,1,0,0
6477,63,1,0,0
6478,81,1,0,0
6479,51,1,0,0
6480,91,1,0,0
6481,83,1,0,0
6482,47,1,0,0
6483,87,1,0,0
6484,122,1,0,0
6485,98,1,0,0
6486,78,1,0,0
6487,46,1,0,0
6488,32,1,0,0
6489,39,1,0,0
6490,26,1,0,0
6491,50,1,0,0
6492,59,1,0,0
6493,37,1,0,0
6494,203,1,0,0
6495,64,1,0,0
6496,177,1,0,0
6497,30,1,0,0
6498,55,1,0,0
6499,42,1,0,0
6500,25,1,0,0
6501,30,1,0,0
6502,114,1,0,0
6503,63,1,0,0
6504,77,1,0,0
6505,81,1,0,0
6506,72,1,0,0
6507,56,1,0,0
6508,66,1,0,0
6509,14,1,0,0
6510,94,1,0,0
6511,118,1,0,0
6512,282,1,0,0
6513,68,1,0,0
6514,39,1,0,0
6515,173,1,0,0
6516,11,1,0,0
6517,34,1,0,0
6518,111,1,0,0
6519,132,1,0,0
6520,22,1,0,0
6521,124,1,0,0
6522,61,1,0,0
6523,72,1,0,0
6524,110,1,0,0
6525,162,1,0,0
6526,45,1,0,0
6527,70,1,0,0
6528,33,1,0,0
6529,35,1,0,0
6530,60,1,0,0
6531,21,1,0,0
6532,20,1,0,0
6533,76,1,0,0
6534,240,1,0,0
6535,54,1,0,0
6536,172,1,0,0
6537,57,1,0,0
6538,29,1,0,0
6539,110,1,0,0
6540,79,1,0,0
6541,57,1,0,0
6542,132,1,0,0
6543,76,1,0,0
6544,34,1,0,0
6545,22,1,0,0
6546,62,1,0,0
6547,97,1,0,0
6548,244,1,0,0
6549,26,1,0,0
6550,36,1,0,0
6551,52,1,0,0
6552,23,1,0,0
6553,133,1,0,0
6554,93,1,0,0
6555,23,1,0,0
6556,146,1,0,0
6557,115,1,0,0
6558,48,1,0,0
6559,136,1,0,0
6560,61,1,0,0
6561,75,1,0,0
6562,84,1,0,0
6563,107,1,0,0
6564,54,1,0,0
6565,34,1,0,0
6566,101,1,0,0
6567,49,1,0,0
6568,58,1,0,0
6569,53,1,0,0
6570,116,1,0,0
6571,117,1,0,0
6572,23,1,0,0
6573,10,1,0,0
6574,35,1,0,0
6575,29,1,0,0
6576,77,1,0,0
6577,31,1,0,0
6578,34,1,0,0
6579,204,1,0,0
6580,75,1,0,0
6581,50,1,0,0
6582,99,1,0,0
6583,58,1,0,0
6584,50,1,0,0
6585,16,1,0,0
6586,45,1,0,0
6587,161,1,0,0
6588,56,1,0,0
6589,50,1,0,0
6590,22,1,0,0
6591,69,1,0,0
6592,37,1,0,0
6593,38,1,0,0
6594,37,1,0,0
6595,108,1,0,0
6596,69,1,0,0
6597,50,1,0,0
6598,14,1,0,0
6599,40,1,0,0
6600,24,1,0,0
6601,27,1,0,0
6602,78,1,0,0
6603,18,1,0,0
6604,131,1,0,0
6605,24,1,0,0
6606,32,1,0,0
6607,158,1,0,0
6608,164,1,0,0
6609,157,1,0,0
6610,36,1,0,0
6611,143,1,0,0
6612,209,1,0,0
6613,47,1,0,0
6614,34,1,0,0
6615,110,1,0,0
6616,62,1,0,0
6617,233,1,0,0
6618,45,1,0,0
6619,79,1,0,0
6620,32,1,0,0
6621,67,1,0,0
6622,72,1,0,0
6623,42,1,0,0
6624,70,1,0,0
6625,33,1,0,0
6626,57,1,0,0
6627,21,1,0,0
6628,44,1,0,0
6629,53,1,0,0
6630,47,1,0,0
6631,117,1,0,0
6632,95,1,0,0
6633,251,1,0,0
6634,164,1,0,0
6635,120,1,0,0
6636,87,1,0,0
6637,82,1,0,0
6638,156,1,0,0
6639,58,1,0,0
6640,44,1,0,0
6641,197,1,0,0
6642,20,1,0,0
6643,47,1,0,0
6644,17,1,0,0
6645,55,1,0,0
6646,46,1,0,0
6647,28,1,0,0
6648,90,1,0,0
6649,29,1,0,0
6650,105,1,0,0
6651,47,1,0,0
6652,113,1,0,0
6653,96,1,0,0
6654,121,1,0,0
6655,24,1,0,0
6656,13,1,0,0
6657,16,1,0,0
6658,37,1,0,0
6659,152,1,0,0
6660,39,1,0,0
6661,17,1,0,0
6662,106,1,0,0
6663,143,1,0,0
6664,72,1,0,0
6665,41,1,0,0
6666,62,1,0,0
6667,55,1,0,0
6668,44,1,0,0
6669,36,1,0,0
6670,17,1,0,0
6671,81,1,0,0
6672,252,1,0,0
6673,75,1,0,0
6674,149,1,0,0
6675,14,1,0,0
6676,48,1,0,0
6677,16,1,0,0
6678,39,1,0,0
6679,99,1,0,0
6680,39,1,0,0
6681,37,1,0,0
6682,18,1,0,0
6683,32,1,0,0
6684,24,1,0,0
6685,50,1,0,0
6686,111,1,0,0
6687,72,1,0,0
6688,16,1,0,0
6689,50,1,0,0
6690,103,1,0,0
6691,80,1,0,0
6692,74,1,0,0
6693,75,1,0,0
6694,15,1,0,0
6695,47,1,0,0
6696,20,1,0,0
6697,109,1,0,0
6698,13,1,0,0
6699,43,1,0,0
6700,15,1,0,0
6701,101,1,0,0
6702,17,1,0,0
6703,41,1,0,0
6704,57,1,0,0
6705,36,1,0,0
6706,52,1,0,0
6707,57,1,0,0
6708,56,1,0,0
6709,94,1,0,0
6710,63,1,0,0
6711,18,1,0,0
6712,167,1,0,0
6713,118,1,0,0
6714,184,1,0,0
6715,53,1,0,0
6716,93,1,0,0
6717,36,1,0,0
6718,81,1,0,0
6719,161,1,0,0
6720,65,1,0,0
6721,16,1,0,0
6722,72,1,0,0
6723,108,1,0,0
6724,57,1,0,0
6725,28,1,0,0
6726,87,1,0,0
6727,35,1,0,0
6728,33,1,0,0
6729,50,1,0,0
6730,69,1,0,0
6731,101,1,0,0
6732,40,1,0,0
6733,24,1,0,0
6734,35,1,0,0
6735,30,1,0,0
6736,74,1,0,0
6737,78,1,0,0
6738,53,1,0,0
6739,15,1,0,0
6740,62,1,0,0
6741,116,1,0,0
6742,26,1,0,0
6743,90,1,0,0
6744,85,1,0,0
6745,87,1,0,0
6746,52,1,0,0
6747,88,1,0,0
6748,219,1,0,0
6749,62,1,0,0
6750,26,1,0,0
6751,19,1,0,0
6752,84,1,0,0
6753,19,1,0,0
6754,86,1,0,0
6755,164,1,0,0
6756,30,1,0,0
6757,67,1,0,0
6758,44,1,0,0
6759,100,1,0,0
6760,157,1,0,0
6761,35,1,0,0
6762,33,1,0,0
6763,51,1,0,0
6764,81,1,0,0
6765,195,1,0,0
6766,95,1,0,0
6767,9,1,0,0
6768,58,1,0,0
6769,105,1,0,0
6770,129,1,0,0
6771,56,1,0,0
6772,49,1,0,0
6773,65,1,0,0
6774,35,1,0,0
6775,137,1,0,0
6776,94,1,0,0
6777,14,1,0,0
6778,30,1,0,0
6779,106,1,0,0
6780,32,1,0,0
6781,24,1,0,0
6782,44,1,0,0
6783,12,1,0,0
6784,54,1,0,0
6785,36,1,0,0
6786,44,1,0,0
6787,65,1,0,0
6788,27,1,0,0
6789,61,1,0,0
6790,35,1,0,0
6791,46,1,0,0
6792,38,1,0,0
6793,102,1,0,0
6794,17,1,0,0
6795,44,1,0,0
6796,150,1,0,0
6797,82,1,0,0
6798,56,1,0,0
6799,132,1,0,0
6800,53,1,0,0
6801,43,1,0,0
6802,76,1,0,0
6803,31,1,0,0
6804,109,1,0,0
6805,194,1,0,0
6806,138,1,0,0
6807,123,1,0,0
6808,109,1,0,0
6809,102,1,0,0
6810,32,1,0,0
6811,297,1,0,0
6812,30,1,0,0
6813,47,1,0,0
6814,91,1,0,0
6815,80,1,0,0
6816,134,1,0,0
6817,48,1,0,0
6818,135,1,0,0
6819,53,1,0,0
6820,198,1,0,0
6821,32,1,0,0
6822,104,1,0,0
6823,36,1,0,0
6824,41,1,0,0
6825,114,1,0,0
6826,54,1,0,0
6827,9,1,0,0
6828,66,1,0,0
6829,67,1,0,0
6830,29,1,0,0
6831,49,1,0,0
6832,26,1,0,0
6833,111,1,0,0
6834,52,1,0,0
6835,11,1,0,0
6836,73,1,0,0
6837,185,1,0,0
6838,25,1,0,0
6839,92,1,0,0
6840,105,1,0,0
6841,16,1,0,0
6842,44,1,0,0
6843,64,1,0,0
6844,14,1,0,0
6845,108,1,0,0
6846,124,1,0,0
6847,62,1,0,0
6848,32,1,0,0
6849,46,1,0,0
6850,81,1,0,0
6851,153,1,0,0
6852,77,1,0,0
6853,80,1,0,0
6854,140,1,0,0
6855,57,1,0,0
6856,19,1,0,0
6857,56,1,0,0
6858,57,1,0,0
6859,116,1,0,0
6860,152,1,0,0
6861,106,1,0,0
6862,93,1,0,0
6863,39,1,0,0
6864,154,1,0,0
6865,37,1,0,0
6866,40,1,0,0
6867,78,1,0,0
6868,17,1,0,0
6869,74,1,0,0
6870,37,1,0,0
6871,149,1,0,0
6872,85,1,0,0
6873,59,1,0,0
6874,97,1,0,0
6875,29,1,0,0
6876,40,1,0,0
6877,103,1,0,0
6878,85,1,0,0
6879,28,1,0,0
6880,15,1,0,0
6881,163,1,0,0
6882,108,1,0,0
6883,21,1,0,0
6884,39,1,0,0
6885,47,1,0,0
6886,70,1,0,0
6887,23,1,0,0
6888,51,1,0,0
6889,33,1,0,0
6890,19,1,0,0
6891,36,1,0,0
6892,65,1,0,0
6893,104,1,0,0
6894,118,1,0,0
6895,55,1,0,0
6896,9,1,0,0
6897,78,1,0,0
6898,35,1,0,0
6899,21,1,0,0
6900,47,1,0,0
6901,7,1,0,0
6902,73,1,0,0
6903,36,1,0,0
6904,23,1,0,0
6905,46,1,0,0
6906,184,1,0,0
6907,193,1,0,0
6908,117,1,0,0
6909,41,1,0,0
6910,87,1,0,0
6911,25,1,0,0
6912,137,1,0,0
6913,20,1,0,0
6914,42,1,0,0
6915,14,1,0,0
6916,17,1,0,0
6917,46,1,0,0
6918,129,1,0,0
6919,343,1,0,0
6920,26,1,0,0
6921,188,1,0,0
6922,203,1,0,0
6923,56,1,0,0
6924,179,1,0,0
6925,22,1,0,0
6926,54,1,0,0
6927,19,1,0,0
6928,26,1,0,0
6929,22,1,0,0
6930,54,1,0,0
6931,59,1,0,0
6932,68,1,0,0
6933,126,1,0,0
6934,41,1,0,0
6935,203,1,0,0
6936,75,1,0,0
6937,29,1,0,0
6938,269,1,0,0
6939,73,1,0,0
6940,107,1,0,0
6941,47,1,0,0
6942,90,1,0,0
6943,15,1,0,0
6944,96,1,0,0
6945,54,1,0,0
6946,54,1,0,0
6947,175,1,0,0
6948,37,1,0,0
6949,23,1,0,0
6950,41,1,0,0
6951,105,1,0,0
6952,78,1,0,0
6953,81,1,0,0
6954,36,1,0,0
6955,153,1,0,0
6956,9,1,0,0
6957,24,1,0,0
6958,84,1,0,0
6959,70,1,0,0
6960,64,1,0,0
6961,31,1,0,0
6962,29,1,0,0
6963,48,1,0,0
6964,41,1,0,0
6965,24,1,0,0
6966,39,1,0,0
6967,159,1,0,0
6968,19,1,0,0
6969,33,1,0,0
6970,24,1,0,0
6971,144,1,0,0
6972,193,1,0,0
6973,23,1,0,0
6974,13,1,0,0
6975,29,1,0,0
6976,56,1,0,0
6977,129,1,0,0
6978,157,1,0,0
6979,111,1,0,0
6980,27,1,0,0
6981,46,1,0,0
6982,24,1,0,0
6983,12,1,0,0
6984,49,1,0,0
6985,63,1,0,0
6986,34,1,0,0
6987,38,1,0,0
6988,86,1,0,0
6989,25,1,0,0
6990,9,1,0,0
6991,33,1,0,0
6992,34,1,0,0
6993,54,1,0,0
6994,54,1,0,0
6995,65,1,0,0
6996,38,1,0,0
6997,97,1,0,0
6998,72,1,0,0
6999,68,1,0,0
7000,83,1,0,0
7001,59,1,0,0
7002,173,1,0,0
7003,93,1,0,0
7004,36,1,0,0
7005,109,1,0,0
7006,89,1,0,0
7007,114,1,0,0
7008,41,1,0,0
7009,67,1,0,0
7010,62,1,0,0
7011,23,1,0,0
7012,60,1,0,0
7013,189,1,0,0
7014,36,1,0,0
7015,33,1,0,0
7016,68,1,0,0
7017,27,1,0,0
7018,104,1,0,0
7019,11,1,0,0
7020,72,1,0,0
7021,88,1,0,0
7022,163,1,0,0
7023,85,1,0,0
7024,23,1,0,0
7025,69,1,0,0
7026,21,1,0,0
7027,17,1,0,0
7028,94,1,0,0
7029,34,1,0,0
7030,52,1,0,0
7031,45,1,0,0
7032,13,1,0,0
7033,131,1,0,0
7034,26,1,0,0
7035,88,1,0,0
7036,66,1,0,0
7037,17,1,0,0
7038,25,1,0,0
7039,80,1,0,0
7040,16,1,0,0
7041,121,1,0,0
7042,87,1,0,0
7043,56,1,0,0
7044,112,1,0,0
7045,34,1,0,0
7046,64,1,0,0
7047,61,1,0,0
7048,51,1,0,0
7049,37,1,0,0
7050,137,1,0,0
7051,38,1,0,0
7052,12,1,0,0
7053,30,1,0,0
7054,111,1,0,0
7055,28,1,0,0
7056,57,1,0,0
7057,125,1,0,0
7058,30,1,0,0
7059,69,1,0,0
7060,96,1,0,0
7061,48,1,0,0
7062,12,1,0,0
7063,100,1,0,0
7064,97,1,0,0
7065,57,1,0,0
7066,85,1,0,0
7067,36,1,0,0
7068,22,1,0,0
7069,39,1,0,0
7070,64,1,0,0
7071,255,1,0,0
7072,30,1,0,0
7073,24,1,0,0
7074,89,1,0,0
7075,23,1,0,0
7076,56,1,0,0
7077,86,1,0,0
7078,55,1,0,0
7079,242,1,0,0
7080,90,1,0,0
7081,81,1,0,0
7082,14,1,0,0
7083,41,1,0,0
7084,252,1,0,0
7085,30,1,0,0
7086,10,1,0,0
7087,10,1,0,0
7088,99,1,0,0
7089,39,1,0,0
7090,15,1,0,0
7091,135,1,0,0
7092,34,1,0,0
7093,33,1,0,0
7094,149,1,0,0
7095,50,1,0,0
7096,39,1,0,0
7097,24,1,0,0
7098,91,1,0,0
7099,20,1,0,0
7100,86,1,0,0
7101,43,1,0,0
7102,66,1,0,0
7103,153,1,0,0
7104,37,1,0,0
7105,57,1,0,0
7106,15,1,0,0
7107,44,1,0,0
7108,18,1,0,0
7109,43,1,0,0
7110,35,1,0,0
7111,13,1,0,0
7112,117,1,0,0
7113,10,1,0,0
7114,30,1,0,0
7115,52,1,0,0
7116,83,1,0,0
7117,36,1,0,0
7118,39,1,0,0
7119,96,1,0,0
7120,26,1,0,0
7121,70,1,0,0
7122,47,1,0,0
7123,73,1,0,0
7124,177,1,0,0
7125,16,1,0,0
7126,30,1,0,0
7127,86,1,0,0
7128,25,1,0,0
7129,19,1,0,0
7130,59,1,0,0
7131,34,1,0,0
7132,60,1,0,0
7133,41,1,0,0
7134,107,1,0,0
7135,216,1,0,0
7136,45,1,0,0
7137,132,1,0,0
7138,62,1,0,0
7139,9,1,0,0
7140,162,1,0,0
7141,108,1,0,0
7142,13,1,0,0
7143,12,1,0,0
7144,111,1,0,0
7145,63,1,0,0
7146,20,1,0,0
7147,106,1,0,0
7148,86,1,0,0
7149,73,1,0,0
7150,112,1,0,0
7151,13,1,0,0
7152,90,1,0,0
7153,26,1,0,0
7154,119,1,0,0
7155,396,1,0,0
7156,35,1,0,0
7157,69,1,0,0
7158,7,1,0,0
7159,31,1,0,0
7160,51,1,0,0
7161,273,1,0,0
7162,17,1,0,0
7163,15,1,0,0
7164,41,1,0,0
7165,22,1,0,0
7166,32,1,0,0
7167,27,1,0,0
7168,84,1,0,0
7169,45,1,0,0
7170,228,1,0,0
7171,130,1,0,0
7172,61,1,0,0
7173,51,1,0,0
7174,44,1,0,0
7175,38,1,0,0
7176,75,1,0,0
7177,54,1,0,0
7178,115,1,0,0
7179,19,1,0,0
7180,111,1,0,0
7181,90,1,0,0
7182,30,1,0,0
7183,134,1,0,0
7184,23,1,0,0
7185,86,1,0,0
7186,108,1,0,0
7187,112,1,0,0
7188,57,1,0,0
7189,90,1,0,0
7190,179,1,0,0
7191,32,1,0,0
7192,48,1,0,0
7193,57,1,0,0
7194,118,1,0,0
7195,38,1,0,0
7196,77,1,0,0
7197,51,1,0,0
7198,50,1,0,0
7199,24,1,0,0
7200,112,1,0,0
7201,98,1,0,0
7202,36,1,0,0
7203,28,1,0,0
7204,43,1,0,0
7205,77,1,0,0
7206,32,1,0,0
7207,109,1,0,0
7208,53,1,0,0
7209,17,1,0,0
7210,52,1,0,0
7211,82,1,0,0
7212,50,1,0,0
7213,15,1,0,0
7214,15,1,0,0
7215,51,1,0,0
7216,67,1,0,0
7217,112,1,0,0
7218,97,1,0,0
7219,53,1,0,0
7220,33,1,0,0
7221,18,1,0,0
7222,73,1,0,0
7223,23,1,0,0
7224,18,1,0,0
7225,52,1,0,0
7226,59,1,0,0
7227,97,1,0,0
7228,153,1,0,0
7229,111,1,0,0
7230,163,1,0,0
7231,84,1,0,0
7232,41,1,0,0
7233,66,1,0,0
7234,31,1,0,0
7235,81,1,0,0
7236,80,1,0,0
7237,78,1,0,0
7238,15,1,0,0
7239,170,1,0,0
7240,74,1,0,0
7241,14,1,0,0
7242,93,1,0,0
7243,203,1,0,0
7244,16,1,0,0
7245,43,1,0,0
7246,45,1,0,0
7247,63,1,0,0
7248,53,1,0,0
7249,128,1,0,0
7250,71,1,0,0
7251,12,1,0,0
7252,48,1,0,0
7253,25,1,0,0
7254,68,1,0,0
7255,63,1,0,0
7256,60,1,0,0
7257,38,1,0,0
7258,47,1,0,0
7259,66,1,0,0
7260,25,1,0,0
7261,56,1,0,0
7262,58,1,0,0
7263,9,1,0,0
7264,42,1,0,0
7265,163,1,0,0
7266,14,1,0,0
7267,7,1,0,0
7268,48,1,0,0
7269,23,1,0,0
7270,58,1,0,0
7271,80,1,0,0
7272,60,1,0,0
7273,73,1,0,0
7274,19,1,0,0
7275,84,1,0,0
7276,97,1,0,0
7277,59,1,0,0
7278,25,1,0,0
7279,80,1,0,0
7280,41,1,0,0
7281,115,1,0,0
7282,40,1,0,0
7283,44,1,0,0
7284,104,1,0,0
7285,59,1,0,0
7286,43,1,0,0
7287,44,1,0,0
7288,106,1,0,0
7289,24,1,0,0
7290,84,1,0,0
7291,45,1,0,0
7292,58,1,0,0
7293,17,1,0,0
7294,37,1,0,0
7295,138,1,0,0
7296,82,1,0,0
7297,101,1,0,0
7298,54,1,0,0
7299,178,1,0,0
7300,52,1,0,0
7301,129,1,0,0
7302,141,1,0,0
7303,78,1,0,0
7304,68,1,0,0
7305,27,1,0,0
7306,124,1,0,0
7307,38,1,0,0
7308,116,1,0,0
7309,47,1,0,0
7310,53,1,0,0
7311,158,1,0,0
7312,45,1,0,0
7313,17,1,0,0
7314,29,1,0,0
7315,53,1,0,0
7316,50,1,0,0
7317,20,1,0,0
7318,38,1,0,0
7319,17,1,0,0
7320,64,1,0,0
7321,40,1,0,0
7322,25,1,0,0
7323,20,1,0,0
7324,45,1,0,0
7325,88,1,0,0
7326,46,1,0,0
7327,49,1,0,0
7328,192,1,0,0
7329,62,1,0,0
7330,252,1,0,0
7331,255,1,0,0
7332,115,1,0,0
7333,71,1,0,0
7334,47,1,0,0
7335,63,1,0,0
7336,62,1,0,0
7337,21,1,0,0
7338,34,1,0,0
7339,221,1,0,0
7340,38,1,0,0
7341,22,1,0,0
7342,18,1,0,0
7343,126,1,0,0
7344,85,1,0,0
7345,43,1,0,0
7346,107,1,0,0
7347,25,1,0,0
7348,118,1,0,0
7349,138,1,0,0
7350,91,1,0,0
7351,123,1,0,0
7352,45,1,0,0
7353,47,1,0,0
7354,227,1,0,0
7355,66,1,0,0
7356,25,1,0,0
7357,106,1,0,0
7358,108,1,0,0
7359,83,1,0,0
7360,101,1,0,0
7361,13,1,0,0
7362,74,1,0,0
7363,23,1,0,0
7364,84,1,0,0
7365,40,1,0,0
7366,108,1,0,0
7367,182,1,0,0
7368,90,1,0,0
7369,99,1,0,0
7370,38,1,0,0
7371,24,1,0,0
7372,118,1,0,0
7373,58,1,0,0
7374,33,1,0,0
7375,140,1,0,0
7376,58,1,0,0
7377,57,1,0,0
7378,149,1,0,0
7379,43,1,0,0
7380,14,1,0,0
7381,51,1,0,0
7382,14,1,0,0
7383,76,1,0,0
7384,37,1,0,0
7385,77,1,0,0
7386,193,1,0,0
7387,104,1,0,0
7388,20,1,0,0
7389,42,1,0,0
7390,176,1,0,0
7391,109,1,0,0
7392,100,1,0,0
7393,14,1,0,0
7394,11,1,0,0
7395,28,1,0,0
7396,7,1,0,0
7397,25,1,0,0
7398,68,1,0,0
7399,27,1,0,0
7400,17,1,0,0
7401,47,1,0,0
7402,9,1,0,0
7403,53,1,0,0
7404,21,1,0,0
7405,100,1,0,0
7406,51,1,0,0
7407,33,1,0,0
7408,39,1,0,0
7409,34,1,0,0
7410,11,1,0,0
7411,23,1,0,0
7412,66,1,0,0
7413,129,1,0,0
7414,55,1,0,0
7415,55,1,0,0
7416,71,1,0,0
7417,44,1,0,0
7418,28,1,0,0
7419,54,1,0,0
7420,80,1,0,0
7421,83,1,0,0
7422,104,1,0,0
7423,76,1,0,0
7424,55,1,0,0
7425,41,1,0,0
7426,50,1,0,0
7427,24,1,0,0
7428,70,1,0,0
7429,74,1,0,0
7430,44,1,0,0
7431,98,1,0,0
7432,66,1,0,0
7433,37,1,0,0
7434,76,1,0,0
7435,57,1,0,0
7436,98,1,0,0
7437,165,1,0,0
7438,63,1,0,0
7439,36,1,0,0
7440,105,1,0,0
7441,17,1,0,0
7442,23,1,0,0
7443,66,1,0,0
7444,126,1,0,0
7445,211,1,0,0
7446,30,1,0,0
7447,44,1,0,0
7448,103,1,0,0
7449,83,1,0,0
7450,23,1,0,0
7451,30,1,0,0
7452,34,1,0,0
7453,41,1,0,0
7454,71,1,0,0
7455,50,1,0,0
7456,23,1,0,0
7457,118,1,0,0
7458,58,1,0,0
7459,47,1,0,0
7460,38,1,0,0
7461,28,1,0,0
7462,63,1,0,0
7463,72,1,0,0
7464,46,1,0,0
7465,28,1,0,0
7466,48,1,0,0
7467,77,1,0,0
7468,141,1,0,0
7469,45,1,0,0
7470,22,1,0,0
7471,103,1,0,0
7472,107,1,0,0
7473,132,1,0,0
7474,81,1,0,0
7475,26,1,0,0
7476,127,1,0,0
7477,70,1,0,0
7478,7,1,0,0
7479,71,1,0,0
7480,75,1,0,0
7481,32,1,0,0
7482,28,1,0,0
7483,14,1,0,0
7484,74,1,0,0
7485,132,1,0,0
7486,40,1,0,0
7487,169,1,0,0
7488,101,1,0,0
7489,69,1,0,0
7490,45,1,0,0
7491,52,1,0,0
7492,89,1,0,0
7493,93,1,0,0
7494,71,1,0,0
7495,204,1,0,0
7496,28,1,0,0
7497,62,1,0,0
7498,49,1,0,0
7499,20,1,0,0
7500,118,1,0,0
7501,17,1,0,0
7502,7,1,0,0
7503,115,1,0,0
7504,66,1,0,0
7505,17,1,0,0
7506,132,1,0,0
7507,66,1,0,0
7508,98,1,0,0
7509,21,1,0,0
7510,84,1,0,0
7511,91,1,0,0
7512,150,1,0,0
7513,37,1,0,0
7514,289,1,0,0
7515,177,1,0,0
7516,39,1,0,0
7517,87,1,0,0
7518,116,1,0,0
7519,30,1,0,0
7520,31,1,0,0
7521,87,1,0,0
7522,59,1,0,0
7523,30,1,0,0
7524,24,1,0,0
7525,106,1,0,0
7526,102,1,0,0
7527,191,1,0,0
7528,79,1,0,0
7529,87,1,0,0
7530,171,1,0,0
7531,54,1,0,0
7532,120,1,0,0
7533,40,1,0,0
7534,35,1,0,0
7535,47,1,0,0
7536,146,1,0,0
7537,56,1,0,0
7538,176,1,0,0
7539,92,1,0,0
7540,24,1,0,0
7541,17,1,0,0
7542,100,1,0,0
7543,35,1,0,0
7544,42,1,0,0
7545,60,1,0,0
7546,94,1,0,0
7547,39,1,0,0
7548,20,1,0,0
7549,63,1,0,0
7550,77,1,0,0
7551,43,1,0,0
7552,17,1,0,0
7553,48,1,0,0
7554,133,1,0,0
7555,156,1,0,0
7556,36,1,0,0
7557,106,1,0,0
7558,132,1,0,0
7559,63,1,0,0
7560,23,1,0,0
7561,132,1,0,0
7562,56,1,0,0
7563,61,1,0,0
7564,25,1,0,0
7565,43,1,0,0
7566,36,1,0,0
7567,17,1,0,0
7568,94,1,0,0
7569,89,1,0,0
7570,98,1,0,0
7571,158,1,0,0
7572,61,1,0,0
7573,126,1,0,0
7574,67,1,0,0
7575,33,1,0,0
7576,146,1,0,0
7577,31,1,0,0
7578,73,1,0,0
7579,63,1,0,0
7580,34,1,0,0
7581,175,1,0,0
7582,85,1,0,0
7583,81,1,0,0
7584,18,1,0,0
7585,45,1,0,0
7586,24,1,0,0
7587,17,1,0,0
7588,61,1,0,0
7589,141,1,0,0
7590,81,1,0,0
7591,12,1,0,0
7592,39,1,0,0
7593,103,1,0,0
7594,30,1,0,0
7595,51,1,0,0
7596,143,1,0,0
7597,80,1,0,0
7598,32,1,0,0
7599,57,1,0,0
7600,29,1,0,0
7601,75,1,0,0
7602,95,1,0,0
7603,38,1,0,0
7604,109,1,0,0
7605,17,1,0,0
7606,18,1,0,0
7607,293,1,0,0
7608,21,1,0,0
7609,28,1,0,0
7610,107,1,0,0
7611,50,1,0,0
7612,35,1,0,0
7613,67,1,0,0
7614,96,1,0,0
7615,29,1,0,0
7616,98,1,0,0
7617,78,1,0,0
7618,48,1,0,0
7619,59,1,0,0
7620,62,1,0,0
7621,70,1,0,0
7622,57,1,0,0
7623,31,1,0,0
7624,27,1,0,0
7625,112,1,0,0
7626,97,1,0,0
7627,101,1,0,0
7628,70,1,0,0
7629,57,1,0,0
7630,100,1,0,0
7631,48,1,0,0
7632,26,1,0,0
7633,44,1,0,0
7634,76,1,0,0
7635,26,1,0,0
7636,50,1,0,0
7637,63,1,0,0
7638,210,1,0,0
7639,61,1,0,0
7640,99,1,0,0
7641,10,1,0,0
7642,34,1,0,0
7643,30,1,0,0
7644,27,1,0,0
7645,62,1,0,0
7646,106,1,0,0
7647,197,1,0,0
7648,176,1,0,0
7649,60,1,0,0
7650,214,1,0,0
7651,79,1,0,0
7652,62,1,0,0
7653,90,1,0,0
7654,58,1,0,0
7655,46,1,0,0
7656,82,1,0,0
7657,15,1,0,0
7658,12,1,0,0
7659,53,1,0,0
7660,53,1,0,0
7661,110,1,0,0
7662,47,1,0,0
7663,111,1,0,0
7664,43,1,0,0
7665,48,1,0,0
7666,154,1,0,0
7667,17,1,0,0
7668,120,1,0,0
7669,117,1,0,0
7670,63,1,0,0
7671,47,1,0,0
7672,10,1,0,0
7673,70,1,0,0
7674,15,1,0,0
7675,246,1,0,0
7676,65,1,0,0
7677,30,1,0,0
7678,62,1,0,0
7679,124,1,0,0
7680,10,1,0,0
7681,32,1,0,0
7682,58,1,0,0
7683,161,1,0,0
7684,98,1,0,0
7685,11,1,0,0
7686,69,1,0,0
7687,64,1,0,0
7688,94,1,0,0
7689,45,1,0,0
7690,39,1,0,0
7691,27,1,0,0
7692,85,1,0,0
7693,26,1,0,0
7694,35,1,0,0
7695,39,1,0,0
7696,133,1,0,0
7697,92,1,0,0
7698,114,1,0,0
7699,51,1,0,0
7700,97,1,0,0
7701,32,1,0,0
7702,75,1,0,0
7703,25,1,0,0
7704,37,1,0,0
7705,92,1,0,0
7706,83,1,0,0
7707,65,1,0,0
7708,105,1,0,0
7709,11,1,0,0
7710,113,1,0,0
7711,110,1,0,0
7712,87,1,0,0
7713,108,1,0,0
7714,108,1,0,0
7715,52,1,0,0
7716,58,1,0,0
7717,17,1,0,0
7718,52,1,0,0
7719,98,1,0,0
7720,83,1,0,0
7721,72,1,0,0
7722,74,1,0,0
7723,19,1,0,0
7724,30,1,0,0
7725,95,1,0,0
7726,63,1,0,0
7727,17,1,0,0
7728,90,1,0,0
7729,331,1,0,0
7730,108,1,0,0
7731,46,1,0,0
7732,132,1,0,0
7733,23,1,0,0
7734,71,1,0,0
7735,34,1,0,0
7736,51,1,0,0
7737,25,1,0,0
7738,45,1,0,0
7739,35,1,0,0
7740,78,1,0,0
7741,170,1,0,0
7742,39,1,0,0
7743,38,1,0,0
7744,13,1,0,0
7745,50,1,0,0
7746,30,1,0,0
7747,98,1,0,0
7748,53,1,0,0
7749,46,1,0,0
7750,160,1,0,0
7751,134,1,0,0
7752,152,1,0,0
7753,146,1,0,0
7754,140,1,0,0
7755,37,1,0,0
7756,90,1,0,0
7757,92,1,0,0
7758,97,1,0,0
7759,26,1,0,0
7760,100,1,0,0
7761,97,1,0,0
7762,36,1,0,0
7763,109,1,0,0
7764,15,1,0,0
7765,43,1,0,0
7766,91,1,0,0
7767,64,1,0,0
7768,90,1,0,0
7769,70,1,0,0
7770,60,1,0,0
7771,39,1,0,0
7772,33,1,0,0
7773,87,1,0,0
7774,35,1,0,0
7775,111,1,0,0
7776,103,1,0,0
7777,211,1,0,0
7778,42,1,0,0
7779,122,1,0,0
7780,140,1,0,0
7781,35,1,0,0
7782,101,1,0,0
7783,50,1,0,0
7784,161,1,0,0
7785,51,1,0,0
7786,88,1,0,0
7787,94,1,0,0
7788,51,1,0,0
7789,57,1,0,0
7790,23,1,0,0
7791,34,1,0,0
7792,318,1,0,0
7793,58,1,0,0
7794,92,1,0,0
7795,131,1,0,0
7796,123,1,0,0
7797,84,1,0,0
7798,82,1,0,0
7799,70,1,0,0
7800,33,1,0,0
7801,140,1,0,0
7802,77,1,0,0
7803,118,1,0,0
7804,84,1,0,0
7805,42,1,0,0
7806,44,1,0,0
7807,99,1,0,0
7808,43,1,0,0
7809,33,1,0,0
7810,62,1,0,0
7811,29,1,0,0
7812,100,1,0,0
7813,21,1,0,0
7814,66,1,0,0
7815,211,1,0,0
7816,108,1,0,0
7817,41,1,0,0
7818,34,1,0,0
7819,102,1,0,0
7820,34,1,0,0
7821,36,1,0,0
7822,15,1,0,0
7823,93,1,0,0
7824,104,1,0,0
7825,37,1,0,0
7826,81,1,0,0
7827,33,1,0,0
7828,15,1,0,0
7829,105,1,0,0
7830,52,1,0,0
7831,94,1,0,0
7832,10,1,0,0
7833,118,1,0,0
7834,43,1,0,0
7835,17,1,0,0
7836,46,1,0,0
7837,12,1,0,0
7838,57,1,0,0
7839,130,1,0,0
7840,56,1,0,0
7841,34,1,0,0
7842,27,1,0,0
7843,31,1,0,0
7844,34,1,0,0
7845,26,1,0,0
7846,38,1,0,0
7847,31,1,0,0
7848,45,1,0,0
7849,70,1,0,0
7850,182,1,0,0
7851,20,1,0,0
7852,94,1,0,0
7853,104,1,0,0
7854,72,1,0,0
7855,42,1,0,0
7856,31,1,0,0
7857,118,1,0,0
7858,142,1,0,0
7859,112,1,0,0
7860,123,1,0,0
7861,169,1,0,0
7862,210,1,0,0
7863,102,1,0,0
7864,25,1,0,0
7865,64,1,0,0
7866,92,1,0,0
7867,104,1,0,0
7868,29,1,0,0
7869,117,1,0,0
7870,123,1,0,0
7871,70,1,0,0
7872,48,1,0,0
7873,50,1,0,0
7874,76,1,0,0
7875,142,1,0,0
7876,58,1,0,0
7877,102,1,0,0
7878,93,1,0,0
7879,64,1,0,0
7880,53,1,0,0
7881,22,1,0,0
7882,154,1,0,0
7883,23,1,0,0
7884,60,1,0,0
7885,48,1,0,0
7886,158,1,0,0
7887,64,1,0,0
7888,30,1,0,0
7889,67,1,0,0
7890,38,1,0,0
7891,16,1,0,0
7892,39,1,0,0
7893,122,1,0,0
7894,111,1,0,0
7895,51,1,0,0
7896,44,1,0,0
7897,109,1,0,0
7898,54,1,0,0
7899,55,1,0,0
7900,33,1,0,0
7901,41,1,0,0
7902,86,1,0,0
7903,57,1,0,0
7904,16,1,0,0
7905,56,1,0,0
7906,9,1,0,0
7907,56,1,0,0
7908,58,1,0,0
7909,30,1,0,0
7910,131,1,0,0
7911,73,1,0,0
7912,114,1,0,0
7913,119,1,0,0
7914,62,1,0,0
7915,44,1,0,0
7916,208,1,0,0
7917,120,1,0,0
7918,34,1,0,0
7919,125,1,0,0
7920,18,1,0,0
7921,52,1,0,0
7922,72,1,0,0
7923,74,1,0,0
7924,57,1,0,0
7925,22,1,0,0
7926,61,1,0,0
7927,25,1,0,0
7928,99,1,0,0
7929,28,1,0,0
7930,22,1,0,0
7931,79,1,0,0
7932,97,1,0,0
7933,53,1,0,0
7934,54,1,0,0
7935,244,1,0,0
7936,19,1,0,0
7937,14,1,0,0
7938,166,1,0,0
7939,97,1,0,0
7940,54,1,0,0
7941,34,1,0,0
7942,24,1,0,0
7943,164,1,0,0
7944,52,1,0,0
7945,51,1,0,0
7946,64,1,0,0
7947,81,1,0,0
7948,251,1,0,0
7949,82,1,0,0
7950,126,1,0,0
7951,107,1,0,0
7952,164,1,0,0
7953,126,1,0,0
7954,9,1,0,0
7955,80,1,0,0
7956,106,1,0,0
7957,103,1,0,0
7958,28,1,0,0
7959,61,1,0,0
7960,168,1,0,0
7961,42,1,0,0
7962,95,1,0,0
7963,169,1,0,0
7964,42,1,0,0
7965,50,1,0,0
7966,138,1,0,0
7967,49,1,0,0
7968,43,1,0,0
7969,249,1,0,0
7970,17,1,0,0
7971,181,1,0,0
7972,9,1,0,0
7973,83,1,0,0
7974,37,1,0,0
7975,81,1,0,0
7976,78,1,0,0
7977,111,1,0,0
7978,32,1,0,0
7979,103,1,0,0
7980,122,1,0,0
7981,111,1,0,0
7982,68,1,0,0
7983,68,1,0,0
7984,31,1,0,0
7985,58,1,0,0
7986,38,1,0,0
7987,50,1,0,0
7988,14,1,0,0
7989,54,1,0,0
7990,171,1,0,0
7991,101,1,0,0
7992,45,1,0,0
7993,20,1,0,0
7994,25,1,0,0
7995,49,1,0,0
7996,28,1,0,0
7997,51,1,0,0
7998,11,1,0,0
7999,59,1,0,0
8000,57,1,0,0
8001,33,1,0,0
8002,70,1,0,0
8003,43,1,0,0
8004,67,1,0,0
8005,92,1,0,0
8006,133,1,0,0
8007,231,1,0,0
8008,8,1,0,0
8009,21,1,0,0
8010,39,1,0,0
8011,77,1,0,0
8012,79,1,0,0
8013,180,1,0,0
8014,102,1,0,0
8015,107,1,0,0
8016,19,1,0,0
8017,44,1,0,0
8018,82,1,0,0
8019,67,1,0,0
8020,21,1,0,0
8021,43,1,0,0
8022,36,1,0,0
8023,17,1,0,0
8024,54,1,0,0
8025,14,1,0,0
8026,71,1,0,0
8027,76,1,0,0
8028,45,1,0,0
8029,12,1,0,0
8030,67,1,0,0
8031,16,1,0,0
8032,14,1,0,0
8033,44,1,0,0
8034,7,1,0,0
8035,48,1,0,0
8036,26,1,0,0
8037,39,1,0,0
8038,91,1,0,0
8039,17,1,0,0
8040,24,1,0,0
8041,21,1,0,0
8042,162,1,0,0
8043,127,1,0,0
8044,35,1,0,0
8045,13,1,0,0
8046,45,1,0,0
8047,93,1,0,0
8048,35,1,0,0
8049,107,1,0,0
8050,18,1,0,0
8051,27,1,0,0
8052,53,1,0,0
8053,32,1,0,0
8054,80,1,0,0
8055,12,1,0,0
8056,30,1,0,0
8057,69,1,0,0
8058,151,1,0,0
8059,23,1,0,0
8060,75,1,0,0
8061,73,1,0,0
8062,130,1,0,0
8063,13,1,0,0
8064,36,1,0,0
8065,33,1,0,0
8066,40,1,0,0
8067,177,1,0,0
8068,36,1,0,0
8069,173,1,0,0
8070,16,1,0,0
8071,107,1,0,0
8072,43,1,0,0
8073,133,1,0,0
8074,49,1,0,0
8075,155,1,0,0
8076,50,1,0,0
8077,93,1,0,0
8078,62,1,0,0
8079,80,1,0,0
8080,114,1,0,0
8081,104,1,0,0
8082,31,1,0,0
8083,109,1,0,0
8084,78,1,0,0
8085,30,1,0,0
8086,167,1,0,0
8087,72,1,0,0
8088,64,1,0,0
8089,52,1,0,0
8090,39,1,0,0
8091,69,1,0,0
8092,161,1,0,0
8093,27,1,0,0
8094,15,1,0,0
8095,73,1,0,0
8096,45,1,0,0
8097,39,1,0,0
8098,167,1,0,0
8099,12,1,0,0
8100,69,1,0,0
8101,50,1,0,0
8102,177,1,0,0
8103,86,1,0,0
8104,46,1,0,0
8105,20,1,0,0
8106,96,1,0,0
8107,75,1,0,0
8108,38,1,0,0
8109,28,1,0,0
8110,72,1,0,0
8111,91,1,0,0
8112,51,1,0,0
8113,31,1,0,0
8114,28,1,0,0
8115,174,1,0,0
8116,90,1,0,0
8117,58,1,0,0
8118,32,1,0,0
8119,59,1,0,0
8120,179,1,0,0
8121,71,1,0,0
8122,27,1,0,0
8123,35,1,0,0
8124,44,1,0,0
8125,95,1,0,0
8126,36,1,0,0
8127,31,1,0,0
8128,64,1,0,0
8129,25,1,0,0
8130,84,1,0,0
8131,60,1,0,0
8132,48,1,0,0
8133,50,1,0,0
8134,37,1,0,0
8135,52,1,0,0
8136,13,1,0,0
8137,77,1,0,0
8138,47,1,0,0
8139,94,1,0,0
8140,44,1,0,0
8141,67,1,0,0
8142,82,1,0,0
8143,29,1,0,0
8144,75,1,0,0
8145,29,1,0,0
8146,13,1,0,0
8147,21,1,0,0
8148,70,1,0,0
8149,31,1,0,0
8150,106,1,0,0
8151,40,1,0,0
8152,32,1,0,0
8153,77,1,0,0
8154,152,1,0,0
8155,60,1,0,0
8156,97,1,0,0
8157,21,1,0,0
8158,109,1,0,0
8159,90,1,0,0
8160,53,1,0,0
8161,89,1,0,0
8162,200,1,0,0
8163,59,1,0,0
8164,142,1,0,0
8165,77,1,0,0
8166,14,1,0,0
8167,62,1,0,0
8168,106,1,0,0
8169,18,1,0,0
8170,98,1,0,0
8171,54,1,0,0
8172,32,1,0,0
8173,57,1,0,0
8174,20,1,0,0
8175,121,1,0,0
8176,77,1,0,0
8177,71,1,0,0
8178,80,1,0,0
8179,55,1,0,0
8180,91,1,0,0
8181,25,1,0,0
8182,83,1,0,0
8183,122,1,0,0
8184,69,1,0,0
8185,33,1,0,0
8186,145,1,0,0
8187,35,1,0,0
8188,61,1,0,0
8189,51,1,0,0
8190,53,1,0,0
8191,14,1,0,0
8192,90,1,0,0
8193,151,1,0,0
8194,25,1,0,0
8195,41,1,0,0
8196,24,1,0,0
8197,32,1,0,0
8198,29,1,0,0
8199,185,1,0,0
8200,35,1,0,0
8201,58,1,0,0
8202,21,1,0,0
8203,199,1,0,0
8204,36,1,0,0
8205,46,1,0,0
8206,23,1,0,0
8207,101,1,0,0
8208,40,1,0,0
8209,22,1,0,0
8210,24,1,0,0
8211,36,1,0,0
8212,17,1,0,0
8213,15,1,0,0
8214,8,1,0,0
8215,16,1,0,0
8216,15,1,0,0
8217,57,1,0,0
8218,43,1,0,0
8219,10,1,0,0
8220,57,1,0,0
8221,125,1,0,0
8222,65,1,0,0
8223,79,1,0,0
8224,38,1,0,0
8225,211,1,0,0
8226,118,1,0,0
8227,23,1,0,0
8228,42,1,0,0
8229,114,1,0,0
8230,36,1,0,0
8231,67,1,0,0
8232,40,1,0,0
8233,18,1,0,0
8234,148,1,0,0
8235,64,1,0,0
8236,23,1,0,0
8237,56,1,0,0
8238,15,1,0,0
8239,98,1,0,0
8240,423,1,0,0
8241,27,1,0,0
8242,60,1,0,0
8243,13,1,0,0
8244,73,1,0,0
8245,83,1,0,0
8246,104,1,0,0
8247,77,1,0,0
8248,23,1,0,0
8249,167,1,0,0
8250,119,1,0,0
8251,60,1,0,0
8252,30,1,0,0
8253,9,1,0,0
8254,152,1,0,0
8255,63,1,0,0
8256,13,1,0,0
8257,91,1,0,0
8258,43,1,0,0
8259,37,1,0,0
8260,70,1,0,0
8261,69,1,0,0
8262,46,1,0,0
8263,61,1,0,0
8264,43,1,0,0
8265,41,1,0,0
8266,45,1,0,0
8267,272,1,0,0
8268,10,1,0,0
8269,260,1,0,0
8270,58,1,0,0
8271,44,1,0,0
8272,39,1,0,0
8273,66,1,0,0
8274,37,1,0,0
8275,146,1,0,0
8276,137,1,0,0
8277,27,1,0,0
8278,119,1,0,0
8279,47,1,0,0
8280,31,1,0,0
8281,46,1,0,0
8282,166,1,0,0
8283,45,1,0,0
8284,15,1,0,0
8285,18,1,0,0
8286,60,1,0,0
8287,29,1,0,0
8288,86,1,0,0
8289,126,1,0,0
8290,108,1,0,0
8291,37,1,0,0
8292,31,1,0,0
8293,63,1,0,0
8294,38,1,0,0
8295,126,1,0,0
8296,22,1,0,0
8297,54,1,0,0
8298,76,1,0,0
8299,167,1,0,0
8300,74,1,0,0
8301,23,1,0,0
8302,19,1,0,0
8303,123,1,0,0
8304,65,1,0,0
8305,35,1,0,0
8306,48,1,0,0
8307,179,1,0,0
8308,49,1,0,0
8309,51,1,0,0
8310,73,1,0,0
8311,38,1,0,0
8312,71,1,0,0
8313,44,1,0,0
8314,14,1,0,0
8315,168,1,0,0
8316,66,1,0,0
8317,30,1,0,0
8318,101,1,0,0
8319,110,1,0,0
8320,164,1,0,0
8321,96,1,0,0
8322,28,1,0,0
8323,57,1,0,0
8324,127,1,0,0
8325,28,1,0,0
8326,40,1,0,0
8327,98,1,0,0
8328,148,1,0,0
8329,68,1,0,0
8330,97,1,0,0
8331,116,1,0,0
8332,7,1,0,0
8333,226,1,0,0
8334,83,1,0,0
8335,18,1,0,0
8336,13,1,0,0
8337,90,1,0,0
8338,43,1,0,0
8339,42,1,0,0
8340,18,1,0,0
8341,82,1,0,0
8342,44,1,0,0
8343,66,1,0,0
8344,67,1,0,0
8345,195,1,0,0
8346,93,1,0,0
8347,222,1,0,0
8348,88,1,0,0
8349,9,1,0,0
8350,68,1,0,0
8351,180,1,0,0
8352,65,1,0,0
8353,219,1,0,0
8354,62,1,0,0
8355,7,1,0,0
8356,102,1,0,0
8357,57,1,0,0
8358,66,1,0,0
8359,78,1,0,0
8360,49,1,0,0
8361,43,1,0,0
8362,7,1,0,0
8363,108,1,0,0
8364,24,1,0,0
8365,34,1,0,0
8366,19,1,0,0
8367,54,1,0,0
8368,181,1,0,0
8369,76,1,0,0
8370,38,1,0,0
8371,18,1,0,0
8372,59,1,0,0
8373,33,1,0,0
8374,24,1,0,0
8375,137,1,0,0
8376,165,1,0,0
8377,103,1,0,0
8378,31,1,0,0
8379,18,1,0,0
8380,114,1,0,0
8381,37,1,0,0
8382,28,1,0,0
8383,68,1,0,0
8384,57,1,0,0
8385,42,1,0,0
8386,93,1,0,0
8387,68,1,0,0
8388,82,1,0,0
8389,14,1,0,0
8390,68,1,0,0
8391,162,1,0,0
8392,90,1,0,0
8393,92,1,0,0
8394,138,1,0,0
8395,163,1,0,0
8396,123,1,0,0
8397,81,1,0,0
8398,68,1,0,0
8399,92,1,0,0
8400,152,1,0,0
8401,144,1,0,0
8402,27,1,0,0
8403,100,1,0,0
8404,27,1,0,0
8405,20,1,0,0
8406,31,1,0,0
8407,59,1,0,0
8408,46,1,0,0
8409,84,1,0,0
8410,24,1,0,0
8411,94,1,0,0
8412,96,1,0,0
8413,70,1,0,0
8414,128,1,0,0
8415,80,1,0,0
8416,46,1,0,0
8417,124,1,0,0
8418,29,1,0,0
8419,75,1,0,0
8420,120,1,0,0
8421,52,1,0,0
8422,70,1,0,0
8423,30,1,0,0
8424,155,1,0,0
8425,67,1,0,0
8426,37,1,0,0
8427,144,1,0,0
8428,103,1,0,0
8429,77,1,0,0
8430,143,1,0,0
8431,45,1,0,0
8432,33,1,0,0
8433,80,1,0,0
8434,162,1,0,0
8435,167,1,0,0
8436,31,1,0,0
8437,16,1,0,0
8438,33,1,0,0
8439,86,1,0,0
8440,38,1,0,0
8441,65,1,0,0
8442,185,1,0,0
8443,63,1,0,0
8444,83,1,0,0
8445,55,1,0,0
8446,189,1,0,0
8447,164,1,0,0
8448,31,1,0,0
8449,20,1,0,0
8450,24,1,0,0
8451,78,1,0,0
8452,70,1,0,0
8453,29,1,0,0
8454,34,1,0,0
8455,20,1,0,0
8456,95,1,0,0
8457,63,1,0,0
8458,49,1,0,0
8459,63,1,0,0
8460,39,1,0,0
8461,48,1,0,0
8462,30,1,0,0
8463,31,1,0,0
8464,60,1,0,0
8465,140,1,0,0
8466,12,1,0,0
8467,61,1,0,0
8468,68,1,0,0
8469,57,1,0,0
8470,45,1,0,0
8471,39,1,0,0
8472,138,1,0,0
8473,62,1,0,0
8474,139,1,0,0
8475,41,1,0,0
8476,39,1,0,0
8477,47,1,0,0
8478,47,1,0,0
8479,74,1,0,0
8480,184,1,0,0
8481,70,1,0,0
8482,79,1,0,0
8483,63,1,0,0
8484,55,1,0,0
8485,62,1,0,0
8486,69,1,0,0
8487,71,1,0,0
8488,88,1,0,0
8489,48,1,0,0
8490,65,1,0,0
8491,18,1,0,0
8492,29,1,0,0
8493,53,1,0,0
8494,68,1,0,0
8495,18,1,0,0
8496,39,1,0,0
8497,47,1,0,0
8498,15,1,0,0
8499,31,1,0,0
8500,42,1,0,0
8501,21,1,0,0
8502,22,1,0,0
8503,26,1,0,0
8504,38,1,0,0
8505,73,1,0,0
8506,78,1,0,0
8507,13,1,0,0
8508,97,1,0,0
8509,47,1,0,0
8510,19,1,0,0
8511,84,1,0,0
8512,64,1,0,0
8513,122,1,0,0
8514,79,1,0,0
8515,85,1,0,0
8516,56,1,0,0
8517,27,1,0,0
8518,183,1,0,0
8519,61,1,0,0
8520,39,1,0,0
8521,116,1,0,0
8522,155,1,0,0
8523,162,1,0,0
8524,28,1,0,0
8525,219,1,0,0
8526,39,1,0,0
8527,49,1,0,0
8528,106,1,0,0
8529,62,1,0,0
8530,93,1,0,0
8531,41,1,0,0
8532,43,1,0,0
8533,98,1,0,0
8534,169,1,0,0
8535,82,1,0,0
8536,44,1,0,0
8537,57,1,0,0
8538,73,1,0,0
8539,19,1,0,0
8540,98,1,0,0
8541,45,1,0,0
8542,29,1,0,0
8543,61,1,0,0
8544,157,1,0,0
8545,17,1,0,0
8546,69,1,0,0
8547,123,1,0,0
8548,66,1,0,0
8549,21,1,0,0
8550,31,1,0,0
8551,173,1,0,0
8552,68,1,0,0
8553,18,1,0,0
8554,36,1,0,0
8555,54,1,0,0
8556,36,1,0,0
8557,68,1,0,0
8558,50,1,0,0
8559,147,1,0,0
8560,89,1,0,0
8561,43,1,0,0
8562,36,1,0,0
8563,41,1,0,0
8564,43,1,0,0
8565,25,1,0,0
8566,36,1,0,0
8567,40,1,0,0
8568,52,1,0,0
8569,129,1,0,0
8570,12,1,0,0
8571,14,1,0,0
8572,25,1,0,0
8573,18,1,0,0
8574,168,1,0,0
8575,8,1,0,0
8576,134,1,0,0
8577,52,1,0,0
8578,72,1,0,0
8579,70,1,0,0
8580,36,1,0,0
8581,18,1,0,0
8582,48,1,0,0
8583,108,1,0,0
8584,80,1,0,0
8585,56,1,0,0
8586,18,1,0,0
8587,51,1,0,0
8588,104,1,0,0
8589,7,1,0,0
8590,89,1,0,0
8591,11,1,0,0
8592,114,1,0,0
8593,256,1,0,0
8594,44,1,0,0
8595,29,1,0,0
8596,70,1,0,0
8597,69,1,0,0
8598,93,1,0,0
8599,111,1,0,0
8600,150,1,0,0
8601,48,1,0,0
8602,42,1,0,0
8603,25,1,0,0
8604,71,1,0,0
8605,34,1,0,0
8606,27,1,0,0
8607,79,1,0,0
8608,22,1,0,0
8609,58,1,0,0
8610,165,1,0,0
8611,91,1,0,0
8612,45,1,0,0
8613,84,1,0,0
8614,118,1,0,0
8615,22,1,0,0
8616,56,1,0,0
8617,80,1,0,0
8618,47,1,0,0
8619,61,1,0,0
8620,112,1,0,0
8621,72,1,0,0
8622,40,1,0,0
8623,432,1,0,0
8624,24,1,0,0
8625,126,1,0,0
8626,68,1,0,0
8627,75,1,0,0
8628,53,1,0,0
8629,26,1,0,0
8630,19,1,0,0
8631,23,1,0,0
8632,18,1,0,0
8633,185,1,0,0
8634,248,1,0,0
8635,108,1,0,0
8636,41,1,0,0
8637,65,1,0,0
8638,89,1,0,0
8639,46,1,0,0
8640,68,1,0,0
8641,51,1,0,0
8642,82,1,0,0
8643,186,1,0,0
8644,73,1,0,0
8645,68,1,0,0
8646,59,1,0,0
8647,27,1,0,0
8648,16,1,0,0
8649,125,1,0,0
8650,107,1,0,0
8651,48,1,0,0
8652,183,1,0,0
8653,202,1,0,0
8654,43,1,0,0
8655,72,1,0,0
8656,23,1,0,0
8657,30,1,0,0
8658,59,1,0,0
8659,21,1,0,0
8660,98,1,0,0
8661,23,1,0,0
8662,69,1,0,0
8663,76,1,0,0
8664,61,1,0,0
8665,68,1,0,0
8666,63,1,0,0
8667,18,1,0,0
8668,86,1,0,0
8669,29,1,0,0
8670,69,1,0,0
8671,118,1,0,0
8672,37,1,0,0
8673,28,1,0,0
8674,83,1,0,0
8675,43,1,0,0
8676,31,1,0,0
8677,39,1,0,0
8678,194,1,0,0
8679,296,1,0,0
8680,53,1,0,0
8681,40,1,0,0
8682,66,1,0,0
8683,90,1,0,0
8684,84,1,0,0
8685,125,1,0,0
8686,83,1,0,0
8687,48,1,0,0
8688,56,1,0,0
8689,47,1,0,0
8690,28,1,0,0
8691,24,1,0,0
8692,15,1,0,0
8693,203,1,0,0
8694,81,1,0,0
8695,50,1,0,0
8696,29,1,0,0
8697,86,1,0,0
8698,30,1,0,0
8699,211,1,0,0
8700,83,1,0,0
8701,54,1,0,0
8702,87,1,0,0
8703,69,1,0,0
8704,171,1,0,0
8705,50,1,0,0
8706,178,1,0,0
8707,185,1,0,0
8708,41,1,0,0
8709,169,1,0,0
8710,88,1,0,0
8711,70,1,0,0
8712,56,1,0,0
8713,40,1,0,0
8714,90,1,0,0
8715,77,1,0,0
8716,129,1,0,0
8717,145,1,0,0
8718,81,1,0,0
8719,60,1,0,0
8720,76,1,0,0
8721,42,1,0,0
8722,43,1,0,0
8723,53,1,0,0
8724,82,1,0,0
8725,27,1,0,0
8726,92,1,0,0
8727,61,1,0,0
8728,72,1,0,0
8729,58,1,0,0
8730,37,1,0,0
8731,146,1,0,0
8732,45,1,0,0
8733,28,1,0,0
8734,66,1,0,0
8735,33,1,0,0
8736,99,1,0,0
8737,96,1,0,0
8738,19,1,0,0
8739,64,1,0,0
8740,84,1,0,0
8741,30,1,0,0
8742,95,1,0,0
8743,104,1,0,0
8744,33,1,0,0
8745,99,1,0,0
8746,21,1,0,0
8747,70,1,0,0
8748,69,1,0,0
8749,114,1,0,0
8750,51,1,0,0
8751,114,1,0,0
8752,58,1,0,0
8753,73,1,0,0
8754,21,1,0,0
8755,25,1,0,0
8756,22,1,0,0
8757,266,1,0,0
8758,64,1,0,0
8759,55,1,0,0
8760,28,1,0,0
8761,45,1,0,0
8762,24,1,0,0
8763,18,1,0,0
8764,131,1,0,0
8765,61,1,0,0
8766,31,1,0,0
8767,27,1,0,0
8768,44,1,0,0
8769,134,1,0,0
8770,39,1,0,0
8771,14,1,0,0
8772,93,1,0,0
8773,48,1,0,0
8774,20,1,0,0
8775,12,1,0,0
8776,17,1,0,0
8777,26,1,0,0
8778,74,1,0,0
8779,21,1,0,0
8780,104,1,0,0
8781,27,1,0,0
8782,195,1,0,0
8783,19,1,0,0
8784,75,1,0,0
8785,27,1,0,0
8786,20,1,0,0
8787,33,1,0,0
8788,149,1,0,0
8789,23,1,0,0
8790,128,1,0,0
8791,174,1,0,0
8792,62,1,0,0
8793,51,1,0,0
8794,24,1,0,0
8795,19,1,0,0
8796,21,1,0,0
8797,54,1,0,0
8798,31,1,0,0
8799,17,1,0,0
8800,136,1,0,0
8801,45,1,0,0
8802,102,1,0,0
8803,52,1,0,0
8804,66,1,0,0
8805,54,1,0,0
8806,39,1,0,0
8807,125,1,0,0
8808,128,1,0,0
8809,35,1,0,0
8810,32,1,0,0
8811,45,1,0,0
8812,28,1,0,0
8813,94,1,0,0
8814,27,1,0,0
8815,35,1,0,0
8816,25,1,0,0
8817,19,1,0,0
8818,91,1,0,0
8819,59,1,0,0
8820,54,1,0,0
8821,60,1,0,0
8822,46,1,0,0
8823,111,1,0,0
8824,16,1,0,0
8825,71,1,0,0
8826,30,1,0,0
8827,97,1,0,0
8828,26,1,0,0
8829,26,1,0,0
8830,23,1,0,0
8831,85,1,0,0
8832,13,1,0,0
8833,94,1,0,0
8834,66,1,0,0
8835,108,1,0,0
8836,56,1,0,0
8837,35,1,0,0
8838,10,1,0,0
8839,69,1,0,0
8840,63,1,0,0
8841,12,1,0,0
8842,84,1,0,0
8843,154,1,0,0
8844,99,1,0,0
8845,73,1,0,0
8846,66,1,0,0
8847,47,1,0,0
8848,194,1,0,0
8849,112,1,0,0
8850,49,1,0,0
8851,36,1,0,0
8852,29,1,0,0
8853,52,1,0,0
8854,130,1,0,0
8855,88,1,0,0
8856,68,1,0,0
8857,120,1,0,0
8858,71,1,0,0
8859,65,1,0,0
8860,85,1,0,0
8861,30,1,0,0
8862,31,1,0,0
8863,75,1,0,0
8864,40,1,0,0
8865,28,1,0,0
8866,63,1,0,0
8867,54,1,0,0
8868,83,1,0,0
8869,35,1,0,0
8870,24,1,0,0
8871,51,1,0,0
8872,95,1,0,0
8873,55,1,0,0
8874,159,1,0,0
8875,14,1,0,0
8876,40,1,0,0
8877,156,1,0,0
8878,47,1,0,0
8879,39,1,0,0
8880,92,1,0,0
8881,87,1,0,0
8882,79,1,0,0
8883,48,1,0,0
8884,124,1,0,0
8885,29,1,0,0
8886,162,1,0,0
8887,138,1,0,0
8888,40,1,0,0
8889,35,1,0,0
8890,82,1,0,0
8891,60,1,0,0
8892,15,1,0,0
8893,175,1,0,0
8894,72,1,0,0
8895,47,1,0,0
8896,56,1,0,0
8897,72,1,0,0
8898,52,1,0,0
8899,52,1,0,0
8900,7,1,0,0
8901,17,1,0,0
8902,21,1,0,0
8903,124,1,0,0
8904,64,1,0,0
8905,19,1,0,0
8906,11,1,0,0
8907,68,1,0,0
8908,88,1,0,0
8909,51,1,0,0
8910,40,1,0,0
8911,54,1,0,0
8912,51,1,0,0
8913,37,1,0,0
8914,12,1,0,0
8915,39,1,0,0
8916,77,1,0,0
8917,87,1,0,0
8918,37,1,0,0
8919,44,1,0,0
8920,76,1,0,0
8921,66,1,0,0
8922,31,1,0,0
8923,82,1,0,0
8924,61,1,0,0
8925,225,1,0,0
8926,45,1,0,0
8927,138,1,0,0
8928,43,1,0,0
8929,167,1,0,0
8930,209,1,0,0
8931,27,1,0,0
8932,107,1,0,0
8933,72,1,0,0
8934,109,1,0,0
8935,37,1,0,0
8936,189,1,0,0
8937,56,1,0,0
8938,86,1,0,0
8939,106,1,0,0
8940,101,1,0,0
8941,40,1,0,0
8942,69,1,0,0
8943,34,1,0,0
8944,38,1,0,0
8945,63,1,0,0
8946,44,1,0,0
8947,61,1,0,0
8948,17,1,0,0
8949,124,1,0,0
8950,15,1,0,0
8951,61,1,0,0
8952,29,1,0,0
8953,34,1,0,0
8954,48,1,0,0
8955,46,1,0,0
8956,75,1,0,0
8957,53,1,0,0
8958,29,1,0,0
8959,194,1,0,0
8960,55,1,0,0
8961,61,1,0,0
8962,53,1,0,0
8963,126,1,0,0
8964,42,1,0,0
8965,62,1,0,0
8966,49,1,0,0
8967,40,1,0,0
8968,7,1,0,0
8969,30,1,0,0
8970,83,1,0,0
8971,109,1,0,0
8972,42,1,0,0
8973,78,1,0,0
8974,52,1,0,0
8975,242,1,0,0
8976,55,1,0,0
8977,30,1,0,0
8978,58,1,0,0
8979,95,1,0,0
8980,17,1,0,0
8981,68,1,0,0
8982,57,1,0,0
8983,119,1,0,0
8984,101,1,0,0
8985,142,1,0,0
8986,7,1,0,0
8987,256,1,0,0
8988,86,1,0,0
8989,108,1,0,0
8990,56,1,0,0
8991,54,1,0,0
8992,303,1,0,0
8993,73,1,0,0
8994,138,1,0,0
8995,90,1,0,0
8996,63,1,0,0
8997,57,1,0,0
8998,73,1,0,0
8999,41,1,0,0
9000,57,1,0,0
9001,77,1,0,0
9002,57,1,0,0
9003,83,1,0,0
9004,82,1,0,0
9005,48,1,0,0
9006,40,1,0,0
9007,87,1,0,0
9008,49,1,0,0
9009,70,1,0,0
9010,93,1,0,0
9011,71,1,0,0
9012,9,1,0,0
9013,45,1,0,0
9014,29,1,0,0
9015,37,1,0,0
9016,176,1,0,0
9017,92,1,0,0
9018,20,1,0,0
9019,32,1,0,0
9020,128,1,0,0
9021,99,1,0,0
9022,169,1,0,0
9023,89,1,0,0
9024,65,1,0,0
9025,49,1,0,0
9026,17,1,0,0
9027,37,1,0,0
9028,29,1,0,0
9029,22,1,0,0
9030,43,1,0,0
9031,58,1,0,0
9032,32,1,0,0
9033,54,1,0,0
9034,15,1,0,0
9035,67,1,0,0
9036,43,1,0,0
9037,145,1,0,0
9038,14,1,0,0
9039,43,1,0,0
9040,49,1,0,0
9041,45,1,0,0
9042,45,1,0,0
9043,69,1,0,0
9044,67,1,0,0
9045,145,1,0,0
9046,30,1,0,0
9047,48,1,0,0
9048,130,1,0,0
9049,32,1,0,0
9050,25,1,0,0
9051,82,1,0,0
9052,28,1,0,0
9053,20,1,0,0
9054,200,1,0,0
9055,59,1,0,0
9056,60,1,0,0
9057,127,1,0,0
9058,74,1,0,0
9059,62,1,0,0
9060,41,1,0,0
9061,91,1,0,0
9062,190,1,0,0
9063,28,1,0,0
9064,115,1,0,0
9065,33,1,0,0
9066,62,1,0,0
9067,116,1,0,0
9068,58,1,0,0
9069,21,1,0,0
9070,37,1,0,0
9071,21,1,0,0
9072,87,1,0,0
9073,183,1,0,0
9074,48,1,0,0
9075,29,1,0,0
9076,50,1,0,0
9077,44,1,0,0
9078,11,1,0,0
9079,29,1,0,0
9080,42,1,0,0
9081,25,1,0,0
9082,89,1,0,0
9083,107,1,0,0
9084,76,1,0,0
9085,59,1,0,0
9086,113,1,0,0
9087,48,1,0,0
9088,20,1,0,0
9089,110,1,0,0
9090,79,1,0,0
9091,56,1,0,0
9092,76,1,0,0
9093,46,1,0,0
9094,173,1,0,0
9095,16,1,0,0
9096,29,1,0,0
9097,126,1,0,0
9098,8,1,0,0
9099,66,1,0,0
9100,169,1,0,0
9101,103,1,0,0
9102,213,1,0,0
9103,52,1,0,0
9104,140,1,0,0
9105,148,1,0,0
9106,56,1,0,0
9107,144,1,0,0
9108,23,1,0,0
9109,78,1,0,0
9110,55,1,0,0
9111,36,1,0,0
9112,20,1,0,0
9113,31,1,0,0
9114,45,1,0,0
9115,161,1,0,0
9116,62,1,0,0
9117,82,1,0,0
9118,119,1,0,0
9119,71,1,0,0
9120,47,1,0,0
9121,240,1,0,0
9122,97,1,0,0
9123,40,1,0,0
9124,45,1,0,0
9125,34,1,0,0
9126,83,1,0,0
9127,92,1,0,0
9128,44,1,0,0
9129,125,1,0,0
9130,21,1,0,0
9131,24,1,0,0
9132,39,1,0,0
9133,73,1,0,0
9134,77,1,0,0
9135,194,1,0,0
9136,25,1,0,0
9137,41,1,0,0
9138,132,1,0,0
9139,123,1,0,0
9140,84,1,0,0
9141,221,1,0,0
9142,97,1,0,0
9143,29,1,0,0
9144,40,1,0,0
9145,88,1,0,0
9146,50,1,0,0
9147,79,1,0,0
9148,15,1,0,0
9149,50,1,0,0
9150,56,1,0,0
9151,71,1,0,0
9152,55,1,0,0
9153,138,1,0,0
9154,44,1,0,0
9155,47,1,0,0
9156,32,1,0,0
9157,42,1,0,0
9158,57,1,0,0
9159,61,1,0,0
9160,57,1,0,0
9161,38,1,0,0
9162,74,1,0,0
9163,90,1,0,0
9164,113,1,0,0
9165,34,1,0,0
9166,32,1,0,0
9167,75,1,0,0
9168,21,1,0,0
9169,19,1,0,0
9170,97,1,0,0
9171,127,1,0,0
9172,128,1,0,0
9173,79,1,0,0
9174,113,1,0,0
9175,128,1,0,0
9176,56,1,0,0
9177,14,1,0,0
9178,56,1,0,0
9179,65,1,0,0
9180,99,1,0,0
9181,55,1,0,0
9182,33,1,0,0
9183,79,1,0,0
9184,64,1,0,0
9185,41,1,0,0
9186,55,1,0,0
9187,72,1,0,0
9188,12,1,0,0
9189,97,1,0,0
9190,64,1,0,0
9191,50,1,0,0
9192,29,1,0,0
9193,70,1,0,0
9194,41,1,0,0
9195,95,1,0,0
9196,206,1,0,0
9197,71,1,0,0
9198,31,1,0,0
9199,78,1,0,0
9200,24,1,0,0
9201,39,1,0,0
9202,64,1,0,0
9203,105,1,0,0
9204,39,1,0,0
9205,19,1,0,0
9206,43,1,0,0
9207,45,1,0,0
9208,20,1,0,0
9209,179,1,0,0
9210,119,1,0,0
9211,78,1,0,0
9212,159,1,0,0
9213,165,1,0,0
9214,23,1,0,0
9215,22,1,0,0
9216,72,1,0,0
9217,83,1,0,0
9218,97,1,0,0
9219,117,1,0,0
9220,30,1,0,0
9221,173,1,0,0
9222,72,1,0,0
9223,184,1,0,0
9224,82,1,0,0
9225,42,1,0,0
9226,73,1,0,0
9227,74,1,0,0
9228,60,1,0,0
9229,59,1,0,0
9230,62,1,0,0
9231,114,1,0,0
9232,46,1,0,0
9233,50,1,0,0
9234,11,1,0,0
9235,223,1,0,0
9236,37,1,0,0
9237,112,1,0,0
9238,85,1,0,0
9239,115,1,0,0
9240,37,1,0,0
9241,278,1,0,0
9242,11,1,0,0
9243,101,1,0,0
9244,77,1,0,0
9245,29,1,0,0
9246,14,1,0,0
9247,56,1,0,0
9248,17,1,0,0
9249,164,1,0,0
9250,33,1,0,0
9251,51,1,0,0
9252,30,1,0,0
9253,30,1,0,0
9254,30,1,0,0
9255,26,1,0,0
9256,120,1,0,0
9257,37,1,0,0
9258,114,1,0,0
9259,106,1,0,0
9260,69,1,0,0
9261,73,1,0,0
9262,108,1,0,0
9263,53,1,0,0
9264,208,1,0,0
9265,27,1,0,0
9266,40,1,0,0
9267,179,1,0,0
9268,79,1,0,0
9269,14,1,0,0
9270,49,1,0,0
9271,124,1,0,0
9272,112,1,0,0
9273,43,1,0,0
9274,20,1,0,0
9275,123,1,0,0
9276,155,1,0,0
9277,43,1,0,0
9278,80,1,0,0
9279,14,1,0,0
9280,29,1,0,0
9281,159,1,0,0
9282,73,1,0,0
9283,131,1,0,0
9284,29,1,0,0
9285,113,1,0,0
9286,76,1,0,0
9287,96,1,0,0
9288,20,1,0,0
9289,19,1,0,0
9290,44,1,0,0
9291,61,1,0,0
9292,38,1,0,0
9293,10,1,0,0
9294,90,1,0,0
9295,50,1,0,0
9296,29,1,0,0
9297,20,1,0,0
9298,70,1,0,0
9299,54,1,0,0
9300,45,1,0,0
9301,16,1,0,0
9302,70,1,0,0
9303,25,1,0,0
9304,41,1,0,0
9305,99,1,0,0
9306,143,1,0,0
9307,41,1,0,0
9308,152,1,0,0
9309,22,1,0,0
9310,118,1,0,0
9311,23,1,0,0
9312,23,1,0,0
9313,66,1,0,0
9314,161,1,0,0
9315,26,1,0,0
9316,64,1,0,0
9317,48,1,0,0
9318,49,1,0,0
9319,89,1,0,0
9320,44,1,0,0
9321,49,1,0,0
9322,7,1,0,0
9323,149,1,0,0
9324,56,1,0,0
9325,61,1,0,0
9326,90,1,0,0
9327,206,1,0,0
9328,31,1,0,0
9329,11,1,0,0
9330,58,1,0,0
9331,27,1,0,0
9332,35,1,0,0
9333,60,1,0,0
9334,134,1,0,0
9335,141,1,0,0
9336,40,1,0,0
9337,26,1,0,0
9338,26,1,0,0
9339,19,1,0,0
9340,29,1,0,0
9341,315,1,0,0
9342,68,1,0,0
9343,99,1,0,0
9344,43,1,0,0
9345,48,1,0,0
9346,50,1,0,0
9347,30,1,0,0
9348,85,1,0,0
9349,104,1,0,0
9350,191,1,0,0
9351,85,1,0,0
9352,50,1,0,0
9353,14,1,0,0
9354,31,1,0,0
9355,36,1,0,0
9356,52,1,0,0
9357,11,1,0,0
9358,12,1,0,0
9359,51,1,0,0
9360,17,1,0,0
9361,47,1,0,0
9362,117,1,0,0
9363,18,1,0,0
9364,24,1,0,0
9365,90,1,0,0
9366,48,1,0,0
9367,14,1,0,0
9368,99,1,0,0
9369,18,1,0,0
9370,14,1,0,0
9371,122,1,0,0
9372,50,1,0,0
9373,58,1,0,0
9374,39,1,0,0
9375,44,1,0,0
9376,78,1,0,0
9377,197,1,0,0
9378,92,1,0,0
9379,29,1,0,0
9380,85,1,0,0
9381,83,1,0,0
9382,107,1,0,0
9383,67,1,0,0
9384,128,1,0,0
9385,62,1,0,0
9386,56,1,0,0
9387,22,1,0,0
9388,92,1,0,0
9389,53,1,0,0
9390,26,1,0,0
9391,52,1,0,0
9392,158,1,0,0
9393,271,1,0,0
9394,195,1,0,0
9395,52,1,0,0
9396,19,1,0,0
9397,128,1,0,0
9398,16,1,0,0
9399,53,1,0,0
9400,109,1,0,0
9401,159,1,0,0
9402,121,1,0,0
9403,48,1,0,0
9404,167,1,0,0
9405,86,1,0,0
9406,63,1,0,0
9407,21,1,0,0
9408,23,1,0,0
9409,98,1,0,0
9410,26,1,0,0
9411,91,1,0,0
9412,48,1,0,0
9413,25,1,0,0
9414,46,1,0,0
9415,73,1,0,0
9416,91,1,0,0
9417,44,1,0,0
9418,62,1,0,0
9419,311,1,0,0
9420,48,1,0,0
9421,28,1,0,0
9422,13,1,0,0
9423,62,1,0,0
9424,78,1,0,0
9425,30,1,0,0
9426,143,1,0,0
9427,83,1,0,0
9428,67,1,0,0
9429,38,1,0,0
9430,42,1,0,0
9431,20,1,0,0
9432,102,1,0,0
9433,15,1,0,0
9434,93,1,0,0
9435,52,1,0,0
9436,17,1,0,0
9437,189,1,0,0
9438,17,1,0,0
9439,69,1,0,0
9440,85,1,0,0
9441,39,1,0,0
9442,39,1,0,0
9443,62,1,0,0
9444,41,1,0,0
9445,36,1,0,0
9446,59,1,0,0
9447,62,1,0,0
9448,63,1,0,0
9449,45,1,0,0
9450,97,1,0,0
9451,58,1,0,0
9452,38,1,0,0
9453,140,1,0,0
9454,241,1,0,0
9455,44,1,0,0
9456,45,1,0,0
9457,54,1,0,0
9458,37,1,0,0
9459,75,1,0,0
9460,104,1,0,0
9461,29,1,0,0
9462,32,1,0,0
9463,69,1,0,0
9464,31,1,0,0
9465,125,1,0,0
9466,69,1,0,0
9467,38,1,0,0
9468,52,1,0,0
9469,36,1,0,0
9470,23,1,0,0
9471,31,1,0,0
9472,82,1,0,0
9473,38,1,0,0
9474,27,1,0,0
9475,44,1,0,0
9476,100,1,0,0
9477,47,1,0,0
9478,21,1,0,0
9479,48,1,0,0
9480,12,1,0,0
9481,36,1,0,0
9482,43,1,0,0
9483,54,1,0,0
9484,53,1,0,0
9485,69,1,0,0
9486,20,1,0,0
9487,22,1,0,0
9488,30,1,0,0
9489,25,1,0,0
9490,121,1,0,0
9491,150,1,0,0
9492,85,1,0,0
9493,60,1,0,0
9494,26,1,0,0
9495,32,1,0,0
9496,139,1,0,0
9497,58,1,0,0
9498,121,1,0,0
9499,64,1,0,0
9500,36,1,0,0
9501,58,1,0,0
9502,92,1,0,0
9503,46,1,0,0
9504,15,1,0,0
9505,97,1,0,0
9506,129,1,0,0
9507,81,1,0,0
9508,48,1,0,0
9509,27,1,0,0
9510,93,1,0,0
9511,72,1,0,0
9512,45,1,0,0
9513,50,1,0,0
9514,113,1,0,0
9515,34,1,0,0
9516,103,1,0,0
9517,30,1,0,0
9518,95,1,0,0
9519,96,1,0,0
9520,35,1,0,0
9521,74,1,0,0
9522,137,1,0,0
9523,50,1,0,0
9524,67,1,0,0
9525,12,1,0,0
9526,58,1,0,0
9527,31,1,0,0
9528,9,1,0,0
9529,63,1,0,0
9530,48,1,0,0
9531,38,1,0,0
9532,54,1,0,0
9533,86,1,0,0
9534,12,1,0,0
9535,16,1,0,0
9536,210,1,0,0
9537,74,1,0,0
9538,42,1,0,0
9539,73,1,0,0
9540,58,1,0,0
9541,115,1,0,0
9542,21,1,0,0
9543,102,1,0,0
9544,28,1,0,0
9545,17,1,0,0
9546,25,1,0,0
9547,96,1,0,0
9548,114,1,0,0
9549,62,1,0,0
9550,79,1,0,0
9551,67,1,0,0
9552,22,1,0,0
9553,174,1,0,0
9554,115,1,0,0
9555,44,1,0,0
9556,136,1,0,0
9557,13,1,0,0
9558,37,1,0,0
9559,151,1,0,0
9560,80,1,0,0
9561,79,1,0,0
9562,83,1,0,0
9563,184,1,0,0
9564,163,1,0,0
9565,23,1,0,0
9566,97,1,0,0
9567,25,1,0,0
9568,20,1,0,0
9569,30,1,0,0
9570,13,1,0,0
9571,227,1,0,0
9572,58,1,0,0
9573,45,1,0,0
9574,95,1,0,0
9575,43,1,0,0
9576,59,1,0,0
9577,69,1,0,0
9578,23,1,0,0
9579,123,1,0,0
9580,84,1,0,0
9581,289,1,0,0
9582,159,1,0,0
9583,54,1,0,0
9584,35,1,0,0
9585,67,1,0,0
9586,122,1,0,0
9587,74,1,0,0
9588,79,1,0,0
9589,42,1,0,0
9590,51,1,0,0
9591,64,1,0,0
9592,39,1,0,0
9593,113,1,0,0
9594,76,1,0,0
9595,73,1,0,0
9596,17,1,0,0
9597,217,1,0,0
9598,49,1,0,0
9599,133,1,0,0
9600,129,1,0,0
9601,73,1,0,0
9602,60,1,0,0
9603,63,1,0,0
9604,90,1,0,0
9605,98,1,0,0
9606,122,1,0,0
9607,69,1,0,0
9608,30,1,0,0
9609,29,1,0,0
9610,114,1,0,0
9611,18,1,0,0
9612,72,1,0,0
9613,52,1,0,0
9614,26,1,0,0
9615,85,1,0,0
9616,68,1,0,0
9617,70,1,0,0
9618,24,1,0,0
9619,37,1,0,0
9620,85,1,0,0
9621,63,1,0,0
9622,228,1,0,0
9623,83,1,0,0
9624,46,1,0,0
9625,57,1,0,0
9626,55,1,0,0
9627,71,1,0,0
9628,15,1,0,0
9629,142,1,0,0
9630,64,1,0,0
9631,45,1,0,0
9632,64,1,0,0
9633,45,1,0,0
9634,27,1,0,0
9635,63,1,0,0
9636,53,1,0,0
9637,71,1,0,0
9638,31,1,0,0
9639,12,1,0,0
9640,49,1,0,0
9641,80,1,0,0
9642,43,1,0,0
9643,158,1,0,0
9644,105,1,0,0
9645,107,1,0,0
9646,16,1,0,0
9647,65,1,0,0
9648,114,1,0,0
9649,122,1,0,0
9650,17,1,0,0
9651,108,1,0,0
9652,65,1,0,0
9653,57,1,0,0
9654,148,1,0,0
9655,43,1,0,0
9656,41,1,0,0
9657,46,1,0,0
9658,22,1,0,0
9659,148,1,0,0
9660,22,1,0,0
9661,25,1,0,0
9662,64,1,0,0
9663,145,1,0,0
9664,155,1,0,0
9665,84,1,0,0
9666,255,1,0,0
9667,93,1,0,0
9668,94,1,0,0
9669,27,1,0,0
9670,70,1,0,0
9671,38,1,0,0
9672,32,1,0,0
9673,35,1,0,0
9674,92,1,0,0
9675,89,1,0,0
9676,127,1,0,0
9677,30,1,0,0
9678,72,1,0,0
9679,17,1,0,0
9680,56,1,0,0
9681,16,1,0,0
9682,134,1,0,0
9683,97,1,0,0
9684,102,1,0,0
9685,46,1,0,0
9686,121,1,0,0
9687,54,1,0,0
9688,69,1,0,0
9689,64,1,0,0
9690,35,1,0,0
9691,46,1,0,0
9692,27,1,0,0
9693,104,1,0,0
9694,50,1,0,0
9695,172,1,0,0
9696,68,1,0,0
9697,72,1,0,0
9698,49,1,0,0
9699,108,1,0,0
9700,110,1,0,0
9701,55,1,0,0
9702,122,1,0,0
9703,15,1,0,0
9704,167,1,0,0
9705,29,1,0,0
9706,74,1,0,0
9707,123,1,0,0
9708,37,1,0,0
9709,43,1,0,0
9710,61,1,0,0
9711,40,1,0,0
9712,24,1,0,0
9713,100,1,0,0
9714,102,1,0,0
9715,112,1,0,0
9716,42,1,0,0
9717,53,1,0,0
9718,163,1,0,0
9719,30,1,0,0
9720,78,1,0,0
9721,39,1,0,0
9722,15,1,0,0
9723,46,1,0,0
9724,25,1,0,0
9725,15,1,0,0
9726,58,1,0,0
9727,37,1,0,0
9728,96,1,0,0
9729,39,1,0,0
9730,29,1,0,0
9731,53,1,0,0
9732,97,1,0,0
9733,33,1,0,0
9734,14,1,0,0
9735,71,1,0,0
9736,85,1,0,0
9737,74,1,0,0
9738,83,1,0,0
9739,54,1,0,0
9740,15,1,0,0
9741,41,1,0,0
9742,70,1,0,0
9743,94,1,0,0
9744,44,1,0,0
9745,64,1,0,0
9746,41,1,0,0
9747,36,1,0,0
9748,101,1,0,0
9749,82,1,0,0
9750,21,1,0,0
9751,14,1,0,0
9752,65,1,0,0
9753,37,1,0,0
9754,147,1,0,0
9755,67,1,0,0
9756,71,1,0,0
9757,20,1,0,0
9758,58,1,0,0
9759,23,1,0,0
9760,56,1,0,0
9761,129,1,0,0
9762,17,1,0,0
9763,41,1,0,0
9764,127,1,0,0
9765,46,1,0,0
9766,102,1,0,0
9767,95,1,0,0
9768,10,1,0,0
9769,47,1,0,0
9770,40,1,0,0
9771,109,1,0,0
9772,228,1,0,0
9773,129,1,0,0
9774,118,1,0,0
9775,55,1,0,0
9776,70,1,0,0
9777,74,1,0,0
9778,116,1,0,0
9779,43,1,0,0
9780,150,1,0,0
9781,25,1,0,0
9782,89,1,0,0
9783,40,1,0,0
9784,27,1,0,0
9785,108,1,0,0
9786,248,1,0,0
9787,50,1,0,0
9788,36,1,0,0
9789,56,1,0,0
9790,93,1,0,0
9791,18,1,0,0
9792,148,1,0,0
9793,31,1,0,0
9794,74,1,0,0
9795,143,1,0,0
9796,179,1,0,0
9797,19,1,0,0
9798,61,1,0,0
9799,109,1,0,0
9800,62,1,0,0
9801,157,1,0,0
9802,88,1,0,0
9803,59,1,0,0
9804,119,1,0,0
9805,140,1,0,0
9806,99,1,0,0
9807,24,1,0,0
9808,67,1,0,0
9809,18,1,0,0
9810,74,1,0,0
9811,89,1,0,0
9812,104,1,0,0
9813,115,1,0,0
9814,29,1,0,0
9815,52,1,0,0
9816,14,1,0,0
9817,72,1,0,0
9818,37,1,0,0
9819,17,1,0,0
9820,110,1,0,0
9821,84,1,0,0
9822,25,1,0,0
9823,38,1,0,0
9824,107,1,0,0
9825,105,1,0,0
9826,7,1,0,0
9827,50,1,0,0
9828,21,1,0,0
9829,29,1,0,0
9830,27,1,0,0
9831,48,1,0,0
9832,151,1,0,0
9833,40,1,0,0
9834,28,1,0,0
9835,48,1,0,0
9836,75,1,0,0
9837,49,1,0,0
9838,77,1,0,0
9839,88,1,0,0
9840,24,1,0,0
9841,50,1,0,0
9842,68,1,0,0
9843,39,1,0,0
9844,66,1,0,0
9845,94,1,0,0
9846,62,1,0,0
9847,41,1,0,0
9848,47,1,0,0
9849,61,1,0,0
9850,128,1,0,0
9851,21,1,0,0
9852,16,1,0,0
9853,48,1,0,0
9854,72,1,0,0
9855,41,1,0,0
9856,78,1,0,0
9857,69,1,0,0
9858,48,1,0,0
9859,17,1,0,0
9860,21,1,0,0
9861,154,1,0,0
9862,46,1,0,0
9863,20,1,0,0
9864,15,1,0,0
9865,278,1,0,0
9866,45,1,0,0
9867,29,1,0,0
9868,17,1,0,0
9869,28,1,0,0
9870,81,1,0,0
9871,167,1,0,0
9872,161,1,0,0
9873,21,1,0,0
9874,83,1,0,0
9875,51,1,0,0
9876,50,1,0,0
9877,136,1,0,0
9878,59,1,0,0
9879,17,1,0,0
9880,248,1,0,0
9881,112,1,0,0
9882,47,1,0,0
9883,85,1,0,0
9884,76,1,0,0
9885,21,1,0,0
9886,91,1,0,0
9887,32,1,0,0
9888,43,1,0,0
9889,51,1,0,0
9890,34,1,0,0
9891,50,1,0,0
9892,47,1,0,0
9893,41,1,0,0
9894,11,1,0,0
9895,71,1,0,0
9896,111,1,0,0
9897,73,1,0,0
9898,42,1,0,0
9899,217,1,0,0
9900,145,1,0,0
9901,48,1,0,0
9902,172,1,0,0
9903,144,1,0,0
9904,28,1,0,0
9905,124,1,0,0
9906,76,1,0,0
9907,89,1,0,0
9908,20,1,0,0
9909,41,1,0,0
9910,22,1,0,0
9911,25,1,0,0
9912,109,1,0,0
9913,23,1,0,0
9914,50,1,0,0
9915,35,1,0,0
9916,19,1,0,0
9917,30,1,0,0
9918,78,1,0,0
9919,166,1,0,0
9920,36,1,0,0
9921,48,1,0,0
9922,174,1,0,0
9923,29,1,0,0
9924,61,1,0,0
9925,19,1,0,0
9926,46,1,0,0
9927,163,1,0,0
9928,95,1,0,0
9929,51,1,0,0
9930,65,1,0,0
9931,70,1,0,0
9932,89,1,0,0
9933,97,1,0,0
9934,85,1,0,0
9935,23,1,0,0
9936,187,1,0,0
9937,28,1,0,0
9938,30,1,0,0
9939,44,1,0,0
9940,32,1,0,0
9941,16,1,0,0
9942,102,1,0,0
9943,78,1,0,0
9944,103,1,0,0
9945,60,1,0,0
9946,43,1,0,0
9947,23,1,0,0
9948,34,1,0,0
9949,21,1,0,0
9950,14,1,0,0
9951,90,1,0,0
9952,74,1,0,0
9953,103,1,0,0
9954,114,1,0,0
9955,95,1,0,0
9956,32,1,0,0
9957,62,1,0,0
9958,73,1,0,0
9959,113,1,0,0
9960,92,1,0,0
9961,28,1,0,0
9962,16,1,0,0
9963,17,1,0,0
9964,43,1,0,0
9965,25,1,0,0
9966,42,1,0,0
9967,92,1,0,0
9968,30,1,0,0
9969,14,1,0,0
9970,33,1,0,0
9971,229,1,0,0
9972,71,1,0,0
9973,65,1,0,0
9974,51,1,0,0
9975,104,1,0,0
9976,89,1,0,0
9977,65,1,0,0
9978,54,1,0,0
9979,27,1,0,0
9980,113,1,0,0
9981,39,1,0,0
9982,24,1,0,0
9983,36,1,0,0
9984,70,1,0,0
9985,19,1,0,0
9986,96,1,0,0
9987,49,1,0,0
9988,32,1,0,0
9989,133,1,0,0
9990,94,1,0,0
9991,82,1,0,0
9992,111,1,0,0
9993,48,1,0,0
9994,139,1,0,0
9995,98,1,0,0
9996,115,1,0,0
9997,106,1,0,0
9998,116,1,0,0
9999,167,1,0,0
